time,province,city,temperature,temp_min,temp_max,humidity,feels_like,visibility,precipitation,cloudcover,wind_speed,wind_gust,wind_direction,pressure,is_day,weather_code,weather_main,weather_description,weather_icon
2025-07-18 01:20:44,Ca Mau,Ca Mau,25.92,25.92,25.92,90.0,26.92,10000.0,0.0,100.0,1.19,4.7,288.0,1008.0,0,804,Clouds,overcast clouds,04n
2025-07-18 01:22:40,Ca Mau,Ca Mau,25.92,25.92,25.92,90.0,26.92,10000.0,0.0,100.0,1.19,4.7,288.0,1008.0,0,804,Clouds,overcast clouds,04n
2025-07-18 01:24:34,Ca Mau,Ca Mau,25.92,25.92,25.92,90.0,26.92,10000.0,0.0,100.0,1.19,4.7,288.0,1008.0,0,804,Clouds,overcast clouds,04n
2025-07-18 01:26:29,Ca Mau,Ca Mau,26.38,26.38,26.38,89.0,26.38,10000.0,0.0,100.0,1.19,4.7,288.0,1008.0,0,804,Clouds,overcast clouds,04n
2025-07-18 01:28:25,Ca Mau,Ca Mau,26.38,26.38,26.38,89.0,26.38,10000.0,0.0,100.0,1.19,4.7,288.0,1008.0,0,804,Clouds,overcast clouds,04n
2025-07-18 01:30:21,Ca Mau,Ca Mau,26.38,26.38,26.38,89.0,26.38,10000.0,0.0,100.0,1.19,4.7,288.0,1008.0,0,804,Clouds,overcast clouds,04n
2025-07-18 01:32:18,Ca Mau,Ca Mau,26.36,26.36,26.36,89.0,26.36,10000.0,0.0,100.0,0.85,0.77,297.0,1007.0,0,804,Clouds,overcast clouds,04n
2025-07-18 01:34:15,Ca Mau,Ca Mau,26.36,26.36,26.36,89.0,26.36,10000.0,0.0,100.0,0.85,0.77,297.0,1007.0,0,804,Clouds,overcast clouds,04n
2025-07-18 01:36:09,Ca Mau,Ca Mau,26.38,26.38,26.38,89.0,26.38,10000.0,0.0,100.0,1.19,4.7,288.0,1008.0,0,804,Clouds,overcast clouds,04n
2025-07-18 01:38:05,Ca Mau,Ca Mau,26.36,26.36,26.36,89.0,26.36,10000.0,0.0,100.0,0.85,0.77,297.0,1007.0,0,804,Clouds,overcast clouds,04n
2025-07-18 01:39:59,Ca Mau,Ca Mau,26.36,26.36,26.36,89.0,26.36,10000.0,0.0,100.0,0.85,0.77,297.0,1007.0,0,804,Clouds,overcast clouds,04n
2025-07-18 01:41:57,Ca Mau,Ca Mau,26.36,26.36,26.36,89.0,26.36,10000.0,0.0,100.0,0.85,0.77,297.0,1007.0,0,804,Clouds,overcast clouds,04n
2025-07-18 01:43:52,Ca Mau,Ca Mau,26.36,26.36,26.36,89.0,26.36,10000.0,0.0,100.0,0.85,0.77,297.0,1007.0,0,804,Clouds,overcast clouds,04n
2025-07-18 01:45:47,Ca Mau,Ca Mau,26.36,26.36,26.36,89.0,26.36,10000.0,0.0,100.0,0.85,0.77,297.0,1007.0,0,804,Clouds,overcast clouds,04n
2025-07-18 01:47:42,Ca Mau,Ca Mau,26.37,26.37,26.37,89.0,26.37,10000.0,0.0,100.0,0.85,0.77,297.0,1007.0,0,804,Clouds,overcast clouds,04n
2025-07-18 01:49:39,Ca Mau,Ca Mau,26.37,26.37,26.37,89.0,26.37,10000.0,0.0,100.0,0.85,0.77,297.0,1007.0,0,804,Clouds,overcast clouds,04n
2025-07-18 01:51:34,Ca Mau,Ca Mau,26.37,26.37,26.37,89.0,26.37,10000.0,0.0,100.0,0.85,0.77,297.0,1007.0,0,804,Clouds,overcast clouds,04n
2025-07-18 01:53:29,Ca Mau,Ca Mau,26.37,26.37,26.37,89.0,26.37,10000.0,0.0,100.0,0.85,0.77,297.0,1007.0,0,804,Clouds,overcast clouds,04n
2025-07-18 01:55:23,Ca Mau,Ca Mau,26.37,26.37,26.37,89.0,26.37,10000.0,0.0,100.0,0.85,0.77,297.0,1007.0,0,804,Clouds,overcast clouds,04n
2025-07-18 01:57:18,Ca Mau,Ca Mau,26.37,26.37,26.37,89.0,26.37,10000.0,0.0,100.0,0.85,0.77,297.0,1007.0,0,804,Clouds,overcast clouds,04n
2025-07-18 01:59:12,Ca Mau,Ca Mau,26.37,26.37,26.37,89.0,26.37,10000.0,0.0,100.0,0.85,0.77,297.0,1007.0,0,804,Clouds,overcast clouds,04n
2025-07-18 02:03:00,Ca Mau,Ca Mau,26.37,26.37,26.37,89.0,26.37,10000.0,0.0,100.0,0.85,0.77,297.0,1007.0,0,804,Clouds,overcast clouds,04n
2025-07-18 02:04:55,Ca Mau,Ca Mau,26.37,26.37,26.37,89.0,26.37,10000.0,0.0,100.0,0.85,0.77,297.0,1007.0,0,804,Clouds,overcast clouds,04n
2025-07-18 02:06:52,Ca Mau,Ca Mau,26.36,26.36,26.36,89.0,26.36,10000.0,0.0,100.0,0.85,0.77,297.0,1007.0,0,804,Clouds,overcast clouds,04n
2025-07-18 02:08:48,Ca Mau,Ca Mau,26.36,26.36,26.36,89.0,26.36,10000.0,0.0,100.0,0.85,0.77,297.0,1007.0,0,804,Clouds,overcast clouds,04n
2025-07-18 02:10:44,Ca Mau,Ca Mau,26.36,26.36,26.36,89.0,26.36,10000.0,0.0,100.0,0.85,0.77,297.0,1007.0,0,804,Clouds,overcast clouds,04n
2025-07-18 02:12:39,Ca Mau,Ca Mau,26.36,26.36,26.36,89.0,26.36,10000.0,0.0,100.0,0.85,0.77,297.0,1007.0,0,804,Clouds,overcast clouds,04n
2025-07-18 02:14:33,Ca Mau,Ca Mau,26.36,26.36,26.36,89.0,26.36,10000.0,0.0,100.0,0.85,0.77,297.0,1007.0,0,804,Clouds,overcast clouds,04n
2025-07-18 02:16:29,Ca Mau,Ca Mau,26.36,26.36,26.36,89.0,26.36,10000.0,0.0,100.0,0.85,0.77,297.0,1007.0,0,804,Clouds,overcast clouds,04n
2025-07-18 02:18:25,Ca Mau,Ca Mau,26.36,26.36,26.36,89.0,26.36,10000.0,0.0,100.0,0.85,0.77,297.0,1007.0,0,804,Clouds,overcast clouds,04n
2025-07-18 02:20:21,Ca Mau,Ca Mau,26.36,26.36,26.36,89.0,26.36,10000.0,0.0,100.0,0.85,0.77,297.0,1007.0,0,804,Clouds,overcast clouds,04n
2025-07-18 02:22:15,Ca Mau,Ca Mau,26.36,26.36,26.36,89.0,26.36,10000.0,0.0,100.0,0.85,0.77,297.0,1007.0,0,804,Clouds,overcast clouds,04n
2025-07-18 02:24:10,Ca Mau,Ca Mau,26.36,26.36,26.36,89.0,26.36,10000.0,0.0,100.0,0.85,0.77,297.0,1007.0,0,804,Clouds,overcast clouds,04n
2025-07-18 02:26:05,Ca Mau,Ca Mau,26.36,26.36,26.36,89.0,26.36,10000.0,0.0,100.0,0.85,0.77,297.0,1007.0,0,804,Clouds,overcast clouds,04n
2025-07-18 02:28:01,Ca Mau,Ca Mau,26.36,26.36,26.36,89.0,26.36,10000.0,0.0,100.0,0.85,0.77,297.0,1007.0,0,804,Clouds,overcast clouds,04n
2025-07-18 02:29:55,Ca Mau,Ca Mau,26.36,26.36,26.36,89.0,26.36,10000.0,0.0,100.0,0.85,0.77,297.0,1007.0,0,804,Clouds,overcast clouds,04n
2025-07-18 02:31:51,Ca Mau,Ca Mau,26.36,26.36,26.36,89.0,26.36,10000.0,0.0,100.0,0.85,0.77,297.0,1007.0,0,804,Clouds,overcast clouds,04n
2025-07-18 02:33:46,Ca Mau,Ca Mau,26.21,26.21,26.21,89.0,26.21,10000.0,0.0,100.0,1.06,1.09,273.0,1007.0,0,804,Clouds,overcast clouds,04n
2025-07-18 02:35:40,Ca Mau,Ca Mau,26.21,26.21,26.21,89.0,26.21,10000.0,0.0,100.0,1.06,1.09,273.0,1007.0,0,804,Clouds,overcast clouds,04n
2025-07-18 02:37:35,Ca Mau,Ca Mau,26.21,26.21,26.21,89.0,26.21,10000.0,0.0,100.0,1.06,1.09,273.0,1007.0,0,804,Clouds,overcast clouds,04n
2025-07-18 02:39:29,Ca Mau,Ca Mau,26.21,26.21,26.21,89.0,26.21,10000.0,0.0,100.0,1.06,1.09,273.0,1007.0,0,804,Clouds,overcast clouds,04n
2025-07-18 02:41:26,Ca Mau,Ca Mau,26.21,26.21,26.21,89.0,26.21,10000.0,0.0,100.0,1.06,1.09,273.0,1007.0,0,804,Clouds,overcast clouds,04n
2025-07-18 02:43:20,Ca Mau,Ca Mau,26.21,26.21,26.21,89.0,26.21,10000.0,0.0,100.0,1.06,1.09,273.0,1007.0,0,804,Clouds,overcast clouds,04n
2025-07-18 02:45:16,Ca Mau,Ca Mau,26.21,26.21,26.21,89.0,26.21,10000.0,0.0,100.0,1.06,1.09,273.0,1007.0,0,804,Clouds,overcast clouds,04n
2025-07-18 02:47:12,Ca Mau,Ca Mau,26.21,26.21,26.21,89.0,26.21,10000.0,0.0,100.0,1.06,1.09,273.0,1007.0,0,804,Clouds,overcast clouds,04n
2025-07-18 02:49:07,Ca Mau,Ca Mau,26.21,26.21,26.21,89.0,26.21,10000.0,0.0,100.0,1.06,1.09,273.0,1007.0,0,804,Clouds,overcast clouds,04n
2025-07-18 02:51:02,Ca Mau,Ca Mau,26.21,26.21,26.21,89.0,26.21,10000.0,0.0,100.0,1.06,1.09,273.0,1007.0,0,804,Clouds,overcast clouds,04n
2025-07-18 02:52:59,Ca Mau,Ca Mau,26.21,26.21,26.21,89.0,26.21,10000.0,0.0,100.0,1.06,1.09,273.0,1007.0,0,804,Clouds,overcast clouds,04n
2025-07-18 02:54:53,Ca Mau,Ca Mau,26.21,26.21,26.21,89.0,26.21,10000.0,0.0,100.0,1.06,1.09,273.0,1007.0,0,804,Clouds,overcast clouds,04n
2025-07-18 02:56:48,Ca Mau,Ca Mau,26.21,26.21,26.21,89.0,26.21,10000.0,0.0,100.0,1.06,1.09,273.0,1007.0,0,804,Clouds,overcast clouds,04n
2025-07-18 02:58:43,Ca Mau,Ca Mau,26.21,26.21,26.21,89.0,26.21,10000.0,0.0,100.0,1.06,1.09,273.0,1007.0,0,804,Clouds,overcast clouds,04n
2025-07-18 03:02:30,Ca Mau,Ca Mau,26.21,26.21,26.21,90.0,26.21,10000.0,0.0,100.0,1.06,1.09,273.0,1007.0,0,804,Clouds,overcast clouds,04n
2025-07-18 03:04:25,Ca Mau,Ca Mau,26.21,26.21,26.21,90.0,26.21,10000.0,0.0,100.0,1.06,1.09,273.0,1007.0,0,804,Clouds,overcast clouds,04n
2025-07-18 03:06:20,Ca Mau,Ca Mau,26.21,26.21,26.21,90.0,26.21,10000.0,0.0,100.0,1.06,1.09,273.0,1007.0,0,804,Clouds,overcast clouds,04n
2025-07-18 03:08:15,Ca Mau,Ca Mau,26.21,26.21,26.21,90.0,26.21,10000.0,0.0,100.0,1.06,1.09,273.0,1007.0,0,804,Clouds,overcast clouds,04n
2025-07-18 03:10:10,Ca Mau,Ca Mau,26.21,26.21,26.21,90.0,26.21,10000.0,0.0,100.0,1.06,1.09,273.0,1007.0,0,804,Clouds,overcast clouds,04n
2025-07-18 03:12:07,Ca Mau,Ca Mau,26.21,26.21,26.21,90.0,26.21,10000.0,0.0,100.0,1.06,1.09,273.0,1007.0,0,804,Clouds,overcast clouds,04n
2025-07-18 03:14:02,Ca Mau,Ca Mau,26.21,26.21,26.21,90.0,26.21,10000.0,0.0,100.0,1.06,1.09,273.0,1007.0,0,804,Clouds,overcast clouds,04n
2025-07-18 03:15:57,Ca Mau,Ca Mau,26.21,26.21,26.21,90.0,26.21,10000.0,0.0,100.0,1.06,1.09,273.0,1007.0,0,804,Clouds,overcast clouds,04n
2025-07-18 03:17:56,Ca Mau,Ca Mau,26.21,26.21,26.21,90.0,26.21,10000.0,0.0,100.0,1.06,1.09,273.0,1007.0,0,804,Clouds,overcast clouds,04n
2025-07-18 03:19:57,Ca Mau,Ca Mau,26.21,26.21,26.21,90.0,26.21,10000.0,0.0,100.0,1.06,1.09,273.0,1007.0,0,804,Clouds,overcast clouds,04n
2025-07-18 03:22:11,Ca Mau,Ca Mau,26.21,26.21,26.21,90.0,26.21,10000.0,0.0,100.0,1.06,1.09,273.0,1007.0,0,804,Clouds,overcast clouds,04n
2025-07-18 03:24:11,Ca Mau,Ca Mau,26.21,26.21,26.21,90.0,26.21,10000.0,0.0,100.0,1.06,1.09,273.0,1007.0,0,804,Clouds,overcast clouds,04n
2025-07-18 03:26:13,Ca Mau,Ca Mau,26.21,26.21,26.21,90.0,26.21,10000.0,0.0,100.0,1.06,1.09,273.0,1007.0,0,804,Clouds,overcast clouds,04n
2025-07-18 03:28:14,Ca Mau,Ca Mau,26.21,26.21,26.21,90.0,26.21,10000.0,0.0,100.0,1.06,1.09,273.0,1007.0,0,804,Clouds,overcast clouds,04n
2025-07-18 03:34:01,Ca Mau,Ca Mau,25.91,25.91,25.91,91.0,26.93,10000.0,0.0,100.0,1.52,3.97,252.0,1007.0,0,804,Clouds,overcast clouds,04n
2025-07-18 03:36:00,Ca Mau,Ca Mau,25.91,25.91,25.91,91.0,26.93,10000.0,0.0,100.0,1.52,3.97,252.0,1007.0,0,804,Clouds,overcast clouds,04n
2025-07-18 03:38:11,Ca Mau,Ca Mau,25.91,25.91,25.91,91.0,26.93,10000.0,0.0,100.0,1.52,3.97,252.0,1007.0,0,804,Clouds,overcast clouds,04n
2025-07-18 03:40:19,Ca Mau,Ca Mau,25.91,25.91,25.91,91.0,26.93,10000.0,0.0,100.0,1.52,3.97,252.0,1007.0,0,804,Clouds,overcast clouds,04n
2025-07-18 03:42:21,Ca Mau,Ca Mau,25.91,25.91,25.91,91.0,26.93,10000.0,0.0,100.0,1.52,3.97,252.0,1007.0,0,804,Clouds,overcast clouds,04n
2025-07-18 03:44:21,Ca Mau,Ca Mau,25.91,25.91,25.91,91.0,26.93,10000.0,0.0,100.0,1.52,3.97,252.0,1007.0,0,804,Clouds,overcast clouds,04n
2025-07-18 03:46:20,Ca Mau,Ca Mau,25.91,25.91,25.91,91.0,26.93,10000.0,0.0,100.0,1.52,3.97,252.0,1007.0,0,804,Clouds,overcast clouds,04n
2025-07-18 03:48:17,Ca Mau,Ca Mau,25.91,25.91,25.91,91.0,26.93,10000.0,0.0,100.0,1.52,3.97,252.0,1007.0,0,804,Clouds,overcast clouds,04n
2025-07-18 03:50:21,Ca Mau,Ca Mau,25.9,25.9,25.9,91.0,26.92,10000.0,0.0,100.0,1.52,3.97,252.0,1007.0,0,804,Clouds,overcast clouds,04n
2025-07-18 03:52:30,Ca Mau,Ca Mau,25.9,25.9,25.9,91.0,26.92,10000.0,0.0,100.0,1.52,3.97,252.0,1007.0,0,804,Clouds,overcast clouds,04n
2025-07-18 03:54:32,Ca Mau,Ca Mau,25.9,25.9,25.9,91.0,26.92,10000.0,0.0,100.0,1.52,3.97,252.0,1007.0,0,804,Clouds,overcast clouds,04n
2025-07-18 03:56:30,Ca Mau,Ca Mau,25.9,25.9,25.9,91.0,26.92,10000.0,0.0,100.0,1.52,3.97,252.0,1007.0,0,804,Clouds,overcast clouds,04n
2025-07-18 03:58:28,Ca Mau,Ca Mau,25.9,25.9,25.9,91.0,26.92,10000.0,0.0,100.0,1.52,3.97,252.0,1007.0,0,804,Clouds,overcast clouds,04n
2025-07-18 04:00:47,Ca Mau,Ca Mau,25.9,25.9,25.9,91.0,26.92,10000.0,0.0,100.0,1.52,3.97,252.0,1007.0,0,804,Clouds,overcast clouds,04n
2025-07-18 04:05:49,Ca Mau,Ca Mau,25.9,25.9,25.9,91.0,26.92,10000.0,0.0,100.0,1.52,3.97,252.0,1007.0,0,804,Clouds,overcast clouds,04n
2025-07-18 04:07:54,Ca Mau,Ca Mau,25.9,25.9,25.9,91.0,26.92,10000.0,0.0,100.0,1.52,3.97,252.0,1007.0,0,804,Clouds,overcast clouds,04n
2025-07-18 04:09:56,Ca Mau,Ca Mau,25.9,25.9,25.9,91.0,26.92,10000.0,0.0,100.0,1.52,3.97,252.0,1007.0,0,804,Clouds,overcast clouds,04n
2025-07-18 04:12:26,Ca Mau,Ca Mau,25.9,25.9,25.9,91.0,26.92,10000.0,0.0,100.0,1.52,3.97,252.0,1007.0,0,804,Clouds,overcast clouds,04n
2025-07-18 04:14:38,Ca Mau,Ca Mau,25.9,25.9,25.9,91.0,26.92,10000.0,0.0,100.0,1.52,3.97,252.0,1007.0,0,804,Clouds,overcast clouds,04n
2025-07-18 04:16:41,Ca Mau,Ca Mau,25.9,25.9,25.9,91.0,26.92,10000.0,0.0,100.0,1.52,3.97,252.0,1007.0,0,804,Clouds,overcast clouds,04n
2025-07-18 04:18:53,Ca Mau,Ca Mau,25.9,25.9,25.9,91.0,26.92,10000.0,0.0,100.0,1.52,3.97,252.0,1007.0,0,804,Clouds,overcast clouds,04n
2025-07-18 04:21:18,Ca Mau,Ca Mau,25.9,25.9,25.9,91.0,26.92,10000.0,0.0,100.0,1.52,3.97,252.0,1007.0,0,804,Clouds,overcast clouds,04n
2025-07-18 04:23:29,Ca Mau,Ca Mau,25.9,25.9,25.9,91.0,26.92,10000.0,0.0,100.0,1.52,3.97,252.0,1007.0,0,804,Clouds,overcast clouds,04n
2025-07-18 04:25:39,Ca Mau,Ca Mau,25.9,25.9,25.9,91.0,26.92,10000.0,0.0,100.0,1.52,3.97,252.0,1007.0,0,804,Clouds,overcast clouds,04n
2025-07-18 04:27:39,Ca Mau,Ca Mau,25.9,25.9,25.9,91.0,26.92,10000.0,0.0,100.0,1.52,3.97,252.0,1007.0,0,804,Clouds,overcast clouds,04n
2025-07-18 04:29:37,Ca Mau,Ca Mau,25.9,25.9,25.9,91.0,26.92,10000.0,0.0,100.0,1.52,3.97,252.0,1007.0,0,804,Clouds,overcast clouds,04n
2025-07-18 04:31:36,Ca Mau,Ca Mau,25.93,25.93,25.93,90.0,26.93,10000.0,0.0,100.0,1.75,5.93,249.0,1007.0,0,804,Clouds,overcast clouds,04n
2025-07-18 04:33:43,Ca Mau,Ca Mau,25.9,25.9,25.9,91.0,26.92,10000.0,0.0,100.0,1.52,3.97,252.0,1007.0,0,804,Clouds,overcast clouds,04n
2025-07-18 04:35:58,Ca Mau,Ca Mau,25.9,25.9,25.9,91.0,26.92,10000.0,0.0,100.0,1.52,3.97,252.0,1007.0,0,804,Clouds,overcast clouds,04n
2025-07-18 04:38:15,Ca Mau,Ca Mau,25.93,25.93,25.93,90.0,26.93,10000.0,0.0,100.0,1.75,5.93,249.0,1007.0,0,804,Clouds,overcast clouds,04n
2025-07-18 04:40:15,Ca Mau,Ca Mau,25.93,25.93,25.93,90.0,26.93,10000.0,0.0,100.0,1.75,5.93,249.0,1007.0,0,804,Clouds,overcast clouds,04n
2025-07-18 04:42:15,Ca Mau,Ca Mau,25.93,25.93,25.93,90.0,26.93,10000.0,0.0,100.0,1.75,5.93,249.0,1007.0,0,804,Clouds,overcast clouds,04n
2025-07-18 04:44:21,Ca Mau,Ca Mau,25.93,25.93,25.93,90.0,26.93,10000.0,0.0,100.0,1.75,5.93,249.0,1007.0,0,804,Clouds,overcast clouds,04n
2025-07-18 04:46:22,Ca Mau,Ca Mau,25.93,25.93,25.93,90.0,26.93,10000.0,0.0,100.0,1.75,5.93,249.0,1007.0,0,804,Clouds,overcast clouds,04n
2025-07-18 04:48:20,Ca Mau,Ca Mau,25.93,25.93,25.93,90.0,26.93,10000.0,0.0,100.0,1.75,5.93,249.0,1007.0,0,804,Clouds,overcast clouds,04n
2025-07-18 04:50:23,Ca Mau,Ca Mau,25.93,25.93,25.93,90.0,26.93,10000.0,0.0,100.0,1.75,5.93,249.0,1007.0,0,804,Clouds,overcast clouds,04n
2025-07-18 04:52:32,Ca Mau,Ca Mau,25.93,25.93,25.93,90.0,26.93,10000.0,0.0,100.0,1.75,5.93,249.0,1007.0,0,804,Clouds,overcast clouds,04n
2025-07-18 04:54:37,Ca Mau,Ca Mau,25.93,25.93,25.93,90.0,26.93,10000.0,0.0,100.0,1.75,5.93,249.0,1007.0,0,804,Clouds,overcast clouds,04n
2025-07-18 04:57:05,Ca Mau,Ca Mau,25.93,25.93,25.93,90.0,26.93,10000.0,0.0,100.0,1.75,5.93,249.0,1007.0,0,804,Clouds,overcast clouds,04n
2025-07-18 05:03:48,Ca Mau,Ca Mau,25.93,25.93,25.93,90.0,26.93,10000.0,0.0,100.0,1.75,5.93,249.0,1007.0,0,804,Clouds,overcast clouds,04n
2025-07-18 05:10:48,Ca Mau,Ca Mau,25.93,25.93,25.93,90.0,26.93,10000.0,0.0,100.0,1.75,5.93,249.0,1007.0,0,804,Clouds,overcast clouds,04n
2025-07-18 05:15:16,Ca Mau,Ca Mau,25.93,25.93,25.93,90.0,26.93,10000.0,0.0,100.0,1.75,5.93,249.0,1007.0,0,804,Clouds,overcast clouds,04n
2025-07-18 05:17:16,Ca Mau,Ca Mau,25.93,25.93,25.93,90.0,26.93,10000.0,0.0,100.0,1.75,5.93,249.0,1007.0,0,804,Clouds,overcast clouds,04n
2025-07-18 05:19:26,Ca Mau,Ca Mau,25.93,25.93,25.93,90.0,26.93,10000.0,0.0,100.0,1.75,5.93,249.0,1007.0,0,804,Clouds,overcast clouds,04n
2025-07-18 05:21:43,Ca Mau,Ca Mau,25.95,25.95,25.95,90.0,25.95,10000.0,0.0,100.0,1.75,5.93,249.0,1007.0,0,804,Clouds,overcast clouds,04n
2025-07-18 05:23:52,Ca Mau,Ca Mau,25.95,25.95,25.95,90.0,25.95,10000.0,0.0,100.0,1.75,5.93,249.0,1007.0,0,804,Clouds,overcast clouds,04n
2025-07-18 05:25:50,Ca Mau,Ca Mau,25.95,25.95,25.95,90.0,25.95,10000.0,0.0,100.0,1.75,5.93,249.0,1007.0,0,804,Clouds,overcast clouds,04n
2025-07-18 05:29:49,Ca Mau,Ca Mau,25.95,25.95,25.95,90.0,25.95,10000.0,0.0,100.0,1.75,5.93,249.0,1007.0,0,804,Clouds,overcast clouds,04n
2025-07-18 05:31:49,Ca Mau,Ca Mau,25.95,25.95,25.95,90.0,25.95,10000.0,0.0,100.0,1.75,5.93,249.0,1007.0,0,804,Clouds,overcast clouds,04n
2025-07-18 05:33:47,Ca Mau,Ca Mau,25.95,25.95,25.95,90.0,25.95,10000.0,0.0,100.0,1.75,5.93,249.0,1007.0,0,804,Clouds,overcast clouds,04n
2025-07-18 05:35:44,Ca Mau,Ca Mau,25.95,25.95,25.95,90.0,25.95,10000.0,0.0,100.0,1.75,5.93,249.0,1007.0,0,804,Clouds,overcast clouds,04n
2025-07-18 05:37:42,Ca Mau,Ca Mau,25.95,25.95,25.95,90.0,25.95,10000.0,0.0,100.0,1.75,5.93,249.0,1007.0,0,804,Clouds,overcast clouds,04n
2025-07-18 05:39:42,Ca Mau,Ca Mau,25.95,25.95,25.95,90.0,25.95,10000.0,0.0,100.0,1.75,5.93,249.0,1007.0,0,804,Clouds,overcast clouds,04n
2025-07-18 05:41:40,Ca Mau,Ca Mau,25.95,25.95,25.95,90.0,25.95,10000.0,0.0,100.0,1.75,5.93,249.0,1007.0,0,804,Clouds,overcast clouds,04n
2025-07-18 05:43:38,Ca Mau,Ca Mau,25.95,25.95,25.95,90.0,25.95,10000.0,0.0,100.0,1.75,5.93,249.0,1007.0,0,804,Clouds,overcast clouds,04n
2025-07-18 05:45:36,Ca Mau,Ca Mau,25.79,25.79,25.79,90.0,26.77,10000.0,0.0,98.0,1.6,5.7,260.0,1007.0,0,804,Clouds,overcast clouds,04n
2025-07-18 05:53:22,Ca Mau,Ca Mau,25.79,25.79,25.79,90.0,26.77,10000.0,0.0,98.0,1.6,5.7,260.0,1007.0,1,804,Clouds,overcast clouds,04n
2025-07-18 05:56:28,Ca Mau,Ca Mau,25.79,25.79,25.79,90.0,26.77,10000.0,0.0,98.0,1.6,5.7,260.0,1007.0,1,804,Clouds,overcast clouds,04d
2025-07-18 06:08:00,Ca Mau,Ca Mau,25.79,25.79,25.79,90.0,26.77,10000.0,0.0,98.0,1.6,5.7,260.0,1007.0,1,804,Clouds,overcast clouds,04d
2025-07-18 06:21:06,Ca Mau,Ca Mau,25.81,25.81,25.81,90.0,26.8,10000.0,0.0,98.0,1.6,5.7,260.0,1007.0,1,804,Clouds,overcast clouds,04d
2025-07-18 06:43:21,Ca Mau,Ca Mau,27.16,27.16,27.16,83.0,30.41,10000.0,0.0,99.0,1.74,6.39,280.0,1008.0,1,804,Clouds,overcast clouds,04d
2025-07-18 07:17:25,Ca Mau,Ca Mau,27.16,27.16,27.16,83.0,30.41,10000.0,0.0,99.0,1.98,6.79,253.0,1008.0,1,804,Clouds,overcast clouds,04d
2025-07-18 07:24:43,Ca Mau,Ca Mau,27.16,27.16,27.16,83.0,30.41,10000.0,0.0,99.0,1.98,6.79,253.0,1008.0,1,804,Clouds,overcast clouds,04d
2025-07-18 07:36:54,Ca Mau,Ca Mau,29.51,29.51,29.51,67.0,33.25,10000.0,0.0,89.0,3.45,5.67,277.0,1009.0,1,804,Clouds,overcast clouds,04d
2025-07-18 07:44:31,Ca Mau,Ca Mau,29.51,29.51,29.51,67.0,33.25,10000.0,0.0,89.0,3.45,5.67,277.0,1009.0,1,804,Clouds,overcast clouds,04d
2025-07-18 08:44:10,Ca Mau,Ca Mau,31.06,31.06,31.06,59.0,34.72,10000.0,0.0,58.0,4.0,5.94,276.0,1009.0,1,803,Clouds,broken clouds,04d
2025-07-18 08:48:47,Ca Mau,Ca Mau,31.06,31.06,31.06,59.0,34.72,10000.0,0.0,58.0,4.0,5.94,276.0,1009.0,1,803,Clouds,broken clouds,04d
2025-07-18 08:51:39,Ca Mau,Ca Mau,31.16,31.16,31.16,59.0,34.93,10000.0,0.0,58.0,4.0,5.94,276.0,1009.0,1,803,Clouds,broken clouds,04d
2025-07-18 08:53:53,Ca Mau,Ca Mau,31.16,31.16,31.16,59.0,34.93,10000.0,0.0,58.0,4.0,5.94,276.0,1009.0,1,803,Clouds,broken clouds,04d
2025-07-18 08:56:36,Ca Mau,Ca Mau,31.16,31.16,31.16,59.0,34.93,10000.0,0.0,58.0,4.0,5.94,276.0,1009.0,1,803,Clouds,broken clouds,04d
2025-07-18 08:58:45,Ca Mau,Ca Mau,31.16,31.16,31.16,59.0,34.93,10000.0,0.0,58.0,4.0,5.94,276.0,1009.0,1,803,Clouds,broken clouds,04d
2025-07-18 09:00:58,Ca Mau,Ca Mau,31.16,31.16,31.16,59.0,34.93,10000.0,0.0,58.0,4.0,5.94,276.0,1009.0,1,803,Clouds,broken clouds,04d
2025-07-18 09:21:40,Ca Mau,Ca Mau,31.08,31.08,31.08,60.0,35.02,10000.0,0.0,58.0,4.0,5.94,276.0,1009.0,1,803,Clouds,broken clouds,04d
2025-07-18 09:31:58,Ca Mau,Ca Mau,32.34,32.34,32.34,54.0,36.07,10000.0,0.0,54.0,4.61,6.73,279.0,1008.0,1,803,Clouds,broken clouds,04d
2025-07-18 09:33:59,Ca Mau,Ca Mau,32.34,32.34,32.34,54.0,36.07,10000.0,0.0,54.0,4.61,6.73,279.0,1008.0,1,803,Clouds,broken clouds,04d
2025-07-18 09:39:36,Ca Mau,Ca Mau,32.34,32.34,32.34,54.0,36.07,10000.0,0.0,54.0,4.61,6.73,279.0,1008.0,1,803,Clouds,broken clouds,04d
2025-07-18 09:41:46,Ca Mau,Ca Mau,32.34,32.34,32.34,54.0,36.07,10000.0,0.0,54.0,4.61,6.73,279.0,1008.0,1,803,Clouds,broken clouds,04d
2025-07-18 09:43:46,Ca Mau,Ca Mau,32.34,32.34,32.34,54.0,36.07,10000.0,0.0,54.0,4.61,6.73,279.0,1008.0,1,803,Clouds,broken clouds,04d
2025-07-18 09:45:46,Ca Mau,Ca Mau,32.34,32.34,32.34,54.0,36.07,10000.0,0.0,54.0,4.61,6.73,279.0,1008.0,1,803,Clouds,broken clouds,04d
2025-07-18 09:47:58,Ca Mau,Ca Mau,32.34,32.34,32.34,54.0,36.07,10000.0,0.0,54.0,4.61,6.73,279.0,1008.0,1,803,Clouds,broken clouds,04d
2025-07-18 09:50:37,Ca Mau,Ca Mau,32.34,32.34,32.34,54.0,36.07,10000.0,0.0,54.0,4.61,6.73,279.0,1008.0,1,803,Clouds,broken clouds,04d
2025-07-18 09:52:42,Ca Mau,Ca Mau,32.34,32.34,32.34,54.0,36.07,10000.0,0.0,54.0,4.61,6.73,279.0,1008.0,1,803,Clouds,broken clouds,04d
2025-07-18 09:54:42,Ca Mau,Ca Mau,32.36,32.36,32.36,55.0,36.4,10000.0,0.0,54.0,4.61,6.73,279.0,1008.0,1,803,Clouds,broken clouds,04d
2025-07-18 09:56:43,Ca Mau,Ca Mau,32.36,32.36,32.36,55.0,36.4,10000.0,0.0,54.0,4.61,6.73,279.0,1008.0,1,803,Clouds,broken clouds,04d
2025-07-18 09:58:42,Ca Mau,Ca Mau,32.36,32.36,32.36,55.0,36.4,10000.0,0.0,54.0,4.61,6.73,279.0,1008.0,1,803,Clouds,broken clouds,04d
2025-07-18 10:00:41,Ca Mau,Ca Mau,32.36,32.36,32.36,55.0,36.4,10000.0,0.0,54.0,4.61,6.73,279.0,1008.0,1,803,Clouds,broken clouds,04d
2025-07-18 10:02:40,Ca Mau,Ca Mau,32.36,32.36,32.36,55.0,36.4,10000.0,0.0,54.0,4.61,6.73,279.0,1008.0,1,803,Clouds,broken clouds,04d
2025-07-18 10:04:41,Ca Mau,Ca Mau,32.27,32.27,32.27,55.0,36.21,10000.0,0.0,54.0,4.61,6.73,279.0,1008.0,1,803,Clouds,broken clouds,04d
2025-07-18 10:07:25,Ca Mau,Ca Mau,32.27,32.27,32.27,55.0,36.21,10000.0,0.0,54.0,4.61,6.73,279.0,1008.0,1,803,Clouds,broken clouds,04d
2025-07-18 10:09:23,Ca Mau,Ca Mau,32.27,32.27,32.27,55.0,36.21,10000.0,0.0,54.0,4.61,6.73,279.0,1008.0,1,803,Clouds,broken clouds,04d
2025-07-18 10:11:39,Ca Mau,Ca Mau,32.27,32.27,32.27,55.0,36.21,10000.0,0.0,54.0,4.61,6.73,279.0,1008.0,1,803,Clouds,broken clouds,04d
2025-07-18 10:13:46,Ca Mau,Ca Mau,32.27,32.27,32.27,55.0,36.21,10000.0,0.0,54.0,4.61,6.73,279.0,1008.0,1,803,Clouds,broken clouds,04d
2025-07-18 10:15:47,Ca Mau,Ca Mau,32.27,32.27,32.27,55.0,36.21,10000.0,0.0,54.0,4.61,6.73,279.0,1008.0,1,803,Clouds,broken clouds,04d
2025-07-18 10:17:49,Ca Mau,Ca Mau,32.27,32.27,32.27,55.0,36.21,10000.0,0.0,54.0,4.61,6.73,279.0,1008.0,1,803,Clouds,broken clouds,04d
2025-07-18 10:19:51,Ca Mau,Ca Mau,32.27,32.27,32.27,55.0,36.21,10000.0,0.0,54.0,4.61,6.73,279.0,1008.0,1,803,Clouds,broken clouds,04d
2025-07-18 10:21:51,Ca Mau,Ca Mau,32.27,32.27,32.27,55.0,36.21,10000.0,0.0,54.0,4.61,6.73,279.0,1008.0,1,803,Clouds,broken clouds,04d
2025-07-18 10:23:51,Ca Mau,Ca Mau,32.27,32.27,32.27,55.0,36.21,10000.0,0.0,54.0,4.61,6.73,279.0,1008.0,1,803,Clouds,broken clouds,04d
2025-07-18 10:25:51,Ca Mau,Ca Mau,32.27,32.27,32.27,55.0,36.21,10000.0,0.0,54.0,4.61,6.73,279.0,1008.0,1,803,Clouds,broken clouds,04d
2025-07-18 10:27:49,Ca Mau,Ca Mau,32.27,32.27,32.27,55.0,36.21,10000.0,0.0,54.0,4.61,6.73,279.0,1008.0,1,803,Clouds,broken clouds,04d
2025-07-18 10:29:48,Ca Mau,Ca Mau,32.27,32.27,32.27,55.0,36.21,10000.0,0.0,54.0,4.61,6.73,279.0,1008.0,1,803,Clouds,broken clouds,04d
2025-07-18 10:31:47,Ca Mau,Ca Mau,32.27,32.27,32.27,55.0,36.21,10000.0,0.0,54.0,4.61,6.73,279.0,1008.0,1,803,Clouds,broken clouds,04d
2025-07-18 10:33:47,Ca Mau,Ca Mau,32.27,32.27,32.27,55.0,36.21,10000.0,0.0,54.0,4.61,6.73,279.0,1008.0,1,803,Clouds,broken clouds,04d
2025-07-18 10:35:50,Ca Mau,Ca Mau,32.83,32.83,32.83,52.0,36.52,10000.0,0.0,64.0,5.17,7.47,285.0,1008.0,1,803,Clouds,broken clouds,04d
2025-07-18 10:37:50,Ca Mau,Ca Mau,32.83,32.83,32.83,52.0,36.52,10000.0,0.0,64.0,5.17,7.47,285.0,1008.0,1,803,Clouds,broken clouds,04d
2025-07-18 10:39:50,Ca Mau,Ca Mau,32.83,32.83,32.83,52.0,36.52,10000.0,0.0,64.0,5.17,7.47,285.0,1008.0,1,803,Clouds,broken clouds,04d
2025-07-18 10:41:52,Ca Mau,Ca Mau,32.83,32.83,32.83,52.0,36.52,10000.0,0.0,64.0,5.17,7.47,285.0,1008.0,1,803,Clouds,broken clouds,04d
2025-07-18 10:43:50,Ca Mau,Ca Mau,32.83,32.83,32.83,52.0,36.52,10000.0,0.0,64.0,5.17,7.47,285.0,1008.0,1,803,Clouds,broken clouds,04d
2025-07-18 10:45:49,Ca Mau,Ca Mau,32.83,32.83,32.83,52.0,36.52,10000.0,0.0,64.0,5.17,7.47,285.0,1008.0,1,803,Clouds,broken clouds,04d
2025-07-18 10:47:51,Ca Mau,Ca Mau,32.83,32.83,32.83,52.0,36.52,10000.0,0.0,64.0,5.17,7.47,285.0,1008.0,1,803,Clouds,broken clouds,04d
2025-07-18 10:49:51,Ca Mau,Ca Mau,32.83,32.83,32.83,52.0,36.52,10000.0,0.0,64.0,5.17,7.47,285.0,1008.0,1,803,Clouds,broken clouds,04d
2025-07-18 10:51:53,Ca Mau,Ca Mau,32.84,32.84,32.84,52.0,36.54,10000.0,0.0,64.0,5.17,7.47,285.0,1008.0,1,803,Clouds,broken clouds,04d
2025-07-18 10:53:51,Ca Mau,Ca Mau,32.84,32.84,32.84,52.0,36.54,10000.0,0.0,64.0,5.17,7.47,285.0,1008.0,1,803,Clouds,broken clouds,04d
2025-07-18 10:55:55,Ca Mau,Ca Mau,32.84,32.84,32.84,52.0,36.54,10000.0,0.0,64.0,5.17,7.47,285.0,1008.0,1,803,Clouds,broken clouds,04d
2025-07-18 10:57:58,Ca Mau,Ca Mau,32.84,32.84,32.84,52.0,36.54,10000.0,0.0,64.0,5.17,7.47,285.0,1008.0,1,803,Clouds,broken clouds,04d
2025-07-18 11:02:15,Ca Mau,Ca Mau,32.76,32.76,32.76,53.0,36.67,10000.0,0.0,64.0,5.17,7.47,285.0,1008.0,1,803,Clouds,broken clouds,04d
2025-07-18 11:04:17,Ca Mau,Ca Mau,32.84,32.84,32.84,52.0,36.54,10000.0,0.0,64.0,5.17,7.47,285.0,1008.0,1,803,Clouds,broken clouds,04d
2025-07-18 11:06:18,Ca Mau,Ca Mau,32.76,32.76,32.76,53.0,36.67,10000.0,0.0,64.0,5.17,7.47,285.0,1008.0,1,803,Clouds,broken clouds,04d
2025-07-18 11:08:21,Ca Mau,Ca Mau,32.76,32.76,32.76,53.0,36.67,10000.0,0.0,64.0,5.17,7.47,285.0,1008.0,1,803,Clouds,broken clouds,04d
2025-07-18 11:10:23,Ca Mau,Ca Mau,32.76,32.76,32.76,53.0,36.67,10000.0,0.0,64.0,5.17,7.47,285.0,1008.0,1,803,Clouds,broken clouds,04d
2025-07-18 11:12:22,Ca Mau,Ca Mau,32.76,32.76,32.76,53.0,36.67,10000.0,0.0,64.0,5.17,7.47,285.0,1008.0,1,803,Clouds,broken clouds,04d
2025-07-18 11:14:21,Ca Mau,Ca Mau,32.76,32.76,32.76,53.0,36.67,10000.0,0.0,64.0,5.17,7.47,285.0,1008.0,1,803,Clouds,broken clouds,04d
2025-07-18 11:16:22,Ca Mau,Ca Mau,32.76,32.76,32.76,53.0,36.67,10000.0,0.0,64.0,5.17,7.47,285.0,1008.0,1,803,Clouds,broken clouds,04d
2025-07-18 11:18:24,Ca Mau,Ca Mau,32.76,32.76,32.76,53.0,36.67,10000.0,0.0,64.0,5.17,7.47,285.0,1008.0,1,803,Clouds,broken clouds,04d
2025-07-18 11:20:25,Ca Mau,Ca Mau,32.76,32.76,32.76,53.0,36.67,10000.0,0.0,64.0,5.17,7.47,285.0,1008.0,1,803,Clouds,broken clouds,04d
2025-07-18 11:22:27,Ca Mau,Ca Mau,32.76,32.76,32.76,53.0,36.67,10000.0,0.0,64.0,5.17,7.47,285.0,1008.0,1,803,Clouds,broken clouds,04d
2025-07-18 11:24:29,Ca Mau,Ca Mau,32.76,32.76,32.76,53.0,36.67,10000.0,0.0,64.0,5.17,7.47,285.0,1008.0,1,803,Clouds,broken clouds,04d
2025-07-18 11:26:28,Ca Mau,Ca Mau,32.76,32.76,32.76,53.0,36.67,10000.0,0.0,64.0,5.17,7.47,285.0,1008.0,1,803,Clouds,broken clouds,04d
2025-07-18 11:28:29,Ca Mau,Ca Mau,32.76,32.76,32.76,53.0,36.67,10000.0,0.0,64.0,5.17,7.47,285.0,1008.0,1,803,Clouds,broken clouds,04d
2025-07-18 11:30:30,Ca Mau,Ca Mau,32.76,32.76,32.76,53.0,36.67,10000.0,0.0,64.0,5.17,7.47,285.0,1008.0,1,803,Clouds,broken clouds,04d
2025-07-18 11:32:33,Ca Mau,Ca Mau,32.76,32.76,32.76,53.0,36.67,10000.0,0.0,64.0,5.17,7.47,285.0,1008.0,1,803,Clouds,broken clouds,04d
2025-07-18 11:34:34,Ca Mau,Ca Mau,32.22,32.22,32.22,55.0,36.1,10000.0,0.0,70.0,5.19,7.74,286.0,1007.0,1,803,Clouds,broken clouds,04d
2025-07-18 11:36:33,Ca Mau,Ca Mau,32.22,32.22,32.22,55.0,36.1,10000.0,0.0,70.0,5.19,7.74,286.0,1007.0,1,803,Clouds,broken clouds,04d
2025-07-18 11:38:33,Ca Mau,Ca Mau,32.22,32.22,32.22,55.0,36.1,10000.0,0.0,70.0,5.19,7.74,286.0,1007.0,1,803,Clouds,broken clouds,04d
2025-07-18 11:40:35,Ca Mau,Ca Mau,32.22,32.22,32.22,55.0,36.1,10000.0,0.0,70.0,5.19,7.74,286.0,1007.0,1,803,Clouds,broken clouds,04d
2025-07-18 11:42:37,Ca Mau,Ca Mau,32.22,32.22,32.22,55.0,36.1,10000.0,0.0,70.0,5.19,7.74,286.0,1007.0,1,803,Clouds,broken clouds,04d
2025-07-18 11:44:38,Ca Mau,Ca Mau,32.22,32.22,32.22,55.0,36.1,10000.0,0.0,70.0,5.19,7.74,286.0,1007.0,1,803,Clouds,broken clouds,04d
2025-07-18 11:46:39,Ca Mau,Ca Mau,32.23,32.23,32.23,55.0,36.12,10000.0,0.0,70.0,5.19,7.74,286.0,1007.0,1,803,Clouds,broken clouds,04d
2025-07-18 11:48:40,Ca Mau,Ca Mau,32.22,32.22,32.22,55.0,36.1,10000.0,0.0,70.0,5.19,7.74,286.0,1007.0,1,803,Clouds,broken clouds,04d
2025-07-18 11:50:40,Ca Mau,Ca Mau,32.23,32.23,32.23,55.0,36.12,10000.0,0.0,70.0,5.19,7.74,286.0,1007.0,1,803,Clouds,broken clouds,04d
2025-07-18 11:52:41,Ca Mau,Ca Mau,32.23,32.23,32.23,55.0,36.12,10000.0,0.0,70.0,5.19,7.74,286.0,1007.0,1,803,Clouds,broken clouds,04d
2025-07-18 11:54:43,Ca Mau,Ca Mau,32.23,32.23,32.23,55.0,36.12,10000.0,0.0,70.0,5.19,7.74,286.0,1007.0,1,803,Clouds,broken clouds,04d
2025-07-18 11:56:46,Ca Mau,Ca Mau,32.23,32.23,32.23,55.0,36.12,10000.0,0.0,70.0,5.19,7.74,286.0,1007.0,1,803,Clouds,broken clouds,04d
2025-07-18 11:58:47,Ca Mau,Ca Mau,32.23,32.23,32.23,55.0,36.12,10000.0,0.0,70.0,5.19,7.74,286.0,1007.0,1,803,Clouds,broken clouds,04d
2025-07-18 12:00:48,Ca Mau,Ca Mau,32.23,32.23,32.23,55.0,36.12,10000.0,0.0,70.0,5.19,7.74,286.0,1007.0,1,803,Clouds,broken clouds,04d
2025-07-18 12:02:48,Ca Mau,Ca Mau,32.19,32.19,32.19,56.0,36.32,10000.0,0.0,70.0,5.19,7.74,286.0,1007.0,1,803,Clouds,broken clouds,04d
2025-07-18 12:04:51,Ca Mau,Ca Mau,32.19,32.19,32.19,56.0,36.32,10000.0,0.0,70.0,5.19,7.74,286.0,1007.0,1,803,Clouds,broken clouds,04d
2025-07-18 12:06:52,Ca Mau,Ca Mau,32.19,32.19,32.19,56.0,36.32,10000.0,0.0,70.0,5.19,7.74,286.0,1007.0,1,803,Clouds,broken clouds,04d
2025-07-18 12:08:54,Ca Mau,Ca Mau,32.19,32.19,32.19,56.0,36.32,10000.0,0.0,70.0,5.19,7.74,286.0,1007.0,1,803,Clouds,broken clouds,04d
2025-07-18 12:10:57,Ca Mau,Ca Mau,32.19,32.19,32.19,56.0,36.32,10000.0,0.0,70.0,5.19,7.74,286.0,1007.0,1,803,Clouds,broken clouds,04d
2025-07-18 12:12:59,Ca Mau,Ca Mau,32.19,32.19,32.19,56.0,36.32,10000.0,0.0,70.0,5.19,7.74,286.0,1007.0,1,803,Clouds,broken clouds,04d
2025-07-18 12:15:01,Ca Mau,Ca Mau,32.19,32.19,32.19,56.0,36.32,10000.0,0.0,70.0,5.19,7.74,286.0,1007.0,1,803,Clouds,broken clouds,04d
2025-07-18 12:17:06,Ca Mau,Ca Mau,32.19,32.19,32.19,56.0,36.32,10000.0,0.0,70.0,5.19,7.74,286.0,1007.0,1,803,Clouds,broken clouds,04d
2025-07-18 12:19:11,Ca Mau,Ca Mau,32.18,32.18,32.18,56.0,36.3,10000.0,0.0,70.0,5.19,7.74,286.0,1007.0,1,803,Clouds,broken clouds,04d
2025-07-18 12:21:15,Ca Mau,Ca Mau,32.18,32.18,32.18,56.0,36.3,10000.0,0.0,70.0,5.19,7.74,286.0,1007.0,1,803,Clouds,broken clouds,04d
2025-07-18 12:23:17,Ca Mau,Ca Mau,32.18,32.18,32.18,56.0,36.3,10000.0,0.0,70.0,5.19,7.74,286.0,1007.0,1,803,Clouds,broken clouds,04d
2025-07-18 12:25:17,Ca Mau,Ca Mau,32.18,32.18,32.18,56.0,36.3,10000.0,0.0,70.0,5.19,7.74,286.0,1007.0,1,803,Clouds,broken clouds,04d
2025-07-18 12:27:17,Ca Mau,Ca Mau,32.18,32.18,32.18,56.0,36.3,10000.0,0.0,70.0,5.19,7.74,286.0,1007.0,1,803,Clouds,broken clouds,04d
2025-07-18 12:29:18,Ca Mau,Ca Mau,32.18,32.18,32.18,56.0,36.3,10000.0,0.0,70.0,5.19,7.74,286.0,1007.0,1,803,Clouds,broken clouds,04d
2025-07-18 12:31:19,Ca Mau,Ca Mau,32.18,32.18,32.18,56.0,36.3,10000.0,0.0,70.0,5.19,7.74,286.0,1007.0,1,803,Clouds,broken clouds,04d
2025-07-18 12:33:20,Ca Mau,Ca Mau,32.18,32.18,32.18,56.0,36.3,10000.0,0.0,70.0,5.19,7.74,286.0,1007.0,1,803,Clouds,broken clouds,04d
2025-07-18 12:35:21,Ca Mau,Ca Mau,32.18,32.18,32.18,56.0,36.3,10000.0,0.0,70.0,5.19,7.74,286.0,1007.0,1,803,Clouds,broken clouds,04d
2025-07-18 12:37:23,Ca Mau,Ca Mau,30.77,30.77,30.77,61.0,34.6,10000.0,0.0,74.0,4.62,7.07,283.0,1007.0,1,803,Clouds,broken clouds,04d
2025-07-18 12:39:23,Ca Mau,Ca Mau,30.77,30.77,30.77,61.0,34.6,10000.0,0.0,74.0,4.62,7.07,283.0,1007.0,1,803,Clouds,broken clouds,04d
2025-07-18 12:41:28,Ca Mau,Ca Mau,30.77,30.77,30.77,61.0,34.6,10000.0,0.0,74.0,4.62,7.07,283.0,1007.0,1,803,Clouds,broken clouds,04d
2025-07-18 12:43:31,Ca Mau,Ca Mau,30.77,30.77,30.77,61.0,34.6,10000.0,0.0,74.0,4.62,7.07,283.0,1007.0,1,803,Clouds,broken clouds,04d
2025-07-18 12:45:32,Ca Mau,Ca Mau,30.77,30.77,30.77,61.0,34.6,10000.0,0.0,74.0,4.62,7.07,283.0,1007.0,1,803,Clouds,broken clouds,04d
2025-07-18 12:47:35,Ca Mau,Ca Mau,30.77,30.77,30.77,61.0,34.6,10000.0,0.0,74.0,4.62,7.07,283.0,1007.0,1,803,Clouds,broken clouds,04d
2025-07-18 12:49:37,Ca Mau,Ca Mau,30.77,30.77,30.77,61.0,34.6,10000.0,0.0,74.0,4.62,7.07,283.0,1007.0,1,803,Clouds,broken clouds,04d
2025-07-18 12:51:39,Ca Mau,Ca Mau,30.77,30.77,30.77,61.0,34.6,10000.0,0.0,74.0,4.62,7.07,283.0,1007.0,1,803,Clouds,broken clouds,04d
2025-07-18 12:53:41,Ca Mau,Ca Mau,30.77,30.77,30.77,61.0,34.6,10000.0,0.0,74.0,4.62,7.07,283.0,1007.0,1,803,Clouds,broken clouds,04d
2025-07-18 12:55:44,Ca Mau,Ca Mau,30.77,30.77,30.77,61.0,34.6,10000.0,0.0,74.0,4.62,7.07,283.0,1007.0,1,803,Clouds,broken clouds,04d
2025-07-18 12:57:46,Ca Mau,Ca Mau,30.77,30.77,30.77,61.0,34.6,10000.0,0.0,74.0,4.62,7.07,283.0,1007.0,1,803,Clouds,broken clouds,04d
2025-07-18 12:59:46,Ca Mau,Ca Mau,30.77,30.77,30.77,61.0,34.6,10000.0,0.0,74.0,4.62,7.07,283.0,1007.0,1,803,Clouds,broken clouds,04d
2025-07-18 13:01:45,Ca Mau,Ca Mau,30.77,30.77,30.77,61.0,34.6,10000.0,0.0,74.0,4.62,7.07,283.0,1007.0,1,803,Clouds,broken clouds,04d
2025-07-18 13:03:43,Ca Mau,Ca Mau,30.77,30.77,30.77,61.0,34.6,10000.0,0.0,78.0,3.8,7.19,279.0,1007.0,1,803,Clouds,broken clouds,04d
2025-07-18 13:05:41,Ca Mau,Ca Mau,30.77,30.77,30.77,61.0,34.6,10000.0,0.0,78.0,3.8,7.19,279.0,1007.0,1,803,Clouds,broken clouds,04d
2025-07-18 13:07:40,Ca Mau,Ca Mau,30.77,30.77,30.77,61.0,34.6,10000.0,0.0,78.0,3.8,7.19,279.0,1007.0,1,803,Clouds,broken clouds,04d
2025-07-18 13:09:43,Ca Mau,Ca Mau,30.77,30.77,30.77,61.0,34.6,10000.0,0.0,78.0,3.8,7.19,279.0,1007.0,1,803,Clouds,broken clouds,04d
2025-07-18 13:11:43,Ca Mau,Ca Mau,30.77,30.77,30.77,61.0,34.6,10000.0,0.0,78.0,3.8,7.19,279.0,1007.0,1,803,Clouds,broken clouds,04d
2025-07-18 13:13:44,Ca Mau,Ca Mau,30.77,30.77,30.77,61.0,34.6,10000.0,0.0,78.0,3.8,7.19,279.0,1007.0,1,803,Clouds,broken clouds,04d
2025-07-18 13:15:46,Ca Mau,Ca Mau,30.77,30.77,30.77,61.0,34.6,10000.0,0.0,78.0,3.8,7.19,279.0,1007.0,1,803,Clouds,broken clouds,04d
2025-07-18 13:17:46,Ca Mau,Ca Mau,30.77,30.77,30.77,61.0,34.6,10000.0,0.0,78.0,3.8,7.19,279.0,1007.0,1,803,Clouds,broken clouds,04d
2025-07-18 13:19:45,Ca Mau,Ca Mau,30.77,30.77,30.77,61.0,34.6,10000.0,0.0,78.0,3.8,7.19,279.0,1007.0,1,803,Clouds,broken clouds,04d
2025-07-18 13:21:45,Ca Mau,Ca Mau,30.77,30.77,30.77,61.0,34.6,10000.0,0.0,78.0,3.8,7.19,279.0,1007.0,1,803,Clouds,broken clouds,04d
2025-07-18 13:23:45,Ca Mau,Ca Mau,30.77,30.77,30.77,61.0,34.6,10000.0,0.0,78.0,3.8,7.19,279.0,1007.0,1,803,Clouds,broken clouds,04d
2025-07-18 13:25:45,Ca Mau,Ca Mau,30.77,30.77,30.77,61.0,34.6,10000.0,0.0,78.0,3.8,7.19,279.0,1007.0,1,803,Clouds,broken clouds,04d
2025-07-18 13:27:46,Ca Mau,Ca Mau,30.77,30.77,30.77,61.0,34.6,10000.0,0.0,78.0,3.8,7.19,279.0,1007.0,1,803,Clouds,broken clouds,04d
2025-07-18 13:29:47,Ca Mau,Ca Mau,30.77,30.77,30.77,61.0,34.6,10000.0,0.0,78.0,3.8,7.19,279.0,1007.0,1,803,Clouds,broken clouds,04d
2025-07-18 13:31:48,Ca Mau,Ca Mau,30.77,30.77,30.77,61.0,34.6,10000.0,0.0,78.0,3.8,7.19,279.0,1007.0,1,803,Clouds,broken clouds,04d
2025-07-18 13:33:49,Ca Mau,Ca Mau,30.77,30.77,30.77,61.0,34.6,10000.0,0.0,78.0,3.8,7.19,279.0,1007.0,1,803,Clouds,broken clouds,04d
2025-07-18 13:35:50,Ca Mau,Ca Mau,30.06,30.06,30.06,63.0,33.57,10000.0,0.0,100.0,4.3,6.97,273.0,1006.0,1,804,Clouds,overcast clouds,04d
2025-07-18 13:37:51,Ca Mau,Ca Mau,30.06,30.06,30.06,63.0,33.57,10000.0,0.0,100.0,4.3,6.97,273.0,1006.0,1,804,Clouds,overcast clouds,04d
2025-07-18 13:39:51,Ca Mau,Ca Mau,30.06,30.06,30.06,63.0,33.57,10000.0,0.0,100.0,4.3,6.97,273.0,1006.0,1,804,Clouds,overcast clouds,04d
2025-07-18 13:41:51,Ca Mau,Ca Mau,30.06,30.06,30.06,63.0,33.57,10000.0,0.0,100.0,4.3,6.97,273.0,1006.0,1,804,Clouds,overcast clouds,04d
2025-07-18 13:43:52,Ca Mau,Ca Mau,30.06,30.06,30.06,63.0,33.57,10000.0,0.0,100.0,4.3,6.97,273.0,1006.0,1,804,Clouds,overcast clouds,04d
2025-07-18 13:45:52,Ca Mau,Ca Mau,30.06,30.06,30.06,63.0,33.57,10000.0,0.0,100.0,4.3,6.97,273.0,1006.0,1,804,Clouds,overcast clouds,04d
2025-07-18 13:47:50,Ca Mau,Ca Mau,30.08,30.08,30.08,63.0,33.61,10000.0,0.0,100.0,4.3,6.97,273.0,1006.0,1,804,Clouds,overcast clouds,04d
2025-07-18 13:49:49,Ca Mau,Ca Mau,30.08,30.08,30.08,63.0,33.61,10000.0,0.0,100.0,4.3,6.97,273.0,1006.0,1,804,Clouds,overcast clouds,04d
2025-07-18 13:51:51,Ca Mau,Ca Mau,30.08,30.08,30.08,63.0,33.61,10000.0,0.0,100.0,4.3,6.97,273.0,1006.0,1,804,Clouds,overcast clouds,04d
2025-07-18 13:53:54,Ca Mau,Ca Mau,30.08,30.08,30.08,63.0,33.61,10000.0,0.0,100.0,4.3,6.97,273.0,1006.0,1,804,Clouds,overcast clouds,04d
2025-07-18 13:55:54,Ca Mau,Ca Mau,30.08,30.08,30.08,63.0,33.61,10000.0,0.0,100.0,4.3,6.97,273.0,1006.0,1,804,Clouds,overcast clouds,04d
2025-07-18 13:57:53,Ca Mau,Ca Mau,30.08,30.08,30.08,63.0,33.61,10000.0,0.0,100.0,4.3,6.97,273.0,1006.0,1,804,Clouds,overcast clouds,04d
2025-07-18 13:59:54,Ca Mau,Ca Mau,30.08,30.08,30.08,63.0,33.61,10000.0,0.0,100.0,4.3,6.97,273.0,1006.0,1,804,Clouds,overcast clouds,04d
2025-07-18 14:01:54,Ca Mau,Ca Mau,30.08,30.08,30.08,63.0,33.61,10000.0,0.0,100.0,4.3,6.97,273.0,1006.0,1,804,Clouds,overcast clouds,04d
2025-07-18 14:03:56,Ca Mau,Ca Mau,30.08,30.08,30.08,63.0,33.61,10000.0,0.0,100.0,4.3,6.97,273.0,1006.0,1,804,Clouds,overcast clouds,04d
2025-07-18 14:05:57,Ca Mau,Ca Mau,30.08,30.08,30.08,63.0,33.61,10000.0,0.0,100.0,4.3,6.97,273.0,1006.0,1,804,Clouds,overcast clouds,04d
2025-07-18 14:07:59,Ca Mau,Ca Mau,30.09,30.09,30.09,63.0,33.64,10000.0,0.0,100.0,4.3,6.97,273.0,1006.0,1,804,Clouds,overcast clouds,04d
2025-07-18 14:10:00,Ca Mau,Ca Mau,30.09,30.09,30.09,63.0,33.64,10000.0,0.0,100.0,4.3,6.97,273.0,1006.0,1,804,Clouds,overcast clouds,04d
2025-07-18 14:12:01,Ca Mau,Ca Mau,30.09,30.09,30.09,63.0,33.64,10000.0,0.0,100.0,4.3,6.97,273.0,1006.0,1,804,Clouds,overcast clouds,04d
2025-07-18 14:14:00,Ca Mau,Ca Mau,30.09,30.09,30.09,63.0,33.64,10000.0,0.0,100.0,4.3,6.97,273.0,1006.0,1,804,Clouds,overcast clouds,04d
2025-07-18 14:16:02,Ca Mau,Ca Mau,30.09,30.09,30.09,63.0,33.64,10000.0,0.0,100.0,4.3,6.97,273.0,1006.0,1,804,Clouds,overcast clouds,04d
2025-07-18 14:18:07,Ca Mau,Ca Mau,30.08,30.08,30.08,63.0,33.61,10000.0,0.0,100.0,4.3,6.97,273.0,1006.0,1,804,Clouds,overcast clouds,04d
2025-07-18 14:20:12,Ca Mau,Ca Mau,30.09,30.09,30.09,63.0,33.64,10000.0,0.0,100.0,4.3,6.97,273.0,1006.0,1,804,Clouds,overcast clouds,04d
2025-07-18 14:22:14,Ca Mau,Ca Mau,30.08,30.08,30.08,63.0,33.61,10000.0,0.0,100.0,4.3,6.97,273.0,1006.0,1,804,Clouds,overcast clouds,04d
2025-07-18 14:24:17,Ca Mau,Ca Mau,30.08,30.08,30.08,63.0,33.61,10000.0,0.0,100.0,4.3,6.97,273.0,1006.0,1,804,Clouds,overcast clouds,04d
2025-07-18 14:26:20,Ca Mau,Ca Mau,30.08,30.08,30.08,63.0,33.61,10000.0,0.0,100.0,4.3,6.97,273.0,1006.0,1,804,Clouds,overcast clouds,04d
2025-07-18 14:28:20,Ca Mau,Ca Mau,30.08,30.08,30.08,63.0,33.61,10000.0,0.0,100.0,4.3,6.97,273.0,1006.0,1,804,Clouds,overcast clouds,04d
2025-07-18 14:30:21,Ca Mau,Ca Mau,30.08,30.08,30.08,63.0,33.61,10000.0,0.0,100.0,4.3,6.97,273.0,1006.0,1,804,Clouds,overcast clouds,04d
2025-07-18 14:32:25,Ca Mau,Ca Mau,29.4,29.4,29.4,68.0,33.21,10000.0,0.0,100.0,3.87,6.34,277.0,1006.0,1,804,Clouds,overcast clouds,04d
2025-07-18 14:34:25,Ca Mau,Ca Mau,29.4,29.4,29.4,68.0,33.21,10000.0,0.0,100.0,3.87,6.34,277.0,1006.0,1,804,Clouds,overcast clouds,04d
2025-07-18 14:36:31,Ca Mau,Ca Mau,29.4,29.4,29.4,68.0,33.21,10000.0,0.0,100.0,3.87,6.34,277.0,1006.0,1,804,Clouds,overcast clouds,04d
2025-07-18 14:38:32,Ca Mau,Ca Mau,29.4,29.4,29.4,68.0,33.21,10000.0,0.0,100.0,3.87,6.34,277.0,1006.0,1,804,Clouds,overcast clouds,04d
2025-07-18 14:40:34,Ca Mau,Ca Mau,29.4,29.4,29.4,68.0,33.21,10000.0,0.0,100.0,3.87,6.34,277.0,1006.0,1,804,Clouds,overcast clouds,04d
2025-07-18 14:42:33,Ca Mau,Ca Mau,29.4,29.4,29.4,68.0,33.21,10000.0,0.0,100.0,3.87,6.34,277.0,1006.0,1,804,Clouds,overcast clouds,04d
2025-07-18 14:44:34,Ca Mau,Ca Mau,29.4,29.4,29.4,68.0,33.21,10000.0,0.0,100.0,3.87,6.34,277.0,1006.0,1,804,Clouds,overcast clouds,04d
2025-07-18 14:46:34,Ca Mau,Ca Mau,29.4,29.4,29.4,68.0,33.21,10000.0,0.0,100.0,3.87,6.34,277.0,1006.0,1,804,Clouds,overcast clouds,04d
2025-07-18 14:48:34,Ca Mau,Ca Mau,29.4,29.4,29.4,68.0,33.21,10000.0,0.0,100.0,3.87,6.34,277.0,1006.0,1,804,Clouds,overcast clouds,04d
2025-07-18 14:50:34,Ca Mau,Ca Mau,29.45,29.45,29.45,68.0,33.32,10000.0,0.0,100.0,3.87,6.34,277.0,1006.0,1,804,Clouds,overcast clouds,04d
2025-07-18 14:52:33,Ca Mau,Ca Mau,29.45,29.45,29.45,68.0,33.32,10000.0,0.0,100.0,3.87,6.34,277.0,1006.0,1,804,Clouds,overcast clouds,04d
2025-07-18 14:54:34,Ca Mau,Ca Mau,29.45,29.45,29.45,68.0,33.32,10000.0,0.0,100.0,3.87,6.34,277.0,1006.0,1,804,Clouds,overcast clouds,04d
2025-07-18 14:56:33,Ca Mau,Ca Mau,29.45,29.45,29.45,68.0,33.32,10000.0,0.0,100.0,3.87,6.34,277.0,1006.0,1,804,Clouds,overcast clouds,04d
2025-07-18 14:58:31,Ca Mau,Ca Mau,29.45,29.45,29.45,68.0,33.32,10000.0,0.0,100.0,3.87,6.34,277.0,1006.0,1,804,Clouds,overcast clouds,04d
2025-07-18 15:01:10,Ca Mau,Ca Mau,29.45,29.45,29.45,68.0,33.32,10000.0,0.0,100.0,3.87,6.34,277.0,1006.0,1,804,Clouds,overcast clouds,04d
2025-07-18 15:03:09,Ca Mau,Ca Mau,29.45,29.45,29.45,68.0,33.32,10000.0,0.0,100.0,3.87,6.34,277.0,1006.0,1,804,Clouds,overcast clouds,04d
2025-07-18 15:05:12,Ca Mau,Ca Mau,29.45,29.45,29.45,68.0,33.32,10000.0,0.0,100.0,3.87,6.34,277.0,1006.0,1,804,Clouds,overcast clouds,04d
2025-07-18 15:07:12,Ca Mau,Ca Mau,29.5,29.5,29.5,68.0,33.43,10000.0,0.0,100.0,3.87,6.34,277.0,1006.0,1,804,Clouds,overcast clouds,04d
2025-07-18 15:09:13,Ca Mau,Ca Mau,29.5,29.5,29.5,68.0,33.43,10000.0,0.0,100.0,3.87,6.34,277.0,1006.0,1,804,Clouds,overcast clouds,04d
2025-07-18 15:11:14,Ca Mau,Ca Mau,29.5,29.5,29.5,68.0,33.43,10000.0,0.0,100.0,3.87,6.34,277.0,1006.0,1,804,Clouds,overcast clouds,04d
2025-07-18 15:13:14,Ca Mau,Ca Mau,29.5,29.5,29.5,68.0,33.43,10000.0,0.0,100.0,3.87,6.34,277.0,1006.0,1,804,Clouds,overcast clouds,04d
2025-07-18 15:15:13,Ca Mau,Ca Mau,29.5,29.5,29.5,68.0,33.43,10000.0,0.0,100.0,3.87,6.34,277.0,1006.0,1,804,Clouds,overcast clouds,04d
2025-07-18 15:17:11,Ca Mau,Ca Mau,29.5,29.5,29.5,68.0,33.43,10000.0,0.0,100.0,3.87,6.34,277.0,1006.0,1,804,Clouds,overcast clouds,04d
2025-07-18 15:19:10,Ca Mau,Ca Mau,29.5,29.5,29.5,68.0,33.43,10000.0,0.0,100.0,3.87,6.34,277.0,1006.0,1,804,Clouds,overcast clouds,04d
2025-07-18 15:21:11,Ca Mau,Ca Mau,29.49,29.49,29.49,68.0,33.41,10000.0,0.0,100.0,3.87,6.34,277.0,1006.0,1,804,Clouds,overcast clouds,04d
2025-07-18 15:23:11,Ca Mau,Ca Mau,29.49,29.49,29.49,68.0,33.41,10000.0,0.0,100.0,3.87,6.34,277.0,1006.0,1,804,Clouds,overcast clouds,04d
2025-07-18 15:25:09,Ca Mau,Ca Mau,29.49,29.49,29.49,68.0,33.41,10000.0,0.0,100.0,3.87,6.34,277.0,1006.0,1,804,Clouds,overcast clouds,04d
2025-07-18 15:27:09,Ca Mau,Ca Mau,29.49,29.49,29.49,68.0,33.41,10000.0,0.0,100.0,3.87,6.34,277.0,1006.0,1,804,Clouds,overcast clouds,04d
2025-07-18 15:29:07,Ca Mau,Ca Mau,29.49,29.49,29.49,68.0,33.41,10000.0,0.0,100.0,3.87,6.34,277.0,1006.0,1,804,Clouds,overcast clouds,04d
2025-07-18 15:31:06,Ca Mau,Ca Mau,29.49,29.49,29.49,68.0,33.41,10000.0,0.0,100.0,3.87,6.34,277.0,1006.0,1,804,Clouds,overcast clouds,04d
2025-07-18 15:33:04,Ca Mau,Ca Mau,30.37,30.37,30.37,63.0,34.22,10000.0,0.0,92.0,3.89,6.22,278.0,1005.0,1,804,Clouds,overcast clouds,04d
2025-07-18 15:35:04,Ca Mau,Ca Mau,30.37,30.37,30.37,63.0,34.22,10000.0,0.0,92.0,3.89,6.22,278.0,1005.0,1,804,Clouds,overcast clouds,04d
2025-07-18 15:37:04,Ca Mau,Ca Mau,30.37,30.37,30.37,63.0,34.22,10000.0,0.0,92.0,3.89,6.22,278.0,1005.0,1,804,Clouds,overcast clouds,04d
2025-07-18 15:39:04,Ca Mau,Ca Mau,30.37,30.37,30.37,63.0,34.22,10000.0,0.0,92.0,3.89,6.22,278.0,1005.0,1,804,Clouds,overcast clouds,04d
2025-07-18 15:41:04,Ca Mau,Ca Mau,30.37,30.37,30.37,63.0,34.22,10000.0,0.0,92.0,3.89,6.22,278.0,1005.0,1,804,Clouds,overcast clouds,04d
2025-07-18 15:43:03,Ca Mau,Ca Mau,30.37,30.37,30.37,63.0,34.22,10000.0,0.0,92.0,3.89,6.22,278.0,1005.0,1,804,Clouds,overcast clouds,04d
2025-07-18 15:45:02,Ca Mau,Ca Mau,30.37,30.37,30.37,63.0,34.22,10000.0,0.0,92.0,3.89,6.22,278.0,1005.0,1,804,Clouds,overcast clouds,04d
2025-07-18 15:47:01,Ca Mau,Ca Mau,30.37,30.37,30.37,63.0,34.22,10000.0,0.0,92.0,3.89,6.22,278.0,1005.0,1,804,Clouds,overcast clouds,04d
2025-07-18 15:49:04,Ca Mau,Ca Mau,30.37,30.37,30.37,63.0,34.22,10000.0,0.0,92.0,3.89,6.22,278.0,1005.0,1,804,Clouds,overcast clouds,04d
2025-07-18 15:51:08,Ca Mau,Ca Mau,30.31,30.31,30.31,63.0,34.1,10000.0,0.0,92.0,3.89,6.22,278.0,1005.0,1,804,Clouds,overcast clouds,04d
2025-07-18 15:53:10,Ca Mau,Ca Mau,30.31,30.31,30.31,63.0,34.1,10000.0,0.0,92.0,3.89,6.22,278.0,1005.0,1,804,Clouds,overcast clouds,04d
2025-07-18 15:55:11,Ca Mau,Ca Mau,30.31,30.31,30.31,63.0,34.1,10000.0,0.0,92.0,3.89,6.22,278.0,1005.0,1,804,Clouds,overcast clouds,04d
2025-07-18 15:57:12,Ca Mau,Ca Mau,30.31,30.31,30.31,63.0,34.1,10000.0,0.0,92.0,3.89,6.22,278.0,1005.0,1,804,Clouds,overcast clouds,04d
2025-07-18 15:59:12,Ca Mau,Ca Mau,30.31,30.31,30.31,63.0,34.1,10000.0,0.0,92.0,3.89,6.22,278.0,1005.0,1,804,Clouds,overcast clouds,04d
2025-07-18 16:01:12,Ca Mau,Ca Mau,30.31,30.31,30.31,63.0,34.1,10000.0,0.0,92.0,3.89,6.22,278.0,1005.0,1,804,Clouds,overcast clouds,04d
2025-07-18 16:03:11,Ca Mau,Ca Mau,30.29,30.29,30.29,63.0,34.05,10000.0,0.0,92.0,3.89,6.22,278.0,1005.0,1,804,Clouds,overcast clouds,04d
2025-07-18 16:05:10,Ca Mau,Ca Mau,30.29,30.29,30.29,63.0,34.05,10000.0,0.0,92.0,3.89,6.22,278.0,1005.0,1,804,Clouds,overcast clouds,04d
2025-07-18 16:07:10,Ca Mau,Ca Mau,30.29,30.29,30.29,63.0,34.05,10000.0,0.0,92.0,3.89,6.22,278.0,1005.0,1,804,Clouds,overcast clouds,04d
2025-07-18 16:09:11,Ca Mau,Ca Mau,30.29,30.29,30.29,63.0,34.05,10000.0,0.0,92.0,3.89,6.22,278.0,1005.0,1,804,Clouds,overcast clouds,04d
2025-07-18 16:11:12,Ca Mau,Ca Mau,30.29,30.29,30.29,63.0,34.05,10000.0,0.0,92.0,3.89,6.22,278.0,1005.0,1,804,Clouds,overcast clouds,04d
2025-07-18 16:13:15,Ca Mau,Ca Mau,30.29,30.29,30.29,63.0,34.05,10000.0,0.0,92.0,3.89,6.22,278.0,1005.0,1,804,Clouds,overcast clouds,04d
2025-07-18 16:15:15,Ca Mau,Ca Mau,30.29,30.29,30.29,63.0,34.05,10000.0,0.0,92.0,3.89,6.22,278.0,1005.0,1,804,Clouds,overcast clouds,04d
2025-07-18 16:17:17,Ca Mau,Ca Mau,30.29,30.29,30.29,63.0,34.05,10000.0,0.0,92.0,3.89,6.22,278.0,1005.0,1,804,Clouds,overcast clouds,04d
2025-07-18 16:19:17,Ca Mau,Ca Mau,30.29,30.29,30.29,63.0,34.05,10000.0,0.0,92.0,3.89,6.22,278.0,1005.0,1,804,Clouds,overcast clouds,04d
2025-07-18 16:21:17,Ca Mau,Ca Mau,30.29,30.29,30.29,63.0,34.05,10000.0,0.0,92.0,3.89,6.22,278.0,1005.0,1,804,Clouds,overcast clouds,04d
2025-07-18 16:23:17,Ca Mau,Ca Mau,30.29,30.29,30.29,63.0,34.05,10000.0,0.0,92.0,3.89,6.22,278.0,1005.0,1,804,Clouds,overcast clouds,04d
2025-07-18 16:25:17,Ca Mau,Ca Mau,30.29,30.29,30.29,63.0,34.05,10000.0,0.0,92.0,3.89,6.22,278.0,1005.0,1,804,Clouds,overcast clouds,04d
2025-07-18 16:27:17,Ca Mau,Ca Mau,30.29,30.29,30.29,63.0,34.05,10000.0,0.0,92.0,3.89,6.22,278.0,1005.0,1,804,Clouds,overcast clouds,04d
2025-07-18 16:29:17,Ca Mau,Ca Mau,30.29,30.29,30.29,63.0,34.05,10000.0,0.0,92.0,3.89,6.22,278.0,1005.0,1,804,Clouds,overcast clouds,04d
2025-07-18 16:31:16,Ca Mau,Ca Mau,30.29,30.29,30.29,63.0,34.05,10000.0,0.0,92.0,3.89,6.22,278.0,1005.0,1,804,Clouds,overcast clouds,04d
2025-07-18 16:33:15,Ca Mau,Ca Mau,29.91,29.91,29.91,65.0,33.69,10000.0,0.0,92.0,4.15,5.95,279.0,1005.0,1,804,Clouds,overcast clouds,04d
2025-07-18 16:35:15,Ca Mau,Ca Mau,29.91,29.91,29.91,65.0,33.69,10000.0,0.0,92.0,4.15,5.95,279.0,1005.0,1,804,Clouds,overcast clouds,04d
2025-07-18 16:37:17,Ca Mau,Ca Mau,29.91,29.91,29.91,65.0,33.69,10000.0,0.0,92.0,4.15,5.95,279.0,1005.0,1,804,Clouds,overcast clouds,04d
2025-07-18 16:39:17,Ca Mau,Ca Mau,29.91,29.91,29.91,65.0,33.69,10000.0,0.0,92.0,4.15,5.95,279.0,1005.0,1,804,Clouds,overcast clouds,04d
2025-07-18 16:41:17,Ca Mau,Ca Mau,29.91,29.91,29.91,65.0,33.69,10000.0,0.0,92.0,4.15,5.95,279.0,1005.0,1,804,Clouds,overcast clouds,04d
2025-07-18 16:43:17,Ca Mau,Ca Mau,29.91,29.91,29.91,65.0,33.69,10000.0,0.0,92.0,4.15,5.95,279.0,1005.0,1,804,Clouds,overcast clouds,04d
2025-07-18 16:45:16,Ca Mau,Ca Mau,29.91,29.91,29.91,65.0,33.69,10000.0,0.0,92.0,4.15,5.95,279.0,1005.0,1,804,Clouds,overcast clouds,04d
2025-07-18 16:47:16,Ca Mau,Ca Mau,29.91,29.91,29.91,65.0,33.69,10000.0,0.0,92.0,4.15,5.95,279.0,1005.0,1,804,Clouds,overcast clouds,04d
2025-07-18 16:49:15,Ca Mau,Ca Mau,29.91,29.91,29.91,65.0,33.69,10000.0,0.0,92.0,4.15,5.95,279.0,1005.0,1,804,Clouds,overcast clouds,04d
2025-07-18 16:51:14,Ca Mau,Ca Mau,29.87,29.87,29.87,65.0,33.6,10000.0,0.0,92.0,4.15,5.95,279.0,1005.0,1,804,Clouds,overcast clouds,04d
2025-07-18 16:53:15,Ca Mau,Ca Mau,29.87,29.87,29.87,65.0,33.6,10000.0,0.0,92.0,4.15,5.95,279.0,1005.0,1,804,Clouds,overcast clouds,04d
2025-07-18 16:55:15,Ca Mau,Ca Mau,29.87,29.87,29.87,65.0,33.6,10000.0,0.0,92.0,4.15,5.95,279.0,1005.0,1,804,Clouds,overcast clouds,04d
2025-07-18 16:57:17,Ca Mau,Ca Mau,29.87,29.87,29.87,65.0,33.6,10000.0,0.0,92.0,4.15,5.95,279.0,1005.0,1,804,Clouds,overcast clouds,04d
2025-07-18 16:59:19,Ca Mau,Ca Mau,29.87,29.87,29.87,65.0,33.6,10000.0,0.0,92.0,4.15,5.95,279.0,1005.0,1,804,Clouds,overcast clouds,04d
2025-07-18 17:01:23,Ca Mau,Ca Mau,29.87,29.87,29.87,65.0,33.6,10000.0,0.0,92.0,4.15,5.95,279.0,1005.0,1,804,Clouds,overcast clouds,04d
2025-07-18 17:03:23,Ca Mau,Ca Mau,29.85,29.85,29.85,66.0,33.78,10000.0,0.0,92.0,4.15,5.95,279.0,1005.0,1,804,Clouds,overcast clouds,04d
2025-07-18 17:05:22,Ca Mau,Ca Mau,29.85,29.85,29.85,66.0,33.78,10000.0,0.0,92.0,4.15,5.95,279.0,1005.0,1,804,Clouds,overcast clouds,04d
2025-07-18 17:07:22,Ca Mau,Ca Mau,29.85,29.85,29.85,66.0,33.78,10000.0,0.0,92.0,4.15,5.95,279.0,1005.0,1,804,Clouds,overcast clouds,04d
2025-07-18 17:09:21,Ca Mau,Ca Mau,29.85,29.85,29.85,66.0,33.78,10000.0,0.0,92.0,4.15,5.95,279.0,1005.0,1,804,Clouds,overcast clouds,04d
2025-07-18 17:11:22,Ca Mau,Ca Mau,29.85,29.85,29.85,66.0,33.78,10000.0,0.0,92.0,4.15,5.95,279.0,1005.0,1,804,Clouds,overcast clouds,04d
2025-07-18 17:13:21,Ca Mau,Ca Mau,29.85,29.85,29.85,66.0,33.78,10000.0,0.0,92.0,4.15,5.95,279.0,1005.0,1,804,Clouds,overcast clouds,04d
2025-07-18 17:15:20,Ca Mau,Ca Mau,29.85,29.85,29.85,66.0,33.78,10000.0,0.0,92.0,4.15,5.95,279.0,1005.0,1,804,Clouds,overcast clouds,04d
2025-07-18 17:17:19,Ca Mau,Ca Mau,29.85,29.85,29.85,66.0,33.78,10000.0,0.0,92.0,4.15,5.95,279.0,1005.0,1,804,Clouds,overcast clouds,04d
2025-07-18 17:19:17,Ca Mau,Ca Mau,29.85,29.85,29.85,66.0,33.78,10000.0,0.0,92.0,4.15,5.95,279.0,1005.0,1,804,Clouds,overcast clouds,04d
2025-07-18 17:21:15,Ca Mau,Ca Mau,29.85,29.85,29.85,66.0,33.78,10000.0,0.0,92.0,4.15,5.95,279.0,1005.0,1,804,Clouds,overcast clouds,04d
2025-07-18 17:23:13,Ca Mau,Ca Mau,29.85,29.85,29.85,66.0,33.78,10000.0,0.0,92.0,4.15,5.95,279.0,1005.0,1,804,Clouds,overcast clouds,04d
2025-07-18 17:25:11,Ca Mau,Ca Mau,29.85,29.85,29.85,66.0,33.78,10000.0,0.0,92.0,4.15,5.95,279.0,1005.0,1,804,Clouds,overcast clouds,04d
2025-07-18 17:27:09,Ca Mau,Ca Mau,29.85,29.85,29.85,66.0,33.78,10000.0,0.0,92.0,4.15,5.95,279.0,1005.0,1,804,Clouds,overcast clouds,04d
2025-07-18 17:29:06,Ca Mau,Ca Mau,29.85,29.85,29.85,66.0,33.78,10000.0,0.0,92.0,4.15,5.95,279.0,1005.0,1,804,Clouds,overcast clouds,04d
2025-07-18 17:31:06,Ca Mau,Ca Mau,29.85,29.85,29.85,66.0,33.78,10000.0,0.0,92.0,4.15,5.95,279.0,1005.0,1,804,Clouds,overcast clouds,04d
2025-07-18 17:33:06,Ca Mau,Ca Mau,29.85,29.85,29.85,66.0,33.78,10000.0,0.0,92.0,4.15,5.95,279.0,1005.0,1,804,Clouds,overcast clouds,04d
2025-07-18 17:35:06,Ca Mau,Ca Mau,29.85,29.85,29.85,66.0,33.78,10000.0,0.0,92.0,4.15,5.95,279.0,1005.0,1,804,Clouds,overcast clouds,04d
2025-07-18 17:37:05,Ca Mau,Ca Mau,28.12,28.12,28.12,77.0,31.93,10000.0,0.0,94.0,3.28,6.58,283.0,1005.0,1,804,Clouds,overcast clouds,04d
2025-07-18 17:39:05,Ca Mau,Ca Mau,28.12,28.12,28.12,77.0,31.93,10000.0,0.0,94.0,3.28,6.58,283.0,1005.0,1,804,Clouds,overcast clouds,04d
2025-07-18 17:41:04,Ca Mau,Ca Mau,28.12,28.12,28.12,77.0,31.93,10000.0,0.0,94.0,3.28,6.58,283.0,1005.0,1,804,Clouds,overcast clouds,04d
2025-07-18 17:43:03,Ca Mau,Ca Mau,28.12,28.12,28.12,77.0,31.93,10000.0,0.0,94.0,3.28,6.58,283.0,1005.0,1,804,Clouds,overcast clouds,04d
2025-07-18 17:45:02,Ca Mau,Ca Mau,28.12,28.12,28.12,77.0,31.93,10000.0,0.0,94.0,3.28,6.58,283.0,1005.0,1,804,Clouds,overcast clouds,04d
2025-07-18 17:47:01,Ca Mau,Ca Mau,28.12,28.12,28.12,77.0,31.93,10000.0,0.0,94.0,3.28,6.58,283.0,1005.0,1,804,Clouds,overcast clouds,04d
2025-07-18 17:49:01,Ca Mau,Ca Mau,28.12,28.12,28.12,77.0,31.93,10000.0,0.0,94.0,3.28,6.58,283.0,1005.0,1,804,Clouds,overcast clouds,04d
2025-07-18 17:51:02,Ca Mau,Ca Mau,28.11,28.11,28.11,77.0,31.9,10000.0,0.0,94.0,3.28,6.58,283.0,1005.0,1,804,Clouds,overcast clouds,04d
2025-07-18 17:53:05,Ca Mau,Ca Mau,28.11,28.11,28.11,77.0,31.9,10000.0,0.0,94.0,3.28,6.58,283.0,1005.0,1,804,Clouds,overcast clouds,04d
2025-07-18 17:55:06,Ca Mau,Ca Mau,28.11,28.11,28.11,77.0,31.9,10000.0,0.0,94.0,3.28,6.58,283.0,1005.0,1,804,Clouds,overcast clouds,04d
2025-07-18 17:57:05,Ca Mau,Ca Mau,28.11,28.11,28.11,77.0,31.9,10000.0,0.0,94.0,3.28,6.58,283.0,1005.0,1,804,Clouds,overcast clouds,04d
2025-07-18 17:59:04,Ca Mau,Ca Mau,28.11,28.11,28.11,77.0,31.9,10000.0,0.0,94.0,3.28,6.58,283.0,1005.0,1,804,Clouds,overcast clouds,04d
2025-07-18 18:01:05,Ca Mau,Ca Mau,28.11,28.11,28.11,77.0,31.9,10000.0,0.0,94.0,3.28,6.58,283.0,1005.0,1,804,Clouds,overcast clouds,04d
2025-07-18 18:03:05,Ca Mau,Ca Mau,28.11,28.11,28.11,77.0,31.9,10000.0,0.0,94.0,3.28,6.58,283.0,1005.0,1,804,Clouds,overcast clouds,04d
2025-07-18 18:05:05,Ca Mau,Ca Mau,28.11,28.11,28.11,77.0,31.9,10000.0,0.0,94.0,3.28,6.58,283.0,1005.0,1,804,Clouds,overcast clouds,04d
2025-07-18 18:07:06,Ca Mau,Ca Mau,28.11,28.11,28.11,77.0,31.9,10000.0,0.0,94.0,3.28,6.58,283.0,1005.0,1,804,Clouds,overcast clouds,04d
2025-07-18 18:09:06,Ca Mau,Ca Mau,28.11,28.11,28.11,77.0,31.9,10000.0,0.0,94.0,3.28,6.58,283.0,1005.0,1,804,Clouds,overcast clouds,04d
2025-07-18 18:11:07,Ca Mau,Ca Mau,28.13,28.13,28.13,77.0,31.95,10000.0,0.0,94.0,3.28,6.58,283.0,1005.0,1,804,Clouds,overcast clouds,04d
2025-07-18 18:13:06,Ca Mau,Ca Mau,28.13,28.13,28.13,77.0,31.95,10000.0,0.0,94.0,3.28,6.58,283.0,1005.0,1,804,Clouds,overcast clouds,04d
2025-07-18 18:15:06,Ca Mau,Ca Mau,28.13,28.13,28.13,77.0,31.95,10000.0,0.0,94.0,3.28,6.58,283.0,1005.0,1,804,Clouds,overcast clouds,04d
2025-07-18 18:17:04,Ca Mau,Ca Mau,28.13,28.13,28.13,77.0,31.95,10000.0,0.0,94.0,3.28,6.58,283.0,1005.0,1,804,Clouds,overcast clouds,04d
2025-07-18 18:19:03,Ca Mau,Ca Mau,28.13,28.13,28.13,77.0,31.95,10000.0,0.0,94.0,3.28,6.58,283.0,1005.0,1,804,Clouds,overcast clouds,04d
2025-07-18 18:21:03,Ca Mau,Ca Mau,28.13,28.13,28.13,77.0,31.95,10000.0,0.0,94.0,3.28,6.58,283.0,1005.0,1,804,Clouds,overcast clouds,04d
2025-07-18 18:23:02,Ca Mau,Ca Mau,28.13,28.13,28.13,77.0,31.95,10000.0,0.0,94.0,3.28,6.58,283.0,1005.0,1,804,Clouds,overcast clouds,04d
2025-07-18 18:25:01,Ca Mau,Ca Mau,28.13,28.13,28.13,77.0,31.95,10000.0,0.0,94.0,3.28,6.58,283.0,1005.0,0,804,Clouds,overcast clouds,04d
2025-07-18 18:27:02,Ca Mau,Ca Mau,28.13,28.13,28.13,77.0,31.95,10000.0,0.0,94.0,3.28,6.58,283.0,1005.0,0,804,Clouds,overcast clouds,04d
2025-07-18 18:29:02,Ca Mau,Ca Mau,28.13,28.13,28.13,77.0,31.95,10000.0,0.0,94.0,3.28,6.58,283.0,1005.0,0,804,Clouds,overcast clouds,04n
2025-07-18 18:31:02,Ca Mau,Ca Mau,27.37,27.37,27.37,82.0,30.81,10000.0,0.0,95.0,1.75,6.03,280.0,1006.0,0,804,Clouds,overcast clouds,04n
2025-07-18 18:33:04,Ca Mau,Ca Mau,28.13,28.13,28.13,77.0,31.95,10000.0,0.0,94.0,3.28,6.58,283.0,1005.0,0,804,Clouds,overcast clouds,04n
2025-07-18 18:35:03,Ca Mau,Ca Mau,27.37,27.37,27.37,82.0,30.81,10000.0,0.0,95.0,1.75,6.03,280.0,1006.0,0,804,Clouds,overcast clouds,04n
2025-07-18 18:37:04,Ca Mau,Ca Mau,27.37,27.37,27.37,82.0,30.81,10000.0,0.0,95.0,1.75,6.03,280.0,1006.0,0,804,Clouds,overcast clouds,04n
2025-07-18 18:39:04,Ca Mau,Ca Mau,27.37,27.37,27.37,82.0,30.81,10000.0,0.0,95.0,1.75,6.03,280.0,1006.0,0,804,Clouds,overcast clouds,04n
2025-07-18 18:41:02,Ca Mau,Ca Mau,27.36,27.36,27.36,82.0,30.79,10000.0,0.0,95.0,1.75,6.03,280.0,1006.0,0,804,Clouds,overcast clouds,04n
2025-07-18 18:43:00,Ca Mau,Ca Mau,27.36,27.36,27.36,82.0,30.79,10000.0,0.0,95.0,1.75,6.03,280.0,1006.0,0,804,Clouds,overcast clouds,04n
2025-07-18 18:44:59,Ca Mau,Ca Mau,27.36,27.36,27.36,82.0,30.79,10000.0,0.0,95.0,1.75,6.03,280.0,1006.0,0,804,Clouds,overcast clouds,04n
2025-07-18 18:47:00,Ca Mau,Ca Mau,27.32,27.32,27.32,83.0,30.81,10000.0,0.0,95.0,1.75,6.03,280.0,1006.0,0,804,Clouds,overcast clouds,04n
2025-07-18 18:49:02,Ca Mau,Ca Mau,27.32,27.32,27.32,83.0,30.81,10000.0,0.0,95.0,1.75,6.03,280.0,1006.0,0,804,Clouds,overcast clouds,04n
2025-07-18 18:51:00,Ca Mau,Ca Mau,27.32,27.32,27.32,83.0,30.81,10000.0,0.0,95.0,1.75,6.03,280.0,1006.0,0,804,Clouds,overcast clouds,04n
2025-07-18 18:52:55,Ca Mau,Ca Mau,27.32,27.32,27.32,83.0,30.81,10000.0,0.0,95.0,1.75,6.03,280.0,1006.0,0,804,Clouds,overcast clouds,04n
2025-07-18 18:54:49,Ca Mau,Ca Mau,27.32,27.32,27.32,83.0,30.81,10000.0,0.0,95.0,1.75,6.03,280.0,1006.0,0,804,Clouds,overcast clouds,04n
2025-07-18 18:56:44,Ca Mau,Ca Mau,27.32,27.32,27.32,83.0,30.81,10000.0,0.0,95.0,1.75,6.03,280.0,1006.0,0,804,Clouds,overcast clouds,04n
2025-07-18 18:58:38,Ca Mau,Ca Mau,27.32,27.32,27.32,83.0,30.81,10000.0,0.0,95.0,1.75,6.03,280.0,1006.0,0,804,Clouds,overcast clouds,04n
2025-07-18 19:02:29,Ca Mau,Ca Mau,27.32,27.32,27.32,83.0,30.81,10000.0,0.0,95.0,1.75,6.03,280.0,1006.0,0,804,Clouds,overcast clouds,04n
2025-07-18 19:04:24,Ca Mau,Ca Mau,27.32,27.32,27.32,83.0,30.81,10000.0,0.0,95.0,1.75,6.03,280.0,1006.0,0,804,Clouds,overcast clouds,04n
2025-07-18 19:06:20,Ca Mau,Ca Mau,27.34,27.34,27.34,83.0,30.86,10000.0,0.0,95.0,1.75,6.03,280.0,1006.0,0,804,Clouds,overcast clouds,04n
2025-07-18 19:08:14,Ca Mau,Ca Mau,27.34,27.34,27.34,83.0,30.86,10000.0,0.0,95.0,1.75,6.03,280.0,1006.0,0,804,Clouds,overcast clouds,04n
2025-07-18 19:10:09,Ca Mau,Ca Mau,27.34,27.34,27.34,83.0,30.86,10000.0,0.0,95.0,1.75,6.03,280.0,1006.0,0,804,Clouds,overcast clouds,04n
2025-07-18 19:12:05,Ca Mau,Ca Mau,27.34,27.34,27.34,83.0,30.86,10000.0,0.0,95.0,1.75,6.03,280.0,1006.0,0,804,Clouds,overcast clouds,04n
2025-07-18 19:14:00,Ca Mau,Ca Mau,27.34,27.34,27.34,83.0,30.86,10000.0,0.0,95.0,1.75,6.03,280.0,1006.0,0,804,Clouds,overcast clouds,04n
2025-07-18 19:15:55,Ca Mau,Ca Mau,27.34,27.34,27.34,83.0,30.86,10000.0,0.0,95.0,1.75,6.03,280.0,1006.0,0,804,Clouds,overcast clouds,04n
2025-07-18 19:17:49,Ca Mau,Ca Mau,27.34,27.34,27.34,83.0,30.86,10000.0,0.0,95.0,1.75,6.03,280.0,1006.0,0,804,Clouds,overcast clouds,04n
2025-07-18 19:19:43,Ca Mau,Ca Mau,27.34,27.34,27.34,83.0,30.86,10000.0,0.0,95.0,1.75,6.03,280.0,1006.0,0,804,Clouds,overcast clouds,04n
2025-07-18 19:21:38,Ca Mau,Ca Mau,27.34,27.34,27.34,83.0,30.86,10000.0,0.0,95.0,1.75,6.03,280.0,1006.0,0,804,Clouds,overcast clouds,04n
2025-07-18 19:23:33,Ca Mau,Ca Mau,27.34,27.34,27.34,83.0,30.86,10000.0,0.0,95.0,1.75,6.03,280.0,1006.0,0,804,Clouds,overcast clouds,04n
2025-07-18 19:25:29,Ca Mau,Ca Mau,27.34,27.34,27.34,83.0,30.86,10000.0,0.0,95.0,1.75,6.03,280.0,1006.0,0,804,Clouds,overcast clouds,04n
2025-07-18 19:27:23,Ca Mau,Ca Mau,27.34,27.34,27.34,83.0,30.86,10000.0,0.0,95.0,1.75,6.03,280.0,1006.0,0,804,Clouds,overcast clouds,04n
2025-07-18 19:29:17,Ca Mau,Ca Mau,27.34,27.34,27.34,83.0,30.86,10000.0,0.0,95.0,1.75,6.03,280.0,1006.0,0,804,Clouds,overcast clouds,04n
2025-07-18 19:31:12,Ca Mau,Ca Mau,27.34,27.34,27.34,83.0,30.86,10000.0,0.0,95.0,1.75,6.03,280.0,1006.0,0,804,Clouds,overcast clouds,04n
2025-07-18 19:33:07,Ca Mau,Ca Mau,27.17,27.17,27.17,85.0,30.66,10000.0,0.0,100.0,1.82,7.47,272.0,1007.0,0,804,Clouds,overcast clouds,04n
2025-07-18 19:35:03,Ca Mau,Ca Mau,27.17,27.17,27.17,85.0,30.66,10000.0,0.0,100.0,1.82,7.47,272.0,1007.0,0,804,Clouds,overcast clouds,04n
2025-07-18 19:36:59,Ca Mau,Ca Mau,27.17,27.17,27.17,85.0,30.66,10000.0,0.0,100.0,1.82,7.47,272.0,1007.0,0,804,Clouds,overcast clouds,04n
2025-07-18 19:38:53,Ca Mau,Ca Mau,27.17,27.17,27.17,85.0,30.66,10000.0,0.0,100.0,1.82,7.47,272.0,1007.0,0,804,Clouds,overcast clouds,04n
2025-07-18 19:40:47,Ca Mau,Ca Mau,27.17,27.17,27.17,85.0,30.66,10000.0,0.0,100.0,1.82,7.47,272.0,1007.0,0,804,Clouds,overcast clouds,04n
2025-07-18 19:42:42,Ca Mau,Ca Mau,27.17,27.17,27.17,85.0,30.66,10000.0,0.0,100.0,1.82,7.47,272.0,1007.0,0,804,Clouds,overcast clouds,04n
2025-07-18 19:44:39,Ca Mau,Ca Mau,27.17,27.17,27.17,85.0,30.66,10000.0,0.0,100.0,1.82,7.47,272.0,1007.0,0,804,Clouds,overcast clouds,04n
2025-07-18 19:46:33,Ca Mau,Ca Mau,27.17,27.17,27.17,85.0,30.66,10000.0,0.0,100.0,1.82,7.47,272.0,1007.0,0,804,Clouds,overcast clouds,04n
2025-07-18 19:48:28,Ca Mau,Ca Mau,27.17,27.17,27.17,85.0,30.66,10000.0,0.0,100.0,1.82,7.47,272.0,1007.0,0,804,Clouds,overcast clouds,04n
2025-07-18 19:50:22,Ca Mau,Ca Mau,27.17,27.17,27.17,85.0,30.66,10000.0,0.0,100.0,1.82,7.47,272.0,1007.0,0,804,Clouds,overcast clouds,04n
2025-07-18 19:52:19,Ca Mau,Ca Mau,27.17,27.17,27.17,85.0,30.66,10000.0,0.0,100.0,1.82,7.47,272.0,1007.0,0,804,Clouds,overcast clouds,04n
2025-07-18 19:54:14,Ca Mau,Ca Mau,27.17,27.17,27.17,85.0,30.66,10000.0,0.0,100.0,1.82,7.47,272.0,1007.0,0,804,Clouds,overcast clouds,04n
2025-07-18 19:56:08,Ca Mau,Ca Mau,27.17,27.17,27.17,85.0,30.66,10000.0,0.0,100.0,1.82,7.47,272.0,1007.0,0,804,Clouds,overcast clouds,04n
2025-07-18 19:58:03,Ca Mau,Ca Mau,27.17,27.17,27.17,85.0,30.66,10000.0,0.0,100.0,1.82,7.47,272.0,1007.0,0,804,Clouds,overcast clouds,04n
2025-07-18 19:59:57,Ca Mau,Ca Mau,27.17,27.17,27.17,85.0,30.66,10000.0,0.0,100.0,1.82,7.47,272.0,1007.0,0,804,Clouds,overcast clouds,04n
2025-07-18 20:01:52,Ca Mau,Ca Mau,27.17,27.17,27.17,85.0,30.66,10000.0,0.0,100.0,1.82,7.47,272.0,1007.0,0,804,Clouds,overcast clouds,04n
2025-07-18 20:03:46,Ca Mau,Ca Mau,27.17,27.17,27.17,85.0,30.66,10000.0,0.0,100.0,1.82,7.47,272.0,1007.0,0,804,Clouds,overcast clouds,04n
2025-07-18 20:05:44,Ca Mau,Ca Mau,27.17,27.17,27.17,85.0,30.66,10000.0,0.0,100.0,1.82,7.47,272.0,1007.0,0,804,Clouds,overcast clouds,04n
2025-07-18 20:07:43,Ca Mau,Ca Mau,27.17,27.17,27.17,85.0,30.66,10000.0,0.0,100.0,1.82,7.47,272.0,1007.0,0,804,Clouds,overcast clouds,04n
2025-07-18 20:09:41,Ca Mau,Ca Mau,27.17,27.17,27.17,85.0,30.66,10000.0,0.0,100.0,1.82,7.47,272.0,1007.0,0,804,Clouds,overcast clouds,04n
2025-07-18 20:11:36,Ca Mau,Ca Mau,27.17,27.17,27.17,85.0,30.66,10000.0,0.0,100.0,1.82,7.47,272.0,1007.0,0,804,Clouds,overcast clouds,04n
2025-07-18 20:13:31,Ca Mau,Ca Mau,27.17,27.17,27.17,85.0,30.66,10000.0,0.0,100.0,1.82,7.47,272.0,1007.0,0,804,Clouds,overcast clouds,04n
2025-07-18 20:15:26,Ca Mau,Ca Mau,27.17,27.17,27.17,85.0,30.66,10000.0,0.0,100.0,1.82,7.47,272.0,1007.0,0,804,Clouds,overcast clouds,04n
2025-07-18 20:19:14,Ca Mau,Ca Mau,27.17,27.17,27.17,85.0,30.66,10000.0,0.0,100.0,1.82,7.47,272.0,1007.0,0,804,Clouds,overcast clouds,04n
2025-07-18 20:21:09,Ca Mau,Ca Mau,27.17,27.17,27.17,85.0,30.66,10000.0,0.0,100.0,1.82,7.47,272.0,1007.0,0,804,Clouds,overcast clouds,04n
2025-07-18 20:23:06,Ca Mau,Ca Mau,27.17,27.17,27.17,85.0,30.66,10000.0,0.0,100.0,1.82,7.47,272.0,1007.0,0,804,Clouds,overcast clouds,04n
2025-07-18 20:25:00,Ca Mau,Ca Mau,27.17,27.17,27.17,85.0,30.66,10000.0,0.0,100.0,1.82,7.47,272.0,1007.0,0,804,Clouds,overcast clouds,04n
2025-07-18 20:26:55,Ca Mau,Ca Mau,27.17,27.17,27.17,85.0,30.66,10000.0,0.0,100.0,1.82,7.47,272.0,1007.0,0,804,Clouds,overcast clouds,04n
2025-07-18 20:28:52,Ca Mau,Ca Mau,27.17,27.17,27.17,85.0,30.66,10000.0,0.0,100.0,1.82,7.47,272.0,1007.0,0,804,Clouds,overcast clouds,04n
2025-07-18 20:30:46,Ca Mau,Ca Mau,26.82,26.82,26.82,87.0,29.95,10000.0,0.0,100.0,2.56,8.55,279.0,1008.0,0,804,Clouds,overcast clouds,04n
2025-07-18 20:32:41,Ca Mau,Ca Mau,26.82,26.82,26.82,87.0,29.95,10000.0,0.0,100.0,2.56,8.55,279.0,1008.0,0,804,Clouds,overcast clouds,04n
2025-07-18 20:34:36,Ca Mau,Ca Mau,26.82,26.82,26.82,87.0,29.95,10000.0,0.0,100.0,2.56,8.55,279.0,1008.0,0,804,Clouds,overcast clouds,04n
2025-07-18 20:36:30,Ca Mau,Ca Mau,26.76,26.76,26.76,87.0,29.8,10000.0,0.0,100.0,2.56,8.55,279.0,1008.0,0,804,Clouds,overcast clouds,04n
2025-07-18 20:38:27,Ca Mau,Ca Mau,26.76,26.76,26.76,87.0,29.8,10000.0,0.0,100.0,2.56,8.55,279.0,1008.0,0,804,Clouds,overcast clouds,04n
2025-07-18 20:40:22,Ca Mau,Ca Mau,26.76,26.76,26.76,87.0,29.8,10000.0,0.0,100.0,2.56,8.55,279.0,1008.0,0,804,Clouds,overcast clouds,04n
2025-07-18 20:42:16,Ca Mau,Ca Mau,26.76,26.76,26.76,87.0,29.8,10000.0,0.0,100.0,2.56,8.55,279.0,1008.0,0,804,Clouds,overcast clouds,04n
2025-07-18 20:44:13,Ca Mau,Ca Mau,26.76,26.76,26.76,87.0,29.8,10000.0,0.0,100.0,2.56,8.55,279.0,1008.0,0,804,Clouds,overcast clouds,04n
2025-07-18 20:46:08,Ca Mau,Ca Mau,26.76,26.76,26.76,87.0,29.8,10000.0,0.0,100.0,2.56,8.55,279.0,1008.0,0,804,Clouds,overcast clouds,04n
2025-07-18 20:48:03,Ca Mau,Ca Mau,26.76,26.76,26.76,87.0,29.8,10000.0,0.0,100.0,2.56,8.55,279.0,1008.0,0,804,Clouds,overcast clouds,04n
2025-07-18 20:49:58,Ca Mau,Ca Mau,26.76,26.76,26.76,87.0,29.8,10000.0,0.0,100.0,2.56,8.55,279.0,1008.0,0,804,Clouds,overcast clouds,04n
2025-07-18 20:51:54,Ca Mau,Ca Mau,26.76,26.76,26.76,87.0,29.8,10000.0,0.0,100.0,2.56,8.55,279.0,1008.0,0,804,Clouds,overcast clouds,04n
2025-07-18 20:53:53,Ca Mau,Ca Mau,26.82,26.82,26.82,87.0,29.95,10000.0,0.0,100.0,2.56,8.55,279.0,1008.0,0,804,Clouds,overcast clouds,04n
2025-07-18 20:55:48,Ca Mau,Ca Mau,26.82,26.82,26.82,87.0,29.95,10000.0,0.0,100.0,2.56,8.55,279.0,1008.0,0,804,Clouds,overcast clouds,04n
2025-07-18 20:57:45,Ca Mau,Ca Mau,26.82,26.82,26.82,87.0,29.95,10000.0,0.0,100.0,2.56,8.55,279.0,1008.0,0,804,Clouds,overcast clouds,04n
2025-07-18 20:59:40,Ca Mau,Ca Mau,26.82,26.82,26.82,87.0,29.95,10000.0,0.0,100.0,2.56,8.55,279.0,1008.0,0,804,Clouds,overcast clouds,04n
2025-07-18 21:01:34,Ca Mau,Ca Mau,26.82,26.82,26.82,87.0,29.95,10000.0,0.0,100.0,2.56,8.55,279.0,1008.0,0,804,Clouds,overcast clouds,04n
2025-07-18 21:03:29,Ca Mau,Ca Mau,26.82,26.82,26.82,87.0,29.95,10000.0,0.0,100.0,2.56,8.55,279.0,1008.0,0,804,Clouds,overcast clouds,04n
2025-07-18 21:05:31,Ca Mau,Ca Mau,26.84,26.84,26.84,87.0,30.0,10000.0,0.0,100.0,2.56,8.55,279.0,1008.0,0,804,Clouds,overcast clouds,04n
2025-07-18 21:07:27,Ca Mau,Ca Mau,26.84,26.84,26.84,87.0,30.0,10000.0,0.0,100.0,2.56,8.55,279.0,1008.0,0,804,Clouds,overcast clouds,04n
2025-07-18 21:09:22,Ca Mau,Ca Mau,26.84,26.84,26.84,87.0,30.0,10000.0,0.0,100.0,2.56,8.55,279.0,1008.0,0,804,Clouds,overcast clouds,04n
2025-07-18 21:11:17,Ca Mau,Ca Mau,26.84,26.84,26.84,87.0,30.0,10000.0,0.0,100.0,2.56,8.55,279.0,1008.0,0,804,Clouds,overcast clouds,04n
2025-07-18 21:15:17,Ca Mau,Ca Mau,26.84,26.84,26.84,87.0,30.0,10000.0,0.0,100.0,2.56,8.55,279.0,1008.0,0,804,Clouds,overcast clouds,04n
2025-07-18 21:17:17,Ca Mau,Ca Mau,26.84,26.84,26.84,87.0,30.0,10000.0,0.0,100.0,2.56,8.55,279.0,1008.0,0,804,Clouds,overcast clouds,04n
2025-07-18 21:19:14,Ca Mau,Ca Mau,26.84,26.84,26.84,87.0,30.0,10000.0,0.0,100.0,2.56,8.55,279.0,1008.0,0,804,Clouds,overcast clouds,04n
2025-07-18 21:21:10,Ca Mau,Ca Mau,26.84,26.84,26.84,87.0,30.0,10000.0,0.0,100.0,2.56,8.55,279.0,1008.0,0,804,Clouds,overcast clouds,04n
2025-07-18 21:23:13,Ca Mau,Ca Mau,26.84,26.84,26.84,87.0,30.0,10000.0,0.0,100.0,2.56,8.55,279.0,1008.0,0,804,Clouds,overcast clouds,04n
2025-07-18 21:25:11,Ca Mau,Ca Mau,26.84,26.84,26.84,87.0,30.0,10000.0,0.0,100.0,2.56,8.55,279.0,1008.0,0,804,Clouds,overcast clouds,04n
2025-07-18 21:27:07,Ca Mau,Ca Mau,26.84,26.84,26.84,87.0,30.0,10000.0,0.0,100.0,2.56,8.55,279.0,1008.0,0,804,Clouds,overcast clouds,04n
2025-07-18 21:29:02,Ca Mau,Ca Mau,26.84,26.84,26.84,87.0,30.0,10000.0,0.0,100.0,2.56,8.55,279.0,1008.0,0,804,Clouds,overcast clouds,04n
2025-07-18 21:30:58,Ca Mau,Ca Mau,26.84,26.84,26.84,87.0,30.0,10000.0,0.0,100.0,2.56,8.55,279.0,1008.0,0,804,Clouds,overcast clouds,04n
2025-07-18 21:32:53,Ca Mau,Ca Mau,26.84,26.84,26.84,87.0,30.0,10000.0,0.0,100.0,2.56,8.55,279.0,1008.0,0,804,Clouds,overcast clouds,04n
2025-07-18 21:34:47,Ca Mau,Ca Mau,26.71,26.71,26.71,88.0,29.75,10000.0,0.0,100.0,2.37,7.83,285.0,1008.0,0,804,Clouds,overcast clouds,04n
2025-07-18 21:36:44,Ca Mau,Ca Mau,26.71,26.71,26.71,88.0,29.75,10000.0,0.0,100.0,2.37,7.83,285.0,1008.0,0,804,Clouds,overcast clouds,04n
2025-07-18 21:38:41,Ca Mau,Ca Mau,26.71,26.71,26.71,88.0,29.75,10000.0,0.0,100.0,2.37,7.83,285.0,1008.0,0,804,Clouds,overcast clouds,04n
2025-07-18 21:42:33,Ca Mau,Ca Mau,26.71,26.71,26.71,88.0,29.75,10000.0,0.0,100.0,2.37,7.83,285.0,1008.0,0,804,Clouds,overcast clouds,04n
2025-07-18 21:44:30,Ca Mau,Ca Mau,26.71,26.71,26.71,88.0,29.75,10000.0,0.0,100.0,2.37,7.83,285.0,1008.0,0,804,Clouds,overcast clouds,04n
2025-07-18 21:46:26,Ca Mau,Ca Mau,26.71,26.71,26.71,88.0,29.75,10000.0,0.0,100.0,2.37,7.83,285.0,1008.0,0,804,Clouds,overcast clouds,04n
2025-07-18 21:48:27,Ca Mau,Ca Mau,26.71,26.71,26.71,88.0,29.75,10000.0,0.0,100.0,2.37,7.83,285.0,1008.0,0,804,Clouds,overcast clouds,04n
2025-07-18 21:50:33,Ca Mau,Ca Mau,26.71,26.71,26.71,88.0,29.75,10000.0,0.0,100.0,2.37,7.83,285.0,1008.0,0,804,Clouds,overcast clouds,04n
2025-07-18 21:52:30,Ca Mau,Ca Mau,26.71,26.71,26.71,88.0,29.75,10000.0,0.0,100.0,2.37,7.83,285.0,1008.0,0,804,Clouds,overcast clouds,04n
2025-07-18 21:54:25,Ca Mau,Ca Mau,26.71,26.71,26.71,88.0,29.75,10000.0,0.0,100.0,2.37,7.83,285.0,1008.0,0,804,Clouds,overcast clouds,04n
2025-07-18 21:56:21,Ca Mau,Ca Mau,26.71,26.71,26.71,88.0,29.75,10000.0,0.0,100.0,2.37,7.83,285.0,1008.0,0,804,Clouds,overcast clouds,04n
2025-07-18 21:58:16,Ca Mau,Ca Mau,26.71,26.71,26.71,88.0,29.75,10000.0,0.0,100.0,2.37,7.83,285.0,1008.0,0,804,Clouds,overcast clouds,04n
2025-07-18 22:06:47,Ca Mau,Ca Mau,26.72,26.72,26.72,88.0,29.78,10000.0,0.0,100.0,2.37,7.83,285.0,1008.0,0,804,Clouds,overcast clouds,04n
2025-07-18 22:15:59,Ca Mau,Ca Mau,26.72,26.72,26.72,88.0,29.78,10000.0,0.0,100.0,2.37,7.83,285.0,1008.0,0,804,Clouds,overcast clouds,04n
2025-07-18 22:18:20,Ca Mau,Ca Mau,26.72,26.72,26.72,88.0,29.78,10000.0,0.0,100.0,2.37,7.83,285.0,1008.0,0,804,Clouds,overcast clouds,04n
2025-07-18 22:20:20,Ca Mau,Ca Mau,26.72,26.72,26.72,88.0,29.78,10000.0,0.0,100.0,2.37,7.83,285.0,1008.0,0,804,Clouds,overcast clouds,04n
2025-07-18 22:26:51,Ca Mau,Ca Mau,26.72,26.72,26.72,88.0,29.78,10000.0,0.0,100.0,2.37,7.83,285.0,1008.0,0,804,Clouds,overcast clouds,04n
2025-07-19 00:11:14,Ca Mau,Ca Mau,25.79,25.79,25.79,94.0,26.88,10000.0,0.0,87.0,1.25,2.94,299.0,1007.0,0,804,Clouds,overcast clouds,04n
2025-07-19 06:08:45,Ca Mau,Ca Mau,25.11,25.11,25.11,93.0,26.1,10000.0,0.0,95.0,1.65,7.1,242.0,1005.0,1,804,Clouds,overcast clouds,04d
2025-07-19 06:49:43,Ca Mau,Ca Mau,26.73,26.73,26.73,85.0,29.55,10000.0,0.0,95.0,1.82,7.17,244.0,1006.0,1,804,Clouds,overcast clouds,04d
2025-07-19 07:12:49,Ca Mau,Ca Mau,26.72,26.72,26.72,85.0,29.53,10000.0,0.0,95.0,1.82,7.17,244.0,1006.0,1,804,Clouds,overcast clouds,04d
2025-07-19 08:51:17,Ca Mau,Ca Mau,30.97,30.97,30.97,62.0,35.29,10000.0,0.0,99.0,4.24,7.44,251.0,1007.0,1,804,Clouds,overcast clouds,04d
2025-07-19 09:38:31,Ca Mau,Ca Mau,32.15,32.15,32.15,55.0,35.95,10000.0,0.0,100.0,5.22,9.11,254.0,1006.0,1,804,Clouds,overcast clouds,04d
2025-07-19 10:26:58,Ca Mau,Ca Mau,32.36,32.36,32.36,57.0,36.99,10000.0,0.0,100.0,5.22,9.11,254.0,1006.0,1,804,Clouds,overcast clouds,04d
2025-07-19 10:39:24,Ca Mau,Ca Mau,33.07,33.07,33.07,50.0,36.43,10000.0,0.0,90.0,6.01,10.34,255.0,1006.0,1,804,Clouds,overcast clouds,04d
2025-07-19 10:43:22,Ca Mau,Ca Mau,33.07,33.07,33.07,50.0,36.43,10000.0,0.0,90.0,6.01,10.34,255.0,1006.0,1,804,Clouds,overcast clouds,04d
2025-07-19 10:47:22,Ca Mau,Ca Mau,33.1,33.1,33.1,50.0,36.49,10000.0,0.0,90.0,6.01,10.34,255.0,1006.0,1,804,Clouds,overcast clouds,04d
2025-07-19 10:51:15,Ca Mau,Ca Mau,33.1,33.1,33.1,50.0,36.49,10000.0,0.0,90.0,6.01,10.34,255.0,1006.0,1,804,Clouds,overcast clouds,04d
2025-07-19 10:59:16,Ca Mau,Ca Mau,33.1,33.1,33.1,50.0,36.49,10000.0,0.0,90.0,6.01,10.34,255.0,1006.0,1,804,Clouds,overcast clouds,04d
2025-07-19 11:06:56,Ca Mau,Ca Mau,32.95,32.95,32.95,51.0,36.48,10000.0,0.0,90.0,6.01,10.34,255.0,1006.0,1,804,Clouds,overcast clouds,04d
2025-07-19 11:11:17,Ca Mau,Ca Mau,32.95,32.95,32.95,51.0,36.48,10000.0,0.0,90.0,6.01,10.34,255.0,1006.0,1,804,Clouds,overcast clouds,04d
2025-07-19 11:15:28,Ca Mau,Ca Mau,32.95,32.95,32.95,51.0,36.48,10000.0,0.0,90.0,6.01,10.34,255.0,1006.0,1,804,Clouds,overcast clouds,04d
2025-07-19 11:19:31,Ca Mau,Ca Mau,32.95,32.95,32.95,51.0,36.48,10000.0,0.0,90.0,6.01,10.34,255.0,1006.0,1,804,Clouds,overcast clouds,04d
2025-07-19 11:23:17,Ca Mau,Ca Mau,32.95,32.95,32.95,51.0,36.48,10000.0,0.0,90.0,6.01,10.34,255.0,1006.0,1,804,Clouds,overcast clouds,04d
2025-07-19 11:27:07,Ca Mau,Ca Mau,32.95,32.95,32.95,51.0,36.48,10000.0,0.0,90.0,6.01,10.34,255.0,1006.0,1,804,Clouds,overcast clouds,04d
2025-07-19 11:30:54,Ca Mau,Ca Mau,32.95,32.95,32.95,51.0,36.48,10000.0,0.0,90.0,6.01,10.34,255.0,1006.0,1,804,Clouds,overcast clouds,04d
2025-07-19 11:34:40,Ca Mau,Ca Mau,32.95,32.95,32.95,51.0,36.48,10000.0,0.0,90.0,6.01,10.34,255.0,1006.0,1,804,Clouds,overcast clouds,04d
2025-07-19 11:38:26,Ca Mau,Ca Mau,33.79,33.79,33.79,48.0,37.3,10000.0,0.0,90.0,6.43,11.52,258.0,1005.0,1,804,Clouds,overcast clouds,04d
2025-07-19 11:42:12,Ca Mau,Ca Mau,33.79,33.79,33.79,48.0,37.3,10000.0,0.0,90.0,6.43,11.52,258.0,1005.0,1,804,Clouds,overcast clouds,04d
2025-07-19 11:46:07,Ca Mau,Ca Mau,33.79,33.79,33.79,48.0,37.3,10000.0,0.0,90.0,6.43,11.52,258.0,1005.0,1,804,Clouds,overcast clouds,04d
2025-07-19 11:49:55,Ca Mau,Ca Mau,33.48,33.48,33.48,48.0,36.67,10000.0,0.0,90.0,6.43,11.52,258.0,1005.0,1,804,Clouds,overcast clouds,04d
2025-07-19 11:53:41,Ca Mau,Ca Mau,33.48,33.48,33.48,48.0,36.67,10000.0,0.0,90.0,6.43,11.52,258.0,1005.0,1,804,Clouds,overcast clouds,04d
2025-07-19 11:57:27,Ca Mau,Ca Mau,33.48,33.48,33.48,48.0,36.67,10000.0,0.0,90.0,6.43,11.52,258.0,1005.0,1,804,Clouds,overcast clouds,04d
2025-07-19 12:01:17,Ca Mau,Ca Mau,33.48,33.48,33.48,48.0,36.67,10000.0,0.0,90.0,6.43,11.52,258.0,1005.0,1,804,Clouds,overcast clouds,04d
2025-07-19 12:05:11,Ca Mau,Ca Mau,33.48,33.48,33.48,48.0,36.67,10000.0,0.0,90.0,6.43,11.52,258.0,1005.0,1,804,Clouds,overcast clouds,04d
2025-07-19 12:08:57,Ca Mau,Ca Mau,33.36,33.36,33.36,49.0,36.73,10000.0,0.0,90.0,6.43,11.52,258.0,1005.0,1,804,Clouds,overcast clouds,04d
2025-07-19 12:12:43,Ca Mau,Ca Mau,33.36,33.36,33.36,49.0,36.73,10000.0,0.0,90.0,6.43,11.52,258.0,1005.0,1,804,Clouds,overcast clouds,04d
2025-07-19 12:16:29,Ca Mau,Ca Mau,33.36,33.36,33.36,49.0,36.73,10000.0,0.0,90.0,6.43,11.52,258.0,1005.0,1,804,Clouds,overcast clouds,04d
2025-07-19 12:20:15,Ca Mau,Ca Mau,33.36,33.36,33.36,49.0,36.73,10000.0,0.0,90.0,6.43,11.52,258.0,1005.0,1,804,Clouds,overcast clouds,04d
2025-07-19 12:24:01,Ca Mau,Ca Mau,33.36,33.36,33.36,49.0,36.73,10000.0,0.0,90.0,6.43,11.52,258.0,1005.0,1,804,Clouds,overcast clouds,04d
2025-07-19 12:27:47,Ca Mau,Ca Mau,33.36,33.36,33.36,49.0,36.73,10000.0,0.0,90.0,6.43,11.52,258.0,1005.0,1,804,Clouds,overcast clouds,04d
2025-07-19 12:31:33,Ca Mau,Ca Mau,33.36,33.36,33.36,49.0,36.73,10000.0,0.0,90.0,6.43,11.52,258.0,1005.0,1,804,Clouds,overcast clouds,04d
2025-07-19 12:35:18,Ca Mau,Ca Mau,33.54,33.54,33.54,46.0,36.21,10000.0,0.0,88.0,6.88,11.73,258.0,1005.0,1,804,Clouds,overcast clouds,04d
2025-07-19 12:39:04,Ca Mau,Ca Mau,33.54,33.54,33.54,46.0,36.21,10000.0,0.0,88.0,6.88,11.73,258.0,1005.0,1,804,Clouds,overcast clouds,04d
2025-07-19 12:42:50,Ca Mau,Ca Mau,33.54,33.54,33.54,46.0,36.21,10000.0,0.0,88.0,6.88,11.73,258.0,1005.0,1,804,Clouds,overcast clouds,04d
2025-07-19 12:46:35,Ca Mau,Ca Mau,33.59,33.59,33.59,45.0,36.03,10000.0,0.0,88.0,6.88,11.73,258.0,1005.0,1,804,Clouds,overcast clouds,04d
2025-07-19 12:50:21,Ca Mau,Ca Mau,33.59,33.59,33.59,45.0,36.03,10000.0,0.0,88.0,6.88,11.73,258.0,1005.0,1,804,Clouds,overcast clouds,04d
2025-07-19 12:54:08,Ca Mau,Ca Mau,33.59,33.59,33.59,45.0,36.03,10000.0,0.0,88.0,6.88,11.73,258.0,1005.0,1,804,Clouds,overcast clouds,04d
2025-07-19 12:57:53,Ca Mau,Ca Mau,33.59,33.59,33.59,45.0,36.03,10000.0,0.0,88.0,6.88,11.73,258.0,1005.0,1,804,Clouds,overcast clouds,04d
2025-07-19 13:01:39,Ca Mau,Ca Mau,33.59,33.59,33.59,45.0,36.03,10000.0,0.0,88.0,6.88,11.73,258.0,1005.0,1,804,Clouds,overcast clouds,04d
2025-07-19 13:05:25,Ca Mau,Ca Mau,33.59,33.59,33.59,45.0,36.03,10000.0,0.0,88.0,6.88,11.73,258.0,1005.0,1,804,Clouds,overcast clouds,04d
2025-07-19 13:09:10,Ca Mau,Ca Mau,33.59,33.59,33.59,45.0,36.03,10000.0,0.0,88.0,6.88,11.73,258.0,1005.0,1,804,Clouds,overcast clouds,04d
2025-07-19 13:12:56,Ca Mau,Ca Mau,33.49,33.49,33.49,46.0,36.11,10000.0,0.0,88.0,6.88,11.73,258.0,1005.0,1,804,Clouds,overcast clouds,04d
2025-07-19 13:16:41,Ca Mau,Ca Mau,33.49,33.49,33.49,46.0,36.11,10000.0,0.0,88.0,6.88,11.73,258.0,1005.0,1,804,Clouds,overcast clouds,04d
2025-07-19 13:20:26,Ca Mau,Ca Mau,33.49,33.49,33.49,46.0,36.11,10000.0,0.0,88.0,6.88,11.73,258.0,1005.0,1,804,Clouds,overcast clouds,04d
2025-07-19 13:24:12,Ca Mau,Ca Mau,33.49,33.49,33.49,46.0,36.11,10000.0,0.0,88.0,6.88,11.73,258.0,1005.0,1,804,Clouds,overcast clouds,04d
2025-07-19 13:27:57,Ca Mau,Ca Mau,33.49,33.49,33.49,46.0,36.11,10000.0,0.0,88.0,6.88,11.73,258.0,1005.0,1,804,Clouds,overcast clouds,04d
2025-07-19 13:31:42,Ca Mau,Ca Mau,33.14,33.14,33.14,47.0,35.73,10000.0,0.0,63.0,6.87,10.99,258.0,1004.0,1,803,Clouds,broken clouds,04d
2025-07-19 13:35:29,Ca Mau,Ca Mau,33.49,33.49,33.49,46.0,36.11,10000.0,0.0,88.0,6.88,11.73,258.0,1005.0,1,804,Clouds,overcast clouds,04d
2025-07-19 13:39:14,Ca Mau,Ca Mau,33.14,33.14,33.14,47.0,35.73,10000.0,0.0,63.0,6.87,10.99,258.0,1004.0,1,803,Clouds,broken clouds,04d
2025-07-19 13:43:00,Ca Mau,Ca Mau,33.16,33.16,33.16,46.0,35.49,10000.0,0.0,63.0,6.87,10.99,258.0,1004.0,1,803,Clouds,broken clouds,04d
2025-07-19 13:46:46,Ca Mau,Ca Mau,33.14,33.14,33.14,47.0,35.73,10000.0,0.0,63.0,6.87,10.99,258.0,1004.0,1,803,Clouds,broken clouds,04d
2025-07-19 13:50:32,Ca Mau,Ca Mau,33.16,33.16,33.16,46.0,35.49,10000.0,0.0,63.0,6.87,10.99,258.0,1004.0,1,803,Clouds,broken clouds,04d
2025-07-19 13:54:19,Ca Mau,Ca Mau,33.0,33.0,33.0,46.0,35.2,10000.0,0.0,63.0,6.87,10.99,258.0,1004.0,1,803,Clouds,broken clouds,04d
2025-07-19 13:58:10,Ca Mau,Ca Mau,33.0,33.0,33.0,46.0,35.2,10000.0,0.0,63.0,6.87,10.99,258.0,1004.0,1,803,Clouds,broken clouds,04d
2025-07-19 14:02:00,Ca Mau,Ca Mau,33.0,33.0,33.0,46.0,35.2,10000.0,0.0,63.0,6.87,10.99,258.0,1004.0,1,803,Clouds,broken clouds,04d
2025-07-19 14:05:52,Ca Mau,Ca Mau,32.83,32.83,32.83,47.0,35.15,10000.0,0.0,63.0,6.87,10.99,258.0,1004.0,1,803,Clouds,broken clouds,04d
2025-07-19 14:09:42,Ca Mau,Ca Mau,32.83,32.83,32.83,47.0,35.15,10000.0,0.0,63.0,6.87,10.99,258.0,1004.0,1,803,Clouds,broken clouds,04d
2025-07-19 14:13:31,Ca Mau,Ca Mau,32.83,32.83,32.83,47.0,35.15,10000.0,0.0,63.0,6.87,10.99,258.0,1004.0,1,803,Clouds,broken clouds,04d
2025-07-19 14:17:22,Ca Mau,Ca Mau,32.83,32.83,32.83,47.0,35.15,10000.0,0.0,63.0,6.87,10.99,258.0,1004.0,1,803,Clouds,broken clouds,04d
2025-07-19 14:21:13,Ca Mau,Ca Mau,32.83,32.83,32.83,47.0,35.15,10000.0,0.0,63.0,6.87,10.99,258.0,1004.0,1,803,Clouds,broken clouds,04d
2025-07-19 14:25:08,Ca Mau,Ca Mau,32.83,32.83,32.83,47.0,35.15,10000.0,0.0,63.0,6.87,10.99,258.0,1004.0,1,803,Clouds,broken clouds,04d
2025-07-19 14:28:59,Ca Mau,Ca Mau,32.83,32.83,32.83,47.0,35.15,10000.0,0.0,63.0,6.87,10.99,258.0,1004.0,1,803,Clouds,broken clouds,04d
2025-07-19 14:32:51,Ca Mau,Ca Mau,32.25,32.25,32.25,49.0,34.58,10000.0,0.0,59.0,6.57,10.32,261.0,1004.0,1,803,Clouds,broken clouds,04d
2025-07-19 14:36:41,Ca Mau,Ca Mau,32.25,32.25,32.25,49.0,34.58,10000.0,0.0,59.0,6.57,10.32,261.0,1004.0,1,803,Clouds,broken clouds,04d
2025-07-19 14:40:32,Ca Mau,Ca Mau,32.25,32.25,32.25,49.0,34.58,10000.0,0.0,59.0,6.57,10.32,261.0,1004.0,1,803,Clouds,broken clouds,04d
2025-07-19 14:44:23,Ca Mau,Ca Mau,32.25,32.25,32.25,49.0,34.58,10000.0,0.0,59.0,6.57,10.32,261.0,1004.0,1,803,Clouds,broken clouds,04d
2025-07-19 14:48:13,Ca Mau,Ca Mau,32.25,32.25,32.25,49.0,34.58,10000.0,0.0,59.0,6.57,10.32,261.0,1004.0,1,803,Clouds,broken clouds,04d
2025-07-19 14:52:04,Ca Mau,Ca Mau,32.25,32.25,32.25,49.0,34.58,10000.0,0.0,59.0,6.57,10.32,261.0,1004.0,1,803,Clouds,broken clouds,04d
2025-07-19 14:55:54,Ca Mau,Ca Mau,32.29,32.29,32.29,49.0,34.65,10000.0,0.0,59.0,6.57,10.32,261.0,1004.0,1,803,Clouds,broken clouds,04d
2025-07-19 14:59:44,Ca Mau,Ca Mau,32.29,32.29,32.29,49.0,34.65,10000.0,0.0,59.0,6.57,10.32,261.0,1004.0,1,803,Clouds,broken clouds,04d
2025-07-19 15:03:33,Ca Mau,Ca Mau,32.14,32.14,32.14,50.0,34.62,10000.0,0.0,59.0,6.57,10.32,261.0,1004.0,1,803,Clouds,broken clouds,04d
2025-07-19 15:07:24,Ca Mau,Ca Mau,32.14,32.14,32.14,50.0,34.62,10000.0,0.0,59.0,6.57,10.32,261.0,1004.0,1,803,Clouds,broken clouds,04d
2025-07-19 15:11:16,Ca Mau,Ca Mau,32.14,32.14,32.14,50.0,34.62,10000.0,0.0,59.0,6.57,10.32,261.0,1004.0,1,803,Clouds,broken clouds,04d
2025-07-19 15:15:08,Ca Mau,Ca Mau,32.14,32.14,32.14,50.0,34.62,10000.0,0.0,59.0,6.57,10.32,261.0,1004.0,1,803,Clouds,broken clouds,04d
2025-07-19 15:18:57,Ca Mau,Ca Mau,32.14,32.14,32.14,50.0,34.62,10000.0,0.0,59.0,6.57,10.32,261.0,1004.0,1,803,Clouds,broken clouds,04d
2025-07-19 15:22:47,Ca Mau,Ca Mau,32.14,32.14,32.14,50.0,34.62,10000.0,0.0,59.0,6.57,10.32,261.0,1004.0,1,803,Clouds,broken clouds,04d
2025-07-19 15:26:36,Ca Mau,Ca Mau,32.14,32.14,32.14,50.0,34.62,10000.0,0.0,59.0,6.57,10.32,261.0,1004.0,1,803,Clouds,broken clouds,04d
2025-07-19 15:30:26,Ca Mau,Ca Mau,32.14,32.14,32.14,50.0,34.62,10000.0,0.0,59.0,6.57,10.32,261.0,1004.0,1,803,Clouds,broken clouds,04d
2025-07-19 15:34:16,Ca Mau,Ca Mau,31.6,31.6,31.6,53.0,34.34,10000.0,0.0,44.0,5.77,9.39,261.0,1003.0,1,802,Clouds,scattered clouds,03d
2025-07-19 15:38:07,Ca Mau,Ca Mau,31.6,31.6,31.6,53.0,34.34,10000.0,0.0,44.0,5.77,9.39,261.0,1003.0,1,802,Clouds,scattered clouds,03d
2025-07-19 15:41:56,Ca Mau,Ca Mau,31.6,31.6,31.6,53.0,34.34,10000.0,0.0,44.0,5.77,9.39,261.0,1003.0,1,802,Clouds,scattered clouds,03d
2025-07-19 15:45:47,Ca Mau,Ca Mau,31.6,31.6,31.6,53.0,34.34,10000.0,0.0,44.0,5.77,9.39,261.0,1003.0,1,802,Clouds,scattered clouds,03d
2025-07-19 15:49:37,Ca Mau,Ca Mau,31.6,31.6,31.6,53.0,34.34,10000.0,0.0,44.0,5.77,9.39,261.0,1003.0,1,802,Clouds,scattered clouds,03d
2025-07-19 15:53:26,Ca Mau,Ca Mau,31.67,31.67,31.67,53.0,34.47,10000.0,0.0,44.0,5.77,9.39,261.0,1003.0,1,802,Clouds,scattered clouds,03d
2025-07-19 15:57:16,Ca Mau,Ca Mau,31.67,31.67,31.67,53.0,34.47,10000.0,0.0,44.0,5.77,9.39,261.0,1003.0,1,802,Clouds,scattered clouds,03d
2025-07-19 16:01:06,Ca Mau,Ca Mau,31.67,31.67,31.67,53.0,34.47,10000.0,0.0,44.0,5.77,9.39,261.0,1003.0,1,802,Clouds,scattered clouds,03d
2025-07-19 16:04:56,Ca Mau,Ca Mau,31.58,31.58,31.58,54.0,34.54,10000.0,0.0,44.0,5.77,9.39,261.0,1003.0,1,802,Clouds,scattered clouds,03d
2025-07-19 16:08:45,Ca Mau,Ca Mau,31.58,31.58,31.58,54.0,34.54,10000.0,0.0,44.0,5.77,9.39,261.0,1003.0,1,802,Clouds,scattered clouds,03d
2025-07-19 16:12:36,Ca Mau,Ca Mau,31.58,31.58,31.58,54.0,34.54,10000.0,0.0,44.0,5.77,9.39,261.0,1003.0,1,802,Clouds,scattered clouds,03d
2025-07-19 16:16:25,Ca Mau,Ca Mau,31.58,31.58,31.58,54.0,34.54,10000.0,0.0,44.0,5.77,9.39,261.0,1003.0,1,802,Clouds,scattered clouds,03d
2025-07-19 16:20:16,Ca Mau,Ca Mau,31.58,31.58,31.58,54.0,34.54,10000.0,0.0,44.0,5.77,9.39,261.0,1003.0,1,802,Clouds,scattered clouds,03d
2025-07-19 16:24:07,Ca Mau,Ca Mau,31.57,31.57,31.57,54.0,34.52,10000.0,0.0,44.0,5.77,9.39,261.0,1003.0,1,802,Clouds,scattered clouds,03d
2025-07-19 16:27:58,Ca Mau,Ca Mau,31.57,31.57,31.57,54.0,34.52,10000.0,0.0,44.0,5.77,9.39,261.0,1003.0,1,802,Clouds,scattered clouds,03d
2025-07-19 16:31:48,Ca Mau,Ca Mau,30.58,30.58,30.58,58.0,33.53,10000.0,0.0,39.0,5.04,9.22,264.0,1004.0,1,802,Clouds,scattered clouds,03d
2025-07-19 16:35:37,Ca Mau,Ca Mau,30.58,30.58,30.58,58.0,33.53,10000.0,0.0,39.0,5.04,9.22,264.0,1004.0,1,802,Clouds,scattered clouds,03d
2025-07-19 16:39:27,Ca Mau,Ca Mau,30.55,30.55,30.55,58.0,33.47,10000.0,0.0,39.0,5.04,9.22,264.0,1004.0,1,802,Clouds,scattered clouds,03d
2025-07-19 16:43:17,Ca Mau,Ca Mau,30.55,30.55,30.55,58.0,33.47,10000.0,0.0,39.0,5.04,9.22,264.0,1004.0,1,802,Clouds,scattered clouds,03d
2025-07-19 16:47:08,Ca Mau,Ca Mau,30.55,30.55,30.55,58.0,33.47,10000.0,0.0,39.0,5.04,9.22,264.0,1004.0,1,802,Clouds,scattered clouds,03d
2025-07-19 16:50:58,Ca Mau,Ca Mau,30.55,30.55,30.55,58.0,33.47,10000.0,0.0,39.0,5.04,9.22,264.0,1004.0,1,802,Clouds,scattered clouds,03d
2025-07-19 16:54:48,Ca Mau,Ca Mau,30.52,30.52,30.52,58.0,33.41,10000.0,0.11,39.0,5.04,9.22,264.0,1004.0,1,500,Rain,light rain,10d
2025-07-19 16:58:37,Ca Mau,Ca Mau,30.52,30.52,30.52,58.0,33.41,10000.0,0.11,39.0,5.04,9.22,264.0,1004.0,1,500,Rain,light rain,10d
2025-07-19 17:02:27,Ca Mau,Ca Mau,30.52,30.52,30.52,58.0,33.41,10000.0,0.11,39.0,5.04,9.22,264.0,1004.0,1,500,Rain,light rain,10d
2025-07-19 17:06:16,Ca Mau,Ca Mau,30.43,30.43,30.43,59.0,33.45,10000.0,0.0,39.0,5.04,9.22,264.0,1004.0,1,802,Clouds,scattered clouds,03d
2025-07-19 17:10:08,Ca Mau,Ca Mau,30.43,30.43,30.43,59.0,33.45,10000.0,0.0,39.0,5.04,9.22,264.0,1004.0,1,802,Clouds,scattered clouds,03d
2025-07-19 17:13:58,Ca Mau,Ca Mau,30.43,30.43,30.43,59.0,33.45,10000.0,0.0,39.0,5.04,9.22,264.0,1004.0,1,802,Clouds,scattered clouds,03d
2025-07-19 17:17:48,Ca Mau,Ca Mau,30.43,30.43,30.43,59.0,33.45,10000.0,0.0,39.0,5.04,9.22,264.0,1004.0,1,802,Clouds,scattered clouds,03d
2025-07-19 17:21:38,Ca Mau,Ca Mau,30.43,30.43,30.43,59.0,33.45,10000.0,0.0,39.0,5.04,9.22,264.0,1004.0,1,802,Clouds,scattered clouds,03d
2025-07-19 17:25:30,Ca Mau,Ca Mau,30.43,30.43,30.43,59.0,33.45,10000.0,0.0,39.0,5.04,9.22,264.0,1004.0,1,802,Clouds,scattered clouds,03d
2025-07-19 17:29:21,Ca Mau,Ca Mau,30.43,30.43,30.43,59.0,33.45,10000.0,0.0,39.0,5.04,9.22,264.0,1004.0,1,802,Clouds,scattered clouds,03d
2025-07-19 17:33:11,Ca Mau,Ca Mau,30.43,30.43,30.43,59.0,33.45,10000.0,0.0,39.0,5.04,9.22,264.0,1004.0,1,802,Clouds,scattered clouds,03d
2025-07-19 17:37:02,Ca Mau,Ca Mau,28.78,28.78,28.78,68.0,31.91,10000.0,0.0,39.0,3.99,8.95,260.0,1005.0,1,802,Clouds,scattered clouds,03d
2025-07-19 17:40:52,Ca Mau,Ca Mau,28.78,28.78,28.78,68.0,31.91,10000.0,0.0,39.0,3.99,8.95,260.0,1005.0,1,802,Clouds,scattered clouds,03d
2025-07-19 17:44:42,Ca Mau,Ca Mau,28.78,28.78,28.78,68.0,31.91,10000.0,0.0,39.0,3.99,8.95,260.0,1005.0,1,802,Clouds,scattered clouds,03d
2025-07-19 17:48:33,Ca Mau,Ca Mau,28.78,28.78,28.78,68.0,31.91,10000.0,0.0,39.0,3.99,8.95,260.0,1005.0,1,802,Clouds,scattered clouds,03d
2025-07-19 17:52:23,Ca Mau,Ca Mau,28.78,28.78,28.78,68.0,31.91,10000.0,0.0,39.0,3.99,8.95,260.0,1005.0,1,802,Clouds,scattered clouds,03d
2025-07-19 17:56:13,Ca Mau,Ca Mau,28.78,28.78,28.78,68.0,31.91,10000.0,0.0,39.0,3.99,8.95,260.0,1005.0,1,802,Clouds,scattered clouds,03d
2025-07-19 18:00:03,Ca Mau,Ca Mau,28.78,28.78,28.78,68.0,31.91,10000.0,0.0,39.0,3.99,8.95,260.0,1005.0,1,802,Clouds,scattered clouds,03d
2025-07-19 18:03:55,Ca Mau,Ca Mau,28.78,28.78,28.78,68.0,31.91,10000.0,0.0,39.0,3.99,8.95,260.0,1005.0,1,802,Clouds,scattered clouds,03d
2025-07-19 18:07:46,Ca Mau,Ca Mau,28.73,28.73,28.73,69.0,31.98,10000.0,0.0,39.0,3.99,8.95,260.0,1005.0,1,802,Clouds,scattered clouds,03d
2025-07-19 18:11:38,Ca Mau,Ca Mau,28.73,28.73,28.73,69.0,31.98,10000.0,0.0,39.0,3.99,8.95,260.0,1005.0,1,802,Clouds,scattered clouds,03d
2025-07-19 18:15:31,Ca Mau,Ca Mau,28.73,28.73,28.73,69.0,31.98,10000.0,0.0,39.0,3.99,8.95,260.0,1005.0,1,802,Clouds,scattered clouds,03d
2025-07-19 18:19:22,Ca Mau,Ca Mau,28.73,28.73,28.73,69.0,31.98,10000.0,0.0,39.0,3.99,8.95,260.0,1005.0,1,802,Clouds,scattered clouds,03d
2025-07-19 18:23:16,Ca Mau,Ca Mau,28.72,28.72,28.72,69.0,31.96,10000.0,0.0,39.0,3.99,8.95,260.0,1005.0,0,802,Clouds,scattered clouds,03n
2025-07-19 18:27:11,Ca Mau,Ca Mau,28.72,28.72,28.72,69.0,31.96,10000.0,0.0,39.0,3.99,8.95,260.0,1005.0,0,802,Clouds,scattered clouds,03n
2025-07-19 18:31:07,Ca Mau,Ca Mau,28.72,28.72,28.72,69.0,31.96,10000.0,0.0,39.0,3.99,8.95,260.0,1005.0,0,802,Clouds,scattered clouds,03n
2025-07-19 18:35:00,Ca Mau,Ca Mau,27.34,27.34,27.34,75.0,29.96,10000.0,0.0,42.0,3.13,8.93,254.0,1005.0,0,802,Clouds,scattered clouds,03n
2025-07-19 18:38:57,Ca Mau,Ca Mau,27.34,27.34,27.34,75.0,29.96,10000.0,0.0,42.0,3.13,8.93,254.0,1005.0,0,802,Clouds,scattered clouds,03n
2025-07-19 18:42:54,Ca Mau,Ca Mau,27.34,27.34,27.34,75.0,29.96,10000.0,0.0,53.0,2.95,8.32,252.0,1005.0,0,803,Clouds,broken clouds,04n
2025-07-19 18:46:48,Ca Mau,Ca Mau,27.34,27.34,27.34,75.0,29.96,10000.0,0.0,53.0,2.95,8.32,252.0,1005.0,0,803,Clouds,broken clouds,04n
2025-07-19 18:50:41,Ca Mau,Ca Mau,27.34,27.34,27.34,75.0,29.96,10000.0,0.0,53.0,2.95,8.32,252.0,1005.0,0,803,Clouds,broken clouds,04n
2025-07-19 18:54:31,Ca Mau,Ca Mau,27.34,27.34,27.34,75.0,29.96,10000.0,0.0,53.0,2.95,8.32,252.0,1005.0,0,803,Clouds,broken clouds,04n
2025-07-19 18:58:17,Ca Mau,Ca Mau,27.34,27.34,27.34,75.0,29.96,10000.0,0.0,53.0,2.95,8.32,252.0,1005.0,0,803,Clouds,broken clouds,04n
2025-07-19 19:02:06,Ca Mau,Ca Mau,27.34,27.34,27.34,75.0,29.96,10000.0,0.0,53.0,2.95,8.32,252.0,1005.0,0,803,Clouds,broken clouds,04n
2025-07-19 19:05:52,Ca Mau,Ca Mau,27.34,27.34,27.34,75.0,29.96,10000.0,0.0,53.0,2.95,8.32,252.0,1005.0,0,803,Clouds,broken clouds,04n
2025-07-19 19:09:37,Ca Mau,Ca Mau,27.34,27.34,27.34,75.0,29.96,10000.0,0.0,53.0,2.95,8.32,252.0,1005.0,0,803,Clouds,broken clouds,04n
2025-07-19 19:13:23,Ca Mau,Ca Mau,27.34,27.34,27.34,75.0,29.96,10000.0,0.0,53.0,2.95,8.32,252.0,1005.0,0,803,Clouds,broken clouds,04n
2025-07-19 19:17:09,Ca Mau,Ca Mau,27.34,27.34,27.34,75.0,29.96,10000.0,0.0,53.0,2.95,8.32,252.0,1005.0,0,803,Clouds,broken clouds,04n
2025-07-19 19:20:54,Ca Mau,Ca Mau,27.34,27.34,27.34,75.0,29.96,10000.0,0.0,53.0,2.95,8.32,252.0,1005.0,0,803,Clouds,broken clouds,04n
2025-07-19 19:24:40,Ca Mau,Ca Mau,27.34,27.34,27.34,75.0,29.96,10000.0,0.0,53.0,2.95,8.32,252.0,1005.0,0,803,Clouds,broken clouds,04n
2025-07-19 19:28:26,Ca Mau,Ca Mau,27.34,27.34,27.34,75.0,29.96,10000.0,0.0,53.0,2.95,8.32,252.0,1005.0,0,803,Clouds,broken clouds,04n
2025-07-19 19:32:11,Ca Mau,Ca Mau,26.76,26.76,26.76,76.0,28.9,10000.0,0.0,100.0,2.05,7.53,254.0,1006.0,0,804,Clouds,overcast clouds,04n
2025-07-19 19:35:57,Ca Mau,Ca Mau,26.76,26.76,26.76,76.0,28.9,10000.0,0.0,100.0,2.05,7.53,254.0,1006.0,0,804,Clouds,overcast clouds,04n
2025-07-19 19:39:42,Ca Mau,Ca Mau,26.76,26.76,26.76,76.0,28.9,10000.0,0.0,100.0,2.05,7.53,254.0,1006.0,0,804,Clouds,overcast clouds,04n
2025-07-19 19:43:28,Ca Mau,Ca Mau,26.76,26.76,26.76,76.0,28.9,10000.0,0.0,100.0,2.05,7.53,254.0,1006.0,0,804,Clouds,overcast clouds,04n
2025-07-19 19:47:13,Ca Mau,Ca Mau,26.76,26.76,26.76,76.0,28.9,10000.0,0.0,100.0,2.05,7.53,254.0,1006.0,0,804,Clouds,overcast clouds,04n
2025-07-19 19:51:00,Ca Mau,Ca Mau,26.77,26.77,26.77,76.0,28.92,10000.0,0.0,100.0,2.05,7.53,254.0,1006.0,0,804,Clouds,overcast clouds,04n
2025-07-19 19:54:46,Ca Mau,Ca Mau,26.77,26.77,26.77,76.0,28.92,10000.0,0.0,100.0,2.05,7.53,254.0,1006.0,0,804,Clouds,overcast clouds,04n
2025-07-19 19:58:31,Ca Mau,Ca Mau,26.77,26.77,26.77,76.0,28.92,10000.0,0.0,100.0,2.05,7.53,254.0,1006.0,0,804,Clouds,overcast clouds,04n
2025-07-19 20:02:17,Ca Mau,Ca Mau,26.77,26.77,26.77,76.0,28.92,10000.0,0.0,100.0,2.05,7.53,254.0,1006.0,0,804,Clouds,overcast clouds,04n
2025-07-19 20:06:04,Ca Mau,Ca Mau,26.74,26.74,26.74,76.0,28.86,10000.0,0.0,100.0,2.05,7.53,254.0,1006.0,0,804,Clouds,overcast clouds,04n
2025-07-19 20:09:51,Ca Mau,Ca Mau,26.74,26.74,26.74,76.0,28.86,10000.0,0.0,100.0,2.05,7.53,254.0,1006.0,0,804,Clouds,overcast clouds,04n
2025-07-19 20:13:37,Ca Mau,Ca Mau,26.74,26.74,26.74,76.0,28.86,10000.0,0.0,100.0,2.05,7.53,254.0,1006.0,0,804,Clouds,overcast clouds,04n
2025-07-19 20:17:23,Ca Mau,Ca Mau,26.74,26.74,26.74,76.0,28.86,10000.0,0.0,100.0,2.05,7.53,254.0,1006.0,0,804,Clouds,overcast clouds,04n
2025-07-19 20:21:10,Ca Mau,Ca Mau,26.74,26.74,26.74,76.0,28.86,10000.0,0.0,100.0,2.05,7.53,254.0,1006.0,0,804,Clouds,overcast clouds,04n
2025-07-19 20:24:55,Ca Mau,Ca Mau,26.74,26.74,26.74,76.0,28.86,10000.0,0.0,100.0,2.05,7.53,254.0,1006.0,0,804,Clouds,overcast clouds,04n
2025-07-19 20:28:41,Ca Mau,Ca Mau,26.74,26.74,26.74,76.0,28.86,10000.0,0.0,100.0,2.05,7.53,254.0,1006.0,0,804,Clouds,overcast clouds,04n
2025-07-19 20:32:26,Ca Mau,Ca Mau,26.74,26.74,26.74,76.0,28.86,10000.0,0.0,100.0,2.05,7.53,254.0,1006.0,0,804,Clouds,overcast clouds,04n
2025-07-19 20:36:12,Ca Mau,Ca Mau,26.74,26.74,26.74,76.0,28.86,10000.0,0.0,100.0,2.05,7.53,254.0,1006.0,0,804,Clouds,overcast clouds,04n
2025-07-19 20:39:59,Ca Mau,Ca Mau,26.44,26.44,26.44,81.0,26.44,10000.0,0.0,100.0,1.64,5.94,239.0,1007.0,0,804,Clouds,overcast clouds,04n
2025-07-19 20:43:45,Ca Mau,Ca Mau,26.44,26.44,26.44,81.0,26.44,10000.0,0.0,100.0,1.64,5.94,239.0,1007.0,0,804,Clouds,overcast clouds,04n
2025-07-19 20:47:31,Ca Mau,Ca Mau,26.44,26.44,26.44,81.0,26.44,10000.0,0.0,100.0,1.64,5.94,239.0,1007.0,0,804,Clouds,overcast clouds,04n
2025-07-19 20:55:19,Ca Mau,Ca Mau,26.44,26.44,26.44,81.0,26.44,10000.0,0.0,100.0,1.64,5.94,239.0,1007.0,0,804,Clouds,overcast clouds,04n
2025-07-19 20:59:05,Ca Mau,Ca Mau,26.44,26.44,26.44,81.0,26.44,10000.0,0.0,100.0,1.64,5.94,239.0,1007.0,0,804,Clouds,overcast clouds,04n
2025-07-19 21:02:51,Ca Mau,Ca Mau,26.44,26.44,26.44,81.0,26.44,10000.0,0.0,100.0,1.64,5.94,239.0,1007.0,0,804,Clouds,overcast clouds,04n
2025-07-19 21:06:37,Ca Mau,Ca Mau,26.42,26.42,26.42,81.0,26.42,10000.0,0.0,100.0,1.64,5.94,239.0,1007.0,0,804,Clouds,overcast clouds,04n
2025-07-19 21:10:23,Ca Mau,Ca Mau,26.42,26.42,26.42,81.0,26.42,10000.0,0.0,100.0,1.64,5.94,239.0,1007.0,0,804,Clouds,overcast clouds,04n
2025-07-19 21:14:23,Ca Mau,Ca Mau,26.42,26.42,26.42,81.0,26.42,10000.0,0.0,100.0,1.64,5.94,239.0,1007.0,0,804,Clouds,overcast clouds,04n
2025-07-19 21:18:12,Ca Mau,Ca Mau,26.42,26.42,26.42,81.0,26.42,10000.0,0.0,100.0,1.64,5.94,239.0,1007.0,0,804,Clouds,overcast clouds,04n
2025-07-19 21:21:59,Ca Mau,Ca Mau,26.42,26.42,26.42,81.0,26.42,10000.0,0.0,100.0,1.64,5.94,239.0,1007.0,0,804,Clouds,overcast clouds,04n
2025-07-19 21:25:52,Ca Mau,Ca Mau,26.42,26.42,26.42,81.0,26.42,10000.0,0.0,100.0,1.64,5.94,239.0,1007.0,0,804,Clouds,overcast clouds,04n
2025-07-19 21:33:21,Ca Mau,Ca Mau,26.25,26.25,26.25,83.0,26.25,10000.0,0.0,100.0,1.43,4.99,238.0,1007.0,0,804,Clouds,overcast clouds,04n
2025-07-19 21:37:11,Ca Mau,Ca Mau,26.25,26.25,26.25,83.0,26.25,10000.0,0.0,100.0,1.43,4.99,238.0,1007.0,0,804,Clouds,overcast clouds,04n
2025-07-19 21:40:57,Ca Mau,Ca Mau,26.25,26.25,26.25,83.0,26.25,10000.0,0.0,100.0,1.43,4.99,238.0,1007.0,0,804,Clouds,overcast clouds,04n
2025-07-19 21:44:43,Ca Mau,Ca Mau,26.25,26.25,26.25,83.0,26.25,10000.0,0.0,100.0,1.43,4.99,238.0,1007.0,0,804,Clouds,overcast clouds,04n
2025-07-19 21:48:32,Ca Mau,Ca Mau,26.25,26.25,26.25,83.0,26.25,10000.0,0.0,100.0,1.43,4.99,238.0,1007.0,0,804,Clouds,overcast clouds,04n
2025-07-19 21:56:02,Ca Mau,Ca Mau,26.25,26.25,26.25,83.0,26.25,10000.0,0.0,100.0,1.43,4.99,238.0,1007.0,0,804,Clouds,overcast clouds,04n
2025-07-19 21:59:50,Ca Mau,Ca Mau,26.25,26.25,26.25,83.0,26.25,10000.0,0.0,100.0,1.43,4.99,238.0,1007.0,0,804,Clouds,overcast clouds,04n
2025-07-19 22:34:17,Ca Mau,Ca Mau,26.24,26.24,26.24,84.0,26.24,10000.0,0.0,100.0,1.43,4.99,238.0,1007.0,0,804,Clouds,overcast clouds,04n
2025-07-19 23:46:29,Ca Mau,Ca Mau,26.1,26.1,26.1,86.0,26.1,10000.0,0.0,100.0,1.55,6.38,248.0,1006.0,0,804,Clouds,overcast clouds,04n
2025-07-20 01:15:50,Ca Mau,Ca Mau,26.14,26.14,26.14,86.0,26.14,10000.0,0.0,100.0,1.33,5.34,230.0,1005.0,0,804,Clouds,overcast clouds,04n
2025-07-20 03:57:44,Ca Mau,Ca Mau,25.54,25.54,25.54,87.0,26.42,10000.0,0.0,100.0,1.79,7.66,246.0,1004.0,0,804,Clouds,overcast clouds,04n
2025-07-20 17:46:40,Ca Mau,Ca Mau,27.97,27.97,27.97,65.0,29.98,10000.0,0.0,98.0,3.57,8.61,242.0,1005.0,1,804,Clouds,overcast clouds,04d
2025-07-20 17:50:25,Ca Mau,Ca Mau,27.97,27.97,27.97,65.0,29.98,10000.0,0.0,98.0,3.57,8.61,242.0,1005.0,1,804,Clouds,overcast clouds,04d
2025-07-20 17:54:11,Ca Mau,Ca Mau,27.98,27.98,27.98,65.0,30.0,10000.0,0.0,98.0,3.57,8.61,242.0,1005.0,1,804,Clouds,overcast clouds,04d
2025-07-20 17:57:56,Ca Mau,Ca Mau,27.98,27.98,27.98,65.0,30.0,10000.0,0.0,98.0,3.57,8.61,242.0,1005.0,1,804,Clouds,overcast clouds,04d
2025-07-20 18:01:42,Ca Mau,Ca Mau,27.98,27.98,27.98,65.0,30.0,10000.0,0.0,98.0,3.57,8.61,242.0,1005.0,1,804,Clouds,overcast clouds,04d
2025-07-20 18:05:28,Ca Mau,Ca Mau,27.95,27.95,27.95,66.0,30.07,10000.0,0.0,98.0,3.57,8.61,242.0,1005.0,1,804,Clouds,overcast clouds,04d
2025-07-20 18:09:16,Ca Mau,Ca Mau,27.95,27.95,27.95,66.0,30.07,10000.0,0.0,98.0,3.57,8.61,242.0,1005.0,1,804,Clouds,overcast clouds,04d
2025-07-20 18:13:02,Ca Mau,Ca Mau,27.95,27.95,27.95,66.0,30.07,10000.0,0.0,98.0,3.57,8.61,242.0,1005.0,1,804,Clouds,overcast clouds,04d
2025-07-20 18:16:48,Ca Mau,Ca Mau,27.95,27.95,27.95,66.0,30.07,10000.0,0.0,98.0,3.57,8.61,242.0,1005.0,1,804,Clouds,overcast clouds,04d
2025-07-20 18:20:34,Ca Mau,Ca Mau,27.95,27.95,27.95,66.0,30.07,10000.0,0.0,98.0,3.57,8.61,242.0,1005.0,1,804,Clouds,overcast clouds,04d
2025-07-20 18:24:20,Ca Mau,Ca Mau,27.95,27.95,27.95,66.0,30.07,10000.0,0.0,98.0,3.57,8.61,242.0,1005.0,0,804,Clouds,overcast clouds,04d
2025-07-20 18:28:05,Ca Mau,Ca Mau,27.95,27.95,27.95,66.0,30.07,10000.0,0.0,98.0,3.57,8.61,242.0,1005.0,0,804,Clouds,overcast clouds,04n
2025-07-20 18:31:52,Ca Mau,Ca Mau,26.7,26.7,26.7,73.0,28.57,10000.0,0.0,99.0,2.93,8.29,239.0,1006.0,0,804,Clouds,overcast clouds,04n
2025-07-20 18:35:38,Ca Mau,Ca Mau,26.7,26.7,26.7,73.0,28.57,10000.0,0.0,99.0,2.93,8.29,239.0,1006.0,0,804,Clouds,overcast clouds,04n
2025-07-20 18:39:23,Ca Mau,Ca Mau,26.7,26.7,26.7,73.0,28.57,10000.0,0.0,99.0,2.93,8.29,239.0,1006.0,0,804,Clouds,overcast clouds,04n
2025-07-20 18:43:09,Ca Mau,Ca Mau,26.7,26.7,26.7,73.0,28.57,10000.0,0.0,100.0,2.37,7.41,231.0,1006.0,0,804,Clouds,overcast clouds,04n
2025-07-20 18:46:55,Ca Mau,Ca Mau,26.7,26.7,26.7,73.0,28.57,10000.0,0.0,100.0,2.37,7.41,231.0,1006.0,0,804,Clouds,overcast clouds,04n
2025-07-20 18:50:40,Ca Mau,Ca Mau,26.7,26.7,26.7,73.0,28.57,10000.0,0.0,100.0,2.37,7.41,231.0,1006.0,0,804,Clouds,overcast clouds,04n
2025-07-20 18:54:26,Ca Mau,Ca Mau,26.7,26.7,26.7,73.0,28.57,10000.0,0.0,100.0,2.37,7.41,231.0,1006.0,0,804,Clouds,overcast clouds,04n
2025-07-20 18:58:11,Ca Mau,Ca Mau,26.7,26.7,26.7,73.0,28.57,10000.0,0.0,100.0,2.37,7.41,231.0,1006.0,0,804,Clouds,overcast clouds,04n
2025-07-20 19:01:57,Ca Mau,Ca Mau,26.7,26.7,26.7,73.0,28.57,10000.0,0.0,100.0,2.37,7.41,231.0,1006.0,0,804,Clouds,overcast clouds,04n
2025-07-20 19:05:42,Ca Mau,Ca Mau,26.7,26.7,26.7,73.0,28.57,10000.0,0.0,100.0,2.37,7.41,231.0,1006.0,0,804,Clouds,overcast clouds,04n
2025-07-20 19:09:29,Ca Mau,Ca Mau,26.7,26.7,26.7,73.0,28.57,10000.0,0.0,100.0,2.37,7.41,231.0,1006.0,0,804,Clouds,overcast clouds,04n
2025-07-20 19:13:15,Ca Mau,Ca Mau,26.7,26.7,26.7,73.0,28.57,10000.0,0.0,100.0,2.37,7.41,231.0,1006.0,0,804,Clouds,overcast clouds,04n
2025-07-20 19:17:03,Ca Mau,Ca Mau,26.7,26.7,26.7,73.0,28.57,10000.0,0.0,100.0,2.37,7.41,231.0,1006.0,0,804,Clouds,overcast clouds,04n
2025-07-20 19:20:50,Ca Mau,Ca Mau,26.7,26.7,26.7,73.0,28.57,10000.0,0.0,100.0,2.37,7.41,231.0,1006.0,0,804,Clouds,overcast clouds,04n
2025-07-20 19:24:35,Ca Mau,Ca Mau,26.7,26.7,26.7,73.0,28.57,10000.0,0.0,100.0,2.37,7.41,231.0,1006.0,0,804,Clouds,overcast clouds,04n
2025-07-20 19:28:20,Ca Mau,Ca Mau,26.7,26.7,26.7,73.0,28.57,10000.0,0.0,100.0,2.37,7.41,231.0,1006.0,0,804,Clouds,overcast clouds,04n
2025-07-20 19:32:06,Ca Mau,Ca Mau,26.42,26.42,26.42,75.0,26.42,10000.0,0.0,100.0,2.4,8.46,239.0,1006.0,0,804,Clouds,overcast clouds,04n
2025-07-20 19:35:52,Ca Mau,Ca Mau,26.42,26.42,26.42,75.0,26.42,10000.0,0.0,100.0,2.4,8.46,239.0,1006.0,0,804,Clouds,overcast clouds,04n
2025-07-20 19:39:38,Ca Mau,Ca Mau,26.02,26.02,26.02,81.0,26.02,10000.0,0.0,100.0,2.4,8.46,239.0,1006.0,0,804,Clouds,overcast clouds,04n
2025-07-20 19:43:24,Ca Mau,Ca Mau,26.02,26.02,26.02,81.0,26.02,10000.0,0.0,100.0,2.4,8.46,239.0,1006.0,0,804,Clouds,overcast clouds,04n
2025-07-20 19:47:10,Ca Mau,Ca Mau,26.02,26.02,26.02,81.0,26.02,10000.0,0.0,100.0,2.4,8.46,239.0,1006.0,0,804,Clouds,overcast clouds,04n
2025-07-20 19:50:58,Ca Mau,Ca Mau,26.02,26.02,26.02,81.0,26.02,10000.0,0.0,100.0,2.4,8.46,239.0,1006.0,0,804,Clouds,overcast clouds,04n
2025-07-20 19:54:44,Ca Mau,Ca Mau,26.02,26.02,26.02,81.0,26.02,10000.0,0.0,100.0,2.4,8.46,239.0,1006.0,0,804,Clouds,overcast clouds,04n
2025-07-20 19:58:30,Ca Mau,Ca Mau,26.02,26.02,26.02,81.0,26.02,10000.0,0.0,100.0,2.4,8.46,239.0,1006.0,0,804,Clouds,overcast clouds,04n
2025-07-20 20:02:15,Ca Mau,Ca Mau,26.02,26.02,26.02,81.0,26.02,10000.0,0.0,100.0,2.4,8.46,239.0,1006.0,0,804,Clouds,overcast clouds,04n
2025-07-20 20:06:02,Ca Mau,Ca Mau,26.02,26.02,26.02,81.0,26.02,10000.0,0.0,100.0,2.4,8.46,239.0,1006.0,0,804,Clouds,overcast clouds,04n
2025-07-20 20:09:48,Ca Mau,Ca Mau,26.02,26.02,26.02,81.0,26.02,10000.0,0.0,100.0,2.4,8.46,239.0,1006.0,0,804,Clouds,overcast clouds,04n
2025-07-20 20:13:36,Ca Mau,Ca Mau,26.02,26.02,26.02,81.0,26.02,10000.0,0.0,100.0,2.4,8.46,239.0,1006.0,0,804,Clouds,overcast clouds,04n
2025-07-20 20:17:21,Ca Mau,Ca Mau,26.02,26.02,26.02,81.0,26.02,10000.0,0.0,100.0,2.4,8.46,239.0,1006.0,0,804,Clouds,overcast clouds,04n
2025-07-20 20:21:06,Ca Mau,Ca Mau,26.02,26.02,26.02,81.0,26.02,10000.0,0.0,100.0,2.4,8.46,239.0,1006.0,0,804,Clouds,overcast clouds,04n
2025-07-20 20:24:52,Ca Mau,Ca Mau,26.02,26.02,26.02,81.0,26.02,10000.0,0.0,100.0,2.4,8.46,239.0,1006.0,0,804,Clouds,overcast clouds,04n
2025-07-20 20:28:38,Ca Mau,Ca Mau,26.02,26.02,26.02,81.0,26.02,10000.0,0.0,100.0,2.4,8.46,239.0,1006.0,0,804,Clouds,overcast clouds,04n
2025-07-20 20:32:24,Ca Mau,Ca Mau,26.15,26.15,26.15,79.0,26.15,10000.0,0.0,100.0,2.73,9.18,237.0,1007.0,0,804,Clouds,overcast clouds,04n
2025-07-20 20:36:12,Ca Mau,Ca Mau,26.15,26.15,26.15,79.0,26.15,10000.0,0.0,100.0,2.73,9.18,237.0,1007.0,0,804,Clouds,overcast clouds,04n
2025-07-20 20:39:58,Ca Mau,Ca Mau,26.15,26.15,26.15,79.0,26.15,10000.0,0.0,100.0,2.73,9.18,237.0,1007.0,0,804,Clouds,overcast clouds,04n
2025-07-20 20:43:47,Ca Mau,Ca Mau,26.15,26.15,26.15,79.0,26.15,10000.0,0.0,100.0,2.73,9.18,237.0,1007.0,0,804,Clouds,overcast clouds,04n
2025-07-20 20:47:32,Ca Mau,Ca Mau,26.14,26.14,26.14,79.0,26.14,10000.0,0.0,100.0,2.73,9.18,237.0,1007.0,0,804,Clouds,overcast clouds,04n
2025-07-20 20:51:18,Ca Mau,Ca Mau,26.14,26.14,26.14,79.0,26.14,10000.0,0.0,100.0,2.73,9.18,237.0,1007.0,0,804,Clouds,overcast clouds,04n
2025-07-20 20:55:07,Ca Mau,Ca Mau,26.14,26.14,26.14,79.0,26.14,10000.0,0.0,100.0,2.73,9.18,237.0,1007.0,0,804,Clouds,overcast clouds,04n
2025-07-20 20:58:55,Ca Mau,Ca Mau,26.14,26.14,26.14,79.0,26.14,10000.0,0.0,100.0,2.73,9.18,237.0,1007.0,0,804,Clouds,overcast clouds,04n
2025-07-20 21:02:41,Ca Mau,Ca Mau,26.14,26.14,26.14,79.0,26.14,10000.0,0.0,100.0,2.73,9.18,237.0,1007.0,0,804,Clouds,overcast clouds,04n
2025-07-20 21:06:28,Ca Mau,Ca Mau,26.14,26.14,26.14,79.0,26.14,10000.0,0.0,100.0,2.73,9.18,237.0,1007.0,0,804,Clouds,overcast clouds,04n
2025-07-20 21:10:14,Ca Mau,Ca Mau,26.13,26.13,26.13,79.0,26.13,10000.0,0.0,100.0,2.73,9.18,237.0,1007.0,0,804,Clouds,overcast clouds,04n
2025-07-20 21:14:01,Ca Mau,Ca Mau,26.13,26.13,26.13,79.0,26.13,10000.0,0.0,100.0,2.73,9.18,237.0,1007.0,0,804,Clouds,overcast clouds,04n
2025-07-20 21:18:15,Ca Mau,Ca Mau,26.13,26.13,26.13,79.0,26.13,10000.0,0.0,100.0,2.73,9.18,237.0,1007.0,0,804,Clouds,overcast clouds,04n
2025-07-20 21:22:04,Ca Mau,Ca Mau,26.13,26.13,26.13,79.0,26.13,10000.0,0.0,100.0,2.73,9.18,237.0,1007.0,0,804,Clouds,overcast clouds,04n
2025-07-20 21:25:51,Ca Mau,Ca Mau,26.13,26.13,26.13,79.0,26.13,10000.0,0.0,100.0,2.73,9.18,237.0,1007.0,0,804,Clouds,overcast clouds,04n
2025-07-20 21:29:39,Ca Mau,Ca Mau,26.13,26.13,26.13,79.0,26.13,10000.0,0.0,100.0,2.73,9.18,237.0,1007.0,0,804,Clouds,overcast clouds,04n
2025-07-20 21:33:28,Ca Mau,Ca Mau,25.88,25.88,25.88,79.0,26.59,10000.0,0.0,100.0,2.89,10.56,242.0,1008.0,0,804,Clouds,overcast clouds,04n
2025-07-20 21:40:57,Ca Mau,Ca Mau,25.88,25.88,25.88,79.0,26.59,10000.0,0.0,100.0,2.89,10.56,242.0,1008.0,0,804,Clouds,overcast clouds,04n
2025-07-20 21:44:43,Ca Mau,Ca Mau,25.88,25.88,25.88,79.0,26.59,10000.0,0.0,100.0,2.89,10.56,242.0,1008.0,0,804,Clouds,overcast clouds,04n
2025-07-20 21:48:29,Ca Mau,Ca Mau,25.88,25.88,25.88,79.0,26.59,10000.0,0.0,100.0,2.89,10.56,242.0,1008.0,0,804,Clouds,overcast clouds,04n
2025-07-20 21:52:16,Ca Mau,Ca Mau,25.88,25.88,25.88,79.0,26.59,10000.0,0.0,100.0,2.89,10.56,242.0,1008.0,0,804,Clouds,overcast clouds,04n
2025-07-20 21:56:02,Ca Mau,Ca Mau,25.89,25.89,25.89,79.0,26.6,10000.0,0.45,100.0,2.89,10.56,242.0,1008.0,0,500,Rain,light rain,10n
2025-07-20 21:59:50,Ca Mau,Ca Mau,25.89,25.89,25.89,79.0,26.6,10000.0,0.45,100.0,2.89,10.56,242.0,1008.0,0,500,Rain,light rain,10n
2025-07-20 22:03:37,Ca Mau,Ca Mau,25.89,25.89,25.89,79.0,26.6,10000.0,0.45,100.0,2.89,10.56,242.0,1008.0,0,500,Rain,light rain,10n
2025-07-20 22:11:33,Ca Mau,Ca Mau,25.85,25.85,25.85,79.0,26.55,10000.0,0.92,100.0,2.89,10.56,242.0,1008.0,0,500,Rain,light rain,10n
2025-07-20 22:15:39,Ca Mau,Ca Mau,25.85,25.85,25.85,79.0,26.55,10000.0,1.54,100.0,2.89,10.56,242.0,1008.0,0,501,Rain,moderate rain,10n
2025-07-20 22:19:50,Ca Mau,Ca Mau,25.85,25.85,25.85,79.0,26.55,10000.0,1.54,100.0,2.89,10.56,242.0,1008.0,0,501,Rain,moderate rain,10n
2025-07-20 22:27:43,Ca Mau,Ca Mau,25.85,25.85,25.85,79.0,26.55,10000.0,1.15,100.0,2.89,10.56,242.0,1008.0,0,501,Rain,moderate rain,10n
2025-07-20 22:35:31,Ca Mau,Ca Mau,25.89,25.89,25.89,81.0,26.65,10000.0,1.54,100.0,4.47,13.08,252.0,1008.0,0,501,Rain,moderate rain,10n
2025-07-20 22:39:42,Ca Mau,Ca Mau,25.89,25.89,25.89,81.0,26.65,10000.0,1.15,100.0,4.47,13.08,252.0,1008.0,0,501,Rain,moderate rain,10n
2025-07-20 22:43:47,Ca Mau,Ca Mau,25.89,25.89,25.89,81.0,26.65,10000.0,1.03,100.0,4.47,13.08,252.0,1008.0,0,501,Rain,moderate rain,10n
2025-07-20 22:55:36,Ca Mau,Ca Mau,25.85,25.85,25.85,81.0,26.61,10000.0,0.97,100.0,4.47,13.08,252.0,1008.0,0,500,Rain,light rain,10n
2025-07-20 22:59:35,Ca Mau,Ca Mau,25.85,25.85,25.85,81.0,26.61,10000.0,0.97,100.0,4.47,13.08,252.0,1008.0,0,500,Rain,light rain,10n
2025-07-20 23:37:53,Ca Mau,Ca Mau,25.77,25.77,25.77,83.0,26.57,10000.0,0.27,100.0,3.91,11.7,248.0,1007.0,0,500,Rain,light rain,10n
2025-07-20 23:46:03,Ca Mau,Ca Mau,25.77,25.77,25.77,83.0,26.57,10000.0,0.27,100.0,3.91,11.7,248.0,1007.0,0,500,Rain,light rain,10n
2025-07-21 00:06:54,Ca Mau,Ca Mau,25.75,25.75,25.75,83.0,26.55,10000.0,0.0,100.0,3.91,11.7,248.0,1007.0,0,804,Clouds,overcast clouds,04n
2025-07-21 01:29:03,Ca Mau,Ca Mau,25.8,25.8,25.8,84.0,26.63,10000.0,0.0,100.0,4.76,13.81,242.0,1007.0,0,804,Clouds,overcast clouds,04n
2025-07-21 01:50:00,Ca Mau,Ca Mau,26.13,26.13,26.13,81.0,26.13,10000.0,0.0,100.0,4.66,14.28,244.0,1007.0,0,804,Clouds,overcast clouds,04n
2025-07-21 04:52:58,Ca Mau,Ca Mau,26.64,26.64,26.64,81.0,26.64,10000.0,0.0,100.0,3.21,10.25,258.0,1006.0,0,804,Clouds,overcast clouds,04n
2025-07-21 08:30:13,Ca Mau,Ca Mau,30.74,30.74,30.74,61.0,34.54,10000.0,0.0,100.0,5.73,11.53,259.0,1008.0,1,804,Clouds,overcast clouds,04d
2025-07-21 08:38:51,Ca Mau,Ca Mau,30.74,30.74,30.74,61.0,34.54,10000.0,0.0,100.0,5.73,11.53,259.0,1008.0,1,804,Clouds,overcast clouds,04d
2025-07-21 08:42:58,Ca Mau,Ca Mau,30.81,30.81,30.81,61.0,34.69,10000.0,0.0,100.0,5.73,11.53,259.0,1008.0,1,804,Clouds,overcast clouds,04d
2025-07-21 09:07:26,Ca Mau,Ca Mau,30.8,30.8,30.8,62.0,34.91,10000.0,0.0,100.0,5.73,11.53,259.0,1008.0,1,804,Clouds,overcast clouds,04d
2025-07-21 09:16:21,Ca Mau,Ca Mau,30.8,30.8,30.8,62.0,34.91,10000.0,0.0,100.0,5.73,11.53,259.0,1008.0,1,804,Clouds,overcast clouds,04d
2025-07-21 09:20:42,Ca Mau,Ca Mau,30.8,30.8,30.8,62.0,34.91,10000.0,0.0,100.0,5.73,11.53,259.0,1008.0,1,804,Clouds,overcast clouds,04d
2025-07-21 09:25:26,Ca Mau,Ca Mau,30.8,30.8,30.8,62.0,34.91,10000.0,0.0,100.0,5.73,11.53,259.0,1008.0,1,804,Clouds,overcast clouds,04d
2025-07-21 09:33:20,Ca Mau,Ca Mau,31.98,31.98,31.98,54.0,35.33,10000.0,0.0,100.0,6.66,12.58,260.0,1008.0,1,804,Clouds,overcast clouds,04d
2025-07-21 09:37:12,Ca Mau,Ca Mau,31.98,31.98,31.98,54.0,35.33,10000.0,0.0,100.0,6.66,12.58,260.0,1008.0,1,804,Clouds,overcast clouds,04d
2025-07-21 09:40:57,Ca Mau,Ca Mau,31.98,31.98,31.98,54.0,35.33,10000.0,0.0,100.0,6.66,12.58,260.0,1008.0,1,804,Clouds,overcast clouds,04d
2025-07-21 09:44:52,Ca Mau,Ca Mau,31.98,31.98,31.98,54.0,35.33,10000.0,0.0,100.0,6.66,12.58,260.0,1008.0,1,804,Clouds,overcast clouds,04d
2025-07-21 09:48:45,Ca Mau,Ca Mau,32.09,32.09,32.09,54.0,35.56,10000.0,0.0,100.0,6.66,12.58,260.0,1008.0,1,804,Clouds,overcast clouds,04d
2025-07-21 09:52:52,Ca Mau,Ca Mau,32.09,32.09,32.09,54.0,35.56,10000.0,0.0,100.0,6.66,12.58,260.0,1008.0,1,804,Clouds,overcast clouds,04d
2025-07-21 09:57:13,Ca Mau,Ca Mau,32.09,32.09,32.09,54.0,35.56,10000.0,0.0,100.0,6.66,12.58,260.0,1008.0,1,804,Clouds,overcast clouds,04d
2025-07-21 10:05:06,Ca Mau,Ca Mau,32.03,32.03,32.03,55.0,35.7,10000.0,0.0,100.0,6.66,12.58,260.0,1008.0,1,804,Clouds,overcast clouds,04d
2025-07-21 10:08:55,Ca Mau,Ca Mau,32.03,32.03,32.03,55.0,35.7,10000.0,0.0,100.0,6.66,12.58,260.0,1008.0,1,804,Clouds,overcast clouds,04d
2025-07-21 10:12:41,Ca Mau,Ca Mau,32.03,32.03,32.03,55.0,35.7,10000.0,0.0,100.0,6.66,12.58,260.0,1008.0,1,804,Clouds,overcast clouds,04d
2025-07-21 10:16:26,Ca Mau,Ca Mau,32.03,32.03,32.03,55.0,35.7,10000.0,0.0,100.0,6.66,12.58,260.0,1008.0,1,804,Clouds,overcast clouds,04d
2025-07-21 10:20:13,Ca Mau,Ca Mau,32.03,32.03,32.03,55.0,35.7,10000.0,0.0,100.0,6.66,12.58,260.0,1008.0,1,804,Clouds,overcast clouds,04d
2025-07-21 10:24:00,Ca Mau,Ca Mau,32.03,32.03,32.03,55.0,35.7,10000.0,0.0,100.0,6.66,12.58,260.0,1008.0,1,804,Clouds,overcast clouds,04d
2025-07-21 10:27:46,Ca Mau,Ca Mau,32.03,32.03,32.03,55.0,35.7,10000.0,0.0,100.0,6.66,12.58,260.0,1008.0,1,804,Clouds,overcast clouds,04d
2025-07-21 10:31:32,Ca Mau,Ca Mau,32.05,32.05,32.05,54.0,35.47,10000.0,0.0,100.0,6.58,11.64,261.0,1008.0,1,804,Clouds,overcast clouds,04d
2025-07-21 10:35:19,Ca Mau,Ca Mau,32.05,32.05,32.05,54.0,35.47,10000.0,0.0,100.0,6.58,11.64,261.0,1008.0,1,804,Clouds,overcast clouds,04d
2025-07-21 10:39:06,Ca Mau,Ca Mau,32.05,32.05,32.05,54.0,35.47,10000.0,0.0,100.0,6.58,11.64,261.0,1008.0,1,804,Clouds,overcast clouds,04d
2025-07-21 10:42:57,Ca Mau,Ca Mau,32.05,32.05,32.05,54.0,35.47,10000.0,0.0,100.0,6.58,11.64,261.0,1008.0,1,804,Clouds,overcast clouds,04d
2025-07-21 10:46:54,Ca Mau,Ca Mau,32.1,32.1,32.1,54.0,35.58,10000.0,0.0,100.0,6.58,11.64,261.0,1008.0,1,804,Clouds,overcast clouds,04d
2025-07-21 10:50:41,Ca Mau,Ca Mau,32.1,32.1,32.1,54.0,35.58,10000.0,0.0,100.0,6.58,11.64,261.0,1008.0,1,804,Clouds,overcast clouds,04d
2025-07-21 10:54:28,Ca Mau,Ca Mau,32.1,32.1,32.1,54.0,35.58,10000.0,0.0,100.0,6.58,11.64,261.0,1008.0,1,804,Clouds,overcast clouds,04d
2025-07-21 10:58:13,Ca Mau,Ca Mau,32.1,32.1,32.1,54.0,35.58,10000.0,0.0,100.0,6.58,11.64,261.0,1008.0,1,804,Clouds,overcast clouds,04d
2025-07-21 11:02:02,Ca Mau,Ca Mau,32.06,32.06,32.06,55.0,35.77,10000.0,0.0,100.0,6.58,11.64,261.0,1008.0,1,804,Clouds,overcast clouds,04d
2025-07-21 11:05:49,Ca Mau,Ca Mau,32.06,32.06,32.06,55.0,35.77,10000.0,0.0,100.0,6.58,11.64,261.0,1008.0,1,804,Clouds,overcast clouds,04d
2025-07-21 11:09:35,Ca Mau,Ca Mau,32.06,32.06,32.06,55.0,35.77,10000.0,0.0,100.0,6.58,11.64,261.0,1008.0,1,804,Clouds,overcast clouds,04d
2025-07-21 11:13:21,Ca Mau,Ca Mau,32.06,32.06,32.06,55.0,35.77,10000.0,0.0,100.0,6.58,11.64,261.0,1008.0,1,804,Clouds,overcast clouds,04d
2025-07-21 11:17:07,Ca Mau,Ca Mau,32.07,32.07,32.07,55.0,35.79,10000.0,0.0,100.0,6.58,11.64,261.0,1008.0,1,804,Clouds,overcast clouds,04d
2025-07-21 11:20:53,Ca Mau,Ca Mau,32.07,32.07,32.07,55.0,35.79,10000.0,0.0,100.0,6.58,11.64,261.0,1008.0,1,804,Clouds,overcast clouds,04d
2025-07-21 11:24:39,Ca Mau,Ca Mau,32.07,32.07,32.07,55.0,35.79,10000.0,0.0,100.0,6.58,11.64,261.0,1008.0,1,804,Clouds,overcast clouds,04d
2025-07-21 11:28:25,Ca Mau,Ca Mau,32.07,32.07,32.07,55.0,35.79,10000.0,0.0,100.0,6.58,11.64,261.0,1008.0,1,804,Clouds,overcast clouds,04d
2025-07-21 11:32:12,Ca Mau,Ca Mau,32.07,32.07,32.07,55.0,35.79,10000.0,0.0,100.0,6.58,11.64,261.0,1008.0,1,804,Clouds,overcast clouds,04d
2025-07-21 11:35:58,Ca Mau,Ca Mau,32.12,32.12,32.12,55.0,35.89,10000.0,0.0,100.0,6.74,11.93,254.0,1007.0,1,804,Clouds,overcast clouds,04d
2025-07-21 11:39:44,Ca Mau,Ca Mau,32.12,32.12,32.12,55.0,35.89,10000.0,0.0,100.0,6.74,11.93,254.0,1007.0,1,804,Clouds,overcast clouds,04d
2025-07-21 11:43:30,Ca Mau,Ca Mau,32.12,32.12,32.12,55.0,35.89,10000.0,0.0,100.0,6.74,11.93,254.0,1007.0,1,804,Clouds,overcast clouds,04d
2025-07-21 11:47:15,Ca Mau,Ca Mau,32.12,32.12,32.12,55.0,35.89,10000.0,0.0,100.0,6.74,11.93,254.0,1007.0,1,804,Clouds,overcast clouds,04d
2025-07-21 11:51:01,Ca Mau,Ca Mau,32.12,32.12,32.12,55.0,35.89,10000.0,0.0,100.0,6.74,11.93,254.0,1007.0,1,804,Clouds,overcast clouds,04d
2025-07-21 11:54:48,Ca Mau,Ca Mau,32.12,32.12,32.12,55.0,35.89,10000.0,0.0,100.0,6.74,11.93,254.0,1007.0,1,804,Clouds,overcast clouds,04d
2025-07-21 11:58:33,Ca Mau,Ca Mau,32.12,32.12,32.12,55.0,35.89,10000.0,0.0,100.0,6.74,11.93,254.0,1007.0,1,804,Clouds,overcast clouds,04d
2025-07-21 12:02:19,Ca Mau,Ca Mau,32.09,32.09,32.09,56.0,36.11,10000.0,0.0,100.0,6.74,11.93,254.0,1007.0,1,804,Clouds,overcast clouds,04d
2025-07-21 12:06:06,Ca Mau,Ca Mau,32.09,32.09,32.09,56.0,36.11,10000.0,0.0,100.0,6.74,11.93,254.0,1007.0,1,804,Clouds,overcast clouds,04d
2025-07-21 12:09:51,Ca Mau,Ca Mau,32.09,32.09,32.09,56.0,36.11,10000.0,0.0,100.0,6.74,11.93,254.0,1007.0,1,804,Clouds,overcast clouds,04d
2025-07-21 12:13:36,Ca Mau,Ca Mau,32.09,32.09,32.09,56.0,36.11,10000.0,0.0,100.0,6.74,11.93,254.0,1007.0,1,804,Clouds,overcast clouds,04d
2025-07-21 12:17:22,Ca Mau,Ca Mau,32.09,32.09,32.09,56.0,36.11,10000.0,0.0,100.0,6.74,11.93,254.0,1007.0,1,804,Clouds,overcast clouds,04d
2025-07-21 12:21:07,Ca Mau,Ca Mau,32.09,32.09,32.09,56.0,36.11,10000.0,0.0,100.0,6.74,11.93,254.0,1007.0,1,804,Clouds,overcast clouds,04d
2025-07-21 12:24:53,Ca Mau,Ca Mau,32.09,32.09,32.09,56.0,36.11,10000.0,0.0,100.0,6.74,11.93,254.0,1007.0,1,804,Clouds,overcast clouds,04d
2025-07-21 12:28:38,Ca Mau,Ca Mau,32.09,32.09,32.09,56.0,36.11,10000.0,0.0,100.0,6.74,11.93,254.0,1007.0,1,804,Clouds,overcast clouds,04d
2025-07-21 12:32:25,Ca Mau,Ca Mau,31.38,31.38,31.38,58.0,35.14,10000.0,0.0,100.0,6.86,12.07,253.0,1007.0,1,804,Clouds,overcast clouds,04d
2025-07-21 12:36:10,Ca Mau,Ca Mau,31.38,31.38,31.38,58.0,35.14,10000.0,0.0,100.0,6.86,12.07,253.0,1007.0,1,804,Clouds,overcast clouds,04d
2025-07-21 12:39:56,Ca Mau,Ca Mau,31.38,31.38,31.38,58.0,35.14,10000.0,0.0,100.0,6.86,12.07,253.0,1007.0,1,804,Clouds,overcast clouds,04d
2025-07-21 12:43:42,Ca Mau,Ca Mau,31.38,31.38,31.38,58.0,35.14,10000.0,0.0,100.0,6.86,12.07,253.0,1007.0,1,804,Clouds,overcast clouds,04d
2025-07-21 12:47:27,Ca Mau,Ca Mau,31.38,31.38,31.38,58.0,35.14,10000.0,0.0,100.0,6.86,12.07,253.0,1007.0,1,804,Clouds,overcast clouds,04d
2025-07-21 12:51:13,Ca Mau,Ca Mau,31.38,31.38,31.38,58.0,35.14,10000.0,0.0,100.0,6.86,12.07,253.0,1007.0,1,804,Clouds,overcast clouds,04d
2025-07-21 12:54:58,Ca Mau,Ca Mau,31.37,31.37,31.37,58.0,35.12,10000.0,0.0,100.0,6.86,12.07,253.0,1007.0,1,804,Clouds,overcast clouds,04d
2025-07-21 12:58:44,Ca Mau,Ca Mau,31.37,31.37,31.37,58.0,35.12,10000.0,0.0,100.0,6.86,12.07,253.0,1007.0,1,804,Clouds,overcast clouds,04d
2025-07-21 13:02:30,Ca Mau,Ca Mau,31.37,31.37,31.37,58.0,35.12,10000.0,0.0,98.0,8.09,13.6,253.0,1007.0,1,804,Clouds,overcast clouds,04d
2025-07-21 13:06:15,Ca Mau,Ca Mau,31.37,31.37,31.37,58.0,35.12,10000.0,0.0,98.0,8.09,13.6,253.0,1007.0,1,804,Clouds,overcast clouds,04d
2025-07-21 13:10:01,Ca Mau,Ca Mau,31.37,31.37,31.37,58.0,35.12,10000.0,0.0,98.0,8.09,13.6,253.0,1007.0,1,804,Clouds,overcast clouds,04d
2025-07-21 13:13:48,Ca Mau,Ca Mau,31.37,31.37,31.37,58.0,35.12,10000.0,0.0,98.0,8.09,13.6,253.0,1007.0,1,804,Clouds,overcast clouds,04d
2025-07-21 13:17:34,Ca Mau,Ca Mau,31.37,31.37,31.37,58.0,35.12,10000.0,0.0,98.0,8.09,13.6,253.0,1007.0,1,804,Clouds,overcast clouds,04d
2025-07-21 13:21:20,Ca Mau,Ca Mau,31.37,31.37,31.37,58.0,35.12,10000.0,0.0,98.0,8.09,13.6,253.0,1007.0,1,804,Clouds,overcast clouds,04d
2025-07-21 13:25:06,Ca Mau,Ca Mau,31.37,31.37,31.37,58.0,35.12,10000.0,0.0,98.0,8.09,13.6,253.0,1007.0,1,804,Clouds,overcast clouds,04d
2025-07-21 13:28:51,Ca Mau,Ca Mau,31.37,31.37,31.37,58.0,35.12,10000.0,0.0,98.0,8.09,13.6,253.0,1007.0,1,804,Clouds,overcast clouds,04d
2025-07-21 13:32:37,Ca Mau,Ca Mau,32.4,32.4,32.4,52.0,35.64,10000.0,0.0,98.0,7.97,14.73,256.0,1006.0,1,804,Clouds,overcast clouds,04d
2025-07-21 13:36:22,Ca Mau,Ca Mau,32.4,32.4,32.4,52.0,35.64,10000.0,0.0,98.0,7.97,14.73,256.0,1006.0,1,804,Clouds,overcast clouds,04d
2025-07-21 13:40:08,Ca Mau,Ca Mau,32.4,32.4,32.4,52.0,35.64,10000.0,0.0,98.0,7.97,14.73,256.0,1006.0,1,804,Clouds,overcast clouds,04d
2025-07-21 13:43:54,Ca Mau,Ca Mau,32.4,32.4,32.4,52.0,35.64,10000.0,0.0,98.0,7.97,14.73,256.0,1006.0,1,804,Clouds,overcast clouds,04d
2025-07-21 13:47:39,Ca Mau,Ca Mau,32.4,32.4,32.4,52.0,35.64,10000.0,0.0,98.0,7.97,14.73,256.0,1006.0,1,804,Clouds,overcast clouds,04d
2025-07-21 13:51:24,Ca Mau,Ca Mau,32.4,32.4,32.4,52.0,35.64,10000.0,0.0,98.0,7.97,14.73,256.0,1006.0,1,804,Clouds,overcast clouds,04d
2025-07-21 13:55:10,Ca Mau,Ca Mau,33.01,33.01,33.01,45.0,34.96,10000.0,0.0,98.0,7.97,14.73,256.0,1006.0,1,804,Clouds,overcast clouds,04d
2025-07-21 13:58:55,Ca Mau,Ca Mau,33.01,33.01,33.01,45.0,34.96,10000.0,0.0,98.0,7.97,14.73,256.0,1006.0,1,804,Clouds,overcast clouds,04d
2025-07-21 14:02:41,Ca Mau,Ca Mau,33.01,33.01,33.01,45.0,34.96,10000.0,0.0,98.0,7.97,14.73,256.0,1006.0,1,804,Clouds,overcast clouds,04d
2025-07-21 14:06:28,Ca Mau,Ca Mau,32.93,32.93,32.93,46.0,35.07,10000.0,0.0,98.0,7.97,14.73,256.0,1006.0,1,804,Clouds,overcast clouds,04d
2025-07-21 14:10:15,Ca Mau,Ca Mau,32.93,32.93,32.93,46.0,35.07,10000.0,0.0,98.0,7.97,14.73,256.0,1006.0,1,804,Clouds,overcast clouds,04d
2025-07-21 14:14:01,Ca Mau,Ca Mau,32.93,32.93,32.93,46.0,35.07,10000.0,0.0,98.0,7.97,14.73,256.0,1006.0,1,804,Clouds,overcast clouds,04d
2025-07-21 14:17:46,Ca Mau,Ca Mau,32.93,32.93,32.93,46.0,35.07,10000.0,0.0,98.0,7.97,14.73,256.0,1006.0,1,804,Clouds,overcast clouds,04d
2025-07-21 14:21:32,Ca Mau,Ca Mau,32.93,32.93,32.93,46.0,35.07,10000.0,0.0,98.0,7.97,14.73,256.0,1006.0,1,804,Clouds,overcast clouds,04d
2025-07-21 14:25:17,Ca Mau,Ca Mau,32.93,32.93,32.93,46.0,35.07,10000.0,0.0,98.0,7.97,14.73,256.0,1006.0,1,804,Clouds,overcast clouds,04d
2025-07-21 14:29:03,Ca Mau,Ca Mau,32.93,32.93,32.93,46.0,35.07,10000.0,0.0,98.0,7.97,14.73,256.0,1006.0,1,804,Clouds,overcast clouds,04d
2025-07-21 14:32:49,Ca Mau,Ca Mau,32.93,32.93,32.93,46.0,35.07,10000.0,0.0,98.0,7.97,14.73,256.0,1006.0,1,804,Clouds,overcast clouds,04d
2025-07-21 14:36:34,Ca Mau,Ca Mau,32.66,32.66,32.66,46.0,34.59,10000.0,0.0,80.0,7.23,14.22,256.0,1005.0,1,803,Clouds,broken clouds,04d
2025-07-21 14:40:20,Ca Mau,Ca Mau,32.66,32.66,32.66,46.0,34.59,10000.0,0.0,80.0,7.23,14.22,256.0,1005.0,1,803,Clouds,broken clouds,04d
2025-07-21 14:44:05,Ca Mau,Ca Mau,32.66,32.66,32.66,46.0,34.59,10000.0,0.0,80.0,7.23,14.22,256.0,1005.0,1,803,Clouds,broken clouds,04d
2025-07-21 14:47:50,Ca Mau,Ca Mau,32.66,32.66,32.66,46.0,34.59,10000.0,0.0,80.0,7.23,14.22,256.0,1005.0,1,803,Clouds,broken clouds,04d
2025-07-21 14:51:36,Ca Mau,Ca Mau,32.66,32.66,32.66,46.0,34.59,10000.0,0.0,80.0,7.23,14.22,256.0,1005.0,1,803,Clouds,broken clouds,04d
2025-07-21 14:55:21,Ca Mau,Ca Mau,32.66,32.66,32.66,46.0,34.59,10000.0,0.0,80.0,7.23,14.22,256.0,1005.0,1,803,Clouds,broken clouds,04d
2025-07-21 14:59:07,Ca Mau,Ca Mau,32.66,32.66,32.66,46.0,34.59,10000.0,0.0,80.0,7.23,14.22,256.0,1005.0,1,803,Clouds,broken clouds,04d
2025-07-21 15:02:53,Ca Mau,Ca Mau,32.6,32.6,32.6,47.0,34.73,10000.0,0.0,80.0,7.23,14.22,256.0,1005.0,1,803,Clouds,broken clouds,04d
2025-07-21 15:06:38,Ca Mau,Ca Mau,32.6,32.6,32.6,47.0,34.73,10000.0,0.0,80.0,7.23,14.22,256.0,1005.0,1,803,Clouds,broken clouds,04d
2025-07-21 15:10:25,Ca Mau,Ca Mau,32.6,32.6,32.6,47.0,34.73,10000.0,0.0,80.0,7.23,14.22,256.0,1005.0,1,803,Clouds,broken clouds,04d
2025-07-21 15:14:11,Ca Mau,Ca Mau,32.6,32.6,32.6,47.0,34.73,10000.0,0.0,80.0,7.23,14.22,256.0,1005.0,1,803,Clouds,broken clouds,04d
2025-07-21 15:17:56,Ca Mau,Ca Mau,32.6,32.6,32.6,47.0,34.73,10000.0,0.0,80.0,7.23,14.22,256.0,1005.0,1,803,Clouds,broken clouds,04d
2025-07-21 15:21:41,Ca Mau,Ca Mau,32.6,32.6,32.6,47.0,34.73,10000.0,0.0,80.0,7.23,14.22,256.0,1005.0,1,803,Clouds,broken clouds,04d
2025-07-21 15:25:27,Ca Mau,Ca Mau,32.6,32.6,32.6,47.0,34.73,10000.0,0.0,80.0,7.23,14.22,256.0,1005.0,1,803,Clouds,broken clouds,04d
2025-07-21 15:29:13,Ca Mau,Ca Mau,32.6,32.6,32.6,47.0,34.73,10000.0,0.0,80.0,7.23,14.22,256.0,1005.0,1,803,Clouds,broken clouds,04d
2025-07-21 15:32:58,Ca Mau,Ca Mau,31.8,31.8,31.8,49.0,33.77,10000.0,0.0,86.0,6.03,12.98,252.0,1005.0,1,804,Clouds,overcast clouds,04d
2025-07-21 15:36:45,Ca Mau,Ca Mau,31.8,31.8,31.8,49.0,33.77,10000.0,0.0,86.0,6.03,12.98,252.0,1005.0,1,804,Clouds,overcast clouds,04d
2025-07-21 15:40:30,Ca Mau,Ca Mau,31.8,31.8,31.8,49.0,33.77,10000.0,0.0,86.0,6.03,12.98,252.0,1005.0,1,804,Clouds,overcast clouds,04d
2025-07-21 15:44:15,Ca Mau,Ca Mau,31.8,31.8,31.8,49.0,33.77,10000.0,0.0,86.0,6.03,12.98,252.0,1005.0,1,804,Clouds,overcast clouds,04d
2025-07-21 15:48:01,Ca Mau,Ca Mau,31.8,31.8,31.8,49.0,33.77,10000.0,0.0,86.0,6.03,12.98,252.0,1005.0,1,804,Clouds,overcast clouds,04d
2025-07-21 15:51:47,Ca Mau,Ca Mau,31.8,31.8,31.8,49.0,33.77,10000.0,0.0,86.0,6.03,12.98,252.0,1005.0,1,804,Clouds,overcast clouds,04d
2025-07-21 15:55:33,Ca Mau,Ca Mau,31.79,31.79,31.79,49.0,33.75,10000.0,0.0,86.0,6.03,12.98,252.0,1005.0,1,804,Clouds,overcast clouds,04d
2025-07-21 15:59:18,Ca Mau,Ca Mau,31.79,31.79,31.79,49.0,33.75,10000.0,0.0,86.0,6.03,12.98,252.0,1005.0,1,804,Clouds,overcast clouds,04d
2025-07-21 16:03:04,Ca Mau,Ca Mau,31.79,31.79,31.79,49.0,33.75,10000.0,0.0,86.0,6.03,12.98,252.0,1005.0,1,804,Clouds,overcast clouds,04d
2025-07-21 16:06:51,Ca Mau,Ca Mau,31.73,31.73,31.73,50.0,33.87,10000.0,0.0,86.0,6.03,12.98,252.0,1005.0,1,804,Clouds,overcast clouds,04d
2025-07-21 16:10:37,Ca Mau,Ca Mau,31.73,31.73,31.73,50.0,33.87,10000.0,0.0,86.0,6.03,12.98,252.0,1005.0,1,804,Clouds,overcast clouds,04d
2025-07-21 16:14:22,Ca Mau,Ca Mau,31.73,31.73,31.73,50.0,33.87,10000.0,0.0,86.0,6.03,12.98,252.0,1005.0,1,804,Clouds,overcast clouds,04d
2025-07-21 16:18:07,Ca Mau,Ca Mau,31.73,31.73,31.73,50.0,33.87,10000.0,0.12,86.0,6.03,12.98,252.0,1005.0,1,500,Rain,light rain,10d
2025-07-21 16:21:54,Ca Mau,Ca Mau,31.73,31.73,31.73,50.0,33.87,10000.0,0.12,86.0,6.03,12.98,252.0,1005.0,1,500,Rain,light rain,10d
2025-07-21 16:25:39,Ca Mau,Ca Mau,31.73,31.73,31.73,50.0,33.87,10000.0,0.0,86.0,6.03,12.98,252.0,1005.0,1,804,Clouds,overcast clouds,04d
2025-07-21 16:29:25,Ca Mau,Ca Mau,31.73,31.73,31.73,50.0,33.87,10000.0,0.0,86.0,6.03,12.98,252.0,1005.0,1,804,Clouds,overcast clouds,04d
2025-07-21 16:33:11,Ca Mau,Ca Mau,31.73,31.73,31.73,50.0,33.87,10000.0,0.0,86.0,6.03,12.98,252.0,1005.0,1,804,Clouds,overcast clouds,04d
2025-07-21 16:36:56,Ca Mau,Ca Mau,31.73,31.73,31.73,50.0,33.87,10000.0,0.0,86.0,6.03,12.98,252.0,1005.0,1,804,Clouds,overcast clouds,04d
2025-07-21 16:40:41,Ca Mau,Ca Mau,30.5,30.5,30.5,59.0,33.59,10000.0,0.0,89.0,4.91,12.48,249.0,1006.0,1,804,Clouds,overcast clouds,04d
2025-07-21 16:44:27,Ca Mau,Ca Mau,30.5,30.5,30.5,59.0,33.59,10000.0,0.0,89.0,4.91,12.48,249.0,1006.0,1,804,Clouds,overcast clouds,04d
2025-07-21 16:48:13,Ca Mau,Ca Mau,30.5,30.5,30.5,59.0,33.59,10000.0,0.0,89.0,4.91,12.48,249.0,1006.0,1,804,Clouds,overcast clouds,04d
2025-07-21 16:51:58,Ca Mau,Ca Mau,30.5,30.5,30.5,59.0,33.59,10000.0,0.0,89.0,4.91,12.48,249.0,1006.0,1,804,Clouds,overcast clouds,04d
2025-07-21 16:55:44,Ca Mau,Ca Mau,30.5,30.5,30.5,59.0,33.59,10000.0,0.0,89.0,4.91,12.48,249.0,1006.0,1,804,Clouds,overcast clouds,04d
2025-07-21 16:59:30,Ca Mau,Ca Mau,30.5,30.5,30.5,59.0,33.59,10000.0,0.0,89.0,4.91,12.48,249.0,1006.0,1,804,Clouds,overcast clouds,04d
2025-07-21 17:03:15,Ca Mau,Ca Mau,30.5,30.5,30.5,59.0,33.59,10000.0,0.0,89.0,4.91,12.48,249.0,1006.0,1,804,Clouds,overcast clouds,04d
2025-07-21 17:07:01,Ca Mau,Ca Mau,30.47,30.47,30.47,59.0,33.53,10000.0,0.0,89.0,4.91,12.48,249.0,1006.0,1,804,Clouds,overcast clouds,04d
2025-07-21 17:10:46,Ca Mau,Ca Mau,30.47,30.47,30.47,59.0,33.53,10000.0,0.0,89.0,4.91,12.48,249.0,1006.0,1,804,Clouds,overcast clouds,04d
2025-07-21 17:14:32,Ca Mau,Ca Mau,30.47,30.47,30.47,59.0,33.53,10000.0,0.0,89.0,4.91,12.48,249.0,1006.0,1,804,Clouds,overcast clouds,04d
2025-07-21 17:18:18,Ca Mau,Ca Mau,30.46,30.46,30.46,59.0,33.51,10000.0,0.0,89.0,4.91,12.48,249.0,1006.0,1,804,Clouds,overcast clouds,04d
2025-07-21 17:22:03,Ca Mau,Ca Mau,30.46,30.46,30.46,59.0,33.51,10000.0,0.0,89.0,4.91,12.48,249.0,1006.0,1,804,Clouds,overcast clouds,04d
2025-07-21 17:25:49,Ca Mau,Ca Mau,30.46,30.46,30.46,59.0,33.51,10000.0,0.0,89.0,4.91,12.48,249.0,1006.0,1,804,Clouds,overcast clouds,04d
2025-07-21 17:29:35,Ca Mau,Ca Mau,30.46,30.46,30.46,59.0,33.51,10000.0,0.0,89.0,4.91,12.48,249.0,1006.0,1,804,Clouds,overcast clouds,04d
2025-07-21 17:33:21,Ca Mau,Ca Mau,30.46,30.46,30.46,59.0,33.51,10000.0,0.0,89.0,4.91,12.48,249.0,1006.0,1,804,Clouds,overcast clouds,04d
2025-07-21 17:37:06,Ca Mau,Ca Mau,28.76,28.76,28.76,70.0,32.21,10000.0,0.0,92.0,3.99,10.74,249.0,1006.0,1,804,Clouds,overcast clouds,04d
2025-07-21 17:40:52,Ca Mau,Ca Mau,28.76,28.76,28.76,70.0,32.21,10000.0,0.0,92.0,3.99,10.74,249.0,1006.0,1,804,Clouds,overcast clouds,04d
2025-07-21 17:44:38,Ca Mau,Ca Mau,28.76,28.76,28.76,70.0,32.21,10000.0,0.0,92.0,3.99,10.74,249.0,1006.0,1,804,Clouds,overcast clouds,04d
2025-07-21 17:48:23,Ca Mau,Ca Mau,28.76,28.76,28.76,70.0,32.21,10000.0,0.0,92.0,3.99,10.74,249.0,1006.0,1,804,Clouds,overcast clouds,04d
2025-07-21 17:52:09,Ca Mau,Ca Mau,28.71,28.71,28.71,70.0,32.1,10000.0,0.0,92.0,3.99,10.74,249.0,1006.0,1,804,Clouds,overcast clouds,04d
2025-07-21 17:55:54,Ca Mau,Ca Mau,28.71,28.71,28.71,70.0,32.1,10000.0,0.0,92.0,3.99,10.74,249.0,1006.0,1,804,Clouds,overcast clouds,04d
2025-07-21 17:59:40,Ca Mau,Ca Mau,28.71,28.71,28.71,70.0,32.1,10000.0,0.0,92.0,3.99,10.74,249.0,1006.0,1,804,Clouds,overcast clouds,04d
2025-07-21 18:03:25,Ca Mau,Ca Mau,28.7,28.7,28.7,71.0,32.25,10000.0,0.0,92.0,3.99,10.74,249.0,1006.0,1,804,Clouds,overcast clouds,04d
2025-07-21 18:07:11,Ca Mau,Ca Mau,28.7,28.7,28.7,71.0,32.25,10000.0,0.0,92.0,3.99,10.74,249.0,1006.0,1,804,Clouds,overcast clouds,04d
2025-07-21 18:10:58,Ca Mau,Ca Mau,28.7,28.7,28.7,71.0,32.25,10000.0,0.0,92.0,3.99,10.74,249.0,1006.0,1,804,Clouds,overcast clouds,04d
2025-07-21 18:14:47,Ca Mau,Ca Mau,28.7,28.7,28.7,71.0,32.25,10000.0,0.0,92.0,3.99,10.74,249.0,1006.0,1,804,Clouds,overcast clouds,04d
2025-07-21 18:18:33,Ca Mau,Ca Mau,28.7,28.7,28.7,71.0,32.25,10000.0,0.0,92.0,3.99,10.74,249.0,1006.0,1,804,Clouds,overcast clouds,04d
2025-07-21 18:22:19,Ca Mau,Ca Mau,28.7,28.7,28.7,71.0,32.25,10000.0,0.0,92.0,3.99,10.74,249.0,1006.0,1,804,Clouds,overcast clouds,04d
2025-07-21 18:26:05,Ca Mau,Ca Mau,28.7,28.7,28.7,71.0,32.25,10000.0,0.0,92.0,3.99,10.74,249.0,1006.0,0,804,Clouds,overcast clouds,04d
2025-07-21 18:29:51,Ca Mau,Ca Mau,28.7,28.7,28.7,71.0,32.25,10000.0,0.0,92.0,3.99,10.74,249.0,1006.0,0,804,Clouds,overcast clouds,04d
2025-07-21 18:33:36,Ca Mau,Ca Mau,27.28,27.28,27.28,78.0,30.15,10000.0,0.0,93.0,3.47,8.9,248.0,1007.0,0,804,Clouds,overcast clouds,04n
2025-07-21 18:37:23,Ca Mau,Ca Mau,27.28,27.28,27.28,78.0,30.15,10000.0,0.0,93.0,3.47,8.9,248.0,1007.0,0,804,Clouds,overcast clouds,04n
2025-07-21 18:41:08,Ca Mau,Ca Mau,27.28,27.28,27.28,78.0,30.15,10000.0,0.0,93.0,3.47,8.9,248.0,1007.0,0,804,Clouds,overcast clouds,04n
2025-07-21 18:44:54,Ca Mau,Ca Mau,27.28,27.28,27.28,78.0,30.15,10000.0,0.0,93.0,3.47,8.9,248.0,1007.0,0,804,Clouds,overcast clouds,04n
2025-07-21 18:48:40,Ca Mau,Ca Mau,27.28,27.28,27.28,78.0,30.15,10000.0,0.0,93.0,3.47,8.9,248.0,1007.0,0,804,Clouds,overcast clouds,04n
2025-07-21 18:56:07,Ca Mau,Ca Mau,27.06,27.06,27.06,79.0,29.78,10000.0,0.0,93.0,3.47,8.9,248.0,1007.0,0,804,Clouds,overcast clouds,04n
2025-07-21 18:59:53,Ca Mau,Ca Mau,27.06,27.06,27.06,79.0,29.78,10000.0,0.0,93.0,3.47,8.9,248.0,1007.0,0,804,Clouds,overcast clouds,04n
2025-07-21 19:03:38,Ca Mau,Ca Mau,27.06,27.06,27.06,79.0,29.78,10000.0,0.0,93.0,3.47,8.9,248.0,1007.0,0,804,Clouds,overcast clouds,04n
2025-07-21 19:07:25,Ca Mau,Ca Mau,27.0,27.0,27.0,79.0,29.65,10000.0,0.0,93.0,3.47,8.9,248.0,1007.0,0,804,Clouds,overcast clouds,04n
2025-07-21 19:11:14,Ca Mau,Ca Mau,27.0,27.0,27.0,79.0,29.65,10000.0,0.0,93.0,3.47,8.9,248.0,1007.0,0,804,Clouds,overcast clouds,04n
2025-07-21 19:15:00,Ca Mau,Ca Mau,27.0,27.0,27.0,79.0,29.65,10000.0,0.0,93.0,3.47,8.9,248.0,1007.0,0,804,Clouds,overcast clouds,04n
2025-07-21 19:18:46,Ca Mau,Ca Mau,27.0,27.0,27.0,79.0,29.65,10000.0,0.0,93.0,3.47,8.9,248.0,1007.0,0,804,Clouds,overcast clouds,04n
2025-07-21 19:22:32,Ca Mau,Ca Mau,27.0,27.0,27.0,79.0,29.65,10000.0,0.0,93.0,3.47,8.9,248.0,1007.0,0,804,Clouds,overcast clouds,04n
2025-07-21 19:26:17,Ca Mau,Ca Mau,27.0,27.0,27.0,79.0,29.65,10000.0,0.0,93.0,3.47,8.9,248.0,1007.0,0,804,Clouds,overcast clouds,04n
2025-07-21 19:30:03,Ca Mau,Ca Mau,27.0,27.0,27.0,79.0,29.65,10000.0,0.0,93.0,3.47,8.9,248.0,1007.0,0,804,Clouds,overcast clouds,04n
2025-07-21 19:33:49,Ca Mau,Ca Mau,26.76,26.76,26.76,82.0,29.38,10000.0,0.0,100.0,2.4,8.56,237.0,1007.0,0,804,Clouds,overcast clouds,04n
2025-07-21 19:37:35,Ca Mau,Ca Mau,26.76,26.76,26.76,82.0,29.38,10000.0,0.0,100.0,2.4,8.56,237.0,1007.0,0,804,Clouds,overcast clouds,04n
2025-07-21 19:41:20,Ca Mau,Ca Mau,26.76,26.76,26.76,82.0,29.38,10000.0,0.0,100.0,2.4,8.56,237.0,1007.0,0,804,Clouds,overcast clouds,04n
2025-07-21 19:45:07,Ca Mau,Ca Mau,26.43,26.43,26.43,84.0,26.43,10000.0,0.0,100.0,2.4,8.56,237.0,1008.0,0,804,Clouds,overcast clouds,04n
2025-07-21 19:48:52,Ca Mau,Ca Mau,26.44,26.44,26.44,84.0,26.44,10000.0,0.0,100.0,2.4,8.56,237.0,1008.0,0,804,Clouds,overcast clouds,04n
2025-07-21 19:52:38,Ca Mau,Ca Mau,26.44,26.44,26.44,84.0,26.44,10000.0,0.0,100.0,2.4,8.56,237.0,1008.0,0,804,Clouds,overcast clouds,04n
2025-07-21 19:56:24,Ca Mau,Ca Mau,26.44,26.44,26.44,84.0,26.44,10000.0,0.0,100.0,2.4,8.56,237.0,1008.0,0,804,Clouds,overcast clouds,04n
2025-07-21 20:00:11,Ca Mau,Ca Mau,26.44,26.44,26.44,84.0,26.44,10000.0,0.0,100.0,2.4,8.56,237.0,1008.0,0,804,Clouds,overcast clouds,04n
2025-07-21 20:03:57,Ca Mau,Ca Mau,26.38,26.38,26.38,85.0,26.38,10000.0,0.0,100.0,2.4,8.56,237.0,1008.0,0,804,Clouds,overcast clouds,04n
2025-07-21 20:07:42,Ca Mau,Ca Mau,26.38,26.38,26.38,85.0,26.38,10000.0,0.0,100.0,2.4,8.56,237.0,1008.0,0,804,Clouds,overcast clouds,04n
2025-07-21 20:11:28,Ca Mau,Ca Mau,26.38,26.38,26.38,85.0,26.38,10000.0,0.0,100.0,2.4,8.56,237.0,1008.0,0,804,Clouds,overcast clouds,04n
2025-07-21 20:15:14,Ca Mau,Ca Mau,26.38,26.38,26.38,85.0,26.38,10000.0,0.0,100.0,2.4,8.56,237.0,1008.0,0,804,Clouds,overcast clouds,04n
2025-07-21 20:18:59,Ca Mau,Ca Mau,26.38,26.38,26.38,85.0,26.38,10000.0,0.0,100.0,2.4,8.56,237.0,1008.0,0,804,Clouds,overcast clouds,04n
2025-07-21 20:22:45,Ca Mau,Ca Mau,26.38,26.38,26.38,85.0,26.38,10000.0,0.0,100.0,2.4,8.56,237.0,1008.0,0,804,Clouds,overcast clouds,04n
2025-07-21 20:26:34,Ca Mau,Ca Mau,26.38,26.38,26.38,85.0,26.38,10000.0,0.0,100.0,2.4,8.56,237.0,1008.0,0,804,Clouds,overcast clouds,04n
2025-07-21 20:30:20,Ca Mau,Ca Mau,26.38,26.38,26.38,85.0,26.38,10000.0,0.0,100.0,2.4,8.56,237.0,1008.0,0,804,Clouds,overcast clouds,04n
2025-07-21 20:34:06,Ca Mau,Ca Mau,26.28,26.28,26.28,86.0,26.28,10000.0,0.0,100.0,1.87,7.6,233.0,1008.0,0,804,Clouds,overcast clouds,04n
2025-07-21 20:37:55,Ca Mau,Ca Mau,26.28,26.28,26.28,86.0,26.28,10000.0,0.0,100.0,1.87,7.6,233.0,1008.0,0,804,Clouds,overcast clouds,04n
2025-07-21 20:41:46,Ca Mau,Ca Mau,26.28,26.28,26.28,86.0,26.28,10000.0,0.0,100.0,1.87,7.6,233.0,1008.0,0,804,Clouds,overcast clouds,04n
2025-07-21 20:45:33,Ca Mau,Ca Mau,26.28,26.28,26.28,86.0,26.28,10000.0,0.0,100.0,1.87,7.6,233.0,1008.0,0,804,Clouds,overcast clouds,04n
2025-07-21 20:49:19,Ca Mau,Ca Mau,26.28,26.28,26.28,86.0,26.28,10000.0,0.0,100.0,1.87,7.6,233.0,1008.0,0,804,Clouds,overcast clouds,04n
2025-07-21 20:53:06,Ca Mau,Ca Mau,26.28,26.28,26.28,86.0,26.28,10000.0,0.0,100.0,1.87,7.6,233.0,1008.0,0,804,Clouds,overcast clouds,04n
2025-07-21 20:56:51,Ca Mau,Ca Mau,26.28,26.28,26.28,86.0,26.28,10000.0,0.0,100.0,1.87,7.6,233.0,1008.0,0,804,Clouds,overcast clouds,04n
2025-07-21 21:00:37,Ca Mau,Ca Mau,26.28,26.28,26.28,86.0,26.28,10000.0,0.0,100.0,1.87,7.6,233.0,1008.0,0,804,Clouds,overcast clouds,04n
2025-07-21 21:04:22,Ca Mau,Ca Mau,26.28,26.28,26.28,86.0,26.28,10000.0,0.0,100.0,1.87,7.6,233.0,1008.0,0,804,Clouds,overcast clouds,04n
2025-07-21 21:08:08,Ca Mau,Ca Mau,26.26,26.26,26.26,86.0,26.26,10000.0,0.0,100.0,1.87,7.6,233.0,1008.0,0,804,Clouds,overcast clouds,04n
2025-07-21 21:11:54,Ca Mau,Ca Mau,26.26,26.26,26.26,86.0,26.26,10000.0,0.0,100.0,1.87,7.6,233.0,1008.0,0,804,Clouds,overcast clouds,04n
2025-07-21 21:15:40,Ca Mau,Ca Mau,26.26,26.26,26.26,86.0,26.26,10000.0,0.0,100.0,1.87,7.6,233.0,1008.0,0,804,Clouds,overcast clouds,04n
2025-07-21 21:19:26,Ca Mau,Ca Mau,26.26,26.26,26.26,86.0,26.26,10000.0,0.0,100.0,1.87,7.6,233.0,1008.0,0,804,Clouds,overcast clouds,04n
2025-07-21 21:23:12,Ca Mau,Ca Mau,26.26,26.26,26.26,86.0,26.26,10000.0,0.0,100.0,1.87,7.6,233.0,1008.0,0,804,Clouds,overcast clouds,04n
2025-07-21 21:26:58,Ca Mau,Ca Mau,26.26,26.26,26.26,86.0,26.26,10000.0,0.0,100.0,1.87,7.6,233.0,1008.0,0,804,Clouds,overcast clouds,04n
2025-07-21 21:30:44,Ca Mau,Ca Mau,25.85,25.85,25.85,88.0,26.79,10000.0,0.0,100.0,1.45,6.52,218.0,1008.0,0,804,Clouds,overcast clouds,04n
2025-07-21 21:34:30,Ca Mau,Ca Mau,25.85,25.85,25.85,88.0,26.79,10000.0,0.0,100.0,1.45,6.52,218.0,1008.0,0,804,Clouds,overcast clouds,04n
2025-07-21 21:38:15,Ca Mau,Ca Mau,25.84,25.84,25.84,88.0,26.78,10000.0,0.0,100.0,1.45,6.52,218.0,1008.0,0,804,Clouds,overcast clouds,04n
2025-07-21 21:42:02,Ca Mau,Ca Mau,25.84,25.84,25.84,88.0,26.78,10000.0,0.0,100.0,1.45,6.52,218.0,1008.0,0,804,Clouds,overcast clouds,04n
2025-07-21 21:45:49,Ca Mau,Ca Mau,25.84,25.84,25.84,88.0,26.78,10000.0,0.0,100.0,1.45,6.52,218.0,1008.0,0,804,Clouds,overcast clouds,04n
2025-07-21 21:49:35,Ca Mau,Ca Mau,25.84,25.84,25.84,88.0,26.78,10000.0,0.0,100.0,1.45,6.52,218.0,1008.0,0,804,Clouds,overcast clouds,04n
2025-07-21 21:53:22,Ca Mau,Ca Mau,25.8,25.8,25.8,88.0,26.73,10000.0,0.0,100.0,1.45,6.52,218.0,1008.0,0,804,Clouds,overcast clouds,04n
2025-07-21 21:57:07,Ca Mau,Ca Mau,25.8,25.8,25.8,88.0,26.73,10000.0,0.0,100.0,1.45,6.52,218.0,1008.0,0,804,Clouds,overcast clouds,04n
2025-07-21 22:00:53,Ca Mau,Ca Mau,25.8,25.8,25.8,88.0,26.73,10000.0,0.0,100.0,1.45,6.52,218.0,1008.0,0,804,Clouds,overcast clouds,04n
2025-07-21 22:04:39,Ca Mau,Ca Mau,25.8,25.8,25.8,88.0,26.73,10000.0,0.0,100.0,1.45,6.52,218.0,1008.0,0,804,Clouds,overcast clouds,04n
2025-07-21 22:08:24,Ca Mau,Ca Mau,25.8,25.8,25.8,88.0,26.73,10000.0,0.0,100.0,1.45,6.52,218.0,1008.0,0,804,Clouds,overcast clouds,04n
2025-07-21 22:12:10,Ca Mau,Ca Mau,25.76,25.76,25.76,89.0,26.72,10000.0,0.0,100.0,1.45,6.52,218.0,1008.0,0,804,Clouds,overcast clouds,04n
2025-07-21 22:15:56,Ca Mau,Ca Mau,25.76,25.76,25.76,89.0,26.72,10000.0,0.0,100.0,1.45,6.52,218.0,1008.0,0,804,Clouds,overcast clouds,04n
2025-07-21 22:19:42,Ca Mau,Ca Mau,25.76,25.76,25.76,89.0,26.72,10000.0,0.0,100.0,1.45,6.52,218.0,1008.0,0,804,Clouds,overcast clouds,04n
2025-07-21 22:23:28,Ca Mau,Ca Mau,25.76,25.76,25.76,89.0,26.72,10000.0,0.0,100.0,1.45,6.52,218.0,1008.0,0,804,Clouds,overcast clouds,04n
2025-07-21 22:27:16,Ca Mau,Ca Mau,25.76,25.76,25.76,89.0,26.72,10000.0,0.0,100.0,1.45,6.52,218.0,1008.0,0,804,Clouds,overcast clouds,04n
2025-07-21 22:31:47,Ca Mau,Ca Mau,25.76,25.76,25.76,89.0,26.72,10000.0,0.0,100.0,1.45,6.52,218.0,1008.0,0,804,Clouds,overcast clouds,04n
2025-07-21 22:35:35,Ca Mau,Ca Mau,25.67,25.67,25.67,89.0,26.62,10000.0,0.0,100.0,1.46,5.87,209.0,1008.0,0,804,Clouds,overcast clouds,04n
2025-07-21 22:39:26,Ca Mau,Ca Mau,25.67,25.67,25.67,89.0,26.62,10000.0,0.0,100.0,1.46,5.87,209.0,1008.0,0,804,Clouds,overcast clouds,04n
2025-07-21 22:43:16,Ca Mau,Ca Mau,25.67,25.67,25.67,89.0,26.62,10000.0,0.0,100.0,1.46,5.87,209.0,1008.0,0,804,Clouds,overcast clouds,04n
2025-07-21 22:47:02,Ca Mau,Ca Mau,25.68,25.68,25.68,89.0,26.63,10000.0,0.0,100.0,1.46,5.87,209.0,1008.0,0,804,Clouds,overcast clouds,04n
2025-07-21 22:50:49,Ca Mau,Ca Mau,25.68,25.68,25.68,89.0,26.63,10000.0,0.0,100.0,1.46,5.87,209.0,1008.0,0,804,Clouds,overcast clouds,04n
2025-07-21 22:54:34,Ca Mau,Ca Mau,25.68,25.68,25.68,89.0,26.63,10000.0,0.0,100.0,1.46,5.87,209.0,1008.0,0,804,Clouds,overcast clouds,04n
2025-07-21 22:58:20,Ca Mau,Ca Mau,25.68,25.68,25.68,89.0,26.63,10000.0,0.0,100.0,1.46,5.87,209.0,1008.0,0,804,Clouds,overcast clouds,04n
2025-07-21 23:02:06,Ca Mau,Ca Mau,25.65,25.65,25.65,89.0,26.59,10000.0,0.0,100.0,1.46,5.87,209.0,1008.0,0,804,Clouds,overcast clouds,04n
2025-07-21 23:05:52,Ca Mau,Ca Mau,25.65,25.65,25.65,89.0,26.59,10000.0,0.0,100.0,1.46,5.87,209.0,1008.0,0,804,Clouds,overcast clouds,04n
2025-07-21 23:09:38,Ca Mau,Ca Mau,25.65,25.65,25.65,89.0,26.59,10000.0,0.0,100.0,1.46,5.87,209.0,1008.0,0,804,Clouds,overcast clouds,04n
2025-07-21 23:13:25,Ca Mau,Ca Mau,25.65,25.65,25.65,89.0,26.59,10000.0,0.0,100.0,1.46,5.87,209.0,1008.0,0,804,Clouds,overcast clouds,04n
2025-07-21 23:17:12,Ca Mau,Ca Mau,25.65,25.65,25.65,89.0,26.59,10000.0,0.0,100.0,1.46,5.87,209.0,1008.0,0,804,Clouds,overcast clouds,04n
2025-07-21 23:20:57,Ca Mau,Ca Mau,25.65,25.65,25.65,89.0,26.59,10000.0,0.0,100.0,1.46,5.87,209.0,1008.0,0,804,Clouds,overcast clouds,04n
2025-07-21 23:24:43,Ca Mau,Ca Mau,25.65,25.65,25.65,89.0,26.59,10000.0,0.0,100.0,1.46,5.87,209.0,1008.0,0,804,Clouds,overcast clouds,04n
2025-07-21 23:28:30,Ca Mau,Ca Mau,25.65,25.65,25.65,89.0,26.59,10000.0,0.0,100.0,1.46,5.87,209.0,1008.0,0,804,Clouds,overcast clouds,04n
2025-07-21 23:32:16,Ca Mau,Ca Mau,25.65,25.65,25.65,89.0,26.59,10000.0,0.0,100.0,1.46,5.87,209.0,1008.0,0,804,Clouds,overcast clouds,04n
2025-07-21 23:36:04,Ca Mau,Ca Mau,25.61,25.61,25.61,90.0,26.58,10000.0,0.0,100.0,1.49,6.86,216.0,1008.0,0,804,Clouds,overcast clouds,04n
2025-07-21 23:39:50,Ca Mau,Ca Mau,25.61,25.61,25.61,90.0,26.58,10000.0,0.0,100.0,1.49,6.86,216.0,1008.0,0,804,Clouds,overcast clouds,04n
2025-07-21 23:43:36,Ca Mau,Ca Mau,25.61,25.61,25.61,90.0,26.58,10000.0,0.0,100.0,1.49,6.86,216.0,1008.0,0,804,Clouds,overcast clouds,04n
2025-07-21 23:47:22,Ca Mau,Ca Mau,25.61,25.61,25.61,90.0,26.58,10000.0,0.0,100.0,1.49,6.86,216.0,1008.0,0,804,Clouds,overcast clouds,04n
2025-07-21 23:51:08,Ca Mau,Ca Mau,25.61,25.61,25.61,90.0,26.58,10000.0,0.0,100.0,1.49,6.86,216.0,1008.0,0,804,Clouds,overcast clouds,04n
2025-07-21 23:54:53,Ca Mau,Ca Mau,25.61,25.61,25.61,90.0,26.58,10000.0,0.0,100.0,1.49,6.86,216.0,1008.0,0,804,Clouds,overcast clouds,04n
2025-07-21 23:58:41,Ca Mau,Ca Mau,25.61,25.61,25.61,90.0,26.58,10000.0,0.0,100.0,1.49,6.86,216.0,1008.0,0,804,Clouds,overcast clouds,04n
2025-07-22 00:02:32,Ca Mau,Ca Mau,25.61,25.61,25.61,90.0,26.58,10000.0,0.0,100.0,1.49,6.86,216.0,1008.0,0,804,Clouds,overcast clouds,04n
2025-07-22 00:06:24,Ca Mau,Ca Mau,25.6,25.6,25.6,90.0,26.57,10000.0,0.0,100.0,1.49,6.86,216.0,1008.0,0,804,Clouds,overcast clouds,04n
2025-07-22 00:10:12,Ca Mau,Ca Mau,25.6,25.6,25.6,90.0,26.57,10000.0,0.0,100.0,1.49,6.86,216.0,1008.0,0,804,Clouds,overcast clouds,04n
2025-07-22 01:39:40,Ca Mau,Ca Mau,25.42,25.42,25.42,90.0,26.37,10000.0,0.0,100.0,1.6,5.74,202.0,1006.0,0,804,Clouds,overcast clouds,04n
2025-07-22 01:43:25,Ca Mau,Ca Mau,25.42,25.42,25.42,90.0,26.37,10000.0,0.0,100.0,1.6,5.74,202.0,1006.0,0,804,Clouds,overcast clouds,04n
2025-07-22 01:47:11,Ca Mau,Ca Mau,25.42,25.42,25.42,90.0,26.37,10000.0,0.0,100.0,1.6,5.74,202.0,1006.0,0,804,Clouds,overcast clouds,04n
2025-07-22 01:50:56,Ca Mau,Ca Mau,25.19,25.19,25.19,90.0,26.11,10000.0,0.0,100.0,1.6,5.74,202.0,1006.0,0,804,Clouds,overcast clouds,04n
2025-07-22 01:54:42,Ca Mau,Ca Mau,25.19,25.19,25.19,90.0,26.11,10000.0,0.0,100.0,1.6,5.74,202.0,1006.0,0,804,Clouds,overcast clouds,04n
2025-07-22 01:58:27,Ca Mau,Ca Mau,25.19,25.19,25.19,90.0,26.11,10000.0,0.0,100.0,1.6,5.74,202.0,1006.0,0,804,Clouds,overcast clouds,04n
2025-07-22 02:02:12,Ca Mau,Ca Mau,25.19,25.19,25.19,90.0,26.11,10000.0,0.0,100.0,1.6,5.74,202.0,1006.0,0,804,Clouds,overcast clouds,04n
2025-07-22 02:05:58,Ca Mau,Ca Mau,25.19,25.19,25.19,90.0,26.11,10000.0,0.0,100.0,1.6,5.74,202.0,1006.0,0,804,Clouds,overcast clouds,04n
2025-07-22 02:09:44,Ca Mau,Ca Mau,25.19,25.19,25.19,90.0,26.11,10000.0,0.0,100.0,1.6,5.74,202.0,1006.0,0,804,Clouds,overcast clouds,04n
2025-07-22 02:13:30,Ca Mau,Ca Mau,25.19,25.19,25.19,90.0,26.11,10000.0,0.0,100.0,1.6,5.74,202.0,1006.0,0,804,Clouds,overcast clouds,04n
2025-07-22 02:17:16,Ca Mau,Ca Mau,25.19,25.19,25.19,90.0,26.11,10000.0,0.0,100.0,1.6,5.74,202.0,1006.0,0,804,Clouds,overcast clouds,04n
2025-07-22 02:21:01,Ca Mau,Ca Mau,25.19,25.19,25.19,90.0,26.11,10000.0,0.0,100.0,1.6,5.74,202.0,1006.0,0,804,Clouds,overcast clouds,04n
2025-07-22 02:24:46,Ca Mau,Ca Mau,25.19,25.19,25.19,90.0,26.11,10000.0,0.0,100.0,1.6,5.74,202.0,1006.0,0,804,Clouds,overcast clouds,04n
2025-07-22 02:28:32,Ca Mau,Ca Mau,25.19,25.19,25.19,90.0,26.11,10000.0,0.0,100.0,1.6,5.74,202.0,1006.0,0,804,Clouds,overcast clouds,04n
2025-07-22 02:32:18,Ca Mau,Ca Mau,25.19,25.19,25.19,90.0,26.11,10000.0,0.0,100.0,1.6,5.74,202.0,1006.0,0,804,Clouds,overcast clouds,04n
2025-07-22 02:36:03,Ca Mau,Ca Mau,25.1,25.1,25.1,90.0,26.02,10000.0,0.0,99.0,1.71,6.51,204.0,1006.0,0,804,Clouds,overcast clouds,04n
2025-07-22 02:39:49,Ca Mau,Ca Mau,25.1,25.1,25.1,90.0,26.02,10000.0,0.0,99.0,1.71,6.51,204.0,1006.0,0,804,Clouds,overcast clouds,04n
2025-07-22 02:43:35,Ca Mau,Ca Mau,25.1,25.1,25.1,90.0,26.02,10000.0,0.0,99.0,1.71,6.51,204.0,1006.0,0,804,Clouds,overcast clouds,04n
2025-07-22 02:47:20,Ca Mau,Ca Mau,25.1,25.1,25.1,90.0,26.02,10000.0,0.0,99.0,1.71,6.51,204.0,1006.0,0,804,Clouds,overcast clouds,04n
2025-07-22 02:51:05,Ca Mau,Ca Mau,25.1,25.1,25.1,90.0,26.02,10000.0,0.0,99.0,1.71,6.51,204.0,1006.0,0,804,Clouds,overcast clouds,04n
2025-07-22 02:54:51,Ca Mau,Ca Mau,25.1,25.1,25.1,90.0,26.02,10000.0,0.0,99.0,1.71,6.51,204.0,1006.0,0,804,Clouds,overcast clouds,04n
2025-07-22 02:58:36,Ca Mau,Ca Mau,25.1,25.1,25.1,90.0,26.02,10000.0,0.0,99.0,1.71,6.51,204.0,1006.0,0,804,Clouds,overcast clouds,04n
2025-07-22 03:02:28,Ca Mau,Ca Mau,25.1,25.1,25.1,90.0,26.02,10000.0,0.0,99.0,1.71,6.51,204.0,1006.0,0,804,Clouds,overcast clouds,04n
2025-07-22 03:06:15,Ca Mau,Ca Mau,25.1,25.1,25.1,90.0,26.02,10000.0,0.0,99.0,1.71,6.51,204.0,1006.0,0,804,Clouds,overcast clouds,04n
2025-07-22 03:10:00,Ca Mau,Ca Mau,25.1,25.1,25.1,90.0,26.02,10000.0,0.0,99.0,1.71,6.51,204.0,1006.0,0,804,Clouds,overcast clouds,04n
2025-07-22 03:13:46,Ca Mau,Ca Mau,25.1,25.1,25.1,90.0,26.02,10000.0,0.0,99.0,1.71,6.51,204.0,1006.0,0,804,Clouds,overcast clouds,04n
2025-07-22 03:17:32,Ca Mau,Ca Mau,25.1,25.1,25.1,90.0,26.02,10000.0,0.0,99.0,1.71,6.51,204.0,1006.0,0,804,Clouds,overcast clouds,04n
2025-07-22 03:21:17,Ca Mau,Ca Mau,25.1,25.1,25.1,90.0,26.02,10000.0,0.0,99.0,1.71,6.51,204.0,1006.0,0,804,Clouds,overcast clouds,04n
2025-07-22 03:25:03,Ca Mau,Ca Mau,25.1,25.1,25.1,90.0,26.02,10000.0,0.0,99.0,1.71,6.51,204.0,1006.0,0,804,Clouds,overcast clouds,04n
2025-07-22 03:28:48,Ca Mau,Ca Mau,25.1,25.1,25.1,90.0,26.02,10000.0,0.0,99.0,1.71,6.51,204.0,1006.0,0,804,Clouds,overcast clouds,04n
2025-07-22 03:32:34,Ca Mau,Ca Mau,25.1,25.1,25.1,90.0,26.02,10000.0,0.0,99.0,1.71,6.51,204.0,1006.0,0,804,Clouds,overcast clouds,04n
2025-07-22 03:36:20,Ca Mau,Ca Mau,25.1,25.1,25.1,90.0,26.02,10000.0,0.0,99.0,1.71,6.51,204.0,1006.0,0,804,Clouds,overcast clouds,04n
2025-07-22 03:40:06,Ca Mau,Ca Mau,24.86,24.86,24.86,91.0,25.78,10000.0,0.0,95.0,1.57,6.66,191.0,1006.0,0,804,Clouds,overcast clouds,04n
2025-07-22 03:43:52,Ca Mau,Ca Mau,24.86,24.86,24.86,91.0,25.78,10000.0,0.0,95.0,1.57,6.66,191.0,1006.0,0,804,Clouds,overcast clouds,04n
2025-07-22 03:47:38,Ca Mau,Ca Mau,24.86,24.86,24.86,91.0,25.78,10000.0,0.0,95.0,1.57,6.66,191.0,1006.0,0,804,Clouds,overcast clouds,04n
2025-07-22 03:51:23,Ca Mau,Ca Mau,24.86,24.86,24.86,91.0,25.78,10000.0,0.0,95.0,1.57,6.66,191.0,1006.0,0,804,Clouds,overcast clouds,04n
2025-07-22 03:55:09,Ca Mau,Ca Mau,24.86,24.86,24.86,91.0,25.78,10000.0,0.0,95.0,1.57,6.66,191.0,1006.0,0,804,Clouds,overcast clouds,04n
2025-07-22 03:58:55,Ca Mau,Ca Mau,24.86,24.86,24.86,91.0,25.78,10000.0,0.0,95.0,1.57,6.66,191.0,1006.0,0,804,Clouds,overcast clouds,04n
2025-07-22 04:02:40,Ca Mau,Ca Mau,24.86,24.86,24.86,91.0,25.78,10000.0,0.0,95.0,1.57,6.66,191.0,1006.0,0,804,Clouds,overcast clouds,04n
2025-07-22 04:06:32,Ca Mau,Ca Mau,24.96,24.96,24.96,91.0,25.89,10000.0,0.0,95.0,1.57,6.66,191.0,1006.0,0,804,Clouds,overcast clouds,04n
2025-07-22 04:10:18,Ca Mau,Ca Mau,24.96,24.96,24.96,91.0,25.89,10000.0,0.0,95.0,1.57,6.66,191.0,1006.0,0,804,Clouds,overcast clouds,04n
2025-07-22 04:14:04,Ca Mau,Ca Mau,24.96,24.96,24.96,91.0,25.89,10000.0,0.0,95.0,1.57,6.66,191.0,1006.0,0,804,Clouds,overcast clouds,04n
2025-07-22 04:17:50,Ca Mau,Ca Mau,24.96,24.96,24.96,91.0,25.89,10000.0,0.0,95.0,1.57,6.66,191.0,1006.0,0,804,Clouds,overcast clouds,04n
2025-07-22 04:21:36,Ca Mau,Ca Mau,24.96,24.96,24.96,91.0,25.89,10000.0,0.0,95.0,1.57,6.66,191.0,1006.0,0,804,Clouds,overcast clouds,04n
2025-07-22 04:25:22,Ca Mau,Ca Mau,24.96,24.96,24.96,91.0,25.89,10000.0,0.0,95.0,1.57,6.66,191.0,1006.0,0,804,Clouds,overcast clouds,04n
2025-07-22 04:29:08,Ca Mau,Ca Mau,24.96,24.96,24.96,91.0,25.89,10000.0,0.0,95.0,1.57,6.66,191.0,1006.0,0,804,Clouds,overcast clouds,04n
2025-07-22 04:32:53,Ca Mau,Ca Mau,24.96,24.96,24.96,91.0,25.89,10000.0,0.0,95.0,1.57,6.66,191.0,1006.0,0,804,Clouds,overcast clouds,04n
2025-07-22 04:36:39,Ca Mau,Ca Mau,24.89,24.89,24.89,92.0,25.84,10000.0,0.0,83.0,1.7,6.95,192.0,1006.0,0,803,Clouds,broken clouds,04n
2025-07-22 04:40:26,Ca Mau,Ca Mau,24.89,24.89,24.89,92.0,25.84,10000.0,0.0,83.0,1.7,6.95,192.0,1006.0,0,803,Clouds,broken clouds,04n
2025-07-22 04:44:11,Ca Mau,Ca Mau,24.89,24.89,24.89,92.0,25.84,10000.0,0.0,83.0,1.7,6.95,192.0,1006.0,0,803,Clouds,broken clouds,04n
2025-07-22 04:47:56,Ca Mau,Ca Mau,24.89,24.89,24.89,92.0,25.84,10000.0,0.0,83.0,1.7,6.95,192.0,1006.0,0,803,Clouds,broken clouds,04n
2025-07-22 04:51:41,Ca Mau,Ca Mau,24.89,24.89,24.89,92.0,25.84,10000.0,0.0,83.0,1.7,6.95,192.0,1006.0,0,803,Clouds,broken clouds,04n
2025-07-22 04:55:27,Ca Mau,Ca Mau,24.89,24.89,24.89,92.0,25.84,10000.0,0.0,83.0,1.7,6.95,192.0,1006.0,0,803,Clouds,broken clouds,04n
2025-07-22 04:59:15,Ca Mau,Ca Mau,24.89,24.89,24.89,92.0,25.84,10000.0,0.0,83.0,1.7,6.95,192.0,1006.0,0,803,Clouds,broken clouds,04n
2025-07-22 05:03:01,Ca Mau,Ca Mau,24.92,24.92,24.92,92.0,25.87,10000.0,0.0,83.0,1.7,6.95,192.0,1006.0,0,803,Clouds,broken clouds,04n
2025-07-22 05:06:47,Ca Mau,Ca Mau,24.92,24.92,24.92,92.0,25.87,10000.0,0.0,83.0,1.7,6.95,192.0,1006.0,0,803,Clouds,broken clouds,04n
2025-07-22 05:10:32,Ca Mau,Ca Mau,24.92,24.92,24.92,92.0,25.87,10000.0,0.0,83.0,1.7,6.95,192.0,1006.0,0,803,Clouds,broken clouds,04n
2025-07-22 05:14:17,Ca Mau,Ca Mau,24.92,24.92,24.92,92.0,25.87,10000.0,0.0,83.0,1.7,6.95,192.0,1006.0,0,803,Clouds,broken clouds,04n
2025-07-22 05:18:03,Ca Mau,Ca Mau,24.92,24.92,24.92,92.0,25.87,10000.0,0.0,83.0,1.7,6.95,192.0,1006.0,0,803,Clouds,broken clouds,04n
2025-07-22 05:21:49,Ca Mau,Ca Mau,24.92,24.92,24.92,92.0,25.87,10000.0,0.0,83.0,1.7,6.95,192.0,1006.0,0,803,Clouds,broken clouds,04n
2025-07-22 05:25:35,Ca Mau,Ca Mau,24.92,24.92,24.92,92.0,25.87,10000.0,0.0,83.0,1.7,6.95,192.0,1006.0,0,803,Clouds,broken clouds,04n
2025-07-22 05:29:20,Ca Mau,Ca Mau,24.92,24.92,24.92,92.0,25.87,10000.0,0.0,83.0,1.7,6.95,192.0,1006.0,0,803,Clouds,broken clouds,04n
2025-07-22 05:33:05,Ca Mau,Ca Mau,24.9,24.9,24.9,91.0,25.82,10000.0,0.0,87.0,1.26,6.19,207.0,1007.0,0,804,Clouds,overcast clouds,04n
2025-07-22 05:36:51,Ca Mau,Ca Mau,24.9,24.9,24.9,91.0,25.82,10000.0,0.0,87.0,1.26,6.19,207.0,1007.0,0,804,Clouds,overcast clouds,04n
2025-07-22 05:40:37,Ca Mau,Ca Mau,24.9,24.9,24.9,91.0,25.82,10000.0,0.0,87.0,1.26,6.19,207.0,1007.0,0,804,Clouds,overcast clouds,04n
2025-07-22 05:44:22,Ca Mau,Ca Mau,24.9,24.9,24.9,91.0,25.82,10000.0,0.0,87.0,1.26,6.19,207.0,1007.0,0,804,Clouds,overcast clouds,04n
2025-07-22 05:48:08,Ca Mau,Ca Mau,24.94,24.94,24.94,91.0,25.87,10000.0,0.0,87.0,1.26,6.19,207.0,1007.0,0,804,Clouds,overcast clouds,04n
2025-07-22 05:51:54,Ca Mau,Ca Mau,24.94,24.94,24.94,91.0,25.87,10000.0,0.0,87.0,1.26,6.19,207.0,1007.0,1,804,Clouds,overcast clouds,04d
2025-07-22 05:55:39,Ca Mau,Ca Mau,24.94,24.94,24.94,91.0,25.87,10000.0,0.0,87.0,1.26,6.19,207.0,1007.0,1,804,Clouds,overcast clouds,04n
2025-07-22 05:59:25,Ca Mau,Ca Mau,24.94,24.94,24.94,91.0,25.87,10000.0,0.0,87.0,1.26,6.19,207.0,1007.0,1,804,Clouds,overcast clouds,04d
2025-07-22 06:03:10,Ca Mau,Ca Mau,24.97,24.97,24.97,92.0,25.92,10000.0,0.0,87.0,1.26,6.19,207.0,1007.0,1,804,Clouds,overcast clouds,04d
2025-07-22 06:06:56,Ca Mau,Ca Mau,24.94,24.94,24.94,91.0,25.87,10000.0,0.0,87.0,1.26,6.19,207.0,1007.0,1,804,Clouds,overcast clouds,04d
2025-07-22 06:10:41,Ca Mau,Ca Mau,24.97,24.97,24.97,92.0,25.92,10000.0,0.0,87.0,1.26,6.19,207.0,1007.0,1,804,Clouds,overcast clouds,04d
2025-07-22 06:14:26,Ca Mau,Ca Mau,24.97,24.97,24.97,92.0,25.92,10000.0,0.0,87.0,1.26,6.19,207.0,1007.0,1,804,Clouds,overcast clouds,04d
2025-07-22 06:18:12,Ca Mau,Ca Mau,24.97,24.97,24.97,92.0,25.92,10000.0,0.0,87.0,1.26,6.19,207.0,1007.0,1,804,Clouds,overcast clouds,04d
2025-07-22 06:21:58,Ca Mau,Ca Mau,24.97,24.97,24.97,92.0,25.92,10000.0,0.0,87.0,1.26,6.19,207.0,1007.0,1,804,Clouds,overcast clouds,04d
2025-07-22 06:25:43,Ca Mau,Ca Mau,24.97,24.97,24.97,92.0,25.92,10000.0,0.0,87.0,1.26,6.19,207.0,1007.0,1,804,Clouds,overcast clouds,04d
2025-07-22 06:29:29,Ca Mau,Ca Mau,24.97,24.97,24.97,92.0,25.92,10000.0,0.0,87.0,1.26,6.19,207.0,1007.0,1,804,Clouds,overcast clouds,04d
2025-07-22 06:33:14,Ca Mau,Ca Mau,24.97,24.97,24.97,92.0,25.92,10000.0,0.0,87.0,1.26,6.19,207.0,1007.0,1,804,Clouds,overcast clouds,04d
2025-07-22 06:36:59,Ca Mau,Ca Mau,27.0,27.0,27.0,83.0,30.03,10000.0,0.0,90.0,1.96,7.87,220.0,1007.0,1,804,Clouds,overcast clouds,04d
2025-07-22 06:40:45,Ca Mau,Ca Mau,27.0,27.0,27.0,83.0,30.03,10000.0,0.0,90.0,1.96,7.87,220.0,1007.0,1,804,Clouds,overcast clouds,04d
2025-07-22 06:44:31,Ca Mau,Ca Mau,27.0,27.0,27.0,83.0,30.03,10000.0,0.0,90.0,1.96,7.87,220.0,1007.0,1,804,Clouds,overcast clouds,04d
2025-07-22 06:48:16,Ca Mau,Ca Mau,27.0,27.0,27.0,83.0,30.03,10000.0,0.0,90.0,1.96,7.87,220.0,1007.0,1,804,Clouds,overcast clouds,04d
2025-07-22 06:52:01,Ca Mau,Ca Mau,27.0,27.0,27.0,83.0,30.03,10000.0,0.0,90.0,1.96,7.87,220.0,1007.0,1,804,Clouds,overcast clouds,04d
2025-07-22 06:55:47,Ca Mau,Ca Mau,27.0,27.0,27.0,83.0,30.03,10000.0,0.0,90.0,1.96,7.87,220.0,1007.0,1,804,Clouds,overcast clouds,04d
2025-07-22 06:59:32,Ca Mau,Ca Mau,27.0,27.0,27.0,83.0,30.03,10000.0,0.0,90.0,1.96,7.87,220.0,1007.0,1,804,Clouds,overcast clouds,04d
2025-07-22 07:03:18,Ca Mau,Ca Mau,27.0,27.0,27.0,83.0,30.03,10000.0,0.0,90.0,1.96,7.87,220.0,1007.0,1,804,Clouds,overcast clouds,04d
2025-07-22 07:07:03,Ca Mau,Ca Mau,27.0,27.0,27.0,83.0,30.03,10000.0,0.0,90.0,1.96,7.87,220.0,1007.0,1,804,Clouds,overcast clouds,04d
2025-07-22 07:10:49,Ca Mau,Ca Mau,26.99,26.99,26.99,83.0,30.0,10000.0,0.0,90.0,1.96,7.87,220.0,1007.0,1,804,Clouds,overcast clouds,04d
2025-07-22 07:14:34,Ca Mau,Ca Mau,26.99,26.99,26.99,83.0,30.0,10000.0,0.0,90.0,1.96,7.87,220.0,1007.0,1,804,Clouds,overcast clouds,04d
2025-07-22 07:18:20,Ca Mau,Ca Mau,26.99,26.99,26.99,83.0,30.0,10000.0,0.0,90.0,1.96,7.87,220.0,1007.0,1,804,Clouds,overcast clouds,04d
2025-07-22 07:22:06,Ca Mau,Ca Mau,26.99,26.99,26.99,83.0,30.0,10000.0,0.0,90.0,1.96,7.87,220.0,1007.0,1,804,Clouds,overcast clouds,04d
2025-07-22 07:25:51,Ca Mau,Ca Mau,26.99,26.99,26.99,83.0,30.0,10000.0,0.0,90.0,1.96,7.87,220.0,1007.0,1,804,Clouds,overcast clouds,04d
2025-07-22 07:29:37,Ca Mau,Ca Mau,26.99,26.99,26.99,83.0,30.0,10000.0,0.0,90.0,1.96,7.87,220.0,1007.0,1,804,Clouds,overcast clouds,04d
2025-07-22 07:33:22,Ca Mau,Ca Mau,29.73,29.73,29.73,68.0,33.94,10000.0,0.0,68.0,4.75,8.29,244.0,1008.0,1,803,Clouds,broken clouds,04d
2025-07-22 07:37:08,Ca Mau,Ca Mau,29.73,29.73,29.73,68.0,33.94,10000.0,0.0,68.0,4.75,8.29,244.0,1008.0,1,803,Clouds,broken clouds,04d
2025-07-22 07:40:53,Ca Mau,Ca Mau,29.73,29.73,29.73,68.0,33.94,10000.0,0.0,68.0,4.75,8.29,244.0,1008.0,1,803,Clouds,broken clouds,04d
2025-07-22 07:44:39,Ca Mau,Ca Mau,29.73,29.73,29.73,68.0,33.94,10000.0,0.0,68.0,4.75,8.29,244.0,1008.0,1,803,Clouds,broken clouds,04d
2025-07-22 07:48:25,Ca Mau,Ca Mau,29.73,29.73,29.73,68.0,33.94,10000.0,0.0,68.0,4.75,8.29,244.0,1008.0,1,803,Clouds,broken clouds,04d
2025-07-22 07:52:10,Ca Mau,Ca Mau,29.73,29.73,29.73,68.0,33.94,10000.0,0.0,68.0,4.75,8.29,244.0,1008.0,1,803,Clouds,broken clouds,04d
2025-07-22 07:55:56,Ca Mau,Ca Mau,29.73,29.73,29.73,68.0,33.94,10000.0,0.0,68.0,4.75,8.29,244.0,1008.0,1,803,Clouds,broken clouds,04d
2025-07-22 07:59:41,Ca Mau,Ca Mau,29.63,29.63,29.63,68.0,33.72,10000.0,0.0,68.0,4.75,8.29,244.0,1008.0,1,803,Clouds,broken clouds,04d
2025-07-22 08:03:27,Ca Mau,Ca Mau,29.57,29.57,29.57,69.0,33.8,10000.0,0.0,68.0,4.75,8.29,244.0,1008.0,1,803,Clouds,broken clouds,04d
2025-07-22 08:07:13,Ca Mau,Ca Mau,29.63,29.63,29.63,68.0,33.72,10000.0,0.0,68.0,4.75,8.29,244.0,1008.0,1,803,Clouds,broken clouds,04d
2025-07-22 08:10:58,Ca Mau,Ca Mau,29.57,29.57,29.57,69.0,33.8,10000.0,0.0,68.0,4.75,8.29,244.0,1008.0,1,803,Clouds,broken clouds,04d
2025-07-22 08:14:44,Ca Mau,Ca Mau,29.57,29.57,29.57,69.0,33.8,10000.0,0.0,68.0,4.75,8.29,244.0,1008.0,1,803,Clouds,broken clouds,04d
2025-07-22 08:18:30,Ca Mau,Ca Mau,29.57,29.57,29.57,69.0,33.8,10000.0,0.0,68.0,4.75,8.29,244.0,1008.0,1,803,Clouds,broken clouds,04d
2025-07-22 08:22:15,Ca Mau,Ca Mau,29.57,29.57,29.57,69.0,33.8,10000.0,0.0,68.0,4.75,8.29,244.0,1008.0,1,803,Clouds,broken clouds,04d
2025-07-22 08:26:01,Ca Mau,Ca Mau,29.57,29.57,29.57,69.0,33.8,10000.0,0.0,68.0,4.75,8.29,244.0,1008.0,1,803,Clouds,broken clouds,04d
2025-07-22 08:29:47,Ca Mau,Ca Mau,29.57,29.57,29.57,69.0,33.8,10000.0,0.0,68.0,4.75,8.29,244.0,1008.0,1,803,Clouds,broken clouds,04d
2025-07-22 08:33:32,Ca Mau,Ca Mau,29.57,29.57,29.57,69.0,33.8,10000.0,0.0,68.0,4.75,8.29,244.0,1008.0,1,803,Clouds,broken clouds,04d
2025-07-22 08:37:18,Ca Mau,Ca Mau,31.47,31.47,31.47,58.0,35.33,10000.0,0.0,82.0,5.12,8.87,253.0,1008.0,1,803,Clouds,broken clouds,04d
2025-07-22 08:41:03,Ca Mau,Ca Mau,31.47,31.47,31.47,58.0,35.33,10000.0,0.0,82.0,5.12,8.87,253.0,1008.0,1,803,Clouds,broken clouds,04d
2025-07-22 08:44:49,Ca Mau,Ca Mau,31.47,31.47,31.47,58.0,35.33,10000.0,0.0,82.0,5.12,8.87,253.0,1008.0,1,803,Clouds,broken clouds,04d
2025-07-22 08:48:34,Ca Mau,Ca Mau,31.55,31.55,31.55,58.0,35.5,10000.0,0.0,82.0,5.12,8.87,253.0,1008.0,1,803,Clouds,broken clouds,04d
2025-07-22 08:52:20,Ca Mau,Ca Mau,31.55,31.55,31.55,58.0,35.5,10000.0,0.0,82.0,5.12,8.87,253.0,1008.0,1,803,Clouds,broken clouds,04d
2025-07-22 08:56:05,Ca Mau,Ca Mau,31.55,31.55,31.55,58.0,35.5,10000.0,0.0,82.0,5.12,8.87,253.0,1008.0,1,803,Clouds,broken clouds,04d
2025-07-22 08:59:51,Ca Mau,Ca Mau,31.55,31.55,31.55,58.0,35.5,10000.0,0.0,82.0,5.12,8.87,253.0,1008.0,1,803,Clouds,broken clouds,04d
2025-07-22 09:03:37,Ca Mau,Ca Mau,31.55,31.55,31.55,58.0,35.5,10000.0,0.0,82.0,5.12,8.87,253.0,1008.0,1,803,Clouds,broken clouds,04d
2025-07-22 09:07:22,Ca Mau,Ca Mau,31.49,31.49,31.49,59.0,35.64,10000.0,0.0,82.0,5.12,8.87,253.0,1008.0,1,803,Clouds,broken clouds,04d
2025-07-22 09:11:11,Ca Mau,Ca Mau,31.55,31.55,31.55,58.0,35.5,10000.0,0.0,82.0,5.12,8.87,253.0,1008.0,1,803,Clouds,broken clouds,04d
2025-07-22 09:14:57,Ca Mau,Ca Mau,31.49,31.49,31.49,59.0,35.64,10000.0,0.0,82.0,5.12,8.87,253.0,1008.0,1,803,Clouds,broken clouds,04d
2025-07-22 09:18:42,Ca Mau,Ca Mau,31.49,31.49,31.49,59.0,35.64,10000.0,0.0,82.0,5.12,8.87,253.0,1008.0,1,803,Clouds,broken clouds,04d
2025-07-22 09:22:28,Ca Mau,Ca Mau,31.49,31.49,31.49,59.0,35.64,10000.0,0.0,82.0,5.12,8.87,253.0,1008.0,1,803,Clouds,broken clouds,04d
2025-07-22 09:26:13,Ca Mau,Ca Mau,31.49,31.49,31.49,59.0,35.64,10000.0,0.0,82.0,5.12,8.87,253.0,1008.0,1,803,Clouds,broken clouds,04d
2025-07-22 09:29:59,Ca Mau,Ca Mau,31.49,31.49,31.49,59.0,35.64,10000.0,0.0,82.0,5.12,8.87,253.0,1008.0,1,803,Clouds,broken clouds,04d
2025-07-22 09:33:45,Ca Mau,Ca Mau,31.49,31.49,31.49,59.0,35.64,10000.0,0.0,82.0,5.12,8.87,253.0,1008.0,1,803,Clouds,broken clouds,04d
2025-07-22 09:37:30,Ca Mau,Ca Mau,32.99,32.99,32.99,50.0,36.27,10000.0,0.0,84.0,5.58,10.48,261.0,1008.0,1,803,Clouds,broken clouds,04d
2025-07-22 09:41:16,Ca Mau,Ca Mau,32.99,32.99,32.99,50.0,36.27,10000.0,0.0,84.0,5.58,10.48,261.0,1008.0,1,803,Clouds,broken clouds,04d
2025-07-22 09:45:02,Ca Mau,Ca Mau,32.99,32.99,32.99,50.0,36.27,10000.0,0.0,84.0,5.58,10.48,261.0,1008.0,1,803,Clouds,broken clouds,04d
2025-07-22 09:48:47,Ca Mau,Ca Mau,32.99,32.99,32.99,50.0,36.27,10000.0,0.0,84.0,5.58,10.48,261.0,1008.0,1,803,Clouds,broken clouds,04d
2025-07-22 09:52:34,Ca Mau,Ca Mau,33.0,33.0,33.0,50.0,36.29,10000.0,0.0,84.0,5.58,10.48,261.0,1008.0,1,803,Clouds,broken clouds,04d
2025-07-22 09:56:20,Ca Mau,Ca Mau,33.0,33.0,33.0,50.0,36.29,10000.0,0.0,84.0,5.58,10.48,261.0,1008.0,1,803,Clouds,broken clouds,04d
2025-07-22 10:00:05,Ca Mau,Ca Mau,33.0,33.0,33.0,50.0,36.29,10000.0,0.0,84.0,5.58,10.48,261.0,1008.0,1,803,Clouds,broken clouds,04d
2025-07-22 10:03:50,Ca Mau,Ca Mau,33.0,33.0,33.0,50.0,36.29,10000.0,0.0,84.0,5.58,10.48,261.0,1008.0,1,803,Clouds,broken clouds,04d
2025-07-22 10:07:36,Ca Mau,Ca Mau,32.93,32.93,32.93,51.0,36.44,10000.0,0.0,84.0,5.58,10.48,261.0,1008.0,1,803,Clouds,broken clouds,04d
2025-07-22 10:11:22,Ca Mau,Ca Mau,32.93,32.93,32.93,51.0,36.44,10000.0,0.0,84.0,5.58,10.48,261.0,1008.0,1,803,Clouds,broken clouds,04d
2025-07-22 10:15:07,Ca Mau,Ca Mau,32.93,32.93,32.93,51.0,36.44,10000.0,0.0,84.0,5.58,10.48,261.0,1008.0,1,803,Clouds,broken clouds,04d
2025-07-22 10:18:53,Ca Mau,Ca Mau,32.93,32.93,32.93,51.0,36.44,10000.0,0.0,84.0,5.58,10.48,261.0,1008.0,1,803,Clouds,broken clouds,04d
2025-07-22 10:22:39,Ca Mau,Ca Mau,32.93,32.93,32.93,51.0,36.44,10000.0,0.0,84.0,5.58,10.48,261.0,1008.0,1,803,Clouds,broken clouds,04d
2025-07-22 10:26:25,Ca Mau,Ca Mau,32.93,32.93,32.93,51.0,36.44,10000.0,0.0,84.0,5.58,10.48,261.0,1008.0,1,803,Clouds,broken clouds,04d
2025-07-22 10:30:10,Ca Mau,Ca Mau,32.93,32.93,32.93,51.0,36.44,10000.0,0.0,84.0,5.58,10.48,261.0,1008.0,1,803,Clouds,broken clouds,04d
2025-07-22 10:33:56,Ca Mau,Ca Mau,33.72,33.72,33.72,45.0,36.27,10000.0,0.0,89.0,6.18,11.09,262.0,1007.0,1,804,Clouds,overcast clouds,04d
2025-07-22 10:37:42,Ca Mau,Ca Mau,33.72,33.72,33.72,45.0,36.27,10000.0,0.0,89.0,6.18,11.09,262.0,1007.0,1,804,Clouds,overcast clouds,04d
2025-07-22 10:41:28,Ca Mau,Ca Mau,33.72,33.72,33.72,45.0,36.27,10000.0,0.0,89.0,6.18,11.09,262.0,1007.0,1,804,Clouds,overcast clouds,04d
2025-07-22 10:45:14,Ca Mau,Ca Mau,33.72,33.72,33.72,45.0,36.27,10000.0,0.0,89.0,6.18,11.09,262.0,1007.0,1,804,Clouds,overcast clouds,04d
2025-07-22 10:49:00,Ca Mau,Ca Mau,33.82,33.82,33.82,45.0,36.46,10000.0,0.0,89.0,6.18,11.09,262.0,1007.0,1,804,Clouds,overcast clouds,04d
2025-07-22 10:52:46,Ca Mau,Ca Mau,33.82,33.82,33.82,45.0,36.46,10000.0,0.0,89.0,6.18,11.09,262.0,1007.0,1,804,Clouds,overcast clouds,04d
2025-07-22 10:56:32,Ca Mau,Ca Mau,33.82,33.82,33.82,45.0,36.46,10000.0,0.0,89.0,6.18,11.09,262.0,1007.0,1,804,Clouds,overcast clouds,04d
2025-07-22 11:00:17,Ca Mau,Ca Mau,33.82,33.82,33.82,45.0,36.46,10000.0,0.0,89.0,6.18,11.09,262.0,1007.0,1,804,Clouds,overcast clouds,04d
2025-07-22 11:04:04,Ca Mau,Ca Mau,33.78,33.78,33.78,45.0,36.38,10000.0,0.0,89.0,6.18,11.09,262.0,1007.0,1,804,Clouds,overcast clouds,04d
2025-07-22 11:07:50,Ca Mau,Ca Mau,33.78,33.78,33.78,45.0,36.38,10000.0,0.0,89.0,6.18,11.09,262.0,1007.0,1,804,Clouds,overcast clouds,04d
2025-07-22 11:11:35,Ca Mau,Ca Mau,33.78,33.78,33.78,45.0,36.38,10000.0,0.0,89.0,6.18,11.09,262.0,1007.0,1,804,Clouds,overcast clouds,04d
2025-07-22 11:15:21,Ca Mau,Ca Mau,33.78,33.78,33.78,45.0,36.38,10000.0,0.0,89.0,6.18,11.09,262.0,1007.0,1,804,Clouds,overcast clouds,04d
2025-07-22 11:19:06,Ca Mau,Ca Mau,33.78,33.78,33.78,45.0,36.38,10000.0,0.0,89.0,6.18,11.09,262.0,1007.0,1,804,Clouds,overcast clouds,04d
2025-07-22 11:22:52,Ca Mau,Ca Mau,33.78,33.78,33.78,45.0,36.38,10000.0,0.0,89.0,6.18,11.09,262.0,1007.0,1,804,Clouds,overcast clouds,04d
2025-07-22 11:26:37,Ca Mau,Ca Mau,33.8,33.8,33.8,45.0,36.42,10000.0,0.0,89.0,6.18,11.09,262.0,1007.0,1,804,Clouds,overcast clouds,04d
2025-07-22 11:30:24,Ca Mau,Ca Mau,34.11,34.11,34.11,44.0,36.73,10000.0,0.0,89.0,6.44,11.29,261.0,1007.0,1,804,Clouds,overcast clouds,04d
2025-07-22 11:34:09,Ca Mau,Ca Mau,34.11,34.11,34.11,44.0,36.73,10000.0,0.0,89.0,6.44,11.29,261.0,1007.0,1,804,Clouds,overcast clouds,04d
2025-07-22 11:37:55,Ca Mau,Ca Mau,34.1,34.1,34.1,44.0,36.71,10000.0,0.0,89.0,6.44,11.29,261.0,1007.0,1,804,Clouds,overcast clouds,04d
2025-07-22 11:41:41,Ca Mau,Ca Mau,34.1,34.1,34.1,44.0,36.71,10000.0,0.0,89.0,6.44,11.29,261.0,1007.0,1,804,Clouds,overcast clouds,04d
2025-07-22 11:45:27,Ca Mau,Ca Mau,34.1,34.1,34.1,44.0,36.71,10000.0,0.0,89.0,6.44,11.29,261.0,1007.0,1,804,Clouds,overcast clouds,04d
2025-07-22 11:49:12,Ca Mau,Ca Mau,34.1,34.1,34.1,44.0,36.71,10000.0,0.0,89.0,6.44,11.29,261.0,1007.0,1,804,Clouds,overcast clouds,04d
2025-07-22 11:52:58,Ca Mau,Ca Mau,34.11,34.11,34.11,44.0,36.73,10000.0,0.0,89.0,6.44,11.29,261.0,1007.0,1,804,Clouds,overcast clouds,04d
2025-07-22 11:56:44,Ca Mau,Ca Mau,34.11,34.11,34.11,44.0,36.73,10000.0,0.0,89.0,6.44,11.29,261.0,1007.0,1,804,Clouds,overcast clouds,04d
2025-07-22 12:00:30,Ca Mau,Ca Mau,34.11,34.11,34.11,44.0,36.73,10000.0,0.0,89.0,6.44,11.29,261.0,1007.0,1,804,Clouds,overcast clouds,04d
2025-07-22 12:04:15,Ca Mau,Ca Mau,34.11,34.11,34.11,44.0,36.73,10000.0,0.0,89.0,6.44,11.29,261.0,1007.0,1,804,Clouds,overcast clouds,04d
2025-07-22 12:08:02,Ca Mau,Ca Mau,34.06,34.06,34.06,45.0,36.93,10000.0,0.0,89.0,6.44,11.29,261.0,1007.0,1,804,Clouds,overcast clouds,04d
2025-07-22 12:11:52,Ca Mau,Ca Mau,34.06,34.06,34.06,45.0,36.93,10000.0,0.0,89.0,6.44,11.29,261.0,1007.0,1,804,Clouds,overcast clouds,04d
2025-07-22 12:15:41,Ca Mau,Ca Mau,34.06,34.06,34.06,45.0,36.93,10000.0,0.0,89.0,6.44,11.29,261.0,1007.0,1,804,Clouds,overcast clouds,04d
2025-07-22 12:19:30,Ca Mau,Ca Mau,34.06,34.06,34.06,45.0,36.93,10000.0,0.0,89.0,6.44,11.29,261.0,1007.0,1,804,Clouds,overcast clouds,04d
2025-07-22 12:23:19,Ca Mau,Ca Mau,34.06,34.06,34.06,45.0,36.93,10000.0,0.0,89.0,6.44,11.29,261.0,1007.0,1,804,Clouds,overcast clouds,04d
2025-07-22 12:27:08,Ca Mau,Ca Mau,34.06,34.06,34.06,45.0,36.93,10000.0,0.0,89.0,6.44,11.29,261.0,1007.0,1,804,Clouds,overcast clouds,04d
2025-07-22 12:30:58,Ca Mau,Ca Mau,34.01,34.01,34.01,44.0,36.54,10000.0,0.0,90.0,6.51,11.5,260.0,1006.0,1,804,Clouds,overcast clouds,04d
2025-07-22 12:34:48,Ca Mau,Ca Mau,34.01,34.01,34.01,44.0,36.54,10000.0,0.0,90.0,6.51,11.5,260.0,1006.0,1,804,Clouds,overcast clouds,04d
2025-07-22 12:38:37,Ca Mau,Ca Mau,34.01,34.01,34.01,44.0,36.54,10000.0,0.0,90.0,6.51,11.5,260.0,1006.0,1,804,Clouds,overcast clouds,04d
2025-07-22 12:42:25,Ca Mau,Ca Mau,34.01,34.01,34.01,44.0,36.54,10000.0,0.0,90.0,6.51,11.5,260.0,1006.0,1,804,Clouds,overcast clouds,04d
2025-07-22 12:46:15,Ca Mau,Ca Mau,34.01,34.01,34.01,44.0,36.54,10000.0,0.0,90.0,6.51,11.5,260.0,1006.0,1,804,Clouds,overcast clouds,04d
2025-07-22 12:50:05,Ca Mau,Ca Mau,34.01,34.01,34.01,44.0,36.54,10000.0,0.0,90.0,6.51,11.5,260.0,1006.0,1,804,Clouds,overcast clouds,04d
2025-07-22 12:53:55,Ca Mau,Ca Mau,34.01,34.01,34.01,44.0,36.54,10000.0,0.0,90.0,6.51,11.5,260.0,1006.0,1,804,Clouds,overcast clouds,04d
2025-07-22 12:57:45,Ca Mau,Ca Mau,34.01,34.01,34.01,44.0,36.54,10000.0,0.0,93.0,6.5,11.8,258.0,1006.0,1,804,Clouds,overcast clouds,04d
2025-07-22 13:01:35,Ca Mau,Ca Mau,34.01,34.01,34.01,44.0,36.54,10000.0,0.0,93.0,6.5,11.8,258.0,1006.0,1,804,Clouds,overcast clouds,04d
2025-07-22 13:05:27,Ca Mau,Ca Mau,34.01,34.01,34.01,44.0,36.54,10000.0,0.0,93.0,6.5,11.8,258.0,1006.0,1,804,Clouds,overcast clouds,04d
2025-07-22 13:09:18,Ca Mau,Ca Mau,34.01,34.01,34.01,44.0,36.54,10000.0,0.0,93.0,6.5,11.8,258.0,1006.0,1,804,Clouds,overcast clouds,04d
2025-07-22 13:13:08,Ca Mau,Ca Mau,34.01,34.01,34.01,44.0,36.54,10000.0,0.0,93.0,6.5,11.8,258.0,1006.0,1,804,Clouds,overcast clouds,04d
2025-07-22 13:16:57,Ca Mau,Ca Mau,34.01,34.01,34.01,44.0,36.54,10000.0,0.0,93.0,6.5,11.8,258.0,1006.0,1,804,Clouds,overcast clouds,04d
2025-07-22 13:20:46,Ca Mau,Ca Mau,34.01,34.01,34.01,44.0,36.54,10000.0,0.0,93.0,6.5,11.8,258.0,1006.0,1,804,Clouds,overcast clouds,04d
2025-07-22 13:24:36,Ca Mau,Ca Mau,34.01,34.01,34.01,44.0,36.54,10000.0,0.0,93.0,6.5,11.8,258.0,1006.0,1,804,Clouds,overcast clouds,04d
2025-07-22 13:28:25,Ca Mau,Ca Mau,34.01,34.01,34.01,44.0,36.54,10000.0,0.0,93.0,6.5,11.8,258.0,1006.0,1,804,Clouds,overcast clouds,04d
2025-07-22 13:32:15,Ca Mau,Ca Mau,33.58,33.58,33.58,44.0,35.73,10000.0,0.0,100.0,6.5,12.04,260.0,1005.0,1,804,Clouds,overcast clouds,04d
2025-07-22 13:36:06,Ca Mau,Ca Mau,34.01,34.01,34.01,44.0,36.54,10000.0,0.0,93.0,6.5,11.8,258.0,1006.0,1,804,Clouds,overcast clouds,04d
2025-07-22 13:39:56,Ca Mau,Ca Mau,33.58,33.58,33.58,44.0,35.73,10000.0,0.0,100.0,6.5,12.04,260.0,1005.0,1,804,Clouds,overcast clouds,04d
2025-07-22 13:43:46,Ca Mau,Ca Mau,33.57,33.57,33.57,45.0,35.99,10000.0,0.0,100.0,6.5,12.04,260.0,1005.0,1,804,Clouds,overcast clouds,04d
2025-07-22 13:47:35,Ca Mau,Ca Mau,33.58,33.58,33.58,44.0,35.73,10000.0,0.0,100.0,6.5,12.04,260.0,1005.0,1,804,Clouds,overcast clouds,04d
2025-07-22 13:51:24,Ca Mau,Ca Mau,33.53,33.53,33.53,46.0,36.19,10000.0,0.0,100.0,6.5,12.04,260.0,1005.0,1,804,Clouds,overcast clouds,04d
2025-07-22 13:55:13,Ca Mau,Ca Mau,33.53,33.53,33.53,46.0,36.19,10000.0,0.0,100.0,6.5,12.04,260.0,1005.0,1,804,Clouds,overcast clouds,04d
2025-07-22 13:59:04,Ca Mau,Ca Mau,33.53,33.53,33.53,46.0,36.19,10000.0,0.0,100.0,6.5,12.04,260.0,1005.0,1,804,Clouds,overcast clouds,04d
2025-07-22 14:02:54,Ca Mau,Ca Mau,33.53,33.53,33.53,46.0,36.19,10000.0,0.0,100.0,6.5,12.04,260.0,1005.0,1,804,Clouds,overcast clouds,04d
2025-07-22 14:06:43,Ca Mau,Ca Mau,33.53,33.53,33.53,46.0,36.19,10000.0,0.0,100.0,6.5,12.04,260.0,1005.0,1,804,Clouds,overcast clouds,04d
2025-07-22 14:10:33,Ca Mau,Ca Mau,33.53,33.53,33.53,46.0,36.19,10000.0,0.0,100.0,6.5,12.04,260.0,1005.0,1,804,Clouds,overcast clouds,04d
2025-07-22 14:14:22,Ca Mau,Ca Mau,33.6,33.6,33.6,46.0,36.33,10000.0,0.0,100.0,6.5,12.04,260.0,1005.0,1,804,Clouds,overcast clouds,04d
2025-07-22 14:18:12,Ca Mau,Ca Mau,33.6,33.6,33.6,46.0,36.33,10000.0,0.0,100.0,6.5,12.04,260.0,1005.0,1,804,Clouds,overcast clouds,04d
2025-07-22 14:22:02,Ca Mau,Ca Mau,33.6,33.6,33.6,46.0,36.33,10000.0,0.0,100.0,6.5,12.04,260.0,1005.0,1,804,Clouds,overcast clouds,04d
2025-07-22 14:25:53,Ca Mau,Ca Mau,33.6,33.6,33.6,46.0,36.33,10000.0,0.0,100.0,6.5,12.04,260.0,1005.0,1,804,Clouds,overcast clouds,04d
2025-07-22 14:29:43,Ca Mau,Ca Mau,33.6,33.6,33.6,46.0,36.33,10000.0,0.0,100.0,6.5,12.04,260.0,1005.0,1,804,Clouds,overcast clouds,04d
2025-07-22 14:33:32,Ca Mau,Ca Mau,33.6,33.6,33.6,46.0,36.33,10000.0,0.0,100.0,6.5,12.04,260.0,1005.0,1,804,Clouds,overcast clouds,04d
2025-07-22 14:37:22,Ca Mau,Ca Mau,33.11,33.11,33.11,47.0,35.67,10000.0,0.0,98.0,6.35,11.7,258.0,1004.0,1,804,Clouds,overcast clouds,04d
2025-07-22 14:41:11,Ca Mau,Ca Mau,33.11,33.11,33.11,47.0,35.67,10000.0,0.0,98.0,6.35,11.7,258.0,1004.0,1,804,Clouds,overcast clouds,04d
2025-07-22 14:45:01,Ca Mau,Ca Mau,33.11,33.11,33.11,47.0,35.67,10000.0,0.0,98.0,6.35,11.7,258.0,1004.0,1,804,Clouds,overcast clouds,04d
2025-07-22 14:48:51,Ca Mau,Ca Mau,33.12,33.12,33.12,47.0,35.69,10000.0,0.0,98.0,6.35,11.7,258.0,1004.0,1,804,Clouds,overcast clouds,04d
2025-07-22 14:52:39,Ca Mau,Ca Mau,33.12,33.12,33.12,47.0,35.69,10000.0,0.0,98.0,6.35,11.7,258.0,1004.0,1,804,Clouds,overcast clouds,04d
2025-07-22 14:56:28,Ca Mau,Ca Mau,33.12,33.12,33.12,47.0,35.69,10000.0,0.0,98.0,6.35,11.7,258.0,1004.0,1,804,Clouds,overcast clouds,04d
2025-07-22 15:00:17,Ca Mau,Ca Mau,33.12,33.12,33.12,47.0,35.69,10000.0,0.0,98.0,6.35,11.7,258.0,1004.0,1,804,Clouds,overcast clouds,04d
2025-07-22 15:04:08,Ca Mau,Ca Mau,33.09,33.09,33.09,47.0,35.63,10000.0,0.0,98.0,6.35,11.7,258.0,1004.0,1,804,Clouds,overcast clouds,04d
2025-07-22 15:07:59,Ca Mau,Ca Mau,33.09,33.09,33.09,47.0,35.63,10000.0,0.0,98.0,6.35,11.7,258.0,1004.0,1,804,Clouds,overcast clouds,04d
2025-07-22 15:11:49,Ca Mau,Ca Mau,33.09,33.09,33.09,47.0,35.63,10000.0,0.0,98.0,6.35,11.7,258.0,1004.0,1,804,Clouds,overcast clouds,04d
2025-07-22 15:15:39,Ca Mau,Ca Mau,33.09,33.09,33.09,47.0,35.63,10000.0,0.0,98.0,6.35,11.7,258.0,1004.0,1,804,Clouds,overcast clouds,04d
2025-07-22 15:19:29,Ca Mau,Ca Mau,33.09,33.09,33.09,47.0,35.63,10000.0,0.0,98.0,6.35,11.7,258.0,1004.0,1,804,Clouds,overcast clouds,04d
2025-07-22 15:23:20,Ca Mau,Ca Mau,33.09,33.09,33.09,47.0,35.63,10000.0,0.0,98.0,6.35,11.7,258.0,1004.0,1,804,Clouds,overcast clouds,04d
2025-07-22 15:27:09,Ca Mau,Ca Mau,33.09,33.09,33.09,47.0,35.63,10000.0,0.0,98.0,6.35,11.7,258.0,1004.0,1,804,Clouds,overcast clouds,04d
2025-07-22 15:31:00,Ca Mau,Ca Mau,32.07,32.07,32.07,52.0,34.99,10000.0,0.0,98.0,6.04,10.53,259.0,1004.0,1,804,Clouds,overcast clouds,04d
2025-07-22 15:34:50,Ca Mau,Ca Mau,32.07,32.07,32.07,52.0,34.99,10000.0,0.0,98.0,6.04,10.53,259.0,1004.0,1,804,Clouds,overcast clouds,04d
2025-07-22 15:38:40,Ca Mau,Ca Mau,32.07,32.07,32.07,52.0,34.99,10000.0,0.0,98.0,6.04,10.53,259.0,1004.0,1,804,Clouds,overcast clouds,04d
2025-07-22 15:42:30,Ca Mau,Ca Mau,32.07,32.07,32.07,52.0,34.99,10000.0,0.0,98.0,6.04,10.53,259.0,1004.0,1,804,Clouds,overcast clouds,04d
2025-07-22 15:46:25,Ca Mau,Ca Mau,32.07,32.07,32.07,52.0,34.99,10000.0,0.0,98.0,6.04,10.53,259.0,1004.0,1,804,Clouds,overcast clouds,04d
2025-07-22 15:50:16,Ca Mau,Ca Mau,32.07,32.07,32.07,52.0,34.99,10000.0,0.0,98.0,6.04,10.53,259.0,1004.0,1,804,Clouds,overcast clouds,04d
2025-07-22 15:54:06,Ca Mau,Ca Mau,32.07,32.07,32.07,52.0,34.99,10000.0,0.0,98.0,6.04,10.53,259.0,1004.0,1,804,Clouds,overcast clouds,04d
2025-07-22 15:57:56,Ca Mau,Ca Mau,32.07,32.07,32.07,52.0,34.99,10000.0,0.0,98.0,6.04,10.53,259.0,1004.0,1,804,Clouds,overcast clouds,04d
2025-07-22 16:01:46,Ca Mau,Ca Mau,32.07,32.07,32.07,52.0,34.99,10000.0,0.0,98.0,6.04,10.53,259.0,1004.0,1,804,Clouds,overcast clouds,04d
2025-07-22 16:05:36,Ca Mau,Ca Mau,32.07,32.07,32.07,52.0,34.99,10000.0,0.0,98.0,6.04,10.53,259.0,1004.0,1,804,Clouds,overcast clouds,04d
2025-07-22 16:09:25,Ca Mau,Ca Mau,32.07,32.07,32.07,52.0,34.99,10000.0,0.0,98.0,6.04,10.53,259.0,1004.0,1,804,Clouds,overcast clouds,04d
2025-07-22 16:13:14,Ca Mau,Ca Mau,32.07,32.07,32.07,52.0,34.99,10000.0,0.0,98.0,6.04,10.53,259.0,1004.0,1,804,Clouds,overcast clouds,04d
2025-07-22 16:17:05,Ca Mau,Ca Mau,32.07,32.07,32.07,52.0,34.99,10000.0,0.0,98.0,6.04,10.53,259.0,1004.0,1,804,Clouds,overcast clouds,04d
2025-07-22 16:20:54,Ca Mau,Ca Mau,32.07,32.07,32.07,52.0,34.99,10000.0,0.0,98.0,6.04,10.53,259.0,1004.0,1,804,Clouds,overcast clouds,04d
2025-07-22 16:24:43,Ca Mau,Ca Mau,32.07,32.07,32.07,52.0,34.99,10000.0,0.0,98.0,6.04,10.53,259.0,1004.0,1,804,Clouds,overcast clouds,04d
2025-07-22 16:28:32,Ca Mau,Ca Mau,32.07,32.07,32.07,52.0,34.99,10000.0,0.0,98.0,6.04,10.53,259.0,1004.0,1,804,Clouds,overcast clouds,04d
2025-07-22 16:32:22,Ca Mau,Ca Mau,32.07,32.07,32.07,52.0,34.99,10000.0,0.0,98.0,6.04,10.53,259.0,1004.0,1,804,Clouds,overcast clouds,04d
2025-07-22 16:36:13,Ca Mau,Ca Mau,30.85,30.85,30.85,59.0,34.29,10000.0,0.0,91.0,5.54,9.89,260.0,1005.0,1,804,Clouds,overcast clouds,04d
2025-07-22 16:40:05,Ca Mau,Ca Mau,30.85,30.85,30.85,59.0,34.29,10000.0,0.0,91.0,5.54,9.89,260.0,1005.0,1,804,Clouds,overcast clouds,04d
2025-07-22 16:43:55,Ca Mau,Ca Mau,30.85,30.85,30.85,59.0,34.29,10000.0,0.0,91.0,5.54,9.89,260.0,1005.0,1,804,Clouds,overcast clouds,04d
2025-07-22 16:47:44,Ca Mau,Ca Mau,30.81,30.81,30.81,59.0,34.21,10000.0,0.0,91.0,5.54,9.89,260.0,1005.0,1,804,Clouds,overcast clouds,04d
2025-07-22 16:51:33,Ca Mau,Ca Mau,30.81,30.81,30.81,59.0,34.21,10000.0,0.0,91.0,5.54,9.89,260.0,1005.0,1,804,Clouds,overcast clouds,04d
2025-07-22 16:55:22,Ca Mau,Ca Mau,30.81,30.81,30.81,59.0,34.21,10000.0,0.0,91.0,5.54,9.89,260.0,1005.0,1,804,Clouds,overcast clouds,04d
2025-07-22 16:59:11,Ca Mau,Ca Mau,30.81,30.81,30.81,59.0,34.21,10000.0,0.0,91.0,5.54,9.89,260.0,1005.0,1,804,Clouds,overcast clouds,04d
2025-07-22 17:03:02,Ca Mau,Ca Mau,30.82,30.82,30.82,60.0,34.47,10000.0,0.0,91.0,5.54,9.89,260.0,1005.0,1,804,Clouds,overcast clouds,04d
2025-07-22 17:06:54,Ca Mau,Ca Mau,30.81,30.81,30.81,59.0,34.21,10000.0,0.0,91.0,5.54,9.89,260.0,1005.0,1,804,Clouds,overcast clouds,04d
2025-07-22 17:10:45,Ca Mau,Ca Mau,30.82,30.82,30.82,60.0,34.47,10000.0,0.0,91.0,5.54,9.89,260.0,1005.0,1,804,Clouds,overcast clouds,04d
2025-07-22 17:14:34,Ca Mau,Ca Mau,30.82,30.82,30.82,60.0,34.47,10000.0,0.0,91.0,5.54,9.89,260.0,1005.0,1,804,Clouds,overcast clouds,04d
2025-07-22 17:18:23,Ca Mau,Ca Mau,30.82,30.82,30.82,60.0,34.47,10000.0,0.0,91.0,5.54,9.89,260.0,1005.0,1,804,Clouds,overcast clouds,04d
2025-07-22 17:22:11,Ca Mau,Ca Mau,30.82,30.82,30.82,60.0,34.47,10000.0,0.0,91.0,5.54,9.89,260.0,1005.0,1,804,Clouds,overcast clouds,04d
2025-07-22 17:26:01,Ca Mau,Ca Mau,30.82,30.82,30.82,60.0,34.47,10000.0,0.0,91.0,5.54,9.89,260.0,1005.0,1,804,Clouds,overcast clouds,04d
2025-07-22 17:29:51,Ca Mau,Ca Mau,30.82,30.82,30.82,60.0,34.47,10000.0,0.0,91.0,5.54,9.89,260.0,1005.0,1,804,Clouds,overcast clouds,04d
2025-07-22 17:33:42,Ca Mau,Ca Mau,29.0,29.0,29.0,72.0,33.1,10000.0,0.0,94.0,4.28,9.34,251.0,1005.0,1,804,Clouds,overcast clouds,04d
2025-07-22 17:37:32,Ca Mau,Ca Mau,30.82,30.82,30.82,60.0,34.47,10000.0,0.0,91.0,5.54,9.89,260.0,1005.0,1,804,Clouds,overcast clouds,04d
2025-07-22 17:41:22,Ca Mau,Ca Mau,29.0,29.0,29.0,72.0,33.1,10000.0,0.0,94.0,4.28,9.34,251.0,1005.0,1,804,Clouds,overcast clouds,04d
2025-07-22 17:45:13,Ca Mau,Ca Mau,29.0,29.0,29.0,72.0,33.1,10000.0,0.0,94.0,4.28,9.34,251.0,1005.0,1,804,Clouds,overcast clouds,04d
2025-07-22 17:49:03,Ca Mau,Ca Mau,29.0,29.0,29.0,72.0,33.1,10000.0,0.0,94.0,4.28,9.34,251.0,1005.0,1,804,Clouds,overcast clouds,04d
2025-07-22 17:52:56,Ca Mau,Ca Mau,28.95,28.95,28.95,73.0,33.18,10000.0,0.0,94.0,4.28,9.34,251.0,1005.0,1,804,Clouds,overcast clouds,04d
2025-07-22 17:56:46,Ca Mau,Ca Mau,28.95,28.95,28.95,73.0,33.18,10000.0,0.0,94.0,4.28,9.34,251.0,1005.0,1,804,Clouds,overcast clouds,04d
2025-07-22 18:00:38,Ca Mau,Ca Mau,28.95,28.95,28.95,73.0,33.18,10000.0,0.0,94.0,4.28,9.34,251.0,1005.0,1,804,Clouds,overcast clouds,04d
2025-07-22 18:04:29,Ca Mau,Ca Mau,28.95,28.95,28.95,73.0,33.18,10000.0,0.0,94.0,4.28,9.34,251.0,1005.0,1,804,Clouds,overcast clouds,04d
2025-07-22 18:08:19,Ca Mau,Ca Mau,28.95,28.95,28.95,73.0,33.18,10000.0,0.0,94.0,4.28,9.34,251.0,1005.0,1,804,Clouds,overcast clouds,04d
2025-07-22 18:12:09,Ca Mau,Ca Mau,28.98,28.98,28.98,73.0,33.25,10000.0,0.0,94.0,4.28,9.34,251.0,1005.0,1,804,Clouds,overcast clouds,04d
2025-07-22 18:16:00,Ca Mau,Ca Mau,28.98,28.98,28.98,73.0,33.25,10000.0,0.0,94.0,4.28,9.34,251.0,1005.0,1,804,Clouds,overcast clouds,04d
2025-07-22 18:19:50,Ca Mau,Ca Mau,28.98,28.98,28.98,73.0,33.25,10000.0,0.0,94.0,4.28,9.34,251.0,1005.0,1,804,Clouds,overcast clouds,04d
2025-07-22 18:23:39,Ca Mau,Ca Mau,28.98,28.98,28.98,73.0,33.25,10000.0,0.0,94.0,4.28,9.34,251.0,1005.0,0,804,Clouds,overcast clouds,04d
2025-07-22 18:27:28,Ca Mau,Ca Mau,28.98,28.98,28.98,73.0,33.25,10000.0,0.0,94.0,4.28,9.34,251.0,1005.0,0,804,Clouds,overcast clouds,04n
2025-07-22 18:31:18,Ca Mau,Ca Mau,27.71,27.71,27.71,79.0,31.25,10000.0,0.0,93.0,3.47,9.22,244.0,1006.0,0,804,Clouds,overcast clouds,04n
2025-07-22 18:35:09,Ca Mau,Ca Mau,27.71,27.71,27.71,79.0,31.25,10000.0,0.0,93.0,3.47,9.22,244.0,1006.0,0,804,Clouds,overcast clouds,04n
2025-07-22 18:38:59,Ca Mau,Ca Mau,27.71,27.71,27.71,79.0,31.25,10000.0,0.0,93.0,3.47,9.22,244.0,1006.0,0,804,Clouds,overcast clouds,04n
2025-07-22 18:42:48,Ca Mau,Ca Mau,27.71,27.71,27.71,79.0,31.25,10000.0,0.0,93.0,3.47,9.22,244.0,1006.0,0,804,Clouds,overcast clouds,04n
2025-07-22 18:46:37,Ca Mau,Ca Mau,27.71,27.71,27.71,79.0,31.25,10000.0,0.0,93.0,3.47,9.22,244.0,1006.0,0,804,Clouds,overcast clouds,04n
2025-07-22 18:50:26,Ca Mau,Ca Mau,27.71,27.71,27.71,78.0,31.12,10000.0,0.0,96.0,3.18,8.41,247.0,1006.0,0,804,Clouds,overcast clouds,04n
2025-07-22 18:54:15,Ca Mau,Ca Mau,27.71,27.71,27.71,78.0,31.12,10000.0,0.0,96.0,3.18,8.41,247.0,1006.0,0,804,Clouds,overcast clouds,04n
2025-07-22 18:58:05,Ca Mau,Ca Mau,27.71,27.71,27.71,78.0,31.12,10000.0,0.0,96.0,3.18,8.41,247.0,1006.0,0,804,Clouds,overcast clouds,04n
2025-07-22 19:01:54,Ca Mau,Ca Mau,27.71,27.71,27.71,78.0,31.12,10000.0,0.0,96.0,3.18,8.41,247.0,1006.0,0,804,Clouds,overcast clouds,04n
2025-07-22 19:05:40,Ca Mau,Ca Mau,27.71,27.71,27.71,78.0,31.12,10000.0,0.0,96.0,3.18,8.41,247.0,1006.0,0,804,Clouds,overcast clouds,04n
2025-07-22 19:09:26,Ca Mau,Ca Mau,27.71,27.71,27.71,78.0,31.12,10000.0,0.0,96.0,3.18,8.41,247.0,1006.0,0,804,Clouds,overcast clouds,04n
2025-07-22 19:13:12,Ca Mau,Ca Mau,27.71,27.71,27.71,78.0,31.12,10000.0,0.0,96.0,3.18,8.41,247.0,1006.0,0,804,Clouds,overcast clouds,04n
2025-07-22 19:16:57,Ca Mau,Ca Mau,27.71,27.71,27.71,78.0,31.12,10000.0,0.0,96.0,3.18,8.41,247.0,1006.0,0,804,Clouds,overcast clouds,04n
2025-07-22 19:20:43,Ca Mau,Ca Mau,27.71,27.71,27.71,78.0,31.12,10000.0,0.0,96.0,3.18,8.41,247.0,1006.0,0,804,Clouds,overcast clouds,04n
2025-07-22 19:24:29,Ca Mau,Ca Mau,27.71,27.71,27.71,78.0,31.12,10000.0,0.0,96.0,3.18,8.41,247.0,1006.0,0,804,Clouds,overcast clouds,04n
2025-07-22 19:28:16,Ca Mau,Ca Mau,27.71,27.71,27.71,78.0,31.12,10000.0,0.0,96.0,3.18,8.41,247.0,1006.0,0,804,Clouds,overcast clouds,04n
2025-07-22 19:32:01,Ca Mau,Ca Mau,27.71,27.71,27.71,78.0,31.12,10000.0,0.0,96.0,3.18,8.41,247.0,1006.0,0,804,Clouds,overcast clouds,04n
2025-07-22 19:35:47,Ca Mau,Ca Mau,27.37,27.37,27.37,81.0,30.7,10000.0,0.0,100.0,2.49,7.54,235.0,1007.0,0,804,Clouds,overcast clouds,04n
2025-07-22 19:39:33,Ca Mau,Ca Mau,27.37,27.37,27.37,81.0,30.7,10000.0,0.0,100.0,2.49,7.54,235.0,1007.0,0,804,Clouds,overcast clouds,04n
2025-07-22 19:43:18,Ca Mau,Ca Mau,27.37,27.37,27.37,81.0,30.7,10000.0,0.0,100.0,2.49,7.54,235.0,1007.0,0,804,Clouds,overcast clouds,04n
2025-07-22 19:47:04,Ca Mau,Ca Mau,27.37,27.37,27.37,81.0,30.7,10000.0,0.0,100.0,2.49,7.54,235.0,1007.0,0,804,Clouds,overcast clouds,04n
2025-07-22 19:50:50,Ca Mau,Ca Mau,27.32,27.32,27.32,81.0,30.58,10000.0,0.0,100.0,2.49,7.54,235.0,1007.0,0,804,Clouds,overcast clouds,04n
2025-07-22 19:54:36,Ca Mau,Ca Mau,27.32,27.32,27.32,81.0,30.58,10000.0,0.0,100.0,2.49,7.54,235.0,1007.0,0,804,Clouds,overcast clouds,04n
2025-07-22 19:58:21,Ca Mau,Ca Mau,27.32,27.32,27.32,81.0,30.58,10000.0,0.0,100.0,2.49,7.54,235.0,1007.0,0,804,Clouds,overcast clouds,04n
2025-07-22 20:02:07,Ca Mau,Ca Mau,27.33,27.33,27.33,81.0,30.6,10000.0,0.0,100.0,2.49,7.54,235.0,1007.0,0,804,Clouds,overcast clouds,04n
2025-07-22 20:05:53,Ca Mau,Ca Mau,27.33,27.33,27.33,81.0,30.6,10000.0,0.0,100.0,2.49,7.54,235.0,1007.0,0,804,Clouds,overcast clouds,04n
2025-07-22 20:09:39,Ca Mau,Ca Mau,27.33,27.33,27.33,81.0,30.6,10000.0,0.0,100.0,2.49,7.54,235.0,1007.0,0,804,Clouds,overcast clouds,04n
2025-07-22 20:13:24,Ca Mau,Ca Mau,27.33,27.33,27.33,81.0,30.6,10000.0,0.0,100.0,2.49,7.54,235.0,1007.0,0,804,Clouds,overcast clouds,04n
2025-07-22 20:17:10,Ca Mau,Ca Mau,27.33,27.33,27.33,81.0,30.6,10000.0,0.0,100.0,2.49,7.54,235.0,1007.0,0,804,Clouds,overcast clouds,04n
2025-07-22 20:20:56,Ca Mau,Ca Mau,27.33,27.33,27.33,81.0,30.6,10000.0,0.0,100.0,2.49,7.54,235.0,1007.0,0,804,Clouds,overcast clouds,04n
2025-07-22 20:24:42,Ca Mau,Ca Mau,27.33,27.33,27.33,81.0,30.6,10000.0,0.0,100.0,2.49,7.54,235.0,1007.0,0,804,Clouds,overcast clouds,04n
2025-07-22 20:28:27,Ca Mau,Ca Mau,27.33,27.33,27.33,81.0,30.6,10000.0,0.0,100.0,2.49,7.54,235.0,1007.0,0,804,Clouds,overcast clouds,04n
2025-07-22 20:32:13,Ca Mau,Ca Mau,26.79,26.79,26.79,86.0,29.79,10000.0,0.0,79.0,1.89,6.82,228.0,1007.0,0,803,Clouds,broken clouds,04n
2025-07-22 20:35:59,Ca Mau,Ca Mau,26.79,26.79,26.79,86.0,29.79,10000.0,0.0,79.0,1.89,6.82,228.0,1007.0,0,803,Clouds,broken clouds,04n
2025-07-22 20:39:44,Ca Mau,Ca Mau,26.79,26.79,26.79,86.0,29.79,10000.0,0.0,79.0,1.89,6.82,228.0,1007.0,0,803,Clouds,broken clouds,04n
2025-07-22 20:43:30,Ca Mau,Ca Mau,26.79,26.79,26.79,86.0,29.79,10000.0,0.0,79.0,1.89,6.82,228.0,1007.0,0,803,Clouds,broken clouds,04n
2025-07-22 20:47:16,Ca Mau,Ca Mau,26.79,26.79,26.79,86.0,29.79,10000.0,0.0,79.0,1.89,6.82,228.0,1007.0,0,803,Clouds,broken clouds,04n
2025-07-22 20:51:02,Ca Mau,Ca Mau,26.79,26.79,26.79,86.0,29.79,10000.0,0.0,79.0,1.89,6.82,228.0,1007.0,0,803,Clouds,broken clouds,04n
2025-07-22 20:54:48,Ca Mau,Ca Mau,26.79,26.79,26.79,86.0,29.79,10000.0,0.0,79.0,1.89,6.82,228.0,1007.0,0,803,Clouds,broken clouds,04n
2025-07-22 20:58:34,Ca Mau,Ca Mau,26.79,26.79,26.79,86.0,29.79,10000.0,0.0,79.0,1.89,6.82,228.0,1007.0,0,803,Clouds,broken clouds,04n
2025-07-22 21:02:20,Ca Mau,Ca Mau,26.79,26.79,26.79,86.0,29.79,10000.0,0.0,79.0,1.89,6.82,228.0,1007.0,0,803,Clouds,broken clouds,04n
2025-07-22 21:06:07,Ca Mau,Ca Mau,26.81,26.81,26.81,86.0,29.84,10000.0,0.0,79.0,1.89,6.82,228.0,1007.0,0,803,Clouds,broken clouds,04n
2025-07-22 21:09:53,Ca Mau,Ca Mau,26.81,26.81,26.81,86.0,29.84,10000.0,0.0,79.0,1.89,6.82,228.0,1007.0,0,803,Clouds,broken clouds,04n
2025-07-22 21:13:39,Ca Mau,Ca Mau,26.81,26.81,26.81,86.0,29.84,10000.0,0.0,79.0,1.89,6.82,228.0,1007.0,0,803,Clouds,broken clouds,04n
2025-07-22 21:17:28,Ca Mau,Ca Mau,26.81,26.81,26.81,86.0,29.84,10000.0,0.0,79.0,1.89,6.82,228.0,1007.0,0,803,Clouds,broken clouds,04n
2025-07-22 21:21:14,Ca Mau,Ca Mau,26.81,26.81,26.81,86.0,29.84,10000.0,0.0,79.0,1.89,6.82,228.0,1007.0,0,803,Clouds,broken clouds,04n
2025-07-22 21:24:59,Ca Mau,Ca Mau,26.81,26.81,26.81,86.0,29.84,10000.0,0.0,79.0,1.89,6.82,228.0,1007.0,0,803,Clouds,broken clouds,04n
2025-07-22 21:28:45,Ca Mau,Ca Mau,26.81,26.81,26.81,86.0,29.84,10000.0,0.0,79.0,1.89,6.82,228.0,1007.0,0,803,Clouds,broken clouds,04n
2025-07-22 21:32:31,Ca Mau,Ca Mau,26.57,26.57,26.57,87.0,26.57,10000.0,0.0,86.0,1.64,6.45,206.0,1008.0,0,804,Clouds,overcast clouds,04n
2025-07-22 21:36:16,Ca Mau,Ca Mau,26.57,26.57,26.57,87.0,26.57,10000.0,0.0,86.0,1.64,6.45,206.0,1008.0,0,804,Clouds,overcast clouds,04n
2025-07-22 21:40:02,Ca Mau,Ca Mau,26.57,26.57,26.57,87.0,26.57,10000.0,0.0,86.0,1.64,6.45,206.0,1008.0,0,804,Clouds,overcast clouds,04n
2025-07-22 21:43:48,Ca Mau,Ca Mau,26.57,26.57,26.57,87.0,26.57,10000.0,0.0,86.0,1.64,6.45,206.0,1008.0,0,804,Clouds,overcast clouds,04n
2025-07-22 21:47:33,Ca Mau,Ca Mau,26.57,26.57,26.57,87.0,26.57,10000.0,0.0,86.0,1.64,6.45,206.0,1008.0,0,804,Clouds,overcast clouds,04n
2025-07-22 21:51:21,Ca Mau,Ca Mau,26.56,26.56,26.56,87.0,26.56,10000.0,0.0,86.0,1.64,6.45,206.0,1008.0,0,804,Clouds,overcast clouds,04n
2025-07-22 21:55:08,Ca Mau,Ca Mau,26.56,26.56,26.56,87.0,26.56,10000.0,0.0,86.0,1.64,6.45,206.0,1008.0,0,804,Clouds,overcast clouds,04n
2025-07-22 21:58:54,Ca Mau,Ca Mau,26.56,26.56,26.56,87.0,26.56,10000.0,0.0,86.0,1.64,6.45,206.0,1008.0,0,804,Clouds,overcast clouds,04n
2025-07-22 22:02:40,Ca Mau,Ca Mau,26.56,26.56,26.56,87.0,26.56,10000.0,0.0,86.0,1.64,6.45,206.0,1008.0,0,804,Clouds,overcast clouds,04n
2025-07-22 22:06:27,Ca Mau,Ca Mau,26.59,26.59,26.59,87.0,26.59,10000.0,0.0,86.0,1.64,6.45,206.0,1008.0,0,804,Clouds,overcast clouds,04n
2025-07-22 22:10:16,Ca Mau,Ca Mau,26.59,26.59,26.59,87.0,26.59,10000.0,0.0,86.0,1.64,6.45,206.0,1008.0,0,804,Clouds,overcast clouds,04n
2025-07-22 22:14:01,Ca Mau,Ca Mau,26.59,26.59,26.59,87.0,26.59,10000.0,0.0,86.0,1.64,6.45,206.0,1008.0,0,804,Clouds,overcast clouds,04n
2025-07-22 22:17:47,Ca Mau,Ca Mau,26.59,26.59,26.59,87.0,26.59,10000.0,0.0,86.0,1.64,6.45,206.0,1008.0,0,804,Clouds,overcast clouds,04n
2025-07-22 22:21:33,Ca Mau,Ca Mau,26.59,26.59,26.59,87.0,26.59,10000.0,0.0,86.0,1.64,6.45,206.0,1008.0,0,804,Clouds,overcast clouds,04n
2025-07-22 22:25:18,Ca Mau,Ca Mau,26.59,26.59,26.59,87.0,26.59,10000.0,0.0,86.0,1.64,6.45,206.0,1008.0,0,804,Clouds,overcast clouds,04n
2025-07-22 22:29:04,Ca Mau,Ca Mau,26.59,26.59,26.59,87.0,26.59,10000.0,0.0,86.0,1.64,6.45,206.0,1008.0,0,804,Clouds,overcast clouds,04n
2025-07-22 22:32:50,Ca Mau,Ca Mau,26.59,26.59,26.59,87.0,26.59,10000.0,0.0,86.0,1.64,6.45,206.0,1008.0,0,804,Clouds,overcast clouds,04n
2025-07-22 22:36:35,Ca Mau,Ca Mau,26.59,26.59,26.59,87.0,26.59,10000.0,0.0,86.0,1.64,6.45,206.0,1008.0,0,804,Clouds,overcast clouds,04n
2025-07-22 22:40:21,Ca Mau,Ca Mau,26.44,26.44,26.44,88.0,26.44,10000.0,0.0,89.0,1.1,3.46,191.0,1008.0,0,804,Clouds,overcast clouds,04n
2025-07-22 22:44:06,Ca Mau,Ca Mau,26.44,26.44,26.44,88.0,26.44,10000.0,0.0,89.0,1.1,3.46,191.0,1008.0,0,804,Clouds,overcast clouds,04n
2025-07-22 22:47:52,Ca Mau,Ca Mau,26.44,26.44,26.44,88.0,26.44,10000.0,0.0,89.0,1.1,3.46,191.0,1008.0,0,804,Clouds,overcast clouds,04n
2025-07-22 22:51:38,Ca Mau,Ca Mau,26.4,26.4,26.4,88.0,26.4,10000.0,0.0,89.0,1.1,3.46,191.0,1008.0,0,804,Clouds,overcast clouds,04n
2025-07-22 22:55:25,Ca Mau,Ca Mau,26.4,26.4,26.4,88.0,26.4,10000.0,0.0,89.0,1.1,3.46,191.0,1008.0,0,804,Clouds,overcast clouds,04n
2025-07-22 22:59:10,Ca Mau,Ca Mau,26.4,26.4,26.4,88.0,26.4,10000.0,0.0,89.0,1.1,3.46,191.0,1008.0,0,804,Clouds,overcast clouds,04n
2025-07-22 23:02:56,Ca Mau,Ca Mau,26.4,26.4,26.4,88.0,26.4,10000.0,0.0,89.0,1.1,3.46,191.0,1008.0,0,804,Clouds,overcast clouds,04n
2025-07-22 23:06:42,Ca Mau,Ca Mau,26.4,26.4,26.4,88.0,26.4,10000.0,0.0,89.0,1.1,3.46,191.0,1008.0,0,804,Clouds,overcast clouds,04n
2025-07-22 23:10:28,Ca Mau,Ca Mau,26.4,26.4,26.4,88.0,26.4,10000.0,0.0,89.0,1.1,3.46,191.0,1008.0,0,804,Clouds,overcast clouds,04n
2025-07-22 23:14:18,Ca Mau,Ca Mau,26.4,26.4,26.4,88.0,26.4,10000.0,0.0,89.0,1.1,3.46,191.0,1008.0,0,804,Clouds,overcast clouds,04n
2025-07-22 23:18:05,Ca Mau,Ca Mau,26.4,26.4,26.4,88.0,26.4,10000.0,0.0,89.0,1.1,3.46,191.0,1008.0,0,804,Clouds,overcast clouds,04n
2025-07-22 23:21:52,Ca Mau,Ca Mau,26.4,26.4,26.4,88.0,26.4,10000.0,0.0,89.0,1.1,3.46,191.0,1008.0,0,804,Clouds,overcast clouds,04n
2025-07-22 23:25:38,Ca Mau,Ca Mau,26.4,26.4,26.4,88.0,26.4,10000.0,0.0,89.0,1.1,3.46,191.0,1008.0,0,804,Clouds,overcast clouds,04n
2025-07-22 23:29:24,Ca Mau,Ca Mau,26.4,26.4,26.4,88.0,26.4,10000.0,0.0,89.0,1.1,3.46,191.0,1008.0,0,804,Clouds,overcast clouds,04n
2025-07-22 23:33:10,Ca Mau,Ca Mau,26.4,26.4,26.4,88.0,26.4,10000.0,0.0,89.0,1.1,3.46,191.0,1008.0,0,804,Clouds,overcast clouds,04n
2025-07-22 23:36:55,Ca Mau,Ca Mau,26.4,26.4,26.4,88.0,26.4,10000.0,0.0,89.0,1.1,3.46,191.0,1008.0,0,804,Clouds,overcast clouds,04n
2025-07-22 23:40:41,Ca Mau,Ca Mau,26.19,26.19,26.19,88.0,26.19,10000.0,0.0,91.0,1.35,4.42,201.0,1007.0,0,804,Clouds,overcast clouds,04n
2025-07-22 23:44:30,Ca Mau,Ca Mau,26.19,26.19,26.19,88.0,26.19,10000.0,0.0,91.0,1.35,4.42,201.0,1007.0,0,804,Clouds,overcast clouds,04n
2025-07-22 23:48:23,Ca Mau,Ca Mau,26.19,26.19,26.19,88.0,26.19,10000.0,0.0,91.0,1.35,4.42,201.0,1007.0,0,804,Clouds,overcast clouds,04n
2025-07-22 23:52:16,Ca Mau,Ca Mau,26.17,26.17,26.17,88.0,26.17,10000.0,0.0,91.0,1.35,4.42,201.0,1007.0,0,804,Clouds,overcast clouds,04n
2025-07-22 23:56:06,Ca Mau,Ca Mau,26.17,26.17,26.17,88.0,26.17,10000.0,0.0,91.0,1.35,4.42,201.0,1007.0,0,804,Clouds,overcast clouds,04n
2025-07-22 23:59:56,Ca Mau,Ca Mau,26.17,26.17,26.17,88.0,26.17,10000.0,0.0,91.0,1.35,4.42,201.0,1007.0,0,804,Clouds,overcast clouds,04n
2025-07-23 00:03:46,Ca Mau,Ca Mau,26.17,26.17,26.17,88.0,26.17,10000.0,0.0,91.0,1.35,4.42,201.0,1007.0,0,804,Clouds,overcast clouds,04n
2025-07-23 00:07:36,Ca Mau,Ca Mau,26.17,26.17,26.17,88.0,26.17,10000.0,0.0,91.0,1.35,4.42,201.0,1007.0,0,804,Clouds,overcast clouds,04n
2025-07-23 00:11:23,Ca Mau,Ca Mau,26.17,26.17,26.17,88.0,26.17,10000.0,0.0,91.0,1.35,4.42,201.0,1007.0,0,804,Clouds,overcast clouds,04n
2025-07-23 00:15:09,Ca Mau,Ca Mau,26.17,26.17,26.17,88.0,26.17,10000.0,0.0,91.0,1.35,4.42,201.0,1007.0,0,804,Clouds,overcast clouds,04n
2025-07-23 00:18:55,Ca Mau,Ca Mau,26.17,26.17,26.17,88.0,26.17,10000.0,0.0,91.0,1.35,4.42,201.0,1007.0,0,804,Clouds,overcast clouds,04n
2025-07-23 00:22:40,Ca Mau,Ca Mau,26.17,26.17,26.17,88.0,26.17,10000.0,0.0,91.0,1.35,4.42,201.0,1007.0,0,804,Clouds,overcast clouds,04n
2025-07-23 00:26:26,Ca Mau,Ca Mau,26.17,26.17,26.17,88.0,26.17,10000.0,0.0,91.0,1.35,4.42,201.0,1007.0,0,804,Clouds,overcast clouds,04n
2025-07-23 00:30:13,Ca Mau,Ca Mau,26.17,26.17,26.17,88.0,26.17,10000.0,0.0,91.0,1.35,4.42,201.0,1007.0,0,804,Clouds,overcast clouds,04n
2025-07-23 00:33:59,Ca Mau,Ca Mau,26.17,26.17,26.17,88.0,26.17,10000.0,0.0,91.0,1.35,4.42,201.0,1007.0,0,804,Clouds,overcast clouds,04n
2025-07-23 00:37:45,Ca Mau,Ca Mau,25.95,25.95,25.95,89.0,25.95,10000.0,0.0,93.0,1.69,5.3,219.0,1006.0,0,804,Clouds,overcast clouds,04n
2025-07-23 00:41:31,Ca Mau,Ca Mau,25.95,25.95,25.95,89.0,25.95,10000.0,0.0,93.0,1.69,5.3,219.0,1006.0,0,804,Clouds,overcast clouds,04n
2025-07-23 00:45:17,Ca Mau,Ca Mau,25.95,25.95,25.95,89.0,25.95,10000.0,0.0,93.0,1.69,5.3,219.0,1006.0,0,804,Clouds,overcast clouds,04n
2025-07-23 00:49:04,Ca Mau,Ca Mau,25.95,25.95,25.95,89.0,25.95,10000.0,0.0,93.0,1.69,5.3,219.0,1006.0,0,804,Clouds,overcast clouds,04n
2025-07-23 00:52:51,Ca Mau,Ca Mau,25.95,25.95,25.95,89.0,25.95,10000.0,0.0,88.0,1.42,4.95,211.0,1006.0,0,804,Clouds,overcast clouds,04n
2025-07-23 00:56:37,Ca Mau,Ca Mau,25.95,25.95,25.95,89.0,25.95,10000.0,0.0,88.0,1.42,4.95,211.0,1006.0,0,804,Clouds,overcast clouds,04n
2025-07-23 01:00:22,Ca Mau,Ca Mau,25.95,25.95,25.95,89.0,25.95,10000.0,0.0,88.0,1.42,4.95,211.0,1006.0,0,804,Clouds,overcast clouds,04n
2025-07-23 01:04:08,Ca Mau,Ca Mau,25.95,25.95,25.95,89.0,25.95,10000.0,0.0,88.0,1.42,4.95,211.0,1006.0,0,804,Clouds,overcast clouds,04n
2025-07-23 01:07:54,Ca Mau,Ca Mau,25.95,25.95,25.95,89.0,25.95,10000.0,0.0,88.0,1.42,4.95,211.0,1006.0,0,804,Clouds,overcast clouds,04n
2025-07-23 01:11:41,Ca Mau,Ca Mau,25.95,25.95,25.95,89.0,25.95,10000.0,0.0,88.0,1.42,4.95,211.0,1006.0,0,804,Clouds,overcast clouds,04n
2025-07-23 01:15:28,Ca Mau,Ca Mau,25.95,25.95,25.95,89.0,25.95,10000.0,0.0,88.0,1.42,4.95,211.0,1006.0,0,804,Clouds,overcast clouds,04n
2025-07-23 01:19:16,Ca Mau,Ca Mau,25.95,25.95,25.95,89.0,25.95,10000.0,0.0,88.0,1.42,4.95,211.0,1006.0,0,804,Clouds,overcast clouds,04n
2025-07-23 01:23:03,Ca Mau,Ca Mau,25.95,25.95,25.95,89.0,25.95,10000.0,0.0,88.0,1.42,4.95,211.0,1006.0,0,804,Clouds,overcast clouds,04n
2025-07-23 01:26:49,Ca Mau,Ca Mau,25.95,25.95,25.95,89.0,25.95,10000.0,0.0,88.0,1.42,4.95,211.0,1006.0,0,804,Clouds,overcast clouds,04n
2025-07-23 01:30:45,Ca Mau,Ca Mau,25.42,25.42,25.42,91.0,26.39,10000.0,0.0,100.0,1.42,5.49,216.0,1006.0,0,804,Clouds,overcast clouds,04n
2025-07-23 01:34:31,Ca Mau,Ca Mau,25.42,25.42,25.42,91.0,26.39,10000.0,0.0,100.0,1.42,5.49,216.0,1006.0,0,804,Clouds,overcast clouds,04n
2025-07-23 01:38:16,Ca Mau,Ca Mau,25.42,25.42,25.42,91.0,26.39,10000.0,0.0,100.0,1.42,5.49,216.0,1006.0,0,804,Clouds,overcast clouds,04n
2025-07-23 01:42:02,Ca Mau,Ca Mau,25.34,25.34,25.34,92.0,26.33,10000.0,0.0,100.0,1.42,5.49,216.0,1006.0,0,804,Clouds,overcast clouds,04n
2025-07-23 01:45:48,Ca Mau,Ca Mau,25.34,25.34,25.34,92.0,26.33,10000.0,0.0,100.0,1.42,5.49,216.0,1006.0,0,804,Clouds,overcast clouds,04n
2025-07-23 01:49:34,Ca Mau,Ca Mau,25.34,25.34,25.34,92.0,26.33,10000.0,0.0,100.0,1.42,5.49,216.0,1006.0,0,804,Clouds,overcast clouds,04n
2025-07-23 01:53:19,Ca Mau,Ca Mau,25.34,25.34,25.34,92.0,26.33,10000.0,0.0,100.0,1.42,5.49,216.0,1006.0,0,804,Clouds,overcast clouds,04n
2025-07-23 01:57:05,Ca Mau,Ca Mau,25.34,25.34,25.34,92.0,26.33,10000.0,0.0,100.0,1.42,5.49,216.0,1006.0,0,804,Clouds,overcast clouds,04n
2025-07-23 02:00:51,Ca Mau,Ca Mau,25.34,25.34,25.34,92.0,26.33,10000.0,0.0,100.0,1.42,5.49,216.0,1006.0,0,804,Clouds,overcast clouds,04n
2025-07-23 02:04:37,Ca Mau,Ca Mau,25.34,25.34,25.34,92.0,26.33,10000.0,0.0,100.0,1.42,5.49,216.0,1006.0,0,804,Clouds,overcast clouds,04n
2025-07-23 02:08:23,Ca Mau,Ca Mau,25.36,25.36,25.36,92.0,26.35,10000.0,0.0,100.0,1.42,5.49,216.0,1006.0,0,804,Clouds,overcast clouds,04n
2025-07-23 02:12:09,Ca Mau,Ca Mau,25.36,25.36,25.36,92.0,26.35,10000.0,0.0,100.0,1.42,5.49,216.0,1006.0,0,804,Clouds,overcast clouds,04n
2025-07-23 02:15:56,Ca Mau,Ca Mau,25.36,25.36,25.36,92.0,26.35,10000.0,0.0,100.0,1.42,5.49,216.0,1006.0,0,804,Clouds,overcast clouds,04n
2025-07-23 02:19:42,Ca Mau,Ca Mau,25.36,25.36,25.36,92.0,26.35,10000.0,0.0,100.0,1.42,5.49,216.0,1006.0,0,804,Clouds,overcast clouds,04n
2025-07-23 02:23:28,Ca Mau,Ca Mau,25.36,25.36,25.36,92.0,26.35,10000.0,0.0,100.0,1.42,5.49,216.0,1006.0,0,804,Clouds,overcast clouds,04n
2025-07-23 02:27:14,Ca Mau,Ca Mau,25.36,25.36,25.36,92.0,26.35,10000.0,0.0,100.0,1.42,5.49,216.0,1006.0,0,804,Clouds,overcast clouds,04n
2025-07-23 02:30:59,Ca Mau,Ca Mau,25.18,25.18,25.18,92.0,26.16,10000.0,0.0,97.0,1.79,7.83,236.0,1006.0,0,804,Clouds,overcast clouds,04n
2025-07-23 02:34:46,Ca Mau,Ca Mau,25.18,25.18,25.18,92.0,26.16,10000.0,0.0,97.0,1.79,7.83,236.0,1006.0,0,804,Clouds,overcast clouds,04n
2025-07-23 02:38:31,Ca Mau,Ca Mau,25.18,25.18,25.18,92.0,26.16,10000.0,0.0,97.0,1.79,7.83,236.0,1006.0,0,804,Clouds,overcast clouds,04n
2025-07-23 02:42:17,Ca Mau,Ca Mau,25.18,25.18,25.18,92.0,26.16,10000.0,0.0,97.0,1.79,7.83,236.0,1006.0,0,804,Clouds,overcast clouds,04n
2025-07-23 02:46:04,Ca Mau,Ca Mau,25.18,25.18,25.18,92.0,26.16,10000.0,0.0,97.0,1.79,7.83,236.0,1006.0,0,804,Clouds,overcast clouds,04n
2025-07-23 02:49:51,Ca Mau,Ca Mau,25.18,25.18,25.18,92.0,26.16,10000.0,0.0,97.0,1.79,7.83,236.0,1006.0,0,804,Clouds,overcast clouds,04n
2025-07-23 02:53:37,Ca Mau,Ca Mau,25.17,25.17,25.17,92.0,26.14,10000.0,0.0,97.0,1.79,7.83,236.0,1006.0,0,804,Clouds,overcast clouds,04n
2025-07-23 02:57:23,Ca Mau,Ca Mau,25.17,25.17,25.17,92.0,26.14,10000.0,0.0,97.0,1.79,7.83,236.0,1006.0,0,804,Clouds,overcast clouds,04n
2025-07-23 03:01:09,Ca Mau,Ca Mau,25.17,25.17,25.17,92.0,26.14,10000.0,0.0,97.0,1.79,7.83,236.0,1006.0,0,804,Clouds,overcast clouds,04n
2025-07-23 03:04:55,Ca Mau,Ca Mau,25.21,25.21,25.21,92.0,26.19,10000.0,0.0,97.0,1.79,7.83,236.0,1006.0,0,804,Clouds,overcast clouds,04n
2025-07-23 03:08:41,Ca Mau,Ca Mau,25.21,25.21,25.21,92.0,26.19,10000.0,0.0,97.0,1.79,7.83,236.0,1006.0,0,804,Clouds,overcast clouds,04n
2025-07-23 03:12:27,Ca Mau,Ca Mau,25.21,25.21,25.21,92.0,26.19,10000.0,0.0,97.0,1.79,7.83,236.0,1006.0,0,804,Clouds,overcast clouds,04n
2025-07-23 03:16:13,Ca Mau,Ca Mau,25.21,25.21,25.21,92.0,26.19,10000.0,0.0,97.0,1.79,7.83,236.0,1006.0,0,804,Clouds,overcast clouds,04n
2025-07-23 03:20:00,Ca Mau,Ca Mau,25.21,25.21,25.21,92.0,26.19,10000.0,0.0,97.0,1.79,7.83,236.0,1006.0,0,804,Clouds,overcast clouds,04n
2025-07-23 03:23:46,Ca Mau,Ca Mau,25.21,25.21,25.21,92.0,26.19,10000.0,0.0,97.0,1.79,7.83,236.0,1006.0,0,804,Clouds,overcast clouds,04n
2025-07-23 03:27:32,Ca Mau,Ca Mau,25.21,25.21,25.21,92.0,26.19,10000.0,0.0,97.0,1.79,7.83,236.0,1006.0,0,804,Clouds,overcast clouds,04n
2025-07-23 03:31:18,Ca Mau,Ca Mau,25.21,25.21,25.21,92.0,26.19,10000.0,0.0,97.0,1.79,7.83,236.0,1006.0,0,804,Clouds,overcast clouds,04n
2025-07-23 03:35:05,Ca Mau,Ca Mau,25.21,25.21,25.21,92.0,26.19,10000.0,0.0,97.0,1.79,7.83,236.0,1006.0,0,804,Clouds,overcast clouds,04n
2025-07-23 03:38:52,Ca Mau,Ca Mau,25.21,25.21,25.21,91.0,26.16,10000.0,0.0,94.0,1.59,7.64,236.0,1006.0,0,804,Clouds,overcast clouds,04n
2025-07-23 03:42:38,Ca Mau,Ca Mau,25.21,25.21,25.21,91.0,26.16,10000.0,0.0,94.0,1.59,7.64,236.0,1006.0,0,804,Clouds,overcast clouds,04n
2025-07-23 03:46:24,Ca Mau,Ca Mau,25.2,25.2,25.2,91.0,26.15,10000.0,0.0,94.0,1.59,7.64,236.0,1006.0,0,804,Clouds,overcast clouds,04n
2025-07-23 03:50:11,Ca Mau,Ca Mau,25.2,25.2,25.2,91.0,26.15,10000.0,0.0,94.0,1.59,7.64,236.0,1006.0,0,804,Clouds,overcast clouds,04n
2025-07-23 03:53:57,Ca Mau,Ca Mau,25.2,25.2,25.2,91.0,26.15,10000.0,0.0,94.0,1.59,7.64,236.0,1006.0,0,804,Clouds,overcast clouds,04n
2025-07-23 03:57:42,Ca Mau,Ca Mau,25.2,25.2,25.2,91.0,26.15,10000.0,0.0,94.0,1.59,7.64,236.0,1006.0,0,804,Clouds,overcast clouds,04n
2025-07-23 04:01:28,Ca Mau,Ca Mau,25.2,25.2,25.2,91.0,26.15,10000.0,0.0,94.0,1.59,7.64,236.0,1006.0,0,804,Clouds,overcast clouds,04n
2025-07-23 04:05:14,Ca Mau,Ca Mau,25.2,25.2,25.2,91.0,26.15,10000.0,0.0,94.0,1.59,7.64,236.0,1006.0,0,804,Clouds,overcast clouds,04n
2025-07-23 04:09:00,Ca Mau,Ca Mau,25.23,25.23,25.23,91.0,26.18,10000.0,0.0,94.0,1.59,7.64,236.0,1006.0,0,804,Clouds,overcast clouds,04n
2025-07-23 04:12:46,Ca Mau,Ca Mau,25.23,25.23,25.23,91.0,26.18,10000.0,0.0,94.0,1.59,7.64,236.0,1006.0,0,804,Clouds,overcast clouds,04n
2025-07-23 04:16:31,Ca Mau,Ca Mau,25.24,25.24,25.24,91.0,26.2,10000.0,0.0,94.0,1.59,7.64,236.0,1006.0,0,804,Clouds,overcast clouds,04n
2025-07-23 04:20:17,Ca Mau,Ca Mau,25.24,25.24,25.24,91.0,26.2,10000.0,0.0,94.0,1.59,7.64,236.0,1006.0,0,804,Clouds,overcast clouds,04n
2025-07-23 04:24:03,Ca Mau,Ca Mau,25.24,25.24,25.24,91.0,26.2,10000.0,0.0,94.0,1.59,7.64,236.0,1006.0,0,804,Clouds,overcast clouds,04n
2025-07-23 04:27:49,Ca Mau,Ca Mau,25.24,25.24,25.24,91.0,26.2,10000.0,0.0,94.0,1.59,7.64,236.0,1006.0,0,804,Clouds,overcast clouds,04n
2025-07-23 04:31:36,Ca Mau,Ca Mau,25.04,25.04,25.04,92.0,26.0,10000.0,0.0,79.0,1.48,6.96,221.0,1006.0,0,803,Clouds,broken clouds,04n
2025-07-23 04:35:22,Ca Mau,Ca Mau,25.04,25.04,25.04,92.0,26.0,10000.0,0.0,79.0,1.48,6.96,221.0,1006.0,0,803,Clouds,broken clouds,04n
2025-07-23 04:39:08,Ca Mau,Ca Mau,25.04,25.04,25.04,92.0,26.0,10000.0,0.0,79.0,1.48,6.96,221.0,1006.0,0,803,Clouds,broken clouds,04n
2025-07-23 04:42:54,Ca Mau,Ca Mau,25.04,25.04,25.04,92.0,26.0,10000.0,0.0,79.0,1.48,6.96,221.0,1006.0,0,803,Clouds,broken clouds,04n
2025-07-23 04:46:40,Ca Mau,Ca Mau,25.04,25.04,25.04,92.0,26.0,10000.0,0.0,79.0,1.48,6.96,221.0,1006.0,0,803,Clouds,broken clouds,04n
2025-07-23 04:50:26,Ca Mau,Ca Mau,25.04,25.04,25.04,92.0,26.0,10000.0,0.0,79.0,1.48,6.96,221.0,1006.0,0,803,Clouds,broken clouds,04n
2025-07-23 04:54:12,Ca Mau,Ca Mau,25.04,25.04,25.04,92.0,26.0,10000.0,0.0,79.0,1.48,6.96,221.0,1006.0,0,803,Clouds,broken clouds,04n
2025-07-23 04:57:58,Ca Mau,Ca Mau,25.04,25.04,25.04,92.0,26.0,10000.0,0.0,79.0,1.48,6.96,221.0,1006.0,0,803,Clouds,broken clouds,04n
2025-07-23 05:01:43,Ca Mau,Ca Mau,25.04,25.04,25.04,92.0,26.0,10000.0,0.0,79.0,1.48,6.96,221.0,1006.0,0,803,Clouds,broken clouds,04n
2025-07-23 05:05:32,Ca Mau,Ca Mau,25.08,25.08,25.08,92.0,26.05,10000.0,0.0,79.0,1.48,6.96,221.0,1006.0,0,803,Clouds,broken clouds,04n
2025-07-23 05:09:18,Ca Mau,Ca Mau,25.08,25.08,25.08,92.0,26.05,10000.0,0.0,79.0,1.48,6.96,221.0,1006.0,0,803,Clouds,broken clouds,04n
2025-07-23 05:13:04,Ca Mau,Ca Mau,25.08,25.08,25.08,92.0,26.05,10000.0,0.0,79.0,1.48,6.96,221.0,1006.0,0,803,Clouds,broken clouds,04n
2025-07-23 05:16:51,Ca Mau,Ca Mau,25.08,25.08,25.08,92.0,26.05,10000.0,0.0,79.0,1.48,6.96,221.0,1006.0,0,803,Clouds,broken clouds,04n
2025-07-23 05:20:36,Ca Mau,Ca Mau,25.08,25.08,25.08,92.0,26.05,10000.0,0.0,79.0,1.48,6.96,221.0,1006.0,0,803,Clouds,broken clouds,04n
2025-07-23 05:24:22,Ca Mau,Ca Mau,25.08,25.08,25.08,92.0,26.05,10000.0,0.0,79.0,1.48,6.96,221.0,1006.0,0,803,Clouds,broken clouds,04n
2025-07-23 05:28:08,Ca Mau,Ca Mau,25.08,25.08,25.08,92.0,26.05,10000.0,0.0,79.0,1.48,6.96,221.0,1006.0,0,803,Clouds,broken clouds,04n
2025-07-23 05:31:55,Ca Mau,Ca Mau,24.94,24.94,24.94,92.0,25.89,10000.0,0.0,83.0,1.1,5.61,216.0,1006.0,0,803,Clouds,broken clouds,04n
2025-07-23 05:35:41,Ca Mau,Ca Mau,24.94,24.94,24.94,92.0,25.89,10000.0,0.0,83.0,1.1,5.61,216.0,1006.0,0,803,Clouds,broken clouds,04n
2025-07-23 05:39:26,Ca Mau,Ca Mau,24.94,24.94,24.94,92.0,25.89,10000.0,0.0,83.0,1.1,5.61,216.0,1006.0,0,803,Clouds,broken clouds,04n
2025-07-23 05:43:12,Ca Mau,Ca Mau,24.94,24.94,24.94,92.0,25.89,10000.0,0.0,83.0,1.1,5.61,216.0,1006.0,0,803,Clouds,broken clouds,04n
2025-07-23 05:46:57,Ca Mau,Ca Mau,24.94,24.94,24.94,92.0,25.89,10000.0,0.0,83.0,1.1,5.61,216.0,1006.0,0,803,Clouds,broken clouds,04n
2025-07-23 05:50:43,Ca Mau,Ca Mau,24.91,24.91,24.91,92.0,25.86,10000.0,0.0,83.0,1.1,5.61,216.0,1006.0,1,803,Clouds,broken clouds,04d
2025-07-23 05:54:29,Ca Mau,Ca Mau,24.91,24.91,24.91,92.0,25.86,10000.0,0.0,83.0,1.1,5.61,216.0,1006.0,1,803,Clouds,broken clouds,04d
2025-07-23 05:58:15,Ca Mau,Ca Mau,24.91,24.91,24.91,92.0,25.86,10000.0,0.0,83.0,1.1,5.61,216.0,1006.0,1,803,Clouds,broken clouds,04d
2025-07-23 06:02:01,Ca Mau,Ca Mau,24.93,24.93,24.93,92.0,25.88,10000.0,0.0,83.0,1.1,5.61,216.0,1006.0,1,803,Clouds,broken clouds,04d
2025-07-23 06:05:47,Ca Mau,Ca Mau,24.93,24.93,24.93,92.0,25.88,10000.0,0.0,83.0,1.1,5.61,216.0,1006.0,1,803,Clouds,broken clouds,04d
2025-07-23 06:09:33,Ca Mau,Ca Mau,24.93,24.93,24.93,92.0,25.88,10000.0,0.0,83.0,1.1,5.61,216.0,1006.0,1,803,Clouds,broken clouds,04d
2025-07-23 06:13:19,Ca Mau,Ca Mau,24.93,24.93,24.93,92.0,25.88,10000.0,0.0,83.0,1.1,5.61,216.0,1006.0,1,803,Clouds,broken clouds,04d
2025-07-23 06:17:05,Ca Mau,Ca Mau,24.93,24.93,24.93,92.0,25.88,10000.0,0.0,83.0,1.1,5.61,216.0,1006.0,1,803,Clouds,broken clouds,04d
2025-07-23 06:20:51,Ca Mau,Ca Mau,24.96,24.96,24.96,92.0,25.91,10000.0,0.0,83.0,1.1,5.61,216.0,1006.0,1,803,Clouds,broken clouds,04d
2025-07-23 06:24:36,Ca Mau,Ca Mau,24.96,24.96,24.96,92.0,25.91,10000.0,0.0,83.0,1.1,5.61,216.0,1006.0,1,803,Clouds,broken clouds,04d
2025-07-23 06:28:22,Ca Mau,Ca Mau,24.96,24.96,24.96,92.0,25.91,10000.0,0.0,83.0,1.1,5.61,216.0,1006.0,1,803,Clouds,broken clouds,04d
2025-07-23 06:32:07,Ca Mau,Ca Mau,26.04,26.04,26.04,88.0,26.04,10000.0,0.0,86.0,1.23,7.13,194.0,1007.0,1,804,Clouds,overcast clouds,04d
2025-07-23 06:35:53,Ca Mau,Ca Mau,26.04,26.04,26.04,88.0,26.04,10000.0,0.0,86.0,1.23,7.13,194.0,1007.0,1,804,Clouds,overcast clouds,04d
2025-07-23 06:39:39,Ca Mau,Ca Mau,26.04,26.04,26.04,88.0,26.04,10000.0,0.0,86.0,1.23,7.13,194.0,1007.0,1,804,Clouds,overcast clouds,04d
2025-07-23 06:43:25,Ca Mau,Ca Mau,26.04,26.04,26.04,88.0,26.04,10000.0,0.0,80.0,2.03,8.09,212.0,1007.0,1,803,Clouds,broken clouds,04d
2025-07-23 06:47:11,Ca Mau,Ca Mau,26.04,26.04,26.04,88.0,26.04,10000.0,0.0,86.0,1.23,7.13,194.0,1007.0,1,804,Clouds,overcast clouds,04d
2025-07-23 06:50:57,Ca Mau,Ca Mau,26.04,26.04,26.04,88.0,26.04,10000.0,0.0,80.0,2.03,8.09,212.0,1007.0,1,803,Clouds,broken clouds,04d
2025-07-23 06:54:43,Ca Mau,Ca Mau,26.04,26.04,26.04,88.0,26.04,10000.0,0.0,80.0,2.03,8.09,212.0,1007.0,1,803,Clouds,broken clouds,04d
2025-07-23 06:58:29,Ca Mau,Ca Mau,26.04,26.04,26.04,88.0,26.04,10000.0,0.0,80.0,2.03,8.09,212.0,1007.0,1,803,Clouds,broken clouds,04d
2025-07-23 07:02:15,Ca Mau,Ca Mau,26.04,26.04,26.04,88.0,26.04,10000.0,0.0,80.0,2.03,8.09,212.0,1007.0,1,803,Clouds,broken clouds,04d
2025-07-23 07:06:01,Ca Mau,Ca Mau,26.04,26.04,26.04,88.0,26.04,10000.0,0.0,80.0,2.03,8.09,212.0,1007.0,1,803,Clouds,broken clouds,04d
2025-07-23 07:09:48,Ca Mau,Ca Mau,26.04,26.04,26.04,88.0,26.04,10000.0,0.0,80.0,2.03,8.09,212.0,1007.0,1,803,Clouds,broken clouds,04d
2025-07-23 07:13:33,Ca Mau,Ca Mau,26.04,26.04,26.04,88.0,26.04,10000.0,0.0,80.0,2.03,8.09,212.0,1007.0,1,803,Clouds,broken clouds,04d
2025-07-23 07:17:20,Ca Mau,Ca Mau,26.04,26.04,26.04,88.0,26.04,10000.0,0.0,80.0,2.03,8.09,212.0,1007.0,1,803,Clouds,broken clouds,04d
2025-07-23 07:21:06,Ca Mau,Ca Mau,26.04,26.04,26.04,88.0,26.04,10000.0,0.0,80.0,2.03,8.09,212.0,1007.0,1,803,Clouds,broken clouds,04d
2025-07-23 07:24:52,Ca Mau,Ca Mau,26.04,26.04,26.04,88.0,26.04,10000.0,0.0,80.0,2.03,8.09,212.0,1007.0,1,803,Clouds,broken clouds,04d
2025-07-23 07:28:38,Ca Mau,Ca Mau,26.04,26.04,26.04,88.0,26.04,10000.0,0.0,80.0,2.03,8.09,212.0,1007.0,1,803,Clouds,broken clouds,04d
2025-07-23 07:32:23,Ca Mau,Ca Mau,26.04,26.04,26.04,88.0,26.04,10000.0,0.0,80.0,2.03,8.09,212.0,1007.0,1,803,Clouds,broken clouds,04d
2025-07-23 07:36:09,Ca Mau,Ca Mau,29.02,29.02,29.02,73.0,33.35,10000.0,0.0,100.0,4.23,7.67,235.0,1007.0,1,804,Clouds,overcast clouds,04d
2025-07-23 07:39:55,Ca Mau,Ca Mau,29.02,29.02,29.02,73.0,33.35,10000.0,0.0,100.0,4.23,7.67,235.0,1007.0,1,804,Clouds,overcast clouds,04d
2025-07-23 07:43:40,Ca Mau,Ca Mau,29.02,29.02,29.02,73.0,33.35,10000.0,0.0,100.0,4.23,7.67,235.0,1007.0,1,804,Clouds,overcast clouds,04d
2025-07-23 07:47:26,Ca Mau,Ca Mau,29.02,29.02,29.02,73.0,33.35,10000.0,0.0,100.0,4.23,7.67,235.0,1007.0,1,804,Clouds,overcast clouds,04d
2025-07-23 07:51:11,Ca Mau,Ca Mau,29.09,29.09,29.09,73.0,33.51,10000.0,0.0,100.0,4.23,7.67,235.0,1007.0,1,804,Clouds,overcast clouds,04d
2025-07-23 07:54:57,Ca Mau,Ca Mau,29.09,29.09,29.09,73.0,33.51,10000.0,0.0,100.0,4.23,7.67,235.0,1007.0,1,804,Clouds,overcast clouds,04d
2025-07-23 07:58:42,Ca Mau,Ca Mau,29.09,29.09,29.09,73.0,33.51,10000.0,0.0,100.0,4.23,7.67,235.0,1007.0,1,804,Clouds,overcast clouds,04d
2025-07-23 08:02:28,Ca Mau,Ca Mau,29.09,29.09,29.09,73.0,33.51,10000.0,0.0,100.0,4.23,7.67,235.0,1007.0,1,804,Clouds,overcast clouds,04d
2025-07-23 08:06:14,Ca Mau,Ca Mau,29.07,29.07,29.07,74.0,33.66,10000.0,0.0,100.0,4.23,7.67,235.0,1007.0,1,804,Clouds,overcast clouds,04d
2025-07-23 08:10:00,Ca Mau,Ca Mau,29.07,29.07,29.07,74.0,33.66,10000.0,0.0,100.0,4.23,7.67,235.0,1007.0,1,804,Clouds,overcast clouds,04d
2025-07-23 08:13:46,Ca Mau,Ca Mau,29.07,29.07,29.07,74.0,33.66,10000.0,0.0,100.0,4.23,7.67,235.0,1007.0,1,804,Clouds,overcast clouds,04d
2025-07-23 08:17:32,Ca Mau,Ca Mau,29.07,29.07,29.07,74.0,33.66,10000.0,0.0,100.0,4.23,7.67,235.0,1007.0,1,804,Clouds,overcast clouds,04d
2025-07-23 08:21:18,Ca Mau,Ca Mau,29.07,29.07,29.07,74.0,33.66,10000.0,0.0,100.0,4.23,7.67,235.0,1007.0,1,804,Clouds,overcast clouds,04d
2025-07-23 08:25:04,Ca Mau,Ca Mau,29.07,29.07,29.07,74.0,33.66,10000.0,0.0,100.0,4.23,7.67,235.0,1007.0,1,804,Clouds,overcast clouds,04d
2025-07-23 08:28:50,Ca Mau,Ca Mau,29.07,29.07,29.07,74.0,33.66,10000.0,0.0,100.0,4.23,7.67,235.0,1007.0,1,804,Clouds,overcast clouds,04d
2025-07-23 08:32:36,Ca Mau,Ca Mau,29.07,29.07,29.07,74.0,33.66,10000.0,0.0,100.0,4.23,7.67,235.0,1007.0,1,804,Clouds,overcast clouds,04d
2025-07-23 08:36:22,Ca Mau,Ca Mau,30.36,30.36,30.36,65.0,34.67,10000.0,0.0,97.0,5.56,8.23,253.0,1007.0,1,804,Clouds,overcast clouds,04d
2025-07-23 08:40:09,Ca Mau,Ca Mau,30.36,30.36,30.36,65.0,34.67,10000.0,0.0,97.0,5.56,8.23,253.0,1007.0,1,804,Clouds,overcast clouds,04d
2025-07-23 08:43:56,Ca Mau,Ca Mau,30.36,30.36,30.36,65.0,34.67,10000.0,0.0,97.0,5.56,8.23,253.0,1007.0,1,804,Clouds,overcast clouds,04d
2025-07-23 08:47:42,Ca Mau,Ca Mau,30.43,30.43,30.43,65.0,34.83,10000.0,0.0,97.0,5.56,8.23,253.0,1007.0,1,804,Clouds,overcast clouds,04d
2025-07-23 08:51:29,Ca Mau,Ca Mau,30.43,30.43,30.43,65.0,34.83,10000.0,0.0,97.0,5.56,8.23,253.0,1007.0,1,804,Clouds,overcast clouds,04d
2025-07-23 08:55:14,Ca Mau,Ca Mau,30.43,30.43,30.43,65.0,34.83,10000.0,0.0,97.0,5.56,8.23,253.0,1007.0,1,804,Clouds,overcast clouds,04d
2025-07-23 08:59:00,Ca Mau,Ca Mau,30.43,30.43,30.43,65.0,34.83,10000.0,0.0,97.0,5.56,8.23,253.0,1007.0,1,804,Clouds,overcast clouds,04d
2025-07-23 09:02:46,Ca Mau,Ca Mau,30.41,30.41,30.41,65.0,34.79,10000.0,0.0,97.0,5.56,8.23,253.0,1007.0,1,804,Clouds,overcast clouds,04d
2025-07-23 09:06:32,Ca Mau,Ca Mau,30.41,30.41,30.41,65.0,34.79,10000.0,0.0,97.0,5.56,8.23,253.0,1007.0,1,804,Clouds,overcast clouds,04d
2025-07-23 09:10:17,Ca Mau,Ca Mau,30.41,30.41,30.41,65.0,34.79,10000.0,0.0,97.0,5.56,8.23,253.0,1007.0,1,804,Clouds,overcast clouds,04d
2025-07-23 09:14:04,Ca Mau,Ca Mau,30.41,30.41,30.41,65.0,34.79,10000.0,0.0,97.0,5.56,8.23,253.0,1007.0,1,804,Clouds,overcast clouds,04d
2025-07-23 09:17:50,Ca Mau,Ca Mau,30.41,30.41,30.41,65.0,34.79,10000.0,0.0,97.0,5.56,8.23,253.0,1007.0,1,804,Clouds,overcast clouds,04d
2025-07-23 09:21:36,Ca Mau,Ca Mau,30.41,30.41,30.41,65.0,34.79,10000.0,0.0,97.0,5.56,8.23,253.0,1007.0,1,804,Clouds,overcast clouds,04d
2025-07-23 09:25:21,Ca Mau,Ca Mau,30.41,30.41,30.41,65.0,34.79,10000.0,0.0,97.0,5.56,8.23,253.0,1007.0,1,804,Clouds,overcast clouds,04d
2025-07-23 09:29:07,Ca Mau,Ca Mau,30.41,30.41,30.41,65.0,34.79,10000.0,0.0,97.0,5.56,8.23,253.0,1007.0,1,804,Clouds,overcast clouds,04d
2025-07-23 09:32:53,Ca Mau,Ca Mau,31.6,31.6,31.6,59.0,35.88,10000.0,0.0,72.0,5.89,8.75,258.0,1007.0,1,803,Clouds,broken clouds,04d
2025-07-23 09:36:39,Ca Mau,Ca Mau,31.6,31.6,31.6,59.0,35.88,10000.0,0.0,72.0,5.89,8.75,258.0,1007.0,1,803,Clouds,broken clouds,04d
2025-07-23 09:40:25,Ca Mau,Ca Mau,31.6,31.6,31.6,59.0,35.88,10000.0,0.0,72.0,5.89,8.75,258.0,1007.0,1,803,Clouds,broken clouds,04d
2025-07-23 09:44:10,Ca Mau,Ca Mau,31.6,31.6,31.6,59.0,35.88,10000.0,0.0,72.0,5.89,8.75,258.0,1007.0,1,803,Clouds,broken clouds,04d
2025-07-23 09:47:56,Ca Mau,Ca Mau,31.66,31.66,31.66,59.0,36.01,10000.0,0.0,72.0,5.89,8.75,258.0,1007.0,1,803,Clouds,broken clouds,04d
2025-07-23 09:51:42,Ca Mau,Ca Mau,31.66,31.66,31.66,59.0,36.01,10000.0,0.0,72.0,5.89,8.75,258.0,1007.0,1,803,Clouds,broken clouds,04d
2025-07-23 09:55:27,Ca Mau,Ca Mau,31.66,31.66,31.66,59.0,36.01,10000.0,0.0,72.0,5.89,8.75,258.0,1007.0,1,803,Clouds,broken clouds,04d
2025-07-23 09:59:13,Ca Mau,Ca Mau,31.66,31.66,31.66,59.0,36.01,10000.0,0.0,72.0,5.89,8.75,258.0,1007.0,1,803,Clouds,broken clouds,04d
2025-07-23 10:02:59,Ca Mau,Ca Mau,31.66,31.66,31.66,59.0,36.01,10000.0,0.0,72.0,5.89,8.75,258.0,1007.0,1,803,Clouds,broken clouds,04d
2025-07-23 10:06:44,Ca Mau,Ca Mau,31.65,31.65,31.65,60.0,36.27,10000.0,0.0,72.0,5.89,8.75,258.0,1007.0,1,803,Clouds,broken clouds,04d
2025-07-23 10:10:30,Ca Mau,Ca Mau,31.65,31.65,31.65,60.0,36.27,10000.0,0.0,72.0,5.89,8.75,258.0,1007.0,1,803,Clouds,broken clouds,04d
2025-07-23 10:14:16,Ca Mau,Ca Mau,31.65,31.65,31.65,60.0,36.27,10000.0,0.0,72.0,5.89,8.75,258.0,1007.0,1,803,Clouds,broken clouds,04d
2025-07-23 10:18:02,Ca Mau,Ca Mau,31.65,31.65,31.65,60.0,36.27,10000.0,0.0,72.0,5.89,8.75,258.0,1007.0,1,803,Clouds,broken clouds,04d
2025-07-23 10:21:51,Ca Mau,Ca Mau,31.66,31.66,31.66,60.0,36.29,10000.0,0.0,72.0,5.89,8.75,258.0,1007.0,1,803,Clouds,broken clouds,04d
2025-07-23 10:25:45,Ca Mau,Ca Mau,31.66,31.66,31.66,60.0,36.29,10000.0,0.0,72.0,5.89,8.75,258.0,1007.0,1,803,Clouds,broken clouds,04d
2025-07-23 10:29:38,Ca Mau,Ca Mau,31.66,31.66,31.66,60.0,36.29,10000.0,0.0,72.0,5.89,8.75,258.0,1007.0,1,803,Clouds,broken clouds,04d
2025-07-23 10:33:28,Ca Mau,Ca Mau,31.66,31.66,31.66,60.0,36.29,10000.0,0.0,72.0,5.89,8.75,258.0,1007.0,1,803,Clouds,broken clouds,04d
2025-07-23 10:37:19,Ca Mau,Ca Mau,32.57,32.57,32.57,56.0,37.16,10000.0,0.0,64.0,5.9,8.6,259.0,1007.0,1,803,Clouds,broken clouds,04d
2025-07-23 10:41:10,Ca Mau,Ca Mau,32.57,32.57,32.57,56.0,37.16,10000.0,0.0,64.0,5.9,8.6,259.0,1007.0,1,803,Clouds,broken clouds,04d
2025-07-23 10:45:01,Ca Mau,Ca Mau,32.57,32.57,32.57,56.0,37.16,10000.0,0.0,64.0,5.9,8.6,259.0,1007.0,1,803,Clouds,broken clouds,04d
2025-07-23 10:48:53,Ca Mau,Ca Mau,32.57,32.57,32.57,56.0,37.16,10000.0,0.0,64.0,5.9,8.6,259.0,1007.0,1,803,Clouds,broken clouds,04d
2025-07-23 10:52:43,Ca Mau,Ca Mau,32.62,32.62,32.62,55.0,36.96,10000.0,0.0,64.0,5.9,8.6,259.0,1007.0,1,803,Clouds,broken clouds,04d
2025-07-23 10:56:34,Ca Mau,Ca Mau,32.62,32.62,32.62,55.0,36.96,10000.0,0.0,64.0,5.9,8.6,259.0,1007.0,1,803,Clouds,broken clouds,04d
2025-07-23 11:00:25,Ca Mau,Ca Mau,32.62,32.62,32.62,55.0,36.96,10000.0,0.0,64.0,5.9,8.6,259.0,1007.0,1,803,Clouds,broken clouds,04d
2025-07-23 11:04:15,Ca Mau,Ca Mau,32.61,32.61,32.61,56.0,37.25,10000.0,0.0,64.0,5.9,8.6,259.0,1007.0,1,803,Clouds,broken clouds,04d
2025-07-23 11:08:06,Ca Mau,Ca Mau,32.61,32.61,32.61,56.0,37.25,10000.0,0.0,64.0,5.9,8.6,259.0,1007.0,1,803,Clouds,broken clouds,04d
2025-07-23 11:11:56,Ca Mau,Ca Mau,32.61,32.61,32.61,56.0,37.25,10000.0,0.0,64.0,5.9,8.6,259.0,1007.0,1,803,Clouds,broken clouds,04d
2025-07-23 11:15:46,Ca Mau,Ca Mau,32.61,32.61,32.61,56.0,37.25,10000.0,0.0,64.0,5.9,8.6,259.0,1007.0,1,803,Clouds,broken clouds,04d
2025-07-23 11:19:36,Ca Mau,Ca Mau,32.61,32.61,32.61,56.0,37.25,10000.0,0.0,64.0,5.9,8.6,259.0,1007.0,1,803,Clouds,broken clouds,04d
2025-07-23 11:23:26,Ca Mau,Ca Mau,32.61,32.61,32.61,56.0,37.25,10000.0,0.0,64.0,5.9,8.6,259.0,1007.0,1,803,Clouds,broken clouds,04d
2025-07-23 11:27:15,Ca Mau,Ca Mau,32.66,32.66,32.66,56.0,37.36,10000.0,0.0,64.0,5.9,8.6,259.0,1007.0,1,803,Clouds,broken clouds,04d
2025-07-23 11:31:06,Ca Mau,Ca Mau,33.43,33.43,33.43,51.0,37.48,10000.0,0.0,51.0,6.15,9.04,261.0,1006.0,1,803,Clouds,broken clouds,04d
2025-07-23 11:34:56,Ca Mau,Ca Mau,32.66,32.66,32.66,56.0,37.36,10000.0,0.0,64.0,5.9,8.6,259.0,1007.0,1,803,Clouds,broken clouds,04d
2025-07-23 11:38:46,Ca Mau,Ca Mau,33.43,33.43,33.43,51.0,37.48,10000.0,0.0,51.0,6.15,9.04,261.0,1006.0,1,803,Clouds,broken clouds,04d
2025-07-23 11:42:36,Ca Mau,Ca Mau,33.43,33.43,33.43,51.0,37.48,10000.0,0.0,51.0,6.15,9.04,261.0,1006.0,1,803,Clouds,broken clouds,04d
2025-07-23 11:46:26,Ca Mau,Ca Mau,33.43,33.43,33.43,51.0,37.48,10000.0,0.0,51.0,6.15,9.04,261.0,1006.0,1,803,Clouds,broken clouds,04d
2025-07-23 11:50:17,Ca Mau,Ca Mau,33.44,33.44,33.44,51.0,37.51,10000.0,0.0,51.0,6.15,9.04,261.0,1006.0,1,803,Clouds,broken clouds,04d
2025-07-23 11:54:07,Ca Mau,Ca Mau,33.44,33.44,33.44,51.0,37.51,10000.0,0.0,51.0,6.15,9.04,261.0,1006.0,1,803,Clouds,broken clouds,04d
2025-07-23 11:57:57,Ca Mau,Ca Mau,33.44,33.44,33.44,51.0,37.51,10000.0,0.0,51.0,6.15,9.04,261.0,1006.0,1,803,Clouds,broken clouds,04d
2025-07-23 12:01:47,Ca Mau,Ca Mau,33.42,33.42,33.42,51.0,37.46,10000.0,0.0,51.0,6.15,9.04,261.0,1006.0,1,803,Clouds,broken clouds,04d
2025-07-23 12:05:36,Ca Mau,Ca Mau,33.42,33.42,33.42,51.0,37.46,10000.0,0.0,51.0,6.15,9.04,261.0,1006.0,1,803,Clouds,broken clouds,04d
2025-07-23 12:09:26,Ca Mau,Ca Mau,33.42,33.42,33.42,51.0,37.46,10000.0,0.0,51.0,6.15,9.04,261.0,1006.0,1,803,Clouds,broken clouds,04d
2025-07-23 12:13:18,Ca Mau,Ca Mau,33.42,33.42,33.42,51.0,37.46,10000.0,0.0,51.0,6.15,9.04,261.0,1006.0,1,803,Clouds,broken clouds,04d
2025-07-23 12:17:08,Ca Mau,Ca Mau,33.42,33.42,33.42,51.0,37.46,10000.0,0.0,51.0,6.15,9.04,261.0,1006.0,1,803,Clouds,broken clouds,04d
2025-07-23 12:20:59,Ca Mau,Ca Mau,33.42,33.42,33.42,51.0,37.46,10000.0,0.0,51.0,6.15,9.04,261.0,1006.0,1,803,Clouds,broken clouds,04d
2025-07-23 12:24:49,Ca Mau,Ca Mau,33.42,33.42,33.42,51.0,37.46,10000.0,0.0,51.0,6.15,9.04,261.0,1006.0,1,803,Clouds,broken clouds,04d
2025-07-23 12:28:39,Ca Mau,Ca Mau,33.42,33.42,33.42,51.0,37.46,10000.0,0.0,51.0,6.15,9.04,261.0,1006.0,1,803,Clouds,broken clouds,04d
2025-07-23 12:32:30,Ca Mau,Ca Mau,33.76,33.76,33.76,49.0,37.55,10000.0,0.0,44.0,6.05,9.8,259.0,1005.0,1,802,Clouds,scattered clouds,03d
2025-07-23 12:36:20,Ca Mau,Ca Mau,33.76,33.76,33.76,49.0,37.55,10000.0,0.0,44.0,6.05,9.8,259.0,1005.0,1,802,Clouds,scattered clouds,03d
2025-07-23 12:40:10,Ca Mau,Ca Mau,33.76,33.76,33.76,49.0,37.55,10000.0,0.0,44.0,6.05,9.8,259.0,1005.0,1,802,Clouds,scattered clouds,03d
2025-07-23 12:44:00,Ca Mau,Ca Mau,33.76,33.76,33.76,49.0,37.55,10000.0,0.0,44.0,6.05,9.8,259.0,1005.0,1,802,Clouds,scattered clouds,03d
2025-07-23 12:47:51,Ca Mau,Ca Mau,33.76,33.76,33.76,49.0,37.55,10000.0,0.0,44.0,6.05,9.8,259.0,1005.0,1,802,Clouds,scattered clouds,03d
2025-07-23 12:51:41,Ca Mau,Ca Mau,33.76,33.76,33.76,49.0,37.55,10000.0,0.0,39.0,5.97,9.23,256.0,1005.0,1,802,Clouds,scattered clouds,03d
2025-07-23 12:55:31,Ca Mau,Ca Mau,33.76,33.76,33.76,49.0,37.55,10000.0,0.0,39.0,5.97,9.23,256.0,1005.0,1,802,Clouds,scattered clouds,03d
2025-07-23 12:59:21,Ca Mau,Ca Mau,33.76,33.76,33.76,49.0,37.55,10000.0,0.0,39.0,5.97,9.23,256.0,1005.0,1,802,Clouds,scattered clouds,03d
2025-07-23 13:03:11,Ca Mau,Ca Mau,33.76,33.76,33.76,49.0,37.55,10000.0,0.0,39.0,5.97,9.23,256.0,1005.0,1,802,Clouds,scattered clouds,03d
2025-07-23 13:07:01,Ca Mau,Ca Mau,33.76,33.76,33.76,49.0,37.55,10000.0,0.0,39.0,5.97,9.23,256.0,1005.0,1,802,Clouds,scattered clouds,03d
2025-07-23 13:10:52,Ca Mau,Ca Mau,33.76,33.76,33.76,49.0,37.55,10000.0,0.0,39.0,5.97,9.23,256.0,1005.0,1,802,Clouds,scattered clouds,03d
2025-07-23 13:14:42,Ca Mau,Ca Mau,33.76,33.76,33.76,49.0,37.55,10000.0,0.0,39.0,5.97,9.23,256.0,1005.0,1,802,Clouds,scattered clouds,03d
2025-07-23 13:18:32,Ca Mau,Ca Mau,33.76,33.76,33.76,49.0,37.55,10000.0,0.0,39.0,5.97,9.23,256.0,1005.0,1,802,Clouds,scattered clouds,03d
2025-07-23 13:22:22,Ca Mau,Ca Mau,33.76,33.76,33.76,49.0,37.55,10000.0,0.0,39.0,5.97,9.23,256.0,1005.0,1,802,Clouds,scattered clouds,03d
2025-07-23 13:26:12,Ca Mau,Ca Mau,33.76,33.76,33.76,49.0,37.55,10000.0,0.0,39.0,5.97,9.23,256.0,1005.0,1,802,Clouds,scattered clouds,03d
2025-07-23 13:30:03,Ca Mau,Ca Mau,33.54,33.54,33.54,49.0,37.09,10000.0,0.0,16.0,5.84,9.23,258.0,1004.0,1,801,Clouds,few clouds,02d
2025-07-23 13:33:55,Ca Mau,Ca Mau,33.76,33.76,33.76,49.0,37.55,10000.0,0.0,39.0,5.97,9.23,256.0,1005.0,1,802,Clouds,scattered clouds,03d
2025-07-23 13:37:48,Ca Mau,Ca Mau,33.83,33.83,33.83,49.0,37.7,10000.0,0.0,16.0,5.84,9.23,258.0,1004.0,1,801,Clouds,few clouds,02d
2025-07-23 13:41:39,Ca Mau,Ca Mau,33.83,33.83,33.83,49.0,37.7,10000.0,0.0,16.0,5.84,9.23,258.0,1004.0,1,801,Clouds,few clouds,02d
2025-07-23 13:45:32,Ca Mau,Ca Mau,33.83,33.83,33.83,49.0,37.7,10000.0,0.0,16.0,5.84,9.23,258.0,1004.0,1,801,Clouds,few clouds,02d
2025-07-23 13:49:24,Ca Mau,Ca Mau,33.83,33.83,33.83,49.0,37.7,10000.0,0.0,16.0,5.84,9.23,258.0,1004.0,1,801,Clouds,few clouds,02d
2025-07-23 13:53:14,Ca Mau,Ca Mau,33.77,33.77,33.77,49.0,37.57,10000.0,0.0,16.0,5.84,9.23,258.0,1004.0,1,801,Clouds,few clouds,02d
2025-07-23 13:57:05,Ca Mau,Ca Mau,33.77,33.77,33.77,49.0,37.57,10000.0,0.0,16.0,5.84,9.23,258.0,1004.0,1,801,Clouds,few clouds,02d
2025-07-23 14:00:55,Ca Mau,Ca Mau,33.77,33.77,33.77,49.0,37.57,10000.0,0.0,16.0,5.84,9.23,258.0,1004.0,1,801,Clouds,few clouds,02d
2025-07-23 14:04:45,Ca Mau,Ca Mau,33.73,33.73,33.73,49.0,37.49,10000.0,0.0,16.0,5.84,9.23,258.0,1004.0,1,801,Clouds,few clouds,02d
2025-07-23 14:08:35,Ca Mau,Ca Mau,33.73,33.73,33.73,49.0,37.49,10000.0,0.0,16.0,5.84,9.23,258.0,1004.0,1,801,Clouds,few clouds,02d
2025-07-23 14:12:26,Ca Mau,Ca Mau,33.73,33.73,33.73,49.0,37.49,10000.0,0.0,16.0,5.84,9.23,258.0,1004.0,1,801,Clouds,few clouds,02d
2025-07-23 14:16:16,Ca Mau,Ca Mau,33.73,33.73,33.73,49.0,37.49,10000.0,0.0,16.0,5.84,9.23,258.0,1004.0,1,801,Clouds,few clouds,02d
2025-07-23 14:20:06,Ca Mau,Ca Mau,33.72,33.72,33.72,49.0,37.47,10000.0,0.0,16.0,5.84,9.23,258.0,1004.0,1,801,Clouds,few clouds,02d
2025-07-23 14:23:56,Ca Mau,Ca Mau,33.72,33.72,33.72,49.0,37.47,10000.0,0.0,16.0,5.84,9.23,258.0,1004.0,1,801,Clouds,few clouds,02d
2025-07-23 14:27:47,Ca Mau,Ca Mau,33.72,33.72,33.72,49.0,37.47,10000.0,0.0,16.0,5.84,9.23,258.0,1004.0,1,801,Clouds,few clouds,02d
2025-07-23 14:31:37,Ca Mau,Ca Mau,33.72,33.72,33.72,49.0,37.47,10000.0,0.0,16.0,5.84,9.23,258.0,1004.0,1,801,Clouds,few clouds,02d
2025-07-23 14:35:27,Ca Mau,Ca Mau,33.72,33.72,33.72,49.0,37.47,10000.0,0.0,16.0,5.84,9.23,258.0,1004.0,1,801,Clouds,few clouds,02d
2025-07-23 14:39:17,Ca Mau,Ca Mau,33.04,33.04,33.04,52.0,36.96,10000.0,0.0,48.0,5.92,9.54,259.0,1004.0,1,802,Clouds,scattered clouds,03d
2025-07-23 14:43:08,Ca Mau,Ca Mau,33.04,33.04,33.04,52.0,36.96,10000.0,0.0,48.0,5.92,9.54,259.0,1004.0,1,802,Clouds,scattered clouds,03d
2025-07-23 14:46:58,Ca Mau,Ca Mau,33.09,33.09,33.09,52.0,37.07,10000.0,0.0,48.0,5.92,9.54,259.0,1004.0,1,802,Clouds,scattered clouds,03d
2025-07-23 14:50:48,Ca Mau,Ca Mau,33.09,33.09,33.09,52.0,37.07,10000.0,0.0,48.0,5.92,9.54,259.0,1004.0,1,802,Clouds,scattered clouds,03d
2025-07-23 14:54:38,Ca Mau,Ca Mau,33.09,33.09,33.09,52.0,37.07,10000.0,0.0,48.0,5.92,9.54,259.0,1004.0,1,802,Clouds,scattered clouds,03d
2025-07-23 14:58:29,Ca Mau,Ca Mau,33.09,33.09,33.09,52.0,37.07,10000.0,0.0,48.0,5.92,9.54,259.0,1004.0,1,802,Clouds,scattered clouds,03d
2025-07-23 15:02:19,Ca Mau,Ca Mau,33.07,33.07,33.07,53.0,37.33,10000.0,0.0,48.0,5.92,9.54,259.0,1004.0,1,802,Clouds,scattered clouds,03d
2025-07-23 15:06:10,Ca Mau,Ca Mau,33.07,33.07,33.07,53.0,37.33,10000.0,0.0,48.0,5.92,9.54,259.0,1004.0,1,802,Clouds,scattered clouds,03d
2025-07-23 15:10:00,Ca Mau,Ca Mau,33.07,33.07,33.07,53.0,37.33,10000.0,0.0,48.0,5.92,9.54,259.0,1004.0,1,802,Clouds,scattered clouds,03d
2025-07-23 15:13:51,Ca Mau,Ca Mau,33.07,33.07,33.07,53.0,37.33,10000.0,0.0,48.0,5.92,9.54,259.0,1004.0,1,802,Clouds,scattered clouds,03d
2025-07-23 15:17:41,Ca Mau,Ca Mau,33.08,33.08,33.08,53.0,37.36,10000.0,0.0,48.0,5.92,9.54,259.0,1004.0,1,802,Clouds,scattered clouds,03d
2025-07-23 15:21:31,Ca Mau,Ca Mau,33.08,33.08,33.08,53.0,37.36,10000.0,0.0,48.0,5.92,9.54,259.0,1004.0,1,802,Clouds,scattered clouds,03d
2025-07-23 15:25:21,Ca Mau,Ca Mau,33.08,33.08,33.08,53.0,37.36,10000.0,0.0,48.0,5.92,9.54,259.0,1004.0,1,802,Clouds,scattered clouds,03d
2025-07-23 15:29:12,Ca Mau,Ca Mau,33.08,33.08,33.08,53.0,37.36,10000.0,0.0,48.0,5.92,9.54,259.0,1004.0,1,802,Clouds,scattered clouds,03d
2025-07-23 15:33:03,Ca Mau,Ca Mau,33.08,33.08,33.08,53.0,37.36,10000.0,0.0,48.0,5.92,9.54,259.0,1004.0,1,802,Clouds,scattered clouds,03d
2025-07-23 15:36:54,Ca Mau,Ca Mau,32.03,32.03,32.03,57.0,36.26,10000.0,0.0,41.0,5.74,8.32,259.0,1004.0,1,802,Clouds,scattered clouds,03d
2025-07-23 15:40:44,Ca Mau,Ca Mau,32.03,32.03,32.03,57.0,36.26,10000.0,0.0,41.0,5.74,8.32,259.0,1004.0,1,802,Clouds,scattered clouds,03d
2025-07-23 15:44:34,Ca Mau,Ca Mau,32.03,32.03,32.03,57.0,36.26,10000.0,0.0,41.0,5.74,8.32,259.0,1004.0,1,802,Clouds,scattered clouds,03d
2025-07-23 15:48:24,Ca Mau,Ca Mau,32.03,32.03,32.03,57.0,36.26,10000.0,0.0,41.0,5.74,8.32,259.0,1004.0,1,802,Clouds,scattered clouds,03d
2025-07-23 15:52:14,Ca Mau,Ca Mau,32.04,32.04,32.04,57.0,36.28,10000.0,0.0,41.0,5.74,8.32,259.0,1004.0,1,802,Clouds,scattered clouds,03d
2025-07-23 15:56:05,Ca Mau,Ca Mau,32.04,32.04,32.04,57.0,36.28,10000.0,0.0,41.0,5.74,8.32,259.0,1004.0,1,802,Clouds,scattered clouds,03d
2025-07-23 15:59:56,Ca Mau,Ca Mau,32.04,32.04,32.04,57.0,36.28,10000.0,0.0,41.0,5.74,8.32,259.0,1004.0,1,802,Clouds,scattered clouds,03d
2025-07-23 16:03:46,Ca Mau,Ca Mau,32.04,32.04,32.04,57.0,36.28,10000.0,0.0,41.0,5.74,8.32,259.0,1004.0,1,802,Clouds,scattered clouds,03d
2025-07-23 16:07:37,Ca Mau,Ca Mau,32.04,32.04,32.04,57.0,36.28,10000.0,0.0,41.0,5.74,8.32,259.0,1004.0,1,802,Clouds,scattered clouds,03d
2025-07-23 16:11:27,Ca Mau,Ca Mau,32.04,32.04,32.04,57.0,36.28,10000.0,0.0,41.0,5.74,8.32,259.0,1004.0,1,802,Clouds,scattered clouds,03d
2025-07-23 16:15:19,Ca Mau,Ca Mau,32.04,32.04,32.04,57.0,36.28,10000.0,0.0,41.0,5.74,8.32,259.0,1004.0,1,802,Clouds,scattered clouds,03d
2025-07-23 16:19:10,Ca Mau,Ca Mau,32.04,32.04,32.04,57.0,36.28,10000.0,0.0,41.0,5.74,8.32,259.0,1004.0,1,802,Clouds,scattered clouds,03d
2025-07-23 16:23:02,Ca Mau,Ca Mau,32.04,32.04,32.04,57.0,36.28,10000.0,0.0,41.0,5.74,8.32,259.0,1004.0,1,802,Clouds,scattered clouds,03d
2025-07-23 16:26:58,Ca Mau,Ca Mau,32.04,32.04,32.04,57.0,36.28,10000.0,0.0,41.0,5.74,8.32,259.0,1004.0,1,802,Clouds,scattered clouds,03d
2025-07-23 16:30:50,Ca Mau,Ca Mau,32.04,32.04,32.04,57.0,36.28,10000.0,0.0,41.0,5.74,8.32,259.0,1004.0,1,802,Clouds,scattered clouds,03d
2025-07-23 16:34:41,Ca Mau,Ca Mau,30.73,30.73,30.73,62.0,34.76,10000.0,0.0,39.0,5.29,7.43,256.0,1004.0,1,802,Clouds,scattered clouds,03d
2025-07-23 16:38:32,Ca Mau,Ca Mau,30.73,30.73,30.73,62.0,34.76,10000.0,0.0,39.0,5.29,7.43,256.0,1004.0,1,802,Clouds,scattered clouds,03d
2025-07-23 16:42:23,Ca Mau,Ca Mau,30.73,30.73,30.73,62.0,34.76,10000.0,0.0,39.0,5.29,7.43,256.0,1004.0,1,802,Clouds,scattered clouds,03d
2025-07-23 16:46:14,Ca Mau,Ca Mau,30.72,30.72,30.72,62.0,34.74,10000.0,0.0,39.0,5.29,7.43,256.0,1004.0,1,802,Clouds,scattered clouds,03d
2025-07-23 16:50:06,Ca Mau,Ca Mau,30.73,30.73,30.73,62.0,34.76,10000.0,0.0,39.0,5.29,7.43,256.0,1004.0,1,802,Clouds,scattered clouds,03d
2025-07-23 16:53:58,Ca Mau,Ca Mau,30.72,30.72,30.72,62.0,34.74,10000.0,0.0,39.0,5.29,7.43,256.0,1004.0,1,802,Clouds,scattered clouds,03d
2025-07-23 16:57:51,Ca Mau,Ca Mau,30.72,30.72,30.72,62.0,34.74,10000.0,0.0,39.0,5.29,7.43,256.0,1004.0,1,802,Clouds,scattered clouds,03d
2025-07-23 17:01:42,Ca Mau,Ca Mau,30.72,30.72,30.72,62.0,34.74,10000.0,0.0,39.0,5.29,7.43,256.0,1004.0,1,802,Clouds,scattered clouds,03d
2025-07-23 17:05:34,Ca Mau,Ca Mau,30.72,30.72,30.72,62.0,34.74,10000.0,0.0,39.0,5.29,7.43,256.0,1004.0,1,802,Clouds,scattered clouds,03d
2025-07-23 17:09:25,Ca Mau,Ca Mau,30.75,30.75,30.75,62.0,34.8,10000.0,0.0,39.0,5.29,7.43,256.0,1004.0,1,802,Clouds,scattered clouds,03d
2025-07-23 17:13:16,Ca Mau,Ca Mau,30.75,30.75,30.75,62.0,34.8,10000.0,0.0,39.0,5.29,7.43,256.0,1004.0,1,802,Clouds,scattered clouds,03d
2025-07-23 17:17:08,Ca Mau,Ca Mau,30.75,30.75,30.75,62.0,34.8,10000.0,0.0,39.0,5.29,7.43,256.0,1004.0,1,802,Clouds,scattered clouds,03d
2025-07-23 17:20:59,Ca Mau,Ca Mau,30.75,30.75,30.75,62.0,34.8,10000.0,0.0,39.0,5.29,7.43,256.0,1004.0,1,802,Clouds,scattered clouds,03d
2025-07-23 17:24:51,Ca Mau,Ca Mau,30.75,30.75,30.75,62.0,34.8,10000.0,0.0,39.0,5.29,7.43,256.0,1004.0,1,802,Clouds,scattered clouds,03d
2025-07-23 17:28:41,Ca Mau,Ca Mau,30.75,30.75,30.75,62.0,34.8,10000.0,0.0,39.0,5.29,7.43,256.0,1004.0,1,802,Clouds,scattered clouds,03d
2025-07-23 17:32:32,Ca Mau,Ca Mau,30.75,30.75,30.75,62.0,34.8,10000.0,0.0,39.0,5.29,7.43,256.0,1004.0,1,802,Clouds,scattered clouds,03d
2025-07-23 17:36:23,Ca Mau,Ca Mau,29.26,29.26,29.26,72.0,33.71,10000.0,0.0,41.0,3.81,6.92,254.0,1005.0,1,802,Clouds,scattered clouds,03d
2025-07-23 17:40:14,Ca Mau,Ca Mau,29.26,29.26,29.26,72.0,33.71,10000.0,0.0,41.0,3.81,6.92,254.0,1005.0,1,802,Clouds,scattered clouds,03d
2025-07-23 17:44:06,Ca Mau,Ca Mau,29.26,29.26,29.26,72.0,33.71,10000.0,0.0,41.0,3.81,6.92,254.0,1005.0,1,802,Clouds,scattered clouds,03d
2025-07-23 17:47:56,Ca Mau,Ca Mau,29.26,29.26,29.26,72.0,33.71,10000.0,0.0,41.0,3.81,6.92,254.0,1005.0,1,802,Clouds,scattered clouds,03d
2025-07-23 17:51:47,Ca Mau,Ca Mau,29.24,29.24,29.24,72.0,33.66,10000.0,0.0,41.0,3.81,6.92,254.0,1005.0,1,802,Clouds,scattered clouds,03d
2025-07-23 17:55:37,Ca Mau,Ca Mau,29.24,29.24,29.24,72.0,33.66,10000.0,0.0,41.0,3.81,6.92,254.0,1005.0,1,802,Clouds,scattered clouds,03d
2025-07-23 17:59:28,Ca Mau,Ca Mau,29.24,29.24,29.24,72.0,33.66,10000.0,0.0,41.0,3.81,6.92,254.0,1005.0,1,802,Clouds,scattered clouds,03d
2025-07-23 18:03:20,Ca Mau,Ca Mau,29.29,29.29,29.29,72.0,33.78,10000.0,0.0,41.0,3.81,6.92,254.0,1005.0,1,802,Clouds,scattered clouds,03d
2025-07-23 18:07:12,Ca Mau,Ca Mau,29.29,29.29,29.29,72.0,33.78,10000.0,0.0,41.0,3.81,6.92,254.0,1005.0,1,802,Clouds,scattered clouds,03d
2025-07-23 18:11:07,Ca Mau,Ca Mau,29.29,29.29,29.29,72.0,33.78,10000.0,0.0,41.0,3.81,6.92,254.0,1005.0,1,802,Clouds,scattered clouds,03d
2025-07-23 18:15:01,Ca Mau,Ca Mau,29.29,29.29,29.29,72.0,33.78,10000.0,0.0,41.0,3.81,6.92,254.0,1005.0,1,802,Clouds,scattered clouds,03d
2025-07-23 18:18:54,Ca Mau,Ca Mau,29.29,29.29,29.29,72.0,33.78,10000.0,0.0,41.0,3.81,6.92,254.0,1005.0,1,802,Clouds,scattered clouds,03d
2025-07-23 18:22:46,Ca Mau,Ca Mau,29.29,29.29,29.29,72.0,33.78,10000.0,0.0,41.0,3.81,6.92,254.0,1005.0,1,802,Clouds,scattered clouds,03d
2025-07-23 18:26:39,Ca Mau,Ca Mau,29.29,29.29,29.29,72.0,33.78,10000.0,0.0,41.0,3.81,6.92,254.0,1005.0,0,802,Clouds,scattered clouds,03n
2025-07-23 18:30:30,Ca Mau,Ca Mau,29.29,29.29,29.29,72.0,33.78,10000.0,0.0,41.0,3.81,6.92,254.0,1005.0,0,802,Clouds,scattered clouds,03n
2025-07-23 18:34:23,Ca Mau,Ca Mau,27.38,27.38,27.38,81.0,30.72,7605.0,0.0,38.0,2.85,7.6,244.0,1006.0,0,802,Clouds,scattered clouds,03n
2025-07-23 18:38:17,Ca Mau,Ca Mau,27.38,27.38,27.38,81.0,30.72,7605.0,0.0,38.0,2.85,7.6,244.0,1006.0,0,802,Clouds,scattered clouds,03n
2025-07-23 18:42:09,Ca Mau,Ca Mau,27.38,27.38,27.38,81.0,30.72,7605.0,0.0,38.0,2.85,7.6,244.0,1006.0,0,802,Clouds,scattered clouds,03n
2025-07-23 18:46:00,Ca Mau,Ca Mau,27.38,27.38,27.38,81.0,30.72,10000.0,0.0,40.0,3.58,8.65,251.0,1006.0,0,802,Clouds,scattered clouds,03n
2025-07-23 18:49:52,Ca Mau,Ca Mau,27.38,27.38,27.38,81.0,30.72,10000.0,0.0,40.0,3.58,8.65,251.0,1006.0,0,802,Clouds,scattered clouds,03n
2025-07-23 18:53:43,Ca Mau,Ca Mau,27.38,27.38,27.38,81.0,30.72,10000.0,0.0,40.0,3.58,8.65,251.0,1006.0,0,802,Clouds,scattered clouds,03n
2025-07-23 18:57:34,Ca Mau,Ca Mau,27.38,27.38,27.38,81.0,30.72,10000.0,0.0,40.0,3.58,8.65,251.0,1006.0,0,802,Clouds,scattered clouds,03n
2025-07-23 19:01:25,Ca Mau,Ca Mau,27.38,27.38,27.38,81.0,30.72,10000.0,0.0,40.0,3.58,8.65,251.0,1006.0,0,802,Clouds,scattered clouds,03n
2025-07-23 19:05:14,Ca Mau,Ca Mau,27.38,27.38,27.38,81.0,30.72,10000.0,0.0,40.0,3.58,8.65,251.0,1006.0,0,802,Clouds,scattered clouds,03n
2025-07-23 19:09:00,Ca Mau,Ca Mau,27.38,27.38,27.38,81.0,30.72,10000.0,0.0,40.0,3.58,8.65,251.0,1006.0,0,802,Clouds,scattered clouds,03n
2025-07-23 19:12:46,Ca Mau,Ca Mau,27.38,27.38,27.38,81.0,30.72,10000.0,0.0,40.0,3.58,8.65,251.0,1006.0,0,802,Clouds,scattered clouds,03n
2025-07-23 19:16:32,Ca Mau,Ca Mau,27.38,27.38,27.38,81.0,30.72,10000.0,0.0,40.0,3.58,8.65,251.0,1006.0,0,802,Clouds,scattered clouds,03n
2025-07-23 19:20:18,Ca Mau,Ca Mau,27.98,27.98,27.98,78.0,31.75,10000.0,0.0,40.0,3.58,8.65,251.0,1006.0,0,802,Clouds,scattered clouds,03n
2025-07-23 19:24:04,Ca Mau,Ca Mau,27.98,27.98,27.98,78.0,31.75,10000.0,0.0,40.0,3.58,8.65,251.0,1006.0,0,802,Clouds,scattered clouds,03n
2025-07-23 19:27:51,Ca Mau,Ca Mau,27.98,27.98,27.98,78.0,31.75,10000.0,0.0,40.0,3.58,8.65,251.0,1006.0,0,802,Clouds,scattered clouds,03n
2025-07-23 19:31:38,Ca Mau,Ca Mau,27.98,27.98,27.98,78.0,31.75,10000.0,0.0,40.0,3.58,8.65,251.0,1006.0,0,802,Clouds,scattered clouds,03n
2025-07-23 19:35:25,Ca Mau,Ca Mau,27.59,27.59,27.59,80.0,31.1,10000.0,0.0,32.0,3.0,8.31,247.0,1007.0,0,802,Clouds,scattered clouds,03n
2025-07-23 19:39:12,Ca Mau,Ca Mau,27.59,27.59,27.59,80.0,31.1,10000.0,0.0,32.0,3.0,8.31,247.0,1007.0,0,802,Clouds,scattered clouds,03n
2025-07-23 19:42:59,Ca Mau,Ca Mau,27.59,27.59,27.59,80.0,31.1,10000.0,0.0,32.0,3.0,8.31,247.0,1007.0,0,802,Clouds,scattered clouds,03n
2025-07-23 19:46:46,Ca Mau,Ca Mau,27.59,27.59,27.59,80.0,31.1,10000.0,0.0,32.0,3.0,8.31,247.0,1007.0,0,802,Clouds,scattered clouds,03n
2025-07-23 19:50:32,Ca Mau,Ca Mau,27.59,27.59,27.59,80.0,31.1,10000.0,0.0,32.0,3.0,8.31,247.0,1007.0,0,802,Clouds,scattered clouds,03n
2025-07-23 19:54:19,Ca Mau,Ca Mau,27.59,27.59,27.59,80.0,31.1,10000.0,0.0,32.0,3.0,8.31,247.0,1007.0,0,802,Clouds,scattered clouds,03n
2025-07-23 19:58:06,Ca Mau,Ca Mau,27.59,27.59,27.59,80.0,31.1,10000.0,0.0,32.0,3.0,8.31,247.0,1007.0,0,802,Clouds,scattered clouds,03n
2025-07-23 20:01:53,Ca Mau,Ca Mau,27.59,27.59,27.59,80.0,31.1,10000.0,0.0,32.0,3.0,8.31,247.0,1007.0,0,802,Clouds,scattered clouds,03n
2025-07-23 20:05:39,Ca Mau,Ca Mau,27.59,27.59,27.59,80.0,31.1,10000.0,0.0,32.0,3.0,8.31,247.0,1007.0,0,802,Clouds,scattered clouds,03n
2025-07-23 20:09:25,Ca Mau,Ca Mau,27.59,27.59,27.59,80.0,31.1,10000.0,0.0,32.0,3.0,8.31,247.0,1007.0,0,802,Clouds,scattered clouds,03n
2025-07-23 20:13:14,Ca Mau,Ca Mau,27.53,27.53,27.53,81.0,31.08,10000.0,0.0,32.0,3.0,8.31,247.0,1007.0,0,802,Clouds,scattered clouds,03n
2025-07-23 20:17:08,Ca Mau,Ca Mau,27.53,27.53,27.53,81.0,31.08,10000.0,0.0,32.0,3.0,8.31,247.0,1007.0,0,802,Clouds,scattered clouds,03n
2025-07-23 20:20:59,Ca Mau,Ca Mau,27.53,27.53,27.53,81.0,31.08,10000.0,0.0,32.0,3.0,8.31,247.0,1007.0,0,802,Clouds,scattered clouds,03n
2025-07-23 20:24:44,Ca Mau,Ca Mau,27.53,27.53,27.53,81.0,31.08,10000.0,0.0,32.0,3.0,8.31,247.0,1007.0,0,802,Clouds,scattered clouds,03n
2025-07-23 20:28:30,Ca Mau,Ca Mau,27.53,27.53,27.53,81.0,31.08,10000.0,0.0,32.0,3.0,8.31,247.0,1007.0,0,802,Clouds,scattered clouds,03n
2025-07-23 20:32:16,Ca Mau,Ca Mau,27.17,27.17,27.17,82.0,30.33,10000.0,0.0,62.0,2.44,7.89,248.0,1007.0,0,803,Clouds,broken clouds,04n
2025-07-23 20:36:03,Ca Mau,Ca Mau,27.17,27.17,27.17,82.0,30.33,10000.0,0.0,62.0,2.44,7.89,248.0,1007.0,0,803,Clouds,broken clouds,04n
2025-07-23 20:39:52,Ca Mau,Ca Mau,27.17,27.17,27.17,82.0,30.33,10000.0,0.0,62.0,2.44,7.89,248.0,1007.0,0,803,Clouds,broken clouds,04n
2025-07-23 20:43:46,Ca Mau,Ca Mau,27.17,27.17,27.17,82.0,30.33,10000.0,0.0,62.0,2.44,7.89,248.0,1007.0,0,803,Clouds,broken clouds,04n
2025-07-23 20:47:42,Ca Mau,Ca Mau,27.17,27.17,27.17,82.0,30.33,10000.0,0.0,62.0,2.44,7.89,248.0,1007.0,0,803,Clouds,broken clouds,04n
2025-07-23 20:51:37,Ca Mau,Ca Mau,27.17,27.17,27.17,82.0,30.33,10000.0,0.0,62.0,2.44,7.89,248.0,1007.0,0,803,Clouds,broken clouds,04n
2025-07-23 20:55:31,Ca Mau,Ca Mau,27.17,27.17,27.17,82.0,30.33,10000.0,0.0,62.0,2.44,7.89,248.0,1007.0,0,803,Clouds,broken clouds,04n
2025-07-23 20:59:23,Ca Mau,Ca Mau,27.17,27.17,27.17,82.0,30.33,10000.0,0.0,62.0,2.44,7.89,248.0,1007.0,0,803,Clouds,broken clouds,04n
2025-07-23 21:03:15,Ca Mau,Ca Mau,27.19,27.19,27.19,83.0,30.49,10000.0,0.0,62.0,2.44,7.89,248.0,1007.0,0,803,Clouds,broken clouds,04n
2025-07-23 21:07:10,Ca Mau,Ca Mau,27.19,27.19,27.19,83.0,30.49,10000.0,0.0,62.0,2.44,7.89,248.0,1007.0,0,803,Clouds,broken clouds,04n
2025-07-23 21:11:05,Ca Mau,Ca Mau,27.19,27.19,27.19,83.0,30.49,10000.0,0.0,62.0,2.44,7.89,248.0,1007.0,0,803,Clouds,broken clouds,04n
2025-07-23 21:14:58,Ca Mau,Ca Mau,27.19,27.19,27.19,83.0,30.49,10000.0,0.0,62.0,2.44,7.89,248.0,1007.0,0,803,Clouds,broken clouds,04n
2025-07-23 21:18:54,Ca Mau,Ca Mau,27.19,27.19,27.19,83.0,30.49,10000.0,0.0,62.0,2.44,7.89,248.0,1007.0,0,803,Clouds,broken clouds,04n
2025-07-23 21:22:50,Ca Mau,Ca Mau,27.19,27.19,27.19,83.0,30.49,10000.0,0.0,62.0,2.44,7.89,248.0,1007.0,0,803,Clouds,broken clouds,04n
2025-07-23 21:26:45,Ca Mau,Ca Mau,27.19,27.19,27.19,83.0,30.49,10000.0,0.0,62.0,2.44,7.89,248.0,1007.0,0,803,Clouds,broken clouds,04n
2025-07-23 21:30:36,Ca Mau,Ca Mau,27.19,27.19,27.19,83.0,30.49,10000.0,0.0,62.0,2.44,7.89,248.0,1007.0,0,803,Clouds,broken clouds,04n
2025-07-23 21:34:22,Ca Mau,Ca Mau,26.71,26.71,26.71,85.0,29.5,10000.0,0.0,71.0,1.63,6.67,247.0,1008.0,0,803,Clouds,broken clouds,04n
2025-07-23 21:38:09,Ca Mau,Ca Mau,26.71,26.71,26.71,85.0,29.5,10000.0,0.0,71.0,1.63,6.67,247.0,1008.0,0,803,Clouds,broken clouds,04n
2025-07-23 21:41:55,Ca Mau,Ca Mau,26.71,26.71,26.71,85.0,29.5,10000.0,0.0,71.0,1.63,6.67,247.0,1008.0,0,803,Clouds,broken clouds,04n
2025-07-23 21:45:41,Ca Mau,Ca Mau,26.71,26.71,26.71,85.0,29.5,10000.0,0.0,71.0,1.63,6.67,247.0,1008.0,0,803,Clouds,broken clouds,04n
2025-07-23 21:49:28,Ca Mau,Ca Mau,26.71,26.71,26.71,85.0,29.5,10000.0,0.0,71.0,1.63,6.67,247.0,1008.0,0,803,Clouds,broken clouds,04n
2025-07-23 21:53:14,Ca Mau,Ca Mau,26.66,26.66,26.66,86.0,26.66,10000.0,0.0,71.0,1.63,6.67,247.0,1008.0,0,803,Clouds,broken clouds,04n
2025-07-23 21:57:02,Ca Mau,Ca Mau,26.66,26.66,26.66,86.0,26.66,10000.0,0.0,71.0,1.63,6.67,247.0,1008.0,0,803,Clouds,broken clouds,04n
2025-07-23 22:00:48,Ca Mau,Ca Mau,26.66,26.66,26.66,86.0,26.66,10000.0,0.0,71.0,1.63,6.67,247.0,1008.0,0,803,Clouds,broken clouds,04n
2025-07-23 22:04:34,Ca Mau,Ca Mau,26.66,26.66,26.66,86.0,26.66,10000.0,0.0,71.0,1.63,6.67,247.0,1008.0,0,803,Clouds,broken clouds,04n
2025-07-23 22:08:20,Ca Mau,Ca Mau,26.67,26.67,26.67,86.0,29.49,10000.0,0.0,71.0,1.63,6.67,247.0,1008.0,0,803,Clouds,broken clouds,04n
2025-07-23 22:12:10,Ca Mau,Ca Mau,26.67,26.67,26.67,86.0,29.49,10000.0,0.0,71.0,1.63,6.67,247.0,1008.0,0,803,Clouds,broken clouds,04n
2025-07-23 22:15:56,Ca Mau,Ca Mau,26.67,26.67,26.67,86.0,29.49,10000.0,0.0,71.0,1.63,6.67,247.0,1008.0,0,803,Clouds,broken clouds,04n
2025-07-23 22:19:42,Ca Mau,Ca Mau,26.67,26.67,26.67,86.0,29.49,10000.0,0.0,71.0,1.63,6.67,247.0,1008.0,0,803,Clouds,broken clouds,04n
2025-07-23 22:23:28,Ca Mau,Ca Mau,26.67,26.67,26.67,86.0,29.49,10000.0,0.0,71.0,1.63,6.67,247.0,1008.0,0,803,Clouds,broken clouds,04n
2025-07-23 22:27:14,Ca Mau,Ca Mau,26.67,26.67,26.67,86.0,29.49,10000.0,0.0,71.0,1.63,6.67,247.0,1008.0,0,803,Clouds,broken clouds,04n
2025-07-23 22:31:00,Ca Mau,Ca Mau,26.67,26.67,26.67,86.0,29.49,10000.0,0.0,71.0,1.63,6.67,247.0,1008.0,0,803,Clouds,broken clouds,04n
2025-07-23 22:34:47,Ca Mau,Ca Mau,26.67,26.67,26.67,86.0,29.49,10000.0,0.0,71.0,1.63,6.67,247.0,1008.0,0,803,Clouds,broken clouds,04n
2025-07-23 22:38:33,Ca Mau,Ca Mau,26.15,26.15,26.15,88.0,26.15,10000.0,0.0,70.0,1.77,7.14,257.0,1008.0,0,803,Clouds,broken clouds,04n
2025-07-23 22:42:19,Ca Mau,Ca Mau,26.15,26.15,26.15,88.0,26.15,10000.0,0.0,70.0,1.77,7.14,257.0,1008.0,0,803,Clouds,broken clouds,04n
2025-07-23 22:46:05,Ca Mau,Ca Mau,26.15,26.15,26.15,88.0,26.15,10000.0,0.0,70.0,1.77,7.14,257.0,1008.0,0,803,Clouds,broken clouds,04n
2025-07-23 22:49:53,Ca Mau,Ca Mau,26.14,26.14,26.14,88.0,26.14,10000.0,0.0,70.0,1.77,7.14,257.0,1008.0,0,803,Clouds,broken clouds,04n
2025-07-23 22:53:40,Ca Mau,Ca Mau,26.14,26.14,26.14,88.0,26.14,10000.0,0.0,70.0,1.77,7.14,257.0,1008.0,0,803,Clouds,broken clouds,04n
2025-07-23 22:57:25,Ca Mau,Ca Mau,26.14,26.14,26.14,88.0,26.14,10000.0,0.0,70.0,1.77,7.14,257.0,1008.0,0,803,Clouds,broken clouds,04n
2025-07-23 23:01:12,Ca Mau,Ca Mau,26.16,26.16,26.16,88.0,26.16,10000.0,0.0,70.0,1.77,7.14,257.0,1008.0,0,803,Clouds,broken clouds,04n
2025-07-23 23:04:58,Ca Mau,Ca Mau,26.14,26.14,26.14,88.0,26.14,10000.0,0.0,70.0,1.77,7.14,257.0,1008.0,0,803,Clouds,broken clouds,04n
2025-07-23 23:08:44,Ca Mau,Ca Mau,26.16,26.16,26.16,88.0,26.16,10000.0,0.0,70.0,1.77,7.14,257.0,1008.0,0,803,Clouds,broken clouds,04n
2025-07-23 23:12:31,Ca Mau,Ca Mau,26.16,26.16,26.16,88.0,26.16,10000.0,0.0,70.0,1.77,7.14,257.0,1008.0,0,803,Clouds,broken clouds,04n
2025-07-23 23:16:17,Ca Mau,Ca Mau,26.16,26.16,26.16,88.0,26.16,10000.0,0.0,70.0,1.77,7.14,257.0,1008.0,0,803,Clouds,broken clouds,04n
2025-07-23 23:20:03,Ca Mau,Ca Mau,26.16,26.16,26.16,88.0,26.16,10000.0,0.0,70.0,1.77,7.14,257.0,1008.0,0,803,Clouds,broken clouds,04n
2025-07-23 23:23:49,Ca Mau,Ca Mau,26.16,26.16,26.16,88.0,26.16,10000.0,0.0,70.0,1.77,7.14,257.0,1008.0,0,803,Clouds,broken clouds,04n
2025-07-23 23:27:35,Ca Mau,Ca Mau,26.16,26.16,26.16,88.0,26.16,10000.0,0.0,70.0,1.77,7.14,257.0,1008.0,0,803,Clouds,broken clouds,04n
2025-07-23 23:31:24,Ca Mau,Ca Mau,26.11,26.11,26.11,87.0,26.11,10000.0,0.0,76.0,1.86,6.55,246.0,1008.0,0,803,Clouds,broken clouds,04n
2025-07-23 23:35:10,Ca Mau,Ca Mau,26.11,26.11,26.11,87.0,26.11,10000.0,0.0,76.0,1.86,6.55,246.0,1008.0,0,803,Clouds,broken clouds,04n
2025-07-23 23:38:56,Ca Mau,Ca Mau,26.11,26.11,26.11,87.0,26.11,10000.0,0.0,76.0,1.86,6.55,246.0,1008.0,0,803,Clouds,broken clouds,04n
2025-07-23 23:42:43,Ca Mau,Ca Mau,26.11,26.11,26.11,87.0,26.11,10000.0,0.0,76.0,1.86,6.55,246.0,1008.0,0,803,Clouds,broken clouds,04n
2025-07-23 23:46:29,Ca Mau,Ca Mau,26.11,26.11,26.11,87.0,26.11,10000.0,0.0,76.0,1.86,6.55,246.0,1008.0,0,803,Clouds,broken clouds,04n
2025-07-23 23:50:16,Ca Mau,Ca Mau,26.11,26.11,26.11,87.0,26.11,10000.0,0.0,76.0,1.86,6.55,246.0,1008.0,0,803,Clouds,broken clouds,04n
2025-07-23 23:54:03,Ca Mau,Ca Mau,26.11,26.11,26.11,87.0,26.11,10000.0,0.0,76.0,1.86,6.55,246.0,1008.0,0,803,Clouds,broken clouds,04n
2025-07-23 23:57:52,Ca Mau,Ca Mau,26.11,26.11,26.11,87.0,26.11,10000.0,0.0,76.0,1.86,6.55,246.0,1008.0,0,803,Clouds,broken clouds,04n
2025-07-24 00:01:38,Ca Mau,Ca Mau,26.11,26.11,26.11,87.0,26.11,10000.0,0.0,76.0,1.86,6.55,246.0,1008.0,0,803,Clouds,broken clouds,04n
2025-07-24 00:05:29,Ca Mau,Ca Mau,26.12,26.12,26.12,88.0,26.12,10000.0,0.0,76.0,1.86,6.55,246.0,1008.0,0,803,Clouds,broken clouds,04n
2025-07-24 00:09:17,Ca Mau,Ca Mau,26.12,26.12,26.12,88.0,26.12,10000.0,0.0,76.0,1.86,6.55,246.0,1008.0,0,803,Clouds,broken clouds,04n
2025-07-24 00:13:03,Ca Mau,Ca Mau,26.12,26.12,26.12,88.0,26.12,10000.0,0.0,76.0,1.86,6.55,246.0,1008.0,0,803,Clouds,broken clouds,04n
2025-07-24 00:16:50,Ca Mau,Ca Mau,26.11,26.11,26.11,88.0,26.11,10000.0,0.0,76.0,1.86,6.55,246.0,1008.0,0,803,Clouds,broken clouds,04n
2025-07-24 00:20:36,Ca Mau,Ca Mau,26.11,26.11,26.11,88.0,26.11,10000.0,0.0,76.0,1.86,6.55,246.0,1008.0,0,803,Clouds,broken clouds,04n
2025-07-24 00:24:22,Ca Mau,Ca Mau,26.11,26.11,26.11,88.0,26.11,10000.0,0.0,76.0,1.86,6.55,246.0,1008.0,0,803,Clouds,broken clouds,04n
2025-07-24 00:28:07,Ca Mau,Ca Mau,26.11,26.11,26.11,88.0,26.11,10000.0,0.0,76.0,1.86,6.55,246.0,1008.0,0,803,Clouds,broken clouds,04n
2025-07-24 00:31:54,Ca Mau,Ca Mau,25.92,25.92,25.92,88.0,26.87,10000.0,0.0,80.0,1.86,7.14,259.0,1007.0,0,803,Clouds,broken clouds,04n
2025-07-24 00:35:39,Ca Mau,Ca Mau,25.92,25.92,25.92,88.0,26.87,10000.0,0.0,80.0,1.86,7.14,259.0,1007.0,0,803,Clouds,broken clouds,04n
2025-07-24 00:44:07,Ca Mau,Ca Mau,25.92,25.92,25.92,88.0,26.87,10000.0,0.0,89.0,1.81,7.93,254.0,1007.0,0,804,Clouds,overcast clouds,04n
2025-07-24 00:47:54,Ca Mau,Ca Mau,25.92,25.92,25.92,88.0,26.87,10000.0,0.0,89.0,1.81,7.93,254.0,1007.0,0,804,Clouds,overcast clouds,04n
2025-07-24 00:51:40,Ca Mau,Ca Mau,25.92,25.92,25.92,88.0,26.87,10000.0,0.0,89.0,1.81,7.93,254.0,1007.0,0,804,Clouds,overcast clouds,04n
2025-07-24 00:55:26,Ca Mau,Ca Mau,25.92,25.92,25.92,88.0,26.87,10000.0,0.0,89.0,1.81,7.93,254.0,1007.0,0,804,Clouds,overcast clouds,04n
2025-07-24 00:59:12,Ca Mau,Ca Mau,25.92,25.92,25.92,88.0,26.87,10000.0,0.0,89.0,1.81,7.93,254.0,1007.0,0,804,Clouds,overcast clouds,04n
2025-07-24 01:02:58,Ca Mau,Ca Mau,25.92,25.92,25.92,88.0,26.87,10000.0,0.0,89.0,1.81,7.93,254.0,1007.0,0,804,Clouds,overcast clouds,04n
2025-07-24 01:06:44,Ca Mau,Ca Mau,25.92,25.92,25.92,88.0,26.87,10000.0,0.0,89.0,1.81,7.93,254.0,1007.0,0,804,Clouds,overcast clouds,04n
2025-07-24 01:10:34,Ca Mau,Ca Mau,25.92,25.92,25.92,88.0,26.87,10000.0,0.0,89.0,1.81,7.93,254.0,1007.0,0,804,Clouds,overcast clouds,04n
2025-07-24 01:14:25,Ca Mau,Ca Mau,25.92,25.92,25.92,88.0,26.87,10000.0,0.0,89.0,1.81,7.93,254.0,1007.0,0,804,Clouds,overcast clouds,04n
2025-07-24 01:18:11,Ca Mau,Ca Mau,25.92,25.92,25.92,88.0,26.87,10000.0,0.0,89.0,1.81,7.93,254.0,1007.0,0,804,Clouds,overcast clouds,04n
2025-07-24 01:21:57,Ca Mau,Ca Mau,25.92,25.92,25.92,88.0,26.87,10000.0,0.0,89.0,1.81,7.93,254.0,1007.0,0,804,Clouds,overcast clouds,04n
2025-07-24 01:25:44,Ca Mau,Ca Mau,25.92,25.92,25.92,88.0,26.87,10000.0,0.0,89.0,1.81,7.93,254.0,1007.0,0,804,Clouds,overcast clouds,04n
2025-07-24 01:29:30,Ca Mau,Ca Mau,25.92,25.92,25.92,88.0,26.87,10000.0,0.0,89.0,1.81,7.93,254.0,1007.0,0,804,Clouds,overcast clouds,04n
2025-07-24 01:33:15,Ca Mau,Ca Mau,25.92,25.92,25.92,88.0,26.87,10000.0,0.0,89.0,1.81,7.93,254.0,1007.0,0,804,Clouds,overcast clouds,04n
2025-07-24 01:37:01,Ca Mau,Ca Mau,25.78,25.78,25.78,88.0,26.71,10000.0,0.0,100.0,1.42,6.97,247.0,1006.0,0,804,Clouds,overcast clouds,04n
2025-07-24 01:40:48,Ca Mau,Ca Mau,25.78,25.78,25.78,88.0,26.71,10000.0,0.0,100.0,1.42,6.97,247.0,1006.0,0,804,Clouds,overcast clouds,04n
2025-07-24 01:44:34,Ca Mau,Ca Mau,25.78,25.78,25.78,88.0,26.71,10000.0,0.0,100.0,1.42,6.97,247.0,1006.0,0,804,Clouds,overcast clouds,04n
2025-07-24 01:48:20,Ca Mau,Ca Mau,25.95,25.95,25.95,88.0,25.95,10000.0,0.0,100.0,1.42,6.97,247.0,1006.0,0,804,Clouds,overcast clouds,04n
2025-07-24 01:52:07,Ca Mau,Ca Mau,25.95,25.95,25.95,88.0,25.95,10000.0,0.0,100.0,1.42,6.97,247.0,1006.0,0,804,Clouds,overcast clouds,04n
2025-07-24 01:55:53,Ca Mau,Ca Mau,25.95,25.95,25.95,88.0,25.95,10000.0,0.0,100.0,1.42,6.97,247.0,1006.0,0,804,Clouds,overcast clouds,04n
2025-07-24 01:59:39,Ca Mau,Ca Mau,25.95,25.95,25.95,88.0,25.95,10000.0,0.0,100.0,1.42,6.97,247.0,1006.0,0,804,Clouds,overcast clouds,04n
2025-07-24 02:03:25,Ca Mau,Ca Mau,25.96,25.96,25.96,88.0,25.96,10000.0,0.0,100.0,1.42,6.97,247.0,1006.0,0,804,Clouds,overcast clouds,04n
2025-07-24 02:07:11,Ca Mau,Ca Mau,25.96,25.96,25.96,88.0,25.96,10000.0,0.0,100.0,1.42,6.97,247.0,1006.0,0,804,Clouds,overcast clouds,04n
2025-07-24 02:10:57,Ca Mau,Ca Mau,25.96,25.96,25.96,88.0,25.96,10000.0,0.0,100.0,1.42,6.97,247.0,1006.0,0,804,Clouds,overcast clouds,04n
2025-07-24 02:14:44,Ca Mau,Ca Mau,25.96,25.96,25.96,88.0,25.96,10000.0,0.0,100.0,1.42,6.97,247.0,1006.0,0,804,Clouds,overcast clouds,04n
2025-07-24 02:18:30,Ca Mau,Ca Mau,25.96,25.96,25.96,88.0,25.96,10000.0,0.0,100.0,1.42,6.97,247.0,1006.0,0,804,Clouds,overcast clouds,04n
2025-07-24 02:22:17,Ca Mau,Ca Mau,25.96,25.96,25.96,88.0,25.96,10000.0,0.0,100.0,1.42,6.97,247.0,1006.0,0,804,Clouds,overcast clouds,04n
2025-07-24 02:26:07,Ca Mau,Ca Mau,25.96,25.96,25.96,88.0,25.96,10000.0,0.0,100.0,1.42,6.97,247.0,1006.0,0,804,Clouds,overcast clouds,04n
2025-07-24 02:29:56,Ca Mau,Ca Mau,25.96,25.96,25.96,88.0,25.96,10000.0,0.0,100.0,1.42,6.97,247.0,1006.0,0,804,Clouds,overcast clouds,04n
2025-07-24 02:33:44,Ca Mau,Ca Mau,25.79,25.79,25.79,89.0,26.75,10000.0,0.0,100.0,1.45,6.62,258.0,1006.0,0,804,Clouds,overcast clouds,04n
2025-07-24 02:37:34,Ca Mau,Ca Mau,25.96,25.96,25.96,88.0,25.96,10000.0,0.0,100.0,1.42,6.97,247.0,1006.0,0,804,Clouds,overcast clouds,04n
2025-07-24 02:41:25,Ca Mau,Ca Mau,25.79,25.79,25.79,89.0,26.75,10000.0,0.0,100.0,1.45,6.62,258.0,1006.0,0,804,Clouds,overcast clouds,04n
2025-07-24 02:45:12,Ca Mau,Ca Mau,25.79,25.79,25.79,89.0,26.75,10000.0,0.0,100.0,1.45,6.62,258.0,1006.0,0,804,Clouds,overcast clouds,04n
2025-07-24 02:48:58,Ca Mau,Ca Mau,25.79,25.79,25.79,89.0,26.75,10000.0,0.0,100.0,1.45,6.62,258.0,1006.0,0,804,Clouds,overcast clouds,04n
2025-07-24 02:52:45,Ca Mau,Ca Mau,25.79,25.79,25.79,89.0,26.75,10000.0,0.0,100.0,1.45,6.62,258.0,1006.0,0,804,Clouds,overcast clouds,04n
2025-07-24 02:56:32,Ca Mau,Ca Mau,25.79,25.79,25.79,89.0,26.75,10000.0,0.0,100.0,1.45,6.62,258.0,1006.0,0,804,Clouds,overcast clouds,04n
2025-07-24 03:00:19,Ca Mau,Ca Mau,25.79,25.79,25.79,89.0,26.75,10000.0,0.0,100.0,1.45,6.62,258.0,1006.0,0,804,Clouds,overcast clouds,04n
2025-07-24 03:04:06,Ca Mau,Ca Mau,25.79,25.79,25.79,89.0,26.75,10000.0,0.0,100.0,1.45,6.62,258.0,1006.0,0,804,Clouds,overcast clouds,04n
2025-07-24 03:07:52,Ca Mau,Ca Mau,25.8,25.8,25.8,89.0,26.76,10000.0,0.0,100.0,1.45,6.62,258.0,1006.0,0,804,Clouds,overcast clouds,04n
2025-07-24 03:11:39,Ca Mau,Ca Mau,25.8,25.8,25.8,89.0,26.76,10000.0,0.0,100.0,1.45,6.62,258.0,1006.0,0,804,Clouds,overcast clouds,04n
2025-07-24 03:15:28,Ca Mau,Ca Mau,25.8,25.8,25.8,89.0,26.76,10000.0,0.0,100.0,1.45,6.62,258.0,1006.0,0,804,Clouds,overcast clouds,04n
2025-07-24 03:19:13,Ca Mau,Ca Mau,25.8,25.8,25.8,89.0,26.76,10000.0,0.0,100.0,1.45,6.62,258.0,1006.0,0,804,Clouds,overcast clouds,04n
2025-07-24 03:22:59,Ca Mau,Ca Mau,25.8,25.8,25.8,89.0,26.76,10000.0,0.0,100.0,1.45,6.62,258.0,1006.0,0,804,Clouds,overcast clouds,04n
2025-07-24 03:26:46,Ca Mau,Ca Mau,25.8,25.8,25.8,89.0,26.76,10000.0,0.0,100.0,1.45,6.62,258.0,1006.0,0,804,Clouds,overcast clouds,04n
2025-07-24 03:30:33,Ca Mau,Ca Mau,25.8,25.8,25.8,89.0,26.76,10000.0,0.0,100.0,1.45,6.62,258.0,1006.0,0,804,Clouds,overcast clouds,04n
2025-07-24 03:34:19,Ca Mau,Ca Mau,25.8,25.8,25.8,89.0,26.76,10000.0,0.0,100.0,1.45,6.62,258.0,1006.0,0,804,Clouds,overcast clouds,04n
2025-07-24 03:38:06,Ca Mau,Ca Mau,25.58,25.58,25.58,90.0,26.54,10000.0,0.0,97.0,1.43,5.92,237.0,1006.0,0,804,Clouds,overcast clouds,04n
2025-07-24 03:41:54,Ca Mau,Ca Mau,25.58,25.58,25.58,90.0,26.54,10000.0,0.0,97.0,1.43,5.92,237.0,1006.0,0,804,Clouds,overcast clouds,04n
2025-07-24 03:45:40,Ca Mau,Ca Mau,25.58,25.58,25.58,90.0,26.54,10000.0,0.0,97.0,1.43,5.92,237.0,1006.0,0,804,Clouds,overcast clouds,04n
2025-07-24 03:49:26,Ca Mau,Ca Mau,25.57,25.57,25.57,90.0,26.53,10000.0,0.0,97.0,1.43,5.92,237.0,1006.0,0,804,Clouds,overcast clouds,04n
2025-07-24 03:53:12,Ca Mau,Ca Mau,25.57,25.57,25.57,90.0,26.53,10000.0,0.0,97.0,1.43,5.92,237.0,1006.0,0,804,Clouds,overcast clouds,04n
2025-07-24 03:56:58,Ca Mau,Ca Mau,25.57,25.57,25.57,90.0,26.53,10000.0,0.0,97.0,1.43,5.92,237.0,1006.0,0,804,Clouds,overcast clouds,04n
2025-07-24 04:00:44,Ca Mau,Ca Mau,25.57,25.57,25.57,90.0,26.53,10000.0,0.0,97.0,1.43,5.92,237.0,1006.0,0,804,Clouds,overcast clouds,04n
2025-07-24 04:04:29,Ca Mau,Ca Mau,25.57,25.57,25.57,90.0,26.53,10000.0,0.0,97.0,1.43,5.92,237.0,1006.0,0,804,Clouds,overcast clouds,04n
2025-07-24 04:08:15,Ca Mau,Ca Mau,25.58,25.58,25.58,90.0,26.54,10000.0,0.0,97.0,1.43,5.92,237.0,1006.0,0,804,Clouds,overcast clouds,04n
2025-07-24 04:12:02,Ca Mau,Ca Mau,25.58,25.58,25.58,90.0,26.54,10000.0,0.0,97.0,1.43,5.92,237.0,1006.0,0,804,Clouds,overcast clouds,04n
2025-07-24 04:15:48,Ca Mau,Ca Mau,25.58,25.58,25.58,90.0,26.54,10000.0,0.0,97.0,1.43,5.92,237.0,1006.0,0,804,Clouds,overcast clouds,04n
2025-07-24 04:19:35,Ca Mau,Ca Mau,25.58,25.58,25.58,90.0,26.54,10000.0,0.0,97.0,1.43,5.92,237.0,1006.0,0,804,Clouds,overcast clouds,04n
2025-07-24 04:23:21,Ca Mau,Ca Mau,25.58,25.58,25.58,90.0,26.54,10000.0,0.0,97.0,1.43,5.92,237.0,1006.0,0,804,Clouds,overcast clouds,04n
2025-07-24 04:27:07,Ca Mau,Ca Mau,25.58,25.58,25.58,90.0,26.54,10000.0,0.0,97.0,1.43,5.92,237.0,1006.0,0,804,Clouds,overcast clouds,04n
2025-07-24 04:30:53,Ca Mau,Ca Mau,25.58,25.58,25.58,90.0,26.54,10000.0,0.0,97.0,1.43,5.92,237.0,1006.0,0,804,Clouds,overcast clouds,04n
2025-07-24 04:34:38,Ca Mau,Ca Mau,25.53,25.53,25.53,91.0,26.51,10000.0,0.0,97.0,1.71,7.33,230.0,1007.0,0,804,Clouds,overcast clouds,04n
2025-07-24 04:38:25,Ca Mau,Ca Mau,25.53,25.53,25.53,91.0,26.51,10000.0,0.0,97.0,1.71,7.33,230.0,1007.0,0,804,Clouds,overcast clouds,04n
2025-07-24 04:42:11,Ca Mau,Ca Mau,25.53,25.53,25.53,91.0,26.51,10000.0,0.0,97.0,1.71,7.33,230.0,1007.0,0,804,Clouds,overcast clouds,04n
2025-07-24 04:45:57,Ca Mau,Ca Mau,25.53,25.53,25.53,91.0,26.51,10000.0,0.0,97.0,1.71,7.33,230.0,1007.0,0,804,Clouds,overcast clouds,04n
2025-07-24 04:49:43,Ca Mau,Ca Mau,25.53,25.53,25.53,91.0,26.51,10000.0,0.0,97.0,1.71,7.33,230.0,1007.0,0,804,Clouds,overcast clouds,04n
2025-07-24 04:53:28,Ca Mau,Ca Mau,25.53,25.53,25.53,91.0,26.51,10000.0,0.0,97.0,1.71,7.33,230.0,1007.0,0,804,Clouds,overcast clouds,04n
2025-07-24 04:57:14,Ca Mau,Ca Mau,25.53,25.53,25.53,91.0,26.51,10000.0,0.0,97.0,1.71,7.33,230.0,1007.0,0,804,Clouds,overcast clouds,04n
2025-07-24 05:01:02,Ca Mau,Ca Mau,25.53,25.53,25.53,91.0,26.51,10000.0,0.0,97.0,1.71,7.33,230.0,1007.0,0,804,Clouds,overcast clouds,04n
2025-07-24 05:04:52,Ca Mau,Ca Mau,25.53,25.53,25.53,91.0,26.51,10000.0,0.0,97.0,1.71,7.33,230.0,1007.0,0,804,Clouds,overcast clouds,04n
2025-07-24 05:08:37,Ca Mau,Ca Mau,25.53,25.53,25.53,91.0,26.51,10000.0,0.0,97.0,1.71,7.33,230.0,1007.0,0,804,Clouds,overcast clouds,04n
2025-07-24 05:12:23,Ca Mau,Ca Mau,25.54,25.54,25.54,91.0,26.53,10000.0,0.0,97.0,1.71,7.33,230.0,1007.0,0,804,Clouds,overcast clouds,04n
2025-07-24 05:16:09,Ca Mau,Ca Mau,25.54,25.54,25.54,91.0,26.53,10000.0,0.0,97.0,1.71,7.33,230.0,1007.0,0,804,Clouds,overcast clouds,04n
2025-07-24 05:19:55,Ca Mau,Ca Mau,25.54,25.54,25.54,91.0,26.53,10000.0,0.0,97.0,1.71,7.33,230.0,1007.0,0,804,Clouds,overcast clouds,04n
2025-07-24 05:23:42,Ca Mau,Ca Mau,25.54,25.54,25.54,91.0,26.53,10000.0,0.0,97.0,1.71,7.33,230.0,1007.0,0,804,Clouds,overcast clouds,04n
2025-07-24 05:27:28,Ca Mau,Ca Mau,25.54,25.54,25.54,91.0,26.53,10000.0,0.0,97.0,1.71,7.33,230.0,1007.0,0,804,Clouds,overcast clouds,04n
2025-07-24 05:31:15,Ca Mau,Ca Mau,25.57,25.57,25.57,91.0,26.56,10000.0,0.0,98.0,1.71,5.92,213.0,1007.0,0,804,Clouds,overcast clouds,04n
2025-07-24 05:35:01,Ca Mau,Ca Mau,25.57,25.57,25.57,91.0,26.56,10000.0,0.0,98.0,1.71,5.92,213.0,1007.0,0,804,Clouds,overcast clouds,04n
2025-07-24 05:38:48,Ca Mau,Ca Mau,25.57,25.57,25.57,91.0,26.56,10000.0,0.0,98.0,1.71,5.92,213.0,1007.0,0,804,Clouds,overcast clouds,04n
2025-07-24 05:42:34,Ca Mau,Ca Mau,25.57,25.57,25.57,91.0,26.56,10000.0,0.0,98.0,1.71,5.92,213.0,1007.0,0,804,Clouds,overcast clouds,04n
2025-07-24 05:46:20,Ca Mau,Ca Mau,25.57,25.57,25.57,91.0,26.56,10000.0,0.0,98.0,1.71,5.92,213.0,1007.0,0,804,Clouds,overcast clouds,04n
2025-07-24 05:50:07,Ca Mau,Ca Mau,25.57,25.57,25.57,91.0,26.56,10000.0,0.0,98.0,1.71,5.92,213.0,1007.0,1,804,Clouds,overcast clouds,04d
2025-07-24 05:53:53,Ca Mau,Ca Mau,25.57,25.57,25.57,91.0,26.56,10000.0,0.0,98.0,1.71,5.92,213.0,1007.0,1,804,Clouds,overcast clouds,04n
2025-07-24 05:57:38,Ca Mau,Ca Mau,25.57,25.57,25.57,91.0,26.56,10000.0,0.0,98.0,1.71,5.92,213.0,1007.0,1,804,Clouds,overcast clouds,04d
2025-07-24 06:01:25,Ca Mau,Ca Mau,25.57,25.57,25.57,91.0,26.56,10000.0,0.0,98.0,1.71,5.92,213.0,1007.0,1,804,Clouds,overcast clouds,04d
2025-07-24 06:05:12,Ca Mau,Ca Mau,25.58,25.58,25.58,91.0,26.57,10000.0,0.0,98.0,1.71,5.92,213.0,1007.0,1,804,Clouds,overcast clouds,04d
2025-07-24 06:09:00,Ca Mau,Ca Mau,25.58,25.58,25.58,91.0,26.57,10000.0,0.0,98.0,1.71,5.92,213.0,1007.0,1,804,Clouds,overcast clouds,04d
2025-07-24 06:12:45,Ca Mau,Ca Mau,25.58,25.58,25.58,91.0,26.57,10000.0,0.0,98.0,1.71,5.92,213.0,1007.0,1,804,Clouds,overcast clouds,04d
2025-07-24 06:16:31,Ca Mau,Ca Mau,25.58,25.58,25.58,91.0,26.57,10000.0,0.0,98.0,1.71,5.92,213.0,1007.0,1,804,Clouds,overcast clouds,04d
2025-07-24 06:20:17,Ca Mau,Ca Mau,25.58,25.58,25.58,91.0,26.57,10000.0,0.0,98.0,1.71,5.92,213.0,1007.0,1,804,Clouds,overcast clouds,04d
2025-07-24 06:24:05,Ca Mau,Ca Mau,25.58,25.58,25.58,91.0,26.57,10000.0,0.0,98.0,1.71,5.92,213.0,1007.0,1,804,Clouds,overcast clouds,04d
2025-07-24 06:27:52,Ca Mau,Ca Mau,25.58,25.58,25.58,91.0,26.57,10000.0,0.0,98.0,1.71,5.92,213.0,1007.0,1,804,Clouds,overcast clouds,04d
2025-07-24 06:31:38,Ca Mau,Ca Mau,27.35,27.35,27.35,82.0,30.77,10000.0,0.0,97.0,2.39,6.4,236.0,1008.0,1,804,Clouds,overcast clouds,04d
2025-07-24 06:35:24,Ca Mau,Ca Mau,27.35,27.35,27.35,82.0,30.77,10000.0,0.0,97.0,2.39,6.4,236.0,1008.0,1,804,Clouds,overcast clouds,04d
2025-07-24 06:39:10,Ca Mau,Ca Mau,27.35,27.35,27.35,82.0,30.77,10000.0,0.0,97.0,2.39,6.4,236.0,1008.0,1,804,Clouds,overcast clouds,04d
2025-07-24 06:42:56,Ca Mau,Ca Mau,27.35,27.35,27.35,82.0,30.77,10000.0,0.0,97.0,2.39,6.4,236.0,1008.0,1,804,Clouds,overcast clouds,04d
2025-07-24 06:46:41,Ca Mau,Ca Mau,27.35,27.35,27.35,82.0,30.77,10000.0,0.0,97.0,2.39,6.4,236.0,1008.0,1,804,Clouds,overcast clouds,04d
2025-07-24 06:50:27,Ca Mau,Ca Mau,27.36,27.36,27.36,82.0,30.79,10000.0,0.0,97.0,2.39,6.4,236.0,1008.0,1,804,Clouds,overcast clouds,04d
2025-07-24 06:54:13,Ca Mau,Ca Mau,27.36,27.36,27.36,82.0,30.79,10000.0,0.0,97.0,2.39,6.4,236.0,1008.0,1,804,Clouds,overcast clouds,04d
2025-07-24 06:57:59,Ca Mau,Ca Mau,27.36,27.36,27.36,82.0,30.79,10000.0,0.0,97.0,2.39,6.4,236.0,1008.0,1,804,Clouds,overcast clouds,04d
2025-07-24 07:01:45,Ca Mau,Ca Mau,27.34,27.34,27.34,83.0,30.86,10000.0,0.0,97.0,2.39,6.4,236.0,1008.0,1,804,Clouds,overcast clouds,04d
2025-07-24 07:05:35,Ca Mau,Ca Mau,27.34,27.34,27.34,83.0,30.86,10000.0,0.0,97.0,2.39,6.4,236.0,1008.0,1,804,Clouds,overcast clouds,04d
2025-07-24 07:09:23,Ca Mau,Ca Mau,27.34,27.34,27.34,83.0,30.86,10000.0,0.0,97.0,2.39,6.4,236.0,1008.0,1,804,Clouds,overcast clouds,04d
2025-07-24 07:13:10,Ca Mau,Ca Mau,27.34,27.34,27.34,83.0,30.86,10000.0,0.0,97.0,2.39,6.4,236.0,1008.0,1,804,Clouds,overcast clouds,04d
2025-07-24 07:16:56,Ca Mau,Ca Mau,27.34,27.34,27.34,83.0,30.86,10000.0,0.0,97.0,2.39,6.4,236.0,1008.0,1,804,Clouds,overcast clouds,04d
2025-07-24 07:20:42,Ca Mau,Ca Mau,27.34,27.34,27.34,83.0,30.86,10000.0,0.0,97.0,2.39,6.4,236.0,1008.0,1,804,Clouds,overcast clouds,04d
2025-07-24 07:24:28,Ca Mau,Ca Mau,27.34,27.34,27.34,83.0,30.86,10000.0,0.0,97.0,2.39,6.4,236.0,1008.0,1,804,Clouds,overcast clouds,04d
2025-07-24 07:28:14,Ca Mau,Ca Mau,27.34,27.34,27.34,83.0,30.86,10000.0,0.0,97.0,2.39,6.4,236.0,1008.0,1,804,Clouds,overcast clouds,04d
2025-07-24 07:32:00,Ca Mau,Ca Mau,27.34,27.34,27.34,83.0,30.86,10000.0,0.0,97.0,2.39,6.4,236.0,1008.0,1,804,Clouds,overcast clouds,04d
2025-07-24 07:35:47,Ca Mau,Ca Mau,29.72,29.72,29.72,70.0,34.37,10000.0,0.0,73.0,4.07,6.62,255.0,1008.0,1,803,Clouds,broken clouds,04d
2025-07-24 07:39:33,Ca Mau,Ca Mau,29.72,29.72,29.72,70.0,34.37,10000.0,0.0,73.0,4.07,6.62,255.0,1008.0,1,803,Clouds,broken clouds,04d
2025-07-24 07:43:19,Ca Mau,Ca Mau,29.72,29.72,29.72,70.0,34.37,10000.0,0.0,73.0,4.07,6.62,255.0,1008.0,1,803,Clouds,broken clouds,04d
2025-07-24 07:47:05,Ca Mau,Ca Mau,29.72,29.72,29.72,70.0,34.37,10000.0,0.0,73.0,4.07,6.62,255.0,1008.0,1,803,Clouds,broken clouds,04d
2025-07-24 07:50:53,Ca Mau,Ca Mau,29.72,29.72,29.72,70.0,34.37,10000.0,0.0,73.0,4.07,6.62,255.0,1008.0,1,803,Clouds,broken clouds,04d
2025-07-24 07:54:39,Ca Mau,Ca Mau,29.72,29.72,29.72,70.0,34.37,10000.0,0.0,73.0,4.07,6.62,255.0,1008.0,1,803,Clouds,broken clouds,04d
2025-07-24 07:58:26,Ca Mau,Ca Mau,29.72,29.72,29.72,70.0,34.37,10000.0,0.0,73.0,4.07,6.62,255.0,1008.0,1,803,Clouds,broken clouds,04d
2025-07-24 08:02:11,Ca Mau,Ca Mau,29.72,29.72,29.72,70.0,34.37,10000.0,0.0,73.0,4.07,6.62,255.0,1008.0,1,803,Clouds,broken clouds,04d
2025-07-24 08:05:57,Ca Mau,Ca Mau,29.53,29.53,29.53,70.0,33.92,10000.0,0.0,73.0,4.07,6.62,255.0,1008.0,1,803,Clouds,broken clouds,04d
2025-07-24 08:09:44,Ca Mau,Ca Mau,29.58,29.58,29.58,71.0,34.26,10000.0,0.0,73.0,4.07,6.62,255.0,1008.0,1,803,Clouds,broken clouds,04d
2025-07-24 08:13:30,Ca Mau,Ca Mau,29.58,29.58,29.58,71.0,34.26,10000.0,0.0,73.0,4.07,6.62,255.0,1008.0,1,803,Clouds,broken clouds,04d
2025-07-24 08:17:17,Ca Mau,Ca Mau,29.58,29.58,29.58,71.0,34.26,10000.0,0.0,73.0,4.07,6.62,255.0,1008.0,1,803,Clouds,broken clouds,04d
2025-07-24 08:21:04,Ca Mau,Ca Mau,29.58,29.58,29.58,71.0,34.26,10000.0,0.0,73.0,4.07,6.62,255.0,1008.0,1,803,Clouds,broken clouds,04d
2025-07-24 08:24:51,Ca Mau,Ca Mau,29.58,29.58,29.58,71.0,34.26,10000.0,0.0,73.0,4.07,6.62,255.0,1008.0,1,803,Clouds,broken clouds,04d
2025-07-24 08:28:37,Ca Mau,Ca Mau,29.58,29.58,29.58,71.0,34.26,10000.0,0.0,73.0,4.07,6.62,255.0,1008.0,1,803,Clouds,broken clouds,04d
2025-07-24 08:32:23,Ca Mau,Ca Mau,29.58,29.58,29.58,71.0,34.26,10000.0,0.0,73.0,4.07,6.62,255.0,1008.0,1,803,Clouds,broken clouds,04d
2025-07-24 08:36:10,Ca Mau,Ca Mau,29.58,29.58,29.58,71.0,34.26,10000.0,0.0,73.0,4.07,6.62,255.0,1008.0,1,803,Clouds,broken clouds,04d
2025-07-24 08:39:56,Ca Mau,Ca Mau,31.16,31.16,31.16,62.0,35.71,10000.0,0.0,89.0,4.44,8.04,259.0,1008.0,1,804,Clouds,overcast clouds,04d
2025-07-24 08:43:42,Ca Mau,Ca Mau,31.16,31.16,31.16,62.0,35.71,10000.0,0.0,89.0,4.44,8.04,259.0,1008.0,1,804,Clouds,overcast clouds,04d
2025-07-24 08:47:28,Ca Mau,Ca Mau,31.16,31.16,31.16,62.0,35.71,10000.0,0.0,89.0,4.44,8.04,259.0,1008.0,1,804,Clouds,overcast clouds,04d
2025-07-24 08:51:14,Ca Mau,Ca Mau,31.23,31.23,31.23,62.0,35.87,10000.0,0.0,89.0,4.44,8.04,259.0,1008.0,1,804,Clouds,overcast clouds,04d
2025-07-24 08:55:01,Ca Mau,Ca Mau,31.23,31.23,31.23,62.0,35.87,10000.0,0.0,89.0,4.44,8.04,259.0,1008.0,1,804,Clouds,overcast clouds,04d
2025-07-24 08:58:47,Ca Mau,Ca Mau,31.23,31.23,31.23,62.0,35.87,10000.0,0.0,89.0,4.44,8.04,259.0,1008.0,1,804,Clouds,overcast clouds,04d
2025-07-24 09:02:33,Ca Mau,Ca Mau,31.23,31.23,31.23,62.0,35.87,10000.0,0.0,89.0,4.44,8.04,259.0,1008.0,1,804,Clouds,overcast clouds,04d
2025-07-24 09:06:20,Ca Mau,Ca Mau,31.18,31.18,31.18,62.0,35.76,10000.0,0.0,89.0,4.44,8.04,259.0,1008.0,1,804,Clouds,overcast clouds,04d
2025-07-24 09:10:09,Ca Mau,Ca Mau,31.18,31.18,31.18,62.0,35.76,10000.0,0.0,89.0,4.44,8.04,259.0,1008.0,1,804,Clouds,overcast clouds,04d
2025-07-24 09:13:55,Ca Mau,Ca Mau,31.18,31.18,31.18,62.0,35.76,10000.0,0.0,89.0,4.44,8.04,259.0,1008.0,1,804,Clouds,overcast clouds,04d
2025-07-24 09:17:41,Ca Mau,Ca Mau,31.18,31.18,31.18,62.0,35.76,10000.0,0.0,89.0,4.44,8.04,259.0,1008.0,1,804,Clouds,overcast clouds,04d
2025-07-24 09:21:27,Ca Mau,Ca Mau,31.19,31.19,31.19,62.0,35.78,10000.0,0.0,89.0,4.44,8.04,259.0,1008.0,1,804,Clouds,overcast clouds,04d
2025-07-24 09:25:13,Ca Mau,Ca Mau,31.19,31.19,31.19,62.0,35.78,10000.0,0.0,89.0,4.44,8.04,259.0,1008.0,1,804,Clouds,overcast clouds,04d
2025-07-24 09:28:59,Ca Mau,Ca Mau,31.19,31.19,31.19,62.0,35.78,10000.0,0.0,89.0,4.44,8.04,259.0,1008.0,1,804,Clouds,overcast clouds,04d
2025-07-24 09:32:45,Ca Mau,Ca Mau,32.82,32.82,32.82,54.0,37.1,10000.0,0.0,86.0,5.13,9.22,263.0,1008.0,1,804,Clouds,overcast clouds,04d
2025-07-24 09:36:31,Ca Mau,Ca Mau,32.82,32.82,32.82,54.0,37.1,10000.0,0.0,86.0,5.13,9.22,263.0,1008.0,1,804,Clouds,overcast clouds,04d
2025-07-24 09:40:17,Ca Mau,Ca Mau,32.82,32.82,32.82,54.0,37.1,10000.0,0.0,86.0,5.13,9.22,263.0,1008.0,1,804,Clouds,overcast clouds,04d
2025-07-24 09:44:03,Ca Mau,Ca Mau,32.82,32.82,32.82,54.0,37.1,10000.0,0.0,86.0,5.13,9.22,263.0,1008.0,1,804,Clouds,overcast clouds,04d
2025-07-24 09:47:49,Ca Mau,Ca Mau,32.82,32.82,32.82,54.0,37.1,10000.0,0.0,86.0,5.13,9.22,263.0,1008.0,1,804,Clouds,overcast clouds,04d
2025-07-24 09:51:35,Ca Mau,Ca Mau,32.82,32.82,32.82,54.0,37.1,10000.0,0.0,86.0,5.13,9.22,263.0,1008.0,1,804,Clouds,overcast clouds,04d
2025-07-24 09:55:21,Ca Mau,Ca Mau,32.82,32.82,32.82,54.0,37.1,10000.0,0.0,86.0,5.13,9.22,263.0,1008.0,1,804,Clouds,overcast clouds,04d
2025-07-24 09:59:07,Ca Mau,Ca Mau,32.89,32.89,32.89,53.0,36.94,10000.0,0.0,86.0,5.13,9.22,263.0,1008.0,1,804,Clouds,overcast clouds,04d
2025-07-24 10:02:53,Ca Mau,Ca Mau,32.89,32.89,32.89,53.0,36.94,10000.0,0.0,86.0,5.13,9.22,263.0,1008.0,1,804,Clouds,overcast clouds,04d
2025-07-24 10:06:39,Ca Mau,Ca Mau,32.85,32.85,32.85,54.0,37.16,10000.0,0.0,86.0,5.13,9.22,263.0,1008.0,1,804,Clouds,overcast clouds,04d
2025-07-24 10:10:25,Ca Mau,Ca Mau,32.85,32.85,32.85,54.0,37.16,10000.0,0.0,86.0,5.13,9.22,263.0,1008.0,1,804,Clouds,overcast clouds,04d
2025-07-24 10:14:11,Ca Mau,Ca Mau,32.85,32.85,32.85,54.0,37.16,10000.0,0.0,86.0,5.13,9.22,263.0,1008.0,1,804,Clouds,overcast clouds,04d
2025-07-24 10:17:58,Ca Mau,Ca Mau,32.85,32.85,32.85,54.0,37.16,10000.0,0.0,86.0,5.13,9.22,263.0,1008.0,1,804,Clouds,overcast clouds,04d
2025-07-24 10:21:44,Ca Mau,Ca Mau,32.85,32.85,32.85,54.0,37.16,10000.0,0.0,86.0,5.13,9.22,263.0,1008.0,1,804,Clouds,overcast clouds,04d
2025-07-24 10:25:30,Ca Mau,Ca Mau,32.85,32.85,32.85,54.0,37.16,10000.0,0.0,86.0,5.13,9.22,263.0,1008.0,1,804,Clouds,overcast clouds,04d
2025-07-24 10:29:17,Ca Mau,Ca Mau,32.85,32.85,32.85,54.0,37.16,10000.0,0.0,86.0,5.13,9.22,263.0,1008.0,1,804,Clouds,overcast clouds,04d
2025-07-24 10:33:05,Ca Mau,Ca Mau,32.85,32.85,32.85,54.0,37.16,10000.0,0.0,86.0,5.13,9.22,263.0,1008.0,1,804,Clouds,overcast clouds,04d
2025-07-24 10:36:52,Ca Mau,Ca Mau,33.72,33.72,33.72,49.0,37.47,10000.0,0.0,84.0,5.66,11.01,265.0,1008.0,1,803,Clouds,broken clouds,04d
2025-07-24 10:40:38,Ca Mau,Ca Mau,33.72,33.72,33.72,49.0,37.47,10000.0,0.0,84.0,5.66,11.01,265.0,1008.0,1,803,Clouds,broken clouds,04d
2025-07-24 10:44:24,Ca Mau,Ca Mau,33.72,33.72,33.72,49.0,37.47,10000.0,0.0,84.0,5.66,11.01,265.0,1008.0,1,803,Clouds,broken clouds,04d
2025-07-24 10:48:10,Ca Mau,Ca Mau,33.78,33.78,33.78,49.0,37.59,10000.0,0.0,84.0,5.66,11.01,265.0,1008.0,1,803,Clouds,broken clouds,04d
2025-07-24 10:51:57,Ca Mau,Ca Mau,33.78,33.78,33.78,49.0,37.59,10000.0,0.0,84.0,5.66,11.01,265.0,1008.0,1,803,Clouds,broken clouds,04d
2025-07-24 10:55:43,Ca Mau,Ca Mau,33.78,33.78,33.78,49.0,37.59,10000.0,0.0,84.0,5.66,11.01,265.0,1008.0,1,803,Clouds,broken clouds,04d
2025-07-24 10:59:28,Ca Mau,Ca Mau,33.78,33.78,33.78,49.0,37.59,10000.0,0.0,84.0,5.66,11.01,265.0,1008.0,1,803,Clouds,broken clouds,04d
2025-07-24 11:03:14,Ca Mau,Ca Mau,33.73,33.73,33.73,49.0,37.49,10000.0,0.0,84.0,5.66,11.01,265.0,1008.0,1,803,Clouds,broken clouds,04d
2025-07-24 11:07:01,Ca Mau,Ca Mau,33.73,33.73,33.73,49.0,37.49,10000.0,0.0,84.0,5.66,11.01,265.0,1008.0,1,803,Clouds,broken clouds,04d
2025-07-24 11:10:47,Ca Mau,Ca Mau,33.73,33.73,33.73,49.0,37.49,10000.0,0.0,84.0,5.66,11.01,265.0,1008.0,1,803,Clouds,broken clouds,04d
2025-07-24 11:14:32,Ca Mau,Ca Mau,33.73,33.73,33.73,49.0,37.49,10000.0,0.0,84.0,5.66,11.01,265.0,1008.0,1,803,Clouds,broken clouds,04d
2025-07-24 11:18:18,Ca Mau,Ca Mau,33.73,33.73,33.73,49.0,37.49,10000.0,0.0,84.0,5.66,11.01,265.0,1008.0,1,803,Clouds,broken clouds,04d
2025-07-24 11:22:05,Ca Mau,Ca Mau,33.74,33.74,33.74,49.0,37.51,10000.0,0.0,84.0,5.66,11.01,265.0,1008.0,1,803,Clouds,broken clouds,04d
2025-07-24 11:25:51,Ca Mau,Ca Mau,33.74,33.74,33.74,49.0,37.51,10000.0,0.0,84.0,5.66,11.01,265.0,1008.0,1,803,Clouds,broken clouds,04d
2025-07-24 11:29:37,Ca Mau,Ca Mau,33.74,33.74,33.74,49.0,37.51,10000.0,0.0,84.0,5.66,11.01,265.0,1008.0,1,803,Clouds,broken clouds,04d
2025-07-24 11:33:23,Ca Mau,Ca Mau,33.74,33.74,33.74,48.0,37.2,10000.0,0.0,87.0,6.06,11.42,263.0,1007.0,1,804,Clouds,overcast clouds,04d
2025-07-24 11:37:11,Ca Mau,Ca Mau,33.74,33.74,33.74,48.0,37.2,10000.0,0.0,87.0,6.06,11.42,263.0,1007.0,1,804,Clouds,overcast clouds,04d
2025-07-24 11:40:59,Ca Mau,Ca Mau,33.74,33.74,33.74,48.0,37.2,10000.0,0.0,87.0,6.06,11.42,263.0,1007.0,1,804,Clouds,overcast clouds,04d
2025-07-24 11:44:45,Ca Mau,Ca Mau,33.74,33.74,33.74,48.0,37.2,10000.0,0.0,87.0,6.06,11.42,263.0,1007.0,1,804,Clouds,overcast clouds,04d
2025-07-24 11:48:31,Ca Mau,Ca Mau,33.74,33.74,33.74,48.0,37.2,10000.0,0.0,87.0,6.06,11.42,263.0,1007.0,1,804,Clouds,overcast clouds,04d
2025-07-24 11:52:17,Ca Mau,Ca Mau,33.75,33.75,33.75,48.0,37.22,10000.0,0.0,87.0,6.06,11.42,263.0,1007.0,1,804,Clouds,overcast clouds,04d
2025-07-24 11:56:03,Ca Mau,Ca Mau,33.75,33.75,33.75,48.0,37.22,10000.0,0.0,87.0,6.06,11.42,263.0,1007.0,1,804,Clouds,overcast clouds,04d
2025-07-24 11:59:49,Ca Mau,Ca Mau,33.75,33.75,33.75,48.0,37.22,10000.0,0.0,87.0,6.06,11.42,263.0,1007.0,1,804,Clouds,overcast clouds,04d
2025-07-24 12:03:36,Ca Mau,Ca Mau,33.71,33.71,33.71,49.0,37.45,10000.0,0.0,87.0,6.06,11.42,263.0,1007.0,1,804,Clouds,overcast clouds,04d
2025-07-24 12:07:23,Ca Mau,Ca Mau,33.71,33.71,33.71,49.0,37.45,10000.0,0.0,87.0,6.06,11.42,263.0,1007.0,1,804,Clouds,overcast clouds,04d
2025-07-24 12:11:13,Ca Mau,Ca Mau,33.71,33.71,33.71,49.0,37.45,10000.0,0.0,87.0,6.06,11.42,263.0,1007.0,1,804,Clouds,overcast clouds,04d
2025-07-24 12:14:59,Ca Mau,Ca Mau,33.71,33.71,33.71,49.0,37.45,10000.0,0.0,87.0,6.06,11.42,263.0,1007.0,1,804,Clouds,overcast clouds,04d
2025-07-24 12:18:45,Ca Mau,Ca Mau,33.71,33.71,33.71,49.0,37.45,10000.0,0.0,87.0,6.06,11.42,263.0,1007.0,1,804,Clouds,overcast clouds,04d
2025-07-24 12:22:31,Ca Mau,Ca Mau,33.71,33.71,33.71,49.0,37.45,10000.0,0.0,87.0,6.06,11.42,263.0,1007.0,1,804,Clouds,overcast clouds,04d
2025-07-24 12:26:19,Ca Mau,Ca Mau,33.71,33.71,33.71,49.0,37.45,10000.0,0.0,87.0,6.06,11.42,263.0,1007.0,1,804,Clouds,overcast clouds,04d
2025-07-24 12:30:05,Ca Mau,Ca Mau,34.08,34.08,34.08,46.0,37.27,10000.0,0.0,90.0,5.98,11.06,270.0,1006.0,1,804,Clouds,overcast clouds,04d
2025-07-24 12:33:53,Ca Mau,Ca Mau,34.08,34.08,34.08,46.0,37.27,10000.0,0.0,90.0,5.98,11.06,270.0,1006.0,1,804,Clouds,overcast clouds,04d
2025-07-24 12:37:39,Ca Mau,Ca Mau,34.12,34.12,34.12,46.0,37.35,10000.0,0.0,90.0,5.98,11.06,270.0,1006.0,1,804,Clouds,overcast clouds,04d
2025-07-24 12:41:26,Ca Mau,Ca Mau,34.12,34.12,34.12,46.0,37.35,10000.0,0.0,90.0,5.98,11.06,270.0,1006.0,1,804,Clouds,overcast clouds,04d
2025-07-24 12:45:12,Ca Mau,Ca Mau,34.12,34.12,34.12,46.0,37.35,10000.0,0.0,90.0,5.98,11.06,270.0,1006.0,1,804,Clouds,overcast clouds,04d
2025-07-24 12:48:57,Ca Mau,Ca Mau,34.12,34.12,34.12,46.0,37.35,10000.0,0.0,90.0,5.98,11.06,270.0,1006.0,1,804,Clouds,overcast clouds,04d
2025-07-24 12:52:44,Ca Mau,Ca Mau,34.12,34.12,34.12,46.0,37.35,10000.0,0.0,90.0,5.98,11.06,270.0,1006.0,1,804,Clouds,overcast clouds,04d
2025-07-24 12:56:30,Ca Mau,Ca Mau,34.12,34.12,34.12,46.0,37.35,10000.0,0.0,97.0,6.1,10.65,269.0,1006.0,1,804,Clouds,overcast clouds,04d
2025-07-24 13:00:16,Ca Mau,Ca Mau,34.12,34.12,34.12,46.0,37.35,10000.0,0.0,97.0,6.1,10.65,269.0,1006.0,1,804,Clouds,overcast clouds,04d
2025-07-24 13:04:02,Ca Mau,Ca Mau,34.12,34.12,34.12,46.0,37.35,10000.0,0.0,97.0,6.1,10.65,269.0,1006.0,1,804,Clouds,overcast clouds,04d
2025-07-24 13:07:47,Ca Mau,Ca Mau,34.12,34.12,34.12,46.0,37.35,10000.0,0.0,97.0,6.1,10.65,269.0,1006.0,1,804,Clouds,overcast clouds,04d
2025-07-24 13:11:33,Ca Mau,Ca Mau,34.12,34.12,34.12,46.0,37.35,10000.0,0.0,97.0,6.1,10.65,269.0,1006.0,1,804,Clouds,overcast clouds,04d
2025-07-24 13:15:20,Ca Mau,Ca Mau,34.12,34.12,34.12,46.0,37.35,10000.0,0.0,97.0,6.1,10.65,269.0,1006.0,1,804,Clouds,overcast clouds,04d
2025-07-24 13:19:08,Ca Mau,Ca Mau,34.12,34.12,34.12,46.0,37.35,10000.0,0.0,97.0,6.1,10.65,269.0,1006.0,1,804,Clouds,overcast clouds,04d
2025-07-24 13:22:57,Ca Mau,Ca Mau,33.88,33.88,33.88,48.0,37.48,10000.0,0.0,97.0,6.1,10.65,269.0,1006.0,1,804,Clouds,overcast clouds,04d
2025-07-24 13:26:50,Ca Mau,Ca Mau,33.88,33.88,33.88,48.0,37.48,10000.0,0.0,97.0,6.1,10.65,269.0,1006.0,1,804,Clouds,overcast clouds,04d
2025-07-24 13:30:40,Ca Mau,Ca Mau,33.88,33.88,33.88,48.0,37.48,10000.0,0.0,97.0,6.1,10.65,269.0,1006.0,1,804,Clouds,overcast clouds,04d
2025-07-24 13:34:26,Ca Mau,Ca Mau,33.42,33.42,33.42,49.0,36.85,10000.0,0.0,100.0,6.08,11.17,270.0,1005.0,1,804,Clouds,overcast clouds,04d
2025-07-24 13:38:12,Ca Mau,Ca Mau,33.42,33.42,33.42,49.0,36.85,10000.0,0.0,100.0,6.08,11.17,270.0,1005.0,1,804,Clouds,overcast clouds,04d
2025-07-24 13:41:57,Ca Mau,Ca Mau,33.42,33.42,33.42,49.0,36.85,10000.0,0.0,100.0,6.08,11.17,270.0,1005.0,1,804,Clouds,overcast clouds,04d
2025-07-24 13:45:43,Ca Mau,Ca Mau,33.42,33.42,33.42,49.0,36.85,10000.0,0.0,100.0,6.08,11.17,270.0,1005.0,1,804,Clouds,overcast clouds,04d
2025-07-24 13:49:30,Ca Mau,Ca Mau,33.42,33.42,33.42,49.0,36.85,10000.0,0.0,100.0,6.08,11.17,270.0,1005.0,1,804,Clouds,overcast clouds,04d
2025-07-24 13:53:16,Ca Mau,Ca Mau,33.42,33.42,33.42,49.0,36.85,10000.0,0.0,100.0,6.08,11.17,270.0,1005.0,1,804,Clouds,overcast clouds,04d
2025-07-24 13:57:02,Ca Mau,Ca Mau,33.43,33.43,33.43,49.0,36.87,10000.0,0.0,100.0,6.08,11.17,270.0,1005.0,1,804,Clouds,overcast clouds,04d
2025-07-24 14:00:49,Ca Mau,Ca Mau,33.43,33.43,33.43,49.0,36.87,10000.0,0.0,100.0,6.08,11.17,270.0,1005.0,1,804,Clouds,overcast clouds,04d
2025-07-24 14:04:35,Ca Mau,Ca Mau,33.43,33.43,33.43,49.0,36.87,10000.0,0.0,100.0,6.08,11.17,270.0,1005.0,1,804,Clouds,overcast clouds,04d
2025-07-24 14:08:21,Ca Mau,Ca Mau,33.43,33.43,33.43,49.0,36.87,10000.0,0.0,100.0,6.08,11.17,270.0,1005.0,1,804,Clouds,overcast clouds,04d
2025-07-24 14:12:07,Ca Mau,Ca Mau,33.43,33.43,33.43,49.0,36.87,10000.0,0.0,100.0,6.08,11.17,270.0,1005.0,1,804,Clouds,overcast clouds,04d
2025-07-24 14:15:54,Ca Mau,Ca Mau,33.43,33.43,33.43,49.0,36.87,10000.0,0.0,100.0,6.08,11.17,270.0,1005.0,1,804,Clouds,overcast clouds,04d
2025-07-24 14:19:40,Ca Mau,Ca Mau,33.43,33.43,33.43,49.0,36.87,10000.0,0.0,100.0,6.08,11.17,270.0,1005.0,1,804,Clouds,overcast clouds,04d
2025-07-24 14:23:26,Ca Mau,Ca Mau,33.35,33.35,33.35,50.0,37.0,10000.0,0.0,100.0,6.08,11.17,270.0,1005.0,1,804,Clouds,overcast clouds,04d
2025-07-24 14:27:13,Ca Mau,Ca Mau,33.35,33.35,33.35,50.0,37.0,10000.0,0.0,100.0,6.08,11.17,270.0,1005.0,1,804,Clouds,overcast clouds,04d
2025-07-24 14:31:00,Ca Mau,Ca Mau,33.35,33.35,33.35,50.0,37.0,10000.0,0.0,100.0,6.08,11.17,270.0,1005.0,1,804,Clouds,overcast clouds,04d
2025-07-24 14:34:47,Ca Mau,Ca Mau,31.85,31.85,31.85,56.0,35.6,10000.0,0.0,100.0,5.66,9.65,269.0,1005.0,1,804,Clouds,overcast clouds,04d
2025-07-24 14:38:33,Ca Mau,Ca Mau,31.85,31.85,31.85,56.0,35.6,10000.0,0.0,100.0,5.66,9.65,269.0,1005.0,1,804,Clouds,overcast clouds,04d
2025-07-24 14:42:18,Ca Mau,Ca Mau,31.85,31.85,31.85,56.0,35.6,10000.0,0.0,100.0,5.66,9.65,269.0,1005.0,1,804,Clouds,overcast clouds,04d
2025-07-24 14:46:04,Ca Mau,Ca Mau,31.85,31.85,31.85,56.0,35.6,10000.0,0.0,100.0,5.66,9.65,269.0,1005.0,1,804,Clouds,overcast clouds,04d
2025-07-24 14:49:54,Ca Mau,Ca Mau,31.85,31.85,31.85,56.0,35.6,10000.0,0.0,100.0,5.66,9.65,269.0,1005.0,1,804,Clouds,overcast clouds,04d
2025-07-24 14:53:46,Ca Mau,Ca Mau,31.85,31.85,31.85,56.0,35.6,10000.0,0.0,100.0,5.66,9.65,269.0,1005.0,1,804,Clouds,overcast clouds,04d
2025-07-24 14:57:34,Ca Mau,Ca Mau,31.85,31.85,31.85,56.0,35.6,10000.0,0.0,100.0,5.66,9.65,269.0,1005.0,1,804,Clouds,overcast clouds,04d
2025-07-24 15:01:20,Ca Mau,Ca Mau,31.85,31.85,31.85,56.0,35.6,10000.0,0.0,100.0,5.66,9.65,269.0,1005.0,1,804,Clouds,overcast clouds,04d
2025-07-24 15:05:07,Ca Mau,Ca Mau,31.85,31.85,31.85,56.0,35.6,10000.0,0.0,100.0,5.66,9.65,269.0,1005.0,1,804,Clouds,overcast clouds,04d
2025-07-24 15:08:53,Ca Mau,Ca Mau,31.85,31.85,31.85,56.0,35.6,10000.0,0.0,100.0,5.66,9.65,269.0,1005.0,1,804,Clouds,overcast clouds,04d
2025-07-24 15:12:39,Ca Mau,Ca Mau,31.85,31.85,31.85,56.0,35.6,10000.0,0.0,100.0,5.66,9.65,269.0,1005.0,1,804,Clouds,overcast clouds,04d
2025-07-24 15:16:25,Ca Mau,Ca Mau,31.86,31.86,31.86,56.0,35.62,10000.0,0.0,100.0,5.66,9.65,269.0,1005.0,1,804,Clouds,overcast clouds,04d
2025-07-24 15:20:11,Ca Mau,Ca Mau,31.86,31.86,31.86,56.0,35.62,10000.0,0.0,100.0,5.66,9.65,269.0,1005.0,1,804,Clouds,overcast clouds,04d
2025-07-24 15:23:58,Ca Mau,Ca Mau,31.86,31.86,31.86,56.0,35.62,10000.0,0.0,100.0,5.66,9.65,269.0,1005.0,1,804,Clouds,overcast clouds,04d
2025-07-24 15:27:45,Ca Mau,Ca Mau,31.86,31.86,31.86,56.0,35.62,10000.0,0.0,100.0,5.66,9.65,269.0,1005.0,1,804,Clouds,overcast clouds,04d
2025-07-24 15:31:32,Ca Mau,Ca Mau,30.6,30.6,30.6,63.0,34.72,10000.0,0.0,100.0,5.34,8.82,267.0,1005.0,1,804,Clouds,overcast clouds,04d
2025-07-24 15:35:18,Ca Mau,Ca Mau,30.6,30.6,30.6,63.0,34.72,10000.0,0.0,100.0,5.34,8.82,267.0,1005.0,1,804,Clouds,overcast clouds,04d
2025-07-24 15:39:04,Ca Mau,Ca Mau,30.6,30.6,30.6,63.0,34.72,10000.0,0.0,100.0,5.34,8.82,267.0,1005.0,1,804,Clouds,overcast clouds,04d
2025-07-24 15:42:51,Ca Mau,Ca Mau,30.6,30.6,30.6,63.0,34.72,10000.0,0.0,100.0,5.34,8.82,267.0,1005.0,1,804,Clouds,overcast clouds,04d
2025-07-24 15:46:37,Ca Mau,Ca Mau,30.6,30.6,30.6,63.0,34.72,10000.0,0.0,100.0,5.34,8.82,267.0,1005.0,1,804,Clouds,overcast clouds,04d
2025-07-24 15:50:24,Ca Mau,Ca Mau,30.59,30.59,30.59,63.0,34.7,10000.0,0.0,100.0,5.34,8.82,267.0,1005.0,1,804,Clouds,overcast clouds,04d
2025-07-24 15:54:10,Ca Mau,Ca Mau,30.59,30.59,30.59,63.0,34.7,10000.0,0.0,100.0,5.34,8.82,267.0,1005.0,1,804,Clouds,overcast clouds,04d
2025-07-24 15:57:57,Ca Mau,Ca Mau,30.59,30.59,30.59,63.0,34.7,10000.0,0.0,100.0,5.34,8.82,267.0,1005.0,1,804,Clouds,overcast clouds,04d
2025-07-24 16:01:44,Ca Mau,Ca Mau,30.59,30.59,30.59,63.0,34.7,10000.0,0.0,100.0,5.34,8.82,267.0,1005.0,1,804,Clouds,overcast clouds,04d
2025-07-24 16:05:37,Ca Mau,Ca Mau,30.63,30.63,30.63,63.0,34.79,10000.0,0.0,100.0,5.34,8.82,267.0,1005.0,1,804,Clouds,overcast clouds,04d
2025-07-24 16:09:23,Ca Mau,Ca Mau,30.63,30.63,30.63,63.0,34.79,10000.0,0.0,100.0,5.34,8.82,267.0,1005.0,1,804,Clouds,overcast clouds,04d
2025-07-24 16:13:09,Ca Mau,Ca Mau,30.63,30.63,30.63,63.0,34.79,10000.0,0.0,100.0,5.34,8.82,267.0,1005.0,1,804,Clouds,overcast clouds,04d
2025-07-24 16:17:02,Ca Mau,Ca Mau,30.63,30.63,30.63,63.0,34.79,10000.0,0.0,100.0,5.34,8.82,267.0,1005.0,1,804,Clouds,overcast clouds,04d
2025-07-24 16:20:49,Ca Mau,Ca Mau,30.63,30.63,30.63,63.0,34.79,10000.0,0.0,100.0,5.34,8.82,267.0,1005.0,1,804,Clouds,overcast clouds,04d
2025-07-24 16:24:34,Ca Mau,Ca Mau,30.63,30.63,30.63,63.0,34.79,10000.0,0.0,100.0,5.34,8.82,267.0,1005.0,1,804,Clouds,overcast clouds,04d
2025-07-24 16:28:21,Ca Mau,Ca Mau,30.63,30.63,30.63,63.0,34.79,10000.0,0.0,100.0,5.34,8.82,267.0,1005.0,1,804,Clouds,overcast clouds,04d
2025-07-24 16:32:08,Ca Mau,Ca Mau,30.63,30.63,30.63,63.0,34.79,10000.0,0.0,100.0,5.34,8.82,267.0,1005.0,1,804,Clouds,overcast clouds,04d
2025-07-24 16:35:54,Ca Mau,Ca Mau,30.23,30.23,30.23,65.0,34.38,10000.0,0.0,100.0,5.0,8.69,266.0,1005.0,1,804,Clouds,overcast clouds,04d
2025-07-24 16:39:41,Ca Mau,Ca Mau,30.23,30.23,30.23,65.0,34.38,10000.0,0.0,100.0,5.0,8.69,266.0,1005.0,1,804,Clouds,overcast clouds,04d
2025-07-24 16:43:27,Ca Mau,Ca Mau,30.23,30.23,30.23,65.0,34.38,10000.0,0.0,100.0,5.0,8.69,266.0,1005.0,1,804,Clouds,overcast clouds,04d
2025-07-24 16:47:13,Ca Mau,Ca Mau,30.18,30.18,30.18,65.0,34.27,10000.0,0.0,100.0,5.0,8.69,266.0,1005.0,1,804,Clouds,overcast clouds,04d
2025-07-24 16:50:59,Ca Mau,Ca Mau,30.18,30.18,30.18,65.0,34.27,10000.0,0.0,100.0,5.0,8.69,266.0,1005.0,1,804,Clouds,overcast clouds,04d
2025-07-24 16:54:45,Ca Mau,Ca Mau,30.18,30.18,30.18,65.0,34.27,10000.0,0.0,100.0,5.0,8.69,266.0,1005.0,1,804,Clouds,overcast clouds,04d
2025-07-24 16:58:31,Ca Mau,Ca Mau,30.18,30.18,30.18,65.0,34.27,10000.0,0.0,100.0,5.0,8.69,266.0,1005.0,1,804,Clouds,overcast clouds,04d
2025-07-24 17:02:17,Ca Mau,Ca Mau,30.18,30.18,30.18,65.0,34.27,10000.0,0.0,100.0,5.0,8.69,266.0,1005.0,1,804,Clouds,overcast clouds,04d
2025-07-24 17:06:04,Ca Mau,Ca Mau,30.18,30.18,30.18,65.0,34.27,10000.0,0.0,100.0,5.0,8.69,266.0,1005.0,1,804,Clouds,overcast clouds,04d
2025-07-24 17:09:50,Ca Mau,Ca Mau,30.21,30.21,30.21,65.0,34.34,10000.0,0.0,100.0,5.0,8.69,266.0,1005.0,1,804,Clouds,overcast clouds,04d
2025-07-24 17:13:37,Ca Mau,Ca Mau,30.21,30.21,30.21,65.0,34.34,10000.0,0.0,100.0,5.0,8.69,266.0,1005.0,1,804,Clouds,overcast clouds,04d
2025-07-24 17:17:23,Ca Mau,Ca Mau,30.21,30.21,30.21,65.0,34.34,10000.0,0.0,100.0,5.0,8.69,266.0,1005.0,1,804,Clouds,overcast clouds,04d
2025-07-24 17:21:10,Ca Mau,Ca Mau,30.21,30.21,30.21,65.0,34.34,10000.0,0.0,100.0,5.0,8.69,266.0,1005.0,1,804,Clouds,overcast clouds,04d
2025-07-24 17:24:58,Ca Mau,Ca Mau,30.21,30.21,30.21,65.0,34.34,10000.0,0.0,100.0,5.0,8.69,266.0,1005.0,1,804,Clouds,overcast clouds,04d
2025-07-24 17:28:44,Ca Mau,Ca Mau,30.21,30.21,30.21,65.0,34.34,10000.0,0.0,100.0,5.0,8.69,266.0,1005.0,1,804,Clouds,overcast clouds,04d
2025-07-24 17:32:31,Ca Mau,Ca Mau,28.93,28.93,28.93,73.0,33.13,10000.0,0.0,100.0,3.62,7.91,262.0,1006.0,1,804,Clouds,overcast clouds,04d
2025-07-24 17:36:17,Ca Mau,Ca Mau,30.21,30.21,30.21,65.0,34.34,10000.0,0.0,100.0,5.0,8.69,266.0,1005.0,1,804,Clouds,overcast clouds,04d
2025-07-24 17:40:07,Ca Mau,Ca Mau,28.93,28.93,28.93,73.0,33.13,10000.0,0.0,100.0,3.62,7.91,262.0,1006.0,1,804,Clouds,overcast clouds,04d
2025-07-24 17:43:55,Ca Mau,Ca Mau,28.93,28.93,28.93,73.0,33.13,10000.0,0.0,100.0,3.62,7.91,262.0,1006.0,1,804,Clouds,overcast clouds,04d
2025-07-24 17:47:41,Ca Mau,Ca Mau,28.93,28.93,28.93,73.0,33.13,10000.0,0.0,100.0,3.62,7.91,262.0,1006.0,1,804,Clouds,overcast clouds,04d
2025-07-24 17:51:27,Ca Mau,Ca Mau,28.93,28.93,28.93,73.0,33.13,10000.0,0.0,100.0,3.62,7.91,262.0,1006.0,1,804,Clouds,overcast clouds,04d
2025-07-24 17:55:14,Ca Mau,Ca Mau,28.93,28.93,28.93,73.0,33.13,10000.0,0.0,100.0,3.62,7.91,262.0,1006.0,1,804,Clouds,overcast clouds,04d
2025-07-24 17:59:00,Ca Mau,Ca Mau,28.93,28.93,28.93,73.0,33.13,10000.0,0.0,100.0,3.62,7.91,262.0,1006.0,1,804,Clouds,overcast clouds,04d
2025-07-24 18:02:48,Ca Mau,Ca Mau,28.93,28.93,28.93,73.0,33.13,10000.0,0.0,100.0,3.62,7.91,262.0,1006.0,1,804,Clouds,overcast clouds,04d
2025-07-24 18:06:34,Ca Mau,Ca Mau,28.91,28.91,28.91,73.0,33.09,10000.0,0.0,100.0,3.62,7.91,262.0,1006.0,1,804,Clouds,overcast clouds,04d
2025-07-24 18:10:21,Ca Mau,Ca Mau,28.91,28.91,28.91,73.0,33.09,10000.0,0.0,100.0,3.62,7.91,262.0,1006.0,1,804,Clouds,overcast clouds,04d
2025-07-24 18:14:09,Ca Mau,Ca Mau,28.91,28.91,28.91,73.0,33.09,10000.0,0.0,100.0,3.62,7.91,262.0,1006.0,1,804,Clouds,overcast clouds,04d
2025-07-24 18:17:56,Ca Mau,Ca Mau,28.91,28.91,28.91,73.0,33.09,10000.0,0.0,100.0,3.62,7.91,262.0,1006.0,1,804,Clouds,overcast clouds,04d
2025-07-24 18:21:43,Ca Mau,Ca Mau,28.91,28.91,28.91,73.0,33.09,10000.0,0.0,100.0,3.62,7.91,262.0,1006.0,1,804,Clouds,overcast clouds,04d
2025-07-24 18:26:44,Ca Mau,Ca Mau,28.91,28.91,28.91,73.0,33.09,10000.0,0.0,100.0,3.62,7.91,262.0,1006.0,0,804,Clouds,overcast clouds,04d
2025-07-24 18:30:38,Ca Mau,Ca Mau,27.86,27.86,27.86,78.0,31.46,10000.0,0.0,99.0,3.29,8.14,264.0,1006.0,0,804,Clouds,overcast clouds,04n
2025-07-24 18:34:25,Ca Mau,Ca Mau,27.86,27.86,27.86,78.0,31.46,10000.0,0.0,99.0,3.29,8.14,264.0,1006.0,0,804,Clouds,overcast clouds,04n
2025-07-24 18:38:11,Ca Mau,Ca Mau,27.81,27.81,27.81,78.0,31.35,10000.0,0.0,99.0,3.29,8.14,264.0,1006.0,0,804,Clouds,overcast clouds,04n
2025-07-24 18:41:57,Ca Mau,Ca Mau,27.81,27.81,27.81,78.0,31.35,10000.0,0.0,99.0,3.29,8.14,264.0,1006.0,0,804,Clouds,overcast clouds,04n
2025-07-24 18:45:44,Ca Mau,Ca Mau,27.81,27.81,27.81,78.0,31.35,10000.0,0.0,99.0,3.29,8.14,264.0,1006.0,0,804,Clouds,overcast clouds,04n
2025-07-24 18:49:30,Ca Mau,Ca Mau,27.8,27.8,27.8,78.0,31.32,10000.0,0.0,99.0,3.29,8.14,264.0,1006.0,0,804,Clouds,overcast clouds,04n
2025-07-24 18:53:17,Ca Mau,Ca Mau,27.8,27.8,27.8,78.0,31.32,10000.0,0.0,99.0,3.29,8.14,264.0,1006.0,0,804,Clouds,overcast clouds,04n
2025-07-24 18:57:04,Ca Mau,Ca Mau,27.8,27.8,27.8,78.0,31.32,10000.0,0.0,99.0,3.29,8.14,264.0,1006.0,0,804,Clouds,overcast clouds,04n
2025-07-24 19:00:50,Ca Mau,Ca Mau,27.8,27.8,27.8,78.0,31.32,10000.0,0.0,99.0,3.29,8.14,264.0,1006.0,0,804,Clouds,overcast clouds,04n
2025-07-24 19:04:36,Ca Mau,Ca Mau,27.8,27.8,27.8,78.0,31.32,10000.0,0.0,99.0,3.29,8.14,264.0,1006.0,0,804,Clouds,overcast clouds,04n
2025-07-24 19:08:22,Ca Mau,Ca Mau,27.83,27.83,27.83,78.0,31.39,10000.0,0.0,99.0,3.29,8.14,264.0,1006.0,0,804,Clouds,overcast clouds,04n
2025-07-24 19:12:08,Ca Mau,Ca Mau,27.83,27.83,27.83,78.0,31.39,10000.0,0.0,99.0,3.29,8.14,264.0,1006.0,0,804,Clouds,overcast clouds,04n
2025-07-24 19:15:55,Ca Mau,Ca Mau,27.83,27.83,27.83,78.0,31.39,10000.0,0.0,99.0,3.29,8.14,264.0,1006.0,0,804,Clouds,overcast clouds,04n
2025-07-24 19:19:41,Ca Mau,Ca Mau,27.83,27.83,27.83,78.0,31.39,10000.0,0.0,99.0,3.29,8.14,264.0,1006.0,0,804,Clouds,overcast clouds,04n
2025-07-24 19:23:27,Ca Mau,Ca Mau,27.83,27.83,27.83,78.0,31.39,10000.0,0.0,99.0,3.29,8.14,264.0,1006.0,0,804,Clouds,overcast clouds,04n
2025-07-24 19:27:14,Ca Mau,Ca Mau,27.83,27.83,27.83,78.0,31.39,10000.0,0.0,99.0,3.29,8.14,264.0,1006.0,0,804,Clouds,overcast clouds,04n
2025-07-24 19:31:01,Ca Mau,Ca Mau,27.6,27.6,27.6,79.0,30.99,10000.0,0.0,100.0,2.71,7.85,260.0,1007.0,0,804,Clouds,overcast clouds,04n
2025-07-24 19:34:47,Ca Mau,Ca Mau,27.83,27.83,27.83,78.0,31.39,10000.0,0.0,99.0,3.29,8.14,264.0,1006.0,0,804,Clouds,overcast clouds,04n
2025-07-24 19:38:34,Ca Mau,Ca Mau,27.6,27.6,27.6,79.0,30.99,10000.0,0.0,100.0,2.71,7.85,260.0,1007.0,0,804,Clouds,overcast clouds,04n
2025-07-24 19:42:20,Ca Mau,Ca Mau,27.6,27.6,27.6,79.0,30.99,10000.0,0.0,100.0,2.71,7.85,260.0,1007.0,0,804,Clouds,overcast clouds,04n
2025-07-24 19:46:08,Ca Mau,Ca Mau,27.6,27.6,27.6,79.0,30.99,10000.0,0.0,100.0,2.71,7.85,260.0,1007.0,0,804,Clouds,overcast clouds,04n
2025-07-24 19:49:55,Ca Mau,Ca Mau,27.6,27.6,27.6,79.0,30.99,10000.0,0.0,100.0,2.71,7.85,260.0,1007.0,0,804,Clouds,overcast clouds,04n
2025-07-24 19:53:41,Ca Mau,Ca Mau,27.6,27.6,27.6,79.0,30.99,10000.0,0.0,100.0,2.71,7.85,260.0,1007.0,0,804,Clouds,overcast clouds,04n
2025-07-24 19:57:30,Ca Mau,Ca Mau,27.6,27.6,27.6,79.0,30.99,10000.0,0.0,100.0,2.71,7.85,260.0,1007.0,0,804,Clouds,overcast clouds,04n
2025-07-24 20:01:18,Ca Mau,Ca Mau,27.6,27.6,27.6,79.0,30.99,10000.0,0.0,100.0,2.71,7.85,260.0,1007.0,0,804,Clouds,overcast clouds,04n
2025-07-24 20:05:06,Ca Mau,Ca Mau,27.6,27.6,27.6,79.0,30.99,10000.0,0.0,100.0,2.71,7.85,260.0,1007.0,0,804,Clouds,overcast clouds,04n
2025-07-24 20:08:53,Ca Mau,Ca Mau,27.47,27.47,27.47,79.0,30.69,10000.0,0.0,100.0,2.71,7.85,260.0,1008.0,0,804,Clouds,overcast clouds,04n
2025-07-24 20:12:40,Ca Mau,Ca Mau,27.47,27.47,27.47,79.0,30.69,10000.0,0.0,100.0,2.71,7.85,260.0,1008.0,0,804,Clouds,overcast clouds,04n
2025-07-24 20:16:27,Ca Mau,Ca Mau,27.47,27.47,27.47,79.0,30.69,10000.0,0.0,100.0,2.71,7.85,260.0,1008.0,0,804,Clouds,overcast clouds,04n
2025-07-24 20:20:15,Ca Mau,Ca Mau,27.47,27.47,27.47,79.0,30.69,10000.0,0.0,100.0,2.71,7.85,260.0,1008.0,0,804,Clouds,overcast clouds,04n
2025-07-24 20:24:04,Ca Mau,Ca Mau,27.47,27.47,27.47,79.0,30.69,10000.0,0.0,100.0,2.71,7.85,260.0,1008.0,0,804,Clouds,overcast clouds,04n
2025-07-24 20:27:51,Ca Mau,Ca Mau,27.47,27.47,27.47,79.0,30.69,10000.0,0.0,100.0,2.71,7.85,260.0,1008.0,0,804,Clouds,overcast clouds,04n
2025-07-24 20:31:37,Ca Mau,Ca Mau,27.47,27.47,27.47,79.0,30.69,10000.0,0.0,100.0,2.71,7.85,260.0,1008.0,0,804,Clouds,overcast clouds,04n
2025-07-24 20:35:24,Ca Mau,Ca Mau,27.3,27.3,27.3,80.0,30.42,10000.0,0.0,100.0,2.54,7.71,268.0,1008.0,0,804,Clouds,overcast clouds,04n
2025-07-24 20:39:10,Ca Mau,Ca Mau,27.3,27.3,27.3,80.0,30.42,10000.0,0.0,100.0,2.54,7.71,268.0,1008.0,0,804,Clouds,overcast clouds,04n
2025-07-24 20:42:56,Ca Mau,Ca Mau,27.3,27.3,27.3,80.0,30.42,10000.0,0.0,100.0,2.54,7.71,268.0,1008.0,0,804,Clouds,overcast clouds,04n
2025-07-24 20:46:42,Ca Mau,Ca Mau,27.3,27.3,27.3,80.0,30.42,10000.0,0.0,100.0,2.54,7.71,268.0,1008.0,0,804,Clouds,overcast clouds,04n
2025-07-24 20:50:30,Ca Mau,Ca Mau,27.3,27.3,27.3,80.0,30.42,10000.0,0.0,100.0,2.54,7.71,268.0,1008.0,0,804,Clouds,overcast clouds,04n
2025-07-24 20:54:16,Ca Mau,Ca Mau,27.3,27.3,27.3,80.0,30.42,10000.0,0.0,100.0,2.54,7.71,268.0,1008.0,0,804,Clouds,overcast clouds,04n
2025-07-24 20:58:05,Ca Mau,Ca Mau,27.3,27.3,27.3,80.0,30.42,10000.0,0.0,100.0,2.54,7.71,268.0,1008.0,0,804,Clouds,overcast clouds,04n
2025-07-24 21:01:53,Ca Mau,Ca Mau,27.3,27.3,27.3,80.0,30.42,10000.0,0.0,100.0,2.54,7.71,268.0,1008.0,0,804,Clouds,overcast clouds,04n
2025-07-24 21:05:43,Ca Mau,Ca Mau,27.31,27.31,27.31,80.0,30.44,10000.0,0.0,100.0,2.54,7.71,268.0,1008.0,0,804,Clouds,overcast clouds,04n
2025-07-24 21:09:31,Ca Mau,Ca Mau,27.31,27.31,27.31,80.0,30.44,10000.0,0.0,100.0,2.54,7.71,268.0,1008.0,0,804,Clouds,overcast clouds,04n
2025-07-24 21:13:17,Ca Mau,Ca Mau,27.31,27.31,27.31,80.0,30.44,10000.0,0.0,100.0,2.54,7.71,268.0,1008.0,0,804,Clouds,overcast clouds,04n
2025-07-24 21:17:03,Ca Mau,Ca Mau,27.31,27.31,27.31,80.0,30.44,10000.0,0.0,100.0,2.54,7.71,268.0,1008.0,0,804,Clouds,overcast clouds,04n
2025-07-24 21:20:49,Ca Mau,Ca Mau,27.31,27.31,27.31,80.0,30.44,10000.0,0.0,100.0,2.54,7.71,268.0,1008.0,0,804,Clouds,overcast clouds,04n
2025-07-24 21:24:35,Ca Mau,Ca Mau,27.31,27.31,27.31,80.0,30.44,10000.0,0.0,100.0,2.54,7.71,268.0,1008.0,0,804,Clouds,overcast clouds,04n
2025-07-24 21:28:22,Ca Mau,Ca Mau,27.31,27.31,27.31,80.0,30.44,10000.0,0.0,100.0,2.54,7.71,268.0,1008.0,0,804,Clouds,overcast clouds,04n
2025-07-24 21:32:09,Ca Mau,Ca Mau,27.31,27.31,27.31,80.0,30.44,10000.0,0.0,100.0,2.54,7.71,268.0,1008.0,0,804,Clouds,overcast clouds,04n
2025-07-24 21:35:54,Ca Mau,Ca Mau,27.44,27.44,27.44,79.0,30.62,10000.0,0.0,100.0,2.82,8.15,270.0,1008.0,0,804,Clouds,overcast clouds,04n
2025-07-24 21:39:41,Ca Mau,Ca Mau,27.44,27.44,27.44,79.0,30.62,10000.0,0.0,100.0,2.82,8.15,270.0,1008.0,0,804,Clouds,overcast clouds,04n
2025-07-24 21:43:28,Ca Mau,Ca Mau,27.44,27.44,27.44,79.0,30.62,10000.0,0.0,100.0,2.82,8.15,270.0,1008.0,0,804,Clouds,overcast clouds,04n
2025-07-24 21:47:14,Ca Mau,Ca Mau,27.44,27.44,27.44,79.0,30.62,10000.0,0.0,100.0,2.82,8.15,270.0,1008.0,0,804,Clouds,overcast clouds,04n
2025-07-24 21:51:02,Ca Mau,Ca Mau,27.44,27.44,27.44,79.0,30.62,10000.0,0.0,100.0,2.82,8.15,270.0,1008.0,0,804,Clouds,overcast clouds,04n
2025-07-24 21:54:50,Ca Mau,Ca Mau,27.44,27.44,27.44,79.0,30.62,10000.0,0.0,100.0,2.82,8.15,270.0,1008.0,0,804,Clouds,overcast clouds,04n
2025-07-24 21:58:36,Ca Mau,Ca Mau,27.44,27.44,27.44,79.0,30.62,10000.0,0.0,100.0,2.82,8.15,270.0,1008.0,0,804,Clouds,overcast clouds,04n
2025-07-24 22:02:24,Ca Mau,Ca Mau,27.44,27.44,27.44,79.0,30.62,10000.0,0.0,100.0,2.82,8.15,270.0,1008.0,0,804,Clouds,overcast clouds,04n
2025-07-24 22:06:10,Ca Mau,Ca Mau,27.44,27.44,27.44,79.0,30.62,10000.0,0.0,100.0,2.82,8.15,270.0,1008.0,0,804,Clouds,overcast clouds,04n
2025-07-24 22:09:56,Ca Mau,Ca Mau,27.44,27.44,27.44,79.0,30.62,10000.0,0.0,100.0,2.82,8.15,270.0,1008.0,0,804,Clouds,overcast clouds,04n
2025-07-24 22:13:45,Ca Mau,Ca Mau,27.44,27.44,27.44,79.0,30.62,10000.0,0.0,100.0,2.82,8.15,270.0,1008.0,0,804,Clouds,overcast clouds,04n
2025-07-24 22:17:32,Ca Mau,Ca Mau,27.44,27.44,27.44,79.0,30.62,10000.0,0.0,100.0,2.82,8.15,270.0,1008.0,0,804,Clouds,overcast clouds,04n
2025-07-24 22:21:19,Ca Mau,Ca Mau,27.43,27.43,27.43,79.0,30.6,10000.0,0.0,100.0,2.82,8.15,270.0,1008.0,0,804,Clouds,overcast clouds,04n
2025-07-24 22:25:06,Ca Mau,Ca Mau,27.43,27.43,27.43,79.0,30.6,10000.0,0.0,100.0,2.82,8.15,270.0,1008.0,0,804,Clouds,overcast clouds,04n
2025-07-24 22:28:55,Ca Mau,Ca Mau,27.43,27.43,27.43,79.0,30.6,10000.0,0.0,100.0,2.82,8.15,270.0,1008.0,0,804,Clouds,overcast clouds,04n
2025-07-24 22:32:42,Ca Mau,Ca Mau,26.98,26.98,26.98,81.0,29.79,10000.0,0.0,97.0,1.64,5.77,262.0,1008.0,0,804,Clouds,overcast clouds,04n
2025-07-24 22:36:28,Ca Mau,Ca Mau,26.98,26.98,26.98,81.0,29.79,10000.0,0.0,97.0,1.64,5.77,262.0,1008.0,0,804,Clouds,overcast clouds,04n
2025-07-24 22:40:18,Ca Mau,Ca Mau,26.98,26.98,26.98,81.0,29.79,10000.0,0.0,97.0,1.64,5.77,262.0,1008.0,0,804,Clouds,overcast clouds,04n
2025-07-24 22:44:09,Ca Mau,Ca Mau,26.98,26.98,26.98,81.0,29.79,10000.0,0.0,97.0,1.64,5.77,262.0,1008.0,0,804,Clouds,overcast clouds,04n
2025-07-25 11:54:51,Ca Mau,Ca Mau,34.41,34.41,34.41,43.0,37.0,10000.0,0.0,90.0,6.12,10.21,279.0,1007.0,1,804,Clouds,overcast clouds,04d
2025-07-25 11:58:37,Ca Mau,Ca Mau,34.41,34.41,34.41,43.0,37.0,10000.0,0.0,90.0,6.12,10.21,279.0,1007.0,1,804,Clouds,overcast clouds,04d
2025-07-25 12:02:22,Ca Mau,Ca Mau,34.41,34.41,34.41,43.0,37.0,10000.0,0.0,90.0,6.12,10.21,279.0,1007.0,1,804,Clouds,overcast clouds,04d
2025-07-25 12:06:07,Ca Mau,Ca Mau,34.38,34.38,34.38,43.0,36.95,10000.0,0.0,90.0,6.12,10.21,279.0,1007.0,1,804,Clouds,overcast clouds,04d
2025-07-25 12:09:53,Ca Mau,Ca Mau,34.38,34.38,34.38,43.0,36.95,10000.0,0.0,90.0,6.12,10.21,279.0,1007.0,1,804,Clouds,overcast clouds,04d
2025-07-25 12:13:39,Ca Mau,Ca Mau,34.38,34.38,34.38,43.0,36.95,10000.0,0.0,90.0,6.12,10.21,279.0,1007.0,1,804,Clouds,overcast clouds,04d
2025-07-25 12:17:24,Ca Mau,Ca Mau,34.38,34.38,34.38,43.0,36.95,10000.0,0.0,90.0,6.12,10.21,279.0,1007.0,1,804,Clouds,overcast clouds,04d
2025-07-25 12:21:10,Ca Mau,Ca Mau,34.38,34.38,34.38,43.0,36.95,10000.0,0.0,90.0,6.12,10.21,279.0,1007.0,1,804,Clouds,overcast clouds,04d
2025-07-25 12:24:56,Ca Mau,Ca Mau,34.38,34.38,34.38,43.0,36.95,10000.0,0.0,90.0,6.12,10.21,279.0,1007.0,1,804,Clouds,overcast clouds,04d
2025-07-25 12:28:41,Ca Mau,Ca Mau,34.38,34.38,34.38,43.0,36.95,10000.0,0.0,90.0,6.12,10.21,279.0,1007.0,1,804,Clouds,overcast clouds,04d
2025-07-25 12:32:27,Ca Mau,Ca Mau,34.38,34.38,34.38,43.0,36.95,10000.0,0.0,90.0,6.12,10.21,279.0,1007.0,1,804,Clouds,overcast clouds,04d
2025-07-25 12:36:13,Ca Mau,Ca Mau,34.41,34.41,34.41,42.0,36.71,10000.0,0.0,91.0,6.22,9.94,278.0,1007.0,1,804,Clouds,overcast clouds,04d
2025-07-25 12:39:59,Ca Mau,Ca Mau,34.41,34.41,34.41,42.0,36.71,10000.0,0.0,91.0,6.22,9.94,278.0,1007.0,1,804,Clouds,overcast clouds,04d
2025-07-25 12:43:44,Ca Mau,Ca Mau,34.41,34.41,34.41,42.0,36.71,10000.0,0.0,91.0,6.22,9.94,278.0,1007.0,1,804,Clouds,overcast clouds,04d
2025-07-25 12:47:30,Ca Mau,Ca Mau,34.42,34.42,34.42,42.0,36.73,10000.0,0.0,91.0,6.22,9.94,278.0,1007.0,1,804,Clouds,overcast clouds,04d
2025-07-25 12:51:16,Ca Mau,Ca Mau,34.42,34.42,34.42,42.0,36.73,10000.0,0.0,91.0,6.22,9.94,278.0,1007.0,1,804,Clouds,overcast clouds,04d
2025-07-25 12:55:01,Ca Mau,Ca Mau,34.42,34.42,34.42,42.0,36.73,10000.0,0.0,91.0,6.22,9.94,278.0,1007.0,1,804,Clouds,overcast clouds,04d
2025-07-25 12:58:47,Ca Mau,Ca Mau,34.42,34.42,34.42,42.0,36.73,10000.0,0.0,100.0,6.25,10.05,279.0,1007.0,1,804,Clouds,overcast clouds,04d
2025-07-25 13:02:33,Ca Mau,Ca Mau,34.42,34.42,34.42,42.0,36.73,10000.0,0.0,100.0,6.25,10.05,279.0,1007.0,1,804,Clouds,overcast clouds,04d
2025-07-25 13:06:18,Ca Mau,Ca Mau,34.42,34.42,34.42,42.0,36.73,10000.0,0.0,100.0,6.25,10.05,279.0,1007.0,1,804,Clouds,overcast clouds,04d
2025-07-25 13:10:04,Ca Mau,Ca Mau,34.42,34.42,34.42,42.0,36.73,10000.0,0.0,100.0,6.25,10.05,279.0,1007.0,1,804,Clouds,overcast clouds,04d
2025-07-25 13:13:50,Ca Mau,Ca Mau,34.42,34.42,34.42,42.0,36.73,10000.0,0.0,100.0,6.25,10.05,279.0,1007.0,1,804,Clouds,overcast clouds,04d
2025-07-25 13:17:36,Ca Mau,Ca Mau,34.42,34.42,34.42,42.0,36.73,10000.0,0.0,100.0,6.25,10.05,279.0,1007.0,1,804,Clouds,overcast clouds,04d
2025-07-25 13:21:21,Ca Mau,Ca Mau,34.42,34.42,34.42,42.0,36.73,10000.0,0.0,100.0,6.25,10.05,279.0,1007.0,1,804,Clouds,overcast clouds,04d
2025-07-25 13:25:06,Ca Mau,Ca Mau,34.42,34.42,34.42,42.0,36.73,10000.0,0.0,100.0,6.25,10.05,279.0,1007.0,1,804,Clouds,overcast clouds,04d
2025-07-25 13:28:52,Ca Mau,Ca Mau,34.42,34.42,34.42,42.0,36.73,10000.0,0.0,100.0,6.25,10.05,279.0,1007.0,1,804,Clouds,overcast clouds,04d
2025-07-25 13:32:38,Ca Mau,Ca Mau,33.39,33.39,33.39,45.0,35.65,10000.0,0.0,100.0,5.9,9.44,278.0,1006.0,1,804,Clouds,overcast clouds,04d
2025-07-25 13:36:24,Ca Mau,Ca Mau,33.39,33.39,33.39,45.0,35.65,10000.0,0.0,100.0,5.9,9.44,278.0,1006.0,1,804,Clouds,overcast clouds,04d
2025-07-25 13:40:10,Ca Mau,Ca Mau,33.39,33.39,33.39,45.0,35.65,10000.0,0.0,100.0,5.9,9.44,278.0,1006.0,1,804,Clouds,overcast clouds,04d
2025-07-25 13:43:56,Ca Mau,Ca Mau,33.11,33.11,33.11,47.0,35.67,10000.0,0.0,100.0,5.9,9.44,278.0,1006.0,1,804,Clouds,overcast clouds,04d
2025-07-25 13:47:41,Ca Mau,Ca Mau,33.11,33.11,33.11,47.0,35.67,10000.0,0.0,100.0,5.9,9.44,278.0,1006.0,1,804,Clouds,overcast clouds,04d
2025-07-25 13:51:27,Ca Mau,Ca Mau,33.11,33.11,33.11,47.0,35.67,10000.0,0.0,100.0,5.9,9.44,278.0,1006.0,1,804,Clouds,overcast clouds,04d
2025-07-25 13:55:13,Ca Mau,Ca Mau,33.11,33.11,33.11,47.0,35.67,10000.0,0.0,100.0,5.9,9.44,278.0,1006.0,1,804,Clouds,overcast clouds,04d
2025-07-25 13:58:58,Ca Mau,Ca Mau,33.11,33.11,33.11,47.0,35.67,10000.0,0.0,100.0,5.9,9.44,278.0,1006.0,1,804,Clouds,overcast clouds,04d
2025-07-25 14:02:44,Ca Mau,Ca Mau,33.11,33.11,33.11,47.0,35.67,10000.0,0.0,100.0,5.9,9.44,278.0,1006.0,1,804,Clouds,overcast clouds,04d
2025-07-25 14:06:31,Ca Mau,Ca Mau,33.11,33.11,33.11,48.0,35.94,10000.0,0.0,100.0,5.9,9.44,278.0,1006.0,1,804,Clouds,overcast clouds,04d
2025-07-25 14:10:17,Ca Mau,Ca Mau,33.11,33.11,33.11,48.0,35.94,10000.0,0.0,100.0,5.9,9.44,278.0,1006.0,1,804,Clouds,overcast clouds,04d
2025-07-25 14:14:03,Ca Mau,Ca Mau,33.11,33.11,33.11,48.0,35.94,10000.0,0.0,100.0,5.9,9.44,278.0,1006.0,1,804,Clouds,overcast clouds,04d
2025-07-25 14:17:49,Ca Mau,Ca Mau,33.03,33.03,33.03,48.0,35.79,10000.0,0.0,100.0,5.9,9.44,278.0,1006.0,1,804,Clouds,overcast clouds,04d
2025-07-25 14:21:35,Ca Mau,Ca Mau,33.03,33.03,33.03,48.0,35.79,10000.0,0.0,100.0,5.9,9.44,278.0,1006.0,1,804,Clouds,overcast clouds,04d
2025-07-25 14:25:21,Ca Mau,Ca Mau,33.03,33.03,33.03,48.0,35.79,10000.0,0.0,100.0,5.9,9.44,278.0,1006.0,1,804,Clouds,overcast clouds,04d
2025-07-25 14:29:07,Ca Mau,Ca Mau,33.03,33.03,33.03,48.0,35.79,10000.0,0.0,100.0,5.9,9.44,278.0,1006.0,1,804,Clouds,overcast clouds,04d
2025-07-25 14:32:53,Ca Mau,Ca Mau,31.73,31.73,31.73,54.0,34.83,10000.0,0.0,98.0,6.02,9.6,281.0,1006.0,1,804,Clouds,overcast clouds,04d
2025-07-25 14:36:39,Ca Mau,Ca Mau,31.73,31.73,31.73,54.0,34.83,10000.0,0.0,98.0,6.02,9.6,281.0,1006.0,1,804,Clouds,overcast clouds,04d
2025-07-25 14:40:25,Ca Mau,Ca Mau,31.73,31.73,31.73,54.0,34.83,10000.0,0.0,98.0,6.02,9.6,281.0,1006.0,1,804,Clouds,overcast clouds,04d
2025-07-25 14:44:10,Ca Mau,Ca Mau,31.73,31.73,31.73,54.0,34.83,10000.0,0.0,98.0,6.02,9.6,281.0,1006.0,1,804,Clouds,overcast clouds,04d
2025-07-25 14:47:56,Ca Mau,Ca Mau,31.73,31.73,31.73,54.0,34.83,10000.0,0.0,98.0,6.02,9.6,281.0,1006.0,1,804,Clouds,overcast clouds,04d
2025-07-25 14:51:41,Ca Mau,Ca Mau,31.73,31.73,31.73,55.0,35.09,10000.0,0.0,98.0,6.02,9.6,281.0,1006.0,1,804,Clouds,overcast clouds,04d
2025-07-25 14:55:27,Ca Mau,Ca Mau,31.73,31.73,31.73,55.0,35.09,10000.0,0.0,98.0,6.02,9.6,281.0,1006.0,1,804,Clouds,overcast clouds,04d
2025-07-25 14:59:13,Ca Mau,Ca Mau,31.73,31.73,31.73,55.0,35.09,10000.0,0.0,98.0,6.02,9.6,281.0,1006.0,1,804,Clouds,overcast clouds,04d
2025-07-25 15:02:58,Ca Mau,Ca Mau,31.77,31.77,31.77,55.0,35.17,10000.0,0.0,98.0,6.02,9.6,281.0,1006.0,1,804,Clouds,overcast clouds,04d
2025-07-25 15:06:44,Ca Mau,Ca Mau,31.77,31.77,31.77,55.0,35.17,10000.0,0.0,98.0,6.02,9.6,281.0,1006.0,1,804,Clouds,overcast clouds,04d
2025-07-25 15:10:30,Ca Mau,Ca Mau,31.77,31.77,31.77,55.0,35.17,10000.0,0.0,98.0,6.02,9.6,281.0,1006.0,1,804,Clouds,overcast clouds,04d
2025-07-25 15:14:16,Ca Mau,Ca Mau,31.77,31.77,31.77,55.0,35.17,10000.0,0.0,98.0,6.02,9.6,281.0,1006.0,1,804,Clouds,overcast clouds,04d
2025-07-25 15:18:02,Ca Mau,Ca Mau,31.77,31.77,31.77,55.0,35.17,10000.0,0.0,98.0,6.02,9.6,281.0,1006.0,1,804,Clouds,overcast clouds,04d
2025-07-25 15:21:48,Ca Mau,Ca Mau,31.77,31.77,31.77,55.0,35.17,10000.0,0.0,98.0,6.02,9.6,281.0,1006.0,1,804,Clouds,overcast clouds,04d
2025-07-25 15:25:33,Ca Mau,Ca Mau,31.77,31.77,31.77,55.0,35.17,10000.0,0.0,98.0,6.02,9.6,281.0,1006.0,1,804,Clouds,overcast clouds,04d
2025-07-25 15:29:19,Ca Mau,Ca Mau,31.77,31.77,31.77,55.0,35.17,10000.0,0.0,98.0,6.02,9.6,281.0,1006.0,1,804,Clouds,overcast clouds,04d
2025-07-25 15:33:04,Ca Mau,Ca Mau,31.87,31.87,31.87,55.0,35.37,10000.0,0.0,100.0,5.36,9.12,279.0,1005.0,1,804,Clouds,overcast clouds,04d
2025-07-25 15:36:50,Ca Mau,Ca Mau,31.87,31.87,31.87,55.0,35.37,10000.0,0.0,100.0,5.36,9.12,279.0,1005.0,1,804,Clouds,overcast clouds,04d
2025-07-25 15:40:36,Ca Mau,Ca Mau,31.87,31.87,31.87,55.0,35.37,10000.0,0.0,100.0,5.36,9.12,279.0,1005.0,1,804,Clouds,overcast clouds,04d
2025-07-25 15:44:22,Ca Mau,Ca Mau,31.87,31.87,31.87,55.0,35.37,10000.0,0.0,100.0,5.36,9.12,279.0,1005.0,1,804,Clouds,overcast clouds,04d
2025-07-25 15:48:08,Ca Mau,Ca Mau,31.87,31.87,31.87,55.0,35.37,10000.0,0.0,100.0,5.36,9.12,279.0,1005.0,1,804,Clouds,overcast clouds,04d
2025-07-25 15:51:53,Ca Mau,Ca Mau,31.87,31.87,31.87,55.0,35.37,10000.0,0.0,100.0,5.36,9.12,279.0,1005.0,1,804,Clouds,overcast clouds,04d
2025-07-25 15:55:38,Ca Mau,Ca Mau,31.87,31.87,31.87,55.0,35.37,10000.0,0.0,100.0,5.36,9.12,279.0,1005.0,1,804,Clouds,overcast clouds,04d
2025-07-25 15:59:24,Ca Mau,Ca Mau,31.87,31.87,31.87,55.0,35.37,10000.0,0.0,100.0,5.36,9.12,279.0,1005.0,1,804,Clouds,overcast clouds,04d
2025-07-25 16:03:10,Ca Mau,Ca Mau,31.87,31.87,31.87,55.0,35.37,10000.0,0.0,100.0,5.36,9.12,279.0,1005.0,1,804,Clouds,overcast clouds,04d
2025-07-25 16:06:55,Ca Mau,Ca Mau,31.87,31.87,31.87,55.0,35.37,10000.0,0.0,100.0,5.36,9.12,279.0,1005.0,1,804,Clouds,overcast clouds,04d
2025-07-25 16:10:41,Ca Mau,Ca Mau,31.87,31.87,31.87,55.0,35.37,10000.0,0.0,100.0,5.36,9.12,279.0,1005.0,1,804,Clouds,overcast clouds,04d
2025-07-25 16:14:26,Ca Mau,Ca Mau,31.87,31.87,31.87,55.0,35.37,10000.0,0.0,100.0,5.36,9.12,279.0,1005.0,1,804,Clouds,overcast clouds,04d
2025-07-25 16:18:12,Ca Mau,Ca Mau,31.87,31.87,31.87,55.0,35.37,10000.0,0.0,100.0,5.36,9.12,279.0,1005.0,1,804,Clouds,overcast clouds,04d
2025-07-25 16:21:58,Ca Mau,Ca Mau,31.87,31.87,31.87,55.0,35.37,10000.0,0.0,100.0,5.36,9.12,279.0,1005.0,1,804,Clouds,overcast clouds,04d
2025-07-25 16:25:44,Ca Mau,Ca Mau,31.87,31.87,31.87,55.0,35.37,10000.0,0.0,100.0,5.36,9.12,279.0,1005.0,1,804,Clouds,overcast clouds,04d
2025-07-25 16:29:29,Ca Mau,Ca Mau,31.87,31.87,31.87,55.0,35.37,10000.0,0.0,100.0,5.36,9.12,279.0,1005.0,1,804,Clouds,overcast clouds,04d
2025-07-25 16:33:15,Ca Mau,Ca Mau,31.87,31.87,31.87,55.0,35.37,10000.0,0.0,100.0,5.36,9.12,279.0,1005.0,1,804,Clouds,overcast clouds,04d
2025-07-25 16:37:00,Ca Mau,Ca Mau,30.98,30.98,30.98,58.0,34.32,10000.0,0.0,89.0,5.25,8.54,275.0,1006.0,1,804,Clouds,overcast clouds,04d
2025-07-25 16:40:47,Ca Mau,Ca Mau,30.98,30.98,30.98,58.0,34.32,10000.0,0.0,89.0,5.25,8.54,275.0,1006.0,1,804,Clouds,overcast clouds,04d
2025-07-25 16:44:32,Ca Mau,Ca Mau,30.98,30.98,30.98,58.0,34.32,10000.0,0.0,89.0,5.25,8.54,275.0,1006.0,1,804,Clouds,overcast clouds,04d
2025-07-25 16:48:18,Ca Mau,Ca Mau,30.98,30.98,30.98,58.0,34.32,10000.0,0.0,89.0,5.25,8.54,275.0,1006.0,1,804,Clouds,overcast clouds,04d
2025-07-25 16:52:04,Ca Mau,Ca Mau,30.98,30.98,30.98,58.0,34.32,10000.0,0.0,89.0,5.25,8.54,275.0,1006.0,1,804,Clouds,overcast clouds,04d
2025-07-25 16:55:50,Ca Mau,Ca Mau,30.98,30.98,30.98,58.0,34.32,10000.0,0.0,89.0,5.25,8.54,275.0,1006.0,1,804,Clouds,overcast clouds,04d
2025-07-25 16:59:36,Ca Mau,Ca Mau,30.98,30.98,30.98,58.0,34.32,10000.0,0.0,89.0,5.25,8.54,275.0,1006.0,1,804,Clouds,overcast clouds,04d
2025-07-25 17:03:21,Ca Mau,Ca Mau,30.98,30.98,30.98,58.0,34.32,10000.0,0.0,89.0,5.25,8.54,275.0,1006.0,1,804,Clouds,overcast clouds,04d
2025-07-25 17:07:07,Ca Mau,Ca Mau,31.01,31.01,31.01,58.0,34.38,10000.0,0.0,89.0,5.25,8.54,275.0,1006.0,1,804,Clouds,overcast clouds,04d
2025-07-25 17:10:53,Ca Mau,Ca Mau,31.01,31.01,31.01,58.0,34.38,10000.0,0.0,89.0,5.25,8.54,275.0,1006.0,1,804,Clouds,overcast clouds,04d
2025-07-25 17:14:38,Ca Mau,Ca Mau,31.01,31.01,31.01,58.0,34.38,10000.0,0.0,89.0,5.25,8.54,275.0,1006.0,1,804,Clouds,overcast clouds,04d
2025-07-25 17:18:24,Ca Mau,Ca Mau,31.01,31.01,31.01,58.0,34.38,10000.0,0.0,89.0,5.25,8.54,275.0,1006.0,1,804,Clouds,overcast clouds,04d
2025-07-25 17:22:10,Ca Mau,Ca Mau,31.01,31.01,31.01,58.0,34.38,10000.0,0.0,89.0,5.25,8.54,275.0,1006.0,1,804,Clouds,overcast clouds,04d
2025-07-25 17:25:56,Ca Mau,Ca Mau,31.01,31.01,31.01,58.0,34.38,10000.0,0.0,89.0,5.25,8.54,275.0,1006.0,1,804,Clouds,overcast clouds,04d
2025-07-25 17:29:41,Ca Mau,Ca Mau,31.01,31.01,31.01,58.0,34.38,10000.0,0.0,89.0,5.25,8.54,275.0,1006.0,1,804,Clouds,overcast clouds,04d
2025-07-25 17:33:27,Ca Mau,Ca Mau,29.37,29.37,29.37,69.0,33.35,10000.0,0.0,91.0,3.74,8.85,271.0,1007.0,1,804,Clouds,overcast clouds,04d
2025-07-25 17:37:13,Ca Mau,Ca Mau,29.37,29.37,29.37,69.0,33.35,10000.0,0.0,91.0,3.74,8.85,271.0,1007.0,1,804,Clouds,overcast clouds,04d
2025-07-25 17:40:59,Ca Mau,Ca Mau,29.37,29.37,29.37,69.0,33.35,10000.0,0.0,91.0,3.74,8.85,271.0,1007.0,1,804,Clouds,overcast clouds,04d
2025-07-25 17:44:45,Ca Mau,Ca Mau,29.37,29.37,29.37,69.0,33.35,10000.0,0.0,91.0,3.74,8.85,271.0,1007.0,1,804,Clouds,overcast clouds,04d
2025-07-25 17:48:30,Ca Mau,Ca Mau,29.37,29.37,29.37,69.0,33.35,10000.0,0.0,91.0,3.74,8.85,271.0,1007.0,1,804,Clouds,overcast clouds,04d
2025-07-25 17:52:16,Ca Mau,Ca Mau,29.33,29.33,29.33,69.0,33.26,10000.0,0.0,91.0,3.74,8.85,271.0,1007.0,1,804,Clouds,overcast clouds,04d
2025-07-25 17:56:02,Ca Mau,Ca Mau,29.33,29.33,29.33,69.0,33.26,10000.0,0.0,91.0,3.74,8.85,271.0,1007.0,1,804,Clouds,overcast clouds,04d
2025-07-25 17:59:49,Ca Mau,Ca Mau,29.33,29.33,29.33,69.0,33.26,10000.0,0.0,91.0,3.74,8.85,271.0,1007.0,1,804,Clouds,overcast clouds,04d
2025-07-25 18:03:35,Ca Mau,Ca Mau,29.33,29.33,29.33,69.0,33.26,10000.0,0.0,91.0,3.74,8.85,271.0,1007.0,1,804,Clouds,overcast clouds,04d
2025-07-25 18:07:21,Ca Mau,Ca Mau,29.35,29.35,29.35,69.0,33.3,10000.0,0.0,91.0,3.74,8.85,271.0,1007.0,1,804,Clouds,overcast clouds,04d
2025-07-25 18:11:08,Ca Mau,Ca Mau,29.35,29.35,29.35,69.0,33.3,10000.0,0.0,91.0,3.74,8.85,271.0,1007.0,1,804,Clouds,overcast clouds,04d
2025-07-25 18:14:53,Ca Mau,Ca Mau,29.35,29.35,29.35,69.0,33.3,10000.0,0.0,91.0,3.74,8.85,271.0,1007.0,1,804,Clouds,overcast clouds,04d
2025-07-25 18:18:39,Ca Mau,Ca Mau,29.35,29.35,29.35,69.0,33.3,10000.0,0.0,91.0,3.74,8.85,271.0,1007.0,1,804,Clouds,overcast clouds,04d
2025-07-25 18:22:25,Ca Mau,Ca Mau,29.35,29.35,29.35,69.0,33.3,10000.0,0.0,91.0,3.74,8.85,271.0,1007.0,1,804,Clouds,overcast clouds,04d
2025-07-25 18:26:10,Ca Mau,Ca Mau,29.35,29.35,29.35,69.0,33.3,10000.0,0.0,91.0,3.74,8.85,271.0,1007.0,0,804,Clouds,overcast clouds,04d
2025-07-25 18:29:56,Ca Mau,Ca Mau,29.35,29.35,29.35,69.0,33.3,10000.0,0.0,91.0,3.74,8.85,271.0,1007.0,0,804,Clouds,overcast clouds,04n
2025-07-25 18:33:42,Ca Mau,Ca Mau,29.35,29.35,29.35,69.0,33.3,10000.0,0.0,91.0,3.74,8.85,271.0,1007.0,0,804,Clouds,overcast clouds,04n
2025-07-25 18:37:27,Ca Mau,Ca Mau,27.94,27.94,27.94,77.0,31.51,10000.0,0.0,82.0,2.83,7.03,268.0,1007.0,0,803,Clouds,broken clouds,04n
2025-07-25 18:41:13,Ca Mau,Ca Mau,27.94,27.94,27.94,77.0,31.51,10000.0,0.0,82.0,2.83,7.03,268.0,1007.0,0,803,Clouds,broken clouds,04n
2025-07-25 18:44:59,Ca Mau,Ca Mau,27.94,27.94,27.94,77.0,31.51,10000.0,0.0,82.0,2.83,7.03,268.0,1007.0,0,803,Clouds,broken clouds,04n
2025-07-25 18:48:45,Ca Mau,Ca Mau,27.94,27.94,27.94,77.0,31.51,10000.0,0.0,84.0,2.84,7.15,266.0,1007.0,0,803,Clouds,broken clouds,04n
2025-07-25 18:52:31,Ca Mau,Ca Mau,27.94,27.94,27.94,77.0,31.51,10000.0,0.0,84.0,2.84,7.15,266.0,1007.0,0,803,Clouds,broken clouds,04n
2025-07-25 18:56:16,Ca Mau,Ca Mau,27.94,27.94,27.94,77.0,31.51,10000.0,0.0,84.0,2.84,7.15,266.0,1007.0,0,803,Clouds,broken clouds,04n
2025-07-25 19:00:02,Ca Mau,Ca Mau,27.94,27.94,27.94,77.0,31.51,10000.0,0.0,84.0,2.84,7.15,266.0,1007.0,0,803,Clouds,broken clouds,04n
2025-07-25 19:03:50,Ca Mau,Ca Mau,27.94,27.94,27.94,77.0,31.51,10000.0,0.0,84.0,2.84,7.15,266.0,1007.0,0,803,Clouds,broken clouds,04n
2025-07-25 19:07:36,Ca Mau,Ca Mau,27.94,27.94,27.94,77.0,31.51,10000.0,0.0,84.0,2.84,7.15,266.0,1007.0,0,803,Clouds,broken clouds,04n
2025-07-25 19:11:22,Ca Mau,Ca Mau,27.94,27.94,27.94,77.0,31.51,10000.0,0.0,84.0,2.84,7.15,266.0,1007.0,0,803,Clouds,broken clouds,04n
2025-07-25 19:15:08,Ca Mau,Ca Mau,27.94,27.94,27.94,77.0,31.51,10000.0,0.0,84.0,2.84,7.15,266.0,1007.0,0,803,Clouds,broken clouds,04n
2025-07-25 19:18:54,Ca Mau,Ca Mau,27.94,27.94,27.94,77.0,31.51,10000.0,0.0,84.0,2.84,7.15,266.0,1007.0,0,803,Clouds,broken clouds,04n
2025-07-25 19:22:39,Ca Mau,Ca Mau,27.94,27.94,27.94,77.0,31.51,10000.0,0.0,84.0,2.84,7.15,266.0,1007.0,0,803,Clouds,broken clouds,04n
2025-07-25 19:26:25,Ca Mau,Ca Mau,27.94,27.94,27.94,77.0,31.51,10000.0,0.0,84.0,2.84,7.15,266.0,1007.0,0,803,Clouds,broken clouds,04n
2025-07-25 19:30:11,Ca Mau,Ca Mau,27.94,27.94,27.94,77.0,31.51,10000.0,0.0,84.0,2.84,7.15,266.0,1007.0,0,803,Clouds,broken clouds,04n
2025-07-25 19:33:57,Ca Mau,Ca Mau,27.94,27.94,27.94,77.0,31.51,10000.0,0.0,84.0,2.84,7.15,266.0,1007.0,0,803,Clouds,broken clouds,04n
2025-07-25 19:37:42,Ca Mau,Ca Mau,27.26,27.26,27.26,80.0,30.33,10000.0,0.0,4.0,2.57,7.65,274.0,1008.0,0,800,Clear,clear sky,01n
2025-07-25 19:41:28,Ca Mau,Ca Mau,27.26,27.26,27.26,80.0,30.33,10000.0,0.0,4.0,2.57,7.65,274.0,1008.0,0,800,Clear,clear sky,01n
2025-07-25 19:45:14,Ca Mau,Ca Mau,27.26,27.26,27.26,80.0,30.33,10000.0,0.0,4.0,2.57,7.65,274.0,1008.0,0,800,Clear,clear sky,01n
2025-07-25 19:49:00,Ca Mau,Ca Mau,27.26,27.26,27.26,80.0,30.33,10000.0,0.0,4.0,2.57,7.65,274.0,1008.0,0,800,Clear,clear sky,01n
2025-07-25 19:52:46,Ca Mau,Ca Mau,27.26,27.26,27.26,80.0,30.33,10000.0,0.0,4.0,2.57,7.65,274.0,1008.0,0,800,Clear,clear sky,01n
2025-07-25 19:56:32,Ca Mau,Ca Mau,27.26,27.26,27.26,80.0,30.33,10000.0,0.0,4.0,2.57,7.65,274.0,1008.0,0,800,Clear,clear sky,01n
2025-07-25 20:00:18,Ca Mau,Ca Mau,27.26,27.26,27.26,80.0,30.33,10000.0,0.0,4.0,2.57,7.65,274.0,1008.0,0,800,Clear,clear sky,01n
2025-07-25 20:04:06,Ca Mau,Ca Mau,27.26,27.26,27.26,80.0,30.33,10000.0,0.0,4.0,2.57,7.65,274.0,1008.0,0,800,Clear,clear sky,01n
2025-07-25 20:07:51,Ca Mau,Ca Mau,27.26,27.26,27.26,80.0,30.33,10000.0,0.0,4.0,2.57,7.65,274.0,1008.0,0,800,Clear,clear sky,01n
2025-07-25 20:11:37,Ca Mau,Ca Mau,27.23,27.23,27.23,81.0,30.37,10000.0,0.0,4.0,2.57,7.65,274.0,1008.0,0,800,Clear,clear sky,01n
2025-07-25 20:15:23,Ca Mau,Ca Mau,27.23,27.23,27.23,81.0,30.37,10000.0,0.0,4.0,2.57,7.65,274.0,1008.0,0,800,Clear,clear sky,01n
2025-07-25 20:19:09,Ca Mau,Ca Mau,27.23,27.23,27.23,81.0,30.37,10000.0,0.0,4.0,2.57,7.65,274.0,1008.0,0,800,Clear,clear sky,01n
2025-07-25 20:22:55,Ca Mau,Ca Mau,27.23,27.23,27.23,81.0,30.37,10000.0,0.0,4.0,2.57,7.65,274.0,1008.0,0,800,Clear,clear sky,01n
2025-07-25 20:26:41,Ca Mau,Ca Mau,27.23,27.23,27.23,81.0,30.37,10000.0,0.0,4.0,2.57,7.65,274.0,1008.0,0,800,Clear,clear sky,01n
2025-07-25 20:30:27,Ca Mau,Ca Mau,26.95,26.95,26.95,82.0,29.81,10000.0,0.0,4.0,2.23,7.48,262.0,1009.0,0,800,Clear,clear sky,01n
2025-07-25 20:34:12,Ca Mau,Ca Mau,26.95,26.95,26.95,82.0,29.81,10000.0,0.0,4.0,2.23,7.48,262.0,1009.0,0,800,Clear,clear sky,01n
2025-07-25 20:37:58,Ca Mau,Ca Mau,26.94,26.94,26.94,82.0,29.79,10000.0,0.0,4.0,2.23,7.48,262.0,1009.0,0,800,Clear,clear sky,01n
2025-07-25 20:41:44,Ca Mau,Ca Mau,26.94,26.94,26.94,82.0,29.79,10000.0,0.0,4.0,2.23,7.48,262.0,1009.0,0,800,Clear,clear sky,01n
2025-07-25 20:45:30,Ca Mau,Ca Mau,26.94,26.94,26.94,82.0,29.79,10000.0,0.0,4.0,2.23,7.48,262.0,1009.0,0,800,Clear,clear sky,01n
2025-07-25 20:49:16,Ca Mau,Ca Mau,26.93,26.93,26.93,82.0,29.77,10000.0,0.0,4.0,2.23,7.48,262.0,1009.0,0,800,Clear,clear sky,01n
2025-07-25 20:53:02,Ca Mau,Ca Mau,26.93,26.93,26.93,82.0,29.77,10000.0,0.0,4.0,2.23,7.48,262.0,1009.0,0,800,Clear,clear sky,01n
2025-07-25 20:56:49,Ca Mau,Ca Mau,26.93,26.93,26.93,82.0,29.77,10000.0,0.0,4.0,2.23,7.48,262.0,1009.0,0,800,Clear,clear sky,01n
2025-07-25 21:00:35,Ca Mau,Ca Mau,26.93,26.93,26.93,82.0,29.77,10000.0,0.0,4.0,2.23,7.48,262.0,1009.0,0,800,Clear,clear sky,01n
2025-07-25 21:04:21,Ca Mau,Ca Mau,26.97,26.97,26.97,82.0,29.86,10000.0,0.0,4.0,2.23,7.48,262.0,1009.0,0,800,Clear,clear sky,01n
2025-07-25 21:08:07,Ca Mau,Ca Mau,26.97,26.97,26.97,82.0,29.86,10000.0,0.0,4.0,2.23,7.48,262.0,1009.0,0,800,Clear,clear sky,01n
2025-07-25 21:11:52,Ca Mau,Ca Mau,26.97,26.97,26.97,82.0,29.86,10000.0,0.0,4.0,2.23,7.48,262.0,1009.0,0,800,Clear,clear sky,01n
2025-07-25 21:15:38,Ca Mau,Ca Mau,26.97,26.97,26.97,82.0,29.86,10000.0,0.0,4.0,2.23,7.48,262.0,1009.0,0,800,Clear,clear sky,01n
2025-07-25 21:19:24,Ca Mau,Ca Mau,26.97,26.97,26.97,82.0,29.86,10000.0,0.0,4.0,2.23,7.48,262.0,1009.0,0,800,Clear,clear sky,01n
2025-07-25 21:23:10,Ca Mau,Ca Mau,26.97,26.97,26.97,82.0,29.86,10000.0,0.0,4.0,2.23,7.48,262.0,1009.0,0,800,Clear,clear sky,01n
2025-07-25 21:26:57,Ca Mau,Ca Mau,26.97,26.97,26.97,82.0,29.86,10000.0,0.0,4.0,2.23,7.48,262.0,1009.0,0,800,Clear,clear sky,01n
2025-07-25 21:30:43,Ca Mau,Ca Mau,26.6,26.6,26.6,84.0,26.6,10000.0,0.0,10.0,1.74,6.66,246.0,1009.0,0,800,Clear,clear sky,01n
2025-07-25 21:34:29,Ca Mau,Ca Mau,26.6,26.6,26.6,84.0,26.6,10000.0,0.0,10.0,1.74,6.66,246.0,1009.0,0,800,Clear,clear sky,01n
2025-07-25 21:38:15,Ca Mau,Ca Mau,26.55,26.55,26.55,84.0,26.55,10000.0,0.0,10.0,1.74,6.66,246.0,1009.0,0,800,Clear,clear sky,01n
2025-07-25 21:42:02,Ca Mau,Ca Mau,26.6,26.6,26.6,84.0,26.6,10000.0,0.0,10.0,1.74,6.66,246.0,1009.0,0,800,Clear,clear sky,01n
2025-07-25 21:45:48,Ca Mau,Ca Mau,26.55,26.55,26.55,84.0,26.55,10000.0,0.0,10.0,1.74,6.66,246.0,1009.0,0,800,Clear,clear sky,01n
2025-07-25 21:49:34,Ca Mau,Ca Mau,26.55,26.55,26.55,84.0,26.55,10000.0,0.0,10.0,1.74,6.66,246.0,1009.0,0,800,Clear,clear sky,01n
2025-07-25 21:53:20,Ca Mau,Ca Mau,26.55,26.55,26.55,84.0,26.55,10000.0,0.0,10.0,1.74,6.66,246.0,1009.0,0,800,Clear,clear sky,01n
2025-07-25 21:57:06,Ca Mau,Ca Mau,26.55,26.55,26.55,84.0,26.55,10000.0,0.0,10.0,1.74,6.66,246.0,1009.0,0,800,Clear,clear sky,01n
2025-07-25 22:00:52,Ca Mau,Ca Mau,26.55,26.55,26.55,84.0,26.55,10000.0,0.0,10.0,1.74,6.66,246.0,1009.0,0,800,Clear,clear sky,01n
2025-07-25 22:04:37,Ca Mau,Ca Mau,26.55,26.55,26.55,84.0,26.55,10000.0,0.0,10.0,1.74,6.66,246.0,1009.0,0,800,Clear,clear sky,01n
2025-07-25 22:08:23,Ca Mau,Ca Mau,26.57,26.57,26.57,84.0,26.57,10000.0,0.0,10.0,1.74,6.66,246.0,1009.0,0,800,Clear,clear sky,01n
2025-07-25 22:12:09,Ca Mau,Ca Mau,26.57,26.57,26.57,84.0,26.57,10000.0,0.0,10.0,1.74,6.66,246.0,1009.0,0,800,Clear,clear sky,01n
2025-07-25 22:15:54,Ca Mau,Ca Mau,26.57,26.57,26.57,84.0,26.57,10000.0,0.0,10.0,1.74,6.66,246.0,1009.0,0,800,Clear,clear sky,01n
2025-07-25 22:19:40,Ca Mau,Ca Mau,26.57,26.57,26.57,84.0,26.57,10000.0,0.0,10.0,1.74,6.66,246.0,1009.0,0,800,Clear,clear sky,01n
2025-07-25 22:23:26,Ca Mau,Ca Mau,26.57,26.57,26.57,84.0,26.57,10000.0,0.0,10.0,1.74,6.66,246.0,1009.0,0,800,Clear,clear sky,01n
2025-07-25 22:27:12,Ca Mau,Ca Mau,26.57,26.57,26.57,84.0,26.57,10000.0,0.0,10.0,1.74,6.66,246.0,1009.0,0,800,Clear,clear sky,01n
2025-07-25 22:30:58,Ca Mau,Ca Mau,26.2,26.2,26.2,85.0,26.2,10000.0,0.0,34.0,1.83,6.26,237.0,1009.0,0,802,Clouds,scattered clouds,03n
2025-07-25 22:34:45,Ca Mau,Ca Mau,26.57,26.57,26.57,84.0,26.57,10000.0,0.0,10.0,1.74,6.66,246.0,1009.0,0,800,Clear,clear sky,01n
2025-07-25 22:38:31,Ca Mau,Ca Mau,26.2,26.2,26.2,85.0,26.2,10000.0,0.0,34.0,1.83,6.26,237.0,1009.0,0,802,Clouds,scattered clouds,03n
2025-07-25 22:42:16,Ca Mau,Ca Mau,26.2,26.2,26.2,85.0,26.2,10000.0,0.0,34.0,1.83,6.26,237.0,1009.0,0,802,Clouds,scattered clouds,03n
2025-07-25 22:46:02,Ca Mau,Ca Mau,26.2,26.2,26.2,85.0,26.2,10000.0,0.0,34.0,1.83,6.26,237.0,1009.0,0,802,Clouds,scattered clouds,03n
2025-07-25 22:49:47,Ca Mau,Ca Mau,26.2,26.2,26.2,85.0,26.2,10000.0,0.0,34.0,1.83,6.26,237.0,1009.0,0,802,Clouds,scattered clouds,03n
2025-07-25 22:53:33,Ca Mau,Ca Mau,26.2,26.2,26.2,85.0,26.2,10000.0,0.0,34.0,1.83,6.26,237.0,1009.0,0,802,Clouds,scattered clouds,03n
2025-07-25 22:57:19,Ca Mau,Ca Mau,26.2,26.2,26.2,85.0,26.2,10000.0,0.0,34.0,1.83,6.26,237.0,1009.0,0,802,Clouds,scattered clouds,03n
2025-07-25 23:01:05,Ca Mau,Ca Mau,26.2,26.2,26.2,85.0,26.2,10000.0,0.0,34.0,1.83,6.26,237.0,1009.0,0,802,Clouds,scattered clouds,03n
2025-07-25 23:04:51,Ca Mau,Ca Mau,26.23,26.23,26.23,85.0,26.23,10000.0,0.0,34.0,1.83,6.26,237.0,1009.0,0,802,Clouds,scattered clouds,03n
2025-07-25 23:08:38,Ca Mau,Ca Mau,26.23,26.23,26.23,85.0,26.23,10000.0,0.0,34.0,1.83,6.26,237.0,1009.0,0,802,Clouds,scattered clouds,03n
2025-07-25 23:12:24,Ca Mau,Ca Mau,26.23,26.23,26.23,85.0,26.23,10000.0,0.0,34.0,1.83,6.26,237.0,1009.0,0,802,Clouds,scattered clouds,03n
2025-07-25 23:16:10,Ca Mau,Ca Mau,26.23,26.23,26.23,85.0,26.23,10000.0,0.0,34.0,1.83,6.26,237.0,1009.0,0,802,Clouds,scattered clouds,03n
2025-07-25 23:19:56,Ca Mau,Ca Mau,26.23,26.23,26.23,85.0,26.23,10000.0,0.0,34.0,1.83,6.26,237.0,1009.0,0,802,Clouds,scattered clouds,03n
2025-07-25 23:23:42,Ca Mau,Ca Mau,26.23,26.23,26.23,85.0,26.23,10000.0,0.0,34.0,1.83,6.26,237.0,1009.0,0,802,Clouds,scattered clouds,03n
2025-07-25 23:27:28,Ca Mau,Ca Mau,26.23,26.23,26.23,85.0,26.23,10000.0,0.0,34.0,1.83,6.26,237.0,1009.0,0,802,Clouds,scattered clouds,03n
2025-07-25 23:31:14,Ca Mau,Ca Mau,26.23,26.23,26.23,85.0,26.23,10000.0,0.0,34.0,1.83,6.26,237.0,1009.0,0,802,Clouds,scattered clouds,03n
2025-07-25 23:35:00,Ca Mau,Ca Mau,26.23,26.23,26.23,85.0,26.23,10000.0,0.0,34.0,1.83,6.26,237.0,1009.0,0,802,Clouds,scattered clouds,03n
2025-07-25 23:38:46,Ca Mau,Ca Mau,26.05,26.05,26.05,85.0,26.05,10000.0,0.0,47.0,1.88,6.97,237.0,1008.0,0,802,Clouds,scattered clouds,03n
2025-07-25 23:42:31,Ca Mau,Ca Mau,26.05,26.05,26.05,85.0,26.05,10000.0,0.0,47.0,1.88,6.97,237.0,1008.0,0,802,Clouds,scattered clouds,03n
2025-07-25 23:46:18,Ca Mau,Ca Mau,26.05,26.05,26.05,85.0,26.05,10000.0,0.0,47.0,1.88,6.97,237.0,1008.0,0,802,Clouds,scattered clouds,03n
2025-07-25 23:50:04,Ca Mau,Ca Mau,26.05,26.05,26.05,85.0,26.05,10000.0,0.0,47.0,1.88,6.97,237.0,1008.0,0,802,Clouds,scattered clouds,03n
2025-07-25 23:53:50,Ca Mau,Ca Mau,26.05,26.05,26.05,85.0,26.05,10000.0,0.0,47.0,1.88,6.97,237.0,1008.0,0,802,Clouds,scattered clouds,03n
2025-07-25 23:57:35,Ca Mau,Ca Mau,26.05,26.05,26.05,85.0,26.05,10000.0,0.0,47.0,1.88,6.97,237.0,1008.0,0,802,Clouds,scattered clouds,03n
2025-07-26 00:01:21,Ca Mau,Ca Mau,26.05,26.05,26.05,85.0,26.05,10000.0,0.0,47.0,1.88,6.97,237.0,1008.0,0,802,Clouds,scattered clouds,03n
2025-07-26 00:05:07,Ca Mau,Ca Mau,26.07,26.07,26.07,85.0,26.07,10000.0,0.0,47.0,1.88,6.97,237.0,1008.0,0,802,Clouds,scattered clouds,03n
2025-07-26 00:08:53,Ca Mau,Ca Mau,26.07,26.07,26.07,85.0,26.07,10000.0,0.0,47.0,1.88,6.97,237.0,1008.0,0,802,Clouds,scattered clouds,03n
2025-07-26 00:12:39,Ca Mau,Ca Mau,26.07,26.07,26.07,85.0,26.07,10000.0,0.0,47.0,1.88,6.97,237.0,1008.0,0,802,Clouds,scattered clouds,03n
2025-07-26 00:16:25,Ca Mau,Ca Mau,26.07,26.07,26.07,85.0,26.07,10000.0,0.0,47.0,1.88,6.97,237.0,1008.0,0,802,Clouds,scattered clouds,03n
2025-07-26 00:20:10,Ca Mau,Ca Mau,26.07,26.07,26.07,85.0,26.07,10000.0,0.0,47.0,1.88,6.97,237.0,1008.0,0,802,Clouds,scattered clouds,03n
2025-07-26 00:23:56,Ca Mau,Ca Mau,26.07,26.07,26.07,85.0,26.07,10000.0,0.0,47.0,1.88,6.97,237.0,1008.0,0,802,Clouds,scattered clouds,03n
2025-07-26 00:27:42,Ca Mau,Ca Mau,26.07,26.07,26.07,85.0,26.07,10000.0,0.0,47.0,1.88,6.97,237.0,1008.0,0,802,Clouds,scattered clouds,03n
2025-07-26 00:31:28,Ca Mau,Ca Mau,25.94,25.94,25.94,85.0,26.81,10000.0,0.0,56.0,1.67,7.25,254.0,1008.0,0,803,Clouds,broken clouds,04n
2025-07-26 00:35:14,Ca Mau,Ca Mau,26.07,26.07,26.07,85.0,26.07,10000.0,0.0,47.0,1.88,6.97,237.0,1008.0,0,802,Clouds,scattered clouds,03n
2025-07-26 00:39:01,Ca Mau,Ca Mau,25.94,25.94,25.94,85.0,26.81,10000.0,0.0,56.0,1.67,7.25,254.0,1008.0,0,803,Clouds,broken clouds,04n
2025-07-26 00:42:50,Ca Mau,Ca Mau,25.94,25.94,25.94,85.0,26.81,10000.0,0.0,63.0,1.78,7.33,247.0,1008.0,0,803,Clouds,broken clouds,04n
2025-07-26 00:46:36,Ca Mau,Ca Mau,25.94,25.94,25.94,85.0,26.81,10000.0,0.0,63.0,1.78,7.33,247.0,1008.0,0,803,Clouds,broken clouds,04n
2025-07-26 00:50:22,Ca Mau,Ca Mau,25.94,25.94,25.94,85.0,26.81,10000.0,0.0,63.0,1.78,7.33,247.0,1008.0,0,803,Clouds,broken clouds,04n
2025-07-26 00:54:08,Ca Mau,Ca Mau,25.94,25.94,25.94,85.0,26.81,10000.0,0.0,63.0,1.78,7.33,247.0,1008.0,0,803,Clouds,broken clouds,04n
2025-07-26 00:57:54,Ca Mau,Ca Mau,25.94,25.94,25.94,85.0,26.81,10000.0,0.0,63.0,1.78,7.33,247.0,1008.0,0,803,Clouds,broken clouds,04n
2025-07-26 01:01:40,Ca Mau,Ca Mau,25.94,25.94,25.94,85.0,26.81,10000.0,0.0,63.0,1.78,7.33,247.0,1008.0,0,803,Clouds,broken clouds,04n
2025-07-26 01:05:25,Ca Mau,Ca Mau,25.94,25.94,25.94,85.0,26.81,10000.0,0.0,63.0,1.78,7.33,247.0,1008.0,0,803,Clouds,broken clouds,04n
2025-07-26 01:09:14,Ca Mau,Ca Mau,25.94,25.94,25.94,85.0,26.81,10000.0,0.0,63.0,1.78,7.33,247.0,1008.0,0,803,Clouds,broken clouds,04n
2025-07-26 01:12:59,Ca Mau,Ca Mau,25.94,25.94,25.94,85.0,26.81,10000.0,0.0,63.0,1.78,7.33,247.0,1008.0,0,803,Clouds,broken clouds,04n
2025-07-26 01:16:46,Ca Mau,Ca Mau,25.94,25.94,25.94,85.0,26.81,10000.0,0.0,63.0,1.78,7.33,247.0,1008.0,0,803,Clouds,broken clouds,04n
2025-07-26 01:20:31,Ca Mau,Ca Mau,25.94,25.94,25.94,85.0,26.81,10000.0,0.0,63.0,1.78,7.33,247.0,1008.0,0,803,Clouds,broken clouds,04n
2025-07-26 01:24:17,Ca Mau,Ca Mau,25.94,25.94,25.94,85.0,26.81,10000.0,0.0,63.0,1.78,7.33,247.0,1008.0,0,803,Clouds,broken clouds,04n
2025-07-26 01:28:04,Ca Mau,Ca Mau,25.94,25.94,25.94,85.0,26.81,10000.0,0.0,63.0,1.78,7.33,247.0,1008.0,0,803,Clouds,broken clouds,04n
2025-07-26 01:31:50,Ca Mau,Ca Mau,25.94,25.94,25.94,85.0,26.81,10000.0,0.0,63.0,1.78,7.33,247.0,1008.0,0,803,Clouds,broken clouds,04n
2025-07-26 01:35:36,Ca Mau,Ca Mau,25.92,25.92,25.92,84.0,26.76,10000.0,0.0,95.0,1.66,5.6,237.0,1007.0,0,804,Clouds,overcast clouds,04n
2025-07-26 01:39:22,Ca Mau,Ca Mau,25.92,25.92,25.92,84.0,26.76,10000.0,0.0,95.0,1.66,5.6,237.0,1007.0,0,804,Clouds,overcast clouds,04n
2025-07-26 01:43:08,Ca Mau,Ca Mau,25.92,25.92,25.92,84.0,26.76,10000.0,0.0,95.0,1.66,5.6,237.0,1007.0,0,804,Clouds,overcast clouds,04n
2025-07-26 01:46:53,Ca Mau,Ca Mau,25.92,25.92,25.92,84.0,26.76,10000.0,0.0,95.0,1.66,5.6,237.0,1007.0,0,804,Clouds,overcast clouds,04n
2025-07-26 01:50:39,Ca Mau,Ca Mau,25.91,25.91,25.91,84.0,26.75,10000.0,0.0,95.0,1.66,5.6,237.0,1007.0,0,804,Clouds,overcast clouds,04n
2025-07-26 01:54:25,Ca Mau,Ca Mau,25.91,25.91,25.91,84.0,26.75,10000.0,0.0,95.0,1.66,5.6,237.0,1007.0,0,804,Clouds,overcast clouds,04n
2025-07-26 01:58:11,Ca Mau,Ca Mau,25.91,25.91,25.91,84.0,26.75,10000.0,0.0,95.0,1.66,5.6,237.0,1007.0,0,804,Clouds,overcast clouds,04n
2025-07-26 02:01:57,Ca Mau,Ca Mau,25.93,25.93,25.93,84.0,26.77,10000.0,0.0,95.0,1.66,5.6,237.0,1007.0,0,804,Clouds,overcast clouds,04n
2025-07-26 02:05:43,Ca Mau,Ca Mau,25.93,25.93,25.93,84.0,26.77,10000.0,0.0,95.0,1.66,5.6,237.0,1007.0,0,804,Clouds,overcast clouds,04n
2025-07-26 02:09:29,Ca Mau,Ca Mau,25.93,25.93,25.93,84.0,26.77,10000.0,0.0,95.0,1.66,5.6,237.0,1007.0,0,804,Clouds,overcast clouds,04n
2025-07-26 02:13:15,Ca Mau,Ca Mau,25.93,25.93,25.93,84.0,26.77,10000.0,0.0,95.0,1.66,5.6,237.0,1007.0,0,804,Clouds,overcast clouds,04n
2025-07-26 02:17:01,Ca Mau,Ca Mau,25.93,25.93,25.93,84.0,26.77,10000.0,0.0,95.0,1.66,5.6,237.0,1007.0,0,804,Clouds,overcast clouds,04n
2025-07-26 02:20:47,Ca Mau,Ca Mau,25.93,25.93,25.93,84.0,26.77,10000.0,0.0,95.0,1.66,5.6,237.0,1007.0,0,804,Clouds,overcast clouds,04n
2025-07-26 02:24:33,Ca Mau,Ca Mau,25.93,25.93,25.93,84.0,26.77,10000.0,0.0,95.0,1.66,5.6,237.0,1007.0,0,804,Clouds,overcast clouds,04n
2025-07-26 02:28:19,Ca Mau,Ca Mau,25.93,25.93,25.93,84.0,26.77,10000.0,0.0,95.0,1.66,5.6,237.0,1007.0,0,804,Clouds,overcast clouds,04n
2025-07-26 02:32:05,Ca Mau,Ca Mau,25.93,25.93,25.93,84.0,26.77,10000.0,0.0,95.0,1.66,5.6,237.0,1007.0,0,804,Clouds,overcast clouds,04n
2025-07-26 02:35:51,Ca Mau,Ca Mau,25.9,25.9,25.9,83.0,26.71,10000.0,0.0,90.0,1.92,7.44,251.0,1007.0,0,804,Clouds,overcast clouds,04n
2025-07-26 02:39:37,Ca Mau,Ca Mau,25.9,25.9,25.9,83.0,26.71,10000.0,0.0,90.0,1.92,7.44,251.0,1007.0,0,804,Clouds,overcast clouds,04n
2025-07-26 02:43:23,Ca Mau,Ca Mau,25.9,25.9,25.9,83.0,26.71,10000.0,0.0,90.0,1.92,7.44,251.0,1007.0,0,804,Clouds,overcast clouds,04n
2025-07-26 02:47:09,Ca Mau,Ca Mau,25.9,25.9,25.9,83.0,26.71,10000.0,0.0,90.0,1.92,7.44,251.0,1007.0,0,804,Clouds,overcast clouds,04n
2025-07-26 02:50:55,Ca Mau,Ca Mau,25.9,25.9,25.9,83.0,26.71,10000.0,0.0,90.0,1.92,7.44,251.0,1007.0,0,804,Clouds,overcast clouds,04n
2025-07-26 02:54:41,Ca Mau,Ca Mau,25.9,25.9,25.9,83.0,26.71,10000.0,0.0,90.0,1.92,7.44,251.0,1007.0,0,804,Clouds,overcast clouds,04n
2025-07-26 02:58:27,Ca Mau,Ca Mau,25.9,25.9,25.9,83.0,26.71,10000.0,0.0,90.0,1.92,7.44,251.0,1007.0,0,804,Clouds,overcast clouds,04n
2025-07-26 03:02:12,Ca Mau,Ca Mau,25.92,25.92,25.92,84.0,26.76,10000.0,0.0,90.0,1.92,7.44,251.0,1007.0,0,804,Clouds,overcast clouds,04n
2025-07-26 03:05:58,Ca Mau,Ca Mau,25.92,25.92,25.92,84.0,26.76,10000.0,0.0,90.0,1.92,7.44,251.0,1007.0,0,804,Clouds,overcast clouds,04n
2025-07-26 03:09:44,Ca Mau,Ca Mau,25.92,25.92,25.92,84.0,26.76,10000.0,0.0,90.0,1.92,7.44,251.0,1007.0,0,804,Clouds,overcast clouds,04n
2025-07-26 03:13:30,Ca Mau,Ca Mau,25.92,25.92,25.92,84.0,26.76,10000.0,0.0,90.0,1.92,7.44,251.0,1007.0,0,804,Clouds,overcast clouds,04n
2025-07-26 03:17:16,Ca Mau,Ca Mau,25.92,25.92,25.92,84.0,26.76,10000.0,0.0,90.0,1.92,7.44,251.0,1007.0,0,804,Clouds,overcast clouds,04n
2025-07-26 03:21:01,Ca Mau,Ca Mau,25.92,25.92,25.92,84.0,26.76,10000.0,0.0,90.0,1.92,7.44,251.0,1007.0,0,804,Clouds,overcast clouds,04n
2025-07-26 03:24:48,Ca Mau,Ca Mau,25.92,25.92,25.92,84.0,26.76,10000.0,0.0,90.0,1.92,7.44,251.0,1007.0,0,804,Clouds,overcast clouds,04n
2025-07-26 03:28:33,Ca Mau,Ca Mau,25.92,25.92,25.92,84.0,26.76,10000.0,0.0,90.0,1.92,7.44,251.0,1007.0,0,804,Clouds,overcast clouds,04n
2025-07-26 03:32:19,Ca Mau,Ca Mau,26.22,26.22,26.22,81.0,26.22,10000.0,0.0,92.0,2.1,7.96,245.0,1007.0,0,804,Clouds,overcast clouds,04n
2025-07-26 03:36:09,Ca Mau,Ca Mau,26.22,26.22,26.22,81.0,26.22,10000.0,0.0,92.0,2.1,7.96,245.0,1007.0,0,804,Clouds,overcast clouds,04n
2025-07-26 03:39:55,Ca Mau,Ca Mau,26.22,26.22,26.22,81.0,26.22,10000.0,0.0,92.0,2.1,7.96,245.0,1007.0,0,804,Clouds,overcast clouds,04n
2025-07-26 03:43:41,Ca Mau,Ca Mau,26.22,26.22,26.22,81.0,26.22,10000.0,0.0,92.0,2.1,7.96,245.0,1007.0,0,804,Clouds,overcast clouds,04n
2025-07-26 03:47:27,Ca Mau,Ca Mau,26.23,26.23,26.23,81.0,26.23,10000.0,0.0,92.0,2.1,7.96,245.0,1007.0,0,804,Clouds,overcast clouds,04n
2025-07-26 03:51:12,Ca Mau,Ca Mau,26.23,26.23,26.23,81.0,26.23,10000.0,0.0,92.0,2.1,7.96,245.0,1007.0,0,804,Clouds,overcast clouds,04n
2025-07-26 03:54:58,Ca Mau,Ca Mau,26.23,26.23,26.23,81.0,26.23,10000.0,0.0,92.0,2.1,7.96,245.0,1007.0,0,804,Clouds,overcast clouds,04n
2025-07-26 03:58:44,Ca Mau,Ca Mau,26.23,26.23,26.23,81.0,26.23,10000.0,0.0,92.0,2.1,7.96,245.0,1007.0,0,804,Clouds,overcast clouds,04n
2025-07-26 04:02:30,Ca Mau,Ca Mau,26.23,26.23,26.23,81.0,26.23,10000.0,0.0,92.0,2.1,7.96,245.0,1007.0,0,804,Clouds,overcast clouds,04n
2025-07-26 04:06:16,Ca Mau,Ca Mau,26.24,26.24,26.24,82.0,26.24,10000.0,0.0,92.0,2.1,7.96,245.0,1007.0,0,804,Clouds,overcast clouds,04n
2025-07-26 04:10:03,Ca Mau,Ca Mau,26.24,26.24,26.24,82.0,26.24,10000.0,0.0,92.0,2.1,7.96,245.0,1007.0,0,804,Clouds,overcast clouds,04n
2025-07-26 04:13:49,Ca Mau,Ca Mau,26.24,26.24,26.24,82.0,26.24,10000.0,0.0,92.0,2.1,7.96,245.0,1007.0,0,804,Clouds,overcast clouds,04n
2025-07-26 04:17:35,Ca Mau,Ca Mau,26.24,26.24,26.24,82.0,26.24,10000.0,0.0,92.0,2.1,7.96,245.0,1007.0,0,804,Clouds,overcast clouds,04n
2025-07-26 04:21:21,Ca Mau,Ca Mau,26.24,26.24,26.24,82.0,26.24,10000.0,0.0,92.0,2.1,7.96,245.0,1007.0,0,804,Clouds,overcast clouds,04n
2025-07-26 04:25:07,Ca Mau,Ca Mau,26.24,26.24,26.24,82.0,26.24,10000.0,0.0,92.0,2.1,7.96,245.0,1007.0,0,804,Clouds,overcast clouds,04n
2025-07-26 04:28:53,Ca Mau,Ca Mau,26.24,26.24,26.24,82.0,26.24,10000.0,0.0,92.0,2.1,7.96,245.0,1007.0,0,804,Clouds,overcast clouds,04n
2025-07-26 04:32:39,Ca Mau,Ca Mau,26.44,26.44,26.44,81.0,26.44,10000.0,0.0,95.0,1.87,7.29,254.0,1007.0,0,804,Clouds,overcast clouds,04n
2025-07-26 04:36:25,Ca Mau,Ca Mau,26.44,26.44,26.44,81.0,26.44,10000.0,0.0,95.0,1.87,7.29,254.0,1007.0,0,804,Clouds,overcast clouds,04n
2025-07-26 04:40:10,Ca Mau,Ca Mau,26.44,26.44,26.44,81.0,26.44,10000.0,0.0,95.0,1.87,7.29,254.0,1007.0,0,804,Clouds,overcast clouds,04n
2025-07-26 04:43:56,Ca Mau,Ca Mau,26.44,26.44,26.44,81.0,26.44,10000.0,0.0,95.0,1.87,7.29,254.0,1007.0,0,804,Clouds,overcast clouds,04n
2025-07-26 04:47:42,Ca Mau,Ca Mau,26.44,26.44,26.44,81.0,26.44,10000.0,0.0,95.0,1.87,7.29,254.0,1007.0,0,804,Clouds,overcast clouds,04n
2025-07-26 04:51:28,Ca Mau,Ca Mau,26.44,26.44,26.44,81.0,26.44,10000.0,0.0,95.0,1.87,7.29,254.0,1007.0,0,804,Clouds,overcast clouds,04n
2025-07-26 04:55:14,Ca Mau,Ca Mau,26.44,26.44,26.44,81.0,26.44,10000.0,0.0,95.0,1.87,7.29,254.0,1007.0,0,804,Clouds,overcast clouds,04n
2025-07-26 04:59:00,Ca Mau,Ca Mau,26.44,26.44,26.44,81.0,26.44,10000.0,0.0,95.0,1.87,7.29,254.0,1007.0,0,804,Clouds,overcast clouds,04n
2025-07-26 05:02:46,Ca Mau,Ca Mau,26.44,26.44,26.44,81.0,26.44,10000.0,0.0,95.0,1.87,7.29,254.0,1007.0,0,804,Clouds,overcast clouds,04n
2025-07-26 05:06:33,Ca Mau,Ca Mau,26.44,26.44,26.44,81.0,26.44,10000.0,0.0,95.0,1.87,7.29,254.0,1007.0,0,804,Clouds,overcast clouds,04n
2025-07-26 05:10:19,Ca Mau,Ca Mau,26.44,26.44,26.44,81.0,26.44,10000.0,0.0,95.0,1.87,7.29,254.0,1007.0,0,804,Clouds,overcast clouds,04n
2025-07-26 05:14:06,Ca Mau,Ca Mau,26.44,26.44,26.44,81.0,26.44,10000.0,0.0,95.0,1.87,7.29,254.0,1007.0,0,804,Clouds,overcast clouds,04n
2025-07-26 05:17:52,Ca Mau,Ca Mau,26.44,26.44,26.44,81.0,26.44,10000.0,0.0,95.0,1.87,7.29,254.0,1007.0,0,804,Clouds,overcast clouds,04n
2025-07-26 05:21:38,Ca Mau,Ca Mau,26.44,26.44,26.44,81.0,26.44,10000.0,0.0,95.0,1.87,7.29,254.0,1007.0,0,804,Clouds,overcast clouds,04n
2025-07-26 05:25:24,Ca Mau,Ca Mau,26.44,26.44,26.44,81.0,26.44,10000.0,0.0,95.0,1.87,7.29,254.0,1007.0,0,804,Clouds,overcast clouds,04n
2025-07-26 05:29:10,Ca Mau,Ca Mau,26.44,26.44,26.44,81.0,26.44,10000.0,0.0,95.0,1.87,7.29,254.0,1007.0,0,804,Clouds,overcast clouds,04n
2025-07-26 05:32:56,Ca Mau,Ca Mau,26.78,26.78,26.78,80.0,29.26,10000.0,0.0,96.0,1.8,6.85,257.0,1008.0,0,804,Clouds,overcast clouds,04n
2025-07-26 05:36:42,Ca Mau,Ca Mau,26.78,26.78,26.78,80.0,29.26,10000.0,0.0,96.0,1.8,6.85,257.0,1008.0,0,804,Clouds,overcast clouds,04n
2025-07-26 05:40:27,Ca Mau,Ca Mau,26.78,26.78,26.78,80.0,29.26,10000.0,0.0,96.0,1.8,6.85,257.0,1008.0,0,804,Clouds,overcast clouds,04n
2025-07-26 05:44:13,Ca Mau,Ca Mau,26.78,26.78,26.78,80.0,29.26,10000.0,0.0,96.0,1.8,6.85,257.0,1008.0,0,804,Clouds,overcast clouds,04n
2025-07-26 05:47:59,Ca Mau,Ca Mau,26.78,26.78,26.78,80.0,29.26,10000.0,0.0,96.0,1.8,6.85,257.0,1008.0,0,804,Clouds,overcast clouds,04n
2025-07-26 05:51:45,Ca Mau,Ca Mau,26.78,26.78,26.78,80.0,29.26,10000.0,0.0,96.0,1.8,6.85,257.0,1008.0,1,804,Clouds,overcast clouds,04d
2025-07-26 05:55:30,Ca Mau,Ca Mau,26.78,26.78,26.78,80.0,29.26,10000.0,0.0,96.0,1.8,6.85,257.0,1008.0,1,804,Clouds,overcast clouds,04d
2025-07-26 05:59:16,Ca Mau,Ca Mau,26.78,26.78,26.78,80.0,29.26,10000.0,0.0,96.0,1.8,6.85,257.0,1008.0,1,804,Clouds,overcast clouds,04d
2025-07-26 06:03:03,Ca Mau,Ca Mau,26.78,26.78,26.78,80.0,29.26,10000.0,0.0,96.0,1.8,6.85,257.0,1008.0,1,804,Clouds,overcast clouds,04d
2025-07-26 06:06:49,Ca Mau,Ca Mau,26.78,26.78,26.78,80.0,29.26,10000.0,0.0,96.0,1.8,6.85,257.0,1008.0,1,804,Clouds,overcast clouds,04d
2025-07-26 06:10:35,Ca Mau,Ca Mau,26.78,26.78,26.78,80.0,29.26,10000.0,0.0,96.0,1.8,6.85,257.0,1008.0,1,804,Clouds,overcast clouds,04d
2025-07-26 06:14:21,Ca Mau,Ca Mau,26.78,26.78,26.78,80.0,29.26,10000.0,0.0,96.0,1.8,6.85,257.0,1008.0,1,804,Clouds,overcast clouds,04d
2025-07-26 06:18:06,Ca Mau,Ca Mau,26.78,26.78,26.78,80.0,29.26,10000.0,0.0,96.0,1.8,6.85,257.0,1008.0,1,804,Clouds,overcast clouds,04d
2025-07-26 06:21:53,Ca Mau,Ca Mau,26.78,26.78,26.78,80.0,29.26,10000.0,0.0,96.0,1.8,6.85,257.0,1008.0,1,804,Clouds,overcast clouds,04d
2025-07-26 06:25:39,Ca Mau,Ca Mau,26.78,26.78,26.78,80.0,29.26,10000.0,0.0,96.0,1.8,6.85,257.0,1008.0,1,804,Clouds,overcast clouds,04d
2025-07-26 06:29:25,Ca Mau,Ca Mau,26.78,26.78,26.78,80.0,29.26,10000.0,0.0,96.0,1.8,6.85,257.0,1008.0,1,804,Clouds,overcast clouds,04d
2025-07-26 06:33:11,Ca Mau,Ca Mau,27.5,27.5,27.5,78.0,30.64,10000.0,0.0,96.0,2.22,7.54,249.0,1008.0,1,804,Clouds,overcast clouds,04d
2025-07-26 06:36:57,Ca Mau,Ca Mau,27.5,27.5,27.5,78.0,30.64,10000.0,0.0,96.0,2.22,7.54,249.0,1008.0,1,804,Clouds,overcast clouds,04d
2025-07-26 06:40:43,Ca Mau,Ca Mau,27.5,27.5,27.5,78.0,30.64,10000.0,0.0,96.0,2.22,7.54,249.0,1008.0,1,804,Clouds,overcast clouds,04d
2025-07-26 06:44:28,Ca Mau,Ca Mau,27.5,27.5,27.5,78.0,30.64,10000.0,0.0,96.0,2.22,7.54,249.0,1008.0,1,804,Clouds,overcast clouds,04d
2025-07-26 06:48:14,Ca Mau,Ca Mau,27.5,27.5,27.5,78.0,30.64,10000.0,0.0,99.0,2.08,7.37,238.0,1008.0,1,804,Clouds,overcast clouds,04d
2025-07-26 06:52:00,Ca Mau,Ca Mau,27.5,27.5,27.5,78.0,30.64,10000.0,0.0,99.0,2.08,7.37,238.0,1008.0,1,804,Clouds,overcast clouds,04d
2025-07-26 06:55:46,Ca Mau,Ca Mau,27.5,27.5,27.5,78.0,30.64,10000.0,0.0,99.0,2.08,7.37,238.0,1008.0,1,804,Clouds,overcast clouds,04d
2025-07-26 06:59:31,Ca Mau,Ca Mau,27.5,27.5,27.5,78.0,30.64,10000.0,0.0,99.0,2.08,7.37,238.0,1008.0,1,804,Clouds,overcast clouds,04d
2025-07-26 07:03:17,Ca Mau,Ca Mau,27.5,27.5,27.5,78.0,30.64,10000.0,0.0,99.0,2.08,7.37,238.0,1008.0,1,804,Clouds,overcast clouds,04d
2025-07-26 07:07:03,Ca Mau,Ca Mau,27.5,27.5,27.5,78.0,30.64,10000.0,0.0,99.0,2.08,7.37,238.0,1008.0,1,804,Clouds,overcast clouds,04d
2025-07-26 07:10:48,Ca Mau,Ca Mau,27.5,27.5,27.5,78.0,30.64,10000.0,0.0,99.0,2.08,7.37,238.0,1008.0,1,804,Clouds,overcast clouds,04d
2025-07-26 07:14:34,Ca Mau,Ca Mau,27.5,27.5,27.5,78.0,30.64,10000.0,0.0,99.0,2.08,7.37,238.0,1008.0,1,804,Clouds,overcast clouds,04d
2025-07-26 07:18:20,Ca Mau,Ca Mau,27.5,27.5,27.5,78.0,30.64,10000.0,0.0,99.0,2.08,7.37,238.0,1008.0,1,804,Clouds,overcast clouds,04d
2025-07-26 07:22:07,Ca Mau,Ca Mau,27.5,27.5,27.5,78.0,30.64,10000.0,0.0,99.0,2.08,7.37,238.0,1008.0,1,804,Clouds,overcast clouds,04d
2025-07-26 07:25:53,Ca Mau,Ca Mau,27.5,27.5,27.5,78.0,30.64,10000.0,0.0,99.0,2.08,7.37,238.0,1008.0,1,804,Clouds,overcast clouds,04d
2025-07-26 07:29:39,Ca Mau,Ca Mau,27.5,27.5,27.5,78.0,30.64,10000.0,0.0,99.0,2.08,7.37,238.0,1008.0,1,804,Clouds,overcast clouds,04d
2025-07-26 07:33:25,Ca Mau,Ca Mau,29.21,29.21,29.21,69.0,33.0,10000.0,0.0,100.0,4.01,7.65,251.0,1009.0,1,804,Clouds,overcast clouds,04d
2025-07-26 07:37:10,Ca Mau,Ca Mau,27.5,27.5,27.5,78.0,30.64,10000.0,0.0,99.0,2.08,7.37,238.0,1008.0,1,804,Clouds,overcast clouds,04d
2025-07-26 07:40:55,Ca Mau,Ca Mau,29.21,29.21,29.21,69.0,33.0,10000.0,0.0,100.0,4.01,7.65,251.0,1009.0,1,804,Clouds,overcast clouds,04d
2025-07-26 07:44:41,Ca Mau,Ca Mau,29.21,29.21,29.21,69.0,33.0,10000.0,0.0,100.0,4.01,7.65,251.0,1009.0,1,804,Clouds,overcast clouds,04d
2025-07-26 07:48:27,Ca Mau,Ca Mau,29.21,29.21,29.21,69.0,33.0,10000.0,0.0,100.0,4.01,7.65,251.0,1009.0,1,804,Clouds,overcast clouds,04d
2025-07-26 07:52:13,Ca Mau,Ca Mau,29.21,29.21,29.21,69.0,33.0,10000.0,0.0,100.0,4.01,7.65,251.0,1009.0,1,804,Clouds,overcast clouds,04d
2025-07-26 07:55:58,Ca Mau,Ca Mau,29.54,29.54,29.54,65.0,32.91,10000.0,0.0,100.0,4.01,7.65,251.0,1009.0,1,804,Clouds,overcast clouds,04d
2025-07-26 07:59:44,Ca Mau,Ca Mau,29.54,29.54,29.54,65.0,32.91,10000.0,0.0,100.0,4.01,7.65,251.0,1009.0,1,804,Clouds,overcast clouds,04d
2025-07-26 08:03:30,Ca Mau,Ca Mau,29.54,29.54,29.54,65.0,32.91,10000.0,0.0,100.0,4.01,7.65,251.0,1009.0,1,804,Clouds,overcast clouds,04d
2025-07-26 08:07:16,Ca Mau,Ca Mau,29.54,29.54,29.54,65.0,32.91,10000.0,0.0,100.0,4.01,7.65,251.0,1009.0,1,804,Clouds,overcast clouds,04d
2025-07-26 08:11:02,Ca Mau,Ca Mau,29.52,29.52,29.52,66.0,33.07,10000.0,0.0,100.0,4.01,7.65,251.0,1009.0,1,804,Clouds,overcast clouds,04d
2025-07-26 08:14:48,Ca Mau,Ca Mau,29.52,29.52,29.52,66.0,33.07,10000.0,0.0,100.0,4.01,7.65,251.0,1009.0,1,804,Clouds,overcast clouds,04d
2025-07-26 08:18:33,Ca Mau,Ca Mau,29.52,29.52,29.52,66.0,33.07,10000.0,0.0,100.0,4.01,7.65,251.0,1009.0,1,804,Clouds,overcast clouds,04d
2025-07-26 08:22:19,Ca Mau,Ca Mau,29.52,29.52,29.52,66.0,33.07,10000.0,0.0,100.0,4.01,7.65,251.0,1009.0,1,804,Clouds,overcast clouds,04d
2025-07-26 08:26:05,Ca Mau,Ca Mau,29.52,29.52,29.52,66.0,33.07,10000.0,0.0,100.0,4.01,7.65,251.0,1009.0,1,804,Clouds,overcast clouds,04d
2025-07-26 08:29:51,Ca Mau,Ca Mau,29.52,29.52,29.52,66.0,33.07,10000.0,0.0,100.0,4.01,7.65,251.0,1009.0,1,804,Clouds,overcast clouds,04d
2025-07-26 08:33:37,Ca Mau,Ca Mau,31.34,31.34,31.34,56.0,34.56,10000.0,0.0,100.0,4.72,7.52,262.0,1009.0,1,804,Clouds,overcast clouds,04d
2025-07-26 08:37:22,Ca Mau,Ca Mau,31.34,31.34,31.34,56.0,34.56,10000.0,0.0,100.0,4.72,7.52,262.0,1009.0,1,804,Clouds,overcast clouds,04d
2025-07-26 08:41:08,Ca Mau,Ca Mau,31.34,31.34,31.34,56.0,34.56,10000.0,0.0,100.0,4.72,7.52,262.0,1009.0,1,804,Clouds,overcast clouds,04d
2025-07-26 08:44:53,Ca Mau,Ca Mau,31.34,31.34,31.34,56.0,34.56,10000.0,0.0,100.0,4.72,7.52,262.0,1009.0,1,804,Clouds,overcast clouds,04d
2025-07-26 08:48:39,Ca Mau,Ca Mau,31.35,31.35,31.35,56.0,34.58,10000.0,0.0,100.0,4.72,7.52,262.0,1009.0,1,804,Clouds,overcast clouds,04d
2025-07-26 08:52:25,Ca Mau,Ca Mau,31.35,31.35,31.35,56.0,34.58,10000.0,0.0,100.0,4.72,7.52,262.0,1009.0,1,804,Clouds,overcast clouds,04d
2025-07-26 08:56:10,Ca Mau,Ca Mau,31.35,31.35,31.35,56.0,34.58,10000.0,0.0,100.0,4.72,7.52,262.0,1009.0,1,804,Clouds,overcast clouds,04d
2025-07-26 08:59:56,Ca Mau,Ca Mau,31.35,31.35,31.35,56.0,34.58,10000.0,0.0,100.0,4.72,7.52,262.0,1009.0,1,804,Clouds,overcast clouds,04d
2025-07-26 09:03:42,Ca Mau,Ca Mau,31.35,31.35,31.35,56.0,34.58,10000.0,0.0,100.0,4.72,7.52,262.0,1009.0,1,804,Clouds,overcast clouds,04d
2025-07-26 09:07:31,Ca Mau,Ca Mau,31.31,31.31,31.31,57.0,34.74,10000.0,0.0,100.0,4.72,7.52,262.0,1009.0,1,804,Clouds,overcast clouds,04d
2025-07-26 09:11:17,Ca Mau,Ca Mau,31.31,31.31,31.31,57.0,34.74,10000.0,0.0,100.0,4.72,7.52,262.0,1009.0,1,804,Clouds,overcast clouds,04d
2025-07-26 09:15:03,Ca Mau,Ca Mau,31.31,31.31,31.31,57.0,34.74,10000.0,0.0,100.0,4.72,7.52,262.0,1009.0,1,804,Clouds,overcast clouds,04d
2025-07-26 09:18:48,Ca Mau,Ca Mau,31.31,31.31,31.31,57.0,34.74,10000.0,0.0,100.0,4.72,7.52,262.0,1009.0,1,804,Clouds,overcast clouds,04d
2025-07-26 09:22:34,Ca Mau,Ca Mau,31.32,31.32,31.32,57.0,34.76,10000.0,0.0,100.0,4.72,7.52,262.0,1009.0,1,804,Clouds,overcast clouds,04d
2025-07-26 09:26:20,Ca Mau,Ca Mau,31.32,31.32,31.32,57.0,34.76,10000.0,0.0,100.0,4.72,7.52,262.0,1009.0,1,804,Clouds,overcast clouds,04d
2025-07-26 09:30:06,Ca Mau,Ca Mau,31.32,31.32,31.32,57.0,34.76,10000.0,0.0,100.0,4.72,7.52,262.0,1009.0,1,804,Clouds,overcast clouds,04d
2025-07-26 09:33:51,Ca Mau,Ca Mau,31.34,31.34,31.34,57.0,34.8,10000.0,0.0,100.0,4.88,8.1,269.0,1009.0,1,804,Clouds,overcast clouds,04d
2025-07-26 09:37:37,Ca Mau,Ca Mau,31.34,31.34,31.34,57.0,34.8,10000.0,0.0,100.0,4.88,8.1,269.0,1009.0,1,804,Clouds,overcast clouds,04d
2025-07-26 09:41:23,Ca Mau,Ca Mau,31.34,31.34,31.34,57.0,34.8,10000.0,0.0,100.0,4.88,8.1,269.0,1009.0,1,804,Clouds,overcast clouds,04d
2025-07-26 09:45:09,Ca Mau,Ca Mau,31.34,31.34,31.34,57.0,34.8,10000.0,0.0,100.0,4.88,8.1,269.0,1009.0,1,804,Clouds,overcast clouds,04d
2025-07-26 09:48:54,Ca Mau,Ca Mau,31.35,31.35,31.35,57.0,34.82,10000.0,0.0,100.0,4.88,8.1,269.0,1009.0,1,804,Clouds,overcast clouds,04d
2025-07-26 09:52:40,Ca Mau,Ca Mau,31.35,31.35,31.35,57.0,34.82,10000.0,0.0,100.0,4.88,8.1,269.0,1009.0,1,804,Clouds,overcast clouds,04d
2025-07-26 09:56:26,Ca Mau,Ca Mau,31.35,31.35,31.35,57.0,34.82,10000.0,0.0,100.0,4.88,8.1,269.0,1009.0,1,804,Clouds,overcast clouds,04d
2025-07-26 10:00:12,Ca Mau,Ca Mau,31.35,31.35,31.35,57.0,34.82,10000.0,0.0,100.0,4.88,8.1,269.0,1009.0,1,804,Clouds,overcast clouds,04d
2025-07-26 10:03:57,Ca Mau,Ca Mau,31.35,31.35,31.35,57.0,34.82,10000.0,0.0,100.0,4.88,8.1,269.0,1009.0,1,804,Clouds,overcast clouds,04d
2025-07-26 10:07:43,Ca Mau,Ca Mau,31.33,31.33,31.33,57.0,34.78,10000.0,0.0,100.0,4.88,8.1,269.0,1009.0,1,804,Clouds,overcast clouds,04d
2025-07-26 10:11:29,Ca Mau,Ca Mau,31.33,31.33,31.33,57.0,34.78,10000.0,0.0,100.0,4.88,8.1,269.0,1009.0,1,804,Clouds,overcast clouds,04d
2025-07-26 10:15:15,Ca Mau,Ca Mau,31.33,31.33,31.33,57.0,34.78,10000.0,0.0,100.0,4.88,8.1,269.0,1009.0,1,804,Clouds,overcast clouds,04d
2025-07-26 10:19:01,Ca Mau,Ca Mau,31.33,31.33,31.33,57.0,34.78,10000.0,0.0,100.0,4.88,8.1,269.0,1009.0,1,804,Clouds,overcast clouds,04d
2025-07-26 10:22:46,Ca Mau,Ca Mau,31.33,31.33,31.33,57.0,34.78,10000.0,0.0,100.0,4.88,8.1,269.0,1009.0,1,804,Clouds,overcast clouds,04d
2025-07-26 10:26:32,Ca Mau,Ca Mau,31.33,31.33,31.33,57.0,34.78,10000.0,0.0,100.0,4.88,8.1,269.0,1009.0,1,804,Clouds,overcast clouds,04d
2025-07-26 10:30:18,Ca Mau,Ca Mau,31.33,31.33,31.33,57.0,34.78,10000.0,0.0,100.0,4.88,8.1,269.0,1009.0,1,804,Clouds,overcast clouds,04d
2025-07-26 10:34:04,Ca Mau,Ca Mau,31.33,31.33,31.33,57.0,34.78,10000.0,0.0,100.0,4.88,8.1,269.0,1009.0,1,804,Clouds,overcast clouds,04d
2025-07-26 10:37:51,Ca Mau,Ca Mau,30.42,30.42,30.42,61.0,33.87,10000.0,0.0,100.0,4.54,8.0,267.0,1009.0,1,804,Clouds,overcast clouds,04d
2025-07-26 10:41:41,Ca Mau,Ca Mau,30.42,30.42,30.42,61.0,33.87,10000.0,0.0,100.0,4.54,8.0,267.0,1009.0,1,804,Clouds,overcast clouds,04d
2025-07-26 10:45:30,Ca Mau,Ca Mau,30.42,30.42,30.42,61.0,33.87,10000.0,0.0,100.0,4.54,8.0,267.0,1009.0,1,804,Clouds,overcast clouds,04d
2025-07-26 10:49:20,Ca Mau,Ca Mau,30.43,30.43,30.43,61.0,33.89,10000.0,0.0,100.0,4.54,8.0,267.0,1009.0,1,804,Clouds,overcast clouds,04d
2025-07-26 10:53:09,Ca Mau,Ca Mau,30.43,30.43,30.43,61.0,33.89,10000.0,0.0,100.0,4.54,8.0,267.0,1009.0,1,804,Clouds,overcast clouds,04d
2025-07-26 10:56:59,Ca Mau,Ca Mau,30.43,30.43,30.43,61.0,33.89,10000.0,0.0,100.0,4.54,8.0,267.0,1009.0,1,804,Clouds,overcast clouds,04d
2025-07-26 11:00:49,Ca Mau,Ca Mau,30.43,30.43,30.43,61.0,33.89,10000.0,0.0,100.0,4.54,8.0,267.0,1009.0,1,804,Clouds,overcast clouds,04d
2025-07-26 11:04:38,Ca Mau,Ca Mau,30.43,30.43,30.43,61.0,33.89,10000.0,0.0,100.0,4.54,8.0,267.0,1009.0,1,804,Clouds,overcast clouds,04d
2025-07-26 11:08:27,Ca Mau,Ca Mau,30.46,30.46,30.46,61.0,33.96,10000.0,0.0,100.0,4.54,8.0,267.0,1009.0,1,804,Clouds,overcast clouds,04d
2025-07-26 11:12:17,Ca Mau,Ca Mau,30.46,30.46,30.46,61.0,33.96,10000.0,0.0,100.0,4.54,8.0,267.0,1009.0,1,804,Clouds,overcast clouds,04d
2025-07-26 11:16:08,Ca Mau,Ca Mau,30.46,30.46,30.46,61.0,33.96,10000.0,0.0,100.0,4.54,8.0,267.0,1009.0,1,804,Clouds,overcast clouds,04d
2025-07-26 11:19:57,Ca Mau,Ca Mau,30.46,30.46,30.46,61.0,33.96,10000.0,0.0,100.0,4.54,8.0,267.0,1009.0,1,804,Clouds,overcast clouds,04d
2025-07-26 11:23:47,Ca Mau,Ca Mau,30.46,30.46,30.46,61.0,33.96,10000.0,0.0,100.0,4.54,8.0,267.0,1009.0,1,804,Clouds,overcast clouds,04d
2025-07-26 11:27:37,Ca Mau,Ca Mau,30.46,30.46,30.46,61.0,33.96,10000.0,0.0,100.0,4.54,8.0,267.0,1009.0,1,804,Clouds,overcast clouds,04d
2025-07-26 11:35:16,Ca Mau,Ca Mau,30.46,30.46,30.46,61.0,33.96,10000.0,0.0,100.0,4.54,8.0,267.0,1009.0,1,804,Clouds,overcast clouds,04d
2025-07-26 11:39:07,Ca Mau,Ca Mau,32.74,32.74,32.74,52.0,36.33,10000.0,0.0,100.0,5.04,8.42,259.0,1008.0,1,804,Clouds,overcast clouds,04d
2025-07-26 11:42:56,Ca Mau,Ca Mau,32.74,32.74,32.74,52.0,36.33,10000.0,0.0,100.0,5.04,8.42,259.0,1008.0,1,804,Clouds,overcast clouds,04d
2025-07-26 11:46:45,Ca Mau,Ca Mau,32.75,32.75,32.75,52.0,36.35,10000.0,0.0,100.0,5.04,8.42,259.0,1008.0,1,804,Clouds,overcast clouds,04d
2025-07-26 11:50:34,Ca Mau,Ca Mau,32.75,32.75,32.75,52.0,36.35,10000.0,0.0,100.0,5.04,8.42,259.0,1008.0,1,804,Clouds,overcast clouds,04d
2025-07-26 11:54:24,Ca Mau,Ca Mau,32.75,32.75,32.75,52.0,36.35,10000.0,0.0,100.0,5.04,8.42,259.0,1008.0,1,804,Clouds,overcast clouds,04d
2025-07-26 11:58:13,Ca Mau,Ca Mau,32.75,32.75,32.75,52.0,36.35,10000.0,0.0,100.0,5.04,8.42,259.0,1008.0,1,804,Clouds,overcast clouds,04d
2025-07-26 12:02:05,Ca Mau,Ca Mau,32.74,32.74,32.74,53.0,36.63,10000.0,0.0,100.0,5.04,8.42,259.0,1008.0,1,804,Clouds,overcast clouds,04d
2025-07-26 12:05:54,Ca Mau,Ca Mau,32.74,32.74,32.74,53.0,36.63,10000.0,0.0,100.0,5.04,8.42,259.0,1008.0,1,804,Clouds,overcast clouds,04d
2025-07-26 12:09:43,Ca Mau,Ca Mau,32.74,32.74,32.74,53.0,36.63,10000.0,0.0,100.0,5.04,8.42,259.0,1008.0,1,804,Clouds,overcast clouds,04d
2025-07-26 12:13:33,Ca Mau,Ca Mau,32.74,32.74,32.74,53.0,36.63,10000.0,0.0,100.0,5.04,8.42,259.0,1008.0,1,804,Clouds,overcast clouds,04d
2025-07-26 12:17:23,Ca Mau,Ca Mau,32.74,32.74,32.74,53.0,36.63,10000.0,0.0,100.0,5.04,8.42,259.0,1008.0,1,804,Clouds,overcast clouds,04d
2025-07-26 12:21:12,Ca Mau,Ca Mau,32.74,32.74,32.74,53.0,36.63,10000.0,0.0,100.0,5.04,8.42,259.0,1008.0,1,804,Clouds,overcast clouds,04d
2025-07-26 12:25:03,Ca Mau,Ca Mau,32.74,32.74,32.74,53.0,36.63,10000.0,0.0,100.0,5.04,8.42,259.0,1008.0,1,804,Clouds,overcast clouds,04d
2025-07-26 12:28:53,Ca Mau,Ca Mau,32.74,32.74,32.74,53.0,36.63,10000.0,0.0,100.0,5.04,8.42,259.0,1008.0,1,804,Clouds,overcast clouds,04d
2025-07-26 12:32:43,Ca Mau,Ca Mau,32.74,32.74,32.74,53.0,36.63,10000.0,0.0,100.0,5.04,8.42,259.0,1008.0,1,804,Clouds,overcast clouds,04d
2025-07-26 12:36:32,Ca Mau,Ca Mau,32.74,32.74,32.74,53.0,36.63,10000.0,0.0,100.0,5.04,8.42,259.0,1008.0,1,804,Clouds,overcast clouds,04d
2025-07-26 12:40:21,Ca Mau,Ca Mau,34.65,34.65,34.65,45.0,38.11,10000.0,0.0,94.0,6.33,8.93,261.0,1008.0,1,804,Clouds,overcast clouds,04d
2025-07-26 12:44:11,Ca Mau,Ca Mau,34.65,34.65,34.65,45.0,38.11,10000.0,0.0,94.0,6.33,8.93,261.0,1008.0,1,804,Clouds,overcast clouds,04d
2025-07-26 12:48:01,Ca Mau,Ca Mau,34.65,34.65,34.65,45.0,38.11,10000.0,0.0,94.0,6.33,8.93,261.0,1008.0,1,804,Clouds,overcast clouds,04d
2025-07-26 12:51:51,Ca Mau,Ca Mau,34.65,34.65,34.65,45.0,38.11,10000.0,0.0,94.0,6.33,8.93,261.0,1008.0,1,804,Clouds,overcast clouds,04d
2025-07-26 12:55:42,Ca Mau,Ca Mau,34.65,34.65,34.65,45.0,38.11,10000.0,0.0,94.0,6.33,8.93,261.0,1008.0,1,804,Clouds,overcast clouds,04d
2025-07-26 12:59:32,Ca Mau,Ca Mau,34.65,34.65,34.65,45.0,38.11,10000.0,0.0,94.0,6.33,8.93,261.0,1008.0,1,804,Clouds,overcast clouds,04d
2025-07-26 13:03:22,Ca Mau,Ca Mau,34.65,34.65,34.65,45.0,38.11,10000.0,0.0,94.0,6.33,8.93,261.0,1008.0,1,804,Clouds,overcast clouds,04d
2025-07-26 13:07:13,Ca Mau,Ca Mau,34.65,34.65,34.65,45.0,38.11,10000.0,0.0,94.0,6.33,8.93,261.0,1008.0,1,804,Clouds,overcast clouds,04d
2025-07-26 13:11:05,Ca Mau,Ca Mau,34.65,34.65,34.65,45.0,38.11,10000.0,0.0,94.0,6.33,8.93,261.0,1008.0,1,804,Clouds,overcast clouds,04d
2025-07-26 13:14:56,Ca Mau,Ca Mau,34.65,34.65,34.65,45.0,38.11,10000.0,0.0,94.0,6.33,8.93,261.0,1008.0,1,804,Clouds,overcast clouds,04d
2025-07-26 13:18:45,Ca Mau,Ca Mau,34.65,34.65,34.65,45.0,38.11,10000.0,0.0,94.0,6.33,8.93,261.0,1008.0,1,804,Clouds,overcast clouds,04d
2025-07-26 13:22:35,Ca Mau,Ca Mau,34.65,34.65,34.65,45.0,38.11,10000.0,0.0,94.0,6.33,8.93,261.0,1008.0,1,804,Clouds,overcast clouds,04d
2025-07-26 13:26:25,Ca Mau,Ca Mau,34.65,34.65,34.65,45.0,38.11,10000.0,0.0,94.0,6.33,8.93,261.0,1008.0,1,804,Clouds,overcast clouds,04d
2025-07-26 13:30:15,Ca Mau,Ca Mau,34.65,34.65,34.65,45.0,38.11,10000.0,0.0,94.0,6.33,8.93,261.0,1008.0,1,804,Clouds,overcast clouds,04d
2025-07-26 13:34:06,Ca Mau,Ca Mau,34.2,34.2,34.2,46.0,37.51,10000.0,0.0,86.0,6.25,8.78,263.0,1007.0,1,804,Clouds,overcast clouds,04d
2025-07-26 13:37:55,Ca Mau,Ca Mau,34.2,34.2,34.2,46.0,37.51,10000.0,0.0,86.0,6.25,8.78,263.0,1007.0,1,804,Clouds,overcast clouds,04d
2025-07-26 13:41:45,Ca Mau,Ca Mau,34.01,34.01,34.01,46.0,37.13,10000.0,0.0,86.0,6.25,8.78,263.0,1007.0,1,804,Clouds,overcast clouds,04d
2025-07-26 13:45:35,Ca Mau,Ca Mau,34.01,34.01,34.01,46.0,37.13,10000.0,0.0,86.0,6.25,8.78,263.0,1007.0,1,804,Clouds,overcast clouds,04d
2025-07-26 13:49:24,Ca Mau,Ca Mau,34.01,34.01,34.01,46.0,37.13,10000.0,0.0,86.0,6.25,8.78,263.0,1007.0,1,804,Clouds,overcast clouds,04d
2025-07-26 13:53:14,Ca Mau,Ca Mau,33.97,33.97,33.97,46.0,37.05,10000.0,0.0,86.0,6.25,8.78,263.0,1007.0,1,804,Clouds,overcast clouds,04d
2025-07-26 13:57:05,Ca Mau,Ca Mau,33.97,33.97,33.97,46.0,37.05,10000.0,0.0,86.0,6.25,8.78,263.0,1007.0,1,804,Clouds,overcast clouds,04d
2025-07-26 14:00:54,Ca Mau,Ca Mau,33.97,33.97,33.97,46.0,37.05,10000.0,0.0,86.0,6.25,8.78,263.0,1007.0,1,804,Clouds,overcast clouds,04d
2025-07-26 14:04:44,Ca Mau,Ca Mau,33.91,33.91,33.91,47.0,37.23,10000.0,0.0,86.0,6.25,8.78,263.0,1007.0,1,804,Clouds,overcast clouds,04d
2025-07-26 14:08:34,Ca Mau,Ca Mau,33.91,33.91,33.91,47.0,37.23,10000.0,0.0,86.0,6.25,8.78,263.0,1007.0,1,804,Clouds,overcast clouds,04d
2025-07-26 14:12:24,Ca Mau,Ca Mau,33.91,33.91,33.91,47.0,37.23,10000.0,0.0,86.0,6.25,8.78,263.0,1007.0,1,804,Clouds,overcast clouds,04d
2025-07-26 14:16:15,Ca Mau,Ca Mau,33.9,33.9,33.9,47.0,37.21,10000.0,0.0,86.0,6.25,8.78,263.0,1007.0,1,804,Clouds,overcast clouds,04d
2025-07-26 14:20:06,Ca Mau,Ca Mau,33.9,33.9,33.9,47.0,37.21,10000.0,0.0,86.0,6.25,8.78,263.0,1007.0,1,804,Clouds,overcast clouds,04d
2025-07-26 14:23:56,Ca Mau,Ca Mau,33.9,33.9,33.9,47.0,37.21,10000.0,0.0,86.0,6.25,8.78,263.0,1007.0,1,804,Clouds,overcast clouds,04d
2025-07-26 14:27:46,Ca Mau,Ca Mau,33.9,33.9,33.9,47.0,37.21,10000.0,0.0,86.0,6.25,8.78,263.0,1007.0,1,804,Clouds,overcast clouds,04d
2025-07-26 14:31:35,Ca Mau,Ca Mau,33.9,33.9,33.9,47.0,37.21,10000.0,0.0,86.0,6.25,8.78,263.0,1007.0,1,804,Clouds,overcast clouds,04d
2025-07-26 14:35:25,Ca Mau,Ca Mau,33.9,33.9,33.9,47.0,37.21,10000.0,0.0,86.0,6.25,8.78,263.0,1007.0,1,804,Clouds,overcast clouds,04d
2025-07-26 14:39:15,Ca Mau,Ca Mau,32.96,32.96,32.96,49.0,35.93,10000.0,0.0,78.0,6.25,8.81,260.0,1006.0,1,803,Clouds,broken clouds,04d
2025-07-26 14:43:07,Ca Mau,Ca Mau,32.96,32.96,32.96,49.0,35.93,10000.0,0.0,78.0,6.25,8.81,260.0,1006.0,1,803,Clouds,broken clouds,04d
2025-07-26 14:46:57,Ca Mau,Ca Mau,32.96,32.96,32.96,49.0,35.93,10000.0,0.0,78.0,6.25,8.81,260.0,1006.0,1,803,Clouds,broken clouds,04d
2025-07-26 14:50:46,Ca Mau,Ca Mau,32.96,32.96,32.96,49.0,35.93,10000.0,0.0,78.0,6.25,8.81,260.0,1006.0,1,803,Clouds,broken clouds,04d
2025-07-26 14:54:37,Ca Mau,Ca Mau,32.96,32.96,32.96,49.0,35.93,10000.0,0.0,78.0,6.25,8.81,260.0,1006.0,1,803,Clouds,broken clouds,04d
2025-07-26 14:58:26,Ca Mau,Ca Mau,32.96,32.96,32.96,49.0,35.93,10000.0,0.0,78.0,6.25,8.81,260.0,1006.0,1,803,Clouds,broken clouds,04d
2025-07-26 15:02:17,Ca Mau,Ca Mau,32.93,32.93,32.93,50.0,36.15,10000.0,0.0,78.0,6.25,8.81,260.0,1006.0,1,803,Clouds,broken clouds,04d
2025-07-26 15:06:09,Ca Mau,Ca Mau,32.93,32.93,32.93,50.0,36.15,10000.0,0.0,78.0,6.25,8.81,260.0,1006.0,1,803,Clouds,broken clouds,04d
2025-07-26 15:10:00,Ca Mau,Ca Mau,32.93,32.93,32.93,50.0,36.15,10000.0,0.0,78.0,6.25,8.81,260.0,1006.0,1,803,Clouds,broken clouds,04d
2025-07-26 15:13:52,Ca Mau,Ca Mau,32.93,32.93,32.93,50.0,36.15,10000.0,0.0,78.0,6.25,8.81,260.0,1006.0,1,803,Clouds,broken clouds,04d
2025-07-26 15:17:43,Ca Mau,Ca Mau,32.93,32.93,32.93,50.0,36.15,10000.0,0.0,78.0,6.25,8.81,260.0,1006.0,1,803,Clouds,broken clouds,04d
2025-07-26 15:21:33,Ca Mau,Ca Mau,32.93,32.93,32.93,50.0,36.15,10000.0,0.0,78.0,6.25,8.81,260.0,1006.0,1,803,Clouds,broken clouds,04d
2025-07-26 15:25:22,Ca Mau,Ca Mau,32.93,32.93,32.93,50.0,36.15,10000.0,0.0,78.0,6.25,8.81,260.0,1006.0,1,803,Clouds,broken clouds,04d
2025-07-26 15:29:12,Ca Mau,Ca Mau,32.93,32.93,32.93,50.0,36.15,10000.0,0.0,78.0,6.25,8.81,260.0,1006.0,1,803,Clouds,broken clouds,04d
2025-07-26 15:33:04,Ca Mau,Ca Mau,31.87,31.87,31.87,55.0,35.37,10000.0,0.0,72.0,6.08,8.84,261.0,1006.0,1,803,Clouds,broken clouds,04d
2025-07-26 15:36:55,Ca Mau,Ca Mau,31.87,31.87,31.87,55.0,35.37,10000.0,0.0,72.0,6.08,8.84,261.0,1006.0,1,803,Clouds,broken clouds,04d
2025-07-26 15:40:44,Ca Mau,Ca Mau,31.87,31.87,31.87,55.0,35.37,10000.0,0.0,72.0,6.08,8.84,261.0,1006.0,1,803,Clouds,broken clouds,04d
2025-07-26 15:44:34,Ca Mau,Ca Mau,31.87,31.87,31.87,55.0,35.37,10000.0,0.0,72.0,6.08,8.84,261.0,1006.0,1,803,Clouds,broken clouds,04d
2025-07-26 15:48:24,Ca Mau,Ca Mau,31.87,31.87,31.87,55.0,35.37,10000.0,0.0,72.0,6.08,8.84,261.0,1006.0,1,803,Clouds,broken clouds,04d
2025-07-26 15:52:14,Ca Mau,Ca Mau,31.82,31.82,31.82,55.0,35.27,10000.0,0.0,72.0,6.08,8.84,261.0,1006.0,1,803,Clouds,broken clouds,04d
2025-07-26 15:56:05,Ca Mau,Ca Mau,31.82,31.82,31.82,55.0,35.27,10000.0,0.0,72.0,6.08,8.84,261.0,1006.0,1,803,Clouds,broken clouds,04d
2025-07-26 15:59:55,Ca Mau,Ca Mau,31.82,31.82,31.82,55.0,35.27,10000.0,0.0,72.0,6.08,8.84,261.0,1006.0,1,803,Clouds,broken clouds,04d
2025-07-26 16:03:44,Ca Mau,Ca Mau,31.82,31.82,31.82,55.0,35.27,10000.0,0.0,72.0,6.08,8.84,261.0,1006.0,1,803,Clouds,broken clouds,04d
2025-07-26 16:07:34,Ca Mau,Ca Mau,31.81,31.81,31.81,55.0,35.25,10000.0,0.0,72.0,6.08,8.84,261.0,1006.0,1,803,Clouds,broken clouds,04d
2025-07-26 16:11:23,Ca Mau,Ca Mau,31.81,31.81,31.81,55.0,35.25,10000.0,0.0,72.0,6.08,8.84,261.0,1006.0,1,803,Clouds,broken clouds,04d
2025-07-26 16:15:14,Ca Mau,Ca Mau,31.81,31.81,31.81,55.0,35.25,10000.0,0.0,72.0,6.08,8.84,261.0,1006.0,1,803,Clouds,broken clouds,04d
2025-07-26 16:19:05,Ca Mau,Ca Mau,31.81,31.81,31.81,55.0,35.25,10000.0,0.0,72.0,6.08,8.84,261.0,1006.0,1,803,Clouds,broken clouds,04d
2025-07-26 16:22:55,Ca Mau,Ca Mau,31.81,31.81,31.81,55.0,35.25,10000.0,0.0,72.0,6.08,8.84,261.0,1006.0,1,803,Clouds,broken clouds,04d
2025-07-26 16:26:44,Ca Mau,Ca Mau,31.81,31.81,31.81,55.0,35.25,10000.0,0.0,72.0,6.08,8.84,261.0,1006.0,1,803,Clouds,broken clouds,04d
2025-07-26 16:30:34,Ca Mau,Ca Mau,30.92,30.92,30.92,60.0,34.68,10000.0,0.0,77.0,5.59,8.28,258.0,1007.0,1,803,Clouds,broken clouds,04d
2025-07-26 16:34:25,Ca Mau,Ca Mau,30.92,30.92,30.92,60.0,34.68,10000.0,0.0,77.0,5.59,8.28,258.0,1007.0,1,803,Clouds,broken clouds,04d
2025-07-26 16:38:14,Ca Mau,Ca Mau,30.92,30.92,30.92,60.0,34.68,10000.0,0.0,77.0,5.59,8.28,258.0,1007.0,1,803,Clouds,broken clouds,04d
2025-07-26 16:42:06,Ca Mau,Ca Mau,30.92,30.92,30.92,60.0,34.68,10000.0,0.0,77.0,5.59,8.28,258.0,1007.0,1,803,Clouds,broken clouds,04d
2025-07-26 16:45:55,Ca Mau,Ca Mau,30.92,30.92,30.92,60.0,34.68,10000.0,0.0,77.0,5.59,8.28,258.0,1007.0,1,803,Clouds,broken clouds,04d
2025-07-26 16:49:45,Ca Mau,Ca Mau,30.88,30.88,30.88,60.0,34.59,10000.0,0.0,77.0,5.59,8.28,258.0,1007.0,1,803,Clouds,broken clouds,04d
2025-07-26 16:53:34,Ca Mau,Ca Mau,30.88,30.88,30.88,60.0,34.59,10000.0,0.0,77.0,5.59,8.28,258.0,1007.0,1,803,Clouds,broken clouds,04d
2025-07-26 16:57:24,Ca Mau,Ca Mau,30.88,30.88,30.88,60.0,34.59,10000.0,0.0,77.0,5.59,8.28,258.0,1007.0,1,803,Clouds,broken clouds,04d
2025-07-26 17:01:14,Ca Mau,Ca Mau,30.88,30.88,30.88,60.0,34.59,10000.0,0.0,77.0,5.59,8.28,258.0,1007.0,1,803,Clouds,broken clouds,04d
2025-07-26 17:05:05,Ca Mau,Ca Mau,30.88,30.88,30.88,60.0,34.59,10000.0,0.0,77.0,5.59,8.28,258.0,1007.0,1,803,Clouds,broken clouds,04d
2025-07-26 17:08:55,Ca Mau,Ca Mau,30.87,30.87,30.87,61.0,34.82,10000.0,0.0,77.0,5.59,8.28,258.0,1007.0,1,803,Clouds,broken clouds,04d
2025-07-26 17:12:45,Ca Mau,Ca Mau,30.87,30.87,30.87,61.0,34.82,10000.0,0.0,77.0,5.59,8.28,258.0,1007.0,1,803,Clouds,broken clouds,04d
2025-07-26 17:16:35,Ca Mau,Ca Mau,30.87,30.87,30.87,61.0,34.82,10000.0,0.0,77.0,5.59,8.28,258.0,1007.0,1,803,Clouds,broken clouds,04d
2025-07-26 17:20:25,Ca Mau,Ca Mau,30.87,30.87,30.87,61.0,34.82,10000.0,0.0,77.0,5.59,8.28,258.0,1007.0,1,803,Clouds,broken clouds,04d
2025-07-26 17:24:14,Ca Mau,Ca Mau,30.87,30.87,30.87,61.0,34.82,10000.0,0.0,77.0,5.59,8.28,258.0,1007.0,1,803,Clouds,broken clouds,04d
2025-07-26 17:28:05,Ca Mau,Ca Mau,30.87,30.87,30.87,61.0,34.82,10000.0,0.0,77.0,5.59,8.28,258.0,1007.0,1,803,Clouds,broken clouds,04d
2025-07-26 17:31:55,Ca Mau,Ca Mau,29.45,29.45,29.45,71.0,33.95,10000.0,0.0,79.0,4.35,8.35,258.0,1007.0,1,803,Clouds,broken clouds,04d
2025-07-26 17:35:44,Ca Mau,Ca Mau,29.45,29.45,29.45,71.0,33.95,10000.0,0.0,79.0,4.35,8.35,258.0,1007.0,1,803,Clouds,broken clouds,04d
2025-07-26 17:39:34,Ca Mau,Ca Mau,29.45,29.45,29.45,71.0,33.95,10000.0,0.0,79.0,4.35,8.35,258.0,1007.0,1,803,Clouds,broken clouds,04d
2025-07-26 17:43:24,Ca Mau,Ca Mau,29.45,29.45,29.45,71.0,33.95,10000.0,0.0,79.0,4.35,8.35,258.0,1007.0,1,803,Clouds,broken clouds,04d
2025-07-26 17:47:14,Ca Mau,Ca Mau,29.45,29.45,29.45,71.0,33.95,10000.0,0.0,79.0,4.35,8.35,258.0,1007.0,1,803,Clouds,broken clouds,04d
2025-07-26 17:51:05,Ca Mau,Ca Mau,29.44,29.44,29.44,71.0,33.92,10000.0,0.0,79.0,4.35,8.35,258.0,1007.0,1,803,Clouds,broken clouds,04d
2025-07-26 17:54:55,Ca Mau,Ca Mau,29.44,29.44,29.44,71.0,33.92,10000.0,0.0,79.0,4.35,8.35,258.0,1007.0,1,803,Clouds,broken clouds,04d
2025-07-26 17:58:45,Ca Mau,Ca Mau,29.44,29.44,29.44,71.0,33.92,10000.0,0.0,79.0,4.35,8.35,258.0,1007.0,1,803,Clouds,broken clouds,04d
2025-07-26 18:02:35,Ca Mau,Ca Mau,29.44,29.44,29.44,71.0,33.92,10000.0,0.0,79.0,4.35,8.35,258.0,1007.0,1,803,Clouds,broken clouds,04d
2025-07-26 18:06:25,Ca Mau,Ca Mau,29.44,29.44,29.44,71.0,33.92,10000.0,0.0,79.0,4.35,8.35,258.0,1007.0,1,803,Clouds,broken clouds,04d
2025-07-26 18:10:15,Ca Mau,Ca Mau,29.46,29.46,29.46,71.0,33.97,10000.0,0.0,79.0,4.35,8.35,258.0,1007.0,1,803,Clouds,broken clouds,04d
2025-07-26 18:14:05,Ca Mau,Ca Mau,29.46,29.46,29.46,71.0,33.97,10000.0,0.0,79.0,4.35,8.35,258.0,1007.0,1,803,Clouds,broken clouds,04d
2025-07-26 18:17:55,Ca Mau,Ca Mau,29.46,29.46,29.46,71.0,33.97,10000.0,0.0,79.0,4.35,8.35,258.0,1007.0,1,803,Clouds,broken clouds,04d
2025-07-26 18:21:45,Ca Mau,Ca Mau,29.46,29.46,29.46,71.0,33.97,10000.0,0.0,79.0,4.35,8.35,258.0,1007.0,1,803,Clouds,broken clouds,04d
2025-07-26 18:25:35,Ca Mau,Ca Mau,29.46,29.46,29.46,71.0,33.97,10000.0,0.0,79.0,4.35,8.35,258.0,1007.0,0,803,Clouds,broken clouds,04d
2025-07-26 18:29:25,Ca Mau,Ca Mau,29.46,29.46,29.46,71.0,33.97,10000.0,0.0,79.0,4.35,8.35,258.0,1007.0,0,803,Clouds,broken clouds,04n
2025-07-26 18:33:15,Ca Mau,Ca Mau,28.23,28.23,28.23,78.0,32.35,10000.0,0.0,83.0,3.11,7.57,250.0,1008.0,0,803,Clouds,broken clouds,04n
2025-07-26 18:37:06,Ca Mau,Ca Mau,28.23,28.23,28.23,78.0,32.35,10000.0,0.0,83.0,3.11,7.57,250.0,1008.0,0,803,Clouds,broken clouds,04n
2025-07-26 18:40:57,Ca Mau,Ca Mau,28.23,28.23,28.23,78.0,32.35,10000.0,0.0,83.0,3.11,7.57,250.0,1008.0,0,803,Clouds,broken clouds,04n
2025-07-26 18:44:47,Ca Mau,Ca Mau,28.23,28.23,28.23,78.0,32.35,10000.0,0.0,83.0,3.11,7.57,250.0,1008.0,0,803,Clouds,broken clouds,04n
2025-07-26 18:48:38,Ca Mau,Ca Mau,28.23,28.23,28.23,78.0,32.35,10000.0,0.0,83.0,3.11,7.57,250.0,1008.0,0,803,Clouds,broken clouds,04n
2025-07-26 18:52:28,Ca Mau,Ca Mau,28.22,28.22,28.22,78.0,32.33,10000.0,0.0,83.0,3.11,7.57,250.0,1008.0,0,803,Clouds,broken clouds,04n
2025-07-26 18:56:18,Ca Mau,Ca Mau,28.22,28.22,28.22,78.0,32.33,10000.0,0.0,98.0,2.87,7.21,252.0,1008.0,0,804,Clouds,overcast clouds,04n
2025-07-26 19:00:09,Ca Mau,Ca Mau,28.22,28.22,28.22,78.0,32.33,10000.0,0.0,83.0,3.11,7.57,250.0,1008.0,0,803,Clouds,broken clouds,04n
2025-07-26 19:03:59,Ca Mau,Ca Mau,28.22,28.22,28.22,78.0,32.33,10000.0,0.0,98.0,2.87,7.21,252.0,1008.0,0,804,Clouds,overcast clouds,04n
2025-07-26 19:07:49,Ca Mau,Ca Mau,28.22,28.22,28.22,78.0,32.33,10000.0,0.0,98.0,2.87,7.21,252.0,1008.0,0,804,Clouds,overcast clouds,04n
2025-07-26 19:11:35,Ca Mau,Ca Mau,28.22,28.22,28.22,78.0,32.33,10000.0,0.0,98.0,2.87,7.21,252.0,1008.0,0,804,Clouds,overcast clouds,04n
2025-07-26 19:15:21,Ca Mau,Ca Mau,28.22,28.22,28.22,78.0,32.33,10000.0,0.0,98.0,2.87,7.21,252.0,1008.0,0,804,Clouds,overcast clouds,04n
2025-07-26 19:19:06,Ca Mau,Ca Mau,28.22,28.22,28.22,78.0,32.33,10000.0,0.0,98.0,2.87,7.21,252.0,1008.0,0,804,Clouds,overcast clouds,04n
2025-07-26 19:22:52,Ca Mau,Ca Mau,28.22,28.22,28.22,78.0,32.33,10000.0,0.0,98.0,2.87,7.21,252.0,1008.0,0,804,Clouds,overcast clouds,04n
2025-07-26 19:26:38,Ca Mau,Ca Mau,28.22,28.22,28.22,78.0,32.33,10000.0,0.0,98.0,2.87,7.21,252.0,1008.0,0,804,Clouds,overcast clouds,04n
2025-07-26 19:30:24,Ca Mau,Ca Mau,28.22,28.22,28.22,78.0,32.33,10000.0,0.0,98.0,2.87,7.21,252.0,1008.0,0,804,Clouds,overcast clouds,04n
2025-07-26 19:34:10,Ca Mau,Ca Mau,28.22,28.22,28.22,78.0,32.33,10000.0,0.0,98.0,2.87,7.21,252.0,1008.0,0,804,Clouds,overcast clouds,04n
2025-07-26 19:37:55,Ca Mau,Ca Mau,27.74,27.74,27.74,81.0,31.6,10000.0,0.0,69.0,2.65,7.35,244.0,1009.0,0,803,Clouds,broken clouds,04n
2025-07-26 19:41:41,Ca Mau,Ca Mau,27.74,27.74,27.74,81.0,31.6,10000.0,0.0,69.0,2.65,7.35,244.0,1009.0,0,803,Clouds,broken clouds,04n
2025-07-26 19:45:27,Ca Mau,Ca Mau,27.74,27.74,27.74,81.0,31.6,10000.0,0.0,69.0,2.65,7.35,244.0,1009.0,0,803,Clouds,broken clouds,04n
2025-07-26 19:49:12,Ca Mau,Ca Mau,27.69,27.69,27.69,82.0,31.61,10000.0,0.0,69.0,2.65,7.35,244.0,1009.0,0,803,Clouds,broken clouds,04n
2025-07-26 19:52:59,Ca Mau,Ca Mau,27.69,27.69,27.69,82.0,31.61,10000.0,0.0,69.0,2.65,7.35,244.0,1009.0,0,803,Clouds,broken clouds,04n
2025-07-26 19:56:45,Ca Mau,Ca Mau,27.69,27.69,27.69,82.0,31.61,10000.0,0.0,69.0,2.65,7.35,244.0,1009.0,0,803,Clouds,broken clouds,04n
2025-07-26 20:00:31,Ca Mau,Ca Mau,27.69,27.69,27.69,82.0,31.61,10000.0,0.0,69.0,2.65,7.35,244.0,1009.0,0,803,Clouds,broken clouds,04n
2025-07-26 20:04:16,Ca Mau,Ca Mau,27.71,27.71,27.71,82.0,31.66,10000.0,0.0,69.0,2.65,7.35,244.0,1009.0,0,803,Clouds,broken clouds,04n
2025-07-26 20:08:03,Ca Mau,Ca Mau,27.71,27.71,27.71,82.0,31.66,10000.0,0.0,69.0,2.65,7.35,244.0,1009.0,0,803,Clouds,broken clouds,04n
2025-07-26 20:11:49,Ca Mau,Ca Mau,27.71,27.71,27.71,82.0,31.66,10000.0,0.0,69.0,2.65,7.35,244.0,1009.0,0,803,Clouds,broken clouds,04n
2025-07-26 20:15:34,Ca Mau,Ca Mau,27.71,27.71,27.71,82.0,31.66,10000.0,0.0,69.0,2.65,7.35,244.0,1009.0,0,803,Clouds,broken clouds,04n
2025-07-26 20:19:20,Ca Mau,Ca Mau,27.71,27.71,27.71,82.0,31.66,10000.0,0.0,69.0,2.65,7.35,244.0,1009.0,0,803,Clouds,broken clouds,04n
2025-07-26 20:23:07,Ca Mau,Ca Mau,27.71,27.71,27.71,82.0,31.66,10000.0,0.0,69.0,2.65,7.35,244.0,1009.0,0,803,Clouds,broken clouds,04n
2025-07-26 20:26:53,Ca Mau,Ca Mau,27.71,27.71,27.71,82.0,31.66,10000.0,0.0,69.0,2.65,7.35,244.0,1009.0,0,803,Clouds,broken clouds,04n
2025-07-26 20:30:39,Ca Mau,Ca Mau,27.71,27.71,27.71,82.0,31.66,10000.0,0.0,69.0,2.65,7.35,244.0,1009.0,0,803,Clouds,broken clouds,04n
2025-07-26 20:34:24,Ca Mau,Ca Mau,27.44,27.44,27.44,83.0,31.11,10000.0,0.0,83.0,2.47,7.28,245.0,1009.0,0,803,Clouds,broken clouds,04n
2025-07-26 20:38:10,Ca Mau,Ca Mau,27.44,27.44,27.44,83.0,31.11,10000.0,0.0,83.0,2.47,7.28,245.0,1009.0,0,803,Clouds,broken clouds,04n
2025-07-26 20:41:56,Ca Mau,Ca Mau,27.44,27.44,27.44,83.0,31.11,10000.0,0.0,83.0,2.47,7.28,245.0,1009.0,0,803,Clouds,broken clouds,04n
2025-07-26 20:45:41,Ca Mau,Ca Mau,27.44,27.44,27.44,83.0,31.11,10000.0,0.0,83.0,2.47,7.28,245.0,1009.0,0,803,Clouds,broken clouds,04n
2025-07-26 20:49:27,Ca Mau,Ca Mau,27.44,27.44,27.44,83.0,31.11,10000.0,0.0,83.0,2.47,7.28,245.0,1009.0,0,803,Clouds,broken clouds,04n
2025-07-26 20:53:13,Ca Mau,Ca Mau,27.44,27.44,27.44,83.0,31.11,10000.0,0.0,83.0,2.47,7.28,245.0,1009.0,0,803,Clouds,broken clouds,04n
2025-07-26 20:56:59,Ca Mau,Ca Mau,27.44,27.44,27.44,83.0,31.11,10000.0,0.0,83.0,2.47,7.28,245.0,1009.0,0,803,Clouds,broken clouds,04n
2025-07-26 21:00:45,Ca Mau,Ca Mau,27.44,27.44,27.44,83.0,31.11,10000.0,0.0,83.0,2.47,7.28,245.0,1009.0,0,803,Clouds,broken clouds,04n
2025-07-26 21:04:30,Ca Mau,Ca Mau,27.47,27.47,27.47,84.0,31.31,10000.0,0.0,83.0,2.47,7.28,245.0,1009.0,0,803,Clouds,broken clouds,04n
2025-07-26 21:08:16,Ca Mau,Ca Mau,27.47,27.47,27.47,84.0,31.31,10000.0,0.0,83.0,2.47,7.28,245.0,1009.0,0,803,Clouds,broken clouds,04n
2025-07-26 21:12:02,Ca Mau,Ca Mau,27.47,27.47,27.47,84.0,31.31,10000.0,0.0,83.0,2.47,7.28,245.0,1009.0,0,803,Clouds,broken clouds,04n
2025-07-26 21:15:48,Ca Mau,Ca Mau,27.47,27.47,27.47,84.0,31.31,10000.0,0.0,83.0,2.47,7.28,245.0,1009.0,0,803,Clouds,broken clouds,04n
2025-07-26 21:19:34,Ca Mau,Ca Mau,27.47,27.47,27.47,84.0,31.31,10000.0,0.0,83.0,2.47,7.28,245.0,1009.0,0,803,Clouds,broken clouds,04n
2025-07-26 21:23:20,Ca Mau,Ca Mau,27.47,27.47,27.47,84.0,31.31,10000.0,0.0,83.0,2.47,7.28,245.0,1009.0,0,803,Clouds,broken clouds,04n
2025-07-26 21:27:07,Ca Mau,Ca Mau,27.47,27.47,27.47,84.0,31.31,10000.0,0.0,83.0,2.47,7.28,245.0,1009.0,0,803,Clouds,broken clouds,04n
2025-07-26 21:30:53,Ca Mau,Ca Mau,27.46,27.46,27.46,84.0,31.29,10000.0,0.0,89.0,2.36,7.21,252.0,1010.0,0,804,Clouds,overcast clouds,04n
2025-07-26 21:34:39,Ca Mau,Ca Mau,27.46,27.46,27.46,84.0,31.29,10000.0,0.0,89.0,2.36,7.21,252.0,1010.0,0,804,Clouds,overcast clouds,04n
2025-07-26 21:38:25,Ca Mau,Ca Mau,27.4,27.4,27.4,84.0,31.13,10000.0,0.0,89.0,2.36,7.21,252.0,1010.0,0,804,Clouds,overcast clouds,04n
2025-07-26 21:42:11,Ca Mau,Ca Mau,27.4,27.4,27.4,84.0,31.13,10000.0,0.0,89.0,2.36,7.21,252.0,1010.0,0,804,Clouds,overcast clouds,04n
2025-07-26 21:45:57,Ca Mau,Ca Mau,27.4,27.4,27.4,84.0,31.13,10000.0,0.0,89.0,2.36,7.21,252.0,1010.0,0,804,Clouds,overcast clouds,04n
2025-07-26 21:49:43,Ca Mau,Ca Mau,27.4,27.4,27.4,84.0,31.13,10000.0,0.0,89.0,2.36,7.21,252.0,1010.0,0,804,Clouds,overcast clouds,04n
2025-07-26 21:53:29,Ca Mau,Ca Mau,27.4,27.4,27.4,84.0,31.13,10000.0,0.0,89.0,2.36,7.21,252.0,1010.0,0,804,Clouds,overcast clouds,04n
2025-07-26 21:57:15,Ca Mau,Ca Mau,27.4,27.4,27.4,84.0,31.13,10000.0,0.0,89.0,2.36,7.21,252.0,1010.0,0,804,Clouds,overcast clouds,04n
2025-07-26 22:01:02,Ca Mau,Ca Mau,27.4,27.4,27.4,84.0,31.13,10000.0,0.0,89.0,2.36,7.21,252.0,1010.0,0,804,Clouds,overcast clouds,04n
2025-07-26 22:04:48,Ca Mau,Ca Mau,27.4,27.4,27.4,84.0,31.13,10000.0,0.0,89.0,2.36,7.21,252.0,1010.0,0,804,Clouds,overcast clouds,04n
2025-07-26 22:08:34,Ca Mau,Ca Mau,27.4,27.4,27.4,84.0,31.13,10000.0,0.0,89.0,2.36,7.21,252.0,1010.0,0,804,Clouds,overcast clouds,04n
2025-07-26 22:12:19,Ca Mau,Ca Mau,27.41,27.41,27.41,85.0,31.28,10000.0,0.0,89.0,2.36,7.21,252.0,1010.0,0,804,Clouds,overcast clouds,04n
2025-07-26 22:16:05,Ca Mau,Ca Mau,27.41,27.41,27.41,85.0,31.28,10000.0,0.0,89.0,2.36,7.21,252.0,1010.0,0,804,Clouds,overcast clouds,04n
2025-07-26 22:19:51,Ca Mau,Ca Mau,27.41,27.41,27.41,85.0,31.28,10000.0,0.0,89.0,2.36,7.21,252.0,1010.0,0,804,Clouds,overcast clouds,04n
2025-07-26 22:23:37,Ca Mau,Ca Mau,27.41,27.41,27.41,85.0,31.28,10000.0,0.0,89.0,2.36,7.21,252.0,1010.0,0,804,Clouds,overcast clouds,04n
2025-07-26 22:27:22,Ca Mau,Ca Mau,27.41,27.41,27.41,85.0,31.28,10000.0,0.0,89.0,2.36,7.21,252.0,1010.0,0,804,Clouds,overcast clouds,04n
2025-07-26 22:31:08,Ca Mau,Ca Mau,27.17,27.17,27.17,85.0,30.66,10000.0,0.0,92.0,1.98,6.8,246.0,1009.0,0,804,Clouds,overcast clouds,04n
2025-07-26 22:34:54,Ca Mau,Ca Mau,27.17,27.17,27.17,85.0,30.66,10000.0,0.0,92.0,1.98,6.8,246.0,1009.0,0,804,Clouds,overcast clouds,04n
2025-07-26 22:38:40,Ca Mau,Ca Mau,27.17,27.17,27.17,85.0,30.66,10000.0,0.0,92.0,1.98,6.8,246.0,1009.0,0,804,Clouds,overcast clouds,04n
2025-07-26 22:42:25,Ca Mau,Ca Mau,27.17,27.17,27.17,85.0,30.66,10000.0,0.0,92.0,1.98,6.8,246.0,1009.0,0,804,Clouds,overcast clouds,04n
2025-07-26 22:46:11,Ca Mau,Ca Mau,27.17,27.17,27.17,85.0,30.66,10000.0,0.0,92.0,1.98,6.8,246.0,1009.0,0,804,Clouds,overcast clouds,04n
2025-07-26 22:49:57,Ca Mau,Ca Mau,27.17,27.17,27.17,85.0,30.66,10000.0,0.0,92.0,1.98,6.8,246.0,1009.0,0,804,Clouds,overcast clouds,04n
2025-07-26 22:53:44,Ca Mau,Ca Mau,27.17,27.17,27.17,85.0,30.66,10000.0,0.0,92.0,1.98,6.8,246.0,1009.0,0,804,Clouds,overcast clouds,04n
2025-07-26 22:57:30,Ca Mau,Ca Mau,27.17,27.17,27.17,85.0,30.66,10000.0,0.0,92.0,1.98,6.8,246.0,1009.0,0,804,Clouds,overcast clouds,04n
2025-07-26 23:01:15,Ca Mau,Ca Mau,27.18,27.18,27.18,85.0,30.68,10000.0,0.0,92.0,1.98,6.8,246.0,1009.0,0,804,Clouds,overcast clouds,04n
2025-07-26 23:05:01,Ca Mau,Ca Mau,27.18,27.18,27.18,85.0,30.68,10000.0,0.0,92.0,1.98,6.8,246.0,1009.0,0,804,Clouds,overcast clouds,04n
2025-07-26 23:08:47,Ca Mau,Ca Mau,27.18,27.18,27.18,85.0,30.68,10000.0,0.0,92.0,1.98,6.8,246.0,1009.0,0,804,Clouds,overcast clouds,04n
2025-07-26 23:12:33,Ca Mau,Ca Mau,27.18,27.18,27.18,85.0,30.68,10000.0,0.0,92.0,1.98,6.8,246.0,1009.0,0,804,Clouds,overcast clouds,04n
2025-07-26 23:16:18,Ca Mau,Ca Mau,27.18,27.18,27.18,85.0,30.68,10000.0,0.0,92.0,1.98,6.8,246.0,1009.0,0,804,Clouds,overcast clouds,04n
2025-07-26 23:20:04,Ca Mau,Ca Mau,27.18,27.18,27.18,85.0,30.68,10000.0,0.0,92.0,1.98,6.8,246.0,1009.0,0,804,Clouds,overcast clouds,04n
2025-07-26 23:23:50,Ca Mau,Ca Mau,27.18,27.18,27.18,85.0,30.68,10000.0,0.0,92.0,1.98,6.8,246.0,1009.0,0,804,Clouds,overcast clouds,04n
2025-07-26 23:27:36,Ca Mau,Ca Mau,27.18,27.18,27.18,85.0,30.68,10000.0,0.0,92.0,1.98,6.8,246.0,1009.0,0,804,Clouds,overcast clouds,04n
2025-07-26 23:31:22,Ca Mau,Ca Mau,27.18,27.18,27.18,85.0,30.68,10000.0,0.0,92.0,1.98,6.8,246.0,1009.0,0,804,Clouds,overcast clouds,04n
2025-07-26 23:35:08,Ca Mau,Ca Mau,26.69,26.69,26.69,86.0,29.54,10000.0,0.0,93.0,1.68,6.22,223.0,1009.0,0,804,Clouds,overcast clouds,04n
2025-07-26 23:38:54,Ca Mau,Ca Mau,26.69,26.69,26.69,86.0,29.54,10000.0,0.0,93.0,1.68,6.22,223.0,1009.0,0,804,Clouds,overcast clouds,04n
2025-07-26 23:42:40,Ca Mau,Ca Mau,26.69,26.69,26.69,86.0,29.54,10000.0,0.0,93.0,1.68,6.22,223.0,1009.0,0,804,Clouds,overcast clouds,04n
2025-07-26 23:46:26,Ca Mau,Ca Mau,26.65,26.65,26.65,86.0,26.65,10000.0,0.0,93.0,1.68,6.22,223.0,1009.0,0,804,Clouds,overcast clouds,04n
2025-07-26 23:50:12,Ca Mau,Ca Mau,26.65,26.65,26.65,86.0,26.65,10000.0,0.0,93.0,1.68,6.22,223.0,1009.0,0,804,Clouds,overcast clouds,04n
2025-07-26 23:53:58,Ca Mau,Ca Mau,26.65,26.65,26.65,86.0,26.65,10000.0,0.0,93.0,1.68,6.22,223.0,1009.0,0,804,Clouds,overcast clouds,04n
2025-07-26 23:57:44,Ca Mau,Ca Mau,26.65,26.65,26.65,86.0,26.65,10000.0,0.0,93.0,1.68,6.22,223.0,1009.0,0,804,Clouds,overcast clouds,04n
2025-07-27 00:01:30,Ca Mau,Ca Mau,26.65,26.65,26.65,86.0,26.65,10000.0,0.0,93.0,1.68,6.22,223.0,1009.0,0,804,Clouds,overcast clouds,04n
2025-07-27 00:05:16,Ca Mau,Ca Mau,26.65,26.65,26.65,86.0,26.65,10000.0,0.0,93.0,1.68,6.22,223.0,1009.0,0,804,Clouds,overcast clouds,04n
2025-07-27 00:09:01,Ca Mau,Ca Mau,26.65,26.65,26.65,86.0,26.65,10000.0,0.0,93.0,1.68,6.22,223.0,1009.0,0,804,Clouds,overcast clouds,04n
2025-07-27 00:19:59,Ca Mau,Ca Mau,26.65,26.65,26.65,87.0,26.65,10000.0,0.0,93.0,1.68,6.22,223.0,1009.0,0,804,Clouds,overcast clouds,04n
2025-07-27 00:23:45,Ca Mau,Ca Mau,26.65,26.65,26.65,87.0,26.65,10000.0,0.0,93.0,1.68,6.22,223.0,1009.0,0,804,Clouds,overcast clouds,04n
2025-07-27 00:28:39,Ca Mau,Ca Mau,26.65,26.65,26.65,87.0,26.65,10000.0,0.0,93.0,1.68,6.22,223.0,1009.0,0,804,Clouds,overcast clouds,04n
2025-07-27 00:32:25,Ca Mau,Ca Mau,26.65,26.65,26.65,87.0,26.65,10000.0,0.0,93.0,1.68,6.22,223.0,1009.0,0,804,Clouds,overcast clouds,04n
2025-07-27 00:36:11,Ca Mau,Ca Mau,26.43,26.43,26.43,87.0,26.43,10000.0,0.0,95.0,1.56,6.3,230.0,1008.0,0,804,Clouds,overcast clouds,04n
2025-07-27 00:39:57,Ca Mau,Ca Mau,26.43,26.43,26.43,87.0,26.43,10000.0,0.0,95.0,1.56,6.3,230.0,1008.0,0,804,Clouds,overcast clouds,04n
2025-07-27 00:43:43,Ca Mau,Ca Mau,26.43,26.43,26.43,87.0,26.43,10000.0,0.0,95.0,1.56,6.3,230.0,1008.0,0,804,Clouds,overcast clouds,04n
2025-07-27 00:47:29,Ca Mau,Ca Mau,26.43,26.43,26.43,87.0,26.43,10000.0,0.0,95.0,1.56,6.3,230.0,1008.0,0,804,Clouds,overcast clouds,04n
2025-07-27 00:51:15,Ca Mau,Ca Mau,26.43,26.43,26.43,87.0,26.43,10000.0,0.0,95.0,1.5,5.61,235.0,1008.0,0,804,Clouds,overcast clouds,04n
2025-07-27 00:55:01,Ca Mau,Ca Mau,26.43,26.43,26.43,87.0,26.43,10000.0,0.0,95.0,1.5,5.61,235.0,1008.0,0,804,Clouds,overcast clouds,04n
2025-07-27 00:58:48,Ca Mau,Ca Mau,26.43,26.43,26.43,87.0,26.43,10000.0,0.0,95.0,1.5,5.61,235.0,1008.0,0,804,Clouds,overcast clouds,04n
2025-07-27 01:02:33,Ca Mau,Ca Mau,26.43,26.43,26.43,87.0,26.43,10000.0,0.0,95.0,1.5,5.61,235.0,1008.0,0,804,Clouds,overcast clouds,04n
2025-07-27 01:06:19,Ca Mau,Ca Mau,26.43,26.43,26.43,87.0,26.43,10000.0,0.0,95.0,1.5,5.61,235.0,1008.0,0,804,Clouds,overcast clouds,04n
2025-07-27 01:10:05,Ca Mau,Ca Mau,26.43,26.43,26.43,87.0,26.43,10000.0,0.0,95.0,1.5,5.61,235.0,1008.0,0,804,Clouds,overcast clouds,04n
2025-07-27 01:13:51,Ca Mau,Ca Mau,26.43,26.43,26.43,87.0,26.43,10000.0,0.0,95.0,1.5,5.61,235.0,1008.0,0,804,Clouds,overcast clouds,04n
2025-07-27 01:17:37,Ca Mau,Ca Mau,26.43,26.43,26.43,87.0,26.43,10000.0,0.0,95.0,1.5,5.61,235.0,1008.0,0,804,Clouds,overcast clouds,04n
2025-07-27 01:21:22,Ca Mau,Ca Mau,26.43,26.43,26.43,87.0,26.43,10000.0,0.0,95.0,1.5,5.61,235.0,1008.0,0,804,Clouds,overcast clouds,04n
2025-07-27 01:25:08,Ca Mau,Ca Mau,26.43,26.43,26.43,87.0,26.43,10000.0,0.0,95.0,1.5,5.61,235.0,1008.0,0,804,Clouds,overcast clouds,04n
2025-07-27 01:28:54,Ca Mau,Ca Mau,26.43,26.43,26.43,87.0,26.43,10000.0,0.0,95.0,1.5,5.61,235.0,1008.0,0,804,Clouds,overcast clouds,04n
2025-07-27 01:32:40,Ca Mau,Ca Mau,26.43,26.43,26.43,87.0,26.43,10000.0,0.0,95.0,1.5,5.61,235.0,1008.0,0,804,Clouds,overcast clouds,04n
2025-07-27 01:36:26,Ca Mau,Ca Mau,26.04,26.04,26.04,90.0,26.04,10000.0,0.0,100.0,1.73,6.71,228.0,1008.0,0,804,Clouds,overcast clouds,04n
2025-07-27 01:40:12,Ca Mau,Ca Mau,26.04,26.04,26.04,90.0,26.04,10000.0,0.0,100.0,1.73,6.71,228.0,1008.0,0,804,Clouds,overcast clouds,04n
2025-07-27 01:43:58,Ca Mau,Ca Mau,26.04,26.04,26.04,90.0,26.04,10000.0,0.0,100.0,1.73,6.71,228.0,1008.0,0,804,Clouds,overcast clouds,04n
2025-07-27 01:47:44,Ca Mau,Ca Mau,26.04,26.04,26.04,90.0,26.04,10000.0,0.0,100.0,1.73,6.71,228.0,1008.0,0,804,Clouds,overcast clouds,04n
2025-07-27 01:51:30,Ca Mau,Ca Mau,26.04,26.04,26.04,90.0,26.04,10000.0,0.0,100.0,1.73,6.71,228.0,1008.0,0,804,Clouds,overcast clouds,04n
2025-07-27 01:55:15,Ca Mau,Ca Mau,26.04,26.04,26.04,90.0,26.04,10000.0,0.0,100.0,1.73,6.71,228.0,1008.0,0,804,Clouds,overcast clouds,04n
2025-07-27 01:59:01,Ca Mau,Ca Mau,26.04,26.04,26.04,90.0,26.04,10000.0,0.0,100.0,1.73,6.71,228.0,1008.0,0,804,Clouds,overcast clouds,04n
2025-07-27 02:02:47,Ca Mau,Ca Mau,26.04,26.04,26.04,90.0,26.04,10000.0,0.0,100.0,1.73,6.71,228.0,1008.0,0,804,Clouds,overcast clouds,04n
2025-07-27 02:06:35,Ca Mau,Ca Mau,26.05,26.05,26.05,90.0,26.05,10000.0,0.0,100.0,1.73,6.71,228.0,1008.0,0,804,Clouds,overcast clouds,04n
2025-07-27 02:10:21,Ca Mau,Ca Mau,26.05,26.05,26.05,90.0,26.05,10000.0,0.0,100.0,1.73,6.71,228.0,1008.0,0,804,Clouds,overcast clouds,04n
2025-07-27 02:14:07,Ca Mau,Ca Mau,26.05,26.05,26.05,90.0,26.05,10000.0,0.0,100.0,1.73,6.71,228.0,1008.0,0,804,Clouds,overcast clouds,04n
2025-07-27 02:17:53,Ca Mau,Ca Mau,26.05,26.05,26.05,90.0,26.05,10000.0,0.0,100.0,1.73,6.71,228.0,1008.0,0,804,Clouds,overcast clouds,04n
2025-07-27 02:21:38,Ca Mau,Ca Mau,26.05,26.05,26.05,90.0,26.05,10000.0,0.0,100.0,1.73,6.71,228.0,1008.0,0,804,Clouds,overcast clouds,04n
2025-07-27 02:25:24,Ca Mau,Ca Mau,26.05,26.05,26.05,90.0,26.05,10000.0,0.0,100.0,1.73,6.71,228.0,1008.0,0,804,Clouds,overcast clouds,04n
2025-07-27 02:29:11,Ca Mau,Ca Mau,26.05,26.05,26.05,90.0,26.05,10000.0,0.0,100.0,1.73,6.71,228.0,1008.0,0,804,Clouds,overcast clouds,04n
2025-07-27 02:32:57,Ca Mau,Ca Mau,25.88,25.88,25.88,90.0,26.87,10000.0,0.0,100.0,1.69,7.11,219.0,1007.0,0,804,Clouds,overcast clouds,04n
2025-07-27 02:36:43,Ca Mau,Ca Mau,25.88,25.88,25.88,90.0,26.87,10000.0,0.0,100.0,1.69,7.11,219.0,1007.0,0,804,Clouds,overcast clouds,04n
2025-07-27 02:40:28,Ca Mau,Ca Mau,25.88,25.88,25.88,90.0,26.87,10000.0,0.0,100.0,1.69,7.11,219.0,1007.0,0,804,Clouds,overcast clouds,04n
2025-07-27 02:44:15,Ca Mau,Ca Mau,25.88,25.88,25.88,90.0,26.87,10000.0,0.0,100.0,1.69,7.11,219.0,1007.0,0,804,Clouds,overcast clouds,04n
2025-07-27 02:48:01,Ca Mau,Ca Mau,25.88,25.88,25.88,90.0,26.87,10000.0,0.0,100.0,1.69,7.11,219.0,1007.0,0,804,Clouds,overcast clouds,04n
2025-07-27 02:51:48,Ca Mau,Ca Mau,25.87,25.87,25.87,90.0,26.86,10000.0,0.0,100.0,1.69,7.11,219.0,1007.0,0,804,Clouds,overcast clouds,04n
2025-07-27 02:55:34,Ca Mau,Ca Mau,25.87,25.87,25.87,90.0,26.86,10000.0,0.0,100.0,1.69,7.11,219.0,1007.0,0,804,Clouds,overcast clouds,04n
2025-07-27 02:59:19,Ca Mau,Ca Mau,25.87,25.87,25.87,90.0,26.86,10000.0,0.0,100.0,1.69,7.11,219.0,1007.0,0,804,Clouds,overcast clouds,04n
2025-07-27 03:03:10,Ca Mau,Ca Mau,25.89,25.89,25.89,90.0,26.88,10000.0,0.0,100.0,1.69,7.11,219.0,1007.0,0,804,Clouds,overcast clouds,04n
2025-07-27 03:06:57,Ca Mau,Ca Mau,25.89,25.89,25.89,90.0,26.88,10000.0,0.0,100.0,1.69,7.11,219.0,1007.0,0,804,Clouds,overcast clouds,04n
2025-07-27 03:10:43,Ca Mau,Ca Mau,25.89,25.89,25.89,90.0,26.88,10000.0,0.0,100.0,1.69,7.11,219.0,1007.0,0,804,Clouds,overcast clouds,04n
2025-07-27 03:14:29,Ca Mau,Ca Mau,25.89,25.89,25.89,90.0,26.88,10000.0,0.0,100.0,1.69,7.11,219.0,1007.0,0,804,Clouds,overcast clouds,04n
2025-07-27 03:18:15,Ca Mau,Ca Mau,25.89,25.89,25.89,90.0,26.88,10000.0,0.0,100.0,1.69,7.11,219.0,1007.0,0,804,Clouds,overcast clouds,04n
2025-07-27 03:22:01,Ca Mau,Ca Mau,25.89,25.89,25.89,90.0,26.88,10000.0,0.0,100.0,1.69,7.11,219.0,1007.0,0,804,Clouds,overcast clouds,04n
2025-07-27 03:25:47,Ca Mau,Ca Mau,25.89,25.89,25.89,90.0,26.88,10000.0,0.0,100.0,1.69,7.11,219.0,1007.0,0,804,Clouds,overcast clouds,04n
2025-07-27 03:29:33,Ca Mau,Ca Mau,25.89,25.89,25.89,90.0,26.88,10000.0,0.0,100.0,1.69,7.11,219.0,1007.0,0,804,Clouds,overcast clouds,04n
2025-07-27 03:33:19,Ca Mau,Ca Mau,25.87,25.87,25.87,89.0,26.84,10000.0,0.0,100.0,1.69,7.39,211.0,1007.0,0,804,Clouds,overcast clouds,04n
2025-07-27 03:37:05,Ca Mau,Ca Mau,25.87,25.87,25.87,89.0,26.84,10000.0,0.0,100.0,1.69,7.39,211.0,1007.0,0,804,Clouds,overcast clouds,04n
2025-07-27 03:40:51,Ca Mau,Ca Mau,25.87,25.87,25.87,89.0,26.84,10000.0,0.0,100.0,1.69,7.39,211.0,1007.0,0,804,Clouds,overcast clouds,04n
2025-07-27 03:44:36,Ca Mau,Ca Mau,25.87,25.87,25.87,89.0,26.84,10000.0,0.0,100.0,1.69,7.39,211.0,1007.0,0,804,Clouds,overcast clouds,04n
2025-07-27 03:48:22,Ca Mau,Ca Mau,25.87,25.87,25.87,89.0,26.84,10000.0,0.0,100.0,1.69,7.39,211.0,1007.0,0,804,Clouds,overcast clouds,04n
2025-07-27 03:52:09,Ca Mau,Ca Mau,25.87,25.87,25.87,89.0,26.84,10000.0,0.0,100.0,1.69,7.39,211.0,1007.0,0,804,Clouds,overcast clouds,04n
2025-07-27 03:55:56,Ca Mau,Ca Mau,25.87,25.87,25.87,89.0,26.84,10000.0,0.0,100.0,1.69,7.39,211.0,1007.0,0,804,Clouds,overcast clouds,04n
2025-07-27 03:59:41,Ca Mau,Ca Mau,25.87,25.87,25.87,89.0,26.84,10000.0,0.0,100.0,1.69,7.39,211.0,1007.0,0,804,Clouds,overcast clouds,04n
2025-07-27 04:03:28,Ca Mau,Ca Mau,25.87,25.87,25.87,89.0,26.84,10000.0,0.0,100.0,1.69,7.39,211.0,1007.0,0,804,Clouds,overcast clouds,04n
2025-07-27 04:07:14,Ca Mau,Ca Mau,25.87,25.87,25.87,89.0,26.84,10000.0,0.0,100.0,1.69,7.39,211.0,1007.0,0,804,Clouds,overcast clouds,04n
2025-07-27 04:10:59,Ca Mau,Ca Mau,25.89,25.89,25.89,90.0,26.88,10000.0,0.0,100.0,1.69,7.39,211.0,1007.0,0,804,Clouds,overcast clouds,04n
2025-07-27 09:00:51,Ca Mau,Ca Mau,30.1,30.1,30.1,66.0,34.33,10000.0,0.0,100.0,4.33,6.25,234.0,1010.0,1,804,Clouds,overcast clouds,04d
2025-07-27 09:04:37,Ca Mau,Ca Mau,30.1,30.1,30.1,66.0,34.33,10000.0,0.0,100.0,4.33,6.25,234.0,1010.0,1,804,Clouds,overcast clouds,04d
2025-07-27 09:08:22,Ca Mau,Ca Mau,30.07,30.07,30.07,67.0,34.49,10000.0,0.0,100.0,4.33,6.25,234.0,1010.0,1,804,Clouds,overcast clouds,04d
2025-07-27 09:12:08,Ca Mau,Ca Mau,30.07,30.07,30.07,67.0,34.49,10000.0,0.0,100.0,4.33,6.25,234.0,1010.0,1,804,Clouds,overcast clouds,04d
2025-07-27 09:15:54,Ca Mau,Ca Mau,30.07,30.07,30.07,67.0,34.49,10000.0,0.0,100.0,4.33,6.25,234.0,1010.0,1,804,Clouds,overcast clouds,04d
2025-07-27 09:19:40,Ca Mau,Ca Mau,30.07,30.07,30.07,67.0,34.49,10000.0,0.0,100.0,4.33,6.25,234.0,1010.0,1,804,Clouds,overcast clouds,04d
2025-07-27 09:23:26,Ca Mau,Ca Mau,30.07,30.07,30.07,67.0,34.49,10000.0,0.0,100.0,4.33,6.25,234.0,1010.0,1,804,Clouds,overcast clouds,04d
2025-07-27 09:27:11,Ca Mau,Ca Mau,30.07,30.07,30.07,67.0,34.49,10000.0,0.0,100.0,4.33,6.25,234.0,1010.0,1,804,Clouds,overcast clouds,04d
2025-07-27 09:30:57,Ca Mau,Ca Mau,30.07,30.07,30.07,67.0,34.49,10000.0,0.0,100.0,4.33,6.25,234.0,1010.0,1,804,Clouds,overcast clouds,04d
2025-07-27 09:34:42,Ca Mau,Ca Mau,30.07,30.07,30.07,67.0,34.49,10000.0,0.0,100.0,4.33,6.25,234.0,1010.0,1,804,Clouds,overcast clouds,04d
2025-07-27 09:38:28,Ca Mau,Ca Mau,31.9,31.9,31.9,57.0,35.98,10000.0,0.0,100.0,4.78,6.48,246.0,1010.0,1,804,Clouds,overcast clouds,04d
2025-07-27 09:42:13,Ca Mau,Ca Mau,31.9,31.9,31.9,57.0,35.98,10000.0,0.0,100.0,4.78,6.48,246.0,1010.0,1,804,Clouds,overcast clouds,04d
2025-07-27 09:45:59,Ca Mau,Ca Mau,31.9,31.9,31.9,57.0,35.98,10000.0,0.0,100.0,4.78,6.48,246.0,1010.0,1,804,Clouds,overcast clouds,04d
2025-07-27 09:49:45,Ca Mau,Ca Mau,31.91,31.91,31.91,57.0,36.0,10000.0,0.0,100.0,4.78,6.48,246.0,1010.0,1,804,Clouds,overcast clouds,04d
2025-07-27 09:53:31,Ca Mau,Ca Mau,31.91,31.91,31.91,57.0,36.0,10000.0,0.0,100.0,4.78,6.48,246.0,1010.0,1,804,Clouds,overcast clouds,04d
2025-07-27 09:57:16,Ca Mau,Ca Mau,31.91,31.91,31.91,57.0,36.0,10000.0,0.0,100.0,4.78,6.48,246.0,1010.0,1,804,Clouds,overcast clouds,04d
2025-07-27 10:01:02,Ca Mau,Ca Mau,31.91,31.91,31.91,57.0,36.0,10000.0,0.0,100.0,4.78,6.48,246.0,1010.0,1,804,Clouds,overcast clouds,04d
2025-07-27 10:04:48,Ca Mau,Ca Mau,31.87,31.87,31.87,58.0,36.19,10000.0,0.0,100.0,4.78,6.48,246.0,1010.0,1,804,Clouds,overcast clouds,04d
2025-07-27 10:08:34,Ca Mau,Ca Mau,31.87,31.87,31.87,58.0,36.19,10000.0,0.0,100.0,4.78,6.48,246.0,1010.0,1,804,Clouds,overcast clouds,04d
2025-07-27 10:12:19,Ca Mau,Ca Mau,31.87,31.87,31.87,58.0,36.19,10000.0,0.0,100.0,4.78,6.48,246.0,1010.0,1,804,Clouds,overcast clouds,04d
2025-07-27 10:16:04,Ca Mau,Ca Mau,31.87,31.87,31.87,58.0,36.19,10000.0,0.0,100.0,4.78,6.48,246.0,1010.0,1,804,Clouds,overcast clouds,04d
2025-07-27 10:19:50,Ca Mau,Ca Mau,31.87,31.87,31.87,58.0,36.19,10000.0,0.0,100.0,4.78,6.48,246.0,1010.0,1,804,Clouds,overcast clouds,04d
2025-07-27 10:23:36,Ca Mau,Ca Mau,31.87,31.87,31.87,58.0,36.19,10000.0,0.0,100.0,4.78,6.48,246.0,1010.0,1,804,Clouds,overcast clouds,04d
2025-07-27 10:27:21,Ca Mau,Ca Mau,31.87,31.87,31.87,58.0,36.19,10000.0,0.0,100.0,4.78,6.48,246.0,1010.0,1,804,Clouds,overcast clouds,04d
2025-07-27 10:31:07,Ca Mau,Ca Mau,31.87,31.87,31.87,58.0,36.19,10000.0,0.0,100.0,4.78,6.48,246.0,1010.0,1,804,Clouds,overcast clouds,04d
2025-07-27 10:34:53,Ca Mau,Ca Mau,32.71,32.71,32.71,53.0,36.56,10000.0,0.0,100.0,5.51,7.74,251.0,1009.0,1,804,Clouds,overcast clouds,04d
2025-07-27 10:38:38,Ca Mau,Ca Mau,32.71,32.71,32.71,53.0,36.56,10000.0,0.0,100.0,5.51,7.74,251.0,1009.0,1,804,Clouds,overcast clouds,04d
2025-07-27 10:42:24,Ca Mau,Ca Mau,32.71,32.71,32.71,53.0,36.56,10000.0,0.0,100.0,5.51,7.74,251.0,1009.0,1,804,Clouds,overcast clouds,04d
2025-07-27 10:46:10,Ca Mau,Ca Mau,32.71,32.71,32.71,53.0,36.56,10000.0,0.0,100.0,5.51,7.74,251.0,1009.0,1,804,Clouds,overcast clouds,04d
2025-07-27 10:49:55,Ca Mau,Ca Mau,32.72,32.72,32.72,53.0,36.58,10000.0,0.0,100.0,5.51,7.74,251.0,1009.0,1,804,Clouds,overcast clouds,04d
2025-07-27 10:53:41,Ca Mau,Ca Mau,32.72,32.72,32.72,53.0,36.58,10000.0,0.0,100.0,5.51,7.74,251.0,1009.0,1,804,Clouds,overcast clouds,04d
2025-07-27 10:57:27,Ca Mau,Ca Mau,32.72,32.72,32.72,53.0,36.58,10000.0,0.0,100.0,5.51,7.74,251.0,1009.0,1,804,Clouds,overcast clouds,04d
2025-07-27 11:01:13,Ca Mau,Ca Mau,32.72,32.72,32.72,53.0,36.58,10000.0,0.0,100.0,5.51,7.74,251.0,1009.0,1,804,Clouds,overcast clouds,04d
2025-07-27 11:04:58,Ca Mau,Ca Mau,32.67,32.67,32.67,53.0,36.48,10000.0,0.0,100.0,5.51,7.74,251.0,1009.0,1,804,Clouds,overcast clouds,04d
2025-07-27 11:08:43,Ca Mau,Ca Mau,32.67,32.67,32.67,53.0,36.48,10000.0,0.0,100.0,5.51,7.74,251.0,1009.0,1,804,Clouds,overcast clouds,04d
2025-07-27 11:12:29,Ca Mau,Ca Mau,32.67,32.67,32.67,53.0,36.48,10000.0,0.0,100.0,5.51,7.74,251.0,1009.0,1,804,Clouds,overcast clouds,04d
2025-07-27 11:16:15,Ca Mau,Ca Mau,32.67,32.67,32.67,53.0,36.48,10000.0,0.0,100.0,5.51,7.74,251.0,1009.0,1,804,Clouds,overcast clouds,04d
2025-07-27 11:20:00,Ca Mau,Ca Mau,32.67,32.67,32.67,53.0,36.48,10000.0,0.0,100.0,5.51,7.74,251.0,1009.0,1,804,Clouds,overcast clouds,04d
2025-07-27 11:23:46,Ca Mau,Ca Mau,32.67,32.67,32.67,53.0,36.48,10000.0,0.0,100.0,5.51,7.74,251.0,1009.0,1,804,Clouds,overcast clouds,04d
2025-07-27 11:27:32,Ca Mau,Ca Mau,32.67,32.67,32.67,53.0,36.48,10000.0,0.0,100.0,5.51,7.74,251.0,1009.0,1,804,Clouds,overcast clouds,04d
2025-07-27 11:31:17,Ca Mau,Ca Mau,32.68,32.68,32.68,51.0,35.93,10000.0,0.0,100.0,5.47,7.65,253.0,1008.0,1,804,Clouds,overcast clouds,04d
2025-07-27 11:35:03,Ca Mau,Ca Mau,32.68,32.68,32.68,51.0,35.93,10000.0,0.0,100.0,5.47,7.65,253.0,1008.0,1,804,Clouds,overcast clouds,04d
2025-07-27 11:38:49,Ca Mau,Ca Mau,32.68,32.68,32.68,51.0,35.93,10000.0,0.0,100.0,5.47,7.65,253.0,1008.0,1,804,Clouds,overcast clouds,04d
2025-07-27 11:42:34,Ca Mau,Ca Mau,32.68,32.68,32.68,51.0,35.93,10000.0,0.0,100.0,5.47,7.65,253.0,1008.0,1,804,Clouds,overcast clouds,04d
2025-07-27 11:46:20,Ca Mau,Ca Mau,32.77,32.77,32.77,51.0,36.11,10000.0,0.0,100.0,5.47,7.65,253.0,1008.0,1,804,Clouds,overcast clouds,04d
2025-07-27 11:50:06,Ca Mau,Ca Mau,32.77,32.77,32.77,51.0,36.11,10000.0,0.0,100.0,5.47,7.65,253.0,1008.0,1,804,Clouds,overcast clouds,04d
2025-07-27 11:53:51,Ca Mau,Ca Mau,32.77,32.77,32.77,51.0,36.11,10000.0,0.0,100.0,5.47,7.65,253.0,1008.0,1,804,Clouds,overcast clouds,04d
2025-07-27 11:57:37,Ca Mau,Ca Mau,32.77,32.77,32.77,51.0,36.11,10000.0,0.0,100.0,5.47,7.65,253.0,1008.0,1,804,Clouds,overcast clouds,04d
2025-07-27 12:01:22,Ca Mau,Ca Mau,32.76,32.76,32.76,51.0,36.09,10000.0,0.0,100.0,5.47,7.65,253.0,1008.0,1,804,Clouds,overcast clouds,04d
2025-07-27 12:05:08,Ca Mau,Ca Mau,32.76,32.76,32.76,51.0,36.09,10000.0,0.0,100.0,5.47,7.65,253.0,1008.0,1,804,Clouds,overcast clouds,04d
2025-07-27 12:08:54,Ca Mau,Ca Mau,32.76,32.76,32.76,51.0,36.09,10000.0,0.0,100.0,5.47,7.65,253.0,1008.0,1,804,Clouds,overcast clouds,04d
2025-07-27 12:12:39,Ca Mau,Ca Mau,32.76,32.76,32.76,51.0,36.09,10000.0,0.0,100.0,5.47,7.65,253.0,1008.0,1,804,Clouds,overcast clouds,04d
2025-07-27 12:16:25,Ca Mau,Ca Mau,32.76,32.76,32.76,51.0,36.09,10000.0,0.0,100.0,5.47,7.65,253.0,1008.0,1,804,Clouds,overcast clouds,04d
2025-07-27 12:20:10,Ca Mau,Ca Mau,32.76,32.76,32.76,51.0,36.09,10000.0,0.0,100.0,5.47,7.65,253.0,1008.0,1,804,Clouds,overcast clouds,04d
2025-07-27 12:23:56,Ca Mau,Ca Mau,32.76,32.76,32.76,51.0,36.09,10000.0,0.0,100.0,5.47,7.65,253.0,1008.0,1,804,Clouds,overcast clouds,04d
2025-07-27 12:27:42,Ca Mau,Ca Mau,32.76,32.76,32.76,51.0,36.09,10000.0,0.0,100.0,5.47,7.65,253.0,1008.0,1,804,Clouds,overcast clouds,04d
2025-07-27 12:31:28,Ca Mau,Ca Mau,32.76,32.76,32.76,51.0,36.09,10000.0,0.0,100.0,5.47,7.65,253.0,1008.0,1,804,Clouds,overcast clouds,04d
2025-07-27 12:35:13,Ca Mau,Ca Mau,32.08,32.08,32.08,53.0,35.27,10000.0,0.0,100.0,5.54,7.62,255.0,1008.0,1,804,Clouds,overcast clouds,04d
2025-07-27 12:38:59,Ca Mau,Ca Mau,32.08,32.08,32.08,53.0,35.27,10000.0,0.0,100.0,5.54,7.62,255.0,1008.0,1,804,Clouds,overcast clouds,04d
2025-07-27 12:42:44,Ca Mau,Ca Mau,32.08,32.08,32.08,53.0,35.27,10000.0,0.0,100.0,5.54,7.62,255.0,1008.0,1,804,Clouds,overcast clouds,04d
2025-07-27 12:46:29,Ca Mau,Ca Mau,32.08,32.08,32.08,53.0,35.27,10000.0,0.0,100.0,5.83,8.03,251.0,1008.0,1,804,Clouds,overcast clouds,04d
2025-07-27 12:50:15,Ca Mau,Ca Mau,32.08,32.08,32.08,53.0,35.27,10000.0,0.0,100.0,5.83,8.03,251.0,1008.0,1,804,Clouds,overcast clouds,04d
2025-07-27 12:54:01,Ca Mau,Ca Mau,32.08,32.08,32.08,53.0,35.27,10000.0,0.0,100.0,5.83,8.03,251.0,1008.0,1,804,Clouds,overcast clouds,04d
2025-07-27 12:57:47,Ca Mau,Ca Mau,32.08,32.08,32.08,53.0,35.27,10000.0,0.0,100.0,5.83,8.03,251.0,1008.0,1,804,Clouds,overcast clouds,04d
2025-07-27 13:01:33,Ca Mau,Ca Mau,32.08,32.08,32.08,53.0,35.27,10000.0,0.0,100.0,5.83,8.03,251.0,1008.0,1,804,Clouds,overcast clouds,04d
2025-07-27 13:05:18,Ca Mau,Ca Mau,32.08,32.08,32.08,53.0,35.27,10000.0,0.0,100.0,5.83,8.03,251.0,1008.0,1,804,Clouds,overcast clouds,04d
2025-07-27 13:09:04,Ca Mau,Ca Mau,32.08,32.08,32.08,53.0,35.27,10000.0,0.0,100.0,5.83,8.03,251.0,1008.0,1,804,Clouds,overcast clouds,04d
2025-07-27 13:12:50,Ca Mau,Ca Mau,32.08,32.08,32.08,53.0,35.27,10000.0,0.0,100.0,5.83,8.03,251.0,1008.0,1,804,Clouds,overcast clouds,04d
2025-07-27 13:16:35,Ca Mau,Ca Mau,32.08,32.08,32.08,53.0,35.27,10000.0,0.0,100.0,5.83,8.03,251.0,1008.0,1,804,Clouds,overcast clouds,04d
2025-07-27 13:20:21,Ca Mau,Ca Mau,32.08,32.08,32.08,53.0,35.27,10000.0,0.0,100.0,5.83,8.03,251.0,1008.0,1,804,Clouds,overcast clouds,04d
2025-07-27 13:24:07,Ca Mau,Ca Mau,33.03,33.03,33.03,50.0,36.35,10000.0,0.0,100.0,5.83,8.03,251.0,1007.0,1,804,Clouds,overcast clouds,04d
2025-07-27 13:27:52,Ca Mau,Ca Mau,33.03,33.03,33.03,50.0,36.35,10000.0,0.0,100.0,5.83,8.03,251.0,1007.0,1,804,Clouds,overcast clouds,04d
2025-07-27 13:31:38,Ca Mau,Ca Mau,33.03,33.03,33.03,50.0,36.35,10000.0,0.0,100.0,5.83,8.03,251.0,1007.0,1,804,Clouds,overcast clouds,04d
2025-07-27 13:35:24,Ca Mau,Ca Mau,33.48,33.48,33.48,48.0,36.67,10000.0,0.0,100.0,5.97,8.49,251.0,1007.0,1,804,Clouds,overcast clouds,04d
2025-07-27 13:39:09,Ca Mau,Ca Mau,33.48,33.48,33.48,48.0,36.67,10000.0,0.0,100.0,5.97,8.49,251.0,1007.0,1,804,Clouds,overcast clouds,04d
2025-07-27 13:42:55,Ca Mau,Ca Mau,33.48,33.48,33.48,48.0,36.67,10000.0,0.0,100.0,5.97,8.49,251.0,1007.0,1,804,Clouds,overcast clouds,04d
2025-07-27 13:46:40,Ca Mau,Ca Mau,33.48,33.48,33.48,48.0,36.67,10000.0,0.0,100.0,5.97,8.49,251.0,1007.0,1,804,Clouds,overcast clouds,04d
2025-07-27 13:50:25,Ca Mau,Ca Mau,33.56,33.56,33.56,48.0,36.83,10000.0,0.0,100.0,5.97,8.49,251.0,1007.0,1,804,Clouds,overcast clouds,04d
2025-07-27 13:54:11,Ca Mau,Ca Mau,33.56,33.56,33.56,48.0,36.83,10000.0,0.0,100.0,5.97,8.49,251.0,1007.0,1,804,Clouds,overcast clouds,04d
2025-07-27 13:57:56,Ca Mau,Ca Mau,33.56,33.56,33.56,48.0,36.83,10000.0,0.0,100.0,5.97,8.49,251.0,1007.0,1,804,Clouds,overcast clouds,04d
2025-07-27 14:01:42,Ca Mau,Ca Mau,33.56,33.56,33.56,48.0,36.83,10000.0,0.0,100.0,5.97,8.49,251.0,1007.0,1,804,Clouds,overcast clouds,04d
2025-07-27 14:05:28,Ca Mau,Ca Mau,33.48,33.48,33.48,49.0,36.97,10000.0,0.0,100.0,5.97,8.49,251.0,1007.0,1,804,Clouds,overcast clouds,04d
2025-07-27 14:09:14,Ca Mau,Ca Mau,33.48,33.48,33.48,49.0,36.97,10000.0,0.0,100.0,5.97,8.49,251.0,1007.0,1,804,Clouds,overcast clouds,04d
2025-07-27 14:13:00,Ca Mau,Ca Mau,33.48,33.48,33.48,49.0,36.97,10000.0,0.0,100.0,5.97,8.49,251.0,1007.0,1,804,Clouds,overcast clouds,04d
2025-07-27 14:16:46,Ca Mau,Ca Mau,33.48,33.48,33.48,49.0,36.97,10000.0,0.0,100.0,5.97,8.49,251.0,1007.0,1,804,Clouds,overcast clouds,04d
2025-07-27 14:20:32,Ca Mau,Ca Mau,33.48,33.48,33.48,49.0,36.97,10000.0,0.0,100.0,5.97,8.49,251.0,1007.0,1,804,Clouds,overcast clouds,04d
2025-07-27 14:24:17,Ca Mau,Ca Mau,33.48,33.48,33.48,49.0,36.97,10000.0,0.0,100.0,5.97,8.49,251.0,1007.0,1,804,Clouds,overcast clouds,04d
2025-07-27 14:28:03,Ca Mau,Ca Mau,33.48,33.48,33.48,49.0,36.97,10000.0,0.0,100.0,5.97,8.49,251.0,1007.0,1,804,Clouds,overcast clouds,04d
2025-07-27 14:31:49,Ca Mau,Ca Mau,33.48,33.48,33.48,49.0,36.97,10000.0,0.0,100.0,5.97,8.49,251.0,1007.0,1,804,Clouds,overcast clouds,04d
2025-07-27 14:35:35,Ca Mau,Ca Mau,32.48,32.48,32.48,49.0,35.01,10000.0,0.0,100.0,6.17,8.72,255.0,1006.0,1,804,Clouds,overcast clouds,04d
2025-07-27 14:39:20,Ca Mau,Ca Mau,32.48,32.48,32.48,49.0,35.01,10000.0,0.0,100.0,6.17,8.72,255.0,1006.0,1,804,Clouds,overcast clouds,04d
2025-07-27 14:43:06,Ca Mau,Ca Mau,32.48,32.48,32.48,49.0,35.01,10000.0,0.0,100.0,6.17,8.72,255.0,1006.0,1,804,Clouds,overcast clouds,04d
2025-07-27 14:46:52,Ca Mau,Ca Mau,32.92,32.92,32.92,49.0,35.85,10000.0,0.0,100.0,6.17,8.72,255.0,1006.0,1,804,Clouds,overcast clouds,04d
2025-07-27 14:50:38,Ca Mau,Ca Mau,32.92,32.92,32.92,49.0,35.85,10000.0,0.0,100.0,6.17,8.72,255.0,1006.0,1,804,Clouds,overcast clouds,04d
2025-07-27 14:54:24,Ca Mau,Ca Mau,32.92,32.92,32.92,49.0,35.85,10000.0,0.0,100.0,6.17,8.72,255.0,1006.0,1,804,Clouds,overcast clouds,04d
2025-07-27 14:58:10,Ca Mau,Ca Mau,32.92,32.92,32.92,49.0,35.85,10000.0,0.0,100.0,6.17,8.72,255.0,1006.0,1,804,Clouds,overcast clouds,04d
2025-07-27 15:01:56,Ca Mau,Ca Mau,32.92,32.92,32.92,49.0,35.85,10000.0,0.0,100.0,6.17,8.72,255.0,1006.0,1,804,Clouds,overcast clouds,04d
2025-07-27 15:05:41,Ca Mau,Ca Mau,32.89,32.89,32.89,51.0,36.35,10000.0,0.0,100.0,6.17,8.72,255.0,1006.0,1,804,Clouds,overcast clouds,04d
2025-07-27 15:09:27,Ca Mau,Ca Mau,32.89,32.89,32.89,51.0,36.35,10000.0,0.0,100.0,6.17,8.72,255.0,1006.0,1,804,Clouds,overcast clouds,04d
2025-07-27 15:13:13,Ca Mau,Ca Mau,32.89,32.89,32.89,51.0,36.35,10000.0,0.0,100.0,6.17,8.72,255.0,1006.0,1,804,Clouds,overcast clouds,04d
2025-07-27 15:16:59,Ca Mau,Ca Mau,32.88,32.88,32.88,51.0,36.33,10000.0,0.0,100.0,6.17,8.72,255.0,1006.0,1,804,Clouds,overcast clouds,04d
2025-07-27 15:20:45,Ca Mau,Ca Mau,32.88,32.88,32.88,51.0,36.33,10000.0,0.0,100.0,6.17,8.72,255.0,1006.0,1,804,Clouds,overcast clouds,04d
2025-07-27 15:24:31,Ca Mau,Ca Mau,32.88,32.88,32.88,51.0,36.33,10000.0,0.0,100.0,6.17,8.72,255.0,1006.0,1,804,Clouds,overcast clouds,04d
2025-07-27 15:28:16,Ca Mau,Ca Mau,32.88,32.88,32.88,51.0,36.33,10000.0,0.0,100.0,6.17,8.72,255.0,1006.0,1,804,Clouds,overcast clouds,04d
2025-07-27 15:32:02,Ca Mau,Ca Mau,32.88,32.88,32.88,51.0,36.33,10000.0,0.0,100.0,6.17,8.72,255.0,1006.0,1,804,Clouds,overcast clouds,04d
2025-07-27 15:35:48,Ca Mau,Ca Mau,30.96,30.96,30.96,55.0,33.59,10000.0,0.0,100.0,5.68,8.41,257.0,1006.0,1,804,Clouds,overcast clouds,04d
2025-07-27 15:39:34,Ca Mau,Ca Mau,30.96,30.96,30.96,55.0,33.59,10000.0,0.0,100.0,5.68,8.41,257.0,1006.0,1,804,Clouds,overcast clouds,04d
2025-07-27 15:43:20,Ca Mau,Ca Mau,30.96,30.96,30.96,55.0,33.59,10000.0,0.0,100.0,5.68,8.41,257.0,1006.0,1,804,Clouds,overcast clouds,04d
2025-07-27 15:47:07,Ca Mau,Ca Mau,30.94,30.94,30.94,55.0,33.55,10000.0,0.0,100.0,5.68,8.41,257.0,1006.0,1,804,Clouds,overcast clouds,04d
2025-07-27 15:50:55,Ca Mau,Ca Mau,30.94,30.94,30.94,55.0,33.55,10000.0,0.0,100.0,5.68,8.41,257.0,1006.0,1,804,Clouds,overcast clouds,04d
2025-07-27 15:54:45,Ca Mau,Ca Mau,30.94,30.94,30.94,55.0,33.55,10000.0,0.0,100.0,5.68,8.41,257.0,1006.0,1,804,Clouds,overcast clouds,04d
2025-07-27 15:58:33,Ca Mau,Ca Mau,30.94,30.94,30.94,55.0,33.55,10000.0,0.0,100.0,5.68,8.41,257.0,1006.0,1,804,Clouds,overcast clouds,04d
2025-07-27 16:02:22,Ca Mau,Ca Mau,30.92,30.92,30.92,56.0,33.74,10000.0,0.0,100.0,5.68,8.41,257.0,1006.0,1,804,Clouds,overcast clouds,04d
2025-07-27 16:06:11,Ca Mau,Ca Mau,30.92,30.92,30.92,56.0,33.74,10000.0,0.0,100.0,5.68,8.41,257.0,1006.0,1,804,Clouds,overcast clouds,04d
2025-07-27 16:10:00,Ca Mau,Ca Mau,30.92,30.92,30.92,56.0,33.74,10000.0,0.0,100.0,5.68,8.41,257.0,1006.0,1,804,Clouds,overcast clouds,04d
2025-07-27 16:13:50,Ca Mau,Ca Mau,30.92,30.92,30.92,56.0,33.74,10000.0,0.0,100.0,5.68,8.41,257.0,1006.0,1,804,Clouds,overcast clouds,04d
2025-07-27 16:17:39,Ca Mau,Ca Mau,30.92,30.92,30.92,56.0,33.74,10000.0,0.1,100.0,5.68,8.41,257.0,1006.0,1,500,Rain,light rain,10d
2025-07-27 16:21:28,Ca Mau,Ca Mau,30.92,30.92,30.92,56.0,33.74,10000.0,0.0,100.0,5.68,8.41,257.0,1006.0,1,804,Clouds,overcast clouds,04d
2025-07-27 16:25:16,Ca Mau,Ca Mau,30.92,30.92,30.92,56.0,33.74,10000.0,0.0,100.0,5.68,8.41,257.0,1006.0,1,804,Clouds,overcast clouds,04d
2025-07-27 16:29:05,Ca Mau,Ca Mau,30.92,30.92,30.92,56.0,33.74,10000.0,0.0,100.0,5.68,8.41,257.0,1006.0,1,804,Clouds,overcast clouds,04d
2025-07-27 16:32:55,Ca Mau,Ca Mau,29.56,29.56,29.56,62.0,32.38,10000.0,0.13,100.0,4.59,8.57,254.0,1006.0,1,500,Rain,light rain,10d
2025-07-27 16:36:44,Ca Mau,Ca Mau,29.56,29.56,29.56,62.0,32.38,10000.0,0.13,100.0,4.59,8.57,254.0,1006.0,1,500,Rain,light rain,10d
2025-07-27 16:40:33,Ca Mau,Ca Mau,29.56,29.56,29.56,62.0,32.38,10000.0,0.13,100.0,4.59,8.57,254.0,1006.0,1,500,Rain,light rain,10d
2025-07-27 16:44:22,Ca Mau,Ca Mau,29.56,29.56,29.56,62.0,32.38,10000.0,0.13,100.0,4.59,8.57,254.0,1006.0,1,500,Rain,light rain,10d
2025-07-27 16:48:11,Ca Mau,Ca Mau,29.62,29.62,29.62,62.0,32.49,10000.0,0.1,100.0,4.59,8.57,254.0,1006.0,1,500,Rain,light rain,10d
2025-07-27 16:52:00,Ca Mau,Ca Mau,29.62,29.62,29.62,62.0,32.49,10000.0,0.0,100.0,4.59,8.57,254.0,1006.0,1,804,Clouds,overcast clouds,04d
2025-07-27 16:55:50,Ca Mau,Ca Mau,29.62,29.62,29.62,62.0,32.49,10000.0,0.0,100.0,4.59,8.57,254.0,1006.0,1,804,Clouds,overcast clouds,04d
2025-07-27 16:59:38,Ca Mau,Ca Mau,29.62,29.62,29.62,62.0,32.49,10000.0,0.0,100.0,4.59,8.57,254.0,1006.0,1,804,Clouds,overcast clouds,04d
2025-07-27 17:03:27,Ca Mau,Ca Mau,29.53,29.53,29.53,63.0,32.51,10000.0,0.13,100.0,4.59,8.57,254.0,1006.0,1,500,Rain,light rain,10d
2025-07-27 17:07:16,Ca Mau,Ca Mau,29.62,29.62,29.62,62.0,32.49,10000.0,0.0,100.0,4.59,8.57,254.0,1006.0,1,804,Clouds,overcast clouds,04d
2025-07-27 17:11:06,Ca Mau,Ca Mau,29.53,29.53,29.53,63.0,32.51,10000.0,0.13,100.0,4.59,8.57,254.0,1006.0,1,500,Rain,light rain,10d
2025-07-27 17:14:54,Ca Mau,Ca Mau,29.53,29.53,29.53,63.0,32.51,10000.0,0.0,100.0,4.59,8.57,254.0,1006.0,1,804,Clouds,overcast clouds,04d
2025-07-27 17:18:43,Ca Mau,Ca Mau,29.53,29.53,29.53,63.0,32.51,10000.0,0.0,100.0,4.59,8.57,254.0,1006.0,1,804,Clouds,overcast clouds,04d
2025-07-27 17:22:32,Ca Mau,Ca Mau,29.53,29.53,29.53,63.0,32.51,10000.0,0.0,100.0,4.59,8.57,254.0,1006.0,1,804,Clouds,overcast clouds,04d
2025-07-27 17:26:21,Ca Mau,Ca Mau,29.53,29.53,29.53,63.0,32.51,10000.0,0.13,100.0,4.59,8.57,254.0,1006.0,1,500,Rain,light rain,10d
2025-07-27 17:30:10,Ca Mau,Ca Mau,29.53,29.53,29.53,63.0,32.51,10000.0,0.13,100.0,4.59,8.57,254.0,1006.0,1,500,Rain,light rain,10d
2025-07-27 17:34:00,Ca Mau,Ca Mau,28.58,28.58,28.58,71.0,32.0,10000.0,0.18,100.0,3.65,8.02,249.0,1007.0,1,500,Rain,light rain,10d
2025-07-27 17:37:51,Ca Mau,Ca Mau,28.58,28.58,28.58,71.0,32.0,10000.0,0.18,100.0,3.65,8.02,249.0,1007.0,1,500,Rain,light rain,10d
2025-07-27 17:41:40,Ca Mau,Ca Mau,28.58,28.58,28.58,71.0,32.0,10000.0,0.27,100.0,3.65,8.02,249.0,1007.0,1,500,Rain,light rain,10d
2025-07-27 17:45:29,Ca Mau,Ca Mau,28.58,28.58,28.58,71.0,32.0,10000.0,1.33,100.0,3.65,8.02,249.0,1007.0,1,501,Rain,moderate rain,10d
2025-07-27 17:49:18,Ca Mau,Ca Mau,28.58,28.58,28.58,71.0,32.0,10000.0,1.19,100.0,3.65,8.02,249.0,1007.0,1,501,Rain,moderate rain,10d
2025-07-27 17:53:07,Ca Mau,Ca Mau,28.58,28.58,28.58,71.0,32.0,10000.0,1.33,100.0,3.65,8.02,249.0,1007.0,1,501,Rain,moderate rain,10d
2025-07-27 17:56:56,Ca Mau,Ca Mau,28.58,28.58,28.58,71.0,32.0,10000.0,0.75,100.0,3.65,8.02,249.0,1007.0,1,500,Rain,light rain,10d
2025-07-27 18:00:45,Ca Mau,Ca Mau,28.58,28.58,28.58,71.0,32.0,10000.0,0.75,100.0,3.65,8.02,249.0,1007.0,1,500,Rain,light rain,10d
2025-07-27 18:04:34,Ca Mau,Ca Mau,28.52,28.52,28.52,72.0,32.03,10000.0,0.75,100.0,3.65,8.02,249.0,1007.0,1,500,Rain,light rain,10d
2025-07-27 18:08:23,Ca Mau,Ca Mau,28.52,28.52,28.52,72.0,32.03,10000.0,0.75,100.0,3.65,8.02,249.0,1007.0,1,500,Rain,light rain,10d
2025-07-27 18:12:12,Ca Mau,Ca Mau,28.52,28.52,28.52,72.0,32.03,10000.0,0.87,100.0,3.65,8.02,249.0,1007.0,1,500,Rain,light rain,10d
2025-07-27 18:16:00,Ca Mau,Ca Mau,28.52,28.52,28.52,72.0,32.03,10000.0,0.75,100.0,3.65,8.02,249.0,1007.0,1,500,Rain,light rain,10d
2025-07-27 18:19:50,Ca Mau,Ca Mau,28.52,28.52,28.52,72.0,32.03,10000.0,0.12,100.0,3.65,8.02,249.0,1007.0,1,500,Rain,light rain,10d
2025-07-27 18:23:38,Ca Mau,Ca Mau,28.52,28.52,28.52,72.0,32.03,10000.0,0.13,100.0,3.65,8.02,249.0,1007.0,0,500,Rain,light rain,10n
2025-07-27 18:27:27,Ca Mau,Ca Mau,28.52,28.52,28.52,72.0,32.03,10000.0,0.13,100.0,3.65,8.02,249.0,1007.0,0,500,Rain,light rain,10n
2025-07-27 18:31:16,Ca Mau,Ca Mau,28.52,28.52,28.52,72.0,32.03,10000.0,0.15,100.0,3.65,8.02,249.0,1007.0,0,500,Rain,light rain,10n
2025-07-27 18:35:05,Ca Mau,Ca Mau,27.75,27.75,27.75,76.0,30.94,10000.0,0.65,100.0,3.14,8.14,251.0,1008.0,0,500,Rain,light rain,10n
2025-07-27 18:38:54,Ca Mau,Ca Mau,27.75,27.75,27.75,76.0,30.94,10000.0,0.58,100.0,3.14,8.14,251.0,1008.0,0,500,Rain,light rain,10n
2025-07-27 18:42:43,Ca Mau,Ca Mau,27.75,27.75,27.75,76.0,30.94,10000.0,0.49,100.0,3.14,8.14,251.0,1008.0,0,500,Rain,light rain,10n
2025-07-27 18:46:32,Ca Mau,Ca Mau,27.76,27.76,27.76,76.0,30.96,10000.0,0.18,100.0,3.14,8.14,251.0,1008.0,0,500,Rain,light rain,10n
2025-07-27 18:50:22,Ca Mau,Ca Mau,27.76,27.76,27.76,76.0,30.96,10000.0,0.0,100.0,3.14,8.14,251.0,1008.0,0,804,Clouds,overcast clouds,04n
2025-07-27 18:54:11,Ca Mau,Ca Mau,27.76,27.76,27.76,76.0,30.96,10000.0,0.0,100.0,3.14,8.14,251.0,1008.0,0,804,Clouds,overcast clouds,04n
2025-07-27 18:58:00,Ca Mau,Ca Mau,27.76,27.76,27.76,76.0,30.96,10000.0,0.0,100.0,3.14,8.14,251.0,1008.0,0,804,Clouds,overcast clouds,04n
2025-07-27 19:01:50,Ca Mau,Ca Mau,27.76,27.76,27.76,76.0,30.96,10000.0,0.0,100.0,3.14,8.14,251.0,1008.0,0,804,Clouds,overcast clouds,04n
2025-07-27 19:05:38,Ca Mau,Ca Mau,27.76,27.76,27.76,76.0,30.96,10000.0,0.0,100.0,2.88,8.12,247.0,1008.0,0,804,Clouds,overcast clouds,04n
2025-07-27 19:09:26,Ca Mau,Ca Mau,27.76,27.76,27.76,76.0,30.96,10000.0,0.0,100.0,2.88,8.12,247.0,1008.0,0,804,Clouds,overcast clouds,04n
2025-07-27 19:13:12,Ca Mau,Ca Mau,27.76,27.76,27.76,76.0,30.96,10000.0,0.0,100.0,2.88,8.12,247.0,1008.0,0,804,Clouds,overcast clouds,04n
2025-07-27 19:16:58,Ca Mau,Ca Mau,27.76,27.76,27.76,76.0,30.96,10000.0,0.0,100.0,2.88,8.12,247.0,1008.0,0,804,Clouds,overcast clouds,04n
2025-07-27 19:20:44,Ca Mau,Ca Mau,27.76,27.76,27.76,76.0,30.96,10000.0,0.0,100.0,2.88,8.12,247.0,1008.0,0,804,Clouds,overcast clouds,04n
2025-07-27 19:24:29,Ca Mau,Ca Mau,27.76,27.76,27.76,76.0,30.96,10000.0,0.0,100.0,2.88,8.12,247.0,1008.0,0,804,Clouds,overcast clouds,04n
2025-07-27 19:28:15,Ca Mau,Ca Mau,27.76,27.76,27.76,76.0,30.96,10000.0,0.0,100.0,2.88,8.12,247.0,1008.0,0,804,Clouds,overcast clouds,04n
2025-07-27 19:32:01,Ca Mau,Ca Mau,27.76,27.76,27.76,76.0,30.96,10000.0,0.0,100.0,2.88,8.12,247.0,1008.0,0,804,Clouds,overcast clouds,04n
2025-07-27 19:35:47,Ca Mau,Ca Mau,27.43,27.43,27.43,77.0,30.37,10000.0,0.0,100.0,2.53,8.12,243.0,1008.0,0,804,Clouds,overcast clouds,04n
2025-07-27 19:39:33,Ca Mau,Ca Mau,27.01,27.01,27.01,82.0,29.95,10000.0,0.0,100.0,2.53,8.12,243.0,1008.0,0,804,Clouds,overcast clouds,04n
2025-07-27 19:43:19,Ca Mau,Ca Mau,27.01,27.01,27.01,82.0,29.95,10000.0,0.0,100.0,2.53,8.12,243.0,1008.0,0,804,Clouds,overcast clouds,04n
2025-07-27 19:47:05,Ca Mau,Ca Mau,27.02,27.02,27.02,82.0,29.98,10000.0,0.0,100.0,2.53,8.12,243.0,1008.0,0,804,Clouds,overcast clouds,04n
2025-07-27 19:50:51,Ca Mau,Ca Mau,27.02,27.02,27.02,82.0,29.98,10000.0,0.0,100.0,2.53,8.12,243.0,1008.0,0,804,Clouds,overcast clouds,04n
2025-07-27 19:54:36,Ca Mau,Ca Mau,27.02,27.02,27.02,82.0,29.98,10000.0,0.0,100.0,2.53,8.12,243.0,1008.0,0,804,Clouds,overcast clouds,04n
2025-07-27 19:58:21,Ca Mau,Ca Mau,27.02,27.02,27.02,82.0,29.98,10000.0,0.0,100.0,2.53,8.12,243.0,1008.0,0,804,Clouds,overcast clouds,04n
2025-07-27 20:02:07,Ca Mau,Ca Mau,26.98,26.98,26.98,82.0,29.88,10000.0,0.0,100.0,2.53,8.12,243.0,1008.0,0,804,Clouds,overcast clouds,04n
2025-07-27 20:05:53,Ca Mau,Ca Mau,26.98,26.98,26.98,82.0,29.88,10000.0,0.0,100.0,2.53,8.12,243.0,1008.0,0,804,Clouds,overcast clouds,04n
2025-07-27 20:09:39,Ca Mau,Ca Mau,26.98,26.98,26.98,82.0,29.88,10000.0,0.0,100.0,2.53,8.12,243.0,1008.0,0,804,Clouds,overcast clouds,04n
2025-07-27 20:13:25,Ca Mau,Ca Mau,26.98,26.98,26.98,82.0,29.88,10000.0,0.0,100.0,2.53,8.12,243.0,1008.0,0,804,Clouds,overcast clouds,04n
2025-07-27 20:17:11,Ca Mau,Ca Mau,26.98,26.98,26.98,82.0,29.88,10000.0,0.0,100.0,2.53,8.12,243.0,1008.0,0,804,Clouds,overcast clouds,04n
2025-07-27 20:20:56,Ca Mau,Ca Mau,26.98,26.98,26.98,82.0,29.88,10000.0,0.0,100.0,2.53,8.12,243.0,1008.0,0,804,Clouds,overcast clouds,04n
2025-07-27 20:24:42,Ca Mau,Ca Mau,26.98,26.98,26.98,82.0,29.88,10000.0,0.0,100.0,2.53,8.12,243.0,1008.0,0,804,Clouds,overcast clouds,04n
2025-07-27 20:28:28,Ca Mau,Ca Mau,26.98,26.98,26.98,82.0,29.88,10000.0,0.0,100.0,2.53,8.12,243.0,1008.0,0,804,Clouds,overcast clouds,04n
2025-07-27 20:32:13,Ca Mau,Ca Mau,26.98,26.98,26.98,82.0,29.88,10000.0,0.0,100.0,2.53,8.12,243.0,1008.0,0,804,Clouds,overcast clouds,04n
2025-07-27 20:35:59,Ca Mau,Ca Mau,27.01,27.01,27.01,83.0,30.05,10000.0,0.0,98.0,2.27,7.82,241.0,1009.0,0,804,Clouds,overcast clouds,04n
2025-07-27 20:39:45,Ca Mau,Ca Mau,27.01,27.01,27.01,83.0,30.05,10000.0,0.0,98.0,2.27,7.82,241.0,1009.0,0,804,Clouds,overcast clouds,04n
2025-07-27 20:43:30,Ca Mau,Ca Mau,27.01,27.01,27.01,83.0,30.05,10000.0,0.0,98.0,2.27,7.82,241.0,1009.0,0,804,Clouds,overcast clouds,04n
2025-07-27 20:47:16,Ca Mau,Ca Mau,27.01,27.01,27.01,83.0,30.05,10000.0,0.0,98.0,2.27,7.82,241.0,1009.0,0,804,Clouds,overcast clouds,04n
2025-07-27 20:51:01,Ca Mau,Ca Mau,27.01,27.01,27.01,83.0,30.05,10000.0,0.0,98.0,2.27,7.82,241.0,1009.0,0,804,Clouds,overcast clouds,04n
2025-07-27 20:54:48,Ca Mau,Ca Mau,27.01,27.01,27.01,83.0,30.05,10000.0,0.0,98.0,2.27,7.82,241.0,1009.0,0,804,Clouds,overcast clouds,04n
2025-07-27 20:58:33,Ca Mau,Ca Mau,27.01,27.01,27.01,83.0,30.05,10000.0,0.0,98.0,2.27,7.82,241.0,1009.0,0,804,Clouds,overcast clouds,04n
2025-07-27 21:02:19,Ca Mau,Ca Mau,27.01,27.01,27.01,83.0,30.05,10000.0,0.0,98.0,2.27,7.82,241.0,1009.0,0,804,Clouds,overcast clouds,04n
2025-07-27 21:06:05,Ca Mau,Ca Mau,26.97,26.97,26.97,84.0,30.05,10000.0,0.0,98.0,2.27,7.82,241.0,1009.0,0,804,Clouds,overcast clouds,04n
2025-07-27 21:09:51,Ca Mau,Ca Mau,26.97,26.97,26.97,84.0,30.05,10000.0,0.0,98.0,2.27,7.82,241.0,1009.0,0,804,Clouds,overcast clouds,04n
2025-07-27 21:13:37,Ca Mau,Ca Mau,26.97,26.97,26.97,84.0,30.05,10000.0,0.0,98.0,2.27,7.82,241.0,1009.0,0,804,Clouds,overcast clouds,04n
2025-07-27 21:17:23,Ca Mau,Ca Mau,26.97,26.97,26.97,84.0,30.05,10000.0,0.0,98.0,2.27,7.82,241.0,1009.0,0,804,Clouds,overcast clouds,04n
2025-07-27 21:21:09,Ca Mau,Ca Mau,26.97,26.97,26.97,84.0,30.05,10000.0,0.0,98.0,2.27,7.82,241.0,1009.0,0,804,Clouds,overcast clouds,04n
2025-07-27 21:24:54,Ca Mau,Ca Mau,26.97,26.97,26.97,84.0,30.05,10000.0,0.0,98.0,2.27,7.82,241.0,1009.0,0,804,Clouds,overcast clouds,04n
2025-07-27 21:28:40,Ca Mau,Ca Mau,26.97,26.97,26.97,84.0,30.05,10000.0,0.0,98.0,2.27,7.82,241.0,1009.0,0,804,Clouds,overcast clouds,04n
2025-07-27 21:32:26,Ca Mau,Ca Mau,26.97,26.97,26.97,84.0,30.05,10000.0,0.0,98.0,2.27,7.82,241.0,1009.0,0,804,Clouds,overcast clouds,04n
2025-07-27 21:36:11,Ca Mau,Ca Mau,26.82,26.82,26.82,84.0,29.69,10000.0,0.0,98.0,2.09,7.91,237.0,1009.0,0,804,Clouds,overcast clouds,04n
2025-07-27 21:39:57,Ca Mau,Ca Mau,26.82,26.82,26.82,84.0,29.69,10000.0,0.0,98.0,2.09,7.91,237.0,1009.0,0,804,Clouds,overcast clouds,04n
2025-07-27 21:43:43,Ca Mau,Ca Mau,26.82,26.82,26.82,84.0,29.69,10000.0,0.0,98.0,2.09,7.91,237.0,1009.0,0,804,Clouds,overcast clouds,04n
2025-07-27 21:47:28,Ca Mau,Ca Mau,26.82,26.82,26.82,84.0,29.69,10000.0,0.0,98.0,2.09,7.91,237.0,1009.0,0,804,Clouds,overcast clouds,04n
2025-07-27 21:51:14,Ca Mau,Ca Mau,26.82,26.82,26.82,84.0,29.69,10000.0,0.0,98.0,2.09,7.91,237.0,1009.0,0,804,Clouds,overcast clouds,04n
2025-07-27 21:55:00,Ca Mau,Ca Mau,26.82,26.82,26.82,84.0,29.69,10000.0,0.0,98.0,2.09,7.91,237.0,1009.0,0,804,Clouds,overcast clouds,04n
2025-07-27 21:58:46,Ca Mau,Ca Mau,26.82,26.82,26.82,84.0,29.69,10000.0,0.0,98.0,2.09,7.91,237.0,1009.0,0,804,Clouds,overcast clouds,04n
2025-07-27 22:02:31,Ca Mau,Ca Mau,26.82,26.82,26.82,84.0,29.69,10000.0,0.0,98.0,2.09,7.91,237.0,1009.0,0,804,Clouds,overcast clouds,04n
2025-07-27 22:06:16,Ca Mau,Ca Mau,26.79,26.79,26.79,85.0,29.7,10000.0,0.0,98.0,2.09,7.91,237.0,1009.0,0,804,Clouds,overcast clouds,04n
2025-07-27 22:10:02,Ca Mau,Ca Mau,26.79,26.79,26.79,85.0,29.7,10000.0,0.0,98.0,2.09,7.91,237.0,1009.0,0,804,Clouds,overcast clouds,04n
2025-07-27 22:13:48,Ca Mau,Ca Mau,26.79,26.79,26.79,85.0,29.7,10000.0,0.0,98.0,2.09,7.91,237.0,1009.0,0,804,Clouds,overcast clouds,04n
2025-07-27 22:17:34,Ca Mau,Ca Mau,26.79,26.79,26.79,85.0,29.7,10000.0,0.0,98.0,2.09,7.91,237.0,1009.0,0,804,Clouds,overcast clouds,04n
2025-07-27 22:21:20,Ca Mau,Ca Mau,26.79,26.79,26.79,85.0,29.7,10000.0,0.0,98.0,2.09,7.91,237.0,1009.0,0,804,Clouds,overcast clouds,04n
2025-07-27 22:25:06,Ca Mau,Ca Mau,26.79,26.79,26.79,85.0,29.7,10000.0,0.0,98.0,2.09,7.91,237.0,1009.0,0,804,Clouds,overcast clouds,04n
2025-07-27 22:28:52,Ca Mau,Ca Mau,26.79,26.79,26.79,85.0,29.7,10000.0,0.0,98.0,2.09,7.91,237.0,1009.0,0,804,Clouds,overcast clouds,04n
2025-07-27 22:32:37,Ca Mau,Ca Mau,26.64,26.64,26.64,86.0,26.64,10000.0,0.0,97.0,2.12,8.12,241.0,1009.0,0,804,Clouds,overcast clouds,04n
2025-07-27 22:36:23,Ca Mau,Ca Mau,26.64,26.64,26.64,86.0,26.64,10000.0,0.0,97.0,2.12,8.12,241.0,1009.0,0,804,Clouds,overcast clouds,04n
2025-07-27 22:40:10,Ca Mau,Ca Mau,26.64,26.64,26.64,86.0,26.64,10000.0,0.0,97.0,2.12,8.12,241.0,1009.0,0,804,Clouds,overcast clouds,04n
2025-07-27 22:43:55,Ca Mau,Ca Mau,26.64,26.64,26.64,86.0,26.64,10000.0,0.0,97.0,2.12,8.12,241.0,1009.0,0,804,Clouds,overcast clouds,04n
2025-07-27 22:47:41,Ca Mau,Ca Mau,26.64,26.64,26.64,86.0,26.64,10000.0,0.0,97.0,2.12,8.12,241.0,1009.0,0,804,Clouds,overcast clouds,04n
2025-07-27 22:51:26,Ca Mau,Ca Mau,26.64,26.64,26.64,86.0,26.64,10000.0,0.0,97.0,2.12,8.12,241.0,1009.0,0,804,Clouds,overcast clouds,04n
2025-07-27 22:55:12,Ca Mau,Ca Mau,26.64,26.64,26.64,86.0,26.64,10000.0,0.0,97.0,2.12,8.12,241.0,1009.0,0,804,Clouds,overcast clouds,04n
2025-07-27 22:58:58,Ca Mau,Ca Mau,26.64,26.64,26.64,86.0,26.64,10000.0,0.0,97.0,2.12,8.12,241.0,1009.0,0,804,Clouds,overcast clouds,04n
2025-07-27 23:02:44,Ca Mau,Ca Mau,26.64,26.64,26.64,86.0,26.64,10000.0,0.0,97.0,2.12,8.12,241.0,1009.0,0,804,Clouds,overcast clouds,04n
2025-07-27 23:06:30,Ca Mau,Ca Mau,26.63,26.63,26.63,86.0,26.63,10000.0,0.0,97.0,2.12,8.12,241.0,1009.0,0,804,Clouds,overcast clouds,04n
2025-07-27 23:10:16,Ca Mau,Ca Mau,26.63,26.63,26.63,86.0,26.63,10000.0,0.0,97.0,2.12,8.12,241.0,1009.0,0,804,Clouds,overcast clouds,04n
2025-07-27 23:14:02,Ca Mau,Ca Mau,26.63,26.63,26.63,86.0,26.63,10000.0,0.0,97.0,2.12,8.12,241.0,1009.0,0,804,Clouds,overcast clouds,04n
2025-07-27 23:17:48,Ca Mau,Ca Mau,26.63,26.63,26.63,86.0,26.63,10000.0,0.0,97.0,2.12,8.12,241.0,1009.0,0,804,Clouds,overcast clouds,04n
2025-07-27 23:21:34,Ca Mau,Ca Mau,26.63,26.63,26.63,86.0,26.63,10000.0,0.0,97.0,2.12,8.12,241.0,1009.0,0,804,Clouds,overcast clouds,04n
2025-07-27 23:25:20,Ca Mau,Ca Mau,26.63,26.63,26.63,86.0,26.63,10000.0,0.0,97.0,2.12,8.12,241.0,1009.0,0,804,Clouds,overcast clouds,04n
2025-07-27 23:29:06,Ca Mau,Ca Mau,26.63,26.63,26.63,86.0,26.63,10000.0,0.0,97.0,2.12,8.12,241.0,1009.0,0,804,Clouds,overcast clouds,04n
2025-07-27 23:32:52,Ca Mau,Ca Mau,26.36,26.36,26.36,87.0,26.36,10000.0,0.0,95.0,2.25,8.75,249.0,1009.0,0,804,Clouds,overcast clouds,04n
2025-07-27 23:36:37,Ca Mau,Ca Mau,26.36,26.36,26.36,87.0,26.36,10000.0,0.0,95.0,2.25,8.75,249.0,1009.0,0,804,Clouds,overcast clouds,04n
2025-07-27 23:40:23,Ca Mau,Ca Mau,26.36,26.36,26.36,87.0,26.36,10000.0,0.0,95.0,2.25,8.75,249.0,1009.0,0,804,Clouds,overcast clouds,04n
2025-07-27 23:44:08,Ca Mau,Ca Mau,26.36,26.36,26.36,87.0,26.36,10000.0,0.0,95.0,2.25,8.75,249.0,1009.0,0,804,Clouds,overcast clouds,04n
2025-07-27 23:47:54,Ca Mau,Ca Mau,26.37,26.37,26.37,87.0,26.37,10000.0,0.0,95.0,2.25,8.75,249.0,1009.0,0,804,Clouds,overcast clouds,04n
2025-07-27 23:51:40,Ca Mau,Ca Mau,26.37,26.37,26.37,87.0,26.37,10000.0,0.0,95.0,2.25,8.75,249.0,1009.0,0,804,Clouds,overcast clouds,04n
2025-07-27 23:55:25,Ca Mau,Ca Mau,26.37,26.37,26.37,87.0,26.37,10000.0,0.0,95.0,2.25,8.75,249.0,1009.0,0,804,Clouds,overcast clouds,04n
2025-07-27 23:59:11,Ca Mau,Ca Mau,26.37,26.37,26.37,87.0,26.37,10000.0,0.0,95.0,2.25,8.75,249.0,1009.0,0,804,Clouds,overcast clouds,04n
2025-07-28 00:02:57,Ca Mau,Ca Mau,26.37,26.37,26.37,87.0,26.37,10000.0,0.0,95.0,2.25,8.75,249.0,1009.0,0,804,Clouds,overcast clouds,04n
2025-07-28 00:06:43,Ca Mau,Ca Mau,26.35,26.35,26.35,87.0,26.35,10000.0,0.0,95.0,2.25,8.75,249.0,1009.0,0,804,Clouds,overcast clouds,04n
2025-07-28 00:10:29,Ca Mau,Ca Mau,26.35,26.35,26.35,87.0,26.35,10000.0,0.0,95.0,2.25,8.75,249.0,1009.0,0,804,Clouds,overcast clouds,04n
2025-07-28 00:14:15,Ca Mau,Ca Mau,26.35,26.35,26.35,87.0,26.35,10000.0,0.0,95.0,2.25,8.75,249.0,1009.0,0,804,Clouds,overcast clouds,04n
2025-07-28 00:18:01,Ca Mau,Ca Mau,26.35,26.35,26.35,87.0,26.35,10000.0,0.0,95.0,2.25,8.75,249.0,1009.0,0,804,Clouds,overcast clouds,04n
2025-07-28 00:21:47,Ca Mau,Ca Mau,26.35,26.35,26.35,87.0,26.35,10000.0,0.0,95.0,2.25,8.75,249.0,1009.0,0,804,Clouds,overcast clouds,04n
2025-07-28 00:25:33,Ca Mau,Ca Mau,26.35,26.35,26.35,87.0,26.35,10000.0,0.0,95.0,2.25,8.75,249.0,1009.0,0,804,Clouds,overcast clouds,04n
2025-07-28 00:29:19,Ca Mau,Ca Mau,26.35,26.35,26.35,87.0,26.35,10000.0,0.0,95.0,2.25,8.75,249.0,1009.0,0,804,Clouds,overcast clouds,04n
2025-07-28 00:33:05,Ca Mau,Ca Mau,26.35,26.35,26.35,87.0,26.35,10000.0,0.0,95.0,2.25,8.75,249.0,1009.0,0,804,Clouds,overcast clouds,04n
2025-07-28 00:36:51,Ca Mau,Ca Mau,26.36,26.36,26.36,85.0,26.36,10000.0,0.0,96.0,2.4,8.94,250.0,1008.0,0,804,Clouds,overcast clouds,04n
2025-07-28 00:40:36,Ca Mau,Ca Mau,26.36,26.36,26.36,85.0,26.36,10000.0,0.0,96.0,2.4,8.94,250.0,1008.0,0,804,Clouds,overcast clouds,04n
2025-07-28 00:44:22,Ca Mau,Ca Mau,26.36,26.36,26.36,85.0,26.36,10000.0,0.0,96.0,2.4,8.94,250.0,1008.0,0,804,Clouds,overcast clouds,04n
2025-07-28 00:48:08,Ca Mau,Ca Mau,26.36,26.36,26.36,85.0,26.36,10000.0,0.0,96.0,2.4,8.94,250.0,1008.0,0,804,Clouds,overcast clouds,04n
2025-07-28 00:51:53,Ca Mau,Ca Mau,26.36,26.36,26.36,85.0,26.36,10000.0,0.0,96.0,2.4,8.94,250.0,1008.0,0,804,Clouds,overcast clouds,04n
2025-07-28 00:55:39,Ca Mau,Ca Mau,26.36,26.36,26.36,85.0,26.36,10000.0,0.0,96.0,2.4,8.94,250.0,1008.0,0,804,Clouds,overcast clouds,04n
2025-07-28 00:59:24,Ca Mau,Ca Mau,26.36,26.36,26.36,85.0,26.36,10000.0,0.0,96.0,2.4,8.94,250.0,1008.0,0,804,Clouds,overcast clouds,04n
2025-07-28 01:03:10,Ca Mau,Ca Mau,26.35,26.35,26.35,85.0,26.35,10000.0,0.0,96.0,2.4,8.94,250.0,1008.0,0,804,Clouds,overcast clouds,04n
2025-07-28 01:06:56,Ca Mau,Ca Mau,26.35,26.35,26.35,85.0,26.35,10000.0,0.0,96.0,2.4,8.94,250.0,1008.0,0,804,Clouds,overcast clouds,04n
2025-07-28 01:10:42,Ca Mau,Ca Mau,26.35,26.35,26.35,85.0,26.35,10000.0,0.0,96.0,2.4,8.94,250.0,1008.0,0,804,Clouds,overcast clouds,04n
2025-07-28 01:14:27,Ca Mau,Ca Mau,26.35,26.35,26.35,85.0,26.35,10000.0,0.0,96.0,2.4,8.94,250.0,1008.0,0,804,Clouds,overcast clouds,04n
2025-07-28 01:18:13,Ca Mau,Ca Mau,26.35,26.35,26.35,85.0,26.35,10000.0,0.0,96.0,2.4,8.94,250.0,1008.0,0,804,Clouds,overcast clouds,04n
2025-07-28 01:21:59,Ca Mau,Ca Mau,26.35,26.35,26.35,85.0,26.35,10000.0,0.0,96.0,2.4,8.94,250.0,1008.0,0,804,Clouds,overcast clouds,04n
2025-07-28 01:25:45,Ca Mau,Ca Mau,26.35,26.35,26.35,85.0,26.35,10000.0,0.0,96.0,2.4,8.94,250.0,1008.0,0,804,Clouds,overcast clouds,04n
2025-07-28 01:29:31,Ca Mau,Ca Mau,26.35,26.35,26.35,85.0,26.35,10000.0,0.0,96.0,2.4,8.94,250.0,1008.0,0,804,Clouds,overcast clouds,04n
2025-07-28 01:33:17,Ca Mau,Ca Mau,26.35,26.35,26.35,85.0,26.35,10000.0,0.0,96.0,2.4,8.94,250.0,1008.0,0,804,Clouds,overcast clouds,04n
2025-07-28 01:37:02,Ca Mau,Ca Mau,26.23,26.23,26.23,84.0,26.23,10000.0,0.0,98.0,2.0,7.95,252.0,1007.0,0,804,Clouds,overcast clouds,04n
2025-07-28 01:40:49,Ca Mau,Ca Mau,26.23,26.23,26.23,84.0,26.23,10000.0,0.0,98.0,2.0,7.95,252.0,1007.0,0,804,Clouds,overcast clouds,04n
2025-07-28 01:44:35,Ca Mau,Ca Mau,26.23,26.23,26.23,84.0,26.23,10000.0,0.0,98.0,2.0,7.95,252.0,1007.0,0,804,Clouds,overcast clouds,04n
2025-07-28 01:48:20,Ca Mau,Ca Mau,26.23,26.23,26.23,84.0,26.23,10000.0,0.0,98.0,2.0,7.95,252.0,1007.0,0,804,Clouds,overcast clouds,04n
2025-07-28 01:52:06,Ca Mau,Ca Mau,26.23,26.23,26.23,84.0,26.23,10000.0,0.0,98.0,2.0,7.95,252.0,1007.0,0,804,Clouds,overcast clouds,04n
2025-07-28 01:55:52,Ca Mau,Ca Mau,26.23,26.23,26.23,84.0,26.23,10000.0,0.0,98.0,2.0,7.95,252.0,1007.0,0,804,Clouds,overcast clouds,04n
2025-07-28 01:59:38,Ca Mau,Ca Mau,26.23,26.23,26.23,84.0,26.23,10000.0,0.0,98.0,2.0,7.95,252.0,1007.0,0,804,Clouds,overcast clouds,04n
2025-07-28 02:03:24,Ca Mau,Ca Mau,26.23,26.23,26.23,84.0,26.23,10000.0,0.0,98.0,2.0,7.95,252.0,1007.0,0,804,Clouds,overcast clouds,04n
2025-07-28 02:07:10,Ca Mau,Ca Mau,26.23,26.23,26.23,84.0,26.23,10000.0,0.0,98.0,2.0,7.95,252.0,1007.0,0,804,Clouds,overcast clouds,04n
2025-07-28 02:10:56,Ca Mau,Ca Mau,26.23,26.23,26.23,84.0,26.23,10000.0,0.0,98.0,2.0,7.95,252.0,1007.0,0,804,Clouds,overcast clouds,04n
2025-07-28 02:14:42,Ca Mau,Ca Mau,25.92,25.92,25.92,87.0,26.84,10000.0,0.0,98.0,2.0,7.95,252.0,1007.0,0,804,Clouds,overcast clouds,04n
2025-07-28 02:18:28,Ca Mau,Ca Mau,25.92,25.92,25.92,87.0,26.84,10000.0,0.0,98.0,2.0,7.95,252.0,1007.0,0,804,Clouds,overcast clouds,04n
2025-07-28 02:22:14,Ca Mau,Ca Mau,25.92,25.92,25.92,87.0,26.84,10000.0,0.0,98.0,2.0,7.95,252.0,1007.0,0,804,Clouds,overcast clouds,04n
2025-07-28 02:25:59,Ca Mau,Ca Mau,25.92,25.92,25.92,87.0,26.84,10000.0,0.0,98.0,2.0,7.95,252.0,1007.0,0,804,Clouds,overcast clouds,04n
2025-07-28 02:29:45,Ca Mau,Ca Mau,25.92,25.92,25.92,87.0,26.84,10000.0,0.0,98.0,2.0,7.95,252.0,1007.0,0,804,Clouds,overcast clouds,04n
2025-07-28 02:33:31,Ca Mau,Ca Mau,25.5,25.5,25.5,89.0,26.43,10000.0,0.0,100.0,1.55,6.7,252.0,1007.0,0,804,Clouds,overcast clouds,04n
2025-07-28 02:37:17,Ca Mau,Ca Mau,25.5,25.5,25.5,89.0,26.43,10000.0,0.0,100.0,1.55,6.7,252.0,1007.0,0,804,Clouds,overcast clouds,04n
2025-07-28 02:41:03,Ca Mau,Ca Mau,25.5,25.5,25.5,89.0,26.43,10000.0,0.0,100.0,1.55,6.7,252.0,1007.0,0,804,Clouds,overcast clouds,04n
2025-07-28 02:44:49,Ca Mau,Ca Mau,25.5,25.5,25.5,89.0,26.43,10000.0,0.0,100.0,1.55,6.7,252.0,1007.0,0,804,Clouds,overcast clouds,04n
2025-07-28 02:48:35,Ca Mau,Ca Mau,25.5,25.5,25.5,89.0,26.43,10000.0,0.0,100.0,1.55,6.7,252.0,1007.0,0,804,Clouds,overcast clouds,04n
2025-07-28 02:52:21,Ca Mau,Ca Mau,25.5,25.5,25.5,89.0,26.43,10000.0,0.0,100.0,1.55,6.7,252.0,1007.0,0,804,Clouds,overcast clouds,04n
2025-07-28 02:56:07,Ca Mau,Ca Mau,25.5,25.5,25.5,89.0,26.43,10000.0,0.0,100.0,1.55,6.7,252.0,1007.0,0,804,Clouds,overcast clouds,04n
2025-07-28 02:59:53,Ca Mau,Ca Mau,25.5,25.5,25.5,89.0,26.43,10000.0,0.0,100.0,1.55,6.7,252.0,1007.0,0,804,Clouds,overcast clouds,04n
2025-07-28 03:03:38,Ca Mau,Ca Mau,25.5,25.5,25.5,89.0,26.43,10000.0,0.0,100.0,1.55,6.7,252.0,1007.0,0,804,Clouds,overcast clouds,04n
2025-07-28 03:07:25,Ca Mau,Ca Mau,25.52,25.52,25.52,89.0,26.45,10000.0,0.0,100.0,1.55,6.7,252.0,1007.0,0,804,Clouds,overcast clouds,04n
2025-07-28 03:11:12,Ca Mau,Ca Mau,25.52,25.52,25.52,89.0,26.45,10000.0,0.0,100.0,1.55,6.7,252.0,1007.0,0,804,Clouds,overcast clouds,04n
2025-07-28 03:14:59,Ca Mau,Ca Mau,25.52,25.52,25.52,89.0,26.45,10000.0,0.0,100.0,1.55,6.7,252.0,1007.0,0,804,Clouds,overcast clouds,04n
2025-07-28 03:18:44,Ca Mau,Ca Mau,25.52,25.52,25.52,89.0,26.45,10000.0,0.0,100.0,1.55,6.7,252.0,1007.0,0,804,Clouds,overcast clouds,04n
2025-07-28 03:22:30,Ca Mau,Ca Mau,25.52,25.52,25.52,89.0,26.45,10000.0,0.0,100.0,1.55,6.7,252.0,1007.0,0,804,Clouds,overcast clouds,04n
2025-07-28 03:26:15,Ca Mau,Ca Mau,25.52,25.52,25.52,89.0,26.45,10000.0,0.0,100.0,1.55,6.7,252.0,1007.0,0,804,Clouds,overcast clouds,04n
2025-07-28 03:30:02,Ca Mau,Ca Mau,25.5,25.5,25.5,88.0,26.4,10000.0,0.0,100.0,1.4,5.01,218.0,1008.0,0,804,Clouds,overcast clouds,04n
2025-07-28 03:33:48,Ca Mau,Ca Mau,25.52,25.52,25.52,89.0,26.45,10000.0,0.0,100.0,1.55,6.7,252.0,1007.0,0,804,Clouds,overcast clouds,04n
2025-07-28 03:37:33,Ca Mau,Ca Mau,25.5,25.5,25.5,88.0,26.4,10000.0,0.0,100.0,1.4,5.01,218.0,1008.0,0,804,Clouds,overcast clouds,04n
2025-07-28 03:41:20,Ca Mau,Ca Mau,25.5,25.5,25.5,88.0,26.4,10000.0,0.0,100.0,1.4,5.01,218.0,1008.0,0,804,Clouds,overcast clouds,04n
2025-07-28 03:45:07,Ca Mau,Ca Mau,25.5,25.5,25.5,88.0,26.4,10000.0,0.0,100.0,1.4,5.01,218.0,1008.0,0,804,Clouds,overcast clouds,04n
2025-07-28 03:48:53,Ca Mau,Ca Mau,25.5,25.5,25.5,88.0,26.4,10000.0,0.0,100.0,1.4,5.01,218.0,1008.0,0,804,Clouds,overcast clouds,04n
2025-07-28 03:52:39,Ca Mau,Ca Mau,25.5,25.5,25.5,88.0,26.4,10000.0,0.0,100.0,1.4,5.01,218.0,1008.0,0,804,Clouds,overcast clouds,04n
2025-07-28 03:56:24,Ca Mau,Ca Mau,25.5,25.5,25.5,88.0,26.4,10000.0,0.0,100.0,1.4,5.01,218.0,1008.0,0,804,Clouds,overcast clouds,04n
2025-07-28 04:00:10,Ca Mau,Ca Mau,25.5,25.5,25.5,88.0,26.4,10000.0,0.0,100.0,1.4,5.01,218.0,1008.0,0,804,Clouds,overcast clouds,04n
2025-07-28 04:03:56,Ca Mau,Ca Mau,25.5,25.5,25.5,88.0,26.4,10000.0,0.0,100.0,1.4,5.01,218.0,1008.0,0,804,Clouds,overcast clouds,04n
2025-07-28 04:07:42,Ca Mau,Ca Mau,25.52,25.52,25.52,88.0,26.43,10000.0,0.0,100.0,1.4,5.01,218.0,1008.0,0,804,Clouds,overcast clouds,04n
2025-07-28 04:11:28,Ca Mau,Ca Mau,25.52,25.52,25.52,88.0,26.43,10000.0,0.0,100.0,1.4,5.01,218.0,1008.0,0,804,Clouds,overcast clouds,04n
2025-07-28 04:15:14,Ca Mau,Ca Mau,25.52,25.52,25.52,88.0,26.43,10000.0,0.0,100.0,1.4,5.01,218.0,1008.0,0,804,Clouds,overcast clouds,04n
2025-07-28 04:19:00,Ca Mau,Ca Mau,25.52,25.52,25.52,88.0,26.43,10000.0,0.0,100.0,1.4,5.01,218.0,1008.0,0,804,Clouds,overcast clouds,04n
2025-07-28 04:22:46,Ca Mau,Ca Mau,25.52,25.52,25.52,88.0,26.43,10000.0,0.0,100.0,1.4,5.01,218.0,1008.0,0,804,Clouds,overcast clouds,04n
2025-07-28 04:26:32,Ca Mau,Ca Mau,25.52,25.52,25.52,88.0,26.43,10000.0,0.0,100.0,1.4,5.01,218.0,1008.0,0,804,Clouds,overcast clouds,04n
2025-07-28 04:30:17,Ca Mau,Ca Mau,24.9,24.9,24.9,91.0,25.82,10000.0,0.0,100.0,1.4,7.02,219.0,1008.0,0,804,Clouds,overcast clouds,04n
2025-07-28 04:34:04,Ca Mau,Ca Mau,24.9,24.9,24.9,91.0,25.82,10000.0,0.0,100.0,1.4,7.02,219.0,1008.0,0,804,Clouds,overcast clouds,04n
2025-07-28 04:37:50,Ca Mau,Ca Mau,24.9,24.9,24.9,91.0,25.82,10000.0,0.0,100.0,1.4,7.02,219.0,1008.0,0,804,Clouds,overcast clouds,04n
2025-07-28 04:41:36,Ca Mau,Ca Mau,24.9,24.9,24.9,91.0,25.82,10000.0,0.0,100.0,1.4,7.02,219.0,1008.0,0,804,Clouds,overcast clouds,04n
2025-07-28 04:45:21,Ca Mau,Ca Mau,24.9,24.9,24.9,91.0,25.82,10000.0,0.0,100.0,1.4,7.02,219.0,1008.0,0,804,Clouds,overcast clouds,04n
2025-07-28 04:49:08,Ca Mau,Ca Mau,24.89,24.89,24.89,91.0,25.81,10000.0,0.0,100.0,1.4,7.02,219.0,1008.0,0,804,Clouds,overcast clouds,04n
2025-07-28 04:52:53,Ca Mau,Ca Mau,24.9,24.9,24.9,91.0,25.82,10000.0,0.0,100.0,1.4,7.02,219.0,1008.0,0,804,Clouds,overcast clouds,04n
2025-07-28 04:56:39,Ca Mau,Ca Mau,24.89,24.89,24.89,91.0,25.81,10000.0,0.0,100.0,1.4,7.02,219.0,1008.0,0,804,Clouds,overcast clouds,04n
2025-07-28 05:00:24,Ca Mau,Ca Mau,24.89,24.89,24.89,91.0,25.81,10000.0,0.0,100.0,1.4,7.02,219.0,1008.0,0,804,Clouds,overcast clouds,04n
2025-07-28 05:04:10,Ca Mau,Ca Mau,24.89,24.89,24.89,91.0,25.81,10000.0,0.0,100.0,1.4,7.02,219.0,1008.0,0,804,Clouds,overcast clouds,04n
2025-07-28 05:07:55,Ca Mau,Ca Mau,24.93,24.93,24.93,91.0,25.85,10000.0,0.0,100.0,1.4,7.02,219.0,1008.0,0,804,Clouds,overcast clouds,04n
2025-07-28 05:11:41,Ca Mau,Ca Mau,24.93,24.93,24.93,91.0,25.85,10000.0,0.0,100.0,1.4,7.02,219.0,1008.0,0,804,Clouds,overcast clouds,04n
2025-07-28 05:15:27,Ca Mau,Ca Mau,24.93,24.93,24.93,91.0,25.85,10000.0,0.0,100.0,1.4,7.02,219.0,1008.0,0,804,Clouds,overcast clouds,04n
2025-07-28 05:19:13,Ca Mau,Ca Mau,24.93,24.93,24.93,91.0,25.85,10000.0,0.0,100.0,1.4,7.02,219.0,1008.0,0,804,Clouds,overcast clouds,04n
2025-07-28 05:22:59,Ca Mau,Ca Mau,24.93,24.93,24.93,91.0,25.85,10000.0,0.0,100.0,1.4,7.02,219.0,1008.0,0,804,Clouds,overcast clouds,04n
2025-07-28 05:26:44,Ca Mau,Ca Mau,24.93,24.93,24.93,91.0,25.85,10000.0,0.0,100.0,1.4,7.02,219.0,1008.0,0,804,Clouds,overcast clouds,04n
2025-07-28 05:30:30,Ca Mau,Ca Mau,24.93,24.93,24.93,91.0,25.85,10000.0,0.0,100.0,1.4,7.02,219.0,1008.0,0,804,Clouds,overcast clouds,04n
2025-07-28 05:34:16,Ca Mau,Ca Mau,24.97,24.97,24.97,90.0,25.87,10000.0,0.0,100.0,2.02,8.96,239.0,1008.0,0,804,Clouds,overcast clouds,04n
2025-07-28 05:38:02,Ca Mau,Ca Mau,24.97,24.97,24.97,90.0,25.87,10000.0,0.0,100.0,2.02,8.96,239.0,1008.0,0,804,Clouds,overcast clouds,04n
2025-07-28 05:41:48,Ca Mau,Ca Mau,24.97,24.97,24.97,90.0,25.87,10000.0,0.0,100.0,2.02,8.96,239.0,1008.0,0,804,Clouds,overcast clouds,04n
2025-07-28 05:45:33,Ca Mau,Ca Mau,24.97,24.97,24.97,90.0,25.87,10000.0,0.0,100.0,2.02,8.96,239.0,1008.0,0,804,Clouds,overcast clouds,04n
2025-07-28 05:49:19,Ca Mau,Ca Mau,24.97,24.97,24.97,90.0,25.87,10000.0,0.0,100.0,2.02,8.96,239.0,1008.0,0,804,Clouds,overcast clouds,04n
2025-07-28 05:53:05,Ca Mau,Ca Mau,24.97,24.97,24.97,90.0,25.87,10000.0,0.0,100.0,2.02,8.96,239.0,1008.0,1,804,Clouds,overcast clouds,04n
2025-07-28 05:56:51,Ca Mau,Ca Mau,24.97,24.97,24.97,90.0,25.87,10000.0,0.0,100.0,2.02,8.96,239.0,1008.0,1,804,Clouds,overcast clouds,04n
2025-07-28 06:00:37,Ca Mau,Ca Mau,24.97,24.97,24.97,90.0,25.87,10000.0,0.0,100.0,2.02,8.96,239.0,1008.0,1,804,Clouds,overcast clouds,04d
2025-07-28 06:04:22,Ca Mau,Ca Mau,24.97,24.97,24.97,90.0,25.87,10000.0,0.0,100.0,2.02,8.96,239.0,1008.0,1,804,Clouds,overcast clouds,04d
2025-07-28 06:08:08,Ca Mau,Ca Mau,25.0,25.0,25.0,90.0,25.91,10000.0,0.1,100.0,2.02,8.96,239.0,1008.0,1,500,Rain,light rain,10d
2025-07-28 06:11:54,Ca Mau,Ca Mau,25.0,25.0,25.0,90.0,25.91,10000.0,0.1,100.0,2.02,8.96,239.0,1008.0,1,500,Rain,light rain,10d
2025-07-28 06:15:40,Ca Mau,Ca Mau,25.0,25.0,25.0,90.0,25.91,10000.0,0.0,100.0,2.02,8.96,239.0,1008.0,1,804,Clouds,overcast clouds,04d
2025-07-28 06:19:26,Ca Mau,Ca Mau,25.0,25.0,25.0,90.0,25.91,10000.0,0.12,100.0,2.02,8.96,239.0,1008.0,1,500,Rain,light rain,10d
2025-07-28 06:23:12,Ca Mau,Ca Mau,25.0,25.0,25.0,90.0,25.91,10000.0,0.0,100.0,2.02,8.96,239.0,1008.0,1,804,Clouds,overcast clouds,04d
2025-07-28 06:26:58,Ca Mau,Ca Mau,25.0,25.0,25.0,90.0,25.91,10000.0,0.0,100.0,2.02,8.96,239.0,1008.0,1,804,Clouds,overcast clouds,04d
2025-07-28 06:30:43,Ca Mau,Ca Mau,25.0,25.0,25.0,90.0,25.91,10000.0,0.0,100.0,2.02,8.96,239.0,1008.0,1,804,Clouds,overcast clouds,04d
2025-07-28 06:34:29,Ca Mau,Ca Mau,26.97,26.97,26.97,81.0,29.77,10000.0,0.0,100.0,2.93,8.76,238.0,1008.0,1,804,Clouds,overcast clouds,04d
2025-07-28 06:38:15,Ca Mau,Ca Mau,26.97,26.97,26.97,81.0,29.77,10000.0,0.0,100.0,2.93,8.76,238.0,1008.0,1,804,Clouds,overcast clouds,04d
2025-07-28 06:42:00,Ca Mau,Ca Mau,26.97,26.97,26.97,81.0,29.77,10000.0,0.0,100.0,2.93,8.76,238.0,1008.0,1,804,Clouds,overcast clouds,04d
2025-07-28 06:45:46,Ca Mau,Ca Mau,26.97,26.97,26.97,81.0,29.77,10000.0,0.0,100.0,2.93,8.76,238.0,1008.0,1,804,Clouds,overcast clouds,04d
2025-07-28 06:49:32,Ca Mau,Ca Mau,26.97,26.97,26.97,81.0,29.77,10000.0,0.0,100.0,2.93,8.76,238.0,1008.0,1,804,Clouds,overcast clouds,04d
2025-07-28 06:53:17,Ca Mau,Ca Mau,26.97,26.97,26.97,81.0,29.77,10000.0,0.0,100.0,2.93,8.76,238.0,1008.0,1,804,Clouds,overcast clouds,04d
2025-07-28 06:57:04,Ca Mau,Ca Mau,26.97,26.97,26.97,81.0,29.77,10000.0,0.0,100.0,2.93,8.76,238.0,1008.0,1,804,Clouds,overcast clouds,04d
2025-07-28 07:00:50,Ca Mau,Ca Mau,26.97,26.97,26.97,81.0,29.77,10000.0,0.21,100.0,2.93,8.76,238.0,1008.0,1,500,Rain,light rain,10d
2025-07-28 07:04:36,Ca Mau,Ca Mau,26.97,26.97,26.97,81.0,29.77,10000.0,0.0,100.0,2.93,8.76,238.0,1008.0,1,804,Clouds,overcast clouds,04d
2025-07-28 07:08:22,Ca Mau,Ca Mau,26.96,26.96,26.96,82.0,29.84,10000.0,0.22,100.0,2.93,8.76,238.0,1008.0,1,500,Rain,light rain,10d
2025-07-28 07:12:08,Ca Mau,Ca Mau,26.96,26.96,26.96,82.0,29.84,10000.0,0.22,100.0,2.93,8.76,238.0,1008.0,1,500,Rain,light rain,10d
2025-07-28 07:15:54,Ca Mau,Ca Mau,26.96,26.96,26.96,82.0,29.84,10000.0,0.22,100.0,2.93,8.76,238.0,1008.0,1,500,Rain,light rain,10d
2025-07-28 07:19:39,Ca Mau,Ca Mau,26.96,26.96,26.96,82.0,29.84,10000.0,0.37,100.0,2.93,8.76,238.0,1008.0,1,500,Rain,light rain,10d
2025-07-28 07:23:25,Ca Mau,Ca Mau,26.96,26.96,26.96,82.0,29.84,10000.0,0.35,100.0,2.93,8.76,238.0,1008.0,1,500,Rain,light rain,10d
2025-07-28 07:27:11,Ca Mau,Ca Mau,26.96,26.96,26.96,82.0,29.84,10000.0,0.37,100.0,2.93,8.76,238.0,1008.0,1,500,Rain,light rain,10d
2025-07-28 07:30:57,Ca Mau,Ca Mau,29.15,29.15,29.15,69.0,32.87,10000.0,0.24,100.0,4.42,8.05,239.0,1009.0,1,500,Rain,light rain,10d
2025-07-28 07:34:44,Ca Mau,Ca Mau,29.15,29.15,29.15,69.0,32.87,10000.0,0.27,100.0,4.42,8.05,239.0,1009.0,1,500,Rain,light rain,10d
2025-07-28 07:38:30,Ca Mau,Ca Mau,29.15,29.15,29.15,69.0,32.87,10000.0,0.27,100.0,4.42,8.05,239.0,1009.0,1,500,Rain,light rain,10d
2025-07-28 07:42:16,Ca Mau,Ca Mau,29.15,29.15,29.15,69.0,32.87,10000.0,0.27,100.0,4.42,8.05,239.0,1009.0,1,500,Rain,light rain,10d
2025-07-28 07:46:01,Ca Mau,Ca Mau,29.15,29.15,29.15,69.0,32.87,10000.0,2.37,100.0,4.42,8.05,239.0,1009.0,1,501,Rain,moderate rain,10d
2025-07-28 07:49:47,Ca Mau,Ca Mau,29.15,29.15,29.15,69.0,32.87,10000.0,2.73,100.0,4.42,8.05,239.0,1009.0,1,501,Rain,moderate rain,10d
2025-07-28 07:53:33,Ca Mau,Ca Mau,29.15,29.15,29.15,69.0,32.87,10000.0,2.66,100.0,4.42,8.05,239.0,1009.0,1,501,Rain,moderate rain,10d
2025-07-28 07:57:19,Ca Mau,Ca Mau,29.15,29.15,29.15,69.0,32.87,10000.0,3.16,100.0,4.42,8.05,239.0,1009.0,1,501,Rain,moderate rain,10d
2025-07-28 08:01:05,Ca Mau,Ca Mau,29.15,29.15,29.15,69.0,32.87,10000.0,3.16,100.0,4.42,8.05,239.0,1009.0,1,501,Rain,moderate rain,10d
2025-07-28 08:04:50,Ca Mau,Ca Mau,29.15,29.15,29.15,69.0,32.87,10000.0,3.16,100.0,4.42,8.05,239.0,1009.0,1,501,Rain,moderate rain,10d
2025-07-28 08:08:36,Ca Mau,Ca Mau,28.64,28.64,28.64,73.0,32.47,10000.0,2.0,100.0,4.42,8.05,239.0,1009.0,1,501,Rain,moderate rain,10d
2025-07-28 08:12:22,Ca Mau,Ca Mau,28.64,28.64,28.64,73.0,32.47,10000.0,2.37,100.0,4.42,8.05,239.0,1009.0,1,501,Rain,moderate rain,10d
2025-07-28 08:16:08,Ca Mau,Ca Mau,28.64,28.64,28.64,73.0,32.47,10000.0,2.37,100.0,4.42,8.05,239.0,1009.0,1,501,Rain,moderate rain,10d
2025-07-28 08:19:54,Ca Mau,Ca Mau,28.64,28.64,28.64,73.0,32.47,10000.0,2.37,100.0,4.42,8.05,239.0,1009.0,1,501,Rain,moderate rain,10d
2025-07-28 08:23:40,Ca Mau,Ca Mau,28.64,28.64,28.64,73.0,32.47,10000.0,2.05,100.0,4.42,8.05,239.0,1009.0,1,501,Rain,moderate rain,10d
2025-07-28 08:27:26,Ca Mau,Ca Mau,28.64,28.64,28.64,73.0,32.47,10000.0,0.52,100.0,4.42,8.05,239.0,1009.0,1,500,Rain,light rain,10d
2025-07-28 08:31:11,Ca Mau,Ca Mau,28.64,28.64,28.64,73.0,32.47,10000.0,0.52,100.0,4.42,8.05,239.0,1009.0,1,500,Rain,light rain,10d
2025-07-28 08:34:57,Ca Mau,Ca Mau,28.64,28.64,28.64,73.0,32.47,10000.0,0.52,100.0,4.42,8.05,239.0,1009.0,1,500,Rain,light rain,10d
2025-07-28 08:38:43,Ca Mau,Ca Mau,30.15,30.15,30.15,65.0,34.21,10000.0,0.24,68.0,5.17,7.4,233.0,1009.0,1,500,Rain,light rain,10d
2025-07-28 08:42:29,Ca Mau,Ca Mau,30.15,30.15,30.15,65.0,34.21,10000.0,0.24,68.0,5.17,7.4,233.0,1009.0,1,500,Rain,light rain,10d
2025-07-28 08:46:14,Ca Mau,Ca Mau,30.15,30.15,30.15,65.0,34.21,10000.0,0.24,68.0,5.17,7.4,233.0,1009.0,1,500,Rain,light rain,10d
2025-07-28 08:50:00,Ca Mau,Ca Mau,30.17,30.17,30.17,65.0,34.25,10000.0,0.13,68.0,5.17,7.4,233.0,1009.0,1,500,Rain,light rain,10d
2025-07-28 08:53:46,Ca Mau,Ca Mau,30.17,30.17,30.17,65.0,34.25,10000.0,0.13,68.0,5.17,7.4,233.0,1009.0,1,500,Rain,light rain,10d
2025-07-28 08:57:32,Ca Mau,Ca Mau,30.17,30.17,30.17,65.0,34.25,10000.0,0.0,68.0,5.17,7.4,233.0,1009.0,1,803,Clouds,broken clouds,04d
2025-07-28 09:01:18,Ca Mau,Ca Mau,30.17,30.17,30.17,65.0,34.25,10000.0,0.0,68.0,5.17,7.4,233.0,1009.0,1,803,Clouds,broken clouds,04d
2025-07-28 09:05:03,Ca Mau,Ca Mau,30.17,30.17,30.17,65.0,34.25,10000.0,0.0,68.0,5.17,7.4,233.0,1009.0,1,803,Clouds,broken clouds,04d
2025-07-28 09:08:50,Ca Mau,Ca Mau,30.04,30.04,30.04,66.0,34.19,10000.0,0.0,68.0,5.17,7.4,233.0,1009.0,1,803,Clouds,broken clouds,04d
2025-07-28 09:12:35,Ca Mau,Ca Mau,30.04,30.04,30.04,66.0,34.19,10000.0,0.0,68.0,5.17,7.4,233.0,1009.0,1,803,Clouds,broken clouds,04d
2025-07-28 09:16:21,Ca Mau,Ca Mau,30.04,30.04,30.04,66.0,34.19,10000.0,0.0,68.0,5.17,7.4,233.0,1009.0,1,803,Clouds,broken clouds,04d
2025-07-28 09:20:07,Ca Mau,Ca Mau,30.04,30.04,30.04,66.0,34.19,10000.0,0.0,68.0,5.17,7.4,233.0,1009.0,1,803,Clouds,broken clouds,04d
2025-07-28 09:23:52,Ca Mau,Ca Mau,30.04,30.04,30.04,66.0,34.19,10000.0,0.0,68.0,5.17,7.4,233.0,1009.0,1,803,Clouds,broken clouds,04d
2025-07-28 09:27:38,Ca Mau,Ca Mau,30.04,30.04,30.04,66.0,34.19,10000.0,0.0,68.0,5.17,7.4,233.0,1009.0,1,803,Clouds,broken clouds,04d
2025-07-28 09:31:24,Ca Mau,Ca Mau,30.04,30.04,30.04,66.0,34.19,10000.0,0.0,68.0,5.17,7.4,233.0,1009.0,1,803,Clouds,broken clouds,04d
2025-07-28 09:35:10,Ca Mau,Ca Mau,30.04,30.04,30.04,66.0,34.19,10000.0,0.0,68.0,5.17,7.4,233.0,1009.0,1,803,Clouds,broken clouds,04d
2025-07-28 09:38:55,Ca Mau,Ca Mau,31.78,31.78,31.78,60.0,36.57,10000.0,0.16,71.0,5.6,7.46,238.0,1009.0,1,500,Rain,light rain,10d
2025-07-28 09:42:41,Ca Mau,Ca Mau,31.78,31.78,31.78,60.0,36.57,10000.0,0.16,71.0,5.6,7.46,238.0,1009.0,1,500,Rain,light rain,10d
2025-07-28 09:46:27,Ca Mau,Ca Mau,31.78,31.78,31.78,60.0,36.57,10000.0,0.0,71.0,5.6,7.46,238.0,1009.0,1,803,Clouds,broken clouds,04d
2025-07-28 09:50:12,Ca Mau,Ca Mau,31.79,31.79,31.79,60.0,36.59,10000.0,0.0,71.0,5.6,7.46,238.0,1009.0,1,803,Clouds,broken clouds,04d
2025-07-28 09:53:58,Ca Mau,Ca Mau,31.79,31.79,31.79,60.0,36.59,10000.0,0.0,71.0,5.6,7.46,238.0,1009.0,1,803,Clouds,broken clouds,04d
2025-07-28 09:57:44,Ca Mau,Ca Mau,31.79,31.79,31.79,60.0,36.59,10000.0,0.0,71.0,5.6,7.46,238.0,1009.0,1,803,Clouds,broken clouds,04d
2025-07-28 10:01:30,Ca Mau,Ca Mau,31.79,31.79,31.79,60.0,36.59,10000.0,0.0,71.0,5.6,7.46,238.0,1009.0,1,803,Clouds,broken clouds,04d
2025-07-28 10:05:15,Ca Mau,Ca Mau,31.76,31.76,31.76,61.0,36.81,10000.0,0.0,71.0,5.6,7.46,238.0,1009.0,1,803,Clouds,broken clouds,04d
2025-07-28 10:09:02,Ca Mau,Ca Mau,31.76,31.76,31.76,61.0,36.81,10000.0,0.0,71.0,5.6,7.46,238.0,1009.0,1,803,Clouds,broken clouds,04d
2025-07-28 10:12:48,Ca Mau,Ca Mau,31.76,31.76,31.76,61.0,36.81,10000.0,0.0,71.0,5.6,7.46,238.0,1009.0,1,803,Clouds,broken clouds,04d
2025-07-28 10:16:33,Ca Mau,Ca Mau,31.76,31.76,31.76,61.0,36.81,10000.0,0.0,71.0,5.6,7.46,238.0,1009.0,1,803,Clouds,broken clouds,04d
2025-07-28 10:20:19,Ca Mau,Ca Mau,31.76,31.76,31.76,61.0,36.81,10000.0,0.0,71.0,5.6,7.46,238.0,1009.0,1,803,Clouds,broken clouds,04d
2025-07-28 10:24:04,Ca Mau,Ca Mau,31.76,31.76,31.76,61.0,36.81,10000.0,0.0,71.0,5.6,7.46,238.0,1009.0,1,803,Clouds,broken clouds,04d
2025-07-28 10:27:50,Ca Mau,Ca Mau,31.76,31.76,31.76,61.0,36.81,10000.0,0.0,71.0,5.6,7.46,238.0,1009.0,1,803,Clouds,broken clouds,04d
2025-07-28 10:31:36,Ca Mau,Ca Mau,31.76,31.76,31.76,61.0,36.81,10000.0,0.0,71.0,5.6,7.46,238.0,1009.0,1,803,Clouds,broken clouds,04d
2025-07-28 10:35:22,Ca Mau,Ca Mau,31.76,31.76,31.76,61.0,36.81,10000.0,0.0,71.0,5.6,7.46,238.0,1009.0,1,803,Clouds,broken clouds,04d
2025-07-28 10:39:08,Ca Mau,Ca Mau,32.72,32.72,32.72,56.0,37.5,10000.0,0.0,77.0,5.97,7.37,241.0,1009.0,1,803,Clouds,broken clouds,04d
2025-07-28 10:42:54,Ca Mau,Ca Mau,32.72,32.72,32.72,56.0,37.5,10000.0,0.0,77.0,5.97,7.37,241.0,1009.0,1,803,Clouds,broken clouds,04d
2025-07-28 10:46:39,Ca Mau,Ca Mau,32.72,32.72,32.72,56.0,37.5,10000.0,0.0,77.0,5.97,7.37,241.0,1009.0,1,803,Clouds,broken clouds,04d
2025-07-28 10:50:25,Ca Mau,Ca Mau,32.72,32.72,32.72,56.0,37.5,10000.0,0.0,77.0,5.97,7.37,241.0,1009.0,1,803,Clouds,broken clouds,04d
2025-07-28 10:54:11,Ca Mau,Ca Mau,32.72,32.72,32.72,56.0,37.5,10000.0,0.0,77.0,5.97,7.37,241.0,1009.0,1,803,Clouds,broken clouds,04d
2025-07-28 10:57:56,Ca Mau,Ca Mau,32.72,32.72,32.72,56.0,37.5,10000.0,0.0,77.0,5.97,7.37,241.0,1009.0,1,803,Clouds,broken clouds,04d
2025-07-28 11:01:42,Ca Mau,Ca Mau,32.69,32.69,32.69,57.0,37.75,10000.0,0.0,77.0,5.97,7.37,241.0,1009.0,1,803,Clouds,broken clouds,04d
2025-07-28 11:05:29,Ca Mau,Ca Mau,32.69,32.69,32.69,57.0,37.75,10000.0,0.0,77.0,5.97,7.37,241.0,1009.0,1,803,Clouds,broken clouds,04d
2025-07-28 11:09:16,Ca Mau,Ca Mau,32.69,32.69,32.69,57.0,37.75,10000.0,0.0,77.0,5.97,7.37,241.0,1009.0,1,803,Clouds,broken clouds,04d
2025-07-28 11:13:01,Ca Mau,Ca Mau,32.69,32.69,32.69,57.0,37.75,10000.0,0.0,77.0,5.97,7.37,241.0,1009.0,1,803,Clouds,broken clouds,04d
2025-07-28 11:16:47,Ca Mau,Ca Mau,32.69,32.69,32.69,57.0,37.75,10000.0,0.0,77.0,5.97,7.37,241.0,1009.0,1,803,Clouds,broken clouds,04d
2025-07-28 11:20:33,Ca Mau,Ca Mau,32.69,32.69,32.69,57.0,37.75,10000.0,0.0,77.0,5.97,7.37,241.0,1009.0,1,803,Clouds,broken clouds,04d
2025-07-28 11:24:19,Ca Mau,Ca Mau,32.69,32.69,32.69,57.0,37.75,10000.0,0.0,77.0,5.97,7.37,241.0,1009.0,1,803,Clouds,broken clouds,04d
2025-07-28 11:28:06,Ca Mau,Ca Mau,32.69,32.69,32.69,57.0,37.75,10000.0,0.0,77.0,5.97,7.37,241.0,1009.0,1,803,Clouds,broken clouds,04d
2025-07-28 11:31:52,Ca Mau,Ca Mau,32.69,32.69,32.69,57.0,37.75,10000.0,0.0,77.0,5.97,7.37,241.0,1009.0,1,803,Clouds,broken clouds,04d
2025-07-28 11:35:40,Ca Mau,Ca Mau,32.81,32.81,32.81,55.0,37.39,10000.0,0.0,82.0,6.06,7.63,246.0,1008.0,1,803,Clouds,broken clouds,04d
2025-07-28 11:39:31,Ca Mau,Ca Mau,32.81,32.81,32.81,55.0,37.39,10000.0,0.0,82.0,6.06,7.63,246.0,1008.0,1,803,Clouds,broken clouds,04d
2025-07-28 11:43:21,Ca Mau,Ca Mau,32.81,32.81,32.81,55.0,37.39,10000.0,0.0,82.0,6.06,7.63,246.0,1008.0,1,803,Clouds,broken clouds,04d
2025-07-28 11:47:11,Ca Mau,Ca Mau,32.83,32.83,32.83,55.0,37.43,10000.0,0.0,82.0,6.06,7.63,246.0,1008.0,1,803,Clouds,broken clouds,04d
2025-07-28 11:51:01,Ca Mau,Ca Mau,32.83,32.83,32.83,55.0,37.43,10000.0,0.0,82.0,6.06,7.63,246.0,1008.0,1,803,Clouds,broken clouds,04d
2025-07-28 11:54:51,Ca Mau,Ca Mau,32.83,32.83,32.83,55.0,37.43,10000.0,0.0,82.0,6.06,7.63,246.0,1008.0,1,803,Clouds,broken clouds,04d
2025-07-28 11:58:42,Ca Mau,Ca Mau,32.83,32.83,32.83,55.0,37.43,10000.0,0.0,82.0,6.06,7.63,246.0,1008.0,1,803,Clouds,broken clouds,04d
2025-07-28 12:02:32,Ca Mau,Ca Mau,32.72,32.72,32.72,56.0,37.5,10000.0,0.0,82.0,6.06,7.63,246.0,1008.0,1,803,Clouds,broken clouds,04d
2025-07-28 12:06:24,Ca Mau,Ca Mau,32.72,32.72,32.72,56.0,37.5,10000.0,0.0,82.0,6.06,7.63,246.0,1008.0,1,803,Clouds,broken clouds,04d
2025-07-28 12:10:17,Ca Mau,Ca Mau,32.72,32.72,32.72,56.0,37.5,10000.0,0.0,82.0,6.06,7.63,246.0,1008.0,1,803,Clouds,broken clouds,04d
2025-07-28 12:14:08,Ca Mau,Ca Mau,32.72,32.72,32.72,56.0,37.5,10000.0,0.0,82.0,6.06,7.63,246.0,1008.0,1,803,Clouds,broken clouds,04d
2025-07-28 12:17:58,Ca Mau,Ca Mau,32.72,32.72,32.72,56.0,37.5,10000.0,0.0,82.0,6.06,7.63,246.0,1008.0,1,803,Clouds,broken clouds,04d
2025-07-28 12:21:49,Ca Mau,Ca Mau,32.72,32.72,32.72,56.0,37.5,10000.0,0.0,82.0,6.06,7.63,246.0,1008.0,1,803,Clouds,broken clouds,04d
2025-07-28 12:25:39,Ca Mau,Ca Mau,32.72,32.72,32.72,56.0,37.5,10000.0,0.0,82.0,6.06,7.63,246.0,1008.0,1,803,Clouds,broken clouds,04d
2025-07-28 12:29:29,Ca Mau,Ca Mau,32.72,32.72,32.72,56.0,37.5,10000.0,0.0,82.0,6.06,7.63,246.0,1008.0,1,803,Clouds,broken clouds,04d
2025-07-28 12:33:19,Ca Mau,Ca Mau,32.32,32.32,32.32,55.0,36.31,10000.0,0.0,83.0,6.23,7.91,254.0,1007.0,1,803,Clouds,broken clouds,04d
2025-07-28 12:37:08,Ca Mau,Ca Mau,32.32,32.32,32.32,55.0,36.31,10000.0,0.0,83.0,6.23,7.91,254.0,1007.0,1,803,Clouds,broken clouds,04d
2025-07-28 12:40:59,Ca Mau,Ca Mau,32.32,32.32,32.32,55.0,36.31,10000.0,0.0,83.0,6.23,7.91,254.0,1007.0,1,803,Clouds,broken clouds,04d
2025-07-28 12:44:49,Ca Mau,Ca Mau,32.32,32.32,32.32,55.0,36.31,10000.0,0.0,83.0,6.23,7.91,254.0,1007.0,1,803,Clouds,broken clouds,04d
2025-07-28 12:48:40,Ca Mau,Ca Mau,32.35,32.35,32.35,55.0,36.38,10000.0,0.0,83.0,6.23,7.91,254.0,1007.0,1,803,Clouds,broken clouds,04d
2025-07-28 12:52:31,Ca Mau,Ca Mau,32.35,32.35,32.35,55.0,36.38,10000.0,0.0,83.0,6.23,7.91,254.0,1007.0,1,803,Clouds,broken clouds,04d
2025-07-28 12:56:20,Ca Mau,Ca Mau,32.35,32.35,32.35,55.0,36.38,10000.0,0.0,83.0,6.23,7.91,254.0,1007.0,1,803,Clouds,broken clouds,04d
2025-07-28 13:00:10,Ca Mau,Ca Mau,32.35,32.35,32.35,55.0,36.38,10000.0,0.0,95.0,6.35,8.16,250.0,1007.0,1,804,Clouds,overcast clouds,04d
2025-07-28 13:04:01,Ca Mau,Ca Mau,32.35,32.35,32.35,55.0,36.38,10000.0,0.0,95.0,6.35,8.16,250.0,1007.0,1,804,Clouds,overcast clouds,04d
2025-07-28 13:07:51,Ca Mau,Ca Mau,32.35,32.35,32.35,55.0,36.38,10000.0,0.0,95.0,6.35,8.16,250.0,1007.0,1,804,Clouds,overcast clouds,04d
2025-07-28 13:11:42,Ca Mau,Ca Mau,32.35,32.35,32.35,55.0,36.38,10000.0,0.0,95.0,6.35,8.16,250.0,1007.0,1,804,Clouds,overcast clouds,04d
2025-07-28 13:15:33,Ca Mau,Ca Mau,32.35,32.35,32.35,55.0,36.38,10000.0,0.0,95.0,6.35,8.16,250.0,1007.0,1,804,Clouds,overcast clouds,04d
2025-07-28 13:19:23,Ca Mau,Ca Mau,32.35,32.35,32.35,55.0,36.38,10000.0,0.0,95.0,6.35,8.16,250.0,1007.0,1,804,Clouds,overcast clouds,04d
2025-07-28 13:23:14,Ca Mau,Ca Mau,32.35,32.35,32.35,55.0,36.38,10000.0,0.0,95.0,6.35,8.16,250.0,1007.0,1,804,Clouds,overcast clouds,04d
2025-07-28 13:27:05,Ca Mau,Ca Mau,32.35,32.35,32.35,55.0,36.38,10000.0,0.0,95.0,6.35,8.16,250.0,1007.0,1,804,Clouds,overcast clouds,04d
2025-07-28 13:30:56,Ca Mau,Ca Mau,32.35,32.35,32.35,55.0,36.38,10000.0,0.0,95.0,6.35,8.16,250.0,1007.0,1,804,Clouds,overcast clouds,04d
2025-07-28 13:34:46,Ca Mau,Ca Mau,32.68,32.68,32.68,53.0,36.5,10000.0,0.0,93.0,6.1,7.84,250.0,1007.0,1,804,Clouds,overcast clouds,04d
2025-07-28 13:38:36,Ca Mau,Ca Mau,32.68,32.68,32.68,53.0,36.5,10000.0,0.0,93.0,6.1,7.84,250.0,1007.0,1,804,Clouds,overcast clouds,04d
2025-07-28 13:42:26,Ca Mau,Ca Mau,32.68,32.68,32.68,53.0,36.5,10000.0,0.0,93.0,6.1,7.84,250.0,1007.0,1,804,Clouds,overcast clouds,04d
2025-07-28 13:46:17,Ca Mau,Ca Mau,32.68,32.68,32.68,53.0,36.5,10000.0,0.0,93.0,6.1,7.84,250.0,1007.0,1,804,Clouds,overcast clouds,04d
2025-07-28 13:50:07,Ca Mau,Ca Mau,32.68,32.68,32.68,53.0,36.5,10000.0,0.0,93.0,6.1,7.84,250.0,1007.0,1,804,Clouds,overcast clouds,04d
2025-07-28 13:53:57,Ca Mau,Ca Mau,32.93,32.93,32.93,51.0,36.44,10000.0,0.0,93.0,6.1,7.84,250.0,1006.0,1,804,Clouds,overcast clouds,04d
2025-07-28 13:57:47,Ca Mau,Ca Mau,32.93,32.93,32.93,51.0,36.44,10000.0,0.0,93.0,6.1,7.84,250.0,1006.0,1,804,Clouds,overcast clouds,04d
2025-07-28 14:01:37,Ca Mau,Ca Mau,32.77,32.77,32.77,52.0,36.4,10000.0,0.0,93.0,6.1,7.84,250.0,1006.0,1,804,Clouds,overcast clouds,04d
2025-07-28 14:05:27,Ca Mau,Ca Mau,32.77,32.77,32.77,52.0,36.4,10000.0,0.0,93.0,6.1,7.84,250.0,1006.0,1,804,Clouds,overcast clouds,04d
2025-07-28 14:09:18,Ca Mau,Ca Mau,32.77,32.77,32.77,52.0,36.4,10000.0,0.0,93.0,6.1,7.84,250.0,1006.0,1,804,Clouds,overcast clouds,04d
2025-07-28 14:13:10,Ca Mau,Ca Mau,32.77,32.77,32.77,52.0,36.4,10000.0,0.0,93.0,6.1,7.84,250.0,1006.0,1,804,Clouds,overcast clouds,04d
2025-07-28 14:17:00,Ca Mau,Ca Mau,32.77,32.77,32.77,52.0,36.4,10000.0,0.0,93.0,6.1,7.84,250.0,1006.0,1,804,Clouds,overcast clouds,04d
2025-07-28 14:20:51,Ca Mau,Ca Mau,32.77,32.77,32.77,52.0,36.4,10000.0,0.0,93.0,6.1,7.84,250.0,1006.0,1,804,Clouds,overcast clouds,04d
2025-07-28 14:24:41,Ca Mau,Ca Mau,32.77,32.77,32.77,52.0,36.4,10000.0,0.0,93.0,6.1,7.84,250.0,1006.0,1,804,Clouds,overcast clouds,04d
2025-07-28 14:28:32,Ca Mau,Ca Mau,32.77,32.77,32.77,52.0,36.4,10000.0,0.0,93.0,6.1,7.84,250.0,1006.0,1,804,Clouds,overcast clouds,04d
2025-07-28 14:32:22,Ca Mau,Ca Mau,32.57,32.57,32.57,52.0,35.99,10000.0,0.0,77.0,6.1,7.81,249.0,1006.0,1,803,Clouds,broken clouds,04d
2025-07-28 14:36:14,Ca Mau,Ca Mau,32.57,32.57,32.57,52.0,35.99,10000.0,0.11,77.0,6.1,7.81,249.0,1006.0,1,500,Rain,light rain,10d
2025-07-28 14:40:06,Ca Mau,Ca Mau,32.57,32.57,32.57,52.0,35.99,10000.0,0.11,77.0,6.1,7.81,249.0,1006.0,1,500,Rain,light rain,10d
2025-07-28 14:43:57,Ca Mau,Ca Mau,32.57,32.57,32.57,52.0,35.99,10000.0,0.0,77.0,6.1,7.81,249.0,1006.0,1,803,Clouds,broken clouds,04d
2025-07-28 14:47:47,Ca Mau,Ca Mau,32.56,32.56,32.56,52.0,35.96,10000.0,0.0,77.0,6.1,7.81,249.0,1006.0,1,803,Clouds,broken clouds,04d
2025-07-28 14:51:37,Ca Mau,Ca Mau,32.56,32.56,32.56,52.0,35.96,10000.0,0.0,77.0,6.1,7.81,249.0,1006.0,1,803,Clouds,broken clouds,04d
2025-07-28 14:55:27,Ca Mau,Ca Mau,32.56,32.56,32.56,52.0,35.96,10000.0,0.0,77.0,6.1,7.81,249.0,1006.0,1,803,Clouds,broken clouds,04d
2025-07-28 14:59:17,Ca Mau,Ca Mau,32.56,32.56,32.56,52.0,35.96,10000.0,0.0,77.0,6.1,7.81,249.0,1006.0,1,803,Clouds,broken clouds,04d
2025-07-28 15:03:09,Ca Mau,Ca Mau,32.42,32.42,32.42,53.0,35.96,10000.0,0.0,77.0,6.1,7.81,249.0,1006.0,1,803,Clouds,broken clouds,04d
2025-07-28 15:07:00,Ca Mau,Ca Mau,32.42,32.42,32.42,53.0,35.96,10000.0,0.0,77.0,6.1,7.81,249.0,1006.0,1,803,Clouds,broken clouds,04d
2025-07-28 15:10:52,Ca Mau,Ca Mau,32.42,32.42,32.42,53.0,35.96,10000.0,0.0,77.0,6.1,7.81,249.0,1006.0,1,803,Clouds,broken clouds,04d
2025-07-28 15:14:43,Ca Mau,Ca Mau,32.42,32.42,32.42,53.0,35.96,10000.0,0.0,77.0,6.1,7.81,249.0,1006.0,1,803,Clouds,broken clouds,04d
2025-07-28 15:18:33,Ca Mau,Ca Mau,32.42,32.42,32.42,53.0,35.96,10000.0,0.0,77.0,6.1,7.81,249.0,1006.0,1,803,Clouds,broken clouds,04d
2025-07-28 15:22:24,Ca Mau,Ca Mau,32.42,32.42,32.42,53.0,35.96,10000.0,0.0,77.0,6.1,7.81,249.0,1006.0,1,803,Clouds,broken clouds,04d
2025-07-28 15:26:15,Ca Mau,Ca Mau,32.42,32.42,32.42,53.0,35.96,10000.0,0.0,77.0,6.1,7.81,249.0,1006.0,1,803,Clouds,broken clouds,04d
2025-07-28 15:30:07,Ca Mau,Ca Mau,31.64,31.64,31.64,55.0,34.91,10000.0,0.0,64.0,5.92,7.67,248.0,1005.0,1,803,Clouds,broken clouds,04d
2025-07-28 15:33:58,Ca Mau,Ca Mau,31.68,31.68,31.68,55.0,34.99,10000.0,0.0,64.0,5.92,7.67,248.0,1005.0,1,803,Clouds,broken clouds,04d
2025-07-28 15:37:49,Ca Mau,Ca Mau,31.64,31.64,31.64,55.0,34.91,10000.0,0.0,64.0,5.92,7.67,248.0,1005.0,1,803,Clouds,broken clouds,04d
2025-07-28 15:41:39,Ca Mau,Ca Mau,31.68,31.68,31.68,55.0,34.99,10000.0,0.0,64.0,5.92,7.67,248.0,1005.0,1,803,Clouds,broken clouds,04d
2025-07-28 15:45:29,Ca Mau,Ca Mau,31.68,31.68,31.68,55.0,34.99,10000.0,0.0,64.0,5.92,7.67,248.0,1005.0,1,803,Clouds,broken clouds,04d
2025-07-28 15:49:19,Ca Mau,Ca Mau,31.68,31.68,31.68,55.0,34.99,10000.0,0.0,64.0,5.92,7.67,248.0,1005.0,1,803,Clouds,broken clouds,04d
2025-07-28 15:53:12,Ca Mau,Ca Mau,31.68,31.68,31.68,55.0,34.99,10000.0,0.0,64.0,5.92,7.67,248.0,1005.0,1,803,Clouds,broken clouds,04d
2025-07-28 15:57:03,Ca Mau,Ca Mau,31.68,31.68,31.68,55.0,34.99,10000.0,0.0,64.0,5.92,7.67,248.0,1005.0,1,803,Clouds,broken clouds,04d
2025-07-28 16:00:53,Ca Mau,Ca Mau,31.68,31.68,31.68,55.0,34.99,10000.0,0.0,64.0,5.92,7.67,248.0,1005.0,1,803,Clouds,broken clouds,04d
2025-07-28 16:04:44,Ca Mau,Ca Mau,31.68,31.68,31.68,55.0,34.99,10000.0,0.0,64.0,5.92,7.67,248.0,1005.0,1,803,Clouds,broken clouds,04d
2025-07-28 16:08:34,Ca Mau,Ca Mau,31.57,31.57,31.57,56.0,35.02,10000.0,0.0,64.0,5.92,7.67,248.0,1005.0,1,803,Clouds,broken clouds,04d
2025-07-28 16:12:25,Ca Mau,Ca Mau,31.57,31.57,31.57,56.0,35.02,10000.0,0.0,64.0,5.92,7.67,248.0,1005.0,1,803,Clouds,broken clouds,04d
2025-07-28 16:16:16,Ca Mau,Ca Mau,31.57,31.57,31.57,56.0,35.02,10000.0,0.0,64.0,5.92,7.67,248.0,1005.0,1,803,Clouds,broken clouds,04d
2025-07-28 16:20:07,Ca Mau,Ca Mau,31.57,31.57,31.57,56.0,35.02,10000.0,0.0,64.0,5.92,7.67,248.0,1005.0,1,803,Clouds,broken clouds,04d
2025-07-28 16:23:57,Ca Mau,Ca Mau,31.57,31.57,31.57,56.0,35.02,10000.0,0.0,64.0,5.92,7.67,248.0,1005.0,1,803,Clouds,broken clouds,04d
2025-07-28 16:27:47,Ca Mau,Ca Mau,31.57,31.57,31.57,56.0,35.02,10000.0,0.0,64.0,5.92,7.67,248.0,1005.0,1,803,Clouds,broken clouds,04d
2025-07-28 16:31:37,Ca Mau,Ca Mau,31.57,31.57,31.57,56.0,35.02,10000.0,0.0,64.0,5.92,7.67,248.0,1005.0,1,803,Clouds,broken clouds,04d
2025-07-28 16:35:27,Ca Mau,Ca Mau,31.57,31.57,31.57,56.0,35.02,10000.0,0.0,64.0,5.92,7.67,248.0,1005.0,1,803,Clouds,broken clouds,04d
2025-07-28 16:39:17,Ca Mau,Ca Mau,30.34,30.34,30.34,63.0,34.16,10000.0,0.0,58.0,5.38,7.59,246.0,1005.0,1,803,Clouds,broken clouds,04d
2025-07-28 16:43:09,Ca Mau,Ca Mau,30.34,30.34,30.34,63.0,34.16,10000.0,0.0,58.0,5.38,7.59,246.0,1005.0,1,803,Clouds,broken clouds,04d
2025-07-28 16:47:00,Ca Mau,Ca Mau,30.34,30.34,30.34,63.0,34.16,10000.0,0.0,58.0,5.38,7.59,246.0,1005.0,1,803,Clouds,broken clouds,04d
2025-07-28 16:50:51,Ca Mau,Ca Mau,30.34,30.34,30.34,63.0,34.16,10000.0,0.0,58.0,5.38,7.59,246.0,1005.0,1,803,Clouds,broken clouds,04d
2025-07-28 16:54:41,Ca Mau,Ca Mau,30.34,30.34,30.34,63.0,34.16,10000.0,0.0,58.0,5.38,7.59,246.0,1005.0,1,803,Clouds,broken clouds,04d
2025-07-28 16:58:32,Ca Mau,Ca Mau,30.34,30.34,30.34,63.0,34.16,10000.0,0.0,58.0,5.38,7.59,246.0,1005.0,1,803,Clouds,broken clouds,04d
2025-07-28 17:02:22,Ca Mau,Ca Mau,30.26,30.26,30.26,63.0,33.99,10000.0,0.0,58.0,5.38,7.59,246.0,1005.0,1,803,Clouds,broken clouds,04d
2025-07-28 17:06:12,Ca Mau,Ca Mau,30.26,30.26,30.26,63.0,33.99,10000.0,0.0,58.0,5.38,7.59,246.0,1005.0,1,803,Clouds,broken clouds,04d
2025-07-28 17:10:03,Ca Mau,Ca Mau,30.26,30.26,30.26,63.0,33.99,10000.0,0.0,58.0,5.38,7.59,246.0,1005.0,1,803,Clouds,broken clouds,04d
2025-07-28 17:13:54,Ca Mau,Ca Mau,30.26,30.26,30.26,63.0,33.99,10000.0,0.0,58.0,5.38,7.59,246.0,1005.0,1,803,Clouds,broken clouds,04d
2025-07-28 17:17:44,Ca Mau,Ca Mau,30.26,30.26,30.26,63.0,33.99,10000.0,0.0,58.0,5.38,7.59,246.0,1005.0,1,803,Clouds,broken clouds,04d
2025-07-28 17:21:34,Ca Mau,Ca Mau,30.26,30.26,30.26,63.0,33.99,10000.0,0.0,58.0,5.38,7.59,246.0,1005.0,1,803,Clouds,broken clouds,04d
2025-07-28 17:25:24,Ca Mau,Ca Mau,30.26,30.26,30.26,63.0,33.99,10000.0,0.0,58.0,5.38,7.59,246.0,1005.0,1,803,Clouds,broken clouds,04d
2025-07-28 17:29:14,Ca Mau,Ca Mau,30.26,30.26,30.26,63.0,33.99,10000.0,0.0,58.0,5.38,7.59,246.0,1005.0,1,803,Clouds,broken clouds,04d
2025-07-28 17:33:06,Ca Mau,Ca Mau,30.26,30.26,30.26,63.0,33.99,10000.0,0.0,58.0,5.38,7.59,246.0,1005.0,1,803,Clouds,broken clouds,04d
2025-07-28 17:36:56,Ca Mau,Ca Mau,28.99,28.99,28.99,73.0,33.27,10000.0,0.0,61.0,3.63,6.84,239.0,1006.0,1,803,Clouds,broken clouds,04d
2025-07-28 17:40:46,Ca Mau,Ca Mau,28.99,28.99,28.99,73.0,33.27,10000.0,0.0,61.0,3.63,6.84,239.0,1006.0,1,803,Clouds,broken clouds,04d
2025-07-28 17:44:36,Ca Mau,Ca Mau,28.99,28.99,28.99,73.0,33.27,10000.0,0.0,61.0,3.63,6.84,239.0,1006.0,1,803,Clouds,broken clouds,04d
2025-07-28 17:48:25,Ca Mau,Ca Mau,28.99,28.99,28.99,73.0,33.27,10000.0,0.0,61.0,3.63,6.84,239.0,1006.0,1,803,Clouds,broken clouds,04d
2025-07-28 17:52:16,Ca Mau,Ca Mau,28.99,28.99,28.99,73.0,33.27,10000.0,0.0,61.0,3.63,6.84,239.0,1006.0,1,803,Clouds,broken clouds,04d
2025-07-28 17:56:07,Ca Mau,Ca Mau,28.99,28.99,28.99,73.0,33.27,10000.0,0.0,61.0,3.63,6.84,239.0,1006.0,1,803,Clouds,broken clouds,04d
2025-07-28 17:59:58,Ca Mau,Ca Mau,28.99,28.99,28.99,73.0,33.27,10000.0,0.0,61.0,3.63,6.84,239.0,1006.0,1,803,Clouds,broken clouds,04d
2025-07-28 18:03:47,Ca Mau,Ca Mau,28.95,28.95,28.95,73.0,33.18,10000.0,0.0,61.0,3.63,6.84,239.0,1006.0,1,803,Clouds,broken clouds,04d
2025-07-28 18:07:37,Ca Mau,Ca Mau,28.95,28.95,28.95,73.0,33.18,10000.0,0.0,61.0,3.63,6.84,239.0,1006.0,1,803,Clouds,broken clouds,04d
2025-07-28 18:11:28,Ca Mau,Ca Mau,28.95,28.95,28.95,73.0,33.18,10000.0,0.0,61.0,3.63,6.84,239.0,1006.0,1,803,Clouds,broken clouds,04d
2025-07-28 18:15:18,Ca Mau,Ca Mau,28.95,28.95,28.95,73.0,33.18,10000.0,0.0,61.0,3.63,6.84,239.0,1006.0,1,803,Clouds,broken clouds,04d
2025-07-28 18:19:09,Ca Mau,Ca Mau,28.95,28.95,28.95,73.0,33.18,10000.0,0.0,61.0,3.63,6.84,239.0,1006.0,1,803,Clouds,broken clouds,04d
2025-07-28 18:23:01,Ca Mau,Ca Mau,28.95,28.95,28.95,73.0,33.18,10000.0,0.0,61.0,3.63,6.84,239.0,1006.0,0,803,Clouds,broken clouds,04n
2025-07-28 18:26:53,Ca Mau,Ca Mau,28.95,28.95,28.95,73.0,33.18,10000.0,0.0,61.0,3.63,6.84,239.0,1006.0,0,803,Clouds,broken clouds,04d
2025-07-28 18:30:43,Ca Mau,Ca Mau,27.8,27.8,27.8,79.0,31.46,10000.0,0.0,63.0,2.87,7.58,239.0,1007.0,0,803,Clouds,broken clouds,04n
2025-07-28 18:34:33,Ca Mau,Ca Mau,27.8,27.8,27.8,79.0,31.46,10000.0,0.0,63.0,2.87,7.58,239.0,1007.0,0,803,Clouds,broken clouds,04n
2025-07-28 18:38:23,Ca Mau,Ca Mau,27.8,27.8,27.8,79.0,31.46,10000.0,0.0,63.0,2.87,7.58,239.0,1007.0,0,803,Clouds,broken clouds,04n
2025-07-28 18:42:13,Ca Mau,Ca Mau,27.8,27.8,27.8,79.0,31.46,10000.0,0.0,72.0,2.62,6.87,231.0,1007.0,0,803,Clouds,broken clouds,04n
2025-07-28 18:46:04,Ca Mau,Ca Mau,27.8,27.8,27.8,79.0,31.46,10000.0,0.0,72.0,2.62,6.87,231.0,1007.0,0,803,Clouds,broken clouds,04n
2025-07-28 18:49:54,Ca Mau,Ca Mau,27.8,27.8,27.8,79.0,31.46,10000.0,0.0,72.0,2.62,6.87,231.0,1007.0,0,803,Clouds,broken clouds,04n
2025-07-28 18:53:45,Ca Mau,Ca Mau,27.8,27.8,27.8,79.0,31.46,10000.0,0.0,72.0,2.62,6.87,231.0,1007.0,0,803,Clouds,broken clouds,04n
2025-07-28 18:57:35,Ca Mau,Ca Mau,27.8,27.8,27.8,79.0,31.46,10000.0,0.0,72.0,2.62,6.87,231.0,1007.0,0,803,Clouds,broken clouds,04n
2025-07-28 19:01:27,Ca Mau,Ca Mau,27.8,27.8,27.8,79.0,31.46,10000.0,0.0,72.0,2.62,6.87,231.0,1007.0,0,803,Clouds,broken clouds,04n
2025-07-28 19:05:17,Ca Mau,Ca Mau,27.8,27.8,27.8,79.0,31.46,10000.0,0.0,72.0,2.62,6.87,231.0,1007.0,0,803,Clouds,broken clouds,04n
2025-07-28 19:09:10,Ca Mau,Ca Mau,27.8,27.8,27.8,79.0,31.46,10000.0,0.0,72.0,2.62,6.87,231.0,1007.0,0,803,Clouds,broken clouds,04n
2025-07-28 19:12:59,Ca Mau,Ca Mau,27.8,27.8,27.8,79.0,31.46,10000.0,0.0,72.0,2.62,6.87,231.0,1007.0,0,803,Clouds,broken clouds,04n
2025-07-28 19:16:45,Ca Mau,Ca Mau,27.8,27.8,27.8,79.0,31.46,10000.0,0.0,72.0,2.62,6.87,231.0,1007.0,0,803,Clouds,broken clouds,04n
2025-07-28 19:20:31,Ca Mau,Ca Mau,27.8,27.8,27.8,79.0,31.46,10000.0,0.0,72.0,2.62,6.87,231.0,1007.0,0,803,Clouds,broken clouds,04n
2025-07-28 19:24:17,Ca Mau,Ca Mau,27.8,27.8,27.8,79.0,31.46,10000.0,0.0,72.0,2.62,6.87,231.0,1007.0,0,803,Clouds,broken clouds,04n
2025-07-28 19:28:03,Ca Mau,Ca Mau,27.34,27.34,27.34,78.0,30.29,10000.0,0.0,72.0,2.62,6.87,231.0,1007.0,0,803,Clouds,broken clouds,04n
2025-07-28 19:31:49,Ca Mau,Ca Mau,27.34,27.34,27.34,78.0,30.29,10000.0,0.0,72.0,2.62,6.87,231.0,1007.0,0,803,Clouds,broken clouds,04n
2025-07-28 19:35:35,Ca Mau,Ca Mau,26.94,26.94,26.94,81.0,29.7,10000.0,0.0,76.0,2.02,7.09,223.0,1008.0,0,803,Clouds,broken clouds,04n
2025-07-28 19:39:21,Ca Mau,Ca Mau,26.94,26.94,26.94,81.0,29.7,10000.0,0.0,76.0,2.02,7.09,223.0,1008.0,0,803,Clouds,broken clouds,04n
2025-07-28 19:43:08,Ca Mau,Ca Mau,26.94,26.94,26.94,81.0,29.7,10000.0,0.0,76.0,2.02,7.09,223.0,1008.0,0,803,Clouds,broken clouds,04n
2025-07-28 19:46:54,Ca Mau,Ca Mau,27.01,27.01,27.01,81.0,29.86,10000.0,0.0,76.0,2.02,7.09,223.0,1008.0,0,803,Clouds,broken clouds,04n
2025-07-28 19:50:44,Ca Mau,Ca Mau,27.01,27.01,27.01,81.0,29.86,10000.0,0.0,76.0,2.02,7.09,223.0,1008.0,0,803,Clouds,broken clouds,04n
2025-07-28 19:54:34,Ca Mau,Ca Mau,27.01,27.01,27.01,81.0,29.86,10000.0,0.0,76.0,2.02,7.09,223.0,1008.0,0,803,Clouds,broken clouds,04n
2025-07-28 19:58:19,Ca Mau,Ca Mau,27.01,27.01,27.01,81.0,29.86,10000.0,0.0,76.0,2.02,7.09,223.0,1008.0,0,803,Clouds,broken clouds,04n
2025-07-28 20:02:05,Ca Mau,Ca Mau,27.01,27.01,27.01,81.0,29.86,10000.0,0.0,76.0,2.02,7.09,223.0,1008.0,0,803,Clouds,broken clouds,04n
2025-07-28 20:05:52,Ca Mau,Ca Mau,27.0,27.0,27.0,81.0,29.83,10000.0,0.0,76.0,2.02,7.09,223.0,1008.0,0,803,Clouds,broken clouds,04n
2025-07-28 20:09:38,Ca Mau,Ca Mau,27.0,27.0,27.0,81.0,29.83,10000.0,0.0,76.0,2.02,7.09,223.0,1008.0,0,803,Clouds,broken clouds,04n
2025-07-28 20:13:24,Ca Mau,Ca Mau,27.0,27.0,27.0,81.0,29.83,10000.0,0.0,76.0,2.02,7.09,223.0,1008.0,0,803,Clouds,broken clouds,04n
2025-07-28 20:17:10,Ca Mau,Ca Mau,27.0,27.0,27.0,81.0,29.83,10000.0,0.0,76.0,2.02,7.09,223.0,1008.0,0,803,Clouds,broken clouds,04n
2025-07-28 20:20:56,Ca Mau,Ca Mau,27.0,27.0,27.0,81.0,29.83,10000.0,0.0,76.0,2.02,7.09,223.0,1008.0,0,803,Clouds,broken clouds,04n
2025-07-28 20:24:42,Ca Mau,Ca Mau,27.0,27.0,27.0,81.0,29.83,10000.0,0.0,76.0,2.02,7.09,223.0,1008.0,0,803,Clouds,broken clouds,04n
2025-07-28 20:28:28,Ca Mau,Ca Mau,27.0,27.0,27.0,81.0,29.83,10000.0,0.0,76.0,2.02,7.09,223.0,1008.0,0,803,Clouds,broken clouds,04n
2025-07-28 20:32:15,Ca Mau,Ca Mau,26.74,26.74,26.74,83.0,29.41,10000.0,0.0,66.0,1.86,7.49,224.0,1008.0,0,803,Clouds,broken clouds,04n
2025-07-28 20:36:02,Ca Mau,Ca Mau,26.74,26.74,26.74,83.0,29.41,10000.0,0.0,66.0,1.86,7.49,224.0,1008.0,0,803,Clouds,broken clouds,04n
2025-07-28 20:39:48,Ca Mau,Ca Mau,26.74,26.74,26.74,83.0,29.41,10000.0,0.0,66.0,1.86,7.49,224.0,1008.0,0,803,Clouds,broken clouds,04n
2025-07-28 20:43:33,Ca Mau,Ca Mau,26.74,26.74,26.74,83.0,29.41,10000.0,0.0,66.0,1.86,7.49,224.0,1008.0,0,803,Clouds,broken clouds,04n
2025-07-28 20:47:19,Ca Mau,Ca Mau,26.73,26.73,26.73,83.0,29.39,10000.0,0.0,66.0,1.86,7.49,224.0,1008.0,0,803,Clouds,broken clouds,04n
2025-07-28 20:51:07,Ca Mau,Ca Mau,26.73,26.73,26.73,83.0,29.39,10000.0,0.0,66.0,1.86,7.49,224.0,1008.0,0,803,Clouds,broken clouds,04n
2025-07-28 20:54:56,Ca Mau,Ca Mau,26.73,26.73,26.73,83.0,29.39,10000.0,0.0,66.0,1.86,7.49,224.0,1008.0,0,803,Clouds,broken clouds,04n
2025-07-28 20:58:42,Ca Mau,Ca Mau,26.73,26.73,26.73,83.0,29.39,10000.0,0.0,66.0,1.86,7.49,224.0,1008.0,0,803,Clouds,broken clouds,04n
2025-07-28 21:02:28,Ca Mau,Ca Mau,26.73,26.73,26.73,83.0,29.39,10000.0,0.0,66.0,1.86,7.49,224.0,1008.0,0,803,Clouds,broken clouds,04n
2025-07-28 21:06:15,Ca Mau,Ca Mau,26.73,26.73,26.73,83.0,29.39,10000.0,0.0,66.0,1.86,7.49,224.0,1008.0,0,803,Clouds,broken clouds,04n
2025-07-28 21:10:01,Ca Mau,Ca Mau,26.73,26.73,26.73,83.0,29.39,10000.0,0.0,66.0,1.86,7.49,224.0,1008.0,0,803,Clouds,broken clouds,04n
2025-07-28 21:13:47,Ca Mau,Ca Mau,26.73,26.73,26.73,83.0,29.39,10000.0,0.0,66.0,1.86,7.49,224.0,1008.0,0,803,Clouds,broken clouds,04n
2025-07-28 21:17:33,Ca Mau,Ca Mau,26.73,26.73,26.73,83.0,29.39,10000.0,0.0,66.0,1.86,7.49,224.0,1008.0,0,803,Clouds,broken clouds,04n
2025-07-28 21:21:19,Ca Mau,Ca Mau,26.73,26.73,26.73,83.0,29.39,10000.0,0.0,66.0,1.86,7.49,224.0,1008.0,0,803,Clouds,broken clouds,04n
2025-07-28 21:25:05,Ca Mau,Ca Mau,26.73,26.73,26.73,83.0,29.39,10000.0,0.0,66.0,1.86,7.49,224.0,1008.0,0,803,Clouds,broken clouds,04n
2025-07-28 21:28:52,Ca Mau,Ca Mau,26.73,26.73,26.73,83.0,29.39,10000.0,0.0,66.0,1.86,7.49,224.0,1008.0,0,803,Clouds,broken clouds,04n
2025-07-28 21:32:52,Ca Mau,Ca Mau,26.64,26.64,26.64,85.0,26.64,10000.0,0.0,71.0,1.76,7.52,219.0,1009.0,0,803,Clouds,broken clouds,04n
2025-07-28 21:36:40,Ca Mau,Ca Mau,26.64,26.64,26.64,85.0,26.64,10000.0,0.0,71.0,1.76,7.52,219.0,1009.0,0,803,Clouds,broken clouds,04n
2025-07-28 21:40:25,Ca Mau,Ca Mau,26.64,26.64,26.64,85.0,26.64,10000.0,0.0,71.0,1.76,7.52,219.0,1009.0,0,803,Clouds,broken clouds,04n
2025-07-28 21:44:11,Ca Mau,Ca Mau,26.64,26.64,26.64,85.0,26.64,10000.0,0.0,71.0,1.76,7.52,219.0,1009.0,0,803,Clouds,broken clouds,04n
2025-07-28 21:47:57,Ca Mau,Ca Mau,26.65,26.65,26.65,85.0,26.65,10000.0,0.0,71.0,1.76,7.52,219.0,1009.0,0,803,Clouds,broken clouds,04n
2025-07-28 21:51:43,Ca Mau,Ca Mau,26.65,26.65,26.65,85.0,26.65,10000.0,0.0,71.0,1.76,7.52,219.0,1009.0,0,803,Clouds,broken clouds,04n
2025-07-28 21:55:29,Ca Mau,Ca Mau,26.65,26.65,26.65,85.0,26.65,10000.0,0.0,71.0,1.76,7.52,219.0,1009.0,0,803,Clouds,broken clouds,04n
2025-07-28 21:59:15,Ca Mau,Ca Mau,26.65,26.65,26.65,85.0,26.65,10000.0,0.0,71.0,1.76,7.52,219.0,1009.0,0,803,Clouds,broken clouds,04n
2025-07-28 22:03:01,Ca Mau,Ca Mau,26.65,26.65,26.65,85.0,26.65,10000.0,0.0,71.0,1.76,7.52,219.0,1009.0,0,803,Clouds,broken clouds,04n
2025-07-28 22:06:47,Ca Mau,Ca Mau,26.65,26.65,26.65,85.0,26.65,10000.0,0.0,71.0,1.76,7.52,219.0,1009.0,0,803,Clouds,broken clouds,04n
2025-07-28 22:10:33,Ca Mau,Ca Mau,26.65,26.65,26.65,85.0,26.65,10000.0,0.0,71.0,1.76,7.52,219.0,1009.0,0,803,Clouds,broken clouds,04n
2025-07-28 22:14:20,Ca Mau,Ca Mau,26.65,26.65,26.65,85.0,26.65,10000.0,0.0,71.0,1.76,7.52,219.0,1009.0,0,803,Clouds,broken clouds,04n
2025-07-28 22:18:06,Ca Mau,Ca Mau,26.65,26.65,26.65,85.0,26.65,10000.0,0.0,71.0,1.76,7.52,219.0,1009.0,0,803,Clouds,broken clouds,04n
2025-07-28 22:21:52,Ca Mau,Ca Mau,26.65,26.65,26.65,85.0,26.65,10000.0,0.0,71.0,1.76,7.52,219.0,1009.0,0,803,Clouds,broken clouds,04n
2025-07-28 22:25:37,Ca Mau,Ca Mau,26.65,26.65,26.65,85.0,26.65,10000.0,0.0,71.0,1.76,7.52,219.0,1009.0,0,803,Clouds,broken clouds,04n
2025-07-28 22:29:23,Ca Mau,Ca Mau,26.65,26.65,26.65,85.0,26.65,10000.0,0.0,71.0,1.76,7.52,219.0,1009.0,0,803,Clouds,broken clouds,04n
2025-07-28 22:33:09,Ca Mau,Ca Mau,26.65,26.65,26.65,85.0,26.65,10000.0,0.0,71.0,1.76,7.52,219.0,1009.0,0,803,Clouds,broken clouds,04n
2025-07-28 22:36:55,Ca Mau,Ca Mau,26.38,26.38,26.38,87.0,26.38,10000.0,0.0,59.0,1.64,7.08,223.0,1009.0,0,803,Clouds,broken clouds,04n
2025-07-28 22:40:41,Ca Mau,Ca Mau,26.38,26.38,26.38,87.0,26.38,10000.0,0.0,59.0,1.64,7.08,223.0,1009.0,0,803,Clouds,broken clouds,04n
2025-07-28 22:44:27,Ca Mau,Ca Mau,26.38,26.38,26.38,87.0,26.38,10000.0,0.0,59.0,1.64,7.08,223.0,1009.0,0,803,Clouds,broken clouds,04n
2025-07-28 22:48:12,Ca Mau,Ca Mau,26.38,26.38,26.38,87.0,26.38,10000.0,0.0,59.0,1.64,7.08,223.0,1009.0,0,803,Clouds,broken clouds,04n
2025-07-28 22:51:59,Ca Mau,Ca Mau,26.38,26.38,26.38,87.0,26.38,10000.0,0.0,59.0,1.64,7.08,223.0,1009.0,0,803,Clouds,broken clouds,04n
2025-07-28 22:55:44,Ca Mau,Ca Mau,26.38,26.38,26.38,87.0,26.38,10000.0,0.0,59.0,1.64,7.08,223.0,1009.0,0,803,Clouds,broken clouds,04n
2025-07-28 22:59:30,Ca Mau,Ca Mau,26.38,26.38,26.38,87.0,26.38,10000.0,0.0,59.0,1.64,7.08,223.0,1009.0,0,803,Clouds,broken clouds,04n
2025-07-28 23:03:16,Ca Mau,Ca Mau,26.38,26.38,26.38,87.0,26.38,10000.0,0.0,59.0,1.64,7.08,223.0,1009.0,0,803,Clouds,broken clouds,04n
2025-07-28 23:07:02,Ca Mau,Ca Mau,26.38,26.38,26.38,87.0,26.38,10000.0,0.0,59.0,1.64,7.08,223.0,1009.0,0,803,Clouds,broken clouds,04n
2025-07-28 23:10:48,Ca Mau,Ca Mau,26.38,26.38,26.38,87.0,26.38,10000.0,0.0,59.0,1.64,7.08,223.0,1009.0,0,803,Clouds,broken clouds,04n
2025-07-28 23:14:34,Ca Mau,Ca Mau,26.38,26.38,26.38,87.0,26.38,10000.0,0.0,59.0,1.64,7.08,223.0,1009.0,0,803,Clouds,broken clouds,04n
2025-07-28 23:18:20,Ca Mau,Ca Mau,26.38,26.38,26.38,87.0,26.38,10000.0,0.0,59.0,1.64,7.08,223.0,1009.0,0,803,Clouds,broken clouds,04n
2025-07-28 23:22:06,Ca Mau,Ca Mau,26.38,26.38,26.38,87.0,26.38,10000.0,0.0,59.0,1.64,7.08,223.0,1009.0,0,803,Clouds,broken clouds,04n
2025-07-28 23:25:51,Ca Mau,Ca Mau,26.38,26.38,26.38,87.0,26.38,10000.0,0.0,59.0,1.64,7.08,223.0,1009.0,0,803,Clouds,broken clouds,04n
2025-07-28 23:29:37,Ca Mau,Ca Mau,26.38,26.38,26.38,87.0,26.38,10000.0,0.0,59.0,1.64,7.08,223.0,1009.0,0,803,Clouds,broken clouds,04n
2025-07-28 23:33:23,Ca Mau,Ca Mau,26.23,26.23,26.23,88.0,26.23,10000.0,0.0,51.0,1.6,6.41,229.0,1008.0,0,803,Clouds,broken clouds,04n
2025-07-28 23:37:09,Ca Mau,Ca Mau,26.23,26.23,26.23,88.0,26.23,10000.0,0.0,51.0,1.6,6.41,229.0,1008.0,0,803,Clouds,broken clouds,04n
2025-07-28 23:40:55,Ca Mau,Ca Mau,26.23,26.23,26.23,88.0,26.23,10000.0,0.0,51.0,1.6,6.41,229.0,1008.0,0,803,Clouds,broken clouds,04n
2025-07-28 23:44:41,Ca Mau,Ca Mau,26.23,26.23,26.23,88.0,26.23,10000.0,0.0,51.0,1.6,6.41,229.0,1008.0,0,803,Clouds,broken clouds,04n
2025-07-28 23:48:26,Ca Mau,Ca Mau,26.23,26.23,26.23,88.0,26.23,10000.0,0.0,51.0,1.6,6.41,229.0,1008.0,0,803,Clouds,broken clouds,04n
2025-07-28 23:52:12,Ca Mau,Ca Mau,26.23,26.23,26.23,88.0,26.23,10000.0,0.0,51.0,1.6,6.41,229.0,1008.0,0,803,Clouds,broken clouds,04n
2025-07-28 23:56:03,Ca Mau,Ca Mau,26.23,26.23,26.23,88.0,26.23,10000.0,0.0,51.0,1.6,6.41,229.0,1008.0,0,803,Clouds,broken clouds,04n
2025-07-28 23:59:49,Ca Mau,Ca Mau,26.23,26.23,26.23,88.0,26.23,10000.0,0.0,51.0,1.6,6.41,229.0,1008.0,0,803,Clouds,broken clouds,04n
2025-07-29 00:03:34,Ca Mau,Ca Mau,26.24,26.24,26.24,88.0,26.24,10000.0,0.0,51.0,1.6,6.41,229.0,1008.0,0,803,Clouds,broken clouds,04n
2025-07-29 00:07:21,Ca Mau,Ca Mau,26.24,26.24,26.24,88.0,26.24,10000.0,0.0,51.0,1.6,6.41,229.0,1008.0,0,803,Clouds,broken clouds,04n
2025-07-29 00:11:08,Ca Mau,Ca Mau,26.24,26.24,26.24,88.0,26.24,10000.0,0.0,51.0,1.6,6.41,229.0,1008.0,0,803,Clouds,broken clouds,04n
2025-07-29 00:14:54,Ca Mau,Ca Mau,26.24,26.24,26.24,88.0,26.24,10000.0,0.0,51.0,1.6,6.41,229.0,1008.0,0,803,Clouds,broken clouds,04n
2025-07-29 00:18:40,Ca Mau,Ca Mau,26.24,26.24,26.24,88.0,26.24,10000.0,0.0,51.0,1.6,6.41,229.0,1008.0,0,803,Clouds,broken clouds,04n
2025-07-29 00:22:26,Ca Mau,Ca Mau,26.24,26.24,26.24,88.0,26.24,10000.0,0.0,51.0,1.6,6.41,229.0,1008.0,0,803,Clouds,broken clouds,04n
2025-07-29 00:26:12,Ca Mau,Ca Mau,26.24,26.24,26.24,88.0,26.24,10000.0,0.0,51.0,1.6,6.41,229.0,1008.0,0,803,Clouds,broken clouds,04n
2025-07-29 00:29:58,Ca Mau,Ca Mau,26.24,26.24,26.24,88.0,26.24,10000.0,0.0,51.0,1.6,6.41,229.0,1008.0,0,803,Clouds,broken clouds,04n
2025-07-29 00:33:44,Ca Mau,Ca Mau,26.02,26.02,26.02,88.0,26.02,10000.0,0.0,46.0,1.8,6.52,236.0,1007.0,0,802,Clouds,scattered clouds,03n
2025-07-29 00:37:30,Ca Mau,Ca Mau,26.02,26.02,26.02,88.0,26.02,10000.0,0.0,46.0,1.8,6.52,236.0,1007.0,0,802,Clouds,scattered clouds,03n
2025-07-29 00:41:16,Ca Mau,Ca Mau,26.02,26.02,26.02,88.0,26.02,10000.0,0.0,46.0,1.8,6.52,236.0,1007.0,0,802,Clouds,scattered clouds,03n
2025-07-29 00:45:02,Ca Mau,Ca Mau,26.02,26.02,26.02,88.0,26.02,10000.0,0.0,46.0,1.8,6.52,236.0,1007.0,0,802,Clouds,scattered clouds,03n
2025-07-29 00:48:48,Ca Mau,Ca Mau,26.02,26.02,26.02,88.0,26.02,10000.0,0.0,46.0,1.8,6.52,236.0,1007.0,0,802,Clouds,scattered clouds,03n
2025-07-29 00:52:35,Ca Mau,Ca Mau,26.02,26.02,26.02,88.0,26.02,10000.0,0.0,81.0,1.67,6.04,225.0,1007.0,0,803,Clouds,broken clouds,04n
2025-07-29 00:56:21,Ca Mau,Ca Mau,26.02,26.02,26.02,88.0,26.02,10000.0,0.0,81.0,1.67,6.04,225.0,1007.0,0,803,Clouds,broken clouds,04n
2025-07-29 01:00:07,Ca Mau,Ca Mau,26.02,26.02,26.02,88.0,26.02,10000.0,0.0,81.0,1.67,6.04,225.0,1007.0,0,803,Clouds,broken clouds,04n
2025-07-29 01:03:54,Ca Mau,Ca Mau,26.02,26.02,26.02,88.0,26.02,10000.0,0.0,81.0,1.67,6.04,225.0,1007.0,0,803,Clouds,broken clouds,04n
2025-07-29 01:07:40,Ca Mau,Ca Mau,26.02,26.02,26.02,88.0,26.02,10000.0,0.0,81.0,1.67,6.04,225.0,1007.0,0,803,Clouds,broken clouds,04n
2025-07-29 01:11:25,Ca Mau,Ca Mau,26.02,26.02,26.02,88.0,26.02,10000.0,0.0,81.0,1.67,6.04,225.0,1007.0,0,803,Clouds,broken clouds,04n
2025-07-29 01:15:12,Ca Mau,Ca Mau,26.02,26.02,26.02,88.0,26.02,10000.0,0.0,81.0,1.67,6.04,225.0,1007.0,0,803,Clouds,broken clouds,04n
2025-07-29 01:18:58,Ca Mau,Ca Mau,26.02,26.02,26.02,88.0,26.02,10000.0,0.0,81.0,1.67,6.04,225.0,1007.0,0,803,Clouds,broken clouds,04n
2025-07-29 01:22:44,Ca Mau,Ca Mau,26.02,26.02,26.02,88.0,26.02,10000.0,0.0,81.0,1.67,6.04,225.0,1007.0,0,803,Clouds,broken clouds,04n
2025-07-29 01:26:30,Ca Mau,Ca Mau,26.02,26.02,26.02,88.0,26.02,10000.0,0.0,81.0,1.67,6.04,225.0,1007.0,0,803,Clouds,broken clouds,04n
2025-07-29 01:30:16,Ca Mau,Ca Mau,26.02,26.02,26.02,88.0,26.02,10000.0,0.0,81.0,1.67,6.04,225.0,1007.0,0,803,Clouds,broken clouds,04n
2025-07-29 01:34:01,Ca Mau,Ca Mau,25.99,25.99,25.99,88.0,25.99,10000.0,0.0,18.0,1.79,6.62,220.0,1007.0,0,801,Clouds,few clouds,02n
2025-07-29 01:37:48,Ca Mau,Ca Mau,25.99,25.99,25.99,88.0,25.99,10000.0,0.0,18.0,1.79,6.62,220.0,1007.0,0,801,Clouds,few clouds,02n
2025-07-29 01:41:33,Ca Mau,Ca Mau,25.91,25.91,25.91,89.0,26.88,10000.0,0.0,18.0,1.79,6.62,220.0,1007.0,0,801,Clouds,few clouds,02n
2025-07-29 01:45:20,Ca Mau,Ca Mau,25.91,25.91,25.91,89.0,26.88,10000.0,0.0,18.0,1.79,6.62,220.0,1007.0,0,801,Clouds,few clouds,02n
2025-07-29 01:49:06,Ca Mau,Ca Mau,25.91,25.91,25.91,89.0,26.88,10000.0,0.0,18.0,1.79,6.62,220.0,1007.0,0,801,Clouds,few clouds,02n
2025-07-29 01:52:52,Ca Mau,Ca Mau,25.91,25.91,25.91,89.0,26.88,10000.0,0.0,18.0,1.79,6.62,220.0,1007.0,0,801,Clouds,few clouds,02n
2025-07-29 01:56:37,Ca Mau,Ca Mau,25.91,25.91,25.91,89.0,26.88,10000.0,0.0,18.0,1.79,6.62,220.0,1007.0,0,801,Clouds,few clouds,02n
2025-07-29 02:00:23,Ca Mau,Ca Mau,25.91,25.91,25.91,89.0,26.88,10000.0,0.0,18.0,1.79,6.62,220.0,1007.0,0,801,Clouds,few clouds,02n
2025-07-29 02:04:09,Ca Mau,Ca Mau,25.91,25.91,25.91,89.0,26.88,10000.0,0.0,18.0,1.79,6.62,220.0,1007.0,0,801,Clouds,few clouds,02n
2025-07-29 02:07:54,Ca Mau,Ca Mau,25.92,25.92,25.92,89.0,26.89,10000.0,0.0,18.0,1.79,6.62,220.0,1007.0,0,801,Clouds,few clouds,02n
2025-07-29 02:11:43,Ca Mau,Ca Mau,25.92,25.92,25.92,89.0,26.89,10000.0,0.0,18.0,1.79,6.62,220.0,1007.0,0,801,Clouds,few clouds,02n
2025-07-29 02:15:30,Ca Mau,Ca Mau,25.92,25.92,25.92,89.0,26.89,10000.0,0.0,18.0,1.79,6.62,220.0,1007.0,0,801,Clouds,few clouds,02n
2025-07-29 02:19:16,Ca Mau,Ca Mau,25.92,25.92,25.92,89.0,26.89,10000.0,0.0,18.0,1.79,6.62,220.0,1007.0,0,801,Clouds,few clouds,02n
2025-07-29 02:23:02,Ca Mau,Ca Mau,25.92,25.92,25.92,89.0,26.89,10000.0,0.0,18.0,1.79,6.62,220.0,1007.0,0,801,Clouds,few clouds,02n
2025-07-29 02:26:48,Ca Mau,Ca Mau,25.92,25.92,25.92,89.0,26.89,10000.0,0.0,18.0,1.79,6.62,220.0,1007.0,0,801,Clouds,few clouds,02n
2025-07-29 02:30:34,Ca Mau,Ca Mau,25.73,25.73,25.73,90.0,26.71,10000.0,0.0,16.0,1.58,6.22,212.0,1006.0,0,801,Clouds,few clouds,02n
2025-07-29 02:34:24,Ca Mau,Ca Mau,25.73,25.73,25.73,90.0,26.71,10000.0,0.0,16.0,1.58,6.22,212.0,1006.0,0,801,Clouds,few clouds,02n
2025-07-29 02:38:10,Ca Mau,Ca Mau,25.73,25.73,25.73,90.0,26.71,10000.0,0.0,16.0,1.58,6.22,212.0,1006.0,0,801,Clouds,few clouds,02n
2025-07-29 02:41:56,Ca Mau,Ca Mau,25.73,25.73,25.73,90.0,26.71,10000.0,0.0,16.0,1.58,6.22,212.0,1006.0,0,801,Clouds,few clouds,02n
2025-07-29 02:45:41,Ca Mau,Ca Mau,25.73,25.73,25.73,90.0,26.71,10000.0,0.0,16.0,1.58,6.22,212.0,1006.0,0,801,Clouds,few clouds,02n
2025-07-29 02:49:27,Ca Mau,Ca Mau,25.73,25.73,25.73,90.0,26.71,10000.0,0.0,16.0,1.58,6.22,212.0,1006.0,0,801,Clouds,few clouds,02n
2025-07-29 02:53:16,Ca Mau,Ca Mau,25.73,25.73,25.73,90.0,26.71,10000.0,0.0,16.0,1.58,6.22,212.0,1006.0,0,801,Clouds,few clouds,02n
2025-07-29 02:57:04,Ca Mau,Ca Mau,25.73,25.73,25.73,90.0,26.71,10000.0,0.0,16.0,1.58,6.22,212.0,1006.0,0,801,Clouds,few clouds,02n
2025-07-29 03:00:50,Ca Mau,Ca Mau,25.73,25.73,25.73,90.0,26.71,10000.0,0.0,16.0,1.58,6.22,212.0,1006.0,0,801,Clouds,few clouds,02n
2025-07-29 03:04:36,Ca Mau,Ca Mau,25.75,25.75,25.75,90.0,26.73,10000.0,0.0,16.0,1.58,6.22,212.0,1006.0,0,801,Clouds,few clouds,02n
2025-07-29 03:08:22,Ca Mau,Ca Mau,25.75,25.75,25.75,90.0,26.73,10000.0,0.0,16.0,1.58,6.22,212.0,1006.0,0,801,Clouds,few clouds,02n
2025-07-29 03:12:10,Ca Mau,Ca Mau,25.75,25.75,25.75,90.0,26.73,10000.0,0.0,16.0,1.58,6.22,212.0,1006.0,0,801,Clouds,few clouds,02n
2025-07-29 03:15:57,Ca Mau,Ca Mau,25.75,25.75,25.75,90.0,26.73,10000.0,0.0,16.0,1.58,6.22,212.0,1006.0,0,801,Clouds,few clouds,02n
2025-07-29 03:19:43,Ca Mau,Ca Mau,25.75,25.75,25.75,90.0,26.73,10000.0,0.0,16.0,1.58,6.22,212.0,1006.0,0,801,Clouds,few clouds,02n
2025-07-29 03:23:28,Ca Mau,Ca Mau,25.75,25.75,25.75,90.0,26.73,10000.0,0.0,16.0,1.58,6.22,212.0,1006.0,0,801,Clouds,few clouds,02n
2025-07-29 03:27:14,Ca Mau,Ca Mau,25.75,25.75,25.75,90.0,26.73,10000.0,0.0,16.0,1.58,6.22,212.0,1006.0,0,801,Clouds,few clouds,02n
2025-07-29 03:31:03,Ca Mau,Ca Mau,25.64,25.64,25.64,89.0,26.58,10000.0,0.0,17.0,1.67,7.27,211.0,1006.0,0,801,Clouds,few clouds,02n
2025-07-29 03:34:54,Ca Mau,Ca Mau,25.64,25.64,25.64,89.0,26.58,10000.0,0.0,17.0,1.67,7.27,211.0,1006.0,0,801,Clouds,few clouds,02n
2025-07-29 03:38:40,Ca Mau,Ca Mau,25.64,25.64,25.64,89.0,26.58,10000.0,0.0,17.0,1.67,7.27,211.0,1006.0,0,801,Clouds,few clouds,02n
2025-07-29 03:42:25,Ca Mau,Ca Mau,25.64,25.64,25.64,89.0,26.58,10000.0,0.0,17.0,1.67,7.27,211.0,1006.0,0,801,Clouds,few clouds,02n
2025-07-29 03:46:11,Ca Mau,Ca Mau,25.64,25.64,25.64,89.0,26.58,10000.0,0.0,17.0,1.67,7.27,211.0,1006.0,0,801,Clouds,few clouds,02n
2025-07-29 03:49:57,Ca Mau,Ca Mau,25.64,25.64,25.64,89.0,26.58,10000.0,0.0,17.0,1.67,7.27,211.0,1006.0,0,801,Clouds,few clouds,02n
2025-07-29 03:53:42,Ca Mau,Ca Mau,25.63,25.63,25.63,89.0,26.57,10000.0,0.0,17.0,1.67,7.27,211.0,1006.0,0,801,Clouds,few clouds,02n
2025-07-29 03:57:28,Ca Mau,Ca Mau,25.63,25.63,25.63,89.0,26.57,10000.0,0.0,17.0,1.67,7.27,211.0,1006.0,0,801,Clouds,few clouds,02n
2025-07-29 04:01:14,Ca Mau,Ca Mau,25.63,25.63,25.63,89.0,26.57,10000.0,0.0,17.0,1.67,7.27,211.0,1006.0,0,801,Clouds,few clouds,02n
2025-07-29 04:05:00,Ca Mau,Ca Mau,25.63,25.63,25.63,89.0,26.57,10000.0,0.0,17.0,1.67,7.27,211.0,1006.0,0,801,Clouds,few clouds,02n
2025-07-29 04:08:46,Ca Mau,Ca Mau,25.65,25.65,25.65,90.0,26.62,10000.0,0.0,17.0,1.67,7.27,211.0,1006.0,0,801,Clouds,few clouds,02n
2025-07-29 04:12:31,Ca Mau,Ca Mau,25.65,25.65,25.65,90.0,26.62,10000.0,0.0,17.0,1.67,7.27,211.0,1006.0,0,801,Clouds,few clouds,02n
2025-07-29 04:16:17,Ca Mau,Ca Mau,25.65,25.65,25.65,90.0,26.62,10000.0,0.0,17.0,1.67,7.27,211.0,1006.0,0,801,Clouds,few clouds,02n
2025-07-29 04:20:04,Ca Mau,Ca Mau,25.65,25.65,25.65,90.0,26.62,10000.0,0.0,17.0,1.67,7.27,211.0,1006.0,0,801,Clouds,few clouds,02n
2025-07-29 04:23:50,Ca Mau,Ca Mau,25.65,25.65,25.65,90.0,26.62,10000.0,0.0,17.0,1.67,7.27,211.0,1006.0,0,801,Clouds,few clouds,02n
2025-07-29 04:27:37,Ca Mau,Ca Mau,25.65,25.65,25.65,90.0,26.62,10000.0,0.0,17.0,1.67,7.27,211.0,1006.0,0,801,Clouds,few clouds,02n
2025-07-29 04:31:27,Ca Mau,Ca Mau,25.65,25.65,25.65,90.0,26.62,10000.0,0.0,17.0,1.67,7.27,211.0,1006.0,0,801,Clouds,few clouds,02n
2025-07-29 04:35:21,Ca Mau,Ca Mau,25.65,25.65,25.65,90.0,26.62,10000.0,0.0,17.0,1.67,7.27,211.0,1006.0,0,801,Clouds,few clouds,02n
2025-07-29 04:39:07,Ca Mau,Ca Mau,25.64,25.64,25.64,89.0,26.58,10000.0,0.0,14.0,1.41,7.14,200.0,1007.0,0,801,Clouds,few clouds,02n
2025-07-29 04:42:54,Ca Mau,Ca Mau,25.64,25.64,25.64,89.0,26.58,10000.0,0.0,14.0,1.41,7.14,200.0,1007.0,0,801,Clouds,few clouds,02n
2025-07-29 04:46:39,Ca Mau,Ca Mau,25.64,25.64,25.64,89.0,26.58,10000.0,0.0,14.0,1.41,7.14,200.0,1007.0,0,801,Clouds,few clouds,02n
2025-07-29 04:50:25,Ca Mau,Ca Mau,25.64,25.64,25.64,89.0,26.58,10000.0,0.0,14.0,1.41,7.14,200.0,1007.0,0,801,Clouds,few clouds,02n
2025-07-29 04:54:11,Ca Mau,Ca Mau,25.64,25.64,25.64,89.0,26.58,10000.0,0.0,14.0,1.41,7.14,200.0,1007.0,0,801,Clouds,few clouds,02n
2025-07-29 04:57:57,Ca Mau,Ca Mau,25.64,25.64,25.64,89.0,26.58,10000.0,0.0,14.0,1.41,7.14,200.0,1007.0,0,801,Clouds,few clouds,02n
2025-07-29 05:01:43,Ca Mau,Ca Mau,25.64,25.64,25.64,89.0,26.58,10000.0,0.0,14.0,1.41,7.14,200.0,1007.0,0,801,Clouds,few clouds,02n
2025-07-29 05:05:30,Ca Mau,Ca Mau,25.66,25.66,25.66,90.0,26.63,10000.0,0.0,14.0,1.41,7.14,200.0,1007.0,0,801,Clouds,few clouds,02n
2025-07-29 05:09:19,Ca Mau,Ca Mau,25.66,25.66,25.66,90.0,26.63,10000.0,0.0,14.0,1.41,7.14,200.0,1007.0,0,801,Clouds,few clouds,02n
2025-07-29 05:13:05,Ca Mau,Ca Mau,25.66,25.66,25.66,90.0,26.63,10000.0,0.0,14.0,1.41,7.14,200.0,1007.0,0,801,Clouds,few clouds,02n
2025-07-29 05:16:51,Ca Mau,Ca Mau,25.66,25.66,25.66,90.0,26.63,10000.0,0.0,14.0,1.41,7.14,200.0,1007.0,0,801,Clouds,few clouds,02n
2025-07-29 05:20:38,Ca Mau,Ca Mau,25.66,25.66,25.66,90.0,26.63,10000.0,0.0,14.0,1.41,7.14,200.0,1007.0,0,801,Clouds,few clouds,02n
2025-07-29 05:24:23,Ca Mau,Ca Mau,25.66,25.66,25.66,90.0,26.63,10000.0,0.0,14.0,1.41,7.14,200.0,1007.0,0,801,Clouds,few clouds,02n
2025-07-29 05:28:10,Ca Mau,Ca Mau,25.66,25.66,25.66,90.0,26.63,10000.0,0.0,14.0,1.41,7.14,200.0,1007.0,0,801,Clouds,few clouds,02n
2025-07-29 05:31:57,Ca Mau,Ca Mau,25.66,25.66,25.66,90.0,26.63,10000.0,0.0,14.0,1.41,7.14,200.0,1007.0,0,801,Clouds,few clouds,02n
2025-07-29 05:35:44,Ca Mau,Ca Mau,25.61,25.61,25.61,90.0,26.58,10000.0,0.0,15.0,1.41,8.04,213.0,1007.0,0,801,Clouds,few clouds,02n
2025-07-29 05:39:30,Ca Mau,Ca Mau,25.61,25.61,25.61,90.0,26.58,10000.0,0.0,15.0,1.41,8.04,213.0,1007.0,0,801,Clouds,few clouds,02n
2025-07-29 05:43:16,Ca Mau,Ca Mau,25.61,25.61,25.61,90.0,26.58,10000.0,0.0,15.0,1.41,8.04,213.0,1007.0,0,801,Clouds,few clouds,02n
2025-07-29 05:47:02,Ca Mau,Ca Mau,25.61,25.61,25.61,90.0,26.58,10000.0,0.0,15.0,1.41,8.04,213.0,1007.0,0,801,Clouds,few clouds,02n
2025-07-29 05:50:51,Ca Mau,Ca Mau,25.62,25.62,25.62,90.0,26.59,10000.0,0.2,15.0,1.41,8.04,213.0,1007.0,1,500,Rain,light rain,10d
2025-07-29 05:54:42,Ca Mau,Ca Mau,25.62,25.62,25.62,90.0,26.59,10000.0,0.2,15.0,1.41,8.04,213.0,1007.0,1,500,Rain,light rain,10d
2025-07-29 05:58:28,Ca Mau,Ca Mau,25.62,25.62,25.62,90.0,26.59,10000.0,0.0,15.0,1.41,8.04,213.0,1007.0,1,801,Clouds,few clouds,02d
2025-07-29 06:02:14,Ca Mau,Ca Mau,25.62,25.62,25.62,90.0,26.59,10000.0,0.2,15.0,1.41,8.04,213.0,1007.0,1,500,Rain,light rain,10d
2025-07-29 06:05:59,Ca Mau,Ca Mau,25.62,25.62,25.62,90.0,26.59,10000.0,0.0,15.0,1.41,8.04,213.0,1007.0,1,801,Clouds,few clouds,02d
2025-07-29 06:09:45,Ca Mau,Ca Mau,25.64,25.64,25.64,90.0,26.61,10000.0,0.0,15.0,1.41,8.04,213.0,1007.0,1,801,Clouds,few clouds,02d
2025-07-29 06:13:31,Ca Mau,Ca Mau,25.64,25.64,25.64,90.0,26.61,10000.0,0.0,15.0,1.41,8.04,213.0,1007.0,1,801,Clouds,few clouds,02d
2025-07-29 06:17:17,Ca Mau,Ca Mau,25.64,25.64,25.64,90.0,26.61,10000.0,0.0,15.0,1.41,8.04,213.0,1007.0,1,801,Clouds,few clouds,02d
2025-07-29 06:21:03,Ca Mau,Ca Mau,25.64,25.64,25.64,90.0,26.61,10000.0,0.0,15.0,1.41,8.04,213.0,1007.0,1,801,Clouds,few clouds,02d
2025-07-29 06:24:49,Ca Mau,Ca Mau,25.64,25.64,25.64,90.0,26.61,10000.0,0.0,15.0,1.41,8.04,213.0,1007.0,1,801,Clouds,few clouds,02d
2025-07-29 06:28:35,Ca Mau,Ca Mau,25.64,25.64,25.64,90.0,26.61,10000.0,0.0,15.0,1.41,8.04,213.0,1007.0,1,801,Clouds,few clouds,02d
2025-07-29 06:32:21,Ca Mau,Ca Mau,26.98,26.98,26.98,82.0,29.88,10000.0,0.0,15.0,2.63,8.19,237.0,1008.0,1,801,Clouds,few clouds,02d
2025-07-29 06:36:08,Ca Mau,Ca Mau,26.98,26.98,26.98,82.0,29.88,10000.0,0.0,15.0,2.63,8.19,237.0,1008.0,1,801,Clouds,few clouds,02d
2025-07-29 06:39:54,Ca Mau,Ca Mau,26.98,26.98,26.98,82.0,29.88,10000.0,0.0,15.0,2.63,8.19,237.0,1008.0,1,801,Clouds,few clouds,02d
2025-07-29 06:43:40,Ca Mau,Ca Mau,26.98,26.98,26.98,82.0,29.88,10000.0,0.0,15.0,2.63,8.19,237.0,1008.0,1,801,Clouds,few clouds,02d
2025-07-29 06:47:26,Ca Mau,Ca Mau,26.98,26.98,26.98,82.0,29.88,10000.0,0.0,26.0,2.38,8.24,231.0,1008.0,1,802,Clouds,scattered clouds,03d
2025-07-29 06:51:14,Ca Mau,Ca Mau,26.98,26.98,26.98,82.0,29.88,10000.0,0.0,26.0,2.38,8.24,231.0,1008.0,1,802,Clouds,scattered clouds,03d
2025-07-29 06:55:04,Ca Mau,Ca Mau,26.98,26.98,26.98,82.0,29.88,10000.0,0.63,26.0,2.38,8.24,231.0,1008.0,1,500,Rain,light rain,10d
2025-07-29 06:58:55,Ca Mau,Ca Mau,26.98,26.98,26.98,82.0,29.88,10000.0,0.0,26.0,2.38,8.24,231.0,1008.0,1,802,Clouds,scattered clouds,03d
2025-07-29 07:02:41,Ca Mau,Ca Mau,26.98,26.98,26.98,82.0,29.88,10000.0,0.63,26.0,2.38,8.24,231.0,1008.0,1,500,Rain,light rain,10d
2025-07-29 07:06:29,Ca Mau,Ca Mau,26.98,26.98,26.98,82.0,29.88,10000.0,0.0,26.0,2.38,8.24,231.0,1008.0,1,802,Clouds,scattered clouds,03d
2025-07-29 07:10:18,Ca Mau,Ca Mau,26.98,26.98,26.98,82.0,29.88,10000.0,0.0,26.0,2.38,8.24,231.0,1008.0,1,802,Clouds,scattered clouds,03d
2025-07-29 07:14:08,Ca Mau,Ca Mau,26.98,26.98,26.98,82.0,29.88,10000.0,0.0,26.0,2.38,8.24,231.0,1008.0,1,802,Clouds,scattered clouds,03d
2025-07-29 07:17:56,Ca Mau,Ca Mau,26.98,26.98,26.98,82.0,29.88,10000.0,0.0,26.0,2.38,8.24,231.0,1008.0,1,802,Clouds,scattered clouds,03d
2025-07-29 07:21:42,Ca Mau,Ca Mau,26.98,26.98,26.98,82.0,29.88,10000.0,0.0,26.0,2.38,8.24,231.0,1008.0,1,802,Clouds,scattered clouds,03d
2025-07-29 07:25:28,Ca Mau,Ca Mau,26.98,26.98,26.98,82.0,29.88,10000.0,0.0,26.0,2.38,8.24,231.0,1008.0,1,802,Clouds,scattered clouds,03d
2025-07-29 07:29:14,Ca Mau,Ca Mau,26.98,26.98,26.98,82.0,29.88,10000.0,0.0,26.0,2.38,8.24,231.0,1008.0,1,802,Clouds,scattered clouds,03d
2025-07-29 07:33:01,Ca Mau,Ca Mau,28.68,28.68,28.68,72.0,32.38,10000.0,0.0,53.0,4.52,7.67,240.0,1008.0,1,803,Clouds,broken clouds,04d
2025-07-29 07:36:48,Ca Mau,Ca Mau,28.68,28.68,28.68,72.0,32.38,10000.0,0.0,53.0,4.52,7.67,240.0,1008.0,1,803,Clouds,broken clouds,04d
2025-07-29 07:40:34,Ca Mau,Ca Mau,28.68,28.68,28.68,72.0,32.38,10000.0,0.0,53.0,4.52,7.67,240.0,1008.0,1,803,Clouds,broken clouds,04d
2025-07-29 07:44:20,Ca Mau,Ca Mau,28.68,28.68,28.68,72.0,32.38,10000.0,0.0,53.0,4.52,7.67,240.0,1008.0,1,803,Clouds,broken clouds,04d
2025-07-29 07:48:06,Ca Mau,Ca Mau,28.68,28.68,28.68,72.0,32.38,10000.0,0.0,53.0,4.52,7.67,240.0,1008.0,1,803,Clouds,broken clouds,04d
2025-07-29 07:51:52,Ca Mau,Ca Mau,28.68,28.68,28.68,72.0,32.38,10000.0,0.0,53.0,4.52,7.67,240.0,1008.0,1,803,Clouds,broken clouds,04d
2025-07-29 07:55:38,Ca Mau,Ca Mau,28.68,28.68,28.68,72.0,32.38,10000.0,0.0,53.0,4.52,7.67,240.0,1008.0,1,803,Clouds,broken clouds,04d
2025-07-29 07:59:24,Ca Mau,Ca Mau,28.68,28.68,28.68,72.0,32.38,10000.0,0.0,53.0,4.52,7.67,240.0,1008.0,1,803,Clouds,broken clouds,04d
2025-07-29 08:03:09,Ca Mau,Ca Mau,28.74,28.74,28.74,73.0,32.69,10000.0,0.0,53.0,4.52,7.67,240.0,1008.0,1,803,Clouds,broken clouds,04d
2025-07-29 08:06:56,Ca Mau,Ca Mau,28.74,28.74,28.74,73.0,32.69,10000.0,0.0,53.0,4.52,7.67,240.0,1008.0,1,803,Clouds,broken clouds,04d
2025-07-29 08:10:42,Ca Mau,Ca Mau,28.74,28.74,28.74,73.0,32.69,10000.0,0.0,53.0,4.52,7.67,240.0,1008.0,1,803,Clouds,broken clouds,04d
2025-07-29 08:14:27,Ca Mau,Ca Mau,28.74,28.74,28.74,73.0,32.69,10000.0,0.0,53.0,4.52,7.67,240.0,1008.0,1,803,Clouds,broken clouds,04d
2025-07-29 08:18:13,Ca Mau,Ca Mau,28.74,28.74,28.74,73.0,32.69,10000.0,0.0,53.0,4.52,7.67,240.0,1008.0,1,803,Clouds,broken clouds,04d
2025-07-29 08:21:59,Ca Mau,Ca Mau,28.74,28.74,28.74,73.0,32.69,10000.0,0.0,53.0,4.52,7.67,240.0,1008.0,1,803,Clouds,broken clouds,04d
2025-07-29 08:25:45,Ca Mau,Ca Mau,28.74,28.74,28.74,73.0,32.69,10000.0,0.0,53.0,4.52,7.67,240.0,1008.0,1,803,Clouds,broken clouds,04d
2025-07-29 08:29:31,Ca Mau,Ca Mau,28.74,28.74,28.74,73.0,32.69,10000.0,0.0,53.0,4.52,7.67,240.0,1008.0,1,803,Clouds,broken clouds,04d
2025-07-29 08:33:17,Ca Mau,Ca Mau,28.74,28.74,28.74,73.0,32.69,10000.0,0.0,53.0,4.52,7.67,240.0,1008.0,1,803,Clouds,broken clouds,04d
2025-07-29 08:37:04,Ca Mau,Ca Mau,29.84,29.84,29.84,65.0,33.54,10000.0,0.0,75.0,5.16,8.19,246.0,1009.0,1,803,Clouds,broken clouds,04d
2025-07-29 08:40:49,Ca Mau,Ca Mau,29.84,29.84,29.84,65.0,33.54,10000.0,0.0,75.0,5.16,8.19,246.0,1009.0,1,803,Clouds,broken clouds,04d
2025-07-29 08:44:35,Ca Mau,Ca Mau,29.84,29.84,29.84,65.0,33.54,10000.0,0.0,75.0,5.16,8.19,246.0,1009.0,1,803,Clouds,broken clouds,04d
2025-07-29 08:48:21,Ca Mau,Ca Mau,29.9,29.9,29.9,65.0,33.67,10000.0,0.0,75.0,5.16,8.19,246.0,1009.0,1,803,Clouds,broken clouds,04d
2025-07-29 08:52:07,Ca Mau,Ca Mau,29.9,29.9,29.9,65.0,33.67,10000.0,0.0,75.0,5.16,8.19,246.0,1009.0,1,803,Clouds,broken clouds,04d
2025-07-29 08:55:53,Ca Mau,Ca Mau,29.9,29.9,29.9,65.0,33.67,10000.0,0.0,75.0,5.16,8.19,246.0,1009.0,1,803,Clouds,broken clouds,04d
2025-07-29 08:59:39,Ca Mau,Ca Mau,29.9,29.9,29.9,65.0,33.67,10000.0,0.0,75.0,5.16,8.19,246.0,1009.0,1,803,Clouds,broken clouds,04d
2025-07-29 09:03:25,Ca Mau,Ca Mau,29.91,29.91,29.91,66.0,33.91,10000.0,0.0,75.0,5.16,8.19,246.0,1009.0,1,803,Clouds,broken clouds,04d
2025-07-29 09:07:11,Ca Mau,Ca Mau,29.9,29.9,29.9,65.0,33.67,10000.0,0.0,75.0,5.16,8.19,246.0,1009.0,1,803,Clouds,broken clouds,04d
2025-07-29 09:10:57,Ca Mau,Ca Mau,29.91,29.91,29.91,66.0,33.91,10000.0,0.0,75.0,5.16,8.19,246.0,1009.0,1,803,Clouds,broken clouds,04d
2025-07-29 09:14:42,Ca Mau,Ca Mau,29.91,29.91,29.91,66.0,33.91,10000.0,0.0,75.0,5.16,8.19,246.0,1009.0,1,803,Clouds,broken clouds,04d
2025-07-29 09:18:28,Ca Mau,Ca Mau,29.91,29.91,29.91,66.0,33.91,10000.0,0.0,75.0,5.16,8.19,246.0,1009.0,1,803,Clouds,broken clouds,04d
2025-07-29 09:22:14,Ca Mau,Ca Mau,29.91,29.91,29.91,66.0,33.91,10000.0,0.0,75.0,5.16,8.19,246.0,1009.0,1,803,Clouds,broken clouds,04d
2025-07-29 09:26:00,Ca Mau,Ca Mau,29.91,29.91,29.91,66.0,33.91,10000.0,0.0,75.0,5.16,8.19,246.0,1009.0,1,803,Clouds,broken clouds,04d
2025-07-29 09:29:47,Ca Mau,Ca Mau,29.91,29.91,29.91,66.0,33.91,10000.0,0.0,75.0,5.16,8.19,246.0,1009.0,1,803,Clouds,broken clouds,04d
2025-07-29 09:33:35,Ca Mau,Ca Mau,29.91,29.91,29.91,66.0,33.91,10000.0,0.0,75.0,5.16,8.19,246.0,1009.0,1,803,Clouds,broken clouds,04d
2025-07-29 09:37:25,Ca Mau,Ca Mau,31.01,31.01,31.01,58.0,34.38,10000.0,0.0,77.0,5.64,8.35,244.0,1009.0,1,803,Clouds,broken clouds,04d
2025-07-29 09:41:16,Ca Mau,Ca Mau,31.01,31.01,31.01,58.0,34.38,10000.0,0.0,77.0,5.64,8.35,244.0,1009.0,1,803,Clouds,broken clouds,04d
2025-07-29 09:45:07,Ca Mau,Ca Mau,31.01,31.01,31.01,58.0,34.38,10000.0,0.0,77.0,5.64,8.35,244.0,1009.0,1,803,Clouds,broken clouds,04d
2025-07-29 09:48:58,Ca Mau,Ca Mau,31.01,31.01,31.01,58.0,34.38,10000.0,0.0,77.0,5.64,8.35,244.0,1009.0,1,803,Clouds,broken clouds,04d
2025-07-29 09:52:48,Ca Mau,Ca Mau,31.01,31.01,31.01,58.0,34.38,10000.0,0.0,77.0,5.64,8.35,244.0,1009.0,1,803,Clouds,broken clouds,04d
2025-07-29 09:56:38,Ca Mau,Ca Mau,31.01,31.01,31.01,58.0,34.38,10000.0,0.0,77.0,5.64,8.35,244.0,1009.0,1,803,Clouds,broken clouds,04d
2025-07-29 10:00:29,Ca Mau,Ca Mau,31.01,31.01,31.01,58.0,34.38,10000.0,0.0,77.0,5.64,8.35,244.0,1009.0,1,803,Clouds,broken clouds,04d
2025-07-29 10:04:19,Ca Mau,Ca Mau,31.0,31.0,31.0,58.0,34.36,10000.0,0.0,77.0,5.64,8.35,244.0,1009.0,1,803,Clouds,broken clouds,04d
2025-07-29 10:08:10,Ca Mau,Ca Mau,31.0,31.0,31.0,58.0,34.36,10000.0,0.0,77.0,5.64,8.35,244.0,1009.0,1,803,Clouds,broken clouds,04d
2025-07-29 10:12:01,Ca Mau,Ca Mau,31.0,31.0,31.0,58.0,34.36,10000.0,0.0,77.0,5.64,8.35,244.0,1009.0,1,803,Clouds,broken clouds,04d
2025-07-29 10:15:55,Ca Mau,Ca Mau,31.0,31.0,31.0,58.0,34.36,10000.0,0.0,77.0,5.64,8.35,244.0,1009.0,1,803,Clouds,broken clouds,04d
2025-07-29 10:19:47,Ca Mau,Ca Mau,31.0,31.0,31.0,58.0,34.36,10000.0,0.0,77.0,5.64,8.35,244.0,1009.0,1,803,Clouds,broken clouds,04d
2025-07-29 10:23:38,Ca Mau,Ca Mau,31.0,31.0,31.0,58.0,34.36,10000.0,0.0,77.0,5.64,8.35,244.0,1009.0,1,803,Clouds,broken clouds,04d
2025-07-29 10:27:30,Ca Mau,Ca Mau,31.0,31.0,31.0,58.0,34.36,10000.0,0.0,77.0,5.64,8.35,244.0,1009.0,1,803,Clouds,broken clouds,04d
2025-07-29 10:31:22,Ca Mau,Ca Mau,31.0,31.0,31.0,58.0,34.36,10000.0,0.0,77.0,5.64,8.35,244.0,1009.0,1,803,Clouds,broken clouds,04d
2025-07-29 10:35:14,Ca Mau,Ca Mau,32.01,32.01,32.01,53.0,35.13,10000.0,0.0,78.0,6.27,8.92,248.0,1008.0,1,803,Clouds,broken clouds,04d
2025-07-29 10:39:06,Ca Mau,Ca Mau,32.01,32.01,32.01,53.0,35.13,10000.0,0.0,78.0,6.27,8.92,248.0,1008.0,1,803,Clouds,broken clouds,04d
2025-07-29 10:42:59,Ca Mau,Ca Mau,32.01,32.01,32.01,53.0,35.13,10000.0,0.0,78.0,6.27,8.92,248.0,1008.0,1,803,Clouds,broken clouds,04d
2025-07-29 10:46:52,Ca Mau,Ca Mau,32.01,32.01,32.01,53.0,35.13,10000.0,0.0,78.0,6.27,8.92,248.0,1008.0,1,803,Clouds,broken clouds,04d
2025-07-29 10:50:44,Ca Mau,Ca Mau,32.02,32.02,32.02,53.0,35.15,10000.0,0.0,78.0,6.27,8.92,248.0,1008.0,1,803,Clouds,broken clouds,04d
2025-07-29 10:54:36,Ca Mau,Ca Mau,32.02,32.02,32.02,53.0,35.15,10000.0,0.0,78.0,6.27,8.92,248.0,1008.0,1,803,Clouds,broken clouds,04d
2025-07-29 10:58:27,Ca Mau,Ca Mau,32.02,32.02,32.02,53.0,35.15,10000.0,0.0,78.0,6.27,8.92,248.0,1008.0,1,803,Clouds,broken clouds,04d
2025-07-29 11:02:17,Ca Mau,Ca Mau,32.0,32.0,32.0,53.0,35.11,10000.0,0.0,78.0,6.27,8.92,248.0,1008.0,1,803,Clouds,broken clouds,04d
2025-07-29 11:06:08,Ca Mau,Ca Mau,32.0,32.0,32.0,53.0,35.11,10000.0,0.0,78.0,6.27,8.92,248.0,1008.0,1,803,Clouds,broken clouds,04d
2025-07-29 11:10:00,Ca Mau,Ca Mau,32.0,32.0,32.0,53.0,35.11,10000.0,0.0,78.0,6.27,8.92,248.0,1008.0,1,803,Clouds,broken clouds,04d
2025-07-29 11:13:51,Ca Mau,Ca Mau,32.0,32.0,32.0,53.0,35.11,10000.0,0.0,78.0,6.27,8.92,248.0,1008.0,1,803,Clouds,broken clouds,04d
2025-07-29 11:17:41,Ca Mau,Ca Mau,32.0,32.0,32.0,53.0,35.11,10000.0,0.0,78.0,6.27,8.92,248.0,1008.0,1,803,Clouds,broken clouds,04d
2025-07-29 11:21:33,Ca Mau,Ca Mau,32.0,32.0,32.0,53.0,35.11,10000.0,0.0,78.0,6.27,8.92,248.0,1008.0,1,803,Clouds,broken clouds,04d
2025-07-29 11:25:23,Ca Mau,Ca Mau,32.0,32.0,32.0,53.0,35.11,10000.0,0.0,78.0,6.27,8.92,248.0,1008.0,1,803,Clouds,broken clouds,04d
2025-07-29 11:29:14,Ca Mau,Ca Mau,32.0,32.0,32.0,53.0,35.11,10000.0,0.0,78.0,6.27,8.92,248.0,1008.0,1,803,Clouds,broken clouds,04d
2025-07-29 11:33:05,Ca Mau,Ca Mau,32.52,32.52,32.52,50.0,35.34,10000.0,0.0,83.0,6.58,9.15,250.0,1008.0,1,803,Clouds,broken clouds,04d
2025-07-29 11:36:56,Ca Mau,Ca Mau,32.52,32.52,32.52,50.0,35.34,10000.0,0.0,83.0,6.58,9.15,250.0,1008.0,1,803,Clouds,broken clouds,04d
2025-07-29 11:40:46,Ca Mau,Ca Mau,32.52,32.52,32.52,50.0,35.34,10000.0,0.0,83.0,6.58,9.15,250.0,1008.0,1,803,Clouds,broken clouds,04d
2025-07-29 11:44:37,Ca Mau,Ca Mau,32.52,32.52,32.52,50.0,35.34,10000.0,0.0,83.0,6.58,9.15,250.0,1008.0,1,803,Clouds,broken clouds,04d
2025-07-29 11:48:27,Ca Mau,Ca Mau,32.53,32.53,32.53,50.0,35.36,10000.0,0.0,83.0,6.58,9.15,250.0,1008.0,1,803,Clouds,broken clouds,04d
2025-07-29 11:52:17,Ca Mau,Ca Mau,32.53,32.53,32.53,50.0,35.36,10000.0,0.0,83.0,6.58,9.15,250.0,1008.0,1,803,Clouds,broken clouds,04d
2025-07-29 11:56:09,Ca Mau,Ca Mau,32.53,32.53,32.53,50.0,35.36,10000.0,0.0,83.0,6.58,9.15,250.0,1008.0,1,803,Clouds,broken clouds,04d
2025-07-29 12:00:00,Ca Mau,Ca Mau,32.53,32.53,32.53,50.0,35.36,10000.0,0.0,83.0,6.58,9.15,250.0,1008.0,1,803,Clouds,broken clouds,04d
2025-07-29 12:03:52,Ca Mau,Ca Mau,32.52,32.52,32.52,51.0,35.61,10000.0,0.0,83.0,6.58,9.15,250.0,1008.0,1,803,Clouds,broken clouds,04d
2025-07-29 12:07:42,Ca Mau,Ca Mau,32.52,32.52,32.52,51.0,35.61,10000.0,0.0,83.0,6.58,9.15,250.0,1008.0,1,803,Clouds,broken clouds,04d
2025-07-29 12:11:32,Ca Mau,Ca Mau,32.52,32.52,32.52,51.0,35.61,10000.0,0.0,83.0,6.58,9.15,250.0,1008.0,1,803,Clouds,broken clouds,04d
2025-07-29 12:15:24,Ca Mau,Ca Mau,32.52,32.52,32.52,51.0,35.61,10000.0,0.0,83.0,6.58,9.15,250.0,1008.0,1,803,Clouds,broken clouds,04d
2025-07-29 12:19:15,Ca Mau,Ca Mau,32.52,32.52,32.52,51.0,35.61,10000.0,0.0,83.0,6.58,9.15,250.0,1008.0,1,803,Clouds,broken clouds,04d
2025-07-29 12:23:06,Ca Mau,Ca Mau,32.51,32.51,32.51,51.0,35.59,10000.0,0.0,83.0,6.58,9.15,250.0,1008.0,1,803,Clouds,broken clouds,04d
2025-07-29 12:26:58,Ca Mau,Ca Mau,32.51,32.51,32.51,51.0,35.59,10000.0,0.0,83.0,6.58,9.15,250.0,1008.0,1,803,Clouds,broken clouds,04d
2025-07-29 12:30:48,Ca Mau,Ca Mau,32.51,32.51,32.51,51.0,35.59,10000.0,0.0,83.0,6.58,9.15,250.0,1008.0,1,803,Clouds,broken clouds,04d
2025-07-29 12:34:40,Ca Mau,Ca Mau,32.51,32.51,32.51,51.0,35.59,10000.0,0.0,83.0,6.58,9.15,250.0,1008.0,1,803,Clouds,broken clouds,04d
2025-07-29 12:38:30,Ca Mau,Ca Mau,32.75,32.75,32.75,49.0,35.52,10000.0,0.0,85.0,6.74,9.28,251.0,1007.0,1,804,Clouds,overcast clouds,04d
2025-07-29 12:42:21,Ca Mau,Ca Mau,32.75,32.75,32.75,49.0,35.52,10000.0,0.0,85.0,6.74,9.28,251.0,1007.0,1,804,Clouds,overcast clouds,04d
2025-07-29 12:46:13,Ca Mau,Ca Mau,32.75,32.75,32.75,49.0,35.52,10000.0,0.0,85.0,6.74,9.28,251.0,1007.0,1,804,Clouds,overcast clouds,04d
2025-07-29 12:50:04,Ca Mau,Ca Mau,32.75,32.75,32.75,49.0,35.52,10000.0,0.0,63.0,6.73,9.0,249.0,1007.0,1,803,Clouds,broken clouds,04d
2025-07-29 12:53:55,Ca Mau,Ca Mau,32.75,32.75,32.75,49.0,35.52,10000.0,0.0,63.0,6.73,9.0,249.0,1007.0,1,803,Clouds,broken clouds,04d
2025-07-29 12:57:46,Ca Mau,Ca Mau,32.75,32.75,32.75,49.0,35.52,10000.0,0.0,63.0,6.73,9.0,249.0,1007.0,1,803,Clouds,broken clouds,04d
2025-07-29 13:01:37,Ca Mau,Ca Mau,32.75,32.75,32.75,49.0,35.52,10000.0,0.0,63.0,6.73,9.0,249.0,1007.0,1,803,Clouds,broken clouds,04d
2025-07-29 13:05:28,Ca Mau,Ca Mau,32.75,32.75,32.75,49.0,35.52,10000.0,0.0,63.0,6.73,9.0,249.0,1007.0,1,803,Clouds,broken clouds,04d
2025-07-29 13:09:19,Ca Mau,Ca Mau,32.75,32.75,32.75,49.0,35.52,10000.0,0.0,63.0,6.73,9.0,249.0,1007.0,1,803,Clouds,broken clouds,04d
2025-07-29 13:13:10,Ca Mau,Ca Mau,32.75,32.75,32.75,49.0,35.52,10000.0,0.0,63.0,6.73,9.0,249.0,1007.0,1,803,Clouds,broken clouds,04d
2025-07-29 13:17:01,Ca Mau,Ca Mau,32.75,32.75,32.75,49.0,35.52,10000.0,0.0,63.0,6.73,9.0,249.0,1007.0,1,803,Clouds,broken clouds,04d
2025-07-29 13:20:52,Ca Mau,Ca Mau,32.89,32.89,32.89,49.0,35.79,10000.0,0.0,63.0,6.73,9.0,249.0,1007.0,1,803,Clouds,broken clouds,04d
2025-07-29 13:24:44,Ca Mau,Ca Mau,32.89,32.89,32.89,49.0,35.79,10000.0,0.0,63.0,6.73,9.0,249.0,1007.0,1,803,Clouds,broken clouds,04d
2025-07-29 13:28:34,Ca Mau,Ca Mau,32.89,32.89,32.89,49.0,35.79,10000.0,0.0,63.0,6.73,9.0,249.0,1007.0,1,803,Clouds,broken clouds,04d
2025-07-29 13:32:25,Ca Mau,Ca Mau,32.89,32.89,32.89,49.0,35.79,10000.0,0.0,63.0,6.73,9.0,249.0,1007.0,1,803,Clouds,broken clouds,04d
2025-07-29 13:36:16,Ca Mau,Ca Mau,32.89,32.89,32.89,49.0,35.79,10000.0,0.0,63.0,6.73,9.0,249.0,1007.0,1,803,Clouds,broken clouds,04d
2025-07-29 13:40:07,Ca Mau,Ca Mau,32.89,32.89,32.89,49.0,35.79,10000.0,0.0,63.0,6.73,9.0,249.0,1007.0,1,803,Clouds,broken clouds,04d
2025-07-29 13:43:58,Ca Mau,Ca Mau,32.56,32.56,32.56,49.0,35.16,10000.0,0.0,33.0,6.88,8.92,252.0,1006.0,1,802,Clouds,scattered clouds,03d
2025-07-29 13:47:50,Ca Mau,Ca Mau,32.56,32.56,32.56,49.0,35.16,10000.0,0.0,33.0,6.88,8.92,252.0,1006.0,1,802,Clouds,scattered clouds,03d
2025-07-29 13:51:40,Ca Mau,Ca Mau,32.61,32.61,32.61,49.0,35.25,10000.0,0.0,33.0,6.88,8.92,252.0,1006.0,1,802,Clouds,scattered clouds,03d
2025-07-29 13:55:31,Ca Mau,Ca Mau,32.61,32.61,32.61,49.0,35.25,10000.0,0.0,33.0,6.88,8.92,252.0,1006.0,1,802,Clouds,scattered clouds,03d
2025-07-29 13:59:22,Ca Mau,Ca Mau,32.61,32.61,32.61,49.0,35.25,10000.0,0.0,33.0,6.88,8.92,252.0,1006.0,1,802,Clouds,scattered clouds,03d
2025-07-29 14:03:13,Ca Mau,Ca Mau,32.61,32.61,32.61,49.0,35.25,10000.0,0.0,33.0,6.88,8.92,252.0,1006.0,1,802,Clouds,scattered clouds,03d
2025-07-29 14:07:04,Ca Mau,Ca Mau,32.61,32.61,32.61,50.0,35.52,10000.0,0.0,33.0,6.88,8.92,252.0,1006.0,1,802,Clouds,scattered clouds,03d
2025-07-29 14:10:55,Ca Mau,Ca Mau,32.61,32.61,32.61,50.0,35.52,10000.0,0.0,33.0,6.88,8.92,252.0,1006.0,1,802,Clouds,scattered clouds,03d
2025-07-29 14:14:46,Ca Mau,Ca Mau,32.61,32.61,32.61,50.0,35.52,10000.0,0.0,33.0,6.88,8.92,252.0,1006.0,1,802,Clouds,scattered clouds,03d
2025-07-29 14:18:36,Ca Mau,Ca Mau,32.62,32.62,32.62,50.0,35.54,10000.0,0.0,33.0,6.88,8.92,252.0,1006.0,1,802,Clouds,scattered clouds,03d
2025-07-29 14:22:26,Ca Mau,Ca Mau,32.62,32.62,32.62,50.0,35.54,10000.0,0.0,33.0,6.88,8.92,252.0,1006.0,1,802,Clouds,scattered clouds,03d
2025-07-29 14:26:16,Ca Mau,Ca Mau,32.62,32.62,32.62,50.0,35.54,10000.0,0.0,33.0,6.88,8.92,252.0,1006.0,1,802,Clouds,scattered clouds,03d
2025-07-29 14:30:08,Ca Mau,Ca Mau,32.62,32.62,32.62,50.0,35.54,10000.0,0.0,33.0,6.88,8.92,252.0,1006.0,1,802,Clouds,scattered clouds,03d
2025-07-29 14:34:00,Ca Mau,Ca Mau,32.0,32.0,32.0,51.0,34.61,10000.0,0.0,31.0,6.7,9.19,253.0,1006.0,1,802,Clouds,scattered clouds,03d
2025-07-29 14:37:52,Ca Mau,Ca Mau,32.0,32.0,32.0,51.0,34.61,10000.0,0.0,31.0,6.7,9.19,253.0,1006.0,1,802,Clouds,scattered clouds,03d
2025-07-29 14:41:43,Ca Mau,Ca Mau,32.0,32.0,32.0,51.0,34.61,10000.0,0.0,31.0,6.7,9.19,253.0,1006.0,1,802,Clouds,scattered clouds,03d
2025-07-29 14:45:34,Ca Mau,Ca Mau,32.0,32.0,32.0,51.0,34.61,10000.0,0.0,31.0,6.7,9.19,253.0,1006.0,1,802,Clouds,scattered clouds,03d
2025-07-29 14:49:25,Ca Mau,Ca Mau,32.0,32.0,32.0,51.0,34.61,10000.0,0.0,31.0,6.7,9.19,253.0,1006.0,1,802,Clouds,scattered clouds,03d
2025-07-29 14:53:16,Ca Mau,Ca Mau,32.0,32.0,32.0,51.0,34.61,10000.0,0.0,31.0,6.7,9.19,253.0,1006.0,1,802,Clouds,scattered clouds,03d
2025-07-29 14:57:08,Ca Mau,Ca Mau,32.05,32.05,32.05,51.0,34.7,10000.0,0.0,31.0,6.7,9.19,253.0,1006.0,1,802,Clouds,scattered clouds,03d
2025-07-29 15:01:00,Ca Mau,Ca Mau,32.05,32.05,32.05,51.0,34.7,10000.0,0.0,31.0,6.7,9.19,253.0,1006.0,1,802,Clouds,scattered clouds,03d
2025-07-29 15:04:50,Ca Mau,Ca Mau,32.05,32.05,32.05,51.0,34.7,10000.0,0.0,31.0,6.7,9.19,253.0,1006.0,1,802,Clouds,scattered clouds,03d
2025-07-29 15:08:41,Ca Mau,Ca Mau,32.05,32.05,32.05,51.0,34.7,10000.0,0.0,31.0,6.7,9.19,253.0,1006.0,1,802,Clouds,scattered clouds,03d
2025-07-29 15:12:32,Ca Mau,Ca Mau,32.05,32.05,32.05,51.0,34.7,10000.0,0.0,31.0,6.7,9.19,253.0,1006.0,1,802,Clouds,scattered clouds,03d
2025-07-29 15:16:23,Ca Mau,Ca Mau,32.05,32.05,32.05,51.0,34.7,10000.0,0.0,31.0,6.7,9.19,253.0,1006.0,1,802,Clouds,scattered clouds,03d
2025-07-29 15:20:14,Ca Mau,Ca Mau,32.05,32.05,32.05,51.0,34.7,10000.0,0.0,31.0,6.7,9.19,253.0,1006.0,1,802,Clouds,scattered clouds,03d
2025-07-29 15:24:16,Ca Mau,Ca Mau,32.05,32.05,32.05,51.0,34.7,10000.0,0.0,31.0,6.7,9.19,253.0,1006.0,1,802,Clouds,scattered clouds,03d
2025-07-29 15:28:07,Ca Mau,Ca Mau,32.05,32.05,32.05,51.0,34.7,10000.0,0.0,31.0,6.7,9.19,253.0,1006.0,1,802,Clouds,scattered clouds,03d
2025-07-29 15:32:04,Ca Mau,Ca Mau,32.05,32.05,32.05,51.0,34.7,10000.0,0.0,31.0,6.7,9.19,253.0,1006.0,1,802,Clouds,scattered clouds,03d
2025-07-29 15:35:56,Ca Mau,Ca Mau,31.49,31.49,31.49,53.0,34.13,10000.0,0.0,26.0,6.44,9.24,252.0,1006.0,1,802,Clouds,scattered clouds,03d
2025-07-29 15:39:48,Ca Mau,Ca Mau,31.49,31.49,31.49,53.0,34.13,10000.0,0.0,26.0,6.44,9.24,252.0,1006.0,1,802,Clouds,scattered clouds,03d
2025-07-29 15:43:39,Ca Mau,Ca Mau,31.49,31.49,31.49,53.0,34.13,10000.0,0.0,26.0,6.44,9.24,252.0,1006.0,1,802,Clouds,scattered clouds,03d
2025-07-29 15:47:30,Ca Mau,Ca Mau,31.49,31.49,31.49,53.0,34.13,10000.0,0.0,26.0,6.44,9.24,252.0,1006.0,1,802,Clouds,scattered clouds,03d
2025-07-29 15:51:22,Ca Mau,Ca Mau,31.48,31.48,31.48,53.0,34.11,10000.0,0.0,26.0,6.44,9.24,252.0,1006.0,1,802,Clouds,scattered clouds,03d
2025-07-29 15:55:14,Ca Mau,Ca Mau,31.48,31.48,31.48,53.0,34.11,10000.0,0.0,26.0,6.44,9.24,252.0,1006.0,1,802,Clouds,scattered clouds,03d
2025-07-29 15:59:06,Ca Mau,Ca Mau,31.48,31.48,31.48,53.0,34.11,10000.0,0.0,26.0,6.44,9.24,252.0,1006.0,1,802,Clouds,scattered clouds,03d
2025-07-29 16:02:56,Ca Mau,Ca Mau,31.48,31.48,31.48,53.0,34.11,10000.0,0.0,26.0,6.44,9.24,252.0,1006.0,1,802,Clouds,scattered clouds,03d
2025-07-29 16:06:47,Ca Mau,Ca Mau,31.49,31.49,31.49,53.0,34.13,10000.0,0.0,26.0,6.44,9.24,252.0,1006.0,1,802,Clouds,scattered clouds,03d
2025-07-29 16:10:38,Ca Mau,Ca Mau,31.49,31.49,31.49,53.0,34.13,10000.0,0.0,26.0,6.44,9.24,252.0,1006.0,1,802,Clouds,scattered clouds,03d
2025-07-29 16:14:29,Ca Mau,Ca Mau,31.49,31.49,31.49,53.0,34.13,10000.0,0.0,26.0,6.44,9.24,252.0,1006.0,1,802,Clouds,scattered clouds,03d
2025-07-29 16:18:20,Ca Mau,Ca Mau,31.49,31.49,31.49,53.0,34.13,10000.0,0.0,26.0,6.44,9.24,252.0,1006.0,1,802,Clouds,scattered clouds,03d
2025-07-29 16:22:11,Ca Mau,Ca Mau,31.49,31.49,31.49,53.0,34.13,10000.0,0.0,26.0,6.44,9.24,252.0,1006.0,1,802,Clouds,scattered clouds,03d
2025-07-29 16:26:02,Ca Mau,Ca Mau,31.49,31.49,31.49,53.0,34.13,10000.0,0.0,26.0,6.44,9.24,252.0,1006.0,1,802,Clouds,scattered clouds,03d
2025-07-29 16:29:54,Ca Mau,Ca Mau,31.49,31.49,31.49,53.0,34.13,10000.0,0.0,26.0,6.44,9.24,252.0,1006.0,1,802,Clouds,scattered clouds,03d
2025-07-29 16:33:45,Ca Mau,Ca Mau,31.49,31.49,31.49,53.0,34.13,10000.0,0.0,26.0,6.44,9.24,252.0,1006.0,1,802,Clouds,scattered clouds,03d
2025-07-29 16:37:35,Ca Mau,Ca Mau,31.49,31.49,31.49,53.0,34.13,10000.0,0.0,26.0,6.44,9.24,252.0,1006.0,1,802,Clouds,scattered clouds,03d
2025-07-29 16:41:25,Ca Mau,Ca Mau,30.28,30.28,30.28,58.0,32.96,10000.0,0.0,22.0,5.81,9.34,252.0,1006.0,1,801,Clouds,few clouds,02d
2025-07-29 16:45:17,Ca Mau,Ca Mau,30.28,30.28,30.28,58.0,32.96,10000.0,0.0,22.0,5.81,9.34,252.0,1006.0,1,801,Clouds,few clouds,02d
2025-07-29 16:49:08,Ca Mau,Ca Mau,30.28,30.28,30.28,58.0,32.96,10000.0,0.0,22.0,5.81,9.34,252.0,1006.0,1,801,Clouds,few clouds,02d
2025-07-29 16:53:00,Ca Mau,Ca Mau,30.28,30.28,30.28,58.0,32.96,10000.0,0.0,22.0,5.81,9.34,252.0,1006.0,1,801,Clouds,few clouds,02d
2025-07-29 16:56:53,Ca Mau,Ca Mau,30.28,30.28,30.28,58.0,32.96,10000.0,0.0,22.0,5.81,9.34,252.0,1006.0,1,801,Clouds,few clouds,02d
2025-07-29 17:00:43,Ca Mau,Ca Mau,30.28,30.28,30.28,58.0,32.96,10000.0,0.0,22.0,5.81,9.34,252.0,1006.0,1,801,Clouds,few clouds,02d
2025-07-29 17:04:34,Ca Mau,Ca Mau,30.28,30.28,30.28,58.0,32.96,10000.0,0.0,22.0,5.81,9.34,252.0,1006.0,1,801,Clouds,few clouds,02d
2025-07-29 17:08:26,Ca Mau,Ca Mau,30.3,30.3,30.3,59.0,33.2,10000.0,0.0,22.0,5.81,9.34,252.0,1006.0,1,801,Clouds,few clouds,02d
2025-07-29 17:12:18,Ca Mau,Ca Mau,30.3,30.3,30.3,59.0,33.2,10000.0,0.0,22.0,5.81,9.34,252.0,1006.0,1,801,Clouds,few clouds,02d
2025-07-29 17:16:10,Ca Mau,Ca Mau,30.3,30.3,30.3,59.0,33.2,10000.0,0.0,22.0,5.81,9.34,252.0,1006.0,1,801,Clouds,few clouds,02d
2025-07-29 17:20:01,Ca Mau,Ca Mau,30.3,30.3,30.3,59.0,33.2,10000.0,0.0,22.0,5.81,9.34,252.0,1006.0,1,801,Clouds,few clouds,02d
2025-07-29 17:23:53,Ca Mau,Ca Mau,30.3,30.3,30.3,59.0,33.2,10000.0,0.0,22.0,5.81,9.34,252.0,1006.0,1,801,Clouds,few clouds,02d
2025-07-29 17:27:44,Ca Mau,Ca Mau,30.3,30.3,30.3,59.0,33.2,10000.0,0.0,22.0,5.81,9.34,252.0,1006.0,1,801,Clouds,few clouds,02d
2025-07-29 17:31:34,Ca Mau,Ca Mau,28.92,28.92,28.92,69.0,32.37,10000.0,0.0,21.0,4.19,9.55,247.0,1006.0,1,801,Clouds,few clouds,02d
2025-07-29 17:35:25,Ca Mau,Ca Mau,28.92,28.92,28.92,69.0,32.37,10000.0,0.0,21.0,4.19,9.55,247.0,1006.0,1,801,Clouds,few clouds,02d
2025-07-29 17:39:18,Ca Mau,Ca Mau,28.92,28.92,28.92,69.0,32.37,10000.0,0.0,21.0,4.19,9.55,247.0,1006.0,1,801,Clouds,few clouds,02d
2025-07-29 17:43:09,Ca Mau,Ca Mau,28.92,28.92,28.92,69.0,32.37,10000.0,0.0,21.0,4.19,9.55,247.0,1006.0,1,801,Clouds,few clouds,02d
2025-07-29 17:47:01,Ca Mau,Ca Mau,28.91,28.91,28.91,69.0,32.35,10000.0,0.0,21.0,4.19,9.55,247.0,1006.0,1,801,Clouds,few clouds,02d
2025-07-29 17:50:53,Ca Mau,Ca Mau,28.91,28.91,28.91,69.0,32.35,10000.0,0.0,21.0,4.19,9.55,247.0,1006.0,1,801,Clouds,few clouds,02d
2025-07-29 17:54:46,Ca Mau,Ca Mau,28.91,28.91,28.91,69.0,32.35,10000.0,0.0,21.0,4.19,9.55,247.0,1006.0,1,801,Clouds,few clouds,02d
2025-07-29 17:58:39,Ca Mau,Ca Mau,28.91,28.91,28.91,69.0,32.35,10000.0,0.0,21.0,4.19,9.55,247.0,1006.0,1,801,Clouds,few clouds,02d
2025-07-29 18:02:33,Ca Mau,Ca Mau,28.91,28.91,28.91,69.0,32.35,10000.0,0.0,21.0,4.19,9.55,247.0,1006.0,1,801,Clouds,few clouds,02d
2025-07-29 18:06:29,Ca Mau,Ca Mau,28.94,28.94,28.94,69.0,32.42,10000.0,0.0,21.0,4.19,9.55,247.0,1006.0,1,801,Clouds,few clouds,02d
2025-07-29 18:10:21,Ca Mau,Ca Mau,28.94,28.94,28.94,69.0,32.42,10000.0,0.0,21.0,4.19,9.55,247.0,1006.0,1,801,Clouds,few clouds,02d
2025-07-29 18:14:12,Ca Mau,Ca Mau,28.94,28.94,28.94,69.0,32.42,10000.0,0.0,21.0,4.19,9.55,247.0,1006.0,1,801,Clouds,few clouds,02d
2025-07-29 18:18:06,Ca Mau,Ca Mau,28.94,28.94,28.94,69.0,32.42,10000.0,0.0,21.0,4.19,9.55,247.0,1006.0,1,801,Clouds,few clouds,02d
2025-07-29 18:22:02,Ca Mau,Ca Mau,28.94,28.94,28.94,69.0,32.42,10000.0,0.0,21.0,4.19,9.55,247.0,1006.0,0,801,Clouds,few clouds,02d
2025-07-29 18:25:55,Ca Mau,Ca Mau,28.94,28.94,28.94,69.0,32.42,10000.0,0.0,21.0,4.19,9.55,247.0,1006.0,0,801,Clouds,few clouds,02d
2025-07-29 18:29:51,Ca Mau,Ca Mau,28.94,28.94,28.94,69.0,32.42,10000.0,0.0,21.0,4.19,9.55,247.0,1006.0,0,801,Clouds,few clouds,02n
2025-07-29 18:33:44,Ca Mau,Ca Mau,28.94,28.94,28.94,69.0,32.42,10000.0,0.0,21.0,4.19,9.55,247.0,1006.0,0,801,Clouds,few clouds,02n
2025-07-29 18:37:36,Ca Mau,Ca Mau,27.67,27.67,27.67,77.0,30.9,10000.0,0.0,32.0,3.17,8.31,238.0,1007.0,0,802,Clouds,scattered clouds,03n
2025-07-29 18:41:29,Ca Mau,Ca Mau,27.67,27.67,27.67,77.0,30.9,10000.0,0.0,32.0,3.17,8.31,238.0,1007.0,0,802,Clouds,scattered clouds,03n
2025-07-29 18:45:26,Ca Mau,Ca Mau,27.67,27.67,27.67,77.0,30.9,10000.0,0.0,32.0,3.17,8.31,238.0,1007.0,0,802,Clouds,scattered clouds,03n
2025-07-29 18:49:22,Ca Mau,Ca Mau,27.66,27.66,27.66,77.0,30.87,10000.0,0.0,32.0,3.17,8.31,238.0,1007.0,0,802,Clouds,scattered clouds,03n
2025-07-29 18:53:16,Ca Mau,Ca Mau,27.66,27.66,27.66,77.0,30.87,10000.0,0.0,32.0,3.17,8.31,238.0,1007.0,0,802,Clouds,scattered clouds,03n
2025-07-29 18:57:11,Ca Mau,Ca Mau,27.66,27.66,27.66,77.0,30.87,10000.0,0.0,32.0,3.17,8.31,238.0,1007.0,0,802,Clouds,scattered clouds,03n
2025-07-29 19:01:09,Ca Mau,Ca Mau,27.66,27.66,27.66,77.0,30.87,10000.0,0.0,40.0,3.15,7.44,237.0,1007.0,0,802,Clouds,scattered clouds,03n
2025-07-29 19:05:14,Ca Mau,Ca Mau,27.66,27.66,27.66,77.0,30.87,10000.0,0.0,40.0,3.15,7.44,237.0,1007.0,0,802,Clouds,scattered clouds,03n
2025-07-29 19:09:11,Ca Mau,Ca Mau,27.66,27.66,27.66,77.0,30.87,10000.0,0.0,40.0,3.15,7.44,237.0,1007.0,0,802,Clouds,scattered clouds,03n
2025-07-29 19:13:03,Ca Mau,Ca Mau,27.66,27.66,27.66,77.0,30.87,10000.0,0.0,40.0,3.15,7.44,237.0,1007.0,0,802,Clouds,scattered clouds,03n
2025-07-29 19:16:53,Ca Mau,Ca Mau,27.66,27.66,27.66,77.0,30.87,10000.0,0.0,40.0,3.15,7.44,237.0,1007.0,0,802,Clouds,scattered clouds,03n
2025-07-29 19:20:39,Ca Mau,Ca Mau,27.66,27.66,27.66,77.0,30.87,10000.0,0.0,40.0,3.15,7.44,237.0,1007.0,0,802,Clouds,scattered clouds,03n
2025-07-29 19:24:25,Ca Mau,Ca Mau,27.66,27.66,27.66,77.0,30.87,10000.0,0.0,40.0,3.15,7.44,237.0,1007.0,0,802,Clouds,scattered clouds,03n
2025-07-29 19:28:12,Ca Mau,Ca Mau,27.66,27.66,27.66,77.0,30.87,10000.0,0.0,40.0,3.15,7.44,237.0,1007.0,0,802,Clouds,scattered clouds,03n
2025-07-29 19:31:58,Ca Mau,Ca Mau,27.34,27.34,27.34,81.0,30.63,10000.0,0.0,98.0,2.7,7.6,232.0,1008.0,0,804,Clouds,overcast clouds,04n
2025-07-29 19:35:45,Ca Mau,Ca Mau,27.34,27.34,27.34,81.0,30.63,10000.0,0.0,98.0,2.7,7.6,232.0,1008.0,0,804,Clouds,overcast clouds,04n
2025-07-29 19:39:32,Ca Mau,Ca Mau,27.82,27.82,27.82,80.0,31.65,10000.0,0.0,98.0,2.7,7.6,232.0,1008.0,0,804,Clouds,overcast clouds,04n
2025-07-29 19:43:19,Ca Mau,Ca Mau,27.82,27.82,27.82,80.0,31.65,10000.0,0.0,98.0,2.7,7.6,232.0,1008.0,0,804,Clouds,overcast clouds,04n
2025-07-29 19:47:05,Ca Mau,Ca Mau,27.82,27.82,27.82,80.0,31.65,10000.0,0.0,98.0,2.7,7.6,232.0,1008.0,0,804,Clouds,overcast clouds,04n
2025-07-29 19:50:53,Ca Mau,Ca Mau,27.82,27.82,27.82,80.0,31.65,10000.0,0.0,98.0,2.7,7.6,232.0,1008.0,0,804,Clouds,overcast clouds,04n
2025-07-29 19:54:40,Ca Mau,Ca Mau,27.82,27.82,27.82,80.0,31.65,10000.0,0.0,98.0,2.7,7.6,232.0,1008.0,0,804,Clouds,overcast clouds,04n
2025-07-29 19:58:26,Ca Mau,Ca Mau,27.82,27.82,27.82,80.0,31.65,10000.0,0.0,98.0,2.7,7.6,232.0,1008.0,0,804,Clouds,overcast clouds,04n
2025-07-29 20:02:11,Ca Mau,Ca Mau,27.82,27.82,27.82,80.0,31.65,10000.0,0.0,98.0,2.7,7.6,232.0,1008.0,0,804,Clouds,overcast clouds,04n
2025-07-29 20:05:57,Ca Mau,Ca Mau,27.83,27.83,27.83,81.0,31.82,10000.0,0.0,98.0,2.7,7.6,232.0,1008.0,0,804,Clouds,overcast clouds,04n
2025-07-29 20:09:43,Ca Mau,Ca Mau,27.83,27.83,27.83,81.0,31.82,10000.0,0.0,98.0,2.7,7.6,232.0,1008.0,0,804,Clouds,overcast clouds,04n
2025-07-29 20:13:29,Ca Mau,Ca Mau,27.83,27.83,27.83,81.0,31.82,10000.0,0.0,98.0,2.7,7.6,232.0,1008.0,0,804,Clouds,overcast clouds,04n
2025-07-29 20:17:15,Ca Mau,Ca Mau,27.83,27.83,27.83,81.0,31.82,10000.0,0.0,98.0,2.7,7.6,232.0,1008.0,0,804,Clouds,overcast clouds,04n
2025-07-29 20:21:01,Ca Mau,Ca Mau,27.83,27.83,27.83,81.0,31.82,10000.0,0.0,98.0,2.7,7.6,232.0,1008.0,0,804,Clouds,overcast clouds,04n
2025-07-29 20:24:49,Ca Mau,Ca Mau,27.83,27.83,27.83,81.0,31.82,10000.0,0.0,98.0,2.7,7.6,232.0,1008.0,0,804,Clouds,overcast clouds,04n
2025-07-29 20:28:36,Ca Mau,Ca Mau,27.83,27.83,27.83,81.0,31.82,10000.0,0.0,98.0,2.7,7.6,232.0,1008.0,0,804,Clouds,overcast clouds,04n
2025-07-29 20:32:22,Ca Mau,Ca Mau,27.83,27.83,27.83,81.0,31.82,10000.0,0.0,98.0,2.7,7.6,232.0,1008.0,0,804,Clouds,overcast clouds,04n
2025-07-29 20:36:10,Ca Mau,Ca Mau,27.83,27.83,27.83,81.0,31.82,10000.0,0.0,98.0,2.7,7.6,232.0,1008.0,0,804,Clouds,overcast clouds,04n
2025-07-29 20:39:57,Ca Mau,Ca Mau,27.32,27.32,27.32,83.0,30.81,10000.0,0.0,100.0,2.3,7.34,227.0,1009.0,0,804,Clouds,overcast clouds,04n
2025-07-29 20:43:43,Ca Mau,Ca Mau,27.32,27.32,27.32,83.0,30.81,10000.0,0.0,100.0,2.3,7.34,227.0,1009.0,0,804,Clouds,overcast clouds,04n
2025-07-29 20:47:29,Ca Mau,Ca Mau,27.32,27.32,27.32,83.0,30.81,10000.0,0.0,100.0,2.3,7.34,227.0,1009.0,0,804,Clouds,overcast clouds,04n
2025-07-29 20:51:15,Ca Mau,Ca Mau,27.32,27.32,27.32,83.0,30.81,10000.0,0.0,100.0,2.3,7.34,227.0,1009.0,0,804,Clouds,overcast clouds,04n
2025-07-29 20:55:01,Ca Mau,Ca Mau,27.32,27.32,27.32,83.0,30.81,10000.0,0.0,100.0,2.3,7.34,227.0,1009.0,0,804,Clouds,overcast clouds,04n
2025-07-29 20:58:48,Ca Mau,Ca Mau,27.32,27.32,27.32,83.0,30.81,10000.0,0.0,100.0,2.3,7.34,227.0,1009.0,0,804,Clouds,overcast clouds,04n
2025-07-29 21:02:33,Ca Mau,Ca Mau,27.34,27.34,27.34,83.0,30.86,10000.0,0.0,100.0,2.3,7.34,227.0,1009.0,0,804,Clouds,overcast clouds,04n
2025-07-29 21:06:19,Ca Mau,Ca Mau,27.34,27.34,27.34,83.0,30.86,10000.0,0.0,100.0,2.3,7.34,227.0,1009.0,0,804,Clouds,overcast clouds,04n
2025-07-29 21:10:05,Ca Mau,Ca Mau,27.34,27.34,27.34,83.0,30.86,10000.0,0.0,100.0,2.3,7.34,227.0,1009.0,0,804,Clouds,overcast clouds,04n
2025-07-29 21:13:51,Ca Mau,Ca Mau,27.34,27.34,27.34,83.0,30.86,10000.0,0.0,100.0,2.3,7.34,227.0,1009.0,0,804,Clouds,overcast clouds,04n
2025-07-29 21:17:37,Ca Mau,Ca Mau,27.34,27.34,27.34,83.0,30.86,10000.0,0.0,100.0,2.3,7.34,227.0,1009.0,0,804,Clouds,overcast clouds,04n
2025-07-29 21:21:23,Ca Mau,Ca Mau,27.34,27.34,27.34,83.0,30.86,10000.0,0.0,100.0,2.3,7.34,227.0,1009.0,0,804,Clouds,overcast clouds,04n
2025-07-29 21:25:09,Ca Mau,Ca Mau,27.34,27.34,27.34,83.0,30.86,10000.0,0.0,100.0,2.3,7.34,227.0,1009.0,0,804,Clouds,overcast clouds,04n
2025-07-29 21:28:57,Ca Mau,Ca Mau,27.34,27.34,27.34,83.0,30.86,10000.0,0.0,100.0,2.3,7.34,227.0,1009.0,0,804,Clouds,overcast clouds,04n
2025-07-29 21:32:43,Ca Mau,Ca Mau,27.34,27.34,27.34,83.0,30.86,10000.0,0.0,100.0,2.3,7.34,227.0,1009.0,0,804,Clouds,overcast clouds,04n
2025-07-29 21:36:31,Ca Mau,Ca Mau,27.02,27.02,27.02,85.0,30.27,10000.0,0.0,78.0,1.84,7.07,208.0,1009.0,0,803,Clouds,broken clouds,04n
2025-07-29 21:40:18,Ca Mau,Ca Mau,27.02,27.02,27.02,85.0,30.27,10000.0,0.0,78.0,1.84,7.07,208.0,1009.0,0,803,Clouds,broken clouds,04n
2025-07-29 21:44:06,Ca Mau,Ca Mau,27.02,27.02,27.02,85.0,30.27,10000.0,0.0,78.0,1.84,7.07,208.0,1009.0,0,803,Clouds,broken clouds,04n
2025-07-29 21:47:53,Ca Mau,Ca Mau,27.02,27.02,27.02,85.0,30.27,10000.0,0.0,78.0,1.84,7.07,208.0,1009.0,0,803,Clouds,broken clouds,04n
2025-07-29 21:51:40,Ca Mau,Ca Mau,27.02,27.02,27.02,85.0,30.27,10000.0,0.0,78.0,1.84,7.07,208.0,1009.0,0,803,Clouds,broken clouds,04n
2025-07-29 21:55:27,Ca Mau,Ca Mau,27.02,27.02,27.02,85.0,30.27,10000.0,0.0,78.0,1.84,7.07,208.0,1009.0,0,803,Clouds,broken clouds,04n
2025-07-29 21:59:14,Ca Mau,Ca Mau,27.02,27.02,27.02,85.0,30.27,10000.0,0.0,78.0,1.84,7.07,208.0,1009.0,0,803,Clouds,broken clouds,04n
2025-07-29 22:03:01,Ca Mau,Ca Mau,27.03,27.03,27.03,85.0,30.3,10000.0,0.0,78.0,1.84,7.07,208.0,1009.0,0,803,Clouds,broken clouds,04n
2025-07-29 22:06:50,Ca Mau,Ca Mau,27.03,27.03,27.03,85.0,30.3,10000.0,0.0,78.0,1.84,7.07,208.0,1009.0,0,803,Clouds,broken clouds,04n
2025-07-29 22:10:36,Ca Mau,Ca Mau,27.03,27.03,27.03,85.0,30.3,10000.0,0.0,78.0,1.84,7.07,208.0,1009.0,0,803,Clouds,broken clouds,04n
2025-07-29 22:14:23,Ca Mau,Ca Mau,27.03,27.03,27.03,85.0,30.3,10000.0,0.0,78.0,1.84,7.07,208.0,1009.0,0,803,Clouds,broken clouds,04n
2025-07-29 22:18:11,Ca Mau,Ca Mau,27.03,27.03,27.03,85.0,30.3,10000.0,0.0,78.0,1.84,7.07,208.0,1009.0,0,803,Clouds,broken clouds,04n
2025-07-29 22:21:58,Ca Mau,Ca Mau,27.03,27.03,27.03,85.0,30.3,10000.0,0.0,78.0,1.84,7.07,208.0,1009.0,0,803,Clouds,broken clouds,04n
2025-07-29 22:25:45,Ca Mau,Ca Mau,27.03,27.03,27.03,85.0,30.3,10000.0,0.0,78.0,1.84,7.07,208.0,1009.0,0,803,Clouds,broken clouds,04n
2025-07-29 22:29:31,Ca Mau,Ca Mau,27.03,27.03,27.03,85.0,30.3,10000.0,0.0,78.0,1.84,7.07,208.0,1009.0,0,803,Clouds,broken clouds,04n
2025-07-29 22:33:18,Ca Mau,Ca Mau,26.57,26.57,26.57,88.0,26.57,10000.0,0.0,64.0,1.95,6.97,216.0,1009.0,0,803,Clouds,broken clouds,04n
2025-07-29 22:37:05,Ca Mau,Ca Mau,26.57,26.57,26.57,88.0,26.57,10000.0,0.0,64.0,1.95,6.97,216.0,1009.0,0,803,Clouds,broken clouds,04n
2025-07-29 22:40:52,Ca Mau,Ca Mau,26.57,26.57,26.57,88.0,26.57,10000.0,0.0,64.0,1.95,6.97,216.0,1009.0,0,803,Clouds,broken clouds,04n
2025-07-29 22:44:38,Ca Mau,Ca Mau,26.57,26.57,26.57,88.0,26.57,10000.0,0.0,64.0,1.95,6.97,216.0,1009.0,0,803,Clouds,broken clouds,04n
2025-07-29 22:48:26,Ca Mau,Ca Mau,26.57,26.57,26.57,88.0,26.57,10000.0,0.0,64.0,1.95,6.97,216.0,1009.0,0,803,Clouds,broken clouds,04n
2025-07-29 22:52:14,Ca Mau,Ca Mau,26.57,26.57,26.57,88.0,26.57,10000.0,0.0,64.0,1.95,6.97,216.0,1009.0,0,803,Clouds,broken clouds,04n
2025-07-29 22:56:00,Ca Mau,Ca Mau,26.57,26.57,26.57,88.0,26.57,10000.0,0.0,64.0,1.95,6.97,216.0,1009.0,0,803,Clouds,broken clouds,04n
2025-07-29 22:59:47,Ca Mau,Ca Mau,26.57,26.57,26.57,88.0,26.57,10000.0,0.0,64.0,1.95,6.97,216.0,1009.0,0,803,Clouds,broken clouds,04n
2025-07-29 23:03:33,Ca Mau,Ca Mau,26.57,26.57,26.57,88.0,26.57,10000.0,0.0,64.0,1.95,6.97,216.0,1009.0,0,803,Clouds,broken clouds,04n
2025-07-29 23:07:20,Ca Mau,Ca Mau,26.59,26.59,26.59,88.0,26.59,10000.0,0.0,64.0,1.95,6.97,216.0,1009.0,0,803,Clouds,broken clouds,04n
2025-07-29 23:11:08,Ca Mau,Ca Mau,26.59,26.59,26.59,88.0,26.59,10000.0,0.0,64.0,1.95,6.97,216.0,1009.0,0,803,Clouds,broken clouds,04n
2025-07-29 23:14:55,Ca Mau,Ca Mau,26.59,26.59,26.59,88.0,26.59,10000.0,0.0,64.0,1.95,6.97,216.0,1009.0,0,803,Clouds,broken clouds,04n
2025-07-29 23:18:41,Ca Mau,Ca Mau,26.59,26.59,26.59,88.0,26.59,10000.0,0.0,64.0,1.95,6.97,216.0,1009.0,0,803,Clouds,broken clouds,04n
2025-07-29 23:22:28,Ca Mau,Ca Mau,26.59,26.59,26.59,88.0,26.59,10000.0,0.0,64.0,1.95,6.97,216.0,1009.0,0,803,Clouds,broken clouds,04n
2025-07-29 23:26:14,Ca Mau,Ca Mau,26.59,26.59,26.59,88.0,26.59,10000.0,0.0,64.0,1.95,6.97,216.0,1009.0,0,803,Clouds,broken clouds,04n
2025-07-29 23:30:01,Ca Mau,Ca Mau,26.23,26.23,26.23,90.0,26.23,10000.0,0.0,61.0,1.53,5.83,225.0,1009.0,0,803,Clouds,broken clouds,04n
2025-07-29 23:33:49,Ca Mau,Ca Mau,26.23,26.23,26.23,90.0,26.23,10000.0,0.0,61.0,1.53,5.83,225.0,1009.0,0,803,Clouds,broken clouds,04n
2025-07-29 23:37:38,Ca Mau,Ca Mau,26.23,26.23,26.23,90.0,26.23,10000.0,0.0,61.0,1.53,5.83,225.0,1009.0,0,803,Clouds,broken clouds,04n
2025-07-29 23:41:29,Ca Mau,Ca Mau,26.17,26.17,26.17,90.0,26.17,10000.0,0.0,61.0,1.53,5.83,225.0,1009.0,0,803,Clouds,broken clouds,04n
2025-07-29 23:45:15,Ca Mau,Ca Mau,26.17,26.17,26.17,90.0,26.17,10000.0,0.0,61.0,1.53,5.83,225.0,1009.0,0,803,Clouds,broken clouds,04n
2025-07-29 23:49:02,Ca Mau,Ca Mau,26.18,26.18,26.18,90.0,26.18,10000.0,0.0,61.0,1.53,5.83,225.0,1009.0,0,803,Clouds,broken clouds,04n
2025-07-29 23:52:50,Ca Mau,Ca Mau,26.18,26.18,26.18,90.0,26.18,10000.0,0.0,61.0,1.53,5.83,225.0,1009.0,0,803,Clouds,broken clouds,04n
2025-07-29 23:56:36,Ca Mau,Ca Mau,26.18,26.18,26.18,90.0,26.18,10000.0,0.0,61.0,1.53,5.83,225.0,1009.0,0,803,Clouds,broken clouds,04n
2025-07-30 00:00:23,Ca Mau,Ca Mau,26.18,26.18,26.18,90.0,26.18,10000.0,0.0,61.0,1.53,5.83,225.0,1009.0,0,803,Clouds,broken clouds,04n
2025-07-30 00:04:10,Ca Mau,Ca Mau,26.19,26.19,26.19,90.0,26.19,10000.0,0.0,61.0,1.53,5.83,225.0,1009.0,0,803,Clouds,broken clouds,04n
2025-07-30 00:07:56,Ca Mau,Ca Mau,26.19,26.19,26.19,90.0,26.19,10000.0,0.0,61.0,1.53,5.83,225.0,1009.0,0,803,Clouds,broken clouds,04n
2025-07-30 00:11:42,Ca Mau,Ca Mau,26.19,26.19,26.19,90.0,26.19,10000.0,0.0,61.0,1.53,5.83,225.0,1009.0,0,803,Clouds,broken clouds,04n
2025-07-30 00:15:29,Ca Mau,Ca Mau,26.19,26.19,26.19,90.0,26.19,10000.0,0.0,61.0,1.53,5.83,225.0,1009.0,0,803,Clouds,broken clouds,04n
2025-07-30 00:19:15,Ca Mau,Ca Mau,26.19,26.19,26.19,90.0,26.19,10000.0,0.0,61.0,1.53,5.83,225.0,1009.0,0,803,Clouds,broken clouds,04n
2025-07-30 00:23:03,Ca Mau,Ca Mau,26.19,26.19,26.19,90.0,26.19,10000.0,0.0,61.0,1.53,5.83,225.0,1009.0,0,803,Clouds,broken clouds,04n
2025-07-30 00:26:50,Ca Mau,Ca Mau,26.19,26.19,26.19,90.0,26.19,10000.0,0.0,61.0,1.53,5.83,225.0,1009.0,0,803,Clouds,broken clouds,04n
2025-07-30 00:30:36,Ca Mau,Ca Mau,26.27,26.27,26.27,87.0,26.27,10000.0,0.0,53.0,1.93,6.56,233.0,1008.0,0,803,Clouds,broken clouds,04n
2025-07-30 00:34:23,Ca Mau,Ca Mau,26.27,26.27,26.27,87.0,26.27,10000.0,0.0,53.0,1.93,6.56,233.0,1008.0,0,803,Clouds,broken clouds,04n
2025-07-30 00:38:09,Ca Mau,Ca Mau,26.27,26.27,26.27,87.0,26.27,10000.0,0.0,53.0,1.93,6.56,233.0,1008.0,0,803,Clouds,broken clouds,04n
2025-07-30 00:44:06,Ca Mau,Ca Mau,26.27,26.27,26.27,87.0,26.27,10000.0,0.0,53.0,1.93,6.56,233.0,1008.0,0,803,Clouds,broken clouds,04n
2025-07-30 00:47:54,Ca Mau,Ca Mau,26.27,26.27,26.27,87.0,26.27,10000.0,0.0,53.0,1.93,6.56,233.0,1008.0,0,803,Clouds,broken clouds,04n
2025-07-30 00:51:40,Ca Mau,Ca Mau,26.27,26.27,26.27,87.0,26.27,10000.0,0.0,53.0,1.93,6.56,233.0,1008.0,0,803,Clouds,broken clouds,04n
