time,province,city,temperature,temp_min,temp_max,humidity,feels_like,visibility,precipitation,cloudcover,wind_speed,wind_gust,wind_direction,pressure,is_day,weather_code,weather_main,weather_description,weather_icon
2025-07-18 01:20:46,Dong Nai-Bien Hoa,Bien Hoa,27.25,27.0,27.25,89.0,31.34,10000.0,0.0,100.0,2.69,6.13,249.0,1007.0,0,804,Clouds,overcast clouds,04n
2025-07-18 01:22:41,Dong Nai-Bien Hoa,Bien Hoa,27.25,27.0,27.25,89.0,31.34,10000.0,0.0,100.0,2.69,6.13,249.0,1007.0,0,804,Clouds,overcast clouds,04n
2025-07-18 01:24:36,Dong Nai-Bien Hoa,Bien Hoa,27.25,27.0,27.25,89.0,31.34,10000.0,0.0,100.0,2.69,6.13,249.0,1007.0,0,804,Clouds,overcast clouds,04n
2025-07-18 01:26:32,Dong Nai-Bien Hoa,Bien Hoa,27.25,27.0,27.25,89.0,31.34,10000.0,0.0,100.0,2.69,6.13,249.0,1007.0,0,804,Clouds,overcast clouds,04n
2025-07-18 01:28:27,Dong Nai-Bien Hoa,Bien Hoa,27.25,27.0,27.25,89.0,31.34,10000.0,0.0,100.0,2.69,6.13,249.0,1007.0,0,804,Clouds,overcast clouds,04n
2025-07-18 01:30:22,Dong Nai-Bien Hoa,Bien Hoa,27.25,27.0,27.25,89.0,31.34,10000.0,0.0,100.0,2.69,6.13,249.0,1007.0,0,804,Clouds,overcast clouds,04n
2025-07-18 01:32:21,Dong Nai-Bien Hoa,Bien Hoa,27.25,27.0,27.25,90.0,31.46,10000.0,0.0,100.0,2.16,4.08,247.0,1007.0,0,804,Clouds,overcast clouds,04n
2025-07-18 01:34:16,Dong Nai-Bien Hoa,Bien Hoa,27.25,27.0,27.25,90.0,31.46,10000.0,0.0,100.0,2.16,4.08,247.0,1007.0,0,804,Clouds,overcast clouds,04n
2025-07-18 01:36:10,Dong Nai-Bien Hoa,Bien Hoa,27.25,27.0,27.25,89.0,31.34,10000.0,0.0,100.0,2.69,6.13,249.0,1007.0,0,804,Clouds,overcast clouds,04n
2025-07-18 01:38:06,Dong Nai-Bien Hoa,Bien Hoa,27.25,27.0,27.25,90.0,31.46,10000.0,0.0,100.0,2.16,4.08,247.0,1007.0,0,804,Clouds,overcast clouds,04n
2025-07-18 01:40:01,Dong Nai-Bien Hoa,Bien Hoa,27.25,27.0,27.25,90.0,31.46,10000.0,0.0,100.0,2.16,4.08,247.0,1007.0,0,804,Clouds,overcast clouds,04n
2025-07-18 01:41:59,Dong Nai-Bien Hoa,Bien Hoa,27.25,27.0,27.25,90.0,31.46,10000.0,0.0,100.0,2.16,4.08,247.0,1007.0,0,804,Clouds,overcast clouds,04n
2025-07-18 01:43:53,Dong Nai-Bien Hoa,Bien Hoa,27.25,27.0,27.25,90.0,31.46,10000.0,0.0,100.0,2.16,4.08,247.0,1007.0,0,804,Clouds,overcast clouds,04n
2025-07-18 01:45:49,Dong Nai-Bien Hoa,Bien Hoa,27.25,27.0,27.25,90.0,31.46,10000.0,0.0,100.0,2.16,4.08,247.0,1007.0,0,804,Clouds,overcast clouds,04n
2025-07-18 01:47:46,Dong Nai-Bien Hoa,Bien Hoa,26.7,26.7,27.0,89.0,29.81,10000.0,0.0,100.0,2.16,4.08,247.0,1007.0,0,804,Clouds,overcast clouds,04n
2025-07-18 01:49:41,Dong Nai-Bien Hoa,Bien Hoa,26.7,26.7,27.0,89.0,29.81,10000.0,0.0,100.0,2.16,4.08,247.0,1007.0,0,804,Clouds,overcast clouds,04n
2025-07-18 01:51:36,Dong Nai-Bien Hoa,Bien Hoa,26.7,26.7,27.0,89.0,29.81,10000.0,0.0,100.0,2.16,4.08,247.0,1007.0,0,804,Clouds,overcast clouds,04n
2025-07-18 01:53:30,Dong Nai-Bien Hoa,Bien Hoa,26.7,26.7,27.0,89.0,29.81,10000.0,0.0,100.0,2.16,4.08,247.0,1007.0,0,804,Clouds,overcast clouds,04n
2025-07-18 01:55:25,Dong Nai-Bien Hoa,Bien Hoa,26.7,26.7,27.0,89.0,29.81,10000.0,0.0,100.0,2.16,4.08,247.0,1007.0,0,804,Clouds,overcast clouds,04n
2025-07-18 01:57:19,Dong Nai-Bien Hoa,Bien Hoa,26.7,26.7,27.0,89.0,29.81,10000.0,0.0,100.0,2.16,4.08,247.0,1007.0,0,804,Clouds,overcast clouds,04n
2025-07-18 01:59:14,Dong Nai-Bien Hoa,Bien Hoa,26.7,26.7,27.0,89.0,29.81,10000.0,0.0,100.0,2.16,4.08,247.0,1007.0,0,804,Clouds,overcast clouds,04n
2025-07-18 02:03:02,Dong Nai-Bien Hoa,Bien Hoa,26.7,26.7,27.0,89.0,29.81,10000.0,0.0,100.0,2.16,4.08,247.0,1007.0,0,804,Clouds,overcast clouds,04n
2025-07-18 02:04:57,Dong Nai-Bien Hoa,Bien Hoa,26.7,26.7,27.0,89.0,29.81,10000.0,0.0,100.0,2.16,4.08,247.0,1007.0,0,804,Clouds,overcast clouds,04n
2025-07-18 02:06:54,Dong Nai-Bien Hoa,Bien Hoa,26.7,26.7,27.0,89.0,29.81,10000.0,0.0,100.0,2.16,4.08,247.0,1007.0,0,804,Clouds,overcast clouds,04n
2025-07-18 02:08:50,Dong Nai-Bien Hoa,Bien Hoa,26.7,26.7,27.0,89.0,29.81,10000.0,0.0,100.0,2.16,4.08,247.0,1007.0,0,804,Clouds,overcast clouds,04n
2025-07-18 02:10:46,Dong Nai-Bien Hoa,Bien Hoa,26.7,26.7,27.0,89.0,29.81,10000.0,0.0,100.0,2.16,4.08,247.0,1007.0,0,804,Clouds,overcast clouds,04n
2025-07-18 02:12:40,Dong Nai-Bien Hoa,Bien Hoa,26.7,26.7,27.0,89.0,29.81,10000.0,0.0,100.0,2.16,4.08,247.0,1007.0,0,804,Clouds,overcast clouds,04n
2025-07-18 02:14:35,Dong Nai-Bien Hoa,Bien Hoa,26.7,26.7,27.0,89.0,29.81,10000.0,0.0,100.0,2.16,4.08,247.0,1007.0,0,804,Clouds,overcast clouds,04n
2025-07-18 02:16:31,Dong Nai-Bien Hoa,Bien Hoa,26.7,26.7,27.0,89.0,29.81,10000.0,0.0,100.0,2.16,4.08,247.0,1007.0,0,804,Clouds,overcast clouds,04n
2025-07-18 02:18:27,Dong Nai-Bien Hoa,Bien Hoa,26.7,26.7,27.0,89.0,29.81,10000.0,0.0,100.0,2.16,4.08,247.0,1007.0,0,804,Clouds,overcast clouds,04n
2025-07-18 02:20:22,Dong Nai-Bien Hoa,Bien Hoa,26.7,26.7,27.0,89.0,29.81,10000.0,0.0,100.0,2.16,4.08,247.0,1007.0,0,804,Clouds,overcast clouds,04n
2025-07-18 02:22:16,Dong Nai-Bien Hoa,Bien Hoa,26.7,26.7,27.0,89.0,29.81,10000.0,0.0,100.0,2.16,4.08,247.0,1007.0,0,804,Clouds,overcast clouds,04n
2025-07-18 02:24:11,Dong Nai-Bien Hoa,Bien Hoa,26.7,26.7,27.0,89.0,29.81,10000.0,0.0,100.0,2.16,4.08,247.0,1007.0,0,804,Clouds,overcast clouds,04n
2025-07-18 02:26:06,Dong Nai-Bien Hoa,Bien Hoa,26.7,26.7,27.0,90.0,29.89,10000.0,0.0,100.0,2.16,4.08,247.0,1007.0,0,804,Clouds,overcast clouds,04n
2025-07-18 02:28:02,Dong Nai-Bien Hoa,Bien Hoa,26.7,26.7,27.0,90.0,29.89,10000.0,0.0,100.0,2.16,4.08,247.0,1007.0,0,804,Clouds,overcast clouds,04n
2025-07-18 02:29:57,Dong Nai-Bien Hoa,Bien Hoa,26.7,26.7,27.0,90.0,29.89,10000.0,0.0,100.0,2.16,4.08,247.0,1007.0,0,804,Clouds,overcast clouds,04n
2025-07-18 02:31:53,Dong Nai-Bien Hoa,Bien Hoa,26.7,26.7,27.0,90.0,29.89,10000.0,0.0,100.0,1.73,2.48,245.0,1007.0,0,804,Clouds,overcast clouds,04n
2025-07-18 02:33:47,Dong Nai-Bien Hoa,Bien Hoa,26.7,26.7,27.0,90.0,29.89,10000.0,0.0,100.0,2.16,4.08,247.0,1007.0,0,804,Clouds,overcast clouds,04n
2025-07-18 02:35:42,Dong Nai-Bien Hoa,Bien Hoa,26.7,26.7,27.0,90.0,29.89,10000.0,0.0,100.0,2.16,4.08,247.0,1007.0,0,804,Clouds,overcast clouds,04n
2025-07-18 02:37:36,Dong Nai-Bien Hoa,Bien Hoa,26.7,26.7,27.0,90.0,29.89,10000.0,0.0,100.0,2.16,4.08,247.0,1007.0,0,804,Clouds,overcast clouds,04n
2025-07-18 02:39:31,Dong Nai-Bien Hoa,Bien Hoa,26.7,26.7,27.0,90.0,29.89,10000.0,0.0,100.0,2.16,4.08,247.0,1007.0,0,804,Clouds,overcast clouds,04n
2025-07-18 02:41:27,Dong Nai-Bien Hoa,Bien Hoa,26.7,26.7,27.0,90.0,29.89,10000.0,0.0,100.0,1.73,2.48,245.0,1007.0,0,804,Clouds,overcast clouds,04n
2025-07-18 02:43:21,Dong Nai-Bien Hoa,Bien Hoa,26.7,26.7,27.0,90.0,29.89,10000.0,0.0,100.0,1.73,2.48,245.0,1007.0,0,804,Clouds,overcast clouds,04n
2025-07-18 02:45:18,Dong Nai-Bien Hoa,Bien Hoa,26.7,26.0,26.7,90.0,29.89,10000.0,0.0,100.0,1.73,2.48,245.0,1007.0,0,804,Clouds,overcast clouds,04n
2025-07-18 02:47:13,Dong Nai-Bien Hoa,Bien Hoa,26.7,26.0,26.7,90.0,29.89,10000.0,0.0,100.0,1.73,2.48,245.0,1007.0,0,804,Clouds,overcast clouds,04n
2025-07-18 02:49:08,Dong Nai-Bien Hoa,Bien Hoa,26.7,26.0,26.7,91.0,29.98,10000.0,0.0,100.0,1.73,2.48,245.0,1007.0,0,804,Clouds,overcast clouds,04n
2025-07-18 02:51:04,Dong Nai-Bien Hoa,Bien Hoa,26.7,26.0,26.7,91.0,29.98,10000.0,0.0,100.0,1.73,2.48,245.0,1007.0,0,804,Clouds,overcast clouds,04n
2025-07-18 02:53:00,Dong Nai-Bien Hoa,Bien Hoa,26.7,26.0,26.7,91.0,29.98,10000.0,0.0,100.0,1.73,2.48,245.0,1007.0,0,804,Clouds,overcast clouds,04n
2025-07-18 02:54:55,Dong Nai-Bien Hoa,Bien Hoa,26.7,26.0,26.7,91.0,29.98,10000.0,0.0,100.0,1.73,2.48,245.0,1007.0,0,804,Clouds,overcast clouds,04n
2025-07-18 02:56:50,Dong Nai-Bien Hoa,Bien Hoa,27.25,26.0,27.25,91.0,31.58,10000.0,0.0,100.0,1.73,2.48,245.0,1007.0,0,804,Clouds,overcast clouds,04n
2025-07-18 02:58:45,Dong Nai-Bien Hoa,Bien Hoa,27.25,26.0,27.25,91.0,31.58,10000.0,0.0,100.0,1.73,2.48,245.0,1007.0,0,804,Clouds,overcast clouds,04n
2025-07-18 03:02:32,Dong Nai-Bien Hoa,Bien Hoa,27.25,26.0,27.25,91.0,31.58,10000.0,0.0,100.0,1.73,2.48,245.0,1007.0,0,804,Clouds,overcast clouds,04n
2025-07-18 03:04:27,Dong Nai-Bien Hoa,Bien Hoa,27.25,26.0,27.25,91.0,31.58,10000.0,0.0,100.0,1.73,2.48,245.0,1007.0,0,804,Clouds,overcast clouds,04n
2025-07-18 03:06:22,Dong Nai-Bien Hoa,Bien Hoa,27.25,26.0,27.25,91.0,31.58,10000.0,0.0,100.0,1.73,2.48,245.0,1007.0,0,804,Clouds,overcast clouds,04n
2025-07-18 03:08:16,Dong Nai-Bien Hoa,Bien Hoa,27.25,26.0,27.25,91.0,31.58,10000.0,0.0,100.0,1.73,2.48,245.0,1007.0,0,804,Clouds,overcast clouds,04n
2025-07-18 03:10:12,Dong Nai-Bien Hoa,Bien Hoa,26.7,26.0,26.7,91.0,29.98,10000.0,0.0,100.0,1.73,2.48,245.0,1007.0,0,804,Clouds,overcast clouds,04n
2025-07-18 03:12:08,Dong Nai-Bien Hoa,Bien Hoa,26.7,26.0,26.7,91.0,29.98,10000.0,0.0,100.0,1.73,2.48,245.0,1007.0,0,804,Clouds,overcast clouds,04n
2025-07-18 03:14:03,Dong Nai-Bien Hoa,Bien Hoa,26.7,26.0,26.7,91.0,29.98,10000.0,0.0,100.0,1.73,2.48,245.0,1007.0,0,804,Clouds,overcast clouds,04n
2025-07-18 03:16:00,Dong Nai-Bien Hoa,Bien Hoa,26.7,26.0,26.7,91.0,29.98,10000.0,0.0,100.0,1.73,2.48,245.0,1007.0,0,804,Clouds,overcast clouds,04n
2025-07-18 03:17:59,Dong Nai-Bien Hoa,Bien Hoa,26.7,26.0,26.7,91.0,29.98,10000.0,0.0,100.0,1.73,2.48,245.0,1007.0,0,804,Clouds,overcast clouds,04n
2025-07-18 03:20:00,Dong Nai-Bien Hoa,Bien Hoa,26.7,26.0,26.7,91.0,29.98,10000.0,0.0,100.0,1.73,2.48,245.0,1007.0,0,804,Clouds,overcast clouds,04n
2025-07-18 03:22:14,Dong Nai-Bien Hoa,Bien Hoa,26.7,26.0,26.7,92.0,30.06,10000.0,0.0,100.0,1.73,2.48,245.0,1006.0,0,804,Clouds,overcast clouds,04n
2025-07-18 03:24:13,Dong Nai-Bien Hoa,Bien Hoa,26.7,26.0,26.7,92.0,30.06,10000.0,0.0,100.0,1.73,2.48,245.0,1006.0,0,804,Clouds,overcast clouds,04n
2025-07-18 03:26:17,Dong Nai-Bien Hoa,Bien Hoa,26.7,26.0,26.7,92.0,30.06,10000.0,0.0,100.0,1.73,2.48,245.0,1006.0,0,804,Clouds,overcast clouds,04n
2025-07-18 03:28:17,Dong Nai-Bien Hoa,Bien Hoa,26.7,26.0,26.7,92.0,30.06,10000.0,0.0,100.0,1.73,2.48,245.0,1006.0,0,804,Clouds,overcast clouds,04n
2025-07-18 03:34:04,Dong Nai-Bien Hoa,Bien Hoa,26.7,26.0,26.7,91.0,29.98,10000.0,0.0,100.0,1.88,2.68,255.0,1006.0,0,804,Clouds,overcast clouds,04n
2025-07-18 03:36:04,Dong Nai-Bien Hoa,Bien Hoa,26.7,26.0,26.7,91.0,29.98,10000.0,0.0,100.0,1.88,2.68,255.0,1006.0,0,804,Clouds,overcast clouds,04n
2025-07-18 03:38:16,Dong Nai-Bien Hoa,Bien Hoa,26.7,26.0,26.7,91.0,29.98,10000.0,0.0,100.0,1.88,2.68,255.0,1006.0,0,804,Clouds,overcast clouds,04n
2025-07-18 03:40:25,Dong Nai-Bien Hoa,Bien Hoa,26.7,26.0,26.7,91.0,29.98,10000.0,0.0,100.0,1.88,2.68,255.0,1006.0,0,804,Clouds,overcast clouds,04n
2025-07-18 03:42:25,Dong Nai-Bien Hoa,Bien Hoa,26.7,26.0,26.7,91.0,29.98,10000.0,0.0,100.0,1.88,2.68,255.0,1006.0,0,804,Clouds,overcast clouds,04n
2025-07-18 03:44:24,Dong Nai-Bien Hoa,Bien Hoa,26.7,26.0,26.7,91.0,29.98,10000.0,0.0,100.0,1.88,2.68,255.0,1006.0,0,804,Clouds,overcast clouds,04n
2025-07-18 03:46:23,Dong Nai-Bien Hoa,Bien Hoa,26.7,26.0,26.7,91.0,29.98,10000.0,0.0,100.0,1.88,2.68,255.0,1006.0,0,804,Clouds,overcast clouds,04n
2025-07-18 03:48:20,Dong Nai-Bien Hoa,Bien Hoa,26.7,26.0,26.7,91.0,29.98,10000.0,0.0,100.0,1.88,2.68,255.0,1006.0,0,804,Clouds,overcast clouds,04n
2025-07-18 03:50:32,Dong Nai-Bien Hoa,Bien Hoa,26.7,26.0,26.7,91.0,29.98,10000.0,0.0,100.0,1.88,2.68,255.0,1006.0,0,804,Clouds,overcast clouds,04n
2025-07-18 03:52:36,Dong Nai-Bien Hoa,Bien Hoa,26.7,26.0,26.7,91.0,29.98,10000.0,0.0,100.0,1.88,2.68,255.0,1006.0,0,804,Clouds,overcast clouds,04n
2025-07-18 03:54:35,Dong Nai-Bien Hoa,Bien Hoa,26.7,26.0,26.7,91.0,29.98,10000.0,0.0,100.0,1.88,2.68,255.0,1006.0,0,804,Clouds,overcast clouds,04n
2025-07-18 03:56:33,Dong Nai-Bien Hoa,Bien Hoa,26.7,26.0,26.7,91.0,29.98,10000.0,0.0,100.0,1.88,2.68,255.0,1006.0,0,804,Clouds,overcast clouds,04n
2025-07-18 03:58:30,Dong Nai-Bien Hoa,Bien Hoa,26.7,26.0,26.7,91.0,29.98,10000.0,0.0,100.0,1.88,2.68,255.0,1006.0,0,804,Clouds,overcast clouds,04n
2025-07-18 04:01:31,Dong Nai-Bien Hoa,Bien Hoa,26.7,26.0,26.7,92.0,30.06,10000.0,0.0,100.0,1.88,2.68,255.0,1006.0,0,804,Clouds,overcast clouds,04n
2025-07-18 04:05:58,Dong Nai-Bien Hoa,Bien Hoa,26.7,26.0,26.7,92.0,30.06,10000.0,0.0,100.0,1.88,2.68,255.0,1006.0,0,804,Clouds,overcast clouds,04n
2025-07-18 04:07:57,Dong Nai-Bien Hoa,Bien Hoa,26.7,26.0,26.7,92.0,30.06,10000.0,0.0,100.0,1.88,2.68,255.0,1006.0,0,804,Clouds,overcast clouds,04n
2025-07-18 04:12:28,Dong Nai-Bien Hoa,Bien Hoa,26.7,26.0,26.7,92.0,30.06,10000.0,0.0,100.0,1.88,2.68,255.0,1006.0,0,804,Clouds,overcast clouds,04n
2025-07-18 04:14:43,Dong Nai-Bien Hoa,Bien Hoa,26.7,26.0,26.7,92.0,30.06,10000.0,0.0,100.0,1.88,2.68,255.0,1006.0,0,804,Clouds,overcast clouds,04n
2025-07-18 04:16:44,Dong Nai-Bien Hoa,Bien Hoa,26.7,26.0,26.7,92.0,30.06,10000.0,0.0,100.0,1.88,2.68,255.0,1006.0,0,804,Clouds,overcast clouds,04n
2025-07-18 04:18:59,Dong Nai-Bien Hoa,Bien Hoa,26.7,26.0,26.7,92.0,30.06,10000.0,0.0,100.0,1.88,2.68,255.0,1006.0,0,804,Clouds,overcast clouds,04n
2025-07-18 04:21:29,Dong Nai-Bien Hoa,Bien Hoa,26.7,26.0,26.7,92.0,30.06,10000.0,0.0,100.0,1.88,2.68,255.0,1006.0,0,804,Clouds,overcast clouds,04n
2025-07-18 04:23:32,Dong Nai-Bien Hoa,Bien Hoa,26.7,26.0,26.7,92.0,30.06,10000.0,0.0,100.0,1.88,2.68,255.0,1006.0,0,804,Clouds,overcast clouds,04n
2025-07-18 04:25:44,Dong Nai-Bien Hoa,Bien Hoa,26.7,26.0,26.7,92.0,30.06,10000.0,0.0,100.0,1.88,2.68,255.0,1006.0,0,804,Clouds,overcast clouds,04n
2025-07-18 04:27:42,Dong Nai-Bien Hoa,Bien Hoa,26.7,26.0,26.7,92.0,30.06,10000.0,0.0,100.0,1.88,2.68,255.0,1006.0,0,804,Clouds,overcast clouds,04n
2025-07-18 04:29:40,Dong Nai-Bien Hoa,Bien Hoa,26.7,26.0,26.7,92.0,30.06,10000.0,0.0,100.0,1.88,2.68,255.0,1006.0,0,804,Clouds,overcast clouds,04n
2025-07-18 04:31:39,Dong Nai-Bien Hoa,Bien Hoa,26.7,26.0,26.7,92.0,30.06,10000.0,0.0,100.0,1.42,1.92,286.0,1006.0,0,804,Clouds,overcast clouds,04n
2025-07-18 04:33:52,Dong Nai-Bien Hoa,Bien Hoa,26.7,26.0,26.7,92.0,30.06,10000.0,0.0,100.0,1.88,2.68,255.0,1006.0,0,804,Clouds,overcast clouds,04n
2025-07-18 04:36:06,Dong Nai-Bien Hoa,Bien Hoa,26.7,26.0,26.7,92.0,30.06,10000.0,0.0,100.0,1.88,2.68,255.0,1006.0,0,804,Clouds,overcast clouds,04n
2025-07-18 04:38:17,Dong Nai-Bien Hoa,Bien Hoa,26.7,26.0,26.7,92.0,30.06,10000.0,0.0,100.0,1.42,1.92,286.0,1006.0,0,804,Clouds,overcast clouds,04n
2025-07-18 04:40:20,Dong Nai-Bien Hoa,Bien Hoa,26.7,26.0,26.7,92.0,30.06,10000.0,0.0,100.0,1.42,1.92,286.0,1006.0,0,804,Clouds,overcast clouds,04n
2025-07-18 04:42:18,Dong Nai-Bien Hoa,Bien Hoa,26.7,26.0,26.7,92.0,30.06,10000.0,0.0,100.0,1.42,1.92,286.0,1006.0,0,804,Clouds,overcast clouds,04n
2025-07-18 04:44:25,Dong Nai-Bien Hoa,Bien Hoa,26.7,26.0,26.7,92.0,30.06,10000.0,0.0,100.0,1.42,1.92,286.0,1006.0,0,804,Clouds,overcast clouds,04n
2025-07-18 04:46:25,Dong Nai-Bien Hoa,Bien Hoa,26.7,26.0,26.7,91.0,29.98,10000.0,0.0,100.0,1.42,1.92,286.0,1006.0,0,804,Clouds,overcast clouds,04n
2025-07-18 04:48:23,Dong Nai-Bien Hoa,Bien Hoa,26.7,26.0,26.7,91.0,29.98,10000.0,0.0,100.0,1.42,1.92,286.0,1006.0,0,804,Clouds,overcast clouds,04n
2025-07-18 04:50:32,Dong Nai-Bien Hoa,Bien Hoa,26.7,26.0,26.7,91.0,29.98,10000.0,0.0,100.0,1.42,1.92,286.0,1006.0,0,804,Clouds,overcast clouds,04n
2025-07-18 04:52:36,Dong Nai-Bien Hoa,Bien Hoa,26.7,26.0,26.7,91.0,29.98,10000.0,0.0,100.0,1.42,1.92,286.0,1006.0,0,804,Clouds,overcast clouds,04n
2025-07-18 04:54:53,Dong Nai-Bien Hoa,Bien Hoa,26.7,26.0,26.7,91.0,29.98,10000.0,0.0,100.0,1.42,1.92,286.0,1006.0,0,804,Clouds,overcast clouds,04n
2025-07-18 05:10:55,Dong Nai-Bien Hoa,Bien Hoa,26.7,26.0,26.7,92.0,30.06,10000.0,0.0,100.0,1.42,1.92,286.0,1006.0,0,804,Clouds,overcast clouds,04n
2025-07-18 05:15:19,Dong Nai-Bien Hoa,Bien Hoa,26.7,26.0,26.7,92.0,30.06,10000.0,0.0,100.0,1.42,1.92,286.0,1006.0,0,804,Clouds,overcast clouds,04n
2025-07-18 05:17:19,Dong Nai-Bien Hoa,Bien Hoa,26.7,26.0,26.7,92.0,30.06,10000.0,0.0,100.0,1.42,1.92,286.0,1006.0,0,804,Clouds,overcast clouds,04n
2025-07-18 05:19:37,Dong Nai-Bien Hoa,Bien Hoa,26.7,26.0,26.7,92.0,30.06,10000.0,0.0,100.0,1.42,1.92,286.0,1006.0,0,804,Clouds,overcast clouds,04n
2025-07-18 05:21:56,Dong Nai-Bien Hoa,Bien Hoa,26.7,26.0,26.7,92.0,30.06,10000.0,0.0,100.0,1.42,1.92,286.0,1006.0,0,804,Clouds,overcast clouds,04n
2025-07-18 05:23:55,Dong Nai-Bien Hoa,Bien Hoa,26.7,26.0,26.7,92.0,30.06,10000.0,0.0,100.0,1.42,1.92,286.0,1006.0,0,804,Clouds,overcast clouds,04n
2025-07-18 05:25:52,Dong Nai-Bien Hoa,Bien Hoa,26.7,26.0,26.7,92.0,30.06,10000.0,0.0,100.0,1.42,1.92,286.0,1006.0,0,804,Clouds,overcast clouds,04n
2025-07-18 05:27:53,Dong Nai-Bien Hoa,Bien Hoa,26.7,26.0,26.7,92.0,30.06,10000.0,0.0,100.0,1.42,1.92,286.0,1006.0,0,804,Clouds,overcast clouds,04n
2025-07-18 05:29:52,Dong Nai-Bien Hoa,Bien Hoa,26.7,26.0,26.7,92.0,30.06,10000.0,0.0,100.0,1.42,1.92,286.0,1006.0,0,804,Clouds,overcast clouds,04n
2025-07-18 05:31:51,Dong Nai-Bien Hoa,Bien Hoa,26.7,26.0,26.7,92.0,30.06,10000.0,0.0,100.0,1.42,1.92,286.0,1006.0,0,804,Clouds,overcast clouds,04n
2025-07-18 05:33:49,Dong Nai-Bien Hoa,Bien Hoa,26.7,26.0,26.7,92.0,30.06,10000.0,0.0,100.0,1.42,1.92,286.0,1006.0,0,804,Clouds,overcast clouds,04n
2025-07-18 05:35:47,Dong Nai-Bien Hoa,Bien Hoa,26.7,26.0,26.7,92.0,30.06,10000.0,0.0,100.0,1.42,1.92,286.0,1006.0,0,804,Clouds,overcast clouds,04n
2025-07-18 05:37:46,Dong Nai-Bien Hoa,Bien Hoa,26.7,26.0,26.7,92.0,30.06,10000.0,0.0,100.0,1.42,1.92,286.0,1006.0,0,804,Clouds,overcast clouds,04n
2025-07-18 05:39:45,Dong Nai-Bien Hoa,Bien Hoa,26.7,26.0,26.7,92.0,30.06,10000.0,0.0,100.0,1.42,1.92,286.0,1006.0,1,804,Clouds,overcast clouds,04n
2025-07-18 05:41:43,Dong Nai-Bien Hoa,Bien Hoa,26.7,26.0,26.7,92.0,30.06,10000.0,0.0,100.0,1.42,1.92,286.0,1006.0,1,804,Clouds,overcast clouds,04n
2025-07-18 05:43:41,Dong Nai-Bien Hoa,Bien Hoa,26.7,26.0,26.7,92.0,30.06,10000.0,0.0,100.0,1.42,1.92,286.0,1006.0,1,804,Clouds,overcast clouds,04n
2025-07-18 05:45:38,Dong Nai-Bien Hoa,Bien Hoa,26.7,26.0,26.7,92.0,30.06,10000.0,0.0,100.0,1.5,2.55,287.0,1007.0,1,804,Clouds,overcast clouds,04d
2025-07-18 06:44:03,Dong Nai-Bien Hoa,Bien Hoa,27.25,27.0,27.25,89.0,31.34,10000.0,0.0,100.0,2.22,6.18,277.0,1007.0,1,804,Clouds,overcast clouds,04d
2025-07-18 07:44:58,Dong Nai-Bien Hoa,Bien Hoa,28.36,28.0,28.36,83.0,33.56,10000.0,0.0,100.0,3.98,8.81,276.0,1008.0,1,804,Clouds,overcast clouds,04d
2025-07-18 08:44:31,Dong Nai-Bien Hoa,Bien Hoa,30.03,30.0,30.03,77.0,36.92,10000.0,0.0,95.0,5.21,8.11,282.0,1008.0,1,804,Clouds,overcast clouds,04d
2025-07-18 08:49:10,Dong Nai-Bien Hoa,Bien Hoa,30.03,30.0,30.03,77.0,36.92,10000.0,0.0,95.0,5.21,8.11,282.0,1008.0,1,804,Clouds,overcast clouds,04d
2025-07-18 08:51:44,Dong Nai-Bien Hoa,Bien Hoa,30.03,30.0,30.03,77.0,36.92,10000.0,0.0,95.0,5.21,8.11,282.0,1008.0,1,804,Clouds,overcast clouds,04d
2025-07-18 08:56:42,Dong Nai-Bien Hoa,Bien Hoa,30.03,30.0,30.03,74.0,36.12,10000.0,0.0,95.0,5.21,8.11,282.0,1008.0,1,804,Clouds,overcast clouds,04d
2025-07-18 08:58:51,Dong Nai-Bien Hoa,Bien Hoa,30.03,30.0,30.03,74.0,36.12,10000.0,0.0,95.0,5.21,8.11,282.0,1008.0,1,804,Clouds,overcast clouds,04d
2025-07-18 09:01:08,Dong Nai-Bien Hoa,Bien Hoa,30.03,30.0,30.03,74.0,36.12,10000.0,0.0,95.0,5.21,8.11,282.0,1008.0,1,804,Clouds,overcast clouds,04d
2025-07-18 09:21:47,Dong Nai-Bien Hoa,Bien Hoa,29.47,29.47,30.0,78.0,35.59,10000.0,0.0,95.0,5.21,8.11,282.0,1008.0,1,804,Clouds,overcast clouds,04d
2025-07-18 09:34:10,Dong Nai-Bien Hoa,Bien Hoa,30.03,30.0,30.03,70.0,35.11,10000.0,0.0,85.0,5.87,9.04,288.0,1008.0,1,804,Clouds,overcast clouds,04d
2025-07-18 09:36:53,Dong Nai-Bien Hoa,Bien Hoa,30.03,30.0,30.03,72.0,35.61,10000.0,0.0,85.0,5.87,9.04,288.0,1008.0,1,804,Clouds,overcast clouds,04d
2025-07-18 09:41:50,Dong Nai-Bien Hoa,Bien Hoa,30.03,30.0,30.03,70.0,35.11,10000.0,0.0,85.0,5.87,9.04,288.0,1008.0,1,804,Clouds,overcast clouds,04d
2025-07-18 09:43:49,Dong Nai-Bien Hoa,Bien Hoa,30.03,30.0,30.03,70.0,35.11,10000.0,0.0,85.0,5.87,9.04,288.0,1008.0,1,804,Clouds,overcast clouds,04d
2025-07-18 09:45:49,Dong Nai-Bien Hoa,Bien Hoa,30.03,30.0,30.03,70.0,35.11,10000.0,0.0,85.0,5.87,9.04,288.0,1008.0,1,804,Clouds,overcast clouds,04d
2025-07-18 09:48:26,Dong Nai-Bien Hoa,Bien Hoa,30.03,30.0,30.03,70.0,35.11,10000.0,0.0,85.0,5.87,9.04,288.0,1008.0,1,804,Clouds,overcast clouds,04d
2025-07-18 09:50:40,Dong Nai-Bien Hoa,Bien Hoa,30.03,30.0,30.03,70.0,35.11,10000.0,0.0,85.0,5.87,9.04,288.0,1008.0,1,804,Clouds,overcast clouds,04d
2025-07-18 09:52:46,Dong Nai-Bien Hoa,Bien Hoa,30.03,30.0,30.03,70.0,35.11,10000.0,0.0,85.0,5.87,9.04,288.0,1008.0,1,804,Clouds,overcast clouds,04d
2025-07-18 09:54:45,Dong Nai-Bien Hoa,Bien Hoa,30.03,30.0,30.03,70.0,35.11,10000.0,0.0,85.0,5.87,9.04,288.0,1008.0,1,804,Clouds,overcast clouds,04d
2025-07-18 09:56:47,Dong Nai-Bien Hoa,Bien Hoa,29.47,29.47,30.0,70.0,33.78,10000.0,0.0,85.0,5.87,9.04,288.0,1008.0,1,804,Clouds,overcast clouds,04d
2025-07-18 09:58:45,Dong Nai-Bien Hoa,Bien Hoa,29.47,29.47,30.0,70.0,33.78,10000.0,0.0,85.0,5.87,9.04,288.0,1008.0,1,804,Clouds,overcast clouds,04d
2025-07-18 10:00:44,Dong Nai-Bien Hoa,Bien Hoa,29.47,29.47,30.0,70.0,33.78,10000.0,0.0,85.0,5.87,9.04,288.0,1008.0,1,804,Clouds,overcast clouds,04d
2025-07-18 10:02:46,Dong Nai-Bien Hoa,Bien Hoa,29.47,29.47,30.0,75.0,34.89,10000.0,0.0,85.0,5.87,9.04,288.0,1008.0,1,804,Clouds,overcast clouds,04d
2025-07-18 10:05:16,Dong Nai-Bien Hoa,Bien Hoa,29.47,29.47,30.0,75.0,34.89,10000.0,0.0,85.0,5.87,9.04,288.0,1008.0,1,804,Clouds,overcast clouds,04d
2025-07-18 10:07:27,Dong Nai-Bien Hoa,Bien Hoa,29.47,29.47,30.0,75.0,34.89,10000.0,0.0,85.0,5.87,9.04,288.0,1008.0,1,804,Clouds,overcast clouds,04d
2025-07-18 10:09:26,Dong Nai-Bien Hoa,Bien Hoa,29.47,29.47,30.0,75.0,34.89,10000.0,0.0,85.0,5.87,9.04,288.0,1008.0,1,804,Clouds,overcast clouds,04d
2025-07-18 10:11:46,Dong Nai-Bien Hoa,Bien Hoa,29.47,29.47,30.0,75.0,34.89,10000.0,0.0,85.0,5.87,9.04,288.0,1008.0,1,804,Clouds,overcast clouds,04d
2025-07-18 10:13:49,Dong Nai-Bien Hoa,Bien Hoa,29.47,29.47,30.0,75.0,34.89,10000.0,0.0,85.0,5.87,9.04,288.0,1008.0,1,804,Clouds,overcast clouds,04d
2025-07-18 10:15:52,Dong Nai-Bien Hoa,Bien Hoa,29.47,29.47,30.0,75.0,34.89,10000.0,0.0,85.0,5.87,9.04,288.0,1008.0,1,804,Clouds,overcast clouds,04d
2025-07-18 10:17:54,Dong Nai-Bien Hoa,Bien Hoa,30.03,30.0,30.03,74.0,36.12,10000.0,0.0,85.0,5.87,9.04,288.0,1008.0,1,804,Clouds,overcast clouds,04d
2025-07-18 10:19:54,Dong Nai-Bien Hoa,Bien Hoa,30.03,30.0,30.03,74.0,36.12,10000.0,0.0,85.0,5.87,9.04,288.0,1008.0,1,804,Clouds,overcast clouds,04d
2025-07-18 10:21:54,Dong Nai-Bien Hoa,Bien Hoa,30.03,30.0,30.03,74.0,36.12,10000.0,0.0,85.0,5.87,9.04,288.0,1008.0,1,804,Clouds,overcast clouds,04d
2025-07-18 10:23:55,Dong Nai-Bien Hoa,Bien Hoa,30.03,30.0,30.03,74.0,36.12,10000.0,0.0,85.0,5.87,9.04,288.0,1008.0,1,804,Clouds,overcast clouds,04d
2025-07-18 10:25:54,Dong Nai-Bien Hoa,Bien Hoa,30.03,30.0,30.03,74.0,36.12,10000.0,0.0,85.0,5.87,9.04,288.0,1008.0,1,804,Clouds,overcast clouds,04d
2025-07-18 10:27:52,Dong Nai-Bien Hoa,Bien Hoa,30.03,30.0,30.03,74.0,36.12,10000.0,0.0,85.0,5.87,9.04,288.0,1008.0,1,804,Clouds,overcast clouds,04d
2025-07-18 10:29:51,Dong Nai-Bien Hoa,Bien Hoa,30.03,30.0,30.03,74.0,36.12,10000.0,0.0,85.0,5.87,9.04,288.0,1008.0,1,804,Clouds,overcast clouds,04d
2025-07-18 10:31:50,Dong Nai-Bien Hoa,Bien Hoa,30.03,30.0,30.03,74.0,36.12,10000.0,0.0,85.0,5.87,9.04,288.0,1008.0,1,804,Clouds,overcast clouds,04d
2025-07-18 10:33:53,Dong Nai-Bien Hoa,Bien Hoa,30.03,30.0,30.03,74.0,36.12,10000.0,0.0,85.0,5.87,9.04,288.0,1008.0,1,804,Clouds,overcast clouds,04d
2025-07-18 10:35:53,Dong Nai-Bien Hoa,Bien Hoa,30.03,30.0,30.03,74.0,36.12,10000.0,0.0,85.0,5.87,9.04,288.0,1008.0,1,804,Clouds,overcast clouds,04d
2025-07-18 10:37:54,Dong Nai-Bien Hoa,Bien Hoa,30.59,30.0,30.59,68.0,35.98,10000.0,0.0,88.0,5.61,9.24,291.0,1007.0,1,804,Clouds,overcast clouds,04d
2025-07-18 10:39:54,Dong Nai-Bien Hoa,Bien Hoa,30.59,30.0,30.59,68.0,35.98,10000.0,0.0,88.0,5.61,9.24,291.0,1007.0,1,804,Clouds,overcast clouds,04d
2025-07-18 10:41:55,Dong Nai-Bien Hoa,Bien Hoa,30.59,30.0,30.59,68.0,35.98,10000.0,0.0,88.0,5.61,9.24,291.0,1007.0,1,804,Clouds,overcast clouds,04d
2025-07-18 10:43:53,Dong Nai-Bien Hoa,Bien Hoa,30.59,30.0,30.59,68.0,35.98,10000.0,0.0,88.0,5.61,9.24,291.0,1007.0,1,804,Clouds,overcast clouds,04d
2025-07-18 10:45:53,Dong Nai-Bien Hoa,Bien Hoa,30.59,30.0,30.59,68.0,35.98,10000.0,0.0,88.0,5.61,9.24,291.0,1007.0,1,804,Clouds,overcast clouds,04d
2025-07-18 10:47:55,Dong Nai-Bien Hoa,Bien Hoa,30.0,30.0,30.0,67.0,34.33,10000.0,0.0,88.0,5.61,9.24,291.0,1007.0,1,804,Clouds,overcast clouds,04d
2025-07-18 10:49:56,Dong Nai-Bien Hoa,Bien Hoa,30.0,30.0,30.0,67.0,34.33,10000.0,0.0,88.0,5.61,9.24,291.0,1007.0,1,804,Clouds,overcast clouds,04d
2025-07-18 10:51:56,Dong Nai-Bien Hoa,Bien Hoa,30.59,30.0,30.59,67.0,35.71,10000.0,0.0,88.0,5.61,9.24,291.0,1007.0,1,804,Clouds,overcast clouds,04d
2025-07-18 10:53:56,Dong Nai-Bien Hoa,Bien Hoa,30.59,30.0,30.59,67.0,35.71,10000.0,0.0,88.0,5.61,9.24,291.0,1007.0,1,804,Clouds,overcast clouds,04d
2025-07-18 10:55:59,Dong Nai-Bien Hoa,Bien Hoa,30.59,30.0,30.59,67.0,35.71,10000.0,0.0,88.0,5.61,9.24,291.0,1007.0,1,804,Clouds,overcast clouds,04d
2025-07-18 10:58:04,Dong Nai-Bien Hoa,Bien Hoa,30.59,30.0,30.59,67.0,35.71,10000.0,0.0,88.0,5.61,9.24,291.0,1007.0,1,804,Clouds,overcast clouds,04d
2025-07-18 11:00:15,Dong Nai-Bien Hoa,Bien Hoa,30.59,30.0,30.59,67.0,35.71,10000.0,0.0,88.0,5.61,9.24,291.0,1007.0,1,804,Clouds,overcast clouds,04d
2025-07-18 11:02:19,Dong Nai-Bien Hoa,Bien Hoa,30.59,30.0,30.59,67.0,35.71,10000.0,0.0,88.0,5.61,9.24,291.0,1007.0,1,804,Clouds,overcast clouds,04d
2025-07-18 11:04:22,Dong Nai-Bien Hoa,Bien Hoa,30.0,30.0,30.0,71.0,35.28,10000.0,0.0,88.0,5.61,9.24,291.0,1007.0,1,804,Clouds,overcast clouds,04d
2025-07-18 11:06:23,Dong Nai-Bien Hoa,Bien Hoa,30.0,30.0,30.0,71.0,35.28,10000.0,0.0,88.0,5.61,9.24,291.0,1007.0,1,804,Clouds,overcast clouds,04d
2025-07-18 11:08:27,Dong Nai-Bien Hoa,Bien Hoa,30.0,30.0,30.0,71.0,35.28,10000.0,0.0,88.0,5.61,9.24,291.0,1007.0,1,804,Clouds,overcast clouds,04d
2025-07-18 11:10:26,Dong Nai-Bien Hoa,Bien Hoa,30.0,30.0,30.0,71.0,35.28,10000.0,0.0,88.0,5.61,9.24,291.0,1007.0,1,804,Clouds,overcast clouds,04d
2025-07-18 11:12:25,Dong Nai-Bien Hoa,Bien Hoa,30.0,30.0,30.0,71.0,35.28,10000.0,0.0,88.0,5.61,9.24,291.0,1007.0,1,804,Clouds,overcast clouds,04d
2025-07-18 11:14:25,Dong Nai-Bien Hoa,Bien Hoa,30.59,30.0,30.59,71.0,36.8,10000.0,0.0,88.0,5.61,9.24,291.0,1007.0,1,804,Clouds,overcast clouds,04d
2025-07-18 11:16:27,Dong Nai-Bien Hoa,Bien Hoa,30.59,30.0,30.59,71.0,36.8,10000.0,0.0,88.0,5.61,9.24,291.0,1007.0,1,804,Clouds,overcast clouds,04d
2025-07-18 11:18:28,Dong Nai-Bien Hoa,Bien Hoa,30.59,30.0,30.59,71.0,36.8,10000.0,0.0,88.0,5.61,9.24,291.0,1007.0,1,804,Clouds,overcast clouds,04d
2025-07-18 11:20:29,Dong Nai-Bien Hoa,Bien Hoa,30.59,30.0,30.59,71.0,36.8,10000.0,0.0,88.0,5.61,9.24,291.0,1007.0,1,804,Clouds,overcast clouds,04d
2025-07-18 11:22:32,Dong Nai-Bien Hoa,Bien Hoa,31.14,30.0,31.14,71.0,38.14,10000.0,0.0,88.0,5.61,9.24,291.0,1007.0,1,804,Clouds,overcast clouds,04d
2025-07-18 11:24:32,Dong Nai-Bien Hoa,Bien Hoa,31.7,30.0,31.7,71.0,38.7,10000.0,0.0,88.0,5.61,9.24,291.0,1007.0,1,804,Clouds,overcast clouds,04d
2025-07-18 11:26:32,Dong Nai-Bien Hoa,Bien Hoa,31.7,30.0,31.7,71.0,38.7,10000.0,0.0,88.0,5.61,9.24,291.0,1007.0,1,804,Clouds,overcast clouds,04d
2025-07-18 11:28:33,Dong Nai-Bien Hoa,Bien Hoa,31.7,30.0,31.7,71.0,38.7,10000.0,0.0,88.0,5.61,9.24,291.0,1007.0,1,804,Clouds,overcast clouds,04d
2025-07-18 11:30:35,Dong Nai-Bien Hoa,Bien Hoa,31.7,30.0,31.7,71.0,38.7,10000.0,0.0,88.0,5.61,9.24,291.0,1007.0,1,804,Clouds,overcast clouds,04d
2025-07-18 11:32:37,Dong Nai-Bien Hoa,Bien Hoa,31.7,30.0,31.7,71.0,38.7,10000.0,0.0,88.0,5.61,9.24,291.0,1007.0,1,804,Clouds,overcast clouds,04d
2025-07-18 11:34:37,Dong Nai-Bien Hoa,Bien Hoa,31.14,30.0,31.14,64.0,36.21,10000.0,0.0,90.0,7.03,10.11,287.0,1006.0,1,804,Clouds,overcast clouds,04d
2025-07-18 11:36:36,Dong Nai-Bien Hoa,Bien Hoa,31.14,30.0,31.14,64.0,36.21,10000.0,0.0,90.0,7.03,10.11,287.0,1006.0,1,804,Clouds,overcast clouds,04d
2025-07-18 11:38:37,Dong Nai-Bien Hoa,Bien Hoa,31.14,30.0,31.14,64.0,36.21,10000.0,0.0,90.0,7.03,10.11,287.0,1006.0,1,804,Clouds,overcast clouds,04d
2025-07-18 11:40:39,Dong Nai-Bien Hoa,Bien Hoa,31.14,30.0,31.14,64.0,36.21,10000.0,0.0,90.0,7.03,10.11,287.0,1006.0,1,804,Clouds,overcast clouds,04d
2025-07-18 11:42:41,Dong Nai-Bien Hoa,Bien Hoa,31.14,30.0,31.14,64.0,36.21,10000.0,0.0,90.0,7.03,10.11,287.0,1006.0,1,804,Clouds,overcast clouds,04d
2025-07-18 11:44:43,Dong Nai-Bien Hoa,Bien Hoa,31.14,30.0,31.14,64.0,36.21,10000.0,0.0,90.0,7.03,10.11,287.0,1006.0,1,804,Clouds,overcast clouds,04d
2025-07-18 11:46:43,Dong Nai-Bien Hoa,Bien Hoa,31.14,31.14,32.0,62.0,35.67,10000.0,0.0,90.0,7.03,10.11,287.0,1006.0,1,804,Clouds,overcast clouds,04d
2025-07-18 11:48:43,Dong Nai-Bien Hoa,Bien Hoa,31.14,31.14,32.0,62.0,35.67,10000.0,0.0,90.0,7.03,10.11,287.0,1006.0,1,804,Clouds,overcast clouds,04d
2025-07-18 11:50:43,Dong Nai-Bien Hoa,Bien Hoa,31.14,31.14,32.0,62.0,35.67,10000.0,0.0,90.0,7.03,10.11,287.0,1006.0,1,804,Clouds,overcast clouds,04d
2025-07-18 11:52:46,Dong Nai-Bien Hoa,Bien Hoa,31.14,31.14,32.0,62.0,35.67,10000.0,0.0,90.0,7.03,10.11,287.0,1006.0,1,804,Clouds,overcast clouds,04d
2025-07-18 11:54:48,Dong Nai-Bien Hoa,Bien Hoa,31.14,31.14,32.0,62.0,35.67,10000.0,0.0,90.0,7.03,10.11,287.0,1006.0,1,804,Clouds,overcast clouds,04d
2025-07-18 11:56:50,Dong Nai-Bien Hoa,Bien Hoa,31.14,31.14,32.0,62.0,35.67,10000.0,0.0,90.0,7.03,10.11,287.0,1006.0,1,804,Clouds,overcast clouds,04d
2025-07-18 11:58:51,Dong Nai-Bien Hoa,Bien Hoa,32.0,32.0,32.0,62.0,37.69,10000.0,0.0,90.0,7.03,10.11,287.0,1006.0,1,804,Clouds,overcast clouds,04d
2025-07-18 12:00:51,Dong Nai-Bien Hoa,Bien Hoa,32.0,32.0,32.0,62.0,37.69,10000.0,0.0,90.0,7.03,10.11,287.0,1006.0,1,804,Clouds,overcast clouds,04d
2025-07-18 12:02:52,Dong Nai-Bien Hoa,Bien Hoa,32.0,32.0,32.0,62.0,37.69,10000.0,0.0,90.0,7.03,10.11,287.0,1006.0,1,804,Clouds,overcast clouds,04d
2025-07-18 12:04:55,Dong Nai-Bien Hoa,Bien Hoa,32.0,32.0,32.0,62.0,37.69,10000.0,0.0,90.0,7.03,10.11,287.0,1006.0,1,804,Clouds,overcast clouds,04d
2025-07-18 12:06:57,Dong Nai-Bien Hoa,Bien Hoa,32.0,32.0,32.0,69.0,39.0,10000.0,0.0,90.0,7.03,10.11,287.0,1006.0,1,804,Clouds,overcast clouds,04d
2025-07-18 12:08:59,Dong Nai-Bien Hoa,Bien Hoa,32.0,32.0,32.0,69.0,39.0,10000.0,0.0,90.0,7.03,10.11,287.0,1006.0,1,804,Clouds,overcast clouds,04d
2025-07-18 12:11:00,Dong Nai-Bien Hoa,Bien Hoa,32.0,32.0,32.0,69.0,39.0,10000.0,0.0,90.0,7.03,10.11,287.0,1006.0,1,804,Clouds,overcast clouds,04d
2025-07-18 12:13:03,Dong Nai-Bien Hoa,Bien Hoa,32.0,32.0,32.0,69.0,39.0,10000.0,0.0,90.0,7.03,10.11,287.0,1006.0,1,804,Clouds,overcast clouds,04d
2025-07-18 12:15:07,Dong Nai-Bien Hoa,Bien Hoa,32.0,32.0,32.0,69.0,39.0,10000.0,0.0,90.0,7.03,10.11,287.0,1006.0,1,804,Clouds,overcast clouds,04d
2025-07-18 12:17:12,Dong Nai-Bien Hoa,Bien Hoa,32.0,32.0,32.0,69.0,39.0,10000.0,0.0,90.0,7.03,10.11,287.0,1006.0,1,804,Clouds,overcast clouds,04d
2025-07-18 12:19:16,Dong Nai-Bien Hoa,Bien Hoa,31.0,31.0,31.0,68.0,37.01,10000.0,0.0,90.0,7.03,10.11,287.0,1006.0,1,804,Clouds,overcast clouds,04d
2025-07-18 12:21:20,Dong Nai-Bien Hoa,Bien Hoa,31.0,31.0,31.0,68.0,37.01,10000.0,0.0,90.0,7.03,10.11,287.0,1006.0,1,804,Clouds,overcast clouds,04d
2025-07-18 12:23:21,Dong Nai-Bien Hoa,Bien Hoa,31.0,31.0,31.0,68.0,37.01,10000.0,0.0,90.0,7.03,10.11,287.0,1006.0,1,804,Clouds,overcast clouds,04d
2025-07-18 12:25:21,Dong Nai-Bien Hoa,Bien Hoa,31.7,31.0,31.7,68.0,38.7,10000.0,0.0,90.0,7.03,10.11,287.0,1006.0,1,804,Clouds,overcast clouds,04d
2025-07-18 12:27:20,Dong Nai-Bien Hoa,Bien Hoa,31.7,31.0,31.7,68.0,38.7,10000.0,0.0,90.0,7.03,10.11,287.0,1006.0,1,804,Clouds,overcast clouds,04d
2025-07-18 12:29:22,Dong Nai-Bien Hoa,Bien Hoa,31.7,31.0,31.7,68.0,38.7,10000.0,0.0,90.0,7.03,10.11,287.0,1006.0,1,804,Clouds,overcast clouds,04d
2025-07-18 12:31:23,Dong Nai-Bien Hoa,Bien Hoa,31.7,31.0,31.7,68.0,38.7,10000.0,0.0,90.0,7.03,10.11,287.0,1006.0,1,804,Clouds,overcast clouds,04d
2025-07-18 12:33:24,Dong Nai-Bien Hoa,Bien Hoa,31.7,31.0,31.7,68.0,38.7,10000.0,0.0,90.0,7.03,10.11,287.0,1006.0,1,804,Clouds,overcast clouds,04d
2025-07-18 12:35:26,Dong Nai-Bien Hoa,Bien Hoa,31.7,31.0,31.7,68.0,38.7,10000.0,0.0,90.0,7.03,10.11,287.0,1006.0,1,804,Clouds,overcast clouds,04d
2025-07-18 12:37:26,Dong Nai-Bien Hoa,Bien Hoa,31.0,31.0,31.0,60.0,34.85,10000.0,0.0,90.0,7.44,10.48,286.0,1006.0,1,804,Clouds,overcast clouds,04d
2025-07-18 12:39:28,Dong Nai-Bien Hoa,Bien Hoa,31.0,31.0,31.0,60.0,34.85,10000.0,0.0,90.0,7.44,10.48,286.0,1006.0,1,804,Clouds,overcast clouds,04d
2025-07-18 12:41:32,Dong Nai-Bien Hoa,Bien Hoa,31.0,31.0,31.0,60.0,34.85,10000.0,0.0,90.0,7.44,10.48,286.0,1006.0,1,804,Clouds,overcast clouds,04d
2025-07-18 12:43:36,Dong Nai-Bien Hoa,Bien Hoa,31.0,31.0,31.0,60.0,34.85,10000.0,0.0,90.0,7.44,10.48,286.0,1006.0,1,804,Clouds,overcast clouds,04d
2025-07-18 12:45:37,Dong Nai-Bien Hoa,Bien Hoa,31.0,31.0,31.0,60.0,34.85,10000.0,0.0,90.0,7.44,10.48,286.0,1006.0,1,804,Clouds,overcast clouds,04d
2025-07-18 12:47:40,Dong Nai-Bien Hoa,Bien Hoa,31.0,31.0,31.0,60.0,34.85,10000.0,0.0,90.0,7.44,10.48,286.0,1006.0,1,804,Clouds,overcast clouds,04d
2025-07-18 12:49:41,Dong Nai-Bien Hoa,Bien Hoa,31.0,31.0,31.0,60.0,34.85,10000.0,0.0,90.0,7.44,10.48,286.0,1006.0,1,804,Clouds,overcast clouds,04d
2025-07-18 12:51:43,Dong Nai-Bien Hoa,Bien Hoa,31.7,31.0,31.7,60.0,36.38,10000.0,0.0,90.0,7.44,10.48,286.0,1005.0,1,804,Clouds,overcast clouds,04d
2025-07-18 12:53:46,Dong Nai-Bien Hoa,Bien Hoa,31.7,31.0,31.7,60.0,36.38,10000.0,0.0,90.0,7.44,10.48,286.0,1005.0,1,804,Clouds,overcast clouds,04d
2025-07-18 12:55:49,Dong Nai-Bien Hoa,Bien Hoa,31.7,31.0,31.7,60.0,36.38,10000.0,0.0,90.0,7.44,10.48,286.0,1005.0,1,804,Clouds,overcast clouds,04d
2025-07-18 12:57:50,Dong Nai-Bien Hoa,Bien Hoa,31.7,31.0,31.7,60.0,36.38,10000.0,0.0,90.0,7.44,10.48,286.0,1005.0,1,804,Clouds,overcast clouds,04d
2025-07-18 12:59:50,Dong Nai-Bien Hoa,Bien Hoa,31.7,31.0,31.7,60.0,36.38,10000.0,0.0,90.0,7.44,10.48,286.0,1005.0,1,804,Clouds,overcast clouds,04d
2025-07-18 13:01:48,Dong Nai-Bien Hoa,Bien Hoa,31.7,31.0,31.7,60.0,36.38,10000.0,0.0,90.0,7.44,10.48,286.0,1005.0,1,804,Clouds,overcast clouds,04d
2025-07-18 13:03:45,Dong Nai-Bien Hoa,Bien Hoa,31.14,31.0,31.14,60.0,35.14,10000.0,0.0,96.0,7.14,10.2,282.0,1005.0,1,804,Clouds,overcast clouds,04d
2025-07-18 13:05:43,Dong Nai-Bien Hoa,Bien Hoa,31.14,31.0,31.14,60.0,35.14,10000.0,0.0,96.0,7.14,10.2,282.0,1005.0,1,804,Clouds,overcast clouds,04d
2025-07-18 13:07:45,Dong Nai-Bien Hoa,Bien Hoa,31.14,31.0,31.14,60.0,35.14,10000.0,0.0,96.0,7.14,10.2,282.0,1005.0,1,804,Clouds,overcast clouds,04d
2025-07-18 13:09:47,Dong Nai-Bien Hoa,Bien Hoa,31.14,31.0,31.14,60.0,35.14,10000.0,0.0,96.0,7.14,10.2,282.0,1005.0,1,804,Clouds,overcast clouds,04d
2025-07-18 13:11:47,Dong Nai-Bien Hoa,Bien Hoa,31.14,31.0,31.14,60.0,35.14,10000.0,0.0,96.0,7.14,10.2,282.0,1005.0,1,804,Clouds,overcast clouds,04d
2025-07-18 13:13:48,Dong Nai-Bien Hoa,Bien Hoa,31.14,31.0,31.14,60.0,35.14,10000.0,0.0,96.0,7.14,10.2,282.0,1005.0,1,804,Clouds,overcast clouds,04d
2025-07-18 13:15:49,Dong Nai-Bien Hoa,Bien Hoa,31.14,31.0,31.14,60.0,35.14,10000.0,0.0,96.0,7.14,10.2,282.0,1005.0,1,804,Clouds,overcast clouds,04d
2025-07-18 13:17:49,Dong Nai-Bien Hoa,Bien Hoa,31.14,31.0,31.14,60.0,35.14,10000.0,0.0,96.0,7.14,10.2,282.0,1005.0,1,804,Clouds,overcast clouds,04d
2025-07-18 13:19:49,Dong Nai-Bien Hoa,Bien Hoa,31.14,31.0,31.14,60.0,35.14,10000.0,0.0,96.0,7.14,10.2,282.0,1005.0,1,804,Clouds,overcast clouds,04d
2025-07-18 13:21:49,Dong Nai-Bien Hoa,Bien Hoa,31.14,31.0,31.14,60.0,35.14,10000.0,0.0,96.0,7.14,10.2,282.0,1005.0,1,804,Clouds,overcast clouds,04d
2025-07-18 13:23:48,Dong Nai-Bien Hoa,Bien Hoa,31.0,31.0,31.0,60.0,34.85,10000.0,0.0,96.0,7.14,10.2,282.0,1005.0,1,804,Clouds,overcast clouds,04d
2025-07-18 13:25:49,Dong Nai-Bien Hoa,Bien Hoa,31.0,31.0,31.0,60.0,34.85,10000.0,0.0,96.0,7.14,10.2,282.0,1005.0,1,804,Clouds,overcast clouds,04d
2025-07-18 13:27:50,Dong Nai-Bien Hoa,Bien Hoa,31.0,31.0,31.0,60.0,34.85,10000.0,0.0,96.0,7.14,10.2,282.0,1005.0,1,804,Clouds,overcast clouds,04d
2025-07-18 13:29:51,Dong Nai-Bien Hoa,Bien Hoa,31.0,31.0,31.0,60.0,34.85,10000.0,0.0,96.0,7.14,10.2,282.0,1005.0,1,804,Clouds,overcast clouds,04d
2025-07-18 13:31:52,Dong Nai-Bien Hoa,Bien Hoa,31.0,31.0,31.0,55.0,33.67,10000.0,0.0,97.0,5.16,10.03,283.0,1004.0,1,804,Clouds,overcast clouds,04d
2025-07-18 13:33:53,Dong Nai-Bien Hoa,Bien Hoa,31.0,31.0,31.0,60.0,34.85,10000.0,0.0,96.0,7.14,10.2,282.0,1005.0,1,804,Clouds,overcast clouds,04d
2025-07-18 13:35:53,Dong Nai-Bien Hoa,Bien Hoa,31.0,31.0,31.0,60.0,34.85,10000.0,0.0,96.0,7.14,10.2,282.0,1005.0,1,804,Clouds,overcast clouds,04d
2025-07-18 13:37:55,Dong Nai-Bien Hoa,Bien Hoa,31.0,31.0,31.0,64.0,35.88,10000.0,0.0,97.0,5.16,10.03,283.0,1005.0,1,804,Clouds,overcast clouds,04d
2025-07-18 13:39:54,Dong Nai-Bien Hoa,Bien Hoa,31.0,31.0,31.0,64.0,35.88,10000.0,0.0,97.0,5.16,10.03,283.0,1005.0,1,804,Clouds,overcast clouds,04d
2025-07-18 13:41:56,Dong Nai-Bien Hoa,Bien Hoa,31.0,31.0,31.0,64.0,35.88,10000.0,0.0,97.0,5.16,10.03,283.0,1005.0,1,804,Clouds,overcast clouds,04d
2025-07-18 13:43:56,Dong Nai-Bien Hoa,Bien Hoa,31.0,31.0,31.0,64.0,35.88,10000.0,0.0,97.0,5.16,10.03,283.0,1005.0,1,804,Clouds,overcast clouds,04d
2025-07-18 13:45:55,Dong Nai-Bien Hoa,Bien Hoa,32.0,32.0,32.0,64.0,38.33,10000.0,0.0,97.0,5.16,10.03,283.0,1005.0,1,804,Clouds,overcast clouds,04d
2025-07-18 13:47:52,Dong Nai-Bien Hoa,Bien Hoa,31.14,31.14,32.0,62.0,35.67,10000.0,0.0,97.0,5.16,10.03,283.0,1004.0,1,804,Clouds,overcast clouds,04d
2025-07-18 13:49:53,Dong Nai-Bien Hoa,Bien Hoa,31.14,31.14,32.0,62.0,35.67,10000.0,0.0,97.0,5.16,10.03,283.0,1004.0,1,804,Clouds,overcast clouds,04d
2025-07-18 13:51:56,Dong Nai-Bien Hoa,Bien Hoa,31.14,31.14,32.0,62.0,35.67,10000.0,0.0,97.0,5.16,10.03,283.0,1004.0,1,804,Clouds,overcast clouds,04d
2025-07-18 13:53:58,Dong Nai-Bien Hoa,Bien Hoa,32.0,32.0,32.0,64.0,38.33,10000.0,0.0,97.0,5.16,10.03,283.0,1005.0,1,804,Clouds,overcast clouds,04d
2025-07-18 13:55:57,Dong Nai-Bien Hoa,Bien Hoa,31.14,31.14,32.0,62.0,35.67,10000.0,0.0,97.0,5.16,10.03,283.0,1004.0,1,804,Clouds,overcast clouds,04d
2025-07-18 13:57:57,Dong Nai-Bien Hoa,Bien Hoa,31.14,31.14,32.0,62.0,35.67,10000.0,0.0,97.0,5.16,10.03,283.0,1004.0,1,804,Clouds,overcast clouds,04d
2025-07-18 13:59:57,Dong Nai-Bien Hoa,Bien Hoa,31.14,31.14,32.0,62.0,35.67,10000.0,0.0,97.0,5.16,10.03,283.0,1004.0,1,804,Clouds,overcast clouds,04d
2025-07-18 14:01:58,Dong Nai-Bien Hoa,Bien Hoa,31.14,31.14,32.0,62.0,35.67,10000.0,0.0,97.0,5.16,10.03,283.0,1004.0,1,804,Clouds,overcast clouds,04d
2025-07-18 14:04:00,Dong Nai-Bien Hoa,Bien Hoa,31.14,31.14,32.0,62.0,35.67,10000.0,0.0,97.0,5.16,10.03,283.0,1004.0,1,804,Clouds,overcast clouds,04d
2025-07-18 14:06:01,Dong Nai-Bien Hoa,Bien Hoa,31.14,31.14,32.0,62.0,35.67,10000.0,0.0,97.0,5.16,10.03,283.0,1004.0,1,804,Clouds,overcast clouds,04d
2025-07-18 14:08:03,Dong Nai-Bien Hoa,Bien Hoa,31.14,31.14,32.0,68.0,37.37,10000.0,0.0,97.0,5.16,10.03,283.0,1005.0,1,804,Clouds,overcast clouds,04d
2025-07-18 14:10:04,Dong Nai-Bien Hoa,Bien Hoa,31.14,31.14,32.0,68.0,37.37,10000.0,0.0,97.0,5.16,10.03,283.0,1005.0,1,804,Clouds,overcast clouds,04d
2025-07-18 14:12:05,Dong Nai-Bien Hoa,Bien Hoa,31.14,31.14,32.0,68.0,37.37,10000.0,0.0,97.0,5.16,10.03,283.0,1005.0,1,804,Clouds,overcast clouds,04d
2025-07-18 14:14:04,Dong Nai-Bien Hoa,Bien Hoa,31.14,31.14,32.0,68.0,37.37,10000.0,0.0,97.0,5.16,10.03,283.0,1005.0,1,804,Clouds,overcast clouds,04d
2025-07-18 14:16:09,Dong Nai-Bien Hoa,Bien Hoa,31.14,31.14,32.0,68.0,37.37,10000.0,0.0,97.0,5.16,10.03,283.0,1005.0,1,804,Clouds,overcast clouds,04d
2025-07-18 14:18:12,Dong Nai-Bien Hoa,Bien Hoa,31.14,31.14,32.0,68.0,37.37,10000.0,0.0,97.0,5.16,10.03,283.0,1005.0,1,804,Clouds,overcast clouds,04d
2025-07-18 14:20:16,Dong Nai-Bien Hoa,Bien Hoa,31.14,31.14,32.0,68.0,37.37,10000.0,0.0,97.0,5.16,10.03,283.0,1005.0,1,804,Clouds,overcast clouds,04d
2025-07-18 14:22:18,Dong Nai-Bien Hoa,Bien Hoa,31.14,31.14,32.0,68.0,37.37,10000.0,0.0,97.0,5.16,10.03,283.0,1005.0,1,804,Clouds,overcast clouds,04d
2025-07-18 14:24:21,Dong Nai-Bien Hoa,Bien Hoa,32.25,32.25,33.0,67.0,39.25,10000.0,0.0,97.0,5.16,10.03,283.0,1004.0,1,804,Clouds,overcast clouds,04d
2025-07-18 14:26:23,Dong Nai-Bien Hoa,Bien Hoa,32.25,32.25,33.0,67.0,39.25,10000.0,0.0,97.0,5.16,10.03,283.0,1004.0,1,804,Clouds,overcast clouds,04d
2025-07-18 14:28:24,Dong Nai-Bien Hoa,Bien Hoa,32.81,32.81,33.0,67.0,39.81,10000.0,0.0,97.0,5.16,10.03,283.0,1004.0,1,804,Clouds,overcast clouds,04d
2025-07-18 14:30:25,Dong Nai-Bien Hoa,Bien Hoa,32.81,32.81,33.0,67.0,39.81,10000.0,0.0,97.0,5.16,10.03,283.0,1004.0,1,804,Clouds,overcast clouds,04d
2025-07-18 14:32:28,Dong Nai-Bien Hoa,Bien Hoa,32.25,32.25,33.0,67.0,39.25,10000.0,0.0,97.0,5.16,10.03,283.0,1004.0,1,804,Clouds,overcast clouds,04d
2025-07-18 14:34:30,Dong Nai-Bien Hoa,Bien Hoa,32.81,32.81,33.0,63.0,39.81,10000.0,0.0,100.0,2.65,5.88,275.0,1004.0,1,804,Clouds,overcast clouds,04d
2025-07-18 14:36:36,Dong Nai-Bien Hoa,Bien Hoa,32.81,32.81,33.0,63.0,39.81,10000.0,0.0,100.0,2.65,5.88,275.0,1004.0,1,804,Clouds,overcast clouds,04d
2025-07-18 14:38:36,Dong Nai-Bien Hoa,Bien Hoa,32.81,32.81,33.0,63.0,39.81,10000.0,0.0,100.0,2.65,5.88,275.0,1004.0,1,804,Clouds,overcast clouds,04d
2025-07-18 14:40:37,Dong Nai-Bien Hoa,Bien Hoa,32.81,32.81,33.0,63.0,39.81,10000.0,0.0,100.0,2.65,5.88,275.0,1004.0,1,804,Clouds,overcast clouds,04d
2025-07-18 14:42:37,Dong Nai-Bien Hoa,Bien Hoa,32.81,32.81,33.0,63.0,39.81,10000.0,0.0,100.0,2.65,5.88,275.0,1004.0,1,804,Clouds,overcast clouds,04d
2025-07-18 14:44:38,Dong Nai-Bien Hoa,Bien Hoa,32.81,32.81,33.0,63.0,39.81,10000.0,0.0,100.0,2.65,5.88,275.0,1004.0,1,804,Clouds,overcast clouds,04d
2025-07-18 14:46:38,Dong Nai-Bien Hoa,Bien Hoa,32.81,32.81,33.0,62.0,39.75,10000.0,0.0,100.0,2.65,5.88,275.0,1003.0,1,804,Clouds,overcast clouds,04d
2025-07-18 14:48:38,Dong Nai-Bien Hoa,Bien Hoa,32.81,32.81,33.0,62.0,39.75,10000.0,0.0,100.0,2.65,5.88,275.0,1003.0,1,804,Clouds,overcast clouds,04d
2025-07-18 14:50:37,Dong Nai-Bien Hoa,Bien Hoa,32.81,32.81,33.0,62.0,39.75,10000.0,0.0,100.0,2.65,5.88,275.0,1003.0,1,804,Clouds,overcast clouds,04d
2025-07-18 14:52:37,Dong Nai-Bien Hoa,Bien Hoa,32.81,32.81,33.0,62.0,39.75,10000.0,0.0,100.0,2.65,5.88,275.0,1003.0,1,804,Clouds,overcast clouds,04d
2025-07-18 14:54:37,Dong Nai-Bien Hoa,Bien Hoa,32.81,32.81,33.0,62.0,39.75,10000.0,0.0,100.0,2.65,5.88,275.0,1003.0,1,804,Clouds,overcast clouds,04d
2025-07-18 14:56:36,Dong Nai-Bien Hoa,Bien Hoa,32.81,32.81,33.0,62.0,39.75,10000.0,0.0,100.0,2.65,5.88,275.0,1003.0,1,804,Clouds,overcast clouds,04d
2025-07-18 14:58:33,Dong Nai-Bien Hoa,Bien Hoa,32.81,32.81,33.0,62.0,39.75,10000.0,0.0,100.0,2.65,5.88,275.0,1003.0,1,804,Clouds,overcast clouds,04d
2025-07-18 15:01:13,Dong Nai-Bien Hoa,Bien Hoa,32.81,32.81,33.0,62.0,39.75,10000.0,0.0,100.0,2.65,5.88,275.0,1003.0,1,804,Clouds,overcast clouds,04d
2025-07-18 15:03:11,Dong Nai-Bien Hoa,Bien Hoa,32.81,32.81,33.0,62.0,39.75,10000.0,0.0,100.0,2.65,5.88,275.0,1003.0,1,804,Clouds,overcast clouds,04d
2025-07-18 15:05:17,Dong Nai-Bien Hoa,Bien Hoa,32.81,32.81,33.0,62.0,39.75,10000.0,0.0,100.0,2.65,5.88,275.0,1004.0,1,804,Clouds,overcast clouds,04d
2025-07-18 15:07:16,Dong Nai-Bien Hoa,Bien Hoa,32.81,32.81,33.0,62.0,39.75,10000.0,0.0,100.0,2.65,5.88,275.0,1004.0,1,804,Clouds,overcast clouds,04d
2025-07-18 15:09:17,Dong Nai-Bien Hoa,Bien Hoa,32.81,32.81,33.0,62.0,39.75,10000.0,0.0,100.0,2.65,5.88,275.0,1004.0,1,804,Clouds,overcast clouds,04d
2025-07-18 15:11:18,Dong Nai-Bien Hoa,Bien Hoa,32.25,32.25,33.0,62.0,38.31,10000.0,0.0,100.0,2.65,5.88,275.0,1004.0,1,804,Clouds,overcast clouds,04d
2025-07-18 15:13:18,Dong Nai-Bien Hoa,Bien Hoa,32.25,32.25,33.0,62.0,38.31,10000.0,0.0,100.0,2.65,5.88,275.0,1004.0,1,804,Clouds,overcast clouds,04d
2025-07-18 15:15:16,Dong Nai-Bien Hoa,Bien Hoa,32.25,32.25,33.0,62.0,38.31,10000.0,0.0,100.0,2.65,5.88,275.0,1004.0,1,804,Clouds,overcast clouds,04d
2025-07-18 15:17:15,Dong Nai-Bien Hoa,Bien Hoa,32.25,32.25,33.0,62.0,38.31,10000.0,0.0,100.0,2.65,5.88,275.0,1004.0,1,804,Clouds,overcast clouds,04d
2025-07-18 15:19:13,Dong Nai-Bien Hoa,Bien Hoa,32.25,32.25,33.0,62.0,38.31,10000.0,0.0,100.0,2.65,5.88,275.0,1004.0,1,804,Clouds,overcast clouds,04d
2025-07-18 15:21:15,Dong Nai-Bien Hoa,Bien Hoa,32.25,32.25,33.0,62.0,38.31,10000.0,0.0,100.0,2.65,5.88,275.0,1004.0,1,804,Clouds,overcast clouds,04d
2025-07-18 15:23:14,Dong Nai-Bien Hoa,Bien Hoa,32.25,32.25,33.0,62.0,38.31,10000.0,0.0,100.0,2.65,5.88,275.0,1004.0,1,804,Clouds,overcast clouds,04d
2025-07-18 15:25:13,Dong Nai-Bien Hoa,Bien Hoa,32.25,32.25,33.0,62.0,38.31,10000.0,0.0,100.0,2.65,5.88,275.0,1004.0,1,804,Clouds,overcast clouds,04d
2025-07-18 15:27:12,Dong Nai-Bien Hoa,Bien Hoa,32.25,32.25,33.0,62.0,38.31,10000.0,0.0,100.0,2.65,5.88,275.0,1004.0,1,804,Clouds,overcast clouds,04d
2025-07-18 15:29:10,Dong Nai-Bien Hoa,Bien Hoa,32.25,32.25,33.0,62.0,38.31,10000.0,0.0,100.0,2.65,5.88,275.0,1004.0,1,804,Clouds,overcast clouds,04d
2025-07-18 15:31:09,Dong Nai-Bien Hoa,Bien Hoa,32.25,32.25,33.0,62.0,38.31,10000.0,0.0,100.0,2.65,5.88,275.0,1004.0,1,804,Clouds,overcast clouds,04d
2025-07-18 15:33:07,Dong Nai-Bien Hoa,Bien Hoa,32.25,32.25,33.0,62.0,38.31,10000.0,0.0,100.0,2.65,5.88,275.0,1004.0,1,804,Clouds,overcast clouds,04d
2025-07-18 15:35:08,Dong Nai-Bien Hoa,Bien Hoa,32.25,32.25,33.0,62.0,38.31,10000.0,0.0,100.0,2.65,5.88,275.0,1004.0,1,804,Clouds,overcast clouds,04d
2025-07-18 15:37:08,Dong Nai-Bien Hoa,Bien Hoa,32.25,32.25,33.0,61.0,37.98,10000.0,0.0,100.0,2.32,5.3,284.0,1003.0,1,804,Clouds,overcast clouds,04d
2025-07-18 15:39:07,Dong Nai-Bien Hoa,Bien Hoa,32.25,32.25,33.0,61.0,37.98,10000.0,0.0,100.0,2.32,5.3,284.0,1003.0,1,804,Clouds,overcast clouds,04d
2025-07-18 15:41:07,Dong Nai-Bien Hoa,Bien Hoa,32.25,32.25,33.0,61.0,37.98,10000.0,0.0,100.0,2.32,5.3,284.0,1003.0,1,804,Clouds,overcast clouds,04d
2025-07-18 15:43:06,Dong Nai-Bien Hoa,Bien Hoa,32.25,32.25,33.0,61.0,37.98,10000.0,0.0,100.0,2.32,5.3,284.0,1003.0,1,804,Clouds,overcast clouds,04d
2025-07-18 15:45:05,Dong Nai-Bien Hoa,Bien Hoa,32.25,32.25,33.0,61.0,37.98,10000.0,0.0,100.0,2.32,5.3,284.0,1003.0,1,804,Clouds,overcast clouds,04d
2025-07-18 15:47:06,Dong Nai-Bien Hoa,Bien Hoa,32.25,32.25,33.0,61.0,37.98,10000.0,0.0,100.0,2.32,5.3,284.0,1003.0,1,804,Clouds,overcast clouds,04d
2025-07-18 15:49:09,Dong Nai-Bien Hoa,Bien Hoa,32.25,32.0,32.25,63.0,38.64,10000.0,0.0,100.0,2.32,5.3,284.0,1003.0,1,804,Clouds,overcast clouds,04d
2025-07-18 15:51:12,Dong Nai-Bien Hoa,Bien Hoa,32.25,32.0,32.25,63.0,38.64,10000.0,0.0,100.0,2.32,5.3,284.0,1003.0,1,804,Clouds,overcast clouds,04d
2025-07-18 15:53:14,Dong Nai-Bien Hoa,Bien Hoa,32.25,32.0,32.25,63.0,38.64,10000.0,0.0,100.0,2.32,5.3,284.0,1003.0,1,804,Clouds,overcast clouds,04d
2025-07-18 15:55:15,Dong Nai-Bien Hoa,Bien Hoa,32.25,32.0,32.25,63.0,38.64,10000.0,0.0,100.0,2.32,5.3,284.0,1003.0,1,804,Clouds,overcast clouds,04d
2025-07-18 15:57:16,Dong Nai-Bien Hoa,Bien Hoa,32.25,32.0,32.25,63.0,38.64,10000.0,0.0,100.0,2.32,5.3,284.0,1003.0,1,804,Clouds,overcast clouds,04d
2025-07-18 15:59:16,Dong Nai-Bien Hoa,Bien Hoa,32.25,32.0,32.25,63.0,38.64,10000.0,0.0,100.0,2.32,5.3,284.0,1003.0,1,804,Clouds,overcast clouds,04d
2025-07-18 16:01:15,Dong Nai-Bien Hoa,Bien Hoa,32.25,32.0,32.25,63.0,38.64,10000.0,0.0,100.0,2.32,5.3,284.0,1003.0,1,804,Clouds,overcast clouds,04d
2025-07-18 16:03:14,Dong Nai-Bien Hoa,Bien Hoa,32.25,32.0,32.25,63.0,38.64,10000.0,0.0,100.0,2.32,5.3,284.0,1003.0,1,804,Clouds,overcast clouds,04d
2025-07-18 16:05:13,Dong Nai-Bien Hoa,Bien Hoa,31.7,31.7,32.0,63.0,37.27,10000.0,0.0,100.0,2.32,5.3,284.0,1004.0,1,804,Clouds,overcast clouds,04d
2025-07-18 16:07:14,Dong Nai-Bien Hoa,Bien Hoa,31.7,31.7,32.0,63.0,37.27,10000.0,0.0,100.0,2.32,5.3,284.0,1004.0,1,804,Clouds,overcast clouds,04d
2025-07-18 16:09:15,Dong Nai-Bien Hoa,Bien Hoa,31.7,31.7,32.0,63.0,37.27,10000.0,0.0,100.0,2.32,5.3,284.0,1004.0,1,804,Clouds,overcast clouds,04d
2025-07-18 16:11:17,Dong Nai-Bien Hoa,Bien Hoa,31.7,31.7,32.0,63.0,37.27,10000.0,0.0,100.0,2.32,5.3,284.0,1004.0,1,804,Clouds,overcast clouds,04d
2025-07-18 16:13:19,Dong Nai-Bien Hoa,Bien Hoa,31.7,31.7,32.0,63.0,37.27,10000.0,0.0,100.0,2.32,5.3,284.0,1004.0,1,804,Clouds,overcast clouds,04d
2025-07-18 16:15:20,Dong Nai-Bien Hoa,Bien Hoa,31.7,31.7,32.0,63.0,37.27,10000.0,0.0,100.0,2.32,5.3,284.0,1004.0,1,804,Clouds,overcast clouds,04d
2025-07-18 16:17:20,Dong Nai-Bien Hoa,Bien Hoa,31.7,31.7,32.0,63.0,37.27,10000.0,0.0,100.0,2.32,5.3,284.0,1004.0,1,804,Clouds,overcast clouds,04d
2025-07-18 16:19:21,Dong Nai-Bien Hoa,Bien Hoa,31.7,31.7,32.0,63.0,37.27,10000.0,0.0,100.0,2.32,5.3,284.0,1004.0,1,804,Clouds,overcast clouds,04d
2025-07-18 16:21:21,Dong Nai-Bien Hoa,Bien Hoa,31.7,31.7,32.0,63.0,37.27,10000.0,0.0,100.0,2.32,5.3,284.0,1004.0,1,804,Clouds,overcast clouds,04d
2025-07-18 16:23:21,Dong Nai-Bien Hoa,Bien Hoa,31.7,31.7,32.0,63.0,37.27,10000.0,0.0,100.0,2.32,5.3,284.0,1004.0,1,804,Clouds,overcast clouds,04d
2025-07-18 16:25:21,Dong Nai-Bien Hoa,Bien Hoa,31.7,31.7,32.0,63.0,37.27,10000.0,0.0,100.0,2.32,5.3,284.0,1004.0,1,804,Clouds,overcast clouds,04d
2025-07-18 16:27:21,Dong Nai-Bien Hoa,Bien Hoa,31.7,31.7,32.0,62.0,36.97,10000.0,0.0,100.0,2.32,5.3,284.0,1004.0,1,804,Clouds,overcast clouds,04d
2025-07-18 16:29:20,Dong Nai-Bien Hoa,Bien Hoa,31.7,31.7,32.0,62.0,36.97,10000.0,0.0,100.0,2.32,5.3,284.0,1004.0,1,804,Clouds,overcast clouds,04d
2025-07-18 16:31:20,Dong Nai-Bien Hoa,Bien Hoa,31.7,31.7,32.0,62.0,36.97,10000.0,0.0,100.0,2.32,5.3,284.0,1004.0,1,804,Clouds,overcast clouds,04d
2025-07-18 16:33:19,Dong Nai-Bien Hoa,Bien Hoa,31.7,31.7,32.0,62.0,36.97,10000.0,0.0,100.0,2.32,5.3,284.0,1004.0,1,804,Clouds,overcast clouds,04d
2025-07-18 16:35:19,Dong Nai-Bien Hoa,Bien Hoa,31.7,31.7,32.0,62.0,36.97,10000.0,0.0,100.0,2.32,5.3,284.0,1004.0,1,804,Clouds,overcast clouds,04d
2025-07-18 16:37:21,Dong Nai-Bien Hoa,Bien Hoa,31.7,31.7,32.0,62.0,36.97,10000.0,0.0,100.0,2.32,5.3,284.0,1004.0,1,804,Clouds,overcast clouds,04d
2025-07-18 16:39:20,Dong Nai-Bien Hoa,Bien Hoa,31.7,31.7,32.0,63.0,37.27,10000.0,0.0,100.0,1.46,1.42,70.0,1003.0,1,804,Clouds,overcast clouds,04d
2025-07-18 16:41:21,Dong Nai-Bien Hoa,Bien Hoa,31.7,31.7,32.0,63.0,37.27,10000.0,0.0,100.0,1.46,1.42,70.0,1003.0,1,804,Clouds,overcast clouds,04d
2025-07-18 16:43:20,Dong Nai-Bien Hoa,Bien Hoa,31.7,31.7,32.0,63.0,37.27,10000.0,0.0,100.0,1.46,1.42,70.0,1003.0,1,804,Clouds,overcast clouds,04d
2025-07-18 16:45:20,Dong Nai-Bien Hoa,Bien Hoa,31.7,31.7,32.0,63.0,37.27,10000.0,0.0,100.0,1.46,1.42,70.0,1003.0,1,804,Clouds,overcast clouds,04d
2025-07-18 16:47:20,Dong Nai-Bien Hoa,Bien Hoa,31.7,31.7,32.0,63.0,37.27,10000.0,0.0,100.0,1.46,1.42,70.0,1003.0,1,804,Clouds,overcast clouds,04d
2025-07-18 16:49:19,Dong Nai-Bien Hoa,Bien Hoa,31.7,31.7,32.0,63.0,37.27,10000.0,0.0,100.0,1.46,1.42,70.0,1003.0,1,804,Clouds,overcast clouds,04d
2025-07-18 16:51:17,Dong Nai-Bien Hoa,Bien Hoa,31.7,31.7,32.0,64.0,37.57,10000.0,0.0,100.0,1.46,1.42,70.0,1003.0,1,804,Clouds,overcast clouds,04d
2025-07-18 16:53:19,Dong Nai-Bien Hoa,Bien Hoa,31.7,31.7,32.0,64.0,37.57,10000.0,0.0,100.0,1.46,1.42,70.0,1003.0,1,804,Clouds,overcast clouds,04d
2025-07-18 16:55:20,Dong Nai-Bien Hoa,Bien Hoa,31.7,31.7,32.0,64.0,37.57,10000.0,0.0,100.0,1.46,1.42,70.0,1003.0,1,804,Clouds,overcast clouds,04d
2025-07-18 16:57:22,Dong Nai-Bien Hoa,Bien Hoa,31.7,31.7,32.0,64.0,37.57,10000.0,0.0,100.0,1.46,1.42,70.0,1003.0,1,804,Clouds,overcast clouds,04d
2025-07-18 16:59:24,Dong Nai-Bien Hoa,Bien Hoa,31.14,31.14,32.0,64.0,36.21,10000.0,0.0,100.0,1.46,1.42,70.0,1003.0,1,804,Clouds,overcast clouds,04d
2025-07-18 17:01:27,Dong Nai-Bien Hoa,Bien Hoa,31.14,31.14,32.0,65.0,36.49,10000.0,0.0,100.0,1.46,1.42,70.0,1004.0,1,804,Clouds,overcast clouds,04d
2025-07-18 17:03:26,Dong Nai-Bien Hoa,Bien Hoa,31.14,31.14,32.0,65.0,36.49,10000.0,0.0,100.0,1.46,1.42,70.0,1004.0,1,804,Clouds,overcast clouds,04d
2025-07-18 17:05:26,Dong Nai-Bien Hoa,Bien Hoa,31.14,31.14,32.0,65.0,36.49,10000.0,0.0,100.0,1.46,1.42,70.0,1004.0,1,804,Clouds,overcast clouds,04d
2025-07-18 17:07:26,Dong Nai-Bien Hoa,Bien Hoa,31.14,31.14,32.0,65.0,36.49,10000.0,0.0,100.0,1.46,1.42,70.0,1004.0,1,804,Clouds,overcast clouds,04d
2025-07-18 17:09:26,Dong Nai-Bien Hoa,Bien Hoa,31.14,31.14,32.0,65.0,36.49,10000.0,0.0,100.0,1.46,1.42,70.0,1004.0,1,804,Clouds,overcast clouds,04d
2025-07-18 17:11:25,Dong Nai-Bien Hoa,Bien Hoa,31.14,31.14,32.0,65.0,36.49,10000.0,0.0,100.0,1.46,1.42,70.0,1004.0,1,804,Clouds,overcast clouds,04d
2025-07-18 17:13:23,Dong Nai-Bien Hoa,Bien Hoa,31.14,31.14,32.0,65.0,36.49,10000.0,0.0,100.0,1.46,1.42,70.0,1004.0,1,804,Clouds,overcast clouds,04d
2025-07-18 17:15:23,Dong Nai-Bien Hoa,Bien Hoa,31.14,31.14,32.0,65.0,36.49,10000.0,0.0,100.0,1.46,1.42,70.0,1004.0,1,804,Clouds,overcast clouds,04d
2025-07-18 17:17:21,Dong Nai-Bien Hoa,Bien Hoa,31.14,31.14,32.0,65.0,36.49,10000.0,0.0,100.0,1.46,1.42,70.0,1004.0,1,804,Clouds,overcast clouds,04d
2025-07-18 17:19:20,Dong Nai-Bien Hoa,Bien Hoa,31.14,31.0,31.14,64.0,36.21,10000.0,0.0,100.0,1.46,1.42,70.0,1004.0,1,804,Clouds,overcast clouds,04d
2025-07-18 17:21:18,Dong Nai-Bien Hoa,Bien Hoa,31.14,31.0,31.14,64.0,36.21,10000.0,0.0,100.0,1.46,1.42,70.0,1004.0,1,804,Clouds,overcast clouds,04d
2025-07-18 17:23:15,Dong Nai-Bien Hoa,Bien Hoa,31.14,31.0,31.14,64.0,36.21,10000.0,0.0,100.0,1.46,1.42,70.0,1004.0,1,804,Clouds,overcast clouds,04d
2025-07-18 17:25:14,Dong Nai-Bien Hoa,Bien Hoa,31.14,31.0,31.14,64.0,36.21,10000.0,0.0,100.0,1.46,1.42,70.0,1004.0,1,804,Clouds,overcast clouds,04d
2025-07-18 17:27:11,Dong Nai-Bien Hoa,Bien Hoa,31.14,31.0,31.14,64.0,36.21,10000.0,0.0,100.0,1.46,1.42,70.0,1004.0,1,804,Clouds,overcast clouds,04d
2025-07-18 17:29:10,Dong Nai-Bien Hoa,Bien Hoa,31.14,31.0,31.14,64.0,36.21,10000.0,0.0,100.0,1.46,1.42,70.0,1004.0,1,804,Clouds,overcast clouds,04d
2025-07-18 17:31:09,Dong Nai-Bien Hoa,Bien Hoa,31.14,31.0,31.14,64.0,36.21,10000.0,0.0,100.0,1.46,1.42,70.0,1004.0,1,804,Clouds,overcast clouds,04d
2025-07-18 17:33:10,Dong Nai-Bien Hoa,Bien Hoa,31.14,31.0,31.14,64.0,36.21,10000.0,0.0,100.0,1.46,1.42,70.0,1004.0,1,804,Clouds,overcast clouds,04d
2025-07-18 17:35:09,Dong Nai-Bien Hoa,Bien Hoa,31.14,31.0,31.14,64.0,36.21,10000.0,0.0,100.0,1.46,1.42,70.0,1004.0,1,804,Clouds,overcast clouds,04d
2025-07-18 17:37:08,Dong Nai-Bien Hoa,Bien Hoa,31.14,31.0,31.14,65.0,36.49,10000.0,0.0,100.0,1.34,2.15,21.0,1004.0,1,804,Clouds,overcast clouds,04d
2025-07-18 17:39:08,Dong Nai-Bien Hoa,Bien Hoa,31.14,31.0,31.14,64.0,36.21,10000.0,0.0,100.0,1.46,1.42,70.0,1004.0,1,804,Clouds,overcast clouds,04d
2025-07-18 17:41:07,Dong Nai-Bien Hoa,Bien Hoa,31.14,31.0,31.14,65.0,36.49,10000.0,0.0,100.0,1.34,2.15,21.0,1004.0,1,804,Clouds,overcast clouds,04d
2025-07-18 17:43:06,Dong Nai-Bien Hoa,Bien Hoa,31.14,31.0,31.14,65.0,36.49,10000.0,0.0,100.0,1.34,2.15,21.0,1004.0,1,804,Clouds,overcast clouds,04d
2025-07-18 17:45:06,Dong Nai-Bien Hoa,Bien Hoa,31.14,31.0,31.14,65.0,36.49,10000.0,0.0,100.0,1.34,2.15,21.0,1004.0,1,804,Clouds,overcast clouds,04d
2025-07-18 17:47:05,Dong Nai-Bien Hoa,Bien Hoa,31.14,31.0,31.14,65.0,36.49,10000.0,0.0,100.0,1.34,2.15,21.0,1004.0,1,804,Clouds,overcast clouds,04d
2025-07-18 17:49:05,Dong Nai-Bien Hoa,Bien Hoa,31.14,31.0,31.14,65.0,36.49,10000.0,0.0,100.0,1.34,2.15,21.0,1004.0,1,804,Clouds,overcast clouds,04d
2025-07-18 17:51:07,Dong Nai-Bien Hoa,Bien Hoa,31.14,31.0,31.14,65.0,36.49,10000.0,0.0,100.0,1.34,2.15,21.0,1004.0,1,804,Clouds,overcast clouds,04d
2025-07-18 17:53:09,Dong Nai-Bien Hoa,Bien Hoa,30.59,30.59,31.0,67.0,35.71,10000.0,0.0,100.0,1.34,2.15,21.0,1004.0,1,804,Clouds,overcast clouds,04d
2025-07-18 17:55:09,Dong Nai-Bien Hoa,Bien Hoa,30.59,30.59,31.0,67.0,35.71,10000.0,0.0,100.0,1.34,2.15,21.0,1004.0,1,804,Clouds,overcast clouds,04d
2025-07-18 17:57:08,Dong Nai-Bien Hoa,Bien Hoa,30.59,30.59,31.0,67.0,35.71,10000.0,0.0,100.0,1.34,2.15,21.0,1004.0,1,804,Clouds,overcast clouds,04d
2025-07-18 17:59:07,Dong Nai-Bien Hoa,Bien Hoa,30.59,30.59,31.0,67.0,35.71,10000.0,0.0,100.0,1.34,2.15,21.0,1004.0,1,804,Clouds,overcast clouds,04d
2025-07-18 18:01:08,Dong Nai-Bien Hoa,Bien Hoa,30.59,30.59,31.0,67.0,35.71,10000.0,0.0,100.0,1.34,2.15,21.0,1004.0,1,804,Clouds,overcast clouds,04d
2025-07-18 18:03:08,Dong Nai-Bien Hoa,Bien Hoa,30.59,30.59,31.0,67.0,35.71,10000.0,0.0,100.0,1.34,2.15,21.0,1004.0,1,804,Clouds,overcast clouds,04d
2025-07-18 18:05:08,Dong Nai-Bien Hoa,Bien Hoa,30.59,30.59,31.0,67.0,35.71,10000.0,0.0,100.0,1.34,2.15,21.0,1004.0,1,804,Clouds,overcast clouds,04d
2025-07-18 18:07:10,Dong Nai-Bien Hoa,Bien Hoa,30.59,30.59,31.0,67.0,35.71,10000.0,0.0,100.0,1.34,2.15,21.0,1004.0,1,804,Clouds,overcast clouds,04d
2025-07-18 18:09:10,Dong Nai-Bien Hoa,Bien Hoa,30.59,30.59,31.0,67.0,35.71,10000.0,0.0,100.0,1.34,2.15,21.0,1004.0,1,804,Clouds,overcast clouds,04d
2025-07-18 18:11:10,Dong Nai-Bien Hoa,Bien Hoa,30.59,30.59,31.0,67.0,35.71,10000.0,0.0,100.0,1.34,2.15,21.0,1005.0,1,804,Clouds,overcast clouds,04d
2025-07-18 18:13:09,Dong Nai-Bien Hoa,Bien Hoa,30.59,30.59,31.0,67.0,35.71,10000.0,0.0,100.0,1.34,2.15,21.0,1005.0,1,804,Clouds,overcast clouds,04d
2025-07-18 18:15:08,Dong Nai-Bien Hoa,Bien Hoa,30.59,30.59,31.0,67.0,35.71,10000.0,0.0,100.0,1.34,2.15,21.0,1005.0,1,804,Clouds,overcast clouds,04d
2025-07-18 18:17:07,Dong Nai-Bien Hoa,Bien Hoa,30.59,30.59,31.0,67.0,35.71,10000.0,0.0,100.0,1.34,2.15,21.0,1005.0,1,804,Clouds,overcast clouds,04d
2025-07-18 18:19:06,Dong Nai-Bien Hoa,Bien Hoa,30.59,30.0,30.59,68.0,35.98,10000.0,0.0,100.0,1.34,2.15,21.0,1004.0,1,804,Clouds,overcast clouds,04d
2025-07-18 18:21:07,Dong Nai-Bien Hoa,Bien Hoa,30.59,30.0,30.59,68.0,35.98,10000.0,0.0,100.0,1.34,2.15,21.0,1004.0,0,804,Clouds,overcast clouds,04d
2025-07-18 18:23:06,Dong Nai-Bien Hoa,Bien Hoa,30.59,30.59,31.0,67.0,35.71,10000.0,0.0,100.0,1.34,2.15,21.0,1005.0,0,804,Clouds,overcast clouds,04d
2025-07-18 18:25:06,Dong Nai-Bien Hoa,Bien Hoa,30.03,30.0,30.03,68.0,34.63,10000.0,0.1,100.0,1.34,2.15,21.0,1004.0,0,804,Clouds,overcast clouds,04n
2025-07-18 18:27:06,Dong Nai-Bien Hoa,Bien Hoa,30.03,30.0,30.03,68.0,34.63,10000.0,0.1,100.0,1.34,2.15,21.0,1004.0,0,804,Clouds,overcast clouds,04n
2025-07-18 18:29:06,Dong Nai-Bien Hoa,Bien Hoa,30.59,30.0,30.59,68.0,35.98,10000.0,0.0,100.0,1.34,2.15,21.0,1004.0,0,804,Clouds,overcast clouds,04d
2025-07-18 18:31:07,Dong Nai-Bien Hoa,Bien Hoa,30.03,30.0,30.03,67.0,34.4,10000.0,0.12,100.0,0.13,0.96,99.0,1004.0,0,500,Rain,light rain,10n
2025-07-18 18:33:07,Dong Nai-Bien Hoa,Bien Hoa,30.03,30.0,30.03,67.0,34.4,10000.0,0.12,100.0,0.13,0.96,99.0,1004.0,0,500,Rain,light rain,10n
2025-07-18 18:35:08,Dong Nai-Bien Hoa,Bien Hoa,30.03,30.0,30.03,70.0,35.11,10000.0,0.0,100.0,0.13,0.96,99.0,1005.0,0,804,Clouds,overcast clouds,04n
2025-07-18 18:37:07,Dong Nai-Bien Hoa,Bien Hoa,30.03,30.0,30.03,70.0,35.11,10000.0,0.0,100.0,0.13,0.96,99.0,1005.0,0,804,Clouds,overcast clouds,04n
2025-07-18 18:39:07,Dong Nai-Bien Hoa,Bien Hoa,30.03,30.0,30.03,70.0,35.11,10000.0,0.0,100.0,0.13,0.96,99.0,1005.0,0,804,Clouds,overcast clouds,04n
2025-07-18 18:41:05,Dong Nai-Bien Hoa,Bien Hoa,30.03,30.0,30.03,67.0,34.4,10000.0,0.12,100.0,0.13,0.96,99.0,1004.0,0,500,Rain,light rain,10n
2025-07-18 18:43:04,Dong Nai-Bien Hoa,Bien Hoa,30.03,30.0,30.03,70.0,35.11,10000.0,0.0,100.0,0.13,0.96,99.0,1005.0,0,804,Clouds,overcast clouds,04n
2025-07-18 18:45:03,Dong Nai-Bien Hoa,Bien Hoa,30.03,30.0,30.03,70.0,35.11,10000.0,0.0,100.0,0.13,0.96,99.0,1005.0,0,804,Clouds,overcast clouds,04n
2025-07-18 18:47:03,Dong Nai-Bien Hoa,Bien Hoa,30.03,30.0,30.03,71.0,35.36,10000.0,0.0,100.0,0.13,0.96,99.0,1005.0,0,804,Clouds,overcast clouds,04n
2025-07-18 18:49:06,Dong Nai-Bien Hoa,Bien Hoa,30.03,30.0,30.03,71.0,35.36,10000.0,0.0,100.0,0.13,0.96,99.0,1005.0,0,804,Clouds,overcast clouds,04n
2025-07-18 18:51:01,Dong Nai-Bien Hoa,Bien Hoa,30.03,30.0,30.03,71.0,35.36,10000.0,0.0,100.0,0.13,0.96,99.0,1005.0,0,804,Clouds,overcast clouds,04n
2025-07-18 18:52:56,Dong Nai-Bien Hoa,Bien Hoa,30.03,30.0,30.03,71.0,35.36,10000.0,0.0,100.0,0.13,0.96,99.0,1005.0,0,804,Clouds,overcast clouds,04n
2025-07-18 18:54:51,Dong Nai-Bien Hoa,Bien Hoa,30.03,30.0,30.03,71.0,35.36,10000.0,0.0,100.0,0.13,0.96,99.0,1005.0,0,804,Clouds,overcast clouds,04n
2025-07-18 18:56:45,Dong Nai-Bien Hoa,Bien Hoa,30.03,30.0,30.03,71.0,35.36,10000.0,0.0,100.0,0.13,0.96,99.0,1005.0,0,804,Clouds,overcast clouds,04n
2025-07-18 18:58:40,Dong Nai-Bien Hoa,Bien Hoa,30.03,30.0,30.03,71.0,35.36,10000.0,0.0,100.0,0.13,0.96,99.0,1005.0,0,804,Clouds,overcast clouds,04n
2025-07-18 19:02:30,Dong Nai-Bien Hoa,Bien Hoa,30.03,30.0,30.03,71.0,35.36,10000.0,0.0,100.0,0.13,0.96,99.0,1005.0,0,804,Clouds,overcast clouds,04n
2025-07-18 19:04:25,Dong Nai-Bien Hoa,Bien Hoa,30.03,30.0,30.03,73.0,35.86,10000.0,0.0,100.0,0.13,0.96,99.0,1005.0,0,804,Clouds,overcast clouds,04n
2025-07-18 19:06:21,Dong Nai-Bien Hoa,Bien Hoa,30.03,30.0,30.03,73.0,35.86,10000.0,0.0,100.0,0.13,0.96,99.0,1005.0,0,804,Clouds,overcast clouds,04n
2025-07-18 19:08:15,Dong Nai-Bien Hoa,Bien Hoa,30.03,30.0,30.03,73.0,35.86,10000.0,0.0,100.0,0.13,0.96,99.0,1005.0,0,804,Clouds,overcast clouds,04n
2025-07-18 19:10:11,Dong Nai-Bien Hoa,Bien Hoa,30.03,30.0,30.03,73.0,35.86,10000.0,0.0,100.0,0.13,0.96,99.0,1005.0,0,804,Clouds,overcast clouds,04n
2025-07-18 19:12:07,Dong Nai-Bien Hoa,Bien Hoa,30.03,30.0,30.03,73.0,35.86,10000.0,0.0,100.0,0.13,0.96,99.0,1005.0,0,804,Clouds,overcast clouds,04n
2025-07-18 19:14:01,Dong Nai-Bien Hoa,Bien Hoa,30.03,30.0,30.03,73.0,35.86,10000.0,0.0,100.0,0.13,0.96,99.0,1005.0,0,804,Clouds,overcast clouds,04n
2025-07-18 19:15:56,Dong Nai-Bien Hoa,Bien Hoa,30.03,30.0,30.03,73.0,35.86,10000.0,0.0,100.0,0.13,0.96,99.0,1005.0,0,804,Clouds,overcast clouds,04n
2025-07-18 19:17:50,Dong Nai-Bien Hoa,Bien Hoa,30.03,30.0,30.03,73.0,35.86,10000.0,0.0,100.0,0.13,0.96,99.0,1005.0,0,804,Clouds,overcast clouds,04n
2025-07-18 19:19:45,Dong Nai-Bien Hoa,Bien Hoa,30.03,30.0,30.03,73.0,35.86,10000.0,0.0,100.0,0.13,0.96,99.0,1005.0,0,804,Clouds,overcast clouds,04n
2025-07-18 19:21:40,Dong Nai-Bien Hoa,Bien Hoa,30.03,30.0,30.03,73.0,35.86,10000.0,0.0,100.0,0.13,0.96,99.0,1005.0,0,804,Clouds,overcast clouds,04n
2025-07-18 19:23:35,Dong Nai-Bien Hoa,Bien Hoa,30.03,30.0,30.03,73.0,35.86,10000.0,0.0,100.0,0.13,0.96,99.0,1005.0,0,804,Clouds,overcast clouds,04n
2025-07-18 19:25:30,Dong Nai-Bien Hoa,Bien Hoa,30.03,30.0,30.03,73.0,35.86,10000.0,0.0,100.0,0.13,0.96,99.0,1005.0,0,804,Clouds,overcast clouds,04n
2025-07-18 19:27:25,Dong Nai-Bien Hoa,Bien Hoa,30.03,30.0,30.03,73.0,35.86,10000.0,0.0,100.0,0.13,0.96,99.0,1005.0,0,804,Clouds,overcast clouds,04n
2025-07-18 19:29:19,Dong Nai-Bien Hoa,Bien Hoa,30.03,30.0,30.03,73.0,35.86,10000.0,0.0,100.0,0.13,0.96,99.0,1005.0,0,804,Clouds,overcast clouds,04n
2025-07-18 19:31:13,Dong Nai-Bien Hoa,Bien Hoa,30.03,30.0,30.03,73.0,35.86,10000.0,0.0,100.0,0.13,0.96,99.0,1005.0,0,804,Clouds,overcast clouds,04n
2025-07-18 19:33:08,Dong Nai-Bien Hoa,Bien Hoa,29.47,29.47,30.0,71.0,34.0,10000.0,0.0,100.0,3.0,6.6,288.0,1005.0,0,804,Clouds,overcast clouds,04n
2025-07-18 19:35:06,Dong Nai-Bien Hoa,Bien Hoa,29.47,29.47,30.0,71.0,34.0,10000.0,0.1,100.0,3.0,6.6,288.0,1005.0,0,804,Clouds,overcast clouds,04n
2025-07-18 19:37:00,Dong Nai-Bien Hoa,Bien Hoa,29.47,29.47,30.0,71.0,34.0,10000.0,0.1,100.0,3.0,6.6,288.0,1005.0,0,804,Clouds,overcast clouds,04n
2025-07-18 19:38:55,Dong Nai-Bien Hoa,Bien Hoa,29.47,29.47,30.0,71.0,34.0,10000.0,0.0,100.0,3.0,6.6,288.0,1005.0,0,804,Clouds,overcast clouds,04n
2025-07-18 19:40:49,Dong Nai-Bien Hoa,Bien Hoa,29.47,29.47,30.0,71.0,34.0,10000.0,0.0,100.0,3.0,6.6,288.0,1005.0,0,804,Clouds,overcast clouds,04n
2025-07-18 19:42:44,Dong Nai-Bien Hoa,Bien Hoa,29.47,29.47,30.0,71.0,34.0,10000.0,0.0,100.0,3.0,6.6,288.0,1005.0,0,804,Clouds,overcast clouds,04n
2025-07-18 19:44:41,Dong Nai-Bien Hoa,Bien Hoa,29.47,29.0,29.47,71.0,34.0,10000.0,0.0,100.0,3.0,6.6,288.0,1005.0,0,804,Clouds,overcast clouds,04n
2025-07-18 19:46:35,Dong Nai-Bien Hoa,Bien Hoa,29.47,29.0,29.47,71.0,34.0,10000.0,0.0,100.0,3.0,6.6,288.0,1005.0,0,804,Clouds,overcast clouds,04n
2025-07-18 19:48:29,Dong Nai-Bien Hoa,Bien Hoa,29.47,29.0,29.47,71.0,34.0,10000.0,0.0,100.0,3.0,6.6,288.0,1005.0,0,804,Clouds,overcast clouds,04n
2025-07-18 19:50:24,Dong Nai-Bien Hoa,Bien Hoa,29.47,29.0,29.47,71.0,34.0,10000.0,0.0,100.0,3.0,6.6,288.0,1005.0,0,804,Clouds,overcast clouds,04n
2025-07-18 19:52:21,Dong Nai-Bien Hoa,Bien Hoa,29.47,29.0,29.47,71.0,34.0,10000.0,0.0,100.0,3.0,6.6,288.0,1005.0,0,804,Clouds,overcast clouds,04n
2025-07-18 19:54:15,Dong Nai-Bien Hoa,Bien Hoa,29.47,29.0,29.47,71.0,34.0,10000.0,0.0,100.0,3.0,6.6,288.0,1005.0,0,804,Clouds,overcast clouds,04n
2025-07-18 19:56:10,Dong Nai-Bien Hoa,Bien Hoa,29.47,29.0,29.47,71.0,34.0,10000.0,0.0,100.0,3.0,6.6,288.0,1005.0,0,804,Clouds,overcast clouds,04n
2025-07-18 19:58:04,Dong Nai-Bien Hoa,Bien Hoa,29.47,29.0,29.47,71.0,34.0,10000.0,0.0,100.0,3.0,6.6,288.0,1005.0,0,804,Clouds,overcast clouds,04n
2025-07-18 19:59:59,Dong Nai-Bien Hoa,Bien Hoa,29.47,29.0,29.47,71.0,34.0,10000.0,0.0,100.0,3.0,6.6,288.0,1005.0,0,804,Clouds,overcast clouds,04n
2025-07-18 20:01:53,Dong Nai-Bien Hoa,Bien Hoa,29.47,29.0,29.47,71.0,34.0,10000.0,0.0,100.0,3.0,6.6,288.0,1005.0,0,804,Clouds,overcast clouds,04n
2025-07-18 20:03:47,Dong Nai-Bien Hoa,Bien Hoa,29.47,29.0,29.47,71.0,34.0,10000.0,0.0,100.0,3.0,6.6,288.0,1005.0,0,804,Clouds,overcast clouds,04n
2025-07-18 20:05:46,Dong Nai-Bien Hoa,Bien Hoa,29.47,29.0,29.47,71.0,34.0,10000.0,0.0,100.0,3.0,6.6,288.0,1005.0,0,804,Clouds,overcast clouds,04n
2025-07-18 20:07:48,Dong Nai-Bien Hoa,Bien Hoa,29.47,29.0,29.47,71.0,34.0,10000.0,0.0,100.0,3.0,6.6,288.0,1005.0,0,804,Clouds,overcast clouds,04n
2025-07-18 20:09:42,Dong Nai-Bien Hoa,Bien Hoa,29.47,29.0,29.47,71.0,34.0,10000.0,0.0,100.0,3.0,6.6,288.0,1005.0,0,804,Clouds,overcast clouds,04n
2025-07-18 20:11:38,Dong Nai-Bien Hoa,Bien Hoa,29.47,29.0,29.47,71.0,34.0,10000.0,0.0,100.0,3.0,6.6,288.0,1005.0,0,804,Clouds,overcast clouds,04n
2025-07-18 20:13:32,Dong Nai-Bien Hoa,Bien Hoa,29.47,29.0,29.47,71.0,34.0,10000.0,0.0,100.0,3.0,6.6,288.0,1005.0,0,804,Clouds,overcast clouds,04n
2025-07-18 20:15:27,Dong Nai-Bien Hoa,Bien Hoa,29.47,29.0,29.47,71.0,34.0,10000.0,0.0,100.0,3.0,6.6,288.0,1005.0,0,804,Clouds,overcast clouds,04n
2025-07-18 20:19:16,Dong Nai-Bien Hoa,Bien Hoa,28.92,28.92,29.0,71.0,32.74,10000.0,0.0,100.0,3.0,6.6,288.0,1005.0,0,804,Clouds,overcast clouds,04n
2025-07-18 20:21:12,Dong Nai-Bien Hoa,Bien Hoa,28.92,28.92,29.0,71.0,32.74,10000.0,0.0,100.0,3.0,6.6,288.0,1005.0,0,804,Clouds,overcast clouds,04n
2025-07-18 20:23:07,Dong Nai-Bien Hoa,Bien Hoa,28.92,28.92,29.0,71.0,32.74,10000.0,0.0,100.0,3.0,6.6,288.0,1005.0,0,804,Clouds,overcast clouds,04n
2025-07-18 20:25:02,Dong Nai-Bien Hoa,Bien Hoa,28.92,28.92,29.0,71.0,32.74,10000.0,0.0,100.0,3.0,6.6,288.0,1005.0,0,804,Clouds,overcast clouds,04n
2025-07-18 20:26:59,Dong Nai-Bien Hoa,Bien Hoa,28.92,28.92,29.0,71.0,32.74,10000.0,0.0,100.0,3.0,6.6,288.0,1005.0,0,804,Clouds,overcast clouds,04n
2025-07-18 20:28:53,Dong Nai-Bien Hoa,Bien Hoa,28.92,28.92,29.0,71.0,32.74,10000.0,0.0,100.0,3.0,6.6,288.0,1005.0,0,804,Clouds,overcast clouds,04n
2025-07-18 20:30:47,Dong Nai-Bien Hoa,Bien Hoa,28.92,28.92,29.0,75.0,33.5,10000.0,0.0,100.0,2.49,5.59,318.0,1006.0,0,804,Clouds,overcast clouds,04n
2025-07-18 20:32:42,Dong Nai-Bien Hoa,Bien Hoa,28.92,28.92,29.0,75.0,33.5,10000.0,0.0,100.0,2.49,5.59,318.0,1006.0,0,804,Clouds,overcast clouds,04n
2025-07-18 20:34:37,Dong Nai-Bien Hoa,Bien Hoa,28.92,28.92,29.0,75.0,33.5,10000.0,0.0,100.0,2.49,5.59,318.0,1006.0,0,804,Clouds,overcast clouds,04n
2025-07-18 20:36:34,Dong Nai-Bien Hoa,Bien Hoa,28.92,28.92,29.0,74.0,33.3,10000.0,0.0,100.0,2.49,5.59,318.0,1006.0,0,804,Clouds,overcast clouds,04n
2025-07-18 20:38:28,Dong Nai-Bien Hoa,Bien Hoa,28.92,28.92,29.0,74.0,33.3,10000.0,0.0,100.0,2.49,5.59,318.0,1006.0,0,804,Clouds,overcast clouds,04n
2025-07-18 20:40:23,Dong Nai-Bien Hoa,Bien Hoa,28.92,28.92,29.0,74.0,33.3,10000.0,0.0,100.0,2.49,5.59,318.0,1006.0,0,804,Clouds,overcast clouds,04n
2025-07-18 20:42:19,Dong Nai-Bien Hoa,Bien Hoa,28.92,28.92,29.0,74.0,33.3,10000.0,0.0,100.0,2.49,5.59,318.0,1006.0,0,804,Clouds,overcast clouds,04n
2025-07-18 20:44:15,Dong Nai-Bien Hoa,Bien Hoa,28.92,28.92,29.0,74.0,33.3,10000.0,0.0,100.0,2.49,5.59,318.0,1006.0,0,804,Clouds,overcast clouds,04n
2025-07-18 20:46:09,Dong Nai-Bien Hoa,Bien Hoa,28.92,28.92,29.0,74.0,33.3,10000.0,0.0,100.0,2.49,5.59,318.0,1006.0,0,804,Clouds,overcast clouds,04n
2025-07-18 20:48:05,Dong Nai-Bien Hoa,Bien Hoa,28.92,28.92,29.0,74.0,33.3,10000.0,0.0,100.0,2.49,5.59,318.0,1006.0,0,804,Clouds,overcast clouds,04n
2025-07-18 20:49:59,Dong Nai-Bien Hoa,Bien Hoa,28.92,28.92,29.0,74.0,33.3,10000.0,0.0,100.0,2.49,5.59,318.0,1006.0,0,804,Clouds,overcast clouds,04n
2025-07-18 20:51:56,Dong Nai-Bien Hoa,Bien Hoa,28.92,28.92,29.0,75.0,33.5,10000.0,0.0,100.0,2.49,5.59,318.0,1006.0,0,804,Clouds,overcast clouds,04n
2025-07-18 20:53:54,Dong Nai-Bien Hoa,Bien Hoa,28.92,28.92,29.0,75.0,33.5,10000.0,0.0,100.0,2.49,5.59,318.0,1006.0,0,804,Clouds,overcast clouds,04n
2025-07-18 20:55:51,Dong Nai-Bien Hoa,Bien Hoa,28.92,28.92,29.0,75.0,33.5,10000.0,0.0,100.0,2.49,5.59,318.0,1006.0,0,804,Clouds,overcast clouds,04n
2025-07-18 20:57:46,Dong Nai-Bien Hoa,Bien Hoa,28.92,28.92,29.0,75.0,33.5,10000.0,0.0,100.0,2.49,5.59,318.0,1006.0,0,804,Clouds,overcast clouds,04n
2025-07-18 20:59:41,Dong Nai-Bien Hoa,Bien Hoa,28.92,28.92,29.0,75.0,33.5,10000.0,0.0,100.0,2.49,5.59,318.0,1006.0,0,804,Clouds,overcast clouds,04n
2025-07-18 21:01:36,Dong Nai-Bien Hoa,Bien Hoa,28.92,28.92,29.0,75.0,33.5,10000.0,0.0,100.0,2.49,5.59,318.0,1006.0,0,804,Clouds,overcast clouds,04n
2025-07-18 21:03:31,Dong Nai-Bien Hoa,Bien Hoa,28.92,28.92,29.0,75.0,33.5,10000.0,0.0,100.0,2.49,5.59,318.0,1006.0,0,804,Clouds,overcast clouds,04n
2025-07-18 21:05:33,Dong Nai-Bien Hoa,Bien Hoa,28.92,28.92,29.0,76.0,33.7,10000.0,0.0,100.0,2.49,5.59,318.0,1006.0,0,804,Clouds,overcast clouds,04n
2025-07-18 21:07:28,Dong Nai-Bien Hoa,Bien Hoa,28.92,28.92,29.0,76.0,33.7,10000.0,0.0,100.0,2.49,5.59,318.0,1006.0,0,804,Clouds,overcast clouds,04n
2025-07-18 21:09:23,Dong Nai-Bien Hoa,Bien Hoa,28.92,28.92,29.0,76.0,33.7,10000.0,0.0,100.0,2.49,5.59,318.0,1006.0,0,804,Clouds,overcast clouds,04n
2025-07-18 21:11:19,Dong Nai-Bien Hoa,Bien Hoa,28.92,28.92,29.0,76.0,33.7,10000.0,0.0,100.0,2.49,5.59,318.0,1006.0,0,804,Clouds,overcast clouds,04n
2025-07-18 21:15:20,Dong Nai-Bien Hoa,Bien Hoa,28.92,28.92,29.0,76.0,33.7,10000.0,0.0,100.0,2.49,5.59,318.0,1006.0,0,804,Clouds,overcast clouds,04n
2025-07-18 21:17:19,Dong Nai-Bien Hoa,Bien Hoa,28.92,28.92,29.0,76.0,33.7,10000.0,0.0,100.0,2.49,5.59,318.0,1006.0,0,804,Clouds,overcast clouds,04n
2025-07-18 21:19:16,Dong Nai-Bien Hoa,Bien Hoa,28.92,28.92,29.0,76.0,33.7,10000.0,0.0,100.0,2.49,5.59,318.0,1006.0,0,804,Clouds,overcast clouds,04n
2025-07-18 21:21:13,Dong Nai-Bien Hoa,Bien Hoa,28.92,28.0,28.92,76.0,33.7,10000.0,0.0,100.0,2.49,5.59,318.0,1006.0,0,804,Clouds,overcast clouds,04n
2025-07-18 21:23:16,Dong Nai-Bien Hoa,Bien Hoa,28.92,28.0,28.92,76.0,33.7,10000.0,0.0,100.0,2.49,5.59,318.0,1006.0,0,804,Clouds,overcast clouds,04n
2025-07-18 21:25:12,Dong Nai-Bien Hoa,Bien Hoa,28.92,28.0,28.92,76.0,33.7,10000.0,0.0,100.0,2.49,5.59,318.0,1006.0,0,804,Clouds,overcast clouds,04n
2025-07-18 21:27:08,Dong Nai-Bien Hoa,Bien Hoa,28.92,28.0,28.92,76.0,33.7,10000.0,0.0,100.0,2.49,5.59,318.0,1006.0,0,804,Clouds,overcast clouds,04n
2025-07-18 21:29:04,Dong Nai-Bien Hoa,Bien Hoa,28.92,28.0,28.92,76.0,33.7,10000.0,0.0,100.0,2.49,5.59,318.0,1006.0,0,804,Clouds,overcast clouds,04n
2025-07-18 21:31:00,Dong Nai-Bien Hoa,Bien Hoa,28.92,28.0,28.92,76.0,33.7,10000.0,0.0,100.0,2.49,5.59,318.0,1006.0,0,804,Clouds,overcast clouds,04n
2025-07-18 21:32:54,Dong Nai-Bien Hoa,Bien Hoa,28.92,28.0,28.92,76.0,33.7,10000.0,0.0,100.0,2.49,5.59,318.0,1006.0,0,804,Clouds,overcast clouds,04n
2025-07-18 21:34:50,Dong Nai-Bien Hoa,Bien Hoa,28.92,28.0,28.92,76.0,33.7,10000.0,0.0,100.0,2.49,5.59,318.0,1006.0,0,804,Clouds,overcast clouds,04n
2025-07-18 21:36:47,Dong Nai-Bien Hoa,Bien Hoa,28.36,28.0,28.36,77.0,32.5,10000.0,0.0,100.0,2.01,5.9,268.0,1006.0,0,804,Clouds,overcast clouds,04n
2025-07-18 21:38:44,Dong Nai-Bien Hoa,Bien Hoa,28.36,28.0,28.36,77.0,32.5,10000.0,0.0,100.0,2.01,5.9,268.0,1006.0,0,804,Clouds,overcast clouds,04n
2025-07-18 21:42:34,Dong Nai-Bien Hoa,Bien Hoa,28.36,28.0,28.36,77.0,32.5,10000.0,0.0,100.0,2.01,5.9,268.0,1006.0,0,804,Clouds,overcast clouds,04n
2025-07-18 21:44:32,Dong Nai-Bien Hoa,Bien Hoa,28.36,28.0,28.36,77.0,32.5,10000.0,0.0,100.0,2.01,5.9,268.0,1006.0,0,804,Clouds,overcast clouds,04n
2025-07-18 21:46:29,Dong Nai-Bien Hoa,Bien Hoa,28.36,28.0,28.36,77.0,32.5,10000.0,0.0,100.0,2.01,5.9,268.0,1006.0,0,804,Clouds,overcast clouds,04n
2025-07-18 21:48:31,Dong Nai-Bien Hoa,Bien Hoa,28.92,28.0,28.92,76.0,33.7,10000.0,0.0,100.0,2.01,5.9,268.0,1006.0,0,804,Clouds,overcast clouds,04n
2025-07-18 21:50:35,Dong Nai-Bien Hoa,Bien Hoa,28.36,28.0,28.36,77.0,32.5,10000.0,0.0,100.0,2.01,5.9,268.0,1006.0,0,804,Clouds,overcast clouds,04n
2025-07-18 21:52:32,Dong Nai-Bien Hoa,Bien Hoa,28.36,28.0,28.36,77.0,32.5,10000.0,0.0,100.0,2.01,5.9,268.0,1006.0,0,804,Clouds,overcast clouds,04n
2025-07-18 21:54:27,Dong Nai-Bien Hoa,Bien Hoa,28.36,28.0,28.36,76.0,32.33,10000.0,0.0,100.0,2.01,5.9,268.0,1006.0,0,804,Clouds,overcast clouds,04n
2025-07-18 21:56:22,Dong Nai-Bien Hoa,Bien Hoa,28.92,28.0,28.92,76.0,33.7,10000.0,0.0,100.0,2.01,5.9,268.0,1006.0,0,804,Clouds,overcast clouds,04n
2025-07-18 21:58:17,Dong Nai-Bien Hoa,Bien Hoa,28.92,28.0,28.92,76.0,33.7,10000.0,0.0,100.0,2.01,5.9,268.0,1006.0,0,804,Clouds,overcast clouds,04n
2025-07-18 22:06:49,Dong Nai-Bien Hoa,Bien Hoa,28.36,28.0,28.36,78.0,32.67,10000.0,0.0,100.0,2.01,5.9,268.0,1006.0,0,804,Clouds,overcast clouds,04n
2025-07-18 22:18:25,Dong Nai-Bien Hoa,Bien Hoa,28.36,28.0,28.36,79.0,32.84,10000.0,0.0,100.0,2.01,5.9,268.0,1006.0,0,804,Clouds,overcast clouds,04n
2025-07-18 22:20:22,Dong Nai-Bien Hoa,Bien Hoa,28.36,28.0,28.36,79.0,32.84,10000.0,0.0,100.0,2.01,5.9,268.0,1006.0,0,804,Clouds,overcast clouds,04n
2025-07-18 22:27:36,Dong Nai-Bien Hoa,Bien Hoa,28.36,28.0,28.36,79.0,32.84,10000.0,0.0,100.0,2.01,5.9,268.0,1006.0,0,804,Clouds,overcast clouds,04n
2025-07-19 03:41:20,Dong Nai-Bien Hoa,Bien Hoa,27.25,27.0,27.25,84.0,30.75,10000.0,0.0,100.0,1.93,3.52,269.0,1004.0,0,804,Clouds,overcast clouds,04n
2025-07-19 05:38:02,Dong Nai-Bien Hoa,Bien Hoa,27.25,27.0,27.25,86.0,30.98,10000.0,0.0,100.0,2.44,6.14,262.0,1005.0,0,804,Clouds,overcast clouds,04n
2025-07-19 06:16:51,Dong Nai-Bien Hoa,Bien Hoa,27.25,27.0,27.25,88.0,31.22,10000.0,0.0,100.0,2.44,6.14,262.0,1005.0,1,804,Clouds,overcast clouds,04d
2025-07-19 06:51:07,Dong Nai-Bien Hoa,Bien Hoa,27.25,27.0,27.25,84.0,30.75,10000.0,0.0,100.0,2.87,7.53,261.0,1005.0,1,804,Clouds,overcast clouds,04d
2025-07-19 09:58:24,Dong Nai-Bien Hoa,Bien Hoa,31.7,31.7,32.0,63.0,37.27,10000.0,0.0,99.0,6.41,9.84,260.0,1005.0,1,804,Clouds,overcast clouds,04d
2025-07-19 10:27:00,Dong Nai-Bien Hoa,Bien Hoa,31.14,31.0,31.14,67.0,37.07,10000.0,0.0,99.0,6.41,9.84,260.0,1005.0,1,804,Clouds,overcast clouds,04d
2025-07-19 10:31:07,Dong Nai-Bien Hoa,Bien Hoa,30.59,30.59,31.0,60.0,33.99,10000.0,0.0,92.0,7.06,10.38,259.0,1004.0,1,804,Clouds,overcast clouds,04d
2025-07-19 10:39:26,Dong Nai-Bien Hoa,Bien Hoa,31.0,31.0,31.0,62.0,35.35,10000.0,0.0,92.0,7.06,10.38,259.0,1004.0,1,804,Clouds,overcast clouds,04d
2025-07-19 10:43:29,Dong Nai-Bien Hoa,Bien Hoa,31.0,31.0,31.0,62.0,35.35,10000.0,0.15,92.0,7.06,10.38,259.0,1004.0,1,500,Rain,light rain,10d
2025-07-19 10:47:25,Dong Nai-Bien Hoa,Bien Hoa,31.0,31.0,31.0,62.0,35.35,10000.0,0.15,92.0,7.06,10.38,259.0,1004.0,1,500,Rain,light rain,10d
2025-07-19 10:51:32,Dong Nai-Bien Hoa,Bien Hoa,31.0,31.0,31.0,62.0,35.35,10000.0,0.15,92.0,7.06,10.38,259.0,1004.0,1,500,Rain,light rain,10d
2025-07-19 10:59:19,Dong Nai-Bien Hoa,Bien Hoa,31.0,31.0,31.0,64.0,35.88,10000.0,0.0,92.0,7.06,10.38,259.0,1005.0,1,804,Clouds,overcast clouds,04d
2025-07-19 11:07:09,Dong Nai-Bien Hoa,Bien Hoa,31.0,31.0,31.0,73.0,38.0,10000.0,0.16,92.0,7.06,10.38,259.0,1005.0,1,500,Rain,light rain,10d
2025-07-19 11:11:29,Dong Nai-Bien Hoa,Bien Hoa,31.0,31.0,31.0,73.0,38.0,10000.0,0.86,92.0,7.06,10.38,259.0,1005.0,1,500,Rain,light rain,10d
2025-07-19 11:15:43,Dong Nai-Bien Hoa,Bien Hoa,31.0,31.0,31.0,73.0,38.0,10000.0,0.86,92.0,7.06,10.38,259.0,1005.0,1,500,Rain,light rain,10d
2025-07-19 11:19:32,Dong Nai-Bien Hoa,Bien Hoa,31.0,31.0,31.0,73.0,38.0,10000.0,0.56,92.0,7.06,10.38,259.0,1005.0,1,500,Rain,light rain,10d
2025-07-19 11:23:21,Dong Nai-Bien Hoa,Bien Hoa,26.0,26.0,26.0,73.0,26.0,10000.0,4.86,92.0,7.06,10.38,259.0,1005.0,1,502,Rain,heavy intensity rain,10d
2025-07-19 11:27:10,Dong Nai-Bien Hoa,Bien Hoa,26.0,26.0,26.0,73.0,26.0,10000.0,3.47,92.0,7.06,10.38,259.0,1005.0,1,501,Rain,moderate rain,10d
2025-07-19 11:30:56,Dong Nai-Bien Hoa,Bien Hoa,26.0,26.0,26.0,73.0,26.0,10000.0,3.47,92.0,7.06,10.38,259.0,1005.0,1,501,Rain,moderate rain,10d
2025-07-19 11:34:41,Dong Nai-Bien Hoa,Bien Hoa,26.0,26.0,26.0,73.0,26.0,10000.0,3.47,92.0,7.06,10.38,259.0,1005.0,1,501,Rain,moderate rain,10d
2025-07-19 11:38:27,Dong Nai-Bien Hoa,Bien Hoa,26.0,26.0,26.0,63.0,26.0,10000.0,0.44,88.0,7.73,11.2,257.0,1003.0,1,500,Rain,light rain,10d
2025-07-19 11:42:16,Dong Nai-Bien Hoa,Bien Hoa,26.0,26.0,26.0,63.0,26.0,10000.0,0.19,88.0,7.73,11.2,257.0,1003.0,1,500,Rain,light rain,10d
2025-07-19 11:46:11,Dong Nai-Bien Hoa,Bien Hoa,26.0,26.0,26.0,63.0,26.0,10000.0,0.44,88.0,7.73,11.2,257.0,1003.0,1,500,Rain,light rain,10d
2025-07-19 11:49:57,Dong Nai-Bien Hoa,Bien Hoa,25.0,25.0,25.0,67.0,25.31,10000.0,0.1,88.0,7.73,11.2,257.0,1003.0,1,804,Clouds,overcast clouds,04d
2025-07-19 11:53:42,Dong Nai-Bien Hoa,Bien Hoa,25.0,25.0,25.0,67.0,25.31,10000.0,0.1,88.0,7.73,11.2,257.0,1003.0,1,804,Clouds,overcast clouds,04d
2025-07-19 11:57:30,Dong Nai-Bien Hoa,Bien Hoa,25.0,25.0,25.0,67.0,25.31,10000.0,0.12,88.0,7.73,11.2,257.0,1003.0,1,500,Rain,light rain,10d
2025-07-19 12:01:21,Dong Nai-Bien Hoa,Bien Hoa,25.0,25.0,25.0,77.0,25.57,10000.0,0.0,88.0,7.73,11.2,257.0,1004.0,1,804,Clouds,overcast clouds,04d
2025-07-19 12:05:12,Dong Nai-Bien Hoa,Bien Hoa,25.0,25.0,25.0,67.0,25.31,10000.0,0.12,88.0,7.73,11.2,257.0,1003.0,1,500,Rain,light rain,10d
2025-07-19 12:08:58,Dong Nai-Bien Hoa,Bien Hoa,25.0,25.0,25.0,77.0,25.57,10000.0,0.0,88.0,7.73,11.2,257.0,1004.0,1,804,Clouds,overcast clouds,04d
2025-07-19 12:12:45,Dong Nai-Bien Hoa,Bien Hoa,25.0,25.0,25.0,77.0,25.57,10000.0,0.22,88.0,7.73,11.2,257.0,1004.0,1,500,Rain,light rain,10d
2025-07-19 12:16:31,Dong Nai-Bien Hoa,Bien Hoa,25.0,25.0,25.0,77.0,25.57,10000.0,0.3,88.0,7.73,11.2,257.0,1004.0,1,500,Rain,light rain,10d
2025-07-19 12:20:16,Dong Nai-Bien Hoa,Bien Hoa,25.0,25.0,25.0,77.0,25.57,10000.0,0.3,88.0,7.73,11.2,257.0,1004.0,1,500,Rain,light rain,10d
2025-07-19 12:24:03,Dong Nai-Bien Hoa,Bien Hoa,26.0,26.0,26.0,77.0,26.0,10000.0,0.21,88.0,7.73,11.2,257.0,1004.0,1,500,Rain,light rain,10d
2025-07-19 12:27:49,Dong Nai-Bien Hoa,Bien Hoa,26.0,26.0,26.0,77.0,26.0,10000.0,0.13,88.0,7.73,11.2,257.0,1004.0,1,500,Rain,light rain,10d
2025-07-19 12:31:34,Dong Nai-Bien Hoa,Bien Hoa,26.0,26.0,26.0,77.0,26.0,10000.0,0.13,88.0,7.73,11.2,257.0,1004.0,1,500,Rain,light rain,10d
2025-07-19 12:35:20,Dong Nai-Bien Hoa,Bien Hoa,26.0,26.0,26.0,77.0,26.0,10000.0,0.13,88.0,7.73,11.2,257.0,1004.0,1,500,Rain,light rain,10d
2025-07-19 12:39:06,Dong Nai-Bien Hoa,Bien Hoa,26.0,26.0,26.0,71.0,26.0,10000.0,0.0,90.0,6.29,11.11,252.0,1003.0,1,804,Clouds,overcast clouds,04d
2025-07-19 12:42:51,Dong Nai-Bien Hoa,Bien Hoa,26.0,26.0,26.0,71.0,26.0,10000.0,0.0,90.0,6.29,11.11,252.0,1003.0,1,804,Clouds,overcast clouds,04d
2025-07-19 12:46:36,Dong Nai-Bien Hoa,Bien Hoa,26.0,26.0,26.0,71.0,26.0,10000.0,0.0,90.0,6.29,11.11,252.0,1003.0,1,804,Clouds,overcast clouds,04d
2025-07-19 12:50:22,Dong Nai-Bien Hoa,Bien Hoa,27.0,27.0,27.0,68.0,28.69,10000.0,0.13,90.0,6.29,11.11,252.0,1003.0,1,500,Rain,light rain,10d
2025-07-19 12:54:09,Dong Nai-Bien Hoa,Bien Hoa,27.0,27.0,27.0,68.0,28.69,10000.0,0.12,90.0,6.29,11.11,252.0,1003.0,1,500,Rain,light rain,10d
2025-07-19 12:57:55,Dong Nai-Bien Hoa,Bien Hoa,27.0,27.0,27.0,68.0,28.69,10000.0,0.13,90.0,6.29,11.11,252.0,1003.0,1,500,Rain,light rain,10d
2025-07-19 13:01:41,Dong Nai-Bien Hoa,Bien Hoa,27.0,27.0,27.0,75.0,29.28,10000.0,0.0,90.0,6.29,11.11,252.0,1003.0,1,804,Clouds,overcast clouds,04d
2025-07-19 13:05:26,Dong Nai-Bien Hoa,Bien Hoa,27.0,27.0,27.0,75.0,29.28,10000.0,0.0,90.0,6.29,11.11,252.0,1003.0,1,804,Clouds,overcast clouds,04d
2025-07-19 13:09:11,Dong Nai-Bien Hoa,Bien Hoa,27.0,27.0,27.0,75.0,29.28,10000.0,0.0,90.0,6.29,11.11,252.0,1003.0,1,804,Clouds,overcast clouds,04d
2025-07-19 13:12:57,Dong Nai-Bien Hoa,Bien Hoa,27.0,27.0,27.0,75.0,29.28,10000.0,0.0,90.0,6.29,11.11,252.0,1003.0,1,804,Clouds,overcast clouds,04d
2025-07-19 13:16:43,Dong Nai-Bien Hoa,Bien Hoa,27.0,27.0,27.0,75.0,29.28,10000.0,0.0,90.0,6.29,11.11,252.0,1003.0,1,804,Clouds,overcast clouds,04d
2025-07-19 13:20:28,Dong Nai-Bien Hoa,Bien Hoa,27.0,27.0,27.0,75.0,29.28,10000.0,0.0,90.0,6.29,11.11,252.0,1003.0,1,804,Clouds,overcast clouds,04d
2025-07-19 13:24:13,Dong Nai-Bien Hoa,Bien Hoa,27.0,27.0,27.0,75.0,29.28,10000.0,0.31,90.0,6.29,11.11,252.0,1003.0,1,500,Rain,light rain,10d
2025-07-19 13:27:58,Dong Nai-Bien Hoa,Bien Hoa,27.0,27.0,27.0,75.0,29.28,10000.0,0.31,90.0,6.29,11.11,252.0,1003.0,1,500,Rain,light rain,10d
2025-07-19 13:31:44,Dong Nai-Bien Hoa,Bien Hoa,27.0,27.0,27.0,67.0,28.61,10000.0,0.32,94.0,8.55,13.74,250.0,1002.0,1,500,Rain,light rain,10d
2025-07-19 13:35:30,Dong Nai-Bien Hoa,Bien Hoa,27.0,27.0,27.0,75.0,29.28,10000.0,0.28,90.0,6.29,11.11,252.0,1003.0,1,500,Rain,light rain,10d
2025-07-19 13:39:16,Dong Nai-Bien Hoa,Bien Hoa,27.0,27.0,27.0,67.0,28.61,10000.0,0.16,94.0,8.55,13.74,250.0,1002.0,1,500,Rain,light rain,10d
2025-07-19 13:43:02,Dong Nai-Bien Hoa,Bien Hoa,27.0,27.0,27.0,67.0,28.61,10000.0,0.11,94.0,8.55,13.74,250.0,1002.0,1,500,Rain,light rain,10d
2025-07-19 13:46:47,Dong Nai-Bien Hoa,Bien Hoa,27.0,27.0,27.0,67.0,28.61,10000.0,0.11,94.0,8.55,13.74,250.0,1002.0,1,500,Rain,light rain,10d
2025-07-19 13:50:33,Dong Nai-Bien Hoa,Bien Hoa,27.0,27.0,27.0,67.0,28.61,10000.0,0.11,94.0,8.55,13.74,250.0,1002.0,1,500,Rain,light rain,10d
2025-07-19 13:54:23,Dong Nai-Bien Hoa,Bien Hoa,28.0,28.0,28.0,67.0,30.28,10000.0,0.0,94.0,8.55,13.74,250.0,1002.0,1,804,Clouds,overcast clouds,04d
2025-07-19 13:58:13,Dong Nai-Bien Hoa,Bien Hoa,28.0,28.0,28.0,67.0,30.28,10000.0,0.0,94.0,8.55,13.74,250.0,1002.0,1,804,Clouds,overcast clouds,04d
2025-07-19 14:02:05,Dong Nai-Bien Hoa,Bien Hoa,28.0,28.0,28.0,67.0,30.28,10000.0,0.0,94.0,8.55,13.74,250.0,1002.0,1,804,Clouds,overcast clouds,04d
2025-07-19 14:05:55,Dong Nai-Bien Hoa,Bien Hoa,28.0,28.0,28.0,74.0,31.21,10000.0,0.0,94.0,8.55,13.74,250.0,1002.0,1,804,Clouds,overcast clouds,04d
2025-07-19 14:09:45,Dong Nai-Bien Hoa,Bien Hoa,28.0,28.0,28.0,74.0,31.21,10000.0,0.0,94.0,8.55,13.74,250.0,1002.0,1,804,Clouds,overcast clouds,04d
2025-07-19 14:13:34,Dong Nai-Bien Hoa,Bien Hoa,28.0,28.0,28.0,74.0,31.21,10000.0,0.0,94.0,8.55,13.74,250.0,1002.0,1,804,Clouds,overcast clouds,04d
2025-07-19 14:17:26,Dong Nai-Bien Hoa,Bien Hoa,28.0,28.0,28.0,74.0,31.21,10000.0,0.0,94.0,8.55,13.74,250.0,1002.0,1,804,Clouds,overcast clouds,04d
2025-07-19 14:21:18,Dong Nai-Bien Hoa,Bien Hoa,28.0,28.0,28.0,74.0,31.21,10000.0,0.0,94.0,8.55,13.74,250.0,1002.0,1,804,Clouds,overcast clouds,04d
2025-07-19 14:25:12,Dong Nai-Bien Hoa,Bien Hoa,28.0,28.0,28.0,74.0,31.21,10000.0,0.0,94.0,8.55,13.74,250.0,1002.0,1,804,Clouds,overcast clouds,04d
2025-07-19 14:29:03,Dong Nai-Bien Hoa,Bien Hoa,28.0,28.0,28.0,74.0,31.21,10000.0,0.0,94.0,8.55,13.74,250.0,1002.0,1,804,Clouds,overcast clouds,04d
2025-07-19 14:32:55,Dong Nai-Bien Hoa,Bien Hoa,28.0,28.0,28.0,67.0,30.28,10000.0,0.0,84.0,9.01,13.13,253.0,1002.0,1,803,Clouds,broken clouds,04d
2025-07-19 14:36:44,Dong Nai-Bien Hoa,Bien Hoa,28.0,28.0,28.0,67.0,30.28,10000.0,0.0,84.0,9.01,13.13,253.0,1002.0,1,803,Clouds,broken clouds,04d
2025-07-19 14:40:36,Dong Nai-Bien Hoa,Bien Hoa,28.0,28.0,28.0,67.0,30.28,10000.0,0.0,84.0,9.01,13.13,253.0,1002.0,1,803,Clouds,broken clouds,04d
2025-07-19 14:44:26,Dong Nai-Bien Hoa,Bien Hoa,29.0,29.0,29.0,67.0,32.19,10000.0,0.14,84.0,9.01,13.13,253.0,1002.0,1,500,Rain,light rain,10d
2025-07-19 14:48:17,Dong Nai-Bien Hoa,Bien Hoa,29.0,29.0,29.0,67.0,32.19,10000.0,0.14,84.0,9.01,13.13,253.0,1002.0,1,500,Rain,light rain,10d
2025-07-19 14:52:08,Dong Nai-Bien Hoa,Bien Hoa,29.0,29.0,29.0,67.0,32.19,10000.0,0.14,84.0,9.01,13.13,253.0,1002.0,1,500,Rain,light rain,10d
2025-07-19 14:55:57,Dong Nai-Bien Hoa,Bien Hoa,29.0,29.0,29.0,65.0,31.84,10000.0,0.0,84.0,9.01,13.13,253.0,1002.0,1,803,Clouds,broken clouds,04d
2025-07-19 14:59:47,Dong Nai-Bien Hoa,Bien Hoa,29.0,29.0,29.0,65.0,31.84,10000.0,0.0,84.0,9.01,13.13,253.0,1002.0,1,803,Clouds,broken clouds,04d
2025-07-19 15:03:37,Dong Nai-Bien Hoa,Bien Hoa,29.0,29.0,29.0,73.0,33.3,10000.0,0.0,84.0,9.01,13.13,253.0,1002.0,1,803,Clouds,broken clouds,04d
2025-07-19 15:07:29,Dong Nai-Bien Hoa,Bien Hoa,29.0,29.0,29.0,73.0,33.3,10000.0,0.0,84.0,9.01,13.13,253.0,1002.0,1,803,Clouds,broken clouds,04d
2025-07-19 15:11:20,Dong Nai-Bien Hoa,Bien Hoa,29.0,29.0,29.0,73.0,33.3,10000.0,0.0,84.0,9.01,13.13,253.0,1002.0,1,803,Clouds,broken clouds,04d
2025-07-19 15:15:11,Dong Nai-Bien Hoa,Bien Hoa,29.0,29.0,29.0,73.0,33.3,10000.0,0.0,84.0,9.01,13.13,253.0,1002.0,1,803,Clouds,broken clouds,04d
2025-07-19 15:19:00,Dong Nai-Bien Hoa,Bien Hoa,29.0,29.0,29.0,73.0,33.3,10000.0,0.0,84.0,9.01,13.13,253.0,1002.0,1,803,Clouds,broken clouds,04d
2025-07-19 15:22:50,Dong Nai-Bien Hoa,Bien Hoa,29.0,29.0,29.0,73.0,33.3,10000.0,0.0,84.0,9.01,13.13,253.0,1002.0,1,803,Clouds,broken clouds,04d
2025-07-19 15:26:40,Dong Nai-Bien Hoa,Bien Hoa,29.0,29.0,29.0,73.0,33.3,10000.0,0.0,84.0,9.01,13.13,253.0,1002.0,1,803,Clouds,broken clouds,04d
2025-07-19 15:30:30,Dong Nai-Bien Hoa,Bien Hoa,29.0,29.0,29.0,73.0,33.3,10000.0,0.0,84.0,9.01,13.13,253.0,1002.0,1,803,Clouds,broken clouds,04d
2025-07-19 15:34:19,Dong Nai-Bien Hoa,Bien Hoa,29.0,29.0,29.0,66.0,32.01,10000.0,0.0,89.0,8.17,12.49,246.0,1002.0,1,804,Clouds,overcast clouds,04d
2025-07-19 15:38:10,Dong Nai-Bien Hoa,Bien Hoa,29.0,29.0,29.0,66.0,32.01,10000.0,0.0,89.0,8.17,12.49,246.0,1002.0,1,804,Clouds,overcast clouds,04d
2025-07-19 15:42:00,Dong Nai-Bien Hoa,Bien Hoa,29.0,29.0,29.0,66.0,32.01,10000.0,0.0,89.0,8.17,12.49,246.0,1002.0,1,804,Clouds,overcast clouds,04d
2025-07-19 15:45:50,Dong Nai-Bien Hoa,Bien Hoa,29.0,29.0,29.0,66.0,32.01,10000.0,0.0,89.0,8.17,12.49,246.0,1002.0,1,804,Clouds,overcast clouds,04d
2025-07-19 15:49:40,Dong Nai-Bien Hoa,Bien Hoa,29.0,29.0,29.0,66.0,32.01,10000.0,0.0,89.0,8.17,12.49,246.0,1002.0,1,804,Clouds,overcast clouds,04d
2025-07-19 15:53:29,Dong Nai-Bien Hoa,Bien Hoa,29.0,29.0,29.0,66.0,32.01,10000.0,0.0,89.0,8.17,12.49,246.0,1002.0,1,804,Clouds,overcast clouds,04d
2025-07-19 15:57:19,Dong Nai-Bien Hoa,Bien Hoa,29.0,29.0,29.0,66.0,32.01,10000.0,0.0,89.0,8.17,12.49,246.0,1002.0,1,804,Clouds,overcast clouds,04d
2025-07-19 16:01:09,Dong Nai-Bien Hoa,Bien Hoa,29.0,29.0,29.0,66.0,32.01,10000.0,0.0,89.0,8.17,12.49,246.0,1002.0,1,804,Clouds,overcast clouds,04d
2025-07-19 16:04:59,Dong Nai-Bien Hoa,Bien Hoa,30.03,29.0,30.03,66.0,34.17,10000.0,0.0,89.0,8.17,12.49,246.0,1002.0,1,804,Clouds,overcast clouds,04d
2025-07-19 16:08:48,Dong Nai-Bien Hoa,Bien Hoa,30.03,29.0,30.03,66.0,34.17,10000.0,0.0,89.0,8.17,12.49,246.0,1002.0,1,804,Clouds,overcast clouds,04d
2025-07-19 16:12:39,Dong Nai-Bien Hoa,Bien Hoa,29.0,29.0,29.0,73.0,33.3,10000.0,0.0,89.0,8.17,12.49,246.0,1002.0,1,804,Clouds,overcast clouds,04d
2025-07-19 16:16:29,Dong Nai-Bien Hoa,Bien Hoa,29.0,29.0,29.0,73.0,33.3,10000.0,0.0,89.0,8.17,12.49,246.0,1002.0,1,804,Clouds,overcast clouds,04d
2025-07-19 16:20:19,Dong Nai-Bien Hoa,Bien Hoa,29.0,29.0,29.0,73.0,33.3,10000.0,0.0,89.0,8.17,12.49,246.0,1002.0,1,804,Clouds,overcast clouds,04d
2025-07-19 16:24:12,Dong Nai-Bien Hoa,Bien Hoa,30.0,30.0,30.0,73.0,35.78,10000.0,0.0,89.0,8.17,12.49,246.0,1002.0,1,804,Clouds,overcast clouds,04d
2025-07-19 16:28:01,Dong Nai-Bien Hoa,Bien Hoa,30.0,30.0,30.0,73.0,35.78,10000.0,0.0,89.0,8.17,12.49,246.0,1002.0,1,804,Clouds,overcast clouds,04d
2025-07-19 16:31:51,Dong Nai-Bien Hoa,Bien Hoa,30.0,30.0,30.0,68.0,34.56,10000.0,0.0,91.0,6.58,12.07,246.0,1002.0,1,804,Clouds,overcast clouds,04d
2025-07-19 16:35:40,Dong Nai-Bien Hoa,Bien Hoa,30.0,30.0,30.0,68.0,34.56,10000.0,0.0,91.0,6.58,12.07,246.0,1002.0,1,804,Clouds,overcast clouds,04d
2025-07-19 16:39:30,Dong Nai-Bien Hoa,Bien Hoa,29.47,29.47,30.0,66.0,32.97,10000.0,0.0,91.0,6.58,12.07,246.0,1002.0,1,804,Clouds,overcast clouds,04d
2025-07-19 16:43:21,Dong Nai-Bien Hoa,Bien Hoa,29.47,29.47,30.0,66.0,32.97,10000.0,0.12,91.0,6.58,12.07,246.0,1002.0,1,500,Rain,light rain,10d
2025-07-19 16:47:11,Dong Nai-Bien Hoa,Bien Hoa,29.47,29.47,30.0,66.0,32.97,10000.0,0.12,91.0,6.58,12.07,246.0,1002.0,1,500,Rain,light rain,10d
2025-07-19 16:51:01,Dong Nai-Bien Hoa,Bien Hoa,29.47,29.47,30.0,66.0,32.97,10000.0,0.12,91.0,6.58,12.07,246.0,1002.0,1,500,Rain,light rain,10d
2025-07-19 16:54:50,Dong Nai-Bien Hoa,Bien Hoa,29.47,29.47,30.0,66.0,32.97,10000.0,0.12,91.0,6.58,12.07,246.0,1002.0,1,500,Rain,light rain,10d
2025-07-19 16:58:40,Dong Nai-Bien Hoa,Bien Hoa,29.47,29.47,30.0,66.0,32.97,10000.0,0.15,91.0,6.58,12.07,246.0,1002.0,1,500,Rain,light rain,10d
2025-07-19 17:02:30,Dong Nai-Bien Hoa,Bien Hoa,29.47,29.47,30.0,66.0,32.97,10000.0,0.15,91.0,6.58,12.07,246.0,1002.0,1,500,Rain,light rain,10d
2025-07-19 17:06:21,Dong Nai-Bien Hoa,Bien Hoa,29.47,29.47,30.0,72.0,34.21,10000.0,0.0,91.0,6.58,12.07,246.0,1002.0,1,804,Clouds,overcast clouds,04d
2025-07-19 17:10:11,Dong Nai-Bien Hoa,Bien Hoa,29.47,29.47,30.0,72.0,34.21,10000.0,0.0,91.0,6.58,12.07,246.0,1002.0,1,804,Clouds,overcast clouds,04d
2025-07-19 17:14:01,Dong Nai-Bien Hoa,Bien Hoa,29.47,29.47,30.0,72.0,34.21,10000.0,0.0,91.0,6.58,12.07,246.0,1002.0,1,804,Clouds,overcast clouds,04d
2025-07-19 17:17:52,Dong Nai-Bien Hoa,Bien Hoa,29.47,29.47,30.0,72.0,34.21,10000.0,0.0,91.0,6.58,12.07,246.0,1002.0,1,804,Clouds,overcast clouds,04d
2025-07-19 17:21:43,Dong Nai-Bien Hoa,Bien Hoa,29.47,29.47,30.0,72.0,34.21,10000.0,0.0,91.0,6.58,12.07,246.0,1002.0,1,804,Clouds,overcast clouds,04d
2025-07-19 17:25:33,Dong Nai-Bien Hoa,Bien Hoa,29.47,29.47,30.0,72.0,34.21,10000.0,0.0,91.0,6.58,12.07,246.0,1002.0,1,804,Clouds,overcast clouds,04d
2025-07-19 17:29:25,Dong Nai-Bien Hoa,Bien Hoa,28.92,28.92,29.0,72.0,32.92,10000.0,0.0,91.0,6.58,12.07,246.0,1003.0,1,804,Clouds,overcast clouds,04d
2025-07-19 17:33:15,Dong Nai-Bien Hoa,Bien Hoa,28.92,28.92,29.0,72.0,32.92,10000.0,0.0,91.0,6.58,12.07,246.0,1003.0,1,804,Clouds,overcast clouds,04d
2025-07-19 17:37:06,Dong Nai-Bien Hoa,Bien Hoa,28.92,28.92,29.0,72.0,32.92,10000.0,0.0,91.0,6.58,12.07,246.0,1003.0,1,804,Clouds,overcast clouds,04d
2025-07-19 17:40:55,Dong Nai-Bien Hoa,Bien Hoa,28.92,28.92,29.0,72.0,32.92,10000.0,0.0,93.0,6.9,13.24,263.0,1003.0,1,804,Clouds,overcast clouds,04d
2025-07-19 17:44:46,Dong Nai-Bien Hoa,Bien Hoa,28.92,28.92,29.0,72.0,32.92,10000.0,0.0,93.0,6.9,13.24,263.0,1003.0,1,804,Clouds,overcast clouds,04d
2025-07-19 17:48:36,Dong Nai-Bien Hoa,Bien Hoa,28.92,28.92,29.0,72.0,32.92,10000.0,0.0,93.0,6.9,13.24,263.0,1003.0,1,804,Clouds,overcast clouds,04d
2025-07-19 17:52:26,Dong Nai-Bien Hoa,Bien Hoa,28.92,28.92,29.0,72.0,32.92,10000.0,0.0,93.0,6.9,13.24,263.0,1003.0,1,804,Clouds,overcast clouds,04d
2025-07-19 17:56:16,Dong Nai-Bien Hoa,Bien Hoa,28.92,28.92,29.0,72.0,32.92,10000.0,0.0,93.0,6.9,13.24,263.0,1003.0,1,804,Clouds,overcast clouds,04d
2025-07-19 18:00:08,Dong Nai-Bien Hoa,Bien Hoa,28.92,28.92,29.0,72.0,32.92,10000.0,0.0,93.0,6.9,13.24,263.0,1003.0,1,804,Clouds,overcast clouds,04d
2025-07-19 18:03:58,Dong Nai-Bien Hoa,Bien Hoa,28.92,28.92,29.0,72.0,32.92,10000.0,0.0,93.0,6.9,13.24,263.0,1003.0,1,804,Clouds,overcast clouds,04d
2025-07-19 18:07:51,Dong Nai-Bien Hoa,Bien Hoa,28.92,28.92,29.0,77.0,33.9,10000.0,0.0,93.0,6.9,13.24,263.0,1003.0,1,804,Clouds,overcast clouds,04d
2025-07-19 18:11:44,Dong Nai-Bien Hoa,Bien Hoa,28.36,28.36,29.0,77.0,32.5,10000.0,0.0,93.0,6.9,13.24,263.0,1003.0,1,804,Clouds,overcast clouds,04d
2025-07-19 18:15:34,Dong Nai-Bien Hoa,Bien Hoa,28.36,28.36,29.0,77.0,32.5,10000.0,0.0,93.0,6.9,13.24,263.0,1003.0,1,804,Clouds,overcast clouds,04d
2025-07-19 18:19:27,Dong Nai-Bien Hoa,Bien Hoa,28.36,28.36,29.0,77.0,32.5,10000.0,0.0,93.0,6.9,13.24,263.0,1003.0,0,804,Clouds,overcast clouds,04d
2025-07-19 18:23:21,Dong Nai-Bien Hoa,Bien Hoa,28.36,28.0,28.36,77.0,32.5,10000.0,0.0,93.0,6.9,13.24,263.0,1003.0,0,804,Clouds,overcast clouds,04n
2025-07-19 18:27:16,Dong Nai-Bien Hoa,Bien Hoa,28.36,28.0,28.36,77.0,32.5,10000.0,0.0,93.0,6.9,13.24,263.0,1003.0,0,804,Clouds,overcast clouds,04n
2025-07-19 18:31:11,Dong Nai-Bien Hoa,Bien Hoa,28.36,28.0,28.36,77.0,32.5,10000.0,0.0,93.0,6.9,13.24,263.0,1003.0,0,804,Clouds,overcast clouds,04n
2025-07-19 18:35:06,Dong Nai-Bien Hoa,Bien Hoa,28.36,28.0,28.36,73.0,31.84,10000.0,0.0,94.0,5.81,11.32,269.0,1004.0,0,804,Clouds,overcast clouds,04n
2025-07-19 18:39:02,Dong Nai-Bien Hoa,Bien Hoa,28.36,28.0,28.36,73.0,31.84,10000.0,0.0,94.0,5.81,11.32,269.0,1004.0,0,804,Clouds,overcast clouds,04n
2025-07-19 18:42:59,Dong Nai-Bien Hoa,Bien Hoa,28.36,28.0,28.36,73.0,31.84,10000.0,0.0,82.0,5.63,11.33,261.0,1004.0,0,803,Clouds,broken clouds,04n
2025-07-19 18:46:53,Dong Nai-Bien Hoa,Bien Hoa,28.36,28.0,28.36,73.0,31.84,10000.0,0.0,82.0,5.63,11.33,261.0,1004.0,0,803,Clouds,broken clouds,04n
2025-07-19 18:50:46,Dong Nai-Bien Hoa,Bien Hoa,28.36,28.0,28.36,73.0,31.84,10000.0,0.0,82.0,5.63,11.33,261.0,1004.0,0,803,Clouds,broken clouds,04n
2025-07-19 18:54:33,Dong Nai-Bien Hoa,Bien Hoa,28.36,28.0,28.36,73.0,31.84,10000.0,0.0,82.0,5.63,11.33,261.0,1004.0,0,803,Clouds,broken clouds,04n
2025-07-19 18:58:19,Dong Nai-Bien Hoa,Bien Hoa,28.36,28.0,28.36,73.0,31.84,10000.0,0.0,82.0,5.63,11.33,261.0,1004.0,0,803,Clouds,broken clouds,04n
2025-07-19 19:02:08,Dong Nai-Bien Hoa,Bien Hoa,28.36,28.0,28.36,73.0,31.84,10000.0,0.0,82.0,5.63,11.33,261.0,1004.0,0,803,Clouds,broken clouds,04n
2025-07-19 19:05:53,Dong Nai-Bien Hoa,Bien Hoa,28.36,28.0,28.36,73.0,31.84,10000.0,0.0,82.0,5.63,11.33,261.0,1004.0,0,803,Clouds,broken clouds,04n
2025-07-19 19:09:39,Dong Nai-Bien Hoa,Bien Hoa,28.36,28.0,28.36,73.0,31.84,10000.0,0.0,82.0,5.63,11.33,261.0,1004.0,0,803,Clouds,broken clouds,04n
2025-07-19 19:13:25,Dong Nai-Bien Hoa,Bien Hoa,28.36,28.0,28.36,73.0,31.84,10000.0,0.0,82.0,5.63,11.33,261.0,1004.0,0,803,Clouds,broken clouds,04n
2025-07-19 19:17:10,Dong Nai-Bien Hoa,Bien Hoa,28.36,28.0,28.36,73.0,31.84,10000.0,0.0,82.0,5.63,11.33,261.0,1004.0,0,803,Clouds,broken clouds,04n
2025-07-19 19:20:56,Dong Nai-Bien Hoa,Bien Hoa,28.36,28.0,28.36,73.0,31.84,10000.0,0.0,82.0,5.63,11.33,261.0,1004.0,0,803,Clouds,broken clouds,04n
2025-07-19 19:24:41,Dong Nai-Bien Hoa,Bien Hoa,27.81,27.81,28.0,73.0,30.68,10000.0,0.0,82.0,5.63,11.33,261.0,1004.0,0,803,Clouds,broken clouds,04n
2025-07-19 19:28:27,Dong Nai-Bien Hoa,Bien Hoa,27.81,27.81,28.0,77.0,31.21,10000.0,0.0,82.0,5.63,11.33,261.0,1004.0,0,803,Clouds,broken clouds,04n
2025-07-19 19:32:13,Dong Nai-Bien Hoa,Bien Hoa,27.81,27.81,28.0,73.0,30.68,10000.0,0.0,100.0,4.77,11.01,257.0,1005.0,0,804,Clouds,overcast clouds,04n
2025-07-19 19:35:58,Dong Nai-Bien Hoa,Bien Hoa,27.81,27.81,28.0,77.0,31.21,10000.0,0.0,82.0,5.63,11.33,261.0,1004.0,0,803,Clouds,broken clouds,04n
2025-07-19 19:39:43,Dong Nai-Bien Hoa,Bien Hoa,27.81,27.81,28.0,73.0,30.68,10000.0,0.0,100.0,4.77,11.01,257.0,1005.0,0,804,Clouds,overcast clouds,04n
2025-07-19 19:43:29,Dong Nai-Bien Hoa,Bien Hoa,27.81,27.81,28.0,73.0,30.68,10000.0,0.0,100.0,4.77,11.01,257.0,1005.0,0,804,Clouds,overcast clouds,04n
2025-07-19 19:47:15,Dong Nai-Bien Hoa,Bien Hoa,27.81,27.81,28.0,72.0,30.55,10000.0,0.0,100.0,4.77,11.01,257.0,1005.0,0,804,Clouds,overcast clouds,04n
2025-07-19 19:51:01,Dong Nai-Bien Hoa,Bien Hoa,27.81,27.81,28.0,72.0,30.55,10000.0,0.0,100.0,4.77,11.01,257.0,1005.0,0,804,Clouds,overcast clouds,04n
2025-07-19 19:54:47,Dong Nai-Bien Hoa,Bien Hoa,27.81,27.81,28.0,72.0,30.55,10000.0,0.0,100.0,4.77,11.01,257.0,1005.0,0,804,Clouds,overcast clouds,04n
2025-07-19 19:58:33,Dong Nai-Bien Hoa,Bien Hoa,27.81,27.81,28.0,72.0,30.55,10000.0,0.1,100.0,4.77,11.01,257.0,1005.0,0,804,Clouds,overcast clouds,04n
2025-07-19 20:02:18,Dong Nai-Bien Hoa,Bien Hoa,27.81,27.81,28.0,72.0,30.55,10000.0,0.1,100.0,4.77,11.01,257.0,1005.0,0,804,Clouds,overcast clouds,04n
2025-07-19 20:06:06,Dong Nai-Bien Hoa,Bien Hoa,27.81,27.81,28.0,72.0,30.55,10000.0,0.1,100.0,4.77,11.01,257.0,1005.0,0,804,Clouds,overcast clouds,04n
2025-07-19 20:09:52,Dong Nai-Bien Hoa,Bien Hoa,27.81,27.81,28.0,74.0,30.81,10000.0,0.0,100.0,4.77,11.01,257.0,1004.0,0,804,Clouds,overcast clouds,04n
2025-07-19 20:13:38,Dong Nai-Bien Hoa,Bien Hoa,27.81,27.81,28.0,74.0,30.81,10000.0,0.0,100.0,4.77,11.01,257.0,1004.0,0,804,Clouds,overcast clouds,04n
2025-07-19 20:17:25,Dong Nai-Bien Hoa,Bien Hoa,27.81,27.81,28.0,74.0,30.81,10000.0,0.0,100.0,4.77,11.01,257.0,1004.0,0,804,Clouds,overcast clouds,04n
2025-07-19 20:21:11,Dong Nai-Bien Hoa,Bien Hoa,27.81,27.81,28.0,74.0,30.81,10000.0,0.0,100.0,4.77,11.01,257.0,1004.0,0,804,Clouds,overcast clouds,04n
2025-07-19 20:24:56,Dong Nai-Bien Hoa,Bien Hoa,27.81,27.0,27.81,75.0,30.94,10000.0,0.0,100.0,4.77,11.01,257.0,1004.0,0,804,Clouds,overcast clouds,04n
2025-07-19 20:28:42,Dong Nai-Bien Hoa,Bien Hoa,27.81,27.0,27.81,75.0,30.94,10000.0,0.0,100.0,4.77,11.01,257.0,1004.0,0,804,Clouds,overcast clouds,04n
2025-07-19 20:32:27,Dong Nai-Bien Hoa,Bien Hoa,27.81,27.0,27.81,75.0,30.94,10000.0,0.0,100.0,4.77,11.01,257.0,1004.0,0,804,Clouds,overcast clouds,04n
2025-07-19 20:36:13,Dong Nai-Bien Hoa,Bien Hoa,27.81,27.0,27.81,75.0,30.94,10000.0,0.0,100.0,4.77,11.01,257.0,1004.0,0,804,Clouds,overcast clouds,04n
2025-07-19 20:40:00,Dong Nai-Bien Hoa,Bien Hoa,27.81,27.0,27.81,76.0,31.08,10000.0,0.0,100.0,3.98,9.67,248.0,1005.0,0,804,Clouds,overcast clouds,04n
2025-07-19 20:43:46,Dong Nai-Bien Hoa,Bien Hoa,27.81,27.0,27.81,76.0,31.08,10000.0,0.0,100.0,3.98,9.67,248.0,1005.0,0,804,Clouds,overcast clouds,04n
2025-07-19 20:47:33,Dong Nai-Bien Hoa,Bien Hoa,27.81,27.0,27.81,76.0,31.08,10000.0,0.0,100.0,3.98,9.67,248.0,1005.0,0,804,Clouds,overcast clouds,04n
2025-07-19 20:55:21,Dong Nai-Bien Hoa,Bien Hoa,27.81,27.0,27.81,76.0,31.08,10000.0,0.0,100.0,3.98,9.67,248.0,1005.0,0,804,Clouds,overcast clouds,04n
2025-07-19 20:59:07,Dong Nai-Bien Hoa,Bien Hoa,27.81,27.0,27.81,76.0,31.08,10000.0,0.0,100.0,3.98,9.67,248.0,1005.0,0,804,Clouds,overcast clouds,04n
2025-07-19 21:02:53,Dong Nai-Bien Hoa,Bien Hoa,27.81,27.0,27.81,76.0,31.08,10000.0,0.0,100.0,3.98,9.67,248.0,1005.0,0,804,Clouds,overcast clouds,04n
2025-07-19 21:06:38,Dong Nai-Bien Hoa,Bien Hoa,27.81,27.0,27.81,78.0,31.35,10000.0,0.0,100.0,3.98,9.67,248.0,1004.0,0,804,Clouds,overcast clouds,04n
2025-07-19 21:10:33,Dong Nai-Bien Hoa,Bien Hoa,27.81,27.0,27.81,78.0,31.35,10000.0,0.0,100.0,3.98,9.67,248.0,1004.0,0,804,Clouds,overcast clouds,04n
2025-07-19 21:14:25,Dong Nai-Bien Hoa,Bien Hoa,27.81,27.0,27.81,78.0,31.35,10000.0,0.0,100.0,3.98,9.67,248.0,1004.0,0,804,Clouds,overcast clouds,04n
2025-07-19 21:18:13,Dong Nai-Bien Hoa,Bien Hoa,27.25,27.0,27.25,78.0,30.09,10000.0,0.0,100.0,3.98,9.67,248.0,1004.0,0,804,Clouds,overcast clouds,04n
2025-07-19 21:22:05,Dong Nai-Bien Hoa,Bien Hoa,27.25,27.0,27.25,78.0,30.09,10000.0,0.0,100.0,3.98,9.67,248.0,1004.0,0,804,Clouds,overcast clouds,04n
2025-07-19 21:25:54,Dong Nai-Bien Hoa,Bien Hoa,27.25,27.0,27.25,78.0,30.09,10000.0,0.0,100.0,3.98,9.67,248.0,1004.0,0,804,Clouds,overcast clouds,04n
2025-07-19 21:33:23,Dong Nai-Bien Hoa,Bien Hoa,27.25,27.0,27.25,78.0,30.09,10000.0,0.0,100.0,4.66,10.24,242.0,1006.0,0,804,Clouds,overcast clouds,04n
2025-07-19 21:37:13,Dong Nai-Bien Hoa,Bien Hoa,27.25,27.0,27.25,78.0,30.09,10000.0,0.0,100.0,4.66,10.24,242.0,1006.0,0,804,Clouds,overcast clouds,04n
2025-07-19 21:40:59,Dong Nai-Bien Hoa,Bien Hoa,27.25,27.0,27.25,78.0,30.09,10000.0,0.0,100.0,4.66,10.24,242.0,1006.0,0,804,Clouds,overcast clouds,04n
2025-07-19 21:44:47,Dong Nai-Bien Hoa,Bien Hoa,27.25,27.0,27.25,78.0,30.09,10000.0,0.0,100.0,4.66,10.24,242.0,1006.0,0,804,Clouds,overcast clouds,04n
2025-07-19 21:48:33,Dong Nai-Bien Hoa,Bien Hoa,27.25,27.0,27.25,78.0,30.09,10000.0,0.0,100.0,4.66,10.24,242.0,1006.0,0,804,Clouds,overcast clouds,04n
2025-07-19 21:56:04,Dong Nai-Bien Hoa,Bien Hoa,27.25,27.0,27.25,78.0,30.09,10000.0,0.0,100.0,4.66,10.24,242.0,1006.0,0,804,Clouds,overcast clouds,04n
2025-07-19 21:59:51,Dong Nai-Bien Hoa,Bien Hoa,27.25,27.0,27.25,77.0,29.98,10000.0,0.0,100.0,4.66,10.24,242.0,1006.0,0,804,Clouds,overcast clouds,04n
2025-07-19 22:50:59,Dong Nai-Bien Hoa,Bien Hoa,27.25,27.0,27.25,78.0,30.09,10000.0,0.0,100.0,5.49,11.7,248.0,1005.0,0,804,Clouds,overcast clouds,04n
2025-07-20 17:46:41,Dong Nai-Bien Hoa,Bien Hoa,26.7,26.7,27.0,84.0,29.4,10000.0,0.0,100.0,3.29,7.57,232.0,1004.0,1,804,Clouds,overcast clouds,04d
2025-07-20 17:50:26,Dong Nai-Bien Hoa,Bien Hoa,26.7,26.7,27.0,84.0,29.4,10000.0,0.0,100.0,3.29,7.57,232.0,1004.0,1,804,Clouds,overcast clouds,04d
2025-07-20 17:54:12,Dong Nai-Bien Hoa,Bien Hoa,26.7,26.7,27.0,84.0,29.4,10000.0,0.0,100.0,3.29,7.57,232.0,1004.0,1,804,Clouds,overcast clouds,04d
2025-07-20 17:57:58,Dong Nai-Bien Hoa,Bien Hoa,26.7,26.7,27.0,84.0,29.4,10000.0,0.0,100.0,3.29,7.57,232.0,1004.0,1,804,Clouds,overcast clouds,04d
2025-07-20 18:01:43,Dong Nai-Bien Hoa,Bien Hoa,26.7,26.7,27.0,84.0,29.4,10000.0,0.0,100.0,3.29,7.57,232.0,1004.0,1,804,Clouds,overcast clouds,04d
2025-07-20 18:05:32,Dong Nai-Bien Hoa,Bien Hoa,26.7,26.7,27.0,85.0,29.48,10000.0,0.0,100.0,3.29,7.57,232.0,1003.0,1,804,Clouds,overcast clouds,04d
2025-07-20 18:09:18,Dong Nai-Bien Hoa,Bien Hoa,26.7,26.7,27.0,85.0,29.48,10000.0,0.0,100.0,3.29,7.57,232.0,1003.0,1,804,Clouds,overcast clouds,04d
2025-07-20 18:13:04,Dong Nai-Bien Hoa,Bien Hoa,26.7,26.7,27.0,85.0,29.48,10000.0,0.0,100.0,3.29,7.57,232.0,1003.0,1,804,Clouds,overcast clouds,04d
2025-07-20 18:16:50,Dong Nai-Bien Hoa,Bien Hoa,26.7,26.7,27.0,85.0,29.48,10000.0,0.0,100.0,3.29,7.57,232.0,1004.0,1,804,Clouds,overcast clouds,04d
2025-07-20 18:20:36,Dong Nai-Bien Hoa,Bien Hoa,26.7,26.7,27.0,85.0,29.48,10000.0,0.0,100.0,3.29,7.57,232.0,1004.0,0,804,Clouds,overcast clouds,04d
2025-07-20 18:24:21,Dong Nai-Bien Hoa,Bien Hoa,26.7,26.7,27.0,85.0,29.48,10000.0,0.0,100.0,3.29,7.57,232.0,1004.0,0,804,Clouds,overcast clouds,04d
2025-07-20 18:28:07,Dong Nai-Bien Hoa,Bien Hoa,26.7,26.7,27.0,85.0,29.48,10000.0,0.0,100.0,3.29,7.57,232.0,1004.0,0,804,Clouds,overcast clouds,04n
2025-07-20 18:31:54,Dong Nai-Bien Hoa,Bien Hoa,26.7,26.7,27.0,84.0,29.4,10000.0,0.0,100.0,4.38,10.0,234.0,1004.0,0,804,Clouds,overcast clouds,04n
2025-07-20 18:35:40,Dong Nai-Bien Hoa,Bien Hoa,26.7,26.7,27.0,84.0,29.4,10000.0,0.0,100.0,4.38,10.0,234.0,1004.0,0,804,Clouds,overcast clouds,04n
2025-07-20 18:39:25,Dong Nai-Bien Hoa,Bien Hoa,26.7,26.7,27.0,84.0,29.4,10000.0,0.0,100.0,4.38,10.0,234.0,1004.0,0,804,Clouds,overcast clouds,04n
2025-07-20 18:43:11,Dong Nai-Bien Hoa,Bien Hoa,26.7,26.7,27.0,84.0,29.4,10000.0,0.0,100.0,4.12,9.82,237.0,1004.0,0,804,Clouds,overcast clouds,04n
2025-07-20 18:46:57,Dong Nai-Bien Hoa,Bien Hoa,26.7,26.7,27.0,84.0,29.4,10000.0,0.0,100.0,4.12,9.82,237.0,1004.0,0,804,Clouds,overcast clouds,04n
2025-07-20 18:50:42,Dong Nai-Bien Hoa,Bien Hoa,26.7,26.7,27.0,84.0,29.4,10000.0,0.0,100.0,4.12,9.82,237.0,1004.0,0,804,Clouds,overcast clouds,04n
2025-07-20 18:54:27,Dong Nai-Bien Hoa,Bien Hoa,26.7,26.0,26.7,84.0,29.4,10000.0,0.0,100.0,4.12,9.82,237.0,1004.0,0,804,Clouds,overcast clouds,04n
2025-07-20 18:58:13,Dong Nai-Bien Hoa,Bien Hoa,26.7,26.0,26.7,84.0,29.4,10000.0,0.0,100.0,4.12,9.82,237.0,1004.0,0,804,Clouds,overcast clouds,04n
2025-07-20 19:01:58,Dong Nai-Bien Hoa,Bien Hoa,26.7,26.0,26.7,84.0,29.4,10000.0,0.0,100.0,4.12,9.82,237.0,1004.0,0,804,Clouds,overcast clouds,04n
2025-07-20 19:05:45,Dong Nai-Bien Hoa,Bien Hoa,26.7,26.0,26.7,84.0,29.4,10000.0,0.0,100.0,4.12,9.82,237.0,1004.0,0,804,Clouds,overcast clouds,04n
2025-07-20 19:09:30,Dong Nai-Bien Hoa,Bien Hoa,26.7,26.0,26.7,84.0,29.4,10000.0,0.0,100.0,4.12,9.82,237.0,1004.0,0,804,Clouds,overcast clouds,04n
2025-07-20 19:13:16,Dong Nai-Bien Hoa,Bien Hoa,26.7,26.0,26.7,84.0,29.4,10000.0,0.0,100.0,4.12,9.82,237.0,1004.0,0,804,Clouds,overcast clouds,04n
2025-07-20 19:17:05,Dong Nai-Bien Hoa,Bien Hoa,26.7,26.0,26.7,84.0,29.4,10000.0,0.0,100.0,4.12,9.82,237.0,1004.0,0,804,Clouds,overcast clouds,04n
2025-07-20 19:20:51,Dong Nai-Bien Hoa,Bien Hoa,26.14,26.0,26.14,84.0,26.14,10000.0,0.0,100.0,4.12,9.82,237.0,1004.0,0,804,Clouds,overcast clouds,04n
2025-07-20 19:24:37,Dong Nai-Bien Hoa,Bien Hoa,26.14,26.0,26.14,84.0,26.14,10000.0,0.0,100.0,4.12,9.82,237.0,1004.0,0,804,Clouds,overcast clouds,04n
2025-07-20 19:28:22,Dong Nai-Bien Hoa,Bien Hoa,26.14,26.0,26.14,84.0,26.14,10000.0,0.0,100.0,4.12,9.82,237.0,1004.0,0,804,Clouds,overcast clouds,04n
2025-07-20 19:32:08,Dong Nai-Bien Hoa,Bien Hoa,26.14,26.0,26.14,84.0,26.14,10000.0,0.0,100.0,4.14,10.9,236.0,1005.0,0,804,Clouds,overcast clouds,04n
2025-07-20 19:35:54,Dong Nai-Bien Hoa,Bien Hoa,26.14,26.0,26.14,84.0,26.14,10000.0,0.0,100.0,4.14,10.9,236.0,1005.0,0,804,Clouds,overcast clouds,04n
2025-07-20 19:39:40,Dong Nai-Bien Hoa,Bien Hoa,26.14,26.0,26.14,87.0,26.14,10000.0,0.0,100.0,4.14,10.9,236.0,1005.0,0,804,Clouds,overcast clouds,04n
2025-07-20 19:43:26,Dong Nai-Bien Hoa,Bien Hoa,26.14,26.0,26.14,87.0,26.14,10000.0,0.0,100.0,4.14,10.9,236.0,1005.0,0,804,Clouds,overcast clouds,04n
2025-07-20 19:47:11,Dong Nai-Bien Hoa,Bien Hoa,26.14,26.0,26.14,87.0,26.14,10000.0,0.0,100.0,4.14,10.9,236.0,1005.0,0,804,Clouds,overcast clouds,04n
2025-07-20 19:51:00,Dong Nai-Bien Hoa,Bien Hoa,26.14,26.0,26.14,86.0,26.14,10000.0,0.0,100.0,4.14,10.9,236.0,1005.0,0,804,Clouds,overcast clouds,04n
2025-07-20 19:54:45,Dong Nai-Bien Hoa,Bien Hoa,26.14,26.0,26.14,86.0,26.14,10000.0,0.0,100.0,4.14,10.9,236.0,1005.0,0,804,Clouds,overcast clouds,04n
2025-07-20 19:58:31,Dong Nai-Bien Hoa,Bien Hoa,26.14,26.0,26.14,86.0,26.14,10000.0,0.0,100.0,4.14,10.9,236.0,1005.0,0,804,Clouds,overcast clouds,04n
2025-07-20 20:02:17,Dong Nai-Bien Hoa,Bien Hoa,26.14,26.0,26.14,88.0,26.14,10000.0,0.0,100.0,4.14,10.9,236.0,1005.0,0,804,Clouds,overcast clouds,04n
2025-07-20 20:06:04,Dong Nai-Bien Hoa,Bien Hoa,26.14,26.0,26.14,88.0,26.14,10000.0,0.0,100.0,4.14,10.9,236.0,1005.0,0,804,Clouds,overcast clouds,04n
2025-07-20 20:09:52,Dong Nai-Bien Hoa,Bien Hoa,26.14,26.0,26.14,88.0,26.14,10000.0,0.0,100.0,4.14,10.9,236.0,1005.0,0,804,Clouds,overcast clouds,04n
2025-07-20 20:13:37,Dong Nai-Bien Hoa,Bien Hoa,26.14,26.0,26.14,88.0,26.14,10000.0,0.0,100.0,4.14,10.9,236.0,1005.0,0,804,Clouds,overcast clouds,04n
2025-07-20 20:17:22,Dong Nai-Bien Hoa,Bien Hoa,26.14,26.0,26.14,88.0,26.14,10000.0,0.0,100.0,4.14,10.9,236.0,1005.0,0,804,Clouds,overcast clouds,04n
2025-07-20 20:21:08,Dong Nai-Bien Hoa,Bien Hoa,26.14,26.0,26.14,88.0,26.14,10000.0,0.0,100.0,4.14,10.9,236.0,1005.0,0,804,Clouds,overcast clouds,04n
2025-07-20 20:24:54,Dong Nai-Bien Hoa,Bien Hoa,26.14,26.0,26.14,88.0,26.14,10000.0,0.0,100.0,4.14,10.9,236.0,1005.0,0,804,Clouds,overcast clouds,04n
2025-07-20 20:28:40,Dong Nai-Bien Hoa,Bien Hoa,26.14,26.0,26.14,88.0,26.14,10000.0,0.0,100.0,4.14,10.9,236.0,1005.0,0,804,Clouds,overcast clouds,04n
2025-07-20 20:32:28,Dong Nai-Bien Hoa,Bien Hoa,26.14,26.0,26.14,88.0,26.14,10000.0,0.0,100.0,3.26,9.43,237.0,1006.0,0,804,Clouds,overcast clouds,04n
2025-07-20 20:36:14,Dong Nai-Bien Hoa,Bien Hoa,26.14,26.0,26.14,88.0,26.14,10000.0,0.0,100.0,3.26,9.43,237.0,1006.0,0,804,Clouds,overcast clouds,04n
2025-07-20 20:40:01,Dong Nai-Bien Hoa,Bien Hoa,26.14,26.0,26.14,88.0,26.14,10000.0,0.0,100.0,3.26,9.43,237.0,1006.0,0,804,Clouds,overcast clouds,04n
2025-07-20 20:43:48,Dong Nai-Bien Hoa,Bien Hoa,26.14,26.0,26.14,88.0,26.14,10000.0,0.0,100.0,3.26,9.43,237.0,1006.0,0,804,Clouds,overcast clouds,04n
2025-07-20 20:47:33,Dong Nai-Bien Hoa,Bien Hoa,26.14,26.0,26.14,87.0,26.14,10000.0,0.0,100.0,3.26,9.43,237.0,1006.0,0,804,Clouds,overcast clouds,04n
2025-07-20 20:51:21,Dong Nai-Bien Hoa,Bien Hoa,26.14,26.0,26.14,87.0,26.14,10000.0,0.0,100.0,3.26,9.43,237.0,1006.0,0,804,Clouds,overcast clouds,04n
2025-07-20 20:55:10,Dong Nai-Bien Hoa,Bien Hoa,26.14,26.0,26.14,87.0,26.14,10000.0,0.0,100.0,3.26,9.43,237.0,1006.0,0,804,Clouds,overcast clouds,04n
2025-07-20 20:58:57,Dong Nai-Bien Hoa,Bien Hoa,26.14,26.0,26.14,87.0,26.14,10000.0,0.0,100.0,3.26,9.43,237.0,1006.0,0,804,Clouds,overcast clouds,04n
2025-07-20 21:02:42,Dong Nai-Bien Hoa,Bien Hoa,26.14,26.0,26.14,87.0,26.14,10000.0,0.0,100.0,3.26,9.43,237.0,1006.0,0,804,Clouds,overcast clouds,04n
2025-07-20 21:06:30,Dong Nai-Bien Hoa,Bien Hoa,26.14,26.0,26.14,87.0,26.14,10000.0,0.0,100.0,3.26,9.43,237.0,1006.0,0,804,Clouds,overcast clouds,04n
2025-07-20 21:10:16,Dong Nai-Bien Hoa,Bien Hoa,26.14,26.0,26.14,88.0,26.14,10000.0,0.0,100.0,3.26,9.43,237.0,1006.0,0,804,Clouds,overcast clouds,04n
2025-07-20 21:14:21,Dong Nai-Bien Hoa,Bien Hoa,26.14,26.0,26.14,88.0,26.14,10000.0,0.0,100.0,3.26,9.43,237.0,1006.0,0,804,Clouds,overcast clouds,04n
2025-07-20 21:18:18,Dong Nai-Bien Hoa,Bien Hoa,26.14,26.0,26.14,89.0,26.14,10000.0,0.0,100.0,3.26,9.43,237.0,1006.0,0,804,Clouds,overcast clouds,04n
2025-07-20 21:22:05,Dong Nai-Bien Hoa,Bien Hoa,26.14,26.0,26.14,89.0,26.14,10000.0,0.0,100.0,3.26,9.43,237.0,1006.0,0,804,Clouds,overcast clouds,04n
2025-07-20 21:25:53,Dong Nai-Bien Hoa,Bien Hoa,26.14,26.0,26.14,89.0,26.14,10000.0,0.0,100.0,3.26,9.43,237.0,1006.0,0,804,Clouds,overcast clouds,04n
2025-07-20 21:29:41,Dong Nai-Bien Hoa,Bien Hoa,26.14,26.0,26.14,89.0,26.14,10000.0,0.0,100.0,3.26,9.43,237.0,1006.0,0,804,Clouds,overcast clouds,04n
2025-07-20 21:33:30,Dong Nai-Bien Hoa,Bien Hoa,26.14,26.0,26.14,89.0,26.14,10000.0,0.0,100.0,3.6,9.41,233.0,1007.0,0,804,Clouds,overcast clouds,04n
2025-07-20 21:40:58,Dong Nai-Bien Hoa,Bien Hoa,26.14,26.0,26.14,89.0,26.14,10000.0,0.0,100.0,3.6,9.41,233.0,1007.0,0,804,Clouds,overcast clouds,04n
2025-07-20 21:44:44,Dong Nai-Bien Hoa,Bien Hoa,26.14,26.0,26.14,89.0,26.14,10000.0,0.0,100.0,3.6,9.41,233.0,1007.0,0,804,Clouds,overcast clouds,04n
2025-07-20 21:48:31,Dong Nai-Bien Hoa,Bien Hoa,26.14,26.0,26.14,89.0,26.14,10000.0,0.0,100.0,3.6,9.41,233.0,1007.0,0,804,Clouds,overcast clouds,04n
2025-07-20 21:52:18,Dong Nai-Bien Hoa,Bien Hoa,26.14,26.0,26.14,89.0,26.14,10000.0,0.0,100.0,3.6,9.41,233.0,1007.0,0,804,Clouds,overcast clouds,04n
2025-07-20 21:59:52,Dong Nai-Bien Hoa,Bien Hoa,26.14,26.0,26.14,88.0,26.14,10000.0,0.0,100.0,3.6,9.41,233.0,1007.0,0,804,Clouds,overcast clouds,04n
2025-07-20 22:03:38,Dong Nai-Bien Hoa,Bien Hoa,26.14,26.0,26.14,88.0,26.14,10000.0,0.0,100.0,3.6,9.41,233.0,1007.0,0,804,Clouds,overcast clouds,04n
2025-07-20 22:11:35,Dong Nai-Bien Hoa,Bien Hoa,25.59,25.59,26.0,89.0,26.53,10000.0,0.0,100.0,3.6,9.41,233.0,1007.0,0,804,Clouds,overcast clouds,04n
2025-07-20 22:15:49,Dong Nai-Bien Hoa,Bien Hoa,25.59,25.59,26.0,89.0,26.53,10000.0,0.0,100.0,3.6,9.41,233.0,1007.0,0,804,Clouds,overcast clouds,04n
2025-07-20 22:19:56,Dong Nai-Bien Hoa,Bien Hoa,25.59,25.59,26.0,89.0,26.53,10000.0,0.0,100.0,3.6,9.41,233.0,1007.0,0,804,Clouds,overcast clouds,04n
2025-07-20 22:27:55,Dong Nai-Bien Hoa,Bien Hoa,25.03,25.03,26.0,89.0,25.91,10000.0,0.0,100.0,3.6,9.41,233.0,1007.0,0,804,Clouds,overcast clouds,04n
2025-07-20 22:55:40,Dong Nai-Bien Hoa,Bien Hoa,25.03,25.0,25.03,87.0,25.86,10000.0,0.0,100.0,4.23,10.47,238.0,1007.0,0,804,Clouds,overcast clouds,04n
2025-07-20 22:59:37,Dong Nai-Bien Hoa,Bien Hoa,25.03,25.0,25.03,87.0,25.86,10000.0,0.0,100.0,4.23,10.47,238.0,1007.0,0,804,Clouds,overcast clouds,04n
2025-07-20 23:37:58,Dong Nai-Bien Hoa,Bien Hoa,25.03,24.0,25.03,88.0,25.89,9913.0,0.0,100.0,4.7,11.36,236.0,1007.0,0,804,Clouds,overcast clouds,04n
2025-07-21 01:16:36,Dong Nai-Bien Hoa,Bien Hoa,25.59,25.0,25.59,85.0,26.42,10000.0,0.0,100.0,4.57,11.16,232.0,1006.0,0,804,Clouds,overcast clouds,04n
2025-07-21 04:44:23,Dong Nai-Bien Hoa,Bien Hoa,25.03,24.0,25.03,90.0,25.94,10000.0,0.0,100.0,4.59,13.22,253.0,1006.0,0,804,Clouds,overcast clouds,04n
2025-07-21 08:38:57,Dong Nai-Bien Hoa,Bien Hoa,27.81,27.0,27.81,83.0,32.07,10000.0,0.0,100.0,5.37,13.53,246.0,1007.0,1,804,Clouds,overcast clouds,04d
2025-07-21 09:20:47,Dong Nai-Bien Hoa,Bien Hoa,28.36,27.0,28.36,85.0,33.93,10000.0,0.0,100.0,5.37,13.53,246.0,1007.0,1,804,Clouds,overcast clouds,04d
2025-07-21 09:25:32,Dong Nai-Bien Hoa,Bien Hoa,28.36,27.0,28.36,85.0,33.93,10000.0,0.0,100.0,5.37,13.53,246.0,1007.0,1,804,Clouds,overcast clouds,04d
2025-07-21 09:37:13,Dong Nai-Bien Hoa,Bien Hoa,28.92,27.0,28.92,80.0,34.52,10000.0,0.0,100.0,6.08,12.96,257.0,1007.0,1,804,Clouds,overcast clouds,04d
2025-07-21 09:41:02,Dong Nai-Bien Hoa,Bien Hoa,29.47,27.0,29.47,80.0,36.08,10000.0,0.0,100.0,6.08,12.96,257.0,1007.0,1,804,Clouds,overcast clouds,04d
2025-07-21 09:44:53,Dong Nai-Bien Hoa,Bien Hoa,28.92,27.0,28.92,80.0,34.52,10000.0,0.0,100.0,6.08,12.96,257.0,1007.0,1,804,Clouds,overcast clouds,04d
2025-07-21 09:48:53,Dong Nai-Bien Hoa,Bien Hoa,29.47,28.0,29.47,79.0,35.83,10000.0,0.0,100.0,6.08,12.96,257.0,1007.0,1,804,Clouds,overcast clouds,04d
2025-07-21 09:53:03,Dong Nai-Bien Hoa,Bien Hoa,29.47,28.0,29.47,79.0,35.83,10000.0,0.0,100.0,6.08,12.96,257.0,1007.0,1,804,Clouds,overcast clouds,04d
2025-07-21 09:57:23,Dong Nai-Bien Hoa,Bien Hoa,29.47,28.0,29.47,79.0,35.83,10000.0,0.0,100.0,6.08,12.96,257.0,1007.0,1,804,Clouds,overcast clouds,04d
2025-07-21 10:05:08,Dong Nai-Bien Hoa,Bien Hoa,29.47,28.0,29.47,81.0,36.33,10000.0,0.0,100.0,6.08,12.96,257.0,1007.0,1,804,Clouds,overcast clouds,04d
2025-07-21 10:08:57,Dong Nai-Bien Hoa,Bien Hoa,29.47,28.0,29.47,81.0,36.33,10000.0,0.0,100.0,6.08,12.96,257.0,1007.0,1,804,Clouds,overcast clouds,04d
2025-07-21 10:12:42,Dong Nai-Bien Hoa,Bien Hoa,29.47,28.0,29.47,81.0,36.33,10000.0,0.0,100.0,6.08,12.96,257.0,1007.0,1,804,Clouds,overcast clouds,04d
2025-07-21 10:16:28,Dong Nai-Bien Hoa,Bien Hoa,30.03,28.0,30.03,81.0,37.03,10000.0,0.0,100.0,6.08,12.96,257.0,1007.0,1,804,Clouds,overcast clouds,04d
2025-07-21 10:20:15,Dong Nai-Bien Hoa,Bien Hoa,30.03,28.0,30.03,81.0,37.03,10000.0,0.0,100.0,6.08,12.96,257.0,1007.0,1,804,Clouds,overcast clouds,04d
2025-07-21 10:24:02,Dong Nai-Bien Hoa,Bien Hoa,30.03,30.0,30.03,81.0,37.03,10000.0,0.0,100.0,6.08,12.96,257.0,1007.0,1,804,Clouds,overcast clouds,04d
2025-07-21 10:27:48,Dong Nai-Bien Hoa,Bien Hoa,30.03,30.0,30.03,81.0,37.03,10000.0,0.0,100.0,6.08,12.96,257.0,1007.0,1,804,Clouds,overcast clouds,04d
2025-07-21 10:31:35,Dong Nai-Bien Hoa,Bien Hoa,30.03,30.0,30.03,73.0,35.86,10000.0,0.0,100.0,7.18,14.4,261.0,1007.0,1,804,Clouds,overcast clouds,04d
2025-07-21 10:35:21,Dong Nai-Bien Hoa,Bien Hoa,30.03,30.0,30.03,73.0,35.86,10000.0,0.0,100.0,7.18,14.4,261.0,1007.0,1,804,Clouds,overcast clouds,04d
2025-07-21 10:39:07,Dong Nai-Bien Hoa,Bien Hoa,30.03,30.0,30.03,73.0,35.86,10000.0,0.0,100.0,7.18,14.4,261.0,1007.0,1,804,Clouds,overcast clouds,04d
2025-07-21 10:43:08,Dong Nai-Bien Hoa,Bien Hoa,30.59,30.0,30.59,73.0,37.37,10000.0,0.14,100.0,7.18,14.4,261.0,1007.0,1,500,Rain,light rain,10d
2025-07-21 10:46:57,Dong Nai-Bien Hoa,Bien Hoa,30.59,30.0,30.59,73.0,37.37,10000.0,0.0,100.0,7.18,14.4,261.0,1007.0,1,804,Clouds,overcast clouds,04d
2025-07-21 10:50:42,Dong Nai-Bien Hoa,Bien Hoa,30.59,30.0,30.59,73.0,37.37,10000.0,0.0,100.0,7.18,14.4,261.0,1007.0,1,804,Clouds,overcast clouds,04d
2025-07-21 10:54:29,Dong Nai-Bien Hoa,Bien Hoa,30.59,30.0,30.59,73.0,37.37,10000.0,0.0,100.0,7.18,14.4,261.0,1007.0,1,804,Clouds,overcast clouds,04d
2025-07-21 10:58:17,Dong Nai-Bien Hoa,Bien Hoa,30.59,30.0,30.59,73.0,37.37,10000.0,0.0,100.0,7.18,14.4,261.0,1007.0,1,804,Clouds,overcast clouds,04d
2025-07-21 11:02:05,Dong Nai-Bien Hoa,Bien Hoa,30.59,30.0,30.59,73.0,37.37,10000.0,0.0,100.0,7.18,14.4,261.0,1007.0,1,804,Clouds,overcast clouds,04d
2025-07-21 11:05:50,Dong Nai-Bien Hoa,Bien Hoa,30.59,30.0,30.59,73.0,37.37,10000.0,0.0,100.0,7.18,14.4,261.0,1007.0,1,804,Clouds,overcast clouds,04d
2025-07-21 11:09:37,Dong Nai-Bien Hoa,Bien Hoa,31.14,30.0,31.14,75.0,38.14,10000.0,0.0,100.0,7.18,14.4,261.0,1006.0,1,804,Clouds,overcast clouds,04d
2025-07-21 11:13:23,Dong Nai-Bien Hoa,Bien Hoa,31.14,30.0,31.14,75.0,38.14,10000.0,0.0,100.0,7.18,14.4,261.0,1006.0,1,804,Clouds,overcast clouds,04d
2025-07-21 11:17:08,Dong Nai-Bien Hoa,Bien Hoa,31.14,31.0,31.14,74.0,38.14,10000.0,0.0,100.0,7.18,14.4,261.0,1007.0,1,804,Clouds,overcast clouds,04d
2025-07-21 11:20:55,Dong Nai-Bien Hoa,Bien Hoa,31.7,31.0,31.7,74.0,38.7,10000.0,0.0,100.0,7.18,14.4,261.0,1007.0,1,804,Clouds,overcast clouds,04d
2025-07-21 11:24:41,Dong Nai-Bien Hoa,Bien Hoa,31.7,31.0,31.7,74.0,38.7,10000.0,0.0,100.0,7.18,14.4,261.0,1007.0,1,804,Clouds,overcast clouds,04d
2025-07-21 11:28:27,Dong Nai-Bien Hoa,Bien Hoa,31.14,31.0,31.14,74.0,38.14,10000.0,0.0,100.0,7.18,14.4,261.0,1007.0,1,804,Clouds,overcast clouds,04d
2025-07-21 11:32:14,Dong Nai-Bien Hoa,Bien Hoa,31.7,31.0,31.7,74.0,38.7,10000.0,0.0,100.0,7.18,14.4,261.0,1007.0,1,804,Clouds,overcast clouds,04d
2025-07-21 11:36:00,Dong Nai-Bien Hoa,Bien Hoa,30.59,30.59,31.0,71.0,36.8,10000.0,0.0,100.0,7.36,13.32,255.0,1006.0,1,804,Clouds,overcast clouds,04d
2025-07-21 11:39:46,Dong Nai-Bien Hoa,Bien Hoa,30.59,30.59,31.0,71.0,36.8,10000.0,0.0,100.0,7.36,13.32,255.0,1006.0,1,804,Clouds,overcast clouds,04d
2025-07-21 11:43:31,Dong Nai-Bien Hoa,Bien Hoa,30.59,30.59,31.0,71.0,36.8,10000.0,0.0,100.0,7.36,13.32,255.0,1006.0,1,804,Clouds,overcast clouds,04d
2025-07-21 11:47:17,Dong Nai-Bien Hoa,Bien Hoa,30.59,30.59,31.0,71.0,36.8,10000.0,0.0,100.0,7.36,13.32,255.0,1006.0,1,804,Clouds,overcast clouds,04d
2025-07-21 11:51:03,Dong Nai-Bien Hoa,Bien Hoa,30.59,30.59,31.0,71.0,36.8,10000.0,0.0,100.0,7.36,13.32,255.0,1006.0,1,804,Clouds,overcast clouds,04d
2025-07-21 11:54:49,Dong Nai-Bien Hoa,Bien Hoa,31.7,30.0,31.7,71.0,38.7,10000.0,0.0,100.0,7.36,13.32,255.0,1006.0,1,804,Clouds,overcast clouds,04d
2025-07-21 11:58:35,Dong Nai-Bien Hoa,Bien Hoa,31.7,30.0,31.7,71.0,38.7,10000.0,0.0,100.0,7.36,13.32,255.0,1006.0,1,804,Clouds,overcast clouds,04d
2025-07-21 12:02:21,Dong Nai-Bien Hoa,Bien Hoa,31.14,30.0,31.14,72.0,38.14,10000.0,0.0,100.0,7.36,13.32,255.0,1006.0,1,804,Clouds,overcast clouds,04d
2025-07-21 12:06:07,Dong Nai-Bien Hoa,Bien Hoa,31.14,30.0,31.14,72.0,38.14,10000.0,0.0,100.0,7.36,13.32,255.0,1006.0,1,804,Clouds,overcast clouds,04d
2025-07-21 12:09:52,Dong Nai-Bien Hoa,Bien Hoa,31.14,30.0,31.14,72.0,38.14,10000.0,0.0,100.0,7.36,13.32,255.0,1006.0,1,804,Clouds,overcast clouds,04d
2025-07-21 12:13:38,Dong Nai-Bien Hoa,Bien Hoa,31.14,30.0,31.14,72.0,38.14,10000.0,0.0,100.0,7.36,13.32,255.0,1006.0,1,804,Clouds,overcast clouds,04d
2025-07-21 12:17:23,Dong Nai-Bien Hoa,Bien Hoa,30.03,30.03,32.0,72.0,35.61,10000.0,0.0,100.0,7.36,13.32,255.0,1006.0,1,804,Clouds,overcast clouds,04d
2025-07-21 12:21:09,Dong Nai-Bien Hoa,Bien Hoa,29.47,29.47,32.0,72.0,34.21,10000.0,0.0,100.0,7.36,13.32,255.0,1006.0,1,804,Clouds,overcast clouds,04d
2025-07-21 12:24:54,Dong Nai-Bien Hoa,Bien Hoa,29.47,29.47,32.0,72.0,34.21,10000.0,0.0,100.0,7.36,13.32,255.0,1006.0,1,804,Clouds,overcast clouds,04d
2025-07-21 12:28:40,Dong Nai-Bien Hoa,Bien Hoa,28.92,28.92,32.0,72.0,32.92,10000.0,0.0,100.0,7.36,13.32,255.0,1006.0,1,804,Clouds,overcast clouds,04d
2025-07-21 12:32:26,Dong Nai-Bien Hoa,Bien Hoa,28.92,28.92,32.0,72.0,32.92,10000.0,0.0,100.0,6.61,11.53,251.0,1006.0,1,804,Clouds,overcast clouds,04d
2025-07-21 12:36:12,Dong Nai-Bien Hoa,Bien Hoa,28.92,28.92,32.0,72.0,32.92,10000.0,0.0,100.0,6.61,11.53,251.0,1006.0,1,804,Clouds,overcast clouds,04d
2025-07-21 12:39:58,Dong Nai-Bien Hoa,Bien Hoa,28.92,28.92,32.0,72.0,32.92,10000.0,0.0,100.0,6.61,11.53,251.0,1006.0,1,804,Clouds,overcast clouds,04d
2025-07-21 12:43:43,Dong Nai-Bien Hoa,Bien Hoa,28.92,28.92,30.0,72.0,32.92,10000.0,0.0,100.0,6.61,11.53,251.0,1006.0,1,804,Clouds,overcast clouds,04d
2025-07-21 12:47:29,Dong Nai-Bien Hoa,Bien Hoa,28.92,28.92,30.0,73.0,33.11,10000.0,0.0,100.0,6.61,11.53,251.0,1006.0,1,804,Clouds,overcast clouds,04d
2025-07-21 12:51:14,Dong Nai-Bien Hoa,Bien Hoa,28.92,28.92,30.0,73.0,33.11,10000.0,0.0,100.0,6.61,11.53,251.0,1006.0,1,804,Clouds,overcast clouds,04d
2025-07-21 12:55:00,Dong Nai-Bien Hoa,Bien Hoa,28.92,28.92,30.0,73.0,33.11,10000.0,0.0,100.0,6.61,11.53,251.0,1006.0,1,804,Clouds,overcast clouds,04d
2025-07-21 12:58:46,Dong Nai-Bien Hoa,Bien Hoa,28.92,28.92,30.0,73.0,33.11,10000.0,0.0,100.0,8.21,15.57,255.0,1006.0,1,804,Clouds,overcast clouds,04d
2025-07-21 13:02:31,Dong Nai-Bien Hoa,Bien Hoa,28.92,28.92,30.0,73.0,33.11,10000.0,0.0,100.0,8.21,15.57,255.0,1006.0,1,804,Clouds,overcast clouds,04d
2025-07-21 13:06:17,Dong Nai-Bien Hoa,Bien Hoa,28.92,28.92,30.0,73.0,33.11,10000.0,0.0,100.0,8.21,15.57,255.0,1006.0,1,804,Clouds,overcast clouds,04d
2025-07-21 13:10:03,Dong Nai-Bien Hoa,Bien Hoa,29.47,29.47,30.0,73.0,34.43,10000.0,0.0,100.0,8.21,15.57,255.0,1006.0,1,804,Clouds,overcast clouds,04d
2025-07-21 13:13:50,Dong Nai-Bien Hoa,Bien Hoa,29.47,29.47,30.0,73.0,34.43,10000.0,0.0,100.0,8.21,15.57,255.0,1006.0,1,804,Clouds,overcast clouds,04d
2025-07-21 13:17:35,Dong Nai-Bien Hoa,Bien Hoa,30.03,30.0,30.03,73.0,35.86,10000.0,0.0,100.0,8.21,15.57,255.0,1006.0,1,804,Clouds,overcast clouds,04d
2025-07-21 13:21:22,Dong Nai-Bien Hoa,Bien Hoa,30.03,30.0,30.03,73.0,35.86,10000.0,0.0,100.0,8.21,15.57,255.0,1006.0,1,804,Clouds,overcast clouds,04d
2025-07-21 13:25:07,Dong Nai-Bien Hoa,Bien Hoa,30.03,30.0,30.03,73.0,35.86,10000.0,0.0,100.0,8.21,15.57,255.0,1006.0,1,804,Clouds,overcast clouds,04d
2025-07-21 13:28:53,Dong Nai-Bien Hoa,Bien Hoa,30.59,30.0,30.59,73.0,37.37,10000.0,0.0,100.0,8.21,15.57,255.0,1006.0,1,804,Clouds,overcast clouds,04d
2025-07-21 13:32:38,Dong Nai-Bien Hoa,Bien Hoa,30.59,30.0,30.59,74.0,37.59,10000.0,0.0,100.0,6.15,12.85,259.0,1005.0,1,804,Clouds,overcast clouds,04d
2025-07-21 13:36:23,Dong Nai-Bien Hoa,Bien Hoa,30.59,30.0,30.59,74.0,37.59,10000.0,0.0,100.0,6.15,12.85,259.0,1005.0,1,804,Clouds,overcast clouds,04d
2025-07-21 13:40:09,Dong Nai-Bien Hoa,Bien Hoa,31.14,30.0,31.14,74.0,38.14,10000.0,0.0,100.0,6.15,12.85,259.0,1005.0,1,804,Clouds,overcast clouds,04d
2025-07-21 13:43:55,Dong Nai-Bien Hoa,Bien Hoa,30.59,30.0,30.59,74.0,37.59,10000.0,0.0,100.0,6.15,12.85,259.0,1005.0,1,804,Clouds,overcast clouds,04d
2025-07-21 13:47:40,Dong Nai-Bien Hoa,Bien Hoa,31.14,30.0,31.14,74.0,38.14,10000.0,0.0,100.0,6.15,12.85,259.0,1005.0,1,804,Clouds,overcast clouds,04d
2025-07-21 13:51:25,Dong Nai-Bien Hoa,Bien Hoa,30.59,30.0,30.59,74.0,37.59,10000.0,0.0,100.0,6.15,12.85,259.0,1005.0,1,804,Clouds,overcast clouds,04d
2025-07-21 13:55:11,Dong Nai-Bien Hoa,Bien Hoa,31.14,31.0,31.14,72.0,38.14,10000.0,0.0,100.0,6.15,12.85,259.0,1005.0,1,804,Clouds,overcast clouds,04d
2025-07-21 13:58:57,Dong Nai-Bien Hoa,Bien Hoa,30.59,30.59,31.0,72.0,37.08,10000.0,0.0,100.0,6.15,12.85,259.0,1005.0,1,804,Clouds,overcast clouds,04d
2025-07-21 14:02:42,Dong Nai-Bien Hoa,Bien Hoa,30.59,30.59,31.0,72.0,37.08,10000.0,0.0,100.0,6.15,12.85,259.0,1005.0,1,804,Clouds,overcast clouds,04d
2025-07-21 14:06:31,Dong Nai-Bien Hoa,Bien Hoa,30.59,30.59,31.0,73.0,37.37,10000.0,0.0,100.0,6.15,12.85,259.0,1005.0,1,804,Clouds,overcast clouds,04d
2025-07-21 14:10:17,Dong Nai-Bien Hoa,Bien Hoa,30.59,30.59,31.0,73.0,37.37,10000.0,0.0,100.0,6.15,12.85,259.0,1005.0,1,804,Clouds,overcast clouds,04d
2025-07-21 14:14:02,Dong Nai-Bien Hoa,Bien Hoa,30.59,30.59,31.0,73.0,37.37,10000.0,0.0,100.0,6.15,12.85,259.0,1005.0,1,804,Clouds,overcast clouds,04d
2025-07-21 14:17:48,Dong Nai-Bien Hoa,Bien Hoa,30.59,30.59,31.0,73.0,37.37,10000.0,0.0,100.0,6.15,12.85,259.0,1005.0,1,804,Clouds,overcast clouds,04d
2025-07-21 14:21:33,Dong Nai-Bien Hoa,Bien Hoa,31.14,31.0,31.14,74.0,38.14,10000.0,0.0,100.0,6.15,12.85,259.0,1005.0,1,804,Clouds,overcast clouds,04d
2025-07-21 14:25:19,Dong Nai-Bien Hoa,Bien Hoa,31.14,31.0,31.14,74.0,38.14,10000.0,0.0,100.0,6.15,12.85,259.0,1005.0,1,804,Clouds,overcast clouds,04d
2025-07-21 14:29:05,Dong Nai-Bien Hoa,Bien Hoa,31.14,31.0,31.14,74.0,38.14,10000.0,0.0,100.0,6.15,12.85,259.0,1005.0,1,804,Clouds,overcast clouds,04d
2025-07-21 14:32:50,Dong Nai-Bien Hoa,Bien Hoa,31.14,31.0,31.14,74.0,38.14,10000.0,0.0,100.0,6.15,12.85,259.0,1005.0,1,804,Clouds,overcast clouds,04d
2025-07-21 14:36:35,Dong Nai-Bien Hoa,Bien Hoa,30.59,30.59,31.0,72.0,37.08,10000.0,0.0,100.0,6.34,12.5,278.0,1004.0,1,804,Clouds,overcast clouds,04d
2025-07-21 14:40:21,Dong Nai-Bien Hoa,Bien Hoa,30.59,30.59,31.0,72.0,37.08,10000.0,0.0,100.0,6.34,12.5,278.0,1004.0,1,804,Clouds,overcast clouds,04d
2025-07-21 14:44:06,Dong Nai-Bien Hoa,Bien Hoa,30.59,30.59,31.0,72.0,37.08,10000.0,0.0,100.0,6.34,12.5,278.0,1004.0,1,804,Clouds,overcast clouds,04d
2025-07-21 14:47:52,Dong Nai-Bien Hoa,Bien Hoa,30.59,30.59,31.0,72.0,37.08,10000.0,0.0,100.0,6.34,12.5,278.0,1004.0,1,804,Clouds,overcast clouds,04d
2025-07-21 14:51:37,Dong Nai-Bien Hoa,Bien Hoa,30.59,30.59,31.0,72.0,37.08,10000.0,0.0,100.0,6.34,12.5,278.0,1004.0,1,804,Clouds,overcast clouds,04d
2025-07-21 14:55:23,Dong Nai-Bien Hoa,Bien Hoa,30.59,30.59,31.0,72.0,37.08,10000.0,0.0,100.0,6.34,12.5,278.0,1004.0,1,804,Clouds,overcast clouds,04d
2025-07-21 14:59:08,Dong Nai-Bien Hoa,Bien Hoa,30.59,30.59,31.0,72.0,37.08,10000.0,0.0,100.0,6.34,12.5,278.0,1004.0,1,804,Clouds,overcast clouds,04d
2025-07-21 15:02:54,Dong Nai-Bien Hoa,Bien Hoa,31.14,31.0,31.14,72.0,38.14,10000.0,0.36,100.0,6.34,12.5,278.0,1004.0,1,500,Rain,light rain,10d
2025-07-21 15:06:40,Dong Nai-Bien Hoa,Bien Hoa,31.14,31.0,31.14,72.0,38.14,10000.0,1.15,100.0,6.34,12.5,278.0,1004.0,1,501,Rain,moderate rain,10d
2025-07-21 15:10:27,Dong Nai-Bien Hoa,Bien Hoa,30.59,30.59,31.0,72.0,37.08,10000.0,1.0,100.0,6.34,12.5,278.0,1004.0,1,500,Rain,light rain,10d
2025-07-21 15:14:12,Dong Nai-Bien Hoa,Bien Hoa,30.59,30.59,31.0,72.0,37.08,10000.0,1.0,100.0,6.34,12.5,278.0,1004.0,1,500,Rain,light rain,10d
2025-07-21 15:17:57,Dong Nai-Bien Hoa,Bien Hoa,30.59,30.59,31.0,72.0,37.08,10000.0,1.0,100.0,6.34,12.5,278.0,1004.0,1,500,Rain,light rain,10d
2025-07-21 15:21:43,Dong Nai-Bien Hoa,Bien Hoa,30.03,30.03,31.0,73.0,35.86,10000.0,0.0,100.0,6.34,12.5,278.0,1004.0,1,804,Clouds,overcast clouds,04d
2025-07-21 15:25:29,Dong Nai-Bien Hoa,Bien Hoa,29.47,29.47,31.0,73.0,34.43,10000.0,0.0,100.0,6.34,12.5,278.0,1004.0,1,804,Clouds,overcast clouds,04d
2025-07-21 15:29:14,Dong Nai-Bien Hoa,Bien Hoa,30.03,30.03,31.0,73.0,35.86,10000.0,0.0,100.0,6.34,12.5,278.0,1004.0,1,804,Clouds,overcast clouds,04d
2025-07-21 15:33:00,Dong Nai-Bien Hoa,Bien Hoa,29.47,29.47,31.0,72.0,34.21,10000.0,0.0,100.0,5.87,12.03,276.0,1004.0,1,804,Clouds,overcast clouds,04d
2025-07-21 15:36:46,Dong Nai-Bien Hoa,Bien Hoa,30.03,30.03,31.0,72.0,35.61,10000.0,0.18,100.0,5.87,12.03,276.0,1004.0,1,500,Rain,light rain,10d
2025-07-21 15:40:31,Dong Nai-Bien Hoa,Bien Hoa,30.03,30.03,31.0,72.0,35.61,10000.0,0.18,100.0,5.87,12.03,276.0,1004.0,1,500,Rain,light rain,10d
2025-07-21 15:44:17,Dong Nai-Bien Hoa,Bien Hoa,30.03,29.0,30.03,72.0,35.61,10000.0,0.68,100.0,5.87,12.03,276.0,1004.0,1,500,Rain,light rain,10d
2025-07-21 15:48:03,Dong Nai-Bien Hoa,Bien Hoa,30.03,29.0,30.03,75.0,36.38,10000.0,0.55,100.0,5.87,12.03,276.0,1004.0,1,500,Rain,light rain,10d
2025-07-21 15:51:48,Dong Nai-Bien Hoa,Bien Hoa,30.03,29.0,30.03,72.0,35.61,10000.0,0.68,100.0,5.87,12.03,276.0,1004.0,1,500,Rain,light rain,10d
2025-07-21 15:55:34,Dong Nai-Bien Hoa,Bien Hoa,30.03,29.0,30.03,75.0,36.38,10000.0,0.0,100.0,5.87,12.03,276.0,1004.0,1,804,Clouds,overcast clouds,04d
2025-07-21 15:59:19,Dong Nai-Bien Hoa,Bien Hoa,30.03,29.0,30.03,75.0,36.38,10000.0,0.0,100.0,5.87,12.03,276.0,1004.0,1,804,Clouds,overcast clouds,04d
2025-07-21 16:03:05,Dong Nai-Bien Hoa,Bien Hoa,30.03,29.0,30.03,75.0,36.38,10000.0,0.0,100.0,5.87,12.03,276.0,1004.0,1,804,Clouds,overcast clouds,04d
2025-07-21 16:06:52,Dong Nai-Bien Hoa,Bien Hoa,30.03,29.0,30.03,78.0,37.03,10000.0,0.27,100.0,5.87,12.03,276.0,1004.0,1,500,Rain,light rain,10d
2025-07-21 16:10:38,Dong Nai-Bien Hoa,Bien Hoa,30.03,29.0,30.03,78.0,37.03,10000.0,0.0,100.0,5.87,12.03,276.0,1004.0,1,804,Clouds,overcast clouds,04d
2025-07-21 16:14:23,Dong Nai-Bien Hoa,Bien Hoa,30.03,29.0,30.03,78.0,37.03,10000.0,0.27,100.0,5.87,12.03,276.0,1004.0,1,500,Rain,light rain,10d
2025-07-21 16:18:09,Dong Nai-Bien Hoa,Bien Hoa,30.03,29.0,30.03,78.0,37.03,10000.0,0.0,100.0,5.87,12.03,276.0,1004.0,1,804,Clouds,overcast clouds,04d
2025-07-21 16:21:55,Dong Nai-Bien Hoa,Bien Hoa,30.03,29.0,30.03,78.0,37.03,10000.0,0.0,100.0,5.87,12.03,276.0,1004.0,1,804,Clouds,overcast clouds,04d
2025-07-21 16:25:41,Dong Nai-Bien Hoa,Bien Hoa,29.47,29.0,29.47,78.0,35.59,10000.0,0.64,100.0,5.87,12.03,276.0,1004.0,1,500,Rain,light rain,10d
2025-07-21 16:29:27,Dong Nai-Bien Hoa,Bien Hoa,29.47,29.0,29.47,78.0,35.59,10000.0,0.46,100.0,5.87,12.03,276.0,1004.0,1,500,Rain,light rain,10d
2025-07-21 16:33:12,Dong Nai-Bien Hoa,Bien Hoa,29.47,29.0,29.47,78.0,35.59,10000.0,0.46,100.0,5.87,12.03,276.0,1004.0,1,500,Rain,light rain,10d
2025-07-21 16:36:57,Dong Nai-Bien Hoa,Bien Hoa,29.47,29.0,29.47,78.0,35.59,10000.0,0.46,100.0,5.87,12.03,276.0,1004.0,1,500,Rain,light rain,10d
2025-07-21 16:40:43,Dong Nai-Bien Hoa,Bien Hoa,29.47,29.0,29.47,77.0,35.35,10000.0,3.16,100.0,6.47,12.1,267.0,1004.0,1,501,Rain,moderate rain,10d
2025-07-21 16:44:29,Dong Nai-Bien Hoa,Bien Hoa,29.47,29.0,29.47,77.0,35.35,10000.0,3.16,100.0,6.47,12.1,267.0,1004.0,1,501,Rain,moderate rain,10d
2025-07-21 16:48:14,Dong Nai-Bien Hoa,Bien Hoa,29.47,29.0,29.47,77.0,35.35,10000.0,3.16,100.0,6.47,12.1,267.0,1004.0,1,501,Rain,moderate rain,10d
2025-07-21 16:52:00,Dong Nai-Bien Hoa,Bien Hoa,29.47,28.0,29.47,77.0,35.35,10000.0,1.64,100.0,6.47,12.1,267.0,1004.0,1,501,Rain,moderate rain,10d
2025-07-21 16:55:46,Dong Nai-Bien Hoa,Bien Hoa,29.47,28.0,29.47,77.0,35.35,10000.0,1.64,100.0,6.47,12.1,267.0,1004.0,1,501,Rain,moderate rain,10d
2025-07-21 16:59:31,Dong Nai-Bien Hoa,Bien Hoa,29.47,28.0,29.47,77.0,35.35,10000.0,1.64,100.0,6.47,12.1,267.0,1004.0,1,501,Rain,moderate rain,10d
2025-07-21 17:03:17,Dong Nai-Bien Hoa,Bien Hoa,29.47,28.0,29.47,79.0,35.83,10000.0,0.23,100.0,6.47,12.1,267.0,1004.0,1,500,Rain,light rain,10d
2025-07-21 17:07:02,Dong Nai-Bien Hoa,Bien Hoa,29.47,28.0,29.47,79.0,35.83,10000.0,0.34,100.0,6.47,12.1,267.0,1004.0,1,500,Rain,light rain,10d
2025-07-21 17:10:48,Dong Nai-Bien Hoa,Bien Hoa,29.47,28.0,29.47,79.0,35.83,10000.0,0.23,100.0,6.47,12.1,267.0,1004.0,1,500,Rain,light rain,10d
2025-07-21 17:14:33,Dong Nai-Bien Hoa,Bien Hoa,29.47,28.0,29.47,79.0,35.83,10000.0,0.34,100.0,6.47,12.1,267.0,1004.0,1,500,Rain,light rain,10d
2025-07-21 17:18:19,Dong Nai-Bien Hoa,Bien Hoa,28.92,28.0,28.92,80.0,34.52,10000.0,1.47,100.0,6.47,12.1,267.0,1004.0,1,501,Rain,moderate rain,10d
2025-07-21 17:22:05,Dong Nai-Bien Hoa,Bien Hoa,28.92,28.0,28.92,80.0,34.52,10000.0,1.47,100.0,6.47,12.1,267.0,1004.0,1,501,Rain,moderate rain,10d
2025-07-21 17:25:51,Dong Nai-Bien Hoa,Bien Hoa,28.92,28.0,28.92,80.0,34.52,10000.0,0.57,100.0,6.47,12.1,267.0,1004.0,1,500,Rain,light rain,10d
2025-07-21 17:29:37,Dong Nai-Bien Hoa,Bien Hoa,28.92,28.0,28.92,80.0,34.52,10000.0,0.0,100.0,6.47,12.1,267.0,1004.0,1,804,Clouds,overcast clouds,04d
2025-07-21 17:33:22,Dong Nai-Bien Hoa,Bien Hoa,28.92,28.0,28.92,80.0,34.52,10000.0,0.0,100.0,6.47,12.1,267.0,1004.0,1,804,Clouds,overcast clouds,04d
2025-07-21 17:37:08,Dong Nai-Bien Hoa,Bien Hoa,28.92,28.0,28.92,78.0,34.1,10000.0,0.0,100.0,5.36,11.08,255.0,1005.0,1,804,Clouds,overcast clouds,04d
2025-07-21 17:40:53,Dong Nai-Bien Hoa,Bien Hoa,28.92,28.0,28.92,78.0,34.1,10000.0,0.0,100.0,5.36,11.08,255.0,1005.0,1,804,Clouds,overcast clouds,04d
2025-07-21 17:44:39,Dong Nai-Bien Hoa,Bien Hoa,28.92,28.0,28.92,78.0,34.1,10000.0,0.18,100.0,5.36,11.08,255.0,1005.0,1,500,Rain,light rain,10d
2025-07-21 17:48:25,Dong Nai-Bien Hoa,Bien Hoa,28.92,28.0,28.92,78.0,34.1,10000.0,0.18,100.0,5.36,11.08,255.0,1005.0,1,500,Rain,light rain,10d
2025-07-21 17:52:10,Dong Nai-Bien Hoa,Bien Hoa,28.92,28.0,28.92,79.0,34.31,10000.0,0.11,100.0,5.36,11.08,255.0,1005.0,1,500,Rain,light rain,10d
2025-07-21 17:55:56,Dong Nai-Bien Hoa,Bien Hoa,28.92,28.0,28.92,79.0,34.31,10000.0,0.11,100.0,5.36,11.08,255.0,1005.0,1,500,Rain,light rain,10d
2025-07-21 17:59:41,Dong Nai-Bien Hoa,Bien Hoa,28.92,28.0,28.92,79.0,34.31,10000.0,0.11,100.0,5.36,11.08,255.0,1005.0,1,500,Rain,light rain,10d
2025-07-21 18:03:27,Dong Nai-Bien Hoa,Bien Hoa,28.36,28.0,28.36,83.0,33.56,10000.0,0.16,100.0,5.36,11.08,255.0,1005.0,1,500,Rain,light rain,10d
2025-07-21 18:07:13,Dong Nai-Bien Hoa,Bien Hoa,28.36,28.0,28.36,83.0,33.56,10000.0,0.16,100.0,5.36,11.08,255.0,1005.0,1,500,Rain,light rain,10d
2025-07-21 18:11:00,Dong Nai-Bien Hoa,Bien Hoa,27.81,27.81,28.0,83.0,32.07,10000.0,0.27,100.0,5.36,11.08,255.0,1005.0,1,500,Rain,light rain,10d
2025-07-21 18:14:48,Dong Nai-Bien Hoa,Bien Hoa,27.81,27.81,28.0,83.0,32.07,10000.0,0.24,100.0,5.36,11.08,255.0,1005.0,1,500,Rain,light rain,10d
2025-07-21 18:18:35,Dong Nai-Bien Hoa,Bien Hoa,27.81,27.81,28.0,83.0,32.07,10000.0,0.24,100.0,5.36,11.08,255.0,1005.0,1,500,Rain,light rain,10d
2025-07-21 18:22:20,Dong Nai-Bien Hoa,Bien Hoa,27.81,27.81,28.0,83.0,32.07,10000.0,0.24,100.0,5.36,11.08,255.0,1005.0,0,500,Rain,light rain,10d
2025-07-21 18:26:07,Dong Nai-Bien Hoa,Bien Hoa,27.81,27.0,27.81,83.0,32.07,10000.0,0.0,100.0,5.36,11.08,255.0,1005.0,0,804,Clouds,overcast clouds,04n
2025-07-21 18:29:52,Dong Nai-Bien Hoa,Bien Hoa,27.81,27.0,27.81,83.0,32.07,10000.0,0.0,100.0,5.36,11.08,255.0,1005.0,0,804,Clouds,overcast clouds,04n
2025-07-21 18:33:38,Dong Nai-Bien Hoa,Bien Hoa,27.81,27.0,27.81,83.0,32.07,10000.0,0.0,100.0,5.36,11.08,255.0,1005.0,0,804,Clouds,overcast clouds,04n
2025-07-21 18:37:24,Dong Nai-Bien Hoa,Bien Hoa,27.25,27.0,27.25,84.0,30.75,10000.0,0.0,100.0,5.67,12.19,238.0,1005.0,0,804,Clouds,overcast clouds,04n
2025-07-21 18:41:10,Dong Nai-Bien Hoa,Bien Hoa,27.25,27.0,27.25,84.0,30.75,10000.0,0.0,100.0,5.67,12.19,238.0,1005.0,0,804,Clouds,overcast clouds,04n
2025-07-21 18:44:56,Dong Nai-Bien Hoa,Bien Hoa,27.25,27.0,27.25,84.0,30.75,10000.0,0.0,100.0,5.67,12.19,238.0,1005.0,0,804,Clouds,overcast clouds,04n
2025-07-21 18:48:41,Dong Nai-Bien Hoa,Bien Hoa,27.25,27.0,27.25,84.0,30.75,10000.0,0.0,100.0,5.67,12.19,238.0,1005.0,0,804,Clouds,overcast clouds,04n
2025-07-21 18:56:09,Dong Nai-Bien Hoa,Bien Hoa,27.0,27.0,27.0,83.0,30.03,10000.0,2.73,100.0,5.67,12.19,238.0,1005.0,0,501,Rain,moderate rain,10n
2025-07-21 18:59:55,Dong Nai-Bien Hoa,Bien Hoa,27.0,27.0,27.0,83.0,30.03,10000.0,17.76,100.0,5.67,12.19,238.0,1005.0,0,503,Rain,very heavy rain,10n
2025-07-21 19:03:40,Dong Nai-Bien Hoa,Bien Hoa,27.0,27.0,27.0,83.0,30.03,10000.0,2.73,100.0,5.67,12.19,238.0,1005.0,0,501,Rain,moderate rain,10n
2025-07-21 19:07:30,Dong Nai-Bien Hoa,Bien Hoa,27.0,27.0,27.0,89.0,30.63,10000.0,16.8,100.0,5.67,12.19,238.0,1006.0,0,503,Rain,very heavy rain,10n
2025-07-21 19:11:16,Dong Nai-Bien Hoa,Bien Hoa,27.0,27.0,27.0,89.0,30.63,10000.0,7.49,100.0,5.67,12.19,238.0,1006.0,0,502,Rain,heavy intensity rain,10n
2025-07-21 19:15:02,Dong Nai-Bien Hoa,Bien Hoa,27.0,27.0,27.0,89.0,30.63,10000.0,7.49,100.0,5.67,12.19,238.0,1006.0,0,502,Rain,heavy intensity rain,10n
2025-07-21 19:18:48,Dong Nai-Bien Hoa,Bien Hoa,24.0,24.0,24.0,89.0,24.78,10000.0,5.99,100.0,5.67,12.19,238.0,1006.0,0,502,Rain,heavy intensity rain,10n
2025-07-21 19:22:33,Dong Nai-Bien Hoa,Bien Hoa,27.0,27.0,27.0,89.0,30.63,10000.0,7.49,100.0,5.67,12.19,238.0,1006.0,0,502,Rain,heavy intensity rain,10n
2025-07-21 19:26:19,Dong Nai-Bien Hoa,Bien Hoa,24.0,24.0,24.0,89.0,24.78,10000.0,5.99,100.0,5.67,12.19,238.0,1006.0,0,502,Rain,heavy intensity rain,10n
2025-07-21 19:30:05,Dong Nai-Bien Hoa,Bien Hoa,24.0,24.0,24.0,86.0,24.7,10000.0,0.56,100.0,5.04,11.08,245.0,1006.0,0,500,Rain,light rain,10n
2025-07-21 19:33:51,Dong Nai-Bien Hoa,Bien Hoa,24.47,24.0,24.47,86.0,25.22,10000.0,0.37,100.0,5.04,11.08,245.0,1006.0,0,500,Rain,light rain,10n
2025-07-21 19:37:36,Dong Nai-Bien Hoa,Bien Hoa,24.47,24.0,24.47,86.0,25.22,10000.0,0.37,100.0,5.04,11.08,245.0,1006.0,0,500,Rain,light rain,10n
2025-07-21 19:41:22,Dong Nai-Bien Hoa,Bien Hoa,24.47,24.0,24.47,86.0,25.22,10000.0,0.24,100.0,5.04,11.08,245.0,1006.0,0,500,Rain,light rain,10n
2025-07-21 19:45:08,Dong Nai-Bien Hoa,Bien Hoa,24.47,24.0,24.47,84.0,25.17,10000.0,0.15,100.0,5.04,11.08,245.0,1006.0,0,500,Rain,light rain,10n
2025-07-21 19:48:54,Dong Nai-Bien Hoa,Bien Hoa,24.0,24.0,24.0,85.0,24.68,10000.0,0.12,100.0,5.04,11.08,245.0,1006.0,0,500,Rain,light rain,10n
2025-07-21 19:52:40,Dong Nai-Bien Hoa,Bien Hoa,24.0,24.0,24.0,85.0,24.68,10000.0,0.11,100.0,5.04,11.08,245.0,1006.0,0,500,Rain,light rain,10n
2025-07-21 19:56:26,Dong Nai-Bien Hoa,Bien Hoa,24.0,24.0,24.0,85.0,24.68,10000.0,0.11,100.0,5.04,11.08,245.0,1006.0,0,500,Rain,light rain,10n
2025-07-21 20:00:12,Dong Nai-Bien Hoa,Bien Hoa,24.0,24.0,24.0,85.0,24.68,10000.0,0.11,100.0,5.04,11.08,245.0,1006.0,0,500,Rain,light rain,10n
2025-07-21 20:03:58,Dong Nai-Bien Hoa,Bien Hoa,24.0,24.0,24.0,91.0,24.83,10000.0,0.18,100.0,5.04,11.08,245.0,1007.0,0,500,Rain,light rain,10n
2025-07-21 20:07:43,Dong Nai-Bien Hoa,Bien Hoa,24.0,24.0,24.0,91.0,24.83,10000.0,0.18,100.0,5.04,11.08,245.0,1007.0,0,500,Rain,light rain,10n
2025-07-21 20:11:29,Dong Nai-Bien Hoa,Bien Hoa,24.0,24.0,24.0,91.0,24.83,10000.0,0.24,100.0,5.04,11.08,245.0,1007.0,0,500,Rain,light rain,10n
2025-07-21 20:15:15,Dong Nai-Bien Hoa,Bien Hoa,24.0,24.0,24.0,91.0,24.83,10000.0,0.24,100.0,5.04,11.08,245.0,1007.0,0,500,Rain,light rain,10n
2025-07-21 20:19:01,Dong Nai-Bien Hoa,Bien Hoa,24.0,24.0,24.0,91.0,24.83,10000.0,0.24,100.0,5.04,11.08,245.0,1007.0,0,500,Rain,light rain,10n
2025-07-21 20:22:48,Dong Nai-Bien Hoa,Bien Hoa,24.47,24.47,25.0,90.0,25.32,10000.0,0.51,100.0,5.04,11.08,245.0,1007.0,0,500,Rain,light rain,10n
2025-07-21 20:26:35,Dong Nai-Bien Hoa,Bien Hoa,24.47,24.47,25.0,90.0,25.32,10000.0,0.69,100.0,5.04,11.08,245.0,1007.0,0,500,Rain,light rain,10n
2025-07-21 20:30:21,Dong Nai-Bien Hoa,Bien Hoa,24.47,24.47,25.0,90.0,25.32,10000.0,0.69,100.0,5.04,11.08,245.0,1007.0,0,500,Rain,light rain,10n
2025-07-21 20:34:08,Dong Nai-Bien Hoa,Bien Hoa,24.47,24.47,25.0,84.0,25.17,10000.0,0.75,100.0,4.28,9.65,238.0,1007.0,0,500,Rain,light rain,10n
2025-07-21 20:38:00,Dong Nai-Bien Hoa,Bien Hoa,24.47,24.47,25.0,84.0,25.17,10000.0,0.75,100.0,4.28,9.65,238.0,1007.0,0,500,Rain,light rain,10n
2025-07-21 20:41:48,Dong Nai-Bien Hoa,Bien Hoa,24.47,24.47,25.0,84.0,25.17,10000.0,1.41,100.0,4.28,9.65,238.0,1007.0,0,501,Rain,moderate rain,10n
2025-07-21 20:45:35,Dong Nai-Bien Hoa,Bien Hoa,24.47,24.47,25.0,84.0,25.17,10000.0,0.97,100.0,4.28,9.65,238.0,1007.0,0,500,Rain,light rain,10n
2025-07-21 20:49:21,Dong Nai-Bien Hoa,Bien Hoa,24.47,24.47,25.0,84.0,25.17,10000.0,0.97,100.0,4.28,9.65,238.0,1007.0,0,500,Rain,light rain,10n
2025-07-21 20:53:07,Dong Nai-Bien Hoa,Bien Hoa,24.47,24.47,25.0,84.0,25.17,10000.0,0.97,100.0,4.28,9.65,238.0,1007.0,0,500,Rain,light rain,10n
2025-07-21 20:56:53,Dong Nai-Bien Hoa,Bien Hoa,24.47,24.47,25.0,85.0,25.19,10000.0,1.0,100.0,4.28,9.65,238.0,1007.0,0,500,Rain,light rain,10n
2025-07-21 21:00:38,Dong Nai-Bien Hoa,Bien Hoa,24.47,24.47,25.0,85.0,25.19,10000.0,1.0,100.0,4.28,9.65,238.0,1007.0,0,500,Rain,light rain,10n
2025-07-21 21:04:24,Dong Nai-Bien Hoa,Bien Hoa,24.47,24.47,25.0,85.0,25.19,10000.0,1.0,100.0,4.28,9.65,238.0,1007.0,0,500,Rain,light rain,10n
2025-07-21 21:08:10,Dong Nai-Bien Hoa,Bien Hoa,24.47,24.47,25.0,88.0,25.27,10000.0,1.0,100.0,4.28,9.65,238.0,1007.0,0,500,Rain,light rain,10n
2025-07-21 21:11:56,Dong Nai-Bien Hoa,Bien Hoa,24.47,24.47,25.0,88.0,25.27,10000.0,1.0,100.0,4.28,9.65,238.0,1007.0,0,500,Rain,light rain,10n
2025-07-21 21:15:42,Dong Nai-Bien Hoa,Bien Hoa,24.47,24.47,25.0,88.0,25.27,10000.0,0.87,100.0,4.28,9.65,238.0,1007.0,0,500,Rain,light rain,10n
2025-07-21 21:19:28,Dong Nai-Bien Hoa,Bien Hoa,24.47,24.47,25.0,88.0,25.27,10000.0,0.87,100.0,4.28,9.65,238.0,1007.0,0,500,Rain,light rain,10n
2025-07-21 21:23:13,Dong Nai-Bien Hoa,Bien Hoa,24.47,24.47,25.0,88.0,25.27,10000.0,1.0,100.0,4.28,9.65,238.0,1007.0,0,500,Rain,light rain,10n
2025-07-21 21:26:59,Dong Nai-Bien Hoa,Bien Hoa,24.47,24.47,25.0,88.0,25.27,10000.0,1.33,100.0,4.28,9.65,238.0,1007.0,0,501,Rain,moderate rain,10n
2025-07-21 21:30:45,Dong Nai-Bien Hoa,Bien Hoa,24.47,24.47,25.0,87.0,25.24,10000.0,1.33,100.0,4.44,10.65,228.0,1007.0,0,501,Rain,moderate rain,10n
2025-07-21 21:34:31,Dong Nai-Bien Hoa,Bien Hoa,24.47,24.47,25.0,87.0,25.24,10000.0,1.33,100.0,4.44,10.65,228.0,1007.0,0,501,Rain,moderate rain,10n
2025-07-21 21:38:17,Dong Nai-Bien Hoa,Bien Hoa,24.47,24.47,25.0,87.0,25.24,10000.0,0.8,100.0,4.44,10.65,228.0,1007.0,0,500,Rain,light rain,10n
2025-07-21 21:42:04,Dong Nai-Bien Hoa,Bien Hoa,24.47,24.47,25.0,87.0,25.24,10000.0,0.71,100.0,4.44,10.65,228.0,1007.0,0,500,Rain,light rain,10n
2025-07-21 21:45:51,Dong Nai-Bien Hoa,Bien Hoa,24.47,24.47,25.0,87.0,25.24,10000.0,0.8,100.0,4.44,10.65,228.0,1007.0,0,500,Rain,light rain,10n
2025-07-21 21:49:37,Dong Nai-Bien Hoa,Bien Hoa,24.47,24.47,25.0,86.0,25.22,10000.0,0.75,100.0,4.44,10.65,228.0,1007.0,0,500,Rain,light rain,10n
2025-07-21 21:53:23,Dong Nai-Bien Hoa,Bien Hoa,24.47,24.47,25.0,86.0,25.22,10000.0,0.75,100.0,4.44,10.65,228.0,1007.0,0,500,Rain,light rain,10n
2025-07-21 21:57:09,Dong Nai-Bien Hoa,Bien Hoa,24.47,24.47,25.0,86.0,25.22,10000.0,0.75,100.0,4.44,10.65,228.0,1007.0,0,500,Rain,light rain,10n
2025-07-21 22:00:55,Dong Nai-Bien Hoa,Bien Hoa,24.47,24.47,25.0,86.0,25.22,10000.0,1.03,100.0,4.44,10.65,228.0,1007.0,0,501,Rain,moderate rain,10n
2025-07-21 22:04:41,Dong Nai-Bien Hoa,Bien Hoa,24.47,24.47,25.0,86.0,25.22,10000.0,1.03,100.0,4.44,10.65,228.0,1007.0,0,501,Rain,moderate rain,10n
2025-07-21 22:08:26,Dong Nai-Bien Hoa,Bien Hoa,24.47,24.47,25.0,86.0,25.22,10000.0,1.03,100.0,4.44,10.65,228.0,1007.0,0,501,Rain,moderate rain,10n
2025-07-21 22:12:12,Dong Nai-Bien Hoa,Bien Hoa,24.47,24.47,25.0,88.0,25.27,10000.0,0.71,100.0,4.44,10.65,228.0,1007.0,0,500,Rain,light rain,10n
2025-07-21 22:15:58,Dong Nai-Bien Hoa,Bien Hoa,24.47,24.47,25.0,88.0,25.27,10000.0,0.71,100.0,4.44,10.65,228.0,1007.0,0,500,Rain,light rain,10n
2025-07-21 22:19:44,Dong Nai-Bien Hoa,Bien Hoa,24.47,24.47,25.0,88.0,25.27,10000.0,0.49,100.0,4.44,10.65,228.0,1007.0,0,500,Rain,light rain,10n
2025-07-21 22:23:29,Dong Nai-Bien Hoa,Bien Hoa,24.47,24.47,25.0,88.0,25.27,10000.0,0.71,100.0,4.44,10.65,228.0,1007.0,0,500,Rain,light rain,10n
2025-07-21 22:27:19,Dong Nai-Bien Hoa,Bien Hoa,24.47,24.47,25.0,88.0,25.27,10000.0,0.55,100.0,4.44,10.65,228.0,1007.0,0,500,Rain,light rain,10n
2025-07-21 22:31:50,Dong Nai-Bien Hoa,Bien Hoa,25.03,25.0,25.03,86.0,25.83,10000.0,0.6,100.0,4.67,11.38,239.0,1007.0,0,500,Rain,light rain,10n
2025-07-21 22:35:38,Dong Nai-Bien Hoa,Bien Hoa,25.03,25.0,25.03,86.0,25.83,10000.0,0.6,100.0,4.67,11.38,239.0,1007.0,0,500,Rain,light rain,10n
2025-07-21 22:39:32,Dong Nai-Bien Hoa,Bien Hoa,25.03,25.0,25.03,86.0,25.83,10000.0,0.6,100.0,4.67,11.38,239.0,1007.0,0,500,Rain,light rain,10n
2025-07-21 22:43:18,Dong Nai-Bien Hoa,Bien Hoa,25.03,25.0,25.03,86.0,25.83,10000.0,0.45,100.0,4.67,11.38,239.0,1007.0,0,500,Rain,light rain,10n
2025-07-21 22:47:04,Dong Nai-Bien Hoa,Bien Hoa,25.03,25.0,25.03,84.0,25.78,10000.0,0.26,100.0,4.67,11.38,239.0,1007.0,0,500,Rain,light rain,10n
2025-07-21 22:50:50,Dong Nai-Bien Hoa,Bien Hoa,25.03,25.0,25.03,84.0,25.78,10000.0,0.26,100.0,4.67,11.38,239.0,1007.0,0,500,Rain,light rain,10n
2025-07-21 22:54:36,Dong Nai-Bien Hoa,Bien Hoa,25.03,25.0,25.03,84.0,25.78,10000.0,0.26,100.0,4.67,11.38,239.0,1007.0,0,500,Rain,light rain,10n
2025-07-21 22:58:22,Dong Nai-Bien Hoa,Bien Hoa,25.03,25.0,25.03,84.0,25.78,10000.0,0.16,100.0,4.67,11.38,239.0,1007.0,0,500,Rain,light rain,10n
2025-07-21 23:02:08,Dong Nai-Bien Hoa,Bien Hoa,25.03,25.0,25.03,84.0,25.78,10000.0,0.16,100.0,4.67,11.38,239.0,1007.0,0,500,Rain,light rain,10n
2025-07-21 23:05:54,Dong Nai-Bien Hoa,Bien Hoa,25.03,25.0,25.03,84.0,25.78,10000.0,0.13,100.0,4.67,11.38,239.0,1007.0,0,500,Rain,light rain,10n
2025-07-21 23:09:40,Dong Nai-Bien Hoa,Bien Hoa,25.03,25.0,25.03,84.0,25.78,10000.0,0.13,100.0,4.67,11.38,239.0,1007.0,0,500,Rain,light rain,10n
2025-07-21 23:13:27,Dong Nai-Bien Hoa,Bien Hoa,25.03,25.0,25.03,84.0,25.78,10000.0,0.12,100.0,4.67,11.38,239.0,1007.0,0,500,Rain,light rain,10n
2025-07-21 23:17:13,Dong Nai-Bien Hoa,Bien Hoa,25.03,25.0,25.03,84.0,25.78,10000.0,0.12,100.0,4.67,11.38,239.0,1007.0,0,500,Rain,light rain,10n
2025-07-21 23:20:58,Dong Nai-Bien Hoa,Bien Hoa,25.03,25.0,25.03,84.0,25.78,10000.0,0.12,100.0,4.67,11.38,239.0,1007.0,0,500,Rain,light rain,10n
2025-07-21 23:24:45,Dong Nai-Bien Hoa,Bien Hoa,25.03,25.0,25.03,84.0,25.78,10000.0,0.0,100.0,4.67,11.38,239.0,1007.0,0,804,Clouds,overcast clouds,04n
2025-07-21 23:28:31,Dong Nai-Bien Hoa,Bien Hoa,25.03,25.0,25.03,84.0,25.78,10000.0,0.0,100.0,4.67,11.38,239.0,1007.0,0,804,Clouds,overcast clouds,04n
2025-07-21 23:32:18,Dong Nai-Bien Hoa,Bien Hoa,25.03,25.0,25.03,84.0,25.78,10000.0,0.0,100.0,4.52,11.64,241.0,1007.0,0,804,Clouds,overcast clouds,04n
2025-07-21 23:36:06,Dong Nai-Bien Hoa,Bien Hoa,25.03,25.0,25.03,84.0,25.78,10000.0,0.0,100.0,4.52,11.64,241.0,1007.0,0,804,Clouds,overcast clouds,04n
2025-07-21 23:39:52,Dong Nai-Bien Hoa,Bien Hoa,25.03,25.0,25.03,84.0,25.78,10000.0,0.0,100.0,4.52,11.64,241.0,1007.0,0,804,Clouds,overcast clouds,04n
2025-07-21 23:43:37,Dong Nai-Bien Hoa,Bien Hoa,25.03,25.0,25.03,84.0,25.78,10000.0,0.0,100.0,4.52,11.64,241.0,1007.0,0,804,Clouds,overcast clouds,04n
2025-07-21 23:47:23,Dong Nai-Bien Hoa,Bien Hoa,25.03,25.0,25.03,83.0,25.76,10000.0,0.0,100.0,4.52,11.64,241.0,1007.0,0,804,Clouds,overcast clouds,04n
2025-07-21 23:51:09,Dong Nai-Bien Hoa,Bien Hoa,25.03,25.0,25.03,83.0,25.76,10000.0,0.0,100.0,4.52,11.64,241.0,1007.0,0,804,Clouds,overcast clouds,04n
2025-07-21 23:54:55,Dong Nai-Bien Hoa,Bien Hoa,25.03,25.0,25.03,83.0,25.76,10000.0,0.0,100.0,4.52,11.64,241.0,1007.0,0,804,Clouds,overcast clouds,04n
2025-07-22 00:02:37,Dong Nai-Bien Hoa,Bien Hoa,25.03,25.0,25.03,83.0,25.76,10000.0,0.0,100.0,4.52,11.64,241.0,1007.0,0,804,Clouds,overcast clouds,04n
2025-07-22 00:06:27,Dong Nai-Bien Hoa,Bien Hoa,25.03,25.0,25.03,84.0,25.78,10000.0,0.0,100.0,4.52,11.64,241.0,1007.0,0,804,Clouds,overcast clouds,04n
2025-07-22 00:10:13,Dong Nai-Bien Hoa,Bien Hoa,25.03,25.0,25.03,84.0,25.78,10000.0,0.0,100.0,4.52,11.64,241.0,1007.0,0,804,Clouds,overcast clouds,04n
2025-07-22 01:39:41,Dong Nai-Bien Hoa,Bien Hoa,25.59,25.0,25.59,85.0,26.42,10000.0,0.0,100.0,2.99,8.91,230.0,1006.0,0,804,Clouds,overcast clouds,04n
2025-07-22 01:43:27,Dong Nai-Bien Hoa,Bien Hoa,25.59,25.0,25.59,85.0,26.42,10000.0,0.0,100.0,2.99,8.91,230.0,1006.0,0,804,Clouds,overcast clouds,04n
2025-07-22 01:47:12,Dong Nai-Bien Hoa,Bien Hoa,25.59,25.0,25.59,85.0,26.42,10000.0,0.0,100.0,2.99,8.91,230.0,1006.0,0,804,Clouds,overcast clouds,04n
2025-07-22 01:50:58,Dong Nai-Bien Hoa,Bien Hoa,25.03,25.0,25.03,89.0,25.91,10000.0,0.0,100.0,2.99,8.91,230.0,1005.0,0,804,Clouds,overcast clouds,04n
2025-07-22 01:54:43,Dong Nai-Bien Hoa,Bien Hoa,25.03,25.0,25.03,89.0,25.91,10000.0,0.0,100.0,2.99,8.91,230.0,1005.0,0,804,Clouds,overcast clouds,04n
2025-07-22 01:58:28,Dong Nai-Bien Hoa,Bien Hoa,25.03,25.0,25.03,89.0,25.91,10000.0,0.0,100.0,2.99,8.91,230.0,1005.0,0,804,Clouds,overcast clouds,04n
2025-07-22 02:02:14,Dong Nai-Bien Hoa,Bien Hoa,25.03,25.0,25.03,88.0,25.89,10000.0,0.0,100.0,2.99,8.91,230.0,1005.0,0,804,Clouds,overcast clouds,04n
2025-07-22 02:06:00,Dong Nai-Bien Hoa,Bien Hoa,25.03,25.0,25.03,88.0,25.89,10000.0,0.0,100.0,2.99,8.91,230.0,1005.0,0,804,Clouds,overcast clouds,04n
2025-07-22 02:09:45,Dong Nai-Bien Hoa,Bien Hoa,25.03,25.0,25.03,88.0,25.89,10000.0,0.0,100.0,2.99,8.91,230.0,1005.0,0,804,Clouds,overcast clouds,04n
2025-07-22 02:13:31,Dong Nai-Bien Hoa,Bien Hoa,25.03,25.0,25.03,88.0,25.89,10000.0,0.0,100.0,2.99,8.91,230.0,1005.0,0,804,Clouds,overcast clouds,04n
2025-07-22 02:17:17,Dong Nai-Bien Hoa,Bien Hoa,25.03,25.0,25.03,88.0,25.89,10000.0,0.0,100.0,2.99,8.91,230.0,1005.0,0,804,Clouds,overcast clouds,04n
2025-07-22 02:21:02,Dong Nai-Bien Hoa,Bien Hoa,25.03,25.0,25.03,88.0,25.89,10000.0,0.0,100.0,2.99,8.91,230.0,1005.0,0,804,Clouds,overcast clouds,04n
2025-07-22 02:24:48,Dong Nai-Bien Hoa,Bien Hoa,25.03,25.0,25.03,88.0,25.89,10000.0,0.0,100.0,2.99,8.91,230.0,1005.0,0,804,Clouds,overcast clouds,04n
2025-07-22 02:28:34,Dong Nai-Bien Hoa,Bien Hoa,25.03,25.0,25.03,88.0,25.89,10000.0,0.0,100.0,2.99,8.91,230.0,1005.0,0,804,Clouds,overcast clouds,04n
2025-07-22 02:32:19,Dong Nai-Bien Hoa,Bien Hoa,25.03,25.0,25.03,88.0,25.89,10000.0,0.0,100.0,2.99,8.91,230.0,1005.0,0,804,Clouds,overcast clouds,04n
2025-07-22 02:36:05,Dong Nai-Bien Hoa,Bien Hoa,25.03,25.0,25.03,90.0,25.94,10000.0,0.0,100.0,2.77,7.11,215.0,1006.0,0,804,Clouds,overcast clouds,04n
2025-07-22 02:39:50,Dong Nai-Bien Hoa,Bien Hoa,25.03,25.0,25.03,90.0,25.94,10000.0,0.0,100.0,2.77,7.11,215.0,1006.0,0,804,Clouds,overcast clouds,04n
2025-07-22 02:43:36,Dong Nai-Bien Hoa,Bien Hoa,25.59,25.59,25.59,90.0,26.55,10000.0,0.0,100.0,2.77,7.11,215.0,1006.0,0,804,Clouds,overcast clouds,04n
2025-07-22 02:47:21,Dong Nai-Bien Hoa,Bien Hoa,25.59,25.59,25.59,90.0,26.55,10000.0,0.0,100.0,2.77,7.11,215.0,1006.0,0,804,Clouds,overcast clouds,04n
2025-07-22 02:51:07,Dong Nai-Bien Hoa,Bien Hoa,25.59,25.59,25.59,88.0,26.5,10000.0,0.0,100.0,2.77,7.11,215.0,1005.0,0,804,Clouds,overcast clouds,04n
2025-07-22 02:54:52,Dong Nai-Bien Hoa,Bien Hoa,25.59,25.59,25.59,88.0,26.5,10000.0,0.0,100.0,2.77,7.11,215.0,1005.0,0,804,Clouds,overcast clouds,04n
2025-07-22 02:58:37,Dong Nai-Bien Hoa,Bien Hoa,25.59,25.59,25.59,88.0,26.5,10000.0,0.0,100.0,2.77,7.11,215.0,1005.0,0,804,Clouds,overcast clouds,04n
2025-07-22 03:02:31,Dong Nai-Bien Hoa,Bien Hoa,25.59,25.59,25.59,86.0,26.45,10000.0,0.0,100.0,2.77,7.11,215.0,1005.0,0,804,Clouds,overcast clouds,04n
2025-07-22 03:06:16,Dong Nai-Bien Hoa,Bien Hoa,25.59,25.59,25.59,86.0,26.45,10000.0,0.0,100.0,2.77,7.11,215.0,1005.0,0,804,Clouds,overcast clouds,04n
2025-07-22 03:10:02,Dong Nai-Bien Hoa,Bien Hoa,25.59,25.59,25.59,86.0,26.45,10000.0,0.0,100.0,2.77,7.11,215.0,1005.0,0,804,Clouds,overcast clouds,04n
2025-07-22 03:13:48,Dong Nai-Bien Hoa,Bien Hoa,25.59,25.59,25.59,86.0,26.45,10000.0,0.0,100.0,2.77,7.11,215.0,1005.0,0,804,Clouds,overcast clouds,04n
2025-07-22 03:17:33,Dong Nai-Bien Hoa,Bien Hoa,25.59,25.59,25.59,86.0,26.45,10000.0,0.0,100.0,2.77,7.11,215.0,1005.0,0,804,Clouds,overcast clouds,04n
2025-07-22 03:21:19,Dong Nai-Bien Hoa,Bien Hoa,25.59,25.59,25.59,86.0,26.45,10000.0,0.0,100.0,2.77,7.11,215.0,1005.0,0,804,Clouds,overcast clouds,04n
2025-07-22 03:25:04,Dong Nai-Bien Hoa,Bien Hoa,25.59,25.59,25.59,86.0,26.45,10000.0,0.0,100.0,2.77,7.11,215.0,1005.0,0,804,Clouds,overcast clouds,04n
2025-07-22 03:28:50,Dong Nai-Bien Hoa,Bien Hoa,25.59,25.59,25.59,86.0,26.45,10000.0,0.0,100.0,2.77,7.11,215.0,1005.0,0,804,Clouds,overcast clouds,04n
2025-07-22 03:32:35,Dong Nai-Bien Hoa,Bien Hoa,25.59,25.59,25.59,86.0,26.45,10000.0,0.0,100.0,2.77,7.11,215.0,1005.0,0,804,Clouds,overcast clouds,04n
2025-07-22 03:36:22,Dong Nai-Bien Hoa,Bien Hoa,25.59,25.59,25.59,86.0,26.45,10000.0,0.0,100.0,2.77,7.11,215.0,1005.0,0,804,Clouds,overcast clouds,04n
2025-07-22 03:40:08,Dong Nai-Bien Hoa,Bien Hoa,25.59,25.59,25.59,89.0,26.53,10000.0,0.0,100.0,2.63,6.38,213.0,1006.0,0,804,Clouds,overcast clouds,04n
2025-07-22 03:43:54,Dong Nai-Bien Hoa,Bien Hoa,25.59,25.59,25.59,89.0,26.53,10000.0,0.0,100.0,2.63,6.38,213.0,1006.0,0,804,Clouds,overcast clouds,04n
2025-07-22 03:47:39,Dong Nai-Bien Hoa,Bien Hoa,25.59,25.59,25.59,89.0,26.53,10000.0,0.0,100.0,2.63,6.38,213.0,1006.0,0,804,Clouds,overcast clouds,04n
2025-07-22 03:51:25,Dong Nai-Bien Hoa,Bien Hoa,25.59,25.59,25.59,89.0,26.53,10000.0,0.0,100.0,2.63,6.38,213.0,1006.0,0,804,Clouds,overcast clouds,04n
2025-07-22 03:55:10,Dong Nai-Bien Hoa,Bien Hoa,25.59,25.59,25.59,89.0,26.53,10000.0,0.0,100.0,2.63,6.38,213.0,1006.0,0,804,Clouds,overcast clouds,04n
2025-07-22 03:58:56,Dong Nai-Bien Hoa,Bien Hoa,25.59,25.0,25.59,89.0,26.53,10000.0,0.0,100.0,2.63,6.38,213.0,1006.0,0,804,Clouds,overcast clouds,04n
2025-07-22 04:02:42,Dong Nai-Bien Hoa,Bien Hoa,25.59,25.0,25.59,90.0,26.55,10000.0,0.0,100.0,2.63,6.38,213.0,1005.0,0,804,Clouds,overcast clouds,04n
2025-07-22 04:06:34,Dong Nai-Bien Hoa,Bien Hoa,25.59,25.0,25.59,90.0,26.55,10000.0,0.0,100.0,2.63,6.38,213.0,1005.0,0,804,Clouds,overcast clouds,04n
2025-07-22 04:10:20,Dong Nai-Bien Hoa,Bien Hoa,25.59,25.0,25.59,90.0,26.55,10000.0,0.0,100.0,2.63,6.38,213.0,1005.0,0,804,Clouds,overcast clouds,04n
2025-07-22 04:14:05,Dong Nai-Bien Hoa,Bien Hoa,25.59,25.0,25.59,90.0,26.55,10000.0,0.0,100.0,2.63,6.38,213.0,1005.0,0,804,Clouds,overcast clouds,04n
2025-07-22 04:17:52,Dong Nai-Bien Hoa,Bien Hoa,25.59,25.59,26.0,90.0,26.55,10000.0,0.0,100.0,2.63,6.38,213.0,1005.0,0,804,Clouds,overcast clouds,04n
2025-07-22 04:21:38,Dong Nai-Bien Hoa,Bien Hoa,25.59,25.59,26.0,90.0,26.55,10000.0,0.0,100.0,2.63,6.38,213.0,1005.0,0,804,Clouds,overcast clouds,04n
2025-07-22 04:25:23,Dong Nai-Bien Hoa,Bien Hoa,25.59,25.59,26.0,90.0,26.55,10000.0,0.0,100.0,2.63,6.38,213.0,1005.0,0,804,Clouds,overcast clouds,04n
2025-07-22 04:29:09,Dong Nai-Bien Hoa,Bien Hoa,25.59,25.59,26.0,90.0,26.55,10000.0,0.0,100.0,2.63,6.38,213.0,1005.0,0,804,Clouds,overcast clouds,04n
2025-07-22 04:32:55,Dong Nai-Bien Hoa,Bien Hoa,25.59,25.59,26.0,90.0,26.55,10000.0,0.0,100.0,2.63,6.38,213.0,1005.0,0,804,Clouds,overcast clouds,04n
2025-07-22 04:36:41,Dong Nai-Bien Hoa,Bien Hoa,25.59,25.59,26.0,91.0,26.58,10000.0,0.0,100.0,2.7,6.62,207.0,1005.0,0,804,Clouds,overcast clouds,04n
2025-07-22 04:40:27,Dong Nai-Bien Hoa,Bien Hoa,25.59,25.59,26.0,91.0,26.58,10000.0,0.0,100.0,2.7,6.62,207.0,1005.0,0,804,Clouds,overcast clouds,04n
2025-07-22 04:44:12,Dong Nai-Bien Hoa,Bien Hoa,25.59,25.59,26.0,91.0,26.58,10000.0,0.0,100.0,2.7,6.62,207.0,1005.0,0,804,Clouds,overcast clouds,04n
2025-07-22 04:47:57,Dong Nai-Bien Hoa,Bien Hoa,25.59,25.59,26.0,91.0,26.58,10000.0,0.0,100.0,2.7,6.62,207.0,1005.0,0,804,Clouds,overcast clouds,04n
2025-07-22 04:51:43,Dong Nai-Bien Hoa,Bien Hoa,25.59,25.59,26.0,91.0,26.58,10000.0,0.0,100.0,2.7,6.62,207.0,1005.0,0,804,Clouds,overcast clouds,04n
2025-07-22 04:55:28,Dong Nai-Bien Hoa,Bien Hoa,25.59,25.59,26.0,91.0,26.58,10000.0,0.0,100.0,2.7,6.62,207.0,1005.0,0,804,Clouds,overcast clouds,04n
2025-07-22 04:59:17,Dong Nai-Bien Hoa,Bien Hoa,25.59,25.59,26.0,91.0,26.58,10000.0,0.0,100.0,2.7,6.62,207.0,1005.0,0,804,Clouds,overcast clouds,04n
2025-07-22 05:03:02,Dong Nai-Bien Hoa,Bien Hoa,25.59,25.59,26.0,90.0,26.55,10000.0,0.0,100.0,2.7,6.62,207.0,1005.0,0,804,Clouds,overcast clouds,04n
2025-07-22 05:06:48,Dong Nai-Bien Hoa,Bien Hoa,25.59,25.59,26.0,90.0,26.55,10000.0,0.0,100.0,2.7,6.62,207.0,1005.0,0,804,Clouds,overcast clouds,04n
2025-07-22 05:10:33,Dong Nai-Bien Hoa,Bien Hoa,25.59,25.59,26.0,90.0,26.55,10000.0,0.0,100.0,2.7,6.62,207.0,1005.0,0,804,Clouds,overcast clouds,04n
2025-07-22 05:14:19,Dong Nai-Bien Hoa,Bien Hoa,25.59,25.59,26.0,90.0,26.55,10000.0,0.0,100.0,2.7,6.62,207.0,1005.0,0,804,Clouds,overcast clouds,04n
2025-07-22 05:18:05,Dong Nai-Bien Hoa,Bien Hoa,25.59,25.0,25.59,90.0,26.55,10000.0,0.0,100.0,2.7,6.62,207.0,1005.0,0,804,Clouds,overcast clouds,04n
2025-07-22 05:21:50,Dong Nai-Bien Hoa,Bien Hoa,25.59,25.0,25.59,90.0,26.55,10000.0,0.0,100.0,2.7,6.62,207.0,1005.0,0,804,Clouds,overcast clouds,04n
2025-07-22 05:25:36,Dong Nai-Bien Hoa,Bien Hoa,25.59,25.0,25.59,90.0,26.55,10000.0,0.0,100.0,2.7,6.62,207.0,1005.0,0,804,Clouds,overcast clouds,04n
2025-07-22 05:29:21,Dong Nai-Bien Hoa,Bien Hoa,25.59,25.0,25.59,90.0,26.55,10000.0,0.0,100.0,2.7,6.62,207.0,1005.0,0,804,Clouds,overcast clouds,04n
2025-07-22 05:33:07,Dong Nai-Bien Hoa,Bien Hoa,25.59,25.0,25.59,93.0,26.63,10000.0,0.0,89.0,2.55,6.97,205.0,1006.0,0,804,Clouds,overcast clouds,04n
2025-07-22 05:36:53,Dong Nai-Bien Hoa,Bien Hoa,25.59,25.0,25.59,93.0,26.63,10000.0,0.0,89.0,2.55,6.97,205.0,1006.0,0,804,Clouds,overcast clouds,04n
2025-07-22 05:40:38,Dong Nai-Bien Hoa,Bien Hoa,25.59,25.0,25.59,93.0,26.63,10000.0,0.0,89.0,2.55,6.97,205.0,1006.0,1,804,Clouds,overcast clouds,04n
2025-07-22 05:44:24,Dong Nai-Bien Hoa,Bien Hoa,25.59,25.0,25.59,93.0,26.63,10000.0,0.0,89.0,2.55,6.97,205.0,1006.0,1,804,Clouds,overcast clouds,04d
2025-07-22 05:48:09,Dong Nai-Bien Hoa,Bien Hoa,25.59,25.59,26.0,91.0,26.58,10000.0,0.0,89.0,2.55,6.97,205.0,1006.0,1,804,Clouds,overcast clouds,04d
2025-07-22 05:51:55,Dong Nai-Bien Hoa,Bien Hoa,25.59,25.59,26.0,91.0,26.58,10000.0,0.0,89.0,2.55,6.97,205.0,1006.0,1,804,Clouds,overcast clouds,04d
2025-07-22 05:55:40,Dong Nai-Bien Hoa,Bien Hoa,25.59,25.59,26.0,91.0,26.58,10000.0,0.0,89.0,2.55,6.97,205.0,1006.0,1,804,Clouds,overcast clouds,04d
2025-07-22 05:59:26,Dong Nai-Bien Hoa,Bien Hoa,25.59,25.59,26.0,91.0,26.58,10000.0,0.0,89.0,2.55,6.97,205.0,1006.0,1,804,Clouds,overcast clouds,04d
2025-07-22 06:03:12,Dong Nai-Bien Hoa,Bien Hoa,25.59,25.59,26.0,90.0,26.55,10000.0,0.0,89.0,2.55,6.97,205.0,1005.0,1,804,Clouds,overcast clouds,04d
2025-07-22 06:06:57,Dong Nai-Bien Hoa,Bien Hoa,25.59,25.59,26.0,91.0,26.58,10000.0,0.0,89.0,2.55,6.97,205.0,1006.0,1,804,Clouds,overcast clouds,04d
2025-07-22 06:10:42,Dong Nai-Bien Hoa,Bien Hoa,25.59,25.59,26.0,90.0,26.55,10000.0,0.0,89.0,2.55,6.97,205.0,1005.0,1,804,Clouds,overcast clouds,04d
2025-07-22 06:14:28,Dong Nai-Bien Hoa,Bien Hoa,25.59,25.59,26.0,90.0,26.55,10000.0,0.0,89.0,2.55,6.97,205.0,1005.0,1,804,Clouds,overcast clouds,04d
2025-07-22 06:18:14,Dong Nai-Bien Hoa,Bien Hoa,25.59,25.59,26.0,90.0,26.55,10000.0,0.0,89.0,2.55,6.97,205.0,1005.0,1,804,Clouds,overcast clouds,04d
2025-07-22 06:21:59,Dong Nai-Bien Hoa,Bien Hoa,25.59,25.59,26.0,90.0,26.55,10000.0,0.0,89.0,2.55,6.97,205.0,1005.0,1,804,Clouds,overcast clouds,04d
2025-07-22 06:25:44,Dong Nai-Bien Hoa,Bien Hoa,25.59,25.59,26.0,90.0,26.55,10000.0,0.0,89.0,2.55,6.97,205.0,1005.0,1,804,Clouds,overcast clouds,04d
2025-07-22 06:29:30,Dong Nai-Bien Hoa,Bien Hoa,26.14,26.0,26.14,91.0,26.14,10000.0,0.0,89.0,2.55,6.97,205.0,1005.0,1,804,Clouds,overcast clouds,04d
2025-07-22 06:33:15,Dong Nai-Bien Hoa,Bien Hoa,26.14,26.0,26.14,91.0,26.14,10000.0,0.0,89.0,2.55,6.97,205.0,1005.0,1,804,Clouds,overcast clouds,04d
2025-07-22 06:37:01,Dong Nai-Bien Hoa,Bien Hoa,26.14,26.0,26.14,91.0,26.14,10000.0,0.0,89.0,2.55,6.97,205.0,1005.0,1,804,Clouds,overcast clouds,04d
2025-07-22 06:40:47,Dong Nai-Bien Hoa,Bien Hoa,26.14,26.0,26.14,89.0,26.14,10000.0,0.0,90.0,3.32,10.03,217.0,1006.0,1,804,Clouds,overcast clouds,04d
2025-07-22 06:44:32,Dong Nai-Bien Hoa,Bien Hoa,26.14,26.0,26.14,89.0,26.14,10000.0,0.0,90.0,3.32,10.03,217.0,1006.0,1,804,Clouds,overcast clouds,04d
2025-07-22 06:48:17,Dong Nai-Bien Hoa,Bien Hoa,26.14,26.0,26.14,89.0,26.14,10000.0,0.0,90.0,3.32,10.03,217.0,1006.0,1,804,Clouds,overcast clouds,04d
2025-07-22 06:52:03,Dong Nai-Bien Hoa,Bien Hoa,26.14,26.0,26.14,90.0,26.14,10000.0,0.0,90.0,3.32,10.03,217.0,1007.0,1,804,Clouds,overcast clouds,04d
2025-07-22 06:55:48,Dong Nai-Bien Hoa,Bien Hoa,26.14,26.0,26.14,90.0,26.14,10000.0,0.0,90.0,3.32,10.03,217.0,1007.0,1,804,Clouds,overcast clouds,04d
2025-07-22 06:59:33,Dong Nai-Bien Hoa,Bien Hoa,26.14,26.0,26.14,90.0,26.14,10000.0,0.0,90.0,3.32,10.03,217.0,1007.0,1,804,Clouds,overcast clouds,04d
2025-07-22 07:03:19,Dong Nai-Bien Hoa,Bien Hoa,26.7,26.0,26.7,92.0,30.06,10000.0,0.0,90.0,3.32,10.03,217.0,1006.0,1,804,Clouds,overcast clouds,04d
2025-07-22 07:07:05,Dong Nai-Bien Hoa,Bien Hoa,26.7,26.0,26.7,92.0,30.06,10000.0,0.0,90.0,3.32,10.03,217.0,1006.0,1,804,Clouds,overcast clouds,04d
2025-07-22 07:10:50,Dong Nai-Bien Hoa,Bien Hoa,26.7,26.0,26.7,92.0,30.06,10000.0,0.0,90.0,3.32,10.03,217.0,1006.0,1,804,Clouds,overcast clouds,04d
2025-07-22 07:14:36,Dong Nai-Bien Hoa,Bien Hoa,26.7,26.0,26.7,92.0,30.06,10000.0,0.0,90.0,3.32,10.03,217.0,1006.0,1,804,Clouds,overcast clouds,04d
2025-07-22 07:18:21,Dong Nai-Bien Hoa,Bien Hoa,26.7,26.7,27.0,92.0,30.06,10000.0,0.0,90.0,3.32,10.03,217.0,1006.0,1,804,Clouds,overcast clouds,04d
2025-07-22 07:22:07,Dong Nai-Bien Hoa,Bien Hoa,26.7,26.7,27.0,92.0,30.06,10000.0,0.0,90.0,3.32,10.03,217.0,1006.0,1,804,Clouds,overcast clouds,04d
2025-07-22 07:25:53,Dong Nai-Bien Hoa,Bien Hoa,26.7,26.7,27.0,92.0,30.06,10000.0,0.0,90.0,3.32,10.03,217.0,1006.0,1,804,Clouds,overcast clouds,04d
2025-07-22 07:29:38,Dong Nai-Bien Hoa,Bien Hoa,26.7,26.7,27.0,92.0,30.06,10000.0,0.0,90.0,3.32,10.03,217.0,1006.0,1,804,Clouds,overcast clouds,04d
2025-07-22 07:33:24,Dong Nai-Bien Hoa,Bien Hoa,26.7,26.7,27.0,85.0,29.48,10000.0,0.0,93.0,5.44,10.04,235.0,1007.0,1,804,Clouds,overcast clouds,04d
2025-07-22 07:37:10,Dong Nai-Bien Hoa,Bien Hoa,26.7,26.7,27.0,85.0,29.48,10000.0,0.0,93.0,5.44,10.04,235.0,1007.0,1,804,Clouds,overcast clouds,04d
2025-07-22 07:40:55,Dong Nai-Bien Hoa,Bien Hoa,26.7,26.7,27.0,85.0,29.48,10000.0,0.0,93.0,5.44,10.04,235.0,1007.0,1,804,Clouds,overcast clouds,04d
2025-07-22 07:44:40,Dong Nai-Bien Hoa,Bien Hoa,26.7,26.7,27.0,85.0,29.48,10000.0,0.0,93.0,5.44,10.04,235.0,1007.0,1,804,Clouds,overcast clouds,04d
2025-07-22 07:48:26,Dong Nai-Bien Hoa,Bien Hoa,26.7,26.7,27.0,84.0,29.4,10000.0,0.0,93.0,5.44,10.04,235.0,1007.0,1,804,Clouds,overcast clouds,04d
2025-07-22 07:52:12,Dong Nai-Bien Hoa,Bien Hoa,26.7,26.7,27.0,85.0,29.48,10000.0,0.0,93.0,5.44,10.04,235.0,1007.0,1,804,Clouds,overcast clouds,04d
2025-07-22 07:55:57,Dong Nai-Bien Hoa,Bien Hoa,26.7,26.7,27.0,84.0,29.4,10000.0,0.0,93.0,5.44,10.04,235.0,1007.0,1,804,Clouds,overcast clouds,04d
2025-07-22 07:59:43,Dong Nai-Bien Hoa,Bien Hoa,27.25,27.0,27.25,84.0,30.75,10000.0,0.0,93.0,5.44,10.04,235.0,1007.0,1,804,Clouds,overcast clouds,04d
2025-07-22 08:03:29,Dong Nai-Bien Hoa,Bien Hoa,27.25,27.0,27.25,87.0,31.1,10000.0,0.0,93.0,5.44,10.04,235.0,1006.0,1,804,Clouds,overcast clouds,04d
2025-07-22 08:07:14,Dong Nai-Bien Hoa,Bien Hoa,27.25,27.0,27.25,84.0,30.75,10000.0,0.0,93.0,5.44,10.04,235.0,1007.0,1,804,Clouds,overcast clouds,04d
2025-07-22 08:11:00,Dong Nai-Bien Hoa,Bien Hoa,27.25,27.0,27.25,87.0,31.1,10000.0,0.0,93.0,5.44,10.04,235.0,1006.0,1,804,Clouds,overcast clouds,04d
2025-07-22 08:14:46,Dong Nai-Bien Hoa,Bien Hoa,27.25,27.0,27.25,87.0,31.1,10000.0,0.0,93.0,5.44,10.04,235.0,1006.0,1,804,Clouds,overcast clouds,04d
2025-07-22 08:18:31,Dong Nai-Bien Hoa,Bien Hoa,27.25,27.0,27.25,87.0,31.1,10000.0,0.0,93.0,5.44,10.04,235.0,1006.0,1,804,Clouds,overcast clouds,04d
2025-07-22 08:22:17,Dong Nai-Bien Hoa,Bien Hoa,27.81,27.0,27.81,87.0,32.67,10000.0,0.0,93.0,5.44,10.04,235.0,1006.0,1,804,Clouds,overcast clouds,04d
2025-07-22 08:26:03,Dong Nai-Bien Hoa,Bien Hoa,27.81,27.0,27.81,87.0,32.67,10000.0,0.0,93.0,5.44,10.04,235.0,1006.0,1,804,Clouds,overcast clouds,04d
2025-07-22 08:29:48,Dong Nai-Bien Hoa,Bien Hoa,27.81,27.0,27.81,87.0,32.67,10000.0,0.0,93.0,5.44,10.04,235.0,1006.0,1,804,Clouds,overcast clouds,04d
2025-07-22 08:33:33,Dong Nai-Bien Hoa,Bien Hoa,27.81,27.0,27.81,87.0,32.67,10000.0,0.0,93.0,5.44,10.04,235.0,1006.0,1,804,Clouds,overcast clouds,04d
2025-07-22 08:37:19,Dong Nai-Bien Hoa,Bien Hoa,28.92,27.0,28.92,80.0,34.52,10000.0,0.0,90.0,7.29,13.06,252.0,1007.0,1,804,Clouds,overcast clouds,04d
2025-07-22 08:41:05,Dong Nai-Bien Hoa,Bien Hoa,28.92,27.0,28.92,80.0,34.52,10000.0,0.0,90.0,7.29,13.06,252.0,1007.0,1,804,Clouds,overcast clouds,04d
2025-07-22 08:44:50,Dong Nai-Bien Hoa,Bien Hoa,28.92,27.0,28.92,80.0,34.52,10000.0,0.0,90.0,7.29,13.06,252.0,1007.0,1,804,Clouds,overcast clouds,04d
2025-07-22 08:48:36,Dong Nai-Bien Hoa,Bien Hoa,28.92,28.0,28.92,77.0,33.9,10000.0,0.0,90.0,7.29,13.06,252.0,1007.0,1,804,Clouds,overcast clouds,04d
2025-07-22 08:52:21,Dong Nai-Bien Hoa,Bien Hoa,28.92,28.0,28.92,77.0,33.9,10000.0,0.0,90.0,7.29,13.06,252.0,1007.0,1,804,Clouds,overcast clouds,04d
2025-07-22 08:56:06,Dong Nai-Bien Hoa,Bien Hoa,28.92,28.0,28.92,77.0,33.9,10000.0,0.0,90.0,7.29,13.06,252.0,1007.0,1,804,Clouds,overcast clouds,04d
2025-07-22 08:59:52,Dong Nai-Bien Hoa,Bien Hoa,30.03,28.0,30.03,77.0,36.92,10000.0,0.0,90.0,7.29,13.06,252.0,1007.0,1,804,Clouds,overcast clouds,04d
2025-07-22 09:03:38,Dong Nai-Bien Hoa,Bien Hoa,28.92,28.0,28.92,80.0,34.52,10000.0,0.0,90.0,7.29,13.06,252.0,1007.0,1,804,Clouds,overcast clouds,04d
2025-07-22 09:07:26,Dong Nai-Bien Hoa,Bien Hoa,29.47,28.0,29.47,80.0,36.08,10000.0,0.0,90.0,7.29,13.06,252.0,1007.0,1,804,Clouds,overcast clouds,04d
2025-07-22 09:11:13,Dong Nai-Bien Hoa,Bien Hoa,28.92,28.0,28.92,80.0,34.52,10000.0,0.0,90.0,7.29,13.06,252.0,1007.0,1,804,Clouds,overcast clouds,04d
2025-07-22 09:14:58,Dong Nai-Bien Hoa,Bien Hoa,29.47,28.0,29.47,80.0,36.08,10000.0,0.0,90.0,7.29,13.06,252.0,1007.0,1,804,Clouds,overcast clouds,04d
2025-07-22 09:18:44,Dong Nai-Bien Hoa,Bien Hoa,30.03,30.0,30.03,81.0,37.03,10000.0,0.0,90.0,7.29,13.06,252.0,1007.0,1,804,Clouds,overcast clouds,04d
2025-07-22 09:22:29,Dong Nai-Bien Hoa,Bien Hoa,30.03,30.0,30.03,81.0,37.03,10000.0,0.0,90.0,7.29,13.06,252.0,1007.0,1,804,Clouds,overcast clouds,04d
2025-07-22 09:26:14,Dong Nai-Bien Hoa,Bien Hoa,30.03,30.0,30.03,81.0,37.03,10000.0,0.0,90.0,7.29,13.06,252.0,1007.0,1,804,Clouds,overcast clouds,04d
2025-07-22 09:30:00,Dong Nai-Bien Hoa,Bien Hoa,30.03,30.0,30.03,72.0,35.61,10000.0,0.0,84.0,7.81,13.39,259.0,1007.0,1,803,Clouds,broken clouds,04d
2025-07-22 09:33:46,Dong Nai-Bien Hoa,Bien Hoa,30.03,30.0,30.03,72.0,35.61,10000.0,0.0,84.0,7.81,13.39,259.0,1007.0,1,803,Clouds,broken clouds,04d
2025-07-22 09:37:32,Dong Nai-Bien Hoa,Bien Hoa,30.03,30.0,30.03,71.0,35.36,10000.0,0.0,84.0,7.81,13.39,259.0,1007.0,1,803,Clouds,broken clouds,04d
2025-07-22 09:41:17,Dong Nai-Bien Hoa,Bien Hoa,30.03,30.0,30.03,71.0,35.36,10000.0,0.0,84.0,7.81,13.39,259.0,1007.0,1,803,Clouds,broken clouds,04d
2025-07-22 09:45:03,Dong Nai-Bien Hoa,Bien Hoa,30.03,30.0,30.03,71.0,35.36,10000.0,0.0,84.0,7.81,13.39,259.0,1007.0,1,803,Clouds,broken clouds,04d
2025-07-22 09:48:49,Dong Nai-Bien Hoa,Bien Hoa,30.03,30.0,30.03,69.0,34.87,10000.0,0.0,84.0,7.81,13.39,259.0,1007.0,1,803,Clouds,broken clouds,04d
2025-07-22 09:52:35,Dong Nai-Bien Hoa,Bien Hoa,30.03,30.0,30.03,69.0,34.87,10000.0,0.0,84.0,7.81,13.39,259.0,1007.0,1,803,Clouds,broken clouds,04d
2025-07-22 09:56:21,Dong Nai-Bien Hoa,Bien Hoa,30.03,30.0,30.03,69.0,34.87,10000.0,0.0,84.0,7.81,13.39,259.0,1007.0,1,803,Clouds,broken clouds,04d
2025-07-22 10:00:06,Dong Nai-Bien Hoa,Bien Hoa,30.03,30.0,30.03,69.0,34.87,10000.0,0.0,84.0,7.81,13.39,259.0,1007.0,1,803,Clouds,broken clouds,04d
2025-07-22 10:03:52,Dong Nai-Bien Hoa,Bien Hoa,30.59,30.0,30.59,74.0,37.59,10000.0,0.0,84.0,7.81,13.39,259.0,1006.0,1,803,Clouds,broken clouds,04d
2025-07-22 10:07:38,Dong Nai-Bien Hoa,Bien Hoa,30.59,30.0,30.59,74.0,37.59,10000.0,0.0,84.0,7.81,13.39,259.0,1006.0,1,803,Clouds,broken clouds,04d
2025-07-22 10:11:23,Dong Nai-Bien Hoa,Bien Hoa,30.59,30.0,30.59,74.0,37.59,10000.0,0.0,84.0,7.81,13.39,259.0,1006.0,1,803,Clouds,broken clouds,04d
2025-07-22 10:15:09,Dong Nai-Bien Hoa,Bien Hoa,30.59,30.0,30.59,74.0,37.59,10000.0,0.0,84.0,7.81,13.39,259.0,1006.0,1,803,Clouds,broken clouds,04d
2025-07-22 10:18:55,Dong Nai-Bien Hoa,Bien Hoa,30.59,30.59,31.0,73.0,37.37,10000.0,0.0,84.0,7.81,13.39,259.0,1006.0,1,803,Clouds,broken clouds,04d
2025-07-22 10:22:41,Dong Nai-Bien Hoa,Bien Hoa,31.14,31.0,31.14,73.0,38.14,10000.0,0.0,84.0,7.81,13.39,259.0,1006.0,1,803,Clouds,broken clouds,04d
2025-07-22 10:26:26,Dong Nai-Bien Hoa,Bien Hoa,30.59,30.59,31.0,73.0,37.37,10000.0,0.0,84.0,7.81,13.39,259.0,1006.0,1,803,Clouds,broken clouds,04d
2025-07-22 10:30:12,Dong Nai-Bien Hoa,Bien Hoa,31.14,31.0,31.14,68.0,37.37,10000.0,0.0,88.0,6.77,13.65,259.0,1006.0,1,804,Clouds,overcast clouds,04d
2025-07-22 10:33:58,Dong Nai-Bien Hoa,Bien Hoa,31.14,31.0,31.14,68.0,37.37,10000.0,0.0,88.0,6.77,13.65,259.0,1006.0,1,804,Clouds,overcast clouds,04d
2025-07-22 10:37:44,Dong Nai-Bien Hoa,Bien Hoa,30.59,30.59,31.0,67.0,35.71,10000.0,0.0,88.0,6.77,13.65,259.0,1006.0,1,804,Clouds,overcast clouds,04d
2025-07-22 10:41:29,Dong Nai-Bien Hoa,Bien Hoa,31.14,31.0,31.14,68.0,37.37,10000.0,0.0,88.0,6.77,13.65,259.0,1006.0,1,804,Clouds,overcast clouds,04d
2025-07-22 10:45:15,Dong Nai-Bien Hoa,Bien Hoa,31.14,31.0,31.14,67.0,37.07,10000.0,0.0,88.0,6.77,13.65,259.0,1006.0,1,804,Clouds,overcast clouds,04d
2025-07-22 10:49:02,Dong Nai-Bien Hoa,Bien Hoa,31.14,31.0,31.14,67.0,37.07,10000.0,0.0,88.0,6.77,13.65,259.0,1006.0,1,804,Clouds,overcast clouds,04d
2025-07-22 10:52:48,Dong Nai-Bien Hoa,Bien Hoa,31.14,31.0,31.14,67.0,37.07,10000.0,0.0,88.0,6.77,13.65,259.0,1006.0,1,804,Clouds,overcast clouds,04d
2025-07-22 10:56:33,Dong Nai-Bien Hoa,Bien Hoa,31.14,31.0,31.14,67.0,37.07,10000.0,0.0,88.0,6.77,13.65,259.0,1006.0,1,804,Clouds,overcast clouds,04d
2025-07-22 11:00:19,Dong Nai-Bien Hoa,Bien Hoa,31.14,31.0,31.14,67.0,37.07,10000.0,0.0,88.0,6.77,13.65,259.0,1006.0,1,804,Clouds,overcast clouds,04d
2025-07-22 11:04:05,Dong Nai-Bien Hoa,Bien Hoa,31.14,31.0,31.14,70.0,37.98,10000.0,0.0,88.0,6.77,13.65,259.0,1006.0,1,804,Clouds,overcast clouds,04d
2025-07-22 11:07:51,Dong Nai-Bien Hoa,Bien Hoa,31.14,31.0,31.14,70.0,37.98,10000.0,0.0,88.0,6.77,13.65,259.0,1006.0,1,804,Clouds,overcast clouds,04d
2025-07-22 11:11:37,Dong Nai-Bien Hoa,Bien Hoa,31.7,31.7,31.7,70.0,38.7,10000.0,0.0,88.0,6.77,13.65,259.0,1006.0,1,804,Clouds,overcast clouds,04d
2025-07-22 11:15:23,Dong Nai-Bien Hoa,Bien Hoa,31.7,31.7,31.7,70.0,38.7,10000.0,0.0,88.0,6.77,13.65,259.0,1006.0,1,804,Clouds,overcast clouds,04d
2025-07-22 11:19:08,Dong Nai-Bien Hoa,Bien Hoa,31.7,31.7,31.7,70.0,38.7,10000.0,0.0,88.0,6.77,13.65,259.0,1006.0,1,804,Clouds,overcast clouds,04d
2025-07-22 11:22:53,Dong Nai-Bien Hoa,Bien Hoa,31.14,31.0,31.14,68.0,37.37,10000.0,0.0,88.0,6.77,13.65,259.0,1006.0,1,804,Clouds,overcast clouds,04d
2025-07-22 11:26:39,Dong Nai-Bien Hoa,Bien Hoa,31.14,31.0,31.14,68.0,37.37,10000.0,0.0,88.0,6.77,13.65,259.0,1006.0,1,804,Clouds,overcast clouds,04d
2025-07-22 11:30:25,Dong Nai-Bien Hoa,Bien Hoa,31.14,31.0,31.14,68.0,37.37,10000.0,0.0,88.0,6.77,13.65,259.0,1006.0,1,804,Clouds,overcast clouds,04d
2025-07-22 11:34:11,Dong Nai-Bien Hoa,Bien Hoa,31.7,31.0,31.7,65.0,37.89,10000.0,0.0,90.0,5.98,11.45,257.0,1005.0,1,804,Clouds,overcast clouds,04d
2025-07-22 11:37:57,Dong Nai-Bien Hoa,Bien Hoa,31.7,31.0,31.7,65.0,37.89,10000.0,0.0,90.0,5.98,11.45,257.0,1005.0,1,804,Clouds,overcast clouds,04d
2025-07-22 11:41:43,Dong Nai-Bien Hoa,Bien Hoa,32.81,31.0,32.81,65.0,39.81,10000.0,0.0,90.0,5.98,11.45,257.0,1005.0,1,804,Clouds,overcast clouds,04d
2025-07-22 11:45:28,Dong Nai-Bien Hoa,Bien Hoa,32.81,31.0,32.81,65.0,39.81,10000.0,0.0,90.0,5.98,11.45,257.0,1005.0,1,804,Clouds,overcast clouds,04d
2025-07-22 11:49:14,Dong Nai-Bien Hoa,Bien Hoa,32.81,31.0,32.81,65.0,39.81,10000.0,0.0,90.0,5.98,11.45,257.0,1005.0,1,804,Clouds,overcast clouds,04d
2025-07-22 11:53:00,Dong Nai-Bien Hoa,Bien Hoa,30.59,30.59,31.0,64.0,34.95,10000.0,0.0,90.0,5.98,11.45,257.0,1005.0,1,804,Clouds,overcast clouds,04d
2025-07-22 11:56:46,Dong Nai-Bien Hoa,Bien Hoa,30.59,30.59,31.0,64.0,34.95,10000.0,0.0,90.0,5.98,11.45,257.0,1005.0,1,804,Clouds,overcast clouds,04d
2025-07-22 12:00:31,Dong Nai-Bien Hoa,Bien Hoa,30.59,30.59,31.0,64.0,34.95,10000.0,0.0,90.0,5.98,11.45,257.0,1005.0,1,804,Clouds,overcast clouds,04d
2025-07-22 12:04:17,Dong Nai-Bien Hoa,Bien Hoa,30.59,30.59,31.0,64.0,34.95,10000.0,0.0,90.0,5.98,11.45,257.0,1005.0,1,804,Clouds,overcast clouds,04d
2025-07-22 12:08:06,Dong Nai-Bien Hoa,Bien Hoa,31.7,31.0,31.7,70.0,38.7,10000.0,0.0,90.0,5.98,11.45,257.0,1005.0,1,804,Clouds,overcast clouds,04d
2025-07-22 12:11:55,Dong Nai-Bien Hoa,Bien Hoa,31.7,31.0,31.7,70.0,38.7,10000.0,0.0,90.0,5.98,11.45,257.0,1005.0,1,804,Clouds,overcast clouds,04d
2025-07-22 12:15:44,Dong Nai-Bien Hoa,Bien Hoa,31.7,31.0,31.7,70.0,38.7,10000.0,0.0,90.0,5.98,11.45,257.0,1005.0,1,804,Clouds,overcast clouds,04d
2025-07-22 12:19:32,Dong Nai-Bien Hoa,Bien Hoa,32.25,31.0,32.25,69.0,39.25,10000.0,0.0,90.0,5.98,11.45,257.0,1005.0,1,804,Clouds,overcast clouds,04d
2025-07-22 12:23:22,Dong Nai-Bien Hoa,Bien Hoa,32.25,31.0,32.25,69.0,39.25,10000.0,0.19,90.0,5.98,11.45,257.0,1005.0,1,500,Rain,light rain,10d
2025-07-22 12:27:11,Dong Nai-Bien Hoa,Bien Hoa,32.25,31.0,32.25,69.0,39.25,10000.0,0.0,90.0,5.98,11.45,257.0,1005.0,1,804,Clouds,overcast clouds,04d
2025-07-22 12:31:02,Dong Nai-Bien Hoa,Bien Hoa,32.25,31.0,32.25,62.0,38.31,10000.0,0.23,92.0,6.61,11.45,263.0,1005.0,1,500,Rain,light rain,10d
2025-07-22 12:34:51,Dong Nai-Bien Hoa,Bien Hoa,32.81,31.0,32.81,61.0,39.39,10000.0,0.0,92.0,6.61,11.45,263.0,1004.0,1,804,Clouds,overcast clouds,04d
2025-07-22 12:38:40,Dong Nai-Bien Hoa,Bien Hoa,32.81,31.0,32.81,61.0,39.39,10000.0,0.0,92.0,6.61,11.45,263.0,1004.0,1,804,Clouds,overcast clouds,04d
2025-07-22 12:42:28,Dong Nai-Bien Hoa,Bien Hoa,32.81,31.0,32.81,61.0,39.39,10000.0,0.0,92.0,6.61,11.45,263.0,1004.0,1,804,Clouds,overcast clouds,04d
2025-07-22 12:46:18,Dong Nai-Bien Hoa,Bien Hoa,32.81,32.0,32.81,59.0,38.69,10000.0,0.0,92.0,6.61,11.45,263.0,1004.0,1,804,Clouds,overcast clouds,04d
2025-07-22 12:50:09,Dong Nai-Bien Hoa,Bien Hoa,32.81,31.0,32.81,61.0,39.39,10000.0,0.0,92.0,6.61,11.45,263.0,1004.0,1,804,Clouds,overcast clouds,04d
2025-07-22 12:53:58,Dong Nai-Bien Hoa,Bien Hoa,33.92,32.0,33.92,59.0,40.92,10000.0,0.0,92.0,6.61,11.45,263.0,1004.0,1,804,Clouds,overcast clouds,04d
2025-07-22 12:57:49,Dong Nai-Bien Hoa,Bien Hoa,33.92,32.0,33.92,59.0,40.92,10000.0,0.0,92.0,6.61,11.45,263.0,1004.0,1,804,Clouds,overcast clouds,04d
2025-07-22 13:01:37,Dong Nai-Bien Hoa,Bien Hoa,33.92,32.0,33.92,59.0,40.92,10000.0,0.0,92.0,6.61,11.45,263.0,1004.0,1,804,Clouds,overcast clouds,04d
2025-07-22 13:05:32,Dong Nai-Bien Hoa,Bien Hoa,33.36,32.0,33.36,59.0,40.07,10000.0,0.0,100.0,7.21,12.31,260.0,1004.0,1,804,Clouds,overcast clouds,04d
2025-07-22 13:09:21,Dong Nai-Bien Hoa,Bien Hoa,33.36,32.0,33.36,59.0,40.07,10000.0,0.0,100.0,7.21,12.31,260.0,1004.0,1,804,Clouds,overcast clouds,04d
2025-07-22 13:13:11,Dong Nai-Bien Hoa,Bien Hoa,33.36,32.0,33.36,59.0,40.07,10000.0,0.0,100.0,7.21,12.31,260.0,1004.0,1,804,Clouds,overcast clouds,04d
2025-07-22 13:17:00,Dong Nai-Bien Hoa,Bien Hoa,33.36,32.0,33.36,59.0,40.07,10000.0,0.0,100.0,7.21,12.31,260.0,1004.0,1,804,Clouds,overcast clouds,04d
2025-07-22 13:20:49,Dong Nai-Bien Hoa,Bien Hoa,32.25,32.25,34.0,59.0,37.35,10000.0,0.0,100.0,7.21,12.31,260.0,1004.0,1,804,Clouds,overcast clouds,04d
2025-07-22 13:24:39,Dong Nai-Bien Hoa,Bien Hoa,32.25,32.25,34.0,59.0,37.35,10000.0,0.0,100.0,7.21,12.31,260.0,1004.0,1,804,Clouds,overcast clouds,04d
2025-07-22 13:28:28,Dong Nai-Bien Hoa,Bien Hoa,34.0,34.0,34.0,59.0,41.0,10000.0,0.0,100.0,7.21,12.31,260.0,1004.0,1,804,Clouds,overcast clouds,04d
2025-07-22 13:32:18,Dong Nai-Bien Hoa,Bien Hoa,34.0,34.0,34.0,52.0,39.08,10000.0,0.0,100.0,8.51,13.69,265.0,1003.0,1,804,Clouds,overcast clouds,04d
2025-07-22 13:36:09,Dong Nai-Bien Hoa,Bien Hoa,34.0,34.0,34.0,59.0,41.0,10000.0,0.0,100.0,7.21,12.31,260.0,1004.0,1,804,Clouds,overcast clouds,04d
2025-07-22 13:39:59,Dong Nai-Bien Hoa,Bien Hoa,34.0,34.0,34.0,52.0,39.08,10000.0,0.0,100.0,8.51,13.69,265.0,1003.0,1,804,Clouds,overcast clouds,04d
2025-07-22 13:43:49,Dong Nai-Bien Hoa,Bien Hoa,34.0,34.0,34.0,56.0,40.56,10000.0,0.0,100.0,8.51,13.69,265.0,1004.0,1,804,Clouds,overcast clouds,04d
2025-07-22 13:47:38,Dong Nai-Bien Hoa,Bien Hoa,32.81,29.0,32.81,55.0,37.39,10000.0,0.0,100.0,8.51,13.69,265.0,1003.0,1,804,Clouds,overcast clouds,04d
2025-07-22 13:51:27,Dong Nai-Bien Hoa,Bien Hoa,32.81,29.0,32.81,55.0,37.39,10000.0,0.0,100.0,8.51,13.69,265.0,1003.0,1,804,Clouds,overcast clouds,04d
2025-07-22 13:55:16,Dong Nai-Bien Hoa,Bien Hoa,32.81,29.0,32.81,55.0,37.39,10000.0,0.0,100.0,8.51,13.69,265.0,1003.0,1,804,Clouds,overcast clouds,04d
2025-07-22 13:59:08,Dong Nai-Bien Hoa,Bien Hoa,32.81,29.0,32.81,55.0,37.39,10000.0,0.0,100.0,8.51,13.69,265.0,1003.0,1,804,Clouds,overcast clouds,04d
2025-07-22 14:02:57,Dong Nai-Bien Hoa,Bien Hoa,32.81,29.0,32.81,60.0,39.04,10000.0,0.0,100.0,8.51,13.69,265.0,1003.0,1,804,Clouds,overcast clouds,04d
2025-07-22 14:06:46,Dong Nai-Bien Hoa,Bien Hoa,33.36,29.0,33.36,60.0,40.36,10000.0,0.0,100.0,8.51,13.69,265.0,1003.0,1,804,Clouds,overcast clouds,04d
2025-07-22 14:10:36,Dong Nai-Bien Hoa,Bien Hoa,32.81,29.0,32.81,60.0,39.04,10000.0,0.0,100.0,8.51,13.69,265.0,1003.0,1,804,Clouds,overcast clouds,04d
2025-07-22 14:14:25,Dong Nai-Bien Hoa,Bien Hoa,32.81,29.0,32.81,60.0,39.04,10000.0,0.0,100.0,8.51,13.69,265.0,1003.0,1,804,Clouds,overcast clouds,04d
2025-07-22 14:18:15,Dong Nai-Bien Hoa,Bien Hoa,32.81,29.0,32.81,60.0,39.04,10000.0,0.0,100.0,8.51,13.69,265.0,1003.0,1,804,Clouds,overcast clouds,04d
2025-07-22 14:22:06,Dong Nai-Bien Hoa,Bien Hoa,32.81,29.0,32.81,60.0,39.04,10000.0,0.0,100.0,8.51,13.69,265.0,1003.0,1,804,Clouds,overcast clouds,04d
2025-07-22 14:25:56,Dong Nai-Bien Hoa,Bien Hoa,32.81,29.0,32.81,60.0,39.04,10000.0,0.0,100.0,8.51,13.69,265.0,1003.0,1,804,Clouds,overcast clouds,04d
2025-07-22 14:29:46,Dong Nai-Bien Hoa,Bien Hoa,32.81,29.0,32.81,60.0,39.04,10000.0,0.0,100.0,8.51,13.69,265.0,1003.0,1,804,Clouds,overcast clouds,04d
2025-07-22 14:33:35,Dong Nai-Bien Hoa,Bien Hoa,32.81,32.0,32.81,59.0,38.69,10000.0,0.0,99.0,7.79,13.81,257.0,1003.0,1,804,Clouds,overcast clouds,04d
2025-07-22 14:37:25,Dong Nai-Bien Hoa,Bien Hoa,32.81,32.0,32.81,59.0,38.69,10000.0,0.0,99.0,7.79,13.81,257.0,1003.0,1,804,Clouds,overcast clouds,04d
2025-07-22 14:41:15,Dong Nai-Bien Hoa,Bien Hoa,32.81,32.0,32.81,59.0,38.69,10000.0,0.0,99.0,7.79,13.81,257.0,1003.0,1,804,Clouds,overcast clouds,04d
2025-07-22 14:45:05,Dong Nai-Bien Hoa,Bien Hoa,32.81,32.0,32.81,59.0,38.69,10000.0,0.0,99.0,7.79,13.81,257.0,1003.0,1,804,Clouds,overcast clouds,04d
2025-07-22 14:48:54,Dong Nai-Bien Hoa,Bien Hoa,32.81,32.0,32.81,58.0,38.36,10000.0,0.0,99.0,7.79,13.81,257.0,1003.0,1,804,Clouds,overcast clouds,04d
2025-07-22 14:52:42,Dong Nai-Bien Hoa,Bien Hoa,32.81,32.0,32.81,59.0,38.69,10000.0,0.0,99.0,7.79,13.81,257.0,1003.0,1,804,Clouds,overcast clouds,04d
2025-07-22 14:56:31,Dong Nai-Bien Hoa,Bien Hoa,32.81,32.0,32.81,58.0,38.36,10000.0,0.0,99.0,7.79,13.81,257.0,1003.0,1,804,Clouds,overcast clouds,04d
2025-07-22 15:00:20,Dong Nai-Bien Hoa,Bien Hoa,33.36,32.0,33.36,58.0,39.7,10000.0,0.0,99.0,7.79,13.81,257.0,1003.0,1,804,Clouds,overcast clouds,04d
2025-07-22 15:04:12,Dong Nai-Bien Hoa,Bien Hoa,33.36,32.0,33.36,63.0,40.36,10000.0,0.0,99.0,7.79,13.81,257.0,1002.0,1,804,Clouds,overcast clouds,04d
2025-07-22 15:08:02,Dong Nai-Bien Hoa,Bien Hoa,33.36,32.0,33.36,63.0,40.36,10000.0,0.0,99.0,7.79,13.81,257.0,1002.0,1,804,Clouds,overcast clouds,04d
2025-07-22 15:11:52,Dong Nai-Bien Hoa,Bien Hoa,32.81,32.0,32.81,63.0,39.81,10000.0,0.0,99.0,7.79,13.81,257.0,1002.0,1,804,Clouds,overcast clouds,04d
2025-07-22 15:15:43,Dong Nai-Bien Hoa,Bien Hoa,32.81,32.0,32.81,63.0,39.81,10000.0,0.0,99.0,7.79,13.81,257.0,1002.0,1,804,Clouds,overcast clouds,04d
2025-07-22 15:19:33,Dong Nai-Bien Hoa,Bien Hoa,32.25,32.0,32.25,64.0,38.98,10000.0,0.0,99.0,7.79,13.81,257.0,1002.0,1,804,Clouds,overcast clouds,04d
2025-07-22 15:23:23,Dong Nai-Bien Hoa,Bien Hoa,32.25,32.0,32.25,64.0,38.98,10000.0,0.0,99.0,7.79,13.81,257.0,1002.0,1,804,Clouds,overcast clouds,04d
2025-07-22 15:27:13,Dong Nai-Bien Hoa,Bien Hoa,32.25,32.0,32.25,64.0,38.98,10000.0,0.0,99.0,7.79,13.81,257.0,1002.0,1,804,Clouds,overcast clouds,04d
2025-07-22 15:31:03,Dong Nai-Bien Hoa,Bien Hoa,32.25,32.0,32.25,58.0,37.05,10000.0,0.0,99.0,7.79,12.47,246.0,1002.0,1,804,Clouds,overcast clouds,04d
2025-07-22 15:34:54,Dong Nai-Bien Hoa,Bien Hoa,32.25,32.0,32.25,58.0,37.05,10000.0,0.0,99.0,7.79,12.47,246.0,1002.0,1,804,Clouds,overcast clouds,04d
2025-07-22 15:38:44,Dong Nai-Bien Hoa,Bien Hoa,32.25,32.0,32.25,58.0,37.05,10000.0,0.0,99.0,7.79,12.47,246.0,1002.0,1,804,Clouds,overcast clouds,04d
2025-07-22 15:42:33,Dong Nai-Bien Hoa,Bien Hoa,32.81,32.0,32.81,58.0,38.36,10000.0,0.0,99.0,7.79,12.47,246.0,1002.0,1,804,Clouds,overcast clouds,04d
2025-07-22 15:46:29,Dong Nai-Bien Hoa,Bien Hoa,32.81,32.0,32.81,58.0,38.36,10000.0,0.0,99.0,7.79,12.47,246.0,1002.0,1,804,Clouds,overcast clouds,04d
2025-07-22 15:50:19,Dong Nai-Bien Hoa,Bien Hoa,32.81,32.0,32.81,58.0,38.36,10000.0,0.0,99.0,7.79,12.47,246.0,1002.0,1,804,Clouds,overcast clouds,04d
2025-07-22 15:54:09,Dong Nai-Bien Hoa,Bien Hoa,32.81,32.0,32.81,58.0,38.36,10000.0,0.0,99.0,7.79,12.47,246.0,1002.0,1,804,Clouds,overcast clouds,04d
2025-07-22 15:57:59,Dong Nai-Bien Hoa,Bien Hoa,32.81,32.0,32.81,58.0,38.36,10000.0,0.0,99.0,7.79,12.47,246.0,1002.0,1,804,Clouds,overcast clouds,04d
2025-07-22 16:01:49,Dong Nai-Bien Hoa,Bien Hoa,32.81,32.0,32.81,58.0,38.36,10000.0,0.0,99.0,7.79,12.47,246.0,1002.0,1,804,Clouds,overcast clouds,04d
2025-07-22 16:05:38,Dong Nai-Bien Hoa,Bien Hoa,32.25,32.0,32.25,64.0,38.98,10000.0,0.0,99.0,7.79,12.47,246.0,1002.0,1,804,Clouds,overcast clouds,04d
2025-07-22 16:09:28,Dong Nai-Bien Hoa,Bien Hoa,32.81,32.0,32.81,64.0,39.81,10000.0,0.0,99.0,7.79,12.47,246.0,1002.0,1,804,Clouds,overcast clouds,04d
2025-07-22 16:13:17,Dong Nai-Bien Hoa,Bien Hoa,32.81,32.0,32.81,64.0,39.81,10000.0,0.0,99.0,7.79,12.47,246.0,1002.0,1,804,Clouds,overcast clouds,04d
2025-07-22 16:17:08,Dong Nai-Bien Hoa,Bien Hoa,32.81,32.0,32.81,64.0,39.81,10000.0,0.0,99.0,7.79,12.47,246.0,1002.0,1,804,Clouds,overcast clouds,04d
2025-07-22 16:20:57,Dong Nai-Bien Hoa,Bien Hoa,32.81,32.0,32.81,64.0,39.81,10000.0,0.0,99.0,7.79,12.47,246.0,1002.0,1,804,Clouds,overcast clouds,04d
2025-07-22 16:24:46,Dong Nai-Bien Hoa,Bien Hoa,32.25,32.0,32.25,64.0,38.98,10000.0,0.0,99.0,7.79,12.47,246.0,1002.0,1,804,Clouds,overcast clouds,04d
2025-07-22 16:28:35,Dong Nai-Bien Hoa,Bien Hoa,32.25,32.0,32.25,64.0,38.98,10000.0,0.0,99.0,7.79,12.47,246.0,1002.0,1,804,Clouds,overcast clouds,04d
2025-07-22 16:32:25,Dong Nai-Bien Hoa,Bien Hoa,32.25,32.0,32.25,60.0,37.67,10000.0,0.0,99.0,7.21,12.18,243.0,1002.0,1,804,Clouds,overcast clouds,04d
2025-07-22 16:36:17,Dong Nai-Bien Hoa,Bien Hoa,32.25,32.0,32.25,60.0,37.67,10000.0,0.0,99.0,7.21,12.18,243.0,1002.0,1,804,Clouds,overcast clouds,04d
2025-07-22 16:40:09,Dong Nai-Bien Hoa,Bien Hoa,32.25,32.0,32.25,60.0,37.67,10000.0,0.0,99.0,7.21,12.18,243.0,1002.0,1,804,Clouds,overcast clouds,04d
2025-07-22 16:43:58,Dong Nai-Bien Hoa,Bien Hoa,31.7,31.7,32.0,60.0,36.38,10000.0,0.0,99.0,7.21,12.18,243.0,1002.0,1,804,Clouds,overcast clouds,04d
2025-07-22 16:47:47,Dong Nai-Bien Hoa,Bien Hoa,31.7,31.7,32.0,60.0,36.38,10000.0,0.0,99.0,7.21,12.18,243.0,1002.0,1,804,Clouds,overcast clouds,04d
2025-07-22 16:51:36,Dong Nai-Bien Hoa,Bien Hoa,31.7,31.7,32.0,60.0,36.38,10000.0,0.0,99.0,7.21,12.18,243.0,1002.0,1,804,Clouds,overcast clouds,04d
2025-07-22 16:55:25,Dong Nai-Bien Hoa,Bien Hoa,31.7,31.7,32.0,60.0,36.38,10000.0,0.0,99.0,7.21,12.18,243.0,1002.0,1,804,Clouds,overcast clouds,04d
2025-07-22 16:59:15,Dong Nai-Bien Hoa,Bien Hoa,31.7,31.7,32.0,60.0,36.38,10000.0,0.0,99.0,7.21,12.18,243.0,1002.0,1,804,Clouds,overcast clouds,04d
2025-07-22 17:03:06,Dong Nai-Bien Hoa,Bien Hoa,31.7,31.7,32.0,64.0,37.57,10000.0,0.0,99.0,7.21,12.18,243.0,1002.0,1,804,Clouds,overcast clouds,04d
2025-07-22 17:06:57,Dong Nai-Bien Hoa,Bien Hoa,31.7,31.7,32.0,60.0,36.38,10000.0,0.0,99.0,7.21,12.18,243.0,1002.0,1,804,Clouds,overcast clouds,04d
2025-07-22 17:10:48,Dong Nai-Bien Hoa,Bien Hoa,31.7,31.7,32.0,64.0,37.57,10000.0,0.0,99.0,7.21,12.18,243.0,1002.0,1,804,Clouds,overcast clouds,04d
2025-07-22 17:14:37,Dong Nai-Bien Hoa,Bien Hoa,31.7,31.7,32.0,64.0,37.57,10000.0,0.0,99.0,7.21,12.18,243.0,1002.0,1,804,Clouds,overcast clouds,04d
2025-07-22 17:18:25,Dong Nai-Bien Hoa,Bien Hoa,31.7,31.7,32.0,64.0,37.57,10000.0,0.0,99.0,7.21,12.18,243.0,1002.0,1,804,Clouds,overcast clouds,04d
2025-07-22 17:22:15,Dong Nai-Bien Hoa,Bien Hoa,31.7,31.7,32.0,64.0,37.57,10000.0,0.0,99.0,7.21,12.18,243.0,1002.0,1,804,Clouds,overcast clouds,04d
2025-07-22 17:26:05,Dong Nai-Bien Hoa,Bien Hoa,31.7,31.7,32.0,64.0,37.57,10000.0,0.0,99.0,7.21,12.18,243.0,1002.0,1,804,Clouds,overcast clouds,04d
2025-07-22 17:29:54,Dong Nai-Bien Hoa,Bien Hoa,31.7,31.7,32.0,64.0,37.57,10000.0,0.0,99.0,7.21,12.18,243.0,1002.0,1,804,Clouds,overcast clouds,04d
2025-07-22 17:33:45,Dong Nai-Bien Hoa,Bien Hoa,31.7,31.7,32.0,63.0,37.27,10000.0,0.0,99.0,6.44,12.2,245.0,1003.0,1,804,Clouds,overcast clouds,04d
2025-07-22 17:37:35,Dong Nai-Bien Hoa,Bien Hoa,31.7,31.7,32.0,64.0,37.57,10000.0,0.0,99.0,7.21,12.18,243.0,1002.0,1,804,Clouds,overcast clouds,04d
2025-07-22 17:41:26,Dong Nai-Bien Hoa,Bien Hoa,31.14,31.14,32.0,63.0,35.94,10000.0,0.0,99.0,6.44,12.2,245.0,1003.0,1,804,Clouds,overcast clouds,04d
2025-07-22 17:45:16,Dong Nai-Bien Hoa,Bien Hoa,31.14,31.14,32.0,63.0,35.94,10000.0,0.0,99.0,6.44,12.2,245.0,1003.0,1,804,Clouds,overcast clouds,04d
2025-07-22 17:49:08,Dong Nai-Bien Hoa,Bien Hoa,31.14,31.14,32.0,63.0,35.94,10000.0,0.0,99.0,6.44,12.2,245.0,1003.0,1,804,Clouds,overcast clouds,04d
2025-07-22 17:52:59,Dong Nai-Bien Hoa,Bien Hoa,31.14,31.0,31.14,63.0,35.94,10000.0,0.0,99.0,6.44,12.2,245.0,1003.0,1,804,Clouds,overcast clouds,04d
2025-07-22 17:56:50,Dong Nai-Bien Hoa,Bien Hoa,31.14,31.0,31.14,63.0,35.94,10000.0,0.0,99.0,6.44,12.2,245.0,1003.0,1,804,Clouds,overcast clouds,04d
2025-07-22 18:00:42,Dong Nai-Bien Hoa,Bien Hoa,31.14,31.0,31.14,63.0,35.94,10000.0,0.0,99.0,6.44,12.2,245.0,1003.0,1,804,Clouds,overcast clouds,04d
2025-07-22 18:04:32,Dong Nai-Bien Hoa,Bien Hoa,31.14,31.0,31.14,63.0,35.94,10000.0,0.0,99.0,6.44,12.2,245.0,1003.0,1,804,Clouds,overcast clouds,04d
2025-07-22 18:08:22,Dong Nai-Bien Hoa,Bien Hoa,31.14,31.0,31.14,63.0,35.94,10000.0,0.0,99.0,6.44,12.2,245.0,1003.0,1,804,Clouds,overcast clouds,04d
2025-07-22 18:12:13,Dong Nai-Bien Hoa,Bien Hoa,30.59,30.59,31.0,67.0,35.71,10000.0,0.0,99.0,6.44,12.2,245.0,1003.0,1,804,Clouds,overcast clouds,04d
2025-07-22 18:16:03,Dong Nai-Bien Hoa,Bien Hoa,30.59,30.59,31.0,67.0,35.71,10000.0,0.0,99.0,6.44,12.2,245.0,1003.0,1,804,Clouds,overcast clouds,04d
2025-07-22 18:19:52,Dong Nai-Bien Hoa,Bien Hoa,30.59,30.0,30.59,67.0,35.71,10000.0,0.0,99.0,6.44,12.2,245.0,1003.0,0,804,Clouds,overcast clouds,04n
2025-07-22 18:23:42,Dong Nai-Bien Hoa,Bien Hoa,30.59,30.0,30.59,67.0,35.71,10000.0,0.0,99.0,6.44,12.2,245.0,1003.0,0,804,Clouds,overcast clouds,04n
2025-07-22 18:27:31,Dong Nai-Bien Hoa,Bien Hoa,30.59,30.0,30.59,67.0,35.71,10000.0,0.0,99.0,6.44,12.2,245.0,1003.0,0,804,Clouds,overcast clouds,04n
2025-07-22 18:31:20,Dong Nai-Bien Hoa,Bien Hoa,30.59,30.0,30.59,65.0,35.2,10000.0,0.0,99.0,6.09,11.81,243.0,1004.0,0,804,Clouds,overcast clouds,04n
2025-07-22 18:35:12,Dong Nai-Bien Hoa,Bien Hoa,30.59,30.0,30.59,65.0,35.2,10000.0,0.0,99.0,6.09,11.81,243.0,1004.0,0,804,Clouds,overcast clouds,04n
2025-07-22 18:39:01,Dong Nai-Bien Hoa,Bien Hoa,30.59,30.0,30.59,65.0,35.2,10000.0,0.0,99.0,6.09,11.81,243.0,1004.0,0,804,Clouds,overcast clouds,04n
2025-07-22 18:42:51,Dong Nai-Bien Hoa,Bien Hoa,30.59,30.0,30.59,65.0,35.2,10000.0,0.0,99.0,6.09,11.81,243.0,1004.0,0,804,Clouds,overcast clouds,04n
2025-07-22 18:46:40,Dong Nai-Bien Hoa,Bien Hoa,30.59,30.0,30.59,65.0,35.2,10000.0,0.0,99.0,6.09,11.81,243.0,1004.0,0,804,Clouds,overcast clouds,04n
2025-07-22 18:50:29,Dong Nai-Bien Hoa,Bien Hoa,30.03,30.0,30.03,66.0,34.17,10000.0,0.0,99.0,7.26,12.76,245.0,1004.0,0,804,Clouds,overcast clouds,04n
2025-07-22 18:54:18,Dong Nai-Bien Hoa,Bien Hoa,30.03,30.0,30.03,66.0,34.17,10000.0,0.0,99.0,7.26,12.76,245.0,1004.0,0,804,Clouds,overcast clouds,04n
2025-07-22 18:58:09,Dong Nai-Bien Hoa,Bien Hoa,30.03,30.0,30.03,66.0,34.17,10000.0,0.0,99.0,7.26,12.76,245.0,1004.0,0,804,Clouds,overcast clouds,04n
2025-07-22 19:01:56,Dong Nai-Bien Hoa,Bien Hoa,30.03,30.0,30.03,66.0,34.17,10000.0,0.0,99.0,7.26,12.76,245.0,1004.0,0,804,Clouds,overcast clouds,04n
2025-07-22 19:05:42,Dong Nai-Bien Hoa,Bien Hoa,30.03,30.0,30.03,66.0,34.17,10000.0,0.0,99.0,7.26,12.76,245.0,1004.0,0,804,Clouds,overcast clouds,04n
2025-07-22 19:09:27,Dong Nai-Bien Hoa,Bien Hoa,30.03,30.0,30.03,66.0,34.17,10000.0,0.0,99.0,7.26,12.76,245.0,1004.0,0,804,Clouds,overcast clouds,04n
2025-07-22 19:13:13,Dong Nai-Bien Hoa,Bien Hoa,30.03,30.0,30.03,66.0,34.17,10000.0,0.0,99.0,7.26,12.76,245.0,1004.0,0,804,Clouds,overcast clouds,04n
2025-07-22 19:16:59,Dong Nai-Bien Hoa,Bien Hoa,30.03,30.0,30.03,66.0,34.17,10000.0,0.0,99.0,7.26,12.76,245.0,1004.0,0,804,Clouds,overcast clouds,04n
2025-07-22 19:20:44,Dong Nai-Bien Hoa,Bien Hoa,30.03,30.0,30.03,66.0,34.17,10000.0,0.0,99.0,7.26,12.76,245.0,1004.0,0,804,Clouds,overcast clouds,04n
2025-07-22 19:24:31,Dong Nai-Bien Hoa,Bien Hoa,30.03,30.0,30.03,66.0,34.17,10000.0,0.0,99.0,7.26,12.76,245.0,1004.0,0,804,Clouds,overcast clouds,04n
2025-07-22 19:28:17,Dong Nai-Bien Hoa,Bien Hoa,30.03,30.0,30.03,66.0,34.17,10000.0,0.0,99.0,7.26,12.76,245.0,1004.0,0,804,Clouds,overcast clouds,04n
2025-07-22 19:32:03,Dong Nai-Bien Hoa,Bien Hoa,30.03,30.0,30.03,68.0,34.63,10000.0,0.0,100.0,6.73,12.26,237.0,1005.0,0,804,Clouds,overcast clouds,04n
2025-07-22 19:35:48,Dong Nai-Bien Hoa,Bien Hoa,30.03,30.0,30.03,68.0,34.63,10000.0,0.0,100.0,6.73,12.26,237.0,1005.0,0,804,Clouds,overcast clouds,04n
2025-07-22 19:39:34,Dong Nai-Bien Hoa,Bien Hoa,29.47,29.47,30.0,68.0,33.37,10000.0,0.0,100.0,6.73,12.26,237.0,1005.0,0,804,Clouds,overcast clouds,04n
2025-07-22 19:43:20,Dong Nai-Bien Hoa,Bien Hoa,29.47,29.47,30.0,68.0,33.37,10000.0,0.0,100.0,6.73,12.26,237.0,1005.0,0,804,Clouds,overcast clouds,04n
2025-07-22 19:47:05,Dong Nai-Bien Hoa,Bien Hoa,29.47,29.47,30.0,68.0,33.37,10000.0,0.0,100.0,6.73,12.26,237.0,1005.0,0,804,Clouds,overcast clouds,04n
2025-07-22 19:50:51,Dong Nai-Bien Hoa,Bien Hoa,29.47,29.0,29.47,70.0,33.78,10000.0,0.0,100.0,6.73,12.26,237.0,1005.0,0,804,Clouds,overcast clouds,04n
2025-07-22 19:54:37,Dong Nai-Bien Hoa,Bien Hoa,29.47,29.0,29.47,70.0,33.78,10000.0,0.0,100.0,6.73,12.26,237.0,1005.0,0,804,Clouds,overcast clouds,04n
2025-07-22 19:58:23,Dong Nai-Bien Hoa,Bien Hoa,29.47,29.0,29.47,70.0,33.78,10000.0,0.0,100.0,6.73,12.26,237.0,1005.0,0,804,Clouds,overcast clouds,04n
2025-07-22 20:02:08,Dong Nai-Bien Hoa,Bien Hoa,29.47,29.0,29.47,73.0,34.43,10000.0,0.0,100.0,6.73,12.26,237.0,1004.0,0,804,Clouds,overcast clouds,04n
2025-07-22 20:05:54,Dong Nai-Bien Hoa,Bien Hoa,29.47,29.0,29.47,73.0,34.43,10000.0,0.0,100.0,6.73,12.26,237.0,1004.0,0,804,Clouds,overcast clouds,04n
2025-07-22 20:09:40,Dong Nai-Bien Hoa,Bien Hoa,29.47,29.0,29.47,73.0,34.43,10000.0,0.0,100.0,6.73,12.26,237.0,1004.0,0,804,Clouds,overcast clouds,04n
2025-07-22 20:13:26,Dong Nai-Bien Hoa,Bien Hoa,29.47,29.0,29.47,73.0,34.43,10000.0,0.0,100.0,6.73,12.26,237.0,1004.0,0,804,Clouds,overcast clouds,04n
2025-07-22 20:17:12,Dong Nai-Bien Hoa,Bien Hoa,29.47,29.0,29.47,72.0,34.21,10000.0,0.0,100.0,6.73,12.26,237.0,1004.0,0,804,Clouds,overcast clouds,04n
2025-07-22 20:20:58,Dong Nai-Bien Hoa,Bien Hoa,29.47,29.0,29.47,72.0,34.21,10000.0,0.0,100.0,6.73,12.26,237.0,1004.0,0,804,Clouds,overcast clouds,04n
2025-07-22 20:24:43,Dong Nai-Bien Hoa,Bien Hoa,29.47,29.0,29.47,72.0,34.21,10000.0,0.0,100.0,6.73,12.26,237.0,1004.0,0,804,Clouds,overcast clouds,04n
2025-07-22 20:28:29,Dong Nai-Bien Hoa,Bien Hoa,29.47,29.0,29.47,72.0,34.21,10000.0,0.0,100.0,6.73,12.26,237.0,1004.0,0,804,Clouds,overcast clouds,04n
2025-07-22 20:32:15,Dong Nai-Bien Hoa,Bien Hoa,29.47,29.0,29.47,72.0,34.21,10000.0,0.0,100.0,6.0,11.61,236.0,1006.0,0,804,Clouds,overcast clouds,04n
2025-07-22 20:36:00,Dong Nai-Bien Hoa,Bien Hoa,29.47,29.0,29.47,72.0,34.21,10000.0,0.0,100.0,6.0,11.61,236.0,1006.0,0,804,Clouds,overcast clouds,04n
2025-07-22 20:39:46,Dong Nai-Bien Hoa,Bien Hoa,28.92,28.92,29.0,72.0,32.92,10000.0,0.0,100.0,6.0,11.61,236.0,1006.0,0,804,Clouds,overcast clouds,04n
2025-07-22 20:43:32,Dong Nai-Bien Hoa,Bien Hoa,28.92,28.92,29.0,72.0,32.92,10000.0,0.0,100.0,6.0,11.61,236.0,1006.0,0,804,Clouds,overcast clouds,04n
2025-07-22 20:47:18,Dong Nai-Bien Hoa,Bien Hoa,28.92,28.92,29.0,72.0,32.92,10000.0,0.0,100.0,6.0,11.61,236.0,1006.0,0,804,Clouds,overcast clouds,04n
2025-07-22 20:51:04,Dong Nai-Bien Hoa,Bien Hoa,28.92,28.92,29.0,72.0,32.92,10000.0,0.0,100.0,6.0,11.61,236.0,1006.0,0,804,Clouds,overcast clouds,04n
2025-07-22 20:54:49,Dong Nai-Bien Hoa,Bien Hoa,28.92,28.92,29.0,72.0,32.92,10000.0,0.0,100.0,6.0,11.61,236.0,1006.0,0,804,Clouds,overcast clouds,04n
2025-07-22 20:58:35,Dong Nai-Bien Hoa,Bien Hoa,28.92,28.92,29.0,72.0,32.92,10000.0,0.0,100.0,6.0,11.61,236.0,1006.0,0,804,Clouds,overcast clouds,04n
2025-07-22 21:02:23,Dong Nai-Bien Hoa,Bien Hoa,28.92,28.92,29.0,73.0,33.11,10000.0,0.0,100.0,6.0,11.61,236.0,1005.0,0,804,Clouds,overcast clouds,04n
2025-07-22 21:06:09,Dong Nai-Bien Hoa,Bien Hoa,28.92,28.92,29.0,73.0,33.11,10000.0,0.0,100.0,6.0,11.61,236.0,1005.0,0,804,Clouds,overcast clouds,04n
2025-07-22 21:09:55,Dong Nai-Bien Hoa,Bien Hoa,28.92,28.92,29.0,73.0,33.11,10000.0,0.0,100.0,6.0,11.61,236.0,1005.0,0,804,Clouds,overcast clouds,04n
2025-07-22 21:13:41,Dong Nai-Bien Hoa,Bien Hoa,28.92,28.92,29.0,73.0,33.11,10000.0,0.0,100.0,6.0,11.61,236.0,1005.0,0,804,Clouds,overcast clouds,04n
2025-07-22 21:17:29,Dong Nai-Bien Hoa,Bien Hoa,28.92,28.92,29.0,73.0,33.11,10000.0,0.0,100.0,6.0,11.61,236.0,1005.0,0,804,Clouds,overcast clouds,04n
2025-07-22 21:21:15,Dong Nai-Bien Hoa,Bien Hoa,28.92,28.0,28.92,74.0,33.3,10000.0,0.0,100.0,6.0,11.61,236.0,1005.0,0,804,Clouds,overcast clouds,04n
2025-07-22 21:25:01,Dong Nai-Bien Hoa,Bien Hoa,28.92,28.0,28.92,74.0,33.3,10000.0,0.0,100.0,6.0,11.61,236.0,1005.0,0,804,Clouds,overcast clouds,04n
2025-07-22 21:28:47,Dong Nai-Bien Hoa,Bien Hoa,28.92,28.0,28.92,74.0,33.3,10000.0,0.0,100.0,6.0,11.61,236.0,1005.0,0,804,Clouds,overcast clouds,04n
2025-07-22 21:32:32,Dong Nai-Bien Hoa,Bien Hoa,28.92,28.0,28.92,74.0,33.3,10000.0,0.0,100.0,5.64,11.64,238.0,1006.0,0,804,Clouds,overcast clouds,04n
2025-07-22 21:36:18,Dong Nai-Bien Hoa,Bien Hoa,28.92,28.0,28.92,74.0,33.3,10000.0,0.0,100.0,5.64,11.64,238.0,1006.0,0,804,Clouds,overcast clouds,04n
2025-07-22 21:40:03,Dong Nai-Bien Hoa,Bien Hoa,28.92,28.0,28.92,74.0,33.3,10000.0,0.0,100.0,5.64,11.64,238.0,1006.0,0,804,Clouds,overcast clouds,04n
2025-07-22 21:43:49,Dong Nai-Bien Hoa,Bien Hoa,28.92,28.0,28.92,74.0,33.3,10000.0,0.0,100.0,5.64,11.64,238.0,1006.0,0,804,Clouds,overcast clouds,04n
2025-07-22 21:47:35,Dong Nai-Bien Hoa,Bien Hoa,28.92,28.0,28.92,74.0,33.3,10000.0,0.0,100.0,5.64,11.64,238.0,1006.0,0,804,Clouds,overcast clouds,04n
2025-07-22 21:51:24,Dong Nai-Bien Hoa,Bien Hoa,28.92,28.0,28.92,74.0,33.3,10000.0,0.0,100.0,5.64,11.64,238.0,1006.0,0,804,Clouds,overcast clouds,04n
2025-07-22 21:55:10,Dong Nai-Bien Hoa,Bien Hoa,28.92,28.0,28.92,74.0,33.3,10000.0,0.0,100.0,5.64,11.64,238.0,1006.0,0,804,Clouds,overcast clouds,04n
2025-07-22 21:58:56,Dong Nai-Bien Hoa,Bien Hoa,28.92,28.0,28.92,74.0,33.3,10000.0,0.0,100.0,5.64,11.64,238.0,1006.0,0,804,Clouds,overcast clouds,04n
2025-07-22 22:02:41,Dong Nai-Bien Hoa,Bien Hoa,28.92,28.0,28.92,74.0,33.3,10000.0,0.0,100.0,5.64,11.64,238.0,1006.0,0,804,Clouds,overcast clouds,04n
2025-07-22 22:06:31,Dong Nai-Bien Hoa,Bien Hoa,28.92,28.0,28.92,76.0,33.7,10000.0,0.0,100.0,5.64,11.64,238.0,1006.0,0,804,Clouds,overcast clouds,04n
2025-07-22 22:10:17,Dong Nai-Bien Hoa,Bien Hoa,28.92,28.0,28.92,76.0,33.7,10000.0,0.0,100.0,5.64,11.64,238.0,1006.0,0,804,Clouds,overcast clouds,04n
2025-07-22 22:14:02,Dong Nai-Bien Hoa,Bien Hoa,28.92,28.0,28.92,76.0,33.7,10000.0,0.0,100.0,5.64,11.64,238.0,1006.0,0,804,Clouds,overcast clouds,04n
2025-07-22 22:17:48,Dong Nai-Bien Hoa,Bien Hoa,28.92,28.0,28.92,76.0,33.7,10000.0,0.0,100.0,5.64,11.64,238.0,1006.0,0,804,Clouds,overcast clouds,04n
2025-07-22 22:21:34,Dong Nai-Bien Hoa,Bien Hoa,28.92,28.0,28.92,76.0,33.7,10000.0,0.0,100.0,5.64,11.64,238.0,1006.0,0,804,Clouds,overcast clouds,04n
2025-07-22 22:25:20,Dong Nai-Bien Hoa,Bien Hoa,28.92,28.0,28.92,76.0,33.7,10000.0,0.0,100.0,5.64,11.64,238.0,1006.0,0,804,Clouds,overcast clouds,04n
2025-07-22 22:29:06,Dong Nai-Bien Hoa,Bien Hoa,28.36,28.0,28.36,76.0,32.33,10000.0,0.0,100.0,5.64,11.64,238.0,1006.0,0,804,Clouds,overcast clouds,04n
2025-07-22 22:32:51,Dong Nai-Bien Hoa,Bien Hoa,28.36,28.0,28.36,76.0,32.33,10000.0,0.0,100.0,5.64,11.64,238.0,1006.0,0,804,Clouds,overcast clouds,04n
2025-07-22 22:36:36,Dong Nai-Bien Hoa,Bien Hoa,28.36,28.0,28.36,76.0,32.33,10000.0,0.0,100.0,5.64,11.64,238.0,1006.0,0,804,Clouds,overcast clouds,04n
2025-07-22 22:40:22,Dong Nai-Bien Hoa,Bien Hoa,28.36,28.0,28.36,75.0,32.17,10000.0,0.0,100.0,5.64,12.19,242.0,1007.0,0,804,Clouds,overcast clouds,04n
2025-07-22 22:44:08,Dong Nai-Bien Hoa,Bien Hoa,28.36,28.0,28.36,75.0,32.17,10000.0,0.0,100.0,5.64,12.19,242.0,1007.0,0,804,Clouds,overcast clouds,04n
2025-07-22 22:47:54,Dong Nai-Bien Hoa,Bien Hoa,28.36,28.0,28.36,75.0,32.17,10000.0,0.0,100.0,5.64,12.19,242.0,1007.0,0,804,Clouds,overcast clouds,04n
2025-07-22 22:51:40,Dong Nai-Bien Hoa,Bien Hoa,28.36,28.0,28.36,76.0,32.33,10000.0,0.0,100.0,5.64,12.19,242.0,1007.0,0,804,Clouds,overcast clouds,04n
2025-07-22 22:55:26,Dong Nai-Bien Hoa,Bien Hoa,28.36,28.0,28.36,76.0,32.33,10000.0,0.0,100.0,5.64,12.19,242.0,1007.0,0,804,Clouds,overcast clouds,04n
2025-07-22 22:59:11,Dong Nai-Bien Hoa,Bien Hoa,28.36,28.0,28.36,76.0,32.33,10000.0,0.0,100.0,5.64,12.19,242.0,1007.0,0,804,Clouds,overcast clouds,04n
2025-07-22 23:02:57,Dong Nai-Bien Hoa,Bien Hoa,28.36,28.0,28.36,78.0,32.67,10000.0,0.0,100.0,5.64,12.19,242.0,1006.0,0,804,Clouds,overcast clouds,04n
2025-07-22 23:06:43,Dong Nai-Bien Hoa,Bien Hoa,28.36,28.0,28.36,78.0,32.67,10000.0,0.0,100.0,5.64,12.19,242.0,1006.0,0,804,Clouds,overcast clouds,04n
2025-07-22 23:10:31,Dong Nai-Bien Hoa,Bien Hoa,28.36,28.0,28.36,78.0,32.67,10000.0,0.0,100.0,5.64,12.19,242.0,1006.0,0,804,Clouds,overcast clouds,04n
2025-07-22 23:14:20,Dong Nai-Bien Hoa,Bien Hoa,28.36,28.0,28.36,78.0,32.67,10000.0,0.0,100.0,5.64,12.19,242.0,1006.0,0,804,Clouds,overcast clouds,04n
2025-07-22 23:18:06,Dong Nai-Bien Hoa,Bien Hoa,28.36,28.0,28.36,78.0,32.67,10000.0,0.0,100.0,5.64,12.19,242.0,1006.0,0,804,Clouds,overcast clouds,04n
2025-07-22 23:21:54,Dong Nai-Bien Hoa,Bien Hoa,28.36,28.0,28.36,78.0,32.67,10000.0,0.0,100.0,5.64,12.19,242.0,1006.0,0,804,Clouds,overcast clouds,04n
2025-07-22 23:25:40,Dong Nai-Bien Hoa,Bien Hoa,28.36,28.0,28.36,78.0,32.67,10000.0,0.0,100.0,5.64,12.19,242.0,1006.0,0,804,Clouds,overcast clouds,04n
2025-07-22 23:29:26,Dong Nai-Bien Hoa,Bien Hoa,28.36,28.0,28.36,78.0,32.67,10000.0,0.0,100.0,5.64,12.19,242.0,1006.0,0,804,Clouds,overcast clouds,04n
2025-07-22 23:33:11,Dong Nai-Bien Hoa,Bien Hoa,28.36,28.0,28.36,78.0,32.67,10000.0,0.0,100.0,5.64,12.19,242.0,1006.0,0,804,Clouds,overcast clouds,04n
2025-07-22 23:36:57,Dong Nai-Bien Hoa,Bien Hoa,28.36,28.0,28.36,78.0,32.67,10000.0,0.0,100.0,5.64,12.19,242.0,1006.0,0,804,Clouds,overcast clouds,04n
2025-07-22 23:40:43,Dong Nai-Bien Hoa,Bien Hoa,28.36,28.36,28.36,78.0,32.67,10000.0,0.0,100.0,4.99,11.42,243.0,1006.0,0,804,Clouds,overcast clouds,04n
2025-07-22 23:44:34,Dong Nai-Bien Hoa,Bien Hoa,28.36,28.36,28.36,78.0,32.67,10000.0,0.0,100.0,4.99,11.42,243.0,1006.0,0,804,Clouds,overcast clouds,04n
2025-07-22 23:48:27,Dong Nai-Bien Hoa,Bien Hoa,28.36,28.36,28.36,78.0,32.67,10000.0,0.0,100.0,4.99,11.42,243.0,1006.0,0,804,Clouds,overcast clouds,04n
2025-07-22 23:52:20,Dong Nai-Bien Hoa,Bien Hoa,28.36,28.36,28.36,76.0,32.33,10000.0,0.0,100.0,4.99,11.42,243.0,1006.0,0,804,Clouds,overcast clouds,04n
2025-07-22 23:56:08,Dong Nai-Bien Hoa,Bien Hoa,28.36,28.36,28.36,76.0,32.33,10000.0,0.0,100.0,4.99,11.42,243.0,1006.0,0,804,Clouds,overcast clouds,04n
2025-07-23 00:00:00,Dong Nai-Bien Hoa,Bien Hoa,28.36,28.36,28.36,76.0,32.33,10000.0,0.0,100.0,4.99,11.42,243.0,1006.0,0,804,Clouds,overcast clouds,04n
2025-07-23 00:03:47,Dong Nai-Bien Hoa,Bien Hoa,28.36,28.36,28.36,76.0,32.33,10000.0,0.0,100.0,4.99,11.42,243.0,1006.0,0,804,Clouds,overcast clouds,04n
2025-07-23 00:07:39,Dong Nai-Bien Hoa,Bien Hoa,28.36,28.36,28.36,78.0,32.67,10000.0,0.0,100.0,4.99,11.42,243.0,1006.0,0,804,Clouds,overcast clouds,04n
2025-07-23 00:11:25,Dong Nai-Bien Hoa,Bien Hoa,28.36,28.36,28.36,78.0,32.67,10000.0,0.0,100.0,4.99,11.42,243.0,1006.0,0,804,Clouds,overcast clouds,04n
2025-07-23 00:15:11,Dong Nai-Bien Hoa,Bien Hoa,28.36,28.36,28.36,78.0,32.67,10000.0,0.0,100.0,4.99,11.42,243.0,1006.0,0,804,Clouds,overcast clouds,04n
2025-07-23 00:18:56,Dong Nai-Bien Hoa,Bien Hoa,28.36,28.36,28.36,78.0,32.67,10000.0,0.0,100.0,4.99,11.42,243.0,1006.0,0,804,Clouds,overcast clouds,04n
2025-07-23 00:22:42,Dong Nai-Bien Hoa,Bien Hoa,28.36,28.36,28.36,78.0,32.67,10000.0,0.0,100.0,4.99,11.42,243.0,1006.0,0,804,Clouds,overcast clouds,04n
2025-07-23 00:26:29,Dong Nai-Bien Hoa,Bien Hoa,27.81,27.81,28.0,78.0,31.35,10000.0,0.0,100.0,4.99,11.42,243.0,1006.0,0,804,Clouds,overcast clouds,04n
2025-07-23 00:30:15,Dong Nai-Bien Hoa,Bien Hoa,27.81,27.81,28.0,78.0,31.35,10000.0,0.0,100.0,4.99,11.42,243.0,1006.0,0,804,Clouds,overcast clouds,04n
2025-07-23 00:34:01,Dong Nai-Bien Hoa,Bien Hoa,27.81,27.81,28.0,80.0,31.63,10000.0,0.0,92.0,4.35,11.05,251.0,1006.0,0,804,Clouds,overcast clouds,04n
2025-07-23 00:37:47,Dong Nai-Bien Hoa,Bien Hoa,27.81,27.81,28.0,80.0,31.63,10000.0,0.0,92.0,4.35,11.05,251.0,1006.0,0,804,Clouds,overcast clouds,04n
2025-07-23 00:41:32,Dong Nai-Bien Hoa,Bien Hoa,27.81,27.81,28.0,80.0,31.63,10000.0,0.0,92.0,4.35,11.05,251.0,1006.0,0,804,Clouds,overcast clouds,04n
2025-07-23 00:45:19,Dong Nai-Bien Hoa,Bien Hoa,27.81,27.81,28.0,80.0,31.63,10000.0,0.0,92.0,4.35,11.05,251.0,1006.0,0,804,Clouds,overcast clouds,04n
2025-07-23 00:49:06,Dong Nai-Bien Hoa,Bien Hoa,27.81,27.81,28.0,80.0,31.63,10000.0,0.0,92.0,4.35,11.05,251.0,1006.0,0,804,Clouds,overcast clouds,04n
2025-07-23 00:52:52,Dong Nai-Bien Hoa,Bien Hoa,27.81,27.81,28.0,80.0,31.63,10000.0,0.0,100.0,4.24,10.63,241.0,1006.0,0,804,Clouds,overcast clouds,04n
2025-07-23 00:56:38,Dong Nai-Bien Hoa,Bien Hoa,27.81,27.81,28.0,80.0,31.63,10000.0,0.0,100.0,4.24,10.63,241.0,1006.0,0,804,Clouds,overcast clouds,04n
2025-07-23 01:00:24,Dong Nai-Bien Hoa,Bien Hoa,27.81,27.81,28.0,80.0,31.63,10000.0,0.0,100.0,4.24,10.63,241.0,1006.0,0,804,Clouds,overcast clouds,04n
2025-07-23 01:04:09,Dong Nai-Bien Hoa,Bien Hoa,27.81,27.81,28.0,80.0,31.63,10000.0,0.0,100.0,4.24,10.63,241.0,1006.0,0,804,Clouds,overcast clouds,04n
2025-07-23 01:07:56,Dong Nai-Bien Hoa,Bien Hoa,27.81,27.81,28.0,80.0,31.63,10000.0,0.0,100.0,4.24,10.63,241.0,1006.0,0,804,Clouds,overcast clouds,04n
2025-07-23 01:11:43,Dong Nai-Bien Hoa,Bien Hoa,27.81,27.81,28.0,80.0,31.63,10000.0,0.0,100.0,4.24,10.63,241.0,1006.0,0,804,Clouds,overcast clouds,04n
2025-07-23 01:15:30,Dong Nai-Bien Hoa,Bien Hoa,27.81,27.81,28.0,80.0,31.63,10000.0,0.0,100.0,4.24,10.63,241.0,1006.0,0,804,Clouds,overcast clouds,04n
2025-07-23 01:19:18,Dong Nai-Bien Hoa,Bien Hoa,27.81,27.81,28.0,80.0,31.63,10000.0,0.0,100.0,4.24,10.63,241.0,1006.0,0,804,Clouds,overcast clouds,04n
2025-07-23 01:23:05,Dong Nai-Bien Hoa,Bien Hoa,27.81,27.81,28.0,80.0,31.63,10000.0,0.0,100.0,4.24,10.63,241.0,1006.0,0,804,Clouds,overcast clouds,04n
2025-07-23 01:26:51,Dong Nai-Bien Hoa,Bien Hoa,27.81,27.81,28.0,80.0,31.63,10000.0,0.0,100.0,4.24,10.63,241.0,1006.0,0,804,Clouds,overcast clouds,04n
2025-07-23 01:30:46,Dong Nai-Bien Hoa,Bien Hoa,27.81,27.81,28.0,82.0,31.92,10000.0,0.0,49.0,3.93,10.46,238.0,1006.0,0,802,Clouds,scattered clouds,03n
2025-07-23 01:34:32,Dong Nai-Bien Hoa,Bien Hoa,27.81,27.81,28.0,82.0,31.92,10000.0,0.0,49.0,3.93,10.46,238.0,1006.0,0,802,Clouds,scattered clouds,03n
2025-07-23 01:38:17,Dong Nai-Bien Hoa,Bien Hoa,27.81,27.81,28.0,82.0,31.92,10000.0,0.0,49.0,3.93,10.46,238.0,1006.0,0,802,Clouds,scattered clouds,03n
2025-07-23 01:42:04,Dong Nai-Bien Hoa,Bien Hoa,27.81,27.81,28.0,83.0,32.07,10000.0,0.0,49.0,3.93,10.46,238.0,1005.0,0,802,Clouds,scattered clouds,03n
2025-07-23 01:45:50,Dong Nai-Bien Hoa,Bien Hoa,27.81,27.81,28.0,83.0,32.07,10000.0,0.0,49.0,3.93,10.46,238.0,1005.0,0,802,Clouds,scattered clouds,03n
2025-07-23 01:49:35,Dong Nai-Bien Hoa,Bien Hoa,27.81,27.81,28.0,83.0,32.07,10000.0,0.0,49.0,3.93,10.46,238.0,1005.0,0,802,Clouds,scattered clouds,03n
2025-07-23 01:53:21,Dong Nai-Bien Hoa,Bien Hoa,27.81,27.81,28.0,83.0,32.07,10000.0,0.0,49.0,3.93,10.46,238.0,1005.0,0,802,Clouds,scattered clouds,03n
2025-07-23 01:57:07,Dong Nai-Bien Hoa,Bien Hoa,27.81,27.0,27.81,83.0,32.07,10000.0,0.0,49.0,3.93,10.46,238.0,1005.0,0,802,Clouds,scattered clouds,03n
2025-07-23 02:00:53,Dong Nai-Bien Hoa,Bien Hoa,27.81,27.0,27.81,83.0,32.07,10000.0,0.0,49.0,3.93,10.46,238.0,1005.0,0,802,Clouds,scattered clouds,03n
2025-07-23 02:04:38,Dong Nai-Bien Hoa,Bien Hoa,27.81,27.0,27.81,83.0,32.07,10000.0,0.0,49.0,3.93,10.46,238.0,1005.0,0,802,Clouds,scattered clouds,03n
2025-07-23 02:08:24,Dong Nai-Bien Hoa,Bien Hoa,27.81,27.0,27.81,86.0,32.52,10000.0,0.0,49.0,3.93,10.46,238.0,1005.0,0,802,Clouds,scattered clouds,03n
2025-07-23 02:12:11,Dong Nai-Bien Hoa,Bien Hoa,27.81,27.0,27.81,86.0,32.52,10000.0,0.0,49.0,3.93,10.46,238.0,1005.0,0,802,Clouds,scattered clouds,03n
2025-07-23 02:15:57,Dong Nai-Bien Hoa,Bien Hoa,27.81,27.0,27.81,86.0,32.52,10000.0,0.0,49.0,3.93,10.46,238.0,1005.0,0,802,Clouds,scattered clouds,03n
2025-07-23 02:19:43,Dong Nai-Bien Hoa,Bien Hoa,27.25,27.0,27.25,87.0,31.1,10000.0,0.0,49.0,3.93,10.46,238.0,1005.0,0,802,Clouds,scattered clouds,03n
2025-07-23 02:23:29,Dong Nai-Bien Hoa,Bien Hoa,27.81,27.0,27.81,87.0,32.67,10000.0,0.0,49.0,3.93,10.46,238.0,1005.0,0,802,Clouds,scattered clouds,03n
2025-07-23 02:27:15,Dong Nai-Bien Hoa,Bien Hoa,27.81,27.0,27.81,87.0,32.67,10000.0,0.0,49.0,3.93,10.46,238.0,1005.0,0,802,Clouds,scattered clouds,03n
2025-07-23 02:31:01,Dong Nai-Bien Hoa,Bien Hoa,27.25,27.0,27.25,86.0,30.98,10000.0,0.0,73.0,3.44,9.76,228.0,1005.0,0,803,Clouds,broken clouds,04n
2025-07-23 02:34:47,Dong Nai-Bien Hoa,Bien Hoa,27.25,27.0,27.25,86.0,30.98,10000.0,0.0,73.0,3.44,9.76,228.0,1005.0,0,803,Clouds,broken clouds,04n
2025-07-23 02:38:32,Dong Nai-Bien Hoa,Bien Hoa,27.25,27.0,27.25,86.0,30.98,10000.0,0.0,73.0,3.44,9.76,228.0,1005.0,0,803,Clouds,broken clouds,04n
2025-07-23 02:42:19,Dong Nai-Bien Hoa,Bien Hoa,27.25,27.0,27.25,86.0,30.98,10000.0,0.0,73.0,3.44,9.76,228.0,1005.0,0,803,Clouds,broken clouds,04n
2025-07-23 02:46:06,Dong Nai-Bien Hoa,Bien Hoa,27.25,27.0,27.25,86.0,30.98,10000.0,0.0,73.0,3.44,9.76,228.0,1005.0,0,803,Clouds,broken clouds,04n
2025-07-23 02:49:53,Dong Nai-Bien Hoa,Bien Hoa,27.25,27.0,27.25,86.0,30.98,10000.0,0.0,73.0,3.44,9.76,228.0,1005.0,0,803,Clouds,broken clouds,04n
2025-07-23 02:53:39,Dong Nai-Bien Hoa,Bien Hoa,27.25,27.0,27.25,86.0,30.98,10000.0,0.0,73.0,3.44,9.76,228.0,1005.0,0,803,Clouds,broken clouds,04n
2025-07-23 02:57:25,Dong Nai-Bien Hoa,Bien Hoa,27.25,27.0,27.25,86.0,30.98,10000.0,0.0,73.0,3.44,9.76,228.0,1005.0,0,803,Clouds,broken clouds,04n
2025-07-23 03:01:11,Dong Nai-Bien Hoa,Bien Hoa,27.25,27.0,27.25,86.0,30.98,10000.0,0.0,73.0,3.44,9.76,228.0,1005.0,0,803,Clouds,broken clouds,04n
2025-07-23 03:04:57,Dong Nai-Bien Hoa,Bien Hoa,27.25,27.0,27.25,87.0,31.1,10000.0,0.0,73.0,3.44,9.76,228.0,1005.0,0,803,Clouds,broken clouds,04n
2025-07-23 03:08:43,Dong Nai-Bien Hoa,Bien Hoa,27.25,27.0,27.25,87.0,31.1,10000.0,0.0,73.0,3.44,9.76,228.0,1005.0,0,803,Clouds,broken clouds,04n
2025-07-23 03:12:29,Dong Nai-Bien Hoa,Bien Hoa,27.25,27.0,27.25,87.0,31.1,10000.0,0.0,73.0,3.44,9.76,228.0,1005.0,0,803,Clouds,broken clouds,04n
2025-07-23 03:16:15,Dong Nai-Bien Hoa,Bien Hoa,27.25,27.0,27.25,87.0,31.1,10000.0,0.0,73.0,3.44,9.76,228.0,1005.0,0,803,Clouds,broken clouds,04n
2025-07-23 03:20:02,Dong Nai-Bien Hoa,Bien Hoa,27.25,27.0,27.25,87.0,31.1,10000.0,0.0,73.0,3.44,9.76,228.0,1005.0,0,803,Clouds,broken clouds,04n
2025-07-23 03:23:48,Dong Nai-Bien Hoa,Bien Hoa,27.25,27.0,27.25,87.0,31.1,10000.0,0.0,73.0,3.44,9.76,228.0,1005.0,0,803,Clouds,broken clouds,04n
2025-07-23 03:27:34,Dong Nai-Bien Hoa,Bien Hoa,27.25,27.0,27.25,87.0,31.1,10000.0,0.0,73.0,3.44,9.76,228.0,1005.0,0,803,Clouds,broken clouds,04n
2025-07-23 03:31:20,Dong Nai-Bien Hoa,Bien Hoa,27.25,27.0,27.25,87.0,31.1,10000.0,0.0,73.0,3.44,9.76,228.0,1005.0,0,803,Clouds,broken clouds,04n
2025-07-23 03:35:07,Dong Nai-Bien Hoa,Bien Hoa,27.25,27.0,27.25,87.0,31.1,10000.0,0.0,73.0,3.44,9.76,228.0,1005.0,0,803,Clouds,broken clouds,04n
2025-07-23 03:38:53,Dong Nai-Bien Hoa,Bien Hoa,27.25,27.0,27.25,87.0,31.1,10000.0,0.0,83.0,3.57,10.13,228.0,1005.0,0,803,Clouds,broken clouds,04n
2025-07-23 03:42:40,Dong Nai-Bien Hoa,Bien Hoa,27.25,27.0,27.25,87.0,31.1,10000.0,0.0,83.0,3.57,10.13,228.0,1005.0,0,803,Clouds,broken clouds,04n
2025-07-23 03:46:26,Dong Nai-Bien Hoa,Bien Hoa,27.25,27.0,27.25,87.0,31.1,10000.0,0.0,83.0,3.57,10.13,228.0,1005.0,0,803,Clouds,broken clouds,04n
2025-07-23 03:50:13,Dong Nai-Bien Hoa,Bien Hoa,27.25,27.0,27.25,87.0,31.1,10000.0,0.0,83.0,3.57,10.13,228.0,1005.0,0,803,Clouds,broken clouds,04n
2025-07-23 03:53:58,Dong Nai-Bien Hoa,Bien Hoa,27.25,27.0,27.25,87.0,31.1,10000.0,0.0,83.0,3.57,10.13,228.0,1005.0,0,803,Clouds,broken clouds,04n
2025-07-23 03:57:44,Dong Nai-Bien Hoa,Bien Hoa,27.25,27.0,27.25,87.0,31.1,10000.0,0.0,83.0,3.57,10.13,228.0,1005.0,0,803,Clouds,broken clouds,04n
2025-07-23 04:01:30,Dong Nai-Bien Hoa,Bien Hoa,27.25,27.0,27.25,87.0,31.1,10000.0,0.0,83.0,3.57,10.13,228.0,1005.0,0,803,Clouds,broken clouds,04n
2025-07-23 04:05:15,Dong Nai-Bien Hoa,Bien Hoa,27.25,27.0,27.25,87.0,31.1,10000.0,0.0,83.0,3.57,10.13,228.0,1004.0,0,803,Clouds,broken clouds,04n
2025-07-23 04:09:02,Dong Nai-Bien Hoa,Bien Hoa,27.25,27.0,27.25,87.0,31.1,10000.0,0.0,83.0,3.57,10.13,228.0,1004.0,0,803,Clouds,broken clouds,04n
2025-07-23 04:12:47,Dong Nai-Bien Hoa,Bien Hoa,27.25,27.0,27.25,87.0,31.1,10000.0,0.0,83.0,3.57,10.13,228.0,1004.0,0,803,Clouds,broken clouds,04n
2025-07-23 04:16:33,Dong Nai-Bien Hoa,Bien Hoa,27.25,27.0,27.25,88.0,31.22,10000.0,0.0,83.0,3.57,10.13,228.0,1004.0,0,803,Clouds,broken clouds,04n
2025-07-23 04:20:19,Dong Nai-Bien Hoa,Bien Hoa,27.25,27.0,27.25,88.0,31.22,10000.0,0.0,83.0,3.57,10.13,228.0,1004.0,0,803,Clouds,broken clouds,04n
2025-07-23 04:24:05,Dong Nai-Bien Hoa,Bien Hoa,27.25,27.0,27.25,88.0,31.22,10000.0,0.0,83.0,3.57,10.13,228.0,1004.0,0,803,Clouds,broken clouds,04n
2025-07-23 04:27:51,Dong Nai-Bien Hoa,Bien Hoa,27.25,27.0,27.25,88.0,31.22,10000.0,0.0,83.0,3.57,10.13,228.0,1004.0,0,803,Clouds,broken clouds,04n
2025-07-23 04:31:38,Dong Nai-Bien Hoa,Bien Hoa,27.25,27.0,27.25,88.0,31.22,10000.0,0.0,88.0,3.03,9.17,226.0,1005.0,0,804,Clouds,overcast clouds,04n
2025-07-23 04:35:23,Dong Nai-Bien Hoa,Bien Hoa,27.25,27.0,27.25,88.0,31.22,10000.0,0.0,88.0,3.03,9.17,226.0,1005.0,0,804,Clouds,overcast clouds,04n
2025-07-23 04:39:09,Dong Nai-Bien Hoa,Bien Hoa,27.25,27.0,27.25,88.0,31.22,10000.0,0.0,88.0,3.03,9.17,226.0,1005.0,0,804,Clouds,overcast clouds,04n
2025-07-23 04:42:56,Dong Nai-Bien Hoa,Bien Hoa,27.25,27.0,27.25,88.0,31.22,10000.0,0.0,88.0,3.03,9.17,226.0,1005.0,0,804,Clouds,overcast clouds,04n
2025-07-23 04:46:41,Dong Nai-Bien Hoa,Bien Hoa,27.25,27.0,27.25,88.0,31.22,10000.0,0.0,88.0,3.03,9.17,226.0,1005.0,0,804,Clouds,overcast clouds,04n
2025-07-23 04:50:27,Dong Nai-Bien Hoa,Bien Hoa,27.25,27.0,27.25,87.0,31.1,10000.0,0.0,88.0,3.03,9.17,226.0,1005.0,0,804,Clouds,overcast clouds,04n
2025-07-23 04:54:13,Dong Nai-Bien Hoa,Bien Hoa,27.25,27.0,27.25,87.0,31.1,10000.0,0.0,88.0,3.03,9.17,226.0,1005.0,0,804,Clouds,overcast clouds,04n
2025-07-23 04:57:59,Dong Nai-Bien Hoa,Bien Hoa,27.25,27.0,27.25,87.0,31.1,10000.0,0.0,88.0,3.03,9.17,226.0,1005.0,0,804,Clouds,overcast clouds,04n
2025-07-23 05:01:44,Dong Nai-Bien Hoa,Bien Hoa,27.25,27.0,27.25,87.0,31.1,10000.0,0.0,88.0,3.03,9.17,226.0,1005.0,0,804,Clouds,overcast clouds,04n
2025-07-23 05:05:34,Dong Nai-Bien Hoa,Bien Hoa,27.25,27.0,27.25,88.0,31.22,10000.0,0.0,88.0,3.03,9.17,226.0,1004.0,0,804,Clouds,overcast clouds,04n
2025-07-23 05:09:20,Dong Nai-Bien Hoa,Bien Hoa,27.25,27.0,27.25,88.0,31.22,10000.0,0.0,88.0,3.03,9.17,226.0,1004.0,0,804,Clouds,overcast clouds,04n
2025-07-23 05:13:06,Dong Nai-Bien Hoa,Bien Hoa,27.25,27.0,27.25,88.0,31.22,10000.0,0.0,88.0,3.03,9.17,226.0,1004.0,0,804,Clouds,overcast clouds,04n
2025-07-23 05:16:52,Dong Nai-Bien Hoa,Bien Hoa,27.25,27.0,27.25,88.0,31.22,10000.0,0.0,88.0,3.03,9.17,226.0,1004.0,0,804,Clouds,overcast clouds,04n
2025-07-23 05:20:38,Dong Nai-Bien Hoa,Bien Hoa,27.25,27.0,27.25,88.0,31.22,10000.0,0.0,88.0,3.03,9.17,226.0,1004.0,0,804,Clouds,overcast clouds,04n
2025-07-23 05:24:24,Dong Nai-Bien Hoa,Bien Hoa,27.25,27.0,27.25,88.0,31.22,10000.0,0.0,88.0,3.03,9.17,226.0,1004.0,0,804,Clouds,overcast clouds,04n
2025-07-23 05:28:09,Dong Nai-Bien Hoa,Bien Hoa,27.25,27.0,27.25,88.0,31.22,10000.0,0.0,88.0,3.03,9.17,226.0,1004.0,0,804,Clouds,overcast clouds,04n
2025-07-23 05:31:56,Dong Nai-Bien Hoa,Bien Hoa,27.25,27.0,27.25,89.0,31.34,10000.0,0.0,90.0,2.77,8.21,218.0,1005.0,0,804,Clouds,overcast clouds,04n
2025-07-23 05:35:42,Dong Nai-Bien Hoa,Bien Hoa,27.25,27.0,27.25,89.0,31.34,10000.0,0.0,90.0,2.77,8.21,218.0,1005.0,0,804,Clouds,overcast clouds,04n
2025-07-23 05:39:28,Dong Nai-Bien Hoa,Bien Hoa,27.25,27.0,27.25,89.0,31.34,10000.0,0.0,90.0,2.77,8.21,218.0,1005.0,1,804,Clouds,overcast clouds,04d
2025-07-23 05:43:13,Dong Nai-Bien Hoa,Bien Hoa,27.25,27.0,27.25,89.0,31.34,10000.0,0.0,90.0,2.77,8.21,218.0,1005.0,1,804,Clouds,overcast clouds,04d
2025-07-23 05:46:59,Dong Nai-Bien Hoa,Bien Hoa,27.25,27.0,27.25,89.0,31.34,10000.0,0.0,90.0,2.77,8.21,218.0,1005.0,1,804,Clouds,overcast clouds,04d
2025-07-23 05:50:45,Dong Nai-Bien Hoa,Bien Hoa,27.25,27.0,27.25,89.0,31.34,10000.0,0.0,90.0,2.77,8.21,218.0,1005.0,1,804,Clouds,overcast clouds,04d
2025-07-23 05:54:31,Dong Nai-Bien Hoa,Bien Hoa,27.25,27.0,27.25,89.0,31.34,10000.0,0.0,90.0,2.77,8.21,218.0,1005.0,1,804,Clouds,overcast clouds,04d
2025-07-23 05:58:16,Dong Nai-Bien Hoa,Bien Hoa,27.25,27.0,27.25,89.0,31.34,10000.0,0.0,90.0,2.77,8.21,218.0,1005.0,1,804,Clouds,overcast clouds,04d
2025-07-23 06:02:03,Dong Nai-Bien Hoa,Bien Hoa,26.7,26.7,27.0,89.0,29.81,10000.0,0.0,90.0,2.77,8.21,218.0,1005.0,1,804,Clouds,overcast clouds,04d
2025-07-23 06:05:49,Dong Nai-Bien Hoa,Bien Hoa,26.7,26.7,27.0,89.0,29.81,10000.0,0.0,90.0,2.77,8.21,218.0,1005.0,1,804,Clouds,overcast clouds,04d
2025-07-23 06:09:35,Dong Nai-Bien Hoa,Bien Hoa,26.7,26.7,27.0,89.0,29.81,10000.0,0.0,90.0,2.77,8.21,218.0,1005.0,1,804,Clouds,overcast clouds,04d
2025-07-23 06:13:20,Dong Nai-Bien Hoa,Bien Hoa,26.7,26.7,27.0,89.0,29.81,10000.0,0.0,90.0,2.77,8.21,218.0,1005.0,1,804,Clouds,overcast clouds,04d
2025-07-23 06:17:06,Dong Nai-Bien Hoa,Bien Hoa,26.7,26.7,27.0,89.0,29.81,10000.0,0.0,90.0,2.77,8.21,218.0,1005.0,1,804,Clouds,overcast clouds,04d
2025-07-23 06:20:52,Dong Nai-Bien Hoa,Bien Hoa,27.25,27.0,27.25,89.0,31.34,10000.0,0.0,90.0,2.77,8.21,218.0,1005.0,1,804,Clouds,overcast clouds,04d
2025-07-23 06:24:38,Dong Nai-Bien Hoa,Bien Hoa,27.25,27.0,27.25,89.0,31.34,10000.0,0.0,90.0,2.77,8.21,218.0,1005.0,1,804,Clouds,overcast clouds,04d
2025-07-23 06:28:23,Dong Nai-Bien Hoa,Bien Hoa,27.25,27.0,27.25,89.0,31.34,10000.0,0.0,90.0,2.77,8.21,218.0,1005.0,1,804,Clouds,overcast clouds,04d
2025-07-23 06:32:09,Dong Nai-Bien Hoa,Bien Hoa,27.25,27.0,27.25,86.0,30.98,10000.0,0.0,88.0,3.36,8.94,224.0,1006.0,1,804,Clouds,overcast clouds,04d
2025-07-23 06:35:54,Dong Nai-Bien Hoa,Bien Hoa,27.25,27.0,27.25,86.0,30.98,10000.0,0.0,88.0,3.36,8.94,224.0,1006.0,1,804,Clouds,overcast clouds,04d
2025-07-23 06:39:40,Dong Nai-Bien Hoa,Bien Hoa,27.25,27.0,27.25,86.0,30.98,10000.0,0.1,88.0,3.36,8.94,224.0,1006.0,1,804,Clouds,overcast clouds,04d
2025-07-23 06:43:27,Dong Nai-Bien Hoa,Bien Hoa,27.81,27.0,27.81,86.0,32.52,10000.0,0.1,91.0,3.45,9.26,222.0,1006.0,1,804,Clouds,overcast clouds,04d
2025-07-23 06:47:12,Dong Nai-Bien Hoa,Bien Hoa,27.25,27.0,27.25,86.0,30.98,10000.0,0.1,88.0,3.36,8.94,224.0,1006.0,1,804,Clouds,overcast clouds,04d
2025-07-23 06:50:59,Dong Nai-Bien Hoa,Bien Hoa,27.81,27.0,27.81,86.0,32.52,10000.0,0.12,91.0,3.45,9.26,222.0,1006.0,1,500,Rain,light rain,10d
2025-07-23 06:54:45,Dong Nai-Bien Hoa,Bien Hoa,27.81,27.0,27.81,86.0,32.52,10000.0,0.12,91.0,3.45,9.26,222.0,1006.0,1,500,Rain,light rain,10d
2025-07-23 06:58:31,Dong Nai-Bien Hoa,Bien Hoa,27.81,27.0,27.81,86.0,32.52,10000.0,0.0,91.0,3.45,9.26,222.0,1006.0,1,804,Clouds,overcast clouds,04d
2025-07-23 07:02:17,Dong Nai-Bien Hoa,Bien Hoa,27.81,27.0,27.81,86.0,32.52,10000.0,0.0,91.0,3.45,9.26,222.0,1006.0,1,804,Clouds,overcast clouds,04d
2025-07-23 07:06:03,Dong Nai-Bien Hoa,Bien Hoa,27.81,27.0,27.81,86.0,32.52,10000.0,0.0,91.0,3.45,9.26,222.0,1006.0,1,804,Clouds,overcast clouds,04d
2025-07-23 07:09:49,Dong Nai-Bien Hoa,Bien Hoa,27.81,27.0,27.81,86.0,32.52,10000.0,0.0,91.0,3.45,9.26,222.0,1006.0,1,804,Clouds,overcast clouds,04d
2025-07-23 07:13:35,Dong Nai-Bien Hoa,Bien Hoa,27.81,27.81,28.0,86.0,32.52,10000.0,0.0,91.0,3.45,9.26,222.0,1006.0,1,804,Clouds,overcast clouds,04d
2025-07-23 07:17:21,Dong Nai-Bien Hoa,Bien Hoa,27.81,27.81,28.0,86.0,32.52,10000.0,0.0,91.0,3.45,9.26,222.0,1006.0,1,804,Clouds,overcast clouds,04d
2025-07-23 07:21:08,Dong Nai-Bien Hoa,Bien Hoa,28.36,28.0,28.36,86.0,34.12,10000.0,0.0,91.0,3.45,9.26,222.0,1006.0,1,804,Clouds,overcast clouds,04d
2025-07-23 07:24:54,Dong Nai-Bien Hoa,Bien Hoa,27.81,27.81,28.0,86.0,32.52,10000.0,0.0,91.0,3.45,9.26,222.0,1006.0,1,804,Clouds,overcast clouds,04d
2025-07-23 07:28:39,Dong Nai-Bien Hoa,Bien Hoa,28.36,28.0,28.36,86.0,34.12,10000.0,0.0,91.0,3.45,9.26,222.0,1006.0,1,804,Clouds,overcast clouds,04d
2025-07-23 07:32:25,Dong Nai-Bien Hoa,Bien Hoa,27.81,27.81,28.0,86.0,32.52,10000.0,0.0,91.0,3.45,9.26,222.0,1006.0,1,804,Clouds,overcast clouds,04d
2025-07-23 07:36:10,Dong Nai-Bien Hoa,Bien Hoa,28.36,28.0,28.36,81.0,33.2,10000.0,0.0,79.0,5.17,9.72,233.0,1006.0,1,803,Clouds,broken clouds,04d
2025-07-23 07:39:56,Dong Nai-Bien Hoa,Bien Hoa,28.36,28.0,28.36,81.0,33.2,10000.0,0.0,79.0,5.17,9.72,233.0,1006.0,1,803,Clouds,broken clouds,04d
2025-07-23 07:43:42,Dong Nai-Bien Hoa,Bien Hoa,28.36,28.0,28.36,81.0,33.2,10000.0,0.0,79.0,5.17,9.72,233.0,1006.0,1,803,Clouds,broken clouds,04d
2025-07-23 07:47:27,Dong Nai-Bien Hoa,Bien Hoa,28.36,28.0,28.36,81.0,33.2,10000.0,0.0,79.0,5.17,9.72,233.0,1006.0,1,803,Clouds,broken clouds,04d
2025-07-23 07:51:13,Dong Nai-Bien Hoa,Bien Hoa,28.36,28.0,28.36,80.0,33.02,10000.0,0.0,79.0,5.17,9.72,233.0,1006.0,1,803,Clouds,broken clouds,04d
2025-07-23 07:54:58,Dong Nai-Bien Hoa,Bien Hoa,28.36,28.0,28.36,80.0,33.02,10000.0,0.0,79.0,5.17,9.72,233.0,1006.0,1,803,Clouds,broken clouds,04d
2025-07-23 07:58:44,Dong Nai-Bien Hoa,Bien Hoa,28.36,28.0,28.36,80.0,33.02,10000.0,0.0,79.0,5.17,9.72,233.0,1006.0,1,803,Clouds,broken clouds,04d
2025-07-23 08:02:30,Dong Nai-Bien Hoa,Bien Hoa,28.36,28.0,28.36,83.0,33.56,10000.0,0.0,79.0,5.17,9.72,233.0,1006.0,1,803,Clouds,broken clouds,04d
2025-07-23 08:06:15,Dong Nai-Bien Hoa,Bien Hoa,28.36,28.0,28.36,83.0,33.56,10000.0,0.0,79.0,5.17,9.72,233.0,1006.0,1,803,Clouds,broken clouds,04d
2025-07-23 08:10:02,Dong Nai-Bien Hoa,Bien Hoa,28.36,28.0,28.36,83.0,33.56,10000.0,0.0,79.0,5.17,9.72,233.0,1006.0,1,803,Clouds,broken clouds,04d
2025-07-23 08:13:48,Dong Nai-Bien Hoa,Bien Hoa,28.36,28.0,28.36,83.0,33.56,10000.0,0.0,79.0,5.17,9.72,233.0,1006.0,1,803,Clouds,broken clouds,04d
2025-07-23 08:17:34,Dong Nai-Bien Hoa,Bien Hoa,28.92,28.92,29.0,83.0,35.17,10000.0,0.0,79.0,5.17,9.72,233.0,1006.0,1,803,Clouds,broken clouds,04d
2025-07-23 08:21:20,Dong Nai-Bien Hoa,Bien Hoa,28.36,28.0,28.36,83.0,33.56,10000.0,0.0,79.0,5.17,9.72,233.0,1006.0,1,803,Clouds,broken clouds,04d
2025-07-23 08:25:06,Dong Nai-Bien Hoa,Bien Hoa,28.92,28.92,29.0,83.0,35.17,10000.0,0.0,79.0,5.17,9.72,233.0,1006.0,1,803,Clouds,broken clouds,04d
2025-07-23 08:28:52,Dong Nai-Bien Hoa,Bien Hoa,29.47,29.0,29.47,83.0,36.47,10000.0,0.0,79.0,5.17,9.72,233.0,1006.0,1,803,Clouds,broken clouds,04d
2025-07-23 08:32:37,Dong Nai-Bien Hoa,Bien Hoa,28.92,28.92,29.0,83.0,35.17,10000.0,0.0,79.0,5.17,9.72,233.0,1006.0,1,803,Clouds,broken clouds,04d
2025-07-23 08:36:23,Dong Nai-Bien Hoa,Bien Hoa,29.47,29.0,29.47,76.0,35.12,10000.0,0.0,88.0,5.91,9.98,244.0,1006.0,1,804,Clouds,overcast clouds,04d
2025-07-23 08:40:12,Dong Nai-Bien Hoa,Bien Hoa,29.47,29.0,29.47,76.0,35.12,10000.0,0.0,88.0,5.91,9.98,244.0,1006.0,1,804,Clouds,overcast clouds,04d
2025-07-23 08:43:58,Dong Nai-Bien Hoa,Bien Hoa,29.47,29.0,29.47,76.0,35.12,10000.0,0.0,88.0,5.91,9.98,244.0,1006.0,1,804,Clouds,overcast clouds,04d
2025-07-23 08:47:43,Dong Nai-Bien Hoa,Bien Hoa,30.03,29.0,30.03,75.0,36.38,10000.0,0.0,88.0,5.91,9.98,244.0,1007.0,1,804,Clouds,overcast clouds,04d
2025-07-23 08:51:30,Dong Nai-Bien Hoa,Bien Hoa,30.03,29.0,30.03,75.0,36.38,10000.0,0.0,88.0,5.91,9.98,244.0,1007.0,1,804,Clouds,overcast clouds,04d
2025-07-23 08:55:16,Dong Nai-Bien Hoa,Bien Hoa,30.03,29.0,30.03,75.0,36.38,10000.0,0.0,88.0,5.91,9.98,244.0,1007.0,1,804,Clouds,overcast clouds,04d
2025-07-23 08:59:01,Dong Nai-Bien Hoa,Bien Hoa,30.03,29.0,30.03,75.0,36.38,10000.0,0.0,88.0,5.91,9.98,244.0,1007.0,1,804,Clouds,overcast clouds,04d
2025-07-23 09:02:47,Dong Nai-Bien Hoa,Bien Hoa,30.03,29.0,30.03,79.0,37.03,10000.0,0.0,88.0,5.91,9.98,244.0,1006.0,1,804,Clouds,overcast clouds,04d
2025-07-23 09:06:33,Dong Nai-Bien Hoa,Bien Hoa,30.03,29.0,30.03,79.0,37.03,10000.0,0.0,88.0,5.91,9.98,244.0,1006.0,1,804,Clouds,overcast clouds,04d
2025-07-23 09:10:19,Dong Nai-Bien Hoa,Bien Hoa,30.03,29.0,30.03,79.0,37.03,10000.0,0.0,88.0,5.91,9.98,244.0,1006.0,1,804,Clouds,overcast clouds,04d
2025-07-23 09:14:05,Dong Nai-Bien Hoa,Bien Hoa,30.03,29.0,30.03,79.0,37.03,10000.0,0.0,88.0,5.91,9.98,244.0,1006.0,1,804,Clouds,overcast clouds,04d
2025-07-23 09:17:51,Dong Nai-Bien Hoa,Bien Hoa,30.03,29.0,30.03,79.0,37.03,10000.0,0.0,88.0,5.91,9.98,244.0,1006.0,1,804,Clouds,overcast clouds,04d
2025-07-23 09:21:37,Dong Nai-Bien Hoa,Bien Hoa,30.59,30.0,30.59,79.0,37.59,10000.0,0.0,88.0,5.91,9.98,244.0,1006.0,1,804,Clouds,overcast clouds,04d
2025-07-23 09:25:23,Dong Nai-Bien Hoa,Bien Hoa,30.59,30.0,30.59,79.0,37.59,10000.0,0.0,88.0,5.91,9.98,244.0,1006.0,1,804,Clouds,overcast clouds,04d
2025-07-23 09:29:09,Dong Nai-Bien Hoa,Bien Hoa,30.03,30.0,30.03,79.0,37.03,10000.0,0.0,88.0,5.91,9.98,244.0,1006.0,1,804,Clouds,overcast clouds,04d
2025-07-23 09:32:54,Dong Nai-Bien Hoa,Bien Hoa,30.03,30.0,30.03,68.0,34.63,10000.0,0.0,87.0,6.8,11.08,250.0,1006.0,1,804,Clouds,overcast clouds,04d
2025-07-23 09:36:40,Dong Nai-Bien Hoa,Bien Hoa,30.03,30.0,30.03,68.0,34.63,10000.0,0.0,87.0,6.8,11.08,250.0,1006.0,1,804,Clouds,overcast clouds,04d
2025-07-23 09:40:26,Dong Nai-Bien Hoa,Bien Hoa,30.03,30.0,30.03,68.0,34.63,10000.0,0.0,87.0,6.8,11.08,250.0,1006.0,1,804,Clouds,overcast clouds,04d
2025-07-23 09:44:12,Dong Nai-Bien Hoa,Bien Hoa,30.59,30.0,30.59,68.0,35.98,10000.0,0.0,87.0,6.8,11.08,250.0,1006.0,1,804,Clouds,overcast clouds,04d
2025-07-23 09:47:58,Dong Nai-Bien Hoa,Bien Hoa,30.59,30.59,31.0,66.0,35.45,10000.0,0.0,87.0,6.8,11.08,250.0,1006.0,1,804,Clouds,overcast clouds,04d
2025-07-23 09:51:43,Dong Nai-Bien Hoa,Bien Hoa,30.59,30.59,31.0,66.0,35.45,10000.0,0.0,87.0,6.8,11.08,250.0,1006.0,1,804,Clouds,overcast clouds,04d
2025-07-23 09:55:29,Dong Nai-Bien Hoa,Bien Hoa,31.14,31.0,31.14,66.0,36.78,10000.0,0.0,87.0,6.8,11.08,250.0,1006.0,1,804,Clouds,overcast clouds,04d
2025-07-23 09:59:15,Dong Nai-Bien Hoa,Bien Hoa,31.14,31.0,31.14,66.0,36.78,10000.0,0.0,87.0,6.8,11.08,250.0,1006.0,1,804,Clouds,overcast clouds,04d
2025-07-23 10:03:00,Dong Nai-Bien Hoa,Bien Hoa,31.14,31.0,31.14,66.0,36.78,10000.0,0.0,87.0,6.8,11.08,250.0,1006.0,1,804,Clouds,overcast clouds,04d
2025-07-23 10:06:46,Dong Nai-Bien Hoa,Bien Hoa,31.14,31.0,31.14,70.0,37.98,10000.0,0.0,87.0,6.8,11.08,250.0,1006.0,1,804,Clouds,overcast clouds,04d
2025-07-23 10:10:32,Dong Nai-Bien Hoa,Bien Hoa,31.7,31.0,31.7,70.0,38.7,10000.0,0.0,87.0,6.8,11.08,250.0,1006.0,1,804,Clouds,overcast clouds,04d
2025-07-23 10:14:18,Dong Nai-Bien Hoa,Bien Hoa,31.7,31.0,31.7,70.0,38.7,10000.0,0.0,87.0,6.8,11.08,250.0,1006.0,1,804,Clouds,overcast clouds,04d
2025-07-23 10:18:04,Dong Nai-Bien Hoa,Bien Hoa,31.7,31.0,31.7,70.0,38.7,10000.0,0.0,87.0,6.8,11.08,250.0,1006.0,1,804,Clouds,overcast clouds,04d
2025-07-23 10:21:55,Dong Nai-Bien Hoa,Bien Hoa,30.59,30.59,31.0,70.0,36.52,10000.0,0.0,87.0,6.8,11.08,250.0,1006.0,1,804,Clouds,overcast clouds,04d
2025-07-23 10:25:50,Dong Nai-Bien Hoa,Bien Hoa,30.59,30.59,31.0,70.0,36.52,10000.0,0.0,87.0,6.8,11.08,250.0,1006.0,1,804,Clouds,overcast clouds,04d
2025-07-23 10:29:41,Dong Nai-Bien Hoa,Bien Hoa,30.59,30.59,31.0,70.0,36.52,10000.0,0.0,87.0,6.8,11.08,250.0,1006.0,1,804,Clouds,overcast clouds,04d
2025-07-23 10:33:32,Dong Nai-Bien Hoa,Bien Hoa,31.7,31.0,31.7,64.0,37.57,10000.0,0.0,89.0,6.9,11.57,254.0,1006.0,1,804,Clouds,overcast clouds,04d
2025-07-23 10:37:23,Dong Nai-Bien Hoa,Bien Hoa,31.7,31.0,31.7,64.0,37.57,10000.0,0.0,89.0,6.9,11.57,254.0,1006.0,1,804,Clouds,overcast clouds,04d
2025-07-23 10:41:14,Dong Nai-Bien Hoa,Bien Hoa,31.7,31.0,31.7,64.0,37.57,10000.0,0.0,89.0,6.9,11.57,254.0,1006.0,1,804,Clouds,overcast clouds,04d
2025-07-23 10:45:05,Dong Nai-Bien Hoa,Bien Hoa,31.7,31.7,32.0,64.0,37.57,10000.0,0.0,89.0,6.9,11.57,254.0,1006.0,1,804,Clouds,overcast clouds,04d
2025-07-23 10:48:56,Dong Nai-Bien Hoa,Bien Hoa,31.7,31.7,32.0,64.0,37.57,10000.0,0.0,89.0,6.9,11.57,254.0,1006.0,1,804,Clouds,overcast clouds,04d
2025-07-23 10:52:47,Dong Nai-Bien Hoa,Bien Hoa,31.7,31.7,32.0,62.0,36.97,10000.0,0.0,89.0,6.9,11.57,254.0,1005.0,1,804,Clouds,overcast clouds,04d
2025-07-23 10:56:37,Dong Nai-Bien Hoa,Bien Hoa,31.7,31.7,32.0,64.0,37.57,10000.0,0.0,89.0,6.9,11.57,254.0,1006.0,1,804,Clouds,overcast clouds,04d
2025-07-23 11:00:28,Dong Nai-Bien Hoa,Bien Hoa,32.81,32.0,32.81,62.0,39.75,10000.0,0.0,89.0,6.9,11.57,254.0,1005.0,1,804,Clouds,overcast clouds,04d
2025-07-23 11:04:18,Dong Nai-Bien Hoa,Bien Hoa,32.81,32.0,32.81,67.0,39.81,10000.0,0.0,89.0,6.9,11.57,254.0,1005.0,1,804,Clouds,overcast clouds,04d
2025-07-23 11:08:09,Dong Nai-Bien Hoa,Bien Hoa,32.25,32.0,32.25,67.0,39.25,10000.0,0.0,89.0,6.9,11.57,254.0,1005.0,1,804,Clouds,overcast clouds,04d
2025-07-23 11:12:00,Dong Nai-Bien Hoa,Bien Hoa,32.25,32.0,32.25,67.0,39.25,10000.0,0.0,89.0,6.9,11.57,254.0,1005.0,1,804,Clouds,overcast clouds,04d
2025-07-23 11:15:49,Dong Nai-Bien Hoa,Bien Hoa,32.25,32.0,32.25,67.0,39.25,10000.0,0.0,89.0,6.9,11.57,254.0,1005.0,1,804,Clouds,overcast clouds,04d
2025-07-23 11:19:39,Dong Nai-Bien Hoa,Bien Hoa,32.25,32.0,32.25,67.0,39.25,10000.0,0.0,89.0,6.9,11.57,254.0,1005.0,1,804,Clouds,overcast clouds,04d
2025-07-23 11:23:29,Dong Nai-Bien Hoa,Bien Hoa,32.25,32.0,32.25,67.0,39.25,10000.0,0.0,89.0,6.9,11.57,254.0,1005.0,1,804,Clouds,overcast clouds,04d
2025-07-23 11:27:19,Dong Nai-Bien Hoa,Bien Hoa,32.81,32.0,32.81,66.0,39.81,10000.0,0.0,89.0,6.9,11.57,254.0,1005.0,1,804,Clouds,overcast clouds,04d
2025-07-23 11:31:09,Dong Nai-Bien Hoa,Bien Hoa,32.25,32.0,32.25,63.0,38.64,10000.0,0.0,91.0,5.26,9.74,254.0,1005.0,1,804,Clouds,overcast clouds,04d
2025-07-23 11:34:59,Dong Nai-Bien Hoa,Bien Hoa,32.81,32.0,32.81,66.0,39.81,10000.0,0.0,89.0,6.9,11.57,254.0,1005.0,1,804,Clouds,overcast clouds,04d
2025-07-23 11:38:49,Dong Nai-Bien Hoa,Bien Hoa,32.25,32.0,32.25,63.0,38.64,10000.0,0.0,91.0,5.26,9.74,254.0,1005.0,1,804,Clouds,overcast clouds,04d
2025-07-23 11:42:40,Dong Nai-Bien Hoa,Bien Hoa,32.25,32.0,32.25,63.0,38.64,10000.0,0.0,91.0,5.26,9.74,254.0,1005.0,1,804,Clouds,overcast clouds,04d
2025-07-23 11:46:30,Dong Nai-Bien Hoa,Bien Hoa,32.25,32.0,32.25,63.0,38.64,10000.0,0.0,91.0,5.26,9.74,254.0,1005.0,1,804,Clouds,overcast clouds,04d
2025-07-23 11:50:20,Dong Nai-Bien Hoa,Bien Hoa,32.81,32.0,32.81,63.0,39.81,10000.0,0.0,91.0,5.26,9.74,254.0,1004.0,1,804,Clouds,overcast clouds,04d
2025-07-23 11:54:10,Dong Nai-Bien Hoa,Bien Hoa,32.81,32.0,32.81,63.0,39.81,10000.0,0.0,91.0,5.26,9.74,254.0,1004.0,1,804,Clouds,overcast clouds,04d
2025-07-23 11:58:00,Dong Nai-Bien Hoa,Bien Hoa,32.81,32.0,32.81,63.0,39.81,10000.0,0.0,91.0,5.26,9.74,254.0,1004.0,1,804,Clouds,overcast clouds,04d
2025-07-23 12:01:50,Dong Nai-Bien Hoa,Bien Hoa,33.92,32.0,33.92,65.0,40.92,10000.0,0.0,91.0,5.26,9.74,254.0,1004.0,1,804,Clouds,overcast clouds,04d
2025-07-23 12:05:40,Dong Nai-Bien Hoa,Bien Hoa,33.92,32.0,33.92,65.0,40.92,10000.0,0.0,91.0,5.26,9.74,254.0,1004.0,1,804,Clouds,overcast clouds,04d
2025-07-23 12:09:30,Dong Nai-Bien Hoa,Bien Hoa,33.92,32.0,33.92,65.0,40.92,10000.0,0.0,91.0,5.26,9.74,254.0,1004.0,1,804,Clouds,overcast clouds,04d
2025-07-23 12:13:21,Dong Nai-Bien Hoa,Bien Hoa,33.36,32.0,33.36,65.0,40.36,10000.0,0.0,91.0,5.26,9.74,254.0,1004.0,1,804,Clouds,overcast clouds,04d
2025-07-23 12:17:12,Dong Nai-Bien Hoa,Bien Hoa,33.36,32.0,33.36,65.0,40.36,10000.0,0.0,91.0,5.26,9.74,254.0,1004.0,1,804,Clouds,overcast clouds,04d
2025-07-23 12:21:02,Dong Nai-Bien Hoa,Bien Hoa,33.36,32.0,33.36,65.0,40.36,10000.0,0.0,91.0,5.26,9.74,254.0,1004.0,1,804,Clouds,overcast clouds,04d
2025-07-23 12:24:53,Dong Nai-Bien Hoa,Bien Hoa,33.36,32.0,33.36,65.0,40.36,10000.0,0.0,91.0,5.26,9.74,254.0,1004.0,1,804,Clouds,overcast clouds,04d
2025-07-23 12:28:43,Dong Nai-Bien Hoa,Bien Hoa,32.81,32.81,33.0,65.0,39.81,10000.0,0.0,91.0,5.26,9.74,254.0,1004.0,1,804,Clouds,overcast clouds,04d
2025-07-23 12:32:33,Dong Nai-Bien Hoa,Bien Hoa,33.36,33.0,33.36,62.0,40.36,10000.0,0.0,93.0,4.52,8.93,266.0,1003.0,1,804,Clouds,overcast clouds,04d
2025-07-23 12:36:23,Dong Nai-Bien Hoa,Bien Hoa,32.25,32.25,33.0,62.0,38.31,10000.0,0.0,93.0,4.52,8.93,266.0,1003.0,1,804,Clouds,overcast clouds,04d
2025-07-23 12:40:14,Dong Nai-Bien Hoa,Bien Hoa,32.25,32.25,33.0,62.0,38.31,10000.0,0.0,93.0,4.52,8.93,266.0,1003.0,1,804,Clouds,overcast clouds,04d
2025-07-23 12:44:05,Dong Nai-Bien Hoa,Bien Hoa,32.25,32.25,33.0,62.0,38.31,10000.0,0.0,93.0,4.52,8.93,266.0,1003.0,1,804,Clouds,overcast clouds,04d
2025-07-23 12:47:55,Dong Nai-Bien Hoa,Bien Hoa,32.25,32.25,33.0,62.0,38.31,10000.0,0.0,93.0,4.52,8.93,266.0,1003.0,1,804,Clouds,overcast clouds,04d
2025-07-23 12:51:44,Dong Nai-Bien Hoa,Bien Hoa,32.81,32.0,32.81,64.0,39.81,10000.0,0.0,87.0,3.51,7.75,242.0,1003.0,1,804,Clouds,overcast clouds,04d
2025-07-23 12:55:34,Dong Nai-Bien Hoa,Bien Hoa,32.81,32.0,32.81,64.0,39.81,10000.0,0.0,87.0,3.51,7.75,242.0,1003.0,1,804,Clouds,overcast clouds,04d
2025-07-23 12:59:24,Dong Nai-Bien Hoa,Bien Hoa,32.81,32.0,32.81,64.0,39.81,10000.0,0.0,87.0,3.51,7.75,242.0,1003.0,1,804,Clouds,overcast clouds,04d
2025-07-23 13:03:14,Dong Nai-Bien Hoa,Bien Hoa,33.36,32.0,33.36,64.0,40.36,10000.0,0.0,87.0,3.51,7.75,242.0,1003.0,1,804,Clouds,overcast clouds,04d
2025-07-23 13:07:05,Dong Nai-Bien Hoa,Bien Hoa,32.81,32.0,32.81,64.0,39.81,10000.0,0.0,87.0,3.51,7.75,242.0,1003.0,1,804,Clouds,overcast clouds,04d
2025-07-23 13:10:55,Dong Nai-Bien Hoa,Bien Hoa,32.81,32.0,32.81,64.0,39.81,10000.0,0.0,87.0,3.51,7.75,242.0,1003.0,1,804,Clouds,overcast clouds,04d
2025-07-23 13:14:45,Dong Nai-Bien Hoa,Bien Hoa,32.81,32.0,32.81,64.0,39.81,10000.0,0.0,87.0,3.51,7.75,242.0,1003.0,1,804,Clouds,overcast clouds,04d
2025-07-23 13:18:35,Dong Nai-Bien Hoa,Bien Hoa,33.92,33.92,34.0,64.0,40.92,10000.0,0.0,87.0,3.51,7.75,242.0,1003.0,1,804,Clouds,overcast clouds,04d
2025-07-23 13:22:25,Dong Nai-Bien Hoa,Bien Hoa,33.92,33.92,34.0,64.0,40.92,10000.0,0.0,87.0,3.51,7.75,242.0,1003.0,1,804,Clouds,overcast clouds,04d
2025-07-23 13:26:16,Dong Nai-Bien Hoa,Bien Hoa,33.92,33.92,34.0,64.0,40.92,10000.0,0.0,87.0,3.51,7.75,242.0,1003.0,1,804,Clouds,overcast clouds,04d
2025-07-23 13:30:07,Dong Nai-Bien Hoa,Bien Hoa,33.92,33.92,34.0,65.0,40.92,10000.0,0.0,100.0,3.12,5.88,228.0,1003.0,1,804,Clouds,overcast clouds,04d
2025-07-23 13:33:59,Dong Nai-Bien Hoa,Bien Hoa,33.92,33.92,34.0,64.0,40.92,10000.0,0.0,87.0,3.51,7.75,242.0,1003.0,1,804,Clouds,overcast clouds,04d
2025-07-23 13:37:52,Dong Nai-Bien Hoa,Bien Hoa,32.81,32.81,34.0,63.0,39.81,10000.0,0.0,100.0,3.12,5.88,228.0,1003.0,1,804,Clouds,overcast clouds,04d
2025-07-23 13:41:44,Dong Nai-Bien Hoa,Bien Hoa,32.81,32.81,34.0,63.0,39.81,10000.0,0.0,100.0,3.12,5.88,228.0,1003.0,1,804,Clouds,overcast clouds,04d
2025-07-23 13:45:37,Dong Nai-Bien Hoa,Bien Hoa,32.81,32.81,34.0,63.0,39.81,10000.0,0.0,100.0,3.12,5.88,228.0,1003.0,1,804,Clouds,overcast clouds,04d
2025-07-23 13:49:27,Dong Nai-Bien Hoa,Bien Hoa,33.92,33.92,34.0,63.0,40.92,10000.0,0.0,100.0,3.12,5.88,228.0,1003.0,1,804,Clouds,overcast clouds,04d
2025-07-23 13:53:18,Dong Nai-Bien Hoa,Bien Hoa,33.36,33.36,34.0,63.0,40.36,10000.0,0.0,100.0,3.12,5.88,228.0,1003.0,1,804,Clouds,overcast clouds,04d
2025-07-23 13:57:08,Dong Nai-Bien Hoa,Bien Hoa,33.92,33.92,34.0,63.0,40.92,10000.0,0.0,100.0,3.12,5.88,228.0,1003.0,1,804,Clouds,overcast clouds,04d
2025-07-23 14:00:58,Dong Nai-Bien Hoa,Bien Hoa,33.36,33.36,34.0,63.0,40.36,10000.0,0.0,100.0,3.12,5.88,228.0,1003.0,1,804,Clouds,overcast clouds,04d
2025-07-23 14:04:48,Dong Nai-Bien Hoa,Bien Hoa,33.92,33.0,33.92,62.0,40.92,10000.0,0.37,100.0,3.12,5.88,228.0,1003.0,1,500,Rain,light rain,10d
2025-07-23 14:08:38,Dong Nai-Bien Hoa,Bien Hoa,33.36,33.0,33.36,62.0,40.36,10000.0,0.37,100.0,3.12,5.88,228.0,1003.0,1,500,Rain,light rain,10d
2025-07-23 14:12:29,Dong Nai-Bien Hoa,Bien Hoa,33.92,33.0,33.92,62.0,40.92,10000.0,0.37,100.0,3.12,5.88,228.0,1003.0,1,500,Rain,light rain,10d
2025-07-23 14:16:19,Dong Nai-Bien Hoa,Bien Hoa,33.36,33.0,33.36,62.0,40.36,10000.0,0.37,100.0,3.12,5.88,228.0,1003.0,1,500,Rain,light rain,10d
2025-07-23 14:20:10,Dong Nai-Bien Hoa,Bien Hoa,33.92,33.92,34.0,63.0,40.92,10000.0,0.0,100.0,3.12,5.88,228.0,1002.0,1,804,Clouds,overcast clouds,04d
2025-07-23 14:24:00,Dong Nai-Bien Hoa,Bien Hoa,33.92,33.92,34.0,63.0,40.92,10000.0,0.0,100.0,3.12,5.88,228.0,1002.0,1,804,Clouds,overcast clouds,04d
2025-07-23 14:27:50,Dong Nai-Bien Hoa,Bien Hoa,33.92,33.92,34.0,63.0,40.92,10000.0,0.0,100.0,3.12,5.88,228.0,1002.0,1,804,Clouds,overcast clouds,04d
2025-07-23 14:31:40,Dong Nai-Bien Hoa,Bien Hoa,33.92,33.92,34.0,62.0,40.92,10000.0,0.0,100.0,3.01,6.48,236.0,1002.0,1,804,Clouds,overcast clouds,04d
2025-07-23 14:35:30,Dong Nai-Bien Hoa,Bien Hoa,33.92,33.92,34.0,62.0,40.92,10000.0,0.0,100.0,3.01,6.48,236.0,1002.0,1,804,Clouds,overcast clouds,04d
2025-07-23 14:39:20,Dong Nai-Bien Hoa,Bien Hoa,33.92,33.92,34.0,62.0,40.92,10000.0,0.0,100.0,3.01,6.48,236.0,1002.0,1,804,Clouds,overcast clouds,04d
2025-07-23 14:43:11,Dong Nai-Bien Hoa,Bien Hoa,33.92,33.92,34.0,62.0,40.92,10000.0,0.0,100.0,3.01,6.48,236.0,1002.0,1,804,Clouds,overcast clouds,04d
2025-07-23 14:47:01,Dong Nai-Bien Hoa,Bien Hoa,32.81,32.81,34.0,64.0,39.81,10000.0,0.0,100.0,3.01,6.48,236.0,1002.0,1,804,Clouds,overcast clouds,04d
2025-07-23 14:50:52,Dong Nai-Bien Hoa,Bien Hoa,32.81,32.81,34.0,64.0,39.81,10000.0,0.0,100.0,3.01,6.48,236.0,1002.0,1,804,Clouds,overcast clouds,04d
2025-07-23 14:54:42,Dong Nai-Bien Hoa,Bien Hoa,30.03,30.03,34.0,64.0,33.73,10000.0,0.0,100.0,3.01,6.48,236.0,1002.0,1,804,Clouds,overcast clouds,04d
2025-07-23 14:58:32,Dong Nai-Bien Hoa,Bien Hoa,30.59,30.59,34.0,64.0,34.95,10000.0,0.0,100.0,3.01,6.48,236.0,1002.0,1,804,Clouds,overcast clouds,04d
2025-07-23 15:02:23,Dong Nai-Bien Hoa,Bien Hoa,30.59,30.59,34.0,64.0,34.95,10000.0,0.0,100.0,3.01,6.48,236.0,1002.0,1,804,Clouds,overcast clouds,04d
2025-07-23 15:06:13,Dong Nai-Bien Hoa,Bien Hoa,30.59,30.59,34.0,67.0,35.71,10000.0,0.0,100.0,3.01,6.48,236.0,1002.0,1,804,Clouds,overcast clouds,04d
2025-07-23 15:10:04,Dong Nai-Bien Hoa,Bien Hoa,31.14,31.14,34.0,67.0,37.07,10000.0,0.0,100.0,3.01,6.48,236.0,1002.0,1,804,Clouds,overcast clouds,04d
2025-07-23 15:13:55,Dong Nai-Bien Hoa,Bien Hoa,31.14,31.14,34.0,67.0,37.07,10000.0,0.0,100.0,3.01,6.48,236.0,1002.0,1,804,Clouds,overcast clouds,04d
2025-07-23 15:17:44,Dong Nai-Bien Hoa,Bien Hoa,32.25,30.0,32.25,66.0,39.25,10000.0,0.0,100.0,3.01,6.48,236.0,1002.0,1,804,Clouds,overcast clouds,04d
2025-07-23 15:21:35,Dong Nai-Bien Hoa,Bien Hoa,32.25,30.0,32.25,66.0,39.25,10000.0,0.0,100.0,3.01,6.48,236.0,1002.0,1,804,Clouds,overcast clouds,04d
2025-07-23 15:25:25,Dong Nai-Bien Hoa,Bien Hoa,32.25,30.0,32.25,66.0,39.25,10000.0,0.0,100.0,3.01,6.48,236.0,1002.0,1,804,Clouds,overcast clouds,04d
2025-07-23 15:29:15,Dong Nai-Bien Hoa,Bien Hoa,32.25,30.0,32.25,66.0,39.25,10000.0,0.0,100.0,3.01,6.48,236.0,1002.0,1,804,Clouds,overcast clouds,04d
2025-07-23 15:33:07,Dong Nai-Bien Hoa,Bien Hoa,32.25,30.0,32.25,66.0,39.25,10000.0,0.0,100.0,3.01,6.48,236.0,1002.0,1,804,Clouds,overcast clouds,04d
2025-07-23 15:36:57,Dong Nai-Bien Hoa,Bien Hoa,32.81,30.0,32.81,66.0,39.81,10000.0,0.0,100.0,3.38,8.22,236.0,1002.0,1,804,Clouds,overcast clouds,04d
2025-07-23 15:40:47,Dong Nai-Bien Hoa,Bien Hoa,32.25,30.0,32.25,66.0,39.25,10000.0,0.0,100.0,3.01,6.48,236.0,1002.0,1,804,Clouds,overcast clouds,04d
2025-07-23 15:44:37,Dong Nai-Bien Hoa,Bien Hoa,32.81,32.81,33.0,66.0,39.81,10000.0,0.0,100.0,3.38,8.22,236.0,1002.0,1,804,Clouds,overcast clouds,04d
2025-07-23 15:48:27,Dong Nai-Bien Hoa,Bien Hoa,32.81,32.81,33.0,66.0,39.81,10000.0,0.0,100.0,3.38,8.22,236.0,1002.0,1,804,Clouds,overcast clouds,04d
2025-07-23 15:52:18,Dong Nai-Bien Hoa,Bien Hoa,32.81,32.81,33.0,66.0,39.81,10000.0,0.0,100.0,3.38,8.22,236.0,1002.0,1,804,Clouds,overcast clouds,04d
2025-07-23 15:56:09,Dong Nai-Bien Hoa,Bien Hoa,32.81,32.81,33.0,65.0,39.81,10000.0,0.0,100.0,3.38,8.22,236.0,1002.0,1,804,Clouds,overcast clouds,04d
2025-07-23 15:59:59,Dong Nai-Bien Hoa,Bien Hoa,32.81,32.81,33.0,65.0,39.81,10000.0,0.0,100.0,3.38,8.22,236.0,1002.0,1,804,Clouds,overcast clouds,04d
2025-07-23 16:03:50,Dong Nai-Bien Hoa,Bien Hoa,32.81,32.81,33.0,65.0,39.81,10000.0,0.0,100.0,3.38,8.22,236.0,1002.0,1,804,Clouds,overcast clouds,04d
2025-07-23 16:07:40,Dong Nai-Bien Hoa,Bien Hoa,32.81,32.81,33.0,65.0,39.81,10000.0,0.0,100.0,3.38,8.22,236.0,1002.0,1,804,Clouds,overcast clouds,04d
2025-07-23 16:11:31,Dong Nai-Bien Hoa,Bien Hoa,32.25,32.25,33.0,67.0,39.25,10000.0,0.0,100.0,3.38,8.22,236.0,1002.0,1,804,Clouds,overcast clouds,04d
2025-07-23 16:15:22,Dong Nai-Bien Hoa,Bien Hoa,32.25,32.25,33.0,67.0,39.25,10000.0,0.0,100.0,3.38,8.22,236.0,1002.0,1,804,Clouds,overcast clouds,04d
2025-07-23 16:19:14,Dong Nai-Bien Hoa,Bien Hoa,32.25,32.25,33.0,67.0,39.25,10000.0,0.0,100.0,3.38,8.22,236.0,1002.0,1,804,Clouds,overcast clouds,04d
2025-07-23 16:23:09,Dong Nai-Bien Hoa,Bien Hoa,32.25,32.0,32.25,67.0,39.25,10000.0,0.0,100.0,3.38,8.22,236.0,1002.0,1,804,Clouds,overcast clouds,04d
2025-07-23 16:27:02,Dong Nai-Bien Hoa,Bien Hoa,32.25,32.0,32.25,67.0,39.25,10000.0,0.0,100.0,3.38,8.22,236.0,1002.0,1,804,Clouds,overcast clouds,04d
2025-07-23 16:30:53,Dong Nai-Bien Hoa,Bien Hoa,32.25,32.0,32.25,67.0,39.25,10000.0,0.0,100.0,3.38,8.22,236.0,1002.0,1,804,Clouds,overcast clouds,04d
2025-07-23 16:34:45,Dong Nai-Bien Hoa,Bien Hoa,32.25,32.0,32.25,65.0,39.25,10000.0,0.56,100.0,4.79,10.27,227.0,1002.0,1,500,Rain,light rain,10d
2025-07-23 16:38:36,Dong Nai-Bien Hoa,Bien Hoa,32.25,32.0,32.25,65.0,39.25,10000.0,0.56,100.0,4.79,10.27,227.0,1002.0,1,500,Rain,light rain,10d
2025-07-23 16:42:27,Dong Nai-Bien Hoa,Bien Hoa,32.25,32.0,32.25,65.0,39.25,10000.0,0.16,100.0,4.79,10.27,227.0,1002.0,1,500,Rain,light rain,10d
2025-07-23 16:46:18,Dong Nai-Bien Hoa,Bien Hoa,32.25,32.0,32.25,64.0,38.98,10000.0,0.0,100.0,4.79,10.27,227.0,1002.0,1,804,Clouds,overcast clouds,04d
2025-07-23 16:50:11,Dong Nai-Bien Hoa,Bien Hoa,32.25,32.0,32.25,65.0,39.25,10000.0,0.16,100.0,4.79,10.27,227.0,1002.0,1,500,Rain,light rain,10d
2025-07-23 16:54:03,Dong Nai-Bien Hoa,Bien Hoa,32.25,32.0,32.25,64.0,38.98,10000.0,0.0,100.0,4.79,10.27,227.0,1002.0,1,804,Clouds,overcast clouds,04d
2025-07-23 16:57:55,Dong Nai-Bien Hoa,Bien Hoa,32.25,32.0,32.25,64.0,38.98,10000.0,0.0,100.0,4.79,10.27,227.0,1002.0,1,804,Clouds,overcast clouds,04d
2025-07-23 17:01:46,Dong Nai-Bien Hoa,Bien Hoa,32.25,32.0,32.25,64.0,38.98,10000.0,0.0,100.0,4.79,10.27,227.0,1002.0,1,804,Clouds,overcast clouds,04d
2025-07-23 17:05:38,Dong Nai-Bien Hoa,Bien Hoa,32.25,32.0,32.25,66.0,39.25,10000.0,0.0,100.0,4.79,10.27,227.0,1002.0,1,804,Clouds,overcast clouds,04d
2025-07-23 17:09:29,Dong Nai-Bien Hoa,Bien Hoa,32.25,32.0,32.25,66.0,39.25,10000.0,0.0,100.0,4.79,10.27,227.0,1002.0,1,804,Clouds,overcast clouds,04d
2025-07-23 17:13:21,Dong Nai-Bien Hoa,Bien Hoa,32.25,32.0,32.25,66.0,39.25,10000.0,0.0,100.0,4.79,10.27,227.0,1002.0,1,804,Clouds,overcast clouds,04d
2025-07-23 17:17:12,Dong Nai-Bien Hoa,Bien Hoa,32.25,32.0,32.25,66.0,39.25,10000.0,0.0,100.0,4.79,10.27,227.0,1002.0,1,804,Clouds,overcast clouds,04d
2025-07-23 17:21:03,Dong Nai-Bien Hoa,Bien Hoa,32.25,32.0,32.25,66.0,39.25,10000.0,0.0,100.0,4.79,10.27,227.0,1002.0,1,804,Clouds,overcast clouds,04d
2025-07-23 17:24:55,Dong Nai-Bien Hoa,Bien Hoa,32.25,32.0,32.25,65.0,39.25,10000.0,0.0,100.0,4.79,10.27,227.0,1002.0,1,804,Clouds,overcast clouds,04d
2025-07-23 17:28:45,Dong Nai-Bien Hoa,Bien Hoa,32.25,32.0,32.25,65.0,39.25,10000.0,0.0,100.0,4.79,10.27,227.0,1002.0,1,804,Clouds,overcast clouds,04d
2025-07-23 17:32:35,Dong Nai-Bien Hoa,Bien Hoa,32.25,32.0,32.25,65.0,39.25,10000.0,0.0,100.0,4.79,10.27,227.0,1002.0,1,804,Clouds,overcast clouds,04d
2025-07-23 17:36:26,Dong Nai-Bien Hoa,Bien Hoa,31.7,31.7,32.0,64.0,37.57,10000.0,0.0,100.0,5.11,10.83,229.0,1003.0,1,804,Clouds,overcast clouds,04d
2025-07-23 17:40:18,Dong Nai-Bien Hoa,Bien Hoa,31.7,31.0,31.7,64.0,37.57,10000.0,0.0,100.0,5.11,10.83,229.0,1003.0,1,804,Clouds,overcast clouds,04d
2025-07-23 17:44:09,Dong Nai-Bien Hoa,Bien Hoa,31.7,31.0,31.7,64.0,37.57,10000.0,0.0,100.0,5.11,10.83,229.0,1003.0,1,804,Clouds,overcast clouds,04d
2025-07-23 17:47:59,Dong Nai-Bien Hoa,Bien Hoa,31.7,31.0,31.7,66.0,38.21,10000.0,0.0,100.0,5.11,10.83,229.0,1003.0,1,804,Clouds,overcast clouds,04d
2025-07-23 17:51:50,Dong Nai-Bien Hoa,Bien Hoa,31.14,31.0,31.14,66.0,36.78,10000.0,0.0,100.0,5.11,10.83,229.0,1003.0,1,804,Clouds,overcast clouds,04d
2025-07-23 17:55:41,Dong Nai-Bien Hoa,Bien Hoa,31.14,31.0,31.14,66.0,36.78,10000.0,0.0,100.0,5.11,10.83,229.0,1003.0,1,804,Clouds,overcast clouds,04d
2025-07-23 17:59:32,Dong Nai-Bien Hoa,Bien Hoa,31.14,31.0,31.14,66.0,36.78,10000.0,0.0,100.0,5.11,10.83,229.0,1003.0,1,804,Clouds,overcast clouds,04d
2025-07-23 18:03:23,Dong Nai-Bien Hoa,Bien Hoa,31.14,31.0,31.14,66.0,36.78,10000.0,0.0,100.0,5.11,10.83,229.0,1003.0,1,804,Clouds,overcast clouds,04d
2025-07-23 18:07:16,Dong Nai-Bien Hoa,Bien Hoa,31.14,31.0,31.14,68.0,37.37,10000.0,0.0,100.0,5.11,10.83,229.0,1002.0,1,804,Clouds,overcast clouds,04d
2025-07-23 18:11:12,Dong Nai-Bien Hoa,Bien Hoa,31.14,31.0,31.14,66.0,36.78,10000.0,0.0,100.0,5.11,10.83,229.0,1003.0,1,804,Clouds,overcast clouds,04d
2025-07-23 18:15:06,Dong Nai-Bien Hoa,Bien Hoa,31.14,31.0,31.14,68.0,37.37,10000.0,0.0,100.0,5.11,10.83,229.0,1002.0,1,804,Clouds,overcast clouds,04d
2025-07-23 18:18:58,Dong Nai-Bien Hoa,Bien Hoa,31.14,31.0,31.14,68.0,37.37,10000.0,0.0,100.0,5.11,10.83,229.0,1002.0,0,804,Clouds,overcast clouds,04d
2025-07-23 18:22:50,Dong Nai-Bien Hoa,Bien Hoa,31.14,31.0,31.14,68.0,37.37,10000.0,0.0,100.0,5.11,10.83,229.0,1003.0,0,804,Clouds,overcast clouds,04n
2025-07-23 18:26:43,Dong Nai-Bien Hoa,Bien Hoa,31.14,31.0,31.14,68.0,37.37,10000.0,0.0,100.0,5.11,10.83,229.0,1003.0,0,804,Clouds,overcast clouds,04n
2025-07-23 18:30:34,Dong Nai-Bien Hoa,Bien Hoa,31.14,31.0,31.14,68.0,37.37,10000.0,0.0,100.0,5.11,10.83,229.0,1003.0,0,804,Clouds,overcast clouds,04n
2025-07-23 18:34:29,Dong Nai-Bien Hoa,Bien Hoa,31.14,31.0,31.14,66.0,36.78,10000.0,0.0,100.0,6.0,12.14,233.0,1004.0,0,804,Clouds,overcast clouds,04n
2025-07-23 18:38:21,Dong Nai-Bien Hoa,Bien Hoa,31.14,31.0,31.14,66.0,36.78,10000.0,0.0,100.0,6.0,12.14,233.0,1004.0,0,804,Clouds,overcast clouds,04n
2025-07-23 18:42:13,Dong Nai-Bien Hoa,Bien Hoa,31.14,31.0,31.14,66.0,36.78,10000.0,0.0,100.0,6.0,12.14,233.0,1004.0,0,804,Clouds,overcast clouds,04n
2025-07-23 18:46:05,Dong Nai-Bien Hoa,Bien Hoa,30.59,30.0,30.59,66.0,35.45,10000.0,0.0,100.0,4.57,10.5,233.0,1004.0,0,804,Clouds,overcast clouds,04n
2025-07-23 18:49:56,Dong Nai-Bien Hoa,Bien Hoa,30.59,30.0,30.59,66.0,35.45,10000.0,0.0,100.0,4.57,10.5,233.0,1004.0,0,804,Clouds,overcast clouds,04n
2025-07-23 18:53:46,Dong Nai-Bien Hoa,Bien Hoa,30.59,30.0,30.59,66.0,35.45,10000.0,0.0,100.0,4.57,10.5,233.0,1004.0,0,804,Clouds,overcast clouds,04n
2025-07-23 18:57:37,Dong Nai-Bien Hoa,Bien Hoa,30.59,30.0,30.59,66.0,35.45,10000.0,0.0,100.0,4.57,10.5,233.0,1004.0,0,804,Clouds,overcast clouds,04n
2025-07-23 19:01:30,Dong Nai-Bien Hoa,Bien Hoa,30.59,30.0,30.59,66.0,35.45,10000.0,0.0,100.0,4.57,10.5,233.0,1004.0,0,804,Clouds,overcast clouds,04n
2025-07-23 19:05:15,Dong Nai-Bien Hoa,Bien Hoa,30.59,30.0,30.59,66.0,35.45,10000.0,0.0,100.0,4.57,10.5,233.0,1004.0,0,804,Clouds,overcast clouds,04n
2025-07-23 19:09:01,Dong Nai-Bien Hoa,Bien Hoa,30.59,30.0,30.59,66.0,35.45,10000.0,0.0,100.0,4.57,10.5,233.0,1004.0,0,804,Clouds,overcast clouds,04n
2025-07-23 19:12:47,Dong Nai-Bien Hoa,Bien Hoa,30.59,30.0,30.59,66.0,35.45,10000.0,0.0,100.0,4.57,10.5,233.0,1004.0,0,804,Clouds,overcast clouds,04n
2025-07-23 19:16:34,Dong Nai-Bien Hoa,Bien Hoa,30.59,30.0,30.59,66.0,35.45,10000.0,0.0,100.0,4.57,10.5,233.0,1004.0,0,804,Clouds,overcast clouds,04n
2025-07-23 19:20:20,Dong Nai-Bien Hoa,Bien Hoa,30.59,30.0,30.59,66.0,35.45,10000.0,0.0,100.0,4.57,10.5,233.0,1004.0,0,804,Clouds,overcast clouds,04n
2025-07-23 19:24:06,Dong Nai-Bien Hoa,Bien Hoa,30.59,30.0,30.59,71.0,36.8,10000.0,0.0,100.0,4.57,10.5,233.0,1003.0,0,804,Clouds,overcast clouds,04n
2025-07-23 19:27:53,Dong Nai-Bien Hoa,Bien Hoa,30.59,30.0,30.59,71.0,36.8,10000.0,0.0,100.0,4.57,10.5,233.0,1003.0,0,804,Clouds,overcast clouds,04n
2025-07-23 19:31:40,Dong Nai-Bien Hoa,Bien Hoa,30.59,30.0,30.59,71.0,36.8,10000.0,0.0,100.0,4.57,10.5,233.0,1003.0,0,804,Clouds,overcast clouds,04n
2025-07-23 19:35:27,Dong Nai-Bien Hoa,Bien Hoa,30.59,30.0,30.59,72.0,37.08,10000.0,0.0,35.0,5.49,11.71,231.0,1005.0,0,802,Clouds,scattered clouds,03n
2025-07-23 19:39:14,Dong Nai-Bien Hoa,Bien Hoa,30.59,30.0,30.59,72.0,37.08,10000.0,0.0,35.0,5.49,11.71,231.0,1005.0,0,802,Clouds,scattered clouds,03n
2025-07-23 19:43:01,Dong Nai-Bien Hoa,Bien Hoa,30.59,30.0,30.59,72.0,37.08,10000.0,0.0,35.0,5.49,11.71,231.0,1005.0,0,802,Clouds,scattered clouds,03n
2025-07-23 19:46:47,Dong Nai-Bien Hoa,Bien Hoa,30.59,30.0,30.59,72.0,37.08,10000.0,0.0,35.0,5.49,11.71,231.0,1005.0,0,802,Clouds,scattered clouds,03n
2025-07-23 19:50:35,Dong Nai-Bien Hoa,Bien Hoa,30.59,30.0,30.59,72.0,37.08,10000.0,0.0,35.0,5.49,11.71,231.0,1005.0,0,802,Clouds,scattered clouds,03n
2025-07-23 19:54:21,Dong Nai-Bien Hoa,Bien Hoa,30.59,30.0,30.59,72.0,37.08,10000.0,0.0,35.0,5.49,11.71,231.0,1005.0,0,802,Clouds,scattered clouds,03n
2025-07-23 19:58:08,Dong Nai-Bien Hoa,Bien Hoa,30.59,30.0,30.59,72.0,37.08,10000.0,0.0,35.0,5.49,11.71,231.0,1005.0,0,802,Clouds,scattered clouds,03n
2025-07-23 20:01:55,Dong Nai-Bien Hoa,Bien Hoa,30.03,30.0,30.03,72.0,35.61,10000.0,0.0,35.0,5.49,11.71,231.0,1004.0,0,802,Clouds,scattered clouds,03n
2025-07-23 20:05:41,Dong Nai-Bien Hoa,Bien Hoa,30.03,30.0,30.03,72.0,35.61,10000.0,0.0,35.0,5.49,11.71,231.0,1004.0,0,802,Clouds,scattered clouds,03n
2025-07-23 20:09:27,Dong Nai-Bien Hoa,Bien Hoa,30.03,30.0,30.03,72.0,35.61,10000.0,0.0,35.0,5.49,11.71,231.0,1004.0,0,802,Clouds,scattered clouds,03n
2025-07-23 20:13:19,Dong Nai-Bien Hoa,Bien Hoa,30.03,30.0,30.03,72.0,35.61,10000.0,0.0,35.0,5.49,11.71,231.0,1004.0,0,802,Clouds,scattered clouds,03n
2025-07-23 20:17:13,Dong Nai-Bien Hoa,Bien Hoa,30.03,30.0,30.03,72.0,35.61,10000.0,0.0,35.0,5.49,11.71,231.0,1005.0,0,802,Clouds,scattered clouds,03n
2025-07-23 20:21:00,Dong Nai-Bien Hoa,Bien Hoa,30.03,30.0,30.03,72.0,35.61,10000.0,0.0,35.0,5.49,11.71,231.0,1005.0,0,802,Clouds,scattered clouds,03n
2025-07-23 20:24:46,Dong Nai-Bien Hoa,Bien Hoa,30.03,30.0,30.03,72.0,35.61,10000.0,0.0,35.0,5.49,11.71,231.0,1005.0,0,802,Clouds,scattered clouds,03n
2025-07-23 20:28:32,Dong Nai-Bien Hoa,Bien Hoa,30.03,30.0,30.03,72.0,35.61,10000.0,0.0,35.0,5.49,11.71,231.0,1005.0,0,802,Clouds,scattered clouds,03n
2025-07-23 20:32:18,Dong Nai-Bien Hoa,Bien Hoa,30.03,30.0,30.03,74.0,36.12,10000.0,0.0,43.0,4.92,11.43,234.0,1006.0,0,802,Clouds,scattered clouds,03n
2025-07-23 20:36:05,Dong Nai-Bien Hoa,Bien Hoa,30.03,30.0,30.03,74.0,36.12,10000.0,0.0,43.0,4.92,11.43,234.0,1006.0,0,802,Clouds,scattered clouds,03n
2025-07-23 20:39:56,Dong Nai-Bien Hoa,Bien Hoa,30.03,30.0,30.03,74.0,36.12,10000.0,0.0,43.0,4.92,11.43,234.0,1006.0,0,802,Clouds,scattered clouds,03n
2025-07-23 20:43:52,Dong Nai-Bien Hoa,Bien Hoa,30.03,30.0,30.03,74.0,36.12,10000.0,0.0,43.0,4.92,11.43,234.0,1006.0,0,802,Clouds,scattered clouds,03n
2025-07-23 20:47:47,Dong Nai-Bien Hoa,Bien Hoa,30.03,30.0,30.03,74.0,36.12,10000.0,0.0,43.0,4.92,11.43,234.0,1006.0,0,802,Clouds,scattered clouds,03n
2025-07-23 20:51:42,Dong Nai-Bien Hoa,Bien Hoa,30.03,30.0,30.03,74.0,36.12,10000.0,0.0,43.0,4.92,11.43,234.0,1006.0,0,802,Clouds,scattered clouds,03n
2025-07-23 20:55:36,Dong Nai-Bien Hoa,Bien Hoa,30.03,30.0,30.03,74.0,36.12,10000.0,0.0,43.0,4.92,11.43,234.0,1006.0,0,802,Clouds,scattered clouds,03n
2025-07-23 20:59:27,Dong Nai-Bien Hoa,Bien Hoa,30.03,30.0,30.03,74.0,36.12,10000.0,0.0,43.0,4.92,11.43,234.0,1006.0,0,802,Clouds,scattered clouds,03n
2025-07-23 21:03:20,Dong Nai-Bien Hoa,Bien Hoa,30.03,30.0,30.03,73.0,35.86,10000.0,0.0,43.0,4.92,11.43,234.0,1005.0,0,802,Clouds,scattered clouds,03n
2025-07-23 21:07:16,Dong Nai-Bien Hoa,Bien Hoa,30.03,30.0,30.03,73.0,35.86,10000.0,0.0,43.0,4.92,11.43,234.0,1005.0,0,802,Clouds,scattered clouds,03n
2025-07-23 21:11:09,Dong Nai-Bien Hoa,Bien Hoa,30.03,30.0,30.03,73.0,35.86,10000.0,0.0,43.0,4.92,11.43,234.0,1005.0,0,802,Clouds,scattered clouds,03n
2025-07-23 21:15:03,Dong Nai-Bien Hoa,Bien Hoa,30.03,30.0,30.03,73.0,35.86,10000.0,0.0,43.0,4.92,11.43,234.0,1005.0,0,802,Clouds,scattered clouds,03n
2025-07-23 21:19:01,Dong Nai-Bien Hoa,Bien Hoa,30.03,29.0,30.03,73.0,35.86,10000.0,0.0,43.0,4.92,11.43,234.0,1005.0,0,802,Clouds,scattered clouds,03n
2025-07-23 21:22:55,Dong Nai-Bien Hoa,Bien Hoa,30.03,29.0,30.03,73.0,35.86,10000.0,0.0,43.0,4.92,11.43,234.0,1005.0,0,802,Clouds,scattered clouds,03n
2025-07-23 21:26:49,Dong Nai-Bien Hoa,Bien Hoa,30.03,29.0,30.03,73.0,35.86,10000.0,0.0,43.0,4.92,11.43,234.0,1005.0,0,802,Clouds,scattered clouds,03n
2025-07-23 21:30:37,Dong Nai-Bien Hoa,Bien Hoa,30.03,29.0,30.03,73.0,35.86,10000.0,0.0,43.0,4.92,11.43,234.0,1005.0,0,802,Clouds,scattered clouds,03n
2025-07-23 21:34:24,Dong Nai-Bien Hoa,Bien Hoa,30.03,29.0,30.03,76.0,36.65,10000.0,0.0,61.0,4.82,11.56,238.0,1007.0,0,803,Clouds,broken clouds,04n
2025-07-23 21:38:10,Dong Nai-Bien Hoa,Bien Hoa,29.47,29.0,29.47,76.0,35.12,10000.0,0.0,61.0,4.82,11.56,238.0,1007.0,0,803,Clouds,broken clouds,04n
2025-07-23 21:41:57,Dong Nai-Bien Hoa,Bien Hoa,29.47,29.0,29.47,76.0,35.12,10000.0,0.0,61.0,4.82,11.56,238.0,1007.0,0,803,Clouds,broken clouds,04n
2025-07-23 21:45:43,Dong Nai-Bien Hoa,Bien Hoa,29.47,29.0,29.47,76.0,35.12,10000.0,0.0,61.0,4.82,11.56,238.0,1007.0,0,803,Clouds,broken clouds,04n
2025-07-23 21:49:29,Dong Nai-Bien Hoa,Bien Hoa,29.47,29.0,29.47,76.0,35.12,10000.0,0.0,61.0,4.82,11.56,238.0,1007.0,0,803,Clouds,broken clouds,04n
2025-07-23 21:53:17,Dong Nai-Bien Hoa,Bien Hoa,29.47,29.0,29.47,76.0,35.12,10000.0,0.0,61.0,4.82,11.56,238.0,1007.0,0,803,Clouds,broken clouds,04n
2025-07-23 21:57:04,Dong Nai-Bien Hoa,Bien Hoa,29.47,29.0,29.47,76.0,35.12,10000.0,0.0,61.0,4.82,11.56,238.0,1007.0,0,803,Clouds,broken clouds,04n
2025-07-23 22:00:50,Dong Nai-Bien Hoa,Bien Hoa,29.47,29.0,29.47,76.0,35.12,10000.0,0.0,61.0,4.82,11.56,238.0,1007.0,0,803,Clouds,broken clouds,04n
2025-07-23 22:04:36,Dong Nai-Bien Hoa,Bien Hoa,29.47,29.0,29.47,76.0,35.12,10000.0,0.0,61.0,4.82,11.56,238.0,1007.0,0,803,Clouds,broken clouds,04n
2025-07-23 22:08:23,Dong Nai-Bien Hoa,Bien Hoa,29.47,29.0,29.47,75.0,34.89,10000.0,0.0,61.0,4.82,11.56,238.0,1006.0,0,803,Clouds,broken clouds,04n
2025-07-23 22:12:11,Dong Nai-Bien Hoa,Bien Hoa,29.47,29.0,29.47,75.0,34.89,10000.0,0.0,61.0,4.82,11.56,238.0,1006.0,0,803,Clouds,broken clouds,04n
2025-07-23 22:15:58,Dong Nai-Bien Hoa,Bien Hoa,29.47,29.0,29.47,75.0,34.89,10000.0,0.0,61.0,4.82,11.56,238.0,1006.0,0,803,Clouds,broken clouds,04n
2025-07-23 22:19:44,Dong Nai-Bien Hoa,Bien Hoa,29.47,29.0,29.47,75.0,34.89,10000.0,0.0,61.0,4.82,11.56,238.0,1006.0,0,803,Clouds,broken clouds,04n
2025-07-23 22:23:29,Dong Nai-Bien Hoa,Bien Hoa,29.47,29.0,29.47,75.0,34.89,10000.0,0.0,61.0,4.82,11.56,238.0,1006.0,0,803,Clouds,broken clouds,04n
2025-07-23 22:27:16,Dong Nai-Bien Hoa,Bien Hoa,29.47,29.0,29.47,75.0,34.89,10000.0,0.0,61.0,4.82,11.56,238.0,1006.0,0,803,Clouds,broken clouds,04n
2025-07-23 22:31:02,Dong Nai-Bien Hoa,Bien Hoa,29.47,29.0,29.47,77.0,35.35,10000.0,0.0,69.0,4.94,11.57,246.0,1007.0,0,803,Clouds,broken clouds,04n
2025-07-23 22:34:48,Dong Nai-Bien Hoa,Bien Hoa,29.47,29.0,29.47,77.0,35.35,10000.0,0.0,69.0,4.94,11.57,246.0,1007.0,0,803,Clouds,broken clouds,04n
2025-07-23 22:38:34,Dong Nai-Bien Hoa,Bien Hoa,29.47,29.0,29.47,77.0,35.35,10000.0,0.0,69.0,4.94,11.57,246.0,1007.0,0,803,Clouds,broken clouds,04n
2025-07-23 22:42:20,Dong Nai-Bien Hoa,Bien Hoa,29.47,29.0,29.47,77.0,35.35,10000.0,0.0,69.0,4.94,11.57,246.0,1007.0,0,803,Clouds,broken clouds,04n
2025-07-23 22:46:07,Dong Nai-Bien Hoa,Bien Hoa,29.47,29.0,29.47,77.0,35.35,10000.0,0.0,69.0,4.94,11.57,246.0,1007.0,0,803,Clouds,broken clouds,04n
2025-07-23 22:49:55,Dong Nai-Bien Hoa,Bien Hoa,29.47,29.0,29.47,77.0,35.35,10000.0,0.0,69.0,4.94,11.57,246.0,1007.0,0,803,Clouds,broken clouds,04n
2025-07-23 22:53:41,Dong Nai-Bien Hoa,Bien Hoa,29.47,29.0,29.47,77.0,35.35,10000.0,0.0,69.0,4.94,11.57,246.0,1007.0,0,803,Clouds,broken clouds,04n
2025-07-23 22:57:27,Dong Nai-Bien Hoa,Bien Hoa,29.47,29.0,29.47,77.0,35.35,10000.0,0.0,69.0,4.94,11.57,246.0,1007.0,0,803,Clouds,broken clouds,04n
2025-07-23 23:01:14,Dong Nai-Bien Hoa,Bien Hoa,29.47,29.0,29.47,75.0,34.89,10000.0,0.0,69.0,4.94,11.57,246.0,1007.0,0,803,Clouds,broken clouds,04n
2025-07-23 23:05:00,Dong Nai-Bien Hoa,Bien Hoa,29.47,29.0,29.47,77.0,35.35,10000.0,0.0,69.0,4.94,11.57,246.0,1007.0,0,803,Clouds,broken clouds,04n
2025-07-23 23:08:46,Dong Nai-Bien Hoa,Bien Hoa,29.47,29.0,29.47,75.0,34.89,10000.0,0.0,69.0,4.94,11.57,246.0,1007.0,0,803,Clouds,broken clouds,04n
2025-07-23 23:12:32,Dong Nai-Bien Hoa,Bien Hoa,29.47,29.0,29.47,75.0,34.89,10000.0,0.0,69.0,4.94,11.57,246.0,1007.0,0,803,Clouds,broken clouds,04n
2025-07-23 23:16:19,Dong Nai-Bien Hoa,Bien Hoa,29.47,29.0,29.47,76.0,35.12,10000.0,0.0,69.0,4.94,11.57,246.0,1007.0,0,803,Clouds,broken clouds,04n
2025-07-23 23:20:05,Dong Nai-Bien Hoa,Bien Hoa,28.92,28.92,29.0,76.0,33.7,10000.0,0.0,69.0,4.94,11.57,246.0,1007.0,0,803,Clouds,broken clouds,04n
2025-07-23 23:23:51,Dong Nai-Bien Hoa,Bien Hoa,28.92,28.92,29.0,76.0,33.7,10000.0,0.0,69.0,4.94,11.57,246.0,1007.0,0,803,Clouds,broken clouds,04n
2025-07-23 23:27:38,Dong Nai-Bien Hoa,Bien Hoa,28.92,28.92,29.0,76.0,33.7,10000.0,0.0,69.0,4.94,11.57,246.0,1007.0,0,803,Clouds,broken clouds,04n
2025-07-23 23:31:26,Dong Nai-Bien Hoa,Bien Hoa,28.92,28.92,29.0,78.0,34.1,10000.0,0.0,75.0,4.94,11.56,247.0,1007.0,0,803,Clouds,broken clouds,04n
2025-07-23 23:35:12,Dong Nai-Bien Hoa,Bien Hoa,28.92,28.92,29.0,78.0,34.1,10000.0,0.0,75.0,4.94,11.56,247.0,1007.0,0,803,Clouds,broken clouds,04n
2025-07-23 23:38:57,Dong Nai-Bien Hoa,Bien Hoa,28.92,28.92,29.0,78.0,34.1,10000.0,0.0,75.0,4.94,11.56,247.0,1007.0,0,803,Clouds,broken clouds,04n
2025-07-23 23:42:45,Dong Nai-Bien Hoa,Bien Hoa,28.92,28.92,29.0,78.0,34.1,10000.0,0.0,75.0,4.94,11.56,247.0,1007.0,0,803,Clouds,broken clouds,04n
2025-07-23 23:46:31,Dong Nai-Bien Hoa,Bien Hoa,28.92,28.92,29.0,80.0,34.52,10000.0,0.0,75.0,4.94,11.56,247.0,1007.0,0,803,Clouds,broken clouds,04n
2025-07-23 23:50:17,Dong Nai-Bien Hoa,Bien Hoa,28.92,28.92,29.0,80.0,34.52,10000.0,0.0,75.0,4.94,11.56,247.0,1007.0,0,803,Clouds,broken clouds,04n
2025-07-23 23:54:07,Dong Nai-Bien Hoa,Bien Hoa,28.92,28.92,29.0,80.0,34.52,10000.0,0.0,75.0,4.94,11.56,247.0,1007.0,0,803,Clouds,broken clouds,04n
2025-07-23 23:57:54,Dong Nai-Bien Hoa,Bien Hoa,28.92,28.92,29.0,80.0,34.52,10000.0,0.0,75.0,4.94,11.56,247.0,1007.0,0,803,Clouds,broken clouds,04n
2025-07-24 00:01:40,Dong Nai-Bien Hoa,Bien Hoa,28.92,28.92,29.0,78.0,34.1,10000.0,0.0,75.0,4.94,11.56,247.0,1006.0,0,803,Clouds,broken clouds,04n
2025-07-24 00:05:32,Dong Nai-Bien Hoa,Bien Hoa,28.92,28.92,29.0,78.0,34.1,10000.0,0.0,75.0,4.94,11.56,247.0,1006.0,0,803,Clouds,broken clouds,04n
2025-07-24 00:09:19,Dong Nai-Bien Hoa,Bien Hoa,28.92,28.92,29.0,78.0,34.1,10000.0,0.0,75.0,4.94,11.56,247.0,1006.0,0,803,Clouds,broken clouds,04n
2025-07-24 00:13:05,Dong Nai-Bien Hoa,Bien Hoa,28.92,28.92,29.0,78.0,34.1,10000.0,0.0,75.0,4.94,11.56,247.0,1006.0,0,803,Clouds,broken clouds,04n
2025-07-24 00:16:52,Dong Nai-Bien Hoa,Bien Hoa,28.36,28.36,29.0,79.0,32.84,10000.0,0.0,75.0,4.94,11.56,247.0,1006.0,0,803,Clouds,broken clouds,04n
2025-07-24 00:20:37,Dong Nai-Bien Hoa,Bien Hoa,28.36,28.36,29.0,79.0,32.84,10000.0,0.0,75.0,4.94,11.56,247.0,1006.0,0,803,Clouds,broken clouds,04n
2025-07-24 00:24:23,Dong Nai-Bien Hoa,Bien Hoa,28.36,28.36,29.0,79.0,32.84,10000.0,0.0,75.0,4.94,11.56,247.0,1006.0,0,803,Clouds,broken clouds,04n
2025-07-24 00:28:09,Dong Nai-Bien Hoa,Bien Hoa,28.36,28.36,29.0,79.0,32.84,10000.0,0.0,75.0,4.94,11.56,247.0,1006.0,0,803,Clouds,broken clouds,04n
2025-07-24 00:31:55,Dong Nai-Bien Hoa,Bien Hoa,28.36,28.36,29.0,79.0,32.84,10000.0,0.0,75.0,4.94,11.56,247.0,1006.0,0,803,Clouds,broken clouds,04n
2025-07-24 00:35:41,Dong Nai-Bien Hoa,Bien Hoa,28.36,28.36,29.0,79.0,32.84,10000.0,0.0,75.0,4.94,11.56,247.0,1006.0,0,803,Clouds,broken clouds,04n
2025-07-24 00:40:22,Dong Nai-Bien Hoa,Bien Hoa,28.36,28.36,29.0,81.0,33.2,10000.0,0.37,80.0,5.12,13.02,248.0,1006.0,0,500,Rain,light rain,10n
2025-07-24 00:44:09,Dong Nai-Bien Hoa,Bien Hoa,28.36,28.36,29.0,81.0,33.2,10000.0,0.33,80.0,5.12,13.02,248.0,1006.0,0,500,Rain,light rain,10n
2025-07-24 00:47:56,Dong Nai-Bien Hoa,Bien Hoa,28.36,28.0,28.36,81.0,33.2,10000.0,0.15,80.0,5.12,13.02,248.0,1006.0,0,500,Rain,light rain,10n
2025-07-24 00:51:42,Dong Nai-Bien Hoa,Bien Hoa,28.36,28.0,28.36,81.0,33.2,10000.0,0.15,80.0,5.12,13.02,248.0,1006.0,0,500,Rain,light rain,10n
2025-07-24 00:55:28,Dong Nai-Bien Hoa,Bien Hoa,28.36,28.0,28.36,81.0,33.2,10000.0,0.0,80.0,5.12,13.02,248.0,1006.0,0,803,Clouds,broken clouds,04n
2025-07-24 00:59:14,Dong Nai-Bien Hoa,Bien Hoa,28.36,28.0,28.36,81.0,33.2,10000.0,0.0,80.0,5.12,13.02,248.0,1006.0,0,803,Clouds,broken clouds,04n
2025-07-24 01:03:00,Dong Nai-Bien Hoa,Bien Hoa,28.36,28.0,28.36,81.0,33.2,10000.0,0.0,80.0,5.12,13.02,248.0,1006.0,0,803,Clouds,broken clouds,04n
2025-07-24 01:06:46,Dong Nai-Bien Hoa,Bien Hoa,28.36,28.0,28.36,81.0,33.2,10000.0,0.0,80.0,5.12,13.02,248.0,1006.0,0,803,Clouds,broken clouds,04n
2025-07-24 01:10:40,Dong Nai-Bien Hoa,Bien Hoa,28.36,28.0,28.36,81.0,33.2,10000.0,0.0,80.0,5.12,13.02,248.0,1006.0,0,803,Clouds,broken clouds,04n
2025-07-24 01:14:26,Dong Nai-Bien Hoa,Bien Hoa,28.36,28.0,28.36,81.0,33.2,10000.0,0.0,80.0,5.12,13.02,248.0,1006.0,0,803,Clouds,broken clouds,04n
2025-07-24 01:18:13,Dong Nai-Bien Hoa,Bien Hoa,28.36,28.0,28.36,81.0,33.2,10000.0,0.0,80.0,5.12,13.02,248.0,1006.0,0,803,Clouds,broken clouds,04n
2025-07-24 01:21:59,Dong Nai-Bien Hoa,Bien Hoa,28.36,28.0,28.36,81.0,33.2,10000.0,0.0,80.0,5.12,13.02,248.0,1006.0,0,803,Clouds,broken clouds,04n
2025-07-24 01:25:45,Dong Nai-Bien Hoa,Bien Hoa,28.36,28.0,28.36,81.0,33.2,10000.0,0.0,80.0,5.12,13.02,248.0,1006.0,0,803,Clouds,broken clouds,04n
2025-07-24 01:29:31,Dong Nai-Bien Hoa,Bien Hoa,28.36,28.0,28.36,81.0,33.2,10000.0,0.0,80.0,5.12,13.02,248.0,1006.0,0,803,Clouds,broken clouds,04n
2025-07-24 01:33:17,Dong Nai-Bien Hoa,Bien Hoa,28.36,28.0,28.36,81.0,33.2,10000.0,0.0,80.0,5.12,13.02,248.0,1006.0,0,803,Clouds,broken clouds,04n
2025-07-24 01:37:03,Dong Nai-Bien Hoa,Bien Hoa,28.36,28.0,28.36,82.0,33.38,10000.0,0.0,100.0,4.72,13.03,250.0,1006.0,0,804,Clouds,overcast clouds,04n
2025-07-24 01:40:50,Dong Nai-Bien Hoa,Bien Hoa,28.36,28.0,28.36,82.0,33.38,10000.0,0.0,100.0,4.72,13.03,250.0,1006.0,0,804,Clouds,overcast clouds,04n
2025-07-24 01:44:36,Dong Nai-Bien Hoa,Bien Hoa,28.36,28.0,28.36,82.0,33.38,10000.0,0.0,100.0,4.72,13.03,250.0,1006.0,0,804,Clouds,overcast clouds,04n
2025-07-24 01:48:22,Dong Nai-Bien Hoa,Bien Hoa,28.36,28.0,28.36,84.0,33.74,10000.0,0.0,100.0,4.72,13.03,250.0,1006.0,0,804,Clouds,overcast clouds,04n
2025-07-24 01:52:08,Dong Nai-Bien Hoa,Bien Hoa,28.36,28.0,28.36,84.0,33.74,10000.0,0.0,100.0,4.72,13.03,250.0,1006.0,0,804,Clouds,overcast clouds,04n
2025-07-24 01:55:54,Dong Nai-Bien Hoa,Bien Hoa,28.36,28.0,28.36,84.0,33.74,10000.0,0.0,100.0,4.72,13.03,250.0,1006.0,0,804,Clouds,overcast clouds,04n
2025-07-24 01:59:40,Dong Nai-Bien Hoa,Bien Hoa,28.36,28.0,28.36,84.0,33.74,10000.0,0.0,100.0,4.72,13.03,250.0,1006.0,0,804,Clouds,overcast clouds,04n
2025-07-24 02:03:26,Dong Nai-Bien Hoa,Bien Hoa,28.36,28.0,28.36,84.0,33.74,10000.0,0.0,100.0,4.72,13.03,250.0,1006.0,0,804,Clouds,overcast clouds,04n
2025-07-24 02:07:12,Dong Nai-Bien Hoa,Bien Hoa,28.36,28.0,28.36,84.0,33.74,10000.0,0.0,100.0,4.72,13.03,250.0,1006.0,0,804,Clouds,overcast clouds,04n
2025-07-24 02:10:58,Dong Nai-Bien Hoa,Bien Hoa,28.36,28.0,28.36,84.0,33.74,10000.0,0.0,100.0,4.72,13.03,250.0,1006.0,0,804,Clouds,overcast clouds,04n
2025-07-24 02:14:46,Dong Nai-Bien Hoa,Bien Hoa,28.36,28.0,28.36,84.0,33.74,10000.0,0.0,100.0,4.72,13.03,250.0,1006.0,0,804,Clouds,overcast clouds,04n
2025-07-24 02:18:32,Dong Nai-Bien Hoa,Bien Hoa,28.36,28.0,28.36,84.0,33.74,10000.0,0.0,100.0,4.72,13.03,250.0,1006.0,0,804,Clouds,overcast clouds,04n
2025-07-24 02:22:18,Dong Nai-Bien Hoa,Bien Hoa,27.81,27.81,28.0,84.0,32.21,10000.0,0.0,100.0,4.72,13.03,250.0,1006.0,0,804,Clouds,overcast clouds,04n
2025-07-24 02:26:10,Dong Nai-Bien Hoa,Bien Hoa,28.36,28.0,28.36,84.0,33.74,10000.0,0.0,100.0,4.72,13.03,250.0,1006.0,0,804,Clouds,overcast clouds,04n
2025-07-24 02:29:58,Dong Nai-Bien Hoa,Bien Hoa,27.81,27.81,28.0,84.0,32.21,10000.0,0.0,100.0,4.72,13.03,250.0,1006.0,0,804,Clouds,overcast clouds,04n
2025-07-24 02:33:46,Dong Nai-Bien Hoa,Bien Hoa,27.81,27.81,28.0,84.0,32.21,10000.0,0.0,100.0,4.48,12.59,255.0,1006.0,0,804,Clouds,overcast clouds,04n
2025-07-24 02:37:40,Dong Nai-Bien Hoa,Bien Hoa,27.81,27.81,28.0,84.0,32.21,10000.0,0.0,100.0,4.72,13.03,250.0,1006.0,0,804,Clouds,overcast clouds,04n
2025-07-24 02:41:27,Dong Nai-Bien Hoa,Bien Hoa,27.81,27.81,28.0,84.0,32.21,10000.0,0.0,100.0,4.48,12.59,255.0,1006.0,0,804,Clouds,overcast clouds,04n
2025-07-24 02:45:14,Dong Nai-Bien Hoa,Bien Hoa,27.81,27.81,28.0,84.0,32.21,10000.0,0.0,100.0,4.48,12.59,255.0,1006.0,0,804,Clouds,overcast clouds,04n
2025-07-24 02:49:00,Dong Nai-Bien Hoa,Bien Hoa,27.81,27.81,28.0,84.0,32.21,10000.0,0.0,100.0,4.48,12.59,255.0,1006.0,0,804,Clouds,overcast clouds,04n
2025-07-24 02:52:47,Dong Nai-Bien Hoa,Bien Hoa,27.81,27.81,28.0,84.0,32.21,10000.0,0.0,100.0,4.48,12.59,255.0,1006.0,0,804,Clouds,overcast clouds,04n
2025-07-24 02:56:34,Dong Nai-Bien Hoa,Bien Hoa,27.81,27.81,28.0,84.0,32.21,10000.0,0.0,100.0,4.48,12.59,255.0,1006.0,0,804,Clouds,overcast clouds,04n
2025-07-24 03:00:20,Dong Nai-Bien Hoa,Bien Hoa,27.81,27.81,28.0,84.0,32.21,10000.0,0.0,100.0,4.48,12.59,255.0,1006.0,0,804,Clouds,overcast clouds,04n
2025-07-24 03:04:07,Dong Nai-Bien Hoa,Bien Hoa,27.81,27.81,28.0,84.0,32.21,10000.0,0.0,100.0,4.48,12.59,255.0,1006.0,0,804,Clouds,overcast clouds,04n
2025-07-24 03:07:54,Dong Nai-Bien Hoa,Bien Hoa,27.81,27.81,28.0,84.0,32.21,10000.0,0.0,100.0,4.48,12.59,255.0,1006.0,0,804,Clouds,overcast clouds,04n
2025-07-24 03:11:42,Dong Nai-Bien Hoa,Bien Hoa,27.81,27.81,28.0,84.0,32.21,10000.0,0.0,100.0,4.48,12.59,255.0,1006.0,0,804,Clouds,overcast clouds,04n
2025-07-24 03:15:29,Dong Nai-Bien Hoa,Bien Hoa,27.81,27.81,28.0,84.0,32.21,10000.0,0.0,100.0,4.48,12.59,255.0,1006.0,0,804,Clouds,overcast clouds,04n
2025-07-24 03:19:15,Dong Nai-Bien Hoa,Bien Hoa,27.81,27.0,27.81,84.0,32.21,10000.0,0.0,100.0,4.48,12.59,255.0,1006.0,0,804,Clouds,overcast clouds,04n
2025-07-24 03:23:01,Dong Nai-Bien Hoa,Bien Hoa,27.81,27.0,27.81,84.0,32.21,10000.0,0.0,100.0,4.48,12.59,255.0,1006.0,0,804,Clouds,overcast clouds,04n
2025-07-24 03:26:48,Dong Nai-Bien Hoa,Bien Hoa,27.81,27.0,27.81,84.0,32.21,10000.0,0.0,100.0,4.48,12.59,255.0,1006.0,0,804,Clouds,overcast clouds,04n
2025-07-24 03:30:35,Dong Nai-Bien Hoa,Bien Hoa,27.81,27.0,27.81,84.0,32.21,10000.0,0.0,100.0,4.48,12.59,255.0,1006.0,0,804,Clouds,overcast clouds,04n
2025-07-24 03:34:20,Dong Nai-Bien Hoa,Bien Hoa,27.81,27.0,27.81,84.0,32.21,10000.0,0.0,100.0,4.48,12.59,255.0,1006.0,0,804,Clouds,overcast clouds,04n
2025-07-24 03:38:09,Dong Nai-Bien Hoa,Bien Hoa,27.81,27.0,27.81,87.0,32.67,10000.0,0.0,100.0,3.55,10.55,256.0,1006.0,0,804,Clouds,overcast clouds,04n
2025-07-24 03:41:56,Dong Nai-Bien Hoa,Bien Hoa,27.81,27.0,27.81,87.0,32.67,10000.0,0.0,100.0,3.55,10.55,256.0,1006.0,0,804,Clouds,overcast clouds,04n
2025-07-24 03:45:41,Dong Nai-Bien Hoa,Bien Hoa,27.81,27.0,27.81,87.0,32.67,10000.0,0.0,100.0,3.55,10.55,256.0,1006.0,0,804,Clouds,overcast clouds,04n
2025-07-24 03:49:27,Dong Nai-Bien Hoa,Bien Hoa,27.81,27.0,27.81,86.0,32.52,10000.0,0.0,100.0,3.55,10.55,256.0,1006.0,0,804,Clouds,overcast clouds,04n
2025-07-24 03:53:13,Dong Nai-Bien Hoa,Bien Hoa,27.81,27.0,27.81,86.0,32.52,10000.0,0.0,100.0,3.55,10.55,256.0,1006.0,0,804,Clouds,overcast clouds,04n
2025-07-24 03:56:59,Dong Nai-Bien Hoa,Bien Hoa,27.81,27.0,27.81,86.0,32.52,10000.0,0.0,100.0,3.55,10.55,256.0,1006.0,0,804,Clouds,overcast clouds,04n
2025-07-24 04:00:45,Dong Nai-Bien Hoa,Bien Hoa,27.81,27.0,27.81,86.0,32.52,10000.0,0.0,100.0,3.55,10.55,256.0,1006.0,0,804,Clouds,overcast clouds,04n
2025-07-24 04:04:31,Dong Nai-Bien Hoa,Bien Hoa,27.81,27.0,27.81,86.0,32.52,10000.0,0.0,100.0,3.55,10.55,256.0,1006.0,0,804,Clouds,overcast clouds,04n
2025-07-24 04:08:17,Dong Nai-Bien Hoa,Bien Hoa,27.81,27.0,27.81,87.0,32.67,10000.0,0.0,100.0,3.55,10.55,256.0,1005.0,0,804,Clouds,overcast clouds,04n
2025-07-24 04:12:04,Dong Nai-Bien Hoa,Bien Hoa,27.81,27.0,27.81,87.0,32.67,10000.0,0.0,100.0,3.55,10.55,256.0,1005.0,0,804,Clouds,overcast clouds,04n
2025-07-24 04:15:50,Dong Nai-Bien Hoa,Bien Hoa,27.81,27.0,27.81,87.0,32.67,10000.0,0.0,100.0,3.55,10.55,256.0,1005.0,0,804,Clouds,overcast clouds,04n
2025-07-24 04:19:36,Dong Nai-Bien Hoa,Bien Hoa,27.81,27.0,27.81,87.0,32.67,10000.0,0.0,100.0,3.55,10.55,256.0,1005.0,0,804,Clouds,overcast clouds,04n
2025-07-24 04:23:23,Dong Nai-Bien Hoa,Bien Hoa,27.81,27.0,27.81,87.0,32.67,10000.0,0.0,100.0,3.55,10.55,256.0,1005.0,0,804,Clouds,overcast clouds,04n
2025-07-24 04:27:09,Dong Nai-Bien Hoa,Bien Hoa,27.81,27.0,27.81,87.0,32.67,10000.0,0.0,100.0,3.55,10.55,256.0,1005.0,0,804,Clouds,overcast clouds,04n
2025-07-24 04:30:54,Dong Nai-Bien Hoa,Bien Hoa,27.81,27.0,27.81,87.0,32.67,10000.0,0.0,100.0,3.55,10.55,256.0,1005.0,0,804,Clouds,overcast clouds,04n
2025-07-24 04:34:40,Dong Nai-Bien Hoa,Bien Hoa,27.81,27.0,27.81,88.0,32.83,10000.0,0.0,100.0,2.84,8.91,255.0,1006.0,0,804,Clouds,overcast clouds,04n
2025-07-24 04:38:26,Dong Nai-Bien Hoa,Bien Hoa,27.81,27.0,27.81,88.0,32.83,10000.0,0.0,100.0,2.84,8.91,255.0,1006.0,0,804,Clouds,overcast clouds,04n
2025-07-24 04:42:12,Dong Nai-Bien Hoa,Bien Hoa,27.81,27.0,27.81,88.0,32.83,10000.0,0.0,100.0,2.84,8.91,255.0,1006.0,0,804,Clouds,overcast clouds,04n
2025-07-24 04:45:58,Dong Nai-Bien Hoa,Bien Hoa,27.81,27.0,27.81,88.0,32.83,10000.0,0.0,100.0,2.84,8.91,255.0,1006.0,0,804,Clouds,overcast clouds,04n
2025-07-24 04:49:44,Dong Nai-Bien Hoa,Bien Hoa,27.81,27.0,27.81,87.0,32.67,10000.0,0.0,100.0,2.84,8.91,255.0,1006.0,0,804,Clouds,overcast clouds,04n
2025-07-24 04:53:30,Dong Nai-Bien Hoa,Bien Hoa,27.81,27.0,27.81,87.0,32.67,10000.0,0.0,100.0,2.84,8.91,255.0,1006.0,0,804,Clouds,overcast clouds,04n
2025-07-24 04:57:16,Dong Nai-Bien Hoa,Bien Hoa,27.81,27.0,27.81,87.0,32.67,10000.0,0.0,100.0,2.84,8.91,255.0,1006.0,0,804,Clouds,overcast clouds,04n
2025-07-24 05:01:06,Dong Nai-Bien Hoa,Bien Hoa,27.81,27.0,27.81,87.0,32.67,10000.0,0.0,100.0,2.84,8.91,255.0,1006.0,0,804,Clouds,overcast clouds,04n
2025-07-24 05:04:53,Dong Nai-Bien Hoa,Bien Hoa,27.81,27.0,27.81,87.0,32.67,10000.0,0.0,100.0,2.84,8.91,255.0,1006.0,0,804,Clouds,overcast clouds,04n
2025-07-24 05:08:39,Dong Nai-Bien Hoa,Bien Hoa,27.81,27.0,27.81,87.0,32.67,10000.0,0.0,100.0,2.84,8.91,255.0,1006.0,0,804,Clouds,overcast clouds,04n
2025-07-24 05:12:25,Dong Nai-Bien Hoa,Bien Hoa,27.81,27.0,27.81,88.0,32.83,10000.0,0.0,100.0,2.84,8.91,255.0,1005.0,0,804,Clouds,overcast clouds,04n
2025-07-24 05:16:11,Dong Nai-Bien Hoa,Bien Hoa,27.81,27.0,27.81,88.0,32.83,10000.0,0.0,100.0,2.84,8.91,255.0,1005.0,0,804,Clouds,overcast clouds,04n
2025-07-24 05:19:57,Dong Nai-Bien Hoa,Bien Hoa,27.81,27.0,27.81,88.0,32.83,10000.0,0.0,100.0,2.84,8.91,255.0,1005.0,0,804,Clouds,overcast clouds,04n
2025-07-24 05:23:44,Dong Nai-Bien Hoa,Bien Hoa,27.81,27.0,27.81,88.0,32.83,10000.0,0.0,100.0,2.84,8.91,255.0,1005.0,0,804,Clouds,overcast clouds,04n
2025-07-24 05:27:30,Dong Nai-Bien Hoa,Bien Hoa,27.81,27.0,27.81,88.0,32.83,10000.0,0.0,100.0,2.84,8.91,255.0,1005.0,0,804,Clouds,overcast clouds,04n
2025-07-24 05:31:17,Dong Nai-Bien Hoa,Bien Hoa,27.81,27.0,27.81,89.0,32.99,10000.0,0.0,100.0,2.45,9.59,252.0,1006.0,0,804,Clouds,overcast clouds,04n
2025-07-24 05:35:04,Dong Nai-Bien Hoa,Bien Hoa,27.81,27.0,27.81,89.0,32.99,10000.0,0.0,100.0,2.45,9.59,252.0,1006.0,0,804,Clouds,overcast clouds,04n
2025-07-24 05:38:50,Dong Nai-Bien Hoa,Bien Hoa,27.81,27.0,27.81,89.0,32.99,10000.0,0.0,100.0,2.45,9.59,252.0,1006.0,0,804,Clouds,overcast clouds,04n
2025-07-24 05:42:36,Dong Nai-Bien Hoa,Bien Hoa,27.81,27.0,27.81,89.0,32.99,10000.0,0.0,100.0,2.45,9.59,252.0,1006.0,1,804,Clouds,overcast clouds,04n
2025-07-24 05:46:22,Dong Nai-Bien Hoa,Bien Hoa,27.81,27.0,27.81,88.0,32.83,10000.0,0.0,100.0,2.45,9.59,252.0,1006.0,1,804,Clouds,overcast clouds,04d
2025-07-24 05:50:08,Dong Nai-Bien Hoa,Bien Hoa,27.81,27.0,27.81,88.0,32.83,10000.0,0.0,100.0,2.45,9.59,252.0,1006.0,1,804,Clouds,overcast clouds,04d
2025-07-24 05:53:54,Dong Nai-Bien Hoa,Bien Hoa,27.81,27.0,27.81,88.0,32.83,10000.0,0.0,100.0,2.45,9.59,252.0,1006.0,1,804,Clouds,overcast clouds,04d
2025-07-24 05:57:40,Dong Nai-Bien Hoa,Bien Hoa,27.81,27.0,27.81,88.0,32.83,10000.0,0.0,100.0,2.45,9.59,252.0,1006.0,1,804,Clouds,overcast clouds,04d
2025-07-24 06:01:27,Dong Nai-Bien Hoa,Bien Hoa,27.81,27.0,27.81,88.0,32.83,10000.0,0.0,100.0,2.45,9.59,252.0,1006.0,1,804,Clouds,overcast clouds,04d
2025-07-24 06:05:15,Dong Nai-Bien Hoa,Bien Hoa,27.81,27.0,27.81,88.0,32.83,10000.0,0.0,100.0,2.45,9.59,252.0,1006.0,1,804,Clouds,overcast clouds,04d
2025-07-24 06:09:01,Dong Nai-Bien Hoa,Bien Hoa,27.81,27.0,27.81,88.0,32.83,10000.0,0.0,100.0,2.45,9.59,252.0,1006.0,1,804,Clouds,overcast clouds,04d
2025-07-24 06:12:47,Dong Nai-Bien Hoa,Bien Hoa,27.25,27.0,27.25,88.0,31.22,10000.0,0.0,100.0,2.45,9.59,252.0,1006.0,1,804,Clouds,overcast clouds,04d
2025-07-24 06:16:33,Dong Nai-Bien Hoa,Bien Hoa,27.25,27.0,27.25,88.0,31.22,10000.0,0.0,100.0,2.45,9.59,252.0,1006.0,1,804,Clouds,overcast clouds,04d
2025-07-24 06:20:19,Dong Nai-Bien Hoa,Bien Hoa,27.81,27.0,27.81,88.0,32.83,10000.0,0.0,100.0,2.45,9.59,252.0,1006.0,1,804,Clouds,overcast clouds,04d
2025-07-24 06:24:07,Dong Nai-Bien Hoa,Bien Hoa,27.81,27.0,27.81,88.0,32.83,10000.0,0.0,100.0,2.45,9.59,252.0,1006.0,1,804,Clouds,overcast clouds,04d
2025-07-24 06:27:53,Dong Nai-Bien Hoa,Bien Hoa,27.81,27.0,27.81,88.0,32.83,10000.0,0.0,100.0,2.45,9.59,252.0,1006.0,1,804,Clouds,overcast clouds,04d
2025-07-24 06:31:40,Dong Nai-Bien Hoa,Bien Hoa,27.81,27.0,27.81,87.0,32.67,10000.0,0.0,100.0,2.81,10.83,260.0,1007.0,1,804,Clouds,overcast clouds,04d
2025-07-24 06:35:25,Dong Nai-Bien Hoa,Bien Hoa,27.81,27.0,27.81,87.0,32.67,10000.0,0.0,100.0,2.81,10.83,260.0,1007.0,1,804,Clouds,overcast clouds,04d
2025-07-24 06:39:11,Dong Nai-Bien Hoa,Bien Hoa,27.81,27.0,27.81,87.0,32.67,10000.0,0.0,100.0,2.81,10.83,260.0,1007.0,1,804,Clouds,overcast clouds,04d
2025-07-24 06:42:57,Dong Nai-Bien Hoa,Bien Hoa,27.81,27.0,27.81,87.0,32.67,10000.0,0.0,100.0,2.81,10.83,260.0,1007.0,1,804,Clouds,overcast clouds,04d
2025-07-24 06:46:42,Dong Nai-Bien Hoa,Bien Hoa,27.81,27.0,27.81,87.0,32.67,10000.0,0.0,100.0,2.81,10.83,260.0,1007.0,1,804,Clouds,overcast clouds,04d
2025-07-24 06:50:29,Dong Nai-Bien Hoa,Bien Hoa,27.81,27.0,27.81,86.0,32.52,10000.0,0.0,100.0,2.81,10.83,260.0,1007.0,1,804,Clouds,overcast clouds,04d
2025-07-24 06:54:15,Dong Nai-Bien Hoa,Bien Hoa,27.81,27.0,27.81,86.0,32.52,10000.0,0.0,100.0,2.81,10.83,260.0,1007.0,1,804,Clouds,overcast clouds,04d
2025-07-24 06:58:01,Dong Nai-Bien Hoa,Bien Hoa,27.81,27.0,27.81,86.0,32.52,10000.0,0.0,100.0,2.81,10.83,260.0,1007.0,1,804,Clouds,overcast clouds,04d
2025-07-24 07:01:47,Dong Nai-Bien Hoa,Bien Hoa,27.81,27.0,27.81,87.0,32.67,10000.0,0.0,100.0,2.81,10.83,260.0,1006.0,1,804,Clouds,overcast clouds,04d
2025-07-24 07:05:37,Dong Nai-Bien Hoa,Bien Hoa,27.81,27.0,27.81,87.0,32.67,10000.0,0.0,100.0,2.81,10.83,260.0,1006.0,1,804,Clouds,overcast clouds,04d
2025-07-24 07:09:26,Dong Nai-Bien Hoa,Bien Hoa,27.81,27.0,27.81,87.0,32.67,10000.0,0.0,100.0,2.81,10.83,260.0,1006.0,1,804,Clouds,overcast clouds,04d
2025-07-24 07:13:11,Dong Nai-Bien Hoa,Bien Hoa,27.81,27.0,27.81,87.0,32.67,10000.0,0.0,100.0,2.81,10.83,260.0,1006.0,1,804,Clouds,overcast clouds,04d
2025-07-24 07:16:58,Dong Nai-Bien Hoa,Bien Hoa,27.81,27.0,27.81,87.0,32.67,10000.0,0.0,100.0,2.81,10.83,260.0,1006.0,1,804,Clouds,overcast clouds,04d
2025-07-24 07:20:44,Dong Nai-Bien Hoa,Bien Hoa,27.81,27.0,27.81,87.0,32.67,10000.0,0.0,100.0,2.81,10.83,260.0,1006.0,1,804,Clouds,overcast clouds,04d
2025-07-24 07:24:30,Dong Nai-Bien Hoa,Bien Hoa,27.81,27.0,27.81,87.0,32.67,10000.0,0.0,100.0,2.81,10.83,260.0,1006.0,1,804,Clouds,overcast clouds,04d
2025-07-24 07:28:16,Dong Nai-Bien Hoa,Bien Hoa,28.36,27.0,28.36,87.0,34.32,10000.0,0.0,100.0,2.81,10.83,260.0,1006.0,1,804,Clouds,overcast clouds,04d
2025-07-24 07:32:02,Dong Nai-Bien Hoa,Bien Hoa,28.36,27.0,28.36,87.0,34.32,10000.0,0.0,100.0,2.81,10.83,260.0,1006.0,1,804,Clouds,overcast clouds,04d
2025-07-24 07:35:48,Dong Nai-Bien Hoa,Bien Hoa,28.36,27.0,28.36,81.0,33.2,10000.0,0.0,100.0,4.66,11.3,259.0,1007.0,1,804,Clouds,overcast clouds,04d
2025-07-24 07:39:34,Dong Nai-Bien Hoa,Bien Hoa,28.36,27.0,28.36,81.0,33.2,10000.0,0.0,100.0,4.66,11.3,259.0,1007.0,1,804,Clouds,overcast clouds,04d
2025-07-24 07:43:20,Dong Nai-Bien Hoa,Bien Hoa,28.36,27.0,28.36,81.0,33.2,10000.0,0.0,100.0,4.66,11.3,259.0,1007.0,1,804,Clouds,overcast clouds,04d
2025-07-24 07:47:08,Dong Nai-Bien Hoa,Bien Hoa,28.36,28.0,28.36,81.0,33.2,10000.0,0.0,100.0,4.66,11.3,259.0,1007.0,1,804,Clouds,overcast clouds,04d
2025-07-24 07:50:54,Dong Nai-Bien Hoa,Bien Hoa,28.92,28.0,28.92,81.0,34.73,10000.0,0.0,100.0,4.66,11.3,259.0,1007.0,1,804,Clouds,overcast clouds,04d
2025-07-24 07:54:42,Dong Nai-Bien Hoa,Bien Hoa,28.92,28.0,28.92,81.0,34.73,10000.0,0.0,100.0,4.66,11.3,259.0,1007.0,1,804,Clouds,overcast clouds,04d
2025-07-24 07:58:27,Dong Nai-Bien Hoa,Bien Hoa,28.92,28.0,28.92,81.0,34.73,10000.0,0.0,100.0,4.66,11.3,259.0,1007.0,1,804,Clouds,overcast clouds,04d
2025-07-24 08:02:13,Dong Nai-Bien Hoa,Bien Hoa,28.92,28.0,28.92,81.0,34.73,10000.0,0.0,100.0,4.66,11.3,259.0,1007.0,1,804,Clouds,overcast clouds,04d
2025-07-24 08:05:59,Dong Nai-Bien Hoa,Bien Hoa,28.92,28.0,28.92,84.0,35.39,10000.0,0.0,100.0,4.66,11.3,259.0,1007.0,1,804,Clouds,overcast clouds,04d
2025-07-24 08:09:46,Dong Nai-Bien Hoa,Bien Hoa,28.92,28.0,28.92,84.0,35.39,10000.0,0.0,100.0,4.66,11.3,259.0,1007.0,1,804,Clouds,overcast clouds,04d
2025-07-24 08:13:32,Dong Nai-Bien Hoa,Bien Hoa,28.92,28.0,28.92,84.0,35.39,10000.0,0.0,100.0,4.66,11.3,259.0,1007.0,1,804,Clouds,overcast clouds,04d
2025-07-24 08:17:18,Dong Nai-Bien Hoa,Bien Hoa,29.47,29.0,29.47,83.0,36.47,10000.0,0.0,100.0,4.66,11.3,259.0,1007.0,1,804,Clouds,overcast clouds,04d
2025-07-24 08:21:07,Dong Nai-Bien Hoa,Bien Hoa,29.47,29.0,29.47,83.0,36.47,10000.0,0.0,100.0,4.66,11.3,259.0,1007.0,1,804,Clouds,overcast clouds,04d
2025-07-24 08:24:53,Dong Nai-Bien Hoa,Bien Hoa,29.47,29.0,29.47,83.0,36.47,10000.0,0.0,100.0,4.66,11.3,259.0,1007.0,1,804,Clouds,overcast clouds,04d
2025-07-24 08:28:39,Dong Nai-Bien Hoa,Bien Hoa,29.47,29.0,29.47,83.0,36.47,10000.0,0.0,100.0,4.66,11.3,259.0,1007.0,1,804,Clouds,overcast clouds,04d
2025-07-24 08:32:25,Dong Nai-Bien Hoa,Bien Hoa,29.47,29.0,29.47,75.0,34.89,10000.0,0.0,100.0,5.95,10.78,269.0,1008.0,1,804,Clouds,overcast clouds,04d
2025-07-24 08:36:11,Dong Nai-Bien Hoa,Bien Hoa,29.47,29.0,29.47,83.0,36.47,10000.0,0.0,100.0,4.66,11.3,259.0,1007.0,1,804,Clouds,overcast clouds,04d
2025-07-24 08:39:57,Dong Nai-Bien Hoa,Bien Hoa,30.03,29.0,30.03,75.0,36.38,10000.0,0.0,100.0,5.95,10.78,269.0,1008.0,1,804,Clouds,overcast clouds,04d
2025-07-24 08:43:44,Dong Nai-Bien Hoa,Bien Hoa,30.03,29.0,30.03,75.0,36.38,10000.0,0.0,100.0,5.95,10.78,269.0,1008.0,1,804,Clouds,overcast clouds,04d
2025-07-24 08:47:29,Dong Nai-Bien Hoa,Bien Hoa,30.03,29.0,30.03,75.0,36.38,10000.0,0.0,100.0,5.95,10.78,269.0,1008.0,1,804,Clouds,overcast clouds,04d
2025-07-24 08:51:16,Dong Nai-Bien Hoa,Bien Hoa,30.03,29.0,30.03,72.0,35.61,10000.0,0.0,100.0,5.95,10.78,269.0,1008.0,1,804,Clouds,overcast clouds,04d
2025-07-24 08:55:03,Dong Nai-Bien Hoa,Bien Hoa,30.03,29.0,30.03,72.0,35.61,10000.0,0.0,100.0,5.95,10.78,269.0,1008.0,1,804,Clouds,overcast clouds,04d
2025-07-24 08:58:49,Dong Nai-Bien Hoa,Bien Hoa,30.03,29.0,30.03,72.0,35.61,10000.0,0.0,100.0,5.95,10.78,269.0,1008.0,1,804,Clouds,overcast clouds,04d
2025-07-24 09:02:35,Dong Nai-Bien Hoa,Bien Hoa,30.03,29.0,30.03,76.0,36.65,10000.0,0.0,100.0,5.95,10.78,269.0,1008.0,1,804,Clouds,overcast clouds,04d
2025-07-24 09:06:25,Dong Nai-Bien Hoa,Bien Hoa,30.03,29.0,30.03,76.0,36.65,10000.0,0.0,100.0,5.95,10.78,269.0,1008.0,1,804,Clouds,overcast clouds,04d
2025-07-24 09:10:11,Dong Nai-Bien Hoa,Bien Hoa,30.03,29.0,30.03,76.0,36.65,10000.0,0.0,100.0,5.95,10.78,269.0,1008.0,1,804,Clouds,overcast clouds,04d
2025-07-24 09:13:57,Dong Nai-Bien Hoa,Bien Hoa,30.59,29.0,30.59,76.0,37.59,10000.0,0.0,100.0,5.95,10.78,269.0,1008.0,1,804,Clouds,overcast clouds,04d
2025-07-24 09:17:42,Dong Nai-Bien Hoa,Bien Hoa,30.59,29.0,30.59,76.0,37.59,10000.0,0.0,100.0,5.95,10.78,269.0,1008.0,1,804,Clouds,overcast clouds,04d
2025-07-24 09:21:29,Dong Nai-Bien Hoa,Bien Hoa,31.14,30.0,31.14,76.0,38.14,10000.0,0.0,100.0,5.95,10.78,269.0,1008.0,1,804,Clouds,overcast clouds,04d
2025-07-24 09:25:15,Dong Nai-Bien Hoa,Bien Hoa,31.14,30.0,31.14,76.0,38.14,10000.0,0.0,100.0,5.95,10.78,269.0,1008.0,1,804,Clouds,overcast clouds,04d
2025-07-24 09:29:00,Dong Nai-Bien Hoa,Bien Hoa,31.14,30.0,31.14,76.0,38.14,10000.0,0.0,100.0,5.95,10.78,269.0,1008.0,1,804,Clouds,overcast clouds,04d
2025-07-24 09:32:47,Dong Nai-Bien Hoa,Bien Hoa,30.59,30.0,30.59,68.0,35.98,10000.0,0.0,100.0,6.75,10.44,275.0,1007.0,1,804,Clouds,overcast clouds,04d
2025-07-24 09:36:33,Dong Nai-Bien Hoa,Bien Hoa,31.14,30.0,31.14,68.0,37.37,10000.0,0.0,100.0,6.75,10.44,275.0,1007.0,1,804,Clouds,overcast clouds,04d
2025-07-24 09:40:18,Dong Nai-Bien Hoa,Bien Hoa,30.59,30.0,30.59,68.0,35.98,10000.0,0.0,100.0,6.75,10.44,275.0,1007.0,1,804,Clouds,overcast clouds,04d
2025-07-24 09:44:05,Dong Nai-Bien Hoa,Bien Hoa,31.14,30.0,31.14,68.0,37.37,10000.0,0.0,100.0,6.75,10.44,275.0,1007.0,1,804,Clouds,overcast clouds,04d
2025-07-24 09:47:51,Dong Nai-Bien Hoa,Bien Hoa,31.7,31.0,31.7,66.0,38.21,10000.0,0.0,100.0,6.75,10.44,275.0,1007.0,1,804,Clouds,overcast clouds,04d
2025-07-24 09:51:37,Dong Nai-Bien Hoa,Bien Hoa,31.7,31.0,31.7,66.0,38.21,10000.0,0.0,100.0,6.75,10.44,275.0,1007.0,1,804,Clouds,overcast clouds,04d
2025-07-24 09:55:22,Dong Nai-Bien Hoa,Bien Hoa,31.7,31.0,31.7,66.0,38.21,10000.0,0.0,100.0,6.75,10.44,275.0,1007.0,1,804,Clouds,overcast clouds,04d
2025-07-24 09:59:09,Dong Nai-Bien Hoa,Bien Hoa,32.25,31.0,32.25,66.0,39.25,10000.0,0.0,100.0,6.75,10.44,275.0,1007.0,1,804,Clouds,overcast clouds,04d
2025-07-24 10:02:54,Dong Nai-Bien Hoa,Bien Hoa,32.25,31.0,32.25,66.0,39.25,10000.0,0.0,100.0,6.75,10.44,275.0,1007.0,1,804,Clouds,overcast clouds,04d
2025-07-24 10:06:40,Dong Nai-Bien Hoa,Bien Hoa,31.7,31.0,31.7,69.0,38.7,10000.0,0.0,100.0,6.75,10.44,275.0,1007.0,1,804,Clouds,overcast clouds,04d
2025-07-24 10:10:27,Dong Nai-Bien Hoa,Bien Hoa,31.7,31.0,31.7,69.0,38.7,10000.0,0.0,100.0,6.75,10.44,275.0,1007.0,1,804,Clouds,overcast clouds,04d
2025-07-24 10:14:13,Dong Nai-Bien Hoa,Bien Hoa,31.7,31.0,31.7,69.0,38.7,10000.0,0.0,100.0,6.75,10.44,275.0,1007.0,1,804,Clouds,overcast clouds,04d
2025-07-24 10:18:00,Dong Nai-Bien Hoa,Bien Hoa,31.7,31.0,31.7,69.0,38.7,10000.0,0.0,100.0,6.75,10.44,275.0,1007.0,1,804,Clouds,overcast clouds,04d
2025-07-24 10:21:46,Dong Nai-Bien Hoa,Bien Hoa,32.25,32.0,32.25,69.0,39.25,10000.0,0.0,100.0,6.75,10.44,275.0,1007.0,1,804,Clouds,overcast clouds,04d
2025-07-24 10:25:32,Dong Nai-Bien Hoa,Bien Hoa,32.25,32.0,32.25,69.0,39.25,10000.0,0.0,100.0,6.75,10.44,275.0,1007.0,1,804,Clouds,overcast clouds,04d
2025-07-24 10:29:19,Dong Nai-Bien Hoa,Bien Hoa,32.25,32.0,32.25,69.0,39.25,10000.0,0.0,100.0,6.75,10.44,275.0,1007.0,1,804,Clouds,overcast clouds,04d
2025-07-24 10:33:07,Dong Nai-Bien Hoa,Bien Hoa,32.25,32.0,32.25,69.0,39.25,10000.0,0.0,100.0,6.75,10.44,275.0,1007.0,1,804,Clouds,overcast clouds,04d
2025-07-24 10:36:54,Dong Nai-Bien Hoa,Bien Hoa,31.7,31.7,32.0,63.0,37.27,10000.0,0.0,97.0,7.41,10.73,273.0,1007.0,1,804,Clouds,overcast clouds,04d
2025-07-24 10:40:40,Dong Nai-Bien Hoa,Bien Hoa,31.7,31.7,32.0,63.0,37.27,10000.0,0.0,97.0,7.41,10.73,273.0,1007.0,1,804,Clouds,overcast clouds,04d
2025-07-24 10:44:26,Dong Nai-Bien Hoa,Bien Hoa,32.81,32.0,32.81,63.0,39.81,10000.0,0.0,97.0,7.41,10.73,273.0,1007.0,1,804,Clouds,overcast clouds,04d
2025-07-24 10:48:12,Dong Nai-Bien Hoa,Bien Hoa,32.25,32.0,32.25,60.0,37.67,10000.0,0.0,97.0,7.41,10.73,273.0,1007.0,1,804,Clouds,overcast clouds,04d
2025-07-24 10:51:58,Dong Nai-Bien Hoa,Bien Hoa,32.25,32.0,32.25,60.0,37.67,10000.0,0.0,97.0,7.41,10.73,273.0,1007.0,1,804,Clouds,overcast clouds,04d
2025-07-24 10:55:44,Dong Nai-Bien Hoa,Bien Hoa,32.25,32.0,32.25,60.0,37.67,10000.0,0.0,97.0,7.41,10.73,273.0,1007.0,1,804,Clouds,overcast clouds,04d
2025-07-24 10:59:30,Dong Nai-Bien Hoa,Bien Hoa,32.25,32.0,32.25,60.0,37.67,10000.0,0.0,97.0,7.41,10.73,273.0,1007.0,1,804,Clouds,overcast clouds,04d
2025-07-24 11:03:16,Dong Nai-Bien Hoa,Bien Hoa,32.25,32.0,32.25,63.0,38.64,10000.0,0.0,97.0,7.41,10.73,273.0,1007.0,1,804,Clouds,overcast clouds,04d
2025-07-24 11:07:02,Dong Nai-Bien Hoa,Bien Hoa,32.25,32.0,32.25,63.0,38.64,10000.0,0.0,97.0,7.41,10.73,273.0,1007.0,1,804,Clouds,overcast clouds,04d
2025-07-24 11:10:48,Dong Nai-Bien Hoa,Bien Hoa,32.25,32.0,32.25,63.0,38.64,10000.0,0.0,97.0,7.41,10.73,273.0,1007.0,1,804,Clouds,overcast clouds,04d
2025-07-24 11:14:34,Dong Nai-Bien Hoa,Bien Hoa,32.81,32.0,32.81,63.0,39.81,10000.0,0.0,97.0,7.41,10.73,273.0,1007.0,1,804,Clouds,overcast clouds,04d
2025-07-24 11:18:20,Dong Nai-Bien Hoa,Bien Hoa,32.81,32.0,32.81,63.0,39.81,10000.0,0.0,97.0,7.41,10.73,273.0,1007.0,1,804,Clouds,overcast clouds,04d
2025-07-24 11:22:06,Dong Nai-Bien Hoa,Bien Hoa,32.81,32.0,32.81,63.0,39.81,10000.0,0.0,97.0,7.41,10.73,273.0,1007.0,1,804,Clouds,overcast clouds,04d
2025-07-24 11:25:52,Dong Nai-Bien Hoa,Bien Hoa,32.81,32.0,32.81,63.0,39.81,10000.0,0.0,97.0,7.41,10.73,273.0,1007.0,1,804,Clouds,overcast clouds,04d
2025-07-24 11:29:38,Dong Nai-Bien Hoa,Bien Hoa,32.81,32.0,32.81,63.0,39.81,10000.0,0.0,97.0,7.41,10.73,273.0,1007.0,1,804,Clouds,overcast clouds,04d
2025-07-24 11:33:25,Dong Nai-Bien Hoa,Bien Hoa,32.81,32.0,32.81,63.0,39.81,10000.0,0.0,97.0,7.41,10.73,273.0,1007.0,1,804,Clouds,overcast clouds,04d
2025-07-24 11:37:15,Dong Nai-Bien Hoa,Bien Hoa,32.81,32.0,32.81,63.0,39.81,10000.0,0.0,97.0,7.41,10.73,273.0,1007.0,1,804,Clouds,overcast clouds,04d
2025-07-24 11:41:01,Dong Nai-Bien Hoa,Bien Hoa,32.25,32.0,32.25,57.0,36.75,10000.0,0.0,96.0,7.12,11.36,279.0,1006.0,1,804,Clouds,overcast clouds,04d
2025-07-24 11:44:47,Dong Nai-Bien Hoa,Bien Hoa,32.25,32.0,32.25,57.0,36.75,10000.0,0.0,96.0,7.12,11.36,279.0,1006.0,1,804,Clouds,overcast clouds,04d
2025-07-24 11:48:33,Dong Nai-Bien Hoa,Bien Hoa,32.25,32.0,32.25,57.0,36.75,10000.0,0.0,96.0,7.12,11.36,279.0,1006.0,1,804,Clouds,overcast clouds,04d
2025-07-24 11:52:19,Dong Nai-Bien Hoa,Bien Hoa,32.81,32.81,33.0,55.0,37.39,10000.0,0.0,96.0,7.12,11.36,279.0,1006.0,1,804,Clouds,overcast clouds,04d
2025-07-24 11:56:05,Dong Nai-Bien Hoa,Bien Hoa,32.81,32.81,33.0,55.0,37.39,10000.0,0.0,96.0,7.12,11.36,279.0,1006.0,1,804,Clouds,overcast clouds,04d
2025-07-24 11:59:51,Dong Nai-Bien Hoa,Bien Hoa,32.81,32.81,33.0,55.0,37.39,10000.0,0.0,96.0,7.12,11.36,279.0,1006.0,1,804,Clouds,overcast clouds,04d
2025-07-24 12:03:38,Dong Nai-Bien Hoa,Bien Hoa,32.81,32.81,33.0,55.0,37.39,10000.0,0.0,96.0,7.12,11.36,279.0,1006.0,1,804,Clouds,overcast clouds,04d
2025-07-24 12:07:29,Dong Nai-Bien Hoa,Bien Hoa,32.81,32.81,33.0,59.0,38.69,10000.0,0.0,96.0,7.12,11.36,279.0,1006.0,1,804,Clouds,overcast clouds,04d
2025-07-24 12:11:15,Dong Nai-Bien Hoa,Bien Hoa,32.81,32.81,33.0,59.0,38.69,10000.0,0.0,96.0,7.12,11.36,279.0,1006.0,1,804,Clouds,overcast clouds,04d
2025-07-24 12:15:01,Dong Nai-Bien Hoa,Bien Hoa,32.81,32.81,33.0,59.0,38.69,10000.0,0.0,96.0,7.12,11.36,279.0,1006.0,1,804,Clouds,overcast clouds,04d
2025-07-24 12:18:47,Dong Nai-Bien Hoa,Bien Hoa,32.81,32.81,33.0,59.0,38.69,10000.0,0.0,96.0,7.12,11.36,279.0,1006.0,1,804,Clouds,overcast clouds,04d
2025-07-24 12:22:34,Dong Nai-Bien Hoa,Bien Hoa,32.81,32.81,33.0,59.0,38.69,10000.0,0.0,96.0,7.12,11.36,279.0,1006.0,1,804,Clouds,overcast clouds,04d
2025-07-24 12:26:20,Dong Nai-Bien Hoa,Bien Hoa,33.36,32.0,33.36,60.0,40.36,10000.0,0.0,96.0,7.12,11.36,279.0,1006.0,1,804,Clouds,overcast clouds,04d
2025-07-24 12:30:07,Dong Nai-Bien Hoa,Bien Hoa,33.36,32.0,33.36,54.0,38.3,10000.0,0.0,97.0,7.25,12.18,284.0,1005.0,1,804,Clouds,overcast clouds,04d
2025-07-24 12:33:55,Dong Nai-Bien Hoa,Bien Hoa,33.36,32.0,33.36,54.0,38.3,10000.0,0.0,97.0,7.25,12.18,284.0,1005.0,1,804,Clouds,overcast clouds,04d
2025-07-24 12:37:41,Dong Nai-Bien Hoa,Bien Hoa,33.36,32.0,33.36,55.0,38.64,10000.0,0.0,97.0,7.25,12.18,284.0,1005.0,1,804,Clouds,overcast clouds,04d
2025-07-24 12:41:27,Dong Nai-Bien Hoa,Bien Hoa,33.36,32.0,33.36,55.0,38.64,10000.0,0.0,97.0,7.25,12.18,284.0,1005.0,1,804,Clouds,overcast clouds,04d
2025-07-24 12:45:13,Dong Nai-Bien Hoa,Bien Hoa,33.36,32.0,33.36,55.0,38.64,10000.0,0.0,97.0,7.25,12.18,284.0,1005.0,1,804,Clouds,overcast clouds,04d
2025-07-24 12:48:59,Dong Nai-Bien Hoa,Bien Hoa,33.92,33.0,33.92,53.0,39.25,10000.0,0.0,97.0,7.25,12.18,284.0,1004.0,1,804,Clouds,overcast clouds,04d
2025-07-24 12:52:45,Dong Nai-Bien Hoa,Bien Hoa,33.92,33.0,33.92,53.0,39.25,10000.0,0.0,97.0,7.25,12.18,284.0,1004.0,1,804,Clouds,overcast clouds,04d
2025-07-24 12:56:31,Dong Nai-Bien Hoa,Bien Hoa,33.36,33.0,33.36,53.0,37.97,10000.0,0.0,100.0,7.14,12.14,281.0,1004.0,1,804,Clouds,overcast clouds,04d
2025-07-24 13:00:18,Dong Nai-Bien Hoa,Bien Hoa,33.36,33.0,33.36,53.0,37.97,10000.0,0.0,100.0,7.14,12.14,281.0,1004.0,1,804,Clouds,overcast clouds,04d
2025-07-24 13:04:03,Dong Nai-Bien Hoa,Bien Hoa,33.36,33.0,33.36,53.0,37.97,10000.0,0.0,100.0,7.14,12.14,281.0,1004.0,1,804,Clouds,overcast clouds,04d
2025-07-24 13:07:49,Dong Nai-Bien Hoa,Bien Hoa,33.36,33.0,33.36,53.0,37.97,10000.0,0.0,100.0,7.14,12.14,281.0,1004.0,1,804,Clouds,overcast clouds,04d
2025-07-24 13:11:35,Dong Nai-Bien Hoa,Bien Hoa,33.92,33.0,33.92,53.0,39.25,10000.0,0.0,100.0,7.14,12.14,281.0,1004.0,1,804,Clouds,overcast clouds,04d
2025-07-24 13:15:21,Dong Nai-Bien Hoa,Bien Hoa,33.92,33.0,33.92,53.0,39.25,10000.0,0.0,100.0,7.14,12.14,281.0,1004.0,1,804,Clouds,overcast clouds,04d
2025-07-24 13:19:10,Dong Nai-Bien Hoa,Bien Hoa,33.92,33.0,33.92,53.0,39.25,10000.0,0.0,100.0,7.14,12.14,281.0,1004.0,1,804,Clouds,overcast clouds,04d
2025-07-24 13:23:02,Dong Nai-Bien Hoa,Bien Hoa,33.36,33.36,34.0,56.0,38.99,10000.0,0.0,100.0,7.14,12.14,281.0,1004.0,1,804,Clouds,overcast clouds,04d
2025-07-24 13:26:54,Dong Nai-Bien Hoa,Bien Hoa,33.36,33.36,34.0,56.0,38.99,10000.0,0.0,100.0,7.14,12.14,281.0,1004.0,1,804,Clouds,overcast clouds,04d
2025-07-24 13:30:41,Dong Nai-Bien Hoa,Bien Hoa,33.36,33.36,34.0,56.0,38.99,10000.0,0.0,100.0,7.14,12.14,281.0,1004.0,1,804,Clouds,overcast clouds,04d
2025-07-24 13:34:27,Dong Nai-Bien Hoa,Bien Hoa,33.92,33.92,34.0,54.0,39.62,10000.0,0.0,100.0,5.48,10.67,282.0,1003.0,1,804,Clouds,overcast clouds,04d
2025-07-24 13:38:13,Dong Nai-Bien Hoa,Bien Hoa,33.92,33.92,34.0,54.0,39.62,10000.0,0.0,100.0,5.48,10.67,282.0,1003.0,1,804,Clouds,overcast clouds,04d
2025-07-24 13:41:59,Dong Nai-Bien Hoa,Bien Hoa,33.92,33.92,34.0,54.0,39.62,10000.0,0.0,100.0,5.48,10.67,282.0,1003.0,1,804,Clouds,overcast clouds,04d
2025-07-24 13:45:45,Dong Nai-Bien Hoa,Bien Hoa,33.92,33.92,34.0,54.0,39.62,10000.0,0.0,100.0,5.48,10.67,282.0,1003.0,1,804,Clouds,overcast clouds,04d
2025-07-24 13:49:32,Dong Nai-Bien Hoa,Bien Hoa,33.92,33.92,34.0,54.0,39.62,10000.0,0.0,100.0,5.48,10.67,282.0,1003.0,1,804,Clouds,overcast clouds,04d
2025-07-24 13:53:18,Dong Nai-Bien Hoa,Bien Hoa,33.92,33.92,34.0,54.0,39.62,10000.0,0.0,100.0,5.48,10.67,282.0,1003.0,1,804,Clouds,overcast clouds,04d
2025-07-24 13:57:04,Dong Nai-Bien Hoa,Bien Hoa,33.36,33.36,34.0,54.0,38.3,10000.0,0.0,100.0,5.48,10.67,282.0,1003.0,1,804,Clouds,overcast clouds,04d
2025-07-24 14:00:51,Dong Nai-Bien Hoa,Bien Hoa,33.36,33.36,34.0,54.0,38.3,10000.0,0.0,100.0,5.48,10.67,282.0,1003.0,1,804,Clouds,overcast clouds,04d
2025-07-24 14:04:37,Dong Nai-Bien Hoa,Bien Hoa,33.92,33.92,34.0,57.0,40.75,10000.0,0.0,100.0,5.48,10.67,282.0,1003.0,1,804,Clouds,overcast clouds,04d
2025-07-24 14:08:22,Dong Nai-Bien Hoa,Bien Hoa,33.92,33.92,34.0,57.0,40.75,10000.0,0.0,100.0,5.48,10.67,282.0,1003.0,1,804,Clouds,overcast clouds,04d
2025-07-24 14:12:09,Dong Nai-Bien Hoa,Bien Hoa,33.92,33.92,34.0,57.0,40.75,10000.0,0.0,100.0,5.48,10.67,282.0,1003.0,1,804,Clouds,overcast clouds,04d
2025-07-24 14:15:56,Dong Nai-Bien Hoa,Bien Hoa,33.92,33.92,34.0,57.0,40.75,10000.0,0.0,100.0,5.48,10.67,282.0,1003.0,1,804,Clouds,overcast clouds,04d
2025-07-24 14:19:42,Dong Nai-Bien Hoa,Bien Hoa,33.92,33.92,34.0,57.0,40.75,10000.0,0.0,100.0,5.48,10.67,282.0,1003.0,1,804,Clouds,overcast clouds,04d
2025-07-24 14:23:28,Dong Nai-Bien Hoa,Bien Hoa,33.92,33.92,34.0,57.0,40.75,10000.0,0.0,100.0,5.48,10.67,282.0,1003.0,1,804,Clouds,overcast clouds,04d
2025-07-24 14:27:15,Dong Nai-Bien Hoa,Bien Hoa,33.92,33.92,34.0,57.0,40.75,10000.0,0.0,100.0,5.48,10.67,282.0,1003.0,1,804,Clouds,overcast clouds,04d
2025-07-24 14:31:02,Dong Nai-Bien Hoa,Bien Hoa,33.36,33.0,33.36,58.0,39.7,10000.0,0.0,100.0,3.13,7.18,286.0,1003.0,1,804,Clouds,overcast clouds,04d
2025-07-24 14:34:49,Dong Nai-Bien Hoa,Bien Hoa,33.36,33.0,33.36,58.0,39.7,10000.0,0.0,100.0,3.13,7.18,286.0,1003.0,1,804,Clouds,overcast clouds,04d
2025-07-24 14:38:34,Dong Nai-Bien Hoa,Bien Hoa,33.36,33.0,33.36,58.0,39.7,10000.0,0.0,100.0,3.13,7.18,286.0,1003.0,1,804,Clouds,overcast clouds,04d
2025-07-24 14:42:20,Dong Nai-Bien Hoa,Bien Hoa,33.36,33.0,33.36,58.0,39.7,10000.0,0.0,100.0,3.13,7.18,286.0,1003.0,1,804,Clouds,overcast clouds,04d
2025-07-24 14:46:06,Dong Nai-Bien Hoa,Bien Hoa,33.36,33.0,33.36,59.0,40.07,10000.0,0.0,100.0,3.13,7.18,286.0,1003.0,1,804,Clouds,overcast clouds,04d
2025-07-24 14:49:58,Dong Nai-Bien Hoa,Bien Hoa,33.36,33.0,33.36,60.0,40.36,10000.0,0.0,100.0,3.13,7.18,286.0,1003.0,1,804,Clouds,overcast clouds,04d
2025-07-24 14:53:49,Dong Nai-Bien Hoa,Bien Hoa,33.36,33.0,33.36,60.0,40.36,10000.0,0.0,100.0,3.13,7.18,286.0,1003.0,1,804,Clouds,overcast clouds,04d
2025-07-24 14:57:36,Dong Nai-Bien Hoa,Bien Hoa,33.36,33.0,33.36,60.0,40.36,10000.0,0.0,100.0,3.13,7.18,286.0,1003.0,1,804,Clouds,overcast clouds,04d
2025-07-24 15:01:22,Dong Nai-Bien Hoa,Bien Hoa,32.81,32.81,33.0,61.0,39.39,10000.0,0.0,100.0,3.13,7.18,286.0,1003.0,1,804,Clouds,overcast clouds,04d
2025-07-24 15:05:08,Dong Nai-Bien Hoa,Bien Hoa,33.36,33.0,33.36,61.0,40.36,10000.0,0.0,100.0,3.13,7.18,286.0,1003.0,1,804,Clouds,overcast clouds,04d
2025-07-24 15:08:54,Dong Nai-Bien Hoa,Bien Hoa,33.36,33.0,33.36,61.0,40.36,10000.0,0.0,100.0,3.13,7.18,286.0,1003.0,1,804,Clouds,overcast clouds,04d
2025-07-24 15:12:40,Dong Nai-Bien Hoa,Bien Hoa,33.36,33.0,33.36,61.0,40.36,10000.0,0.0,100.0,3.13,7.18,286.0,1003.0,1,804,Clouds,overcast clouds,04d
2025-07-24 15:16:27,Dong Nai-Bien Hoa,Bien Hoa,33.36,33.0,33.36,61.0,40.36,10000.0,0.0,100.0,3.13,7.18,286.0,1003.0,1,804,Clouds,overcast clouds,04d
2025-07-24 15:20:13,Dong Nai-Bien Hoa,Bien Hoa,33.92,33.0,33.92,61.0,40.92,10000.0,0.0,100.0,3.13,7.18,286.0,1003.0,1,804,Clouds,overcast clouds,04d
2025-07-24 15:23:59,Dong Nai-Bien Hoa,Bien Hoa,33.92,33.0,33.92,61.0,40.92,10000.0,0.0,100.0,3.13,7.18,286.0,1003.0,1,804,Clouds,overcast clouds,04d
2025-07-24 15:27:47,Dong Nai-Bien Hoa,Bien Hoa,33.36,33.0,33.36,61.0,40.36,10000.0,0.0,100.0,3.13,7.18,286.0,1003.0,1,804,Clouds,overcast clouds,04d
2025-07-24 15:31:33,Dong Nai-Bien Hoa,Bien Hoa,33.92,33.0,33.92,62.0,40.92,10000.0,0.0,100.0,1.66,3.1,302.0,1002.0,1,804,Clouds,overcast clouds,04d
2025-07-24 15:35:20,Dong Nai-Bien Hoa,Bien Hoa,33.36,33.0,33.36,62.0,40.36,10000.0,0.0,100.0,1.66,3.1,302.0,1002.0,1,804,Clouds,overcast clouds,04d
2025-07-24 15:39:06,Dong Nai-Bien Hoa,Bien Hoa,33.92,33.0,33.92,62.0,40.92,10000.0,0.0,100.0,1.66,3.1,302.0,1002.0,1,804,Clouds,overcast clouds,04d
2025-07-24 15:42:53,Dong Nai-Bien Hoa,Bien Hoa,33.36,33.0,33.36,62.0,40.36,10000.0,0.0,100.0,1.66,3.1,302.0,1002.0,1,804,Clouds,overcast clouds,04d
2025-07-24 15:46:39,Dong Nai-Bien Hoa,Bien Hoa,33.36,33.0,33.36,62.0,40.36,10000.0,0.0,100.0,1.66,3.1,302.0,1002.0,1,804,Clouds,overcast clouds,04d
2025-07-24 15:50:25,Dong Nai-Bien Hoa,Bien Hoa,33.36,33.0,33.36,62.0,40.36,10000.0,0.0,100.0,1.66,3.1,302.0,1002.0,1,804,Clouds,overcast clouds,04d
2025-07-24 15:54:12,Dong Nai-Bien Hoa,Bien Hoa,33.36,33.0,33.36,62.0,40.36,10000.0,0.0,100.0,1.66,3.1,302.0,1002.0,1,804,Clouds,overcast clouds,04d
2025-07-24 15:57:58,Dong Nai-Bien Hoa,Bien Hoa,33.36,33.0,33.36,62.0,40.36,10000.0,0.0,100.0,1.66,3.1,302.0,1002.0,1,804,Clouds,overcast clouds,04d
2025-07-24 16:01:46,Dong Nai-Bien Hoa,Bien Hoa,32.81,32.81,33.0,62.0,39.75,10000.0,0.0,100.0,1.66,3.1,302.0,1003.0,1,804,Clouds,overcast clouds,04d
2025-07-24 16:05:38,Dong Nai-Bien Hoa,Bien Hoa,32.81,32.81,33.0,62.0,39.75,10000.0,0.0,100.0,1.66,3.1,302.0,1003.0,1,804,Clouds,overcast clouds,04d
2025-07-24 16:09:25,Dong Nai-Bien Hoa,Bien Hoa,32.81,32.81,33.0,62.0,39.75,10000.0,0.0,100.0,1.66,3.1,302.0,1003.0,1,804,Clouds,overcast clouds,04d
2025-07-24 16:13:11,Dong Nai-Bien Hoa,Bien Hoa,32.81,32.81,33.0,62.0,39.75,10000.0,0.0,100.0,1.66,3.1,302.0,1003.0,1,804,Clouds,overcast clouds,04d
2025-07-24 16:17:04,Dong Nai-Bien Hoa,Bien Hoa,32.81,32.81,33.0,62.0,39.75,10000.0,0.0,100.0,1.66,3.1,302.0,1003.0,1,804,Clouds,overcast clouds,04d
2025-07-24 16:20:50,Dong Nai-Bien Hoa,Bien Hoa,32.81,32.81,33.0,62.0,39.75,10000.0,0.0,100.0,1.66,3.1,302.0,1003.0,1,804,Clouds,overcast clouds,04d
2025-07-24 16:24:36,Dong Nai-Bien Hoa,Bien Hoa,32.81,32.81,33.0,62.0,39.75,10000.0,0.0,100.0,1.66,3.1,302.0,1003.0,1,804,Clouds,overcast clouds,04d
2025-07-24 16:28:23,Dong Nai-Bien Hoa,Bien Hoa,32.81,32.81,33.0,62.0,39.75,10000.0,0.0,100.0,1.66,3.1,302.0,1003.0,1,804,Clouds,overcast clouds,04d
2025-07-24 16:32:09,Dong Nai-Bien Hoa,Bien Hoa,32.81,32.81,33.0,62.0,39.75,10000.0,0.0,100.0,1.66,3.1,302.0,1003.0,1,804,Clouds,overcast clouds,04d
2025-07-24 16:35:56,Dong Nai-Bien Hoa,Bien Hoa,33.36,33.0,33.36,63.0,40.36,10000.0,0.0,100.0,1.51,2.77,357.0,1003.0,1,804,Clouds,overcast clouds,04d
2025-07-24 16:39:42,Dong Nai-Bien Hoa,Bien Hoa,33.36,33.0,33.36,63.0,40.36,10000.0,0.0,100.0,1.51,2.77,357.0,1003.0,1,804,Clouds,overcast clouds,04d
2025-07-24 16:43:29,Dong Nai-Bien Hoa,Bien Hoa,32.81,32.81,33.0,63.0,39.81,10000.0,0.0,100.0,1.51,2.77,357.0,1003.0,1,804,Clouds,overcast clouds,04d
2025-07-24 16:47:15,Dong Nai-Bien Hoa,Bien Hoa,32.81,32.81,33.0,64.0,39.81,10000.0,0.0,100.0,1.51,2.77,357.0,1002.0,1,804,Clouds,overcast clouds,04d
2025-07-24 16:51:00,Dong Nai-Bien Hoa,Bien Hoa,32.81,32.81,33.0,64.0,39.81,10000.0,0.0,100.0,1.51,2.77,357.0,1002.0,1,804,Clouds,overcast clouds,04d
2025-07-24 16:54:46,Dong Nai-Bien Hoa,Bien Hoa,32.81,32.81,33.0,64.0,39.81,10000.0,0.0,100.0,1.51,2.77,357.0,1002.0,1,804,Clouds,overcast clouds,04d
2025-07-24 16:58:33,Dong Nai-Bien Hoa,Bien Hoa,32.81,32.81,33.0,64.0,39.81,10000.0,0.0,100.0,1.51,2.77,357.0,1002.0,1,804,Clouds,overcast clouds,04d
2025-07-24 17:02:19,Dong Nai-Bien Hoa,Bien Hoa,32.81,32.81,33.0,64.0,39.81,10000.0,0.0,100.0,1.51,2.77,357.0,1002.0,1,804,Clouds,overcast clouds,04d
2025-07-24 17:06:05,Dong Nai-Bien Hoa,Bien Hoa,32.81,32.81,33.0,64.0,39.81,10000.0,0.0,100.0,1.51,2.77,357.0,1002.0,1,804,Clouds,overcast clouds,04d
2025-07-24 17:09:52,Dong Nai-Bien Hoa,Bien Hoa,33.36,33.0,33.36,64.0,40.36,10000.0,0.0,100.0,1.51,2.77,357.0,1003.0,1,804,Clouds,overcast clouds,04d
2025-07-24 17:13:38,Dong Nai-Bien Hoa,Bien Hoa,33.36,33.0,33.36,64.0,40.36,10000.0,0.0,100.0,1.51,2.77,357.0,1003.0,1,804,Clouds,overcast clouds,04d
2025-07-24 17:17:24,Dong Nai-Bien Hoa,Bien Hoa,33.36,33.0,33.36,64.0,40.36,10000.0,0.0,100.0,1.51,2.77,357.0,1003.0,1,804,Clouds,overcast clouds,04d
2025-07-24 17:21:13,Dong Nai-Bien Hoa,Bien Hoa,32.81,32.0,32.81,65.0,39.81,10000.0,0.0,100.0,1.51,2.77,357.0,1003.0,1,804,Clouds,overcast clouds,04d
2025-07-24 17:24:59,Dong Nai-Bien Hoa,Bien Hoa,32.81,32.0,32.81,65.0,39.81,10000.0,0.0,100.0,1.51,2.77,357.0,1003.0,1,804,Clouds,overcast clouds,04d
2025-07-24 17:28:46,Dong Nai-Bien Hoa,Bien Hoa,32.81,32.0,32.81,65.0,39.81,10000.0,0.0,100.0,1.51,2.77,357.0,1003.0,1,804,Clouds,overcast clouds,04d
2025-07-24 17:32:33,Dong Nai-Bien Hoa,Bien Hoa,32.81,32.0,32.81,65.0,39.81,10000.0,0.0,100.0,0.62,2.53,312.0,1003.0,1,804,Clouds,overcast clouds,04d
2025-07-24 17:36:19,Dong Nai-Bien Hoa,Bien Hoa,32.81,32.0,32.81,65.0,39.81,10000.0,0.0,100.0,1.51,2.77,357.0,1003.0,1,804,Clouds,overcast clouds,04d
2025-07-24 17:40:10,Dong Nai-Bien Hoa,Bien Hoa,32.81,32.0,32.81,65.0,39.81,10000.0,0.0,100.0,0.62,2.53,312.0,1003.0,1,804,Clouds,overcast clouds,04d
2025-07-24 17:43:57,Dong Nai-Bien Hoa,Bien Hoa,32.81,32.0,32.81,65.0,39.81,10000.0,0.0,100.0,0.62,2.53,312.0,1003.0,1,804,Clouds,overcast clouds,04d
2025-07-24 17:47:43,Dong Nai-Bien Hoa,Bien Hoa,32.81,32.0,32.81,65.0,39.81,10000.0,0.0,100.0,0.62,2.53,312.0,1003.0,1,804,Clouds,overcast clouds,04d
2025-07-24 17:51:29,Dong Nai-Bien Hoa,Bien Hoa,32.25,32.0,32.25,66.0,39.25,10000.0,0.0,100.0,0.62,2.53,312.0,1003.0,1,804,Clouds,overcast clouds,04d
2025-07-24 17:55:15,Dong Nai-Bien Hoa,Bien Hoa,32.25,32.0,32.25,66.0,39.25,10000.0,0.0,100.0,0.62,2.53,312.0,1003.0,1,804,Clouds,overcast clouds,04d
2025-07-24 17:59:03,Dong Nai-Bien Hoa,Bien Hoa,32.25,32.0,32.25,66.0,39.25,10000.0,0.0,100.0,0.62,2.53,312.0,1003.0,1,804,Clouds,overcast clouds,04d
2025-07-24 18:02:49,Dong Nai-Bien Hoa,Bien Hoa,32.25,32.0,32.25,66.0,39.25,10000.0,0.0,100.0,0.62,2.53,312.0,1003.0,1,804,Clouds,overcast clouds,04d
2025-07-24 18:06:36,Dong Nai-Bien Hoa,Bien Hoa,32.25,32.0,32.25,68.0,39.25,10000.0,0.0,100.0,0.62,2.53,312.0,1004.0,1,804,Clouds,overcast clouds,04d
2025-07-24 18:10:23,Dong Nai-Bien Hoa,Bien Hoa,32.25,32.0,32.25,68.0,39.25,10000.0,0.0,100.0,0.62,2.53,312.0,1004.0,1,804,Clouds,overcast clouds,04d
2025-07-24 18:14:10,Dong Nai-Bien Hoa,Bien Hoa,32.25,32.0,32.25,68.0,39.25,10000.0,0.0,100.0,0.62,2.53,312.0,1004.0,1,804,Clouds,overcast clouds,04d
2025-07-24 18:17:57,Dong Nai-Bien Hoa,Bien Hoa,31.7,31.7,32.0,68.0,38.7,10000.0,0.0,100.0,0.62,2.53,312.0,1004.0,1,804,Clouds,overcast clouds,04d
2025-07-24 18:21:47,Dong Nai-Bien Hoa,Bien Hoa,31.7,31.7,32.0,68.0,38.7,10000.0,0.0,100.0,0.62,2.53,312.0,1004.0,0,804,Clouds,overcast clouds,04n
2025-07-24 18:26:53,Dong Nai-Bien Hoa,Bien Hoa,31.7,31.7,32.0,68.0,38.7,10000.0,0.0,100.0,0.62,2.53,312.0,1004.0,0,804,Clouds,overcast clouds,04d
2025-07-24 18:30:40,Dong Nai-Bien Hoa,Bien Hoa,31.7,31.7,32.0,66.0,38.21,10000.0,0.0,100.0,3.46,5.21,217.0,1004.0,0,804,Clouds,overcast clouds,04n
2025-07-24 18:34:27,Dong Nai-Bien Hoa,Bien Hoa,31.7,31.7,32.0,66.0,38.21,10000.0,0.0,100.0,3.46,5.21,217.0,1004.0,0,804,Clouds,overcast clouds,04n
2025-07-24 18:38:13,Dong Nai-Bien Hoa,Bien Hoa,31.7,31.7,32.0,66.0,38.21,10000.0,0.0,100.0,3.46,5.21,217.0,1004.0,0,804,Clouds,overcast clouds,04n
2025-07-24 18:41:59,Dong Nai-Bien Hoa,Bien Hoa,31.7,31.7,32.0,66.0,38.21,10000.0,0.0,100.0,3.46,5.21,217.0,1004.0,0,804,Clouds,overcast clouds,04n
2025-07-24 18:45:45,Dong Nai-Bien Hoa,Bien Hoa,31.7,31.7,32.0,66.0,38.21,10000.0,0.0,100.0,3.46,5.21,217.0,1004.0,0,804,Clouds,overcast clouds,04n
2025-07-24 18:49:32,Dong Nai-Bien Hoa,Bien Hoa,31.7,31.0,31.7,67.0,38.53,10000.0,0.0,100.0,3.46,5.21,217.0,1004.0,0,804,Clouds,overcast clouds,04n
2025-07-24 18:53:19,Dong Nai-Bien Hoa,Bien Hoa,31.7,31.0,31.7,67.0,38.53,10000.0,0.0,100.0,3.46,5.21,217.0,1004.0,0,804,Clouds,overcast clouds,04n
2025-07-24 18:57:05,Dong Nai-Bien Hoa,Bien Hoa,31.7,31.0,31.7,67.0,38.53,10000.0,0.0,100.0,3.46,5.21,217.0,1004.0,0,804,Clouds,overcast clouds,04n
2025-07-24 19:00:51,Dong Nai-Bien Hoa,Bien Hoa,31.7,31.0,31.7,67.0,38.53,10000.0,0.0,100.0,3.46,5.21,217.0,1004.0,0,804,Clouds,overcast clouds,04n
2025-07-24 19:04:37,Dong Nai-Bien Hoa,Bien Hoa,31.7,31.0,31.7,67.0,38.53,10000.0,0.0,100.0,3.46,5.21,217.0,1004.0,0,804,Clouds,overcast clouds,04n
2025-07-24 19:08:23,Dong Nai-Bien Hoa,Bien Hoa,31.14,31.0,31.14,70.0,37.98,10000.0,0.0,100.0,3.46,5.21,217.0,1004.0,0,804,Clouds,overcast clouds,04n
2025-07-24 19:12:10,Dong Nai-Bien Hoa,Bien Hoa,31.14,31.0,31.14,70.0,37.98,10000.0,0.0,100.0,3.46,5.21,217.0,1004.0,0,804,Clouds,overcast clouds,04n
2025-07-24 19:15:56,Dong Nai-Bien Hoa,Bien Hoa,31.14,31.0,31.14,70.0,37.98,10000.0,0.0,100.0,3.46,5.21,217.0,1004.0,0,804,Clouds,overcast clouds,04n
2025-07-24 19:19:43,Dong Nai-Bien Hoa,Bien Hoa,31.14,30.0,31.14,70.0,37.98,10000.0,0.0,100.0,3.46,5.21,217.0,1004.0,0,804,Clouds,overcast clouds,04n
2025-07-24 19:23:29,Dong Nai-Bien Hoa,Bien Hoa,31.14,30.0,31.14,70.0,37.98,10000.0,0.0,100.0,3.46,5.21,217.0,1004.0,0,804,Clouds,overcast clouds,04n
2025-07-24 19:27:16,Dong Nai-Bien Hoa,Bien Hoa,31.14,30.0,31.14,70.0,37.98,10000.0,0.0,100.0,3.46,5.21,217.0,1004.0,0,804,Clouds,overcast clouds,04n
2025-07-24 19:31:03,Dong Nai-Bien Hoa,Bien Hoa,31.14,30.0,31.14,69.0,37.67,10000.0,0.0,100.0,3.25,5.29,221.0,1005.0,0,804,Clouds,overcast clouds,04n
2025-07-24 19:34:49,Dong Nai-Bien Hoa,Bien Hoa,31.14,30.0,31.14,70.0,37.98,10000.0,0.0,100.0,3.46,5.21,217.0,1004.0,0,804,Clouds,overcast clouds,04n
2025-07-24 19:38:36,Dong Nai-Bien Hoa,Bien Hoa,30.59,30.0,30.59,69.0,36.24,10000.0,0.0,100.0,3.25,5.29,221.0,1005.0,0,804,Clouds,overcast clouds,04n
2025-07-24 19:42:22,Dong Nai-Bien Hoa,Bien Hoa,30.59,30.0,30.59,69.0,36.24,10000.0,0.0,100.0,3.25,5.29,221.0,1005.0,0,804,Clouds,overcast clouds,04n
2025-07-24 19:46:10,Dong Nai-Bien Hoa,Bien Hoa,30.59,30.0,30.59,69.0,36.24,10000.0,0.0,100.0,3.25,5.29,221.0,1005.0,0,804,Clouds,overcast clouds,04n
2025-07-24 19:49:57,Dong Nai-Bien Hoa,Bien Hoa,30.59,30.0,30.59,69.0,36.24,10000.0,0.0,100.0,3.25,5.29,221.0,1005.0,0,804,Clouds,overcast clouds,04n
2025-07-24 19:53:45,Dong Nai-Bien Hoa,Bien Hoa,30.59,30.0,30.59,69.0,36.24,10000.0,0.0,100.0,3.25,5.29,221.0,1005.0,0,804,Clouds,overcast clouds,04n
2025-07-24 19:57:32,Dong Nai-Bien Hoa,Bien Hoa,30.59,30.0,30.59,69.0,36.24,10000.0,0.0,100.0,3.25,5.29,221.0,1005.0,0,804,Clouds,overcast clouds,04n
2025-07-24 20:01:21,Dong Nai-Bien Hoa,Bien Hoa,30.59,30.0,30.59,69.0,36.24,10000.0,0.0,100.0,3.25,5.29,221.0,1005.0,0,804,Clouds,overcast clouds,04n
2025-07-24 20:05:07,Dong Nai-Bien Hoa,Bien Hoa,30.59,30.0,30.59,69.0,36.24,10000.0,0.0,100.0,3.25,5.29,221.0,1005.0,0,804,Clouds,overcast clouds,04n
2025-07-24 20:08:55,Dong Nai-Bien Hoa,Bien Hoa,30.59,30.0,30.59,75.0,37.59,10000.0,0.0,100.0,3.25,5.29,221.0,1005.0,0,804,Clouds,overcast clouds,04n
2025-07-24 20:12:42,Dong Nai-Bien Hoa,Bien Hoa,30.59,30.0,30.59,75.0,37.59,10000.0,0.0,100.0,3.25,5.29,221.0,1005.0,0,804,Clouds,overcast clouds,04n
2025-07-24 20:16:29,Dong Nai-Bien Hoa,Bien Hoa,30.59,30.0,30.59,75.0,37.59,10000.0,0.0,100.0,3.25,5.29,221.0,1005.0,0,804,Clouds,overcast clouds,04n
2025-07-24 20:20:18,Dong Nai-Bien Hoa,Bien Hoa,30.59,30.0,30.59,75.0,37.59,10000.0,0.0,100.0,3.25,5.29,221.0,1005.0,0,804,Clouds,overcast clouds,04n
2025-07-24 20:24:06,Dong Nai-Bien Hoa,Bien Hoa,30.03,30.0,30.03,75.0,36.38,10000.0,0.0,100.0,3.25,5.29,221.0,1005.0,0,804,Clouds,overcast clouds,04n
2025-07-24 20:27:53,Dong Nai-Bien Hoa,Bien Hoa,30.03,30.0,30.03,75.0,36.38,10000.0,0.0,100.0,3.25,5.29,221.0,1005.0,0,804,Clouds,overcast clouds,04n
2025-07-24 20:31:39,Dong Nai-Bien Hoa,Bien Hoa,30.03,30.0,30.03,75.0,36.38,10000.0,0.0,100.0,3.25,5.29,221.0,1005.0,0,804,Clouds,overcast clouds,04n
2025-07-24 20:35:25,Dong Nai-Bien Hoa,Bien Hoa,30.03,30.0,30.03,73.0,35.86,10000.0,0.0,100.0,4.04,7.71,250.0,1006.0,0,804,Clouds,overcast clouds,04n
2025-07-24 20:39:11,Dong Nai-Bien Hoa,Bien Hoa,30.03,30.0,30.03,73.0,35.86,10000.0,0.0,100.0,4.04,7.71,250.0,1006.0,0,804,Clouds,overcast clouds,04n
2025-07-24 20:42:57,Dong Nai-Bien Hoa,Bien Hoa,30.03,30.0,30.03,73.0,35.86,10000.0,0.0,100.0,4.04,7.71,250.0,1006.0,0,804,Clouds,overcast clouds,04n
2025-07-24 20:46:43,Dong Nai-Bien Hoa,Bien Hoa,30.03,30.0,30.03,72.0,35.61,10000.0,0.0,100.0,4.04,7.71,250.0,1006.0,0,804,Clouds,overcast clouds,04n
2025-07-24 20:50:32,Dong Nai-Bien Hoa,Bien Hoa,30.03,30.0,30.03,72.0,35.61,10000.0,0.0,100.0,4.04,7.71,250.0,1006.0,0,804,Clouds,overcast clouds,04n
2025-07-24 20:54:18,Dong Nai-Bien Hoa,Bien Hoa,30.03,30.0,30.03,72.0,35.61,10000.0,0.0,100.0,4.04,7.71,250.0,1006.0,0,804,Clouds,overcast clouds,04n
2025-07-24 20:58:08,Dong Nai-Bien Hoa,Bien Hoa,30.03,30.0,30.03,72.0,35.61,10000.0,0.0,100.0,4.04,7.71,250.0,1006.0,0,804,Clouds,overcast clouds,04n
2025-07-24 21:01:55,Dong Nai-Bien Hoa,Bien Hoa,30.03,30.0,30.03,75.0,36.38,10000.0,0.0,100.0,4.04,7.71,250.0,1006.0,0,804,Clouds,overcast clouds,04n
2025-07-24 21:05:46,Dong Nai-Bien Hoa,Bien Hoa,30.03,30.0,30.03,75.0,36.38,10000.0,0.0,100.0,4.04,7.71,250.0,1006.0,0,804,Clouds,overcast clouds,04n
2025-07-24 21:09:32,Dong Nai-Bien Hoa,Bien Hoa,30.03,30.0,30.03,75.0,36.38,10000.0,0.0,100.0,4.04,7.71,250.0,1006.0,0,804,Clouds,overcast clouds,04n
2025-07-24 21:13:18,Dong Nai-Bien Hoa,Bien Hoa,30.03,30.0,30.03,75.0,36.38,10000.0,0.0,100.0,4.04,7.71,250.0,1006.0,0,804,Clouds,overcast clouds,04n
2025-07-24 21:17:05,Dong Nai-Bien Hoa,Bien Hoa,30.03,30.0,30.03,75.0,36.38,10000.0,0.0,100.0,4.04,7.71,250.0,1006.0,0,804,Clouds,overcast clouds,04n
2025-07-24 21:20:51,Dong Nai-Bien Hoa,Bien Hoa,30.03,30.0,30.03,75.0,36.38,10000.0,0.0,100.0,4.04,7.71,250.0,1006.0,0,804,Clouds,overcast clouds,04n
2025-07-24 21:24:37,Dong Nai-Bien Hoa,Bien Hoa,29.47,29.0,29.47,75.0,34.89,10000.0,0.0,100.0,4.04,7.71,250.0,1006.0,0,804,Clouds,overcast clouds,04n
2025-07-24 21:28:24,Dong Nai-Bien Hoa,Bien Hoa,29.47,29.0,29.47,75.0,34.89,10000.0,0.0,100.0,4.04,7.71,250.0,1006.0,0,804,Clouds,overcast clouds,04n
2025-07-24 21:32:10,Dong Nai-Bien Hoa,Bien Hoa,29.47,29.0,29.47,75.0,34.89,10000.0,0.0,100.0,4.04,7.71,250.0,1006.0,0,804,Clouds,overcast clouds,04n
2025-07-24 21:35:56,Dong Nai-Bien Hoa,Bien Hoa,29.47,29.0,29.47,73.0,34.43,10000.0,0.0,100.0,4.51,9.85,250.0,1007.0,0,804,Clouds,overcast clouds,04n
2025-07-24 21:39:43,Dong Nai-Bien Hoa,Bien Hoa,29.47,29.0,29.47,73.0,34.43,10000.0,0.0,100.0,4.51,9.85,250.0,1007.0,0,804,Clouds,overcast clouds,04n
2025-07-24 21:43:29,Dong Nai-Bien Hoa,Bien Hoa,29.47,29.0,29.47,73.0,34.43,10000.0,0.0,100.0,4.51,9.85,250.0,1007.0,0,804,Clouds,overcast clouds,04n
2025-07-24 21:47:17,Dong Nai-Bien Hoa,Bien Hoa,29.47,29.0,29.47,73.0,34.43,10000.0,0.0,100.0,4.51,9.85,250.0,1007.0,0,804,Clouds,overcast clouds,04n
2025-07-24 21:51:04,Dong Nai-Bien Hoa,Bien Hoa,29.47,29.0,29.47,73.0,34.43,10000.0,0.0,100.0,4.51,9.85,250.0,1007.0,0,804,Clouds,overcast clouds,04n
2025-07-24 21:54:52,Dong Nai-Bien Hoa,Bien Hoa,29.47,29.0,29.47,73.0,34.43,10000.0,0.0,100.0,4.51,9.85,250.0,1007.0,0,804,Clouds,overcast clouds,04n
2025-07-24 21:58:38,Dong Nai-Bien Hoa,Bien Hoa,28.92,28.92,29.0,73.0,33.11,10000.0,0.0,100.0,4.51,9.85,250.0,1007.0,0,804,Clouds,overcast clouds,04n
2025-07-24 22:02:26,Dong Nai-Bien Hoa,Bien Hoa,28.92,28.92,29.0,76.0,33.7,10000.0,0.0,100.0,4.51,9.85,250.0,1007.0,0,804,Clouds,overcast clouds,04n
2025-07-24 22:06:12,Dong Nai-Bien Hoa,Bien Hoa,28.92,28.92,29.0,76.0,33.7,10000.0,0.0,100.0,4.51,9.85,250.0,1007.0,0,804,Clouds,overcast clouds,04n
2025-07-24 22:09:58,Dong Nai-Bien Hoa,Bien Hoa,28.92,28.92,29.0,76.0,33.7,10000.0,0.0,100.0,4.51,9.85,250.0,1007.0,0,804,Clouds,overcast clouds,04n
2025-07-24 22:13:47,Dong Nai-Bien Hoa,Bien Hoa,28.92,28.92,29.0,76.0,33.7,10000.0,0.0,100.0,4.51,9.85,250.0,1007.0,0,804,Clouds,overcast clouds,04n
2025-07-24 22:17:34,Dong Nai-Bien Hoa,Bien Hoa,28.92,28.92,29.0,76.0,33.7,10000.0,0.0,100.0,4.51,9.85,250.0,1007.0,0,804,Clouds,overcast clouds,04n
2025-07-24 22:21:21,Dong Nai-Bien Hoa,Bien Hoa,28.92,28.92,29.0,76.0,33.7,10000.0,0.0,100.0,4.51,9.85,250.0,1007.0,0,804,Clouds,overcast clouds,04n
2025-07-24 22:25:08,Dong Nai-Bien Hoa,Bien Hoa,28.92,28.92,29.0,76.0,33.7,10000.0,0.0,100.0,4.51,9.85,250.0,1007.0,0,804,Clouds,overcast clouds,04n
2025-07-24 22:28:57,Dong Nai-Bien Hoa,Bien Hoa,28.92,28.92,29.0,76.0,33.7,10000.0,0.0,100.0,4.51,9.85,250.0,1007.0,0,804,Clouds,overcast clouds,04n
2025-07-24 22:32:44,Dong Nai-Bien Hoa,Bien Hoa,28.92,28.92,29.0,75.0,33.5,10000.0,0.0,100.0,4.98,11.29,255.0,1007.0,0,804,Clouds,overcast clouds,04n
2025-07-24 22:36:31,Dong Nai-Bien Hoa,Bien Hoa,28.92,28.92,29.0,75.0,33.5,10000.0,0.0,100.0,4.98,11.29,255.0,1007.0,0,804,Clouds,overcast clouds,04n
2025-07-24 22:40:21,Dong Nai-Bien Hoa,Bien Hoa,28.92,28.92,29.0,75.0,33.5,10000.0,0.0,100.0,4.98,11.29,255.0,1007.0,0,804,Clouds,overcast clouds,04n
2025-07-24 22:44:11,Dong Nai-Bien Hoa,Bien Hoa,28.92,28.0,28.92,75.0,33.5,10000.0,0.0,100.0,4.98,11.29,255.0,1007.0,0,804,Clouds,overcast clouds,04n
2025-07-25 11:54:53,Dong Nai-Bien Hoa,Bien Hoa,33.92,33.0,33.92,55.0,39.99,10000.0,0.0,84.0,5.38,8.94,303.0,1006.0,1,803,Clouds,broken clouds,04d
2025-07-25 11:58:38,Dong Nai-Bien Hoa,Bien Hoa,33.92,33.0,33.92,55.0,39.99,10000.0,0.0,84.0,5.38,8.94,303.0,1006.0,1,803,Clouds,broken clouds,04d
2025-07-25 12:02:23,Dong Nai-Bien Hoa,Bien Hoa,33.92,33.0,33.92,55.0,39.99,10000.0,0.0,84.0,5.38,8.94,303.0,1006.0,1,803,Clouds,broken clouds,04d
2025-07-25 12:06:09,Dong Nai-Bien Hoa,Bien Hoa,33.92,33.0,33.92,59.0,40.92,10000.0,0.0,84.0,5.38,8.94,303.0,1006.0,1,803,Clouds,broken clouds,04d
2025-07-25 12:09:55,Dong Nai-Bien Hoa,Bien Hoa,33.36,33.0,33.36,59.0,40.07,10000.0,0.0,84.0,5.38,8.94,303.0,1006.0,1,803,Clouds,broken clouds,04d
2025-07-25 12:13:40,Dong Nai-Bien Hoa,Bien Hoa,33.92,33.0,33.92,59.0,40.92,10000.0,0.0,84.0,5.38,8.94,303.0,1006.0,1,803,Clouds,broken clouds,04d
2025-07-25 12:17:26,Dong Nai-Bien Hoa,Bien Hoa,33.92,33.0,33.92,58.0,40.92,10000.0,0.0,84.0,5.38,8.94,303.0,1006.0,1,803,Clouds,broken clouds,04d
2025-07-25 12:21:12,Dong Nai-Bien Hoa,Bien Hoa,33.92,33.0,33.92,58.0,40.92,10000.0,0.0,84.0,5.38,8.94,303.0,1006.0,1,803,Clouds,broken clouds,04d
2025-07-25 12:24:57,Dong Nai-Bien Hoa,Bien Hoa,33.92,33.0,33.92,58.0,40.92,10000.0,0.0,84.0,5.38,8.94,303.0,1006.0,1,803,Clouds,broken clouds,04d
2025-07-25 12:28:43,Dong Nai-Bien Hoa,Bien Hoa,33.36,33.0,33.36,58.0,39.7,10000.0,0.0,84.0,5.38,8.94,303.0,1006.0,1,803,Clouds,broken clouds,04d
2025-07-25 12:32:28,Dong Nai-Bien Hoa,Bien Hoa,33.36,33.0,33.36,52.0,37.65,10000.0,0.0,78.0,5.08,9.64,307.0,1005.0,1,803,Clouds,broken clouds,04d
2025-07-25 12:36:14,Dong Nai-Bien Hoa,Bien Hoa,33.0,33.0,33.0,52.0,36.88,10000.0,0.0,78.0,5.08,9.64,307.0,1005.0,1,803,Clouds,broken clouds,04d
2025-07-25 12:40:00,Dong Nai-Bien Hoa,Bien Hoa,34.47,33.0,34.47,52.0,40.19,10000.0,0.0,78.0,5.08,9.64,307.0,1005.0,1,803,Clouds,broken clouds,04d
2025-07-25 12:43:46,Dong Nai-Bien Hoa,Bien Hoa,33.0,33.0,33.0,52.0,36.88,10000.0,0.0,78.0,5.08,9.64,307.0,1005.0,1,803,Clouds,broken clouds,04d
2025-07-25 12:47:31,Dong Nai-Bien Hoa,Bien Hoa,35.0,35.0,35.0,51.0,41.07,10000.0,0.0,78.0,5.08,9.64,307.0,1005.0,1,803,Clouds,broken clouds,04d
2025-07-25 12:51:17,Dong Nai-Bien Hoa,Bien Hoa,33.92,33.92,35.0,51.0,38.56,10000.0,0.0,78.0,5.08,9.64,307.0,1005.0,1,803,Clouds,broken clouds,04d
2025-07-25 12:55:03,Dong Nai-Bien Hoa,Bien Hoa,33.92,33.92,35.0,51.0,38.56,10000.0,0.0,78.0,5.08,9.64,307.0,1005.0,1,803,Clouds,broken clouds,04d
2025-07-25 12:58:49,Dong Nai-Bien Hoa,Bien Hoa,33.92,33.92,35.0,51.0,38.56,10000.0,0.0,65.0,5.32,9.44,311.0,1005.0,1,803,Clouds,broken clouds,04d
2025-07-25 13:02:34,Dong Nai-Bien Hoa,Bien Hoa,33.92,33.92,35.0,51.0,38.56,10000.0,0.0,65.0,5.32,9.44,311.0,1005.0,1,803,Clouds,broken clouds,04d
2025-07-25 13:06:20,Dong Nai-Bien Hoa,Bien Hoa,33.92,33.92,35.0,51.0,38.56,10000.0,0.0,65.0,5.32,9.44,311.0,1005.0,1,803,Clouds,broken clouds,04d
2025-07-25 13:10:06,Dong Nai-Bien Hoa,Bien Hoa,35.0,35.0,35.0,51.0,41.07,10000.0,0.0,65.0,5.32,9.44,311.0,1005.0,1,803,Clouds,broken clouds,04d
2025-07-25 13:13:52,Dong Nai-Bien Hoa,Bien Hoa,35.0,35.0,35.0,51.0,41.07,10000.0,0.0,65.0,5.32,9.44,311.0,1005.0,1,803,Clouds,broken clouds,04d
2025-07-25 13:17:37,Dong Nai-Bien Hoa,Bien Hoa,35.0,35.0,35.0,51.0,41.07,10000.0,0.0,65.0,5.32,9.44,311.0,1005.0,1,803,Clouds,broken clouds,04d
2025-07-25 13:21:22,Dong Nai-Bien Hoa,Bien Hoa,35.0,35.0,35.0,51.0,41.07,10000.0,0.0,65.0,5.32,9.44,311.0,1005.0,1,803,Clouds,broken clouds,04d
2025-07-25 13:25:08,Dong Nai-Bien Hoa,Bien Hoa,33.92,33.92,34.0,51.0,38.56,10000.0,0.0,65.0,5.32,9.44,311.0,1005.0,1,803,Clouds,broken clouds,04d
2025-07-25 13:28:54,Dong Nai-Bien Hoa,Bien Hoa,33.92,33.92,34.0,51.0,38.56,10000.0,0.0,65.0,5.32,9.44,311.0,1005.0,1,803,Clouds,broken clouds,04d
2025-07-25 13:32:40,Dong Nai-Bien Hoa,Bien Hoa,33.92,33.92,34.0,47.0,37.25,10000.0,0.0,100.0,5.19,9.66,309.0,1004.0,1,804,Clouds,overcast clouds,04d
2025-07-25 13:36:25,Dong Nai-Bien Hoa,Bien Hoa,33.92,33.92,34.0,51.0,38.56,10000.0,0.0,65.0,5.32,9.44,311.0,1005.0,1,803,Clouds,broken clouds,04d
2025-07-25 13:40:11,Dong Nai-Bien Hoa,Bien Hoa,34.47,34.0,34.47,50.0,39.44,10000.0,0.0,100.0,5.19,9.66,309.0,1004.0,1,804,Clouds,overcast clouds,04d
2025-07-25 13:43:57,Dong Nai-Bien Hoa,Bien Hoa,34.0,34.0,34.0,50.0,38.39,10000.0,0.0,100.0,5.19,9.66,309.0,1004.0,1,804,Clouds,overcast clouds,04d
2025-07-25 13:47:42,Dong Nai-Bien Hoa,Bien Hoa,34.47,34.0,34.47,50.0,39.44,10000.0,0.0,100.0,5.19,9.66,309.0,1004.0,1,804,Clouds,overcast clouds,04d
2025-07-25 13:51:28,Dong Nai-Bien Hoa,Bien Hoa,34.47,34.0,34.47,50.0,39.44,10000.0,0.0,100.0,5.19,9.66,309.0,1004.0,1,804,Clouds,overcast clouds,04d
2025-07-25 13:55:14,Dong Nai-Bien Hoa,Bien Hoa,34.47,34.0,34.47,50.0,39.44,10000.0,0.0,100.0,5.19,9.66,309.0,1004.0,1,804,Clouds,overcast clouds,04d
2025-07-25 13:59:00,Dong Nai-Bien Hoa,Bien Hoa,34.47,34.0,34.47,50.0,39.44,10000.0,0.0,100.0,5.19,9.66,309.0,1004.0,1,804,Clouds,overcast clouds,04d
2025-07-25 14:02:45,Dong Nai-Bien Hoa,Bien Hoa,34.0,34.0,34.0,55.0,40.18,10000.0,0.0,100.0,5.19,9.66,309.0,1004.0,1,804,Clouds,overcast clouds,04d
2025-07-25 14:06:33,Dong Nai-Bien Hoa,Bien Hoa,34.0,34.0,34.0,55.0,40.18,10000.0,0.0,100.0,5.19,9.66,309.0,1004.0,1,804,Clouds,overcast clouds,04d
2025-07-25 14:10:19,Dong Nai-Bien Hoa,Bien Hoa,34.0,34.0,34.0,55.0,40.18,10000.0,0.0,100.0,5.19,9.66,309.0,1004.0,1,804,Clouds,overcast clouds,04d
2025-07-25 14:14:04,Dong Nai-Bien Hoa,Bien Hoa,34.47,34.0,34.47,55.0,41.36,10000.0,0.0,100.0,5.19,9.66,309.0,1004.0,1,804,Clouds,overcast clouds,04d
2025-07-25 14:17:50,Dong Nai-Bien Hoa,Bien Hoa,34.47,34.0,34.47,55.0,41.36,10000.0,0.0,100.0,5.19,9.66,309.0,1004.0,1,804,Clouds,overcast clouds,04d
2025-07-25 14:21:37,Dong Nai-Bien Hoa,Bien Hoa,34.0,34.0,34.0,54.0,39.81,10000.0,0.0,100.0,5.19,9.66,309.0,1004.0,1,804,Clouds,overcast clouds,04d
2025-07-25 14:25:23,Dong Nai-Bien Hoa,Bien Hoa,34.0,34.0,34.0,54.0,39.81,10000.0,0.0,100.0,5.19,9.66,309.0,1004.0,1,804,Clouds,overcast clouds,04d
2025-07-25 14:29:08,Dong Nai-Bien Hoa,Bien Hoa,34.47,34.0,34.47,54.0,40.96,10000.0,0.0,100.0,5.19,9.66,309.0,1004.0,1,804,Clouds,overcast clouds,04d
2025-07-25 14:32:54,Dong Nai-Bien Hoa,Bien Hoa,34.47,34.0,34.47,50.0,39.44,10000.0,0.0,100.0,4.09,7.34,315.0,1003.0,1,804,Clouds,overcast clouds,04d
2025-07-25 14:36:40,Dong Nai-Bien Hoa,Bien Hoa,34.47,34.0,34.47,50.0,39.44,10000.0,0.0,100.0,4.09,7.34,315.0,1003.0,1,804,Clouds,overcast clouds,04d
2025-07-25 14:40:26,Dong Nai-Bien Hoa,Bien Hoa,33.92,33.92,34.0,50.0,38.22,10000.0,0.0,100.0,4.09,7.34,315.0,1003.0,1,804,Clouds,overcast clouds,04d
2025-07-25 14:44:12,Dong Nai-Bien Hoa,Bien Hoa,33.92,33.92,34.0,50.0,38.22,10000.0,0.0,100.0,4.09,7.34,315.0,1003.0,1,804,Clouds,overcast clouds,04d
2025-07-25 14:47:57,Dong Nai-Bien Hoa,Bien Hoa,33.92,33.92,34.0,50.0,38.22,10000.0,0.0,100.0,4.09,7.34,315.0,1003.0,1,804,Clouds,overcast clouds,04d
2025-07-25 14:51:43,Dong Nai-Bien Hoa,Bien Hoa,33.92,33.0,33.92,52.0,38.9,10000.0,0.0,100.0,4.09,7.34,315.0,1003.0,1,804,Clouds,overcast clouds,04d
2025-07-25 14:55:29,Dong Nai-Bien Hoa,Bien Hoa,33.92,33.0,33.92,52.0,38.9,10000.0,0.0,100.0,4.09,7.34,315.0,1003.0,1,804,Clouds,overcast clouds,04d
2025-07-25 14:59:14,Dong Nai-Bien Hoa,Bien Hoa,33.92,33.0,33.92,52.0,38.9,10000.0,0.0,100.0,4.09,7.34,315.0,1003.0,1,804,Clouds,overcast clouds,04d
2025-07-25 15:03:00,Dong Nai-Bien Hoa,Bien Hoa,34.47,33.0,34.47,56.0,41.47,10000.0,0.0,100.0,4.09,7.34,315.0,1004.0,1,804,Clouds,overcast clouds,04d
2025-07-25 15:06:46,Dong Nai-Bien Hoa,Bien Hoa,35.03,33.0,35.03,56.0,42.03,10000.0,0.0,100.0,4.09,7.34,315.0,1004.0,1,804,Clouds,overcast clouds,04d
2025-07-25 15:10:31,Dong Nai-Bien Hoa,Bien Hoa,35.03,33.0,35.03,56.0,42.03,10000.0,0.0,100.0,4.09,7.34,315.0,1004.0,1,804,Clouds,overcast clouds,04d
2025-07-25 15:14:17,Dong Nai-Bien Hoa,Bien Hoa,33.92,33.0,33.92,56.0,40.36,10000.0,0.0,100.0,4.09,7.34,315.0,1004.0,1,804,Clouds,overcast clouds,04d
2025-07-25 15:18:03,Dong Nai-Bien Hoa,Bien Hoa,33.92,33.92,34.0,57.0,40.75,10000.0,0.0,100.0,4.09,7.34,315.0,1004.0,1,804,Clouds,overcast clouds,04d
2025-07-25 15:21:49,Dong Nai-Bien Hoa,Bien Hoa,33.92,33.92,34.0,57.0,40.75,10000.0,0.0,100.0,4.09,7.34,315.0,1004.0,1,804,Clouds,overcast clouds,04d
2025-07-25 15:25:35,Dong Nai-Bien Hoa,Bien Hoa,33.92,33.92,34.0,57.0,40.75,10000.0,0.0,100.0,4.09,7.34,315.0,1004.0,1,804,Clouds,overcast clouds,04d
2025-07-25 15:29:20,Dong Nai-Bien Hoa,Bien Hoa,33.92,33.92,34.0,57.0,40.75,10000.0,0.0,100.0,4.09,7.34,315.0,1004.0,1,804,Clouds,overcast clouds,04d
2025-07-25 15:33:06,Dong Nai-Bien Hoa,Bien Hoa,33.92,33.92,34.0,55.0,39.99,10000.0,0.0,100.0,3.22,6.09,313.0,1003.0,1,804,Clouds,overcast clouds,04d
2025-07-25 15:36:52,Dong Nai-Bien Hoa,Bien Hoa,33.36,33.36,34.0,55.0,38.64,10000.0,0.0,100.0,3.22,6.09,313.0,1003.0,1,804,Clouds,overcast clouds,04d
2025-07-25 15:40:38,Dong Nai-Bien Hoa,Bien Hoa,33.92,33.92,34.0,55.0,39.99,10000.0,0.0,100.0,3.22,6.09,313.0,1003.0,1,804,Clouds,overcast clouds,04d
2025-07-25 15:44:23,Dong Nai-Bien Hoa,Bien Hoa,33.92,33.92,34.0,55.0,39.99,10000.0,0.0,100.0,3.22,6.09,313.0,1003.0,1,804,Clouds,overcast clouds,04d
2025-07-25 15:48:09,Dong Nai-Bien Hoa,Bien Hoa,33.92,33.92,34.0,55.0,39.99,10000.0,0.0,100.0,3.22,6.09,313.0,1003.0,1,804,Clouds,overcast clouds,04d
2025-07-25 15:51:55,Dong Nai-Bien Hoa,Bien Hoa,33.92,33.92,34.0,55.0,39.99,10000.0,0.0,100.0,3.22,6.09,313.0,1003.0,1,804,Clouds,overcast clouds,04d
2025-07-25 15:55:40,Dong Nai-Bien Hoa,Bien Hoa,33.92,33.92,34.0,55.0,39.99,10000.0,0.0,100.0,3.22,6.09,313.0,1003.0,1,804,Clouds,overcast clouds,04d
2025-07-25 15:59:26,Dong Nai-Bien Hoa,Bien Hoa,33.92,33.92,34.0,55.0,39.99,10000.0,0.0,100.0,3.22,6.09,313.0,1003.0,1,804,Clouds,overcast clouds,04d
2025-07-25 16:03:11,Dong Nai-Bien Hoa,Bien Hoa,33.92,33.92,34.0,55.0,39.99,10000.0,0.0,100.0,3.22,6.09,313.0,1003.0,1,804,Clouds,overcast clouds,04d
2025-07-25 16:06:57,Dong Nai-Bien Hoa,Bien Hoa,34.47,34.0,34.47,58.0,41.47,10000.0,0.0,100.0,3.22,6.09,313.0,1004.0,1,804,Clouds,overcast clouds,04d
2025-07-25 16:10:42,Dong Nai-Bien Hoa,Bien Hoa,34.47,34.0,34.47,58.0,41.47,10000.0,0.0,100.0,3.22,6.09,313.0,1004.0,1,804,Clouds,overcast clouds,04d
2025-07-25 16:14:28,Dong Nai-Bien Hoa,Bien Hoa,34.47,34.0,34.47,58.0,41.47,10000.0,0.0,100.0,3.22,6.09,313.0,1004.0,1,804,Clouds,overcast clouds,04d
2025-07-25 16:18:14,Dong Nai-Bien Hoa,Bien Hoa,33.92,33.92,34.0,57.0,40.75,10000.0,0.0,100.0,3.22,6.09,313.0,1004.0,1,804,Clouds,overcast clouds,04d
2025-07-25 16:22:00,Dong Nai-Bien Hoa,Bien Hoa,33.92,33.92,34.0,57.0,40.75,10000.0,0.0,100.0,3.22,6.09,313.0,1004.0,1,804,Clouds,overcast clouds,04d
2025-07-25 16:25:45,Dong Nai-Bien Hoa,Bien Hoa,33.92,33.92,34.0,57.0,40.75,10000.0,0.0,100.0,3.22,6.09,313.0,1004.0,1,804,Clouds,overcast clouds,04d
2025-07-25 16:29:31,Dong Nai-Bien Hoa,Bien Hoa,33.92,33.92,34.0,57.0,40.75,10000.0,0.0,100.0,3.22,6.09,313.0,1004.0,1,804,Clouds,overcast clouds,04d
2025-07-25 16:33:16,Dong Nai-Bien Hoa,Bien Hoa,33.92,33.92,34.0,57.0,40.75,10000.0,0.0,100.0,3.22,6.09,313.0,1004.0,1,804,Clouds,overcast clouds,04d
2025-07-25 16:37:02,Dong Nai-Bien Hoa,Bien Hoa,34.47,34.0,34.47,57.0,41.47,10000.0,0.0,100.0,1.59,1.84,351.0,1003.0,1,804,Clouds,overcast clouds,04d
2025-07-25 16:40:48,Dong Nai-Bien Hoa,Bien Hoa,34.47,34.0,34.47,57.0,41.47,10000.0,0.0,100.0,1.59,1.84,351.0,1003.0,1,804,Clouds,overcast clouds,04d
2025-07-25 16:44:33,Dong Nai-Bien Hoa,Bien Hoa,34.47,34.0,34.47,57.0,41.47,10000.0,0.0,100.0,1.59,1.84,351.0,1003.0,1,804,Clouds,overcast clouds,04d
2025-07-25 16:48:19,Dong Nai-Bien Hoa,Bien Hoa,33.92,33.92,34.0,58.0,40.92,10000.0,0.0,100.0,1.59,1.84,351.0,1003.0,1,804,Clouds,overcast clouds,04d
2025-07-25 16:52:05,Dong Nai-Bien Hoa,Bien Hoa,33.92,33.92,34.0,58.0,40.92,10000.0,0.0,100.0,1.59,1.84,351.0,1003.0,1,804,Clouds,overcast clouds,04d
2025-07-25 16:55:51,Dong Nai-Bien Hoa,Bien Hoa,33.36,33.36,34.0,58.0,39.7,10000.0,0.0,100.0,1.59,1.84,351.0,1003.0,1,804,Clouds,overcast clouds,04d
2025-07-25 16:59:37,Dong Nai-Bien Hoa,Bien Hoa,33.36,33.36,34.0,58.0,39.7,10000.0,0.0,100.0,1.59,1.84,351.0,1003.0,1,804,Clouds,overcast clouds,04d
2025-07-25 17:03:23,Dong Nai-Bien Hoa,Bien Hoa,33.36,33.36,34.0,58.0,39.7,10000.0,0.0,100.0,1.59,1.84,351.0,1003.0,1,804,Clouds,overcast clouds,04d
2025-07-25 17:07:09,Dong Nai-Bien Hoa,Bien Hoa,33.92,33.92,34.0,59.0,40.92,10000.0,0.0,100.0,1.59,1.84,351.0,1003.0,1,804,Clouds,overcast clouds,04d
2025-07-25 17:10:54,Dong Nai-Bien Hoa,Bien Hoa,33.92,33.92,34.0,59.0,40.92,10000.0,0.0,100.0,1.59,1.84,351.0,1003.0,1,804,Clouds,overcast clouds,04d
2025-07-25 17:14:40,Dong Nai-Bien Hoa,Bien Hoa,33.92,33.92,34.0,59.0,40.92,10000.0,0.0,100.0,1.59,1.84,351.0,1003.0,1,804,Clouds,overcast clouds,04d
2025-07-25 17:18:26,Dong Nai-Bien Hoa,Bien Hoa,33.92,33.92,34.0,59.0,40.92,10000.0,0.0,100.0,1.59,1.84,351.0,1003.0,1,804,Clouds,overcast clouds,04d
2025-07-25 17:22:11,Dong Nai-Bien Hoa,Bien Hoa,33.92,33.0,33.92,58.0,40.92,10000.0,0.0,100.0,1.59,1.84,351.0,1003.0,1,804,Clouds,overcast clouds,04d
2025-07-25 17:25:57,Dong Nai-Bien Hoa,Bien Hoa,33.92,33.0,33.92,58.0,40.92,10000.0,0.0,100.0,1.59,1.84,351.0,1003.0,1,804,Clouds,overcast clouds,04d
2025-07-25 17:29:43,Dong Nai-Bien Hoa,Bien Hoa,33.92,33.0,33.92,58.0,40.92,10000.0,0.0,100.0,1.59,1.84,351.0,1003.0,1,804,Clouds,overcast clouds,04d
2025-07-25 17:33:29,Dong Nai-Bien Hoa,Bien Hoa,33.0,33.0,33.0,61.0,39.88,10000.0,0.0,100.0,3.79,7.02,243.0,1004.0,1,804,Clouds,overcast clouds,04d
2025-07-25 17:37:15,Dong Nai-Bien Hoa,Bien Hoa,33.36,33.0,33.36,61.0,40.36,10000.0,0.0,100.0,3.79,7.02,243.0,1004.0,1,804,Clouds,overcast clouds,04d
2025-07-25 17:41:01,Dong Nai-Bien Hoa,Bien Hoa,33.36,33.0,33.36,61.0,40.36,10000.0,0.0,100.0,3.79,7.02,243.0,1004.0,1,804,Clouds,overcast clouds,04d
2025-07-25 17:44:46,Dong Nai-Bien Hoa,Bien Hoa,32.81,32.81,33.0,61.0,39.39,10000.0,0.0,100.0,3.79,7.02,243.0,1004.0,1,804,Clouds,overcast clouds,04d
2025-07-25 17:48:32,Dong Nai-Bien Hoa,Bien Hoa,32.81,32.81,33.0,61.0,39.39,10000.0,0.0,100.0,3.79,7.02,243.0,1004.0,1,804,Clouds,overcast clouds,04d
2025-07-25 17:52:18,Dong Nai-Bien Hoa,Bien Hoa,32.81,32.81,33.0,60.0,39.04,10000.0,0.0,100.0,3.79,7.02,243.0,1004.0,1,804,Clouds,overcast clouds,04d
2025-07-25 17:56:04,Dong Nai-Bien Hoa,Bien Hoa,32.81,32.81,33.0,60.0,39.04,10000.0,0.0,100.0,3.79,7.02,243.0,1004.0,1,804,Clouds,overcast clouds,04d
2025-07-25 17:59:50,Dong Nai-Bien Hoa,Bien Hoa,32.81,32.81,33.0,60.0,39.04,10000.0,0.0,100.0,3.79,7.02,243.0,1004.0,1,804,Clouds,overcast clouds,04d
2025-07-25 18:03:36,Dong Nai-Bien Hoa,Bien Hoa,32.81,32.81,33.0,60.0,39.04,10000.0,0.0,100.0,3.79,7.02,243.0,1004.0,1,804,Clouds,overcast clouds,04d
2025-07-25 18:07:24,Dong Nai-Bien Hoa,Bien Hoa,31.7,31.7,33.0,62.0,36.97,10000.0,0.0,100.0,3.79,7.02,243.0,1004.0,1,804,Clouds,overcast clouds,04d
2025-07-25 18:11:09,Dong Nai-Bien Hoa,Bien Hoa,31.7,31.7,33.0,62.0,36.97,10000.0,0.0,100.0,3.79,7.02,243.0,1004.0,1,804,Clouds,overcast clouds,04d
2025-07-25 18:14:55,Dong Nai-Bien Hoa,Bien Hoa,31.7,31.7,33.0,62.0,36.97,10000.0,0.0,100.0,3.79,7.02,243.0,1004.0,1,804,Clouds,overcast clouds,04d
2025-07-25 18:18:40,Dong Nai-Bien Hoa,Bien Hoa,31.14,31.14,32.0,64.0,36.21,10000.0,0.28,100.0,3.79,7.02,243.0,1004.0,0,500,Rain,light rain,10n
2025-07-25 18:22:26,Dong Nai-Bien Hoa,Bien Hoa,31.14,31.14,32.0,64.0,36.21,10000.0,0.21,100.0,3.79,7.02,243.0,1004.0,0,500,Rain,light rain,10n
2025-07-25 18:26:12,Dong Nai-Bien Hoa,Bien Hoa,31.14,31.14,32.0,64.0,36.21,10000.0,0.28,100.0,3.79,7.02,243.0,1004.0,0,500,Rain,light rain,10n
2025-07-25 18:29:58,Dong Nai-Bien Hoa,Bien Hoa,31.14,31.14,32.0,64.0,36.21,10000.0,0.0,100.0,3.79,7.02,243.0,1004.0,0,804,Clouds,overcast clouds,04n
2025-07-25 18:33:43,Dong Nai-Bien Hoa,Bien Hoa,31.14,31.14,32.0,64.0,36.21,10000.0,0.0,100.0,3.79,7.02,243.0,1004.0,0,804,Clouds,overcast clouds,04n
2025-07-25 18:37:29,Dong Nai-Bien Hoa,Bien Hoa,30.03,30.03,32.0,65.0,33.95,10000.0,0.0,100.0,3.59,7.86,261.0,1005.0,0,804,Clouds,overcast clouds,04n
2025-07-25 18:41:15,Dong Nai-Bien Hoa,Bien Hoa,30.03,30.03,32.0,65.0,33.95,10000.0,0.0,100.0,3.59,7.86,261.0,1005.0,0,804,Clouds,overcast clouds,04n
2025-07-25 18:45:00,Dong Nai-Bien Hoa,Bien Hoa,30.03,30.03,32.0,65.0,33.95,10000.0,0.0,100.0,3.59,7.86,261.0,1005.0,0,804,Clouds,overcast clouds,04n
2025-07-25 18:48:46,Dong Nai-Bien Hoa,Bien Hoa,30.03,30.0,30.03,65.0,33.95,10000.0,0.0,93.0,4.54,8.58,245.0,1005.0,0,804,Clouds,overcast clouds,04n
2025-07-25 18:52:32,Dong Nai-Bien Hoa,Bien Hoa,30.03,30.0,30.03,65.0,33.95,10000.0,0.0,93.0,4.54,8.58,245.0,1005.0,0,804,Clouds,overcast clouds,04n
2025-07-25 18:56:18,Dong Nai-Bien Hoa,Bien Hoa,30.03,30.0,30.03,65.0,33.95,10000.0,0.0,93.0,4.54,8.58,245.0,1005.0,0,804,Clouds,overcast clouds,04n
2025-07-25 19:00:05,Dong Nai-Bien Hoa,Bien Hoa,30.03,30.0,30.03,65.0,33.95,10000.0,0.0,93.0,4.54,8.58,245.0,1005.0,0,804,Clouds,overcast clouds,04n
2025-07-25 19:03:52,Dong Nai-Bien Hoa,Bien Hoa,30.03,30.0,30.03,65.0,33.95,10000.0,0.0,93.0,4.54,8.58,245.0,1005.0,0,804,Clouds,overcast clouds,04n
2025-07-25 19:07:38,Dong Nai-Bien Hoa,Bien Hoa,30.03,30.0,30.03,65.0,33.95,10000.0,0.0,93.0,4.54,8.58,245.0,1005.0,0,804,Clouds,overcast clouds,04n
2025-07-25 19:11:24,Dong Nai-Bien Hoa,Bien Hoa,30.03,30.0,30.03,65.0,33.95,10000.0,0.0,93.0,4.54,8.58,245.0,1005.0,0,804,Clouds,overcast clouds,04n
2025-07-25 19:15:09,Dong Nai-Bien Hoa,Bien Hoa,30.03,30.0,30.03,65.0,33.95,10000.0,0.0,93.0,4.54,8.58,245.0,1005.0,0,804,Clouds,overcast clouds,04n
2025-07-25 19:18:55,Dong Nai-Bien Hoa,Bien Hoa,30.03,30.0,30.03,65.0,33.95,10000.0,0.0,93.0,4.54,8.58,245.0,1005.0,0,804,Clouds,overcast clouds,04n
2025-07-25 19:22:41,Dong Nai-Bien Hoa,Bien Hoa,30.03,29.0,30.03,65.0,33.95,10000.0,0.0,93.0,4.54,8.58,245.0,1005.0,0,804,Clouds,overcast clouds,04n
2025-07-25 19:26:27,Dong Nai-Bien Hoa,Bien Hoa,30.03,29.0,30.03,72.0,35.61,10000.0,0.0,93.0,4.54,8.58,245.0,1005.0,0,804,Clouds,overcast clouds,04n
2025-07-25 19:30:13,Dong Nai-Bien Hoa,Bien Hoa,30.03,29.0,30.03,72.0,35.61,10000.0,0.0,93.0,4.54,8.58,245.0,1005.0,0,804,Clouds,overcast clouds,04n
2025-07-25 19:33:58,Dong Nai-Bien Hoa,Bien Hoa,30.03,29.0,30.03,72.0,35.61,10000.0,0.0,93.0,4.54,8.58,245.0,1005.0,0,804,Clouds,overcast clouds,04n
2025-07-25 19:37:44,Dong Nai-Bien Hoa,Bien Hoa,30.03,29.0,30.03,72.0,35.61,10000.0,0.0,100.0,4.81,9.64,250.0,1006.0,0,804,Clouds,overcast clouds,04n
2025-07-25 19:41:30,Dong Nai-Bien Hoa,Bien Hoa,30.03,29.0,30.03,72.0,35.61,10000.0,0.0,100.0,4.81,9.64,250.0,1006.0,0,804,Clouds,overcast clouds,04n
2025-07-25 19:45:16,Dong Nai-Bien Hoa,Bien Hoa,30.03,29.0,30.03,72.0,35.61,10000.0,0.0,100.0,4.81,9.64,250.0,1006.0,0,804,Clouds,overcast clouds,04n
2025-07-25 19:49:02,Dong Nai-Bien Hoa,Bien Hoa,30.03,29.0,30.03,72.0,35.61,10000.0,0.0,100.0,4.81,9.64,250.0,1006.0,0,804,Clouds,overcast clouds,04n
2025-07-25 19:52:48,Dong Nai-Bien Hoa,Bien Hoa,30.03,29.0,30.03,72.0,35.61,10000.0,0.0,100.0,4.81,9.64,250.0,1006.0,0,804,Clouds,overcast clouds,04n
2025-07-25 19:56:34,Dong Nai-Bien Hoa,Bien Hoa,30.03,29.0,30.03,72.0,35.61,10000.0,0.0,100.0,4.81,9.64,250.0,1006.0,0,804,Clouds,overcast clouds,04n
2025-07-25 20:00:21,Dong Nai-Bien Hoa,Bien Hoa,30.03,29.0,30.03,72.0,35.61,10000.0,0.0,100.0,4.81,9.64,250.0,1006.0,0,804,Clouds,overcast clouds,04n
2025-07-25 20:04:07,Dong Nai-Bien Hoa,Bien Hoa,30.03,29.0,30.03,72.0,35.61,10000.0,0.0,100.0,4.81,9.64,250.0,1006.0,0,804,Clouds,overcast clouds,04n
2025-07-25 20:07:53,Dong Nai-Bien Hoa,Bien Hoa,30.03,29.0,30.03,72.0,35.61,10000.0,0.0,100.0,4.81,9.64,250.0,1006.0,0,804,Clouds,overcast clouds,04n
2025-07-25 20:11:38,Dong Nai-Bien Hoa,Bien Hoa,30.03,29.0,30.03,77.0,36.92,10000.0,0.0,100.0,4.81,9.64,250.0,1006.0,0,804,Clouds,overcast clouds,04n
2025-07-25 20:15:24,Dong Nai-Bien Hoa,Bien Hoa,30.03,29.0,30.03,77.0,36.92,10000.0,0.0,100.0,4.81,9.64,250.0,1006.0,0,804,Clouds,overcast clouds,04n
2025-07-25 20:19:10,Dong Nai-Bien Hoa,Bien Hoa,30.03,29.0,30.03,77.0,36.92,10000.0,0.0,100.0,4.81,9.64,250.0,1006.0,0,804,Clouds,overcast clouds,04n
2025-07-25 20:22:56,Dong Nai-Bien Hoa,Bien Hoa,30.03,29.0,30.03,77.0,36.92,10000.0,0.0,100.0,4.81,9.64,250.0,1006.0,0,804,Clouds,overcast clouds,04n
2025-07-25 20:26:42,Dong Nai-Bien Hoa,Bien Hoa,30.03,29.0,30.03,77.0,36.92,10000.0,0.0,100.0,4.81,9.64,250.0,1006.0,0,804,Clouds,overcast clouds,04n
2025-07-25 20:30:28,Dong Nai-Bien Hoa,Bien Hoa,30.03,29.0,30.03,74.0,36.12,10000.0,0.0,98.0,3.89,7.04,270.0,1007.0,0,804,Clouds,overcast clouds,04n
2025-07-25 20:34:14,Dong Nai-Bien Hoa,Bien Hoa,30.03,29.0,30.03,74.0,36.12,10000.0,0.0,98.0,3.89,7.04,270.0,1007.0,0,804,Clouds,overcast clouds,04n
2025-07-25 20:38:00,Dong Nai-Bien Hoa,Bien Hoa,30.03,29.0,30.03,75.0,36.38,10000.0,0.0,98.0,3.89,7.04,270.0,1007.0,0,804,Clouds,overcast clouds,04n
2025-07-25 20:41:46,Dong Nai-Bien Hoa,Bien Hoa,30.03,29.0,30.03,75.0,36.38,10000.0,0.0,98.0,3.89,7.04,270.0,1007.0,0,804,Clouds,overcast clouds,04n
2025-07-25 20:45:31,Dong Nai-Bien Hoa,Bien Hoa,30.03,29.0,30.03,75.0,36.38,10000.0,0.0,98.0,3.89,7.04,270.0,1007.0,0,804,Clouds,overcast clouds,04n
2025-07-25 20:49:17,Dong Nai-Bien Hoa,Bien Hoa,29.47,29.0,29.47,74.0,34.66,10000.0,0.0,98.0,3.89,7.04,270.0,1007.0,0,804,Clouds,overcast clouds,04n
2025-07-25 20:53:04,Dong Nai-Bien Hoa,Bien Hoa,29.47,29.0,29.47,74.0,34.66,10000.0,0.0,98.0,3.89,7.04,270.0,1007.0,0,804,Clouds,overcast clouds,04n
2025-07-25 20:56:50,Dong Nai-Bien Hoa,Bien Hoa,29.47,29.0,29.47,74.0,34.66,10000.0,0.0,98.0,3.89,7.04,270.0,1007.0,0,804,Clouds,overcast clouds,04n
2025-07-25 21:00:36,Dong Nai-Bien Hoa,Bien Hoa,29.47,29.0,29.47,74.0,34.66,10000.0,0.0,98.0,3.89,7.04,270.0,1007.0,0,804,Clouds,overcast clouds,04n
2025-07-25 21:04:23,Dong Nai-Bien Hoa,Bien Hoa,29.47,29.0,29.47,78.0,35.59,10000.0,0.0,98.0,3.89,7.04,270.0,1007.0,0,804,Clouds,overcast clouds,04n
2025-07-25 21:08:08,Dong Nai-Bien Hoa,Bien Hoa,29.47,29.0,29.47,78.0,35.59,10000.0,0.0,98.0,3.89,7.04,270.0,1007.0,0,804,Clouds,overcast clouds,04n
2025-07-25 21:11:54,Dong Nai-Bien Hoa,Bien Hoa,29.47,29.0,29.47,78.0,35.59,10000.0,0.0,98.0,3.89,7.04,270.0,1007.0,0,804,Clouds,overcast clouds,04n
2025-07-25 21:15:40,Dong Nai-Bien Hoa,Bien Hoa,29.47,29.0,29.47,78.0,35.59,10000.0,0.0,98.0,3.89,7.04,270.0,1007.0,0,804,Clouds,overcast clouds,04n
2025-07-25 21:19:26,Dong Nai-Bien Hoa,Bien Hoa,29.47,29.0,29.47,78.0,35.59,10000.0,0.0,98.0,3.89,7.04,270.0,1007.0,0,804,Clouds,overcast clouds,04n
2025-07-25 21:23:12,Dong Nai-Bien Hoa,Bien Hoa,29.47,29.0,29.47,78.0,35.59,10000.0,0.0,98.0,3.89,7.04,270.0,1007.0,0,804,Clouds,overcast clouds,04n
2025-07-25 21:26:58,Dong Nai-Bien Hoa,Bien Hoa,29.47,29.0,29.47,78.0,35.59,10000.0,0.0,98.0,3.89,7.04,270.0,1007.0,0,804,Clouds,overcast clouds,04n
2025-07-25 21:30:44,Dong Nai-Bien Hoa,Bien Hoa,29.47,29.0,29.47,75.0,34.89,10000.0,0.0,98.0,2.87,5.41,275.0,1007.0,0,804,Clouds,overcast clouds,04n
2025-07-25 21:34:30,Dong Nai-Bien Hoa,Bien Hoa,29.47,29.0,29.47,75.0,34.89,10000.0,0.0,98.0,2.87,5.41,275.0,1007.0,0,804,Clouds,overcast clouds,04n
2025-07-25 21:38:17,Dong Nai-Bien Hoa,Bien Hoa,29.47,29.0,29.47,76.0,35.12,10000.0,0.0,98.0,2.87,5.41,275.0,1008.0,0,804,Clouds,overcast clouds,04n
2025-07-25 21:42:03,Dong Nai-Bien Hoa,Bien Hoa,29.47,29.0,29.47,75.0,34.89,10000.0,0.0,98.0,2.87,5.41,275.0,1007.0,0,804,Clouds,overcast clouds,04n
2025-07-25 21:45:49,Dong Nai-Bien Hoa,Bien Hoa,29.47,29.0,29.47,76.0,35.12,10000.0,0.0,98.0,2.87,5.41,275.0,1008.0,0,804,Clouds,overcast clouds,04n
2025-07-25 21:49:35,Dong Nai-Bien Hoa,Bien Hoa,29.47,29.0,29.47,75.0,34.89,10000.0,0.0,98.0,2.87,5.41,275.0,1008.0,0,804,Clouds,overcast clouds,04n
2025-07-25 21:53:21,Dong Nai-Bien Hoa,Bien Hoa,29.47,29.0,29.47,76.0,35.12,10000.0,0.0,98.0,2.87,5.41,275.0,1008.0,0,804,Clouds,overcast clouds,04n
2025-07-25 21:57:07,Dong Nai-Bien Hoa,Bien Hoa,29.47,29.0,29.47,75.0,34.89,10000.0,0.0,98.0,2.87,5.41,275.0,1008.0,0,804,Clouds,overcast clouds,04n
2025-07-25 22:00:53,Dong Nai-Bien Hoa,Bien Hoa,29.47,29.0,29.47,75.0,34.89,10000.0,0.0,98.0,2.87,5.41,275.0,1008.0,0,804,Clouds,overcast clouds,04n
2025-07-25 22:04:38,Dong Nai-Bien Hoa,Bien Hoa,29.47,29.0,29.47,75.0,34.89,10000.0,0.0,98.0,2.87,5.41,275.0,1008.0,0,804,Clouds,overcast clouds,04n
2025-07-25 22:08:24,Dong Nai-Bien Hoa,Bien Hoa,29.47,29.0,29.47,79.0,35.83,10000.0,0.19,98.0,2.87,5.41,275.0,1007.0,0,500,Rain,light rain,10n
2025-07-25 22:12:10,Dong Nai-Bien Hoa,Bien Hoa,28.92,28.92,29.0,79.0,34.31,10000.0,0.0,98.0,2.87,5.41,275.0,1007.0,0,804,Clouds,overcast clouds,04n
2025-07-25 22:15:56,Dong Nai-Bien Hoa,Bien Hoa,28.92,28.92,29.0,79.0,34.31,10000.0,0.0,98.0,2.87,5.41,275.0,1007.0,0,804,Clouds,overcast clouds,04n
2025-07-25 22:19:42,Dong Nai-Bien Hoa,Bien Hoa,28.92,28.92,29.0,79.0,34.31,10000.0,0.24,98.0,2.87,5.41,275.0,1007.0,0,500,Rain,light rain,10n
2025-07-25 22:23:28,Dong Nai-Bien Hoa,Bien Hoa,28.92,28.92,29.0,79.0,34.31,10000.0,0.25,98.0,2.87,5.41,275.0,1007.0,0,500,Rain,light rain,10n
2025-07-25 22:27:14,Dong Nai-Bien Hoa,Bien Hoa,28.92,28.92,29.0,79.0,34.31,10000.0,0.25,98.0,2.87,5.41,275.0,1007.0,0,500,Rain,light rain,10n
2025-07-25 22:31:00,Dong Nai-Bien Hoa,Bien Hoa,28.92,28.92,29.0,77.0,33.9,10000.0,3.65,99.0,2.66,5.6,282.0,1007.0,0,501,Rain,moderate rain,10n
2025-07-25 22:34:46,Dong Nai-Bien Hoa,Bien Hoa,28.92,28.92,29.0,77.0,33.9,10000.0,3.65,99.0,2.66,5.6,282.0,1007.0,0,501,Rain,moderate rain,10n
2025-07-25 22:38:32,Dong Nai-Bien Hoa,Bien Hoa,28.92,28.92,29.0,77.0,33.9,10000.0,3.65,99.0,2.66,5.6,282.0,1007.0,0,501,Rain,moderate rain,10n
2025-07-25 22:42:18,Dong Nai-Bien Hoa,Bien Hoa,28.92,28.92,29.0,77.0,33.9,10000.0,3.65,99.0,2.66,5.6,282.0,1007.0,0,501,Rain,moderate rain,10n
2025-07-25 22:46:03,Dong Nai-Bien Hoa,Bien Hoa,28.92,28.92,29.0,77.0,33.9,10000.0,3.65,99.0,2.66,5.6,282.0,1007.0,0,501,Rain,moderate rain,10n
2025-07-25 22:49:49,Dong Nai-Bien Hoa,Bien Hoa,28.92,28.92,29.0,77.0,33.9,10000.0,2.05,99.0,2.66,5.6,282.0,1007.0,0,501,Rain,moderate rain,10n
2025-07-25 22:53:35,Dong Nai-Bien Hoa,Bien Hoa,28.92,28.92,29.0,77.0,33.9,10000.0,1.64,99.0,2.66,5.6,282.0,1007.0,0,501,Rain,moderate rain,10n
2025-07-25 22:57:21,Dong Nai-Bien Hoa,Bien Hoa,28.92,28.92,29.0,77.0,33.9,10000.0,0.9,99.0,2.66,5.6,282.0,1007.0,0,500,Rain,light rain,10n
2025-07-25 23:01:07,Dong Nai-Bien Hoa,Bien Hoa,28.92,28.92,29.0,77.0,33.9,10000.0,0.62,99.0,2.66,5.6,282.0,1007.0,0,500,Rain,light rain,10n
2025-07-25 23:04:53,Dong Nai-Bien Hoa,Bien Hoa,28.92,28.92,29.0,79.0,34.31,10000.0,0.49,99.0,2.66,5.6,282.0,1007.0,0,500,Rain,light rain,10n
2025-07-25 23:08:39,Dong Nai-Bien Hoa,Bien Hoa,28.92,28.92,29.0,79.0,34.31,10000.0,0.49,99.0,2.66,5.6,282.0,1007.0,0,500,Rain,light rain,10n
2025-07-25 23:12:25,Dong Nai-Bien Hoa,Bien Hoa,28.92,28.92,29.0,79.0,34.31,10000.0,0.49,99.0,2.66,5.6,282.0,1007.0,0,500,Rain,light rain,10n
2025-07-25 23:16:11,Dong Nai-Bien Hoa,Bien Hoa,28.92,28.92,29.0,79.0,34.31,10000.0,0.19,99.0,2.66,5.6,282.0,1007.0,0,500,Rain,light rain,10n
2025-07-25 23:19:58,Dong Nai-Bien Hoa,Bien Hoa,28.92,28.0,28.92,79.0,34.31,10000.0,0.15,99.0,2.66,5.6,282.0,1007.0,0,500,Rain,light rain,10n
2025-07-25 23:23:43,Dong Nai-Bien Hoa,Bien Hoa,28.92,28.0,28.92,79.0,34.31,10000.0,0.15,99.0,2.66,5.6,282.0,1007.0,0,500,Rain,light rain,10n
2025-07-25 23:27:29,Dong Nai-Bien Hoa,Bien Hoa,28.92,28.0,28.92,79.0,34.31,10000.0,0.0,99.0,2.66,5.6,282.0,1007.0,0,804,Clouds,overcast clouds,04n
2025-07-25 23:31:15,Dong Nai-Bien Hoa,Bien Hoa,28.92,28.0,28.92,79.0,34.31,10000.0,0.0,99.0,2.66,5.6,282.0,1007.0,0,804,Clouds,overcast clouds,04n
2025-07-25 23:35:01,Dong Nai-Bien Hoa,Bien Hoa,28.92,28.0,28.92,80.0,34.52,10000.0,0.0,99.0,2.89,7.08,299.0,1007.0,0,804,Clouds,overcast clouds,04n
2025-07-25 23:38:47,Dong Nai-Bien Hoa,Bien Hoa,28.92,28.0,28.92,80.0,34.52,10000.0,0.0,99.0,2.89,7.08,299.0,1007.0,0,804,Clouds,overcast clouds,04n
2025-07-25 23:42:33,Dong Nai-Bien Hoa,Bien Hoa,28.92,28.0,28.92,80.0,34.52,10000.0,0.0,99.0,2.89,7.08,299.0,1007.0,0,804,Clouds,overcast clouds,04n
2025-07-25 23:46:19,Dong Nai-Bien Hoa,Bien Hoa,28.92,28.0,28.92,80.0,34.52,10000.0,0.0,99.0,2.89,7.08,299.0,1007.0,0,804,Clouds,overcast clouds,04n
2025-07-25 23:50:06,Dong Nai-Bien Hoa,Bien Hoa,28.92,28.0,28.92,79.0,34.31,10000.0,0.0,99.0,2.89,7.08,299.0,1007.0,0,804,Clouds,overcast clouds,04n
2025-07-25 23:53:51,Dong Nai-Bien Hoa,Bien Hoa,28.92,28.0,28.92,79.0,34.31,10000.0,0.0,99.0,2.89,7.08,299.0,1007.0,0,804,Clouds,overcast clouds,04n
2025-07-25 23:57:37,Dong Nai-Bien Hoa,Bien Hoa,28.92,28.0,28.92,79.0,34.31,10000.0,0.0,99.0,2.89,7.08,299.0,1007.0,0,804,Clouds,overcast clouds,04n
2025-07-26 00:01:23,Dong Nai-Bien Hoa,Bien Hoa,28.92,28.0,28.92,82.0,34.95,10000.0,0.0,99.0,2.89,7.08,299.0,1007.0,0,804,Clouds,overcast clouds,04n
2025-07-26 00:05:08,Dong Nai-Bien Hoa,Bien Hoa,28.92,28.0,28.92,82.0,34.95,10000.0,0.0,99.0,2.89,7.08,299.0,1007.0,0,804,Clouds,overcast clouds,04n
2025-07-26 00:08:54,Dong Nai-Bien Hoa,Bien Hoa,28.92,28.0,28.92,82.0,34.95,10000.0,0.0,99.0,2.89,7.08,299.0,1007.0,0,804,Clouds,overcast clouds,04n
2025-07-26 00:12:41,Dong Nai-Bien Hoa,Bien Hoa,28.92,28.0,28.92,82.0,34.95,10000.0,0.0,99.0,2.89,7.08,299.0,1007.0,0,804,Clouds,overcast clouds,04n
2025-07-26 00:16:26,Dong Nai-Bien Hoa,Bien Hoa,28.92,28.0,28.92,82.0,34.95,10000.0,0.0,99.0,2.89,7.08,299.0,1007.0,0,804,Clouds,overcast clouds,04n
2025-07-26 00:20:12,Dong Nai-Bien Hoa,Bien Hoa,28.92,28.0,28.92,82.0,34.95,10000.0,0.1,99.0,2.89,7.08,299.0,1007.0,0,804,Clouds,overcast clouds,04n
2025-07-26 00:23:57,Dong Nai-Bien Hoa,Bien Hoa,28.92,28.0,28.92,82.0,34.95,10000.0,0.1,99.0,2.89,7.08,299.0,1007.0,0,804,Clouds,overcast clouds,04n
2025-07-26 00:27:43,Dong Nai-Bien Hoa,Bien Hoa,28.36,28.0,28.36,82.0,33.38,10000.0,0.44,99.0,2.89,7.08,299.0,1007.0,0,500,Rain,light rain,10n
2025-07-26 00:31:30,Dong Nai-Bien Hoa,Bien Hoa,28.36,28.0,28.36,83.0,33.56,10000.0,0.35,99.0,2.91,7.29,305.0,1007.0,0,500,Rain,light rain,10n
2025-07-26 00:35:16,Dong Nai-Bien Hoa,Bien Hoa,28.36,28.0,28.36,82.0,33.38,10000.0,0.44,99.0,2.89,7.08,299.0,1007.0,0,500,Rain,light rain,10n
2025-07-26 00:39:05,Dong Nai-Bien Hoa,Bien Hoa,28.36,28.0,28.36,83.0,33.56,10000.0,1.27,99.0,2.91,7.29,305.0,1007.0,0,501,Rain,moderate rain,10n
2025-07-26 00:42:52,Dong Nai-Bien Hoa,Bien Hoa,28.36,28.0,28.36,83.0,33.56,10000.0,1.27,99.0,2.91,7.29,305.0,1007.0,0,501,Rain,moderate rain,10n
2025-07-26 00:46:38,Dong Nai-Bien Hoa,Bien Hoa,28.36,28.0,28.36,83.0,33.56,10000.0,1.27,99.0,2.91,7.29,305.0,1007.0,0,501,Rain,moderate rain,10n
2025-07-26 00:50:24,Dong Nai-Bien Hoa,Bien Hoa,28.36,28.0,28.36,83.0,33.56,10000.0,3.16,100.0,2.94,7.58,285.0,1007.0,0,501,Rain,moderate rain,10n
2025-07-26 00:54:10,Dong Nai-Bien Hoa,Bien Hoa,28.36,28.0,28.36,83.0,33.56,10000.0,3.16,100.0,2.94,7.58,285.0,1007.0,0,501,Rain,moderate rain,10n
2025-07-26 00:57:56,Dong Nai-Bien Hoa,Bien Hoa,28.36,28.0,28.36,83.0,33.56,10000.0,2.73,100.0,2.94,7.58,285.0,1007.0,0,501,Rain,moderate rain,10n
2025-07-26 01:01:41,Dong Nai-Bien Hoa,Bien Hoa,28.36,28.0,28.36,83.0,33.56,10000.0,2.73,100.0,2.94,7.58,285.0,1007.0,0,501,Rain,moderate rain,10n
2025-07-26 01:05:28,Dong Nai-Bien Hoa,Bien Hoa,28.36,28.0,28.36,83.0,33.56,10000.0,2.73,100.0,2.94,7.58,285.0,1007.0,0,501,Rain,moderate rain,10n
2025-07-26 01:09:15,Dong Nai-Bien Hoa,Bien Hoa,28.36,28.0,28.36,83.0,33.56,10000.0,2.73,100.0,2.94,7.58,285.0,1007.0,0,501,Rain,moderate rain,10n
2025-07-26 01:13:01,Dong Nai-Bien Hoa,Bien Hoa,28.36,28.0,28.36,83.0,33.56,10000.0,2.37,100.0,2.94,7.58,285.0,1007.0,0,501,Rain,moderate rain,10n
2025-07-26 01:16:47,Dong Nai-Bien Hoa,Bien Hoa,28.36,28.0,28.36,83.0,33.56,10000.0,2.37,100.0,2.94,7.58,285.0,1007.0,0,501,Rain,moderate rain,10n
2025-07-26 01:20:33,Dong Nai-Bien Hoa,Bien Hoa,28.36,28.0,28.36,83.0,33.56,10000.0,2.37,100.0,2.94,7.58,285.0,1007.0,0,501,Rain,moderate rain,10n
2025-07-26 01:24:19,Dong Nai-Bien Hoa,Bien Hoa,28.36,28.0,28.36,83.0,33.56,10000.0,2.05,100.0,2.94,7.58,285.0,1007.0,0,501,Rain,moderate rain,10n
2025-07-26 01:28:06,Dong Nai-Bien Hoa,Bien Hoa,28.36,28.0,28.36,83.0,33.56,10000.0,2.05,100.0,2.94,7.58,285.0,1007.0,0,501,Rain,moderate rain,10n
2025-07-26 01:31:51,Dong Nai-Bien Hoa,Bien Hoa,28.36,28.0,28.36,83.0,33.56,10000.0,2.05,100.0,2.94,7.58,285.0,1007.0,0,501,Rain,moderate rain,10n
2025-07-26 01:35:37,Dong Nai-Bien Hoa,Bien Hoa,28.36,28.0,28.36,84.0,33.74,10000.0,2.37,100.0,2.86,7.29,299.0,1006.0,0,501,Rain,moderate rain,10n
2025-07-26 01:39:24,Dong Nai-Bien Hoa,Bien Hoa,27.81,27.81,28.0,84.0,32.21,10000.0,2.37,100.0,2.86,7.29,299.0,1006.0,0,501,Rain,moderate rain,10n
2025-07-26 01:43:09,Dong Nai-Bien Hoa,Bien Hoa,28.36,28.0,28.36,84.0,33.74,10000.0,2.37,100.0,2.86,7.29,299.0,1006.0,0,501,Rain,moderate rain,10n
2025-07-26 01:46:55,Dong Nai-Bien Hoa,Bien Hoa,27.81,27.81,28.0,84.0,32.21,10000.0,2.37,100.0,2.86,7.29,299.0,1006.0,0,501,Rain,moderate rain,10n
2025-07-26 01:50:41,Dong Nai-Bien Hoa,Bien Hoa,27.81,27.81,28.0,84.0,32.21,10000.0,1.54,100.0,2.86,7.29,299.0,1006.0,0,501,Rain,moderate rain,10n
2025-07-26 01:54:27,Dong Nai-Bien Hoa,Bien Hoa,28.36,28.0,28.36,84.0,33.74,10000.0,1.78,100.0,2.86,7.29,299.0,1006.0,0,501,Rain,moderate rain,10n
2025-07-26 01:58:13,Dong Nai-Bien Hoa,Bien Hoa,28.36,28.0,28.36,84.0,33.74,10000.0,1.78,100.0,2.86,7.29,299.0,1006.0,0,501,Rain,moderate rain,10n
2025-07-26 02:01:59,Dong Nai-Bien Hoa,Bien Hoa,28.36,28.0,28.36,84.0,33.74,10000.0,0.71,100.0,2.86,7.29,299.0,1006.0,0,500,Rain,light rain,10n
2025-07-26 02:05:44,Dong Nai-Bien Hoa,Bien Hoa,28.36,28.0,28.36,84.0,33.74,10000.0,0.71,100.0,2.86,7.29,299.0,1006.0,0,500,Rain,light rain,10n
2025-07-26 02:09:31,Dong Nai-Bien Hoa,Bien Hoa,28.36,28.0,28.36,84.0,33.74,10000.0,0.56,100.0,2.86,7.29,299.0,1006.0,0,500,Rain,light rain,10n
2025-07-26 02:13:17,Dong Nai-Bien Hoa,Bien Hoa,28.36,28.0,28.36,84.0,33.74,10000.0,0.16,100.0,2.86,7.29,299.0,1006.0,0,500,Rain,light rain,10n
2025-07-26 02:17:03,Dong Nai-Bien Hoa,Bien Hoa,28.36,28.0,28.36,84.0,33.74,10000.0,0.15,100.0,2.86,7.29,299.0,1006.0,0,500,Rain,light rain,10n
2025-07-26 02:20:48,Dong Nai-Bien Hoa,Bien Hoa,28.36,28.0,28.36,84.0,33.74,10000.0,0.15,100.0,2.86,7.29,299.0,1006.0,0,500,Rain,light rain,10n
2025-07-26 02:24:35,Dong Nai-Bien Hoa,Bien Hoa,28.36,28.0,28.36,84.0,33.74,10000.0,0.0,100.0,2.86,7.29,299.0,1006.0,0,804,Clouds,overcast clouds,04n
2025-07-26 02:28:21,Dong Nai-Bien Hoa,Bien Hoa,28.36,28.0,28.36,84.0,33.74,10000.0,0.0,100.0,2.86,7.29,299.0,1006.0,0,804,Clouds,overcast clouds,04n
2025-07-26 02:32:07,Dong Nai-Bien Hoa,Bien Hoa,28.36,28.0,28.36,84.0,33.74,10000.0,0.0,100.0,2.86,7.29,299.0,1006.0,0,804,Clouds,overcast clouds,04n
2025-07-26 02:35:53,Dong Nai-Bien Hoa,Bien Hoa,28.36,28.0,28.36,85.0,33.93,10000.0,0.0,100.0,2.53,5.69,313.0,1006.0,0,804,Clouds,overcast clouds,04n
2025-07-26 02:39:39,Dong Nai-Bien Hoa,Bien Hoa,28.36,28.0,28.36,85.0,33.93,10000.0,0.1,100.0,2.53,5.69,313.0,1006.0,0,804,Clouds,overcast clouds,04n
2025-07-26 02:43:25,Dong Nai-Bien Hoa,Bien Hoa,28.36,28.0,28.36,85.0,33.93,10000.0,0.0,100.0,2.53,5.69,313.0,1006.0,0,804,Clouds,overcast clouds,04n
2025-07-26 02:47:11,Dong Nai-Bien Hoa,Bien Hoa,28.36,28.0,28.36,84.0,33.74,10000.0,0.0,100.0,2.53,5.69,313.0,1006.0,0,804,Clouds,overcast clouds,04n
2025-07-26 02:50:57,Dong Nai-Bien Hoa,Bien Hoa,28.36,28.0,28.36,84.0,33.74,10000.0,0.0,100.0,2.53,5.69,313.0,1006.0,0,804,Clouds,overcast clouds,04n
2025-07-26 02:54:43,Dong Nai-Bien Hoa,Bien Hoa,28.36,28.0,28.36,84.0,33.74,10000.0,0.12,100.0,2.53,5.69,313.0,1006.0,0,500,Rain,light rain,10n
2025-07-26 02:58:28,Dong Nai-Bien Hoa,Bien Hoa,28.36,28.0,28.36,84.0,33.74,10000.0,0.0,100.0,2.53,5.69,313.0,1006.0,0,804,Clouds,overcast clouds,04n
2025-07-26 03:02:14,Dong Nai-Bien Hoa,Bien Hoa,28.36,28.0,28.36,84.0,33.74,10000.0,0.0,100.0,2.53,5.69,313.0,1006.0,0,804,Clouds,overcast clouds,04n
2025-07-26 03:06:00,Dong Nai-Bien Hoa,Bien Hoa,28.36,28.0,28.36,84.0,33.74,10000.0,0.1,100.0,2.53,5.69,313.0,1006.0,0,804,Clouds,overcast clouds,04n
2025-07-26 03:09:46,Dong Nai-Bien Hoa,Bien Hoa,28.36,28.0,28.36,84.0,33.74,10000.0,0.0,100.0,2.53,5.69,313.0,1006.0,0,804,Clouds,overcast clouds,04n
2025-07-26 03:13:31,Dong Nai-Bien Hoa,Bien Hoa,27.81,27.81,28.0,84.0,32.21,10000.0,0.1,100.0,2.53,5.69,313.0,1006.0,0,804,Clouds,overcast clouds,04n
2025-07-26 03:17:17,Dong Nai-Bien Hoa,Bien Hoa,27.81,27.81,28.0,84.0,32.21,10000.0,0.1,100.0,2.53,5.69,313.0,1006.0,0,804,Clouds,overcast clouds,04n
2025-07-26 03:21:03,Dong Nai-Bien Hoa,Bien Hoa,28.36,27.0,28.36,84.0,33.74,10000.0,0.19,100.0,2.53,5.69,313.0,1006.0,0,500,Rain,light rain,10n
2025-07-26 03:24:49,Dong Nai-Bien Hoa,Bien Hoa,28.36,27.0,28.36,84.0,33.74,10000.0,0.19,100.0,2.53,5.69,313.0,1006.0,0,500,Rain,light rain,10n
2025-07-26 03:28:35,Dong Nai-Bien Hoa,Bien Hoa,28.36,27.0,28.36,84.0,33.74,10000.0,0.19,100.0,2.53,5.69,313.0,1006.0,0,500,Rain,light rain,10n
2025-07-26 03:32:23,Dong Nai-Bien Hoa,Bien Hoa,28.36,27.0,28.36,87.0,34.32,10000.0,0.0,100.0,2.13,4.39,323.0,1006.0,0,804,Clouds,overcast clouds,04n
2025-07-26 03:36:11,Dong Nai-Bien Hoa,Bien Hoa,28.36,27.0,28.36,87.0,34.32,10000.0,1.11,100.0,2.13,4.39,323.0,1006.0,0,501,Rain,moderate rain,10n
2025-07-26 03:39:56,Dong Nai-Bien Hoa,Bien Hoa,28.36,27.0,28.36,87.0,34.32,10000.0,0.0,100.0,2.13,4.39,323.0,1006.0,0,804,Clouds,overcast clouds,04n
2025-07-26 03:43:42,Dong Nai-Bien Hoa,Bien Hoa,27.81,27.0,27.81,87.0,32.67,10000.0,1.5,100.0,2.13,4.39,323.0,1006.0,0,501,Rain,moderate rain,10n
2025-07-26 03:47:28,Dong Nai-Bien Hoa,Bien Hoa,27.81,27.0,27.81,86.0,32.52,10000.0,0.79,100.0,2.13,4.39,323.0,1006.0,0,500,Rain,light rain,10n
2025-07-26 03:51:14,Dong Nai-Bien Hoa,Bien Hoa,27.81,27.0,27.81,86.0,32.52,10000.0,0.79,100.0,2.13,4.39,323.0,1006.0,0,500,Rain,light rain,10n
2025-07-26 03:55:00,Dong Nai-Bien Hoa,Bien Hoa,27.81,27.0,27.81,86.0,32.52,10000.0,0.49,100.0,2.13,4.39,323.0,1006.0,0,500,Rain,light rain,10n
2025-07-26 03:58:46,Dong Nai-Bien Hoa,Bien Hoa,27.81,27.0,27.81,86.0,32.52,10000.0,1.1,100.0,2.13,4.39,323.0,1006.0,0,501,Rain,moderate rain,10n
2025-07-26 04:02:32,Dong Nai-Bien Hoa,Bien Hoa,27.81,27.0,27.81,86.0,32.52,10000.0,1.38,100.0,2.13,4.39,323.0,1006.0,0,501,Rain,moderate rain,10n
2025-07-26 04:06:18,Dong Nai-Bien Hoa,Bien Hoa,27.81,27.0,27.81,86.0,32.52,10000.0,1.42,100.0,2.13,4.39,323.0,1006.0,0,501,Rain,moderate rain,10n
2025-07-26 04:10:05,Dong Nai-Bien Hoa,Bien Hoa,27.81,27.0,27.81,86.0,32.52,10000.0,1.42,100.0,2.13,4.39,323.0,1006.0,0,501,Rain,moderate rain,10n
2025-07-26 04:13:50,Dong Nai-Bien Hoa,Bien Hoa,27.81,27.0,27.81,86.0,32.52,10000.0,1.42,100.0,2.13,4.39,323.0,1006.0,0,501,Rain,moderate rain,10n
2025-07-26 04:17:36,Dong Nai-Bien Hoa,Bien Hoa,27.81,27.0,27.81,86.0,32.52,10000.0,1.94,100.0,2.13,4.39,323.0,1006.0,0,501,Rain,moderate rain,10n
2025-07-26 04:21:22,Dong Nai-Bien Hoa,Bien Hoa,27.81,27.0,27.81,86.0,32.52,10000.0,1.94,100.0,2.13,4.39,323.0,1006.0,0,501,Rain,moderate rain,10n
2025-07-26 04:25:08,Dong Nai-Bien Hoa,Bien Hoa,27.81,27.0,27.81,86.0,32.52,10000.0,2.05,100.0,2.13,4.39,323.0,1006.0,0,501,Rain,moderate rain,10n
2025-07-26 04:28:54,Dong Nai-Bien Hoa,Bien Hoa,27.81,27.0,27.81,86.0,32.52,10000.0,2.3,100.0,2.13,4.39,323.0,1006.0,0,501,Rain,moderate rain,10n
2025-07-26 04:32:40,Dong Nai-Bien Hoa,Bien Hoa,27.81,27.0,27.81,87.0,32.67,10000.0,2.59,100.0,1.95,3.8,304.0,1006.0,0,501,Rain,moderate rain,10n
2025-07-26 04:36:26,Dong Nai-Bien Hoa,Bien Hoa,27.81,27.0,27.81,87.0,32.67,10000.0,2.73,100.0,1.95,3.8,304.0,1006.0,0,501,Rain,moderate rain,10n
2025-07-26 04:40:12,Dong Nai-Bien Hoa,Bien Hoa,27.81,27.0,27.81,87.0,32.67,10000.0,2.59,100.0,1.95,3.8,304.0,1006.0,0,501,Rain,moderate rain,10n
2025-07-26 04:43:58,Dong Nai-Bien Hoa,Bien Hoa,27.81,27.0,27.81,87.0,32.67,10000.0,1.78,100.0,1.95,3.8,304.0,1006.0,0,501,Rain,moderate rain,10n
2025-07-26 04:47:43,Dong Nai-Bien Hoa,Bien Hoa,27.81,27.0,27.81,87.0,32.67,10000.0,1.78,100.0,1.95,3.8,304.0,1006.0,0,501,Rain,moderate rain,10n
2025-07-26 04:51:30,Dong Nai-Bien Hoa,Bien Hoa,27.81,27.0,27.81,87.0,32.67,10000.0,0.71,100.0,1.95,3.8,304.0,1006.0,0,500,Rain,light rain,10n
2025-07-26 04:55:16,Dong Nai-Bien Hoa,Bien Hoa,27.81,27.0,27.81,87.0,32.67,10000.0,0.65,100.0,1.95,3.8,304.0,1006.0,0,500,Rain,light rain,10n
2025-07-26 04:59:01,Dong Nai-Bien Hoa,Bien Hoa,27.81,27.0,27.81,87.0,32.67,10000.0,0.65,100.0,1.95,3.8,304.0,1006.0,0,500,Rain,light rain,10n
2025-07-26 05:02:47,Dong Nai-Bien Hoa,Bien Hoa,27.81,27.0,27.81,87.0,32.67,10000.0,0.65,100.0,1.95,3.8,304.0,1006.0,0,500,Rain,light rain,10n
2025-07-26 05:06:35,Dong Nai-Bien Hoa,Bien Hoa,27.81,27.0,27.81,87.0,32.67,10000.0,0.34,100.0,1.95,3.8,304.0,1006.0,0,500,Rain,light rain,10n
2025-07-26 05:10:21,Dong Nai-Bien Hoa,Bien Hoa,27.81,27.0,27.81,87.0,32.67,10000.0,0.32,100.0,1.95,3.8,304.0,1006.0,0,500,Rain,light rain,10n
2025-07-26 05:14:07,Dong Nai-Bien Hoa,Bien Hoa,27.81,27.0,27.81,87.0,32.67,10000.0,0.12,100.0,1.95,3.8,304.0,1006.0,0,500,Rain,light rain,10n
2025-07-26 05:17:53,Dong Nai-Bien Hoa,Bien Hoa,27.81,27.0,27.81,87.0,32.67,10000.0,0.0,100.0,1.95,3.8,304.0,1006.0,0,804,Clouds,overcast clouds,04n
2025-07-26 05:21:40,Dong Nai-Bien Hoa,Bien Hoa,27.81,27.0,27.81,87.0,32.67,10000.0,0.0,100.0,1.95,3.8,304.0,1006.0,0,804,Clouds,overcast clouds,04n
2025-07-26 05:25:26,Dong Nai-Bien Hoa,Bien Hoa,27.81,27.0,27.81,87.0,32.67,10000.0,0.0,100.0,1.95,3.8,304.0,1006.0,0,804,Clouds,overcast clouds,04n
2025-07-26 05:29:12,Dong Nai-Bien Hoa,Bien Hoa,27.81,27.0,27.81,87.0,32.67,10000.0,0.0,100.0,1.95,3.8,304.0,1006.0,0,804,Clouds,overcast clouds,04n
2025-07-26 05:32:58,Dong Nai-Bien Hoa,Bien Hoa,27.81,27.0,27.81,87.0,32.67,10000.0,0.0,100.0,1.95,3.8,304.0,1006.0,0,804,Clouds,overcast clouds,04n
2025-07-26 05:36:43,Dong Nai-Bien Hoa,Bien Hoa,27.81,27.0,27.81,87.0,32.67,10000.0,0.12,100.0,1.43,2.23,285.0,1007.0,0,500,Rain,light rain,10n
2025-07-26 05:40:29,Dong Nai-Bien Hoa,Bien Hoa,27.81,27.0,27.81,87.0,32.67,10000.0,0.12,100.0,1.43,2.23,285.0,1007.0,1,500,Rain,light rain,10n
2025-07-26 05:44:14,Dong Nai-Bien Hoa,Bien Hoa,27.81,27.0,27.81,87.0,32.67,10000.0,0.13,100.0,1.43,2.23,285.0,1007.0,1,500,Rain,light rain,10d
2025-07-26 05:48:00,Dong Nai-Bien Hoa,Bien Hoa,27.81,27.0,27.81,86.0,32.52,10000.0,0.19,100.0,1.43,2.23,285.0,1007.0,1,500,Rain,light rain,10d
2025-07-26 05:51:46,Dong Nai-Bien Hoa,Bien Hoa,27.81,27.0,27.81,86.0,32.52,10000.0,0.19,100.0,1.43,2.23,285.0,1007.0,1,500,Rain,light rain,10d
2025-07-26 05:55:32,Dong Nai-Bien Hoa,Bien Hoa,27.81,27.0,27.81,86.0,32.52,10000.0,0.24,100.0,1.43,2.23,285.0,1007.0,1,500,Rain,light rain,10d
2025-07-26 05:59:18,Dong Nai-Bien Hoa,Bien Hoa,27.81,27.0,27.81,86.0,32.52,10000.0,0.27,100.0,1.43,2.23,285.0,1007.0,1,500,Rain,light rain,10d
2025-07-26 06:03:05,Dong Nai-Bien Hoa,Bien Hoa,27.81,27.0,27.81,86.0,32.52,10000.0,0.24,100.0,1.43,2.23,285.0,1007.0,1,500,Rain,light rain,10d
2025-07-26 06:06:51,Dong Nai-Bien Hoa,Bien Hoa,27.81,27.0,27.81,87.0,32.67,10000.0,0.37,100.0,1.43,2.23,285.0,1006.0,1,500,Rain,light rain,10d
2025-07-26 06:10:37,Dong Nai-Bien Hoa,Bien Hoa,27.81,27.0,27.81,87.0,32.67,10000.0,0.42,100.0,1.43,2.23,285.0,1006.0,1,500,Rain,light rain,10d
2025-07-26 06:14:22,Dong Nai-Bien Hoa,Bien Hoa,27.81,27.0,27.81,87.0,32.67,10000.0,0.42,100.0,1.43,2.23,285.0,1006.0,1,500,Rain,light rain,10d
2025-07-26 06:18:09,Dong Nai-Bien Hoa,Bien Hoa,27.81,27.0,27.81,87.0,32.67,10000.0,0.21,100.0,1.43,2.23,285.0,1006.0,1,500,Rain,light rain,10d
2025-07-26 06:21:55,Dong Nai-Bien Hoa,Bien Hoa,27.81,27.0,27.81,87.0,32.67,10000.0,0.21,100.0,1.43,2.23,285.0,1006.0,1,500,Rain,light rain,10d
2025-07-26 06:25:41,Dong Nai-Bien Hoa,Bien Hoa,27.81,27.0,27.81,87.0,32.67,10000.0,0.21,100.0,1.43,2.23,285.0,1006.0,1,500,Rain,light rain,10d
2025-07-26 06:29:27,Dong Nai-Bien Hoa,Bien Hoa,27.81,27.0,27.81,87.0,32.67,10000.0,0.21,100.0,1.43,2.23,285.0,1006.0,1,500,Rain,light rain,10d
2025-07-26 06:33:13,Dong Nai-Bien Hoa,Bien Hoa,27.81,27.0,27.81,86.0,32.52,10000.0,0.15,100.0,1.17,2.14,311.0,1007.0,1,500,Rain,light rain,10d
2025-07-26 06:36:59,Dong Nai-Bien Hoa,Bien Hoa,27.81,27.0,27.81,86.0,32.52,10000.0,0.18,100.0,1.17,2.14,311.0,1007.0,1,500,Rain,light rain,10d
2025-07-26 06:40:44,Dong Nai-Bien Hoa,Bien Hoa,27.81,27.0,27.81,86.0,32.52,10000.0,0.18,100.0,1.17,2.14,311.0,1007.0,1,500,Rain,light rain,10d
2025-07-26 06:44:30,Dong Nai-Bien Hoa,Bien Hoa,27.81,27.0,27.81,86.0,32.52,10000.0,0.18,100.0,1.17,2.14,311.0,1007.0,1,500,Rain,light rain,10d
2025-07-26 06:48:16,Dong Nai-Bien Hoa,Bien Hoa,27.81,27.0,27.81,86.0,32.52,10000.0,0.17,100.0,1.44,2.96,298.0,1007.0,1,500,Rain,light rain,10d
2025-07-26 06:52:02,Dong Nai-Bien Hoa,Bien Hoa,27.81,27.0,27.81,86.0,32.52,10000.0,0.18,100.0,1.17,2.14,311.0,1007.0,1,500,Rain,light rain,10d
2025-07-26 06:55:47,Dong Nai-Bien Hoa,Bien Hoa,27.81,27.0,27.81,86.0,32.52,10000.0,0.17,100.0,1.44,2.96,298.0,1007.0,1,500,Rain,light rain,10d
2025-07-26 06:59:33,Dong Nai-Bien Hoa,Bien Hoa,27.81,27.0,27.81,86.0,32.52,10000.0,0.15,100.0,1.44,2.96,298.0,1007.0,1,500,Rain,light rain,10d
2025-07-26 07:03:19,Dong Nai-Bien Hoa,Bien Hoa,27.81,27.0,27.81,86.0,32.52,10000.0,0.15,100.0,1.44,2.96,298.0,1007.0,1,500,Rain,light rain,10d
2025-07-26 07:07:04,Dong Nai-Bien Hoa,Bien Hoa,27.81,27.0,27.81,86.0,32.52,10000.0,0.15,100.0,1.44,2.96,298.0,1007.0,1,500,Rain,light rain,10d
2025-07-26 07:10:50,Dong Nai-Bien Hoa,Bien Hoa,27.81,27.0,27.81,86.0,32.52,10000.0,0.15,100.0,1.44,2.96,298.0,1007.0,1,500,Rain,light rain,10d
2025-07-26 07:14:36,Dong Nai-Bien Hoa,Bien Hoa,27.81,27.0,27.81,86.0,32.52,10000.0,0.0,100.0,1.44,2.96,298.0,1007.0,1,804,Clouds,overcast clouds,04d
2025-07-26 07:18:22,Dong Nai-Bien Hoa,Bien Hoa,27.81,27.81,28.0,86.0,32.52,10000.0,0.0,100.0,1.44,2.96,298.0,1007.0,1,804,Clouds,overcast clouds,04d
2025-07-26 07:22:08,Dong Nai-Bien Hoa,Bien Hoa,28.36,28.0,28.36,86.0,34.12,10000.0,0.0,100.0,1.44,2.96,298.0,1007.0,1,804,Clouds,overcast clouds,04d
2025-07-26 07:25:54,Dong Nai-Bien Hoa,Bien Hoa,28.36,28.0,28.36,86.0,34.12,10000.0,0.0,100.0,1.44,2.96,298.0,1007.0,1,804,Clouds,overcast clouds,04d
2025-07-26 07:29:40,Dong Nai-Bien Hoa,Bien Hoa,28.36,28.0,28.36,86.0,34.12,10000.0,0.0,100.0,1.44,2.96,298.0,1007.0,1,804,Clouds,overcast clouds,04d
2025-07-26 07:33:26,Dong Nai-Bien Hoa,Bien Hoa,28.36,28.0,28.36,86.0,34.12,10000.0,0.0,100.0,1.44,2.96,298.0,1007.0,1,804,Clouds,overcast clouds,04d
2025-07-26 07:37:11,Dong Nai-Bien Hoa,Bien Hoa,28.36,28.0,28.36,86.0,34.12,10000.0,0.0,100.0,1.44,2.96,298.0,1007.0,1,804,Clouds,overcast clouds,04d
2025-07-26 07:40:57,Dong Nai-Bien Hoa,Bien Hoa,28.36,28.0,28.36,86.0,34.12,10000.0,0.0,100.0,1.44,2.96,298.0,1007.0,1,804,Clouds,overcast clouds,04d
2025-07-26 07:44:43,Dong Nai-Bien Hoa,Bien Hoa,27.81,27.81,28.0,80.0,31.63,10000.0,0.0,100.0,2.17,4.54,289.0,1008.0,1,804,Clouds,overcast clouds,04d
2025-07-26 07:48:28,Dong Nai-Bien Hoa,Bien Hoa,27.81,27.81,28.0,80.0,31.63,10000.0,0.0,100.0,2.17,4.54,289.0,1008.0,1,804,Clouds,overcast clouds,04d
2025-07-26 07:52:14,Dong Nai-Bien Hoa,Bien Hoa,27.81,27.81,28.0,80.0,31.63,10000.0,0.0,100.0,2.17,4.54,289.0,1008.0,1,804,Clouds,overcast clouds,04d
2025-07-26 07:56:00,Dong Nai-Bien Hoa,Bien Hoa,28.36,28.0,28.36,80.0,33.02,10000.0,0.0,100.0,2.17,4.54,289.0,1008.0,1,804,Clouds,overcast clouds,04d
2025-07-26 07:59:46,Dong Nai-Bien Hoa,Bien Hoa,28.36,28.0,28.36,80.0,33.02,10000.0,0.0,100.0,2.17,4.54,289.0,1008.0,1,804,Clouds,overcast clouds,04d
2025-07-26 08:03:32,Dong Nai-Bien Hoa,Bien Hoa,28.36,28.0,28.36,83.0,33.56,10000.0,0.0,100.0,2.17,4.54,289.0,1007.0,1,804,Clouds,overcast clouds,04d
2025-07-26 08:07:18,Dong Nai-Bien Hoa,Bien Hoa,28.36,28.0,28.36,80.0,33.02,10000.0,0.0,100.0,2.17,4.54,289.0,1008.0,1,804,Clouds,overcast clouds,04d
2025-07-26 08:11:04,Dong Nai-Bien Hoa,Bien Hoa,28.36,28.0,28.36,83.0,33.56,10000.0,0.0,100.0,2.17,4.54,289.0,1007.0,1,804,Clouds,overcast clouds,04d
2025-07-26 08:14:49,Dong Nai-Bien Hoa,Bien Hoa,28.36,28.0,28.36,83.0,33.56,10000.0,0.0,100.0,2.17,4.54,289.0,1007.0,1,804,Clouds,overcast clouds,04d
2025-07-26 08:18:35,Dong Nai-Bien Hoa,Bien Hoa,28.92,28.0,28.92,83.0,35.17,10000.0,0.11,100.0,2.17,4.54,289.0,1007.0,1,500,Rain,light rain,10d
2025-07-26 08:22:21,Dong Nai-Bien Hoa,Bien Hoa,28.92,28.0,28.92,83.0,35.17,10000.0,0.12,100.0,2.17,4.54,289.0,1007.0,1,500,Rain,light rain,10d
2025-07-26 08:26:06,Dong Nai-Bien Hoa,Bien Hoa,28.92,28.0,28.92,83.0,35.17,10000.0,0.12,100.0,2.17,4.54,289.0,1007.0,1,500,Rain,light rain,10d
2025-07-26 08:29:52,Dong Nai-Bien Hoa,Bien Hoa,28.92,28.0,28.92,83.0,35.17,10000.0,0.13,100.0,2.17,4.54,289.0,1007.0,1,500,Rain,light rain,10d
2025-07-26 08:33:38,Dong Nai-Bien Hoa,Bien Hoa,28.92,28.0,28.92,78.0,34.1,10000.0,0.13,100.0,3.35,6.44,306.0,1008.0,1,500,Rain,light rain,10d
2025-07-26 08:37:24,Dong Nai-Bien Hoa,Bien Hoa,28.92,28.0,28.92,78.0,34.1,10000.0,0.13,100.0,3.35,6.44,306.0,1008.0,1,500,Rain,light rain,10d
2025-07-26 08:41:09,Dong Nai-Bien Hoa,Bien Hoa,28.92,28.0,28.92,78.0,34.1,10000.0,0.13,100.0,3.35,6.44,306.0,1008.0,1,500,Rain,light rain,10d
2025-07-26 08:44:55,Dong Nai-Bien Hoa,Bien Hoa,28.92,28.0,28.92,78.0,34.1,10000.0,0.0,100.0,3.35,6.44,306.0,1008.0,1,804,Clouds,overcast clouds,04d
2025-07-26 08:48:41,Dong Nai-Bien Hoa,Bien Hoa,28.92,28.0,28.92,78.0,34.1,10000.0,0.0,100.0,3.35,6.44,306.0,1008.0,1,804,Clouds,overcast clouds,04d
2025-07-26 08:52:26,Dong Nai-Bien Hoa,Bien Hoa,28.92,28.0,28.92,78.0,34.1,10000.0,0.0,100.0,3.35,6.44,306.0,1008.0,1,804,Clouds,overcast clouds,04d
2025-07-26 08:56:12,Dong Nai-Bien Hoa,Bien Hoa,28.92,28.0,28.92,78.0,34.1,10000.0,0.0,100.0,3.35,6.44,306.0,1008.0,1,804,Clouds,overcast clouds,04d
2025-07-26 08:59:58,Dong Nai-Bien Hoa,Bien Hoa,28.92,28.0,28.92,78.0,34.1,10000.0,0.0,100.0,3.35,6.44,306.0,1008.0,1,804,Clouds,overcast clouds,04d
2025-07-26 09:03:43,Dong Nai-Bien Hoa,Bien Hoa,28.92,28.0,28.92,78.0,34.1,10000.0,0.0,100.0,3.35,6.44,306.0,1008.0,1,804,Clouds,overcast clouds,04d
2025-07-26 09:07:33,Dong Nai-Bien Hoa,Bien Hoa,28.92,28.92,28.92,80.0,34.52,10000.0,0.0,100.0,3.35,6.44,306.0,1007.0,1,804,Clouds,overcast clouds,04d
2025-07-26 09:11:19,Dong Nai-Bien Hoa,Bien Hoa,28.92,28.92,28.92,80.0,34.52,10000.0,0.0,100.0,3.35,6.44,306.0,1007.0,1,804,Clouds,overcast clouds,04d
2025-07-26 09:15:04,Dong Nai-Bien Hoa,Bien Hoa,28.92,28.92,28.92,80.0,34.52,10000.0,0.0,100.0,3.35,6.44,306.0,1007.0,1,804,Clouds,overcast clouds,04d
2025-07-26 09:18:50,Dong Nai-Bien Hoa,Bien Hoa,28.92,28.92,28.92,80.0,34.52,10000.0,0.0,100.0,3.35,6.44,306.0,1007.0,1,804,Clouds,overcast clouds,04d
2025-07-26 09:22:36,Dong Nai-Bien Hoa,Bien Hoa,29.47,29.0,29.47,76.0,35.12,10000.0,0.0,100.0,3.35,6.44,306.0,1008.0,1,804,Clouds,overcast clouds,04d
2025-07-26 09:26:22,Dong Nai-Bien Hoa,Bien Hoa,29.47,29.0,29.47,76.0,35.12,10000.0,0.0,100.0,3.35,6.44,306.0,1008.0,1,804,Clouds,overcast clouds,04d
2025-07-26 09:30:07,Dong Nai-Bien Hoa,Bien Hoa,29.47,29.0,29.47,76.0,35.12,10000.0,0.0,100.0,3.35,6.44,306.0,1008.0,1,804,Clouds,overcast clouds,04d
2025-07-26 09:33:53,Dong Nai-Bien Hoa,Bien Hoa,29.47,29.0,29.47,76.0,35.12,10000.0,0.0,100.0,3.87,8.6,314.0,1008.0,1,804,Clouds,overcast clouds,04d
2025-07-26 09:37:39,Dong Nai-Bien Hoa,Bien Hoa,29.47,29.0,29.47,76.0,35.12,10000.0,0.0,100.0,3.87,8.6,314.0,1008.0,1,804,Clouds,overcast clouds,04d
2025-07-26 09:41:25,Dong Nai-Bien Hoa,Bien Hoa,29.47,29.0,29.47,76.0,35.12,10000.0,0.0,100.0,3.87,8.6,314.0,1008.0,1,804,Clouds,overcast clouds,04d
2025-07-26 09:45:10,Dong Nai-Bien Hoa,Bien Hoa,29.47,29.0,29.47,76.0,35.12,10000.0,0.0,100.0,3.87,8.6,314.0,1008.0,1,804,Clouds,overcast clouds,04d
2025-07-26 09:48:56,Dong Nai-Bien Hoa,Bien Hoa,30.03,29.0,30.03,76.0,36.65,10000.0,0.0,100.0,3.87,8.6,314.0,1008.0,1,804,Clouds,overcast clouds,04d
2025-07-26 09:52:42,Dong Nai-Bien Hoa,Bien Hoa,30.03,29.0,30.03,76.0,36.65,10000.0,0.0,100.0,3.87,8.6,314.0,1008.0,1,804,Clouds,overcast clouds,04d
2025-07-26 09:56:28,Dong Nai-Bien Hoa,Bien Hoa,30.03,29.0,30.03,76.0,36.65,10000.0,0.0,100.0,3.87,8.6,314.0,1008.0,1,804,Clouds,overcast clouds,04d
2025-07-26 10:00:13,Dong Nai-Bien Hoa,Bien Hoa,30.03,29.0,30.03,76.0,36.65,10000.0,0.0,100.0,3.87,8.6,314.0,1008.0,1,804,Clouds,overcast clouds,04d
2025-07-26 10:03:59,Dong Nai-Bien Hoa,Bien Hoa,30.03,29.0,30.03,76.0,36.65,10000.0,0.0,100.0,3.87,8.6,314.0,1008.0,1,804,Clouds,overcast clouds,04d
2025-07-26 10:07:45,Dong Nai-Bien Hoa,Bien Hoa,30.03,29.0,30.03,80.0,37.03,10000.0,0.0,100.0,3.87,8.6,314.0,1007.0,1,804,Clouds,overcast clouds,04d
2025-07-26 10:11:31,Dong Nai-Bien Hoa,Bien Hoa,30.03,29.0,30.03,80.0,37.03,10000.0,0.0,100.0,3.87,8.6,314.0,1007.0,1,804,Clouds,overcast clouds,04d
2025-07-26 10:15:17,Dong Nai-Bien Hoa,Bien Hoa,30.03,29.0,30.03,80.0,37.03,10000.0,0.0,100.0,3.87,8.6,314.0,1007.0,1,804,Clouds,overcast clouds,04d
2025-07-26 10:19:02,Dong Nai-Bien Hoa,Bien Hoa,30.03,29.0,30.03,80.0,37.03,10000.0,0.0,100.0,3.87,8.6,314.0,1007.0,1,804,Clouds,overcast clouds,04d
2025-07-26 10:22:48,Dong Nai-Bien Hoa,Bien Hoa,30.03,29.0,30.03,80.0,37.03,10000.0,0.0,100.0,3.87,8.6,314.0,1007.0,1,804,Clouds,overcast clouds,04d
2025-07-26 10:26:34,Dong Nai-Bien Hoa,Bien Hoa,30.03,30.0,30.03,79.0,37.03,10000.0,0.0,100.0,3.87,8.6,314.0,1007.0,1,804,Clouds,overcast clouds,04d
2025-07-26 10:30:20,Dong Nai-Bien Hoa,Bien Hoa,30.59,30.0,30.59,79.0,37.59,10000.0,0.0,100.0,2.46,5.89,328.0,1008.0,1,804,Clouds,overcast clouds,04d
2025-07-26 10:34:05,Dong Nai-Bien Hoa,Bien Hoa,30.59,30.0,30.59,79.0,37.59,10000.0,0.0,100.0,2.46,5.89,328.0,1008.0,1,804,Clouds,overcast clouds,04d
2025-07-26 10:37:54,Dong Nai-Bien Hoa,Bien Hoa,31.14,30.0,31.14,78.0,38.14,10000.0,0.0,100.0,2.46,5.89,328.0,1008.0,1,804,Clouds,overcast clouds,04d
2025-07-26 10:41:44,Dong Nai-Bien Hoa,Bien Hoa,31.14,30.0,31.14,78.0,38.14,10000.0,0.0,100.0,2.46,5.89,328.0,1008.0,1,804,Clouds,overcast clouds,04d
2025-07-26 10:45:33,Dong Nai-Bien Hoa,Bien Hoa,31.14,30.0,31.14,78.0,38.14,10000.0,0.0,100.0,2.46,5.89,328.0,1008.0,1,804,Clouds,overcast clouds,04d
2025-07-26 10:49:23,Dong Nai-Bien Hoa,Bien Hoa,31.14,31.0,31.14,75.0,38.14,10000.0,0.0,100.0,2.46,5.89,328.0,1008.0,1,804,Clouds,overcast clouds,04d
2025-07-26 10:53:12,Dong Nai-Bien Hoa,Bien Hoa,31.14,31.0,31.14,75.0,38.14,10000.0,0.0,100.0,2.46,5.89,328.0,1008.0,1,804,Clouds,overcast clouds,04d
2025-07-26 10:57:02,Dong Nai-Bien Hoa,Bien Hoa,31.7,31.0,31.7,75.0,38.7,10000.0,0.0,100.0,2.46,5.89,328.0,1008.0,1,804,Clouds,overcast clouds,04d
2025-07-26 11:00:51,Dong Nai-Bien Hoa,Bien Hoa,31.7,31.0,31.7,75.0,38.7,10000.0,0.0,100.0,2.46,5.89,328.0,1008.0,1,804,Clouds,overcast clouds,04d
2025-07-26 11:04:41,Dong Nai-Bien Hoa,Bien Hoa,31.7,31.0,31.7,75.0,38.7,10000.0,0.0,100.0,2.46,5.89,328.0,1008.0,1,804,Clouds,overcast clouds,04d
2025-07-26 11:08:30,Dong Nai-Bien Hoa,Bien Hoa,32.25,31.0,32.25,74.0,39.25,10000.0,0.0,100.0,2.46,5.89,328.0,1007.0,1,804,Clouds,overcast clouds,04d
2025-07-26 11:12:20,Dong Nai-Bien Hoa,Bien Hoa,32.25,31.0,32.25,74.0,39.25,10000.0,0.0,100.0,2.46,5.89,328.0,1007.0,1,804,Clouds,overcast clouds,04d
2025-07-26 11:16:11,Dong Nai-Bien Hoa,Bien Hoa,32.25,31.0,32.25,73.0,39.25,10000.0,0.0,100.0,2.46,5.89,328.0,1007.0,1,804,Clouds,overcast clouds,04d
2025-07-26 11:20:00,Dong Nai-Bien Hoa,Bien Hoa,31.7,31.7,32.0,73.0,38.7,10000.0,0.0,100.0,2.46,5.89,328.0,1007.0,1,804,Clouds,overcast clouds,04d
2025-07-26 11:23:50,Dong Nai-Bien Hoa,Bien Hoa,31.7,31.7,32.0,73.0,38.7,10000.0,0.0,100.0,2.46,5.89,328.0,1007.0,1,804,Clouds,overcast clouds,04d
2025-07-26 11:27:40,Dong Nai-Bien Hoa,Bien Hoa,31.7,31.7,32.0,73.0,38.7,10000.0,0.0,100.0,2.46,5.89,328.0,1007.0,1,804,Clouds,overcast clouds,04d
2025-07-26 11:31:30,Dong Nai-Bien Hoa,Bien Hoa,31.7,31.7,32.0,65.0,37.89,10000.0,0.0,100.0,5.49,10.05,282.0,1007.0,1,804,Clouds,overcast clouds,04d
2025-07-26 11:35:20,Dong Nai-Bien Hoa,Bien Hoa,31.7,31.7,32.0,65.0,37.89,10000.0,0.0,100.0,5.49,10.05,282.0,1007.0,1,804,Clouds,overcast clouds,04d
2025-07-26 11:39:10,Dong Nai-Bien Hoa,Bien Hoa,31.7,31.7,32.0,65.0,37.89,10000.0,0.0,100.0,5.49,10.05,282.0,1007.0,1,804,Clouds,overcast clouds,04d
2025-07-26 11:42:59,Dong Nai-Bien Hoa,Bien Hoa,32.25,32.0,32.25,65.0,39.25,10000.0,0.0,100.0,5.49,10.05,282.0,1007.0,1,804,Clouds,overcast clouds,04d
2025-07-26 11:46:48,Dong Nai-Bien Hoa,Bien Hoa,32.25,32.0,32.25,65.0,39.25,10000.0,0.0,100.0,5.49,10.05,282.0,1007.0,1,804,Clouds,overcast clouds,04d
2025-07-26 11:50:38,Dong Nai-Bien Hoa,Bien Hoa,31.7,31.7,32.0,65.0,37.89,10000.0,0.0,100.0,5.49,10.05,282.0,1007.0,1,804,Clouds,overcast clouds,04d
2025-07-26 11:54:27,Dong Nai-Bien Hoa,Bien Hoa,32.25,32.0,32.25,65.0,39.25,10000.0,0.0,100.0,5.49,10.05,282.0,1007.0,1,804,Clouds,overcast clouds,04d
2025-07-26 11:58:17,Dong Nai-Bien Hoa,Bien Hoa,31.7,31.7,32.0,65.0,37.89,10000.0,0.0,100.0,5.49,10.05,282.0,1007.0,1,804,Clouds,overcast clouds,04d
2025-07-26 12:02:08,Dong Nai-Bien Hoa,Bien Hoa,32.81,32.0,32.81,68.0,39.81,10000.0,0.0,100.0,5.49,10.05,282.0,1007.0,1,804,Clouds,overcast clouds,04d
2025-07-26 12:05:57,Dong Nai-Bien Hoa,Bien Hoa,32.81,32.0,32.81,68.0,39.81,10000.0,0.0,100.0,5.49,10.05,282.0,1007.0,1,804,Clouds,overcast clouds,04d
2025-07-26 12:09:46,Dong Nai-Bien Hoa,Bien Hoa,32.81,32.0,32.81,68.0,39.81,10000.0,0.0,100.0,5.49,10.05,282.0,1007.0,1,804,Clouds,overcast clouds,04d
2025-07-26 12:13:36,Dong Nai-Bien Hoa,Bien Hoa,32.81,32.0,32.81,68.0,39.81,10000.0,0.0,100.0,5.49,10.05,282.0,1007.0,1,804,Clouds,overcast clouds,04d
2025-07-26 12:17:26,Dong Nai-Bien Hoa,Bien Hoa,32.81,32.0,32.81,68.0,39.81,10000.0,0.0,100.0,5.49,10.05,282.0,1007.0,1,804,Clouds,overcast clouds,04d
2025-07-26 12:21:16,Dong Nai-Bien Hoa,Bien Hoa,33.36,33.0,33.36,68.0,40.36,10000.0,0.0,100.0,5.49,10.05,282.0,1007.0,1,804,Clouds,overcast clouds,04d
2025-07-26 12:25:07,Dong Nai-Bien Hoa,Bien Hoa,32.81,32.81,33.0,68.0,39.81,10000.0,0.0,100.0,5.49,10.05,282.0,1007.0,1,804,Clouds,overcast clouds,04d
2025-07-26 12:28:56,Dong Nai-Bien Hoa,Bien Hoa,32.81,32.81,33.0,68.0,39.81,10000.0,0.0,100.0,5.49,10.05,282.0,1007.0,1,804,Clouds,overcast clouds,04d
2025-07-26 12:32:46,Dong Nai-Bien Hoa,Bien Hoa,32.81,32.81,33.0,68.0,39.81,10000.0,0.0,100.0,5.49,10.05,282.0,1007.0,1,804,Clouds,overcast clouds,04d
2025-07-26 12:36:35,Dong Nai-Bien Hoa,Bien Hoa,32.81,32.81,33.0,68.0,39.81,10000.0,0.0,100.0,5.49,10.05,282.0,1007.0,1,804,Clouds,overcast clouds,04d
2025-07-26 12:40:25,Dong Nai-Bien Hoa,Bien Hoa,32.81,32.81,33.0,59.0,38.69,10000.0,0.0,100.0,7.7,11.28,283.0,1007.0,1,804,Clouds,overcast clouds,04d
2025-07-26 12:44:14,Dong Nai-Bien Hoa,Bien Hoa,32.81,32.81,33.0,59.0,38.69,10000.0,0.0,100.0,7.7,11.28,283.0,1007.0,1,804,Clouds,overcast clouds,04d
2025-07-26 12:48:05,Dong Nai-Bien Hoa,Bien Hoa,32.81,32.81,33.0,59.0,38.69,10000.0,0.0,100.0,7.7,11.28,283.0,1007.0,1,804,Clouds,overcast clouds,04d
2025-07-26 12:51:55,Dong Nai-Bien Hoa,Bien Hoa,32.81,32.81,33.0,59.0,38.69,10000.0,0.0,100.0,7.7,11.28,283.0,1007.0,1,804,Clouds,overcast clouds,04d
2025-07-26 12:55:45,Dong Nai-Bien Hoa,Bien Hoa,32.81,32.81,33.0,57.0,38.02,10000.0,0.0,100.0,7.7,11.28,283.0,1006.0,1,804,Clouds,overcast clouds,04d
2025-07-26 12:59:35,Dong Nai-Bien Hoa,Bien Hoa,32.81,32.81,33.0,57.0,38.02,10000.0,0.0,100.0,7.7,11.28,283.0,1006.0,1,804,Clouds,overcast clouds,04d
2025-07-26 13:03:25,Dong Nai-Bien Hoa,Bien Hoa,32.81,32.81,33.0,57.0,38.02,10000.0,0.0,100.0,7.7,11.28,283.0,1006.0,1,804,Clouds,overcast clouds,04d
2025-07-26 13:07:17,Dong Nai-Bien Hoa,Bien Hoa,32.81,32.81,33.0,57.0,38.02,10000.0,0.0,100.0,7.7,11.28,283.0,1006.0,1,804,Clouds,overcast clouds,04d
2025-07-26 13:11:09,Dong Nai-Bien Hoa,Bien Hoa,32.81,32.81,33.0,57.0,38.02,10000.0,0.0,100.0,7.7,11.28,283.0,1006.0,1,804,Clouds,overcast clouds,04d
2025-07-26 13:14:59,Dong Nai-Bien Hoa,Bien Hoa,32.81,32.81,33.0,57.0,38.02,10000.0,0.0,100.0,7.7,11.28,283.0,1006.0,1,804,Clouds,overcast clouds,04d
2025-07-26 13:18:48,Dong Nai-Bien Hoa,Bien Hoa,33.36,32.0,33.36,57.0,39.34,10000.0,0.0,100.0,7.7,11.28,283.0,1006.0,1,804,Clouds,overcast clouds,04d
2025-07-26 13:22:38,Dong Nai-Bien Hoa,Bien Hoa,33.36,32.0,33.36,57.0,39.34,10000.0,0.0,100.0,7.7,11.28,283.0,1006.0,1,804,Clouds,overcast clouds,04d
2025-07-26 13:26:28,Dong Nai-Bien Hoa,Bien Hoa,33.92,32.0,33.92,57.0,40.75,10000.0,0.0,100.0,7.7,11.28,283.0,1006.0,1,804,Clouds,overcast clouds,04d
2025-07-26 13:30:19,Dong Nai-Bien Hoa,Bien Hoa,33.92,32.0,33.92,53.0,39.25,10000.0,0.0,84.0,7.7,10.12,279.0,1006.0,1,803,Clouds,broken clouds,04d
2025-07-26 13:34:09,Dong Nai-Bien Hoa,Bien Hoa,33.92,32.0,33.92,53.0,39.25,10000.0,0.0,84.0,7.7,10.12,279.0,1006.0,1,803,Clouds,broken clouds,04d
2025-07-26 13:37:58,Dong Nai-Bien Hoa,Bien Hoa,33.92,32.0,33.92,53.0,39.25,10000.0,0.0,84.0,7.7,10.12,279.0,1006.0,1,803,Clouds,broken clouds,04d
2025-07-26 13:41:48,Dong Nai-Bien Hoa,Bien Hoa,33.92,32.0,33.92,56.0,40.36,10000.0,0.0,84.0,7.7,10.12,279.0,1005.0,1,803,Clouds,broken clouds,04d
2025-07-26 13:45:37,Dong Nai-Bien Hoa,Bien Hoa,33.92,33.92,34.0,56.0,40.36,10000.0,0.0,84.0,7.7,10.12,279.0,1005.0,1,803,Clouds,broken clouds,04d
2025-07-26 13:49:27,Dong Nai-Bien Hoa,Bien Hoa,33.92,33.92,34.0,56.0,40.36,10000.0,0.0,84.0,7.7,10.12,279.0,1005.0,1,803,Clouds,broken clouds,04d
2025-07-26 13:53:17,Dong Nai-Bien Hoa,Bien Hoa,32.81,32.81,34.0,54.0,37.08,10000.0,0.0,84.0,7.7,10.12,279.0,1005.0,1,803,Clouds,broken clouds,04d
2025-07-26 13:57:08,Dong Nai-Bien Hoa,Bien Hoa,33.36,33.36,34.0,54.0,38.3,10000.0,0.0,84.0,7.7,10.12,279.0,1005.0,1,803,Clouds,broken clouds,04d
2025-07-26 14:00:57,Dong Nai-Bien Hoa,Bien Hoa,33.92,33.92,34.0,54.0,39.62,10000.0,0.0,84.0,7.7,10.12,279.0,1005.0,1,803,Clouds,broken clouds,04d
2025-07-26 14:04:47,Dong Nai-Bien Hoa,Bien Hoa,33.92,33.92,34.0,60.0,40.92,10000.0,0.0,84.0,7.7,10.12,279.0,1005.0,1,803,Clouds,broken clouds,04d
2025-07-26 14:08:37,Dong Nai-Bien Hoa,Bien Hoa,33.92,33.92,34.0,60.0,40.92,10000.0,0.0,84.0,7.7,10.12,279.0,1005.0,1,803,Clouds,broken clouds,04d
2025-07-26 14:12:28,Dong Nai-Bien Hoa,Bien Hoa,33.92,33.92,34.0,60.0,40.92,10000.0,0.0,84.0,7.7,10.12,279.0,1005.0,1,803,Clouds,broken clouds,04d
2025-07-26 14:16:19,Dong Nai-Bien Hoa,Bien Hoa,33.36,33.36,34.0,60.0,40.36,10000.0,0.0,84.0,7.7,10.12,279.0,1005.0,1,803,Clouds,broken clouds,04d
2025-07-26 14:20:10,Dong Nai-Bien Hoa,Bien Hoa,33.36,33.36,34.0,60.0,40.36,10000.0,0.0,84.0,7.7,10.12,279.0,1005.0,1,803,Clouds,broken clouds,04d
2025-07-26 14:23:59,Dong Nai-Bien Hoa,Bien Hoa,33.36,33.36,34.0,60.0,40.36,10000.0,0.0,84.0,7.7,10.12,279.0,1005.0,1,803,Clouds,broken clouds,04d
2025-07-26 14:27:49,Dong Nai-Bien Hoa,Bien Hoa,33.92,33.92,34.0,60.0,40.92,10000.0,0.0,84.0,7.7,10.12,279.0,1005.0,1,803,Clouds,broken clouds,04d
2025-07-26 14:31:39,Dong Nai-Bien Hoa,Bien Hoa,33.92,33.92,34.0,60.0,40.92,10000.0,0.0,84.0,7.7,10.12,279.0,1005.0,1,803,Clouds,broken clouds,04d
2025-07-26 14:35:29,Dong Nai-Bien Hoa,Bien Hoa,33.92,33.92,34.0,60.0,40.92,10000.0,0.0,84.0,7.7,10.12,279.0,1005.0,1,803,Clouds,broken clouds,04d
2025-07-26 14:39:19,Dong Nai-Bien Hoa,Bien Hoa,33.92,33.0,33.92,55.0,39.99,10000.0,0.0,86.0,6.41,9.64,285.0,1005.0,1,804,Clouds,overcast clouds,04d
2025-07-26 14:43:10,Dong Nai-Bien Hoa,Bien Hoa,33.92,33.0,33.92,55.0,39.99,10000.0,0.0,86.0,6.41,9.64,285.0,1005.0,1,804,Clouds,overcast clouds,04d
2025-07-26 14:47:00,Dong Nai-Bien Hoa,Bien Hoa,33.92,33.0,33.92,55.0,39.99,10000.0,0.0,86.0,6.41,9.64,285.0,1005.0,1,804,Clouds,overcast clouds,04d
2025-07-26 14:50:50,Dong Nai-Bien Hoa,Bien Hoa,33.92,33.0,33.92,55.0,39.99,10000.0,0.0,86.0,6.41,9.64,285.0,1005.0,1,804,Clouds,overcast clouds,04d
2025-07-26 14:54:40,Dong Nai-Bien Hoa,Bien Hoa,33.92,33.0,33.92,55.0,39.99,10000.0,0.0,86.0,6.41,9.64,285.0,1005.0,1,804,Clouds,overcast clouds,04d
2025-07-26 14:58:29,Dong Nai-Bien Hoa,Bien Hoa,33.92,33.0,33.92,55.0,39.99,10000.0,0.0,86.0,6.41,9.64,285.0,1005.0,1,804,Clouds,overcast clouds,04d
2025-07-26 15:02:21,Dong Nai-Bien Hoa,Bien Hoa,33.92,33.0,33.92,55.0,39.99,10000.0,0.0,86.0,6.41,9.64,285.0,1005.0,1,804,Clouds,overcast clouds,04d
2025-07-26 15:06:13,Dong Nai-Bien Hoa,Bien Hoa,33.36,33.0,33.36,61.0,40.36,10000.0,0.0,86.0,6.41,9.64,285.0,1005.0,1,804,Clouds,overcast clouds,04d
2025-07-26 15:10:04,Dong Nai-Bien Hoa,Bien Hoa,33.36,33.0,33.36,61.0,40.36,10000.0,0.0,86.0,6.41,9.64,285.0,1005.0,1,804,Clouds,overcast clouds,04d
2025-07-26 15:13:55,Dong Nai-Bien Hoa,Bien Hoa,33.36,33.0,33.36,61.0,40.36,10000.0,0.0,86.0,6.41,9.64,285.0,1005.0,1,804,Clouds,overcast clouds,04d
2025-07-26 15:17:46,Dong Nai-Bien Hoa,Bien Hoa,33.36,33.0,33.36,61.0,40.36,10000.0,0.0,86.0,6.41,9.64,285.0,1005.0,1,804,Clouds,overcast clouds,04d
2025-07-26 15:21:36,Dong Nai-Bien Hoa,Bien Hoa,32.81,32.81,33.0,61.0,39.39,10000.0,0.0,86.0,6.41,9.64,285.0,1005.0,1,804,Clouds,overcast clouds,04d
2025-07-26 15:25:26,Dong Nai-Bien Hoa,Bien Hoa,32.81,32.81,33.0,61.0,39.39,10000.0,0.0,86.0,6.41,9.64,285.0,1005.0,1,804,Clouds,overcast clouds,04d
2025-07-26 15:29:16,Dong Nai-Bien Hoa,Bien Hoa,32.81,32.81,33.0,61.0,39.39,10000.0,0.0,86.0,6.41,9.64,285.0,1005.0,1,804,Clouds,overcast clouds,04d
2025-07-26 15:33:08,Dong Nai-Bien Hoa,Bien Hoa,32.81,32.81,33.0,55.0,37.39,10000.0,0.0,91.0,6.84,9.14,274.0,1004.0,1,804,Clouds,overcast clouds,04d
2025-07-26 15:36:58,Dong Nai-Bien Hoa,Bien Hoa,32.81,32.81,33.0,55.0,37.39,10000.0,0.0,91.0,6.84,9.14,274.0,1004.0,1,804,Clouds,overcast clouds,04d
2025-07-26 15:40:48,Dong Nai-Bien Hoa,Bien Hoa,32.81,32.81,33.0,55.0,37.39,10000.0,0.0,91.0,6.84,9.14,274.0,1004.0,1,804,Clouds,overcast clouds,04d
2025-07-26 15:44:37,Dong Nai-Bien Hoa,Bien Hoa,32.81,32.81,33.0,55.0,37.39,10000.0,0.0,91.0,6.84,9.14,274.0,1004.0,1,804,Clouds,overcast clouds,04d
2025-07-26 15:48:27,Dong Nai-Bien Hoa,Bien Hoa,32.81,32.81,33.0,55.0,37.39,10000.0,0.0,91.0,6.84,9.14,274.0,1004.0,1,804,Clouds,overcast clouds,04d
2025-07-26 15:52:17,Dong Nai-Bien Hoa,Bien Hoa,32.81,32.81,33.0,56.0,37.7,10000.0,0.0,91.0,6.84,9.14,274.0,1004.0,1,804,Clouds,overcast clouds,04d
2025-07-26 15:56:08,Dong Nai-Bien Hoa,Bien Hoa,32.81,32.81,33.0,56.0,37.7,10000.0,0.0,91.0,6.84,9.14,274.0,1004.0,1,804,Clouds,overcast clouds,04d
2025-07-26 15:59:58,Dong Nai-Bien Hoa,Bien Hoa,32.81,32.81,33.0,56.0,37.7,10000.0,0.0,91.0,6.84,9.14,274.0,1004.0,1,804,Clouds,overcast clouds,04d
2025-07-26 16:03:47,Dong Nai-Bien Hoa,Bien Hoa,32.81,32.81,33.0,56.0,37.7,10000.0,0.0,91.0,6.84,9.14,274.0,1004.0,1,804,Clouds,overcast clouds,04d
2025-07-26 16:07:37,Dong Nai-Bien Hoa,Bien Hoa,32.81,32.81,33.0,63.0,39.81,10000.0,0.0,91.0,6.84,9.14,274.0,1004.0,1,804,Clouds,overcast clouds,04d
2025-07-26 16:11:27,Dong Nai-Bien Hoa,Bien Hoa,32.81,32.81,33.0,63.0,39.81,10000.0,0.0,91.0,6.84,9.14,274.0,1004.0,1,804,Clouds,overcast clouds,04d
2025-07-26 16:15:17,Dong Nai-Bien Hoa,Bien Hoa,32.81,32.81,33.0,63.0,39.81,10000.0,0.0,91.0,6.84,9.14,274.0,1004.0,1,804,Clouds,overcast clouds,04d
2025-07-26 16:19:08,Dong Nai-Bien Hoa,Bien Hoa,32.81,32.81,33.0,63.0,39.81,10000.0,0.0,91.0,6.84,9.14,274.0,1004.0,1,804,Clouds,overcast clouds,04d
2025-07-26 16:22:57,Dong Nai-Bien Hoa,Bien Hoa,32.81,32.81,33.0,63.0,39.81,10000.0,0.0,91.0,6.84,9.14,274.0,1004.0,1,804,Clouds,overcast clouds,04d
2025-07-26 16:26:47,Dong Nai-Bien Hoa,Bien Hoa,32.81,32.81,33.0,63.0,39.81,10000.0,0.0,91.0,6.84,9.14,274.0,1004.0,1,804,Clouds,overcast clouds,04d
2025-07-26 16:30:37,Dong Nai-Bien Hoa,Bien Hoa,32.81,32.81,33.0,59.0,38.69,10000.0,0.0,94.0,5.02,9.17,255.0,1004.0,1,804,Clouds,overcast clouds,04d
2025-07-26 16:34:28,Dong Nai-Bien Hoa,Bien Hoa,32.81,32.81,33.0,58.0,38.36,10000.0,0.0,94.0,5.02,9.17,255.0,1004.0,1,804,Clouds,overcast clouds,04d
2025-07-26 16:38:18,Dong Nai-Bien Hoa,Bien Hoa,32.81,32.81,33.0,58.0,38.36,10000.0,0.0,94.0,5.02,9.17,255.0,1004.0,1,804,Clouds,overcast clouds,04d
2025-07-26 16:42:09,Dong Nai-Bien Hoa,Bien Hoa,32.81,32.81,33.0,58.0,38.36,10000.0,0.0,94.0,5.02,9.17,255.0,1004.0,1,804,Clouds,overcast clouds,04d
2025-07-26 16:45:58,Dong Nai-Bien Hoa,Bien Hoa,32.81,32.81,33.0,58.0,38.36,10000.0,0.0,94.0,5.02,9.17,255.0,1004.0,1,804,Clouds,overcast clouds,04d
2025-07-26 16:49:48,Dong Nai-Bien Hoa,Bien Hoa,32.25,32.25,33.0,60.0,37.67,10000.0,0.0,94.0,5.02,9.17,255.0,1004.0,1,804,Clouds,overcast clouds,04d
2025-07-26 16:53:38,Dong Nai-Bien Hoa,Bien Hoa,32.25,32.25,33.0,60.0,37.67,10000.0,0.0,94.0,5.02,9.17,255.0,1004.0,1,804,Clouds,overcast clouds,04d
2025-07-26 16:57:27,Dong Nai-Bien Hoa,Bien Hoa,32.25,32.25,33.0,60.0,37.67,10000.0,0.0,94.0,5.02,9.17,255.0,1004.0,1,804,Clouds,overcast clouds,04d
2025-07-26 17:01:17,Dong Nai-Bien Hoa,Bien Hoa,32.25,32.25,33.0,60.0,37.67,10000.0,0.0,94.0,5.02,9.17,255.0,1004.0,1,804,Clouds,overcast clouds,04d
2025-07-26 17:05:09,Dong Nai-Bien Hoa,Bien Hoa,32.25,32.25,33.0,66.0,39.25,10000.0,0.0,94.0,5.02,9.17,255.0,1005.0,1,804,Clouds,overcast clouds,04d
2025-07-26 17:08:58,Dong Nai-Bien Hoa,Bien Hoa,32.25,32.25,33.0,66.0,39.25,10000.0,0.0,94.0,5.02,9.17,255.0,1005.0,1,804,Clouds,overcast clouds,04d
2025-07-26 17:12:48,Dong Nai-Bien Hoa,Bien Hoa,32.25,32.25,33.0,66.0,39.25,10000.0,0.0,94.0,5.02,9.17,255.0,1005.0,1,804,Clouds,overcast clouds,04d
2025-07-26 17:16:38,Dong Nai-Bien Hoa,Bien Hoa,32.25,32.0,32.25,66.0,39.25,10000.0,0.0,94.0,5.02,9.17,255.0,1005.0,1,804,Clouds,overcast clouds,04d
2025-07-26 17:20:28,Dong Nai-Bien Hoa,Bien Hoa,32.25,32.0,32.25,66.0,39.25,10000.0,0.0,94.0,5.02,9.17,255.0,1005.0,1,804,Clouds,overcast clouds,04d
2025-07-26 17:24:18,Dong Nai-Bien Hoa,Bien Hoa,32.25,32.0,32.25,66.0,39.25,10000.0,0.0,94.0,5.02,9.17,255.0,1005.0,1,804,Clouds,overcast clouds,04d
2025-07-26 17:28:08,Dong Nai-Bien Hoa,Bien Hoa,32.25,32.0,32.25,66.0,39.25,10000.0,0.0,94.0,5.02,9.17,255.0,1005.0,1,804,Clouds,overcast clouds,04d
2025-07-26 17:31:58,Dong Nai-Bien Hoa,Bien Hoa,31.7,31.7,32.0,64.0,37.57,10000.0,0.11,95.0,5.51,9.74,231.0,1005.0,1,500,Rain,light rain,10d
2025-07-26 17:35:47,Dong Nai-Bien Hoa,Bien Hoa,31.7,31.7,32.0,64.0,37.57,10000.0,0.11,95.0,5.51,9.74,231.0,1005.0,1,500,Rain,light rain,10d
2025-07-26 17:39:37,Dong Nai-Bien Hoa,Bien Hoa,31.7,31.7,32.0,64.0,37.57,10000.0,0.0,95.0,5.51,9.74,231.0,1005.0,1,804,Clouds,overcast clouds,04d
2025-07-26 17:43:27,Dong Nai-Bien Hoa,Bien Hoa,31.7,31.7,32.0,64.0,37.57,10000.0,0.0,95.0,5.51,9.74,231.0,1005.0,1,804,Clouds,overcast clouds,04d
2025-07-26 17:47:18,Dong Nai-Bien Hoa,Bien Hoa,31.7,31.7,32.0,64.0,37.57,10000.0,0.0,95.0,5.51,9.74,231.0,1005.0,1,804,Clouds,overcast clouds,04d
2025-07-26 17:51:08,Dong Nai-Bien Hoa,Bien Hoa,31.7,31.7,32.0,64.0,37.57,10000.0,0.0,95.0,5.51,9.74,231.0,1005.0,1,804,Clouds,overcast clouds,04d
2025-07-26 17:54:59,Dong Nai-Bien Hoa,Bien Hoa,31.7,31.7,32.0,64.0,37.57,10000.0,0.0,95.0,5.51,9.74,231.0,1005.0,1,804,Clouds,overcast clouds,04d
2025-07-26 17:58:48,Dong Nai-Bien Hoa,Bien Hoa,31.14,31.14,32.0,64.0,36.21,10000.0,0.0,95.0,5.51,9.74,231.0,1005.0,1,804,Clouds,overcast clouds,04d
2025-07-26 18:02:38,Dong Nai-Bien Hoa,Bien Hoa,31.14,31.14,32.0,64.0,36.21,10000.0,0.0,95.0,5.51,9.74,231.0,1005.0,1,804,Clouds,overcast clouds,04d
2025-07-26 18:06:28,Dong Nai-Bien Hoa,Bien Hoa,31.14,31.14,32.0,64.0,36.21,10000.0,0.0,95.0,5.51,9.74,231.0,1005.0,1,804,Clouds,overcast clouds,04d
2025-07-26 18:10:18,Dong Nai-Bien Hoa,Bien Hoa,31.14,31.14,32.0,69.0,37.67,10000.0,0.0,95.0,5.51,9.74,231.0,1005.0,1,804,Clouds,overcast clouds,04d
2025-07-26 18:14:09,Dong Nai-Bien Hoa,Bien Hoa,31.14,31.14,32.0,69.0,37.67,10000.0,0.0,95.0,5.51,9.74,231.0,1005.0,1,804,Clouds,overcast clouds,04d
2025-07-26 18:17:59,Dong Nai-Bien Hoa,Bien Hoa,31.14,31.14,32.0,69.0,37.67,10000.0,0.0,95.0,5.51,9.74,231.0,1005.0,1,804,Clouds,overcast clouds,04d
2025-07-26 18:21:48,Dong Nai-Bien Hoa,Bien Hoa,31.14,31.14,32.0,69.0,37.67,10000.0,0.0,95.0,5.51,9.74,231.0,1005.0,0,804,Clouds,overcast clouds,04d
2025-07-26 18:25:38,Dong Nai-Bien Hoa,Bien Hoa,31.14,31.0,31.14,69.0,37.67,10000.0,0.0,95.0,5.51,9.74,231.0,1005.0,0,804,Clouds,overcast clouds,04n
2025-07-26 18:29:28,Dong Nai-Bien Hoa,Bien Hoa,30.59,30.59,31.0,69.0,36.24,10000.0,0.0,95.0,5.51,9.74,231.0,1005.0,0,804,Clouds,overcast clouds,04n
2025-07-26 18:33:18,Dong Nai-Bien Hoa,Bien Hoa,30.59,30.59,31.0,67.0,35.71,10000.0,0.0,96.0,5.94,11.13,242.0,1006.0,0,804,Clouds,overcast clouds,04n
2025-07-26 18:37:10,Dong Nai-Bien Hoa,Bien Hoa,30.59,30.59,31.0,67.0,35.71,10000.0,0.0,96.0,5.94,11.13,242.0,1006.0,0,804,Clouds,overcast clouds,04n
2025-07-26 18:41:00,Dong Nai-Bien Hoa,Bien Hoa,30.59,30.59,31.0,67.0,35.71,10000.0,0.0,96.0,5.94,11.13,242.0,1006.0,0,804,Clouds,overcast clouds,04n
2025-07-26 18:44:51,Dong Nai-Bien Hoa,Bien Hoa,30.59,30.59,31.0,67.0,35.71,10000.0,0.0,96.0,5.94,11.13,242.0,1006.0,0,804,Clouds,overcast clouds,04n
2025-07-26 18:48:41,Dong Nai-Bien Hoa,Bien Hoa,30.59,30.59,31.0,67.0,35.71,10000.0,0.0,96.0,5.94,11.13,242.0,1006.0,0,804,Clouds,overcast clouds,04n
2025-07-26 18:52:31,Dong Nai-Bien Hoa,Bien Hoa,30.59,30.59,31.0,66.0,35.45,10000.0,0.0,96.0,5.94,11.13,242.0,1006.0,0,804,Clouds,overcast clouds,04n
2025-07-26 18:56:21,Dong Nai-Bien Hoa,Bien Hoa,30.59,30.59,31.0,66.0,35.45,10000.0,0.0,96.0,5.94,11.13,242.0,1006.0,0,804,Clouds,overcast clouds,04n
2025-07-26 19:00:12,Dong Nai-Bien Hoa,Bien Hoa,30.59,30.59,31.0,66.0,35.45,10000.0,0.0,96.0,5.94,11.13,242.0,1006.0,0,804,Clouds,overcast clouds,04n
2025-07-26 19:04:03,Dong Nai-Bien Hoa,Bien Hoa,30.59,30.59,31.0,66.0,35.45,10000.0,0.0,99.0,6.76,11.79,236.0,1006.0,0,804,Clouds,overcast clouds,04n
2025-07-26 19:07:51,Dong Nai-Bien Hoa,Bien Hoa,30.59,30.59,31.0,66.0,35.45,10000.0,0.0,99.0,6.76,11.79,236.0,1006.0,0,804,Clouds,overcast clouds,04n
2025-07-26 19:11:36,Dong Nai-Bien Hoa,Bien Hoa,30.59,30.59,31.0,66.0,35.45,10000.0,0.0,99.0,6.76,11.79,236.0,1006.0,0,804,Clouds,overcast clouds,04n
2025-07-26 19:15:22,Dong Nai-Bien Hoa,Bien Hoa,30.59,30.59,31.0,66.0,35.45,10000.0,0.0,99.0,6.76,11.79,236.0,1006.0,0,804,Clouds,overcast clouds,04n
2025-07-26 19:19:08,Dong Nai-Bien Hoa,Bien Hoa,30.59,30.0,30.59,66.0,35.45,10000.0,0.0,99.0,6.76,11.79,236.0,1006.0,0,804,Clouds,overcast clouds,04n
2025-07-26 19:22:54,Dong Nai-Bien Hoa,Bien Hoa,30.59,30.0,30.59,66.0,35.45,10000.0,0.0,99.0,6.76,11.79,236.0,1006.0,0,804,Clouds,overcast clouds,04n
2025-07-26 19:26:39,Dong Nai-Bien Hoa,Bien Hoa,30.59,30.0,30.59,66.0,35.45,10000.0,0.0,99.0,6.76,11.79,236.0,1006.0,0,804,Clouds,overcast clouds,04n
2025-07-26 19:30:25,Dong Nai-Bien Hoa,Bien Hoa,30.59,30.0,30.59,69.0,36.24,10000.0,0.0,100.0,5.95,11.39,233.0,1007.0,0,804,Clouds,overcast clouds,04n
2025-07-26 19:34:11,Dong Nai-Bien Hoa,Bien Hoa,30.59,30.0,30.59,69.0,36.24,10000.0,0.0,100.0,5.95,11.39,233.0,1007.0,0,804,Clouds,overcast clouds,04n
2025-07-26 19:37:57,Dong Nai-Bien Hoa,Bien Hoa,30.03,30.0,30.03,69.0,34.87,10000.0,0.0,100.0,5.95,11.39,233.0,1007.0,0,804,Clouds,overcast clouds,04n
2025-07-26 19:41:43,Dong Nai-Bien Hoa,Bien Hoa,30.03,30.0,30.03,69.0,34.87,10000.0,0.0,100.0,5.95,11.39,233.0,1007.0,0,804,Clouds,overcast clouds,04n
2025-07-26 19:45:28,Dong Nai-Bien Hoa,Bien Hoa,30.03,30.0,30.03,69.0,34.87,10000.0,0.0,100.0,5.95,11.39,233.0,1007.0,0,804,Clouds,overcast clouds,04n
2025-07-26 19:49:14,Dong Nai-Bien Hoa,Bien Hoa,30.03,30.0,30.03,73.0,35.86,10000.0,0.0,100.0,5.95,11.39,233.0,1007.0,0,804,Clouds,overcast clouds,04n
2025-07-26 19:53:00,Dong Nai-Bien Hoa,Bien Hoa,30.03,30.0,30.03,73.0,35.86,10000.0,0.0,100.0,5.95,11.39,233.0,1007.0,0,804,Clouds,overcast clouds,04n
2025-07-26 19:56:46,Dong Nai-Bien Hoa,Bien Hoa,30.03,30.0,30.03,73.0,35.86,10000.0,0.0,100.0,5.95,11.39,233.0,1007.0,0,804,Clouds,overcast clouds,04n
2025-07-26 20:00:32,Dong Nai-Bien Hoa,Bien Hoa,30.03,30.0,30.03,73.0,35.86,10000.0,0.0,100.0,5.95,11.39,233.0,1007.0,0,804,Clouds,overcast clouds,04n
2025-07-26 20:04:18,Dong Nai-Bien Hoa,Bien Hoa,30.03,30.0,30.03,75.0,36.38,10000.0,0.0,100.0,5.95,11.39,233.0,1006.0,0,804,Clouds,overcast clouds,04n
2025-07-26 20:08:05,Dong Nai-Bien Hoa,Bien Hoa,30.03,30.0,30.03,75.0,36.38,10000.0,0.0,100.0,5.95,11.39,233.0,1006.0,0,804,Clouds,overcast clouds,04n
2025-07-26 20:11:50,Dong Nai-Bien Hoa,Bien Hoa,30.03,30.0,30.03,75.0,36.38,10000.0,0.0,100.0,5.95,11.39,233.0,1006.0,0,804,Clouds,overcast clouds,04n
2025-07-26 20:15:36,Dong Nai-Bien Hoa,Bien Hoa,30.03,30.0,30.03,75.0,36.38,10000.0,0.0,100.0,5.95,11.39,233.0,1006.0,0,804,Clouds,overcast clouds,04n
2025-07-26 20:19:22,Dong Nai-Bien Hoa,Bien Hoa,30.03,30.0,30.03,75.0,36.38,10000.0,0.0,100.0,5.95,11.39,233.0,1006.0,0,804,Clouds,overcast clouds,04n
2025-07-26 20:23:08,Dong Nai-Bien Hoa,Bien Hoa,30.03,30.0,30.03,75.0,36.38,10000.0,0.0,100.0,5.95,11.39,233.0,1006.0,0,804,Clouds,overcast clouds,04n
2025-07-26 20:26:54,Dong Nai-Bien Hoa,Bien Hoa,30.03,30.0,30.03,75.0,36.38,10000.0,0.0,100.0,5.95,11.39,233.0,1006.0,0,804,Clouds,overcast clouds,04n
2025-07-26 20:30:40,Dong Nai-Bien Hoa,Bien Hoa,30.03,30.0,30.03,75.0,36.38,10000.0,0.0,100.0,5.95,11.39,233.0,1006.0,0,804,Clouds,overcast clouds,04n
2025-07-26 20:34:26,Dong Nai-Bien Hoa,Bien Hoa,30.03,30.0,30.03,74.0,36.12,10000.0,0.0,100.0,6.18,12.46,241.0,1007.0,0,804,Clouds,overcast clouds,04n
2025-07-26 20:38:12,Dong Nai-Bien Hoa,Bien Hoa,30.03,30.0,30.03,74.0,36.12,10000.0,0.0,100.0,6.18,12.46,241.0,1007.0,0,804,Clouds,overcast clouds,04n
2025-07-26 20:41:57,Dong Nai-Bien Hoa,Bien Hoa,30.03,30.0,30.03,74.0,36.12,10000.0,0.0,100.0,6.18,12.46,241.0,1007.0,0,804,Clouds,overcast clouds,04n
2025-07-26 20:45:43,Dong Nai-Bien Hoa,Bien Hoa,30.03,30.0,30.03,74.0,36.12,10000.0,0.0,100.0,6.18,12.46,241.0,1007.0,0,804,Clouds,overcast clouds,04n
2025-07-26 20:49:29,Dong Nai-Bien Hoa,Bien Hoa,29.47,29.47,30.0,76.0,35.12,10000.0,0.0,100.0,6.18,12.46,241.0,1007.0,0,804,Clouds,overcast clouds,04n
2025-07-26 20:53:15,Dong Nai-Bien Hoa,Bien Hoa,29.47,29.47,30.0,76.0,35.12,10000.0,0.0,100.0,6.18,12.46,241.0,1007.0,0,804,Clouds,overcast clouds,04n
2025-07-26 20:57:01,Dong Nai-Bien Hoa,Bien Hoa,29.47,29.47,30.0,76.0,35.12,10000.0,0.0,100.0,6.18,12.46,241.0,1007.0,0,804,Clouds,overcast clouds,04n
2025-07-26 21:00:46,Dong Nai-Bien Hoa,Bien Hoa,29.47,29.47,30.0,76.0,35.12,10000.0,0.0,100.0,6.18,12.46,241.0,1007.0,0,804,Clouds,overcast clouds,04n
2025-07-26 21:04:32,Dong Nai-Bien Hoa,Bien Hoa,29.47,29.47,30.0,77.0,35.35,10000.0,0.0,100.0,6.18,12.46,241.0,1007.0,0,804,Clouds,overcast clouds,04n
2025-07-26 21:08:18,Dong Nai-Bien Hoa,Bien Hoa,29.47,29.47,30.0,77.0,35.35,10000.0,0.0,100.0,6.18,12.46,241.0,1007.0,0,804,Clouds,overcast clouds,04n
2025-07-26 21:12:03,Dong Nai-Bien Hoa,Bien Hoa,29.47,29.47,30.0,77.0,35.35,10000.0,0.0,100.0,6.18,12.46,241.0,1007.0,0,804,Clouds,overcast clouds,04n
2025-07-26 21:15:49,Dong Nai-Bien Hoa,Bien Hoa,29.47,29.47,30.0,77.0,35.35,10000.0,0.0,100.0,6.18,12.46,241.0,1007.0,0,804,Clouds,overcast clouds,04n
2025-07-26 21:19:35,Dong Nai-Bien Hoa,Bien Hoa,29.47,29.0,29.47,77.0,35.35,10000.0,0.0,100.0,6.18,12.46,241.0,1007.0,0,804,Clouds,overcast clouds,04n
2025-07-26 21:23:22,Dong Nai-Bien Hoa,Bien Hoa,29.47,29.0,29.47,77.0,35.35,10000.0,0.0,100.0,6.18,12.46,241.0,1007.0,0,804,Clouds,overcast clouds,04n
2025-07-26 21:27:09,Dong Nai-Bien Hoa,Bien Hoa,29.47,29.0,29.47,77.0,35.35,10000.0,0.0,100.0,6.18,12.46,241.0,1007.0,0,804,Clouds,overcast clouds,04n
2025-07-26 21:30:55,Dong Nai-Bien Hoa,Bien Hoa,29.47,29.0,29.47,76.0,35.12,10000.0,0.0,100.0,5.96,12.41,245.0,1008.0,0,804,Clouds,overcast clouds,04n
2025-07-26 21:34:41,Dong Nai-Bien Hoa,Bien Hoa,29.47,29.0,29.47,76.0,35.12,10000.0,0.0,100.0,5.96,12.41,245.0,1008.0,0,804,Clouds,overcast clouds,04n
2025-07-26 21:38:27,Dong Nai-Bien Hoa,Bien Hoa,29.47,29.0,29.47,78.0,35.59,10000.0,0.0,100.0,5.96,12.41,245.0,1008.0,0,804,Clouds,overcast clouds,04n
2025-07-26 21:42:13,Dong Nai-Bien Hoa,Bien Hoa,29.47,29.0,29.47,78.0,35.59,10000.0,0.0,100.0,5.96,12.41,245.0,1008.0,0,804,Clouds,overcast clouds,04n
2025-07-26 21:45:58,Dong Nai-Bien Hoa,Bien Hoa,29.47,29.0,29.47,78.0,35.59,10000.0,0.0,100.0,5.96,12.41,245.0,1008.0,0,804,Clouds,overcast clouds,04n
2025-07-26 21:49:44,Dong Nai-Bien Hoa,Bien Hoa,29.47,29.0,29.47,78.0,35.59,10000.0,0.0,100.0,5.96,12.41,245.0,1008.0,0,804,Clouds,overcast clouds,04n
2025-07-26 21:53:30,Dong Nai-Bien Hoa,Bien Hoa,29.47,29.0,29.47,77.0,35.35,10000.0,0.0,100.0,5.96,12.41,245.0,1008.0,0,804,Clouds,overcast clouds,04n
2025-07-26 21:57:17,Dong Nai-Bien Hoa,Bien Hoa,29.47,29.0,29.47,77.0,35.35,10000.0,0.0,100.0,5.96,12.41,245.0,1008.0,0,804,Clouds,overcast clouds,04n
2025-07-26 22:01:04,Dong Nai-Bien Hoa,Bien Hoa,29.47,29.0,29.47,77.0,35.35,10000.0,0.0,100.0,5.96,12.41,245.0,1008.0,0,804,Clouds,overcast clouds,04n
2025-07-26 22:04:49,Dong Nai-Bien Hoa,Bien Hoa,29.47,29.0,29.47,77.0,35.35,10000.0,0.0,100.0,5.96,12.41,245.0,1008.0,0,804,Clouds,overcast clouds,04n
2025-07-26 22:08:35,Dong Nai-Bien Hoa,Bien Hoa,29.47,29.0,29.47,77.0,35.35,10000.0,0.0,100.0,5.96,12.41,245.0,1008.0,0,804,Clouds,overcast clouds,04n
2025-07-26 22:12:21,Dong Nai-Bien Hoa,Bien Hoa,28.92,28.92,29.0,79.0,34.31,10000.0,0.0,100.0,5.96,12.41,245.0,1008.0,0,804,Clouds,overcast clouds,04n
2025-07-26 22:16:07,Dong Nai-Bien Hoa,Bien Hoa,28.92,28.92,29.0,79.0,34.31,10000.0,0.0,100.0,5.96,12.41,245.0,1008.0,0,804,Clouds,overcast clouds,04n
2025-07-26 22:19:53,Dong Nai-Bien Hoa,Bien Hoa,28.92,28.92,29.0,79.0,34.31,10000.0,0.0,100.0,5.96,12.41,245.0,1008.0,0,804,Clouds,overcast clouds,04n
2025-07-26 22:23:38,Dong Nai-Bien Hoa,Bien Hoa,28.92,28.92,29.0,79.0,34.31,10000.0,0.0,100.0,5.96,12.41,245.0,1008.0,0,804,Clouds,overcast clouds,04n
2025-07-26 22:27:24,Dong Nai-Bien Hoa,Bien Hoa,28.92,28.92,29.0,79.0,34.31,10000.0,0.0,100.0,5.96,12.41,245.0,1008.0,0,804,Clouds,overcast clouds,04n
2025-07-26 22:31:10,Dong Nai-Bien Hoa,Bien Hoa,28.92,28.92,29.0,78.0,34.1,10000.0,0.0,100.0,5.17,11.09,248.0,1008.0,0,804,Clouds,overcast clouds,04n
2025-07-26 22:34:56,Dong Nai-Bien Hoa,Bien Hoa,28.92,28.92,29.0,78.0,34.1,10000.0,0.0,100.0,5.17,11.09,248.0,1008.0,0,804,Clouds,overcast clouds,04n
2025-07-26 22:38:41,Dong Nai-Bien Hoa,Bien Hoa,28.92,28.92,29.0,78.0,34.1,10000.0,0.0,100.0,5.17,11.09,248.0,1008.0,0,804,Clouds,overcast clouds,04n
2025-07-26 22:42:27,Dong Nai-Bien Hoa,Bien Hoa,28.92,28.92,29.0,78.0,34.1,10000.0,0.0,100.0,5.17,11.09,248.0,1008.0,0,804,Clouds,overcast clouds,04n
2025-07-26 22:46:13,Dong Nai-Bien Hoa,Bien Hoa,28.92,28.92,29.0,78.0,34.1,10000.0,0.0,100.0,5.17,11.09,248.0,1008.0,0,804,Clouds,overcast clouds,04n
2025-07-26 22:49:59,Dong Nai-Bien Hoa,Bien Hoa,28.92,28.92,29.0,78.0,34.1,10000.0,0.0,100.0,5.17,11.09,248.0,1008.0,0,804,Clouds,overcast clouds,04n
2025-07-26 22:53:45,Dong Nai-Bien Hoa,Bien Hoa,28.92,28.92,29.0,78.0,34.1,10000.0,0.0,100.0,5.17,11.09,248.0,1008.0,0,804,Clouds,overcast clouds,04n
2025-07-26 22:57:31,Dong Nai-Bien Hoa,Bien Hoa,28.92,28.92,29.0,78.0,34.1,10000.0,0.0,100.0,5.17,11.09,248.0,1008.0,0,804,Clouds,overcast clouds,04n
2025-07-26 23:01:17,Dong Nai-Bien Hoa,Bien Hoa,28.92,28.92,29.0,80.0,34.52,10000.0,0.0,100.0,5.17,11.09,248.0,1008.0,0,804,Clouds,overcast clouds,04n
2025-07-26 23:05:03,Dong Nai-Bien Hoa,Bien Hoa,28.92,28.92,29.0,80.0,34.52,10000.0,0.0,100.0,5.17,11.09,248.0,1008.0,0,804,Clouds,overcast clouds,04n
2025-07-26 23:08:49,Dong Nai-Bien Hoa,Bien Hoa,28.92,28.92,29.0,80.0,34.52,10000.0,0.0,100.0,5.17,11.09,248.0,1008.0,0,804,Clouds,overcast clouds,04n
2025-07-26 23:12:34,Dong Nai-Bien Hoa,Bien Hoa,28.92,28.92,29.0,80.0,34.52,10000.0,0.0,100.0,5.17,11.09,248.0,1008.0,0,804,Clouds,overcast clouds,04n
2025-07-26 23:16:20,Dong Nai-Bien Hoa,Bien Hoa,28.92,28.92,29.0,80.0,34.52,10000.0,0.0,100.0,5.17,11.09,248.0,1008.0,0,804,Clouds,overcast clouds,04n
2025-07-26 23:20:06,Dong Nai-Bien Hoa,Bien Hoa,28.92,28.92,29.0,80.0,34.52,10000.0,0.0,100.0,5.17,11.09,248.0,1008.0,0,804,Clouds,overcast clouds,04n
2025-07-26 23:23:52,Dong Nai-Bien Hoa,Bien Hoa,28.92,28.92,29.0,80.0,34.52,10000.0,0.0,100.0,5.17,11.09,248.0,1008.0,0,804,Clouds,overcast clouds,04n
2025-07-26 23:27:37,Dong Nai-Bien Hoa,Bien Hoa,28.92,28.92,29.0,80.0,34.52,10000.0,0.0,100.0,5.17,11.09,248.0,1008.0,0,804,Clouds,overcast clouds,04n
2025-07-26 23:31:24,Dong Nai-Bien Hoa,Bien Hoa,28.92,28.92,29.0,80.0,34.52,10000.0,0.0,100.0,5.17,11.09,248.0,1008.0,0,804,Clouds,overcast clouds,04n
2025-07-26 23:35:10,Dong Nai-Bien Hoa,Bien Hoa,28.92,28.92,29.0,79.0,34.31,10000.0,0.0,100.0,4.61,10.3,254.0,1008.0,0,804,Clouds,overcast clouds,04n
2025-07-26 23:38:56,Dong Nai-Bien Hoa,Bien Hoa,28.92,28.92,29.0,79.0,34.31,10000.0,0.0,100.0,4.61,10.3,254.0,1008.0,0,804,Clouds,overcast clouds,04n
2025-07-26 23:42:42,Dong Nai-Bien Hoa,Bien Hoa,28.92,28.92,29.0,79.0,34.31,10000.0,0.0,100.0,4.61,10.3,254.0,1008.0,0,804,Clouds,overcast clouds,04n
2025-07-26 23:46:28,Dong Nai-Bien Hoa,Bien Hoa,28.92,28.0,28.92,80.0,34.52,10000.0,0.0,100.0,4.61,10.3,254.0,1008.0,0,804,Clouds,overcast clouds,04n
2025-07-26 23:50:13,Dong Nai-Bien Hoa,Bien Hoa,28.92,28.0,28.92,80.0,34.52,10000.0,0.0,100.0,4.61,10.3,254.0,1008.0,0,804,Clouds,overcast clouds,04n
2025-07-26 23:53:59,Dong Nai-Bien Hoa,Bien Hoa,28.92,28.0,28.92,80.0,34.52,10000.0,0.0,100.0,4.61,10.3,254.0,1008.0,0,804,Clouds,overcast clouds,04n
2025-07-26 23:57:45,Dong Nai-Bien Hoa,Bien Hoa,28.92,28.0,28.92,80.0,34.52,10000.0,0.0,100.0,4.61,10.3,254.0,1008.0,0,804,Clouds,overcast clouds,04n
2025-07-27 00:01:31,Dong Nai-Bien Hoa,Bien Hoa,28.92,28.0,28.92,82.0,34.95,10000.0,0.0,100.0,4.61,10.3,254.0,1008.0,0,804,Clouds,overcast clouds,04n
2025-07-27 00:05:17,Dong Nai-Bien Hoa,Bien Hoa,28.92,28.0,28.92,82.0,34.95,10000.0,0.0,100.0,4.61,10.3,254.0,1008.0,0,804,Clouds,overcast clouds,04n
2025-07-27 00:09:02,Dong Nai-Bien Hoa,Bien Hoa,28.92,28.0,28.92,82.0,34.95,10000.0,0.0,100.0,4.61,10.3,254.0,1008.0,0,804,Clouds,overcast clouds,04n
2025-07-27 00:15:45,Dong Nai-Bien Hoa,Bien Hoa,28.92,28.0,28.92,82.0,34.95,10000.0,0.0,100.0,4.61,10.3,254.0,1008.0,0,804,Clouds,overcast clouds,04n
2025-07-27 00:20:01,Dong Nai-Bien Hoa,Bien Hoa,28.92,28.0,28.92,82.0,34.95,10000.0,0.0,100.0,4.61,10.3,254.0,1008.0,0,804,Clouds,overcast clouds,04n
2025-07-27 00:23:47,Dong Nai-Bien Hoa,Bien Hoa,28.92,28.0,28.92,82.0,34.95,10000.0,0.0,100.0,4.61,10.3,254.0,1008.0,0,804,Clouds,overcast clouds,04n
2025-07-27 00:28:41,Dong Nai-Bien Hoa,Bien Hoa,28.36,28.0,28.36,82.0,33.38,10000.0,0.0,100.0,4.61,10.3,254.0,1008.0,0,804,Clouds,overcast clouds,04n
2025-07-27 00:32:27,Dong Nai-Bien Hoa,Bien Hoa,28.36,28.0,28.36,82.0,33.38,10000.0,0.0,100.0,4.61,10.3,254.0,1008.0,0,804,Clouds,overcast clouds,04n
2025-07-27 00:36:13,Dong Nai-Bien Hoa,Bien Hoa,28.36,28.0,28.36,81.0,33.2,10000.0,0.0,100.0,4.19,9.69,259.0,1007.0,0,804,Clouds,overcast clouds,04n
2025-07-27 00:39:59,Dong Nai-Bien Hoa,Bien Hoa,28.36,28.0,28.36,81.0,33.2,10000.0,0.0,100.0,4.19,9.69,259.0,1007.0,0,804,Clouds,overcast clouds,04n
2025-07-27 00:43:45,Dong Nai-Bien Hoa,Bien Hoa,28.36,28.0,28.36,81.0,33.2,10000.0,0.0,100.0,4.19,9.69,259.0,1007.0,0,804,Clouds,overcast clouds,04n
2025-07-27 00:47:30,Dong Nai-Bien Hoa,Bien Hoa,28.36,28.0,28.36,81.0,33.2,10000.0,0.0,100.0,4.19,9.69,259.0,1007.0,0,804,Clouds,overcast clouds,04n
2025-07-27 00:51:17,Dong Nai-Bien Hoa,Bien Hoa,28.36,28.0,28.36,81.0,33.2,10000.0,0.0,100.0,3.85,9.58,255.0,1007.0,0,804,Clouds,overcast clouds,04n
2025-07-27 00:55:04,Dong Nai-Bien Hoa,Bien Hoa,28.36,28.0,28.36,81.0,33.2,10000.0,0.0,100.0,3.85,9.58,255.0,1007.0,0,804,Clouds,overcast clouds,04n
2025-07-27 00:58:49,Dong Nai-Bien Hoa,Bien Hoa,28.36,28.0,28.36,81.0,33.2,10000.0,0.0,100.0,3.85,9.58,255.0,1007.0,0,804,Clouds,overcast clouds,04n
2025-07-27 01:02:35,Dong Nai-Bien Hoa,Bien Hoa,28.36,28.0,28.36,81.0,33.2,10000.0,0.0,100.0,3.85,9.58,255.0,1007.0,0,804,Clouds,overcast clouds,04n
2025-07-27 01:06:21,Dong Nai-Bien Hoa,Bien Hoa,28.36,28.0,28.36,81.0,33.2,10000.0,0.0,100.0,3.85,9.58,255.0,1007.0,0,804,Clouds,overcast clouds,04n
2025-07-27 01:10:07,Dong Nai-Bien Hoa,Bien Hoa,28.36,28.0,28.36,81.0,33.2,10000.0,0.0,100.0,3.85,9.58,255.0,1007.0,0,804,Clouds,overcast clouds,04n
2025-07-27 01:13:53,Dong Nai-Bien Hoa,Bien Hoa,28.36,28.0,28.36,81.0,33.2,10000.0,0.0,100.0,3.85,9.58,255.0,1007.0,0,804,Clouds,overcast clouds,04n
2025-07-27 01:17:38,Dong Nai-Bien Hoa,Bien Hoa,28.36,28.0,28.36,81.0,33.2,10000.0,0.0,100.0,3.85,9.58,255.0,1007.0,0,804,Clouds,overcast clouds,04n
2025-07-27 01:21:24,Dong Nai-Bien Hoa,Bien Hoa,28.36,28.0,28.36,81.0,33.2,10000.0,0.0,100.0,3.85,9.58,255.0,1007.0,0,804,Clouds,overcast clouds,04n
2025-07-27 01:25:09,Dong Nai-Bien Hoa,Bien Hoa,28.36,28.0,28.36,81.0,33.2,10000.0,0.0,100.0,3.85,9.58,255.0,1007.0,0,804,Clouds,overcast clouds,04n
2025-07-27 01:28:56,Dong Nai-Bien Hoa,Bien Hoa,28.36,28.0,28.36,81.0,33.2,10000.0,0.0,100.0,3.85,9.58,255.0,1007.0,0,804,Clouds,overcast clouds,04n
2025-07-27 01:32:42,Dong Nai-Bien Hoa,Bien Hoa,28.36,28.0,28.36,81.0,33.2,10000.0,0.0,100.0,3.85,9.58,255.0,1007.0,0,804,Clouds,overcast clouds,04n
2025-07-27 01:36:28,Dong Nai-Bien Hoa,Bien Hoa,28.36,28.0,28.36,82.0,33.38,10000.0,0.0,100.0,3.46,8.99,253.0,1007.0,0,804,Clouds,overcast clouds,04n
2025-07-27 01:40:13,Dong Nai-Bien Hoa,Bien Hoa,28.36,28.0,28.36,82.0,33.38,10000.0,0.0,100.0,3.46,8.99,253.0,1007.0,0,804,Clouds,overcast clouds,04n
2025-07-27 01:43:59,Dong Nai-Bien Hoa,Bien Hoa,28.36,28.0,28.36,82.0,33.38,10000.0,0.0,100.0,3.46,8.99,253.0,1007.0,0,804,Clouds,overcast clouds,04n
2025-07-27 01:47:45,Dong Nai-Bien Hoa,Bien Hoa,28.36,28.0,28.36,81.0,33.2,10000.0,0.0,100.0,3.46,8.99,253.0,1007.0,0,804,Clouds,overcast clouds,04n
2025-07-27 01:51:31,Dong Nai-Bien Hoa,Bien Hoa,28.36,28.0,28.36,82.0,33.38,10000.0,0.0,100.0,3.46,8.99,253.0,1007.0,0,804,Clouds,overcast clouds,04n
2025-07-27 01:55:17,Dong Nai-Bien Hoa,Bien Hoa,28.36,28.0,28.36,81.0,33.2,10000.0,0.0,100.0,3.46,8.99,253.0,1007.0,0,804,Clouds,overcast clouds,04n
2025-07-27 01:59:03,Dong Nai-Bien Hoa,Bien Hoa,28.36,28.0,28.36,81.0,33.2,10000.0,0.0,100.0,3.46,8.99,253.0,1007.0,0,804,Clouds,overcast clouds,04n
2025-07-27 02:02:49,Dong Nai-Bien Hoa,Bien Hoa,28.36,28.0,28.36,83.0,33.56,10000.0,0.0,100.0,3.46,8.99,253.0,1006.0,0,804,Clouds,overcast clouds,04n
2025-07-27 02:06:37,Dong Nai-Bien Hoa,Bien Hoa,28.36,28.0,28.36,83.0,33.56,10000.0,0.0,100.0,3.46,8.99,253.0,1006.0,0,804,Clouds,overcast clouds,04n
2025-07-27 02:10:23,Dong Nai-Bien Hoa,Bien Hoa,28.36,28.0,28.36,83.0,33.56,10000.0,0.0,100.0,3.46,8.99,253.0,1006.0,0,804,Clouds,overcast clouds,04n
2025-07-27 02:14:08,Dong Nai-Bien Hoa,Bien Hoa,28.36,28.0,28.36,83.0,33.56,10000.0,0.0,100.0,3.46,8.99,253.0,1006.0,0,804,Clouds,overcast clouds,04n
2025-07-27 02:17:54,Dong Nai-Bien Hoa,Bien Hoa,28.36,28.0,28.36,83.0,33.56,10000.0,0.0,100.0,3.46,8.99,253.0,1006.0,0,804,Clouds,overcast clouds,04n
2025-07-27 02:21:40,Dong Nai-Bien Hoa,Bien Hoa,28.36,28.0,28.36,83.0,33.56,10000.0,0.0,100.0,3.46,8.99,253.0,1006.0,0,804,Clouds,overcast clouds,04n
2025-07-27 02:25:26,Dong Nai-Bien Hoa,Bien Hoa,28.36,28.0,28.36,83.0,33.56,10000.0,0.0,100.0,3.46,8.99,253.0,1006.0,0,804,Clouds,overcast clouds,04n
2025-07-27 02:29:13,Dong Nai-Bien Hoa,Bien Hoa,27.81,27.81,28.0,83.0,32.07,10000.0,0.0,100.0,3.46,8.99,253.0,1006.0,0,804,Clouds,overcast clouds,04n
2025-07-27 02:32:59,Dong Nai-Bien Hoa,Bien Hoa,27.81,27.81,28.0,83.0,32.07,10000.0,0.0,100.0,3.07,8.24,253.0,1007.0,0,804,Clouds,overcast clouds,04n
2025-07-27 02:36:44,Dong Nai-Bien Hoa,Bien Hoa,27.81,27.81,28.0,83.0,32.07,10000.0,0.0,100.0,3.07,8.24,253.0,1007.0,0,804,Clouds,overcast clouds,04n
2025-07-27 02:40:30,Dong Nai-Bien Hoa,Bien Hoa,27.81,27.81,28.0,83.0,32.07,10000.0,0.0,100.0,3.07,8.24,253.0,1007.0,0,804,Clouds,overcast clouds,04n
2025-07-27 02:44:17,Dong Nai-Bien Hoa,Bien Hoa,27.81,27.81,28.0,83.0,32.07,10000.0,0.0,100.0,3.07,8.24,253.0,1007.0,0,804,Clouds,overcast clouds,04n
2025-07-27 02:48:03,Dong Nai-Bien Hoa,Bien Hoa,27.81,27.81,28.0,83.0,32.07,10000.0,0.0,100.0,3.07,8.24,253.0,1007.0,0,804,Clouds,overcast clouds,04n
2025-07-27 02:51:49,Dong Nai-Bien Hoa,Bien Hoa,27.81,27.81,28.0,83.0,32.07,10000.0,0.0,100.0,3.07,8.24,253.0,1007.0,0,804,Clouds,overcast clouds,04n
2025-07-27 02:55:35,Dong Nai-Bien Hoa,Bien Hoa,27.81,27.81,28.0,83.0,32.07,10000.0,0.0,100.0,3.07,8.24,253.0,1007.0,0,804,Clouds,overcast clouds,04n
2025-07-27 02:59:21,Dong Nai-Bien Hoa,Bien Hoa,27.81,27.81,28.0,83.0,32.07,10000.0,0.0,100.0,3.07,8.24,253.0,1007.0,0,804,Clouds,overcast clouds,04n
2025-07-27 03:03:12,Dong Nai-Bien Hoa,Bien Hoa,27.81,27.81,28.0,84.0,32.21,10000.0,0.0,100.0,3.07,8.24,253.0,1006.0,0,804,Clouds,overcast clouds,04n
2025-07-27 03:06:58,Dong Nai-Bien Hoa,Bien Hoa,27.81,27.81,28.0,84.0,32.21,10000.0,0.0,100.0,3.07,8.24,253.0,1006.0,0,804,Clouds,overcast clouds,04n
2025-07-27 03:10:44,Dong Nai-Bien Hoa,Bien Hoa,27.81,27.81,28.0,84.0,32.21,10000.0,0.0,100.0,3.07,8.24,253.0,1006.0,0,804,Clouds,overcast clouds,04n
2025-07-27 03:14:30,Dong Nai-Bien Hoa,Bien Hoa,27.81,27.81,28.0,84.0,32.21,10000.0,0.0,100.0,3.07,8.24,253.0,1006.0,0,804,Clouds,overcast clouds,04n
2025-07-27 03:18:17,Dong Nai-Bien Hoa,Bien Hoa,27.81,27.81,28.0,84.0,32.21,10000.0,0.0,100.0,3.07,8.24,253.0,1006.0,0,804,Clouds,overcast clouds,04n
2025-07-27 03:22:03,Dong Nai-Bien Hoa,Bien Hoa,27.81,27.81,28.0,84.0,32.21,10000.0,0.0,100.0,3.07,8.24,253.0,1006.0,0,804,Clouds,overcast clouds,04n
2025-07-27 03:25:49,Dong Nai-Bien Hoa,Bien Hoa,27.81,27.81,28.0,84.0,32.21,10000.0,0.0,100.0,3.07,8.24,253.0,1006.0,0,804,Clouds,overcast clouds,04n
2025-07-27 03:29:34,Dong Nai-Bien Hoa,Bien Hoa,27.81,27.81,28.0,84.0,32.21,10000.0,0.0,100.0,3.07,8.24,253.0,1006.0,0,804,Clouds,overcast clouds,04n
2025-07-27 03:33:20,Dong Nai-Bien Hoa,Bien Hoa,27.81,27.81,28.0,84.0,32.21,10000.0,0.0,100.0,2.71,7.38,252.0,1006.0,0,804,Clouds,overcast clouds,04n
2025-07-27 03:37:06,Dong Nai-Bien Hoa,Bien Hoa,27.81,27.81,28.0,84.0,32.21,10000.0,0.0,100.0,2.71,7.38,252.0,1006.0,0,804,Clouds,overcast clouds,04n
2025-07-27 03:40:52,Dong Nai-Bien Hoa,Bien Hoa,27.81,27.81,28.0,84.0,32.21,10000.0,0.0,100.0,2.71,7.38,252.0,1006.0,0,804,Clouds,overcast clouds,04n
2025-07-27 03:44:37,Dong Nai-Bien Hoa,Bien Hoa,27.81,27.81,28.0,84.0,32.21,10000.0,0.0,100.0,2.71,7.38,252.0,1006.0,0,804,Clouds,overcast clouds,04n
2025-07-27 03:48:23,Dong Nai-Bien Hoa,Bien Hoa,27.81,27.81,28.0,84.0,32.21,10000.0,0.0,100.0,2.71,7.38,252.0,1006.0,0,804,Clouds,overcast clouds,04n
2025-07-27 03:52:11,Dong Nai-Bien Hoa,Bien Hoa,27.81,27.81,28.0,84.0,32.21,10000.0,0.0,100.0,2.71,7.38,252.0,1006.0,0,804,Clouds,overcast clouds,04n
2025-07-27 03:55:57,Dong Nai-Bien Hoa,Bien Hoa,27.81,27.81,28.0,84.0,32.21,10000.0,0.0,100.0,2.71,7.38,252.0,1006.0,0,804,Clouds,overcast clouds,04n
2025-07-27 03:59:43,Dong Nai-Bien Hoa,Bien Hoa,27.81,27.81,28.0,84.0,32.21,10000.0,0.0,100.0,2.71,7.38,252.0,1006.0,0,804,Clouds,overcast clouds,04n
2025-07-27 04:03:29,Dong Nai-Bien Hoa,Bien Hoa,27.81,27.81,28.0,84.0,32.21,10000.0,0.0,100.0,2.71,7.38,252.0,1006.0,0,804,Clouds,overcast clouds,04n
2025-07-27 04:07:15,Dong Nai-Bien Hoa,Bien Hoa,27.81,27.81,28.0,84.0,32.21,10000.0,0.0,100.0,2.71,7.38,252.0,1006.0,0,804,Clouds,overcast clouds,04n
2025-07-27 04:11:01,Dong Nai-Bien Hoa,Bien Hoa,27.81,27.81,28.0,85.0,32.37,10000.0,0.0,100.0,2.71,7.38,252.0,1006.0,0,804,Clouds,overcast clouds,04n
2025-07-27 09:00:53,Dong Nai-Bien Hoa,Bien Hoa,29.47,29.0,29.47,78.0,35.59,10000.0,0.0,100.0,5.74,8.86,237.0,1009.0,1,804,Clouds,overcast clouds,04d
2025-07-27 09:04:38,Dong Nai-Bien Hoa,Bien Hoa,29.47,29.0,29.47,78.0,35.59,10000.0,0.0,100.0,5.74,8.86,237.0,1009.0,1,804,Clouds,overcast clouds,04d
2025-07-27 09:08:24,Dong Nai-Bien Hoa,Bien Hoa,29.47,29.0,29.47,81.0,36.33,10000.0,0.0,100.0,5.74,8.86,237.0,1008.0,1,804,Clouds,overcast clouds,04d
2025-07-27 09:12:10,Dong Nai-Bien Hoa,Bien Hoa,29.47,29.0,29.47,81.0,36.33,10000.0,0.0,100.0,5.74,8.86,237.0,1008.0,1,804,Clouds,overcast clouds,04d
2025-07-27 09:15:55,Dong Nai-Bien Hoa,Bien Hoa,29.47,29.0,29.47,81.0,36.33,10000.0,0.0,100.0,5.74,8.86,237.0,1008.0,1,804,Clouds,overcast clouds,04d
2025-07-27 09:19:41,Dong Nai-Bien Hoa,Bien Hoa,30.03,29.0,30.03,81.0,37.03,10000.0,0.0,100.0,5.74,8.86,237.0,1008.0,1,804,Clouds,overcast clouds,04d
2025-07-27 09:23:27,Dong Nai-Bien Hoa,Bien Hoa,30.03,29.0,30.03,81.0,37.03,10000.0,0.0,100.0,5.74,8.86,237.0,1008.0,1,804,Clouds,overcast clouds,04d
2025-07-27 09:27:13,Dong Nai-Bien Hoa,Bien Hoa,30.03,29.0,30.03,81.0,37.03,10000.0,0.0,100.0,5.74,8.86,237.0,1008.0,1,804,Clouds,overcast clouds,04d
2025-07-27 09:30:58,Dong Nai-Bien Hoa,Bien Hoa,30.03,29.0,30.03,81.0,37.03,10000.0,0.0,100.0,5.74,8.86,237.0,1008.0,1,804,Clouds,overcast clouds,04d
2025-07-27 09:34:44,Dong Nai-Bien Hoa,Bien Hoa,30.03,29.0,30.03,81.0,37.03,10000.0,0.0,100.0,5.74,8.86,237.0,1008.0,1,804,Clouds,overcast clouds,04d
2025-07-27 09:38:29,Dong Nai-Bien Hoa,Bien Hoa,30.03,29.0,30.03,76.0,36.65,10000.0,0.0,100.0,6.25,8.87,246.0,1008.0,1,804,Clouds,overcast clouds,04d
2025-07-27 09:42:15,Dong Nai-Bien Hoa,Bien Hoa,30.03,29.0,30.03,76.0,36.65,10000.0,0.0,100.0,6.25,8.87,246.0,1008.0,1,804,Clouds,overcast clouds,04d
2025-07-27 09:46:01,Dong Nai-Bien Hoa,Bien Hoa,30.03,30.0,30.03,76.0,36.65,10000.0,0.0,100.0,6.25,8.87,246.0,1008.0,1,804,Clouds,overcast clouds,04d
2025-07-27 09:49:46,Dong Nai-Bien Hoa,Bien Hoa,30.03,30.0,30.03,76.0,36.65,10000.0,0.0,100.0,6.25,8.87,246.0,1008.0,1,804,Clouds,overcast clouds,04d
2025-07-27 09:53:32,Dong Nai-Bien Hoa,Bien Hoa,30.59,30.0,30.59,73.0,37.37,10000.0,0.0,100.0,6.25,8.87,246.0,1009.0,1,804,Clouds,overcast clouds,04d
2025-07-27 09:57:18,Dong Nai-Bien Hoa,Bien Hoa,30.59,30.0,30.59,73.0,37.37,10000.0,0.0,100.0,6.25,8.87,246.0,1009.0,1,804,Clouds,overcast clouds,04d
2025-07-27 10:01:03,Dong Nai-Bien Hoa,Bien Hoa,30.59,30.0,30.59,73.0,37.37,10000.0,0.0,100.0,6.25,8.87,246.0,1009.0,1,804,Clouds,overcast clouds,04d
2025-07-27 10:04:49,Dong Nai-Bien Hoa,Bien Hoa,30.59,30.0,30.59,75.0,37.59,10000.0,0.0,100.0,6.25,8.87,246.0,1008.0,1,804,Clouds,overcast clouds,04d
2025-07-27 10:08:35,Dong Nai-Bien Hoa,Bien Hoa,30.59,30.0,30.59,75.0,37.59,10000.0,0.0,100.0,6.25,8.87,246.0,1008.0,1,804,Clouds,overcast clouds,04d
2025-07-27 10:12:20,Dong Nai-Bien Hoa,Bien Hoa,30.59,30.0,30.59,75.0,37.59,10000.0,0.0,100.0,6.25,8.87,246.0,1008.0,1,804,Clouds,overcast clouds,04d
2025-07-27 10:16:06,Dong Nai-Bien Hoa,Bien Hoa,30.59,30.0,30.59,75.0,37.59,10000.0,0.0,100.0,6.25,8.87,246.0,1008.0,1,804,Clouds,overcast clouds,04d
2025-07-27 10:19:51,Dong Nai-Bien Hoa,Bien Hoa,30.59,30.0,30.59,75.0,37.59,10000.0,0.0,100.0,6.25,8.87,246.0,1008.0,1,804,Clouds,overcast clouds,04d
2025-07-27 10:23:37,Dong Nai-Bien Hoa,Bien Hoa,31.14,30.0,31.14,75.0,38.14,10000.0,0.0,100.0,6.25,8.87,246.0,1008.0,1,804,Clouds,overcast clouds,04d
2025-07-27 10:27:23,Dong Nai-Bien Hoa,Bien Hoa,31.14,30.0,31.14,75.0,38.14,10000.0,0.0,100.0,6.25,8.87,246.0,1008.0,1,804,Clouds,overcast clouds,04d
2025-07-27 10:31:08,Dong Nai-Bien Hoa,Bien Hoa,31.14,30.0,31.14,75.0,38.14,10000.0,0.0,100.0,6.25,8.87,246.0,1008.0,1,804,Clouds,overcast clouds,04d
2025-07-27 10:34:54,Dong Nai-Bien Hoa,Bien Hoa,31.14,30.0,31.14,70.0,37.98,10000.0,0.0,100.0,6.3,9.31,246.0,1008.0,1,804,Clouds,overcast clouds,04d
2025-07-27 10:38:40,Dong Nai-Bien Hoa,Bien Hoa,31.7,30.0,31.7,70.0,38.7,10000.0,0.0,100.0,6.3,9.31,246.0,1008.0,1,804,Clouds,overcast clouds,04d
2025-07-27 10:42:26,Dong Nai-Bien Hoa,Bien Hoa,31.7,30.0,31.7,70.0,38.7,10000.0,0.0,100.0,6.3,9.31,246.0,1008.0,1,804,Clouds,overcast clouds,04d
2025-07-27 10:46:11,Dong Nai-Bien Hoa,Bien Hoa,31.7,30.0,31.7,70.0,38.7,10000.0,0.0,100.0,6.3,9.31,246.0,1008.0,1,804,Clouds,overcast clouds,04d
2025-07-27 10:49:57,Dong Nai-Bien Hoa,Bien Hoa,31.14,31.0,31.14,66.0,36.78,10000.0,0.0,100.0,6.3,9.31,246.0,1008.0,1,804,Clouds,overcast clouds,04d
2025-07-27 10:53:42,Dong Nai-Bien Hoa,Bien Hoa,31.14,31.0,31.14,66.0,36.78,10000.0,0.0,100.0,6.3,9.31,246.0,1008.0,1,804,Clouds,overcast clouds,04d
2025-07-27 10:57:28,Dong Nai-Bien Hoa,Bien Hoa,31.14,31.0,31.14,66.0,36.78,10000.0,0.0,100.0,6.3,9.31,246.0,1008.0,1,804,Clouds,overcast clouds,04d
2025-07-27 11:01:14,Dong Nai-Bien Hoa,Bien Hoa,31.14,31.0,31.14,66.0,36.78,10000.0,0.0,100.0,6.3,9.31,246.0,1008.0,1,804,Clouds,overcast clouds,04d
2025-07-27 11:05:00,Dong Nai-Bien Hoa,Bien Hoa,31.14,31.0,31.14,66.0,36.78,10000.0,0.0,100.0,6.3,9.31,246.0,1008.0,1,804,Clouds,overcast clouds,04d
2025-07-27 11:08:45,Dong Nai-Bien Hoa,Bien Hoa,31.14,31.0,31.14,66.0,36.78,10000.0,0.0,100.0,6.3,9.31,246.0,1008.0,1,804,Clouds,overcast clouds,04d
2025-07-27 11:12:31,Dong Nai-Bien Hoa,Bien Hoa,31.7,31.0,31.7,70.0,38.7,10000.0,0.0,100.0,6.3,9.31,246.0,1008.0,1,804,Clouds,overcast clouds,04d
2025-07-27 11:16:16,Dong Nai-Bien Hoa,Bien Hoa,31.7,31.0,31.7,70.0,38.7,10000.0,0.0,100.0,6.3,9.31,246.0,1008.0,1,804,Clouds,overcast clouds,04d
2025-07-27 11:20:02,Dong Nai-Bien Hoa,Bien Hoa,32.25,31.0,32.25,70.0,39.25,10000.0,0.0,100.0,6.3,9.31,246.0,1008.0,1,804,Clouds,overcast clouds,04d
2025-07-27 11:23:48,Dong Nai-Bien Hoa,Bien Hoa,32.25,31.0,32.25,70.0,39.25,10000.0,0.0,100.0,6.3,9.31,246.0,1008.0,1,804,Clouds,overcast clouds,04d
2025-07-27 11:27:33,Dong Nai-Bien Hoa,Bien Hoa,32.25,31.0,32.25,70.0,39.25,10000.0,0.0,100.0,6.3,9.31,246.0,1008.0,1,804,Clouds,overcast clouds,04d
2025-07-27 11:31:19,Dong Nai-Bien Hoa,Bien Hoa,32.25,31.0,32.25,62.0,38.31,10000.0,0.0,100.0,6.1,10.2,243.0,1007.0,1,804,Clouds,overcast clouds,04d
2025-07-27 11:35:05,Dong Nai-Bien Hoa,Bien Hoa,32.81,31.0,32.81,62.0,39.75,10000.0,0.0,100.0,6.1,10.2,243.0,1007.0,1,804,Clouds,overcast clouds,04d
2025-07-27 11:38:50,Dong Nai-Bien Hoa,Bien Hoa,32.81,31.0,32.81,62.0,39.75,10000.0,0.0,100.0,6.1,10.2,243.0,1007.0,1,804,Clouds,overcast clouds,04d
2025-07-27 11:42:35,Dong Nai-Bien Hoa,Bien Hoa,32.81,31.0,32.81,62.0,39.75,10000.0,0.0,100.0,6.1,10.2,243.0,1007.0,1,804,Clouds,overcast clouds,04d
2025-07-27 11:46:21,Dong Nai-Bien Hoa,Bien Hoa,32.25,32.0,32.25,61.0,37.98,10000.0,0.0,100.0,6.1,10.2,243.0,1006.0,1,804,Clouds,overcast clouds,04d
2025-07-27 11:50:07,Dong Nai-Bien Hoa,Bien Hoa,32.25,32.0,32.25,61.0,37.98,10000.0,0.0,100.0,6.1,10.2,243.0,1006.0,1,804,Clouds,overcast clouds,04d
2025-07-27 11:53:53,Dong Nai-Bien Hoa,Bien Hoa,32.25,32.0,32.25,61.0,37.98,10000.0,0.0,100.0,6.1,10.2,243.0,1006.0,1,804,Clouds,overcast clouds,04d
2025-07-27 11:57:38,Dong Nai-Bien Hoa,Bien Hoa,32.25,32.0,32.25,61.0,37.98,10000.0,0.0,100.0,6.1,10.2,243.0,1006.0,1,804,Clouds,overcast clouds,04d
2025-07-27 12:01:24,Dong Nai-Bien Hoa,Bien Hoa,32.81,32.0,32.81,66.0,39.81,10000.0,0.0,100.0,6.1,10.2,243.0,1006.0,1,804,Clouds,overcast clouds,04d
2025-07-27 12:05:10,Dong Nai-Bien Hoa,Bien Hoa,33.36,32.0,33.36,66.0,40.36,10000.0,0.0,100.0,6.1,10.2,243.0,1006.0,1,804,Clouds,overcast clouds,04d
2025-07-27 12:08:55,Dong Nai-Bien Hoa,Bien Hoa,33.36,32.0,33.36,66.0,40.36,10000.0,0.0,100.0,6.1,10.2,243.0,1006.0,1,804,Clouds,overcast clouds,04d
2025-07-27 12:12:41,Dong Nai-Bien Hoa,Bien Hoa,33.36,32.0,33.36,66.0,40.36,10000.0,0.0,100.0,6.1,10.2,243.0,1006.0,1,804,Clouds,overcast clouds,04d
2025-07-27 12:16:26,Dong Nai-Bien Hoa,Bien Hoa,33.36,32.0,33.36,66.0,40.36,10000.0,0.0,100.0,6.1,10.2,243.0,1006.0,1,804,Clouds,overcast clouds,04d
2025-07-27 12:20:12,Dong Nai-Bien Hoa,Bien Hoa,32.81,32.0,32.81,66.0,39.81,10000.0,0.49,100.0,6.1,10.2,243.0,1006.0,1,500,Rain,light rain,10d
2025-07-27 12:23:58,Dong Nai-Bien Hoa,Bien Hoa,32.81,32.0,32.81,66.0,39.81,10000.0,2.66,100.0,6.1,10.2,243.0,1006.0,1,501,Rain,moderate rain,10d
2025-07-27 12:27:44,Dong Nai-Bien Hoa,Bien Hoa,32.81,32.0,32.81,66.0,39.81,10000.0,2.66,100.0,6.1,10.2,243.0,1006.0,1,501,Rain,moderate rain,10d
2025-07-27 12:31:29,Dong Nai-Bien Hoa,Bien Hoa,32.81,32.0,32.81,66.0,39.81,10000.0,2.66,100.0,6.1,10.2,243.0,1006.0,1,501,Rain,moderate rain,10d
2025-07-27 12:35:15,Dong Nai-Bien Hoa,Bien Hoa,32.0,32.0,32.0,64.0,38.33,10000.0,4.21,100.0,5.28,9.19,245.0,1006.0,1,502,Rain,heavy intensity rain,10d
2025-07-27 12:39:00,Dong Nai-Bien Hoa,Bien Hoa,32.0,32.0,32.0,64.0,38.33,10000.0,4.21,100.0,5.28,9.19,245.0,1006.0,1,502,Rain,heavy intensity rain,10d
2025-07-27 12:42:45,Dong Nai-Bien Hoa,Bien Hoa,32.0,32.0,32.0,64.0,38.33,10000.0,4.21,100.0,5.28,9.19,245.0,1006.0,1,502,Rain,heavy intensity rain,10d
2025-07-27 12:46:31,Dong Nai-Bien Hoa,Bien Hoa,27.0,27.0,27.0,64.0,28.38,10000.0,2.59,100.0,5.03,9.18,243.0,1006.0,1,501,Rain,moderate rain,10d
2025-07-27 12:50:17,Dong Nai-Bien Hoa,Bien Hoa,27.0,27.0,27.0,64.0,28.38,10000.0,1.0,100.0,5.03,9.18,243.0,1006.0,1,500,Rain,light rain,10d
2025-07-27 12:54:02,Dong Nai-Bien Hoa,Bien Hoa,27.0,27.0,27.0,64.0,28.38,10000.0,1.0,100.0,5.03,9.18,243.0,1006.0,1,500,Rain,light rain,10d
2025-07-27 12:57:48,Dong Nai-Bien Hoa,Bien Hoa,27.0,27.0,27.0,64.0,28.38,10000.0,0.95,100.0,5.03,9.18,243.0,1006.0,1,500,Rain,light rain,10d
2025-07-27 13:01:34,Dong Nai-Bien Hoa,Bien Hoa,27.0,27.0,27.0,64.0,28.38,10000.0,0.95,100.0,5.03,9.18,243.0,1006.0,1,500,Rain,light rain,10d
2025-07-27 13:05:19,Dong Nai-Bien Hoa,Bien Hoa,27.0,27.0,27.0,64.0,28.38,10000.0,0.95,100.0,5.03,9.18,243.0,1006.0,1,500,Rain,light rain,10d
2025-07-27 13:09:05,Dong Nai-Bien Hoa,Bien Hoa,27.0,27.0,27.0,64.0,28.38,10000.0,0.92,100.0,5.03,9.18,243.0,1006.0,1,500,Rain,light rain,10d
2025-07-27 13:12:51,Dong Nai-Bien Hoa,Bien Hoa,27.0,27.0,27.0,64.0,28.38,10000.0,0.98,100.0,5.03,9.18,243.0,1006.0,1,500,Rain,light rain,10d
2025-07-27 13:16:37,Dong Nai-Bien Hoa,Bien Hoa,27.0,27.0,27.0,64.0,28.38,10000.0,0.92,100.0,5.03,9.18,243.0,1006.0,1,500,Rain,light rain,10d
2025-07-27 13:20:22,Dong Nai-Bien Hoa,Bien Hoa,26.0,26.0,26.0,64.0,26.0,10000.0,0.42,100.0,5.03,9.18,243.0,1006.0,1,500,Rain,light rain,10d
2025-07-27 13:24:08,Dong Nai-Bien Hoa,Bien Hoa,26.0,26.0,26.0,81.0,26.0,10000.0,0.4,100.0,5.03,9.18,243.0,1006.0,1,500,Rain,light rain,10d
2025-07-27 13:27:53,Dong Nai-Bien Hoa,Bien Hoa,26.0,26.0,26.0,81.0,26.0,10000.0,0.4,100.0,5.03,9.18,243.0,1006.0,1,500,Rain,light rain,10d
2025-07-27 13:31:39,Dong Nai-Bien Hoa,Bien Hoa,26.0,26.0,26.0,74.0,26.0,10000.0,0.18,100.0,6.25,11.16,237.0,1006.0,1,500,Rain,light rain,10d
2025-07-27 13:35:25,Dong Nai-Bien Hoa,Bien Hoa,26.0,26.0,26.0,74.0,26.0,10000.0,0.13,100.0,6.25,11.16,237.0,1006.0,1,500,Rain,light rain,10d
2025-07-27 13:39:10,Dong Nai-Bien Hoa,Bien Hoa,26.0,26.0,26.0,74.0,26.0,10000.0,0.13,100.0,6.25,11.16,237.0,1006.0,1,500,Rain,light rain,10d
2025-07-27 13:42:56,Dong Nai-Bien Hoa,Bien Hoa,26.0,26.0,26.0,74.0,26.0,10000.0,0.14,100.0,6.25,11.16,237.0,1006.0,1,500,Rain,light rain,10d
2025-07-27 13:46:41,Dong Nai-Bien Hoa,Bien Hoa,26.0,26.0,26.0,74.0,26.0,10000.0,0.14,100.0,6.25,11.16,237.0,1006.0,1,500,Rain,light rain,10d
2025-07-27 13:50:27,Dong Nai-Bien Hoa,Bien Hoa,26.0,26.0,26.0,74.0,26.0,10000.0,0.14,100.0,6.25,11.16,237.0,1006.0,1,500,Rain,light rain,10d
2025-07-27 13:54:12,Dong Nai-Bien Hoa,Bien Hoa,26.0,26.0,26.0,73.0,26.0,10000.0,0.0,100.0,6.25,11.16,237.0,1005.0,1,804,Clouds,overcast clouds,04d
2025-07-27 13:57:58,Dong Nai-Bien Hoa,Bien Hoa,26.0,26.0,26.0,73.0,26.0,10000.0,0.0,100.0,6.25,11.16,237.0,1005.0,1,804,Clouds,overcast clouds,04d
2025-07-27 14:01:43,Dong Nai-Bien Hoa,Bien Hoa,26.0,26.0,26.0,73.0,26.0,10000.0,0.0,100.0,6.25,11.16,237.0,1005.0,1,804,Clouds,overcast clouds,04d
2025-07-27 14:05:30,Dong Nai-Bien Hoa,Bien Hoa,26.0,26.0,26.0,81.0,26.0,10000.0,0.15,100.0,6.25,11.16,237.0,1006.0,1,500,Rain,light rain,10d
2025-07-27 14:09:15,Dong Nai-Bien Hoa,Bien Hoa,26.0,26.0,26.0,81.0,26.0,10000.0,0.15,100.0,6.25,11.16,237.0,1006.0,1,500,Rain,light rain,10d
2025-07-27 14:13:01,Dong Nai-Bien Hoa,Bien Hoa,26.0,26.0,26.0,81.0,26.0,10000.0,0.37,100.0,6.25,11.16,237.0,1006.0,1,500,Rain,light rain,10d
2025-07-27 14:16:47,Dong Nai-Bien Hoa,Bien Hoa,26.0,26.0,26.0,81.0,26.0,10000.0,0.37,100.0,6.25,11.16,237.0,1006.0,1,500,Rain,light rain,10d
2025-07-27 14:20:33,Dong Nai-Bien Hoa,Bien Hoa,27.0,27.0,27.0,81.0,29.83,10000.0,0.34,100.0,6.25,11.16,237.0,1006.0,1,500,Rain,light rain,10d
2025-07-27 14:24:19,Dong Nai-Bien Hoa,Bien Hoa,27.0,27.0,27.0,81.0,29.83,10000.0,0.4,100.0,6.25,11.16,237.0,1006.0,1,500,Rain,light rain,10d
2025-07-27 14:28:05,Dong Nai-Bien Hoa,Bien Hoa,27.0,27.0,27.0,81.0,29.83,10000.0,0.42,100.0,6.25,11.16,237.0,1006.0,1,500,Rain,light rain,10d
2025-07-27 14:31:50,Dong Nai-Bien Hoa,Bien Hoa,27.0,27.0,27.0,81.0,29.83,10000.0,0.42,100.0,6.25,11.16,237.0,1006.0,1,500,Rain,light rain,10d
2025-07-27 14:35:36,Dong Nai-Bien Hoa,Bien Hoa,27.0,27.0,27.0,71.0,28.94,10000.0,0.24,100.0,6.8,10.61,239.0,1005.0,1,500,Rain,light rain,10d
2025-07-27 14:39:22,Dong Nai-Bien Hoa,Bien Hoa,27.0,27.0,27.0,71.0,28.94,10000.0,0.24,100.0,6.8,10.61,239.0,1005.0,1,500,Rain,light rain,10d
2025-07-27 14:43:08,Dong Nai-Bien Hoa,Bien Hoa,27.0,27.0,27.0,71.0,28.94,10000.0,0.21,100.0,6.8,10.61,239.0,1005.0,1,500,Rain,light rain,10d
2025-07-27 14:46:54,Dong Nai-Bien Hoa,Bien Hoa,28.0,28.0,28.0,69.0,30.54,10000.0,0.15,100.0,6.8,10.61,239.0,1005.0,1,500,Rain,light rain,10d
2025-07-27 14:50:40,Dong Nai-Bien Hoa,Bien Hoa,28.0,28.0,28.0,69.0,30.54,10000.0,0.15,100.0,6.8,10.61,239.0,1005.0,1,500,Rain,light rain,10d
2025-07-27 14:54:26,Dong Nai-Bien Hoa,Bien Hoa,28.0,28.0,28.0,69.0,30.54,10000.0,0.14,100.0,6.8,10.61,239.0,1005.0,1,500,Rain,light rain,10d
2025-07-27 14:58:12,Dong Nai-Bien Hoa,Bien Hoa,28.0,28.0,28.0,69.0,30.54,10000.0,0.0,100.0,6.8,10.61,239.0,1005.0,1,804,Clouds,overcast clouds,04d
2025-07-27 15:01:57,Dong Nai-Bien Hoa,Bien Hoa,28.0,28.0,28.0,69.0,30.54,10000.0,0.0,100.0,6.8,10.61,239.0,1005.0,1,804,Clouds,overcast clouds,04d
2025-07-27 15:05:43,Dong Nai-Bien Hoa,Bien Hoa,28.0,28.0,28.0,78.0,31.8,10000.0,0.0,100.0,6.8,10.61,239.0,1005.0,1,804,Clouds,overcast clouds,04d
2025-07-27 15:09:29,Dong Nai-Bien Hoa,Bien Hoa,28.0,28.0,28.0,78.0,31.8,10000.0,0.0,100.0,6.8,10.61,239.0,1005.0,1,804,Clouds,overcast clouds,04d
2025-07-27 15:13:15,Dong Nai-Bien Hoa,Bien Hoa,28.0,28.0,28.0,78.0,31.8,10000.0,0.0,100.0,6.8,10.61,239.0,1005.0,1,804,Clouds,overcast clouds,04d
2025-07-27 15:17:00,Dong Nai-Bien Hoa,Bien Hoa,27.0,27.0,27.0,79.0,29.65,10000.0,0.0,100.0,6.8,10.61,239.0,1005.0,1,804,Clouds,overcast clouds,04d
2025-07-27 15:20:46,Dong Nai-Bien Hoa,Bien Hoa,27.0,27.0,27.0,79.0,29.65,10000.0,0.0,100.0,6.8,10.61,239.0,1005.0,1,804,Clouds,overcast clouds,04d
2025-07-27 15:24:32,Dong Nai-Bien Hoa,Bien Hoa,27.0,27.0,27.0,79.0,29.65,10000.0,0.0,100.0,6.8,10.61,239.0,1005.0,1,804,Clouds,overcast clouds,04d
2025-07-27 15:28:18,Dong Nai-Bien Hoa,Bien Hoa,27.0,27.0,27.0,79.0,29.65,10000.0,0.0,100.0,6.8,10.61,239.0,1005.0,1,804,Clouds,overcast clouds,04d
2025-07-27 15:32:03,Dong Nai-Bien Hoa,Bien Hoa,27.0,27.0,27.0,79.0,29.65,10000.0,0.0,100.0,6.8,10.61,239.0,1005.0,1,804,Clouds,overcast clouds,04d
2025-07-27 15:35:50,Dong Nai-Bien Hoa,Bien Hoa,27.0,27.0,27.0,73.0,29.11,10000.0,0.0,100.0,7.02,10.62,250.0,1004.0,1,804,Clouds,overcast clouds,04d
2025-07-27 15:39:36,Dong Nai-Bien Hoa,Bien Hoa,27.0,27.0,27.0,73.0,29.11,10000.0,0.0,100.0,7.02,10.62,250.0,1004.0,1,804,Clouds,overcast clouds,04d
2025-07-27 15:43:21,Dong Nai-Bien Hoa,Bien Hoa,27.0,27.0,27.0,73.0,29.11,10000.0,0.0,100.0,7.02,10.62,250.0,1004.0,1,804,Clouds,overcast clouds,04d
2025-07-27 15:47:09,Dong Nai-Bien Hoa,Bien Hoa,26.0,26.0,26.0,72.0,26.0,10000.0,0.0,100.0,7.02,10.62,250.0,1004.0,1,804,Clouds,overcast clouds,04d
2025-07-27 15:50:58,Dong Nai-Bien Hoa,Bien Hoa,26.0,26.0,26.0,72.0,26.0,10000.0,0.0,100.0,7.02,10.62,250.0,1004.0,1,804,Clouds,overcast clouds,04d
2025-07-27 15:54:47,Dong Nai-Bien Hoa,Bien Hoa,26.0,26.0,26.0,72.0,26.0,10000.0,0.0,100.0,7.02,10.62,250.0,1004.0,1,804,Clouds,overcast clouds,04d
2025-07-27 15:58:35,Dong Nai-Bien Hoa,Bien Hoa,26.0,26.0,26.0,72.0,26.0,10000.0,0.0,100.0,7.02,10.62,250.0,1004.0,1,804,Clouds,overcast clouds,04d
2025-07-27 16:02:25,Dong Nai-Bien Hoa,Bien Hoa,26.0,26.0,26.0,81.0,26.0,10000.0,0.0,100.0,7.02,10.62,250.0,1005.0,1,804,Clouds,overcast clouds,04d
2025-07-27 16:06:14,Dong Nai-Bien Hoa,Bien Hoa,26.0,26.0,26.0,81.0,26.0,10000.0,0.0,100.0,7.02,10.62,250.0,1005.0,1,804,Clouds,overcast clouds,04d
2025-07-27 16:10:03,Dong Nai-Bien Hoa,Bien Hoa,26.0,26.0,26.0,81.0,26.0,10000.0,0.0,100.0,7.02,10.62,250.0,1005.0,1,804,Clouds,overcast clouds,04d
2025-07-27 16:13:52,Dong Nai-Bien Hoa,Bien Hoa,26.0,26.0,26.0,81.0,26.0,10000.0,0.0,100.0,7.02,10.62,250.0,1005.0,1,804,Clouds,overcast clouds,04d
2025-07-27 16:17:42,Dong Nai-Bien Hoa,Bien Hoa,26.0,26.0,26.0,81.0,26.0,10000.0,0.0,100.0,7.02,10.62,250.0,1005.0,1,804,Clouds,overcast clouds,04d
2025-07-27 16:21:30,Dong Nai-Bien Hoa,Bien Hoa,26.0,26.0,26.0,81.0,26.0,10000.0,0.0,100.0,7.02,10.62,250.0,1005.0,1,804,Clouds,overcast clouds,04d
2025-07-27 16:25:19,Dong Nai-Bien Hoa,Bien Hoa,26.0,26.0,26.0,81.0,26.0,10000.0,0.0,100.0,7.02,10.62,250.0,1005.0,1,804,Clouds,overcast clouds,04d
2025-07-27 16:29:09,Dong Nai-Bien Hoa,Bien Hoa,26.0,26.0,26.0,81.0,26.0,10000.0,0.0,100.0,7.02,10.62,250.0,1005.0,1,804,Clouds,overcast clouds,04d
2025-07-27 16:32:58,Dong Nai-Bien Hoa,Bien Hoa,26.0,26.0,26.0,74.0,26.0,10000.0,0.0,100.0,7.22,11.32,249.0,1005.0,1,804,Clouds,overcast clouds,04d
2025-07-27 16:36:47,Dong Nai-Bien Hoa,Bien Hoa,26.0,26.0,26.0,74.0,26.0,10000.0,0.0,100.0,7.22,11.32,249.0,1005.0,1,804,Clouds,overcast clouds,04d
2025-07-27 16:40:36,Dong Nai-Bien Hoa,Bien Hoa,26.0,26.0,26.0,74.0,26.0,10000.0,0.0,100.0,7.22,11.32,249.0,1005.0,1,804,Clouds,overcast clouds,04d
2025-07-27 16:44:25,Dong Nai-Bien Hoa,Bien Hoa,27.0,27.0,27.0,74.0,29.2,10000.0,0.0,100.0,7.22,11.32,249.0,1005.0,1,804,Clouds,overcast clouds,04d
2025-07-27 16:48:14,Dong Nai-Bien Hoa,Bien Hoa,27.0,27.0,27.0,74.0,29.2,10000.0,0.0,100.0,7.22,11.32,249.0,1005.0,1,804,Clouds,overcast clouds,04d
2025-07-27 16:52:03,Dong Nai-Bien Hoa,Bien Hoa,27.0,27.0,27.0,71.0,28.94,10000.0,0.0,100.0,7.22,11.32,249.0,1005.0,1,804,Clouds,overcast clouds,04d
2025-07-27 16:55:52,Dong Nai-Bien Hoa,Bien Hoa,27.0,27.0,27.0,71.0,28.94,10000.0,0.0,100.0,7.22,11.32,249.0,1005.0,1,804,Clouds,overcast clouds,04d
2025-07-27 16:59:41,Dong Nai-Bien Hoa,Bien Hoa,27.0,27.0,27.0,71.0,28.94,10000.0,0.0,100.0,7.22,11.32,249.0,1005.0,1,804,Clouds,overcast clouds,04d
2025-07-27 17:03:30,Dong Nai-Bien Hoa,Bien Hoa,27.0,27.0,27.0,77.0,29.46,10000.0,0.0,100.0,7.22,11.32,249.0,1005.0,1,804,Clouds,overcast clouds,04d
2025-07-27 17:07:19,Dong Nai-Bien Hoa,Bien Hoa,27.0,27.0,27.0,77.0,29.46,10000.0,0.0,100.0,7.22,11.32,249.0,1005.0,1,804,Clouds,overcast clouds,04d
2025-07-27 17:11:09,Dong Nai-Bien Hoa,Bien Hoa,27.0,27.0,27.0,77.0,29.46,10000.0,0.0,100.0,7.22,11.32,249.0,1005.0,1,804,Clouds,overcast clouds,04d
2025-07-27 17:14:57,Dong Nai-Bien Hoa,Bien Hoa,27.0,27.0,27.0,77.0,29.46,10000.0,0.0,100.0,7.22,11.32,249.0,1005.0,1,804,Clouds,overcast clouds,04d
2025-07-27 17:18:45,Dong Nai-Bien Hoa,Bien Hoa,27.0,27.0,27.0,77.0,29.46,10000.0,0.0,100.0,7.22,11.32,249.0,1005.0,1,804,Clouds,overcast clouds,04d
2025-07-27 17:22:34,Dong Nai-Bien Hoa,Bien Hoa,27.0,27.0,27.0,77.0,29.46,10000.0,0.0,100.0,7.22,11.32,249.0,1005.0,1,804,Clouds,overcast clouds,04d
2025-07-27 17:26:23,Dong Nai-Bien Hoa,Bien Hoa,27.0,27.0,27.0,77.0,29.46,10000.0,0.0,100.0,7.22,11.32,249.0,1005.0,1,804,Clouds,overcast clouds,04d
2025-07-27 17:30:13,Dong Nai-Bien Hoa,Bien Hoa,27.0,27.0,27.0,77.0,29.46,10000.0,0.0,100.0,7.22,11.32,249.0,1005.0,1,804,Clouds,overcast clouds,04d
2025-07-27 17:34:05,Dong Nai-Bien Hoa,Bien Hoa,27.0,27.0,27.0,73.0,29.11,10000.0,0.0,100.0,5.63,10.77,242.0,1005.0,1,804,Clouds,overcast clouds,04d
2025-07-27 17:37:54,Dong Nai-Bien Hoa,Bien Hoa,27.0,27.0,27.0,73.0,29.11,10000.0,0.0,100.0,5.63,10.77,242.0,1005.0,1,804,Clouds,overcast clouds,04d
2025-07-27 17:41:42,Dong Nai-Bien Hoa,Bien Hoa,27.0,27.0,27.0,73.0,29.11,10000.0,0.0,100.0,5.63,10.77,242.0,1005.0,1,804,Clouds,overcast clouds,04d
2025-07-27 17:45:32,Dong Nai-Bien Hoa,Bien Hoa,26.0,26.0,26.0,73.0,26.0,10000.0,0.0,100.0,5.63,10.77,242.0,1005.0,1,804,Clouds,overcast clouds,04d
2025-07-27 17:49:21,Dong Nai-Bien Hoa,Bien Hoa,26.0,26.0,26.0,74.0,26.0,10000.0,0.0,100.0,5.63,10.77,242.0,1005.0,1,804,Clouds,overcast clouds,04d
2025-07-27 17:53:10,Dong Nai-Bien Hoa,Bien Hoa,26.0,26.0,26.0,73.0,26.0,10000.0,0.0,100.0,5.63,10.77,242.0,1005.0,1,804,Clouds,overcast clouds,04d
2025-07-27 17:56:59,Dong Nai-Bien Hoa,Bien Hoa,26.0,26.0,26.0,74.0,26.0,10000.0,0.0,100.0,5.63,10.77,242.0,1005.0,1,804,Clouds,overcast clouds,04d
2025-07-27 18:00:48,Dong Nai-Bien Hoa,Bien Hoa,26.0,26.0,26.0,74.0,26.0,10000.0,0.0,100.0,5.63,10.77,242.0,1005.0,1,804,Clouds,overcast clouds,04d
2025-07-27 18:04:37,Dong Nai-Bien Hoa,Bien Hoa,26.0,26.0,26.0,80.0,26.0,10000.0,0.0,100.0,5.63,10.77,242.0,1005.0,1,804,Clouds,overcast clouds,04d
2025-07-27 18:08:26,Dong Nai-Bien Hoa,Bien Hoa,26.0,26.0,26.0,80.0,26.0,10000.0,0.0,100.0,5.63,10.77,242.0,1005.0,1,804,Clouds,overcast clouds,04d
2025-07-27 18:12:14,Dong Nai-Bien Hoa,Bien Hoa,26.0,26.0,26.0,80.0,26.0,10000.0,0.0,100.0,5.63,10.77,242.0,1005.0,1,804,Clouds,overcast clouds,04d
2025-07-27 18:16:04,Dong Nai-Bien Hoa,Bien Hoa,26.0,26.0,26.0,80.0,26.0,10000.0,0.0,100.0,5.63,10.77,242.0,1005.0,1,804,Clouds,overcast clouds,04d
2025-07-27 18:19:52,Dong Nai-Bien Hoa,Bien Hoa,26.0,26.0,26.0,80.0,26.0,10000.0,0.0,100.0,5.63,10.77,242.0,1005.0,0,804,Clouds,overcast clouds,04n
2025-07-27 18:23:41,Dong Nai-Bien Hoa,Bien Hoa,26.0,26.0,26.0,80.0,26.0,10000.0,0.0,100.0,5.63,10.77,242.0,1005.0,0,804,Clouds,overcast clouds,04n
2025-07-27 18:27:29,Dong Nai-Bien Hoa,Bien Hoa,26.0,26.0,26.0,80.0,26.0,10000.0,0.0,100.0,5.63,10.77,242.0,1005.0,0,804,Clouds,overcast clouds,04n
2025-07-27 18:31:18,Dong Nai-Bien Hoa,Bien Hoa,26.0,26.0,26.0,74.0,26.0,10000.0,0.0,100.0,6.25,11.22,239.0,1006.0,0,804,Clouds,overcast clouds,04n
2025-07-27 18:35:08,Dong Nai-Bien Hoa,Bien Hoa,26.0,26.0,26.0,74.0,26.0,10000.0,0.0,100.0,6.25,11.22,239.0,1006.0,0,804,Clouds,overcast clouds,04n
2025-07-27 18:38:57,Dong Nai-Bien Hoa,Bien Hoa,26.0,26.0,26.0,74.0,26.0,10000.0,0.0,100.0,6.25,11.22,239.0,1006.0,0,804,Clouds,overcast clouds,04n
2025-07-27 18:42:46,Dong Nai-Bien Hoa,Bien Hoa,26.0,26.0,26.0,74.0,26.0,10000.0,0.0,100.0,6.25,11.22,239.0,1006.0,0,804,Clouds,overcast clouds,04n
2025-07-27 18:46:35,Dong Nai-Bien Hoa,Bien Hoa,26.7,26.0,26.7,74.0,28.64,10000.0,0.0,100.0,6.25,11.22,239.0,1006.0,0,804,Clouds,overcast clouds,04n
2025-07-27 18:50:25,Dong Nai-Bien Hoa,Bien Hoa,26.0,26.0,26.0,74.0,26.0,10000.0,0.0,100.0,6.25,11.22,239.0,1006.0,0,804,Clouds,overcast clouds,04n
2025-07-27 18:54:14,Dong Nai-Bien Hoa,Bien Hoa,26.7,26.0,26.7,74.0,28.64,10000.0,0.0,100.0,6.25,11.22,239.0,1006.0,0,804,Clouds,overcast clouds,04n
2025-07-27 18:58:04,Dong Nai-Bien Hoa,Bien Hoa,26.7,26.0,26.7,74.0,28.64,10000.0,0.0,100.0,6.25,11.22,239.0,1006.0,0,804,Clouds,overcast clouds,04n
2025-07-27 19:01:52,Dong Nai-Bien Hoa,Bien Hoa,26.7,26.0,26.7,74.0,28.64,10000.0,0.0,100.0,6.25,11.22,239.0,1006.0,0,804,Clouds,overcast clouds,04n
2025-07-27 19:05:42,Dong Nai-Bien Hoa,Bien Hoa,26.0,26.0,26.0,74.0,26.0,10000.0,0.0,100.0,5.9,11.14,239.0,1006.0,0,804,Clouds,overcast clouds,04n
2025-07-27 19:09:28,Dong Nai-Bien Hoa,Bien Hoa,26.0,26.0,26.0,74.0,26.0,10000.0,0.0,100.0,5.9,11.14,239.0,1006.0,0,804,Clouds,overcast clouds,04n
2025-07-27 19:13:13,Dong Nai-Bien Hoa,Bien Hoa,26.0,26.0,26.0,74.0,26.0,10000.0,0.0,100.0,5.9,11.14,239.0,1006.0,0,804,Clouds,overcast clouds,04n
2025-07-27 19:16:59,Dong Nai-Bien Hoa,Bien Hoa,26.0,26.0,26.0,74.0,26.0,10000.0,0.0,100.0,5.9,11.14,239.0,1006.0,0,804,Clouds,overcast clouds,04n
2025-07-27 19:20:45,Dong Nai-Bien Hoa,Bien Hoa,26.0,26.0,26.0,74.0,26.0,10000.0,0.0,100.0,5.9,11.14,239.0,1006.0,0,804,Clouds,overcast clouds,04n
2025-07-27 19:24:31,Dong Nai-Bien Hoa,Bien Hoa,26.0,26.0,26.0,74.0,26.0,10000.0,0.0,100.0,5.9,11.14,239.0,1006.0,0,804,Clouds,overcast clouds,04n
2025-07-27 19:28:17,Dong Nai-Bien Hoa,Bien Hoa,26.0,26.0,26.0,74.0,26.0,10000.0,0.0,100.0,5.9,11.14,239.0,1006.0,0,804,Clouds,overcast clouds,04n
2025-07-27 19:32:02,Dong Nai-Bien Hoa,Bien Hoa,26.0,26.0,26.0,74.0,26.0,10000.0,0.0,100.0,5.9,11.14,239.0,1006.0,0,804,Clouds,overcast clouds,04n
2025-07-27 19:35:49,Dong Nai-Bien Hoa,Bien Hoa,26.14,26.0,26.14,72.0,26.14,10000.0,0.0,100.0,5.2,10.38,241.0,1007.0,0,804,Clouds,overcast clouds,04n
2025-07-27 19:39:35,Dong Nai-Bien Hoa,Bien Hoa,26.14,26.0,26.14,76.0,26.14,10000.0,0.0,100.0,5.2,10.38,241.0,1007.0,0,804,Clouds,overcast clouds,04n
2025-07-27 19:43:21,Dong Nai-Bien Hoa,Bien Hoa,26.14,26.0,26.14,76.0,26.14,10000.0,0.0,100.0,5.2,10.38,241.0,1007.0,0,804,Clouds,overcast clouds,04n
2025-07-27 19:47:07,Dong Nai-Bien Hoa,Bien Hoa,26.7,26.0,26.7,76.0,28.79,10000.0,0.0,100.0,5.2,10.38,241.0,1007.0,0,804,Clouds,overcast clouds,04n
2025-07-27 19:50:52,Dong Nai-Bien Hoa,Bien Hoa,26.7,26.0,26.7,76.0,28.79,10000.0,0.0,100.0,5.2,10.38,241.0,1007.0,0,804,Clouds,overcast clouds,04n
2025-07-27 19:54:37,Dong Nai-Bien Hoa,Bien Hoa,26.7,26.0,26.7,76.0,28.79,10000.0,0.0,100.0,5.2,10.38,241.0,1007.0,0,804,Clouds,overcast clouds,04n
2025-07-27 19:58:23,Dong Nai-Bien Hoa,Bien Hoa,26.7,26.0,26.7,76.0,28.79,10000.0,0.0,100.0,5.2,10.38,241.0,1007.0,0,804,Clouds,overcast clouds,04n
2025-07-27 20:02:09,Dong Nai-Bien Hoa,Bien Hoa,26.7,26.0,26.7,81.0,29.16,10000.0,0.0,100.0,5.2,10.38,241.0,1007.0,0,804,Clouds,overcast clouds,04n
2025-07-27 20:05:55,Dong Nai-Bien Hoa,Bien Hoa,26.7,26.0,26.7,81.0,29.16,10000.0,0.0,100.0,5.2,10.38,241.0,1007.0,0,804,Clouds,overcast clouds,04n
2025-07-27 20:09:40,Dong Nai-Bien Hoa,Bien Hoa,26.7,26.0,26.7,81.0,29.16,10000.0,0.0,100.0,5.2,10.38,241.0,1007.0,0,804,Clouds,overcast clouds,04n
2025-07-27 20:13:26,Dong Nai-Bien Hoa,Bien Hoa,26.7,26.0,26.7,81.0,29.16,10000.0,0.0,100.0,5.2,10.38,241.0,1007.0,0,804,Clouds,overcast clouds,04n
2025-07-27 20:17:12,Dong Nai-Bien Hoa,Bien Hoa,26.7,26.0,26.7,81.0,29.16,10000.0,0.0,100.0,5.2,10.38,241.0,1007.0,0,804,Clouds,overcast clouds,04n
2025-07-27 20:20:58,Dong Nai-Bien Hoa,Bien Hoa,26.7,26.0,26.7,81.0,29.16,10000.0,0.0,100.0,5.2,10.38,241.0,1007.0,0,804,Clouds,overcast clouds,04n
2025-07-27 20:24:44,Dong Nai-Bien Hoa,Bien Hoa,26.7,26.0,26.7,81.0,29.16,10000.0,0.0,100.0,5.2,10.38,241.0,1007.0,0,804,Clouds,overcast clouds,04n
2025-07-27 20:28:29,Dong Nai-Bien Hoa,Bien Hoa,26.7,26.0,26.7,81.0,29.16,10000.0,0.0,100.0,5.2,10.38,241.0,1007.0,0,804,Clouds,overcast clouds,04n
2025-07-27 20:32:15,Dong Nai-Bien Hoa,Bien Hoa,26.7,26.0,26.7,81.0,29.16,10000.0,0.0,100.0,5.2,10.38,241.0,1007.0,0,804,Clouds,overcast clouds,04n
2025-07-27 20:36:00,Dong Nai-Bien Hoa,Bien Hoa,26.14,26.0,26.14,78.0,26.14,10000.0,0.0,100.0,4.74,9.71,245.0,1008.0,0,804,Clouds,overcast clouds,04n
2025-07-27 20:39:46,Dong Nai-Bien Hoa,Bien Hoa,26.14,26.0,26.14,78.0,26.14,10000.0,0.0,100.0,4.74,9.71,245.0,1008.0,0,804,Clouds,overcast clouds,04n
2025-07-27 20:43:32,Dong Nai-Bien Hoa,Bien Hoa,26.14,26.0,26.14,78.0,26.14,10000.0,0.0,100.0,4.74,9.71,245.0,1008.0,0,804,Clouds,overcast clouds,04n
2025-07-27 20:47:17,Dong Nai-Bien Hoa,Bien Hoa,26.14,26.0,26.14,78.0,26.14,10000.0,0.0,100.0,4.74,9.71,245.0,1008.0,0,804,Clouds,overcast clouds,04n
2025-07-27 20:51:03,Dong Nai-Bien Hoa,Bien Hoa,26.14,26.0,26.14,78.0,26.14,10000.0,0.0,100.0,4.74,9.71,245.0,1008.0,0,804,Clouds,overcast clouds,04n
2025-07-27 20:54:49,Dong Nai-Bien Hoa,Bien Hoa,26.14,26.0,26.14,78.0,26.14,10000.0,0.0,100.0,4.74,9.71,245.0,1008.0,0,804,Clouds,overcast clouds,04n
2025-07-27 20:58:35,Dong Nai-Bien Hoa,Bien Hoa,26.14,26.0,26.14,78.0,26.14,10000.0,0.0,100.0,4.74,9.71,245.0,1008.0,0,804,Clouds,overcast clouds,04n
2025-07-27 21:02:20,Dong Nai-Bien Hoa,Bien Hoa,26.14,26.0,26.14,78.0,26.14,10000.0,0.0,100.0,4.74,9.71,245.0,1008.0,0,804,Clouds,overcast clouds,04n
2025-07-27 21:06:06,Dong Nai-Bien Hoa,Bien Hoa,26.14,26.0,26.14,83.0,26.14,10000.0,0.0,100.0,4.74,9.71,245.0,1007.0,0,804,Clouds,overcast clouds,04n
2025-07-27 21:09:52,Dong Nai-Bien Hoa,Bien Hoa,26.14,26.0,26.14,83.0,26.14,10000.0,0.0,100.0,4.74,9.71,245.0,1007.0,0,804,Clouds,overcast clouds,04n
2025-07-27 21:13:38,Dong Nai-Bien Hoa,Bien Hoa,26.14,26.0,26.14,83.0,26.14,10000.0,0.0,100.0,4.74,9.71,245.0,1007.0,0,804,Clouds,overcast clouds,04n
2025-07-27 21:17:24,Dong Nai-Bien Hoa,Bien Hoa,26.7,26.0,26.7,82.0,29.24,10000.0,0.0,100.0,4.74,9.71,245.0,1007.0,0,804,Clouds,overcast clouds,04n
2025-07-27 21:21:10,Dong Nai-Bien Hoa,Bien Hoa,26.14,26.0,26.14,82.0,26.14,10000.0,0.0,100.0,4.74,9.71,245.0,1007.0,0,804,Clouds,overcast clouds,04n
2025-07-27 21:24:56,Dong Nai-Bien Hoa,Bien Hoa,26.7,26.0,26.7,82.0,29.24,10000.0,0.0,100.0,4.74,9.71,245.0,1007.0,0,804,Clouds,overcast clouds,04n
2025-07-27 21:28:42,Dong Nai-Bien Hoa,Bien Hoa,26.14,26.0,26.14,82.0,26.14,10000.0,0.0,100.0,4.74,9.71,245.0,1007.0,0,804,Clouds,overcast clouds,04n
2025-07-27 21:32:27,Dong Nai-Bien Hoa,Bien Hoa,26.14,26.0,26.14,82.0,26.14,10000.0,0.0,100.0,4.74,9.71,245.0,1007.0,0,804,Clouds,overcast clouds,04n
2025-07-27 21:36:13,Dong Nai-Bien Hoa,Bien Hoa,26.14,26.0,26.14,82.0,26.14,10000.0,0.0,100.0,4.17,9.38,242.0,1008.0,0,804,Clouds,overcast clouds,04n
2025-07-27 21:39:59,Dong Nai-Bien Hoa,Bien Hoa,26.14,26.0,26.14,82.0,26.14,10000.0,0.0,100.0,4.17,9.38,242.0,1008.0,0,804,Clouds,overcast clouds,04n
2025-07-27 21:43:44,Dong Nai-Bien Hoa,Bien Hoa,26.14,26.0,26.14,82.0,26.14,10000.0,0.0,100.0,4.17,9.38,242.0,1008.0,0,804,Clouds,overcast clouds,04n
2025-07-27 21:47:30,Dong Nai-Bien Hoa,Bien Hoa,26.14,26.0,26.14,82.0,26.14,10000.0,0.0,100.0,4.17,9.38,242.0,1008.0,0,804,Clouds,overcast clouds,04n
2025-07-27 21:51:15,Dong Nai-Bien Hoa,Bien Hoa,26.14,26.0,26.14,81.0,26.14,10000.0,0.0,100.0,4.17,9.38,242.0,1008.0,0,804,Clouds,overcast clouds,04n
2025-07-27 21:55:01,Dong Nai-Bien Hoa,Bien Hoa,26.14,26.0,26.14,81.0,26.14,10000.0,0.0,100.0,4.17,9.38,242.0,1008.0,0,804,Clouds,overcast clouds,04n
2025-07-27 21:58:47,Dong Nai-Bien Hoa,Bien Hoa,26.14,26.0,26.14,81.0,26.14,10000.0,0.0,100.0,4.17,9.38,242.0,1008.0,0,804,Clouds,overcast clouds,04n
2025-07-27 22:02:32,Dong Nai-Bien Hoa,Bien Hoa,26.14,26.0,26.14,81.0,26.14,10000.0,0.0,100.0,4.17,9.38,242.0,1008.0,0,804,Clouds,overcast clouds,04n
2025-07-27 22:06:18,Dong Nai-Bien Hoa,Bien Hoa,26.7,26.0,26.7,85.0,29.48,10000.0,0.0,100.0,4.17,9.38,242.0,1007.0,0,804,Clouds,overcast clouds,04n
2025-07-27 22:10:04,Dong Nai-Bien Hoa,Bien Hoa,26.7,26.0,26.7,85.0,29.48,10000.0,0.0,100.0,4.17,9.38,242.0,1007.0,0,804,Clouds,overcast clouds,04n
2025-07-27 22:13:50,Dong Nai-Bien Hoa,Bien Hoa,26.7,26.0,26.7,85.0,29.48,10000.0,0.0,100.0,4.17,9.38,242.0,1007.0,0,804,Clouds,overcast clouds,04n
2025-07-27 22:17:36,Dong Nai-Bien Hoa,Bien Hoa,26.7,26.0,26.7,85.0,29.48,10000.0,0.0,100.0,4.17,9.38,242.0,1007.0,0,804,Clouds,overcast clouds,04n
2025-07-27 22:21:21,Dong Nai-Bien Hoa,Bien Hoa,26.7,26.0,26.7,85.0,29.48,10000.0,0.0,100.0,4.17,9.38,242.0,1007.0,0,804,Clouds,overcast clouds,04n
2025-07-27 22:25:07,Dong Nai-Bien Hoa,Bien Hoa,26.7,26.0,26.7,85.0,29.48,10000.0,0.0,100.0,4.17,9.38,242.0,1007.0,0,804,Clouds,overcast clouds,04n
2025-07-27 22:28:53,Dong Nai-Bien Hoa,Bien Hoa,26.7,26.0,26.7,85.0,29.48,10000.0,0.0,100.0,4.17,9.38,242.0,1007.0,0,804,Clouds,overcast clouds,04n
2025-07-27 22:32:39,Dong Nai-Bien Hoa,Bien Hoa,26.7,26.0,26.7,85.0,29.48,10000.0,0.0,100.0,4.17,9.38,242.0,1007.0,0,804,Clouds,overcast clouds,04n
2025-07-27 22:36:25,Dong Nai-Bien Hoa,Bien Hoa,26.7,26.0,26.7,83.0,29.32,10000.0,0.0,100.0,3.54,8.48,241.0,1008.0,0,804,Clouds,overcast clouds,04n
2025-07-27 22:40:11,Dong Nai-Bien Hoa,Bien Hoa,26.7,26.0,26.7,83.0,29.32,10000.0,0.0,100.0,3.54,8.48,241.0,1008.0,0,804,Clouds,overcast clouds,04n
2025-07-27 22:43:57,Dong Nai-Bien Hoa,Bien Hoa,26.7,26.0,26.7,83.0,29.32,10000.0,0.0,100.0,3.54,8.48,241.0,1008.0,0,804,Clouds,overcast clouds,04n
2025-07-27 22:47:42,Dong Nai-Bien Hoa,Bien Hoa,26.7,26.0,26.7,83.0,29.32,10000.0,0.0,100.0,3.54,8.48,241.0,1008.0,0,804,Clouds,overcast clouds,04n
2025-07-27 22:51:28,Dong Nai-Bien Hoa,Bien Hoa,26.7,26.0,26.7,84.0,29.4,10000.0,0.0,100.0,3.54,8.48,241.0,1008.0,0,804,Clouds,overcast clouds,04n
2025-07-27 22:55:14,Dong Nai-Bien Hoa,Bien Hoa,26.7,26.0,26.7,84.0,29.4,10000.0,0.0,100.0,3.54,8.48,241.0,1008.0,0,804,Clouds,overcast clouds,04n
2025-07-27 22:59:00,Dong Nai-Bien Hoa,Bien Hoa,26.7,26.0,26.7,84.0,29.4,10000.0,0.0,100.0,3.54,8.48,241.0,1008.0,0,804,Clouds,overcast clouds,04n
2025-07-27 23:02:45,Dong Nai-Bien Hoa,Bien Hoa,26.7,26.0,26.7,84.0,29.4,10000.0,0.0,100.0,3.54,8.48,241.0,1008.0,0,804,Clouds,overcast clouds,04n
2025-07-27 23:06:32,Dong Nai-Bien Hoa,Bien Hoa,26.14,26.0,26.14,86.0,26.14,10000.0,0.0,100.0,3.54,8.48,241.0,1008.0,0,804,Clouds,overcast clouds,04n
2025-07-27 23:10:18,Dong Nai-Bien Hoa,Bien Hoa,26.14,26.0,26.14,86.0,26.14,10000.0,0.0,100.0,3.54,8.48,241.0,1008.0,0,804,Clouds,overcast clouds,04n
2025-07-27 23:14:04,Dong Nai-Bien Hoa,Bien Hoa,26.14,26.0,26.14,86.0,26.14,10000.0,0.0,100.0,3.54,8.48,241.0,1008.0,0,804,Clouds,overcast clouds,04n
2025-07-27 23:17:50,Dong Nai-Bien Hoa,Bien Hoa,26.14,26.0,26.14,86.0,26.14,10000.0,0.0,100.0,3.54,8.48,241.0,1008.0,0,804,Clouds,overcast clouds,04n
2025-07-27 23:21:36,Dong Nai-Bien Hoa,Bien Hoa,26.14,26.0,26.14,86.0,26.14,10000.0,0.0,100.0,3.54,8.48,241.0,1008.0,0,804,Clouds,overcast clouds,04n
2025-07-27 23:25:21,Dong Nai-Bien Hoa,Bien Hoa,26.14,26.0,26.14,86.0,26.14,10000.0,0.0,100.0,3.54,8.48,241.0,1008.0,0,804,Clouds,overcast clouds,04n
2025-07-27 23:29:07,Dong Nai-Bien Hoa,Bien Hoa,26.14,26.0,26.14,86.0,26.14,10000.0,0.0,100.0,3.54,8.48,241.0,1008.0,0,804,Clouds,overcast clouds,04n
2025-07-27 23:32:53,Dong Nai-Bien Hoa,Bien Hoa,26.7,26.0,26.7,85.0,29.48,10000.0,0.0,99.0,3.18,8.82,245.0,1008.0,0,804,Clouds,overcast clouds,04n
2025-07-27 23:36:39,Dong Nai-Bien Hoa,Bien Hoa,26.7,26.0,26.7,85.0,29.48,10000.0,0.0,99.0,3.18,8.82,245.0,1008.0,0,804,Clouds,overcast clouds,04n
2025-07-27 23:40:24,Dong Nai-Bien Hoa,Bien Hoa,26.7,26.0,26.7,85.0,29.48,10000.0,0.0,99.0,3.18,8.82,245.0,1008.0,0,804,Clouds,overcast clouds,04n
2025-07-27 23:44:10,Dong Nai-Bien Hoa,Bien Hoa,26.7,26.0,26.7,85.0,29.48,10000.0,0.0,99.0,3.18,8.82,245.0,1008.0,0,804,Clouds,overcast clouds,04n
2025-07-27 23:47:56,Dong Nai-Bien Hoa,Bien Hoa,26.7,26.0,26.7,85.0,29.48,10000.0,0.0,99.0,3.18,8.82,245.0,1008.0,0,804,Clouds,overcast clouds,04n
2025-07-27 23:51:41,Dong Nai-Bien Hoa,Bien Hoa,26.7,26.0,26.7,85.0,29.48,10000.0,0.0,99.0,3.18,8.82,245.0,1008.0,0,804,Clouds,overcast clouds,04n
2025-07-27 23:55:27,Dong Nai-Bien Hoa,Bien Hoa,26.7,26.0,26.7,85.0,29.48,10000.0,0.0,99.0,3.18,8.82,245.0,1008.0,0,804,Clouds,overcast clouds,04n
2025-07-27 23:59:13,Dong Nai-Bien Hoa,Bien Hoa,26.7,26.0,26.7,85.0,29.48,10000.0,0.0,99.0,3.18,8.82,245.0,1008.0,0,804,Clouds,overcast clouds,04n
2025-07-28 00:02:58,Dong Nai-Bien Hoa,Bien Hoa,26.7,26.0,26.7,85.0,29.48,10000.0,0.0,99.0,3.18,8.82,245.0,1008.0,0,804,Clouds,overcast clouds,04n
2025-07-28 00:06:44,Dong Nai-Bien Hoa,Bien Hoa,26.7,26.0,26.7,86.0,29.56,10000.0,0.0,99.0,3.18,8.82,245.0,1008.0,0,804,Clouds,overcast clouds,04n
2025-07-28 00:10:31,Dong Nai-Bien Hoa,Bien Hoa,26.7,26.0,26.7,86.0,29.56,10000.0,0.0,99.0,3.18,8.82,245.0,1008.0,0,804,Clouds,overcast clouds,04n
2025-07-28 00:14:16,Dong Nai-Bien Hoa,Bien Hoa,26.7,26.0,26.7,86.0,29.56,10000.0,0.0,99.0,3.18,8.82,245.0,1008.0,0,804,Clouds,overcast clouds,04n
2025-07-28 00:18:02,Dong Nai-Bien Hoa,Bien Hoa,26.7,26.0,26.7,86.0,29.56,10000.0,0.0,99.0,3.18,8.82,245.0,1008.0,0,804,Clouds,overcast clouds,04n
2025-07-28 00:21:48,Dong Nai-Bien Hoa,Bien Hoa,26.7,26.0,26.7,86.0,29.56,10000.0,0.0,99.0,3.18,8.82,245.0,1008.0,0,804,Clouds,overcast clouds,04n
2025-07-28 00:25:34,Dong Nai-Bien Hoa,Bien Hoa,26.7,26.0,26.7,86.0,29.56,10000.0,0.0,99.0,3.18,8.82,245.0,1008.0,0,804,Clouds,overcast clouds,04n
2025-07-28 00:29:20,Dong Nai-Bien Hoa,Bien Hoa,26.7,26.0,26.7,86.0,29.56,10000.0,0.0,99.0,3.18,8.82,245.0,1008.0,0,804,Clouds,overcast clouds,04n
2025-07-28 00:33:07,Dong Nai-Bien Hoa,Bien Hoa,26.7,26.0,26.7,86.0,29.56,10000.0,0.0,99.0,3.16,9.29,247.0,1007.0,0,804,Clouds,overcast clouds,04n
2025-07-28 00:36:52,Dong Nai-Bien Hoa,Bien Hoa,26.7,26.0,26.7,86.0,29.56,10000.0,0.0,99.0,3.16,9.29,247.0,1007.0,0,804,Clouds,overcast clouds,04n
2025-07-28 00:40:38,Dong Nai-Bien Hoa,Bien Hoa,26.7,26.0,26.7,86.0,29.56,10000.0,0.0,99.0,3.16,9.29,247.0,1007.0,0,804,Clouds,overcast clouds,04n
2025-07-28 00:44:24,Dong Nai-Bien Hoa,Bien Hoa,26.7,26.0,26.7,86.0,29.56,10000.0,0.0,99.0,3.16,9.29,247.0,1007.0,0,804,Clouds,overcast clouds,04n
2025-07-28 00:48:09,Dong Nai-Bien Hoa,Bien Hoa,26.7,26.0,26.7,86.0,29.56,10000.0,0.0,99.0,3.16,9.29,247.0,1007.0,0,804,Clouds,overcast clouds,04n
2025-07-28 00:51:55,Dong Nai-Bien Hoa,Bien Hoa,26.7,26.0,26.7,85.0,29.48,10000.0,0.0,99.0,3.16,9.29,247.0,1007.0,0,804,Clouds,overcast clouds,04n
2025-07-28 00:55:41,Dong Nai-Bien Hoa,Bien Hoa,26.7,26.0,26.7,85.0,29.48,10000.0,0.0,99.0,3.16,9.29,247.0,1007.0,0,804,Clouds,overcast clouds,04n
2025-07-28 00:59:26,Dong Nai-Bien Hoa,Bien Hoa,26.7,26.0,26.7,85.0,29.48,10000.0,0.0,99.0,3.16,9.29,247.0,1007.0,0,804,Clouds,overcast clouds,04n
2025-07-28 01:03:12,Dong Nai-Bien Hoa,Bien Hoa,26.7,26.0,26.7,86.0,29.56,10000.0,0.0,99.0,3.16,9.29,247.0,1007.0,0,804,Clouds,overcast clouds,04n
2025-07-28 01:06:58,Dong Nai-Bien Hoa,Bien Hoa,26.7,26.0,26.7,86.0,29.56,10000.0,0.0,99.0,3.16,9.29,247.0,1007.0,0,804,Clouds,overcast clouds,04n
2025-07-28 01:10:43,Dong Nai-Bien Hoa,Bien Hoa,26.7,26.0,26.7,86.0,29.56,10000.0,0.0,99.0,3.16,9.29,247.0,1007.0,0,804,Clouds,overcast clouds,04n
2025-07-28 01:14:29,Dong Nai-Bien Hoa,Bien Hoa,26.7,26.0,26.7,86.0,29.56,10000.0,0.0,99.0,3.16,9.29,247.0,1007.0,0,804,Clouds,overcast clouds,04n
2025-07-28 01:18:15,Dong Nai-Bien Hoa,Bien Hoa,26.7,26.0,26.7,87.0,29.64,10000.0,0.0,99.0,3.16,9.29,247.0,1007.0,0,804,Clouds,overcast clouds,04n
2025-07-28 01:22:00,Dong Nai-Bien Hoa,Bien Hoa,26.7,26.0,26.7,86.0,29.56,10000.0,0.0,99.0,3.16,9.29,247.0,1007.0,0,804,Clouds,overcast clouds,04n
2025-07-28 01:25:46,Dong Nai-Bien Hoa,Bien Hoa,26.7,26.0,26.7,87.0,29.64,10000.0,0.0,99.0,3.16,9.29,247.0,1007.0,0,804,Clouds,overcast clouds,04n
2025-07-28 01:29:32,Dong Nai-Bien Hoa,Bien Hoa,26.7,26.0,26.7,87.0,29.64,10000.0,0.0,99.0,3.16,9.29,247.0,1007.0,0,804,Clouds,overcast clouds,04n
2025-07-28 01:33:18,Dong Nai-Bien Hoa,Bien Hoa,26.7,26.0,26.7,87.0,29.64,10000.0,0.0,99.0,3.16,9.29,247.0,1007.0,0,804,Clouds,overcast clouds,04n
2025-07-28 01:37:04,Dong Nai-Bien Hoa,Bien Hoa,26.7,26.0,26.7,86.0,29.56,10000.0,0.0,68.0,1.87,3.63,232.0,1007.0,0,803,Clouds,broken clouds,04n
2025-07-28 01:40:50,Dong Nai-Bien Hoa,Bien Hoa,26.7,26.0,26.7,86.0,29.56,10000.0,0.0,68.0,1.87,3.63,232.0,1007.0,0,803,Clouds,broken clouds,04n
2025-07-28 01:44:36,Dong Nai-Bien Hoa,Bien Hoa,26.7,26.0,26.7,86.0,29.56,10000.0,0.0,68.0,1.87,3.63,232.0,1007.0,0,803,Clouds,broken clouds,04n
2025-07-28 01:48:22,Dong Nai-Bien Hoa,Bien Hoa,26.7,26.0,26.7,86.0,29.56,10000.0,0.0,68.0,1.87,3.63,232.0,1007.0,0,803,Clouds,broken clouds,04n
2025-07-28 01:52:08,Dong Nai-Bien Hoa,Bien Hoa,26.7,26.0,26.7,86.0,29.56,10000.0,0.0,68.0,1.87,3.63,232.0,1007.0,0,803,Clouds,broken clouds,04n
2025-07-28 01:55:54,Dong Nai-Bien Hoa,Bien Hoa,26.7,26.0,26.7,86.0,29.56,10000.0,0.0,68.0,1.87,3.63,232.0,1007.0,0,803,Clouds,broken clouds,04n
2025-07-28 01:59:39,Dong Nai-Bien Hoa,Bien Hoa,26.7,26.0,26.7,86.0,29.56,10000.0,0.0,68.0,1.87,3.63,232.0,1007.0,0,803,Clouds,broken clouds,04n
2025-07-28 02:03:25,Dong Nai-Bien Hoa,Bien Hoa,26.7,26.0,26.7,86.0,29.56,10000.0,0.0,68.0,1.87,3.63,232.0,1007.0,0,803,Clouds,broken clouds,04n
2025-07-28 02:07:11,Dong Nai-Bien Hoa,Bien Hoa,26.7,26.0,26.7,86.0,29.56,10000.0,0.0,68.0,1.87,3.63,232.0,1007.0,0,803,Clouds,broken clouds,04n
2025-07-28 02:10:58,Dong Nai-Bien Hoa,Bien Hoa,26.7,26.0,26.7,86.0,29.56,10000.0,0.0,68.0,1.87,3.63,232.0,1007.0,0,803,Clouds,broken clouds,04n
2025-07-28 02:14:44,Dong Nai-Bien Hoa,Bien Hoa,26.7,26.0,26.7,87.0,29.64,10000.0,0.0,68.0,1.87,3.63,232.0,1007.0,0,803,Clouds,broken clouds,04n
2025-07-28 02:18:30,Dong Nai-Bien Hoa,Bien Hoa,26.7,26.7,27.0,87.0,29.64,10000.0,0.0,68.0,1.87,3.63,232.0,1007.0,0,803,Clouds,broken clouds,04n
2025-07-28 02:22:15,Dong Nai-Bien Hoa,Bien Hoa,26.7,26.0,26.7,87.0,29.64,10000.0,0.0,68.0,1.87,3.63,232.0,1007.0,0,803,Clouds,broken clouds,04n
2025-07-28 02:26:01,Dong Nai-Bien Hoa,Bien Hoa,26.7,26.7,27.0,87.0,29.64,10000.0,0.0,68.0,1.87,3.63,232.0,1007.0,0,803,Clouds,broken clouds,04n
2025-07-28 02:29:47,Dong Nai-Bien Hoa,Bien Hoa,26.7,26.7,27.0,87.0,29.64,10000.0,0.0,68.0,1.87,3.63,232.0,1007.0,0,803,Clouds,broken clouds,04n
2025-07-28 02:33:32,Dong Nai-Bien Hoa,Bien Hoa,26.7,26.7,27.0,88.0,29.73,7789.0,0.0,80.0,1.79,2.38,217.0,1007.0,0,803,Clouds,broken clouds,04n
2025-07-28 02:37:19,Dong Nai-Bien Hoa,Bien Hoa,26.7,26.7,27.0,88.0,29.73,7789.0,0.0,80.0,1.79,2.38,217.0,1007.0,0,803,Clouds,broken clouds,04n
2025-07-28 02:41:05,Dong Nai-Bien Hoa,Bien Hoa,26.7,26.7,27.0,88.0,29.73,7789.0,0.0,80.0,1.79,2.38,217.0,1007.0,0,803,Clouds,broken clouds,04n
2025-07-28 02:44:51,Dong Nai-Bien Hoa,Bien Hoa,26.7,26.7,27.0,88.0,29.73,7789.0,0.0,80.0,1.79,2.38,217.0,1007.0,0,803,Clouds,broken clouds,04n
2025-07-28 02:48:37,Dong Nai-Bien Hoa,Bien Hoa,26.7,26.7,27.0,88.0,29.73,7789.0,0.0,80.0,1.79,2.38,217.0,1007.0,0,803,Clouds,broken clouds,04n
2025-07-28 02:52:22,Dong Nai-Bien Hoa,Bien Hoa,26.7,26.7,27.0,88.0,29.73,7789.0,0.0,80.0,1.79,2.38,217.0,1007.0,0,803,Clouds,broken clouds,04n
2025-07-28 02:56:09,Dong Nai-Bien Hoa,Bien Hoa,26.7,26.7,27.0,88.0,29.73,7789.0,0.0,80.0,1.79,2.38,217.0,1007.0,0,803,Clouds,broken clouds,04n
2025-07-28 02:59:54,Dong Nai-Bien Hoa,Bien Hoa,26.7,26.7,27.0,88.0,29.73,7789.0,0.0,80.0,1.79,2.38,217.0,1007.0,0,803,Clouds,broken clouds,04n
2025-07-28 03:03:39,Dong Nai-Bien Hoa,Bien Hoa,26.7,26.7,27.0,88.0,29.73,7789.0,0.0,80.0,1.79,2.38,217.0,1007.0,0,803,Clouds,broken clouds,04n
2025-07-28 03:07:28,Dong Nai-Bien Hoa,Bien Hoa,26.7,26.7,27.0,86.0,29.56,7789.0,0.0,80.0,1.79,2.38,217.0,1007.0,0,803,Clouds,broken clouds,04n
2025-07-28 03:11:14,Dong Nai-Bien Hoa,Bien Hoa,26.7,26.7,27.0,86.0,29.56,7789.0,0.0,80.0,1.79,2.38,217.0,1007.0,0,803,Clouds,broken clouds,04n
2025-07-28 03:15:00,Dong Nai-Bien Hoa,Bien Hoa,26.7,26.7,27.0,86.0,29.56,7789.0,0.0,80.0,1.79,2.38,217.0,1007.0,0,803,Clouds,broken clouds,04n
2025-07-28 03:18:46,Dong Nai-Bien Hoa,Bien Hoa,26.7,26.7,27.0,86.0,29.56,7789.0,0.0,80.0,1.79,2.38,217.0,1007.0,0,803,Clouds,broken clouds,04n
2025-07-28 03:22:31,Dong Nai-Bien Hoa,Bien Hoa,26.7,26.7,27.0,86.0,29.56,7789.0,0.0,80.0,1.79,2.38,217.0,1007.0,0,803,Clouds,broken clouds,04n
2025-07-28 03:26:17,Dong Nai-Bien Hoa,Bien Hoa,26.7,26.7,27.0,85.0,29.48,7789.0,0.0,80.0,1.79,2.38,217.0,1007.0,0,803,Clouds,broken clouds,04n
2025-07-28 03:30:03,Dong Nai-Bien Hoa,Bien Hoa,26.7,26.7,27.0,89.0,29.81,4010.0,0.0,58.0,1.65,2.0,192.0,1007.0,0,803,Clouds,broken clouds,04n
2025-07-28 03:33:49,Dong Nai-Bien Hoa,Bien Hoa,26.7,26.7,27.0,85.0,29.48,7789.0,0.0,80.0,1.79,2.38,217.0,1007.0,0,803,Clouds,broken clouds,04n
2025-07-28 03:37:35,Dong Nai-Bien Hoa,Bien Hoa,26.7,26.7,27.0,88.0,29.73,4010.0,0.49,58.0,1.65,2.0,192.0,1007.0,0,500,Rain,light rain,10n
2025-07-28 03:41:23,Dong Nai-Bien Hoa,Bien Hoa,26.7,26.7,27.0,88.0,29.73,4010.0,1.75,58.0,1.65,2.0,192.0,1007.0,0,501,Rain,moderate rain,10n
2025-07-28 03:45:09,Dong Nai-Bien Hoa,Bien Hoa,26.7,26.7,27.0,88.0,29.73,4010.0,1.75,58.0,1.65,2.0,192.0,1007.0,0,501,Rain,moderate rain,10n
2025-07-28 03:48:55,Dong Nai-Bien Hoa,Bien Hoa,26.7,26.7,27.0,89.0,29.81,4010.0,0.34,58.0,1.65,2.0,192.0,1007.0,0,500,Rain,light rain,10n
2025-07-28 03:52:40,Dong Nai-Bien Hoa,Bien Hoa,26.7,26.7,27.0,89.0,29.81,4010.0,0.34,58.0,1.65,2.0,192.0,1007.0,0,500,Rain,light rain,10n
2025-07-28 03:56:26,Dong Nai-Bien Hoa,Bien Hoa,26.7,26.7,27.0,89.0,29.81,4010.0,0.34,58.0,1.65,2.0,192.0,1007.0,0,500,Rain,light rain,10n
2025-07-28 04:00:12,Dong Nai-Bien Hoa,Bien Hoa,26.7,26.7,27.0,89.0,29.81,4010.0,0.27,58.0,1.65,2.0,192.0,1007.0,0,500,Rain,light rain,10n
2025-07-28 04:03:58,Dong Nai-Bien Hoa,Bien Hoa,26.7,26.7,27.0,89.0,29.81,4010.0,0.27,58.0,1.65,2.0,192.0,1007.0,0,500,Rain,light rain,10n
2025-07-28 04:07:43,Dong Nai-Bien Hoa,Bien Hoa,26.7,26.7,27.0,89.0,29.81,4010.0,0.27,58.0,1.65,2.0,192.0,1007.0,0,500,Rain,light rain,10n
2025-07-28 04:11:30,Dong Nai-Bien Hoa,Bien Hoa,26.7,26.7,27.0,86.0,29.56,4010.0,0.42,58.0,1.65,2.0,192.0,1007.0,0,500,Rain,light rain,10n
2025-07-28 04:15:16,Dong Nai-Bien Hoa,Bien Hoa,26.7,26.7,27.0,86.0,29.56,4010.0,0.42,58.0,1.65,2.0,192.0,1007.0,0,500,Rain,light rain,10n
2025-07-28 04:19:02,Dong Nai-Bien Hoa,Bien Hoa,26.7,26.0,26.7,87.0,29.64,4010.0,0.24,58.0,1.65,2.0,192.0,1007.0,0,500,Rain,light rain,10n
2025-07-28 04:22:48,Dong Nai-Bien Hoa,Bien Hoa,26.7,26.0,26.7,87.0,29.64,4010.0,0.13,58.0,1.65,2.0,192.0,1007.0,0,500,Rain,light rain,10n
2025-07-28 04:26:33,Dong Nai-Bien Hoa,Bien Hoa,26.7,26.0,26.7,87.0,29.64,4010.0,0.13,58.0,1.65,2.0,192.0,1007.0,0,500,Rain,light rain,10n
2025-07-28 04:30:19,Dong Nai-Bien Hoa,Bien Hoa,26.7,26.0,26.7,89.0,29.81,7548.0,0.0,53.0,1.61,2.5,192.0,1007.0,0,803,Clouds,broken clouds,04n
2025-07-28 04:34:05,Dong Nai-Bien Hoa,Bien Hoa,26.7,26.0,26.7,91.0,29.98,7548.0,0.0,53.0,1.61,2.5,192.0,1007.0,0,803,Clouds,broken clouds,04n
2025-07-28 04:37:52,Dong Nai-Bien Hoa,Bien Hoa,26.7,26.0,26.7,91.0,29.98,7548.0,0.0,53.0,1.61,2.5,192.0,1007.0,0,803,Clouds,broken clouds,04n
2025-07-28 04:41:37,Dong Nai-Bien Hoa,Bien Hoa,26.7,26.0,26.7,91.0,29.98,7548.0,0.0,53.0,1.61,2.5,192.0,1007.0,0,803,Clouds,broken clouds,04n
2025-07-28 04:45:23,Dong Nai-Bien Hoa,Bien Hoa,26.7,26.7,27.0,91.0,29.98,7548.0,0.0,53.0,1.61,2.5,192.0,1007.0,0,803,Clouds,broken clouds,04n
2025-07-28 04:49:09,Dong Nai-Bien Hoa,Bien Hoa,26.7,26.7,27.0,90.0,29.89,7548.0,0.0,53.0,1.61,2.5,192.0,1007.0,0,803,Clouds,broken clouds,04n
2025-07-28 04:52:55,Dong Nai-Bien Hoa,Bien Hoa,26.7,26.7,27.0,91.0,29.98,7548.0,0.0,53.0,1.61,2.5,192.0,1007.0,0,803,Clouds,broken clouds,04n
2025-07-28 04:56:40,Dong Nai-Bien Hoa,Bien Hoa,26.7,26.7,27.0,90.0,29.89,7548.0,0.0,53.0,1.61,2.5,192.0,1007.0,0,803,Clouds,broken clouds,04n
2025-07-28 05:00:26,Dong Nai-Bien Hoa,Bien Hoa,26.7,26.7,27.0,90.0,29.89,7548.0,0.0,53.0,1.61,2.5,192.0,1007.0,0,803,Clouds,broken clouds,04n
2025-07-28 05:04:11,Dong Nai-Bien Hoa,Bien Hoa,26.7,26.7,27.0,90.0,29.89,7548.0,0.0,53.0,1.61,2.5,192.0,1007.0,0,803,Clouds,broken clouds,04n
2025-07-28 05:07:57,Dong Nai-Bien Hoa,Bien Hoa,26.7,26.7,27.0,88.0,29.73,7548.0,0.1,53.0,1.61,2.5,192.0,1007.0,0,803,Clouds,broken clouds,04n
2025-07-28 05:11:42,Dong Nai-Bien Hoa,Bien Hoa,26.7,26.7,27.0,88.0,29.73,7548.0,0.1,53.0,1.61,2.5,192.0,1007.0,0,803,Clouds,broken clouds,04n
2025-07-28 05:15:28,Dong Nai-Bien Hoa,Bien Hoa,26.7,26.7,27.0,88.0,29.73,7548.0,0.15,53.0,1.61,2.5,192.0,1007.0,0,500,Rain,light rain,10n
2025-07-28 05:19:15,Dong Nai-Bien Hoa,Bien Hoa,26.7,26.0,26.7,88.0,29.73,7548.0,0.11,53.0,1.61,2.5,192.0,1007.0,0,500,Rain,light rain,10n
2025-07-28 05:23:00,Dong Nai-Bien Hoa,Bien Hoa,26.7,26.0,26.7,88.0,29.73,7548.0,0.11,53.0,1.61,2.5,192.0,1007.0,0,500,Rain,light rain,10n
2025-07-28 05:26:46,Dong Nai-Bien Hoa,Bien Hoa,26.7,26.0,26.7,88.0,29.73,7548.0,0.0,53.0,1.61,2.5,192.0,1007.0,0,803,Clouds,broken clouds,04n
2025-07-28 05:30:31,Dong Nai-Bien Hoa,Bien Hoa,26.7,26.0,26.7,88.0,29.73,7548.0,0.0,53.0,1.61,2.5,192.0,1007.0,0,803,Clouds,broken clouds,04n
2025-07-28 05:34:18,Dong Nai-Bien Hoa,Bien Hoa,26.7,26.0,26.7,91.0,29.98,10000.0,0.0,46.0,1.62,3.72,198.0,1007.0,0,802,Clouds,scattered clouds,03n
2025-07-28 05:38:04,Dong Nai-Bien Hoa,Bien Hoa,26.7,26.0,26.7,91.0,29.98,10000.0,0.0,46.0,1.62,3.72,198.0,1007.0,0,802,Clouds,scattered clouds,03n
2025-07-28 05:41:49,Dong Nai-Bien Hoa,Bien Hoa,26.7,26.0,26.7,91.0,29.98,10000.0,0.0,46.0,1.62,3.72,198.0,1007.0,1,802,Clouds,scattered clouds,03n
2025-07-28 05:45:35,Dong Nai-Bien Hoa,Bien Hoa,26.7,26.0,26.7,91.0,29.98,10000.0,0.0,46.0,1.62,3.72,198.0,1007.0,1,802,Clouds,scattered clouds,03n
2025-07-28 05:49:21,Dong Nai-Bien Hoa,Bien Hoa,26.7,26.7,27.0,90.0,29.89,10000.0,0.0,46.0,1.62,3.72,198.0,1007.0,1,802,Clouds,scattered clouds,03d
2025-07-28 05:53:07,Dong Nai-Bien Hoa,Bien Hoa,26.7,26.7,27.0,90.0,29.89,10000.0,0.0,46.0,1.62,3.72,198.0,1007.0,1,802,Clouds,scattered clouds,03d
2025-07-28 05:56:52,Dong Nai-Bien Hoa,Bien Hoa,26.7,26.7,27.0,90.0,29.89,10000.0,0.0,46.0,1.62,3.72,198.0,1007.0,1,802,Clouds,scattered clouds,03d
2025-07-28 06:00:38,Dong Nai-Bien Hoa,Bien Hoa,26.7,26.7,27.0,90.0,29.89,10000.0,0.0,46.0,1.62,3.72,198.0,1007.0,1,802,Clouds,scattered clouds,03d
2025-07-28 06:04:24,Dong Nai-Bien Hoa,Bien Hoa,26.7,26.7,27.0,90.0,29.89,10000.0,0.0,46.0,1.62,3.72,198.0,1007.0,1,802,Clouds,scattered clouds,03d
2025-07-28 06:08:10,Dong Nai-Bien Hoa,Bien Hoa,26.7,26.7,27.0,87.0,29.64,10000.0,0.0,46.0,1.62,3.72,198.0,1006.0,1,802,Clouds,scattered clouds,03d
2025-07-28 06:11:55,Dong Nai-Bien Hoa,Bien Hoa,26.7,26.7,27.0,87.0,29.64,10000.0,0.0,46.0,1.62,3.72,198.0,1006.0,1,802,Clouds,scattered clouds,03d
2025-07-28 06:15:42,Dong Nai-Bien Hoa,Bien Hoa,26.7,26.7,27.0,87.0,29.64,10000.0,0.0,46.0,1.62,3.72,198.0,1006.0,1,802,Clouds,scattered clouds,03d
2025-07-28 06:19:28,Dong Nai-Bien Hoa,Bien Hoa,26.7,26.0,26.7,87.0,29.64,10000.0,0.0,46.0,1.62,3.72,198.0,1006.0,1,802,Clouds,scattered clouds,03d
2025-07-28 06:23:14,Dong Nai-Bien Hoa,Bien Hoa,26.7,26.0,26.7,87.0,29.64,10000.0,0.0,46.0,1.62,3.72,198.0,1006.0,1,802,Clouds,scattered clouds,03d
2025-07-28 06:26:59,Dong Nai-Bien Hoa,Bien Hoa,26.7,26.0,26.7,87.0,29.64,10000.0,0.0,46.0,1.62,3.72,198.0,1006.0,1,802,Clouds,scattered clouds,03d
2025-07-28 06:30:45,Dong Nai-Bien Hoa,Bien Hoa,26.7,26.0,26.7,87.0,29.64,10000.0,0.0,46.0,1.62,3.72,198.0,1006.0,1,802,Clouds,scattered clouds,03d
2025-07-28 06:34:31,Dong Nai-Bien Hoa,Bien Hoa,26.7,26.0,26.7,88.0,29.73,10000.0,0.0,44.0,2.79,9.29,239.0,1007.0,1,802,Clouds,scattered clouds,03d
2025-07-28 06:38:16,Dong Nai-Bien Hoa,Bien Hoa,26.7,26.0,26.7,88.0,29.73,10000.0,0.0,44.0,2.79,9.29,239.0,1007.0,1,802,Clouds,scattered clouds,03d
2025-07-28 06:42:02,Dong Nai-Bien Hoa,Bien Hoa,26.7,26.0,26.7,88.0,29.73,10000.0,0.0,44.0,2.79,9.29,239.0,1007.0,1,802,Clouds,scattered clouds,03d
2025-07-28 06:45:48,Dong Nai-Bien Hoa,Bien Hoa,26.7,26.0,26.7,88.0,29.73,10000.0,0.0,44.0,2.79,9.29,239.0,1007.0,1,802,Clouds,scattered clouds,03d
2025-07-28 06:49:33,Dong Nai-Bien Hoa,Bien Hoa,26.7,26.0,26.7,88.0,29.73,10000.0,0.0,44.0,2.79,9.29,239.0,1007.0,1,802,Clouds,scattered clouds,03d
2025-07-28 06:53:19,Dong Nai-Bien Hoa,Bien Hoa,27.25,26.0,27.25,87.0,31.1,10000.0,0.13,44.0,2.79,9.29,239.0,1008.0,1,500,Rain,light rain,10d
2025-07-28 06:57:06,Dong Nai-Bien Hoa,Bien Hoa,27.25,26.0,27.25,87.0,31.1,10000.0,0.13,44.0,2.79,9.29,239.0,1008.0,1,500,Rain,light rain,10d
2025-07-28 07:00:52,Dong Nai-Bien Hoa,Bien Hoa,27.25,26.0,27.25,87.0,31.1,10000.0,0.15,44.0,2.79,9.29,239.0,1008.0,1,500,Rain,light rain,10d
2025-07-28 07:04:37,Dong Nai-Bien Hoa,Bien Hoa,27.25,26.0,27.25,87.0,31.1,10000.0,0.13,44.0,2.79,9.29,239.0,1008.0,1,500,Rain,light rain,10d
2025-07-28 07:08:23,Dong Nai-Bien Hoa,Bien Hoa,27.25,26.0,27.25,87.0,31.1,10000.0,0.13,44.0,2.79,9.29,239.0,1007.0,1,500,Rain,light rain,10d
2025-07-28 07:12:09,Dong Nai-Bien Hoa,Bien Hoa,27.25,26.0,27.25,87.0,31.1,10000.0,0.13,44.0,2.79,9.29,239.0,1007.0,1,500,Rain,light rain,10d
2025-07-28 07:15:55,Dong Nai-Bien Hoa,Bien Hoa,27.25,26.0,27.25,87.0,31.1,10000.0,0.13,44.0,2.79,9.29,239.0,1007.0,1,500,Rain,light rain,10d
2025-07-28 07:19:41,Dong Nai-Bien Hoa,Bien Hoa,27.81,27.0,27.81,87.0,32.67,10000.0,0.0,44.0,2.79,9.29,239.0,1007.0,1,802,Clouds,scattered clouds,03d
2025-07-28 07:23:27,Dong Nai-Bien Hoa,Bien Hoa,27.81,27.0,27.81,87.0,32.67,10000.0,0.0,44.0,2.79,9.29,239.0,1007.0,1,802,Clouds,scattered clouds,03d
2025-07-28 07:27:13,Dong Nai-Bien Hoa,Bien Hoa,27.81,27.0,27.81,87.0,32.67,10000.0,0.0,44.0,2.79,9.29,239.0,1007.0,1,802,Clouds,scattered clouds,03d
2025-07-28 07:30:59,Dong Nai-Bien Hoa,Bien Hoa,27.81,27.0,27.81,84.0,32.21,10000.0,0.0,15.0,4.53,9.95,241.0,1008.0,1,801,Clouds,few clouds,02d
2025-07-28 07:34:45,Dong Nai-Bien Hoa,Bien Hoa,27.81,27.0,27.81,84.0,32.21,10000.0,0.0,15.0,4.53,9.95,241.0,1008.0,1,801,Clouds,few clouds,02d
2025-07-28 07:38:31,Dong Nai-Bien Hoa,Bien Hoa,27.81,27.0,27.81,84.0,32.21,10000.0,0.0,15.0,4.53,9.95,241.0,1008.0,1,801,Clouds,few clouds,02d
2025-07-28 07:42:17,Dong Nai-Bien Hoa,Bien Hoa,27.81,27.0,27.81,84.0,32.21,10000.0,0.0,15.0,4.53,9.95,241.0,1008.0,1,801,Clouds,few clouds,02d
2025-07-28 07:46:03,Dong Nai-Bien Hoa,Bien Hoa,27.81,27.81,28.0,84.0,32.21,10000.0,0.0,15.0,4.53,9.95,241.0,1008.0,1,801,Clouds,few clouds,02d
2025-07-28 07:49:49,Dong Nai-Bien Hoa,Bien Hoa,27.81,27.81,28.0,84.0,32.21,10000.0,0.0,15.0,4.53,9.95,241.0,1008.0,1,801,Clouds,few clouds,02d
2025-07-28 07:53:35,Dong Nai-Bien Hoa,Bien Hoa,27.81,27.81,28.0,84.0,32.21,10000.0,0.0,15.0,4.53,9.95,241.0,1008.0,1,801,Clouds,few clouds,02d
2025-07-28 07:57:20,Dong Nai-Bien Hoa,Bien Hoa,27.81,27.81,28.0,84.0,32.21,10000.0,0.0,15.0,4.53,9.95,241.0,1008.0,1,801,Clouds,few clouds,02d
2025-07-28 08:01:06,Dong Nai-Bien Hoa,Bien Hoa,27.81,27.81,28.0,84.0,32.21,10000.0,0.0,15.0,4.53,9.95,241.0,1008.0,1,801,Clouds,few clouds,02d
2025-07-28 08:04:51,Dong Nai-Bien Hoa,Bien Hoa,27.81,27.81,28.0,84.0,32.21,10000.0,0.0,15.0,4.53,9.95,241.0,1008.0,1,801,Clouds,few clouds,02d
2025-07-28 08:08:37,Dong Nai-Bien Hoa,Bien Hoa,27.81,27.81,28.0,82.0,31.92,10000.0,0.0,15.0,4.53,9.95,241.0,1007.0,1,801,Clouds,few clouds,02d
2025-07-28 08:12:23,Dong Nai-Bien Hoa,Bien Hoa,27.81,27.81,28.0,82.0,31.92,10000.0,0.0,15.0,4.53,9.95,241.0,1007.0,1,801,Clouds,few clouds,02d
2025-07-28 08:16:09,Dong Nai-Bien Hoa,Bien Hoa,27.81,27.81,28.0,82.0,31.92,10000.0,0.14,15.0,4.53,9.95,241.0,1007.0,1,500,Rain,light rain,10d
2025-07-28 08:19:55,Dong Nai-Bien Hoa,Bien Hoa,27.81,27.81,28.0,82.0,31.92,10000.0,0.0,15.0,4.53,9.95,241.0,1007.0,1,801,Clouds,few clouds,02d
2025-07-28 08:23:41,Dong Nai-Bien Hoa,Bien Hoa,26.7,26.7,28.0,82.0,29.24,10000.0,0.14,15.0,4.53,9.95,241.0,1008.0,1,500,Rain,light rain,10d
2025-07-28 08:27:27,Dong Nai-Bien Hoa,Bien Hoa,26.7,26.7,28.0,82.0,29.24,10000.0,0.0,15.0,4.53,9.95,241.0,1008.0,1,801,Clouds,few clouds,02d
2025-07-28 08:31:13,Dong Nai-Bien Hoa,Bien Hoa,26.7,26.7,28.0,82.0,29.24,10000.0,0.0,15.0,4.53,9.95,241.0,1008.0,1,801,Clouds,few clouds,02d
2025-07-28 08:34:58,Dong Nai-Bien Hoa,Bien Hoa,26.7,26.7,28.0,82.0,29.24,10000.0,0.0,15.0,4.53,9.95,241.0,1008.0,1,801,Clouds,few clouds,02d
2025-07-28 08:38:44,Dong Nai-Bien Hoa,Bien Hoa,28.0,28.0,28.0,79.0,31.95,10000.0,1.11,12.0,5.98,9.31,244.0,1008.0,1,501,Rain,moderate rain,10d
2025-07-28 08:42:30,Dong Nai-Bien Hoa,Bien Hoa,28.0,28.0,28.0,79.0,31.95,10000.0,1.11,12.0,5.98,9.31,244.0,1008.0,1,501,Rain,moderate rain,10d
2025-07-28 08:46:16,Dong Nai-Bien Hoa,Bien Hoa,28.0,28.0,28.0,79.0,31.95,10000.0,1.11,12.0,5.98,9.31,244.0,1008.0,1,501,Rain,moderate rain,10d
2025-07-28 08:50:02,Dong Nai-Bien Hoa,Bien Hoa,27.0,27.0,27.0,82.0,29.93,10000.0,7.49,12.0,5.98,9.31,244.0,1008.0,1,502,Rain,heavy intensity rain,10d
2025-07-28 08:53:48,Dong Nai-Bien Hoa,Bien Hoa,27.0,27.0,27.0,82.0,29.93,10000.0,2.92,12.0,5.98,9.31,244.0,1008.0,1,501,Rain,moderate rain,10d
2025-07-28 08:57:34,Dong Nai-Bien Hoa,Bien Hoa,27.0,27.0,27.0,82.0,29.93,10000.0,0.64,12.0,5.98,9.31,244.0,1008.0,1,500,Rain,light rain,10d
2025-07-28 09:01:19,Dong Nai-Bien Hoa,Bien Hoa,27.0,27.0,27.0,82.0,29.93,10000.0,0.64,12.0,5.98,9.31,244.0,1008.0,1,500,Rain,light rain,10d
2025-07-28 09:05:05,Dong Nai-Bien Hoa,Bien Hoa,27.0,27.0,27.0,82.0,29.93,10000.0,0.64,12.0,5.98,9.31,244.0,1008.0,1,500,Rain,light rain,10d
2025-07-28 09:08:51,Dong Nai-Bien Hoa,Bien Hoa,27.0,27.0,27.0,87.0,30.43,10000.0,0.27,12.0,5.98,9.31,244.0,1008.0,1,500,Rain,light rain,10d
2025-07-28 09:12:37,Dong Nai-Bien Hoa,Bien Hoa,27.0,27.0,27.0,87.0,30.43,10000.0,0.27,12.0,5.98,9.31,244.0,1008.0,1,500,Rain,light rain,10d
2025-07-28 09:16:22,Dong Nai-Bien Hoa,Bien Hoa,27.0,27.0,27.0,87.0,30.43,10000.0,0.29,12.0,5.98,9.31,244.0,1008.0,1,500,Rain,light rain,10d
2025-07-28 09:20:08,Dong Nai-Bien Hoa,Bien Hoa,27.25,27.0,27.25,87.0,31.1,10000.0,0.42,12.0,5.98,9.31,244.0,1008.0,1,500,Rain,light rain,10d
2025-07-28 09:23:54,Dong Nai-Bien Hoa,Bien Hoa,27.25,27.0,27.25,87.0,31.1,10000.0,0.42,12.0,5.98,9.31,244.0,1008.0,1,500,Rain,light rain,10d
2025-07-28 09:27:40,Dong Nai-Bien Hoa,Bien Hoa,27.25,27.0,27.25,87.0,31.1,10000.0,0.69,12.0,5.98,9.31,244.0,1008.0,1,500,Rain,light rain,10d
2025-07-28 09:31:25,Dong Nai-Bien Hoa,Bien Hoa,27.25,27.0,27.25,87.0,31.1,10000.0,0.69,12.0,5.98,9.31,244.0,1008.0,1,500,Rain,light rain,10d
2025-07-28 09:35:11,Dong Nai-Bien Hoa,Bien Hoa,27.25,27.0,27.25,87.0,31.1,10000.0,0.69,12.0,5.98,9.31,244.0,1008.0,1,500,Rain,light rain,10d
2025-07-28 09:38:57,Dong Nai-Bien Hoa,Bien Hoa,27.0,27.0,27.0,79.0,29.65,10000.0,0.29,23.0,6.22,8.61,245.0,1008.0,1,500,Rain,light rain,10d
2025-07-28 09:42:42,Dong Nai-Bien Hoa,Bien Hoa,27.0,27.0,27.0,79.0,29.65,10000.0,0.29,23.0,6.22,8.61,245.0,1008.0,1,500,Rain,light rain,10d
2025-07-28 09:46:28,Dong Nai-Bien Hoa,Bien Hoa,28.0,28.0,28.0,78.0,31.8,10000.0,0.12,23.0,6.22,8.61,245.0,1008.0,1,500,Rain,light rain,10d
2025-07-28 09:50:14,Dong Nai-Bien Hoa,Bien Hoa,28.36,28.0,28.36,78.0,32.67,10000.0,0.12,23.0,6.22,8.61,245.0,1008.0,1,500,Rain,light rain,10d
2025-07-28 09:54:00,Dong Nai-Bien Hoa,Bien Hoa,28.36,28.0,28.36,78.0,32.67,10000.0,0.13,23.0,6.22,8.61,245.0,1008.0,1,500,Rain,light rain,10d
2025-07-28 09:57:45,Dong Nai-Bien Hoa,Bien Hoa,28.36,28.0,28.36,78.0,32.67,10000.0,0.13,23.0,6.22,8.61,245.0,1008.0,1,500,Rain,light rain,10d
2025-07-28 10:01:31,Dong Nai-Bien Hoa,Bien Hoa,28.36,28.0,28.36,78.0,32.67,10000.0,0.13,23.0,6.22,8.61,245.0,1008.0,1,500,Rain,light rain,10d
2025-07-28 10:05:17,Dong Nai-Bien Hoa,Bien Hoa,28.36,28.0,28.36,82.0,33.38,10000.0,0.0,23.0,6.22,8.61,245.0,1008.0,1,801,Clouds,few clouds,02d
2025-07-28 10:09:03,Dong Nai-Bien Hoa,Bien Hoa,28.36,28.0,28.36,82.0,33.38,10000.0,0.0,23.0,6.22,8.61,245.0,1008.0,1,801,Clouds,few clouds,02d
2025-07-28 10:12:49,Dong Nai-Bien Hoa,Bien Hoa,28.36,28.0,28.36,82.0,33.38,10000.0,0.0,23.0,6.22,8.61,245.0,1008.0,1,801,Clouds,few clouds,02d
2025-07-28 10:16:35,Dong Nai-Bien Hoa,Bien Hoa,29.0,29.0,29.0,82.0,35.18,10000.0,0.0,23.0,6.22,8.61,245.0,1008.0,1,801,Clouds,few clouds,02d
2025-07-28 10:20:20,Dong Nai-Bien Hoa,Bien Hoa,29.0,29.0,29.0,82.0,35.18,10000.0,0.0,23.0,6.22,8.61,245.0,1008.0,1,801,Clouds,few clouds,02d
2025-07-28 10:24:06,Dong Nai-Bien Hoa,Bien Hoa,28.36,28.36,29.0,82.0,33.38,10000.0,0.0,23.0,6.22,8.61,245.0,1008.0,1,801,Clouds,few clouds,02d
2025-07-28 10:27:52,Dong Nai-Bien Hoa,Bien Hoa,28.36,28.36,29.0,82.0,33.38,10000.0,0.0,23.0,6.22,8.61,245.0,1008.0,1,801,Clouds,few clouds,02d
2025-07-28 10:31:38,Dong Nai-Bien Hoa,Bien Hoa,28.36,28.36,29.0,72.0,31.69,10000.0,0.0,39.0,6.11,9.46,243.0,1008.0,1,802,Clouds,scattered clouds,03d
2025-07-28 10:35:24,Dong Nai-Bien Hoa,Bien Hoa,28.36,28.36,29.0,82.0,33.38,10000.0,0.0,23.0,6.22,8.61,245.0,1008.0,1,801,Clouds,few clouds,02d
2025-07-28 10:39:10,Dong Nai-Bien Hoa,Bien Hoa,29.0,29.0,29.0,72.0,33.1,10000.0,0.0,39.0,6.11,9.46,243.0,1008.0,1,802,Clouds,scattered clouds,03d
2025-07-28 10:42:55,Dong Nai-Bien Hoa,Bien Hoa,29.0,29.0,29.0,72.0,33.1,10000.0,0.0,39.0,6.11,9.46,243.0,1008.0,1,802,Clouds,scattered clouds,03d
2025-07-28 10:46:41,Dong Nai-Bien Hoa,Bien Hoa,28.0,28.0,28.0,73.0,31.07,10000.0,0.0,39.0,6.11,9.46,243.0,1008.0,1,802,Clouds,scattered clouds,03d
2025-07-28 10:50:27,Dong Nai-Bien Hoa,Bien Hoa,28.0,28.0,28.0,73.0,31.07,10000.0,0.0,39.0,6.11,9.46,243.0,1008.0,1,802,Clouds,scattered clouds,03d
2025-07-28 10:54:12,Dong Nai-Bien Hoa,Bien Hoa,28.0,28.0,28.0,73.0,31.07,10000.0,0.0,39.0,6.11,9.46,243.0,1008.0,1,802,Clouds,scattered clouds,03d
2025-07-28 10:57:58,Dong Nai-Bien Hoa,Bien Hoa,28.0,28.0,28.0,73.0,31.07,10000.0,0.0,39.0,6.11,9.46,243.0,1008.0,1,802,Clouds,scattered clouds,03d
2025-07-28 11:01:44,Dong Nai-Bien Hoa,Bien Hoa,28.0,28.0,28.0,79.0,31.95,10000.0,0.0,39.0,6.11,9.46,243.0,1007.0,1,802,Clouds,scattered clouds,03d
2025-07-28 11:05:31,Dong Nai-Bien Hoa,Bien Hoa,28.0,28.0,28.0,79.0,31.95,10000.0,0.0,39.0,6.11,9.46,243.0,1007.0,1,802,Clouds,scattered clouds,03d
2025-07-28 11:09:17,Dong Nai-Bien Hoa,Bien Hoa,28.0,28.0,28.0,79.0,31.95,10000.0,0.0,39.0,6.11,9.46,243.0,1007.0,1,802,Clouds,scattered clouds,03d
2025-07-28 11:13:03,Dong Nai-Bien Hoa,Bien Hoa,28.0,28.0,28.0,79.0,31.95,10000.0,0.0,39.0,6.11,9.46,243.0,1007.0,1,802,Clouds,scattered clouds,03d
2025-07-28 11:16:49,Dong Nai-Bien Hoa,Bien Hoa,30.0,30.0,30.0,79.0,37.0,10000.0,0.0,39.0,6.11,9.46,243.0,1007.0,1,802,Clouds,scattered clouds,03d
2025-07-28 11:20:35,Dong Nai-Bien Hoa,Bien Hoa,30.0,30.0,30.0,79.0,37.0,10000.0,0.0,39.0,6.11,9.46,243.0,1007.0,1,802,Clouds,scattered clouds,03d
2025-07-28 11:24:21,Dong Nai-Bien Hoa,Bien Hoa,30.0,30.0,30.0,79.0,37.0,10000.0,0.0,39.0,6.11,9.46,243.0,1007.0,1,802,Clouds,scattered clouds,03d
2025-07-28 11:28:08,Dong Nai-Bien Hoa,Bien Hoa,30.0,30.0,30.0,79.0,37.0,10000.0,0.0,39.0,6.11,9.46,243.0,1007.0,1,802,Clouds,scattered clouds,03d
2025-07-28 11:31:54,Dong Nai-Bien Hoa,Bien Hoa,29.47,29.47,30.0,72.0,34.21,10000.0,0.0,51.0,5.38,8.85,231.0,1007.0,1,803,Clouds,broken clouds,04d
2025-07-28 11:35:44,Dong Nai-Bien Hoa,Bien Hoa,29.47,29.47,30.0,72.0,34.21,10000.0,0.0,51.0,5.38,8.85,231.0,1007.0,1,803,Clouds,broken clouds,04d
2025-07-28 11:39:34,Dong Nai-Bien Hoa,Bien Hoa,29.47,29.47,30.0,72.0,34.21,10000.0,0.0,51.0,5.38,8.85,231.0,1007.0,1,803,Clouds,broken clouds,04d
2025-07-28 11:43:24,Dong Nai-Bien Hoa,Bien Hoa,29.47,29.47,30.0,72.0,34.21,10000.0,0.0,51.0,5.38,8.85,231.0,1007.0,1,803,Clouds,broken clouds,04d
2025-07-28 11:47:14,Dong Nai-Bien Hoa,Bien Hoa,30.03,30.0,30.03,70.0,35.11,10000.0,0.0,51.0,5.38,8.85,231.0,1007.0,1,803,Clouds,broken clouds,04d
2025-07-28 11:51:05,Dong Nai-Bien Hoa,Bien Hoa,30.03,30.0,30.03,70.0,35.11,10000.0,0.0,51.0,5.38,8.85,231.0,1007.0,1,803,Clouds,broken clouds,04d
2025-07-28 11:54:55,Dong Nai-Bien Hoa,Bien Hoa,30.03,30.0,30.03,70.0,35.11,10000.0,0.0,51.0,5.38,8.85,231.0,1007.0,1,803,Clouds,broken clouds,04d
2025-07-28 11:58:45,Dong Nai-Bien Hoa,Bien Hoa,30.03,30.0,30.03,70.0,35.11,10000.0,0.0,51.0,5.38,8.85,231.0,1007.0,1,803,Clouds,broken clouds,04d
2025-07-28 12:02:35,Dong Nai-Bien Hoa,Bien Hoa,30.59,30.0,30.59,74.0,37.59,10000.0,0.0,51.0,5.38,8.85,231.0,1007.0,1,803,Clouds,broken clouds,04d
2025-07-28 12:06:29,Dong Nai-Bien Hoa,Bien Hoa,30.59,30.0,30.59,74.0,37.59,10000.0,0.0,51.0,5.38,8.85,231.0,1007.0,1,803,Clouds,broken clouds,04d
2025-07-28 12:10:20,Dong Nai-Bien Hoa,Bien Hoa,30.59,30.0,30.59,74.0,37.59,10000.0,0.0,51.0,5.38,8.85,231.0,1007.0,1,803,Clouds,broken clouds,04d
2025-07-28 12:14:11,Dong Nai-Bien Hoa,Bien Hoa,30.59,30.0,30.59,74.0,37.59,10000.0,0.0,51.0,5.38,8.85,231.0,1007.0,1,803,Clouds,broken clouds,04d
2025-07-28 12:18:02,Dong Nai-Bien Hoa,Bien Hoa,30.59,30.0,30.59,74.0,37.59,10000.0,0.0,51.0,5.38,8.85,231.0,1007.0,1,803,Clouds,broken clouds,04d
2025-07-28 12:21:52,Dong Nai-Bien Hoa,Bien Hoa,31.7,30.0,31.7,72.0,38.7,10000.0,0.0,51.0,5.38,8.85,231.0,1007.0,1,803,Clouds,broken clouds,04d
2025-07-28 12:25:42,Dong Nai-Bien Hoa,Bien Hoa,31.7,30.0,31.7,72.0,38.7,10000.0,0.0,51.0,5.38,8.85,231.0,1007.0,1,803,Clouds,broken clouds,04d
2025-07-28 12:29:32,Dong Nai-Bien Hoa,Bien Hoa,31.7,30.0,31.7,72.0,38.7,10000.0,0.0,51.0,5.38,8.85,231.0,1007.0,1,803,Clouds,broken clouds,04d
2025-07-28 12:33:22,Dong Nai-Bien Hoa,Bien Hoa,30.59,30.0,30.59,69.0,36.24,10000.0,0.0,59.0,4.93,9.11,220.0,1006.0,1,803,Clouds,broken clouds,04d
2025-07-28 12:37:12,Dong Nai-Bien Hoa,Bien Hoa,30.59,30.0,30.59,69.0,36.24,10000.0,0.0,59.0,4.93,9.11,220.0,1006.0,1,803,Clouds,broken clouds,04d
2025-07-28 12:41:02,Dong Nai-Bien Hoa,Bien Hoa,30.59,30.0,30.59,69.0,36.24,10000.0,0.0,59.0,4.93,9.11,220.0,1006.0,1,803,Clouds,broken clouds,04d
2025-07-28 12:44:52,Dong Nai-Bien Hoa,Bien Hoa,30.59,30.59,31.0,69.0,36.24,10000.0,0.0,59.0,4.93,9.11,220.0,1006.0,1,803,Clouds,broken clouds,04d
2025-07-28 12:48:44,Dong Nai-Bien Hoa,Bien Hoa,31.14,31.0,31.14,67.0,37.07,10000.0,0.0,59.0,4.93,9.11,220.0,1006.0,1,803,Clouds,broken clouds,04d
2025-07-28 12:52:33,Dong Nai-Bien Hoa,Bien Hoa,31.14,31.0,31.14,67.0,37.07,10000.0,0.0,59.0,4.93,9.11,220.0,1006.0,1,803,Clouds,broken clouds,04d
2025-07-28 12:56:23,Dong Nai-Bien Hoa,Bien Hoa,31.14,31.0,31.14,67.0,37.07,10000.0,0.0,59.0,4.93,9.11,220.0,1006.0,1,803,Clouds,broken clouds,04d
2025-07-28 13:00:14,Dong Nai-Bien Hoa,Bien Hoa,31.14,31.0,31.14,67.0,37.07,10000.0,0.0,76.0,4.91,8.84,219.0,1006.0,1,803,Clouds,broken clouds,04d
2025-07-28 13:04:05,Dong Nai-Bien Hoa,Bien Hoa,31.14,31.0,31.14,67.0,37.07,10000.0,0.0,76.0,4.91,8.84,219.0,1006.0,1,803,Clouds,broken clouds,04d
2025-07-28 13:07:55,Dong Nai-Bien Hoa,Bien Hoa,31.14,31.0,31.14,67.0,37.07,10000.0,0.0,76.0,4.91,8.84,219.0,1006.0,1,803,Clouds,broken clouds,04d
2025-07-28 13:11:46,Dong Nai-Bien Hoa,Bien Hoa,31.7,31.0,31.7,67.0,38.53,10000.0,0.0,76.0,4.91,8.84,219.0,1006.0,1,803,Clouds,broken clouds,04d
2025-07-28 13:15:36,Dong Nai-Bien Hoa,Bien Hoa,31.7,31.0,31.7,67.0,38.53,10000.0,0.0,76.0,4.91,8.84,219.0,1006.0,1,803,Clouds,broken clouds,04d
2025-07-28 13:19:26,Dong Nai-Bien Hoa,Bien Hoa,31.7,31.0,31.7,67.0,38.53,10000.0,0.0,76.0,4.91,8.84,219.0,1006.0,1,803,Clouds,broken clouds,04d
2025-07-28 13:23:17,Dong Nai-Bien Hoa,Bien Hoa,30.59,30.59,31.0,67.0,35.71,10000.0,0.0,76.0,4.91,8.84,219.0,1006.0,1,803,Clouds,broken clouds,04d
2025-07-28 13:27:09,Dong Nai-Bien Hoa,Bien Hoa,30.59,30.59,31.0,67.0,35.71,10000.0,0.0,76.0,4.91,8.84,219.0,1006.0,1,803,Clouds,broken clouds,04d
2025-07-28 13:30:59,Dong Nai-Bien Hoa,Bien Hoa,30.59,30.59,31.0,67.0,35.71,10000.0,0.0,76.0,4.91,8.84,219.0,1006.0,1,803,Clouds,broken clouds,04d
2025-07-28 13:34:49,Dong Nai-Bien Hoa,Bien Hoa,30.59,30.59,31.0,66.0,35.45,10000.0,0.0,100.0,5.91,9.54,219.0,1005.0,1,804,Clouds,overcast clouds,04d
2025-07-28 13:38:39,Dong Nai-Bien Hoa,Bien Hoa,30.59,30.59,31.0,66.0,35.45,10000.0,0.0,100.0,5.91,9.54,219.0,1005.0,1,804,Clouds,overcast clouds,04d
2025-07-28 13:42:30,Dong Nai-Bien Hoa,Bien Hoa,30.59,30.59,31.0,68.0,35.98,10000.0,0.0,100.0,5.91,9.54,219.0,1005.0,1,804,Clouds,overcast clouds,04d
2025-07-28 13:46:20,Dong Nai-Bien Hoa,Bien Hoa,30.59,30.59,31.0,68.0,35.98,10000.0,0.0,100.0,5.91,9.54,219.0,1005.0,1,804,Clouds,overcast clouds,04d
2025-07-28 13:50:11,Dong Nai-Bien Hoa,Bien Hoa,30.59,30.59,31.0,68.0,35.98,10000.0,0.0,100.0,5.91,9.54,219.0,1005.0,1,804,Clouds,overcast clouds,04d
2025-07-28 13:54:00,Dong Nai-Bien Hoa,Bien Hoa,30.03,30.03,31.0,68.0,34.63,10000.0,0.0,100.0,5.91,9.54,219.0,1005.0,1,804,Clouds,overcast clouds,04d
2025-07-28 13:57:51,Dong Nai-Bien Hoa,Bien Hoa,30.03,30.03,31.0,68.0,34.63,10000.0,0.0,100.0,5.91,9.54,219.0,1005.0,1,804,Clouds,overcast clouds,04d
2025-07-28 14:01:40,Dong Nai-Bien Hoa,Bien Hoa,30.03,30.03,31.0,71.0,35.36,10000.0,0.0,100.0,5.91,9.54,219.0,1005.0,1,804,Clouds,overcast clouds,04d
2025-07-28 14:05:31,Dong Nai-Bien Hoa,Bien Hoa,30.03,30.03,31.0,71.0,35.36,10000.0,0.0,100.0,5.91,9.54,219.0,1005.0,1,804,Clouds,overcast clouds,04d
2025-07-28 14:09:22,Dong Nai-Bien Hoa,Bien Hoa,29.47,29.47,31.0,71.0,34.0,10000.0,0.0,100.0,5.91,9.54,219.0,1005.0,1,804,Clouds,overcast clouds,04d
2025-07-28 14:13:14,Dong Nai-Bien Hoa,Bien Hoa,29.47,29.47,31.0,71.0,34.0,10000.0,0.0,100.0,5.91,9.54,219.0,1005.0,1,804,Clouds,overcast clouds,04d
2025-07-28 14:17:05,Dong Nai-Bien Hoa,Bien Hoa,29.47,29.47,30.0,72.0,34.21,10000.0,0.0,100.0,5.91,9.54,219.0,1005.0,1,804,Clouds,overcast clouds,04d
2025-07-28 14:20:54,Dong Nai-Bien Hoa,Bien Hoa,29.47,29.47,30.0,72.0,34.21,10000.0,0.0,100.0,5.91,9.54,219.0,1005.0,1,804,Clouds,overcast clouds,04d
2025-07-28 14:24:45,Dong Nai-Bien Hoa,Bien Hoa,29.47,29.47,30.0,72.0,34.21,10000.0,0.0,100.0,5.91,9.54,219.0,1005.0,1,804,Clouds,overcast clouds,04d
2025-07-28 14:28:35,Dong Nai-Bien Hoa,Bien Hoa,30.03,30.0,30.03,72.0,35.61,10000.0,0.0,100.0,5.91,9.54,219.0,1005.0,1,804,Clouds,overcast clouds,04d
2025-07-28 14:32:27,Dong Nai-Bien Hoa,Bien Hoa,30.03,30.0,30.03,72.0,35.61,10000.0,0.0,100.0,5.91,9.54,219.0,1005.0,1,804,Clouds,overcast clouds,04d
2025-07-28 14:36:17,Dong Nai-Bien Hoa,Bien Hoa,29.47,29.47,30.0,71.0,34.0,10000.0,0.0,100.0,7.04,12.03,227.0,1004.0,1,804,Clouds,overcast clouds,04d
2025-07-28 14:40:10,Dong Nai-Bien Hoa,Bien Hoa,29.47,29.47,30.0,71.0,34.0,10000.0,0.0,100.0,7.04,12.03,227.0,1004.0,1,804,Clouds,overcast clouds,04d
2025-07-28 14:44:00,Dong Nai-Bien Hoa,Bien Hoa,30.03,29.0,30.03,71.0,35.36,10000.0,0.0,100.0,7.04,12.03,227.0,1004.0,1,804,Clouds,overcast clouds,04d
2025-07-28 14:47:50,Dong Nai-Bien Hoa,Bien Hoa,30.03,29.0,30.03,73.0,35.86,10000.0,0.0,100.0,7.04,12.03,227.0,1004.0,1,804,Clouds,overcast clouds,04d
2025-07-28 14:51:40,Dong Nai-Bien Hoa,Bien Hoa,30.03,29.0,30.03,73.0,35.86,10000.0,0.0,100.0,7.04,12.03,227.0,1004.0,1,804,Clouds,overcast clouds,04d
2025-07-28 14:55:31,Dong Nai-Bien Hoa,Bien Hoa,30.03,29.0,30.03,73.0,35.86,10000.0,0.0,100.0,7.04,12.03,227.0,1004.0,1,804,Clouds,overcast clouds,04d
2025-07-28 14:59:21,Dong Nai-Bien Hoa,Bien Hoa,30.03,29.0,30.03,73.0,35.86,10000.0,0.0,100.0,7.04,12.03,227.0,1004.0,1,804,Clouds,overcast clouds,04d
2025-07-28 15:03:13,Dong Nai-Bien Hoa,Bien Hoa,30.03,29.0,30.03,76.0,36.65,10000.0,0.0,100.0,7.04,12.03,227.0,1005.0,1,804,Clouds,overcast clouds,04d
2025-07-28 15:07:05,Dong Nai-Bien Hoa,Bien Hoa,30.03,29.0,30.03,76.0,36.65,10000.0,0.0,100.0,7.04,12.03,227.0,1005.0,1,804,Clouds,overcast clouds,04d
2025-07-28 15:10:56,Dong Nai-Bien Hoa,Bien Hoa,30.03,29.0,30.03,76.0,36.65,10000.0,0.0,100.0,7.04,12.03,227.0,1005.0,1,804,Clouds,overcast clouds,04d
2025-07-28 15:14:46,Dong Nai-Bien Hoa,Bien Hoa,30.03,29.0,30.03,76.0,36.65,10000.0,0.0,100.0,7.04,12.03,227.0,1005.0,1,804,Clouds,overcast clouds,04d
2025-07-28 15:18:37,Dong Nai-Bien Hoa,Bien Hoa,29.47,29.47,31.0,76.0,35.12,10000.0,0.0,100.0,7.04,12.03,227.0,1005.0,1,804,Clouds,overcast clouds,04d
2025-07-28 15:22:27,Dong Nai-Bien Hoa,Bien Hoa,30.03,29.0,30.03,76.0,36.65,10000.0,0.0,100.0,7.04,12.03,227.0,1005.0,1,804,Clouds,overcast clouds,04d
2025-07-28 15:26:18,Dong Nai-Bien Hoa,Bien Hoa,29.47,29.47,31.0,76.0,35.12,10000.0,0.0,100.0,7.04,12.03,227.0,1005.0,1,804,Clouds,overcast clouds,04d
2025-07-28 15:30:11,Dong Nai-Bien Hoa,Bien Hoa,29.47,29.47,31.0,74.0,34.66,10000.0,0.0,100.0,6.03,12.41,239.0,1004.0,1,804,Clouds,overcast clouds,04d
2025-07-28 15:34:01,Dong Nai-Bien Hoa,Bien Hoa,29.47,29.47,31.0,74.0,34.66,10000.0,0.0,100.0,6.03,12.41,239.0,1004.0,1,804,Clouds,overcast clouds,04d
2025-07-28 15:37:52,Dong Nai-Bien Hoa,Bien Hoa,29.47,29.47,31.0,74.0,34.66,10000.0,0.0,100.0,6.03,12.41,239.0,1004.0,1,804,Clouds,overcast clouds,04d
2025-07-28 15:41:42,Dong Nai-Bien Hoa,Bien Hoa,29.47,29.47,31.0,71.0,34.0,10000.0,0.0,100.0,6.03,12.41,239.0,1004.0,1,804,Clouds,overcast clouds,04d
2025-07-28 15:45:32,Dong Nai-Bien Hoa,Bien Hoa,29.47,29.47,31.0,71.0,34.0,10000.0,0.0,100.0,6.03,12.41,239.0,1004.0,1,804,Clouds,overcast clouds,04d
2025-07-28 15:49:23,Dong Nai-Bien Hoa,Bien Hoa,29.47,29.0,29.47,73.0,34.43,10000.0,0.0,100.0,6.03,12.41,239.0,1004.0,1,804,Clouds,overcast clouds,04d
2025-07-28 15:53:15,Dong Nai-Bien Hoa,Bien Hoa,29.47,29.0,29.47,73.0,34.43,10000.0,0.0,100.0,6.03,12.41,239.0,1004.0,1,804,Clouds,overcast clouds,04d
2025-07-28 15:57:06,Dong Nai-Bien Hoa,Bien Hoa,29.47,29.0,29.47,73.0,34.43,10000.0,0.0,100.0,6.03,12.41,239.0,1004.0,1,804,Clouds,overcast clouds,04d
2025-07-28 16:00:57,Dong Nai-Bien Hoa,Bien Hoa,29.47,29.0,29.47,73.0,34.43,10000.0,0.0,100.0,6.03,12.41,239.0,1004.0,1,804,Clouds,overcast clouds,04d
2025-07-28 16:04:48,Dong Nai-Bien Hoa,Bien Hoa,29.47,29.0,29.47,73.0,34.43,10000.0,0.0,100.0,6.03,12.41,239.0,1004.0,1,804,Clouds,overcast clouds,04d
2025-07-28 16:08:37,Dong Nai-Bien Hoa,Bien Hoa,29.47,29.0,29.47,75.0,34.89,10000.0,0.0,100.0,6.03,12.41,239.0,1005.0,1,804,Clouds,overcast clouds,04d
2025-07-28 16:12:29,Dong Nai-Bien Hoa,Bien Hoa,29.47,29.0,29.47,75.0,34.89,10000.0,0.0,100.0,6.03,12.41,239.0,1005.0,1,804,Clouds,overcast clouds,04d
2025-07-28 16:16:19,Dong Nai-Bien Hoa,Bien Hoa,29.47,29.0,29.47,75.0,34.89,10000.0,0.0,100.0,6.03,12.41,239.0,1005.0,1,804,Clouds,overcast clouds,04d
2025-07-28 16:20:10,Dong Nai-Bien Hoa,Bien Hoa,28.92,28.92,29.0,75.0,33.5,10000.0,0.0,100.0,6.03,12.41,239.0,1005.0,1,804,Clouds,overcast clouds,04d
2025-07-28 16:24:00,Dong Nai-Bien Hoa,Bien Hoa,28.92,28.92,29.0,75.0,33.5,10000.0,0.0,100.0,6.03,12.41,239.0,1005.0,1,804,Clouds,overcast clouds,04d
2025-07-28 16:27:50,Dong Nai-Bien Hoa,Bien Hoa,29.47,29.0,29.47,75.0,34.89,10000.0,0.0,100.0,6.03,12.41,239.0,1005.0,1,804,Clouds,overcast clouds,04d
2025-07-28 16:31:40,Dong Nai-Bien Hoa,Bien Hoa,29.47,29.0,29.47,75.0,34.89,10000.0,0.0,100.0,6.03,12.41,239.0,1005.0,1,804,Clouds,overcast clouds,04d
2025-07-28 16:35:31,Dong Nai-Bien Hoa,Bien Hoa,29.47,29.0,29.47,75.0,34.89,10000.0,0.0,100.0,6.03,12.41,239.0,1005.0,1,804,Clouds,overcast clouds,04d
2025-07-28 16:39:21,Dong Nai-Bien Hoa,Bien Hoa,29.47,29.0,29.47,75.0,34.89,10000.0,0.0,100.0,6.03,12.41,239.0,1005.0,1,804,Clouds,overcast clouds,04d
2025-07-28 16:43:13,Dong Nai-Bien Hoa,Bien Hoa,28.92,28.92,29.0,72.0,32.92,10000.0,0.0,97.0,5.98,11.47,247.0,1004.0,1,804,Clouds,overcast clouds,04d
2025-07-28 16:47:04,Dong Nai-Bien Hoa,Bien Hoa,28.92,28.92,29.0,72.0,32.92,10000.0,0.0,97.0,5.98,11.47,247.0,1004.0,1,804,Clouds,overcast clouds,04d
2025-07-28 16:50:54,Dong Nai-Bien Hoa,Bien Hoa,28.92,28.92,29.0,72.0,32.92,10000.0,0.0,97.0,5.98,11.47,247.0,1004.0,1,804,Clouds,overcast clouds,04d
2025-07-28 16:54:45,Dong Nai-Bien Hoa,Bien Hoa,28.92,28.92,29.0,72.0,32.92,10000.0,0.0,97.0,5.98,11.47,247.0,1004.0,1,804,Clouds,overcast clouds,04d
2025-07-28 16:58:35,Dong Nai-Bien Hoa,Bien Hoa,28.92,28.92,29.0,72.0,32.92,10000.0,0.0,97.0,5.98,11.47,247.0,1004.0,1,804,Clouds,overcast clouds,04d
2025-07-28 17:02:25,Dong Nai-Bien Hoa,Bien Hoa,28.92,28.92,29.0,75.0,33.5,10000.0,0.0,97.0,5.98,11.47,247.0,1004.0,1,804,Clouds,overcast clouds,04d
2025-07-28 17:06:16,Dong Nai-Bien Hoa,Bien Hoa,28.92,28.92,29.0,75.0,33.5,10000.0,0.0,97.0,5.98,11.47,247.0,1004.0,1,804,Clouds,overcast clouds,04d
2025-07-28 17:10:07,Dong Nai-Bien Hoa,Bien Hoa,28.92,28.92,29.0,75.0,33.5,10000.0,0.0,97.0,5.98,11.47,247.0,1004.0,1,804,Clouds,overcast clouds,04d
2025-07-28 17:13:57,Dong Nai-Bien Hoa,Bien Hoa,28.92,28.92,29.0,75.0,33.5,10000.0,0.0,97.0,5.98,11.47,247.0,1004.0,1,804,Clouds,overcast clouds,04d
2025-07-28 17:17:47,Dong Nai-Bien Hoa,Bien Hoa,28.92,28.92,29.0,76.0,33.7,10000.0,0.0,97.0,5.98,11.47,247.0,1004.0,1,804,Clouds,overcast clouds,04d
2025-07-28 17:21:37,Dong Nai-Bien Hoa,Bien Hoa,28.92,28.92,29.0,76.0,33.7,10000.0,0.0,97.0,5.98,11.47,247.0,1004.0,1,804,Clouds,overcast clouds,04d
2025-07-28 17:25:27,Dong Nai-Bien Hoa,Bien Hoa,28.36,28.36,29.0,76.0,32.33,10000.0,0.0,97.0,5.98,11.47,247.0,1004.0,1,804,Clouds,overcast clouds,04d
2025-07-28 17:29:17,Dong Nai-Bien Hoa,Bien Hoa,28.36,28.36,29.0,76.0,32.33,10000.0,0.0,97.0,5.98,11.47,247.0,1004.0,1,804,Clouds,overcast clouds,04d
2025-07-28 17:33:09,Dong Nai-Bien Hoa,Bien Hoa,28.36,28.36,29.0,76.0,32.33,10000.0,0.0,97.0,5.98,11.47,247.0,1004.0,1,804,Clouds,overcast clouds,04d
2025-07-28 17:36:59,Dong Nai-Bien Hoa,Bien Hoa,28.36,28.36,29.0,74.0,32.0,10000.0,0.0,98.0,3.62,8.67,231.0,1004.0,1,804,Clouds,overcast clouds,04d
2025-07-28 17:40:49,Dong Nai-Bien Hoa,Bien Hoa,28.36,28.36,29.0,74.0,32.0,10000.0,0.0,98.0,3.62,8.67,231.0,1004.0,1,804,Clouds,overcast clouds,04d
2025-07-28 17:44:39,Dong Nai-Bien Hoa,Bien Hoa,28.36,28.36,29.0,74.0,32.0,10000.0,0.0,98.0,3.62,8.67,231.0,1004.0,1,804,Clouds,overcast clouds,04d
2025-07-28 17:48:28,Dong Nai-Bien Hoa,Bien Hoa,28.36,28.0,28.36,75.0,32.17,10000.0,0.0,98.0,3.62,8.67,231.0,1005.0,1,804,Clouds,overcast clouds,04d
2025-07-28 17:52:20,Dong Nai-Bien Hoa,Bien Hoa,28.36,28.0,28.36,75.0,32.17,10000.0,0.0,98.0,3.62,8.67,231.0,1005.0,1,804,Clouds,overcast clouds,04d
2025-07-28 17:56:11,Dong Nai-Bien Hoa,Bien Hoa,28.36,28.0,28.36,75.0,32.17,10000.0,0.0,98.0,3.62,8.67,231.0,1005.0,1,804,Clouds,overcast clouds,04d
2025-07-28 18:00:01,Dong Nai-Bien Hoa,Bien Hoa,28.36,28.0,28.36,75.0,32.17,10000.0,0.0,98.0,3.62,8.67,231.0,1005.0,1,804,Clouds,overcast clouds,04d
2025-07-28 18:03:51,Dong Nai-Bien Hoa,Bien Hoa,28.36,28.0,28.36,78.0,32.67,10000.0,0.0,98.0,3.62,8.67,231.0,1005.0,1,804,Clouds,overcast clouds,04d
2025-07-28 18:07:41,Dong Nai-Bien Hoa,Bien Hoa,28.36,28.0,28.36,78.0,32.67,10000.0,0.0,98.0,3.62,8.67,231.0,1005.0,1,804,Clouds,overcast clouds,04d
2025-07-28 18:11:31,Dong Nai-Bien Hoa,Bien Hoa,28.36,28.0,28.36,78.0,32.67,10000.0,0.0,98.0,3.62,8.67,231.0,1005.0,1,804,Clouds,overcast clouds,04d
2025-07-28 18:15:21,Dong Nai-Bien Hoa,Bien Hoa,28.36,28.0,28.36,78.0,32.67,10000.0,0.0,98.0,3.62,8.67,231.0,1005.0,1,804,Clouds,overcast clouds,04d
2025-07-28 18:19:13,Dong Nai-Bien Hoa,Bien Hoa,28.36,28.0,28.36,78.0,32.67,10000.0,0.0,98.0,3.62,8.67,231.0,1005.0,0,804,Clouds,overcast clouds,04d
2025-07-28 18:23:06,Dong Nai-Bien Hoa,Bien Hoa,27.81,27.81,28.0,78.0,31.35,10000.0,0.0,98.0,3.62,8.67,231.0,1005.0,0,804,Clouds,overcast clouds,04n
2025-07-28 18:26:56,Dong Nai-Bien Hoa,Bien Hoa,28.36,28.0,28.36,78.0,32.67,10000.0,0.0,98.0,3.62,8.67,231.0,1005.0,0,804,Clouds,overcast clouds,04d
2025-07-28 18:30:46,Dong Nai-Bien Hoa,Bien Hoa,27.81,27.81,28.0,75.0,30.94,10000.0,0.0,89.0,5.32,11.1,231.0,1005.0,0,804,Clouds,overcast clouds,04n
2025-07-28 18:34:36,Dong Nai-Bien Hoa,Bien Hoa,27.81,27.81,28.0,75.0,30.94,10000.0,0.0,89.0,5.32,11.1,231.0,1005.0,0,804,Clouds,overcast clouds,04n
2025-07-28 18:38:26,Dong Nai-Bien Hoa,Bien Hoa,27.81,27.81,28.0,75.0,30.94,10000.0,0.0,89.0,5.32,11.1,231.0,1005.0,0,804,Clouds,overcast clouds,04n
2025-07-28 18:42:16,Dong Nai-Bien Hoa,Bien Hoa,27.81,27.81,28.0,74.0,30.81,10000.0,0.0,95.0,3.8,9.28,212.0,1005.0,0,804,Clouds,overcast clouds,04n
2025-07-28 18:46:08,Dong Nai-Bien Hoa,Bien Hoa,27.81,27.81,28.0,74.0,30.81,10000.0,0.0,95.0,3.8,9.28,212.0,1005.0,0,804,Clouds,overcast clouds,04n
2025-07-28 18:49:58,Dong Nai-Bien Hoa,Bien Hoa,27.81,27.81,28.0,74.0,30.81,10000.0,0.0,95.0,3.8,9.28,212.0,1005.0,0,804,Clouds,overcast clouds,04n
2025-07-28 18:53:48,Dong Nai-Bien Hoa,Bien Hoa,27.81,27.81,28.0,74.0,30.81,10000.0,0.0,95.0,3.8,9.28,212.0,1005.0,0,804,Clouds,overcast clouds,04n
2025-07-28 18:57:39,Dong Nai-Bien Hoa,Bien Hoa,27.81,27.81,28.0,74.0,30.81,10000.0,0.0,95.0,3.8,9.28,212.0,1005.0,0,804,Clouds,overcast clouds,04n
2025-07-28 19:01:30,Dong Nai-Bien Hoa,Bien Hoa,27.81,27.81,28.0,74.0,30.81,10000.0,0.0,95.0,3.8,9.28,212.0,1005.0,0,804,Clouds,overcast clouds,04n
2025-07-28 19:05:22,Dong Nai-Bien Hoa,Bien Hoa,27.81,27.81,28.0,74.0,30.81,10000.0,0.0,95.0,3.8,9.28,212.0,1005.0,0,804,Clouds,overcast clouds,04n
2025-07-28 19:09:14,Dong Nai-Bien Hoa,Bien Hoa,27.81,27.81,28.0,74.0,30.81,10000.0,0.0,95.0,3.8,9.28,212.0,1005.0,0,804,Clouds,overcast clouds,04n
2025-07-28 19:13:01,Dong Nai-Bien Hoa,Bien Hoa,27.81,27.81,28.0,74.0,30.81,10000.0,0.0,95.0,3.8,9.28,212.0,1005.0,0,804,Clouds,overcast clouds,04n
2025-07-28 19:16:47,Dong Nai-Bien Hoa,Bien Hoa,27.81,27.81,28.0,74.0,30.81,10000.0,0.0,95.0,3.8,9.28,212.0,1005.0,0,804,Clouds,overcast clouds,04n
2025-07-28 19:20:33,Dong Nai-Bien Hoa,Bien Hoa,27.81,27.81,28.0,74.0,30.81,10000.0,0.0,95.0,3.8,9.28,212.0,1005.0,0,804,Clouds,overcast clouds,04n
2025-07-28 19:24:18,Dong Nai-Bien Hoa,Bien Hoa,27.81,27.81,28.0,74.0,30.81,10000.0,0.0,95.0,3.8,9.28,212.0,1005.0,0,804,Clouds,overcast clouds,04n
2025-07-28 19:28:05,Dong Nai-Bien Hoa,Bien Hoa,27.81,27.81,28.0,77.0,31.21,10000.0,0.0,95.0,3.8,9.28,212.0,1005.0,0,804,Clouds,overcast clouds,04n
2025-07-28 19:31:50,Dong Nai-Bien Hoa,Bien Hoa,27.81,27.81,28.0,77.0,31.21,10000.0,0.0,95.0,3.8,9.28,212.0,1005.0,0,804,Clouds,overcast clouds,04n
2025-07-28 19:35:37,Dong Nai-Bien Hoa,Bien Hoa,27.81,27.81,28.0,76.0,31.08,10000.0,0.0,34.0,4.94,10.67,230.0,1006.0,0,802,Clouds,scattered clouds,03n
2025-07-28 19:39:23,Dong Nai-Bien Hoa,Bien Hoa,27.81,27.81,28.0,76.0,31.08,10000.0,0.0,34.0,4.94,10.67,230.0,1006.0,0,802,Clouds,scattered clouds,03n
2025-07-28 19:43:09,Dong Nai-Bien Hoa,Bien Hoa,27.81,27.81,28.0,76.0,31.08,10000.0,0.0,34.0,4.94,10.67,230.0,1006.0,0,802,Clouds,scattered clouds,03n
2025-07-28 19:46:56,Dong Nai-Bien Hoa,Bien Hoa,27.81,27.81,28.0,76.0,31.08,10000.0,0.0,34.0,4.94,10.67,230.0,1006.0,0,802,Clouds,scattered clouds,03n
2025-07-28 19:50:48,Dong Nai-Bien Hoa,Bien Hoa,27.81,27.81,28.0,76.0,31.08,10000.0,0.0,34.0,4.94,10.67,230.0,1006.0,0,802,Clouds,scattered clouds,03n
2025-07-28 19:54:35,Dong Nai-Bien Hoa,Bien Hoa,27.81,27.81,28.0,76.0,31.08,10000.0,0.0,34.0,4.94,10.67,230.0,1006.0,0,802,Clouds,scattered clouds,03n
2025-07-28 19:58:21,Dong Nai-Bien Hoa,Bien Hoa,27.81,27.81,28.0,76.0,31.08,10000.0,0.0,34.0,4.94,10.67,230.0,1006.0,0,802,Clouds,scattered clouds,03n
2025-07-28 20:02:07,Dong Nai-Bien Hoa,Bien Hoa,27.81,27.81,28.0,79.0,31.49,10000.0,0.0,34.0,4.94,10.67,230.0,1006.0,0,802,Clouds,scattered clouds,03n
2025-07-28 20:05:53,Dong Nai-Bien Hoa,Bien Hoa,27.81,27.81,28.0,79.0,31.49,10000.0,0.0,34.0,4.94,10.67,230.0,1006.0,0,802,Clouds,scattered clouds,03n
2025-07-28 20:09:39,Dong Nai-Bien Hoa,Bien Hoa,27.81,27.81,28.0,79.0,31.49,10000.0,0.0,34.0,4.94,10.67,230.0,1006.0,0,802,Clouds,scattered clouds,03n
2025-07-28 20:13:26,Dong Nai-Bien Hoa,Bien Hoa,27.81,27.81,28.0,79.0,31.49,10000.0,0.0,34.0,4.94,10.67,230.0,1006.0,0,802,Clouds,scattered clouds,03n
2025-07-28 20:17:12,Dong Nai-Bien Hoa,Bien Hoa,27.81,27.81,28.0,79.0,31.49,10000.0,0.0,34.0,4.94,10.67,230.0,1006.0,0,802,Clouds,scattered clouds,03n
2025-07-28 20:20:58,Dong Nai-Bien Hoa,Bien Hoa,27.81,27.81,28.0,79.0,31.49,10000.0,0.0,34.0,4.94,10.67,230.0,1006.0,0,802,Clouds,scattered clouds,03n
2025-07-28 20:24:44,Dong Nai-Bien Hoa,Bien Hoa,27.81,27.81,28.0,79.0,31.49,10000.0,0.0,34.0,4.94,10.67,230.0,1006.0,0,802,Clouds,scattered clouds,03n
2025-07-28 20:28:30,Dong Nai-Bien Hoa,Bien Hoa,27.81,27.81,28.0,79.0,31.49,10000.0,0.0,34.0,4.94,10.67,230.0,1006.0,0,802,Clouds,scattered clouds,03n
2025-07-28 20:32:17,Dong Nai-Bien Hoa,Bien Hoa,27.81,27.81,28.0,78.0,31.35,10000.0,0.0,22.0,4.58,10.83,236.0,1007.0,0,801,Clouds,few clouds,02n
2025-07-28 20:36:04,Dong Nai-Bien Hoa,Bien Hoa,27.81,27.81,28.0,78.0,31.35,10000.0,0.0,22.0,4.58,10.83,236.0,1007.0,0,801,Clouds,few clouds,02n
2025-07-28 20:39:49,Dong Nai-Bien Hoa,Bien Hoa,27.81,27.81,28.0,78.0,31.35,10000.0,0.0,22.0,4.58,10.83,236.0,1007.0,0,801,Clouds,few clouds,02n
2025-07-28 20:43:35,Dong Nai-Bien Hoa,Bien Hoa,27.81,27.81,28.0,78.0,31.35,10000.0,0.0,22.0,4.58,10.83,236.0,1007.0,0,801,Clouds,few clouds,02n
2025-07-28 20:47:21,Dong Nai-Bien Hoa,Bien Hoa,27.25,27.0,27.25,79.0,30.2,10000.0,0.0,22.0,4.58,10.83,236.0,1007.0,0,801,Clouds,few clouds,02n
2025-07-28 20:51:12,Dong Nai-Bien Hoa,Bien Hoa,27.25,27.0,27.25,79.0,30.2,10000.0,0.0,22.0,4.58,10.83,236.0,1007.0,0,801,Clouds,few clouds,02n
2025-07-28 20:54:57,Dong Nai-Bien Hoa,Bien Hoa,27.25,27.0,27.25,79.0,30.2,10000.0,0.0,22.0,4.58,10.83,236.0,1007.0,0,801,Clouds,few clouds,02n
2025-07-28 20:58:44,Dong Nai-Bien Hoa,Bien Hoa,27.25,27.0,27.25,79.0,30.2,10000.0,0.0,22.0,4.58,10.83,236.0,1007.0,0,801,Clouds,few clouds,02n
2025-07-28 21:02:30,Dong Nai-Bien Hoa,Bien Hoa,27.81,27.0,27.81,82.0,31.92,10000.0,0.0,22.0,4.58,10.83,236.0,1006.0,0,801,Clouds,few clouds,02n
2025-07-28 21:06:17,Dong Nai-Bien Hoa,Bien Hoa,27.25,27.0,27.25,82.0,30.52,10000.0,0.0,22.0,4.58,10.83,236.0,1006.0,0,801,Clouds,few clouds,02n
2025-07-28 21:10:02,Dong Nai-Bien Hoa,Bien Hoa,27.81,27.0,27.81,82.0,31.92,10000.0,0.0,22.0,4.58,10.83,236.0,1006.0,0,801,Clouds,few clouds,02n
2025-07-28 21:13:48,Dong Nai-Bien Hoa,Bien Hoa,27.25,27.0,27.25,82.0,30.52,10000.0,0.0,22.0,4.58,10.83,236.0,1006.0,0,801,Clouds,few clouds,02n
2025-07-28 21:17:35,Dong Nai-Bien Hoa,Bien Hoa,27.25,27.0,27.25,82.0,30.52,10000.0,0.0,22.0,4.58,10.83,236.0,1006.0,0,801,Clouds,few clouds,02n
2025-07-28 21:21:21,Dong Nai-Bien Hoa,Bien Hoa,27.25,27.0,27.25,82.0,30.52,10000.0,0.0,22.0,4.58,10.83,236.0,1006.0,0,801,Clouds,few clouds,02n
2025-07-28 21:25:07,Dong Nai-Bien Hoa,Bien Hoa,27.25,27.0,27.25,82.0,30.52,10000.0,0.0,22.0,4.58,10.83,236.0,1006.0,0,801,Clouds,few clouds,02n
2025-07-28 21:28:53,Dong Nai-Bien Hoa,Bien Hoa,27.25,27.0,27.25,82.0,30.52,10000.0,0.0,22.0,4.58,10.83,236.0,1006.0,0,801,Clouds,few clouds,02n
2025-07-28 21:32:56,Dong Nai-Bien Hoa,Bien Hoa,27.81,27.0,27.81,81.0,31.77,10000.0,0.0,43.0,4.34,10.57,236.0,1007.0,0,802,Clouds,scattered clouds,03n
2025-07-28 21:36:41,Dong Nai-Bien Hoa,Bien Hoa,27.81,27.0,27.81,81.0,31.77,10000.0,0.0,43.0,4.34,10.57,236.0,1007.0,0,802,Clouds,scattered clouds,03n
2025-07-28 21:40:27,Dong Nai-Bien Hoa,Bien Hoa,27.81,27.0,27.81,81.0,31.77,10000.0,0.0,43.0,4.34,10.57,236.0,1007.0,0,802,Clouds,scattered clouds,03n
2025-07-28 21:44:13,Dong Nai-Bien Hoa,Bien Hoa,27.25,27.25,28.0,81.0,30.41,10000.0,0.0,43.0,4.34,10.57,236.0,1007.0,0,802,Clouds,scattered clouds,03n
2025-07-28 21:47:59,Dong Nai-Bien Hoa,Bien Hoa,27.25,27.25,28.0,79.0,30.2,10000.0,0.0,43.0,4.34,10.57,236.0,1007.0,0,802,Clouds,scattered clouds,03n
2025-07-28 21:51:45,Dong Nai-Bien Hoa,Bien Hoa,27.25,27.25,28.0,81.0,30.41,10000.0,0.0,43.0,4.34,10.57,236.0,1007.0,0,802,Clouds,scattered clouds,03n
2025-07-28 21:55:31,Dong Nai-Bien Hoa,Bien Hoa,27.81,27.81,28.0,79.0,31.49,10000.0,0.0,43.0,4.34,10.57,236.0,1007.0,0,802,Clouds,scattered clouds,03n
2025-07-28 21:59:17,Dong Nai-Bien Hoa,Bien Hoa,27.81,27.81,28.0,79.0,31.49,10000.0,0.0,43.0,4.34,10.57,236.0,1007.0,0,802,Clouds,scattered clouds,03n
2025-07-28 22:03:03,Dong Nai-Bien Hoa,Bien Hoa,27.81,27.81,28.0,79.0,31.49,10000.0,0.0,43.0,4.34,10.57,236.0,1007.0,0,802,Clouds,scattered clouds,03n
2025-07-28 22:06:49,Dong Nai-Bien Hoa,Bien Hoa,27.25,27.25,28.0,81.0,30.41,10000.0,0.0,43.0,4.34,10.57,236.0,1007.0,0,802,Clouds,scattered clouds,03n
2025-07-28 22:10:35,Dong Nai-Bien Hoa,Bien Hoa,27.25,27.25,28.0,81.0,30.41,10000.0,0.0,43.0,4.34,10.57,236.0,1007.0,0,802,Clouds,scattered clouds,03n
2025-07-28 22:14:21,Dong Nai-Bien Hoa,Bien Hoa,27.25,27.25,28.0,81.0,30.41,10000.0,0.0,43.0,4.34,10.57,236.0,1007.0,0,802,Clouds,scattered clouds,03n
2025-07-28 22:18:08,Dong Nai-Bien Hoa,Bien Hoa,27.25,27.25,28.0,81.0,30.41,10000.0,0.0,43.0,4.34,10.57,236.0,1007.0,0,802,Clouds,scattered clouds,03n
2025-07-28 22:21:53,Dong Nai-Bien Hoa,Bien Hoa,27.25,27.25,28.0,81.0,30.41,10000.0,0.0,43.0,4.34,10.57,236.0,1007.0,0,802,Clouds,scattered clouds,03n
2025-07-28 22:25:39,Dong Nai-Bien Hoa,Bien Hoa,27.25,27.25,28.0,81.0,30.41,10000.0,0.0,43.0,4.34,10.57,236.0,1007.0,0,802,Clouds,scattered clouds,03n
2025-07-28 22:29:25,Dong Nai-Bien Hoa,Bien Hoa,27.25,27.25,28.0,81.0,30.41,10000.0,0.0,43.0,4.34,10.57,236.0,1007.0,0,802,Clouds,scattered clouds,03n
2025-07-28 22:33:10,Dong Nai-Bien Hoa,Bien Hoa,27.25,27.25,28.0,81.0,30.41,10000.0,0.0,43.0,4.34,10.57,236.0,1007.0,0,802,Clouds,scattered clouds,03n
2025-07-28 22:36:56,Dong Nai-Bien Hoa,Bien Hoa,27.25,27.25,28.0,81.0,30.41,10000.0,0.0,49.0,4.36,11.19,238.0,1007.0,0,802,Clouds,scattered clouds,03n
2025-07-28 22:40:42,Dong Nai-Bien Hoa,Bien Hoa,27.25,27.25,28.0,81.0,30.41,10000.0,0.0,49.0,4.36,11.19,238.0,1007.0,0,802,Clouds,scattered clouds,03n
2025-07-28 22:44:28,Dong Nai-Bien Hoa,Bien Hoa,27.25,27.25,28.0,81.0,30.41,10000.0,0.0,49.0,4.36,11.19,238.0,1007.0,0,802,Clouds,scattered clouds,03n
2025-07-28 22:48:14,Dong Nai-Bien Hoa,Bien Hoa,27.25,27.0,27.25,82.0,30.52,10000.0,0.0,49.0,4.36,11.19,238.0,1007.0,0,802,Clouds,scattered clouds,03n
2025-07-28 22:52:00,Dong Nai-Bien Hoa,Bien Hoa,27.25,27.0,27.25,82.0,30.52,10000.0,0.0,49.0,4.36,11.19,238.0,1007.0,0,802,Clouds,scattered clouds,03n
2025-07-28 22:55:46,Dong Nai-Bien Hoa,Bien Hoa,27.25,27.0,27.25,82.0,30.52,10000.0,0.0,49.0,4.36,11.19,238.0,1007.0,0,802,Clouds,scattered clouds,03n
2025-07-28 22:59:32,Dong Nai-Bien Hoa,Bien Hoa,27.25,27.0,27.25,82.0,30.52,10000.0,0.0,49.0,4.36,11.19,238.0,1007.0,0,802,Clouds,scattered clouds,03n
2025-07-28 23:03:18,Dong Nai-Bien Hoa,Bien Hoa,27.25,27.0,27.25,84.0,30.75,10000.0,0.0,49.0,4.36,11.19,238.0,1007.0,0,802,Clouds,scattered clouds,03n
2025-07-28 23:07:04,Dong Nai-Bien Hoa,Bien Hoa,27.25,27.0,27.25,84.0,30.75,10000.0,0.0,49.0,4.36,11.19,238.0,1007.0,0,802,Clouds,scattered clouds,03n
2025-07-28 23:10:50,Dong Nai-Bien Hoa,Bien Hoa,27.25,27.0,27.25,84.0,30.75,10000.0,0.0,49.0,4.36,11.19,238.0,1007.0,0,802,Clouds,scattered clouds,03n
2025-07-28 23:14:35,Dong Nai-Bien Hoa,Bien Hoa,27.25,27.0,27.25,84.0,30.75,10000.0,0.0,49.0,4.36,11.19,238.0,1007.0,0,802,Clouds,scattered clouds,03n
2025-07-28 23:18:21,Dong Nai-Bien Hoa,Bien Hoa,27.25,27.0,27.25,83.0,30.64,10000.0,0.0,49.0,4.36,11.19,238.0,1007.0,0,802,Clouds,scattered clouds,03n
2025-07-28 23:22:07,Dong Nai-Bien Hoa,Bien Hoa,27.25,27.0,27.25,83.0,30.64,10000.0,0.0,49.0,4.36,11.19,238.0,1007.0,0,802,Clouds,scattered clouds,03n
2025-07-28 23:25:53,Dong Nai-Bien Hoa,Bien Hoa,27.25,27.0,27.25,83.0,30.64,10000.0,0.0,49.0,4.36,11.19,238.0,1007.0,0,802,Clouds,scattered clouds,03n
2025-07-28 23:29:38,Dong Nai-Bien Hoa,Bien Hoa,27.25,27.0,27.25,83.0,30.64,10000.0,0.0,49.0,4.36,11.19,238.0,1007.0,0,802,Clouds,scattered clouds,03n
2025-07-28 23:33:24,Dong Nai-Bien Hoa,Bien Hoa,27.25,27.0,27.25,83.0,30.64,10000.0,0.0,59.0,4.42,11.36,236.0,1007.0,0,803,Clouds,broken clouds,04n
2025-07-28 23:37:10,Dong Nai-Bien Hoa,Bien Hoa,27.25,27.0,27.25,83.0,30.64,10000.0,0.0,59.0,4.42,11.36,236.0,1007.0,0,803,Clouds,broken clouds,04n
2025-07-28 23:40:57,Dong Nai-Bien Hoa,Bien Hoa,27.25,27.0,27.25,83.0,30.64,10000.0,0.0,59.0,4.42,11.36,236.0,1007.0,0,803,Clouds,broken clouds,04n
2025-07-28 23:44:42,Dong Nai-Bien Hoa,Bien Hoa,27.25,27.0,27.25,83.0,30.64,10000.0,0.0,59.0,4.42,11.36,236.0,1007.0,0,803,Clouds,broken clouds,04n
2025-07-28 23:48:28,Dong Nai-Bien Hoa,Bien Hoa,27.25,27.0,27.25,83.0,30.64,10000.0,0.0,59.0,4.42,11.36,236.0,1007.0,0,803,Clouds,broken clouds,04n
2025-07-28 23:52:15,Dong Nai-Bien Hoa,Bien Hoa,27.25,27.0,27.25,83.0,30.64,10000.0,0.0,59.0,4.42,11.36,236.0,1007.0,0,803,Clouds,broken clouds,04n
2025-07-28 23:56:04,Dong Nai-Bien Hoa,Bien Hoa,27.25,27.0,27.25,83.0,30.64,10000.0,0.0,59.0,4.42,11.36,236.0,1007.0,0,803,Clouds,broken clouds,04n
2025-07-28 23:59:50,Dong Nai-Bien Hoa,Bien Hoa,27.25,27.0,27.25,83.0,30.64,10000.0,0.0,59.0,4.42,11.36,236.0,1007.0,0,803,Clouds,broken clouds,04n
2025-07-29 00:03:36,Dong Nai-Bien Hoa,Bien Hoa,27.25,27.0,27.25,84.0,30.75,10000.0,0.0,59.0,4.42,11.36,236.0,1007.0,0,803,Clouds,broken clouds,04n
2025-07-29 00:07:23,Dong Nai-Bien Hoa,Bien Hoa,27.25,27.0,27.25,84.0,30.75,10000.0,0.0,59.0,4.42,11.36,236.0,1007.0,0,803,Clouds,broken clouds,04n
2025-07-29 00:11:10,Dong Nai-Bien Hoa,Bien Hoa,27.25,27.0,27.25,84.0,30.75,10000.0,0.0,59.0,4.42,11.36,236.0,1007.0,0,803,Clouds,broken clouds,04n
2025-07-29 00:14:56,Dong Nai-Bien Hoa,Bien Hoa,27.25,27.0,27.25,84.0,30.75,10000.0,0.0,59.0,4.42,11.36,236.0,1007.0,0,803,Clouds,broken clouds,04n
2025-07-29 00:18:42,Dong Nai-Bien Hoa,Bien Hoa,27.25,27.0,27.25,84.0,30.75,10000.0,0.0,59.0,4.42,11.36,236.0,1007.0,0,803,Clouds,broken clouds,04n
2025-07-29 00:22:27,Dong Nai-Bien Hoa,Bien Hoa,27.25,27.0,27.25,84.0,30.75,10000.0,0.0,59.0,4.42,11.36,236.0,1007.0,0,803,Clouds,broken clouds,04n
2025-07-29 00:26:13,Dong Nai-Bien Hoa,Bien Hoa,27.25,27.0,27.25,84.0,30.75,10000.0,0.0,59.0,4.42,11.36,236.0,1007.0,0,803,Clouds,broken clouds,04n
2025-07-29 00:30:00,Dong Nai-Bien Hoa,Bien Hoa,27.25,27.0,27.25,84.0,30.75,10000.0,0.0,55.0,4.0,11.17,235.0,1007.0,0,803,Clouds,broken clouds,04n
2025-07-29 00:33:46,Dong Nai-Bien Hoa,Bien Hoa,27.25,27.0,27.25,86.0,30.98,10000.0,0.0,55.0,4.0,11.17,235.0,1007.0,0,803,Clouds,broken clouds,04n
2025-07-29 00:37:32,Dong Nai-Bien Hoa,Bien Hoa,27.25,27.0,27.25,86.0,30.98,10000.0,0.0,55.0,4.0,11.17,235.0,1007.0,0,803,Clouds,broken clouds,04n
2025-07-29 00:41:17,Dong Nai-Bien Hoa,Bien Hoa,27.25,27.0,27.25,86.0,30.98,10000.0,0.0,55.0,4.0,11.17,235.0,1007.0,0,803,Clouds,broken clouds,04n
2025-07-29 00:45:04,Dong Nai-Bien Hoa,Bien Hoa,27.25,27.0,27.25,86.0,30.98,10000.0,0.0,55.0,4.0,11.17,235.0,1007.0,0,803,Clouds,broken clouds,04n
2025-07-29 00:48:50,Dong Nai-Bien Hoa,Bien Hoa,27.25,27.0,27.25,86.0,30.98,10000.0,0.0,55.0,4.0,11.17,235.0,1007.0,0,803,Clouds,broken clouds,04n
2025-07-29 00:52:37,Dong Nai-Bien Hoa,Bien Hoa,27.25,27.0,27.25,86.0,30.98,10000.0,0.0,67.0,3.87,10.64,230.0,1007.0,0,803,Clouds,broken clouds,04n
2025-07-29 00:56:23,Dong Nai-Bien Hoa,Bien Hoa,27.25,27.0,27.25,86.0,30.98,10000.0,0.0,67.0,3.87,10.64,230.0,1007.0,0,803,Clouds,broken clouds,04n
2025-07-29 01:00:09,Dong Nai-Bien Hoa,Bien Hoa,27.25,27.0,27.25,86.0,30.98,10000.0,0.0,67.0,3.87,10.64,230.0,1007.0,0,803,Clouds,broken clouds,04n
2025-07-29 01:03:55,Dong Nai-Bien Hoa,Bien Hoa,27.25,27.0,27.25,86.0,30.98,10000.0,0.0,67.0,3.87,10.64,230.0,1007.0,0,803,Clouds,broken clouds,04n
2025-07-29 01:07:41,Dong Nai-Bien Hoa,Bien Hoa,27.25,27.0,27.25,86.0,30.98,10000.0,0.0,67.0,3.87,10.64,230.0,1007.0,0,803,Clouds,broken clouds,04n
2025-07-29 01:11:27,Dong Nai-Bien Hoa,Bien Hoa,27.25,27.0,27.25,86.0,30.98,10000.0,0.0,67.0,3.87,10.64,230.0,1007.0,0,803,Clouds,broken clouds,04n
2025-07-29 01:15:13,Dong Nai-Bien Hoa,Bien Hoa,27.25,27.0,27.25,86.0,30.98,10000.0,0.0,67.0,3.87,10.64,230.0,1007.0,0,803,Clouds,broken clouds,04n
2025-07-29 01:19:00,Dong Nai-Bien Hoa,Bien Hoa,27.25,27.0,27.25,86.0,30.98,10000.0,0.0,67.0,3.87,10.64,230.0,1007.0,0,803,Clouds,broken clouds,04n
2025-07-29 01:22:46,Dong Nai-Bien Hoa,Bien Hoa,27.25,27.0,27.25,86.0,30.98,10000.0,0.0,67.0,3.87,10.64,230.0,1007.0,0,803,Clouds,broken clouds,04n
2025-07-29 01:26:31,Dong Nai-Bien Hoa,Bien Hoa,27.25,27.0,27.25,86.0,30.98,10000.0,0.0,67.0,3.87,10.64,230.0,1007.0,0,803,Clouds,broken clouds,04n
2025-07-29 01:30:17,Dong Nai-Bien Hoa,Bien Hoa,27.25,27.0,27.25,86.0,30.98,10000.0,0.0,67.0,3.87,10.64,230.0,1007.0,0,803,Clouds,broken clouds,04n
2025-07-29 01:34:03,Dong Nai-Bien Hoa,Bien Hoa,27.25,27.0,27.25,86.0,30.98,10000.0,0.0,82.0,3.48,9.59,228.0,1006.0,0,803,Clouds,broken clouds,04n
2025-07-29 01:37:49,Dong Nai-Bien Hoa,Bien Hoa,27.25,27.0,27.25,86.0,30.98,10000.0,0.0,82.0,3.48,9.59,228.0,1006.0,0,803,Clouds,broken clouds,04n
2025-07-29 01:41:35,Dong Nai-Bien Hoa,Bien Hoa,27.25,27.0,27.25,87.0,31.1,10000.0,0.0,82.0,3.48,9.59,228.0,1006.0,0,803,Clouds,broken clouds,04n
2025-07-29 01:45:21,Dong Nai-Bien Hoa,Bien Hoa,27.25,27.0,27.25,87.0,31.1,10000.0,0.0,82.0,3.48,9.59,228.0,1006.0,0,803,Clouds,broken clouds,04n
2025-07-29 01:49:07,Dong Nai-Bien Hoa,Bien Hoa,27.25,27.0,27.25,87.0,31.1,10000.0,0.0,82.0,3.48,9.59,228.0,1006.0,0,803,Clouds,broken clouds,04n
2025-07-29 01:52:53,Dong Nai-Bien Hoa,Bien Hoa,27.25,27.0,27.25,87.0,31.1,10000.0,0.0,82.0,3.48,9.59,228.0,1006.0,0,803,Clouds,broken clouds,04n
2025-07-29 01:56:39,Dong Nai-Bien Hoa,Bien Hoa,27.25,27.0,27.25,87.0,31.1,10000.0,0.0,82.0,3.48,9.59,228.0,1006.0,0,803,Clouds,broken clouds,04n
2025-07-29 02:00:25,Dong Nai-Bien Hoa,Bien Hoa,27.25,27.0,27.25,87.0,31.1,10000.0,0.0,82.0,3.48,9.59,228.0,1006.0,0,803,Clouds,broken clouds,04n
2025-07-29 02:04:10,Dong Nai-Bien Hoa,Bien Hoa,27.25,27.0,27.25,87.0,31.1,10000.0,0.0,82.0,3.48,9.59,228.0,1006.0,0,803,Clouds,broken clouds,04n
2025-07-29 02:07:56,Dong Nai-Bien Hoa,Bien Hoa,27.25,27.0,27.25,88.0,31.22,10000.0,0.0,82.0,3.48,9.59,228.0,1006.0,0,803,Clouds,broken clouds,04n
2025-07-29 02:11:45,Dong Nai-Bien Hoa,Bien Hoa,27.25,27.0,27.25,88.0,31.22,10000.0,0.0,82.0,3.48,9.59,228.0,1006.0,0,803,Clouds,broken clouds,04n
2025-07-29 02:15:32,Dong Nai-Bien Hoa,Bien Hoa,27.25,27.0,27.25,88.0,31.22,10000.0,0.0,82.0,3.48,9.59,228.0,1006.0,0,803,Clouds,broken clouds,04n
2025-07-29 02:19:17,Dong Nai-Bien Hoa,Bien Hoa,27.25,27.0,27.25,88.0,31.22,10000.0,0.0,82.0,3.48,9.59,228.0,1006.0,0,803,Clouds,broken clouds,04n
2025-07-29 02:23:04,Dong Nai-Bien Hoa,Bien Hoa,27.81,27.0,27.81,87.0,32.67,10000.0,0.0,82.0,3.48,9.59,228.0,1006.0,0,803,Clouds,broken clouds,04n
2025-07-29 02:26:50,Dong Nai-Bien Hoa,Bien Hoa,27.81,27.0,27.81,87.0,32.67,10000.0,0.0,82.0,3.48,9.59,228.0,1006.0,0,803,Clouds,broken clouds,04n
2025-07-29 02:30:38,Dong Nai-Bien Hoa,Bien Hoa,27.25,27.0,27.25,87.0,31.1,10000.0,0.0,70.0,2.64,6.74,217.0,1006.0,0,803,Clouds,broken clouds,04n
2025-07-29 02:34:25,Dong Nai-Bien Hoa,Bien Hoa,27.25,27.0,27.25,87.0,31.1,10000.0,0.0,70.0,2.64,6.74,217.0,1006.0,0,803,Clouds,broken clouds,04n
2025-07-29 02:38:11,Dong Nai-Bien Hoa,Bien Hoa,27.25,27.0,27.25,88.0,31.22,10000.0,0.0,70.0,2.64,6.74,217.0,1006.0,0,803,Clouds,broken clouds,04n
2025-07-29 02:41:57,Dong Nai-Bien Hoa,Bien Hoa,27.25,27.0,27.25,88.0,31.22,10000.0,0.0,70.0,2.64,6.74,217.0,1006.0,0,803,Clouds,broken clouds,04n
2025-07-29 02:45:43,Dong Nai-Bien Hoa,Bien Hoa,27.25,27.0,27.25,88.0,31.22,10000.0,0.0,70.0,2.64,6.74,217.0,1006.0,0,803,Clouds,broken clouds,04n
2025-07-29 02:49:29,Dong Nai-Bien Hoa,Bien Hoa,27.25,27.0,27.25,88.0,31.22,10000.0,0.0,70.0,2.64,6.74,217.0,1006.0,0,803,Clouds,broken clouds,04n
2025-07-29 02:53:19,Dong Nai-Bien Hoa,Bien Hoa,27.25,27.0,27.25,88.0,31.22,10000.0,0.0,70.0,2.64,6.74,217.0,1006.0,0,803,Clouds,broken clouds,04n
2025-07-29 02:57:06,Dong Nai-Bien Hoa,Bien Hoa,27.25,27.0,27.25,88.0,31.22,10000.0,0.0,70.0,2.64,6.74,217.0,1006.0,0,803,Clouds,broken clouds,04n
2025-07-29 03:00:52,Dong Nai-Bien Hoa,Bien Hoa,27.25,27.0,27.25,88.0,31.22,10000.0,0.0,70.0,2.64,6.74,217.0,1006.0,0,803,Clouds,broken clouds,04n
2025-07-29 03:04:38,Dong Nai-Bien Hoa,Bien Hoa,27.25,27.0,27.25,89.0,31.34,10000.0,0.0,70.0,2.64,6.74,217.0,1006.0,0,803,Clouds,broken clouds,04n
2025-07-29 03:08:24,Dong Nai-Bien Hoa,Bien Hoa,27.25,27.0,27.25,89.0,31.34,10000.0,0.0,70.0,2.64,6.74,217.0,1006.0,0,803,Clouds,broken clouds,04n
2025-07-29 03:12:13,Dong Nai-Bien Hoa,Bien Hoa,27.25,27.0,27.25,89.0,31.34,10000.0,0.0,70.0,2.64,6.74,217.0,1006.0,0,803,Clouds,broken clouds,04n
2025-07-29 03:15:59,Dong Nai-Bien Hoa,Bien Hoa,27.25,27.0,27.25,89.0,31.34,10000.0,0.0,70.0,2.64,6.74,217.0,1006.0,0,803,Clouds,broken clouds,04n
2025-07-29 03:19:44,Dong Nai-Bien Hoa,Bien Hoa,27.25,27.0,27.25,89.0,31.34,10000.0,0.0,70.0,2.64,6.74,217.0,1006.0,0,803,Clouds,broken clouds,04n
2025-07-29 03:23:30,Dong Nai-Bien Hoa,Bien Hoa,27.25,27.0,27.25,89.0,31.34,10000.0,0.0,70.0,2.64,6.74,217.0,1006.0,0,803,Clouds,broken clouds,04n
2025-07-29 03:27:16,Dong Nai-Bien Hoa,Bien Hoa,27.25,27.0,27.25,89.0,31.34,10000.0,0.0,70.0,2.64,6.74,217.0,1006.0,0,803,Clouds,broken clouds,04n
2025-07-29 03:31:09,Dong Nai-Bien Hoa,Bien Hoa,27.25,27.0,27.25,89.0,31.34,10000.0,0.0,56.0,2.39,5.83,217.0,1006.0,0,803,Clouds,broken clouds,04n
2025-07-29 03:34:56,Dong Nai-Bien Hoa,Bien Hoa,27.25,27.0,27.25,89.0,31.34,10000.0,0.0,56.0,2.39,5.83,217.0,1006.0,0,803,Clouds,broken clouds,04n
2025-07-29 03:38:41,Dong Nai-Bien Hoa,Bien Hoa,27.25,27.0,27.25,89.0,31.34,10000.0,0.0,56.0,2.39,5.83,217.0,1006.0,0,803,Clouds,broken clouds,04n
2025-07-29 03:42:27,Dong Nai-Bien Hoa,Bien Hoa,27.25,27.0,27.25,89.0,31.34,10000.0,0.0,56.0,2.39,5.83,217.0,1006.0,0,803,Clouds,broken clouds,04n
2025-07-29 03:46:13,Dong Nai-Bien Hoa,Bien Hoa,27.25,27.0,27.25,89.0,31.34,10000.0,0.0,56.0,2.39,5.83,217.0,1006.0,0,803,Clouds,broken clouds,04n
2025-07-29 03:49:58,Dong Nai-Bien Hoa,Bien Hoa,27.25,27.0,27.25,89.0,31.34,10000.0,0.0,56.0,2.39,5.83,217.0,1006.0,0,803,Clouds,broken clouds,04n
2025-07-29 03:53:44,Dong Nai-Bien Hoa,Bien Hoa,27.25,27.0,27.25,89.0,31.34,10000.0,0.0,56.0,2.39,5.83,217.0,1006.0,0,803,Clouds,broken clouds,04n
2025-07-29 03:57:30,Dong Nai-Bien Hoa,Bien Hoa,27.25,27.0,27.25,89.0,31.34,10000.0,0.0,56.0,2.39,5.83,217.0,1006.0,0,803,Clouds,broken clouds,04n
2025-07-29 04:01:16,Dong Nai-Bien Hoa,Bien Hoa,27.25,27.0,27.25,89.0,31.34,10000.0,0.0,56.0,2.39,5.83,217.0,1006.0,0,803,Clouds,broken clouds,04n
2025-07-29 04:05:02,Dong Nai-Bien Hoa,Bien Hoa,27.25,27.0,27.25,89.0,31.34,10000.0,0.0,56.0,2.39,5.83,217.0,1006.0,0,803,Clouds,broken clouds,04n
2025-07-29 04:08:47,Dong Nai-Bien Hoa,Bien Hoa,27.25,27.0,27.25,89.0,31.34,10000.0,0.0,56.0,2.39,5.83,217.0,1006.0,0,803,Clouds,broken clouds,04n
2025-07-29 04:12:33,Dong Nai-Bien Hoa,Bien Hoa,27.25,27.0,27.25,89.0,31.34,10000.0,0.0,56.0,2.39,5.83,217.0,1006.0,0,803,Clouds,broken clouds,04n
2025-07-29 04:16:19,Dong Nai-Bien Hoa,Bien Hoa,27.25,27.0,27.25,88.0,31.22,10000.0,0.0,56.0,2.39,5.83,217.0,1006.0,0,803,Clouds,broken clouds,04n
2025-07-29 04:20:06,Dong Nai-Bien Hoa,Bien Hoa,27.25,27.0,27.25,88.0,31.22,10000.0,0.0,56.0,2.39,5.83,217.0,1006.0,0,803,Clouds,broken clouds,04n
2025-07-29 04:23:52,Dong Nai-Bien Hoa,Bien Hoa,27.25,27.0,27.25,88.0,31.22,10000.0,0.0,56.0,2.39,5.83,217.0,1006.0,0,803,Clouds,broken clouds,04n
2025-07-29 04:27:39,Dong Nai-Bien Hoa,Bien Hoa,27.25,27.0,27.25,88.0,31.22,10000.0,0.0,56.0,2.39,5.83,217.0,1006.0,0,803,Clouds,broken clouds,04n
2025-07-29 04:31:32,Dong Nai-Bien Hoa,Bien Hoa,27.25,27.0,27.25,88.0,31.22,10000.0,0.0,56.0,2.39,5.83,217.0,1006.0,0,803,Clouds,broken clouds,04n
2025-07-29 04:35:23,Dong Nai-Bien Hoa,Bien Hoa,27.25,27.0,27.25,88.0,31.22,10000.0,0.0,56.0,2.39,5.83,217.0,1006.0,0,803,Clouds,broken clouds,04n
2025-07-29 04:39:09,Dong Nai-Bien Hoa,Bien Hoa,27.25,27.0,27.25,90.0,31.46,10000.0,0.0,46.0,2.09,4.58,210.0,1006.0,0,802,Clouds,scattered clouds,03n
2025-07-29 04:42:55,Dong Nai-Bien Hoa,Bien Hoa,27.25,27.0,27.25,90.0,31.46,10000.0,0.0,46.0,2.09,4.58,210.0,1006.0,0,802,Clouds,scattered clouds,03n
2025-07-29 04:46:41,Dong Nai-Bien Hoa,Bien Hoa,27.25,27.0,27.25,90.0,31.46,10000.0,0.0,46.0,2.09,4.58,210.0,1006.0,0,802,Clouds,scattered clouds,03n
2025-07-29 04:50:26,Dong Nai-Bien Hoa,Bien Hoa,27.25,27.0,27.25,90.0,31.46,10000.0,0.0,46.0,2.09,4.58,210.0,1006.0,0,802,Clouds,scattered clouds,03n
2025-07-29 04:54:12,Dong Nai-Bien Hoa,Bien Hoa,27.25,27.0,27.25,89.0,31.34,10000.0,0.0,46.0,2.09,4.58,210.0,1006.0,0,802,Clouds,scattered clouds,03n
2025-07-29 04:57:58,Dong Nai-Bien Hoa,Bien Hoa,27.25,27.0,27.25,89.0,31.34,10000.0,0.0,46.0,2.09,4.58,210.0,1006.0,0,802,Clouds,scattered clouds,03n
2025-07-29 05:01:44,Dong Nai-Bien Hoa,Bien Hoa,27.25,27.0,27.25,89.0,31.34,10000.0,0.0,46.0,2.09,4.58,210.0,1006.0,0,802,Clouds,scattered clouds,03n
2025-07-29 05:05:33,Dong Nai-Bien Hoa,Bien Hoa,27.25,27.0,27.25,89.0,31.34,10000.0,0.0,46.0,2.09,4.58,210.0,1006.0,0,802,Clouds,scattered clouds,03n
2025-07-29 05:09:20,Dong Nai-Bien Hoa,Bien Hoa,27.25,27.0,27.25,89.0,31.34,10000.0,0.0,46.0,2.09,4.58,210.0,1006.0,0,802,Clouds,scattered clouds,03n
2025-07-29 05:13:07,Dong Nai-Bien Hoa,Bien Hoa,27.25,27.0,27.25,89.0,31.34,10000.0,0.0,46.0,2.09,4.58,210.0,1006.0,0,802,Clouds,scattered clouds,03n
2025-07-29 05:16:53,Dong Nai-Bien Hoa,Bien Hoa,27.25,27.0,27.25,89.0,31.34,10000.0,0.0,46.0,2.09,4.58,210.0,1006.0,0,802,Clouds,scattered clouds,03n
2025-07-29 05:20:39,Dong Nai-Bien Hoa,Bien Hoa,27.25,27.0,27.25,89.0,31.34,10000.0,0.0,46.0,2.09,4.58,210.0,1006.0,0,802,Clouds,scattered clouds,03n
2025-07-29 05:24:25,Dong Nai-Bien Hoa,Bien Hoa,27.25,27.0,27.25,89.0,31.34,10000.0,0.0,46.0,2.09,4.58,210.0,1006.0,0,802,Clouds,scattered clouds,03n
2025-07-29 05:28:11,Dong Nai-Bien Hoa,Bien Hoa,27.25,27.0,27.25,89.0,31.34,10000.0,0.0,46.0,2.09,4.58,210.0,1006.0,0,802,Clouds,scattered clouds,03n
2025-07-29 05:32:00,Dong Nai-Bien Hoa,Bien Hoa,27.81,27.0,27.81,91.0,33.31,7144.0,1.38,41.0,1.98,4.37,209.0,1006.0,0,501,Rain,moderate rain,10n
2025-07-29 05:35:46,Dong Nai-Bien Hoa,Bien Hoa,27.81,27.0,27.81,91.0,33.31,7144.0,0.0,41.0,1.98,4.37,209.0,1006.0,0,802,Clouds,scattered clouds,03n
2025-07-29 05:39:31,Dong Nai-Bien Hoa,Bien Hoa,27.81,27.0,27.81,91.0,33.31,7144.0,1.38,41.0,1.98,4.37,209.0,1006.0,0,501,Rain,moderate rain,10n
2025-07-29 05:43:17,Dong Nai-Bien Hoa,Bien Hoa,27.81,27.0,27.81,91.0,33.31,7144.0,0.0,41.0,1.98,4.37,209.0,1006.0,1,802,Clouds,scattered clouds,03d
2025-07-29 05:47:04,Dong Nai-Bien Hoa,Bien Hoa,27.81,27.0,27.81,91.0,33.31,7144.0,0.0,41.0,1.98,4.37,209.0,1006.0,1,802,Clouds,scattered clouds,03d
2025-07-29 05:50:56,Dong Nai-Bien Hoa,Bien Hoa,27.81,27.81,28.0,89.0,32.99,7144.0,1.38,41.0,1.98,4.37,209.0,1007.0,1,501,Rain,moderate rain,10d
2025-07-29 05:54:44,Dong Nai-Bien Hoa,Bien Hoa,27.81,27.81,28.0,89.0,32.99,7144.0,0.0,41.0,1.98,4.37,209.0,1007.0,1,802,Clouds,scattered clouds,03d
2025-07-29 05:58:30,Dong Nai-Bien Hoa,Bien Hoa,27.81,27.81,28.0,89.0,32.99,7144.0,0.0,41.0,1.98,4.37,209.0,1007.0,1,802,Clouds,scattered clouds,03d
2025-07-29 06:02:15,Dong Nai-Bien Hoa,Bien Hoa,27.81,27.81,28.0,89.0,32.99,7144.0,0.0,41.0,1.98,4.37,209.0,1007.0,1,802,Clouds,scattered clouds,03d
2025-07-29 06:06:00,Dong Nai-Bien Hoa,Bien Hoa,27.81,27.81,28.0,89.0,32.99,7144.0,0.0,41.0,1.98,4.37,209.0,1007.0,1,802,Clouds,scattered clouds,03d
2025-07-29 06:09:46,Dong Nai-Bien Hoa,Bien Hoa,27.81,27.81,28.0,87.0,32.67,7144.0,0.0,41.0,1.98,4.37,209.0,1007.0,1,802,Clouds,scattered clouds,03d
2025-07-29 06:13:33,Dong Nai-Bien Hoa,Bien Hoa,27.81,27.81,28.0,87.0,32.67,7144.0,0.0,41.0,1.98,4.37,209.0,1007.0,1,802,Clouds,scattered clouds,03d
2025-07-29 06:17:19,Dong Nai-Bien Hoa,Bien Hoa,27.81,27.81,28.0,87.0,32.67,7144.0,0.0,41.0,1.98,4.37,209.0,1007.0,1,802,Clouds,scattered clouds,03d
2025-07-29 06:21:05,Dong Nai-Bien Hoa,Bien Hoa,27.81,27.81,28.0,87.0,32.67,7144.0,0.0,41.0,1.98,4.37,209.0,1007.0,1,802,Clouds,scattered clouds,03d
2025-07-29 06:24:51,Dong Nai-Bien Hoa,Bien Hoa,27.81,27.81,28.0,87.0,32.67,7144.0,0.0,41.0,1.98,4.37,209.0,1007.0,1,802,Clouds,scattered clouds,03d
2025-07-29 06:28:37,Dong Nai-Bien Hoa,Bien Hoa,27.81,27.81,28.0,87.0,32.67,7144.0,0.0,41.0,1.98,4.37,209.0,1007.0,1,802,Clouds,scattered clouds,03d
2025-07-29 06:32:23,Dong Nai-Bien Hoa,Bien Hoa,27.81,27.81,28.0,87.0,32.67,7144.0,0.0,41.0,1.98,4.37,209.0,1007.0,1,802,Clouds,scattered clouds,03d
2025-07-29 06:36:10,Dong Nai-Bien Hoa,Bien Hoa,27.81,27.81,28.0,87.0,32.67,7144.0,0.0,41.0,1.98,4.37,209.0,1007.0,1,802,Clouds,scattered clouds,03d
2025-07-29 06:39:56,Dong Nai-Bien Hoa,Bien Hoa,27.81,27.81,28.0,86.0,32.52,10000.0,0.12,38.0,3.91,10.19,234.0,1007.0,1,500,Rain,light rain,10d
2025-07-29 06:43:42,Dong Nai-Bien Hoa,Bien Hoa,27.81,27.81,28.0,86.0,32.52,8147.0,0.12,58.0,3.71,9.57,221.0,1007.0,1,500,Rain,light rain,10d
2025-07-29 06:47:28,Dong Nai-Bien Hoa,Bien Hoa,27.81,27.81,28.0,86.0,32.52,8147.0,0.11,58.0,3.71,9.57,221.0,1007.0,1,500,Rain,light rain,10d
2025-07-29 06:51:17,Dong Nai-Bien Hoa,Bien Hoa,27.81,27.81,28.0,86.0,32.52,8147.0,1.57,58.0,3.71,9.57,221.0,1007.0,1,501,Rain,moderate rain,10d
2025-07-29 06:55:09,Dong Nai-Bien Hoa,Bien Hoa,27.81,27.81,28.0,86.0,32.52,8147.0,1.57,58.0,3.71,9.57,221.0,1007.0,1,501,Rain,moderate rain,10d
2025-07-29 06:58:56,Dong Nai-Bien Hoa,Bien Hoa,27.81,27.81,28.0,86.0,32.52,8147.0,1.57,58.0,3.71,9.57,221.0,1007.0,1,501,Rain,moderate rain,10d
2025-07-29 07:02:42,Dong Nai-Bien Hoa,Bien Hoa,27.81,27.81,28.0,86.0,32.52,8147.0,1.57,58.0,3.71,9.57,221.0,1007.0,1,501,Rain,moderate rain,10d
2025-07-29 07:06:33,Dong Nai-Bien Hoa,Bien Hoa,28.36,28.0,28.36,86.0,34.12,8147.0,0.13,58.0,3.71,9.57,221.0,1007.0,1,500,Rain,light rain,10d
2025-07-29 07:10:20,Dong Nai-Bien Hoa,Bien Hoa,28.36,28.0,28.36,86.0,34.12,8147.0,0.1,58.0,3.71,9.57,221.0,1007.0,1,803,Clouds,broken clouds,04d
2025-07-29 07:14:11,Dong Nai-Bien Hoa,Bien Hoa,28.36,28.0,28.36,86.0,34.12,8147.0,1.57,58.0,3.71,9.57,221.0,1007.0,1,501,Rain,moderate rain,10d
2025-07-29 07:17:57,Dong Nai-Bien Hoa,Bien Hoa,28.36,28.0,28.36,86.0,34.12,8147.0,1.57,58.0,3.71,9.57,221.0,1007.0,1,501,Rain,moderate rain,10d
2025-07-29 07:21:44,Dong Nai-Bien Hoa,Bien Hoa,28.36,28.0,28.36,86.0,34.12,8147.0,0.0,58.0,3.71,9.57,221.0,1007.0,1,803,Clouds,broken clouds,04d
2025-07-29 07:25:30,Dong Nai-Bien Hoa,Bien Hoa,28.36,28.0,28.36,86.0,34.12,8147.0,0.0,58.0,3.71,9.57,221.0,1007.0,1,803,Clouds,broken clouds,04d
2025-07-29 07:29:16,Dong Nai-Bien Hoa,Bien Hoa,28.36,28.0,28.36,86.0,34.12,8147.0,0.0,58.0,3.71,9.57,221.0,1007.0,1,803,Clouds,broken clouds,04d
2025-07-29 07:33:03,Dong Nai-Bien Hoa,Bien Hoa,28.36,28.0,28.36,82.0,33.38,6997.0,0.0,45.0,5.18,10.31,233.0,1007.0,1,802,Clouds,scattered clouds,03d
2025-07-29 07:36:50,Dong Nai-Bien Hoa,Bien Hoa,28.36,28.0,28.36,82.0,33.38,6997.0,0.0,45.0,5.18,10.31,233.0,1007.0,1,802,Clouds,scattered clouds,03d
2025-07-29 07:40:35,Dong Nai-Bien Hoa,Bien Hoa,28.36,28.0,28.36,82.0,33.38,6997.0,0.0,45.0,5.18,10.31,233.0,1007.0,1,802,Clouds,scattered clouds,03d
2025-07-29 07:44:22,Dong Nai-Bien Hoa,Bien Hoa,28.36,28.0,28.36,82.0,33.38,6997.0,0.0,45.0,5.18,10.31,233.0,1007.0,1,802,Clouds,scattered clouds,03d
2025-07-29 07:48:08,Dong Nai-Bien Hoa,Bien Hoa,28.92,28.92,29.0,82.0,34.95,6997.0,0.0,45.0,5.18,10.31,233.0,1007.0,1,802,Clouds,scattered clouds,03d
2025-07-29 07:51:53,Dong Nai-Bien Hoa,Bien Hoa,28.92,28.92,29.0,82.0,34.95,6997.0,0.0,45.0,5.18,10.31,233.0,1007.0,1,802,Clouds,scattered clouds,03d
2025-07-29 07:55:39,Dong Nai-Bien Hoa,Bien Hoa,28.92,28.92,29.0,82.0,34.95,6997.0,0.0,45.0,5.18,10.31,233.0,1007.0,1,802,Clouds,scattered clouds,03d
2025-07-29 07:59:25,Dong Nai-Bien Hoa,Bien Hoa,28.92,28.92,29.0,82.0,34.95,6997.0,0.0,45.0,5.18,10.31,233.0,1007.0,1,802,Clouds,scattered clouds,03d
2025-07-29 08:03:11,Dong Nai-Bien Hoa,Bien Hoa,28.92,28.92,29.0,81.0,34.73,6997.0,0.0,45.0,5.18,10.31,233.0,1007.0,1,802,Clouds,scattered clouds,03d
2025-07-29 08:06:57,Dong Nai-Bien Hoa,Bien Hoa,28.92,28.92,29.0,81.0,34.73,6997.0,0.0,45.0,5.18,10.31,233.0,1007.0,1,802,Clouds,scattered clouds,03d
2025-07-29 08:10:43,Dong Nai-Bien Hoa,Bien Hoa,28.92,28.92,29.0,81.0,34.73,6997.0,0.0,45.0,5.18,10.31,233.0,1007.0,1,802,Clouds,scattered clouds,03d
2025-07-29 08:14:29,Dong Nai-Bien Hoa,Bien Hoa,29.47,29.0,29.47,81.0,36.33,6997.0,0.0,45.0,5.18,10.31,233.0,1007.0,1,802,Clouds,scattered clouds,03d
2025-07-29 08:18:15,Dong Nai-Bien Hoa,Bien Hoa,29.47,29.0,29.47,81.0,36.33,6997.0,0.0,45.0,5.18,10.31,233.0,1007.0,1,802,Clouds,scattered clouds,03d
2025-07-29 08:22:01,Dong Nai-Bien Hoa,Bien Hoa,29.47,29.0,29.47,80.0,36.08,6997.0,0.0,45.0,5.18,10.31,233.0,1007.0,1,802,Clouds,scattered clouds,03d
2025-07-29 08:25:46,Dong Nai-Bien Hoa,Bien Hoa,29.47,29.0,29.47,80.0,36.08,6997.0,0.0,45.0,5.18,10.31,233.0,1007.0,1,802,Clouds,scattered clouds,03d
2025-07-29 08:29:33,Dong Nai-Bien Hoa,Bien Hoa,29.47,29.0,29.47,80.0,36.08,6997.0,0.0,45.0,5.18,10.31,233.0,1007.0,1,802,Clouds,scattered clouds,03d
2025-07-29 08:33:19,Dong Nai-Bien Hoa,Bien Hoa,29.47,29.0,29.47,79.0,35.83,8340.0,0.0,68.0,6.44,10.03,241.0,1008.0,1,803,Clouds,broken clouds,04d
2025-07-29 08:37:05,Dong Nai-Bien Hoa,Bien Hoa,29.47,29.0,29.47,79.0,35.83,8340.0,0.0,68.0,6.44,10.03,241.0,1008.0,1,803,Clouds,broken clouds,04d
2025-07-29 08:40:51,Dong Nai-Bien Hoa,Bien Hoa,29.47,29.0,29.47,79.0,35.83,8340.0,0.0,68.0,6.44,10.03,241.0,1008.0,1,803,Clouds,broken clouds,04d
2025-07-29 08:44:36,Dong Nai-Bien Hoa,Bien Hoa,29.47,29.0,29.47,79.0,35.83,8340.0,0.0,68.0,6.44,10.03,241.0,1008.0,1,803,Clouds,broken clouds,04d
2025-07-29 08:48:22,Dong Nai-Bien Hoa,Bien Hoa,29.47,29.47,30.0,76.0,35.12,8340.0,0.0,68.0,6.44,10.03,241.0,1008.0,1,803,Clouds,broken clouds,04d
2025-07-29 08:52:09,Dong Nai-Bien Hoa,Bien Hoa,29.47,29.47,30.0,76.0,35.12,8340.0,0.0,68.0,6.44,10.03,241.0,1008.0,1,803,Clouds,broken clouds,04d
2025-07-29 08:55:55,Dong Nai-Bien Hoa,Bien Hoa,29.47,29.47,30.0,76.0,35.12,8340.0,0.0,68.0,6.44,10.03,241.0,1008.0,1,803,Clouds,broken clouds,04d
2025-07-29 08:59:41,Dong Nai-Bien Hoa,Bien Hoa,30.03,30.0,30.03,76.0,36.65,8340.0,0.0,68.0,6.44,10.03,241.0,1008.0,1,803,Clouds,broken clouds,04d
2025-07-29 09:03:27,Dong Nai-Bien Hoa,Bien Hoa,30.03,30.0,30.03,77.0,36.92,8340.0,0.0,68.0,6.44,10.03,241.0,1007.0,1,803,Clouds,broken clouds,04d
2025-07-29 09:07:12,Dong Nai-Bien Hoa,Bien Hoa,30.03,30.0,30.03,76.0,36.65,8340.0,0.0,68.0,6.44,10.03,241.0,1008.0,1,803,Clouds,broken clouds,04d
2025-07-29 09:10:58,Dong Nai-Bien Hoa,Bien Hoa,30.03,30.0,30.03,77.0,36.92,8340.0,0.0,68.0,6.44,10.03,241.0,1007.0,1,803,Clouds,broken clouds,04d
2025-07-29 09:14:44,Dong Nai-Bien Hoa,Bien Hoa,30.03,30.0,30.03,77.0,36.92,8340.0,0.0,68.0,6.44,10.03,241.0,1007.0,1,803,Clouds,broken clouds,04d
2025-07-29 09:18:30,Dong Nai-Bien Hoa,Bien Hoa,30.03,30.0,30.03,77.0,36.92,8340.0,0.0,68.0,6.44,10.03,241.0,1007.0,1,803,Clouds,broken clouds,04d
2025-07-29 09:22:15,Dong Nai-Bien Hoa,Bien Hoa,30.03,30.0,30.03,77.0,36.92,8340.0,0.0,68.0,6.44,10.03,241.0,1007.0,1,803,Clouds,broken clouds,04d
2025-07-29 09:26:02,Dong Nai-Bien Hoa,Bien Hoa,30.59,30.0,30.59,77.0,37.59,8340.0,0.0,68.0,6.44,10.03,241.0,1007.0,1,803,Clouds,broken clouds,04d
2025-07-29 09:29:48,Dong Nai-Bien Hoa,Bien Hoa,30.59,30.0,30.59,77.0,37.59,8340.0,0.0,68.0,6.44,10.03,241.0,1007.0,1,803,Clouds,broken clouds,04d
2025-07-29 09:33:38,Dong Nai-Bien Hoa,Bien Hoa,30.59,30.0,30.59,77.0,37.59,8340.0,0.0,68.0,6.44,10.03,241.0,1007.0,1,803,Clouds,broken clouds,04d
2025-07-29 09:37:29,Dong Nai-Bien Hoa,Bien Hoa,30.59,30.0,30.59,73.0,37.37,10000.0,0.0,72.0,6.88,9.9,242.0,1007.0,1,803,Clouds,broken clouds,04d
2025-07-29 09:41:20,Dong Nai-Bien Hoa,Bien Hoa,30.59,30.0,30.59,73.0,37.37,10000.0,0.0,72.0,6.88,9.9,242.0,1007.0,1,803,Clouds,broken clouds,04d
2025-07-29 09:45:11,Dong Nai-Bien Hoa,Bien Hoa,30.59,30.0,30.59,73.0,37.37,10000.0,0.0,72.0,6.88,9.9,242.0,1007.0,1,803,Clouds,broken clouds,04d
2025-07-29 09:49:01,Dong Nai-Bien Hoa,Bien Hoa,30.59,30.0,30.59,73.0,37.37,10000.0,0.0,72.0,6.88,9.9,242.0,1007.0,1,803,Clouds,broken clouds,04d
2025-07-29 09:52:51,Dong Nai-Bien Hoa,Bien Hoa,30.59,30.0,30.59,72.0,37.08,10000.0,0.0,72.0,6.88,9.9,242.0,1008.0,1,803,Clouds,broken clouds,04d
2025-07-29 09:56:41,Dong Nai-Bien Hoa,Bien Hoa,30.59,30.0,30.59,72.0,37.08,10000.0,0.0,72.0,6.88,9.9,242.0,1008.0,1,803,Clouds,broken clouds,04d
2025-07-29 10:00:32,Dong Nai-Bien Hoa,Bien Hoa,30.59,30.0,30.59,72.0,37.08,10000.0,0.0,72.0,6.88,9.9,242.0,1008.0,1,803,Clouds,broken clouds,04d
2025-07-29 10:04:23,Dong Nai-Bien Hoa,Bien Hoa,30.59,30.0,30.59,75.0,37.59,10000.0,0.0,72.0,6.88,9.9,242.0,1008.0,1,803,Clouds,broken clouds,04d
2025-07-29 10:08:14,Dong Nai-Bien Hoa,Bien Hoa,30.59,30.0,30.59,75.0,37.59,10000.0,0.0,72.0,6.88,9.9,242.0,1008.0,1,803,Clouds,broken clouds,04d
2025-07-29 10:12:07,Dong Nai-Bien Hoa,Bien Hoa,30.59,30.0,30.59,75.0,37.59,10000.0,0.0,72.0,6.88,9.9,242.0,1008.0,1,803,Clouds,broken clouds,04d
2025-07-29 10:15:59,Dong Nai-Bien Hoa,Bien Hoa,31.14,30.0,31.14,75.0,38.14,10000.0,0.0,72.0,6.88,9.9,242.0,1008.0,1,803,Clouds,broken clouds,04d
2025-07-29 10:19:50,Dong Nai-Bien Hoa,Bien Hoa,31.7,30.0,31.7,74.0,38.7,10000.0,0.0,72.0,6.88,9.9,242.0,1008.0,1,803,Clouds,broken clouds,04d
2025-07-29 10:23:42,Dong Nai-Bien Hoa,Bien Hoa,31.14,30.0,31.14,75.0,38.14,10000.0,0.0,72.0,6.88,9.9,242.0,1008.0,1,803,Clouds,broken clouds,04d
2025-07-29 10:27:34,Dong Nai-Bien Hoa,Bien Hoa,31.7,30.0,31.7,74.0,38.7,10000.0,0.0,72.0,6.88,9.9,242.0,1008.0,1,803,Clouds,broken clouds,04d
2025-07-29 10:31:26,Dong Nai-Bien Hoa,Bien Hoa,31.7,30.0,31.7,74.0,38.7,10000.0,0.0,72.0,6.88,9.9,242.0,1008.0,1,803,Clouds,broken clouds,04d
2025-07-29 10:35:18,Dong Nai-Bien Hoa,Bien Hoa,31.7,30.0,31.7,74.0,38.7,10000.0,0.0,72.0,6.88,9.9,242.0,1008.0,1,803,Clouds,broken clouds,04d
2025-07-29 10:39:11,Dong Nai-Bien Hoa,Bien Hoa,31.7,30.0,31.7,71.0,38.7,10000.0,0.0,79.0,5.94,10.15,239.0,1007.0,1,803,Clouds,broken clouds,04d
2025-07-29 10:43:03,Dong Nai-Bien Hoa,Bien Hoa,31.7,30.0,31.7,71.0,38.7,10000.0,0.0,79.0,5.94,10.15,239.0,1007.0,1,803,Clouds,broken clouds,04d
2025-07-29 10:46:56,Dong Nai-Bien Hoa,Bien Hoa,31.7,30.0,31.7,71.0,38.7,10000.0,0.0,79.0,5.94,10.15,239.0,1007.0,1,803,Clouds,broken clouds,04d
2025-07-29 10:50:48,Dong Nai-Bien Hoa,Bien Hoa,32.25,31.0,32.25,67.0,39.25,10000.0,0.0,79.0,5.94,10.15,239.0,1007.0,1,803,Clouds,broken clouds,04d
2025-07-29 10:54:40,Dong Nai-Bien Hoa,Bien Hoa,32.25,31.0,32.25,67.0,39.25,10000.0,0.0,79.0,5.94,10.15,239.0,1007.0,1,803,Clouds,broken clouds,04d
2025-07-29 10:58:30,Dong Nai-Bien Hoa,Bien Hoa,32.25,31.0,32.25,67.0,39.25,10000.0,0.0,79.0,5.94,10.15,239.0,1007.0,1,803,Clouds,broken clouds,04d
2025-07-29 11:02:21,Dong Nai-Bien Hoa,Bien Hoa,31.7,31.0,31.7,69.0,38.7,10000.0,0.0,79.0,5.94,10.15,239.0,1007.0,1,803,Clouds,broken clouds,04d
2025-07-29 11:06:13,Dong Nai-Bien Hoa,Bien Hoa,31.7,31.0,31.7,69.0,38.7,10000.0,0.0,79.0,5.94,10.15,239.0,1007.0,1,803,Clouds,broken clouds,04d
2025-07-29 11:10:04,Dong Nai-Bien Hoa,Bien Hoa,31.7,31.0,31.7,69.0,38.7,10000.0,0.0,79.0,5.94,10.15,239.0,1007.0,1,803,Clouds,broken clouds,04d
2025-07-29 11:13:54,Dong Nai-Bien Hoa,Bien Hoa,31.7,31.0,31.7,69.0,38.7,10000.0,0.0,79.0,5.94,10.15,239.0,1007.0,1,803,Clouds,broken clouds,04d
2025-07-29 11:17:45,Dong Nai-Bien Hoa,Bien Hoa,31.7,31.7,32.0,70.0,38.7,10000.0,0.0,79.0,5.94,10.15,239.0,1007.0,1,803,Clouds,broken clouds,04d
2025-07-29 11:21:36,Dong Nai-Bien Hoa,Bien Hoa,31.7,31.7,32.0,70.0,38.7,10000.0,0.0,79.0,5.94,10.15,239.0,1007.0,1,803,Clouds,broken clouds,04d
2025-07-29 11:25:27,Dong Nai-Bien Hoa,Bien Hoa,32.25,32.0,32.25,70.0,39.25,10000.0,0.0,79.0,5.94,10.15,239.0,1007.0,1,803,Clouds,broken clouds,04d
2025-07-29 11:29:17,Dong Nai-Bien Hoa,Bien Hoa,32.25,32.0,32.25,70.0,39.25,10000.0,0.0,79.0,5.94,10.15,239.0,1007.0,1,803,Clouds,broken clouds,04d
2025-07-29 11:33:09,Dong Nai-Bien Hoa,Bien Hoa,32.25,32.0,32.25,66.0,39.25,10000.0,0.0,83.0,5.6,9.48,238.0,1006.0,1,803,Clouds,broken clouds,04d
2025-07-29 11:36:59,Dong Nai-Bien Hoa,Bien Hoa,32.81,32.0,32.81,66.0,39.81,10000.0,0.0,83.0,5.6,9.48,238.0,1006.0,1,803,Clouds,broken clouds,04d
2025-07-29 11:40:50,Dong Nai-Bien Hoa,Bien Hoa,32.81,32.0,32.81,66.0,39.81,10000.0,0.0,83.0,5.6,9.48,238.0,1006.0,1,803,Clouds,broken clouds,04d
2025-07-29 11:44:40,Dong Nai-Bien Hoa,Bien Hoa,32.81,32.0,32.81,66.0,39.81,10000.0,0.0,83.0,5.6,9.48,238.0,1006.0,1,803,Clouds,broken clouds,04d
2025-07-29 11:48:30,Dong Nai-Bien Hoa,Bien Hoa,32.25,32.0,32.25,68.0,39.25,10000.0,0.0,83.0,5.6,9.48,238.0,1006.0,1,803,Clouds,broken clouds,04d
2025-07-29 11:52:21,Dong Nai-Bien Hoa,Bien Hoa,32.25,32.0,32.25,68.0,39.25,10000.0,0.0,83.0,5.6,9.48,238.0,1006.0,1,803,Clouds,broken clouds,04d
2025-07-29 11:56:12,Dong Nai-Bien Hoa,Bien Hoa,32.25,32.0,32.25,68.0,39.25,10000.0,0.0,83.0,5.6,9.48,238.0,1006.0,1,803,Clouds,broken clouds,04d
2025-07-29 12:00:04,Dong Nai-Bien Hoa,Bien Hoa,32.25,32.0,32.25,68.0,39.25,10000.0,0.0,83.0,5.6,9.48,238.0,1006.0,1,803,Clouds,broken clouds,04d
2025-07-29 12:03:55,Dong Nai-Bien Hoa,Bien Hoa,33.36,32.0,33.36,69.0,40.36,10000.0,0.0,83.0,5.6,9.48,238.0,1006.0,1,803,Clouds,broken clouds,04d
2025-07-29 12:07:45,Dong Nai-Bien Hoa,Bien Hoa,32.25,32.0,32.25,69.0,39.25,10000.0,0.0,83.0,5.6,9.48,238.0,1006.0,1,803,Clouds,broken clouds,04d
2025-07-29 12:11:35,Dong Nai-Bien Hoa,Bien Hoa,32.25,32.0,32.25,69.0,39.25,10000.0,0.0,83.0,5.6,9.48,238.0,1006.0,1,803,Clouds,broken clouds,04d
2025-07-29 12:15:28,Dong Nai-Bien Hoa,Bien Hoa,32.25,32.0,32.25,69.0,39.25,10000.0,0.0,83.0,5.6,9.48,238.0,1006.0,1,803,Clouds,broken clouds,04d
2025-07-29 12:19:18,Dong Nai-Bien Hoa,Bien Hoa,32.25,32.0,32.25,69.0,39.25,10000.0,0.0,83.0,5.6,9.48,238.0,1006.0,1,803,Clouds,broken clouds,04d
2025-07-29 12:23:10,Dong Nai-Bien Hoa,Bien Hoa,32.81,32.0,32.81,69.0,39.81,10000.0,0.0,83.0,5.6,9.48,238.0,1006.0,1,803,Clouds,broken clouds,04d
2025-07-29 12:27:01,Dong Nai-Bien Hoa,Bien Hoa,32.81,32.0,32.81,69.0,39.81,10000.0,0.0,83.0,5.6,9.48,238.0,1006.0,1,803,Clouds,broken clouds,04d
2025-07-29 12:30:52,Dong Nai-Bien Hoa,Bien Hoa,32.81,32.0,32.81,69.0,39.81,10000.0,0.0,83.0,5.6,9.48,238.0,1006.0,1,803,Clouds,broken clouds,04d
2025-07-29 12:34:43,Dong Nai-Bien Hoa,Bien Hoa,32.81,32.0,32.81,69.0,39.81,10000.0,0.0,83.0,5.6,9.48,238.0,1006.0,1,803,Clouds,broken clouds,04d
2025-07-29 12:38:34,Dong Nai-Bien Hoa,Bien Hoa,33.36,32.0,33.36,68.0,40.36,10000.0,0.0,86.0,5.39,10.0,238.0,1005.0,1,804,Clouds,overcast clouds,04d
2025-07-29 12:42:25,Dong Nai-Bien Hoa,Bien Hoa,33.36,32.0,33.36,68.0,40.36,10000.0,0.0,86.0,5.39,10.0,238.0,1005.0,1,804,Clouds,overcast clouds,04d
2025-07-29 12:46:16,Dong Nai-Bien Hoa,Bien Hoa,33.36,32.0,33.36,68.0,40.36,10000.0,0.0,86.0,5.39,10.0,238.0,1005.0,1,804,Clouds,overcast clouds,04d
2025-07-29 12:50:08,Dong Nai-Bien Hoa,Bien Hoa,33.36,33.0,33.36,68.0,40.36,10000.0,0.0,75.0,5.11,9.43,236.0,1005.0,1,803,Clouds,broken clouds,04d
2025-07-29 12:53:59,Dong Nai-Bien Hoa,Bien Hoa,33.36,33.0,33.36,68.0,40.36,10000.0,0.0,75.0,5.11,9.43,236.0,1005.0,1,803,Clouds,broken clouds,04d
2025-07-29 12:57:49,Dong Nai-Bien Hoa,Bien Hoa,33.36,33.0,33.36,68.0,40.36,10000.0,0.0,75.0,5.11,9.43,236.0,1005.0,1,803,Clouds,broken clouds,04d
2025-07-29 13:01:40,Dong Nai-Bien Hoa,Bien Hoa,32.81,32.81,33.0,68.0,39.81,10000.0,0.0,75.0,5.11,9.43,236.0,1005.0,1,803,Clouds,broken clouds,04d
2025-07-29 13:05:32,Dong Nai-Bien Hoa,Bien Hoa,32.81,32.81,33.0,68.0,39.81,10000.0,0.0,75.0,5.11,9.43,236.0,1005.0,1,803,Clouds,broken clouds,04d
2025-07-29 13:09:23,Dong Nai-Bien Hoa,Bien Hoa,32.81,32.81,33.0,68.0,39.81,10000.0,0.0,75.0,5.11,9.43,236.0,1005.0,1,803,Clouds,broken clouds,04d
2025-07-29 13:13:14,Dong Nai-Bien Hoa,Bien Hoa,32.81,32.81,33.0,68.0,39.81,10000.0,0.0,75.0,5.11,9.43,236.0,1005.0,1,803,Clouds,broken clouds,04d
2025-07-29 13:17:05,Dong Nai-Bien Hoa,Bien Hoa,32.81,32.81,33.0,68.0,39.81,10000.0,0.0,75.0,5.11,9.43,236.0,1005.0,1,803,Clouds,broken clouds,04d
2025-07-29 13:20:56,Dong Nai-Bien Hoa,Bien Hoa,32.25,32.25,34.0,67.0,39.25,10000.0,0.0,75.0,5.11,9.43,236.0,1005.0,1,803,Clouds,broken clouds,04d
2025-07-29 13:24:47,Dong Nai-Bien Hoa,Bien Hoa,32.25,32.25,34.0,67.0,39.25,10000.0,0.0,75.0,5.11,9.43,236.0,1005.0,1,803,Clouds,broken clouds,04d
2025-07-29 13:28:37,Dong Nai-Bien Hoa,Bien Hoa,33.92,33.92,34.0,68.0,40.92,10000.0,0.0,75.0,5.11,9.43,236.0,1005.0,1,803,Clouds,broken clouds,04d
2025-07-29 13:32:29,Dong Nai-Bien Hoa,Bien Hoa,33.92,33.92,34.0,64.0,40.92,10000.0,0.0,100.0,4.38,8.77,228.0,1004.0,1,804,Clouds,overcast clouds,04d
2025-07-29 13:36:20,Dong Nai-Bien Hoa,Bien Hoa,33.92,33.92,34.0,64.0,40.92,10000.0,0.0,100.0,4.38,8.77,228.0,1004.0,1,804,Clouds,overcast clouds,04d
2025-07-29 13:40:11,Dong Nai-Bien Hoa,Bien Hoa,33.92,33.92,34.0,64.0,40.92,10000.0,0.0,100.0,4.38,8.77,228.0,1004.0,1,804,Clouds,overcast clouds,04d
2025-07-29 13:44:02,Dong Nai-Bien Hoa,Bien Hoa,33.36,33.0,33.36,64.0,40.36,10000.0,0.24,100.0,4.38,8.77,228.0,1004.0,1,500,Rain,light rain,10d
2025-07-29 13:47:53,Dong Nai-Bien Hoa,Bien Hoa,33.36,33.0,33.36,64.0,40.36,10000.0,0.24,100.0,4.38,8.77,228.0,1004.0,1,500,Rain,light rain,10d
2025-07-29 13:51:44,Dong Nai-Bien Hoa,Bien Hoa,33.36,33.0,33.36,65.0,40.36,10000.0,0.0,100.0,4.38,8.77,228.0,1004.0,1,804,Clouds,overcast clouds,04d
2025-07-29 13:55:35,Dong Nai-Bien Hoa,Bien Hoa,33.36,33.0,33.36,65.0,40.36,10000.0,0.0,100.0,4.38,8.77,228.0,1004.0,1,804,Clouds,overcast clouds,04d
2025-07-29 13:59:26,Dong Nai-Bien Hoa,Bien Hoa,33.36,33.0,33.36,65.0,40.36,10000.0,0.0,100.0,4.38,8.77,228.0,1004.0,1,804,Clouds,overcast clouds,04d
2025-07-29 14:03:16,Dong Nai-Bien Hoa,Bien Hoa,34.47,33.0,34.47,64.0,41.47,10000.0,0.0,100.0,4.38,8.77,228.0,1004.0,1,804,Clouds,overcast clouds,04d
2025-07-29 14:07:08,Dong Nai-Bien Hoa,Bien Hoa,34.47,33.0,34.47,64.0,41.47,10000.0,0.0,100.0,4.38,8.77,228.0,1004.0,1,804,Clouds,overcast clouds,04d
2025-07-29 14:10:58,Dong Nai-Bien Hoa,Bien Hoa,34.47,33.0,34.47,64.0,41.47,10000.0,0.0,100.0,4.38,8.77,228.0,1004.0,1,804,Clouds,overcast clouds,04d
2025-07-29 14:14:49,Dong Nai-Bien Hoa,Bien Hoa,34.47,33.0,34.47,64.0,41.47,10000.0,0.0,100.0,4.38,8.77,228.0,1004.0,1,804,Clouds,overcast clouds,04d
2025-07-29 14:18:39,Dong Nai-Bien Hoa,Bien Hoa,32.81,32.81,34.0,65.0,39.81,10000.0,0.0,100.0,4.38,8.77,228.0,1004.0,1,804,Clouds,overcast clouds,04d
2025-07-29 14:22:29,Dong Nai-Bien Hoa,Bien Hoa,32.81,32.81,34.0,65.0,39.81,10000.0,0.0,100.0,4.38,8.77,228.0,1004.0,1,804,Clouds,overcast clouds,04d
2025-07-29 14:26:20,Dong Nai-Bien Hoa,Bien Hoa,32.81,32.81,34.0,65.0,39.81,10000.0,0.0,100.0,4.38,8.77,228.0,1004.0,1,804,Clouds,overcast clouds,04d
2025-07-29 14:30:12,Dong Nai-Bien Hoa,Bien Hoa,32.81,32.81,34.0,65.0,39.81,10000.0,0.0,100.0,4.38,8.77,228.0,1004.0,1,804,Clouds,overcast clouds,04d
2025-07-29 14:34:04,Dong Nai-Bien Hoa,Bien Hoa,33.36,33.36,34.0,65.0,40.36,10000.0,0.0,100.0,4.68,8.8,223.0,1004.0,1,804,Clouds,overcast clouds,04d
2025-07-29 14:37:56,Dong Nai-Bien Hoa,Bien Hoa,33.36,33.36,34.0,65.0,40.36,10000.0,0.0,100.0,4.68,8.8,223.0,1004.0,1,804,Clouds,overcast clouds,04d
2025-07-29 14:41:46,Dong Nai-Bien Hoa,Bien Hoa,33.36,33.36,34.0,65.0,40.36,10000.0,0.0,100.0,4.68,8.8,223.0,1004.0,1,804,Clouds,overcast clouds,04d
2025-07-29 14:45:38,Dong Nai-Bien Hoa,Bien Hoa,32.81,32.81,33.0,65.0,39.81,10000.0,0.0,100.0,4.68,8.8,223.0,1004.0,1,804,Clouds,overcast clouds,04d
2025-07-29 14:49:28,Dong Nai-Bien Hoa,Bien Hoa,32.81,32.81,33.0,65.0,39.81,10000.0,0.0,100.0,4.68,8.8,223.0,1004.0,1,804,Clouds,overcast clouds,04d
2025-07-29 14:53:20,Dong Nai-Bien Hoa,Bien Hoa,32.81,32.81,33.0,65.0,39.81,10000.0,0.0,100.0,4.68,8.8,223.0,1004.0,1,804,Clouds,overcast clouds,04d
2025-07-29 14:57:12,Dong Nai-Bien Hoa,Bien Hoa,33.0,33.0,33.0,66.0,40.0,10000.0,0.2,100.0,4.68,8.8,223.0,1004.0,1,500,Rain,light rain,10d
2025-07-29 15:01:03,Dong Nai-Bien Hoa,Bien Hoa,33.0,33.0,33.0,66.0,40.0,10000.0,0.2,100.0,4.68,8.8,223.0,1004.0,1,500,Rain,light rain,10d
2025-07-29 15:04:54,Dong Nai-Bien Hoa,Bien Hoa,33.92,33.0,33.92,64.0,40.92,10000.0,0.15,100.0,4.68,8.8,223.0,1004.0,1,500,Rain,light rain,10d
2025-07-29 15:08:45,Dong Nai-Bien Hoa,Bien Hoa,33.36,33.0,33.36,64.0,40.36,10000.0,0.1,100.0,4.68,8.8,223.0,1004.0,1,804,Clouds,overcast clouds,04d
2025-07-29 15:12:36,Dong Nai-Bien Hoa,Bien Hoa,33.36,33.0,33.36,64.0,40.36,10000.0,0.15,100.0,4.68,8.8,223.0,1004.0,1,500,Rain,light rain,10d
2025-07-29 15:16:27,Dong Nai-Bien Hoa,Bien Hoa,33.36,33.0,33.36,64.0,40.36,10000.0,0.15,100.0,4.68,8.8,223.0,1004.0,1,500,Rain,light rain,10d
2025-07-29 15:20:18,Dong Nai-Bien Hoa,Bien Hoa,33.92,33.0,33.92,65.0,40.92,10000.0,0.0,100.0,4.68,8.8,223.0,1004.0,1,804,Clouds,overcast clouds,04d
2025-07-29 15:24:19,Dong Nai-Bien Hoa,Bien Hoa,33.36,33.0,33.36,65.0,40.36,10000.0,0.0,100.0,4.68,8.8,223.0,1004.0,1,804,Clouds,overcast clouds,04d
2025-07-29 15:28:11,Dong Nai-Bien Hoa,Bien Hoa,33.36,33.0,33.36,65.0,40.36,10000.0,0.0,100.0,4.68,8.8,223.0,1004.0,1,804,Clouds,overcast clouds,04d
2025-07-29 15:32:08,Dong Nai-Bien Hoa,Bien Hoa,33.36,33.0,33.36,65.0,40.36,10000.0,0.0,100.0,4.68,8.8,223.0,1004.0,1,804,Clouds,overcast clouds,04d
2025-07-29 15:36:01,Dong Nai-Bien Hoa,Bien Hoa,32.81,32.81,33.0,67.0,39.81,10000.0,0.0,99.0,4.98,10.14,218.0,1004.0,1,804,Clouds,overcast clouds,04d
2025-07-29 15:39:52,Dong Nai-Bien Hoa,Bien Hoa,32.81,32.81,33.0,67.0,39.81,10000.0,0.0,99.0,4.98,10.14,218.0,1004.0,1,804,Clouds,overcast clouds,04d
2025-07-29 15:43:43,Dong Nai-Bien Hoa,Bien Hoa,32.81,32.81,33.0,67.0,39.81,10000.0,0.0,99.0,4.98,10.14,218.0,1004.0,1,804,Clouds,overcast clouds,04d
2025-07-29 15:47:34,Dong Nai-Bien Hoa,Bien Hoa,32.81,32.81,33.0,67.0,39.81,10000.0,0.0,99.0,4.98,10.14,218.0,1004.0,1,804,Clouds,overcast clouds,04d
2025-07-29 15:51:26,Dong Nai-Bien Hoa,Bien Hoa,33.36,32.0,33.36,68.0,40.36,10000.0,0.0,99.0,4.98,10.14,218.0,1003.0,1,804,Clouds,overcast clouds,04d
2025-07-29 15:55:18,Dong Nai-Bien Hoa,Bien Hoa,32.81,32.0,32.81,68.0,39.81,10000.0,0.0,99.0,4.98,10.14,218.0,1003.0,1,804,Clouds,overcast clouds,04d
2025-07-29 15:59:09,Dong Nai-Bien Hoa,Bien Hoa,32.81,32.0,32.81,68.0,39.81,10000.0,0.0,99.0,4.98,10.14,218.0,1003.0,1,804,Clouds,overcast clouds,04d
2025-07-29 16:03:00,Dong Nai-Bien Hoa,Bien Hoa,32.81,32.0,32.81,68.0,39.81,10000.0,0.0,99.0,4.98,10.14,218.0,1003.0,1,804,Clouds,overcast clouds,04d
2025-07-29 16:06:51,Dong Nai-Bien Hoa,Bien Hoa,32.81,32.0,32.81,67.0,39.81,10000.0,0.0,99.0,4.98,10.14,218.0,1003.0,1,804,Clouds,overcast clouds,04d
2025-07-29 16:10:41,Dong Nai-Bien Hoa,Bien Hoa,32.25,32.0,32.25,67.0,39.25,10000.0,0.0,99.0,4.98,10.14,218.0,1003.0,1,804,Clouds,overcast clouds,04d
2025-07-29 16:14:33,Dong Nai-Bien Hoa,Bien Hoa,32.25,32.0,32.25,67.0,39.25,10000.0,0.0,99.0,4.98,10.14,218.0,1003.0,1,804,Clouds,overcast clouds,04d
2025-07-29 16:18:24,Dong Nai-Bien Hoa,Bien Hoa,32.25,32.0,32.25,68.0,39.25,10000.0,0.0,99.0,4.98,10.14,218.0,1003.0,1,804,Clouds,overcast clouds,04d
2025-07-29 16:22:15,Dong Nai-Bien Hoa,Bien Hoa,32.25,32.0,32.25,68.0,39.25,10000.0,0.0,99.0,4.98,10.14,218.0,1003.0,1,804,Clouds,overcast clouds,04d
2025-07-29 16:26:06,Dong Nai-Bien Hoa,Bien Hoa,32.25,32.0,32.25,68.0,39.25,10000.0,0.0,99.0,4.98,10.14,218.0,1003.0,1,804,Clouds,overcast clouds,04d
2025-07-29 16:29:57,Dong Nai-Bien Hoa,Bien Hoa,32.25,32.0,32.25,68.0,39.25,10000.0,0.15,99.0,4.98,10.14,218.0,1003.0,1,500,Rain,light rain,10d
2025-07-29 16:33:48,Dong Nai-Bien Hoa,Bien Hoa,32.25,32.0,32.25,68.0,39.25,10000.0,0.18,100.0,5.81,11.56,236.0,1004.0,1,500,Rain,light rain,10d
2025-07-29 16:37:38,Dong Nai-Bien Hoa,Bien Hoa,32.25,32.0,32.25,68.0,39.25,10000.0,0.15,99.0,4.98,10.14,218.0,1003.0,1,500,Rain,light rain,10d
2025-07-29 16:41:29,Dong Nai-Bien Hoa,Bien Hoa,32.25,32.0,32.25,68.0,39.25,10000.0,0.0,100.0,5.81,11.56,236.0,1004.0,1,804,Clouds,overcast clouds,04d
2025-07-29 16:45:20,Dong Nai-Bien Hoa,Bien Hoa,32.25,32.0,32.25,68.0,39.25,10000.0,0.0,100.0,5.81,11.56,236.0,1004.0,1,804,Clouds,overcast clouds,04d
2025-07-29 16:49:12,Dong Nai-Bien Hoa,Bien Hoa,32.25,32.0,32.25,69.0,39.25,10000.0,0.0,100.0,5.81,11.56,236.0,1004.0,1,804,Clouds,overcast clouds,04d
2025-07-29 16:53:05,Dong Nai-Bien Hoa,Bien Hoa,32.25,32.0,32.25,69.0,39.25,10000.0,0.0,100.0,5.81,11.56,236.0,1004.0,1,804,Clouds,overcast clouds,04d
2025-07-29 16:56:56,Dong Nai-Bien Hoa,Bien Hoa,32.25,32.0,32.25,69.0,39.25,10000.0,0.0,100.0,5.81,11.56,236.0,1004.0,1,804,Clouds,overcast clouds,04d
2025-07-29 17:00:47,Dong Nai-Bien Hoa,Bien Hoa,31.7,31.7,32.0,69.0,38.7,10000.0,0.17,100.0,5.81,11.56,236.0,1004.0,1,500,Rain,light rain,10d
2025-07-29 17:04:38,Dong Nai-Bien Hoa,Bien Hoa,31.7,31.7,32.0,69.0,38.7,10000.0,0.17,100.0,5.81,11.56,236.0,1004.0,1,500,Rain,light rain,10d
2025-07-29 17:08:29,Dong Nai-Bien Hoa,Bien Hoa,31.7,31.7,32.0,69.0,38.7,10000.0,0.17,100.0,5.81,11.56,236.0,1004.0,1,500,Rain,light rain,10d
2025-07-29 17:12:22,Dong Nai-Bien Hoa,Bien Hoa,31.7,31.7,32.0,69.0,38.7,10000.0,0.18,100.0,5.81,11.56,236.0,1004.0,1,500,Rain,light rain,10d
2025-07-29 17:16:14,Dong Nai-Bien Hoa,Bien Hoa,31.7,31.7,32.0,69.0,38.7,10000.0,0.22,100.0,5.81,11.56,236.0,1004.0,1,500,Rain,light rain,10d
2025-07-29 17:20:05,Dong Nai-Bien Hoa,Bien Hoa,31.7,31.7,32.0,69.0,38.7,10000.0,0.22,100.0,5.81,11.56,236.0,1004.0,1,500,Rain,light rain,10d
2025-07-29 17:23:56,Dong Nai-Bien Hoa,Bien Hoa,31.7,31.0,31.7,69.0,38.7,10000.0,0.6,100.0,5.81,11.56,236.0,1004.0,1,500,Rain,light rain,10d
2025-07-29 17:27:47,Dong Nai-Bien Hoa,Bien Hoa,31.7,31.0,31.7,69.0,38.7,10000.0,0.6,100.0,5.81,11.56,236.0,1004.0,1,500,Rain,light rain,10d
2025-07-29 17:31:38,Dong Nai-Bien Hoa,Bien Hoa,31.7,31.0,31.7,70.0,38.7,10000.0,0.95,99.0,5.99,11.7,236.0,1004.0,1,500,Rain,light rain,10d
2025-07-29 17:35:29,Dong Nai-Bien Hoa,Bien Hoa,31.7,31.0,31.7,70.0,38.7,10000.0,0.95,99.0,5.99,11.7,236.0,1004.0,1,500,Rain,light rain,10d
2025-07-29 17:39:21,Dong Nai-Bien Hoa,Bien Hoa,31.7,31.0,31.7,70.0,38.7,10000.0,0.92,99.0,5.99,11.7,236.0,1004.0,1,500,Rain,light rain,10d
2025-07-29 17:43:13,Dong Nai-Bien Hoa,Bien Hoa,31.7,31.0,31.7,70.0,38.7,10000.0,0.38,99.0,5.99,11.7,236.0,1004.0,1,500,Rain,light rain,10d
2025-07-29 17:47:05,Dong Nai-Bien Hoa,Bien Hoa,31.7,31.0,31.7,71.0,38.7,10000.0,0.0,99.0,5.99,11.7,236.0,1004.0,1,804,Clouds,overcast clouds,04d
2025-07-29 17:50:57,Dong Nai-Bien Hoa,Bien Hoa,31.7,31.0,31.7,71.0,38.7,10000.0,0.0,99.0,5.99,11.7,236.0,1004.0,1,804,Clouds,overcast clouds,04d
2025-07-29 17:54:50,Dong Nai-Bien Hoa,Bien Hoa,31.7,31.0,31.7,71.0,38.7,10000.0,0.0,99.0,5.99,11.7,236.0,1004.0,1,804,Clouds,overcast clouds,04d
2025-07-29 17:58:43,Dong Nai-Bien Hoa,Bien Hoa,31.7,31.0,31.7,71.0,38.7,10000.0,0.0,99.0,5.99,11.7,236.0,1004.0,1,804,Clouds,overcast clouds,04d
2025-07-29 18:02:39,Dong Nai-Bien Hoa,Bien Hoa,31.7,31.0,31.7,71.0,38.7,10000.0,0.0,99.0,5.99,11.7,236.0,1004.0,1,804,Clouds,overcast clouds,04d
2025-07-29 18:06:33,Dong Nai-Bien Hoa,Bien Hoa,31.7,31.0,31.7,71.0,38.7,10000.0,0.0,99.0,5.99,11.7,236.0,1004.0,1,804,Clouds,overcast clouds,04d
2025-07-29 18:10:25,Dong Nai-Bien Hoa,Bien Hoa,31.7,31.0,31.7,71.0,38.7,10000.0,0.65,99.0,5.99,11.7,236.0,1004.0,1,500,Rain,light rain,10d
2025-07-29 18:14:17,Dong Nai-Bien Hoa,Bien Hoa,31.7,31.0,31.7,71.0,38.7,10000.0,0.42,99.0,5.99,11.7,236.0,1004.0,1,500,Rain,light rain,10d
2025-07-29 18:18:13,Dong Nai-Bien Hoa,Bien Hoa,31.14,31.0,31.14,71.0,38.14,10000.0,0.4,99.0,5.99,11.7,236.0,1004.0,0,500,Rain,light rain,10n
2025-07-29 18:22:06,Dong Nai-Bien Hoa,Bien Hoa,31.14,31.0,31.14,71.0,38.14,10000.0,0.4,99.0,5.99,11.7,236.0,1004.0,0,500,Rain,light rain,10n
2025-07-29 18:26:01,Dong Nai-Bien Hoa,Bien Hoa,31.14,31.0,31.14,71.0,38.14,10000.0,0.4,99.0,5.99,11.7,236.0,1004.0,0,500,Rain,light rain,10n
2025-07-29 18:29:56,Dong Nai-Bien Hoa,Bien Hoa,31.14,31.0,31.14,71.0,38.14,10000.0,0.0,99.0,5.99,11.7,236.0,1004.0,0,804,Clouds,overcast clouds,04n
2025-07-29 18:33:48,Dong Nai-Bien Hoa,Bien Hoa,31.14,31.0,31.14,71.0,38.14,10000.0,0.0,90.0,6.01,11.92,235.0,1005.0,0,804,Clouds,overcast clouds,04n
2025-07-29 18:37:40,Dong Nai-Bien Hoa,Bien Hoa,31.14,31.0,31.14,71.0,38.14,10000.0,0.0,90.0,6.01,11.92,235.0,1005.0,0,804,Clouds,overcast clouds,04n
2025-07-29 18:41:34,Dong Nai-Bien Hoa,Bien Hoa,31.14,31.0,31.14,71.0,38.14,10000.0,0.0,90.0,6.01,11.92,235.0,1005.0,0,804,Clouds,overcast clouds,04n
2025-07-29 18:45:33,Dong Nai-Bien Hoa,Bien Hoa,31.14,31.0,31.14,71.0,38.14,10000.0,0.0,90.0,6.01,11.92,235.0,1005.0,0,804,Clouds,overcast clouds,04n
2025-07-29 18:49:26,Dong Nai-Bien Hoa,Bien Hoa,30.59,30.0,30.59,73.0,37.37,10000.0,0.0,90.0,6.01,11.92,235.0,1005.0,0,804,Clouds,overcast clouds,04n
2025-07-29 18:53:22,Dong Nai-Bien Hoa,Bien Hoa,30.59,30.0,30.59,73.0,37.37,10000.0,0.0,90.0,6.01,11.92,235.0,1005.0,0,804,Clouds,overcast clouds,04n
2025-07-29 18:57:15,Dong Nai-Bien Hoa,Bien Hoa,30.59,30.0,30.59,73.0,37.37,10000.0,0.0,90.0,6.01,11.92,235.0,1005.0,0,804,Clouds,overcast clouds,04n
2025-07-29 19:01:15,Dong Nai-Bien Hoa,Bien Hoa,30.59,30.0,30.59,73.0,37.37,10000.0,0.0,99.0,6.49,11.37,236.0,1005.0,0,804,Clouds,overcast clouds,04n
2025-07-29 19:05:22,Dong Nai-Bien Hoa,Bien Hoa,30.59,30.0,30.59,73.0,37.37,10000.0,0.0,99.0,6.49,11.37,236.0,1005.0,0,804,Clouds,overcast clouds,04n
2025-07-29 19:09:16,Dong Nai-Bien Hoa,Bien Hoa,30.59,30.0,30.59,73.0,37.37,10000.0,0.0,99.0,6.49,11.37,236.0,1005.0,0,804,Clouds,overcast clouds,04n
2025-07-29 19:13:06,Dong Nai-Bien Hoa,Bien Hoa,30.59,30.0,30.59,73.0,37.37,10000.0,0.0,99.0,6.49,11.37,236.0,1005.0,0,804,Clouds,overcast clouds,04n
2025-07-29 19:16:55,Dong Nai-Bien Hoa,Bien Hoa,30.59,30.0,30.59,73.0,37.37,10000.0,0.0,99.0,6.49,11.37,236.0,1005.0,0,804,Clouds,overcast clouds,04n
2025-07-29 19:20:40,Dong Nai-Bien Hoa,Bien Hoa,30.59,30.0,30.59,73.0,37.37,10000.0,0.0,99.0,6.49,11.37,236.0,1005.0,0,804,Clouds,overcast clouds,04n
2025-07-29 19:24:27,Dong Nai-Bien Hoa,Bien Hoa,30.59,30.0,30.59,73.0,37.37,10000.0,0.0,99.0,6.49,11.37,236.0,1005.0,0,804,Clouds,overcast clouds,04n
2025-07-29 19:28:13,Dong Nai-Bien Hoa,Bien Hoa,30.03,30.0,30.03,73.0,35.86,10000.0,0.0,99.0,6.49,11.37,236.0,1005.0,0,804,Clouds,overcast clouds,04n
2025-07-29 19:32:00,Dong Nai-Bien Hoa,Bien Hoa,30.03,30.0,30.03,73.0,35.86,10000.0,0.0,25.0,5.94,11.88,229.0,1006.0,0,802,Clouds,scattered clouds,03n
2025-07-29 19:35:47,Dong Nai-Bien Hoa,Bien Hoa,30.03,30.0,30.03,73.0,35.86,10000.0,0.0,25.0,5.94,11.88,229.0,1006.0,0,802,Clouds,scattered clouds,03n
2025-07-29 19:39:34,Dong Nai-Bien Hoa,Bien Hoa,30.03,30.0,30.03,72.0,35.61,10000.0,0.0,25.0,5.94,11.88,229.0,1006.0,0,802,Clouds,scattered clouds,03n
2025-07-29 19:43:20,Dong Nai-Bien Hoa,Bien Hoa,30.03,30.0,30.03,72.0,35.61,10000.0,0.0,25.0,5.94,11.88,229.0,1006.0,0,802,Clouds,scattered clouds,03n
2025-07-29 19:47:07,Dong Nai-Bien Hoa,Bien Hoa,30.03,30.0,30.03,72.0,35.61,10000.0,0.0,25.0,5.94,11.88,229.0,1006.0,0,802,Clouds,scattered clouds,03n
2025-07-29 19:50:55,Dong Nai-Bien Hoa,Bien Hoa,30.03,30.0,30.03,72.0,35.61,10000.0,0.0,25.0,5.94,11.88,229.0,1007.0,0,802,Clouds,scattered clouds,03n
2025-07-29 19:54:42,Dong Nai-Bien Hoa,Bien Hoa,30.03,30.0,30.03,72.0,35.61,10000.0,0.0,25.0,5.94,11.88,229.0,1007.0,0,802,Clouds,scattered clouds,03n
2025-07-29 19:58:27,Dong Nai-Bien Hoa,Bien Hoa,30.03,30.0,30.03,72.0,35.61,10000.0,0.0,25.0,5.94,11.88,229.0,1007.0,0,802,Clouds,scattered clouds,03n
2025-07-29 20:02:13,Dong Nai-Bien Hoa,Bien Hoa,30.03,30.0,30.03,72.0,35.61,10000.0,0.0,25.0,5.94,11.88,229.0,1007.0,0,802,Clouds,scattered clouds,03n
2025-07-29 20:05:59,Dong Nai-Bien Hoa,Bien Hoa,30.03,30.0,30.03,74.0,36.12,10000.0,0.0,25.0,5.94,11.88,229.0,1006.0,0,802,Clouds,scattered clouds,03n
2025-07-29 20:09:45,Dong Nai-Bien Hoa,Bien Hoa,30.03,30.0,30.03,74.0,36.12,10000.0,0.0,25.0,5.94,11.88,229.0,1006.0,0,802,Clouds,scattered clouds,03n
2025-07-29 20:13:31,Dong Nai-Bien Hoa,Bien Hoa,30.03,30.0,30.03,74.0,36.12,10000.0,0.0,25.0,5.94,11.88,229.0,1006.0,0,802,Clouds,scattered clouds,03n
2025-07-29 20:17:17,Dong Nai-Bien Hoa,Bien Hoa,30.03,30.0,30.03,74.0,36.12,10000.0,0.0,25.0,5.94,11.88,229.0,1006.0,0,802,Clouds,scattered clouds,03n
2025-07-29 20:21:03,Dong Nai-Bien Hoa,Bien Hoa,30.03,30.0,30.03,74.0,36.12,10000.0,0.0,25.0,5.94,11.88,229.0,1006.0,0,802,Clouds,scattered clouds,03n
2025-07-29 20:24:51,Dong Nai-Bien Hoa,Bien Hoa,30.03,30.0,30.03,74.0,36.12,10000.0,0.0,25.0,5.94,11.88,229.0,1006.0,0,802,Clouds,scattered clouds,03n
2025-07-29 20:28:37,Dong Nai-Bien Hoa,Bien Hoa,30.03,30.0,30.03,74.0,36.12,10000.0,0.0,25.0,5.94,11.88,229.0,1006.0,0,802,Clouds,scattered clouds,03n
2025-07-29 20:32:23,Dong Nai-Bien Hoa,Bien Hoa,30.03,30.0,30.03,74.0,36.12,10000.0,0.0,25.0,5.94,11.88,229.0,1006.0,0,802,Clouds,scattered clouds,03n
2025-07-29 20:36:13,Dong Nai-Bien Hoa,Bien Hoa,30.03,30.0,30.03,74.0,36.12,10000.0,0.0,25.0,5.94,11.88,229.0,1006.0,0,802,Clouds,scattered clouds,03n
2025-07-29 20:39:59,Dong Nai-Bien Hoa,Bien Hoa,30.03,30.0,30.03,74.0,36.12,10000.0,0.0,23.0,5.88,12.76,233.0,1007.0,0,801,Clouds,few clouds,02n
2025-07-29 20:43:44,Dong Nai-Bien Hoa,Bien Hoa,30.03,30.0,30.03,74.0,36.12,10000.0,0.0,23.0,5.88,12.76,233.0,1007.0,0,801,Clouds,few clouds,02n
2025-07-29 20:47:31,Dong Nai-Bien Hoa,Bien Hoa,30.03,29.0,30.03,74.0,36.12,10000.0,0.0,23.0,5.88,12.76,233.0,1007.0,0,801,Clouds,few clouds,02n
2025-07-29 20:51:17,Dong Nai-Bien Hoa,Bien Hoa,30.03,29.0,30.03,74.0,36.12,10000.0,0.0,23.0,5.88,12.76,233.0,1007.0,0,801,Clouds,few clouds,02n
2025-07-29 20:55:03,Dong Nai-Bien Hoa,Bien Hoa,29.47,29.0,29.47,74.0,34.66,10000.0,0.0,23.0,5.88,12.76,233.0,1007.0,0,801,Clouds,few clouds,02n
2025-07-29 20:58:49,Dong Nai-Bien Hoa,Bien Hoa,29.47,29.0,29.47,74.0,34.66,10000.0,0.0,23.0,5.88,12.76,233.0,1007.0,0,801,Clouds,few clouds,02n
2025-07-29 21:02:35,Dong Nai-Bien Hoa,Bien Hoa,29.47,29.0,29.47,76.0,35.12,10000.0,0.0,23.0,5.88,12.76,233.0,1007.0,0,801,Clouds,few clouds,02n
2025-07-29 21:06:21,Dong Nai-Bien Hoa,Bien Hoa,29.47,29.0,29.47,76.0,35.12,10000.0,0.0,23.0,5.88,12.76,233.0,1007.0,0,801,Clouds,few clouds,02n
2025-07-29 21:10:07,Dong Nai-Bien Hoa,Bien Hoa,29.47,29.0,29.47,76.0,35.12,10000.0,0.0,23.0,5.88,12.76,233.0,1007.0,0,801,Clouds,few clouds,02n
2025-07-29 21:13:53,Dong Nai-Bien Hoa,Bien Hoa,29.47,29.0,29.47,76.0,35.12,10000.0,0.0,23.0,5.88,12.76,233.0,1007.0,0,801,Clouds,few clouds,02n
2025-07-29 21:17:39,Dong Nai-Bien Hoa,Bien Hoa,29.47,29.0,29.47,76.0,35.12,10000.0,0.0,23.0,5.88,12.76,233.0,1007.0,0,801,Clouds,few clouds,02n
2025-07-29 21:21:24,Dong Nai-Bien Hoa,Bien Hoa,29.47,29.0,29.47,76.0,35.12,10000.0,0.0,23.0,5.88,12.76,233.0,1007.0,0,801,Clouds,few clouds,02n
2025-07-29 21:25:12,Dong Nai-Bien Hoa,Bien Hoa,29.47,29.0,29.47,76.0,35.12,10000.0,0.0,23.0,5.88,12.76,233.0,1007.0,0,801,Clouds,few clouds,02n
2025-07-29 21:28:58,Dong Nai-Bien Hoa,Bien Hoa,29.47,29.0,29.47,76.0,35.12,10000.0,0.0,23.0,5.88,12.76,233.0,1007.0,0,801,Clouds,few clouds,02n
2025-07-29 21:32:44,Dong Nai-Bien Hoa,Bien Hoa,29.47,29.0,29.47,76.0,35.12,10000.0,0.0,23.0,5.88,12.76,233.0,1007.0,0,801,Clouds,few clouds,02n
2025-07-29 21:36:33,Dong Nai-Bien Hoa,Bien Hoa,29.47,29.0,29.47,77.0,35.35,10000.0,0.0,36.0,5.78,13.1,233.0,1008.0,0,802,Clouds,scattered clouds,03n
2025-07-29 21:40:21,Dong Nai-Bien Hoa,Bien Hoa,29.47,29.0,29.47,77.0,35.35,10000.0,0.0,36.0,5.78,13.1,233.0,1008.0,0,802,Clouds,scattered clouds,03n
2025-07-29 21:44:09,Dong Nai-Bien Hoa,Bien Hoa,29.47,29.0,29.47,77.0,35.35,10000.0,0.0,36.0,5.78,13.1,233.0,1008.0,0,802,Clouds,scattered clouds,03n
2025-07-29 21:47:55,Dong Nai-Bien Hoa,Bien Hoa,29.47,29.0,29.47,76.0,35.12,10000.0,0.0,36.0,5.78,13.1,233.0,1008.0,0,802,Clouds,scattered clouds,03n
2025-07-29 21:51:42,Dong Nai-Bien Hoa,Bien Hoa,29.47,29.0,29.47,76.0,35.12,10000.0,0.0,36.0,5.78,13.1,233.0,1008.0,0,802,Clouds,scattered clouds,03n
2025-07-29 21:55:29,Dong Nai-Bien Hoa,Bien Hoa,29.47,29.0,29.47,76.0,35.12,10000.0,0.0,36.0,5.78,13.1,233.0,1008.0,0,802,Clouds,scattered clouds,03n
2025-07-29 21:59:15,Dong Nai-Bien Hoa,Bien Hoa,29.47,29.0,29.47,76.0,35.12,10000.0,0.0,36.0,5.78,13.1,233.0,1008.0,0,802,Clouds,scattered clouds,03n
2025-07-29 22:03:04,Dong Nai-Bien Hoa,Bien Hoa,29.47,29.0,29.47,77.0,35.35,10000.0,0.0,36.0,5.78,13.1,233.0,1008.0,0,802,Clouds,scattered clouds,03n
2025-07-29 22:06:52,Dong Nai-Bien Hoa,Bien Hoa,29.47,29.0,29.47,77.0,35.35,10000.0,0.0,36.0,5.78,13.1,233.0,1008.0,0,802,Clouds,scattered clouds,03n
2025-07-29 22:10:38,Dong Nai-Bien Hoa,Bien Hoa,29.47,29.0,29.47,77.0,35.35,10000.0,0.0,36.0,5.78,13.1,233.0,1008.0,0,802,Clouds,scattered clouds,03n
2025-07-29 22:14:26,Dong Nai-Bien Hoa,Bien Hoa,29.47,29.0,29.47,77.0,35.35,10000.0,0.0,36.0,5.78,13.1,233.0,1008.0,0,802,Clouds,scattered clouds,03n
2025-07-29 22:18:13,Dong Nai-Bien Hoa,Bien Hoa,29.47,29.0,29.47,77.0,35.35,10000.0,0.0,36.0,5.78,13.1,233.0,1008.0,0,802,Clouds,scattered clouds,03n
2025-07-29 22:22:00,Dong Nai-Bien Hoa,Bien Hoa,29.47,29.0,29.47,77.0,35.35,10000.0,0.0,36.0,5.78,13.1,233.0,1008.0,0,802,Clouds,scattered clouds,03n
2025-07-29 22:25:47,Dong Nai-Bien Hoa,Bien Hoa,29.47,29.0,29.47,77.0,35.35,10000.0,0.0,36.0,5.78,13.1,233.0,1008.0,0,802,Clouds,scattered clouds,03n
2025-07-29 22:29:33,Dong Nai-Bien Hoa,Bien Hoa,29.47,29.0,29.47,77.0,35.35,10000.0,0.0,36.0,5.78,13.1,233.0,1008.0,0,802,Clouds,scattered clouds,03n
2025-07-29 22:33:20,Dong Nai-Bien Hoa,Bien Hoa,29.47,29.0,29.47,80.0,36.08,10000.0,0.0,52.0,4.94,12.0,227.0,1008.0,0,803,Clouds,broken clouds,04n
2025-07-29 22:37:07,Dong Nai-Bien Hoa,Bien Hoa,29.47,29.0,29.47,80.0,36.08,10000.0,0.0,52.0,4.94,12.0,227.0,1008.0,0,803,Clouds,broken clouds,04n
2025-07-29 22:40:53,Dong Nai-Bien Hoa,Bien Hoa,29.47,29.0,29.47,80.0,36.08,10000.0,0.0,52.0,4.94,12.0,227.0,1008.0,0,803,Clouds,broken clouds,04n
2025-07-29 22:44:40,Dong Nai-Bien Hoa,Bien Hoa,29.47,29.0,29.47,80.0,36.08,10000.0,0.0,52.0,4.94,12.0,227.0,1008.0,0,803,Clouds,broken clouds,04n
2025-07-29 22:48:28,Dong Nai-Bien Hoa,Bien Hoa,29.47,29.0,29.47,80.0,36.08,10000.0,0.0,52.0,4.94,12.0,227.0,1008.0,0,803,Clouds,broken clouds,04n
2025-07-29 22:52:15,Dong Nai-Bien Hoa,Bien Hoa,29.47,29.0,29.47,80.0,36.08,10000.0,0.0,52.0,4.94,12.0,227.0,1008.0,0,803,Clouds,broken clouds,04n
2025-07-29 22:56:02,Dong Nai-Bien Hoa,Bien Hoa,29.47,29.0,29.47,79.0,35.83,10000.0,0.0,52.0,4.94,12.0,227.0,1008.0,0,803,Clouds,broken clouds,04n
2025-07-29 22:59:49,Dong Nai-Bien Hoa,Bien Hoa,29.47,29.0,29.47,79.0,35.83,10000.0,0.0,52.0,4.94,12.0,227.0,1008.0,0,803,Clouds,broken clouds,04n
2025-07-29 23:03:35,Dong Nai-Bien Hoa,Bien Hoa,29.47,29.0,29.47,79.0,35.83,10000.0,0.0,52.0,4.94,12.0,227.0,1008.0,0,803,Clouds,broken clouds,04n
2025-07-29 23:07:23,Dong Nai-Bien Hoa,Bien Hoa,29.47,29.0,29.47,79.0,35.83,10000.0,0.0,52.0,4.94,12.0,227.0,1008.0,0,803,Clouds,broken clouds,04n
2025-07-29 23:11:10,Dong Nai-Bien Hoa,Bien Hoa,29.47,29.0,29.47,79.0,35.83,10000.0,0.0,52.0,4.94,12.0,227.0,1008.0,0,803,Clouds,broken clouds,04n
2025-07-29 23:14:57,Dong Nai-Bien Hoa,Bien Hoa,29.47,29.0,29.47,79.0,35.83,10000.0,0.0,52.0,4.94,12.0,227.0,1008.0,0,803,Clouds,broken clouds,04n
2025-07-29 23:18:43,Dong Nai-Bien Hoa,Bien Hoa,29.47,29.0,29.47,79.0,35.83,10000.0,0.0,52.0,4.94,12.0,227.0,1008.0,0,803,Clouds,broken clouds,04n
2025-07-29 23:22:30,Dong Nai-Bien Hoa,Bien Hoa,29.47,29.0,29.47,79.0,35.83,10000.0,0.0,52.0,4.94,12.0,227.0,1008.0,0,803,Clouds,broken clouds,04n
2025-07-29 23:26:16,Dong Nai-Bien Hoa,Bien Hoa,29.47,29.0,29.47,79.0,35.83,10000.0,0.0,52.0,4.94,12.0,227.0,1008.0,0,803,Clouds,broken clouds,04n
2025-07-29 23:30:04,Dong Nai-Bien Hoa,Bien Hoa,29.47,29.0,29.47,80.0,36.08,10000.0,0.0,61.0,4.44,11.44,227.0,1008.0,0,803,Clouds,broken clouds,04n
2025-07-29 23:33:51,Dong Nai-Bien Hoa,Bien Hoa,29.47,29.0,29.47,80.0,36.08,10000.0,0.0,61.0,4.44,11.44,227.0,1008.0,0,803,Clouds,broken clouds,04n
2025-07-29 23:37:43,Dong Nai-Bien Hoa,Bien Hoa,29.47,29.0,29.47,80.0,36.08,10000.0,0.0,61.0,4.44,11.44,227.0,1008.0,0,803,Clouds,broken clouds,04n
2025-07-29 23:41:31,Dong Nai-Bien Hoa,Bien Hoa,29.47,29.0,29.47,81.0,36.33,10000.0,0.0,61.0,4.44,11.44,227.0,1008.0,0,803,Clouds,broken clouds,04n
2025-07-29 23:45:17,Dong Nai-Bien Hoa,Bien Hoa,29.47,29.0,29.47,81.0,36.33,10000.0,0.0,61.0,4.44,11.44,227.0,1008.0,0,803,Clouds,broken clouds,04n
2025-07-29 23:49:05,Dong Nai-Bien Hoa,Bien Hoa,29.47,29.0,29.47,81.0,36.33,10000.0,0.0,61.0,4.44,11.44,227.0,1008.0,0,803,Clouds,broken clouds,04n
2025-07-29 23:52:52,Dong Nai-Bien Hoa,Bien Hoa,29.47,29.0,29.47,81.0,36.33,10000.0,0.0,61.0,4.44,11.44,227.0,1008.0,0,803,Clouds,broken clouds,04n
2025-07-29 23:56:38,Dong Nai-Bien Hoa,Bien Hoa,29.47,29.0,29.47,81.0,36.33,10000.0,0.0,61.0,4.44,11.44,227.0,1008.0,0,803,Clouds,broken clouds,04n
2025-07-30 00:00:25,Dong Nai-Bien Hoa,Bien Hoa,29.47,29.0,29.47,81.0,36.33,10000.0,0.0,61.0,4.44,11.44,227.0,1008.0,0,803,Clouds,broken clouds,04n
2025-07-30 00:04:12,Dong Nai-Bien Hoa,Bien Hoa,29.47,29.0,29.47,81.0,36.33,10000.0,0.0,61.0,4.44,11.44,227.0,1008.0,0,803,Clouds,broken clouds,04n
2025-07-30 00:07:58,Dong Nai-Bien Hoa,Bien Hoa,29.47,29.0,29.47,81.0,36.33,10000.0,0.0,61.0,4.44,11.44,227.0,1008.0,0,803,Clouds,broken clouds,04n
2025-07-30 00:11:44,Dong Nai-Bien Hoa,Bien Hoa,29.47,29.0,29.47,80.0,36.08,10000.0,0.0,61.0,4.44,11.44,227.0,1008.0,0,803,Clouds,broken clouds,04n
2025-07-30 00:15:31,Dong Nai-Bien Hoa,Bien Hoa,29.47,29.0,29.47,80.0,36.08,10000.0,0.0,61.0,4.44,11.44,227.0,1008.0,0,803,Clouds,broken clouds,04n
2025-07-30 00:19:17,Dong Nai-Bien Hoa,Bien Hoa,29.47,29.0,29.47,80.0,36.08,10000.0,0.0,61.0,4.44,11.44,227.0,1008.0,0,803,Clouds,broken clouds,04n
2025-07-30 00:23:05,Dong Nai-Bien Hoa,Bien Hoa,28.92,28.92,29.0,81.0,34.73,10000.0,0.0,61.0,4.44,11.44,227.0,1008.0,0,803,Clouds,broken clouds,04n
2025-07-30 00:26:52,Dong Nai-Bien Hoa,Bien Hoa,28.92,28.92,29.0,81.0,34.73,10000.0,0.0,61.0,4.44,11.44,227.0,1008.0,0,803,Clouds,broken clouds,04n
2025-07-30 00:30:38,Dong Nai-Bien Hoa,Bien Hoa,28.92,28.92,29.0,82.0,34.95,10000.0,0.0,65.0,4.1,10.98,226.0,1008.0,0,803,Clouds,broken clouds,04n
2025-07-30 00:34:24,Dong Nai-Bien Hoa,Bien Hoa,28.92,28.92,29.0,82.0,34.95,10000.0,0.0,65.0,4.1,10.98,226.0,1008.0,0,803,Clouds,broken clouds,04n
2025-07-30 00:38:11,Dong Nai-Bien Hoa,Bien Hoa,28.92,28.92,29.0,82.0,34.95,10000.0,0.0,65.0,4.1,10.98,226.0,1008.0,0,803,Clouds,broken clouds,04n
2025-07-30 00:44:08,Dong Nai-Bien Hoa,Bien Hoa,28.92,28.92,29.0,82.0,34.95,10000.0,0.0,65.0,4.1,10.98,226.0,1008.0,0,803,Clouds,broken clouds,04n
2025-07-30 00:47:55,Dong Nai-Bien Hoa,Bien Hoa,28.92,28.92,29.0,82.0,34.95,10000.0,0.0,65.0,4.1,10.98,226.0,1007.0,0,803,Clouds,broken clouds,04n
2025-07-30 00:51:42,Dong Nai-Bien Hoa,Bien Hoa,28.92,28.92,29.0,82.0,34.95,10000.0,0.0,65.0,4.1,10.98,226.0,1007.0,0,803,Clouds,broken clouds,04n
2025-07-30 12:03:46,Dong Nai-Bien Hoa,Bien Hoa,32.81,32.81,33.0,59.0,38.69,10000.0,0.18,44.0,6.01,9.97,280.0,1007.0,1,500,Rain,light rain,10d
2025-07-30 12:07:31,Dong Nai-Bien Hoa,Bien Hoa,32.81,32.81,33.0,59.0,38.69,10000.0,0.18,44.0,6.01,9.97,280.0,1007.0,1,500,Rain,light rain,10d
2025-07-30 12:11:17,Dong Nai-Bien Hoa,Bien Hoa,33.36,33.0,33.36,64.0,40.36,10000.0,0.0,44.0,6.01,9.97,280.0,1007.0,1,802,Clouds,scattered clouds,03d
2025-07-30 12:15:03,Dong Nai-Bien Hoa,Bien Hoa,33.36,33.0,33.36,64.0,40.36,10000.0,0.0,44.0,6.01,9.97,280.0,1007.0,1,802,Clouds,scattered clouds,03d
2025-07-30 12:18:49,Dong Nai-Bien Hoa,Bien Hoa,33.36,32.0,33.36,64.0,40.36,10000.0,0.0,44.0,6.01,9.97,280.0,1007.0,1,802,Clouds,scattered clouds,03d
2025-07-30 12:22:35,Dong Nai-Bien Hoa,Bien Hoa,33.36,33.0,33.36,64.0,40.36,10000.0,0.0,44.0,6.01,9.97,280.0,1007.0,1,802,Clouds,scattered clouds,03d
2025-07-30 12:26:21,Dong Nai-Bien Hoa,Bien Hoa,32.81,32.0,32.81,64.0,39.81,10000.0,0.0,44.0,6.01,9.97,280.0,1007.0,1,802,Clouds,scattered clouds,03d
2025-07-30 12:30:07,Dong Nai-Bien Hoa,Bien Hoa,32.81,32.0,32.81,57.0,38.02,10000.0,0.0,53.0,6.31,9.7,273.0,1006.0,1,803,Clouds,broken clouds,04d
2025-07-30 12:33:53,Dong Nai-Bien Hoa,Bien Hoa,32.81,32.0,32.81,57.0,38.02,10000.0,0.0,53.0,6.31,9.7,273.0,1006.0,1,803,Clouds,broken clouds,04d
2025-07-30 12:37:38,Dong Nai-Bien Hoa,Bien Hoa,32.81,32.0,32.81,57.0,38.02,10000.0,0.0,53.0,6.31,9.7,273.0,1006.0,1,803,Clouds,broken clouds,04d
2025-07-30 12:41:25,Dong Nai-Bien Hoa,Bien Hoa,32.81,32.0,32.81,58.0,38.36,10000.0,0.0,53.0,6.31,9.7,273.0,1006.0,1,803,Clouds,broken clouds,04d
2025-07-30 12:45:11,Dong Nai-Bien Hoa,Bien Hoa,32.81,32.0,32.81,58.0,38.36,10000.0,0.0,53.0,6.31,9.7,273.0,1006.0,1,803,Clouds,broken clouds,04d
2025-07-30 12:48:57,Dong Nai-Bien Hoa,Bien Hoa,33.36,33.0,33.36,56.0,38.99,10000.0,0.0,53.0,6.31,9.7,273.0,1006.0,1,803,Clouds,broken clouds,04d
2025-07-30 12:52:43,Dong Nai-Bien Hoa,Bien Hoa,33.36,33.0,33.36,56.0,38.99,10000.0,0.0,53.0,6.31,9.7,273.0,1006.0,1,803,Clouds,broken clouds,04d
2025-07-30 12:56:29,Dong Nai-Bien Hoa,Bien Hoa,33.36,33.0,33.36,56.0,38.99,10000.0,0.0,49.0,6.03,9.83,279.0,1006.0,1,802,Clouds,scattered clouds,03d
2025-07-30 13:00:15,Dong Nai-Bien Hoa,Bien Hoa,33.36,33.0,33.36,56.0,38.99,10000.0,0.0,49.0,6.03,9.83,279.0,1006.0,1,802,Clouds,scattered clouds,03d
2025-07-30 13:04:00,Dong Nai-Bien Hoa,Bien Hoa,33.36,33.0,33.36,56.0,38.99,10000.0,0.0,49.0,6.03,9.83,279.0,1006.0,1,802,Clouds,scattered clouds,03d
2025-07-30 13:07:46,Dong Nai-Bien Hoa,Bien Hoa,33.36,33.0,33.36,56.0,38.99,10000.0,0.0,49.0,6.03,9.83,279.0,1006.0,1,802,Clouds,scattered clouds,03d
2025-07-30 13:11:32,Dong Nai-Bien Hoa,Bien Hoa,33.36,33.0,33.36,56.0,38.99,10000.0,0.0,49.0,6.03,9.83,279.0,1006.0,1,802,Clouds,scattered clouds,03d
2025-07-30 13:15:18,Dong Nai-Bien Hoa,Bien Hoa,33.36,33.0,33.36,56.0,38.99,10000.0,0.0,49.0,6.03,9.83,279.0,1006.0,1,802,Clouds,scattered clouds,03d
2025-07-30 13:19:04,Dong Nai-Bien Hoa,Bien Hoa,33.92,33.92,34.0,56.0,40.36,10000.0,0.0,49.0,6.03,9.83,279.0,1006.0,1,802,Clouds,scattered clouds,03d
2025-07-30 13:22:50,Dong Nai-Bien Hoa,Bien Hoa,33.36,33.36,34.0,60.0,40.36,10000.0,0.0,49.0,6.03,9.83,279.0,1006.0,1,802,Clouds,scattered clouds,03d
2025-07-30 13:26:36,Dong Nai-Bien Hoa,Bien Hoa,33.36,33.36,34.0,60.0,40.36,10000.0,0.0,49.0,6.03,9.83,279.0,1006.0,1,802,Clouds,scattered clouds,03d
2025-07-30 13:30:21,Dong Nai-Bien Hoa,Bien Hoa,33.36,33.36,34.0,60.0,40.36,10000.0,0.0,49.0,6.03,9.83,279.0,1006.0,1,802,Clouds,scattered clouds,03d
2025-07-30 13:34:08,Dong Nai-Bien Hoa,Bien Hoa,33.92,33.92,34.0,55.0,39.99,10000.0,0.0,100.0,5.53,9.45,268.0,1005.0,1,804,Clouds,overcast clouds,04d
2025-07-30 13:37:54,Dong Nai-Bien Hoa,Bien Hoa,35.03,34.0,35.03,55.0,42.03,10000.0,0.0,100.0,5.53,9.45,268.0,1005.0,1,804,Clouds,overcast clouds,04d
2025-07-30 13:41:40,Dong Nai-Bien Hoa,Bien Hoa,35.03,34.0,35.03,55.0,42.03,10000.0,0.0,100.0,5.53,9.45,268.0,1005.0,1,804,Clouds,overcast clouds,04d
2025-07-30 13:45:25,Dong Nai-Bien Hoa,Bien Hoa,35.03,34.0,35.03,55.0,42.03,10000.0,0.0,100.0,5.53,9.45,268.0,1005.0,1,804,Clouds,overcast clouds,04d
2025-07-30 13:49:12,Dong Nai-Bien Hoa,Bien Hoa,34.47,34.0,34.47,54.0,40.96,10000.0,0.0,100.0,5.53,9.45,268.0,1005.0,1,804,Clouds,overcast clouds,04d
2025-07-30 13:52:58,Dong Nai-Bien Hoa,Bien Hoa,34.47,34.0,34.47,54.0,40.96,10000.0,0.0,100.0,5.53,9.45,268.0,1005.0,1,804,Clouds,overcast clouds,04d
2025-07-30 13:56:45,Dong Nai-Bien Hoa,Bien Hoa,35.03,34.0,35.03,54.0,42.03,10000.0,0.0,100.0,5.53,9.45,268.0,1005.0,1,804,Clouds,overcast clouds,04d
2025-07-30 14:00:32,Dong Nai-Bien Hoa,Bien Hoa,35.03,34.0,35.03,54.0,42.03,10000.0,0.0,100.0,5.53,9.45,268.0,1005.0,1,804,Clouds,overcast clouds,04d
2025-07-30 14:04:21,Dong Nai-Bien Hoa,Bien Hoa,34.47,34.0,34.47,58.0,41.47,10000.0,0.0,100.0,5.53,9.45,268.0,1005.0,1,804,Clouds,overcast clouds,04d
2025-07-30 14:08:10,Dong Nai-Bien Hoa,Bien Hoa,33.92,33.92,34.0,58.0,40.92,10000.0,0.0,100.0,5.53,9.45,268.0,1005.0,1,804,Clouds,overcast clouds,04d
2025-07-30 14:11:56,Dong Nai-Bien Hoa,Bien Hoa,34.47,34.0,34.47,58.0,41.47,10000.0,0.0,100.0,5.53,9.45,268.0,1005.0,1,804,Clouds,overcast clouds,04d
2025-07-30 14:15:42,Dong Nai-Bien Hoa,Bien Hoa,33.92,33.92,34.0,58.0,40.92,10000.0,0.0,100.0,5.53,9.45,268.0,1005.0,1,804,Clouds,overcast clouds,04d
2025-07-30 14:19:28,Dong Nai-Bien Hoa,Bien Hoa,33.92,33.92,34.0,58.0,40.92,10000.0,0.0,100.0,5.53,9.45,268.0,1005.0,1,804,Clouds,overcast clouds,04d
2025-07-30 14:23:15,Dong Nai-Bien Hoa,Bien Hoa,33.92,33.92,34.0,58.0,40.92,10000.0,0.0,100.0,5.53,9.45,268.0,1005.0,1,804,Clouds,overcast clouds,04d
2025-07-30 14:27:00,Dong Nai-Bien Hoa,Bien Hoa,33.92,33.92,34.0,58.0,40.92,10000.0,0.0,100.0,5.53,9.45,268.0,1005.0,1,804,Clouds,overcast clouds,04d
2025-07-30 14:30:47,Dong Nai-Bien Hoa,Bien Hoa,33.36,33.36,35.0,59.0,40.07,10000.0,0.0,100.0,4.33,8.61,243.0,1004.0,1,804,Clouds,overcast clouds,04d
2025-07-30 14:34:33,Dong Nai-Bien Hoa,Bien Hoa,33.92,33.92,35.0,57.0,40.75,10000.0,0.0,100.0,4.33,8.61,243.0,1004.0,1,804,Clouds,overcast clouds,04d
2025-07-30 14:38:19,Dong Nai-Bien Hoa,Bien Hoa,33.92,33.92,35.0,57.0,40.75,10000.0,0.0,100.0,4.33,8.61,243.0,1004.0,1,804,Clouds,overcast clouds,04d
2025-07-30 14:42:06,Dong Nai-Bien Hoa,Bien Hoa,33.36,33.36,35.0,57.0,39.34,10000.0,0.0,100.0,4.33,8.61,243.0,1004.0,1,804,Clouds,overcast clouds,04d
2025-07-30 14:45:53,Dong Nai-Bien Hoa,Bien Hoa,33.36,33.36,35.0,57.0,39.34,10000.0,0.0,100.0,4.33,8.61,243.0,1004.0,1,804,Clouds,overcast clouds,04d
2025-07-30 14:49:39,Dong Nai-Bien Hoa,Bien Hoa,33.36,33.36,35.0,57.0,39.34,10000.0,0.0,100.0,4.33,8.61,243.0,1004.0,1,804,Clouds,overcast clouds,04d
2025-07-30 14:53:25,Dong Nai-Bien Hoa,Bien Hoa,33.36,33.0,33.36,58.0,39.7,10000.0,0.0,100.0,4.33,8.61,243.0,1004.0,1,804,Clouds,overcast clouds,04d
2025-07-30 14:57:11,Dong Nai-Bien Hoa,Bien Hoa,33.36,33.0,33.36,58.0,39.7,10000.0,0.0,100.0,4.33,8.61,243.0,1004.0,1,804,Clouds,overcast clouds,04d
2025-07-30 15:00:56,Dong Nai-Bien Hoa,Bien Hoa,33.36,33.0,33.36,58.0,39.7,10000.0,0.0,100.0,4.33,8.61,243.0,1004.0,1,804,Clouds,overcast clouds,04d
2025-07-30 15:04:42,Dong Nai-Bien Hoa,Bien Hoa,32.81,32.81,33.0,61.0,39.39,10000.0,0.0,100.0,4.33,8.61,243.0,1004.0,1,804,Clouds,overcast clouds,04d
2025-07-30 15:08:28,Dong Nai-Bien Hoa,Bien Hoa,32.81,32.81,33.0,61.0,39.39,10000.0,0.0,100.0,4.33,8.61,243.0,1004.0,1,804,Clouds,overcast clouds,04d
2025-07-30 15:12:15,Dong Nai-Bien Hoa,Bien Hoa,32.81,32.81,33.0,61.0,39.39,10000.0,0.0,100.0,4.33,8.61,243.0,1004.0,1,804,Clouds,overcast clouds,04d
2025-07-30 15:16:02,Dong Nai-Bien Hoa,Bien Hoa,32.81,32.81,33.0,61.0,39.39,10000.0,0.0,100.0,4.33,8.61,243.0,1004.0,1,804,Clouds,overcast clouds,04d
2025-07-30 15:19:48,Dong Nai-Bien Hoa,Bien Hoa,32.81,32.81,33.0,61.0,39.39,10000.0,0.0,100.0,4.33,8.61,243.0,1004.0,1,804,Clouds,overcast clouds,04d
2025-07-30 15:23:34,Dong Nai-Bien Hoa,Bien Hoa,32.81,32.81,33.0,61.0,39.39,10000.0,0.0,100.0,4.33,8.61,243.0,1004.0,1,804,Clouds,overcast clouds,04d
2025-07-30 15:27:20,Dong Nai-Bien Hoa,Bien Hoa,32.81,32.81,33.0,61.0,39.39,10000.0,0.0,100.0,4.33,8.61,243.0,1004.0,1,804,Clouds,overcast clouds,04d
2025-07-30 15:31:05,Dong Nai-Bien Hoa,Bien Hoa,32.81,32.81,33.0,61.0,39.39,10000.0,0.0,100.0,4.33,8.61,243.0,1004.0,1,804,Clouds,overcast clouds,04d
2025-07-30 15:34:51,Dong Nai-Bien Hoa,Bien Hoa,32.81,32.81,33.0,61.0,39.39,10000.0,0.0,100.0,4.92,9.62,222.0,1004.0,1,804,Clouds,overcast clouds,04d
2025-07-30 15:38:37,Dong Nai-Bien Hoa,Bien Hoa,32.81,32.81,33.0,61.0,39.39,10000.0,0.0,100.0,4.92,9.62,222.0,1004.0,1,804,Clouds,overcast clouds,04d
2025-07-30 15:42:23,Dong Nai-Bien Hoa,Bien Hoa,32.81,32.81,33.0,61.0,39.39,10000.0,0.0,100.0,4.92,9.62,222.0,1004.0,1,804,Clouds,overcast clouds,04d
2025-07-30 15:46:09,Dong Nai-Bien Hoa,Bien Hoa,32.81,32.0,32.81,63.0,39.81,10000.0,0.0,100.0,4.92,9.62,222.0,1004.0,1,804,Clouds,overcast clouds,04d
2025-07-30 15:49:55,Dong Nai-Bien Hoa,Bien Hoa,32.81,32.0,32.81,63.0,39.81,10000.0,0.0,100.0,4.92,9.62,222.0,1004.0,1,804,Clouds,overcast clouds,04d
2025-07-30 15:53:42,Dong Nai-Bien Hoa,Bien Hoa,32.81,32.0,32.81,63.0,39.81,10000.0,0.0,100.0,4.92,9.62,222.0,1004.0,1,804,Clouds,overcast clouds,04d
2025-07-30 15:57:27,Dong Nai-Bien Hoa,Bien Hoa,32.81,32.0,32.81,63.0,39.81,10000.0,0.0,100.0,4.92,9.62,222.0,1004.0,1,804,Clouds,overcast clouds,04d
2025-07-30 16:01:13,Dong Nai-Bien Hoa,Bien Hoa,32.81,32.0,32.81,66.0,39.81,10000.0,0.0,100.0,4.92,9.62,222.0,1004.0,1,804,Clouds,overcast clouds,04d
2025-07-30 16:05:00,Dong Nai-Bien Hoa,Bien Hoa,32.25,32.0,32.25,66.0,39.25,10000.0,0.0,100.0,4.92,9.62,222.0,1004.0,1,804,Clouds,overcast clouds,04d
2025-07-30 16:08:45,Dong Nai-Bien Hoa,Bien Hoa,32.81,32.0,32.81,66.0,39.81,10000.0,0.0,100.0,4.92,9.62,222.0,1004.0,1,804,Clouds,overcast clouds,04d
2025-07-30 16:12:31,Dong Nai-Bien Hoa,Bien Hoa,32.25,32.0,32.25,66.0,39.25,10000.0,0.0,100.0,4.92,9.62,222.0,1004.0,1,804,Clouds,overcast clouds,04d
2025-07-30 16:16:17,Dong Nai-Bien Hoa,Bien Hoa,32.25,32.0,32.25,66.0,39.25,10000.0,0.0,100.0,4.92,9.62,222.0,1004.0,1,804,Clouds,overcast clouds,04d
2025-07-30 16:20:04,Dong Nai-Bien Hoa,Bien Hoa,32.25,32.0,32.25,66.0,39.25,10000.0,0.0,100.0,4.92,9.62,222.0,1004.0,1,804,Clouds,overcast clouds,04d
2025-07-30 16:23:50,Dong Nai-Bien Hoa,Bien Hoa,32.25,32.0,32.25,66.0,39.25,10000.0,0.0,100.0,4.92,9.62,222.0,1004.0,1,804,Clouds,overcast clouds,04d
2025-07-30 16:27:36,Dong Nai-Bien Hoa,Bien Hoa,31.7,31.7,32.0,66.0,38.21,10000.0,0.0,100.0,4.92,9.62,222.0,1004.0,1,804,Clouds,overcast clouds,04d
2025-07-30 16:31:22,Dong Nai-Bien Hoa,Bien Hoa,32.25,32.0,32.25,63.0,38.64,10000.0,0.0,100.0,6.14,11.9,232.0,1004.0,1,804,Clouds,overcast clouds,04d
2025-07-30 16:35:08,Dong Nai-Bien Hoa,Bien Hoa,31.7,31.7,32.0,63.0,37.27,10000.0,0.0,100.0,6.14,11.9,232.0,1004.0,1,804,Clouds,overcast clouds,04d
2025-07-30 16:38:54,Dong Nai-Bien Hoa,Bien Hoa,31.7,31.7,32.0,63.0,37.27,10000.0,0.0,100.0,6.14,11.9,232.0,1004.0,1,804,Clouds,overcast clouds,04d
2025-07-30 16:42:40,Dong Nai-Bien Hoa,Bien Hoa,31.7,31.7,32.0,63.0,37.27,10000.0,0.0,100.0,6.14,11.9,232.0,1004.0,1,804,Clouds,overcast clouds,04d
2025-07-30 16:46:26,Dong Nai-Bien Hoa,Bien Hoa,31.7,31.7,32.0,64.0,37.57,10000.0,0.0,100.0,6.14,11.9,232.0,1004.0,1,804,Clouds,overcast clouds,04d
2025-07-30 16:50:12,Dong Nai-Bien Hoa,Bien Hoa,31.7,31.7,32.0,64.0,37.57,10000.0,0.0,100.0,6.14,11.9,232.0,1004.0,1,804,Clouds,overcast clouds,04d
2025-07-30 16:53:57,Dong Nai-Bien Hoa,Bien Hoa,31.7,31.7,32.0,64.0,37.57,10000.0,0.0,100.0,6.14,11.9,232.0,1004.0,1,804,Clouds,overcast clouds,04d
2025-07-30 16:57:43,Dong Nai-Bien Hoa,Bien Hoa,31.7,31.7,32.0,64.0,37.57,10000.0,0.0,100.0,6.14,11.9,232.0,1004.0,1,804,Clouds,overcast clouds,04d
2025-07-30 17:01:42,Dong Nai-Bien Hoa,Bien Hoa,31.7,31.7,32.0,68.0,38.7,10000.0,0.0,100.0,6.14,11.9,232.0,1004.0,1,804,Clouds,overcast clouds,04d
2025-07-30 17:05:32,Dong Nai-Bien Hoa,Bien Hoa,31.7,31.7,32.0,68.0,38.7,10000.0,0.0,100.0,6.14,11.9,232.0,1004.0,1,804,Clouds,overcast clouds,04d
2025-07-30 17:09:18,Dong Nai-Bien Hoa,Bien Hoa,31.7,31.7,32.0,68.0,38.7,10000.0,0.0,100.0,6.14,11.9,232.0,1004.0,1,804,Clouds,overcast clouds,04d
2025-07-30 17:13:07,Dong Nai-Bien Hoa,Bien Hoa,31.7,31.7,32.0,68.0,38.7,10000.0,0.0,100.0,6.14,11.9,232.0,1004.0,1,804,Clouds,overcast clouds,04d
2025-07-30 17:16:53,Dong Nai-Bien Hoa,Bien Hoa,31.7,31.7,32.0,68.0,38.7,10000.0,0.0,100.0,6.14,11.9,232.0,1004.0,1,804,Clouds,overcast clouds,04d
2025-07-30 17:20:39,Dong Nai-Bien Hoa,Bien Hoa,31.7,31.7,32.0,68.0,38.7,10000.0,0.0,100.0,6.14,11.9,232.0,1005.0,1,804,Clouds,overcast clouds,04d
2025-07-30 17:24:24,Dong Nai-Bien Hoa,Bien Hoa,31.7,31.7,32.0,68.0,38.7,10000.0,0.0,100.0,6.14,11.9,232.0,1005.0,1,804,Clouds,overcast clouds,04d
2025-07-30 17:28:11,Dong Nai-Bien Hoa,Bien Hoa,31.7,31.7,32.0,68.0,38.7,10000.0,0.0,100.0,6.14,11.9,232.0,1005.0,1,804,Clouds,overcast clouds,04d
2025-07-30 17:31:57,Dong Nai-Bien Hoa,Bien Hoa,31.7,31.7,32.0,63.0,37.27,10000.0,0.0,99.0,6.33,12.45,245.0,1005.0,1,804,Clouds,overcast clouds,04d
2025-07-30 17:35:43,Dong Nai-Bien Hoa,Bien Hoa,31.7,31.7,32.0,63.0,37.27,10000.0,0.0,99.0,6.33,12.45,245.0,1005.0,1,804,Clouds,overcast clouds,04d
2025-07-30 17:40:06,Dong Nai-Bien Hoa,Bien Hoa,31.7,31.0,31.7,63.0,37.27,10000.0,0.0,99.0,6.33,12.45,245.0,1005.0,1,804,Clouds,overcast clouds,04d
2025-07-30 17:43:57,Dong Nai-Bien Hoa,Bien Hoa,31.7,31.0,31.7,63.0,37.27,10000.0,0.0,99.0,6.33,12.45,245.0,1005.0,1,804,Clouds,overcast clouds,04d
2025-07-30 17:47:42,Dong Nai-Bien Hoa,Bien Hoa,31.7,31.0,31.7,63.0,37.27,10000.0,0.0,99.0,6.33,12.45,245.0,1005.0,1,804,Clouds,overcast clouds,04d
2025-07-30 17:51:28,Dong Nai-Bien Hoa,Bien Hoa,31.7,31.0,31.7,64.0,37.57,10000.0,0.0,99.0,6.33,12.45,245.0,1005.0,1,804,Clouds,overcast clouds,04d
2025-07-30 17:55:14,Dong Nai-Bien Hoa,Bien Hoa,31.14,31.0,31.14,64.0,36.21,10000.0,0.0,99.0,6.33,12.45,245.0,1005.0,1,804,Clouds,overcast clouds,04d
2025-07-30 17:59:00,Dong Nai-Bien Hoa,Bien Hoa,31.14,31.0,31.14,64.0,36.21,10000.0,0.0,99.0,6.33,12.45,245.0,1005.0,1,804,Clouds,overcast clouds,04d
2025-07-30 18:02:46,Dong Nai-Bien Hoa,Bien Hoa,31.14,31.0,31.14,68.0,37.37,10000.0,0.0,99.0,6.33,12.45,245.0,1005.0,1,804,Clouds,overcast clouds,04d
2025-07-30 18:06:34,Dong Nai-Bien Hoa,Bien Hoa,31.14,31.0,31.14,68.0,37.37,10000.0,0.0,99.0,6.33,12.45,245.0,1005.0,1,804,Clouds,overcast clouds,04d
2025-07-30 18:10:28,Dong Nai-Bien Hoa,Bien Hoa,31.14,31.0,31.14,68.0,37.37,10000.0,0.0,99.0,6.33,12.45,245.0,1005.0,1,804,Clouds,overcast clouds,04d
2025-07-30 18:14:14,Dong Nai-Bien Hoa,Bien Hoa,31.14,31.0,31.14,68.0,37.37,10000.0,0.0,99.0,6.33,12.45,245.0,1005.0,1,804,Clouds,overcast clouds,04d
2025-07-30 18:18:00,Dong Nai-Bien Hoa,Bien Hoa,31.14,31.0,31.14,68.0,37.37,10000.0,0.0,99.0,6.33,12.45,245.0,1005.0,0,804,Clouds,overcast clouds,04d
2025-07-30 18:21:46,Dong Nai-Bien Hoa,Bien Hoa,31.14,31.0,31.14,68.0,37.37,10000.0,0.0,99.0,6.33,12.45,245.0,1005.0,0,804,Clouds,overcast clouds,04n
2025-07-30 18:25:32,Dong Nai-Bien Hoa,Bien Hoa,31.14,31.0,31.14,68.0,37.37,10000.0,0.0,99.0,6.33,12.45,245.0,1005.0,0,804,Clouds,overcast clouds,04n
2025-07-30 18:29:18,Dong Nai-Bien Hoa,Bien Hoa,31.14,31.0,31.14,68.0,37.37,10000.0,0.0,99.0,6.33,12.45,245.0,1005.0,0,804,Clouds,overcast clouds,04n
2025-07-30 18:33:04,Dong Nai-Bien Hoa,Bien Hoa,31.14,31.0,31.14,68.0,37.37,10000.0,0.0,99.0,6.33,12.45,245.0,1005.0,0,804,Clouds,overcast clouds,04n
2025-07-30 18:36:50,Dong Nai-Bien Hoa,Bien Hoa,30.59,30.59,31.0,65.0,35.2,10000.0,0.0,99.0,5.85,11.0,239.0,1005.0,0,804,Clouds,overcast clouds,04n
2025-07-30 18:40:36,Dong Nai-Bien Hoa,Bien Hoa,30.59,30.59,31.0,65.0,35.2,10000.0,0.0,99.0,5.85,11.0,239.0,1005.0,0,804,Clouds,overcast clouds,04n
2025-07-30 18:44:22,Dong Nai-Bien Hoa,Bien Hoa,30.59,30.0,30.59,65.0,35.2,10000.0,0.0,99.0,5.85,11.0,239.0,1005.0,0,804,Clouds,overcast clouds,04n
2025-07-30 18:48:07,Dong Nai-Bien Hoa,Bien Hoa,30.59,30.0,30.59,65.0,35.2,10000.0,0.0,99.0,5.85,11.0,239.0,1005.0,0,804,Clouds,overcast clouds,04n
2025-07-30 18:51:53,Dong Nai-Bien Hoa,Bien Hoa,30.59,30.0,30.59,66.0,35.45,10000.0,0.0,99.0,5.85,11.0,239.0,1005.0,0,804,Clouds,overcast clouds,04n
2025-07-30 18:55:39,Dong Nai-Bien Hoa,Bien Hoa,30.59,30.0,30.59,66.0,35.45,10000.0,0.0,97.0,6.51,11.87,245.0,1005.0,0,804,Clouds,overcast clouds,04n
2025-07-30 18:59:25,Dong Nai-Bien Hoa,Bien Hoa,30.59,30.0,30.59,66.0,35.45,10000.0,0.0,99.0,5.85,11.0,239.0,1005.0,0,804,Clouds,overcast clouds,04n
2025-07-30 19:03:10,Dong Nai-Bien Hoa,Bien Hoa,30.59,30.0,30.59,66.0,35.45,10000.0,0.0,97.0,6.51,11.87,245.0,1005.0,0,804,Clouds,overcast clouds,04n
2025-07-30 19:06:56,Dong Nai-Bien Hoa,Bien Hoa,30.59,30.0,30.59,66.0,35.45,10000.0,0.0,97.0,6.51,11.87,245.0,1005.0,0,804,Clouds,overcast clouds,04n
2025-07-30 19:10:42,Dong Nai-Bien Hoa,Bien Hoa,30.59,30.0,30.59,66.0,35.45,10000.0,0.0,97.0,6.51,11.87,245.0,1005.0,0,804,Clouds,overcast clouds,04n
2025-07-30 19:14:28,Dong Nai-Bien Hoa,Bien Hoa,30.59,30.0,30.59,66.0,35.45,10000.0,0.0,97.0,6.51,11.87,245.0,1005.0,0,804,Clouds,overcast clouds,04n
2025-07-30 19:18:13,Dong Nai-Bien Hoa,Bien Hoa,30.59,30.0,30.59,66.0,35.45,10000.0,0.0,97.0,6.51,11.87,245.0,1005.0,0,804,Clouds,overcast clouds,04n
2025-07-30 19:22:00,Dong Nai-Bien Hoa,Bien Hoa,30.59,30.0,30.59,66.0,35.45,10000.0,0.0,97.0,6.51,11.87,245.0,1005.0,0,804,Clouds,overcast clouds,04n
2025-07-30 19:25:45,Dong Nai-Bien Hoa,Bien Hoa,30.59,30.0,30.59,66.0,35.45,10000.0,0.0,97.0,6.51,11.87,245.0,1005.0,0,804,Clouds,overcast clouds,04n
2025-07-30 19:29:31,Dong Nai-Bien Hoa,Bien Hoa,30.59,30.0,30.59,71.0,36.8,10000.0,0.0,97.0,6.51,11.87,245.0,1006.0,0,804,Clouds,overcast clouds,04n
2025-07-30 19:33:17,Dong Nai-Bien Hoa,Bien Hoa,30.59,30.0,30.59,71.0,36.8,10000.0,0.0,97.0,6.51,11.87,245.0,1006.0,0,804,Clouds,overcast clouds,04n
2025-07-30 19:37:02,Dong Nai-Bien Hoa,Bien Hoa,30.59,30.0,30.59,69.0,36.24,10000.0,0.0,100.0,5.99,11.56,244.0,1007.0,0,804,Clouds,overcast clouds,04n
2025-07-30 19:40:49,Dong Nai-Bien Hoa,Bien Hoa,30.03,30.0,30.03,69.0,34.87,10000.0,0.0,100.0,5.99,11.56,244.0,1007.0,0,804,Clouds,overcast clouds,04n
2025-07-30 19:44:34,Dong Nai-Bien Hoa,Bien Hoa,30.59,30.0,30.59,69.0,36.24,10000.0,0.0,100.0,5.99,11.56,244.0,1007.0,0,804,Clouds,overcast clouds,04n
2025-07-30 19:48:20,Dong Nai-Bien Hoa,Bien Hoa,30.03,30.0,30.03,69.0,34.87,10000.0,0.0,100.0,5.99,11.56,244.0,1007.0,0,804,Clouds,overcast clouds,04n
2025-07-30 19:52:06,Dong Nai-Bien Hoa,Bien Hoa,30.03,30.0,30.03,69.0,34.87,10000.0,0.0,100.0,5.99,11.56,244.0,1007.0,0,804,Clouds,overcast clouds,04n
2025-07-30 19:55:52,Dong Nai-Bien Hoa,Bien Hoa,30.03,30.0,30.03,69.0,34.87,10000.0,0.0,100.0,5.99,11.56,244.0,1007.0,0,804,Clouds,overcast clouds,04n
2025-07-30 19:59:38,Dong Nai-Bien Hoa,Bien Hoa,30.03,30.0,30.03,69.0,34.87,10000.0,0.18,100.0,5.99,11.56,244.0,1007.0,0,500,Rain,light rain,10n
2025-07-30 20:03:23,Dong Nai-Bien Hoa,Bien Hoa,30.03,30.0,30.03,73.0,35.86,10000.0,0.17,100.0,5.99,11.56,244.0,1006.0,0,500,Rain,light rain,10n
2025-07-30 20:07:09,Dong Nai-Bien Hoa,Bien Hoa,30.03,30.0,30.03,69.0,34.87,10000.0,0.18,100.0,5.99,11.56,244.0,1007.0,0,500,Rain,light rain,10n
2025-07-30 20:10:54,Dong Nai-Bien Hoa,Bien Hoa,30.03,30.0,30.03,73.0,35.86,10000.0,0.17,100.0,5.99,11.56,244.0,1006.0,0,500,Rain,light rain,10n
2025-07-30 20:14:40,Dong Nai-Bien Hoa,Bien Hoa,30.03,30.0,30.03,73.0,35.86,10000.0,0.15,100.0,5.99,11.56,244.0,1006.0,0,500,Rain,light rain,10n
2025-07-30 20:18:26,Dong Nai-Bien Hoa,Bien Hoa,30.03,30.0,30.03,73.0,35.86,10000.0,0.16,100.0,5.99,11.56,244.0,1006.0,0,500,Rain,light rain,10n
2025-07-30 20:22:12,Dong Nai-Bien Hoa,Bien Hoa,30.03,30.0,30.03,73.0,35.86,10000.0,0.16,100.0,5.99,11.56,244.0,1006.0,0,500,Rain,light rain,10n
2025-07-30 20:25:58,Dong Nai-Bien Hoa,Bien Hoa,30.03,30.0,30.03,73.0,35.86,10000.0,0.16,100.0,5.99,11.56,244.0,1006.0,0,500,Rain,light rain,10n
2025-07-30 20:29:43,Dong Nai-Bien Hoa,Bien Hoa,30.03,30.0,30.03,73.0,35.86,10000.0,0.16,100.0,5.99,11.56,244.0,1006.0,0,500,Rain,light rain,10n
2025-07-30 20:33:29,Dong Nai-Bien Hoa,Bien Hoa,30.03,30.0,30.03,73.0,35.86,10000.0,0.16,100.0,5.99,11.56,244.0,1006.0,0,500,Rain,light rain,10n
2025-07-30 20:37:15,Dong Nai-Bien Hoa,Bien Hoa,30.03,30.0,30.03,71.0,35.36,10000.0,0.16,100.0,5.53,11.55,238.0,1007.0,0,500,Rain,light rain,10n
2025-07-30 20:41:01,Dong Nai-Bien Hoa,Bien Hoa,30.03,30.0,30.03,71.0,35.36,10000.0,0.18,100.0,5.53,11.55,238.0,1007.0,0,500,Rain,light rain,10n
2025-07-30 20:44:46,Dong Nai-Bien Hoa,Bien Hoa,30.03,30.0,30.03,71.0,35.36,10000.0,0.16,100.0,5.53,11.55,238.0,1007.0,0,500,Rain,light rain,10n
2025-07-30 20:48:32,Dong Nai-Bien Hoa,Bien Hoa,29.47,29.0,29.47,73.0,34.43,10000.0,0.17,100.0,5.53,11.55,238.0,1007.0,0,500,Rain,light rain,10n
2025-07-30 20:52:18,Dong Nai-Bien Hoa,Bien Hoa,29.47,29.0,29.47,73.0,34.43,10000.0,0.15,100.0,5.53,11.55,238.0,1007.0,0,500,Rain,light rain,10n
2025-07-30 20:56:04,Dong Nai-Bien Hoa,Bien Hoa,29.47,29.0,29.47,73.0,34.43,10000.0,0.17,100.0,5.53,11.55,238.0,1007.0,0,500,Rain,light rain,10n
2025-07-30 20:59:50,Dong Nai-Bien Hoa,Bien Hoa,29.47,29.0,29.47,73.0,34.43,10000.0,0.18,100.0,5.53,11.55,238.0,1007.0,0,500,Rain,light rain,10n
2025-07-30 21:03:35,Dong Nai-Bien Hoa,Bien Hoa,29.47,29.0,29.47,73.0,34.43,10000.0,0.18,100.0,5.53,11.55,238.0,1007.0,0,500,Rain,light rain,10n
2025-07-30 21:07:22,Dong Nai-Bien Hoa,Bien Hoa,29.47,29.0,29.47,76.0,35.12,10000.0,0.18,100.0,5.53,11.55,238.0,1007.0,0,500,Rain,light rain,10n
2025-07-30 21:11:10,Dong Nai-Bien Hoa,Bien Hoa,29.47,29.0,29.47,76.0,35.12,10000.0,0.18,100.0,5.53,11.55,238.0,1007.0,0,500,Rain,light rain,10n
2025-07-30 21:14:55,Dong Nai-Bien Hoa,Bien Hoa,29.47,29.0,29.47,76.0,35.12,10000.0,0.18,100.0,5.53,11.55,238.0,1007.0,0,500,Rain,light rain,10n
2025-07-30 21:18:42,Dong Nai-Bien Hoa,Bien Hoa,29.47,29.0,29.47,76.0,35.12,10000.0,0.17,100.0,5.53,11.55,238.0,1007.0,0,500,Rain,light rain,10n
2025-07-30 21:22:27,Dong Nai-Bien Hoa,Bien Hoa,29.47,29.0,29.47,76.0,35.12,10000.0,0.17,100.0,5.53,11.55,238.0,1007.0,0,500,Rain,light rain,10n
2025-07-30 21:26:13,Dong Nai-Bien Hoa,Bien Hoa,29.47,29.0,29.47,76.0,35.12,10000.0,0.1,100.0,5.53,11.55,238.0,1007.0,0,804,Clouds,overcast clouds,04n
2025-07-30 21:29:59,Dong Nai-Bien Hoa,Bien Hoa,29.47,29.0,29.47,76.0,35.12,10000.0,0.17,100.0,5.53,11.55,238.0,1007.0,0,500,Rain,light rain,10n
2025-07-30 21:33:45,Dong Nai-Bien Hoa,Bien Hoa,29.47,29.0,29.47,75.0,34.89,10000.0,0.0,84.0,4.98,11.01,234.0,1008.0,0,803,Clouds,broken clouds,04n
2025-07-30 21:37:31,Dong Nai-Bien Hoa,Bien Hoa,28.92,28.92,29.0,75.0,33.5,10000.0,0.0,84.0,4.98,11.01,234.0,1008.0,0,803,Clouds,broken clouds,04n
2025-07-30 21:41:17,Dong Nai-Bien Hoa,Bien Hoa,28.92,28.92,29.0,75.0,33.5,10000.0,0.0,84.0,4.98,11.01,234.0,1008.0,0,803,Clouds,broken clouds,04n
2025-07-30 21:45:03,Dong Nai-Bien Hoa,Bien Hoa,28.92,28.92,29.0,75.0,33.5,10000.0,0.0,84.0,4.98,11.01,234.0,1008.0,0,803,Clouds,broken clouds,04n
2025-07-30 21:48:48,Dong Nai-Bien Hoa,Bien Hoa,28.92,28.92,29.0,75.0,33.5,10000.0,0.0,84.0,4.98,11.01,234.0,1008.0,0,803,Clouds,broken clouds,04n
2025-07-30 21:52:34,Dong Nai-Bien Hoa,Bien Hoa,28.92,28.92,29.0,75.0,33.5,10000.0,0.0,84.0,4.98,11.01,234.0,1008.0,0,803,Clouds,broken clouds,04n
2025-07-30 21:56:21,Dong Nai-Bien Hoa,Bien Hoa,28.92,28.92,29.0,75.0,33.5,10000.0,0.0,84.0,4.98,11.01,234.0,1008.0,0,803,Clouds,broken clouds,04n
2025-07-30 22:00:06,Dong Nai-Bien Hoa,Bien Hoa,28.92,28.92,29.0,75.0,33.5,10000.0,0.0,84.0,4.98,11.01,234.0,1008.0,0,803,Clouds,broken clouds,04n
2025-07-30 22:03:52,Dong Nai-Bien Hoa,Bien Hoa,28.92,28.92,29.0,77.0,33.9,10000.0,0.0,84.0,4.98,11.01,234.0,1007.0,0,803,Clouds,broken clouds,04n
2025-07-30 22:07:39,Dong Nai-Bien Hoa,Bien Hoa,28.92,28.92,29.0,77.0,33.9,10000.0,0.0,84.0,4.98,11.01,234.0,1007.0,0,803,Clouds,broken clouds,04n
2025-07-30 22:11:25,Dong Nai-Bien Hoa,Bien Hoa,28.92,28.92,29.0,77.0,33.9,10000.0,0.0,84.0,4.98,11.01,234.0,1007.0,0,803,Clouds,broken clouds,04n
2025-07-30 22:15:11,Dong Nai-Bien Hoa,Bien Hoa,28.92,28.92,29.0,77.0,33.9,10000.0,0.0,84.0,4.98,11.01,234.0,1007.0,0,803,Clouds,broken clouds,04n
2025-07-30 22:18:57,Dong Nai-Bien Hoa,Bien Hoa,28.92,28.92,29.0,77.0,33.9,10000.0,0.0,84.0,4.98,11.01,234.0,1007.0,0,803,Clouds,broken clouds,04n
2025-07-30 22:22:43,Dong Nai-Bien Hoa,Bien Hoa,28.92,28.92,29.0,77.0,33.9,10000.0,0.0,84.0,4.98,11.01,234.0,1007.0,0,803,Clouds,broken clouds,04n
2025-07-30 22:26:29,Dong Nai-Bien Hoa,Bien Hoa,28.92,28.92,29.0,77.0,33.9,10000.0,0.0,84.0,4.98,11.01,234.0,1007.0,0,803,Clouds,broken clouds,04n
2025-07-30 22:30:15,Dong Nai-Bien Hoa,Bien Hoa,28.92,28.92,29.0,76.0,33.7,10000.0,0.0,87.0,5.08,11.23,236.0,1008.0,0,804,Clouds,overcast clouds,04n
2025-07-30 22:34:01,Dong Nai-Bien Hoa,Bien Hoa,28.92,28.92,29.0,77.0,33.9,10000.0,0.0,87.0,5.08,11.23,236.0,1008.0,0,804,Clouds,overcast clouds,04n
2025-07-30 22:37:47,Dong Nai-Bien Hoa,Bien Hoa,28.92,28.92,29.0,77.0,33.9,10000.0,0.0,87.0,5.08,11.23,236.0,1008.0,0,804,Clouds,overcast clouds,04n
2025-07-30 22:41:32,Dong Nai-Bien Hoa,Bien Hoa,28.92,28.92,29.0,77.0,33.9,10000.0,0.0,87.0,5.08,11.23,236.0,1008.0,0,804,Clouds,overcast clouds,04n
2025-07-30 22:45:18,Dong Nai-Bien Hoa,Bien Hoa,28.92,28.0,28.92,77.0,33.9,10000.0,0.0,87.0,5.08,11.23,236.0,1008.0,0,804,Clouds,overcast clouds,04n
2025-07-30 22:49:05,Dong Nai-Bien Hoa,Bien Hoa,28.92,28.0,28.92,77.0,33.9,10000.0,0.0,87.0,5.08,11.23,236.0,1008.0,0,804,Clouds,overcast clouds,04n
2025-07-30 22:52:50,Dong Nai-Bien Hoa,Bien Hoa,28.92,28.0,28.92,77.0,33.9,10000.0,0.0,87.0,5.08,11.23,236.0,1008.0,0,804,Clouds,overcast clouds,04n
2025-07-30 22:56:36,Dong Nai-Bien Hoa,Bien Hoa,28.92,28.0,28.92,77.0,33.9,10000.0,0.0,87.0,5.08,11.23,236.0,1008.0,0,804,Clouds,overcast clouds,04n
2025-07-30 23:00:22,Dong Nai-Bien Hoa,Bien Hoa,28.92,28.0,28.92,77.0,33.9,10000.0,0.0,87.0,5.08,11.23,236.0,1008.0,0,804,Clouds,overcast clouds,04n
2025-07-30 23:04:08,Dong Nai-Bien Hoa,Bien Hoa,28.92,28.0,28.92,77.0,33.9,10000.0,0.0,87.0,5.08,11.23,236.0,1008.0,0,804,Clouds,overcast clouds,04n
2025-07-30 23:07:54,Dong Nai-Bien Hoa,Bien Hoa,28.92,28.0,28.92,77.0,33.9,10000.0,0.0,87.0,5.08,11.23,236.0,1008.0,0,804,Clouds,overcast clouds,04n
2025-07-30 23:11:40,Dong Nai-Bien Hoa,Bien Hoa,28.92,28.0,28.92,79.0,34.31,10000.0,0.0,87.0,5.08,11.23,236.0,1008.0,0,804,Clouds,overcast clouds,04n
2025-07-30 23:15:26,Dong Nai-Bien Hoa,Bien Hoa,28.92,28.0,28.92,79.0,34.31,10000.0,0.0,87.0,5.08,11.23,236.0,1008.0,0,804,Clouds,overcast clouds,04n
2025-07-30 23:19:12,Dong Nai-Bien Hoa,Bien Hoa,28.36,28.0,28.36,79.0,32.84,10000.0,0.0,87.0,5.08,11.23,236.0,1008.0,0,804,Clouds,overcast clouds,04n
2025-07-30 23:22:58,Dong Nai-Bien Hoa,Bien Hoa,28.36,28.0,28.36,79.0,32.84,10000.0,0.0,87.0,5.08,11.23,236.0,1008.0,0,804,Clouds,overcast clouds,04n
2025-07-30 23:26:44,Dong Nai-Bien Hoa,Bien Hoa,28.36,28.0,28.36,79.0,32.84,10000.0,0.0,87.0,5.08,11.23,236.0,1008.0,0,804,Clouds,overcast clouds,04n
2025-07-30 23:30:39,Dong Nai-Bien Hoa,Bien Hoa,28.36,28.0,28.36,78.0,32.67,10000.0,0.0,90.0,4.93,11.8,237.0,1007.0,0,804,Clouds,overcast clouds,04n
2025-07-30 23:34:42,Dong Nai-Bien Hoa,Bien Hoa,28.36,28.0,28.36,79.0,32.84,10000.0,0.0,90.0,4.93,11.8,237.0,1007.0,0,804,Clouds,overcast clouds,04n
2025-07-30 23:38:44,Dong Nai-Bien Hoa,Bien Hoa,28.36,28.0,28.36,78.0,32.67,10000.0,0.0,90.0,4.93,11.8,237.0,1007.0,0,804,Clouds,overcast clouds,04n
2025-07-30 23:42:53,Dong Nai-Bien Hoa,Bien Hoa,28.36,28.0,28.36,79.0,32.84,10000.0,0.0,90.0,4.93,11.8,237.0,1007.0,0,804,Clouds,overcast clouds,04n
2025-07-30 23:46:44,Dong Nai-Bien Hoa,Bien Hoa,28.36,28.0,28.36,79.0,32.84,10000.0,0.0,90.0,4.93,11.8,237.0,1007.0,0,804,Clouds,overcast clouds,04n
2025-07-30 23:50:30,Dong Nai-Bien Hoa,Bien Hoa,28.36,28.0,28.36,79.0,32.84,10000.0,0.0,90.0,4.93,11.8,237.0,1007.0,0,804,Clouds,overcast clouds,04n
2025-07-30 23:54:15,Dong Nai-Bien Hoa,Bien Hoa,28.36,28.0,28.36,79.0,32.84,10000.0,0.0,90.0,4.93,11.8,237.0,1007.0,0,804,Clouds,overcast clouds,04n
2025-07-30 23:58:01,Dong Nai-Bien Hoa,Bien Hoa,28.36,28.0,28.36,79.0,32.84,10000.0,0.0,90.0,4.93,11.8,237.0,1007.0,0,804,Clouds,overcast clouds,04n
2025-07-31 00:01:48,Dong Nai-Bien Hoa,Bien Hoa,28.36,28.0,28.36,82.0,33.38,10000.0,0.0,90.0,4.93,11.8,237.0,1007.0,0,804,Clouds,overcast clouds,04n
2025-07-31 00:05:34,Dong Nai-Bien Hoa,Bien Hoa,28.36,28.0,28.36,79.0,32.84,10000.0,0.0,90.0,4.93,11.8,237.0,1007.0,0,804,Clouds,overcast clouds,04n
2025-07-31 00:09:19,Dong Nai-Bien Hoa,Bien Hoa,28.36,28.0,28.36,82.0,33.38,10000.0,0.0,90.0,4.93,11.8,237.0,1007.0,0,804,Clouds,overcast clouds,04n
2025-07-31 00:13:06,Dong Nai-Bien Hoa,Bien Hoa,28.36,28.0,28.36,82.0,33.38,10000.0,0.0,90.0,4.93,11.8,237.0,1007.0,0,804,Clouds,overcast clouds,04n
2025-07-31 00:16:52,Dong Nai-Bien Hoa,Bien Hoa,28.36,28.0,28.36,83.0,33.56,10000.0,0.0,90.0,4.93,11.8,237.0,1007.0,0,804,Clouds,overcast clouds,04n
2025-07-31 00:20:39,Dong Nai-Bien Hoa,Bien Hoa,28.36,28.0,28.36,82.0,33.38,10000.0,0.0,90.0,4.93,11.8,237.0,1007.0,0,804,Clouds,overcast clouds,04n
2025-07-31 00:24:26,Dong Nai-Bien Hoa,Bien Hoa,28.36,28.0,28.36,83.0,33.56,10000.0,0.0,90.0,4.93,11.8,237.0,1007.0,0,804,Clouds,overcast clouds,04n
2025-07-31 00:28:11,Dong Nai-Bien Hoa,Bien Hoa,28.36,28.0,28.36,83.0,33.56,10000.0,0.0,90.0,4.93,11.8,237.0,1007.0,0,804,Clouds,overcast clouds,04n
2025-07-31 00:31:57,Dong Nai-Bien Hoa,Bien Hoa,27.81,27.81,28.0,81.0,31.77,10000.0,0.0,92.0,4.82,12.38,240.0,1007.0,0,804,Clouds,overcast clouds,04n
2025-07-31 00:35:43,Dong Nai-Bien Hoa,Bien Hoa,27.81,27.81,28.0,81.0,31.77,10000.0,0.0,92.0,4.82,12.38,240.0,1007.0,0,804,Clouds,overcast clouds,04n
2025-07-31 00:39:29,Dong Nai-Bien Hoa,Bien Hoa,27.81,27.81,28.0,81.0,31.77,10000.0,0.0,92.0,4.82,12.38,240.0,1007.0,0,804,Clouds,overcast clouds,04n
2025-07-31 00:43:15,Dong Nai-Bien Hoa,Bien Hoa,27.81,27.81,28.0,81.0,31.77,10000.0,0.0,92.0,4.82,12.38,240.0,1007.0,0,804,Clouds,overcast clouds,04n
2025-07-31 00:47:00,Dong Nai-Bien Hoa,Bien Hoa,27.81,27.81,28.0,81.0,31.77,10000.0,0.0,92.0,4.82,12.38,240.0,1007.0,0,804,Clouds,overcast clouds,04n
2025-07-31 00:50:46,Dong Nai-Bien Hoa,Bien Hoa,27.81,27.81,28.0,82.0,31.92,10000.0,0.0,94.0,4.71,12.15,238.0,1007.0,0,804,Clouds,overcast clouds,04n
2025-07-31 00:54:32,Dong Nai-Bien Hoa,Bien Hoa,27.81,27.81,28.0,82.0,31.92,10000.0,0.0,94.0,4.71,12.15,238.0,1007.0,0,804,Clouds,overcast clouds,04n
2025-07-31 00:58:18,Dong Nai-Bien Hoa,Bien Hoa,27.81,27.81,28.0,82.0,31.92,10000.0,0.0,94.0,4.71,12.15,238.0,1007.0,0,804,Clouds,overcast clouds,04n
2025-07-31 01:02:03,Dong Nai-Bien Hoa,Bien Hoa,27.81,27.81,28.0,82.0,31.92,10000.0,0.0,94.0,4.71,12.15,238.0,1007.0,0,804,Clouds,overcast clouds,04n
2025-07-31 01:05:49,Dong Nai-Bien Hoa,Bien Hoa,27.81,27.81,28.0,82.0,31.92,10000.0,0.0,94.0,4.71,12.15,238.0,1007.0,0,804,Clouds,overcast clouds,04n
2025-07-31 01:09:35,Dong Nai-Bien Hoa,Bien Hoa,27.81,27.81,28.0,82.0,31.92,10000.0,0.0,94.0,4.71,12.15,238.0,1007.0,0,804,Clouds,overcast clouds,04n
2025-07-31 01:13:20,Dong Nai-Bien Hoa,Bien Hoa,27.81,27.81,28.0,82.0,31.92,10000.0,0.0,94.0,4.71,12.15,238.0,1007.0,0,804,Clouds,overcast clouds,04n
2025-07-31 01:17:07,Dong Nai-Bien Hoa,Bien Hoa,27.81,27.0,27.81,83.0,32.07,10000.0,0.0,94.0,4.71,12.15,238.0,1007.0,0,804,Clouds,overcast clouds,04n
2025-07-31 01:20:54,Dong Nai-Bien Hoa,Bien Hoa,27.81,27.0,27.81,83.0,32.07,10000.0,0.0,94.0,4.71,12.15,238.0,1007.0,0,804,Clouds,overcast clouds,04n
2025-07-31 01:24:39,Dong Nai-Bien Hoa,Bien Hoa,27.81,27.0,27.81,83.0,32.07,10000.0,0.0,94.0,4.71,12.15,238.0,1007.0,0,804,Clouds,overcast clouds,04n
2025-07-31 01:28:26,Dong Nai-Bien Hoa,Bien Hoa,27.81,27.0,27.81,83.0,32.07,10000.0,0.0,94.0,4.71,12.15,238.0,1007.0,0,804,Clouds,overcast clouds,04n
2025-07-31 01:32:11,Dong Nai-Bien Hoa,Bien Hoa,27.81,27.0,27.81,84.0,32.21,10000.0,0.0,100.0,4.24,11.39,236.0,1007.0,0,804,Clouds,overcast clouds,04n
2025-07-31 01:35:58,Dong Nai-Bien Hoa,Bien Hoa,27.81,27.0,27.81,84.0,32.21,10000.0,0.0,100.0,4.24,11.39,236.0,1007.0,0,804,Clouds,overcast clouds,04n
2025-07-31 01:39:44,Dong Nai-Bien Hoa,Bien Hoa,27.81,27.0,27.81,84.0,32.21,10000.0,0.0,100.0,4.24,11.39,236.0,1007.0,0,804,Clouds,overcast clouds,04n
2025-07-31 01:43:29,Dong Nai-Bien Hoa,Bien Hoa,27.81,27.0,27.81,84.0,32.21,10000.0,0.0,100.0,4.24,11.39,236.0,1007.0,0,804,Clouds,overcast clouds,04n
2025-07-31 01:47:15,Dong Nai-Bien Hoa,Bien Hoa,27.81,27.0,27.81,84.0,32.21,10000.0,0.0,100.0,4.24,11.39,236.0,1007.0,0,804,Clouds,overcast clouds,04n
2025-07-31 01:51:01,Dong Nai-Bien Hoa,Bien Hoa,27.81,27.0,27.81,84.0,32.21,10000.0,0.0,100.0,4.24,11.39,236.0,1007.0,0,804,Clouds,overcast clouds,04n
2025-07-31 01:54:47,Dong Nai-Bien Hoa,Bien Hoa,27.81,27.0,27.81,84.0,32.21,10000.0,0.0,100.0,4.24,11.39,236.0,1007.0,0,804,Clouds,overcast clouds,04n
2025-07-31 01:58:34,Dong Nai-Bien Hoa,Bien Hoa,27.81,27.0,27.81,84.0,32.21,10000.0,0.0,100.0,4.24,11.39,236.0,1007.0,0,804,Clouds,overcast clouds,04n
2025-07-31 02:02:19,Dong Nai-Bien Hoa,Bien Hoa,27.81,27.0,27.81,84.0,32.21,10000.0,0.0,100.0,4.24,11.39,236.0,1007.0,0,804,Clouds,overcast clouds,04n
2025-07-31 02:06:05,Dong Nai-Bien Hoa,Bien Hoa,27.81,27.0,27.81,84.0,32.21,10000.0,0.0,100.0,4.24,11.39,236.0,1007.0,0,804,Clouds,overcast clouds,04n
2025-07-31 02:09:51,Dong Nai-Bien Hoa,Bien Hoa,27.81,27.0,27.81,86.0,32.52,10000.0,0.0,100.0,4.24,11.39,236.0,1007.0,0,804,Clouds,overcast clouds,04n
2025-07-31 02:13:37,Dong Nai-Bien Hoa,Bien Hoa,27.81,27.0,27.81,86.0,32.52,10000.0,0.0,100.0,4.24,11.39,236.0,1007.0,0,804,Clouds,overcast clouds,04n
2025-07-31 02:17:23,Dong Nai-Bien Hoa,Bien Hoa,27.81,27.0,27.81,86.0,32.52,10000.0,0.0,100.0,4.24,11.39,236.0,1007.0,0,804,Clouds,overcast clouds,04n
2025-07-31 02:21:08,Dong Nai-Bien Hoa,Bien Hoa,27.81,27.0,27.81,86.0,32.52,10000.0,0.0,100.0,4.24,11.39,236.0,1007.0,0,804,Clouds,overcast clouds,04n
2025-07-31 02:24:54,Dong Nai-Bien Hoa,Bien Hoa,27.81,27.0,27.81,86.0,32.52,10000.0,0.0,100.0,4.24,11.39,236.0,1007.0,0,804,Clouds,overcast clouds,04n
2025-07-31 02:28:40,Dong Nai-Bien Hoa,Bien Hoa,27.81,27.0,27.81,86.0,32.52,10000.0,0.0,100.0,4.24,11.39,236.0,1007.0,0,804,Clouds,overcast clouds,04n
2025-07-31 02:32:26,Dong Nai-Bien Hoa,Bien Hoa,27.81,27.0,27.81,86.0,32.52,10000.0,0.0,100.0,4.24,11.39,236.0,1007.0,0,804,Clouds,overcast clouds,04n
2025-07-31 02:36:12,Dong Nai-Bien Hoa,Bien Hoa,27.81,27.0,27.81,86.0,32.52,10000.0,0.0,100.0,4.24,11.39,236.0,1007.0,0,804,Clouds,overcast clouds,04n
2025-07-31 02:39:58,Dong Nai-Bien Hoa,Bien Hoa,27.81,27.0,27.81,86.0,32.52,10000.0,0.0,100.0,3.51,9.72,237.0,1007.0,0,804,Clouds,overcast clouds,04n
2025-07-31 02:43:44,Dong Nai-Bien Hoa,Bien Hoa,27.81,27.0,27.81,86.0,32.52,10000.0,0.0,100.0,3.51,9.72,237.0,1007.0,0,804,Clouds,overcast clouds,04n
2025-07-31 02:47:29,Dong Nai-Bien Hoa,Bien Hoa,27.81,27.0,27.81,86.0,32.52,10000.0,0.0,100.0,3.51,9.72,237.0,1007.0,0,804,Clouds,overcast clouds,04n
2025-07-31 02:51:15,Dong Nai-Bien Hoa,Bien Hoa,27.81,27.0,27.81,85.0,32.37,10000.0,0.0,100.0,3.51,9.72,237.0,1007.0,0,804,Clouds,overcast clouds,04n
2025-07-31 02:55:01,Dong Nai-Bien Hoa,Bien Hoa,27.81,27.0,27.81,85.0,32.37,10000.0,0.0,100.0,3.51,9.72,237.0,1007.0,0,804,Clouds,overcast clouds,04n
2025-07-31 02:58:47,Dong Nai-Bien Hoa,Bien Hoa,27.81,27.0,27.81,85.0,32.37,10000.0,0.0,100.0,3.51,9.72,237.0,1007.0,0,804,Clouds,overcast clouds,04n
2025-07-31 03:02:33,Dong Nai-Bien Hoa,Bien Hoa,27.81,27.0,27.81,87.0,32.67,10000.0,0.0,100.0,3.51,9.72,237.0,1007.0,0,804,Clouds,overcast clouds,04n
2025-07-31 03:06:19,Dong Nai-Bien Hoa,Bien Hoa,27.81,27.0,27.81,87.0,32.67,10000.0,0.0,100.0,3.51,9.72,237.0,1007.0,0,804,Clouds,overcast clouds,04n
2025-07-31 03:10:05,Dong Nai-Bien Hoa,Bien Hoa,27.81,27.0,27.81,87.0,32.67,10000.0,0.0,100.0,3.51,9.72,237.0,1007.0,0,804,Clouds,overcast clouds,04n
2025-07-31 03:13:51,Dong Nai-Bien Hoa,Bien Hoa,27.81,27.0,27.81,87.0,32.67,10000.0,0.0,100.0,3.51,9.72,237.0,1007.0,0,804,Clouds,overcast clouds,04n
2025-07-31 03:17:36,Dong Nai-Bien Hoa,Bien Hoa,27.81,27.0,27.81,87.0,32.67,10000.0,0.0,100.0,3.51,9.72,237.0,1007.0,0,804,Clouds,overcast clouds,04n
2025-07-31 03:21:22,Dong Nai-Bien Hoa,Bien Hoa,27.81,27.0,27.81,87.0,32.67,10000.0,0.0,100.0,3.51,9.72,237.0,1007.0,0,804,Clouds,overcast clouds,04n
2025-07-31 03:25:08,Dong Nai-Bien Hoa,Bien Hoa,27.81,27.0,27.81,87.0,32.67,10000.0,0.0,100.0,3.51,9.72,237.0,1007.0,0,804,Clouds,overcast clouds,04n
2025-07-31 03:28:54,Dong Nai-Bien Hoa,Bien Hoa,27.81,27.0,27.81,87.0,32.67,10000.0,0.0,100.0,3.51,9.72,237.0,1007.0,0,804,Clouds,overcast clouds,04n
2025-07-31 03:32:39,Dong Nai-Bien Hoa,Bien Hoa,27.81,27.0,27.81,87.0,32.67,10000.0,0.0,100.0,3.51,9.72,237.0,1007.0,0,804,Clouds,overcast clouds,04n
2025-07-31 03:36:25,Dong Nai-Bien Hoa,Bien Hoa,27.81,27.0,27.81,87.0,32.67,10000.0,0.0,94.0,3.08,8.88,235.0,1007.0,0,804,Clouds,overcast clouds,04n
2025-07-31 03:40:11,Dong Nai-Bien Hoa,Bien Hoa,27.81,27.0,27.81,87.0,32.67,10000.0,0.0,94.0,3.08,8.88,235.0,1007.0,0,804,Clouds,overcast clouds,04n
2025-07-31 03:43:57,Dong Nai-Bien Hoa,Bien Hoa,27.81,27.0,27.81,87.0,32.67,10000.0,0.0,94.0,3.08,8.88,235.0,1007.0,0,804,Clouds,overcast clouds,04n
2025-07-31 03:47:43,Dong Nai-Bien Hoa,Bien Hoa,27.81,27.0,27.81,87.0,32.67,10000.0,0.0,94.0,3.08,8.88,235.0,1007.0,0,804,Clouds,overcast clouds,04n
2025-07-31 03:51:28,Dong Nai-Bien Hoa,Bien Hoa,27.81,27.0,27.81,87.0,32.67,10000.0,0.0,94.0,3.08,8.88,235.0,1007.0,0,804,Clouds,overcast clouds,04n
2025-07-31 03:55:14,Dong Nai-Bien Hoa,Bien Hoa,27.81,27.0,27.81,86.0,32.52,10000.0,0.0,94.0,3.08,8.88,235.0,1007.0,0,804,Clouds,overcast clouds,04n
2025-07-31 03:58:59,Dong Nai-Bien Hoa,Bien Hoa,27.81,27.0,27.81,86.0,32.52,10000.0,0.0,94.0,3.08,8.88,235.0,1007.0,0,804,Clouds,overcast clouds,04n
2025-07-31 04:02:46,Dong Nai-Bien Hoa,Bien Hoa,27.81,27.0,27.81,87.0,32.67,10000.0,0.0,94.0,3.08,8.88,235.0,1007.0,0,804,Clouds,overcast clouds,04n
2025-07-31 04:06:33,Dong Nai-Bien Hoa,Bien Hoa,27.81,27.0,27.81,87.0,32.67,10000.0,0.0,94.0,3.08,8.88,235.0,1007.0,0,804,Clouds,overcast clouds,04n
2025-07-31 04:10:19,Dong Nai-Bien Hoa,Bien Hoa,27.81,27.0,27.81,87.0,32.67,10000.0,0.0,94.0,3.08,8.88,235.0,1007.0,0,804,Clouds,overcast clouds,04n
2025-07-31 04:14:05,Dong Nai-Bien Hoa,Bien Hoa,27.81,27.0,27.81,87.0,32.67,10000.0,0.0,94.0,3.08,8.88,235.0,1007.0,0,804,Clouds,overcast clouds,04n
2025-07-31 04:17:51,Dong Nai-Bien Hoa,Bien Hoa,27.81,27.0,27.81,87.0,32.67,10000.0,0.0,94.0,3.08,8.88,235.0,1007.0,0,804,Clouds,overcast clouds,04n
2025-07-31 04:21:38,Dong Nai-Bien Hoa,Bien Hoa,27.81,27.0,27.81,87.0,32.67,10000.0,0.0,94.0,3.08,8.88,235.0,1007.0,0,804,Clouds,overcast clouds,04n
2025-07-31 04:25:23,Dong Nai-Bien Hoa,Bien Hoa,27.81,27.0,27.81,87.0,32.67,10000.0,0.0,94.0,3.08,8.88,235.0,1007.0,0,804,Clouds,overcast clouds,04n
2025-07-31 04:29:09,Dong Nai-Bien Hoa,Bien Hoa,27.81,27.0,27.81,87.0,32.67,10000.0,0.0,94.0,3.08,8.88,235.0,1007.0,0,804,Clouds,overcast clouds,04n
2025-07-31 04:32:56,Dong Nai-Bien Hoa,Bien Hoa,27.81,27.0,27.81,88.0,32.83,10000.0,0.0,92.0,3.22,10.16,237.0,1007.0,0,804,Clouds,overcast clouds,04n
2025-07-31 04:36:42,Dong Nai-Bien Hoa,Bien Hoa,27.81,27.0,27.81,88.0,32.83,10000.0,0.0,92.0,3.22,10.16,237.0,1007.0,0,804,Clouds,overcast clouds,04n
2025-07-31 04:40:28,Dong Nai-Bien Hoa,Bien Hoa,27.81,27.0,27.81,88.0,32.83,10000.0,0.0,92.0,3.22,10.16,237.0,1007.0,0,804,Clouds,overcast clouds,04n
2025-07-31 04:44:14,Dong Nai-Bien Hoa,Bien Hoa,27.81,27.0,27.81,88.0,32.83,10000.0,0.0,92.0,3.22,10.16,237.0,1007.0,0,804,Clouds,overcast clouds,04n
2025-07-31 04:47:59,Dong Nai-Bien Hoa,Bien Hoa,27.81,27.0,27.81,88.0,32.83,10000.0,0.0,92.0,3.22,10.16,237.0,1007.0,0,804,Clouds,overcast clouds,04n
2025-07-31 04:51:45,Dong Nai-Bien Hoa,Bien Hoa,27.81,27.0,27.81,87.0,32.67,10000.0,0.0,92.0,3.22,10.16,237.0,1007.0,0,804,Clouds,overcast clouds,04n
2025-07-31 04:55:31,Dong Nai-Bien Hoa,Bien Hoa,27.81,27.0,27.81,87.0,32.67,10000.0,0.0,92.0,3.22,10.16,237.0,1007.0,0,804,Clouds,overcast clouds,04n
2025-07-31 04:59:17,Dong Nai-Bien Hoa,Bien Hoa,27.81,27.0,27.81,87.0,32.67,10000.0,0.0,92.0,3.22,10.16,237.0,1007.0,0,804,Clouds,overcast clouds,04n
2025-07-31 05:03:03,Dong Nai-Bien Hoa,Bien Hoa,27.81,27.0,27.81,87.0,32.67,10000.0,0.0,92.0,3.22,10.16,237.0,1007.0,0,804,Clouds,overcast clouds,04n
2025-07-31 05:06:49,Dong Nai-Bien Hoa,Bien Hoa,27.81,27.0,27.81,87.0,32.67,10000.0,0.0,92.0,3.22,10.16,237.0,1007.0,0,804,Clouds,overcast clouds,04n
2025-07-31 05:10:34,Dong Nai-Bien Hoa,Bien Hoa,27.81,27.0,27.81,87.0,32.67,10000.0,0.0,92.0,3.22,10.16,237.0,1007.0,0,804,Clouds,overcast clouds,04n
2025-07-31 05:14:20,Dong Nai-Bien Hoa,Bien Hoa,27.81,27.0,27.81,87.0,32.67,10000.0,0.0,92.0,3.22,10.16,237.0,1007.0,0,804,Clouds,overcast clouds,04n
2025-07-31 05:18:07,Dong Nai-Bien Hoa,Bien Hoa,27.81,27.81,28.0,88.0,32.83,10000.0,0.0,92.0,3.22,10.16,237.0,1007.0,0,804,Clouds,overcast clouds,04n
2025-07-31 05:21:53,Dong Nai-Bien Hoa,Bien Hoa,27.81,27.81,28.0,88.0,32.83,10000.0,0.0,92.0,3.22,10.16,237.0,1007.0,0,804,Clouds,overcast clouds,04n
2025-07-31 05:25:39,Dong Nai-Bien Hoa,Bien Hoa,27.81,27.81,28.0,88.0,32.83,10000.0,0.0,92.0,3.22,10.16,237.0,1007.0,0,804,Clouds,overcast clouds,04n
2025-07-31 05:29:24,Dong Nai-Bien Hoa,Bien Hoa,27.81,27.81,28.0,88.0,32.83,10000.0,0.0,92.0,3.22,10.16,237.0,1007.0,0,804,Clouds,overcast clouds,04n
2025-07-31 05:33:10,Dong Nai-Bien Hoa,Bien Hoa,27.81,27.81,28.0,88.0,32.83,10000.0,0.0,92.0,3.22,10.16,237.0,1007.0,0,804,Clouds,overcast clouds,04n
2025-07-31 05:36:55,Dong Nai-Bien Hoa,Bien Hoa,27.81,27.81,28.0,87.0,32.67,10000.0,0.0,94.0,3.03,9.93,231.0,1007.0,0,804,Clouds,overcast clouds,04n
2025-07-31 05:40:42,Dong Nai-Bien Hoa,Bien Hoa,27.81,27.81,28.0,87.0,32.67,10000.0,0.0,94.0,3.03,9.93,231.0,1007.0,0,804,Clouds,overcast clouds,04n
2025-07-31 05:44:27,Dong Nai-Bien Hoa,Bien Hoa,27.81,27.81,28.0,87.0,32.67,10000.0,0.0,94.0,3.03,9.93,231.0,1007.0,1,804,Clouds,overcast clouds,04n
2025-07-31 05:48:13,Dong Nai-Bien Hoa,Bien Hoa,27.81,27.81,28.0,87.0,32.67,10000.0,0.0,94.0,3.03,9.93,231.0,1007.0,1,804,Clouds,overcast clouds,04d
2025-07-31 05:51:59,Dong Nai-Bien Hoa,Bien Hoa,27.81,27.81,28.0,87.0,32.67,10000.0,0.0,94.0,3.03,9.93,231.0,1007.0,1,804,Clouds,overcast clouds,04d
2025-07-31 05:55:45,Dong Nai-Bien Hoa,Bien Hoa,27.81,27.81,28.0,87.0,32.67,10000.0,0.0,94.0,3.03,9.93,231.0,1007.0,1,804,Clouds,overcast clouds,04d
2025-07-31 05:59:31,Dong Nai-Bien Hoa,Bien Hoa,27.81,27.81,28.0,87.0,32.67,10000.0,0.0,94.0,3.03,9.93,231.0,1007.0,1,804,Clouds,overcast clouds,04d
2025-07-31 06:03:17,Dong Nai-Bien Hoa,Bien Hoa,27.81,27.81,28.0,87.0,32.67,10000.0,0.0,94.0,3.03,9.93,231.0,1007.0,1,804,Clouds,overcast clouds,04d
2025-07-31 06:07:03,Dong Nai-Bien Hoa,Bien Hoa,27.81,27.81,28.0,87.0,32.67,10000.0,0.0,94.0,3.03,9.93,231.0,1007.0,1,804,Clouds,overcast clouds,04d
2025-07-31 06:10:49,Dong Nai-Bien Hoa,Bien Hoa,27.81,27.81,28.0,86.0,32.52,10000.0,0.0,94.0,3.03,9.93,231.0,1008.0,1,804,Clouds,overcast clouds,04d
2025-07-31 06:14:35,Dong Nai-Bien Hoa,Bien Hoa,27.81,27.81,28.0,86.0,32.52,10000.0,0.0,94.0,3.03,9.93,231.0,1008.0,1,804,Clouds,overcast clouds,04d
2025-07-31 06:18:21,Dong Nai-Bien Hoa,Bien Hoa,27.81,27.0,27.81,86.0,32.52,10000.0,0.0,94.0,3.03,9.93,231.0,1008.0,1,804,Clouds,overcast clouds,04d
2025-07-31 06:22:07,Dong Nai-Bien Hoa,Bien Hoa,27.81,27.0,27.81,86.0,32.52,10000.0,0.0,94.0,3.03,9.93,231.0,1008.0,1,804,Clouds,overcast clouds,04d
2025-07-31 06:25:52,Dong Nai-Bien Hoa,Bien Hoa,27.81,27.0,27.81,86.0,32.52,10000.0,0.0,94.0,3.03,9.93,231.0,1008.0,1,804,Clouds,overcast clouds,04d
2025-07-31 06:29:38,Dong Nai-Bien Hoa,Bien Hoa,27.81,27.0,27.81,86.0,32.52,10000.0,0.0,94.0,3.03,9.93,231.0,1008.0,1,804,Clouds,overcast clouds,04d
2025-07-31 06:33:24,Dong Nai-Bien Hoa,Bien Hoa,27.81,27.0,27.81,87.0,32.67,10000.0,0.0,95.0,3.81,10.28,227.0,1008.0,1,804,Clouds,overcast clouds,04d
2025-07-31 06:37:10,Dong Nai-Bien Hoa,Bien Hoa,28.36,27.0,28.36,87.0,34.32,10000.0,0.0,95.0,3.81,10.28,227.0,1008.0,1,804,Clouds,overcast clouds,04d
2025-07-31 06:40:56,Dong Nai-Bien Hoa,Bien Hoa,28.36,27.0,28.36,87.0,34.32,10000.0,0.0,95.0,3.81,10.28,227.0,1008.0,1,804,Clouds,overcast clouds,04d
2025-07-31 06:44:42,Dong Nai-Bien Hoa,Bien Hoa,28.36,27.0,28.36,87.0,34.32,10000.0,0.0,95.0,3.81,10.28,227.0,1008.0,1,804,Clouds,overcast clouds,04d
2025-07-31 06:48:28,Dong Nai-Bien Hoa,Bien Hoa,28.36,28.0,28.36,84.0,33.74,10000.0,0.11,95.0,3.81,10.28,227.0,1008.0,1,500,Rain,light rain,10d
2025-07-31 06:52:14,Dong Nai-Bien Hoa,Bien Hoa,28.36,28.0,28.36,84.0,33.74,10000.0,0.11,95.0,3.81,10.28,227.0,1008.0,1,500,Rain,light rain,10d
2025-07-31 06:56:00,Dong Nai-Bien Hoa,Bien Hoa,28.92,28.0,28.92,84.0,35.39,10000.0,0.12,95.0,3.81,10.28,227.0,1008.0,1,500,Rain,light rain,10d
2025-07-31 06:59:46,Dong Nai-Bien Hoa,Bien Hoa,28.36,28.0,28.36,84.0,33.74,10000.0,0.11,95.0,3.81,10.28,227.0,1008.0,1,500,Rain,light rain,10d
2025-07-31 07:03:32,Dong Nai-Bien Hoa,Bien Hoa,28.36,28.0,28.36,84.0,33.74,10000.0,0.13,95.0,3.81,10.28,227.0,1008.0,1,500,Rain,light rain,10d
2025-07-31 07:07:18,Dong Nai-Bien Hoa,Bien Hoa,28.36,28.0,28.36,84.0,33.74,10000.0,0.0,95.0,3.81,10.28,227.0,1008.0,1,804,Clouds,overcast clouds,04d
2025-07-31 07:11:04,Dong Nai-Bien Hoa,Bien Hoa,28.36,28.0,28.36,84.0,33.74,10000.0,0.0,95.0,3.81,10.28,227.0,1008.0,1,804,Clouds,overcast clouds,04d
2025-07-31 07:14:50,Dong Nai-Bien Hoa,Bien Hoa,28.36,28.0,28.36,84.0,33.74,10000.0,0.0,95.0,3.81,10.28,227.0,1008.0,1,804,Clouds,overcast clouds,04d
2025-07-31 07:18:36,Dong Nai-Bien Hoa,Bien Hoa,28.36,28.0,28.36,84.0,33.74,10000.0,0.0,95.0,3.81,10.28,227.0,1008.0,1,804,Clouds,overcast clouds,04d
2025-07-31 07:22:23,Dong Nai-Bien Hoa,Bien Hoa,28.36,28.0,28.36,84.0,33.74,10000.0,0.0,95.0,3.81,10.28,227.0,1008.0,1,804,Clouds,overcast clouds,04d
2025-07-31 07:26:10,Dong Nai-Bien Hoa,Bien Hoa,28.36,28.0,28.36,84.0,33.74,10000.0,0.0,95.0,3.81,10.28,227.0,1008.0,1,804,Clouds,overcast clouds,04d
2025-07-31 07:29:56,Dong Nai-Bien Hoa,Bien Hoa,28.36,28.0,28.36,84.0,33.74,10000.0,0.0,95.0,3.81,10.28,227.0,1008.0,1,804,Clouds,overcast clouds,04d
2025-07-31 07:33:42,Dong Nai-Bien Hoa,Bien Hoa,29.47,28.0,29.47,79.0,35.83,10000.0,0.0,96.0,5.18,9.07,242.0,1008.0,1,804,Clouds,overcast clouds,04d
2025-07-31 07:37:28,Dong Nai-Bien Hoa,Bien Hoa,29.47,28.0,29.47,79.0,35.83,10000.0,0.0,96.0,5.18,9.07,242.0,1008.0,1,804,Clouds,overcast clouds,04d
2025-07-31 07:41:14,Dong Nai-Bien Hoa,Bien Hoa,29.47,28.0,29.47,79.0,35.83,10000.0,0.0,96.0,5.18,9.07,242.0,1008.0,1,804,Clouds,overcast clouds,04d
2025-07-31 07:45:01,Dong Nai-Bien Hoa,Bien Hoa,29.47,29.0,29.47,79.0,35.83,10000.0,0.0,96.0,5.18,9.07,242.0,1008.0,1,804,Clouds,overcast clouds,04d
2025-07-31 07:48:47,Dong Nai-Bien Hoa,Bien Hoa,29.47,28.0,29.47,79.0,35.83,10000.0,0.0,96.0,5.18,9.07,242.0,1008.0,1,804,Clouds,overcast clouds,04d
2025-07-31 07:52:33,Dong Nai-Bien Hoa,Bien Hoa,29.47,29.0,29.47,79.0,35.83,10000.0,0.0,96.0,5.18,9.07,242.0,1008.0,1,804,Clouds,overcast clouds,04d
2025-07-31 07:56:19,Dong Nai-Bien Hoa,Bien Hoa,29.47,29.0,29.47,77.0,35.35,10000.0,0.0,96.0,5.18,9.07,242.0,1009.0,1,804,Clouds,overcast clouds,04d
2025-07-31 08:00:05,Dong Nai-Bien Hoa,Bien Hoa,29.47,29.0,29.47,77.0,35.35,10000.0,0.0,96.0,5.18,9.07,242.0,1009.0,1,804,Clouds,overcast clouds,04d
2025-07-31 08:03:51,Dong Nai-Bien Hoa,Bien Hoa,29.47,29.0,29.47,78.0,35.59,10000.0,0.0,96.0,5.18,9.07,242.0,1008.0,1,804,Clouds,overcast clouds,04d
2025-07-31 08:07:37,Dong Nai-Bien Hoa,Bien Hoa,30.03,29.0,30.03,78.0,37.03,10000.0,0.0,96.0,5.18,9.07,242.0,1008.0,1,804,Clouds,overcast clouds,04d
2025-07-31 08:11:23,Dong Nai-Bien Hoa,Bien Hoa,30.03,29.0,30.03,78.0,37.03,10000.0,0.0,96.0,5.18,9.07,242.0,1008.0,1,804,Clouds,overcast clouds,04d
2025-07-31 08:15:08,Dong Nai-Bien Hoa,Bien Hoa,30.03,29.0,30.03,78.0,37.03,10000.0,0.0,96.0,5.18,9.07,242.0,1008.0,1,804,Clouds,overcast clouds,04d
2025-07-31 08:18:54,Dong Nai-Bien Hoa,Bien Hoa,30.03,29.0,30.03,78.0,37.03,10000.0,0.0,96.0,5.18,9.07,242.0,1008.0,1,804,Clouds,overcast clouds,04d
2025-07-31 08:22:40,Dong Nai-Bien Hoa,Bien Hoa,30.03,29.0,30.03,78.0,37.03,10000.0,0.0,96.0,5.18,9.07,242.0,1008.0,1,804,Clouds,overcast clouds,04d
2025-07-31 08:26:26,Dong Nai-Bien Hoa,Bien Hoa,30.59,29.0,30.59,78.0,37.59,10000.0,0.0,96.0,5.18,9.07,242.0,1008.0,1,804,Clouds,overcast clouds,04d
2025-07-31 08:30:12,Dong Nai-Bien Hoa,Bien Hoa,30.59,29.0,30.59,78.0,37.59,10000.0,0.0,96.0,5.18,9.07,242.0,1008.0,1,804,Clouds,overcast clouds,04d
2025-07-31 08:33:58,Dong Nai-Bien Hoa,Bien Hoa,30.59,29.0,30.59,78.0,37.59,10000.0,0.0,96.0,5.18,9.07,242.0,1008.0,1,804,Clouds,overcast clouds,04d
2025-07-31 08:37:44,Dong Nai-Bien Hoa,Bien Hoa,30.59,29.0,30.59,73.0,37.37,10000.0,0.0,70.0,5.7,8.83,250.0,1009.0,1,803,Clouds,broken clouds,04d
2025-07-31 08:41:29,Dong Nai-Bien Hoa,Bien Hoa,30.59,29.0,30.59,73.0,37.37,10000.0,0.0,70.0,5.7,8.83,250.0,1009.0,1,803,Clouds,broken clouds,04d
2025-07-31 08:45:15,Dong Nai-Bien Hoa,Bien Hoa,30.59,29.0,30.59,73.0,37.37,10000.0,0.0,70.0,5.7,8.83,250.0,1009.0,1,803,Clouds,broken clouds,04d
2025-07-31 08:49:01,Dong Nai-Bien Hoa,Bien Hoa,30.59,30.0,30.59,73.0,37.37,10000.0,0.0,70.0,5.7,8.83,250.0,1009.0,1,803,Clouds,broken clouds,04d
2025-07-31 08:52:47,Dong Nai-Bien Hoa,Bien Hoa,30.59,30.0,30.59,73.0,37.37,10000.0,0.0,70.0,5.7,8.83,250.0,1009.0,1,803,Clouds,broken clouds,04d
2025-07-31 08:56:33,Dong Nai-Bien Hoa,Bien Hoa,30.59,30.0,30.59,73.0,37.37,10000.0,0.0,70.0,5.7,8.83,250.0,1009.0,1,803,Clouds,broken clouds,04d
2025-07-31 09:00:18,Dong Nai-Bien Hoa,Bien Hoa,30.59,30.0,30.59,73.0,37.37,10000.0,0.0,70.0,5.7,8.83,250.0,1009.0,1,803,Clouds,broken clouds,04d
2025-07-31 09:04:05,Dong Nai-Bien Hoa,Bien Hoa,31.7,30.0,31.7,74.0,38.7,10000.0,0.0,70.0,5.7,8.83,250.0,1009.0,1,803,Clouds,broken clouds,04d
2025-07-31 09:07:50,Dong Nai-Bien Hoa,Bien Hoa,31.7,30.0,31.7,74.0,38.7,10000.0,0.0,70.0,5.7,8.83,250.0,1009.0,1,803,Clouds,broken clouds,04d
2025-07-31 09:11:36,Dong Nai-Bien Hoa,Bien Hoa,30.59,30.0,30.59,74.0,37.59,10000.0,0.0,70.0,5.7,8.83,250.0,1009.0,1,803,Clouds,broken clouds,04d
2025-07-31 09:15:22,Dong Nai-Bien Hoa,Bien Hoa,30.59,30.0,30.59,74.0,37.59,10000.0,0.0,70.0,5.7,8.83,250.0,1009.0,1,803,Clouds,broken clouds,04d
2025-07-31 09:19:08,Dong Nai-Bien Hoa,Bien Hoa,30.59,30.0,30.59,74.0,37.59,10000.0,0.0,70.0,5.7,8.83,250.0,1009.0,1,803,Clouds,broken clouds,04d
2025-07-31 09:22:54,Dong Nai-Bien Hoa,Bien Hoa,30.59,30.59,31.0,74.0,37.59,10000.0,0.0,70.0,5.7,8.83,250.0,1008.0,1,803,Clouds,broken clouds,04d
2025-07-31 09:26:40,Dong Nai-Bien Hoa,Bien Hoa,30.59,30.59,31.0,74.0,37.59,10000.0,0.0,70.0,5.7,8.83,250.0,1008.0,1,803,Clouds,broken clouds,04d
2025-07-31 09:30:26,Dong Nai-Bien Hoa,Bien Hoa,30.59,30.59,31.0,68.0,35.98,10000.0,0.0,68.0,6.1,9.01,250.0,1008.0,1,803,Clouds,broken clouds,04d
2025-07-31 09:34:11,Dong Nai-Bien Hoa,Bien Hoa,30.59,30.59,31.0,74.0,37.59,10000.0,0.0,70.0,5.7,8.83,250.0,1008.0,1,803,Clouds,broken clouds,04d
2025-07-31 09:37:57,Dong Nai-Bien Hoa,Bien Hoa,31.14,31.0,31.14,65.0,36.49,10000.0,0.0,68.0,6.1,9.01,250.0,1009.0,1,803,Clouds,broken clouds,04d
2025-07-31 09:41:43,Dong Nai-Bien Hoa,Bien Hoa,30.59,30.59,31.0,65.0,35.2,10000.0,0.0,68.0,6.1,9.01,250.0,1009.0,1,803,Clouds,broken clouds,04d
2025-07-31 09:45:29,Dong Nai-Bien Hoa,Bien Hoa,31.14,31.0,31.14,65.0,36.49,10000.0,0.0,68.0,6.1,9.01,250.0,1009.0,1,803,Clouds,broken clouds,04d
2025-07-31 09:49:15,Dong Nai-Bien Hoa,Bien Hoa,31.14,31.0,31.14,66.0,36.78,10000.0,0.0,68.0,6.1,9.01,250.0,1008.0,1,803,Clouds,broken clouds,04d
2025-07-31 09:53:01,Dong Nai-Bien Hoa,Bien Hoa,31.14,31.0,31.14,66.0,36.78,10000.0,0.0,68.0,6.1,9.01,250.0,1008.0,1,803,Clouds,broken clouds,04d
2025-07-31 09:56:47,Dong Nai-Bien Hoa,Bien Hoa,31.14,31.0,31.14,66.0,36.78,10000.0,0.0,68.0,6.1,9.01,250.0,1008.0,1,803,Clouds,broken clouds,04d
2025-07-31 10:00:33,Dong Nai-Bien Hoa,Bien Hoa,32.25,31.0,32.25,66.0,39.25,10000.0,0.0,68.0,6.1,9.01,250.0,1008.0,1,803,Clouds,broken clouds,04d
2025-07-31 10:04:19,Dong Nai-Bien Hoa,Bien Hoa,31.14,31.0,31.14,66.0,36.78,10000.0,0.0,68.0,6.1,9.01,250.0,1008.0,1,803,Clouds,broken clouds,04d
2025-07-31 10:08:05,Dong Nai-Bien Hoa,Bien Hoa,32.25,31.0,32.25,66.0,39.25,10000.0,0.0,68.0,6.1,9.01,250.0,1008.0,1,803,Clouds,broken clouds,04d
2025-07-31 10:11:51,Dong Nai-Bien Hoa,Bien Hoa,31.7,31.0,31.7,70.0,38.7,10000.0,0.0,68.0,6.1,9.01,250.0,1008.0,1,803,Clouds,broken clouds,04d
2025-07-31 10:15:37,Dong Nai-Bien Hoa,Bien Hoa,31.7,31.0,31.7,70.0,38.7,10000.0,0.0,68.0,6.1,9.01,250.0,1008.0,1,803,Clouds,broken clouds,04d
2025-07-31 10:19:22,Dong Nai-Bien Hoa,Bien Hoa,31.7,31.0,31.7,70.0,38.7,10000.0,0.0,68.0,6.1,9.01,250.0,1008.0,1,803,Clouds,broken clouds,04d
2025-07-31 10:23:08,Dong Nai-Bien Hoa,Bien Hoa,32.25,32.0,32.25,70.0,39.25,10000.0,0.0,68.0,6.1,9.01,250.0,1008.0,1,803,Clouds,broken clouds,04d
2025-07-31 10:26:54,Dong Nai-Bien Hoa,Bien Hoa,32.25,32.0,32.25,70.0,39.25,10000.0,0.0,68.0,6.1,9.01,250.0,1008.0,1,803,Clouds,broken clouds,04d
2025-07-31 10:30:40,Dong Nai-Bien Hoa,Bien Hoa,32.25,32.0,32.25,70.0,39.25,10000.0,0.0,68.0,6.1,9.01,250.0,1008.0,1,803,Clouds,broken clouds,04d
2025-07-31 10:34:26,Dong Nai-Bien Hoa,Bien Hoa,31.7,31.7,32.0,63.0,37.27,10000.0,0.0,73.0,6.16,9.46,247.0,1008.0,1,803,Clouds,broken clouds,04d
2025-07-31 10:38:11,Dong Nai-Bien Hoa,Bien Hoa,31.7,31.7,32.0,63.0,37.27,10000.0,0.0,73.0,6.16,9.46,247.0,1008.0,1,803,Clouds,broken clouds,04d
2025-07-31 10:41:57,Dong Nai-Bien Hoa,Bien Hoa,32.25,32.0,32.25,63.0,38.64,10000.0,0.0,73.0,6.16,9.46,247.0,1008.0,1,803,Clouds,broken clouds,04d
2025-07-31 10:45:43,Dong Nai-Bien Hoa,Bien Hoa,31.7,31.7,32.0,63.0,37.27,10000.0,0.0,73.0,6.16,9.46,247.0,1008.0,1,803,Clouds,broken clouds,04d
2025-07-31 10:49:33,Dong Nai-Bien Hoa,Bien Hoa,32.25,32.0,32.25,63.0,38.64,10000.0,0.0,73.0,6.16,9.46,247.0,1008.0,1,803,Clouds,broken clouds,04d
2025-07-31 10:53:24,Dong Nai-Bien Hoa,Bien Hoa,31.7,31.7,32.0,63.0,37.27,10000.0,0.0,73.0,6.16,9.46,247.0,1008.0,1,803,Clouds,broken clouds,04d
2025-07-31 10:57:14,Dong Nai-Bien Hoa,Bien Hoa,31.7,31.7,32.0,63.0,37.27,10000.0,0.0,73.0,6.16,9.46,247.0,1008.0,1,803,Clouds,broken clouds,04d
2025-07-31 11:01:05,Dong Nai-Bien Hoa,Bien Hoa,31.7,31.7,32.0,63.0,37.27,10000.0,0.0,73.0,6.16,9.46,247.0,1008.0,1,803,Clouds,broken clouds,04d
2025-07-31 11:04:56,Dong Nai-Bien Hoa,Bien Hoa,32.25,32.0,32.25,69.0,39.25,10000.0,0.0,73.0,6.16,9.46,247.0,1008.0,1,803,Clouds,broken clouds,04d
2025-07-31 11:08:47,Dong Nai-Bien Hoa,Bien Hoa,32.25,32.0,32.25,69.0,39.25,10000.0,0.0,73.0,6.16,9.46,247.0,1008.0,1,803,Clouds,broken clouds,04d
2025-07-31 11:12:37,Dong Nai-Bien Hoa,Bien Hoa,32.81,32.0,32.81,69.0,39.81,10000.0,0.0,73.0,6.16,9.46,247.0,1008.0,1,803,Clouds,broken clouds,04d
2025-07-31 11:16:27,Dong Nai-Bien Hoa,Bien Hoa,32.81,32.0,32.81,69.0,39.81,10000.0,0.0,73.0,6.16,9.46,247.0,1008.0,1,803,Clouds,broken clouds,04d
2025-07-31 11:20:17,Dong Nai-Bien Hoa,Bien Hoa,32.81,32.0,32.81,69.0,39.81,10000.0,0.0,73.0,6.16,9.46,247.0,1008.0,1,803,Clouds,broken clouds,04d
2025-07-31 11:24:08,Dong Nai-Bien Hoa,Bien Hoa,32.81,31.0,32.81,68.0,39.81,10000.0,0.0,73.0,6.16,9.46,247.0,1008.0,1,803,Clouds,broken clouds,04d
2025-07-31 11:27:58,Dong Nai-Bien Hoa,Bien Hoa,31.0,31.0,31.0,68.0,37.01,10000.0,0.0,73.0,6.16,9.46,247.0,1008.0,1,803,Clouds,broken clouds,04d
2025-07-31 11:31:48,Dong Nai-Bien Hoa,Bien Hoa,31.0,31.0,31.0,68.0,37.01,10000.0,0.0,73.0,6.16,9.46,247.0,1008.0,1,803,Clouds,broken clouds,04d
2025-07-31 11:35:38,Dong Nai-Bien Hoa,Bien Hoa,31.0,31.0,31.0,68.0,37.01,10000.0,0.0,78.0,4.87,8.59,243.0,1007.0,1,803,Clouds,broken clouds,04d
2025-07-31 11:39:28,Dong Nai-Bien Hoa,Bien Hoa,31.0,31.0,31.0,68.0,37.01,10000.0,0.0,78.0,4.87,8.59,243.0,1007.0,1,803,Clouds,broken clouds,04d
2025-07-31 11:43:20,Dong Nai-Bien Hoa,Bien Hoa,31.0,31.0,31.0,68.0,37.01,10000.0,0.0,78.0,4.87,8.59,243.0,1007.0,1,803,Clouds,broken clouds,04d
2025-07-31 11:47:10,Dong Nai-Bien Hoa,Bien Hoa,28.0,28.0,28.0,68.0,30.41,10000.0,0.0,78.0,4.87,8.59,243.0,1007.0,1,803,Clouds,broken clouds,04d
2025-07-31 11:51:01,Dong Nai-Bien Hoa,Bien Hoa,28.0,28.0,28.0,68.0,30.41,10000.0,0.0,78.0,4.87,8.59,243.0,1007.0,1,803,Clouds,broken clouds,04d
2025-07-31 11:54:52,Dong Nai-Bien Hoa,Bien Hoa,28.0,28.0,28.0,68.0,30.41,10000.0,0.0,78.0,4.87,8.59,243.0,1007.0,1,803,Clouds,broken clouds,04d
2025-07-31 11:58:42,Dong Nai-Bien Hoa,Bien Hoa,31.14,28.0,31.14,68.0,37.37,10000.0,0.19,78.0,4.87,8.59,243.0,1007.0,1,500,Rain,light rain,10d
2025-07-31 12:02:32,Dong Nai-Bien Hoa,Bien Hoa,31.14,28.0,31.14,68.0,37.37,10000.0,0.19,78.0,4.87,8.59,243.0,1007.0,1,500,Rain,light rain,10d
2025-07-31 12:06:25,Dong Nai-Bien Hoa,Bien Hoa,31.14,28.0,31.14,74.0,38.14,10000.0,0.14,78.0,4.87,8.59,243.0,1007.0,1,500,Rain,light rain,10d
2025-07-31 12:10:15,Dong Nai-Bien Hoa,Bien Hoa,31.14,28.0,31.14,74.0,38.14,10000.0,0.14,78.0,4.87,8.59,243.0,1007.0,1,500,Rain,light rain,10d
2025-07-31 12:14:07,Dong Nai-Bien Hoa,Bien Hoa,31.14,28.0,31.14,74.0,38.14,10000.0,0.14,78.0,4.87,8.59,243.0,1007.0,1,500,Rain,light rain,10d
2025-07-31 12:17:57,Dong Nai-Bien Hoa,Bien Hoa,31.7,30.0,31.7,74.0,38.7,10000.0,0.0,78.0,4.87,8.59,243.0,1007.0,1,803,Clouds,broken clouds,04d
2025-07-31 12:21:47,Dong Nai-Bien Hoa,Bien Hoa,31.7,30.0,31.7,74.0,38.7,10000.0,0.0,78.0,4.87,8.59,243.0,1007.0,1,803,Clouds,broken clouds,04d
2025-07-31 12:25:38,Dong Nai-Bien Hoa,Bien Hoa,31.7,30.0,31.7,74.0,38.7,10000.0,0.0,78.0,4.87,8.59,243.0,1007.0,1,803,Clouds,broken clouds,04d
2025-07-31 12:29:28,Dong Nai-Bien Hoa,Bien Hoa,31.7,30.0,31.7,74.0,38.7,10000.0,0.0,78.0,4.87,8.59,243.0,1007.0,1,803,Clouds,broken clouds,04d
2025-07-31 12:33:21,Dong Nai-Bien Hoa,Bien Hoa,31.14,30.0,31.14,62.0,35.67,10000.0,0.0,82.0,4.46,8.02,236.0,1006.0,1,803,Clouds,broken clouds,04d
2025-07-31 12:37:11,Dong Nai-Bien Hoa,Bien Hoa,31.14,30.0,31.14,62.0,35.67,10000.0,0.0,82.0,4.46,8.02,236.0,1006.0,1,803,Clouds,broken clouds,04d
2025-07-31 12:41:02,Dong Nai-Bien Hoa,Bien Hoa,31.14,30.0,31.14,62.0,35.67,10000.0,0.0,82.0,4.46,8.02,236.0,1006.0,1,803,Clouds,broken clouds,04d
2025-07-31 12:44:52,Dong Nai-Bien Hoa,Bien Hoa,31.14,30.0,31.14,62.0,35.67,10000.0,0.0,82.0,4.46,8.02,236.0,1006.0,1,803,Clouds,broken clouds,04d
2025-07-31 12:48:44,Dong Nai-Bien Hoa,Bien Hoa,31.14,30.0,31.14,62.0,35.67,10000.0,0.0,82.0,4.46,8.02,236.0,1006.0,1,803,Clouds,broken clouds,04d
2025-07-31 12:52:35,Dong Nai-Bien Hoa,Bien Hoa,31.14,30.0,31.14,62.0,35.67,10000.0,0.0,82.0,4.46,8.02,236.0,1006.0,1,803,Clouds,broken clouds,04d
2025-07-31 12:56:26,Dong Nai-Bien Hoa,Bien Hoa,31.14,30.0,31.14,62.0,35.67,10000.0,0.0,82.0,4.46,8.02,236.0,1006.0,1,803,Clouds,broken clouds,04d
2025-07-31 13:00:17,Dong Nai-Bien Hoa,Bien Hoa,31.14,30.0,31.14,62.0,35.67,10000.0,0.0,78.0,4.26,8.01,229.0,1006.0,1,803,Clouds,broken clouds,04d
2025-07-31 13:04:10,Dong Nai-Bien Hoa,Bien Hoa,31.14,30.0,31.14,62.0,35.67,10000.0,0.0,78.0,4.26,8.01,229.0,1006.0,1,803,Clouds,broken clouds,04d
2025-07-31 13:08:02,Dong Nai-Bien Hoa,Bien Hoa,31.14,30.0,31.14,62.0,35.67,10000.0,0.0,78.0,4.26,8.01,229.0,1006.0,1,803,Clouds,broken clouds,04d
2025-07-31 13:11:54,Dong Nai-Bien Hoa,Bien Hoa,31.14,30.0,31.14,62.0,35.67,10000.0,0.0,78.0,4.26,8.01,229.0,1006.0,1,803,Clouds,broken clouds,04d
2025-07-31 13:15:44,Dong Nai-Bien Hoa,Bien Hoa,31.14,30.0,31.14,62.0,35.67,10000.0,0.0,78.0,4.26,8.01,229.0,1006.0,1,803,Clouds,broken clouds,04d
2025-07-31 13:19:35,Dong Nai-Bien Hoa,Bien Hoa,31.14,30.0,31.14,62.0,35.67,10000.0,0.0,78.0,4.26,8.01,229.0,1006.0,1,803,Clouds,broken clouds,04d
2025-07-31 13:23:25,Dong Nai-Bien Hoa,Bien Hoa,31.14,30.0,31.14,62.0,35.67,10000.0,0.0,78.0,4.26,8.01,229.0,1006.0,1,803,Clouds,broken clouds,04d
2025-07-31 13:27:15,Dong Nai-Bien Hoa,Bien Hoa,31.14,30.0,31.14,62.0,35.67,10000.0,0.0,78.0,4.26,8.01,229.0,1006.0,1,803,Clouds,broken clouds,04d
2025-07-31 13:31:05,Dong Nai-Bien Hoa,Bien Hoa,31.14,30.0,31.14,63.0,35.94,10000.0,0.0,100.0,4.95,9.52,221.0,1005.0,1,804,Clouds,overcast clouds,04d
2025-07-31 13:34:56,Dong Nai-Bien Hoa,Bien Hoa,31.14,30.0,31.14,63.0,35.94,10000.0,0.0,100.0,4.95,9.52,221.0,1005.0,1,804,Clouds,overcast clouds,04d
2025-07-31 13:38:47,Dong Nai-Bien Hoa,Bien Hoa,31.14,30.0,31.14,63.0,35.94,10000.0,0.0,100.0,4.95,9.52,221.0,1005.0,1,804,Clouds,overcast clouds,04d
2025-07-31 13:42:37,Dong Nai-Bien Hoa,Bien Hoa,31.14,30.0,31.14,64.0,36.21,10000.0,0.0,100.0,4.95,9.52,221.0,1005.0,1,804,Clouds,overcast clouds,04d
2025-07-31 13:46:28,Dong Nai-Bien Hoa,Bien Hoa,31.7,31.0,31.7,64.0,37.57,10000.0,0.0,100.0,4.95,9.52,221.0,1005.0,1,804,Clouds,overcast clouds,04d
2025-07-31 13:50:18,Dong Nai-Bien Hoa,Bien Hoa,31.7,31.0,31.7,64.0,37.57,10000.0,0.0,100.0,4.95,9.52,221.0,1005.0,1,804,Clouds,overcast clouds,04d
2025-07-31 13:54:09,Dong Nai-Bien Hoa,Bien Hoa,31.7,31.0,31.7,64.0,37.57,10000.0,0.0,100.0,4.95,9.52,221.0,1005.0,1,804,Clouds,overcast clouds,04d
2025-07-31 13:57:59,Dong Nai-Bien Hoa,Bien Hoa,31.7,31.0,31.7,64.0,37.57,10000.0,0.0,100.0,4.95,9.52,221.0,1005.0,1,804,Clouds,overcast clouds,04d
2025-07-31 14:01:49,Dong Nai-Bien Hoa,Bien Hoa,31.7,31.0,31.7,68.0,38.7,10000.0,0.0,100.0,4.95,9.52,221.0,1005.0,1,804,Clouds,overcast clouds,04d
2025-07-31 14:05:42,Dong Nai-Bien Hoa,Bien Hoa,31.7,31.0,31.7,68.0,38.7,10000.0,0.0,100.0,4.95,9.52,221.0,1005.0,1,804,Clouds,overcast clouds,04d
2025-07-31 14:09:31,Dong Nai-Bien Hoa,Bien Hoa,31.7,31.0,31.7,68.0,38.7,10000.0,0.0,100.0,4.95,9.52,221.0,1005.0,1,804,Clouds,overcast clouds,04d
2025-07-31 14:13:22,Dong Nai-Bien Hoa,Bien Hoa,31.7,31.0,31.7,68.0,38.7,10000.0,0.0,100.0,4.95,9.52,221.0,1005.0,1,804,Clouds,overcast clouds,04d
2025-07-31 14:17:12,Dong Nai-Bien Hoa,Bien Hoa,31.7,31.0,31.7,68.0,38.7,10000.0,0.0,100.0,4.95,9.52,221.0,1005.0,1,804,Clouds,overcast clouds,04d
2025-07-31 14:21:02,Dong Nai-Bien Hoa,Bien Hoa,31.7,31.0,31.7,68.0,38.7,10000.0,0.0,100.0,4.95,9.52,221.0,1005.0,1,804,Clouds,overcast clouds,04d
2025-07-31 14:24:52,Dong Nai-Bien Hoa,Bien Hoa,32.25,31.0,32.25,68.0,39.25,10000.0,0.0,100.0,4.95,9.52,221.0,1005.0,1,804,Clouds,overcast clouds,04d
2025-07-31 14:28:41,Dong Nai-Bien Hoa,Bien Hoa,32.25,31.0,32.25,68.0,39.25,10000.0,0.0,100.0,4.95,9.52,221.0,1005.0,1,804,Clouds,overcast clouds,04d
2025-07-31 14:32:31,Dong Nai-Bien Hoa,Bien Hoa,32.25,31.0,32.25,68.0,39.25,10000.0,0.0,100.0,4.95,9.52,221.0,1005.0,1,804,Clouds,overcast clouds,04d
2025-07-31 14:36:22,Dong Nai-Bien Hoa,Bien Hoa,32.25,31.0,32.25,64.0,38.98,10000.0,0.0,100.0,5.01,9.56,230.0,1005.0,1,804,Clouds,overcast clouds,04d
2025-07-31 14:40:12,Dong Nai-Bien Hoa,Bien Hoa,32.25,31.0,32.25,64.0,38.98,10000.0,0.0,100.0,5.01,9.56,230.0,1005.0,1,804,Clouds,overcast clouds,04d
2025-07-31 14:44:02,Dong Nai-Bien Hoa,Bien Hoa,32.25,31.0,32.25,64.0,38.98,10000.0,0.0,100.0,5.01,9.56,230.0,1005.0,1,804,Clouds,overcast clouds,04d
2025-07-31 14:47:52,Dong Nai-Bien Hoa,Bien Hoa,32.25,31.0,32.25,64.0,38.98,10000.0,0.0,100.0,5.01,9.56,230.0,1005.0,1,804,Clouds,overcast clouds,04d
2025-07-31 14:51:43,Dong Nai-Bien Hoa,Bien Hoa,32.25,31.0,32.25,64.0,38.98,10000.0,0.0,100.0,5.01,9.56,230.0,1005.0,1,804,Clouds,overcast clouds,04d
2025-07-31 14:55:34,Dong Nai-Bien Hoa,Bien Hoa,32.25,32.0,32.25,64.0,38.98,10000.0,0.0,100.0,5.01,9.56,230.0,1005.0,1,804,Clouds,overcast clouds,04d
2025-07-31 14:59:23,Dong Nai-Bien Hoa,Bien Hoa,32.25,32.0,32.25,64.0,38.98,10000.0,0.0,100.0,5.01,9.56,230.0,1005.0,1,804,Clouds,overcast clouds,04d
2025-07-31 15:03:14,Dong Nai-Bien Hoa,Bien Hoa,32.25,32.0,32.25,65.0,39.25,10000.0,0.0,100.0,5.01,9.56,230.0,1005.0,1,804,Clouds,overcast clouds,04d
2025-07-31 15:07:05,Dong Nai-Bien Hoa,Bien Hoa,32.25,32.0,32.25,65.0,39.25,10000.0,0.0,100.0,5.01,9.56,230.0,1005.0,1,804,Clouds,overcast clouds,04d
2025-07-31 15:10:56,Dong Nai-Bien Hoa,Bien Hoa,32.25,32.0,32.25,65.0,39.25,10000.0,0.0,100.0,5.01,9.56,230.0,1005.0,1,804,Clouds,overcast clouds,04d
2025-07-31 15:14:50,Dong Nai-Bien Hoa,Bien Hoa,32.25,32.0,32.25,65.0,39.25,10000.0,0.0,100.0,5.01,9.56,230.0,1005.0,1,804,Clouds,overcast clouds,04d
2025-07-31 15:18:41,Dong Nai-Bien Hoa,Bien Hoa,32.25,32.0,32.25,65.0,39.25,10000.0,0.0,100.0,5.01,9.56,230.0,1005.0,1,804,Clouds,overcast clouds,04d
2025-07-31 15:22:32,Dong Nai-Bien Hoa,Bien Hoa,32.25,32.0,32.25,65.0,39.25,10000.0,0.0,100.0,5.01,9.56,230.0,1005.0,1,804,Clouds,overcast clouds,04d
2025-07-31 15:26:23,Dong Nai-Bien Hoa,Bien Hoa,32.25,32.0,32.25,65.0,39.25,10000.0,0.0,100.0,5.01,9.56,230.0,1005.0,1,804,Clouds,overcast clouds,04d
2025-07-31 15:30:14,Dong Nai-Bien Hoa,Bien Hoa,32.81,32.0,32.81,61.0,39.39,10000.0,0.0,98.0,5.49,9.33,235.0,1005.0,1,804,Clouds,overcast clouds,04d
2025-07-31 15:34:07,Dong Nai-Bien Hoa,Bien Hoa,32.25,32.0,32.25,65.0,39.25,10000.0,0.0,100.0,5.01,9.56,230.0,1005.0,1,804,Clouds,overcast clouds,04d
2025-07-31 15:37:58,Dong Nai-Bien Hoa,Bien Hoa,32.25,32.0,32.25,61.0,37.98,10000.0,0.0,98.0,5.49,9.33,235.0,1004.0,1,804,Clouds,overcast clouds,04d
2025-07-31 15:41:49,Dong Nai-Bien Hoa,Bien Hoa,32.25,32.0,32.25,61.0,37.98,10000.0,0.0,98.0,5.49,9.33,235.0,1004.0,1,804,Clouds,overcast clouds,04d
2025-07-31 15:45:39,Dong Nai-Bien Hoa,Bien Hoa,32.25,32.0,32.25,61.0,37.98,10000.0,0.0,98.0,5.49,9.33,235.0,1004.0,1,804,Clouds,overcast clouds,04d
2025-07-31 15:49:30,Dong Nai-Bien Hoa,Bien Hoa,32.25,32.0,32.25,61.0,37.98,10000.0,0.0,98.0,5.49,9.33,235.0,1004.0,1,804,Clouds,overcast clouds,04d
2025-07-31 15:53:22,Dong Nai-Bien Hoa,Bien Hoa,32.81,32.81,33.0,60.0,39.04,10000.0,0.0,98.0,5.49,9.33,235.0,1004.0,1,804,Clouds,overcast clouds,04d
2025-07-31 15:57:12,Dong Nai-Bien Hoa,Bien Hoa,32.81,32.81,33.0,60.0,39.04,10000.0,0.0,98.0,5.49,9.33,235.0,1004.0,1,804,Clouds,overcast clouds,04d
2025-07-31 16:01:04,Dong Nai-Bien Hoa,Bien Hoa,32.25,32.25,33.0,60.0,37.67,10000.0,0.0,98.0,5.49,9.33,235.0,1004.0,1,804,Clouds,overcast clouds,04d
2025-07-31 16:04:56,Dong Nai-Bien Hoa,Bien Hoa,32.25,32.25,33.0,63.0,38.64,10000.0,0.0,98.0,5.49,9.33,235.0,1005.0,1,804,Clouds,overcast clouds,04d
2025-07-31 16:08:46,Dong Nai-Bien Hoa,Bien Hoa,32.25,32.25,33.0,63.0,38.64,10000.0,0.0,98.0,5.49,9.33,235.0,1005.0,1,804,Clouds,overcast clouds,04d
2025-07-31 16:12:36,Dong Nai-Bien Hoa,Bien Hoa,32.25,32.25,33.0,63.0,38.64,10000.0,0.0,98.0,5.49,9.33,235.0,1005.0,1,804,Clouds,overcast clouds,04d
2025-07-31 16:16:26,Dong Nai-Bien Hoa,Bien Hoa,32.81,32.81,33.0,63.0,39.81,10000.0,0.0,98.0,5.49,9.33,235.0,1005.0,1,804,Clouds,overcast clouds,04d
2025-07-31 16:20:17,Dong Nai-Bien Hoa,Bien Hoa,32.81,32.81,33.0,63.0,39.81,10000.0,0.0,98.0,5.49,9.33,235.0,1005.0,1,804,Clouds,overcast clouds,04d
2025-07-31 16:24:09,Dong Nai-Bien Hoa,Bien Hoa,32.81,32.81,33.0,63.0,39.81,10000.0,0.0,98.0,5.49,9.33,235.0,1005.0,1,804,Clouds,overcast clouds,04d
2025-07-31 16:27:59,Dong Nai-Bien Hoa,Bien Hoa,32.81,32.0,32.81,63.0,39.81,10000.0,0.0,98.0,5.49,9.33,235.0,1005.0,1,804,Clouds,overcast clouds,04d
2025-07-31 16:31:49,Dong Nai-Bien Hoa,Bien Hoa,32.81,32.0,32.81,63.0,39.81,10000.0,0.0,98.0,5.49,9.33,235.0,1005.0,1,804,Clouds,overcast clouds,04d
2025-07-31 16:35:40,Dong Nai-Bien Hoa,Bien Hoa,32.25,32.0,32.25,61.0,37.98,10000.0,0.0,98.0,4.44,8.25,235.0,1004.0,1,804,Clouds,overcast clouds,04d
2025-07-31 16:39:31,Dong Nai-Bien Hoa,Bien Hoa,32.25,32.0,32.25,61.0,37.98,10000.0,0.0,98.0,4.44,8.25,235.0,1004.0,1,804,Clouds,overcast clouds,04d
2025-07-31 16:43:21,Dong Nai-Bien Hoa,Bien Hoa,32.25,32.0,32.25,61.0,37.98,10000.0,0.0,98.0,4.44,8.25,235.0,1004.0,1,804,Clouds,overcast clouds,04d
2025-07-31 16:47:12,Dong Nai-Bien Hoa,Bien Hoa,32.25,32.0,32.25,63.0,38.64,10000.0,0.0,98.0,4.44,8.25,235.0,1004.0,1,804,Clouds,overcast clouds,04d
2025-07-31 16:51:05,Dong Nai-Bien Hoa,Bien Hoa,32.25,32.0,32.25,63.0,38.64,10000.0,0.0,98.0,4.44,8.25,235.0,1004.0,1,804,Clouds,overcast clouds,04d
2025-07-31 16:54:55,Dong Nai-Bien Hoa,Bien Hoa,32.25,32.0,32.25,63.0,38.64,10000.0,0.0,98.0,4.44,8.25,235.0,1004.0,1,804,Clouds,overcast clouds,04d
2025-07-31 16:58:45,Dong Nai-Bien Hoa,Bien Hoa,32.25,32.0,32.25,63.0,38.64,10000.0,0.0,98.0,4.44,8.25,235.0,1004.0,1,804,Clouds,overcast clouds,04d
2025-07-31 17:02:35,Dong Nai-Bien Hoa,Bien Hoa,32.25,32.0,32.25,66.0,39.25,10000.0,0.0,98.0,4.44,8.25,235.0,1005.0,1,804,Clouds,overcast clouds,04d
2025-07-31 17:06:27,Dong Nai-Bien Hoa,Bien Hoa,32.25,32.0,32.25,63.0,38.64,10000.0,0.0,98.0,4.44,8.25,235.0,1004.0,1,804,Clouds,overcast clouds,04d
2025-07-31 17:10:18,Dong Nai-Bien Hoa,Bien Hoa,32.25,32.0,32.25,66.0,39.25,10000.0,0.0,98.0,4.44,8.25,235.0,1005.0,1,804,Clouds,overcast clouds,04d
2025-07-31 17:14:10,Dong Nai-Bien Hoa,Bien Hoa,32.25,32.0,32.25,66.0,39.25,10000.0,0.0,98.0,4.44,8.25,235.0,1005.0,1,804,Clouds,overcast clouds,04d
2025-07-31 17:18:00,Dong Nai-Bien Hoa,Bien Hoa,32.25,32.0,32.25,66.0,39.25,10000.0,0.0,98.0,4.44,8.25,235.0,1005.0,1,804,Clouds,overcast clouds,04d
2025-07-31 17:21:50,Dong Nai-Bien Hoa,Bien Hoa,32.25,32.0,32.25,66.0,39.25,10000.0,0.0,98.0,4.44,8.25,235.0,1005.0,1,804,Clouds,overcast clouds,04d
2025-07-31 17:25:40,Dong Nai-Bien Hoa,Bien Hoa,31.7,31.7,32.0,66.0,38.21,10000.0,0.0,98.0,4.44,8.25,235.0,1005.0,1,804,Clouds,overcast clouds,04d
2025-07-31 17:29:31,Dong Nai-Bien Hoa,Bien Hoa,31.7,31.7,32.0,66.0,38.21,10000.0,0.0,98.0,4.44,8.25,235.0,1005.0,1,804,Clouds,overcast clouds,04d
2025-07-31 17:33:22,Dong Nai-Bien Hoa,Bien Hoa,31.7,31.7,32.0,63.0,37.27,10000.0,0.0,98.0,4.48,8.37,223.0,1005.0,1,804,Clouds,overcast clouds,04d
2025-07-31 17:37:13,Dong Nai-Bien Hoa,Bien Hoa,31.7,31.7,32.0,63.0,37.27,10000.0,0.0,98.0,4.48,8.37,223.0,1005.0,1,804,Clouds,overcast clouds,04d
2025-07-31 17:41:04,Dong Nai-Bien Hoa,Bien Hoa,31.7,31.7,32.0,63.0,37.27,10000.0,0.0,98.0,4.48,8.37,223.0,1005.0,1,804,Clouds,overcast clouds,04d
2025-07-31 17:44:55,Dong Nai-Bien Hoa,Bien Hoa,31.7,31.7,32.0,63.0,37.27,10000.0,0.0,98.0,4.48,8.37,223.0,1005.0,1,804,Clouds,overcast clouds,04d
2025-07-31 17:48:44,Dong Nai-Bien Hoa,Bien Hoa,31.7,31.7,32.0,64.0,37.57,10000.0,0.0,98.0,4.48,8.37,223.0,1005.0,1,804,Clouds,overcast clouds,04d
2025-07-31 17:52:34,Dong Nai-Bien Hoa,Bien Hoa,31.7,31.7,32.0,64.0,37.57,10000.0,0.0,98.0,4.48,8.37,223.0,1005.0,1,804,Clouds,overcast clouds,04d
2025-07-31 17:56:25,Dong Nai-Bien Hoa,Bien Hoa,31.7,31.7,32.0,64.0,37.57,10000.0,0.0,98.0,4.48,8.37,223.0,1005.0,1,804,Clouds,overcast clouds,04d
2025-07-31 18:00:15,Dong Nai-Bien Hoa,Bien Hoa,31.7,31.7,32.0,64.0,37.57,10000.0,0.0,98.0,4.48,8.37,223.0,1005.0,1,804,Clouds,overcast clouds,04d
2025-07-31 18:04:07,Dong Nai-Bien Hoa,Bien Hoa,31.7,31.7,32.0,67.0,38.53,10000.0,0.0,98.0,4.48,8.37,223.0,1005.0,1,804,Clouds,overcast clouds,04d
2025-07-31 18:07:56,Dong Nai-Bien Hoa,Bien Hoa,31.7,31.7,32.0,64.0,37.57,10000.0,0.0,98.0,4.48,8.37,223.0,1005.0,1,804,Clouds,overcast clouds,04d
2025-07-31 18:11:46,Dong Nai-Bien Hoa,Bien Hoa,31.7,31.7,32.0,67.0,38.53,10000.0,0.0,98.0,4.48,8.37,223.0,1005.0,1,804,Clouds,overcast clouds,04d
2025-07-31 18:15:37,Dong Nai-Bien Hoa,Bien Hoa,31.7,31.7,32.0,67.0,38.53,10000.0,0.0,98.0,4.48,8.37,223.0,1005.0,1,804,Clouds,overcast clouds,04d
2025-07-31 18:19:27,Dong Nai-Bien Hoa,Bien Hoa,31.7,31.7,32.0,67.0,38.53,10000.0,0.0,98.0,4.48,8.37,223.0,1005.0,0,804,Clouds,overcast clouds,04d
2025-07-31 18:23:17,Dong Nai-Bien Hoa,Bien Hoa,31.14,31.0,31.14,67.0,37.07,10000.0,0.0,98.0,4.48,8.37,223.0,1005.0,0,804,Clouds,overcast clouds,04n
2025-07-31 18:27:08,Dong Nai-Bien Hoa,Bien Hoa,31.14,31.0,31.14,67.0,37.07,10000.0,0.0,98.0,4.48,8.37,223.0,1005.0,0,804,Clouds,overcast clouds,04n
2025-07-31 18:30:58,Dong Nai-Bien Hoa,Bien Hoa,31.14,31.0,31.14,67.0,37.07,10000.0,0.0,98.0,4.48,8.37,223.0,1005.0,0,804,Clouds,overcast clouds,04n
2025-07-31 18:34:48,Dong Nai-Bien Hoa,Bien Hoa,31.14,31.0,31.14,67.0,37.07,10000.0,0.0,98.0,4.48,8.37,223.0,1005.0,0,804,Clouds,overcast clouds,04n
2025-07-31 18:38:38,Dong Nai-Bien Hoa,Bien Hoa,31.14,31.0,31.14,64.0,36.21,10000.0,0.0,97.0,5.33,10.6,230.0,1005.0,0,804,Clouds,overcast clouds,04n
2025-07-31 18:42:28,Dong Nai-Bien Hoa,Bien Hoa,31.14,31.0,31.14,64.0,36.21,10000.0,0.0,97.0,5.33,10.6,230.0,1005.0,0,804,Clouds,overcast clouds,04n
2025-07-31 18:46:19,Dong Nai-Bien Hoa,Bien Hoa,31.14,31.0,31.14,64.0,36.21,10000.0,0.0,97.0,5.33,10.6,230.0,1005.0,0,804,Clouds,overcast clouds,04n
2025-07-31 18:50:10,Dong Nai-Bien Hoa,Bien Hoa,31.14,31.0,31.14,64.0,36.21,10000.0,0.0,97.0,5.48,10.62,221.0,1005.0,0,804,Clouds,overcast clouds,04n
2025-07-31 18:54:02,Dong Nai-Bien Hoa,Bien Hoa,31.14,31.0,31.14,64.0,36.21,10000.0,0.0,97.0,5.48,10.62,221.0,1005.0,0,804,Clouds,overcast clouds,04n
2025-07-31 18:57:53,Dong Nai-Bien Hoa,Bien Hoa,31.14,31.0,31.14,64.0,36.21,10000.0,0.0,97.0,5.48,10.62,221.0,1005.0,0,804,Clouds,overcast clouds,04n
2025-07-31 19:01:42,Dong Nai-Bien Hoa,Bien Hoa,30.59,30.59,31.0,64.0,34.95,10000.0,0.0,97.0,5.48,10.62,221.0,1005.0,0,804,Clouds,overcast clouds,04n
2025-07-31 19:05:34,Dong Nai-Bien Hoa,Bien Hoa,30.59,30.59,31.0,64.0,34.95,10000.0,0.0,97.0,5.48,10.62,221.0,1005.0,0,804,Clouds,overcast clouds,04n
2025-07-31 19:09:24,Dong Nai-Bien Hoa,Bien Hoa,30.59,30.59,31.0,64.0,34.95,10000.0,0.0,97.0,5.48,10.62,221.0,1005.0,0,804,Clouds,overcast clouds,04n
2025-07-31 19:13:14,Dong Nai-Bien Hoa,Bien Hoa,30.59,30.59,31.0,69.0,36.24,10000.0,0.0,97.0,5.48,10.62,221.0,1006.0,0,804,Clouds,overcast clouds,04n
2025-07-31 19:17:15,Dong Nai-Bien Hoa,Bien Hoa,30.59,30.0,30.59,69.0,36.24,10000.0,0.0,97.0,5.48,10.62,221.0,1006.0,0,804,Clouds,overcast clouds,04n
2025-07-31 19:21:00,Dong Nai-Bien Hoa,Bien Hoa,30.59,30.0,30.59,69.0,36.24,10000.0,0.0,97.0,5.48,10.62,221.0,1006.0,0,804,Clouds,overcast clouds,04n
2025-07-31 19:24:46,Dong Nai-Bien Hoa,Bien Hoa,30.59,30.0,30.59,69.0,36.24,10000.0,0.0,97.0,5.48,10.62,221.0,1006.0,0,804,Clouds,overcast clouds,04n
2025-07-31 19:28:33,Dong Nai-Bien Hoa,Bien Hoa,30.59,30.0,30.59,69.0,36.24,10000.0,0.0,97.0,5.48,10.62,221.0,1006.0,0,804,Clouds,overcast clouds,04n
2025-07-31 19:32:19,Dong Nai-Bien Hoa,Bien Hoa,30.59,30.0,30.59,69.0,36.24,10000.0,0.0,97.0,5.48,10.62,221.0,1006.0,0,804,Clouds,overcast clouds,04n
2025-07-31 19:36:05,Dong Nai-Bien Hoa,Bien Hoa,30.59,30.0,30.59,69.0,36.24,10000.0,0.0,97.0,5.48,10.62,221.0,1006.0,0,804,Clouds,overcast clouds,04n
2025-07-31 19:39:50,Dong Nai-Bien Hoa,Bien Hoa,30.59,30.0,30.59,67.0,35.71,10000.0,0.0,76.0,5.46,11.35,221.0,1006.0,0,803,Clouds,broken clouds,04n
2025-07-31 19:43:36,Dong Nai-Bien Hoa,Bien Hoa,30.59,30.0,30.59,67.0,35.71,10000.0,0.0,76.0,5.46,11.35,221.0,1006.0,0,803,Clouds,broken clouds,04n
2025-07-31 19:47:22,Dong Nai-Bien Hoa,Bien Hoa,30.59,30.0,30.59,67.0,35.71,10000.0,0.0,76.0,5.46,11.35,221.0,1006.0,0,803,Clouds,broken clouds,04n
2025-07-31 19:51:08,Dong Nai-Bien Hoa,Bien Hoa,30.59,30.0,30.59,67.0,35.71,10000.0,0.0,76.0,5.46,11.35,221.0,1006.0,0,803,Clouds,broken clouds,04n
2025-07-31 19:54:54,Dong Nai-Bien Hoa,Bien Hoa,30.59,30.0,30.59,67.0,35.71,10000.0,0.0,76.0,5.46,11.35,221.0,1006.0,0,803,Clouds,broken clouds,04n
2025-07-31 19:58:39,Dong Nai-Bien Hoa,Bien Hoa,30.59,30.0,30.59,67.0,35.71,10000.0,0.0,76.0,5.46,11.35,221.0,1006.0,0,803,Clouds,broken clouds,04n
2025-07-31 20:02:26,Dong Nai-Bien Hoa,Bien Hoa,30.03,30.0,30.03,70.0,35.11,10000.0,0.0,76.0,5.46,11.35,221.0,1006.0,0,803,Clouds,broken clouds,04n
2025-07-31 20:06:12,Dong Nai-Bien Hoa,Bien Hoa,30.03,30.0,30.03,70.0,35.11,10000.0,0.0,76.0,5.46,11.35,221.0,1006.0,0,803,Clouds,broken clouds,04n
2025-07-31 20:09:58,Dong Nai-Bien Hoa,Bien Hoa,30.03,30.0,30.03,70.0,35.11,10000.0,0.0,76.0,5.46,11.35,221.0,1006.0,0,803,Clouds,broken clouds,04n
2025-07-31 20:13:43,Dong Nai-Bien Hoa,Bien Hoa,30.03,30.0,30.03,70.0,35.11,10000.0,0.0,76.0,5.46,11.35,221.0,1006.0,0,803,Clouds,broken clouds,04n
2025-07-31 20:17:29,Dong Nai-Bien Hoa,Bien Hoa,30.03,30.0,30.03,70.0,35.11,10000.0,0.12,76.0,5.46,11.35,221.0,1006.0,0,500,Rain,light rain,10n
2025-07-31 20:21:15,Dong Nai-Bien Hoa,Bien Hoa,30.03,30.0,30.03,70.0,35.11,10000.0,0.12,76.0,5.46,11.35,221.0,1006.0,0,500,Rain,light rain,10n
2025-07-31 20:25:01,Dong Nai-Bien Hoa,Bien Hoa,30.03,30.0,30.03,70.0,35.11,10000.0,0.13,76.0,5.46,11.35,221.0,1006.0,0,500,Rain,light rain,10n
2025-07-31 20:28:47,Dong Nai-Bien Hoa,Bien Hoa,30.03,30.0,30.03,70.0,35.11,10000.0,0.15,76.0,5.46,11.35,221.0,1006.0,0,500,Rain,light rain,10n
2025-07-31 20:32:33,Dong Nai-Bien Hoa,Bien Hoa,30.03,30.0,30.03,70.0,35.11,10000.0,0.15,76.0,5.46,11.35,221.0,1006.0,0,500,Rain,light rain,10n
2025-07-31 20:36:19,Dong Nai-Bien Hoa,Bien Hoa,30.03,30.0,30.03,69.0,34.87,10000.0,0.0,87.0,4.93,10.86,227.0,1007.0,0,804,Clouds,overcast clouds,04n
2025-07-31 20:40:05,Dong Nai-Bien Hoa,Bien Hoa,30.03,30.0,30.03,69.0,34.87,10000.0,0.0,87.0,4.93,10.86,227.0,1007.0,0,804,Clouds,overcast clouds,04n
2025-07-31 20:43:51,Dong Nai-Bien Hoa,Bien Hoa,30.03,30.0,30.03,69.0,34.87,10000.0,0.0,87.0,4.93,10.86,227.0,1007.0,0,804,Clouds,overcast clouds,04n
2025-07-31 20:47:37,Dong Nai-Bien Hoa,Bien Hoa,30.03,30.0,30.03,69.0,34.87,10000.0,0.0,87.0,4.93,10.86,227.0,1007.0,0,804,Clouds,overcast clouds,04n
2025-07-31 20:51:23,Dong Nai-Bien Hoa,Bien Hoa,29.47,29.47,30.0,69.0,33.57,10000.0,0.0,87.0,4.93,10.86,227.0,1007.0,0,804,Clouds,overcast clouds,04n
2025-07-31 20:55:09,Dong Nai-Bien Hoa,Bien Hoa,30.03,30.0,30.03,69.0,34.87,10000.0,0.0,87.0,4.93,10.86,227.0,1007.0,0,804,Clouds,overcast clouds,04n
2025-07-31 20:58:54,Dong Nai-Bien Hoa,Bien Hoa,29.47,29.47,30.0,69.0,33.57,10000.0,0.0,87.0,4.93,10.86,227.0,1007.0,0,804,Clouds,overcast clouds,04n
2025-07-31 21:02:41,Dong Nai-Bien Hoa,Bien Hoa,29.47,29.47,30.0,72.0,34.21,10000.0,0.0,87.0,4.93,10.86,227.0,1007.0,0,804,Clouds,overcast clouds,04n
2025-07-31 21:06:27,Dong Nai-Bien Hoa,Bien Hoa,29.47,29.47,30.0,72.0,34.21,10000.0,0.0,87.0,4.93,10.86,227.0,1007.0,0,804,Clouds,overcast clouds,04n
2025-07-31 21:10:15,Dong Nai-Bien Hoa,Bien Hoa,29.47,29.47,30.0,72.0,34.21,10000.0,0.0,87.0,4.93,10.86,227.0,1007.0,0,804,Clouds,overcast clouds,04n
2025-07-31 21:14:01,Dong Nai-Bien Hoa,Bien Hoa,29.47,29.47,30.0,72.0,34.21,10000.0,0.0,87.0,4.93,10.86,227.0,1007.0,0,804,Clouds,overcast clouds,04n
2025-07-31 21:17:47,Dong Nai-Bien Hoa,Bien Hoa,29.47,29.0,29.47,72.0,34.21,10000.0,0.0,87.0,4.93,10.86,227.0,1007.0,0,804,Clouds,overcast clouds,04n
2025-07-31 21:21:33,Dong Nai-Bien Hoa,Bien Hoa,29.47,29.0,29.47,72.0,34.21,10000.0,0.0,87.0,4.93,10.86,227.0,1007.0,0,804,Clouds,overcast clouds,04n
2025-07-31 21:25:18,Dong Nai-Bien Hoa,Bien Hoa,29.47,29.0,29.47,72.0,34.21,10000.0,0.0,87.0,4.93,10.86,227.0,1007.0,0,804,Clouds,overcast clouds,04n
2025-07-31 21:29:05,Dong Nai-Bien Hoa,Bien Hoa,29.47,29.0,29.47,72.0,34.21,10000.0,0.0,87.0,4.93,10.86,227.0,1007.0,0,804,Clouds,overcast clouds,04n
2025-07-31 21:32:50,Dong Nai-Bien Hoa,Bien Hoa,29.47,29.0,29.47,72.0,34.21,10000.0,0.0,87.0,4.93,10.86,227.0,1007.0,0,804,Clouds,overcast clouds,04n
2025-07-31 21:36:36,Dong Nai-Bien Hoa,Bien Hoa,29.47,29.0,29.47,72.0,34.21,10000.0,0.0,87.0,4.93,10.86,227.0,1007.0,0,804,Clouds,overcast clouds,04n
2025-07-31 21:40:22,Dong Nai-Bien Hoa,Bien Hoa,29.47,29.0,29.47,74.0,34.66,10000.0,0.0,91.0,4.23,9.73,227.0,1007.0,0,804,Clouds,overcast clouds,04n
