time,province,city,temperature,temp_min,temp_max,humidity,feels_like,visibility,precipitation,cloudcover,wind_speed,wind_gust,wind_direction,pressure,is_day,weather_code,weather_main,weather_description,weather_icon
2025-07-18 01:20:46,Kien Giang-Rach Gia,Rach Gia,27.95,27.95,27.95,81.0,32.13,10000.0,0.0,99.0,7.3,11.49,268.0,1008.0,0,804,Clouds,overcast clouds,04n
2025-07-18 01:22:40,Kien Giang-Rach Gia,Rach Gia,27.95,27.95,27.95,81.0,32.13,10000.0,0.0,99.0,7.3,11.49,268.0,1008.0,0,804,Clouds,overcast clouds,04n
2025-07-18 01:24:35,Kien Giang-Rach Gia,Rach Gia,27.95,27.95,27.95,81.0,32.13,10000.0,0.0,99.0,7.3,11.49,268.0,1008.0,0,804,Clouds,overcast clouds,04n
2025-07-18 01:26:32,Kien Giang-Rach Gia,Rach Gia,28.4,28.4,28.4,82.0,33.49,10000.0,0.0,99.0,7.3,11.49,268.0,1007.0,0,804,Clouds,overcast clouds,04n
2025-07-18 01:28:26,Kien Giang-Rach Gia,Rach Gia,28.4,28.4,28.4,82.0,33.49,10000.0,0.0,99.0,7.3,11.49,268.0,1007.0,0,804,Clouds,overcast clouds,04n
2025-07-18 01:30:22,Kien Giang-Rach Gia,Rach Gia,28.4,28.4,28.4,82.0,33.49,10000.0,0.0,99.0,7.3,11.49,268.0,1007.0,0,804,Clouds,overcast clouds,04n
2025-07-18 01:32:20,Kien Giang-Rach Gia,Rach Gia,28.43,28.43,28.43,82.0,33.57,10000.0,0.0,100.0,6.83,11.58,265.0,1007.0,0,804,Clouds,overcast clouds,04n
2025-07-18 01:34:16,Kien Giang-Rach Gia,Rach Gia,28.43,28.43,28.43,82.0,33.57,10000.0,0.0,100.0,6.83,11.58,265.0,1007.0,0,804,Clouds,overcast clouds,04n
2025-07-18 01:36:10,Kien Giang-Rach Gia,Rach Gia,28.4,28.4,28.4,82.0,33.49,10000.0,0.0,99.0,7.3,11.49,268.0,1007.0,0,804,Clouds,overcast clouds,04n
2025-07-18 01:38:06,Kien Giang-Rach Gia,Rach Gia,28.43,28.43,28.43,82.0,33.57,10000.0,0.0,100.0,6.83,11.58,265.0,1007.0,0,804,Clouds,overcast clouds,04n
2025-07-18 01:40:00,Kien Giang-Rach Gia,Rach Gia,28.43,28.43,28.43,82.0,33.57,10000.0,0.0,100.0,6.83,11.58,265.0,1007.0,0,804,Clouds,overcast clouds,04n
2025-07-18 01:41:58,Kien Giang-Rach Gia,Rach Gia,28.43,28.43,28.43,82.0,33.57,10000.0,0.0,100.0,6.83,11.58,265.0,1007.0,0,804,Clouds,overcast clouds,04n
2025-07-18 01:43:53,Kien Giang-Rach Gia,Rach Gia,28.43,28.43,28.43,82.0,33.57,10000.0,0.0,100.0,6.83,11.58,265.0,1007.0,0,804,Clouds,overcast clouds,04n
2025-07-18 01:45:48,Kien Giang-Rach Gia,Rach Gia,28.43,28.43,28.43,82.0,33.57,10000.0,0.0,100.0,6.83,11.58,265.0,1007.0,0,804,Clouds,overcast clouds,04n
2025-07-18 01:47:44,Kien Giang-Rach Gia,Rach Gia,28.43,28.43,28.43,82.0,33.57,10000.0,0.0,100.0,6.83,11.58,265.0,1007.0,0,804,Clouds,overcast clouds,04n
2025-07-18 01:49:41,Kien Giang-Rach Gia,Rach Gia,28.44,28.44,28.44,82.0,33.6,10000.0,0.0,100.0,6.83,11.58,265.0,1007.0,0,804,Clouds,overcast clouds,04n
2025-07-18 01:51:35,Kien Giang-Rach Gia,Rach Gia,28.44,28.44,28.44,82.0,33.6,10000.0,0.0,100.0,6.83,11.58,265.0,1007.0,0,804,Clouds,overcast clouds,04n
2025-07-18 01:53:30,Kien Giang-Rach Gia,Rach Gia,28.44,28.44,28.44,82.0,33.6,10000.0,0.0,100.0,6.83,11.58,265.0,1007.0,0,804,Clouds,overcast clouds,04n
2025-07-18 01:55:24,Kien Giang-Rach Gia,Rach Gia,28.44,28.44,28.44,82.0,33.6,10000.0,0.0,100.0,6.83,11.58,265.0,1007.0,0,804,Clouds,overcast clouds,04n
2025-07-18 01:57:19,Kien Giang-Rach Gia,Rach Gia,28.44,28.44,28.44,82.0,33.6,10000.0,0.0,100.0,6.83,11.58,265.0,1007.0,0,804,Clouds,overcast clouds,04n
2025-07-18 01:59:13,Kien Giang-Rach Gia,Rach Gia,28.44,28.44,28.44,82.0,33.6,10000.0,0.0,100.0,6.83,11.58,265.0,1007.0,0,804,Clouds,overcast clouds,04n
2025-07-18 02:03:01,Kien Giang-Rach Gia,Rach Gia,28.44,28.44,28.44,82.0,33.6,10000.0,0.0,100.0,6.83,11.58,265.0,1007.0,0,804,Clouds,overcast clouds,04n
2025-07-18 02:04:56,Kien Giang-Rach Gia,Rach Gia,28.44,28.44,28.44,82.0,33.6,10000.0,0.0,100.0,6.83,11.58,265.0,1007.0,0,804,Clouds,overcast clouds,04n
2025-07-18 02:06:53,Kien Giang-Rach Gia,Rach Gia,28.41,28.41,28.41,82.0,33.51,10000.0,0.0,100.0,6.83,11.58,265.0,1007.0,0,804,Clouds,overcast clouds,04n
2025-07-18 02:08:50,Kien Giang-Rach Gia,Rach Gia,28.41,28.41,28.41,82.0,33.51,10000.0,0.0,100.0,6.83,11.58,265.0,1007.0,0,804,Clouds,overcast clouds,04n
2025-07-18 02:10:45,Kien Giang-Rach Gia,Rach Gia,28.41,28.41,28.41,82.0,33.51,10000.0,0.0,100.0,6.83,11.58,265.0,1007.0,0,804,Clouds,overcast clouds,04n
2025-07-18 02:12:40,Kien Giang-Rach Gia,Rach Gia,28.41,28.41,28.41,82.0,33.51,10000.0,0.0,100.0,6.83,11.58,265.0,1007.0,0,804,Clouds,overcast clouds,04n
2025-07-18 02:14:34,Kien Giang-Rach Gia,Rach Gia,28.41,28.41,28.41,82.0,33.51,10000.0,0.0,100.0,6.83,11.58,265.0,1007.0,0,804,Clouds,overcast clouds,04n
2025-07-18 02:16:30,Kien Giang-Rach Gia,Rach Gia,28.41,28.41,28.41,82.0,33.51,10000.0,0.0,100.0,6.83,11.58,265.0,1007.0,0,804,Clouds,overcast clouds,04n
2025-07-18 02:18:26,Kien Giang-Rach Gia,Rach Gia,28.41,28.41,28.41,82.0,33.51,10000.0,0.0,100.0,6.83,11.58,265.0,1007.0,0,804,Clouds,overcast clouds,04n
2025-07-18 02:20:21,Kien Giang-Rach Gia,Rach Gia,28.41,28.41,28.41,82.0,33.51,10000.0,0.0,100.0,6.83,11.58,265.0,1007.0,0,804,Clouds,overcast clouds,04n
2025-07-18 02:22:16,Kien Giang-Rach Gia,Rach Gia,28.41,28.41,28.41,82.0,33.51,10000.0,0.0,100.0,6.83,11.58,265.0,1007.0,0,804,Clouds,overcast clouds,04n
2025-07-18 02:24:11,Kien Giang-Rach Gia,Rach Gia,28.41,28.41,28.41,82.0,33.51,10000.0,0.0,100.0,6.83,11.58,265.0,1007.0,0,804,Clouds,overcast clouds,04n
2025-07-18 02:26:06,Kien Giang-Rach Gia,Rach Gia,28.41,28.41,28.41,82.0,33.51,10000.0,0.0,100.0,6.83,11.58,265.0,1007.0,0,804,Clouds,overcast clouds,04n
2025-07-18 02:28:02,Kien Giang-Rach Gia,Rach Gia,28.41,28.41,28.41,82.0,33.51,10000.0,0.0,100.0,6.83,11.58,265.0,1007.0,0,804,Clouds,overcast clouds,04n
2025-07-18 02:29:56,Kien Giang-Rach Gia,Rach Gia,28.41,28.41,28.41,82.0,33.51,10000.0,0.0,100.0,6.83,11.58,265.0,1007.0,0,804,Clouds,overcast clouds,04n
2025-07-18 02:31:53,Kien Giang-Rach Gia,Rach Gia,28.51,28.51,28.51,81.0,33.6,10000.0,0.0,100.0,6.57,10.95,263.0,1006.0,0,804,Clouds,overcast clouds,04n
2025-07-18 02:33:47,Kien Giang-Rach Gia,Rach Gia,28.41,28.41,28.41,82.0,33.51,10000.0,0.0,100.0,6.83,11.58,265.0,1007.0,0,804,Clouds,overcast clouds,04n
2025-07-18 02:35:41,Kien Giang-Rach Gia,Rach Gia,28.41,28.41,28.41,82.0,33.51,10000.0,0.0,100.0,6.83,11.58,265.0,1007.0,0,804,Clouds,overcast clouds,04n
2025-07-18 02:37:36,Kien Giang-Rach Gia,Rach Gia,28.41,28.41,28.41,82.0,33.51,10000.0,0.0,100.0,6.83,11.58,265.0,1007.0,0,804,Clouds,overcast clouds,04n
2025-07-18 02:39:31,Kien Giang-Rach Gia,Rach Gia,28.41,28.41,28.41,82.0,33.51,10000.0,0.0,100.0,6.83,11.58,265.0,1007.0,0,804,Clouds,overcast clouds,04n
2025-07-18 02:41:27,Kien Giang-Rach Gia,Rach Gia,28.51,28.51,28.51,81.0,33.6,10000.0,0.0,100.0,6.57,10.95,263.0,1006.0,0,804,Clouds,overcast clouds,04n
2025-07-18 02:43:21,Kien Giang-Rach Gia,Rach Gia,28.51,28.51,28.51,81.0,33.6,10000.0,0.0,100.0,6.57,10.95,263.0,1006.0,0,804,Clouds,overcast clouds,04n
2025-07-18 02:45:17,Kien Giang-Rach Gia,Rach Gia,28.51,28.51,28.51,81.0,33.6,10000.0,0.0,100.0,6.57,10.95,263.0,1006.0,0,804,Clouds,overcast clouds,04n
2025-07-18 02:47:13,Kien Giang-Rach Gia,Rach Gia,28.51,28.51,28.51,81.0,33.6,10000.0,0.0,100.0,6.57,10.95,263.0,1006.0,0,804,Clouds,overcast clouds,04n
2025-07-18 02:49:08,Kien Giang-Rach Gia,Rach Gia,28.51,28.51,28.51,81.0,33.6,10000.0,0.0,100.0,6.57,10.95,263.0,1006.0,0,804,Clouds,overcast clouds,04n
2025-07-18 02:51:03,Kien Giang-Rach Gia,Rach Gia,28.51,28.51,28.51,81.0,33.6,10000.0,0.0,100.0,6.57,10.95,263.0,1006.0,0,804,Clouds,overcast clouds,04n
2025-07-18 02:53:00,Kien Giang-Rach Gia,Rach Gia,28.51,28.51,28.51,81.0,33.6,10000.0,0.0,100.0,6.57,10.95,263.0,1006.0,0,804,Clouds,overcast clouds,04n
2025-07-18 02:54:54,Kien Giang-Rach Gia,Rach Gia,28.51,28.51,28.51,81.0,33.6,10000.0,0.0,100.0,6.57,10.95,263.0,1006.0,0,804,Clouds,overcast clouds,04n
2025-07-18 02:56:49,Kien Giang-Rach Gia,Rach Gia,28.51,28.51,28.51,81.0,33.6,10000.0,0.0,100.0,6.57,10.95,263.0,1006.0,0,804,Clouds,overcast clouds,04n
2025-07-18 02:58:44,Kien Giang-Rach Gia,Rach Gia,28.51,28.51,28.51,81.0,33.6,10000.0,0.0,100.0,6.57,10.95,263.0,1006.0,0,804,Clouds,overcast clouds,04n
2025-07-18 03:02:32,Kien Giang-Rach Gia,Rach Gia,28.49,28.49,28.49,81.0,33.54,10000.0,0.0,100.0,6.57,10.95,263.0,1006.0,0,804,Clouds,overcast clouds,04n
2025-07-18 03:04:26,Kien Giang-Rach Gia,Rach Gia,28.49,28.49,28.49,81.0,33.54,10000.0,0.0,100.0,6.57,10.95,263.0,1006.0,0,804,Clouds,overcast clouds,04n
2025-07-18 03:06:21,Kien Giang-Rach Gia,Rach Gia,28.49,28.49,28.49,81.0,33.54,10000.0,0.0,100.0,6.57,10.95,263.0,1006.0,0,804,Clouds,overcast clouds,04n
2025-07-18 03:08:16,Kien Giang-Rach Gia,Rach Gia,28.49,28.49,28.49,81.0,33.54,10000.0,0.0,100.0,6.57,10.95,263.0,1006.0,0,804,Clouds,overcast clouds,04n
2025-07-18 03:10:12,Kien Giang-Rach Gia,Rach Gia,28.49,28.49,28.49,81.0,33.54,10000.0,0.0,100.0,6.57,10.95,263.0,1006.0,0,804,Clouds,overcast clouds,04n
2025-07-18 03:12:08,Kien Giang-Rach Gia,Rach Gia,28.49,28.49,28.49,81.0,33.54,10000.0,0.0,100.0,6.57,10.95,263.0,1006.0,0,804,Clouds,overcast clouds,04n
2025-07-18 03:14:02,Kien Giang-Rach Gia,Rach Gia,28.49,28.49,28.49,81.0,33.54,10000.0,0.0,100.0,6.57,10.95,263.0,1006.0,0,804,Clouds,overcast clouds,04n
2025-07-18 03:15:59,Kien Giang-Rach Gia,Rach Gia,28.49,28.49,28.49,81.0,33.54,10000.0,0.0,100.0,6.57,10.95,263.0,1006.0,0,804,Clouds,overcast clouds,04n
2025-07-18 03:17:58,Kien Giang-Rach Gia,Rach Gia,28.49,28.49,28.49,81.0,33.54,10000.0,0.0,100.0,6.57,10.95,263.0,1006.0,0,804,Clouds,overcast clouds,04n
2025-07-18 03:19:59,Kien Giang-Rach Gia,Rach Gia,28.49,28.49,28.49,81.0,33.54,10000.0,0.0,100.0,6.57,10.95,263.0,1006.0,0,804,Clouds,overcast clouds,04n
2025-07-18 03:22:13,Kien Giang-Rach Gia,Rach Gia,28.49,28.49,28.49,81.0,33.54,10000.0,0.0,100.0,6.57,10.95,263.0,1006.0,0,804,Clouds,overcast clouds,04n
2025-07-18 03:24:12,Kien Giang-Rach Gia,Rach Gia,28.49,28.49,28.49,81.0,33.54,10000.0,0.0,100.0,6.57,10.95,263.0,1006.0,0,804,Clouds,overcast clouds,04n
2025-07-18 03:26:17,Kien Giang-Rach Gia,Rach Gia,28.49,28.49,28.49,81.0,33.54,10000.0,0.0,100.0,6.57,10.95,263.0,1006.0,0,804,Clouds,overcast clouds,04n
2025-07-18 03:28:16,Kien Giang-Rach Gia,Rach Gia,28.49,28.49,28.49,81.0,33.54,10000.0,0.0,100.0,6.57,10.95,263.0,1006.0,0,804,Clouds,overcast clouds,04n
2025-07-18 03:34:03,Kien Giang-Rach Gia,Rach Gia,28.33,28.33,28.33,80.0,32.94,10000.0,0.0,100.0,7.12,10.91,266.0,1006.0,0,804,Clouds,overcast clouds,04n
2025-07-18 03:36:03,Kien Giang-Rach Gia,Rach Gia,28.33,28.33,28.33,80.0,32.94,10000.0,0.0,100.0,7.12,10.91,266.0,1006.0,0,804,Clouds,overcast clouds,04n
2025-07-18 03:38:16,Kien Giang-Rach Gia,Rach Gia,28.33,28.33,28.33,80.0,32.94,10000.0,0.0,100.0,7.12,10.91,266.0,1006.0,0,804,Clouds,overcast clouds,04n
2025-07-18 03:40:24,Kien Giang-Rach Gia,Rach Gia,28.33,28.33,28.33,80.0,32.94,10000.0,0.0,100.0,7.12,10.91,266.0,1006.0,0,804,Clouds,overcast clouds,04n
2025-07-18 03:42:23,Kien Giang-Rach Gia,Rach Gia,28.33,28.33,28.33,80.0,32.94,10000.0,0.0,100.0,7.12,10.91,266.0,1006.0,0,804,Clouds,overcast clouds,04n
2025-07-18 03:44:23,Kien Giang-Rach Gia,Rach Gia,28.33,28.33,28.33,80.0,32.94,10000.0,0.0,100.0,7.12,10.91,266.0,1006.0,0,804,Clouds,overcast clouds,04n
2025-07-18 03:46:22,Kien Giang-Rach Gia,Rach Gia,28.33,28.33,28.33,80.0,32.94,10000.0,0.0,100.0,7.12,10.91,266.0,1006.0,0,804,Clouds,overcast clouds,04n
2025-07-18 03:48:19,Kien Giang-Rach Gia,Rach Gia,28.34,28.34,28.34,80.0,32.97,10000.0,0.0,100.0,7.12,10.91,266.0,1006.0,0,804,Clouds,overcast clouds,04n
2025-07-18 03:50:31,Kien Giang-Rach Gia,Rach Gia,28.34,28.34,28.34,80.0,32.97,10000.0,0.0,100.0,7.12,10.91,266.0,1006.0,0,804,Clouds,overcast clouds,04n
2025-07-18 03:52:34,Kien Giang-Rach Gia,Rach Gia,28.34,28.34,28.34,80.0,32.97,10000.0,0.0,100.0,7.12,10.91,266.0,1006.0,0,804,Clouds,overcast clouds,04n
2025-07-18 03:54:34,Kien Giang-Rach Gia,Rach Gia,28.34,28.34,28.34,80.0,32.97,10000.0,0.0,100.0,7.12,10.91,266.0,1006.0,0,804,Clouds,overcast clouds,04n
2025-07-18 03:56:32,Kien Giang-Rach Gia,Rach Gia,28.34,28.34,28.34,80.0,32.97,10000.0,0.0,100.0,7.12,10.91,266.0,1006.0,0,804,Clouds,overcast clouds,04n
2025-07-18 03:58:29,Kien Giang-Rach Gia,Rach Gia,28.34,28.34,28.34,80.0,32.97,10000.0,0.0,100.0,7.12,10.91,266.0,1006.0,0,804,Clouds,overcast clouds,04n
2025-07-18 04:01:17,Kien Giang-Rach Gia,Rach Gia,28.32,28.32,28.32,80.0,32.91,10000.0,0.0,100.0,7.12,10.91,266.0,1006.0,0,804,Clouds,overcast clouds,04n
2025-07-18 04:05:57,Kien Giang-Rach Gia,Rach Gia,28.32,28.32,28.32,80.0,32.91,10000.0,0.0,100.0,7.12,10.91,266.0,1006.0,0,804,Clouds,overcast clouds,04n
2025-07-18 04:07:56,Kien Giang-Rach Gia,Rach Gia,28.32,28.32,28.32,80.0,32.91,10000.0,0.0,100.0,7.12,10.91,266.0,1006.0,0,804,Clouds,overcast clouds,04n
2025-07-18 04:09:59,Kien Giang-Rach Gia,Rach Gia,28.32,28.32,28.32,80.0,32.91,10000.0,0.0,100.0,7.12,10.91,266.0,1006.0,0,804,Clouds,overcast clouds,04n
2025-07-18 04:12:27,Kien Giang-Rach Gia,Rach Gia,28.32,28.32,28.32,80.0,32.91,10000.0,0.0,100.0,7.12,10.91,266.0,1006.0,0,804,Clouds,overcast clouds,04n
2025-07-18 04:14:41,Kien Giang-Rach Gia,Rach Gia,28.32,28.32,28.32,80.0,32.91,10000.0,0.0,100.0,7.12,10.91,266.0,1006.0,0,804,Clouds,overcast clouds,04n
2025-07-18 04:16:43,Kien Giang-Rach Gia,Rach Gia,28.32,28.32,28.32,80.0,32.91,10000.0,0.0,100.0,7.12,10.91,266.0,1006.0,0,804,Clouds,overcast clouds,04n
2025-07-18 04:18:57,Kien Giang-Rach Gia,Rach Gia,28.32,28.32,28.32,80.0,32.91,10000.0,0.0,100.0,7.12,10.91,266.0,1006.0,0,804,Clouds,overcast clouds,04n
2025-07-18 04:21:27,Kien Giang-Rach Gia,Rach Gia,28.32,28.32,28.32,80.0,32.91,10000.0,0.0,100.0,7.12,10.91,266.0,1006.0,0,804,Clouds,overcast clouds,04n
2025-07-18 04:23:32,Kien Giang-Rach Gia,Rach Gia,28.32,28.32,28.32,80.0,32.91,10000.0,0.0,100.0,7.12,10.91,266.0,1006.0,0,804,Clouds,overcast clouds,04n
2025-07-18 04:25:43,Kien Giang-Rach Gia,Rach Gia,28.32,28.32,28.32,80.0,32.91,10000.0,0.0,100.0,7.12,10.91,266.0,1006.0,0,804,Clouds,overcast clouds,04n
2025-07-18 04:27:41,Kien Giang-Rach Gia,Rach Gia,28.32,28.32,28.32,80.0,32.91,10000.0,0.0,100.0,7.12,10.91,266.0,1006.0,0,804,Clouds,overcast clouds,04n
2025-07-18 04:29:39,Kien Giang-Rach Gia,Rach Gia,28.32,28.32,28.32,80.0,32.91,10000.0,0.0,100.0,7.12,10.91,266.0,1006.0,0,804,Clouds,overcast clouds,04n
2025-07-18 04:31:38,Kien Giang-Rach Gia,Rach Gia,28.32,28.32,28.32,80.0,32.91,10000.0,0.0,100.0,7.12,10.91,266.0,1006.0,0,804,Clouds,overcast clouds,04n
2025-07-18 04:33:50,Kien Giang-Rach Gia,Rach Gia,28.32,28.32,28.32,80.0,32.91,10000.0,0.0,100.0,7.12,10.91,266.0,1006.0,0,804,Clouds,overcast clouds,04n
2025-07-18 04:36:02,Kien Giang-Rach Gia,Rach Gia,28.32,28.32,28.32,80.0,32.91,10000.0,0.0,100.0,7.12,10.91,266.0,1006.0,0,804,Clouds,overcast clouds,04n
2025-07-18 04:38:17,Kien Giang-Rach Gia,Rach Gia,28.37,28.37,28.37,80.0,33.04,8376.0,0.0,100.0,6.81,10.47,270.0,1006.0,0,804,Clouds,overcast clouds,04n
2025-07-18 04:40:19,Kien Giang-Rach Gia,Rach Gia,28.37,28.37,28.37,80.0,33.04,8376.0,0.0,100.0,6.81,10.47,270.0,1006.0,0,804,Clouds,overcast clouds,04n
2025-07-18 04:42:17,Kien Giang-Rach Gia,Rach Gia,28.37,28.37,28.37,80.0,33.04,8376.0,0.0,100.0,6.81,10.47,270.0,1006.0,0,804,Clouds,overcast clouds,04n
2025-07-18 04:44:24,Kien Giang-Rach Gia,Rach Gia,28.37,28.37,28.37,80.0,33.04,8376.0,0.0,100.0,6.81,10.47,270.0,1006.0,0,804,Clouds,overcast clouds,04n
2025-07-18 04:46:24,Kien Giang-Rach Gia,Rach Gia,28.37,28.37,28.37,80.0,33.04,8376.0,0.0,100.0,6.81,10.47,270.0,1006.0,0,804,Clouds,overcast clouds,04n
2025-07-18 04:48:22,Kien Giang-Rach Gia,Rach Gia,28.37,28.37,28.37,80.0,33.04,8376.0,0.0,100.0,6.81,10.47,270.0,1006.0,0,804,Clouds,overcast clouds,04n
2025-07-18 04:50:30,Kien Giang-Rach Gia,Rach Gia,28.37,28.37,28.37,80.0,33.04,8376.0,0.0,100.0,6.81,10.47,270.0,1006.0,0,804,Clouds,overcast clouds,04n
2025-07-18 04:52:36,Kien Giang-Rach Gia,Rach Gia,28.37,28.37,28.37,80.0,33.04,8376.0,0.0,100.0,6.81,10.47,270.0,1006.0,0,804,Clouds,overcast clouds,04n
2025-07-18 04:54:51,Kien Giang-Rach Gia,Rach Gia,28.37,28.37,28.37,80.0,33.04,8376.0,0.0,100.0,6.81,10.47,270.0,1006.0,0,804,Clouds,overcast clouds,04n
2025-07-18 05:10:53,Kien Giang-Rach Gia,Rach Gia,28.35,28.35,28.35,80.0,32.99,8376.0,0.0,100.0,6.81,10.47,270.0,1006.0,0,804,Clouds,overcast clouds,04n
2025-07-18 05:15:18,Kien Giang-Rach Gia,Rach Gia,28.35,28.35,28.35,80.0,32.99,8376.0,0.0,100.0,6.81,10.47,270.0,1006.0,0,804,Clouds,overcast clouds,04n
2025-07-18 05:17:18,Kien Giang-Rach Gia,Rach Gia,28.35,28.35,28.35,80.0,32.99,8376.0,0.0,100.0,6.81,10.47,270.0,1006.0,0,804,Clouds,overcast clouds,04n
2025-07-18 05:21:52,Kien Giang-Rach Gia,Rach Gia,28.35,28.35,28.35,80.0,32.99,8376.0,0.0,100.0,6.81,10.47,270.0,1006.0,0,804,Clouds,overcast clouds,04n
2025-07-18 05:23:54,Kien Giang-Rach Gia,Rach Gia,28.35,28.35,28.35,80.0,32.99,8376.0,0.0,100.0,6.81,10.47,270.0,1006.0,0,804,Clouds,overcast clouds,04n
2025-07-18 05:25:52,Kien Giang-Rach Gia,Rach Gia,28.35,28.35,28.35,80.0,32.99,8376.0,0.0,100.0,6.81,10.47,270.0,1006.0,0,804,Clouds,overcast clouds,04n
2025-07-18 05:27:50,Kien Giang-Rach Gia,Rach Gia,28.35,28.35,28.35,80.0,32.99,8376.0,0.0,100.0,6.81,10.47,270.0,1006.0,0,804,Clouds,overcast clouds,04n
2025-07-18 05:29:51,Kien Giang-Rach Gia,Rach Gia,28.35,28.35,28.35,80.0,32.99,8376.0,0.0,100.0,6.81,10.47,270.0,1006.0,0,804,Clouds,overcast clouds,04n
2025-07-18 05:31:51,Kien Giang-Rach Gia,Rach Gia,28.35,28.35,28.35,80.0,32.99,8376.0,0.0,100.0,6.81,10.47,270.0,1006.0,0,804,Clouds,overcast clouds,04n
2025-07-18 05:33:48,Kien Giang-Rach Gia,Rach Gia,28.34,28.34,28.34,81.0,33.14,10000.0,0.0,100.0,6.93,10.52,275.0,1007.0,0,804,Clouds,overcast clouds,04n
2025-07-18 05:35:46,Kien Giang-Rach Gia,Rach Gia,28.35,28.35,28.35,80.0,32.99,8376.0,0.0,100.0,6.81,10.47,270.0,1006.0,0,804,Clouds,overcast clouds,04n
2025-07-18 05:37:44,Kien Giang-Rach Gia,Rach Gia,28.35,28.35,28.35,80.0,32.99,8376.0,0.0,100.0,6.81,10.47,270.0,1006.0,0,804,Clouds,overcast clouds,04n
2025-07-18 05:39:44,Kien Giang-Rach Gia,Rach Gia,28.35,28.35,28.35,80.0,32.99,8376.0,0.0,100.0,6.81,10.47,270.0,1006.0,0,804,Clouds,overcast clouds,04n
2025-07-18 05:41:42,Kien Giang-Rach Gia,Rach Gia,28.34,28.34,28.34,81.0,33.14,10000.0,0.0,100.0,6.93,10.52,275.0,1007.0,0,804,Clouds,overcast clouds,04n
2025-07-18 05:43:40,Kien Giang-Rach Gia,Rach Gia,28.34,28.34,28.34,81.0,33.14,10000.0,0.0,100.0,6.93,10.52,275.0,1007.0,0,804,Clouds,overcast clouds,04n
2025-07-18 05:45:38,Kien Giang-Rach Gia,Rach Gia,28.34,28.34,28.34,81.0,33.14,10000.0,0.0,100.0,6.93,10.52,275.0,1007.0,0,804,Clouds,overcast clouds,04n
2025-07-18 06:43:55,Kien Giang-Rach Gia,Rach Gia,28.26,28.26,28.26,80.0,32.76,10000.0,0.0,100.0,6.74,9.99,272.0,1008.0,1,804,Clouds,overcast clouds,04d
2025-07-18 07:44:52,Kien Giang-Rach Gia,Rach Gia,28.76,28.76,28.76,76.0,33.3,10000.0,0.0,100.0,7.27,9.84,272.0,1008.0,1,804,Clouds,overcast clouds,04d
2025-07-18 08:44:27,Kien Giang-Rach Gia,Rach Gia,29.02,29.02,29.02,74.0,33.54,10000.0,0.0,100.0,7.56,10.13,276.0,1009.0,1,804,Clouds,overcast clouds,04d
2025-07-18 08:48:59,Kien Giang-Rach Gia,Rach Gia,29.02,29.02,29.02,74.0,33.54,10000.0,0.0,100.0,7.56,10.13,276.0,1009.0,1,804,Clouds,overcast clouds,04d
2025-07-18 08:51:43,Kien Giang-Rach Gia,Rach Gia,29.02,29.02,29.02,74.0,33.54,10000.0,0.0,100.0,7.56,10.13,276.0,1009.0,1,804,Clouds,overcast clouds,04d
2025-07-18 08:56:40,Kien Giang-Rach Gia,Rach Gia,29.03,29.03,29.03,74.0,33.57,10000.0,0.0,100.0,7.56,10.13,276.0,1009.0,1,804,Clouds,overcast clouds,04d
2025-07-18 08:58:49,Kien Giang-Rach Gia,Rach Gia,29.03,29.03,29.03,74.0,33.57,10000.0,0.0,100.0,7.56,10.13,276.0,1009.0,1,804,Clouds,overcast clouds,04d
2025-07-18 09:01:02,Kien Giang-Rach Gia,Rach Gia,29.03,29.03,29.03,74.0,33.57,10000.0,0.0,100.0,7.56,10.13,276.0,1009.0,1,804,Clouds,overcast clouds,04d
2025-07-18 09:21:46,Kien Giang-Rach Gia,Rach Gia,29.0,29.0,29.0,74.0,33.49,10000.0,0.0,100.0,7.56,10.13,276.0,1009.0,1,804,Clouds,overcast clouds,04d
2025-07-18 09:34:09,Kien Giang-Rach Gia,Rach Gia,29.33,29.33,29.33,73.0,34.09,10000.0,0.0,100.0,7.52,10.18,273.0,1009.0,1,804,Clouds,overcast clouds,04d
2025-07-18 09:36:47,Kien Giang-Rach Gia,Rach Gia,29.33,29.33,29.33,73.0,34.09,10000.0,0.0,100.0,7.52,10.18,273.0,1009.0,1,804,Clouds,overcast clouds,04d
2025-07-18 09:41:49,Kien Giang-Rach Gia,Rach Gia,29.33,29.33,29.33,73.0,34.09,10000.0,0.0,100.0,7.52,10.18,273.0,1009.0,1,804,Clouds,overcast clouds,04d
2025-07-18 09:43:48,Kien Giang-Rach Gia,Rach Gia,29.33,29.33,29.33,73.0,34.09,10000.0,0.0,100.0,7.52,10.18,273.0,1009.0,1,804,Clouds,overcast clouds,04d
2025-07-18 09:45:48,Kien Giang-Rach Gia,Rach Gia,29.33,29.33,29.33,73.0,34.09,10000.0,0.0,100.0,7.52,10.18,273.0,1009.0,1,804,Clouds,overcast clouds,04d
2025-07-18 09:48:15,Kien Giang-Rach Gia,Rach Gia,29.34,29.34,29.34,73.0,34.11,10000.0,0.0,100.0,7.52,10.18,273.0,1009.0,1,804,Clouds,overcast clouds,04d
2025-07-18 09:50:38,Kien Giang-Rach Gia,Rach Gia,29.33,29.33,29.33,73.0,34.09,10000.0,0.0,100.0,7.52,10.18,273.0,1009.0,1,804,Clouds,overcast clouds,04d
2025-07-18 09:52:45,Kien Giang-Rach Gia,Rach Gia,29.33,29.33,29.33,73.0,34.09,10000.0,0.0,100.0,7.52,10.18,273.0,1009.0,1,804,Clouds,overcast clouds,04d
2025-07-18 09:54:44,Kien Giang-Rach Gia,Rach Gia,29.33,29.33,29.33,73.0,34.09,10000.0,0.0,100.0,7.52,10.18,273.0,1009.0,1,804,Clouds,overcast clouds,04d
2025-07-18 09:56:46,Kien Giang-Rach Gia,Rach Gia,29.34,29.34,29.34,73.0,34.11,10000.0,0.0,100.0,7.52,10.18,273.0,1009.0,1,804,Clouds,overcast clouds,04d
2025-07-18 09:58:45,Kien Giang-Rach Gia,Rach Gia,29.34,29.34,29.34,73.0,34.11,10000.0,0.0,100.0,7.52,10.18,273.0,1009.0,1,804,Clouds,overcast clouds,04d
2025-07-18 10:00:43,Kien Giang-Rach Gia,Rach Gia,29.34,29.34,29.34,73.0,34.11,10000.0,0.0,100.0,7.52,10.18,273.0,1009.0,1,804,Clouds,overcast clouds,04d
2025-07-18 10:02:46,Kien Giang-Rach Gia,Rach Gia,29.3,29.3,29.3,73.0,34.02,10000.0,0.0,100.0,7.52,10.18,273.0,1009.0,1,804,Clouds,overcast clouds,04d
2025-07-18 10:05:13,Kien Giang-Rach Gia,Rach Gia,29.3,29.3,29.3,73.0,34.02,10000.0,0.0,100.0,7.52,10.18,273.0,1009.0,1,804,Clouds,overcast clouds,04d
2025-07-18 10:07:27,Kien Giang-Rach Gia,Rach Gia,29.3,29.3,29.3,73.0,34.02,10000.0,0.0,100.0,7.52,10.18,273.0,1009.0,1,804,Clouds,overcast clouds,04d
2025-07-18 10:09:25,Kien Giang-Rach Gia,Rach Gia,29.3,29.3,29.3,73.0,34.02,10000.0,0.0,100.0,7.52,10.18,273.0,1009.0,1,804,Clouds,overcast clouds,04d
2025-07-18 10:11:45,Kien Giang-Rach Gia,Rach Gia,29.3,29.3,29.3,73.0,34.02,10000.0,0.0,100.0,7.52,10.18,273.0,1009.0,1,804,Clouds,overcast clouds,04d
2025-07-18 10:13:48,Kien Giang-Rach Gia,Rach Gia,29.3,29.3,29.3,73.0,34.02,10000.0,0.0,100.0,7.52,10.18,273.0,1009.0,1,804,Clouds,overcast clouds,04d
2025-07-18 10:15:52,Kien Giang-Rach Gia,Rach Gia,29.3,29.3,29.3,73.0,34.02,10000.0,0.0,100.0,7.52,10.18,273.0,1009.0,1,804,Clouds,overcast clouds,04d
2025-07-18 10:17:53,Kien Giang-Rach Gia,Rach Gia,29.3,29.3,29.3,73.0,34.02,10000.0,0.0,100.0,7.52,10.18,273.0,1009.0,1,804,Clouds,overcast clouds,04d
2025-07-18 10:19:53,Kien Giang-Rach Gia,Rach Gia,29.3,29.3,29.3,73.0,34.02,10000.0,0.0,100.0,7.52,10.18,273.0,1009.0,1,804,Clouds,overcast clouds,04d
2025-07-18 10:21:53,Kien Giang-Rach Gia,Rach Gia,29.3,29.3,29.3,73.0,34.02,10000.0,0.0,100.0,7.52,10.18,273.0,1009.0,1,804,Clouds,overcast clouds,04d
2025-07-18 10:23:54,Kien Giang-Rach Gia,Rach Gia,29.3,29.3,29.3,73.0,34.02,10000.0,0.0,100.0,7.52,10.18,273.0,1009.0,1,804,Clouds,overcast clouds,04d
2025-07-18 10:25:53,Kien Giang-Rach Gia,Rach Gia,29.3,29.3,29.3,73.0,34.02,10000.0,0.0,100.0,7.52,10.18,273.0,1009.0,1,804,Clouds,overcast clouds,04d
2025-07-18 10:27:52,Kien Giang-Rach Gia,Rach Gia,29.3,29.3,29.3,73.0,34.02,10000.0,0.0,100.0,7.52,10.18,273.0,1009.0,1,804,Clouds,overcast clouds,04d
2025-07-18 10:29:50,Kien Giang-Rach Gia,Rach Gia,29.3,29.3,29.3,73.0,34.02,10000.0,0.0,100.0,7.52,10.18,273.0,1009.0,1,804,Clouds,overcast clouds,04d
2025-07-18 10:31:49,Kien Giang-Rach Gia,Rach Gia,29.3,29.3,29.3,73.0,34.02,10000.0,0.0,100.0,7.52,10.18,273.0,1009.0,1,804,Clouds,overcast clouds,04d
2025-07-18 10:33:52,Kien Giang-Rach Gia,Rach Gia,29.3,29.3,29.3,73.0,34.02,10000.0,0.0,100.0,7.52,10.18,273.0,1009.0,1,804,Clouds,overcast clouds,04d
2025-07-18 10:35:52,Kien Giang-Rach Gia,Rach Gia,29.3,29.3,29.3,73.0,34.02,10000.0,0.0,100.0,7.52,10.18,273.0,1009.0,1,804,Clouds,overcast clouds,04d
2025-07-18 10:37:53,Kien Giang-Rach Gia,Rach Gia,29.52,29.52,29.52,72.0,34.33,10000.0,0.0,97.0,8.04,11.14,273.0,1008.0,1,804,Clouds,overcast clouds,04d
2025-07-18 10:39:53,Kien Giang-Rach Gia,Rach Gia,29.52,29.52,29.52,72.0,34.33,10000.0,0.0,97.0,8.04,11.14,273.0,1008.0,1,804,Clouds,overcast clouds,04d
2025-07-18 10:41:54,Kien Giang-Rach Gia,Rach Gia,29.52,29.52,29.52,72.0,34.33,10000.0,0.0,97.0,8.04,11.14,273.0,1008.0,1,804,Clouds,overcast clouds,04d
2025-07-18 10:43:52,Kien Giang-Rach Gia,Rach Gia,29.52,29.52,29.52,72.0,34.33,10000.0,0.0,97.0,8.04,11.14,273.0,1008.0,1,804,Clouds,overcast clouds,04d
2025-07-18 10:45:52,Kien Giang-Rach Gia,Rach Gia,29.52,29.52,29.52,72.0,34.33,10000.0,0.0,97.0,8.04,11.14,273.0,1008.0,1,804,Clouds,overcast clouds,04d
2025-07-18 10:47:53,Kien Giang-Rach Gia,Rach Gia,29.44,29.44,29.44,72.0,34.14,10000.0,0.0,97.0,8.04,11.14,273.0,1008.0,1,804,Clouds,overcast clouds,04d
2025-07-18 10:49:55,Kien Giang-Rach Gia,Rach Gia,29.44,29.44,29.44,72.0,34.14,10000.0,0.0,97.0,8.04,11.14,273.0,1008.0,1,804,Clouds,overcast clouds,04d
2025-07-18 10:51:55,Kien Giang-Rach Gia,Rach Gia,29.52,29.52,29.52,72.0,34.33,10000.0,0.0,97.0,8.04,11.14,273.0,1008.0,1,804,Clouds,overcast clouds,04d
2025-07-18 10:53:55,Kien Giang-Rach Gia,Rach Gia,29.44,29.44,29.44,72.0,34.14,10000.0,0.0,97.0,8.04,11.14,273.0,1008.0,1,804,Clouds,overcast clouds,04d
2025-07-18 10:55:58,Kien Giang-Rach Gia,Rach Gia,29.44,29.44,29.44,72.0,34.14,10000.0,0.0,97.0,8.04,11.14,273.0,1008.0,1,804,Clouds,overcast clouds,04d
2025-07-18 10:58:03,Kien Giang-Rach Gia,Rach Gia,29.44,29.44,29.44,72.0,34.14,10000.0,0.0,97.0,8.04,11.14,273.0,1008.0,1,804,Clouds,overcast clouds,04d
2025-07-18 11:02:17,Kien Giang-Rach Gia,Rach Gia,29.44,29.44,29.44,72.0,34.14,10000.0,0.0,97.0,8.04,11.14,273.0,1008.0,1,804,Clouds,overcast clouds,04d
2025-07-18 11:04:20,Kien Giang-Rach Gia,Rach Gia,29.38,29.38,29.38,72.0,34.0,10000.0,0.0,97.0,8.04,11.14,273.0,1008.0,1,804,Clouds,overcast clouds,04d
2025-07-18 11:06:22,Kien Giang-Rach Gia,Rach Gia,29.38,29.38,29.38,72.0,34.0,10000.0,0.0,97.0,8.04,11.14,273.0,1008.0,1,804,Clouds,overcast clouds,04d
2025-07-18 11:08:26,Kien Giang-Rach Gia,Rach Gia,29.38,29.38,29.38,72.0,34.0,10000.0,0.0,97.0,8.04,11.14,273.0,1008.0,1,804,Clouds,overcast clouds,04d
2025-07-18 11:10:26,Kien Giang-Rach Gia,Rach Gia,29.38,29.38,29.38,72.0,34.0,10000.0,0.0,97.0,8.04,11.14,273.0,1008.0,1,804,Clouds,overcast clouds,04d
2025-07-18 11:12:24,Kien Giang-Rach Gia,Rach Gia,29.38,29.38,29.38,72.0,34.0,10000.0,0.0,97.0,8.04,11.14,273.0,1008.0,1,804,Clouds,overcast clouds,04d
2025-07-18 11:14:24,Kien Giang-Rach Gia,Rach Gia,29.38,29.38,29.38,72.0,34.0,10000.0,0.0,97.0,8.04,11.14,273.0,1008.0,1,804,Clouds,overcast clouds,04d
2025-07-18 11:16:25,Kien Giang-Rach Gia,Rach Gia,29.38,29.38,29.38,72.0,34.0,10000.0,0.0,97.0,8.04,11.14,273.0,1008.0,1,804,Clouds,overcast clouds,04d
2025-07-18 11:18:27,Kien Giang-Rach Gia,Rach Gia,29.38,29.38,29.38,72.0,34.0,10000.0,0.0,97.0,8.04,11.14,273.0,1008.0,1,804,Clouds,overcast clouds,04d
2025-07-18 11:20:28,Kien Giang-Rach Gia,Rach Gia,29.38,29.38,29.38,72.0,34.0,10000.0,0.0,97.0,8.04,11.14,273.0,1008.0,1,804,Clouds,overcast clouds,04d
2025-07-18 11:22:31,Kien Giang-Rach Gia,Rach Gia,29.38,29.38,29.38,72.0,34.0,10000.0,0.0,97.0,8.04,11.14,273.0,1008.0,1,804,Clouds,overcast clouds,04d
2025-07-18 11:24:31,Kien Giang-Rach Gia,Rach Gia,29.38,29.38,29.38,72.0,34.0,10000.0,0.0,97.0,8.04,11.14,273.0,1008.0,1,804,Clouds,overcast clouds,04d
2025-07-18 11:26:31,Kien Giang-Rach Gia,Rach Gia,29.38,29.38,29.38,72.0,34.0,10000.0,0.0,97.0,8.04,11.14,273.0,1008.0,1,804,Clouds,overcast clouds,04d
2025-07-18 11:28:32,Kien Giang-Rach Gia,Rach Gia,29.38,29.38,29.38,72.0,34.0,10000.0,0.0,97.0,8.04,11.14,273.0,1008.0,1,804,Clouds,overcast clouds,04d
2025-07-18 11:30:34,Kien Giang-Rach Gia,Rach Gia,29.38,29.38,29.38,72.0,34.0,10000.0,0.0,97.0,8.04,11.14,273.0,1008.0,1,804,Clouds,overcast clouds,04d
2025-07-18 11:32:36,Kien Giang-Rach Gia,Rach Gia,29.38,29.38,29.38,72.0,34.0,10000.0,0.0,97.0,8.04,11.14,273.0,1008.0,1,804,Clouds,overcast clouds,04d
2025-07-18 11:34:36,Kien Giang-Rach Gia,Rach Gia,29.38,29.38,29.38,72.0,34.0,10000.0,0.0,97.0,8.04,11.14,273.0,1008.0,1,804,Clouds,overcast clouds,04d
2025-07-18 11:36:35,Kien Giang-Rach Gia,Rach Gia,29.38,29.38,29.38,72.0,34.0,10000.0,0.0,97.0,8.04,11.14,273.0,1008.0,1,804,Clouds,overcast clouds,04d
2025-07-18 11:38:36,Kien Giang-Rach Gia,Rach Gia,29.73,29.73,29.73,70.0,34.39,10000.0,0.0,95.0,8.29,10.95,271.0,1007.0,1,804,Clouds,overcast clouds,04d
2025-07-18 11:40:38,Kien Giang-Rach Gia,Rach Gia,29.73,29.73,29.73,70.0,34.39,10000.0,0.0,95.0,8.29,10.95,271.0,1007.0,1,804,Clouds,overcast clouds,04d
2025-07-18 11:42:40,Kien Giang-Rach Gia,Rach Gia,29.73,29.73,29.73,70.0,34.39,10000.0,0.0,95.0,8.29,10.95,271.0,1007.0,1,804,Clouds,overcast clouds,04d
2025-07-18 11:44:41,Kien Giang-Rach Gia,Rach Gia,29.73,29.73,29.73,70.0,34.39,10000.0,0.0,95.0,8.29,10.95,271.0,1007.0,1,804,Clouds,overcast clouds,04d
2025-07-18 11:46:42,Kien Giang-Rach Gia,Rach Gia,29.73,29.73,29.73,70.0,34.39,10000.0,0.0,95.0,8.29,10.95,271.0,1007.0,1,804,Clouds,overcast clouds,04d
2025-07-18 11:48:42,Kien Giang-Rach Gia,Rach Gia,29.77,29.77,29.77,70.0,34.48,10000.0,0.0,95.0,8.29,10.95,271.0,1007.0,1,804,Clouds,overcast clouds,04d
2025-07-18 11:50:42,Kien Giang-Rach Gia,Rach Gia,29.77,29.77,29.77,70.0,34.48,10000.0,0.0,95.0,8.29,10.95,271.0,1007.0,1,804,Clouds,overcast clouds,04d
2025-07-18 11:52:45,Kien Giang-Rach Gia,Rach Gia,29.77,29.77,29.77,70.0,34.48,10000.0,0.0,95.0,8.29,10.95,271.0,1007.0,1,804,Clouds,overcast clouds,04d
2025-07-18 11:54:46,Kien Giang-Rach Gia,Rach Gia,29.77,29.77,29.77,70.0,34.48,10000.0,0.0,95.0,8.29,10.95,271.0,1007.0,1,804,Clouds,overcast clouds,04d
2025-07-18 11:56:49,Kien Giang-Rach Gia,Rach Gia,29.77,29.77,29.77,70.0,34.48,10000.0,0.0,95.0,8.29,10.95,271.0,1007.0,1,804,Clouds,overcast clouds,04d
2025-07-18 11:58:50,Kien Giang-Rach Gia,Rach Gia,29.77,29.77,29.77,70.0,34.48,10000.0,0.0,95.0,8.29,10.95,271.0,1007.0,1,804,Clouds,overcast clouds,04d
2025-07-18 12:00:51,Kien Giang-Rach Gia,Rach Gia,29.77,29.77,29.77,70.0,34.48,10000.0,0.0,95.0,8.29,10.95,271.0,1007.0,1,804,Clouds,overcast clouds,04d
2025-07-18 12:02:51,Kien Giang-Rach Gia,Rach Gia,29.77,29.77,29.77,70.0,34.48,10000.0,0.0,95.0,8.29,10.95,271.0,1007.0,1,804,Clouds,overcast clouds,04d
2025-07-18 12:04:54,Kien Giang-Rach Gia,Rach Gia,29.77,29.77,29.77,70.0,34.48,10000.0,0.0,95.0,8.29,10.95,271.0,1007.0,1,804,Clouds,overcast clouds,04d
2025-07-18 12:06:56,Kien Giang-Rach Gia,Rach Gia,29.75,29.75,29.75,70.0,34.44,10000.0,0.0,95.0,8.29,10.95,271.0,1007.0,1,804,Clouds,overcast clouds,04d
2025-07-18 12:08:58,Kien Giang-Rach Gia,Rach Gia,29.75,29.75,29.75,70.0,34.44,10000.0,0.0,95.0,8.29,10.95,271.0,1007.0,1,804,Clouds,overcast clouds,04d
2025-07-18 12:10:59,Kien Giang-Rach Gia,Rach Gia,29.75,29.75,29.75,70.0,34.44,10000.0,0.0,95.0,8.29,10.95,271.0,1007.0,1,804,Clouds,overcast clouds,04d
2025-07-18 12:13:02,Kien Giang-Rach Gia,Rach Gia,29.75,29.75,29.75,70.0,34.44,10000.0,0.0,95.0,8.29,10.95,271.0,1007.0,1,804,Clouds,overcast clouds,04d
2025-07-18 12:15:05,Kien Giang-Rach Gia,Rach Gia,29.75,29.75,29.75,70.0,34.44,10000.0,0.0,95.0,8.29,10.95,271.0,1007.0,1,804,Clouds,overcast clouds,04d
2025-07-18 12:17:11,Kien Giang-Rach Gia,Rach Gia,29.75,29.75,29.75,70.0,34.44,10000.0,0.0,95.0,8.29,10.95,271.0,1007.0,1,804,Clouds,overcast clouds,04d
2025-07-18 12:19:14,Kien Giang-Rach Gia,Rach Gia,29.75,29.75,29.75,70.0,34.44,10000.0,0.0,95.0,8.29,10.95,271.0,1007.0,1,804,Clouds,overcast clouds,04d
2025-07-18 12:21:18,Kien Giang-Rach Gia,Rach Gia,29.75,29.75,29.75,70.0,34.44,10000.0,0.0,95.0,8.29,10.95,271.0,1007.0,1,804,Clouds,overcast clouds,04d
2025-07-18 12:23:20,Kien Giang-Rach Gia,Rach Gia,29.75,29.75,29.75,70.0,34.44,10000.0,0.0,95.0,8.29,10.95,271.0,1007.0,1,804,Clouds,overcast clouds,04d
2025-07-18 12:25:20,Kien Giang-Rach Gia,Rach Gia,29.75,29.75,29.75,70.0,34.44,10000.0,0.0,95.0,8.29,10.95,271.0,1007.0,1,804,Clouds,overcast clouds,04d
2025-07-18 12:27:19,Kien Giang-Rach Gia,Rach Gia,29.75,29.75,29.75,70.0,34.44,10000.0,0.0,95.0,8.29,10.95,271.0,1007.0,1,804,Clouds,overcast clouds,04d
2025-07-18 12:29:21,Kien Giang-Rach Gia,Rach Gia,29.75,29.75,29.75,70.0,34.44,10000.0,0.0,95.0,8.29,10.95,271.0,1007.0,1,804,Clouds,overcast clouds,04d
2025-07-18 12:31:22,Kien Giang-Rach Gia,Rach Gia,29.75,29.75,29.75,70.0,34.44,10000.0,0.0,95.0,8.29,10.95,271.0,1007.0,1,804,Clouds,overcast clouds,04d
2025-07-18 12:33:23,Kien Giang-Rach Gia,Rach Gia,29.75,29.75,29.75,70.0,34.44,10000.0,0.0,95.0,8.29,10.95,271.0,1007.0,1,804,Clouds,overcast clouds,04d
2025-07-18 12:35:24,Kien Giang-Rach Gia,Rach Gia,29.75,29.75,29.75,70.0,34.44,10000.0,0.0,95.0,8.29,10.95,271.0,1007.0,1,804,Clouds,overcast clouds,04d
2025-07-18 12:37:25,Kien Giang-Rach Gia,Rach Gia,29.8,29.8,29.8,70.0,34.56,10000.0,0.0,82.0,7.95,10.36,267.0,1007.0,1,803,Clouds,broken clouds,04d
2025-07-18 12:39:27,Kien Giang-Rach Gia,Rach Gia,29.8,29.8,29.8,70.0,34.56,10000.0,0.0,82.0,7.95,10.36,267.0,1007.0,1,803,Clouds,broken clouds,04d
2025-07-18 12:41:31,Kien Giang-Rach Gia,Rach Gia,29.8,29.8,29.8,70.0,34.56,10000.0,0.0,82.0,7.95,10.36,267.0,1007.0,1,803,Clouds,broken clouds,04d
2025-07-18 12:43:34,Kien Giang-Rach Gia,Rach Gia,29.8,29.8,29.8,70.0,34.56,10000.0,0.0,82.0,7.95,10.36,267.0,1007.0,1,803,Clouds,broken clouds,04d
2025-07-18 12:45:36,Kien Giang-Rach Gia,Rach Gia,29.8,29.8,29.8,70.0,34.56,10000.0,0.0,82.0,7.95,10.36,267.0,1007.0,1,803,Clouds,broken clouds,04d
2025-07-18 12:47:39,Kien Giang-Rach Gia,Rach Gia,29.8,29.8,29.8,70.0,34.56,10000.0,0.0,82.0,7.95,10.36,267.0,1007.0,1,803,Clouds,broken clouds,04d
2025-07-18 12:49:40,Kien Giang-Rach Gia,Rach Gia,29.8,29.8,29.8,70.0,34.56,10000.0,0.0,82.0,7.95,10.36,267.0,1007.0,1,803,Clouds,broken clouds,04d
2025-07-18 12:51:42,Kien Giang-Rach Gia,Rach Gia,29.8,29.8,29.8,70.0,34.56,10000.0,0.0,82.0,7.95,10.36,267.0,1007.0,1,803,Clouds,broken clouds,04d
2025-07-18 12:53:44,Kien Giang-Rach Gia,Rach Gia,29.8,29.8,29.8,70.0,34.56,10000.0,0.0,82.0,7.95,10.36,267.0,1007.0,1,803,Clouds,broken clouds,04d
2025-07-18 12:55:47,Kien Giang-Rach Gia,Rach Gia,29.8,29.8,29.8,70.0,34.56,10000.0,0.0,82.0,7.95,10.36,267.0,1007.0,1,803,Clouds,broken clouds,04d
2025-07-18 12:57:49,Kien Giang-Rach Gia,Rach Gia,29.8,29.8,29.8,70.0,34.56,10000.0,0.0,82.0,7.95,10.36,267.0,1007.0,1,803,Clouds,broken clouds,04d
2025-07-18 12:59:49,Kien Giang-Rach Gia,Rach Gia,29.8,29.8,29.8,70.0,34.56,10000.0,0.0,82.0,7.95,10.36,267.0,1007.0,1,803,Clouds,broken clouds,04d
2025-07-18 13:01:47,Kien Giang-Rach Gia,Rach Gia,29.8,29.8,29.8,70.0,34.56,10000.0,0.0,82.0,7.95,10.36,267.0,1007.0,1,803,Clouds,broken clouds,04d
2025-07-18 13:03:45,Kien Giang-Rach Gia,Rach Gia,29.8,29.8,29.8,70.0,34.56,10000.0,0.0,79.0,7.7,9.93,271.0,1007.0,1,803,Clouds,broken clouds,04d
2025-07-18 13:05:43,Kien Giang-Rach Gia,Rach Gia,29.8,29.8,29.8,70.0,34.56,10000.0,0.0,79.0,7.7,9.93,271.0,1007.0,1,803,Clouds,broken clouds,04d
2025-07-18 13:07:43,Kien Giang-Rach Gia,Rach Gia,29.8,29.8,29.8,70.0,34.56,10000.0,0.0,79.0,7.7,9.93,271.0,1007.0,1,803,Clouds,broken clouds,04d
2025-07-18 13:09:46,Kien Giang-Rach Gia,Rach Gia,29.8,29.8,29.8,70.0,34.56,10000.0,0.0,79.0,7.7,9.93,271.0,1007.0,1,803,Clouds,broken clouds,04d
2025-07-18 13:11:46,Kien Giang-Rach Gia,Rach Gia,29.8,29.8,29.8,70.0,34.56,10000.0,0.0,79.0,7.7,9.93,271.0,1007.0,1,803,Clouds,broken clouds,04d
2025-07-18 13:13:47,Kien Giang-Rach Gia,Rach Gia,29.8,29.8,29.8,70.0,34.56,10000.0,0.0,79.0,7.7,9.93,271.0,1007.0,1,803,Clouds,broken clouds,04d
2025-07-18 13:15:48,Kien Giang-Rach Gia,Rach Gia,29.8,29.8,29.8,70.0,34.56,10000.0,0.0,79.0,7.7,9.93,271.0,1007.0,1,803,Clouds,broken clouds,04d
2025-07-18 13:17:48,Kien Giang-Rach Gia,Rach Gia,29.8,29.8,29.8,70.0,34.56,10000.0,0.0,79.0,7.7,9.93,271.0,1007.0,1,803,Clouds,broken clouds,04d
2025-07-18 13:19:48,Kien Giang-Rach Gia,Rach Gia,29.8,29.8,29.8,70.0,34.56,10000.0,0.0,79.0,7.7,9.93,271.0,1007.0,1,803,Clouds,broken clouds,04d
2025-07-18 13:21:48,Kien Giang-Rach Gia,Rach Gia,29.8,29.8,29.8,70.0,34.56,10000.0,0.0,79.0,7.7,9.93,271.0,1007.0,1,803,Clouds,broken clouds,04d
2025-07-18 13:23:47,Kien Giang-Rach Gia,Rach Gia,29.8,29.8,29.8,70.0,34.56,10000.0,0.0,79.0,7.7,9.93,271.0,1007.0,1,803,Clouds,broken clouds,04d
2025-07-18 13:25:48,Kien Giang-Rach Gia,Rach Gia,29.8,29.8,29.8,70.0,34.56,10000.0,0.0,79.0,7.7,9.93,271.0,1007.0,1,803,Clouds,broken clouds,04d
2025-07-18 13:27:49,Kien Giang-Rach Gia,Rach Gia,29.8,29.8,29.8,70.0,34.56,10000.0,0.0,79.0,7.7,9.93,271.0,1007.0,1,803,Clouds,broken clouds,04d
2025-07-18 13:29:50,Kien Giang-Rach Gia,Rach Gia,29.8,29.8,29.8,70.0,34.56,10000.0,0.0,79.0,7.7,9.93,271.0,1007.0,1,803,Clouds,broken clouds,04d
2025-07-18 13:31:51,Kien Giang-Rach Gia,Rach Gia,29.8,29.8,29.8,70.0,34.56,10000.0,0.0,79.0,7.7,9.93,271.0,1007.0,1,803,Clouds,broken clouds,04d
2025-07-18 13:33:52,Kien Giang-Rach Gia,Rach Gia,29.8,29.8,29.8,70.0,34.56,10000.0,0.0,79.0,7.7,9.93,271.0,1007.0,1,803,Clouds,broken clouds,04d
2025-07-18 13:35:52,Kien Giang-Rach Gia,Rach Gia,29.8,29.8,29.8,70.0,34.56,10000.0,0.0,79.0,7.7,9.93,271.0,1007.0,1,803,Clouds,broken clouds,04d
2025-07-18 13:37:54,Kien Giang-Rach Gia,Rach Gia,29.67,29.67,29.67,70.0,34.25,10000.0,0.0,73.0,7.91,10.64,272.0,1006.0,1,803,Clouds,broken clouds,04d
2025-07-18 13:39:53,Kien Giang-Rach Gia,Rach Gia,29.67,29.67,29.67,70.0,34.25,10000.0,0.0,73.0,7.91,10.64,272.0,1006.0,1,803,Clouds,broken clouds,04d
2025-07-18 13:41:55,Kien Giang-Rach Gia,Rach Gia,29.67,29.67,29.67,70.0,34.25,10000.0,0.0,73.0,7.91,10.64,272.0,1006.0,1,803,Clouds,broken clouds,04d
2025-07-18 13:43:55,Kien Giang-Rach Gia,Rach Gia,29.67,29.67,29.67,70.0,34.25,10000.0,0.0,73.0,7.91,10.64,272.0,1006.0,1,803,Clouds,broken clouds,04d
2025-07-18 13:45:54,Kien Giang-Rach Gia,Rach Gia,29.67,29.67,29.67,70.0,34.25,10000.0,0.0,73.0,7.91,10.64,272.0,1006.0,1,803,Clouds,broken clouds,04d
2025-07-18 13:47:52,Kien Giang-Rach Gia,Rach Gia,29.67,29.67,29.67,70.0,34.25,10000.0,0.0,73.0,7.91,10.64,272.0,1006.0,1,803,Clouds,broken clouds,04d
2025-07-18 13:49:52,Kien Giang-Rach Gia,Rach Gia,29.67,29.67,29.67,70.0,34.25,10000.0,0.0,73.0,7.91,10.64,272.0,1006.0,1,803,Clouds,broken clouds,04d
2025-07-18 13:51:54,Kien Giang-Rach Gia,Rach Gia,29.67,29.67,29.67,70.0,34.25,10000.0,0.0,73.0,7.91,10.64,272.0,1006.0,1,803,Clouds,broken clouds,04d
2025-07-18 13:53:57,Kien Giang-Rach Gia,Rach Gia,29.67,29.67,29.67,70.0,34.25,10000.0,0.0,73.0,7.91,10.64,272.0,1006.0,1,803,Clouds,broken clouds,04d
2025-07-18 13:55:56,Kien Giang-Rach Gia,Rach Gia,29.67,29.67,29.67,70.0,34.25,10000.0,0.0,73.0,7.91,10.64,272.0,1006.0,1,803,Clouds,broken clouds,04d
2025-07-18 13:57:56,Kien Giang-Rach Gia,Rach Gia,29.67,29.67,29.67,70.0,34.25,10000.0,0.0,73.0,7.91,10.64,272.0,1006.0,1,803,Clouds,broken clouds,04d
2025-07-18 13:59:56,Kien Giang-Rach Gia,Rach Gia,29.67,29.67,29.67,70.0,34.25,10000.0,0.0,73.0,7.91,10.64,272.0,1006.0,1,803,Clouds,broken clouds,04d
2025-07-18 14:01:56,Kien Giang-Rach Gia,Rach Gia,29.67,29.67,29.67,70.0,34.25,10000.0,0.0,73.0,7.91,10.64,272.0,1006.0,1,803,Clouds,broken clouds,04d
2025-07-18 14:03:59,Kien Giang-Rach Gia,Rach Gia,29.67,29.67,29.67,70.0,34.25,10000.0,0.0,73.0,7.91,10.64,272.0,1006.0,1,803,Clouds,broken clouds,04d
2025-07-18 14:06:00,Kien Giang-Rach Gia,Rach Gia,29.67,29.67,29.67,70.0,34.25,10000.0,0.0,73.0,7.91,10.64,272.0,1006.0,1,803,Clouds,broken clouds,04d
2025-07-18 14:08:02,Kien Giang-Rach Gia,Rach Gia,29.66,29.66,29.66,70.0,34.22,10000.0,0.0,73.0,7.91,10.64,272.0,1006.0,1,803,Clouds,broken clouds,04d
2025-07-18 14:10:03,Kien Giang-Rach Gia,Rach Gia,29.66,29.66,29.66,70.0,34.22,10000.0,0.0,73.0,7.91,10.64,272.0,1006.0,1,803,Clouds,broken clouds,04d
2025-07-18 14:12:03,Kien Giang-Rach Gia,Rach Gia,29.66,29.66,29.66,70.0,34.22,10000.0,0.0,73.0,7.91,10.64,272.0,1006.0,1,803,Clouds,broken clouds,04d
2025-07-18 14:14:03,Kien Giang-Rach Gia,Rach Gia,29.66,29.66,29.66,70.0,34.22,10000.0,0.0,73.0,7.91,10.64,272.0,1006.0,1,803,Clouds,broken clouds,04d
2025-07-18 14:16:07,Kien Giang-Rach Gia,Rach Gia,29.66,29.66,29.66,70.0,34.22,10000.0,0.0,73.0,7.91,10.64,272.0,1006.0,1,803,Clouds,broken clouds,04d
2025-07-18 14:18:10,Kien Giang-Rach Gia,Rach Gia,29.66,29.66,29.66,70.0,34.22,10000.0,0.0,73.0,7.91,10.64,272.0,1006.0,1,803,Clouds,broken clouds,04d
2025-07-18 14:20:14,Kien Giang-Rach Gia,Rach Gia,29.66,29.66,29.66,70.0,34.22,10000.0,0.0,73.0,7.91,10.64,272.0,1006.0,1,803,Clouds,broken clouds,04d
2025-07-18 14:22:17,Kien Giang-Rach Gia,Rach Gia,29.66,29.66,29.66,70.0,34.22,10000.0,0.0,73.0,7.91,10.64,272.0,1006.0,1,803,Clouds,broken clouds,04d
2025-07-18 14:24:20,Kien Giang-Rach Gia,Rach Gia,29.66,29.66,29.66,70.0,34.22,10000.0,0.0,73.0,7.91,10.64,272.0,1006.0,1,803,Clouds,broken clouds,04d
2025-07-18 14:26:22,Kien Giang-Rach Gia,Rach Gia,29.66,29.66,29.66,70.0,34.22,10000.0,0.0,73.0,7.91,10.64,272.0,1006.0,1,803,Clouds,broken clouds,04d
2025-07-18 14:28:23,Kien Giang-Rach Gia,Rach Gia,29.66,29.66,29.66,70.0,34.22,10000.0,0.0,73.0,7.91,10.64,272.0,1006.0,1,803,Clouds,broken clouds,04d
2025-07-18 14:30:24,Kien Giang-Rach Gia,Rach Gia,29.66,29.66,29.66,70.0,34.22,10000.0,0.0,73.0,7.91,10.64,272.0,1006.0,1,803,Clouds,broken clouds,04d
2025-07-18 14:32:27,Kien Giang-Rach Gia,Rach Gia,29.66,29.66,29.66,70.0,34.22,10000.0,0.0,73.0,7.91,10.64,272.0,1006.0,1,803,Clouds,broken clouds,04d
2025-07-18 14:34:28,Kien Giang-Rach Gia,Rach Gia,29.61,29.61,29.61,70.0,34.11,10000.0,0.0,49.0,8.15,12.06,271.0,1005.0,1,802,Clouds,scattered clouds,03d
2025-07-18 14:36:35,Kien Giang-Rach Gia,Rach Gia,29.61,29.61,29.61,70.0,34.11,10000.0,0.0,49.0,8.15,12.06,271.0,1005.0,1,802,Clouds,scattered clouds,03d
2025-07-18 14:38:35,Kien Giang-Rach Gia,Rach Gia,29.61,29.61,29.61,70.0,34.11,10000.0,0.0,49.0,8.15,12.06,271.0,1005.0,1,802,Clouds,scattered clouds,03d
2025-07-18 14:40:36,Kien Giang-Rach Gia,Rach Gia,29.61,29.61,29.61,70.0,34.11,10000.0,0.0,49.0,8.15,12.06,271.0,1005.0,1,802,Clouds,scattered clouds,03d
2025-07-18 14:42:36,Kien Giang-Rach Gia,Rach Gia,29.61,29.61,29.61,70.0,34.11,10000.0,0.0,49.0,8.15,12.06,271.0,1005.0,1,802,Clouds,scattered clouds,03d
2025-07-18 14:44:37,Kien Giang-Rach Gia,Rach Gia,29.61,29.61,29.61,70.0,34.11,10000.0,0.0,49.0,8.15,12.06,271.0,1005.0,1,802,Clouds,scattered clouds,03d
2025-07-18 14:46:37,Kien Giang-Rach Gia,Rach Gia,29.61,29.61,29.61,70.0,34.11,10000.0,0.0,49.0,8.15,12.06,271.0,1005.0,1,802,Clouds,scattered clouds,03d
2025-07-18 14:48:37,Kien Giang-Rach Gia,Rach Gia,29.61,29.61,29.61,70.0,34.11,10000.0,0.0,49.0,8.15,12.06,271.0,1005.0,1,802,Clouds,scattered clouds,03d
2025-07-18 14:50:36,Kien Giang-Rach Gia,Rach Gia,29.61,29.61,29.61,70.0,34.11,10000.0,0.0,49.0,8.15,12.06,271.0,1005.0,1,802,Clouds,scattered clouds,03d
2025-07-18 14:52:36,Kien Giang-Rach Gia,Rach Gia,29.61,29.61,29.61,70.0,34.11,10000.0,0.0,49.0,8.15,12.06,271.0,1005.0,1,802,Clouds,scattered clouds,03d
2025-07-18 14:54:36,Kien Giang-Rach Gia,Rach Gia,29.61,29.61,29.61,70.0,34.11,10000.0,0.0,49.0,8.15,12.06,271.0,1005.0,1,802,Clouds,scattered clouds,03d
2025-07-18 14:56:35,Kien Giang-Rach Gia,Rach Gia,29.61,29.61,29.61,70.0,34.11,10000.0,0.0,49.0,8.15,12.06,271.0,1005.0,1,802,Clouds,scattered clouds,03d
2025-07-18 14:58:33,Kien Giang-Rach Gia,Rach Gia,29.61,29.61,29.61,70.0,34.11,10000.0,0.0,49.0,8.15,12.06,271.0,1005.0,1,802,Clouds,scattered clouds,03d
2025-07-18 15:01:12,Kien Giang-Rach Gia,Rach Gia,29.6,29.6,29.6,70.0,34.08,10000.0,0.0,49.0,8.15,12.06,271.0,1005.0,1,802,Clouds,scattered clouds,03d
2025-07-18 15:03:11,Kien Giang-Rach Gia,Rach Gia,29.6,29.6,29.6,70.0,34.08,10000.0,0.0,49.0,8.15,12.06,271.0,1005.0,1,802,Clouds,scattered clouds,03d
2025-07-18 15:05:16,Kien Giang-Rach Gia,Rach Gia,29.6,29.6,29.6,70.0,34.08,10000.0,0.0,49.0,8.15,12.06,271.0,1005.0,1,802,Clouds,scattered clouds,03d
2025-07-18 15:07:15,Kien Giang-Rach Gia,Rach Gia,29.6,29.6,29.6,70.0,34.08,10000.0,0.0,49.0,8.15,12.06,271.0,1005.0,1,802,Clouds,scattered clouds,03d
2025-07-18 15:09:16,Kien Giang-Rach Gia,Rach Gia,29.6,29.6,29.6,70.0,34.08,10000.0,0.0,49.0,8.15,12.06,271.0,1005.0,1,802,Clouds,scattered clouds,03d
2025-07-18 15:11:17,Kien Giang-Rach Gia,Rach Gia,29.6,29.6,29.6,70.0,34.08,10000.0,0.0,49.0,8.15,12.06,271.0,1005.0,1,802,Clouds,scattered clouds,03d
2025-07-18 15:13:17,Kien Giang-Rach Gia,Rach Gia,29.6,29.6,29.6,70.0,34.08,10000.0,0.0,49.0,8.15,12.06,271.0,1005.0,1,802,Clouds,scattered clouds,03d
2025-07-18 15:15:15,Kien Giang-Rach Gia,Rach Gia,29.6,29.6,29.6,70.0,34.08,10000.0,0.0,49.0,8.15,12.06,271.0,1005.0,1,802,Clouds,scattered clouds,03d
2025-07-18 15:17:14,Kien Giang-Rach Gia,Rach Gia,29.6,29.6,29.6,70.0,34.08,10000.0,0.0,49.0,8.15,12.06,271.0,1005.0,1,802,Clouds,scattered clouds,03d
2025-07-18 15:19:12,Kien Giang-Rach Gia,Rach Gia,29.6,29.6,29.6,70.0,34.08,10000.0,0.0,49.0,8.15,12.06,271.0,1005.0,1,802,Clouds,scattered clouds,03d
2025-07-18 15:21:14,Kien Giang-Rach Gia,Rach Gia,29.6,29.6,29.6,70.0,34.08,10000.0,0.0,49.0,8.15,12.06,271.0,1005.0,1,802,Clouds,scattered clouds,03d
2025-07-18 15:23:13,Kien Giang-Rach Gia,Rach Gia,29.6,29.6,29.6,70.0,34.08,10000.0,0.0,49.0,8.15,12.06,271.0,1005.0,1,802,Clouds,scattered clouds,03d
2025-07-18 15:25:13,Kien Giang-Rach Gia,Rach Gia,29.6,29.6,29.6,70.0,34.08,10000.0,0.0,49.0,8.15,12.06,271.0,1005.0,1,802,Clouds,scattered clouds,03d
2025-07-18 15:27:11,Kien Giang-Rach Gia,Rach Gia,29.6,29.6,29.6,70.0,34.08,10000.0,0.0,49.0,8.15,12.06,271.0,1005.0,1,802,Clouds,scattered clouds,03d
2025-07-18 15:29:10,Kien Giang-Rach Gia,Rach Gia,29.6,29.6,29.6,70.0,34.08,10000.0,0.0,49.0,8.15,12.06,271.0,1005.0,1,802,Clouds,scattered clouds,03d
2025-07-18 15:31:08,Kien Giang-Rach Gia,Rach Gia,29.6,29.6,29.6,70.0,34.08,10000.0,0.0,49.0,8.15,12.06,271.0,1005.0,1,802,Clouds,scattered clouds,03d
2025-07-18 15:33:07,Kien Giang-Rach Gia,Rach Gia,29.39,29.39,29.39,71.0,33.81,10000.0,0.0,61.0,7.87,11.9,267.0,1005.0,1,803,Clouds,broken clouds,04d
2025-07-18 15:35:07,Kien Giang-Rach Gia,Rach Gia,29.39,29.39,29.39,71.0,33.81,10000.0,0.0,61.0,7.87,11.9,267.0,1005.0,1,803,Clouds,broken clouds,04d
2025-07-18 15:37:07,Kien Giang-Rach Gia,Rach Gia,29.39,29.39,29.39,71.0,33.81,10000.0,0.0,61.0,7.87,11.9,267.0,1005.0,1,803,Clouds,broken clouds,04d
2025-07-18 15:39:06,Kien Giang-Rach Gia,Rach Gia,29.39,29.39,29.39,71.0,33.81,10000.0,0.0,61.0,7.87,11.9,267.0,1005.0,1,803,Clouds,broken clouds,04d
2025-07-18 15:41:06,Kien Giang-Rach Gia,Rach Gia,29.39,29.39,29.39,71.0,33.81,10000.0,0.0,61.0,7.87,11.9,267.0,1005.0,1,803,Clouds,broken clouds,04d
2025-07-18 15:43:05,Kien Giang-Rach Gia,Rach Gia,29.39,29.39,29.39,71.0,33.81,10000.0,0.0,61.0,7.87,11.9,267.0,1005.0,1,803,Clouds,broken clouds,04d
2025-07-18 15:45:05,Kien Giang-Rach Gia,Rach Gia,29.39,29.39,29.39,71.0,33.81,10000.0,0.0,61.0,7.87,11.9,267.0,1005.0,1,803,Clouds,broken clouds,04d
2025-07-18 15:47:05,Kien Giang-Rach Gia,Rach Gia,29.39,29.39,29.39,71.0,33.81,10000.0,0.0,61.0,7.87,11.9,267.0,1005.0,1,803,Clouds,broken clouds,04d
2025-07-18 15:49:08,Kien Giang-Rach Gia,Rach Gia,29.39,29.39,29.39,71.0,33.81,10000.0,0.0,61.0,7.87,11.9,267.0,1005.0,1,803,Clouds,broken clouds,04d
2025-07-18 15:51:11,Kien Giang-Rach Gia,Rach Gia,29.39,29.39,29.39,71.0,33.81,10000.0,0.0,61.0,7.87,11.9,267.0,1005.0,1,803,Clouds,broken clouds,04d
2025-07-18 15:53:13,Kien Giang-Rach Gia,Rach Gia,29.39,29.39,29.39,71.0,33.81,10000.0,0.0,61.0,7.87,11.9,267.0,1005.0,1,803,Clouds,broken clouds,04d
2025-07-18 15:55:13,Kien Giang-Rach Gia,Rach Gia,29.39,29.39,29.39,71.0,33.81,10000.0,0.0,61.0,7.87,11.9,267.0,1005.0,1,803,Clouds,broken clouds,04d
2025-07-18 15:57:15,Kien Giang-Rach Gia,Rach Gia,29.39,29.39,29.39,71.0,33.81,10000.0,0.0,61.0,7.87,11.9,267.0,1005.0,1,803,Clouds,broken clouds,04d
2025-07-18 15:59:15,Kien Giang-Rach Gia,Rach Gia,29.39,29.39,29.39,71.0,33.81,10000.0,0.0,61.0,7.87,11.9,267.0,1005.0,1,803,Clouds,broken clouds,04d
2025-07-18 16:01:14,Kien Giang-Rach Gia,Rach Gia,29.39,29.39,29.39,71.0,33.81,10000.0,0.0,61.0,7.87,11.9,267.0,1005.0,1,803,Clouds,broken clouds,04d
2025-07-18 16:03:13,Kien Giang-Rach Gia,Rach Gia,29.39,29.39,29.39,71.0,33.81,10000.0,0.0,61.0,7.87,11.9,267.0,1005.0,1,803,Clouds,broken clouds,04d
2025-07-18 16:05:12,Kien Giang-Rach Gia,Rach Gia,29.39,29.39,29.39,71.0,33.81,10000.0,0.0,61.0,7.87,11.9,267.0,1005.0,1,803,Clouds,broken clouds,04d
2025-07-18 16:07:13,Kien Giang-Rach Gia,Rach Gia,29.39,29.39,29.39,71.0,33.81,10000.0,0.0,61.0,7.87,11.9,267.0,1005.0,1,803,Clouds,broken clouds,04d
2025-07-18 16:09:14,Kien Giang-Rach Gia,Rach Gia,29.39,29.39,29.39,71.0,33.81,10000.0,0.0,61.0,7.87,11.9,267.0,1005.0,1,803,Clouds,broken clouds,04d
2025-07-18 16:11:15,Kien Giang-Rach Gia,Rach Gia,29.39,29.39,29.39,71.0,33.81,10000.0,0.0,61.0,7.87,11.9,267.0,1005.0,1,803,Clouds,broken clouds,04d
2025-07-18 16:13:17,Kien Giang-Rach Gia,Rach Gia,29.39,29.39,29.39,71.0,33.81,10000.0,0.0,61.0,7.87,11.9,267.0,1005.0,1,803,Clouds,broken clouds,04d
2025-07-18 16:15:19,Kien Giang-Rach Gia,Rach Gia,29.39,29.39,29.39,71.0,33.81,10000.0,0.0,61.0,7.87,11.9,267.0,1005.0,1,803,Clouds,broken clouds,04d
2025-07-18 16:17:20,Kien Giang-Rach Gia,Rach Gia,29.39,29.39,29.39,71.0,33.81,10000.0,0.0,61.0,7.87,11.9,267.0,1005.0,1,803,Clouds,broken clouds,04d
2025-07-18 16:19:20,Kien Giang-Rach Gia,Rach Gia,29.39,29.39,29.39,71.0,33.81,10000.0,0.0,61.0,7.87,11.9,267.0,1005.0,1,803,Clouds,broken clouds,04d
2025-07-18 16:21:20,Kien Giang-Rach Gia,Rach Gia,29.39,29.39,29.39,71.0,33.81,10000.0,0.0,61.0,7.87,11.9,267.0,1005.0,1,803,Clouds,broken clouds,04d
2025-07-18 16:23:20,Kien Giang-Rach Gia,Rach Gia,29.39,29.39,29.39,71.0,33.81,10000.0,0.0,61.0,7.87,11.9,267.0,1005.0,1,803,Clouds,broken clouds,04d
2025-07-18 16:25:20,Kien Giang-Rach Gia,Rach Gia,29.39,29.39,29.39,71.0,33.81,10000.0,0.0,61.0,7.87,11.9,267.0,1005.0,1,803,Clouds,broken clouds,04d
2025-07-18 16:27:20,Kien Giang-Rach Gia,Rach Gia,29.39,29.39,29.39,71.0,33.81,10000.0,0.0,61.0,7.87,11.9,267.0,1005.0,1,803,Clouds,broken clouds,04d
2025-07-18 16:29:19,Kien Giang-Rach Gia,Rach Gia,29.39,29.39,29.39,71.0,33.81,10000.0,0.0,61.0,7.87,11.9,267.0,1005.0,1,803,Clouds,broken clouds,04d
2025-07-18 16:31:19,Kien Giang-Rach Gia,Rach Gia,29.39,29.39,29.39,71.0,33.81,10000.0,0.0,61.0,7.87,11.9,267.0,1005.0,1,803,Clouds,broken clouds,04d
2025-07-18 16:33:18,Kien Giang-Rach Gia,Rach Gia,29.39,29.39,29.39,71.0,33.81,10000.0,0.0,61.0,7.87,11.9,267.0,1005.0,1,803,Clouds,broken clouds,04d
2025-07-18 16:35:18,Kien Giang-Rach Gia,Rach Gia,29.39,29.39,29.39,71.0,33.81,10000.0,0.0,61.0,7.87,11.9,267.0,1005.0,1,803,Clouds,broken clouds,04d
2025-07-18 16:37:19,Kien Giang-Rach Gia,Rach Gia,29.39,29.39,29.39,71.0,33.81,10000.0,0.0,61.0,7.87,11.9,267.0,1005.0,1,803,Clouds,broken clouds,04d
2025-07-18 16:39:19,Kien Giang-Rach Gia,Rach Gia,29.07,29.07,29.07,76.0,34.08,10000.0,0.0,67.0,7.16,11.25,263.0,1005.0,1,803,Clouds,broken clouds,04d
2025-07-18 16:41:20,Kien Giang-Rach Gia,Rach Gia,29.07,29.07,29.07,76.0,34.08,10000.0,0.0,67.0,7.16,11.25,263.0,1005.0,1,803,Clouds,broken clouds,04d
2025-07-18 16:43:19,Kien Giang-Rach Gia,Rach Gia,29.07,29.07,29.07,76.0,34.08,10000.0,0.0,67.0,7.16,11.25,263.0,1005.0,1,803,Clouds,broken clouds,04d
2025-07-18 16:45:19,Kien Giang-Rach Gia,Rach Gia,29.07,29.07,29.07,76.0,34.08,10000.0,0.0,67.0,7.16,11.25,263.0,1005.0,1,803,Clouds,broken clouds,04d
2025-07-18 16:47:19,Kien Giang-Rach Gia,Rach Gia,29.07,29.07,29.07,76.0,34.08,10000.0,0.0,67.0,7.16,11.25,263.0,1005.0,1,803,Clouds,broken clouds,04d
2025-07-18 16:49:18,Kien Giang-Rach Gia,Rach Gia,29.07,29.07,29.07,76.0,34.08,10000.0,0.0,67.0,7.16,11.25,263.0,1005.0,1,803,Clouds,broken clouds,04d
2025-07-18 16:51:17,Kien Giang-Rach Gia,Rach Gia,29.07,29.07,29.07,76.0,34.08,10000.0,0.0,67.0,7.16,11.25,263.0,1005.0,1,803,Clouds,broken clouds,04d
2025-07-18 16:53:18,Kien Giang-Rach Gia,Rach Gia,29.07,29.07,29.07,76.0,34.08,10000.0,0.0,67.0,7.16,11.25,263.0,1005.0,1,803,Clouds,broken clouds,04d
2025-07-18 16:55:18,Kien Giang-Rach Gia,Rach Gia,29.07,29.07,29.07,76.0,34.08,10000.0,0.0,67.0,7.16,11.25,263.0,1005.0,1,803,Clouds,broken clouds,04d
2025-07-18 16:57:21,Kien Giang-Rach Gia,Rach Gia,29.07,29.07,29.07,76.0,34.08,10000.0,0.0,67.0,7.16,11.25,263.0,1005.0,1,803,Clouds,broken clouds,04d
2025-07-18 16:59:23,Kien Giang-Rach Gia,Rach Gia,29.07,29.07,29.07,76.0,34.08,10000.0,0.0,67.0,7.16,11.25,263.0,1005.0,1,803,Clouds,broken clouds,04d
2025-07-18 17:01:26,Kien Giang-Rach Gia,Rach Gia,29.07,29.07,29.07,76.0,34.08,10000.0,0.0,67.0,7.16,11.25,263.0,1005.0,1,803,Clouds,broken clouds,04d
2025-07-18 17:03:25,Kien Giang-Rach Gia,Rach Gia,29.07,29.07,29.07,76.0,34.08,10000.0,0.0,67.0,7.16,11.25,263.0,1005.0,1,803,Clouds,broken clouds,04d
2025-07-18 17:05:25,Kien Giang-Rach Gia,Rach Gia,29.07,29.07,29.07,76.0,34.08,10000.0,0.0,67.0,7.16,11.25,263.0,1005.0,1,803,Clouds,broken clouds,04d
2025-07-18 17:07:24,Kien Giang-Rach Gia,Rach Gia,29.07,29.07,29.07,76.0,34.08,10000.0,0.0,67.0,7.16,11.25,263.0,1005.0,1,803,Clouds,broken clouds,04d
2025-07-18 17:09:24,Kien Giang-Rach Gia,Rach Gia,29.07,29.07,29.07,76.0,34.08,10000.0,0.0,67.0,7.16,11.25,263.0,1005.0,1,803,Clouds,broken clouds,04d
2025-07-18 17:11:25,Kien Giang-Rach Gia,Rach Gia,29.07,29.07,29.07,76.0,34.08,10000.0,0.0,67.0,7.16,11.25,263.0,1005.0,1,803,Clouds,broken clouds,04d
2025-07-18 17:13:23,Kien Giang-Rach Gia,Rach Gia,29.07,29.07,29.07,76.0,34.08,10000.0,0.0,67.0,7.16,11.25,263.0,1005.0,1,803,Clouds,broken clouds,04d
2025-07-18 17:15:22,Kien Giang-Rach Gia,Rach Gia,29.07,29.07,29.07,76.0,34.08,10000.0,0.0,67.0,7.16,11.25,263.0,1005.0,1,803,Clouds,broken clouds,04d
2025-07-18 17:17:20,Kien Giang-Rach Gia,Rach Gia,29.07,29.07,29.07,76.0,34.08,10000.0,0.0,67.0,7.16,11.25,263.0,1005.0,1,803,Clouds,broken clouds,04d
2025-07-18 17:19:19,Kien Giang-Rach Gia,Rach Gia,29.07,29.07,29.07,76.0,34.08,10000.0,0.0,67.0,7.16,11.25,263.0,1005.0,1,803,Clouds,broken clouds,04d
2025-07-18 17:21:17,Kien Giang-Rach Gia,Rach Gia,29.07,29.07,29.07,76.0,34.08,10000.0,0.0,67.0,7.16,11.25,263.0,1005.0,1,803,Clouds,broken clouds,04d
2025-07-18 17:23:15,Kien Giang-Rach Gia,Rach Gia,29.07,29.07,29.07,76.0,34.08,10000.0,0.0,67.0,7.16,11.25,263.0,1005.0,1,803,Clouds,broken clouds,04d
2025-07-18 17:25:13,Kien Giang-Rach Gia,Rach Gia,29.07,29.07,29.07,76.0,34.08,10000.0,0.0,67.0,7.16,11.25,263.0,1005.0,1,803,Clouds,broken clouds,04d
2025-07-18 17:27:10,Kien Giang-Rach Gia,Rach Gia,29.07,29.07,29.07,76.0,34.08,10000.0,0.0,67.0,7.16,11.25,263.0,1005.0,1,803,Clouds,broken clouds,04d
2025-07-18 17:29:09,Kien Giang-Rach Gia,Rach Gia,29.07,29.07,29.07,76.0,34.08,10000.0,0.0,67.0,7.16,11.25,263.0,1005.0,1,803,Clouds,broken clouds,04d
2025-07-18 17:31:08,Kien Giang-Rach Gia,Rach Gia,28.83,28.83,28.83,79.0,34.07,10000.0,0.0,74.0,6.74,10.49,265.0,1005.0,1,803,Clouds,broken clouds,04d
2025-07-18 17:33:09,Kien Giang-Rach Gia,Rach Gia,29.07,29.07,29.07,76.0,34.08,10000.0,0.0,67.0,7.16,11.25,263.0,1005.0,1,803,Clouds,broken clouds,04d
2025-07-18 17:35:08,Kien Giang-Rach Gia,Rach Gia,29.07,29.07,29.07,76.0,34.08,10000.0,0.0,67.0,7.16,11.25,263.0,1005.0,1,803,Clouds,broken clouds,04d
2025-07-18 17:37:08,Kien Giang-Rach Gia,Rach Gia,28.83,28.83,28.83,79.0,34.07,10000.0,0.0,74.0,6.74,10.49,265.0,1005.0,1,803,Clouds,broken clouds,04d
2025-07-18 17:39:07,Kien Giang-Rach Gia,Rach Gia,28.83,28.83,28.83,79.0,34.07,10000.0,0.0,74.0,6.74,10.49,265.0,1005.0,1,803,Clouds,broken clouds,04d
2025-07-18 17:41:07,Kien Giang-Rach Gia,Rach Gia,28.83,28.83,28.83,79.0,34.07,10000.0,0.0,74.0,6.74,10.49,265.0,1005.0,1,803,Clouds,broken clouds,04d
2025-07-18 17:43:05,Kien Giang-Rach Gia,Rach Gia,28.83,28.83,28.83,79.0,34.07,10000.0,0.0,74.0,6.74,10.49,265.0,1005.0,1,803,Clouds,broken clouds,04d
2025-07-18 17:45:05,Kien Giang-Rach Gia,Rach Gia,28.83,28.83,28.83,79.0,34.07,10000.0,0.0,74.0,6.74,10.49,265.0,1005.0,1,803,Clouds,broken clouds,04d
2025-07-18 17:47:03,Kien Giang-Rach Gia,Rach Gia,28.83,28.83,28.83,79.0,34.07,10000.0,0.0,74.0,6.74,10.49,265.0,1005.0,1,803,Clouds,broken clouds,04d
2025-07-18 17:49:04,Kien Giang-Rach Gia,Rach Gia,28.83,28.83,28.83,79.0,34.07,10000.0,0.0,74.0,6.74,10.49,265.0,1005.0,1,803,Clouds,broken clouds,04d
2025-07-18 17:51:06,Kien Giang-Rach Gia,Rach Gia,28.83,28.83,28.83,79.0,34.07,10000.0,0.0,74.0,6.74,10.49,265.0,1005.0,1,803,Clouds,broken clouds,04d
2025-07-18 17:53:08,Kien Giang-Rach Gia,Rach Gia,28.83,28.83,28.83,79.0,34.07,10000.0,0.0,74.0,6.74,10.49,265.0,1005.0,1,803,Clouds,broken clouds,04d
2025-07-18 17:55:08,Kien Giang-Rach Gia,Rach Gia,28.83,28.83,28.83,79.0,34.07,10000.0,0.0,74.0,6.74,10.49,265.0,1005.0,1,803,Clouds,broken clouds,04d
2025-07-18 17:57:07,Kien Giang-Rach Gia,Rach Gia,28.83,28.83,28.83,79.0,34.07,10000.0,0.0,74.0,6.74,10.49,265.0,1005.0,1,803,Clouds,broken clouds,04d
2025-07-18 17:59:06,Kien Giang-Rach Gia,Rach Gia,28.83,28.83,28.83,79.0,34.07,10000.0,0.0,74.0,6.74,10.49,265.0,1005.0,1,803,Clouds,broken clouds,04d
2025-07-18 18:01:07,Kien Giang-Rach Gia,Rach Gia,28.83,28.83,28.83,79.0,34.07,10000.0,0.0,74.0,6.74,10.49,265.0,1005.0,1,803,Clouds,broken clouds,04d
2025-07-18 18:03:08,Kien Giang-Rach Gia,Rach Gia,28.83,28.83,28.83,79.0,34.07,10000.0,0.0,74.0,6.74,10.49,265.0,1005.0,1,803,Clouds,broken clouds,04d
2025-07-18 18:05:07,Kien Giang-Rach Gia,Rach Gia,28.83,28.83,28.83,79.0,34.07,10000.0,0.0,74.0,6.74,10.49,265.0,1005.0,1,803,Clouds,broken clouds,04d
2025-07-18 18:07:09,Kien Giang-Rach Gia,Rach Gia,28.83,28.83,28.83,79.0,34.07,10000.0,0.0,74.0,6.74,10.49,265.0,1005.0,1,803,Clouds,broken clouds,04d
2025-07-18 18:09:09,Kien Giang-Rach Gia,Rach Gia,28.83,28.83,28.83,79.0,34.07,10000.0,0.0,74.0,6.74,10.49,265.0,1005.0,1,803,Clouds,broken clouds,04d
2025-07-18 18:11:09,Kien Giang-Rach Gia,Rach Gia,28.83,28.83,28.83,79.0,34.07,10000.0,0.0,74.0,6.74,10.49,265.0,1005.0,1,803,Clouds,broken clouds,04d
2025-07-18 18:13:08,Kien Giang-Rach Gia,Rach Gia,28.83,28.83,28.83,79.0,34.07,10000.0,0.0,74.0,6.74,10.49,265.0,1005.0,1,803,Clouds,broken clouds,04d
2025-07-18 18:15:07,Kien Giang-Rach Gia,Rach Gia,28.83,28.83,28.83,79.0,34.07,10000.0,0.0,74.0,6.74,10.49,265.0,1005.0,1,803,Clouds,broken clouds,04d
2025-07-18 18:17:06,Kien Giang-Rach Gia,Rach Gia,28.83,28.83,28.83,79.0,34.07,10000.0,0.0,74.0,6.74,10.49,265.0,1005.0,1,803,Clouds,broken clouds,04d
2025-07-18 18:19:05,Kien Giang-Rach Gia,Rach Gia,28.83,28.83,28.83,79.0,34.07,10000.0,0.0,74.0,6.74,10.49,265.0,1005.0,1,803,Clouds,broken clouds,04d
2025-07-18 18:21:05,Kien Giang-Rach Gia,Rach Gia,28.83,28.83,28.83,79.0,34.07,10000.0,0.0,74.0,6.74,10.49,265.0,1005.0,1,803,Clouds,broken clouds,04d
2025-07-18 18:23:05,Kien Giang-Rach Gia,Rach Gia,28.83,28.83,28.83,79.0,34.07,10000.0,0.0,74.0,6.74,10.49,265.0,1005.0,1,803,Clouds,broken clouds,04d
2025-07-18 18:25:05,Kien Giang-Rach Gia,Rach Gia,28.83,28.83,28.83,79.0,34.07,10000.0,0.0,74.0,6.74,10.49,265.0,1005.0,0,803,Clouds,broken clouds,04n
2025-07-18 18:27:05,Kien Giang-Rach Gia,Rach Gia,28.83,28.83,28.83,79.0,34.07,10000.0,0.0,74.0,6.74,10.49,265.0,1005.0,0,803,Clouds,broken clouds,04n
2025-07-18 18:29:05,Kien Giang-Rach Gia,Rach Gia,28.83,28.83,28.83,79.0,34.07,10000.0,0.0,74.0,6.74,10.49,265.0,1005.0,0,803,Clouds,broken clouds,04n
2025-07-18 18:31:07,Kien Giang-Rach Gia,Rach Gia,28.83,28.83,28.83,79.0,34.07,10000.0,0.0,74.0,6.74,10.49,265.0,1005.0,0,803,Clouds,broken clouds,04n
2025-07-18 18:33:06,Kien Giang-Rach Gia,Rach Gia,28.83,28.83,28.83,79.0,34.07,10000.0,0.0,74.0,6.74,10.49,265.0,1005.0,0,803,Clouds,broken clouds,04n
2025-07-18 18:35:07,Kien Giang-Rach Gia,Rach Gia,28.81,28.81,28.81,79.0,34.01,10000.0,0.0,78.0,6.73,10.02,272.0,1006.0,0,803,Clouds,broken clouds,04n
2025-07-18 18:37:06,Kien Giang-Rach Gia,Rach Gia,28.81,28.81,28.81,79.0,34.01,10000.0,0.0,78.0,6.73,10.02,272.0,1006.0,0,803,Clouds,broken clouds,04n
2025-07-18 18:39:06,Kien Giang-Rach Gia,Rach Gia,28.81,28.81,28.81,79.0,34.01,10000.0,0.0,78.0,6.73,10.02,272.0,1006.0,0,803,Clouds,broken clouds,04n
2025-07-18 18:41:05,Kien Giang-Rach Gia,Rach Gia,28.81,28.81,28.81,79.0,34.01,10000.0,0.0,78.0,6.73,10.02,272.0,1006.0,0,803,Clouds,broken clouds,04n
2025-07-18 18:43:03,Kien Giang-Rach Gia,Rach Gia,28.81,28.81,28.81,79.0,34.01,10000.0,0.0,78.0,6.73,10.02,272.0,1006.0,0,803,Clouds,broken clouds,04n
2025-07-18 18:45:02,Kien Giang-Rach Gia,Rach Gia,28.81,28.81,28.81,79.0,34.01,10000.0,0.0,78.0,6.73,10.02,272.0,1006.0,0,803,Clouds,broken clouds,04n
2025-07-18 18:47:02,Kien Giang-Rach Gia,Rach Gia,28.77,28.77,28.77,80.0,34.11,10000.0,0.0,78.0,6.73,10.02,272.0,1006.0,0,803,Clouds,broken clouds,04n
2025-07-18 18:49:05,Kien Giang-Rach Gia,Rach Gia,28.77,28.77,28.77,80.0,34.11,10000.0,0.0,78.0,6.73,10.02,272.0,1006.0,0,803,Clouds,broken clouds,04n
2025-07-18 18:51:01,Kien Giang-Rach Gia,Rach Gia,28.77,28.77,28.77,80.0,34.11,10000.0,0.0,78.0,6.73,10.02,272.0,1006.0,0,803,Clouds,broken clouds,04n
2025-07-18 18:52:56,Kien Giang-Rach Gia,Rach Gia,28.77,28.77,28.77,80.0,34.11,10000.0,0.0,78.0,6.73,10.02,272.0,1006.0,0,803,Clouds,broken clouds,04n
2025-07-18 18:54:50,Kien Giang-Rach Gia,Rach Gia,28.77,28.77,28.77,80.0,34.11,10000.0,0.0,78.0,6.73,10.02,272.0,1006.0,0,803,Clouds,broken clouds,04n
2025-07-18 18:56:45,Kien Giang-Rach Gia,Rach Gia,28.77,28.77,28.77,80.0,34.11,10000.0,0.0,78.0,6.73,10.02,272.0,1006.0,0,803,Clouds,broken clouds,04n
2025-07-18 18:58:40,Kien Giang-Rach Gia,Rach Gia,28.77,28.77,28.77,80.0,34.11,10000.0,0.0,78.0,6.73,10.02,272.0,1006.0,0,803,Clouds,broken clouds,04n
2025-07-18 19:02:30,Kien Giang-Rach Gia,Rach Gia,28.77,28.77,28.77,80.0,34.11,10000.0,0.0,78.0,6.73,10.02,272.0,1006.0,0,803,Clouds,broken clouds,04n
2025-07-18 19:04:25,Kien Giang-Rach Gia,Rach Gia,28.76,28.76,28.76,80.0,34.08,10000.0,0.0,78.0,6.73,10.02,272.0,1006.0,0,803,Clouds,broken clouds,04n
2025-07-18 19:06:21,Kien Giang-Rach Gia,Rach Gia,28.76,28.76,28.76,80.0,34.08,10000.0,0.0,78.0,6.73,10.02,272.0,1006.0,0,803,Clouds,broken clouds,04n
2025-07-18 19:08:15,Kien Giang-Rach Gia,Rach Gia,28.76,28.76,28.76,80.0,34.08,10000.0,0.0,78.0,6.73,10.02,272.0,1006.0,0,803,Clouds,broken clouds,04n
2025-07-18 19:10:11,Kien Giang-Rach Gia,Rach Gia,28.76,28.76,28.76,80.0,34.08,10000.0,0.0,78.0,6.73,10.02,272.0,1006.0,0,803,Clouds,broken clouds,04n
2025-07-18 19:12:06,Kien Giang-Rach Gia,Rach Gia,28.76,28.76,28.76,80.0,34.08,10000.0,0.0,78.0,6.73,10.02,272.0,1006.0,0,803,Clouds,broken clouds,04n
2025-07-18 19:14:01,Kien Giang-Rach Gia,Rach Gia,28.76,28.76,28.76,80.0,34.08,10000.0,0.0,78.0,6.73,10.02,272.0,1006.0,0,803,Clouds,broken clouds,04n
2025-07-18 19:15:55,Kien Giang-Rach Gia,Rach Gia,28.76,28.76,28.76,80.0,34.08,10000.0,0.0,78.0,6.73,10.02,272.0,1006.0,0,803,Clouds,broken clouds,04n
2025-07-18 19:17:50,Kien Giang-Rach Gia,Rach Gia,28.76,28.76,28.76,80.0,34.08,10000.0,0.0,78.0,6.73,10.02,272.0,1006.0,0,803,Clouds,broken clouds,04n
2025-07-18 19:19:44,Kien Giang-Rach Gia,Rach Gia,28.76,28.76,28.76,80.0,34.08,10000.0,0.0,78.0,6.73,10.02,272.0,1006.0,0,803,Clouds,broken clouds,04n
2025-07-18 19:21:39,Kien Giang-Rach Gia,Rach Gia,28.76,28.76,28.76,80.0,34.08,10000.0,0.0,78.0,6.73,10.02,272.0,1006.0,0,803,Clouds,broken clouds,04n
2025-07-18 19:23:34,Kien Giang-Rach Gia,Rach Gia,28.76,28.76,28.76,80.0,34.08,10000.0,0.0,78.0,6.73,10.02,272.0,1006.0,0,803,Clouds,broken clouds,04n
2025-07-18 19:25:30,Kien Giang-Rach Gia,Rach Gia,28.76,28.76,28.76,80.0,34.08,10000.0,0.0,78.0,6.73,10.02,272.0,1006.0,0,803,Clouds,broken clouds,04n
2025-07-18 19:27:24,Kien Giang-Rach Gia,Rach Gia,28.76,28.76,28.76,80.0,34.08,10000.0,0.0,78.0,6.73,10.02,272.0,1006.0,0,803,Clouds,broken clouds,04n
2025-07-18 19:29:18,Kien Giang-Rach Gia,Rach Gia,28.76,28.76,28.76,80.0,34.08,10000.0,0.0,78.0,6.73,10.02,272.0,1006.0,0,803,Clouds,broken clouds,04n
2025-07-18 19:31:13,Kien Giang-Rach Gia,Rach Gia,28.76,28.76,28.76,80.0,34.08,10000.0,0.0,78.0,6.73,10.02,272.0,1006.0,0,803,Clouds,broken clouds,04n
2025-07-18 19:33:08,Kien Giang-Rach Gia,Rach Gia,28.66,28.66,28.66,80.0,33.81,10000.0,0.0,97.0,6.85,10.14,278.0,1007.0,0,804,Clouds,overcast clouds,04n
2025-07-18 19:35:05,Kien Giang-Rach Gia,Rach Gia,28.66,28.66,28.66,80.0,33.81,10000.0,0.0,97.0,6.85,10.14,278.0,1007.0,0,804,Clouds,overcast clouds,04n
2025-07-18 19:37:00,Kien Giang-Rach Gia,Rach Gia,28.66,28.66,28.66,80.0,33.81,10000.0,0.0,97.0,6.85,10.14,278.0,1007.0,0,804,Clouds,overcast clouds,04n
2025-07-18 19:38:54,Kien Giang-Rach Gia,Rach Gia,28.66,28.66,28.66,80.0,33.81,10000.0,0.0,97.0,6.85,10.14,278.0,1007.0,0,804,Clouds,overcast clouds,04n
2025-07-18 19:40:48,Kien Giang-Rach Gia,Rach Gia,28.66,28.66,28.66,80.0,33.81,10000.0,0.0,97.0,6.85,10.14,278.0,1007.0,0,804,Clouds,overcast clouds,04n
2025-07-18 19:42:44,Kien Giang-Rach Gia,Rach Gia,28.66,28.66,28.66,80.0,33.81,10000.0,0.0,97.0,6.85,10.14,278.0,1007.0,0,804,Clouds,overcast clouds,04n
2025-07-18 19:44:40,Kien Giang-Rach Gia,Rach Gia,28.66,28.66,28.66,80.0,33.81,10000.0,0.0,97.0,6.85,10.14,278.0,1007.0,0,804,Clouds,overcast clouds,04n
2025-07-18 19:46:35,Kien Giang-Rach Gia,Rach Gia,28.66,28.66,28.66,80.0,33.81,10000.0,0.0,97.0,6.85,10.14,278.0,1007.0,0,804,Clouds,overcast clouds,04n
2025-07-18 19:48:28,Kien Giang-Rach Gia,Rach Gia,28.66,28.66,28.66,80.0,33.81,10000.0,0.0,97.0,6.85,10.14,278.0,1007.0,0,804,Clouds,overcast clouds,04n
2025-07-18 19:50:24,Kien Giang-Rach Gia,Rach Gia,28.66,28.66,28.66,80.0,33.81,10000.0,0.0,97.0,6.85,10.14,278.0,1007.0,0,804,Clouds,overcast clouds,04n
2025-07-18 19:52:20,Kien Giang-Rach Gia,Rach Gia,28.66,28.66,28.66,80.0,33.81,10000.0,0.0,97.0,6.85,10.14,278.0,1007.0,0,804,Clouds,overcast clouds,04n
2025-07-18 19:54:15,Kien Giang-Rach Gia,Rach Gia,28.66,28.66,28.66,80.0,33.81,10000.0,0.0,97.0,6.85,10.14,278.0,1007.0,0,804,Clouds,overcast clouds,04n
2025-07-18 19:56:09,Kien Giang-Rach Gia,Rach Gia,28.66,28.66,28.66,80.0,33.81,10000.0,0.0,97.0,6.85,10.14,278.0,1007.0,0,804,Clouds,overcast clouds,04n
2025-07-18 19:58:04,Kien Giang-Rach Gia,Rach Gia,28.66,28.66,28.66,80.0,33.81,10000.0,0.0,97.0,6.85,10.14,278.0,1007.0,0,804,Clouds,overcast clouds,04n
2025-07-18 19:59:58,Kien Giang-Rach Gia,Rach Gia,28.66,28.66,28.66,80.0,33.81,10000.0,0.0,97.0,6.85,10.14,278.0,1007.0,0,804,Clouds,overcast clouds,04n
2025-07-18 20:01:53,Kien Giang-Rach Gia,Rach Gia,28.66,28.66,28.66,80.0,33.81,10000.0,0.0,97.0,6.85,10.14,278.0,1007.0,0,804,Clouds,overcast clouds,04n
2025-07-18 20:03:47,Kien Giang-Rach Gia,Rach Gia,28.66,28.66,28.66,80.0,33.81,10000.0,0.0,97.0,6.85,10.14,278.0,1007.0,0,804,Clouds,overcast clouds,04n
2025-07-18 20:05:45,Kien Giang-Rach Gia,Rach Gia,28.66,28.66,28.66,80.0,33.81,10000.0,0.0,97.0,6.85,10.14,278.0,1007.0,0,804,Clouds,overcast clouds,04n
2025-07-18 20:07:45,Kien Giang-Rach Gia,Rach Gia,28.66,28.66,28.66,80.0,33.81,10000.0,0.0,97.0,6.85,10.14,278.0,1007.0,0,804,Clouds,overcast clouds,04n
2025-07-18 20:09:42,Kien Giang-Rach Gia,Rach Gia,28.66,28.66,28.66,80.0,33.81,10000.0,0.0,97.0,6.85,10.14,278.0,1007.0,0,804,Clouds,overcast clouds,04n
2025-07-18 20:11:37,Kien Giang-Rach Gia,Rach Gia,28.66,28.66,28.66,80.0,33.81,10000.0,0.0,97.0,6.85,10.14,278.0,1007.0,0,804,Clouds,overcast clouds,04n
2025-07-18 20:13:32,Kien Giang-Rach Gia,Rach Gia,28.66,28.66,28.66,80.0,33.81,10000.0,0.0,97.0,6.85,10.14,278.0,1007.0,0,804,Clouds,overcast clouds,04n
2025-07-18 20:15:27,Kien Giang-Rach Gia,Rach Gia,28.66,28.66,28.66,80.0,33.81,10000.0,0.0,97.0,6.85,10.14,278.0,1007.0,0,804,Clouds,overcast clouds,04n
2025-07-18 20:19:15,Kien Giang-Rach Gia,Rach Gia,28.66,28.66,28.66,80.0,33.81,10000.0,0.0,97.0,6.85,10.14,278.0,1007.0,0,804,Clouds,overcast clouds,04n
2025-07-18 20:21:11,Kien Giang-Rach Gia,Rach Gia,28.66,28.66,28.66,80.0,33.81,10000.0,0.0,97.0,6.85,10.14,278.0,1007.0,0,804,Clouds,overcast clouds,04n
2025-07-18 20:23:07,Kien Giang-Rach Gia,Rach Gia,28.66,28.66,28.66,80.0,33.81,10000.0,0.0,97.0,6.85,10.14,278.0,1007.0,0,804,Clouds,overcast clouds,04n
2025-07-18 20:25:01,Kien Giang-Rach Gia,Rach Gia,28.66,28.66,28.66,80.0,33.81,10000.0,0.0,97.0,6.85,10.14,278.0,1007.0,0,804,Clouds,overcast clouds,04n
2025-07-18 20:26:58,Kien Giang-Rach Gia,Rach Gia,28.66,28.66,28.66,80.0,33.81,10000.0,0.0,97.0,6.85,10.14,278.0,1007.0,0,804,Clouds,overcast clouds,04n
2025-07-18 20:28:52,Kien Giang-Rach Gia,Rach Gia,28.66,28.66,28.66,80.0,33.81,10000.0,0.0,97.0,6.85,10.14,278.0,1007.0,0,804,Clouds,overcast clouds,04n
2025-07-18 20:30:47,Kien Giang-Rach Gia,Rach Gia,28.5,28.5,28.5,80.0,33.38,10000.0,0.0,98.0,6.89,10.45,282.0,1007.0,0,804,Clouds,overcast clouds,04n
2025-07-18 20:32:42,Kien Giang-Rach Gia,Rach Gia,28.5,28.5,28.5,80.0,33.38,10000.0,0.0,98.0,6.89,10.45,282.0,1007.0,0,804,Clouds,overcast clouds,04n
2025-07-18 20:34:37,Kien Giang-Rach Gia,Rach Gia,28.5,28.5,28.5,80.0,33.38,10000.0,0.0,98.0,6.89,10.45,282.0,1007.0,0,804,Clouds,overcast clouds,04n
2025-07-18 20:36:33,Kien Giang-Rach Gia,Rach Gia,28.51,28.51,28.51,80.0,33.41,10000.0,0.0,98.0,6.89,10.45,282.0,1007.0,0,804,Clouds,overcast clouds,04n
2025-07-18 20:38:28,Kien Giang-Rach Gia,Rach Gia,28.51,28.51,28.51,80.0,33.41,10000.0,0.0,98.0,6.89,10.45,282.0,1007.0,0,804,Clouds,overcast clouds,04n
2025-07-18 20:40:23,Kien Giang-Rach Gia,Rach Gia,28.51,28.51,28.51,80.0,33.41,10000.0,0.0,98.0,6.89,10.45,282.0,1007.0,0,804,Clouds,overcast clouds,04n
2025-07-18 20:42:17,Kien Giang-Rach Gia,Rach Gia,28.51,28.51,28.51,80.0,33.41,10000.0,0.0,98.0,6.89,10.45,282.0,1007.0,0,804,Clouds,overcast clouds,04n
2025-07-18 20:44:14,Kien Giang-Rach Gia,Rach Gia,28.51,28.51,28.51,80.0,33.41,10000.0,0.0,98.0,6.89,10.45,282.0,1007.0,0,804,Clouds,overcast clouds,04n
2025-07-18 20:46:09,Kien Giang-Rach Gia,Rach Gia,28.51,28.51,28.51,80.0,33.41,10000.0,0.0,98.0,6.89,10.45,282.0,1007.0,0,804,Clouds,overcast clouds,04n
2025-07-18 20:48:04,Kien Giang-Rach Gia,Rach Gia,28.51,28.51,28.51,80.0,33.41,10000.0,0.0,98.0,6.89,10.45,282.0,1007.0,0,804,Clouds,overcast clouds,04n
2025-07-18 20:49:59,Kien Giang-Rach Gia,Rach Gia,28.51,28.51,28.51,80.0,33.41,10000.0,0.0,98.0,6.89,10.45,282.0,1007.0,0,804,Clouds,overcast clouds,04n
2025-07-18 20:51:56,Kien Giang-Rach Gia,Rach Gia,28.51,28.51,28.51,80.0,33.41,10000.0,0.0,98.0,6.89,10.45,282.0,1007.0,0,804,Clouds,overcast clouds,04n
2025-07-18 20:53:54,Kien Giang-Rach Gia,Rach Gia,28.51,28.51,28.51,80.0,33.41,10000.0,0.0,98.0,6.89,10.45,282.0,1007.0,0,804,Clouds,overcast clouds,04n
2025-07-18 20:55:51,Kien Giang-Rach Gia,Rach Gia,28.51,28.51,28.51,80.0,33.41,10000.0,0.0,98.0,6.89,10.45,282.0,1007.0,0,804,Clouds,overcast clouds,04n
2025-07-18 20:57:46,Kien Giang-Rach Gia,Rach Gia,28.51,28.51,28.51,80.0,33.41,10000.0,0.0,98.0,6.89,10.45,282.0,1007.0,0,804,Clouds,overcast clouds,04n
2025-07-18 20:59:41,Kien Giang-Rach Gia,Rach Gia,28.51,28.51,28.51,80.0,33.41,10000.0,0.0,98.0,6.89,10.45,282.0,1007.0,0,804,Clouds,overcast clouds,04n
2025-07-18 21:01:35,Kien Giang-Rach Gia,Rach Gia,28.51,28.51,28.51,80.0,33.41,10000.0,0.0,98.0,6.89,10.45,282.0,1007.0,0,804,Clouds,overcast clouds,04n
2025-07-18 21:03:30,Kien Giang-Rach Gia,Rach Gia,28.51,28.51,28.51,80.0,33.41,10000.0,0.0,98.0,6.89,10.45,282.0,1007.0,0,804,Clouds,overcast clouds,04n
2025-07-18 21:05:32,Kien Giang-Rach Gia,Rach Gia,28.49,28.49,28.49,80.0,33.36,10000.0,0.0,98.0,6.89,10.45,282.0,1007.0,0,804,Clouds,overcast clouds,04n
2025-07-18 21:07:28,Kien Giang-Rach Gia,Rach Gia,28.49,28.49,28.49,80.0,33.36,10000.0,0.0,98.0,6.89,10.45,282.0,1007.0,0,804,Clouds,overcast clouds,04n
2025-07-18 21:09:23,Kien Giang-Rach Gia,Rach Gia,28.49,28.49,28.49,80.0,33.36,10000.0,0.0,98.0,6.89,10.45,282.0,1007.0,0,804,Clouds,overcast clouds,04n
2025-07-18 21:11:18,Kien Giang-Rach Gia,Rach Gia,28.49,28.49,28.49,80.0,33.36,10000.0,0.0,98.0,6.89,10.45,282.0,1007.0,0,804,Clouds,overcast clouds,04n
2025-07-18 21:15:19,Kien Giang-Rach Gia,Rach Gia,28.49,28.49,28.49,80.0,33.36,10000.0,0.0,98.0,6.89,10.45,282.0,1007.0,0,804,Clouds,overcast clouds,04n
2025-07-18 21:17:18,Kien Giang-Rach Gia,Rach Gia,28.49,28.49,28.49,80.0,33.36,10000.0,0.0,98.0,6.89,10.45,282.0,1007.0,0,804,Clouds,overcast clouds,04n
2025-07-18 21:19:16,Kien Giang-Rach Gia,Rach Gia,28.49,28.49,28.49,80.0,33.36,10000.0,0.0,98.0,6.89,10.45,282.0,1007.0,0,804,Clouds,overcast clouds,04n
2025-07-18 21:21:12,Kien Giang-Rach Gia,Rach Gia,28.49,28.49,28.49,80.0,33.36,10000.0,0.0,98.0,6.89,10.45,282.0,1007.0,0,804,Clouds,overcast clouds,04n
2025-07-18 21:23:16,Kien Giang-Rach Gia,Rach Gia,28.49,28.49,28.49,80.0,33.36,10000.0,0.0,98.0,6.89,10.45,282.0,1007.0,0,804,Clouds,overcast clouds,04n
2025-07-18 21:25:12,Kien Giang-Rach Gia,Rach Gia,28.49,28.49,28.49,80.0,33.36,10000.0,0.0,98.0,6.89,10.45,282.0,1007.0,0,804,Clouds,overcast clouds,04n
2025-07-18 21:27:08,Kien Giang-Rach Gia,Rach Gia,28.49,28.49,28.49,80.0,33.36,10000.0,0.0,98.0,6.89,10.45,282.0,1007.0,0,804,Clouds,overcast clouds,04n
2025-07-18 21:29:03,Kien Giang-Rach Gia,Rach Gia,28.49,28.49,28.49,80.0,33.36,10000.0,0.0,98.0,6.89,10.45,282.0,1007.0,0,804,Clouds,overcast clouds,04n
2025-07-18 21:31:00,Kien Giang-Rach Gia,Rach Gia,28.49,28.49,28.49,80.0,33.36,10000.0,0.0,98.0,6.89,10.45,282.0,1007.0,0,804,Clouds,overcast clouds,04n
2025-07-18 21:32:54,Kien Giang-Rach Gia,Rach Gia,28.49,28.49,28.49,80.0,33.36,10000.0,0.0,98.0,6.89,10.45,282.0,1007.0,0,804,Clouds,overcast clouds,04n
2025-07-18 21:34:48,Kien Giang-Rach Gia,Rach Gia,28.49,28.49,28.49,80.0,33.36,10000.0,0.0,98.0,6.89,10.45,282.0,1007.0,0,804,Clouds,overcast clouds,04n
2025-07-18 21:36:47,Kien Giang-Rach Gia,Rach Gia,28.62,28.62,28.62,79.0,33.51,10000.0,0.0,99.0,6.32,10.53,281.0,1008.0,0,804,Clouds,overcast clouds,04n
2025-07-18 21:38:43,Kien Giang-Rach Gia,Rach Gia,28.62,28.62,28.62,79.0,33.51,10000.0,0.0,99.0,6.32,10.53,281.0,1008.0,0,804,Clouds,overcast clouds,04n
2025-07-18 21:42:34,Kien Giang-Rach Gia,Rach Gia,28.62,28.62,28.62,79.0,33.51,10000.0,0.0,99.0,6.32,10.53,281.0,1008.0,0,804,Clouds,overcast clouds,04n
2025-07-18 21:44:31,Kien Giang-Rach Gia,Rach Gia,28.62,28.62,28.62,79.0,33.51,10000.0,0.0,99.0,6.32,10.53,281.0,1008.0,0,804,Clouds,overcast clouds,04n
2025-07-18 21:46:28,Kien Giang-Rach Gia,Rach Gia,28.62,28.62,28.62,79.0,33.51,10000.0,0.0,99.0,6.32,10.53,281.0,1008.0,0,804,Clouds,overcast clouds,04n
2025-07-18 21:48:31,Kien Giang-Rach Gia,Rach Gia,28.62,28.62,28.62,79.0,33.51,10000.0,0.0,99.0,6.32,10.53,281.0,1008.0,0,804,Clouds,overcast clouds,04n
2025-07-18 21:50:35,Kien Giang-Rach Gia,Rach Gia,28.62,28.62,28.62,79.0,33.51,10000.0,0.0,99.0,6.32,10.53,281.0,1008.0,0,804,Clouds,overcast clouds,04n
2025-07-18 21:52:31,Kien Giang-Rach Gia,Rach Gia,28.62,28.62,28.62,79.0,33.51,10000.0,0.0,99.0,6.32,10.53,281.0,1008.0,0,804,Clouds,overcast clouds,04n
2025-07-18 21:54:26,Kien Giang-Rach Gia,Rach Gia,28.62,28.62,28.62,79.0,33.51,10000.0,0.0,99.0,6.32,10.53,281.0,1008.0,0,804,Clouds,overcast clouds,04n
2025-07-18 21:56:22,Kien Giang-Rach Gia,Rach Gia,28.62,28.62,28.62,79.0,33.51,10000.0,0.0,99.0,6.32,10.53,281.0,1008.0,0,804,Clouds,overcast clouds,04n
2025-07-18 21:58:17,Kien Giang-Rach Gia,Rach Gia,28.62,28.62,28.62,79.0,33.51,10000.0,0.0,99.0,6.32,10.53,281.0,1008.0,0,804,Clouds,overcast clouds,04n
2025-07-18 22:06:48,Kien Giang-Rach Gia,Rach Gia,28.6,28.6,28.6,79.0,33.46,10000.0,0.0,99.0,6.32,10.53,281.0,1008.0,0,804,Clouds,overcast clouds,04n
2025-07-18 22:18:23,Kien Giang-Rach Gia,Rach Gia,28.6,28.6,28.6,79.0,33.46,10000.0,0.0,99.0,6.32,10.53,281.0,1008.0,0,804,Clouds,overcast clouds,04n
2025-07-18 22:20:21,Kien Giang-Rach Gia,Rach Gia,28.6,28.6,28.6,79.0,33.46,10000.0,0.0,99.0,6.32,10.53,281.0,1008.0,0,804,Clouds,overcast clouds,04n
2025-07-19 05:59:12,Kien Giang-Rach Gia,Rach Gia,27.9,27.9,27.9,81.0,32.0,10000.0,0.0,97.0,6.47,10.39,272.0,1005.0,1,804,Clouds,overcast clouds,04d
2025-07-19 06:50:38,Kien Giang-Rach Gia,Rach Gia,27.88,27.88,27.88,80.0,31.8,10000.0,0.35,98.0,7.05,10.27,274.0,1006.0,1,500,Rain,light rain,10d
2025-07-19 07:54:48,Kien Giang-Rach Gia,Rach Gia,28.49,28.49,28.49,77.0,32.82,10000.0,0.27,96.0,7.25,9.85,257.0,1006.0,1,500,Rain,light rain,10d
2025-07-19 09:38:53,Kien Giang-Rach Gia,Rach Gia,28.04,28.04,28.04,78.0,31.89,10000.0,1.54,99.0,6.78,9.34,261.0,1006.0,1,501,Rain,moderate rain,10d
2025-07-19 10:27:00,Kien Giang-Rach Gia,Rach Gia,28.08,28.08,28.08,78.0,31.99,10000.0,0.14,99.0,6.78,9.34,261.0,1006.0,1,500,Rain,light rain,10d
2025-07-19 10:39:26,Kien Giang-Rach Gia,Rach Gia,28.63,28.63,28.63,75.0,32.8,10000.0,0.12,92.0,7.66,9.43,257.0,1006.0,1,500,Rain,light rain,10d
2025-07-19 10:43:27,Kien Giang-Rach Gia,Rach Gia,28.63,28.63,28.63,75.0,32.8,10000.0,0.15,92.0,7.66,9.43,257.0,1006.0,1,500,Rain,light rain,10d
2025-07-19 10:47:25,Kien Giang-Rach Gia,Rach Gia,28.63,28.63,28.63,75.0,32.8,10000.0,0.0,92.0,7.66,9.43,257.0,1006.0,1,804,Clouds,overcast clouds,04d
2025-07-19 10:51:27,Kien Giang-Rach Gia,Rach Gia,28.63,28.63,28.63,75.0,32.8,10000.0,0.15,92.0,7.66,9.43,257.0,1006.0,1,500,Rain,light rain,10d
2025-07-19 10:59:19,Kien Giang-Rach Gia,Rach Gia,28.63,28.63,28.63,75.0,32.8,10000.0,0.0,92.0,7.66,9.43,257.0,1006.0,1,804,Clouds,overcast clouds,04d
2025-07-19 11:07:05,Kien Giang-Rach Gia,Rach Gia,28.62,28.62,28.62,75.0,32.77,10000.0,0.0,92.0,7.66,9.43,257.0,1006.0,1,804,Clouds,overcast clouds,04d
2025-07-19 11:11:25,Kien Giang-Rach Gia,Rach Gia,28.62,28.62,28.62,75.0,32.77,10000.0,0.0,92.0,7.66,9.43,257.0,1006.0,1,804,Clouds,overcast clouds,04d
2025-07-19 11:15:39,Kien Giang-Rach Gia,Rach Gia,28.62,28.62,28.62,75.0,32.77,10000.0,0.0,92.0,7.66,9.43,257.0,1006.0,1,804,Clouds,overcast clouds,04d
2025-07-19 11:19:32,Kien Giang-Rach Gia,Rach Gia,28.62,28.62,28.62,75.0,32.77,10000.0,0.0,92.0,7.66,9.43,257.0,1006.0,1,804,Clouds,overcast clouds,04d
2025-07-19 11:23:18,Kien Giang-Rach Gia,Rach Gia,28.62,28.62,28.62,75.0,32.77,10000.0,0.1,92.0,7.66,9.43,257.0,1006.0,1,500,Rain,light rain,10d
2025-07-19 11:27:09,Kien Giang-Rach Gia,Rach Gia,28.62,28.62,28.62,75.0,32.77,10000.0,0.25,92.0,7.66,9.43,257.0,1006.0,1,500,Rain,light rain,10d
2025-07-19 11:30:55,Kien Giang-Rach Gia,Rach Gia,28.62,28.62,28.62,75.0,32.77,10000.0,0.24,92.0,7.66,9.43,257.0,1006.0,1,500,Rain,light rain,10d
2025-07-19 11:34:41,Kien Giang-Rach Gia,Rach Gia,28.62,28.62,28.62,75.0,32.77,10000.0,0.24,92.0,7.66,9.43,257.0,1006.0,1,500,Rain,light rain,10d
2025-07-19 11:38:27,Kien Giang-Rach Gia,Rach Gia,29.03,29.03,29.03,76.0,33.97,7881.0,0.21,89.0,7.73,9.63,258.0,1005.0,1,500,Rain,light rain,10d
2025-07-19 11:42:15,Kien Giang-Rach Gia,Rach Gia,29.03,29.03,29.03,76.0,33.97,7881.0,0.21,89.0,7.73,9.63,258.0,1005.0,1,500,Rain,light rain,10d
2025-07-19 11:46:09,Kien Giang-Rach Gia,Rach Gia,29.03,29.03,29.03,76.0,33.97,7881.0,0.21,89.0,7.73,9.63,258.0,1005.0,1,500,Rain,light rain,10d
2025-07-19 11:49:57,Kien Giang-Rach Gia,Rach Gia,29.03,29.03,29.03,76.0,33.97,7881.0,0.0,89.0,7.73,9.63,258.0,1005.0,1,804,Clouds,overcast clouds,04d
2025-07-19 11:53:42,Kien Giang-Rach Gia,Rach Gia,29.03,29.03,29.03,76.0,33.97,7881.0,0.0,89.0,7.73,9.63,258.0,1005.0,1,804,Clouds,overcast clouds,04d
2025-07-19 11:57:29,Kien Giang-Rach Gia,Rach Gia,29.03,29.03,29.03,76.0,33.97,7881.0,0.0,89.0,7.73,9.63,258.0,1005.0,1,804,Clouds,overcast clouds,04d
2025-07-19 12:01:19,Kien Giang-Rach Gia,Rach Gia,29.02,29.02,29.02,76.0,33.95,7881.0,0.0,89.0,7.73,9.63,258.0,1005.0,1,804,Clouds,overcast clouds,04d
2025-07-19 12:05:12,Kien Giang-Rach Gia,Rach Gia,29.03,29.03,29.03,76.0,33.97,7881.0,0.0,89.0,7.73,9.63,258.0,1005.0,1,804,Clouds,overcast clouds,04d
2025-07-19 12:08:58,Kien Giang-Rach Gia,Rach Gia,29.02,29.02,29.02,76.0,33.95,7881.0,0.0,89.0,7.73,9.63,258.0,1005.0,1,804,Clouds,overcast clouds,04d
2025-07-19 12:12:44,Kien Giang-Rach Gia,Rach Gia,29.02,29.02,29.02,76.0,33.95,7881.0,0.0,89.0,7.73,9.63,258.0,1005.0,1,804,Clouds,overcast clouds,04d
2025-07-19 12:16:30,Kien Giang-Rach Gia,Rach Gia,29.02,29.02,29.02,76.0,33.95,7881.0,0.0,89.0,7.73,9.63,258.0,1005.0,1,804,Clouds,overcast clouds,04d
2025-07-19 12:20:16,Kien Giang-Rach Gia,Rach Gia,29.02,29.02,29.02,76.0,33.95,7881.0,0.0,89.0,7.73,9.63,258.0,1005.0,1,804,Clouds,overcast clouds,04d
2025-07-19 12:24:02,Kien Giang-Rach Gia,Rach Gia,29.02,29.02,29.02,76.0,33.95,7881.0,0.11,89.0,7.73,9.63,258.0,1005.0,1,500,Rain,light rain,10d
2025-07-19 12:27:48,Kien Giang-Rach Gia,Rach Gia,29.02,29.02,29.02,76.0,33.95,7881.0,0.11,89.0,7.73,9.63,258.0,1005.0,1,500,Rain,light rain,10d
2025-07-19 12:31:34,Kien Giang-Rach Gia,Rach Gia,29.02,29.02,29.02,76.0,33.95,7881.0,0.11,89.0,7.73,9.63,258.0,1005.0,1,500,Rain,light rain,10d
2025-07-19 12:35:19,Kien Giang-Rach Gia,Rach Gia,29.02,29.02,29.02,76.0,33.95,7881.0,0.11,89.0,7.73,9.63,258.0,1005.0,1,500,Rain,light rain,10d
2025-07-19 12:39:05,Kien Giang-Rach Gia,Rach Gia,29.17,29.17,29.17,76.0,34.33,10000.0,0.0,91.0,7.87,9.99,261.0,1005.0,1,804,Clouds,overcast clouds,04d
2025-07-19 12:42:51,Kien Giang-Rach Gia,Rach Gia,29.17,29.17,29.17,76.0,34.33,10000.0,0.0,91.0,7.87,9.99,261.0,1005.0,1,804,Clouds,overcast clouds,04d
2025-07-19 12:46:36,Kien Giang-Rach Gia,Rach Gia,29.17,29.17,29.17,76.0,34.33,10000.0,0.0,91.0,7.87,9.99,261.0,1005.0,1,804,Clouds,overcast clouds,04d
2025-07-19 12:50:22,Kien Giang-Rach Gia,Rach Gia,29.13,29.13,29.13,76.0,34.23,10000.0,0.0,91.0,7.87,9.99,261.0,1005.0,1,804,Clouds,overcast clouds,04d
2025-07-19 12:54:09,Kien Giang-Rach Gia,Rach Gia,29.13,29.13,29.13,76.0,34.23,10000.0,0.0,91.0,7.87,9.99,261.0,1005.0,1,804,Clouds,overcast clouds,04d
2025-07-19 12:57:54,Kien Giang-Rach Gia,Rach Gia,29.13,29.13,29.13,76.0,34.23,10000.0,0.0,91.0,7.87,9.99,261.0,1005.0,1,804,Clouds,overcast clouds,04d
2025-07-19 13:01:40,Kien Giang-Rach Gia,Rach Gia,29.11,29.11,29.11,76.0,34.18,10000.0,0.0,91.0,7.87,9.99,261.0,1005.0,1,804,Clouds,overcast clouds,04d
2025-07-19 13:05:26,Kien Giang-Rach Gia,Rach Gia,29.11,29.11,29.11,76.0,34.18,10000.0,0.0,91.0,7.87,9.99,261.0,1005.0,1,804,Clouds,overcast clouds,04d
2025-07-19 13:09:11,Kien Giang-Rach Gia,Rach Gia,29.11,29.11,29.11,76.0,34.18,10000.0,0.0,91.0,7.87,9.99,261.0,1005.0,1,804,Clouds,overcast clouds,04d
2025-07-19 13:12:57,Kien Giang-Rach Gia,Rach Gia,29.11,29.11,29.11,76.0,34.18,10000.0,0.29,91.0,7.87,9.99,261.0,1005.0,1,500,Rain,light rain,10d
2025-07-19 13:16:42,Kien Giang-Rach Gia,Rach Gia,29.11,29.11,29.11,76.0,34.18,10000.0,0.29,91.0,7.87,9.99,261.0,1005.0,1,500,Rain,light rain,10d
2025-07-19 13:20:27,Kien Giang-Rach Gia,Rach Gia,29.11,29.11,29.11,76.0,34.18,10000.0,0.29,91.0,7.87,9.99,261.0,1005.0,1,500,Rain,light rain,10d
2025-07-19 13:24:12,Kien Giang-Rach Gia,Rach Gia,29.11,29.11,29.11,76.0,34.18,10000.0,0.73,91.0,7.87,9.99,261.0,1005.0,1,500,Rain,light rain,10d
2025-07-19 13:27:58,Kien Giang-Rach Gia,Rach Gia,29.11,29.11,29.11,76.0,34.18,10000.0,0.73,91.0,7.87,9.99,261.0,1005.0,1,500,Rain,light rain,10d
2025-07-19 13:31:43,Kien Giang-Rach Gia,Rach Gia,29.35,29.35,29.35,72.0,33.92,10000.0,0.32,82.0,7.62,9.76,259.0,1004.0,1,500,Rain,light rain,10d
2025-07-19 13:35:30,Kien Giang-Rach Gia,Rach Gia,29.11,29.11,29.11,76.0,34.18,10000.0,0.3,91.0,7.87,9.99,261.0,1005.0,1,500,Rain,light rain,10d
2025-07-19 13:39:15,Kien Giang-Rach Gia,Rach Gia,29.35,29.35,29.35,72.0,33.92,10000.0,0.31,82.0,7.62,9.76,259.0,1004.0,1,500,Rain,light rain,10d
2025-07-19 13:43:01,Kien Giang-Rach Gia,Rach Gia,29.12,29.12,29.12,72.0,33.38,10000.0,0.27,82.0,7.62,9.76,259.0,1004.0,1,500,Rain,light rain,10d
2025-07-19 13:46:47,Kien Giang-Rach Gia,Rach Gia,29.35,29.35,29.35,72.0,33.92,10000.0,0.28,82.0,7.62,9.76,259.0,1004.0,1,500,Rain,light rain,10d
2025-07-19 13:50:33,Kien Giang-Rach Gia,Rach Gia,29.12,29.12,29.12,72.0,33.38,10000.0,0.27,82.0,7.62,9.76,259.0,1004.0,1,500,Rain,light rain,10d
2025-07-19 13:54:22,Kien Giang-Rach Gia,Rach Gia,29.13,29.13,29.13,72.0,33.41,10000.0,0.21,82.0,7.62,9.76,259.0,1004.0,1,500,Rain,light rain,10d
2025-07-19 13:58:12,Kien Giang-Rach Gia,Rach Gia,29.13,29.13,29.13,72.0,33.41,10000.0,0.15,82.0,7.62,9.76,259.0,1004.0,1,500,Rain,light rain,10d
2025-07-19 14:02:03,Kien Giang-Rach Gia,Rach Gia,29.13,29.13,29.13,72.0,33.41,10000.0,0.15,82.0,7.62,9.76,259.0,1004.0,1,500,Rain,light rain,10d
2025-07-19 14:05:55,Kien Giang-Rach Gia,Rach Gia,29.07,29.07,29.07,73.0,33.46,10000.0,0.0,82.0,7.62,9.76,259.0,1004.0,1,803,Clouds,broken clouds,04d
2025-07-19 14:09:44,Kien Giang-Rach Gia,Rach Gia,29.07,29.07,29.07,73.0,33.46,10000.0,0.0,82.0,7.62,9.76,259.0,1004.0,1,803,Clouds,broken clouds,04d
2025-07-19 14:13:33,Kien Giang-Rach Gia,Rach Gia,29.07,29.07,29.07,73.0,33.46,10000.0,0.0,82.0,7.62,9.76,259.0,1004.0,1,803,Clouds,broken clouds,04d
2025-07-19 14:17:25,Kien Giang-Rach Gia,Rach Gia,29.07,29.07,29.07,73.0,33.46,10000.0,0.0,82.0,7.62,9.76,259.0,1004.0,1,803,Clouds,broken clouds,04d
2025-07-19 14:21:17,Kien Giang-Rach Gia,Rach Gia,29.07,29.07,29.07,73.0,33.46,10000.0,0.0,82.0,7.62,9.76,259.0,1004.0,1,803,Clouds,broken clouds,04d
2025-07-19 14:25:11,Kien Giang-Rach Gia,Rach Gia,29.07,29.07,29.07,73.0,33.46,10000.0,0.15,82.0,7.62,9.76,259.0,1004.0,1,500,Rain,light rain,10d
2025-07-19 14:29:02,Kien Giang-Rach Gia,Rach Gia,29.07,29.07,29.07,73.0,33.46,10000.0,0.0,82.0,7.62,9.76,259.0,1004.0,1,803,Clouds,broken clouds,04d
2025-07-19 14:32:54,Kien Giang-Rach Gia,Rach Gia,29.12,29.12,29.12,72.0,33.38,10000.0,0.55,69.0,7.25,9.53,255.0,1004.0,1,500,Rain,light rain,10d
2025-07-19 14:36:43,Kien Giang-Rach Gia,Rach Gia,29.12,29.12,29.12,72.0,33.38,10000.0,0.55,69.0,7.25,9.53,255.0,1004.0,1,500,Rain,light rain,10d
2025-07-19 14:40:35,Kien Giang-Rach Gia,Rach Gia,29.12,29.12,29.12,72.0,33.38,10000.0,0.55,69.0,7.25,9.53,255.0,1004.0,1,500,Rain,light rain,10d
2025-07-19 14:44:25,Kien Giang-Rach Gia,Rach Gia,29.12,29.12,29.12,72.0,33.38,10000.0,0.3,69.0,7.25,9.53,255.0,1004.0,1,500,Rain,light rain,10d
2025-07-19 14:48:16,Kien Giang-Rach Gia,Rach Gia,29.12,29.12,29.12,72.0,33.38,10000.0,0.3,69.0,7.25,9.53,255.0,1004.0,1,500,Rain,light rain,10d
2025-07-19 14:52:06,Kien Giang-Rach Gia,Rach Gia,29.12,29.12,29.12,72.0,33.38,10000.0,0.49,69.0,7.25,9.53,255.0,1004.0,1,500,Rain,light rain,10d
2025-07-19 14:55:57,Kien Giang-Rach Gia,Rach Gia,29.13,29.13,29.13,72.0,33.41,10000.0,0.49,69.0,7.25,9.53,255.0,1004.0,1,500,Rain,light rain,10d
2025-07-19 14:59:46,Kien Giang-Rach Gia,Rach Gia,29.13,29.13,29.13,72.0,33.41,10000.0,0.56,69.0,7.25,9.53,255.0,1004.0,1,500,Rain,light rain,10d
2025-07-19 15:03:36,Kien Giang-Rach Gia,Rach Gia,29.07,29.07,29.07,73.0,33.46,10000.0,0.5,69.0,7.25,9.53,255.0,1004.0,1,500,Rain,light rain,10d
2025-07-19 15:07:28,Kien Giang-Rach Gia,Rach Gia,29.07,29.07,29.07,73.0,33.46,10000.0,0.5,69.0,7.25,9.53,255.0,1004.0,1,500,Rain,light rain,10d
2025-07-19 15:11:19,Kien Giang-Rach Gia,Rach Gia,29.07,29.07,29.07,73.0,33.46,10000.0,0.65,69.0,7.25,9.53,255.0,1004.0,1,500,Rain,light rain,10d
2025-07-19 15:15:10,Kien Giang-Rach Gia,Rach Gia,29.07,29.07,29.07,73.0,33.46,10000.0,0.56,69.0,7.25,9.53,255.0,1004.0,1,500,Rain,light rain,10d
2025-07-19 15:19:00,Kien Giang-Rach Gia,Rach Gia,29.07,29.07,29.07,73.0,33.46,10000.0,0.56,69.0,7.25,9.53,255.0,1004.0,1,500,Rain,light rain,10d
2025-07-19 15:22:49,Kien Giang-Rach Gia,Rach Gia,29.07,29.07,29.07,73.0,33.46,10000.0,0.71,69.0,7.25,9.53,255.0,1004.0,1,500,Rain,light rain,10d
2025-07-19 15:26:39,Kien Giang-Rach Gia,Rach Gia,29.07,29.07,29.07,73.0,33.46,10000.0,0.71,69.0,7.25,9.53,255.0,1004.0,1,500,Rain,light rain,10d
2025-07-19 15:30:28,Kien Giang-Rach Gia,Rach Gia,29.07,29.07,29.07,73.0,33.46,10000.0,0.71,69.0,7.25,9.53,255.0,1004.0,1,500,Rain,light rain,10d
2025-07-19 15:34:19,Kien Giang-Rach Gia,Rach Gia,28.39,28.39,28.39,77.0,32.57,10000.0,0.49,71.0,7.13,9.59,256.0,1004.0,1,500,Rain,light rain,10d
2025-07-19 15:38:09,Kien Giang-Rach Gia,Rach Gia,28.39,28.39,28.39,77.0,32.57,10000.0,0.49,71.0,7.13,9.59,256.0,1004.0,1,500,Rain,light rain,10d
2025-07-19 15:41:59,Kien Giang-Rach Gia,Rach Gia,28.39,28.39,28.39,77.0,32.57,10000.0,0.46,71.0,7.13,9.59,256.0,1004.0,1,500,Rain,light rain,10d
2025-07-19 15:45:49,Kien Giang-Rach Gia,Rach Gia,28.39,28.39,28.39,77.0,32.57,10000.0,0.4,71.0,7.13,9.59,256.0,1004.0,1,500,Rain,light rain,10d
2025-07-19 15:49:39,Kien Giang-Rach Gia,Rach Gia,28.39,28.39,28.39,77.0,32.57,10000.0,0.4,71.0,7.13,9.59,256.0,1004.0,1,500,Rain,light rain,10d
2025-07-19 15:53:28,Kien Giang-Rach Gia,Rach Gia,28.4,28.4,28.4,77.0,32.6,10000.0,0.32,71.0,7.13,9.59,256.0,1004.0,1,500,Rain,light rain,10d
2025-07-19 15:57:18,Kien Giang-Rach Gia,Rach Gia,28.4,28.4,28.4,77.0,32.6,10000.0,0.46,71.0,7.13,9.59,256.0,1004.0,1,500,Rain,light rain,10d
2025-07-19 16:01:08,Kien Giang-Rach Gia,Rach Gia,28.4,28.4,28.4,77.0,32.6,10000.0,0.46,71.0,7.13,9.59,256.0,1004.0,1,500,Rain,light rain,10d
2025-07-19 16:04:58,Kien Giang-Rach Gia,Rach Gia,28.36,28.36,28.36,78.0,32.67,10000.0,0.49,71.0,7.13,9.59,256.0,1004.0,1,500,Rain,light rain,10d
2025-07-19 16:08:47,Kien Giang-Rach Gia,Rach Gia,28.36,28.36,28.36,78.0,32.67,10000.0,0.49,71.0,7.13,9.59,256.0,1004.0,1,500,Rain,light rain,10d
2025-07-19 16:12:38,Kien Giang-Rach Gia,Rach Gia,28.36,28.36,28.36,78.0,32.67,10000.0,0.27,71.0,7.13,9.59,256.0,1004.0,1,500,Rain,light rain,10d
2025-07-19 16:16:28,Kien Giang-Rach Gia,Rach Gia,28.36,28.36,28.36,78.0,32.67,10000.0,0.27,71.0,7.13,9.59,256.0,1004.0,1,500,Rain,light rain,10d
2025-07-19 16:20:18,Kien Giang-Rach Gia,Rach Gia,28.36,28.36,28.36,78.0,32.67,10000.0,0.27,71.0,7.13,9.59,256.0,1004.0,1,500,Rain,light rain,10d
2025-07-19 16:24:11,Kien Giang-Rach Gia,Rach Gia,28.36,28.36,28.36,78.0,32.67,10000.0,0.0,71.0,7.13,9.59,256.0,1004.0,1,803,Clouds,broken clouds,04d
2025-07-19 16:28:00,Kien Giang-Rach Gia,Rach Gia,28.36,28.36,28.36,78.0,32.67,10000.0,0.0,71.0,7.13,9.59,256.0,1004.0,1,803,Clouds,broken clouds,04d
2025-07-19 16:31:50,Kien Giang-Rach Gia,Rach Gia,28.18,28.18,28.18,79.0,32.39,10000.0,0.19,78.0,6.8,9.46,260.0,1004.0,1,500,Rain,light rain,10d
2025-07-19 16:35:40,Kien Giang-Rach Gia,Rach Gia,28.18,28.18,28.18,79.0,32.39,10000.0,0.19,78.0,6.8,9.46,260.0,1004.0,1,500,Rain,light rain,10d
2025-07-19 16:39:29,Kien Giang-Rach Gia,Rach Gia,28.18,28.18,28.18,79.0,32.39,10000.0,0.21,78.0,6.8,9.46,260.0,1004.0,1,500,Rain,light rain,10d
2025-07-19 16:43:19,Kien Giang-Rach Gia,Rach Gia,28.18,28.18,28.18,79.0,32.39,10000.0,0.24,78.0,6.8,9.46,260.0,1004.0,1,500,Rain,light rain,10d
2025-07-19 16:47:10,Kien Giang-Rach Gia,Rach Gia,28.18,28.18,28.18,79.0,32.39,10000.0,0.17,78.0,6.8,9.46,260.0,1004.0,1,500,Rain,light rain,10d
2025-07-19 16:51:00,Kien Giang-Rach Gia,Rach Gia,28.18,28.18,28.18,79.0,32.39,10000.0,0.24,78.0,6.8,9.46,260.0,1004.0,1,500,Rain,light rain,10d
2025-07-19 16:54:50,Kien Giang-Rach Gia,Rach Gia,28.18,28.18,28.18,79.0,32.39,10000.0,0.17,78.0,6.8,9.46,260.0,1004.0,1,500,Rain,light rain,10d
2025-07-19 16:58:39,Kien Giang-Rach Gia,Rach Gia,28.19,28.19,28.19,79.0,32.41,10000.0,0.21,78.0,6.8,9.46,260.0,1004.0,1,500,Rain,light rain,10d
2025-07-19 17:02:29,Kien Giang-Rach Gia,Rach Gia,28.19,28.19,28.19,79.0,32.41,10000.0,0.21,78.0,6.8,9.46,260.0,1004.0,1,500,Rain,light rain,10d
2025-07-19 17:06:19,Kien Giang-Rach Gia,Rach Gia,28.16,28.16,28.16,79.0,32.34,10000.0,0.18,78.0,6.8,9.46,260.0,1004.0,1,500,Rain,light rain,10d
2025-07-19 17:10:10,Kien Giang-Rach Gia,Rach Gia,28.16,28.16,28.16,79.0,32.34,10000.0,0.15,78.0,6.8,9.46,260.0,1004.0,1,500,Rain,light rain,10d
2025-07-19 17:14:00,Kien Giang-Rach Gia,Rach Gia,28.16,28.16,28.16,79.0,32.34,10000.0,0.15,78.0,6.8,9.46,260.0,1004.0,1,500,Rain,light rain,10d
2025-07-19 17:17:51,Kien Giang-Rach Gia,Rach Gia,28.16,28.16,28.16,79.0,32.34,10000.0,0.12,78.0,6.8,9.46,260.0,1004.0,1,500,Rain,light rain,10d
2025-07-19 17:21:41,Kien Giang-Rach Gia,Rach Gia,28.16,28.16,28.16,79.0,32.34,10000.0,0.12,78.0,6.8,9.46,260.0,1004.0,1,500,Rain,light rain,10d
2025-07-19 17:25:32,Kien Giang-Rach Gia,Rach Gia,28.16,28.16,28.16,79.0,32.34,10000.0,0.12,78.0,6.8,9.46,260.0,1004.0,1,500,Rain,light rain,10d
2025-07-19 17:29:23,Kien Giang-Rach Gia,Rach Gia,28.16,28.16,28.16,79.0,32.34,10000.0,0.21,78.0,6.8,9.46,260.0,1004.0,1,500,Rain,light rain,10d
2025-07-19 17:33:13,Kien Giang-Rach Gia,Rach Gia,28.16,28.16,28.16,79.0,32.34,10000.0,0.21,78.0,6.8,9.46,260.0,1004.0,1,500,Rain,light rain,10d
2025-07-19 17:37:05,Kien Giang-Rach Gia,Rach Gia,28.16,28.16,28.16,79.0,32.34,10000.0,0.21,78.0,6.8,9.46,260.0,1004.0,1,500,Rain,light rain,10d
2025-07-19 17:40:54,Kien Giang-Rach Gia,Rach Gia,28.2,28.2,28.2,78.0,32.28,10000.0,0.1,82.0,6.95,10.34,262.0,1004.0,1,500,Rain,light rain,10d
2025-07-19 17:44:45,Kien Giang-Rach Gia,Rach Gia,28.2,28.2,28.2,78.0,32.28,10000.0,0.0,82.0,6.95,10.34,262.0,1004.0,1,803,Clouds,broken clouds,04d
2025-07-19 17:48:35,Kien Giang-Rach Gia,Rach Gia,28.2,28.2,28.2,78.0,32.28,10000.0,0.0,82.0,6.95,10.34,262.0,1004.0,1,803,Clouds,broken clouds,04d
2025-07-19 17:52:25,Kien Giang-Rach Gia,Rach Gia,28.2,28.2,28.2,78.0,32.28,10000.0,0.0,82.0,6.95,10.34,262.0,1004.0,1,803,Clouds,broken clouds,04d
2025-07-19 17:56:15,Kien Giang-Rach Gia,Rach Gia,28.2,28.2,28.2,78.0,32.28,10000.0,0.22,82.0,6.95,10.34,262.0,1004.0,1,500,Rain,light rain,10d
2025-07-19 18:00:07,Kien Giang-Rach Gia,Rach Gia,28.2,28.2,28.2,78.0,32.28,10000.0,0.2,82.0,6.95,10.34,262.0,1004.0,1,500,Rain,light rain,10d
2025-07-19 18:03:57,Kien Giang-Rach Gia,Rach Gia,28.2,28.2,28.2,78.0,32.28,10000.0,0.2,82.0,6.95,10.34,262.0,1004.0,1,500,Rain,light rain,10d
2025-07-19 18:07:50,Kien Giang-Rach Gia,Rach Gia,28.18,28.18,28.18,78.0,32.23,10000.0,0.19,82.0,6.95,10.34,262.0,1004.0,1,500,Rain,light rain,10d
2025-07-19 18:11:43,Kien Giang-Rach Gia,Rach Gia,28.18,28.18,28.18,78.0,32.23,10000.0,0.13,82.0,6.95,10.34,262.0,1004.0,1,500,Rain,light rain,10d
2025-07-19 18:15:33,Kien Giang-Rach Gia,Rach Gia,28.18,28.18,28.18,78.0,32.23,10000.0,0.14,82.0,6.95,10.34,262.0,1004.0,1,500,Rain,light rain,10d
2025-07-19 18:19:26,Kien Giang-Rach Gia,Rach Gia,28.18,28.18,28.18,78.0,32.23,10000.0,0.13,82.0,6.95,10.34,262.0,1004.0,1,500,Rain,light rain,10d
2025-07-19 18:23:20,Kien Giang-Rach Gia,Rach Gia,28.18,28.18,28.18,78.0,32.23,10000.0,0.1,82.0,6.95,10.34,262.0,1004.0,1,500,Rain,light rain,10d
2025-07-19 18:27:14,Kien Giang-Rach Gia,Rach Gia,28.18,28.18,28.18,78.0,32.23,10000.0,0.0,82.0,6.95,10.34,262.0,1004.0,0,803,Clouds,broken clouds,04n
2025-07-19 18:31:10,Kien Giang-Rach Gia,Rach Gia,28.18,28.18,28.18,78.0,32.23,10000.0,0.0,82.0,6.95,10.34,262.0,1004.0,0,803,Clouds,broken clouds,04n
2025-07-19 18:35:04,Kien Giang-Rach Gia,Rach Gia,27.87,27.87,27.87,79.0,31.63,10000.0,0.21,83.0,7.38,11.41,269.0,1005.0,0,500,Rain,light rain,10n
2025-07-19 18:39:00,Kien Giang-Rach Gia,Rach Gia,27.87,27.87,27.87,79.0,31.63,10000.0,0.21,83.0,7.38,11.41,269.0,1005.0,0,500,Rain,light rain,10n
2025-07-19 18:42:58,Kien Giang-Rach Gia,Rach Gia,27.87,27.87,27.87,79.0,31.63,10000.0,0.23,85.0,6.85,9.82,261.0,1005.0,0,500,Rain,light rain,10n
2025-07-19 18:46:51,Kien Giang-Rach Gia,Rach Gia,27.87,27.87,27.87,79.0,31.63,10000.0,0.23,85.0,6.85,9.82,261.0,1005.0,0,500,Rain,light rain,10n
2025-07-19 18:50:45,Kien Giang-Rach Gia,Rach Gia,27.87,27.87,27.87,79.0,31.63,10000.0,0.23,85.0,6.85,9.82,261.0,1005.0,0,500,Rain,light rain,10n
2025-07-19 18:54:32,Kien Giang-Rach Gia,Rach Gia,27.87,27.87,27.87,79.0,31.63,10000.0,0.55,85.0,6.85,9.82,261.0,1005.0,0,500,Rain,light rain,10n
2025-07-19 18:58:19,Kien Giang-Rach Gia,Rach Gia,27.87,27.87,27.87,79.0,31.63,10000.0,0.37,85.0,6.85,9.82,261.0,1005.0,0,500,Rain,light rain,10n
2025-07-19 19:02:07,Kien Giang-Rach Gia,Rach Gia,27.87,27.87,27.87,79.0,31.63,10000.0,0.55,85.0,6.85,9.82,261.0,1005.0,0,500,Rain,light rain,10n
2025-07-19 19:05:53,Kien Giang-Rach Gia,Rach Gia,27.87,27.87,27.87,79.0,31.63,10000.0,0.37,85.0,6.85,9.82,261.0,1005.0,0,500,Rain,light rain,10n
2025-07-19 19:09:38,Kien Giang-Rach Gia,Rach Gia,27.87,27.87,27.87,79.0,31.63,10000.0,0.37,85.0,6.85,9.82,261.0,1005.0,0,500,Rain,light rain,10n
2025-07-19 19:13:24,Kien Giang-Rach Gia,Rach Gia,27.87,27.87,27.87,79.0,31.63,10000.0,0.6,85.0,6.85,9.82,261.0,1005.0,0,500,Rain,light rain,10n
2025-07-19 19:17:09,Kien Giang-Rach Gia,Rach Gia,27.87,27.87,27.87,79.0,31.63,10000.0,0.37,85.0,6.85,9.82,261.0,1005.0,0,500,Rain,light rain,10n
2025-07-19 19:20:55,Kien Giang-Rach Gia,Rach Gia,27.87,27.87,27.87,79.0,31.63,10000.0,0.6,85.0,6.85,9.82,261.0,1005.0,0,500,Rain,light rain,10n
2025-07-19 19:24:41,Kien Giang-Rach Gia,Rach Gia,27.87,27.87,27.87,79.0,31.63,10000.0,0.5,85.0,6.85,9.82,261.0,1005.0,0,500,Rain,light rain,10n
2025-07-19 19:28:27,Kien Giang-Rach Gia,Rach Gia,28.15,28.15,28.15,79.0,32.32,10000.0,0.49,85.0,6.85,9.82,261.0,1005.0,0,500,Rain,light rain,10n
2025-07-19 19:32:12,Kien Giang-Rach Gia,Rach Gia,28.15,28.15,28.15,79.0,32.32,10000.0,0.49,85.0,6.85,9.82,261.0,1005.0,0,500,Rain,light rain,10n
2025-07-19 19:35:58,Kien Giang-Rach Gia,Rach Gia,28.15,28.15,28.15,79.0,32.32,10000.0,0.49,85.0,6.85,9.82,261.0,1005.0,0,500,Rain,light rain,10n
2025-07-19 19:39:43,Kien Giang-Rach Gia,Rach Gia,28.06,28.06,28.06,79.0,32.09,10000.0,0.37,100.0,6.64,11.42,267.0,1006.0,0,500,Rain,light rain,10n
2025-07-19 19:43:29,Kien Giang-Rach Gia,Rach Gia,28.06,28.06,28.06,79.0,32.09,10000.0,0.37,100.0,6.64,11.42,267.0,1006.0,0,500,Rain,light rain,10n
2025-07-19 19:47:15,Kien Giang-Rach Gia,Rach Gia,28.07,28.07,28.07,79.0,32.12,10000.0,0.19,100.0,6.64,11.42,267.0,1006.0,0,500,Rain,light rain,10n
2025-07-19 19:51:01,Kien Giang-Rach Gia,Rach Gia,28.07,28.07,28.07,79.0,32.12,10000.0,0.19,100.0,6.64,11.42,267.0,1006.0,0,500,Rain,light rain,10n
2025-07-19 19:54:47,Kien Giang-Rach Gia,Rach Gia,28.07,28.07,28.07,79.0,32.12,10000.0,0.19,100.0,6.64,11.42,267.0,1006.0,0,500,Rain,light rain,10n
2025-07-19 19:58:32,Kien Giang-Rach Gia,Rach Gia,28.07,28.07,28.07,79.0,32.12,10000.0,0.0,100.0,6.64,11.42,267.0,1006.0,0,804,Clouds,overcast clouds,04n
2025-07-19 20:02:18,Kien Giang-Rach Gia,Rach Gia,28.07,28.07,28.07,79.0,32.12,10000.0,0.0,100.0,6.64,11.42,267.0,1006.0,0,804,Clouds,overcast clouds,04n
2025-07-19 20:06:06,Kien Giang-Rach Gia,Rach Gia,28.07,28.07,28.07,79.0,32.12,10000.0,0.0,100.0,6.64,11.42,267.0,1006.0,0,804,Clouds,overcast clouds,04n
2025-07-19 20:09:52,Kien Giang-Rach Gia,Rach Gia,28.03,28.03,28.03,79.0,32.02,10000.0,0.0,100.0,6.64,11.42,267.0,1006.0,0,804,Clouds,overcast clouds,04n
2025-07-19 20:13:38,Kien Giang-Rach Gia,Rach Gia,28.03,28.03,28.03,79.0,32.02,10000.0,0.0,100.0,6.64,11.42,267.0,1006.0,0,804,Clouds,overcast clouds,04n
2025-07-19 20:17:25,Kien Giang-Rach Gia,Rach Gia,28.03,28.03,28.03,79.0,32.02,10000.0,0.0,100.0,6.64,11.42,267.0,1006.0,0,804,Clouds,overcast clouds,04n
2025-07-19 20:21:11,Kien Giang-Rach Gia,Rach Gia,28.03,28.03,28.03,79.0,32.02,10000.0,0.0,100.0,6.64,11.42,267.0,1006.0,0,804,Clouds,overcast clouds,04n
2025-07-19 20:24:56,Kien Giang-Rach Gia,Rach Gia,28.03,28.03,28.03,79.0,32.02,10000.0,0.0,100.0,6.64,11.42,267.0,1006.0,0,804,Clouds,overcast clouds,04n
2025-07-19 20:28:42,Kien Giang-Rach Gia,Rach Gia,28.03,28.03,28.03,79.0,32.02,10000.0,0.0,100.0,6.64,11.42,267.0,1006.0,0,804,Clouds,overcast clouds,04n
2025-07-19 20:32:27,Kien Giang-Rach Gia,Rach Gia,28.03,28.03,28.03,79.0,32.02,10000.0,0.0,100.0,6.64,11.42,267.0,1006.0,0,804,Clouds,overcast clouds,04n
2025-07-19 20:36:13,Kien Giang-Rach Gia,Rach Gia,28.03,28.03,28.03,79.0,32.02,10000.0,0.0,100.0,6.64,11.42,267.0,1006.0,0,804,Clouds,overcast clouds,04n
2025-07-19 20:40:00,Kien Giang-Rach Gia,Rach Gia,27.97,27.97,27.97,74.0,31.15,10000.0,0.0,100.0,6.07,11.81,258.0,1006.0,0,804,Clouds,overcast clouds,04n
2025-07-19 20:43:46,Kien Giang-Rach Gia,Rach Gia,27.97,27.97,27.97,74.0,31.15,10000.0,0.0,100.0,6.07,11.81,258.0,1006.0,0,804,Clouds,overcast clouds,04n
2025-07-19 20:47:32,Kien Giang-Rach Gia,Rach Gia,27.98,27.98,27.98,74.0,31.17,10000.0,0.0,100.0,6.07,11.81,258.0,1006.0,0,804,Clouds,overcast clouds,04n
2025-07-19 20:55:20,Kien Giang-Rach Gia,Rach Gia,27.98,27.98,27.98,74.0,31.17,10000.0,0.0,100.0,6.07,11.81,258.0,1006.0,0,804,Clouds,overcast clouds,04n
2025-07-19 20:59:06,Kien Giang-Rach Gia,Rach Gia,27.98,27.98,27.98,74.0,31.17,10000.0,0.0,100.0,6.07,11.81,258.0,1006.0,0,804,Clouds,overcast clouds,04n
2025-07-19 21:02:52,Kien Giang-Rach Gia,Rach Gia,27.98,27.98,27.98,74.0,31.17,10000.0,0.0,100.0,6.07,11.81,258.0,1006.0,0,804,Clouds,overcast clouds,04n
2025-07-19 21:06:38,Kien Giang-Rach Gia,Rach Gia,27.94,27.94,27.94,75.0,31.22,10000.0,0.0,100.0,6.07,11.81,258.0,1006.0,0,804,Clouds,overcast clouds,04n
2025-07-19 21:10:31,Kien Giang-Rach Gia,Rach Gia,27.94,27.94,27.94,75.0,31.22,10000.0,0.0,100.0,6.07,11.81,258.0,1006.0,0,804,Clouds,overcast clouds,04n
2025-07-19 21:14:24,Kien Giang-Rach Gia,Rach Gia,27.94,27.94,27.94,75.0,31.22,10000.0,0.0,100.0,6.07,11.81,258.0,1006.0,0,804,Clouds,overcast clouds,04n
2025-07-19 21:18:13,Kien Giang-Rach Gia,Rach Gia,27.94,27.94,27.94,75.0,31.22,10000.0,0.0,100.0,6.07,11.81,258.0,1006.0,0,804,Clouds,overcast clouds,04n
2025-07-19 21:22:03,Kien Giang-Rach Gia,Rach Gia,27.94,27.94,27.94,75.0,31.22,10000.0,0.0,100.0,6.07,11.81,258.0,1006.0,0,804,Clouds,overcast clouds,04n
2025-07-19 21:25:53,Kien Giang-Rach Gia,Rach Gia,27.94,27.94,27.94,75.0,31.22,10000.0,0.0,100.0,6.07,11.81,258.0,1006.0,0,804,Clouds,overcast clouds,04n
2025-07-19 21:33:23,Kien Giang-Rach Gia,Rach Gia,28.13,28.13,28.13,76.0,31.8,10000.0,0.0,100.0,6.02,10.03,264.0,1006.0,0,804,Clouds,overcast clouds,04n
2025-07-19 21:37:12,Kien Giang-Rach Gia,Rach Gia,28.13,28.13,28.13,76.0,31.8,10000.0,0.0,100.0,6.02,10.03,264.0,1006.0,0,804,Clouds,overcast clouds,04n
2025-07-19 21:40:58,Kien Giang-Rach Gia,Rach Gia,28.13,28.13,28.13,76.0,31.8,10000.0,0.0,100.0,6.02,10.03,264.0,1006.0,0,804,Clouds,overcast clouds,04n
2025-07-19 21:44:46,Kien Giang-Rach Gia,Rach Gia,28.13,28.13,28.13,76.0,31.8,10000.0,0.0,100.0,6.02,10.03,264.0,1006.0,0,804,Clouds,overcast clouds,04n
2025-07-19 21:48:33,Kien Giang-Rach Gia,Rach Gia,28.14,28.14,28.14,76.0,31.82,10000.0,0.0,100.0,6.02,10.03,264.0,1006.0,0,804,Clouds,overcast clouds,04n
2025-07-19 21:56:03,Kien Giang-Rach Gia,Rach Gia,28.14,28.14,28.14,76.0,31.82,10000.0,0.0,100.0,6.02,10.03,264.0,1006.0,0,804,Clouds,overcast clouds,04n
2025-07-19 21:59:51,Kien Giang-Rach Gia,Rach Gia,28.14,28.14,28.14,76.0,31.82,10000.0,0.0,100.0,6.02,10.03,264.0,1006.0,0,804,Clouds,overcast clouds,04n
2025-07-19 22:50:47,Kien Giang-Rach Gia,Rach Gia,27.75,27.75,27.75,78.0,31.21,9972.0,0.0,100.0,7.66,10.31,276.0,1006.0,0,804,Clouds,overcast clouds,04n
2025-07-20 17:46:41,Kien Giang-Rach Gia,Rach Gia,27.78,27.78,27.78,79.0,31.42,9500.0,0.0,100.0,7.71,10.99,254.0,1004.0,1,804,Clouds,overcast clouds,04d
2025-07-20 17:50:26,Kien Giang-Rach Gia,Rach Gia,27.78,27.78,27.78,79.0,31.42,9500.0,0.0,100.0,7.71,10.99,254.0,1004.0,1,804,Clouds,overcast clouds,04d
2025-07-20 17:54:12,Kien Giang-Rach Gia,Rach Gia,27.78,27.78,27.78,79.0,31.42,9500.0,0.0,100.0,7.71,10.99,254.0,1004.0,1,804,Clouds,overcast clouds,04d
2025-07-20 17:57:57,Kien Giang-Rach Gia,Rach Gia,27.78,27.78,27.78,79.0,31.42,9500.0,0.0,100.0,7.71,10.99,254.0,1004.0,1,804,Clouds,overcast clouds,04d
2025-07-20 18:01:42,Kien Giang-Rach Gia,Rach Gia,27.78,27.78,27.78,79.0,31.42,9500.0,0.0,100.0,7.71,10.99,254.0,1004.0,1,804,Clouds,overcast clouds,04d
2025-07-20 18:05:32,Kien Giang-Rach Gia,Rach Gia,27.78,27.78,27.78,79.0,31.42,9500.0,0.0,100.0,7.71,10.99,254.0,1004.0,1,804,Clouds,overcast clouds,04d
2025-07-20 18:09:17,Kien Giang-Rach Gia,Rach Gia,27.78,27.78,27.78,79.0,31.42,9500.0,0.0,100.0,7.71,10.99,254.0,1004.0,1,804,Clouds,overcast clouds,04d
2025-07-20 18:13:03,Kien Giang-Rach Gia,Rach Gia,27.78,27.78,27.78,79.0,31.42,9500.0,0.0,100.0,7.71,10.99,254.0,1004.0,1,804,Clouds,overcast clouds,04d
2025-07-20 18:16:50,Kien Giang-Rach Gia,Rach Gia,27.78,27.78,27.78,79.0,31.42,9500.0,0.0,100.0,7.71,10.99,254.0,1004.0,1,804,Clouds,overcast clouds,04d
2025-07-20 18:20:36,Kien Giang-Rach Gia,Rach Gia,27.78,27.78,27.78,79.0,31.42,9500.0,0.0,100.0,7.71,10.99,254.0,1004.0,1,804,Clouds,overcast clouds,04d
2025-07-20 18:24:21,Kien Giang-Rach Gia,Rach Gia,27.78,27.78,27.78,79.0,31.42,9500.0,0.0,100.0,7.71,10.99,254.0,1004.0,1,804,Clouds,overcast clouds,04d
2025-07-20 18:28:06,Kien Giang-Rach Gia,Rach Gia,27.78,27.78,27.78,79.0,31.42,9500.0,0.0,100.0,7.71,10.99,254.0,1004.0,0,804,Clouds,overcast clouds,04n
2025-07-20 18:31:53,Kien Giang-Rach Gia,Rach Gia,27.59,27.59,27.59,81.0,31.23,10000.0,0.0,100.0,8.23,12.6,250.0,1005.0,0,804,Clouds,overcast clouds,04n
2025-07-20 18:35:39,Kien Giang-Rach Gia,Rach Gia,27.59,27.59,27.59,81.0,31.23,10000.0,0.0,100.0,8.23,12.6,250.0,1005.0,0,804,Clouds,overcast clouds,04n
2025-07-20 18:39:25,Kien Giang-Rach Gia,Rach Gia,27.59,27.59,27.59,81.0,31.23,10000.0,0.0,100.0,8.23,12.6,250.0,1005.0,0,804,Clouds,overcast clouds,04n
2025-07-20 18:43:10,Kien Giang-Rach Gia,Rach Gia,27.59,27.59,27.59,81.0,31.23,10000.0,0.0,100.0,7.88,12.41,246.0,1005.0,0,804,Clouds,overcast clouds,04n
2025-07-20 18:46:56,Kien Giang-Rach Gia,Rach Gia,27.59,27.59,27.59,81.0,31.23,10000.0,0.0,100.0,7.88,12.41,246.0,1005.0,0,804,Clouds,overcast clouds,04n
2025-07-20 18:50:41,Kien Giang-Rach Gia,Rach Gia,27.59,27.59,27.59,81.0,31.23,10000.0,0.0,100.0,7.88,12.41,246.0,1005.0,0,804,Clouds,overcast clouds,04n
2025-07-20 18:54:27,Kien Giang-Rach Gia,Rach Gia,27.59,27.59,27.59,81.0,31.23,10000.0,0.0,100.0,7.88,12.41,246.0,1005.0,0,804,Clouds,overcast clouds,04n
2025-07-20 18:58:12,Kien Giang-Rach Gia,Rach Gia,27.59,27.59,27.59,81.0,31.23,10000.0,0.0,100.0,7.88,12.41,246.0,1005.0,0,804,Clouds,overcast clouds,04n
2025-07-20 19:01:57,Kien Giang-Rach Gia,Rach Gia,27.59,27.59,27.59,81.0,31.23,10000.0,0.0,100.0,7.88,12.41,246.0,1005.0,0,804,Clouds,overcast clouds,04n
2025-07-20 19:05:44,Kien Giang-Rach Gia,Rach Gia,27.59,27.59,27.59,81.0,31.23,10000.0,0.0,100.0,7.88,12.41,246.0,1005.0,0,804,Clouds,overcast clouds,04n
2025-07-20 19:09:30,Kien Giang-Rach Gia,Rach Gia,27.59,27.59,27.59,81.0,31.23,10000.0,0.0,100.0,7.88,12.41,246.0,1005.0,0,804,Clouds,overcast clouds,04n
2025-07-20 19:13:15,Kien Giang-Rach Gia,Rach Gia,27.59,27.59,27.59,81.0,31.23,10000.0,0.0,100.0,7.88,12.41,246.0,1005.0,0,804,Clouds,overcast clouds,04n
2025-07-20 19:17:05,Kien Giang-Rach Gia,Rach Gia,27.59,27.59,27.59,81.0,31.23,10000.0,0.0,100.0,7.88,12.41,246.0,1005.0,0,804,Clouds,overcast clouds,04n
2025-07-20 19:20:51,Kien Giang-Rach Gia,Rach Gia,27.59,27.59,27.59,81.0,31.23,10000.0,0.0,100.0,7.88,12.41,246.0,1005.0,0,804,Clouds,overcast clouds,04n
2025-07-20 19:24:36,Kien Giang-Rach Gia,Rach Gia,27.59,27.59,27.59,81.0,31.23,10000.0,0.0,100.0,7.88,12.41,246.0,1005.0,0,804,Clouds,overcast clouds,04n
2025-07-20 19:28:21,Kien Giang-Rach Gia,Rach Gia,27.59,27.59,27.59,81.0,31.23,10000.0,0.0,100.0,7.88,12.41,246.0,1005.0,0,804,Clouds,overcast clouds,04n
2025-07-20 19:32:08,Kien Giang-Rach Gia,Rach Gia,28.08,28.08,28.08,80.0,32.3,10000.0,0.0,100.0,8.16,12.88,250.0,1006.0,0,804,Clouds,overcast clouds,04n
2025-07-20 19:35:53,Kien Giang-Rach Gia,Rach Gia,28.08,28.08,28.08,80.0,32.3,10000.0,0.0,100.0,8.16,12.88,250.0,1006.0,0,804,Clouds,overcast clouds,04n
2025-07-20 19:39:39,Kien Giang-Rach Gia,Rach Gia,27.38,27.38,27.38,81.0,30.72,10000.0,0.0,100.0,8.16,12.88,250.0,1006.0,0,804,Clouds,overcast clouds,04n
2025-07-20 19:43:25,Kien Giang-Rach Gia,Rach Gia,27.38,27.38,27.38,81.0,30.72,10000.0,0.0,100.0,8.16,12.88,250.0,1006.0,0,804,Clouds,overcast clouds,04n
2025-07-20 19:47:11,Kien Giang-Rach Gia,Rach Gia,27.38,27.38,27.38,81.0,30.72,10000.0,0.0,100.0,8.16,12.88,250.0,1006.0,0,804,Clouds,overcast clouds,04n
2025-07-20 19:50:59,Kien Giang-Rach Gia,Rach Gia,27.39,27.39,27.39,81.0,30.74,10000.0,0.0,100.0,8.16,12.88,250.0,1006.0,0,804,Clouds,overcast clouds,04n
2025-07-20 19:54:45,Kien Giang-Rach Gia,Rach Gia,27.39,27.39,27.39,81.0,30.74,10000.0,0.0,100.0,8.16,12.88,250.0,1006.0,0,804,Clouds,overcast clouds,04n
2025-07-20 19:58:30,Kien Giang-Rach Gia,Rach Gia,27.39,27.39,27.39,81.0,30.74,10000.0,0.0,100.0,8.16,12.88,250.0,1006.0,0,804,Clouds,overcast clouds,04n
2025-07-20 20:02:16,Kien Giang-Rach Gia,Rach Gia,27.36,27.36,27.36,81.0,30.67,10000.0,0.64,100.0,8.16,12.88,250.0,1006.0,0,500,Rain,light rain,10n
2025-07-20 20:06:03,Kien Giang-Rach Gia,Rach Gia,27.36,27.36,27.36,81.0,30.67,10000.0,0.63,100.0,8.16,12.88,250.0,1006.0,0,500,Rain,light rain,10n
2025-07-20 20:09:51,Kien Giang-Rach Gia,Rach Gia,27.36,27.36,27.36,81.0,30.67,10000.0,0.75,100.0,8.16,12.88,250.0,1006.0,0,500,Rain,light rain,10n
2025-07-20 20:13:37,Kien Giang-Rach Gia,Rach Gia,27.36,27.36,27.36,81.0,30.67,10000.0,0.75,100.0,8.16,12.88,250.0,1006.0,0,500,Rain,light rain,10n
2025-07-20 20:17:22,Kien Giang-Rach Gia,Rach Gia,27.36,27.36,27.36,81.0,30.67,10000.0,0.75,100.0,8.16,12.88,250.0,1006.0,0,500,Rain,light rain,10n
2025-07-20 20:21:07,Kien Giang-Rach Gia,Rach Gia,27.36,27.36,27.36,81.0,30.67,10000.0,0.72,100.0,8.16,12.88,250.0,1006.0,0,500,Rain,light rain,10n
2025-07-20 20:24:53,Kien Giang-Rach Gia,Rach Gia,27.36,27.36,27.36,81.0,30.67,10000.0,0.87,100.0,8.16,12.88,250.0,1006.0,0,500,Rain,light rain,10n
2025-07-20 20:28:39,Kien Giang-Rach Gia,Rach Gia,27.36,27.36,27.36,81.0,30.67,10000.0,0.72,100.0,8.16,12.88,250.0,1006.0,0,500,Rain,light rain,10n
2025-07-20 20:32:27,Kien Giang-Rach Gia,Rach Gia,27.47,27.47,27.47,80.0,30.81,10000.0,0.92,100.0,9.47,12.87,252.0,1007.0,0,500,Rain,light rain,10n
2025-07-20 20:36:13,Kien Giang-Rach Gia,Rach Gia,27.47,27.47,27.47,80.0,30.81,10000.0,0.92,100.0,9.47,12.87,252.0,1007.0,0,500,Rain,light rain,10n
2025-07-20 20:40:00,Kien Giang-Rach Gia,Rach Gia,27.47,27.47,27.47,80.0,30.81,10000.0,1.33,100.0,9.47,12.87,252.0,1007.0,0,501,Rain,moderate rain,10n
2025-07-20 20:43:48,Kien Giang-Rach Gia,Rach Gia,27.47,27.47,27.47,80.0,30.81,10000.0,0.92,100.0,9.47,12.87,252.0,1007.0,0,500,Rain,light rain,10n
2025-07-20 20:47:33,Kien Giang-Rach Gia,Rach Gia,27.47,27.47,27.47,80.0,30.81,10000.0,0.87,100.0,9.47,12.87,252.0,1007.0,0,500,Rain,light rain,10n
2025-07-20 20:51:20,Kien Giang-Rach Gia,Rach Gia,27.47,27.47,27.47,80.0,30.81,10000.0,0.87,100.0,9.47,12.87,252.0,1007.0,0,500,Rain,light rain,10n
2025-07-20 20:55:08,Kien Giang-Rach Gia,Rach Gia,27.47,27.47,27.47,80.0,30.81,10000.0,0.87,100.0,9.47,12.87,252.0,1007.0,0,500,Rain,light rain,10n
2025-07-20 20:58:56,Kien Giang-Rach Gia,Rach Gia,27.47,27.47,27.47,80.0,30.81,10000.0,0.31,100.0,9.47,12.87,252.0,1007.0,0,500,Rain,light rain,10n
2025-07-20 21:02:42,Kien Giang-Rach Gia,Rach Gia,27.47,27.47,27.47,80.0,30.81,10000.0,0.87,100.0,9.47,12.87,252.0,1007.0,0,500,Rain,light rain,10n
2025-07-20 21:06:29,Kien Giang-Rach Gia,Rach Gia,27.47,27.47,27.47,80.0,30.81,10000.0,0.31,100.0,9.47,12.87,252.0,1007.0,0,500,Rain,light rain,10n
2025-07-20 21:10:15,Kien Giang-Rach Gia,Rach Gia,27.45,27.45,27.45,81.0,30.89,10000.0,0.27,100.0,9.47,12.87,252.0,1007.0,0,500,Rain,light rain,10n
2025-07-20 21:14:12,Kien Giang-Rach Gia,Rach Gia,27.45,27.45,27.45,81.0,30.89,10000.0,0.27,100.0,9.47,12.87,252.0,1007.0,0,500,Rain,light rain,10n
2025-07-20 21:18:16,Kien Giang-Rach Gia,Rach Gia,27.45,27.45,27.45,81.0,30.89,10000.0,0.21,100.0,9.47,12.87,252.0,1007.0,0,500,Rain,light rain,10n
2025-07-20 21:22:05,Kien Giang-Rach Gia,Rach Gia,27.45,27.45,27.45,81.0,30.89,10000.0,0.21,100.0,9.47,12.87,252.0,1007.0,0,500,Rain,light rain,10n
2025-07-20 21:25:53,Kien Giang-Rach Gia,Rach Gia,27.45,27.45,27.45,81.0,30.89,10000.0,0.21,100.0,9.47,12.87,252.0,1007.0,0,500,Rain,light rain,10n
2025-07-20 21:29:41,Kien Giang-Rach Gia,Rach Gia,27.45,27.45,27.45,81.0,30.89,10000.0,0.21,100.0,9.47,12.87,252.0,1007.0,0,500,Rain,light rain,10n
2025-07-20 21:33:29,Kien Giang-Rach Gia,Rach Gia,27.22,27.22,27.22,82.0,30.45,6382.0,0.13,100.0,9.8,13.15,253.0,1007.0,0,500,Rain,light rain,10n
2025-07-20 21:40:58,Kien Giang-Rach Gia,Rach Gia,27.22,27.22,27.22,82.0,30.45,6382.0,0.13,100.0,9.8,13.15,253.0,1007.0,0,500,Rain,light rain,10n
2025-07-20 21:44:44,Kien Giang-Rach Gia,Rach Gia,27.22,27.22,27.22,82.0,30.45,6382.0,0.0,100.0,9.8,13.15,253.0,1007.0,0,804,Clouds,overcast clouds,04n
2025-07-20 21:48:30,Kien Giang-Rach Gia,Rach Gia,27.22,27.22,27.22,82.0,30.45,6382.0,0.0,100.0,9.8,13.15,253.0,1007.0,0,804,Clouds,overcast clouds,04n
2025-07-20 21:52:17,Kien Giang-Rach Gia,Rach Gia,27.22,27.22,27.22,82.0,30.45,6382.0,0.0,100.0,9.8,13.15,253.0,1007.0,0,804,Clouds,overcast clouds,04n
2025-07-20 21:56:03,Kien Giang-Rach Gia,Rach Gia,27.22,27.22,27.22,82.0,30.45,6382.0,0.0,100.0,9.8,13.15,253.0,1007.0,0,804,Clouds,overcast clouds,04n
2025-07-20 21:59:51,Kien Giang-Rach Gia,Rach Gia,27.22,27.22,27.22,82.0,30.45,6382.0,0.0,100.0,9.8,13.15,253.0,1007.0,0,804,Clouds,overcast clouds,04n
2025-07-20 22:03:38,Kien Giang-Rach Gia,Rach Gia,27.22,27.22,27.22,82.0,30.45,6382.0,0.0,100.0,9.8,13.15,253.0,1007.0,0,804,Clouds,overcast clouds,04n
2025-07-20 22:11:34,Kien Giang-Rach Gia,Rach Gia,27.2,27.2,27.2,82.0,30.4,6382.0,0.0,100.0,9.8,13.15,253.0,1007.0,0,804,Clouds,overcast clouds,04n
2025-07-20 22:15:46,Kien Giang-Rach Gia,Rach Gia,27.2,27.2,27.2,82.0,30.4,6382.0,0.0,100.0,9.8,13.15,253.0,1007.0,0,804,Clouds,overcast clouds,04n
2025-07-20 22:19:54,Kien Giang-Rach Gia,Rach Gia,27.2,27.2,27.2,82.0,30.4,6382.0,0.0,100.0,9.8,13.15,253.0,1007.0,0,804,Clouds,overcast clouds,04n
2025-07-20 22:27:52,Kien Giang-Rach Gia,Rach Gia,27.2,27.2,27.2,82.0,30.4,6382.0,0.0,100.0,9.8,13.15,253.0,1007.0,0,804,Clouds,overcast clouds,04n
2025-07-20 22:55:40,Kien Giang-Rach Gia,Rach Gia,27.54,27.54,27.54,82.0,31.23,10000.0,0.11,100.0,8.95,13.02,258.0,1007.0,0,500,Rain,light rain,10n
2025-07-20 22:59:37,Kien Giang-Rach Gia,Rach Gia,27.54,27.54,27.54,82.0,31.23,10000.0,0.11,100.0,8.95,13.02,258.0,1007.0,0,500,Rain,light rain,10n
2025-07-20 23:37:57,Kien Giang-Rach Gia,Rach Gia,27.34,27.34,27.34,82.0,30.74,10000.0,0.0,100.0,8.85,14.07,259.0,1007.0,0,804,Clouds,overcast clouds,04n
2025-07-21 07:17:04,Kien Giang-Rach Gia,Rach Gia,27.75,27.75,27.75,81.0,31.62,10000.0,0.0,100.0,7.57,11.67,271.0,1007.0,1,804,Clouds,overcast clouds,04d
2025-07-21 08:38:54,Kien Giang-Rach Gia,Rach Gia,27.87,27.87,27.87,79.0,31.63,10000.0,0.0,100.0,8.05,12.96,258.0,1008.0,1,804,Clouds,overcast clouds,04d
2025-07-21 09:20:46,Kien Giang-Rach Gia,Rach Gia,27.93,27.93,27.93,79.0,31.78,10000.0,0.0,100.0,8.05,12.96,258.0,1008.0,1,804,Clouds,overcast clouds,04d
2025-07-21 09:25:32,Kien Giang-Rach Gia,Rach Gia,27.93,27.93,27.93,79.0,31.78,10000.0,0.0,100.0,8.05,12.96,258.0,1008.0,1,804,Clouds,overcast clouds,04d
2025-07-21 09:37:13,Kien Giang-Rach Gia,Rach Gia,27.9,27.9,27.9,78.0,31.56,10000.0,0.0,100.0,7.73,13.55,258.0,1008.0,1,804,Clouds,overcast clouds,04d
2025-07-21 09:40:59,Kien Giang-Rach Gia,Rach Gia,27.9,27.9,27.9,78.0,31.56,10000.0,0.0,100.0,7.73,13.55,258.0,1008.0,1,804,Clouds,overcast clouds,04d
2025-07-21 09:44:52,Kien Giang-Rach Gia,Rach Gia,27.9,27.9,27.9,78.0,31.56,10000.0,0.0,100.0,7.73,13.55,258.0,1008.0,1,804,Clouds,overcast clouds,04d
2025-07-21 09:48:52,Kien Giang-Rach Gia,Rach Gia,27.89,27.89,27.89,78.0,31.54,10000.0,0.0,100.0,7.73,13.55,258.0,1008.0,1,804,Clouds,overcast clouds,04d
2025-07-21 09:52:59,Kien Giang-Rach Gia,Rach Gia,27.89,27.89,27.89,78.0,31.54,10000.0,0.0,100.0,7.73,13.55,258.0,1008.0,1,804,Clouds,overcast clouds,04d
2025-07-21 09:57:22,Kien Giang-Rach Gia,Rach Gia,27.89,27.89,27.89,78.0,31.54,10000.0,0.0,100.0,7.73,13.55,258.0,1008.0,1,804,Clouds,overcast clouds,04d
2025-07-21 10:05:08,Kien Giang-Rach Gia,Rach Gia,27.9,27.9,27.9,78.0,31.56,10000.0,0.0,100.0,7.73,13.55,258.0,1008.0,1,804,Clouds,overcast clouds,04d
2025-07-21 10:08:56,Kien Giang-Rach Gia,Rach Gia,27.9,27.9,27.9,78.0,31.56,10000.0,0.0,100.0,7.73,13.55,258.0,1008.0,1,804,Clouds,overcast clouds,04d
2025-07-21 10:12:42,Kien Giang-Rach Gia,Rach Gia,27.9,27.9,27.9,78.0,31.56,10000.0,0.0,100.0,7.73,13.55,258.0,1008.0,1,804,Clouds,overcast clouds,04d
2025-07-21 10:16:28,Kien Giang-Rach Gia,Rach Gia,27.9,27.9,27.9,78.0,31.56,10000.0,0.0,100.0,7.73,13.55,258.0,1008.0,1,804,Clouds,overcast clouds,04d
2025-07-21 10:20:15,Kien Giang-Rach Gia,Rach Gia,27.9,27.9,27.9,78.0,31.56,10000.0,0.0,100.0,7.73,13.55,258.0,1008.0,1,804,Clouds,overcast clouds,04d
2025-07-21 10:24:01,Kien Giang-Rach Gia,Rach Gia,27.9,27.9,27.9,78.0,31.56,10000.0,0.0,100.0,7.73,13.55,258.0,1008.0,1,804,Clouds,overcast clouds,04d
2025-07-21 10:27:48,Kien Giang-Rach Gia,Rach Gia,27.9,27.9,27.9,78.0,31.56,10000.0,0.0,100.0,7.73,13.55,258.0,1008.0,1,804,Clouds,overcast clouds,04d
2025-07-21 10:31:33,Kien Giang-Rach Gia,Rach Gia,28.47,28.47,28.47,78.0,32.94,10000.0,0.0,100.0,7.56,13.15,260.0,1008.0,1,804,Clouds,overcast clouds,04d
2025-07-21 10:35:21,Kien Giang-Rach Gia,Rach Gia,28.47,28.47,28.47,78.0,32.94,10000.0,0.0,100.0,7.56,13.15,260.0,1008.0,1,804,Clouds,overcast clouds,04d
2025-07-21 10:39:07,Kien Giang-Rach Gia,Rach Gia,28.47,28.47,28.47,78.0,32.94,10000.0,0.0,100.0,7.56,13.15,260.0,1008.0,1,804,Clouds,overcast clouds,04d
2025-07-21 10:43:07,Kien Giang-Rach Gia,Rach Gia,28.47,28.47,28.47,78.0,32.94,10000.0,0.0,100.0,7.56,13.15,260.0,1008.0,1,804,Clouds,overcast clouds,04d
2025-07-21 10:46:57,Kien Giang-Rach Gia,Rach Gia,28.47,28.47,28.47,78.0,32.94,10000.0,0.0,100.0,7.56,13.15,260.0,1008.0,1,804,Clouds,overcast clouds,04d
2025-07-21 10:50:42,Kien Giang-Rach Gia,Rach Gia,28.47,28.47,28.47,78.0,32.94,10000.0,0.0,100.0,7.56,13.15,260.0,1008.0,1,804,Clouds,overcast clouds,04d
2025-07-21 10:54:28,Kien Giang-Rach Gia,Rach Gia,28.47,28.47,28.47,78.0,32.94,10000.0,0.0,100.0,7.56,13.15,260.0,1008.0,1,804,Clouds,overcast clouds,04d
2025-07-21 10:58:16,Kien Giang-Rach Gia,Rach Gia,28.51,28.51,28.51,78.0,33.04,10000.0,0.0,100.0,7.56,13.15,260.0,1008.0,1,804,Clouds,overcast clouds,04d
2025-07-21 11:02:04,Kien Giang-Rach Gia,Rach Gia,28.53,28.53,28.53,78.0,33.1,10000.0,0.19,100.0,7.56,13.15,260.0,1008.0,1,500,Rain,light rain,10d
2025-07-21 11:05:50,Kien Giang-Rach Gia,Rach Gia,28.53,28.53,28.53,78.0,33.1,10000.0,0.19,100.0,7.56,13.15,260.0,1008.0,1,500,Rain,light rain,10d
2025-07-21 11:09:36,Kien Giang-Rach Gia,Rach Gia,28.53,28.53,28.53,78.0,33.1,10000.0,0.0,100.0,7.56,13.15,260.0,1008.0,1,804,Clouds,overcast clouds,04d
2025-07-21 11:13:23,Kien Giang-Rach Gia,Rach Gia,28.53,28.53,28.53,78.0,33.1,10000.0,0.0,100.0,7.56,13.15,260.0,1008.0,1,804,Clouds,overcast clouds,04d
2025-07-21 11:17:08,Kien Giang-Rach Gia,Rach Gia,28.53,28.53,28.53,78.0,33.1,10000.0,0.0,100.0,7.56,13.15,260.0,1008.0,1,804,Clouds,overcast clouds,04d
2025-07-21 11:20:54,Kien Giang-Rach Gia,Rach Gia,28.53,28.53,28.53,78.0,33.1,10000.0,0.0,100.0,7.56,13.15,260.0,1008.0,1,804,Clouds,overcast clouds,04d
2025-07-21 11:24:41,Kien Giang-Rach Gia,Rach Gia,28.53,28.53,28.53,78.0,33.1,10000.0,0.0,100.0,7.56,13.15,260.0,1008.0,1,804,Clouds,overcast clouds,04d
2025-07-21 11:28:26,Kien Giang-Rach Gia,Rach Gia,28.53,28.53,28.53,78.0,33.1,10000.0,0.0,100.0,7.56,13.15,260.0,1008.0,1,804,Clouds,overcast clouds,04d
2025-07-21 11:32:13,Kien Giang-Rach Gia,Rach Gia,28.53,28.53,28.53,78.0,33.1,10000.0,0.0,100.0,7.56,13.15,260.0,1008.0,1,804,Clouds,overcast clouds,04d
2025-07-21 11:35:59,Kien Giang-Rach Gia,Rach Gia,28.94,28.94,28.94,76.0,33.75,10000.0,0.0,100.0,8.51,11.84,264.0,1007.0,1,804,Clouds,overcast clouds,04d
2025-07-21 11:39:45,Kien Giang-Rach Gia,Rach Gia,28.94,28.94,28.94,76.0,33.75,10000.0,0.0,100.0,8.51,11.84,264.0,1007.0,1,804,Clouds,overcast clouds,04d
2025-07-21 11:43:31,Kien Giang-Rach Gia,Rach Gia,28.94,28.94,28.94,76.0,33.75,10000.0,0.0,100.0,8.51,11.84,264.0,1007.0,1,804,Clouds,overcast clouds,04d
2025-07-21 11:47:17,Kien Giang-Rach Gia,Rach Gia,28.94,28.94,28.94,76.0,33.75,10000.0,0.0,100.0,8.51,11.84,264.0,1007.0,1,804,Clouds,overcast clouds,04d
2025-07-21 11:51:03,Kien Giang-Rach Gia,Rach Gia,28.94,28.94,28.94,76.0,33.75,10000.0,0.0,100.0,8.51,11.84,264.0,1007.0,1,804,Clouds,overcast clouds,04d
2025-07-21 11:54:49,Kien Giang-Rach Gia,Rach Gia,28.9,28.9,28.9,76.0,33.65,10000.0,0.0,100.0,8.51,11.84,264.0,1007.0,1,804,Clouds,overcast clouds,04d
2025-07-21 11:58:34,Kien Giang-Rach Gia,Rach Gia,28.9,28.9,28.9,76.0,33.65,10000.0,0.0,100.0,8.51,11.84,264.0,1007.0,1,804,Clouds,overcast clouds,04d
2025-07-21 12:02:21,Kien Giang-Rach Gia,Rach Gia,28.9,28.9,28.9,76.0,33.65,10000.0,0.0,100.0,8.51,11.84,264.0,1007.0,1,804,Clouds,overcast clouds,04d
2025-07-21 12:06:07,Kien Giang-Rach Gia,Rach Gia,28.9,28.9,28.9,76.0,33.65,10000.0,0.0,100.0,8.51,11.84,264.0,1007.0,1,804,Clouds,overcast clouds,04d
2025-07-21 12:09:52,Kien Giang-Rach Gia,Rach Gia,28.9,28.9,28.9,76.0,33.65,10000.0,0.0,100.0,8.51,11.84,264.0,1007.0,1,804,Clouds,overcast clouds,04d
2025-07-21 12:13:37,Kien Giang-Rach Gia,Rach Gia,28.9,28.9,28.9,76.0,33.65,10000.0,0.0,100.0,8.51,11.84,264.0,1007.0,1,804,Clouds,overcast clouds,04d
2025-07-21 12:17:23,Kien Giang-Rach Gia,Rach Gia,28.9,28.9,28.9,76.0,33.65,10000.0,0.0,100.0,8.51,11.84,264.0,1007.0,1,804,Clouds,overcast clouds,04d
2025-07-21 12:21:08,Kien Giang-Rach Gia,Rach Gia,28.9,28.9,28.9,76.0,33.65,10000.0,0.0,100.0,8.51,11.84,264.0,1007.0,1,804,Clouds,overcast clouds,04d
2025-07-21 12:24:54,Kien Giang-Rach Gia,Rach Gia,28.9,28.9,28.9,76.0,33.65,10000.0,0.0,100.0,8.51,11.84,264.0,1007.0,1,804,Clouds,overcast clouds,04d
2025-07-21 12:28:40,Kien Giang-Rach Gia,Rach Gia,28.9,28.9,28.9,76.0,33.65,10000.0,0.0,100.0,8.51,11.84,264.0,1007.0,1,804,Clouds,overcast clouds,04d
2025-07-21 12:32:26,Kien Giang-Rach Gia,Rach Gia,29.1,29.1,29.1,75.0,33.94,10000.0,0.0,100.0,8.83,10.68,267.0,1007.0,1,804,Clouds,overcast clouds,04d
2025-07-21 12:36:12,Kien Giang-Rach Gia,Rach Gia,29.1,29.1,29.1,75.0,33.94,10000.0,0.0,100.0,8.83,10.68,267.0,1007.0,1,804,Clouds,overcast clouds,04d
2025-07-21 12:39:57,Kien Giang-Rach Gia,Rach Gia,29.1,29.1,29.1,75.0,33.94,10000.0,0.0,100.0,8.83,10.68,267.0,1007.0,1,804,Clouds,overcast clouds,04d
2025-07-21 12:43:43,Kien Giang-Rach Gia,Rach Gia,29.1,29.1,29.1,75.0,33.94,10000.0,0.0,100.0,8.83,10.68,267.0,1007.0,1,804,Clouds,overcast clouds,04d
2025-07-21 12:47:28,Kien Giang-Rach Gia,Rach Gia,29.1,29.1,29.1,75.0,33.94,10000.0,0.0,100.0,8.83,10.68,267.0,1007.0,1,804,Clouds,overcast clouds,04d
2025-07-21 12:51:14,Kien Giang-Rach Gia,Rach Gia,29.1,29.1,29.1,75.0,33.94,10000.0,0.0,100.0,8.83,10.68,267.0,1007.0,1,804,Clouds,overcast clouds,04d
2025-07-21 12:55:00,Kien Giang-Rach Gia,Rach Gia,29.13,29.13,29.13,74.0,33.81,10000.0,0.0,100.0,8.83,10.68,267.0,1007.0,1,804,Clouds,overcast clouds,04d
2025-07-21 12:58:45,Kien Giang-Rach Gia,Rach Gia,29.13,29.13,29.13,74.0,33.81,10000.0,0.0,100.0,8.83,10.68,267.0,1007.0,1,804,Clouds,overcast clouds,04d
2025-07-21 13:02:31,Kien Giang-Rach Gia,Rach Gia,29.13,29.13,29.13,74.0,33.81,10000.0,0.0,100.0,7.3,9.38,258.0,1007.0,1,804,Clouds,overcast clouds,04d
2025-07-21 13:06:16,Kien Giang-Rach Gia,Rach Gia,29.13,29.13,29.13,74.0,33.81,10000.0,0.0,100.0,7.3,9.38,258.0,1007.0,1,804,Clouds,overcast clouds,04d
2025-07-21 13:10:03,Kien Giang-Rach Gia,Rach Gia,29.13,29.13,29.13,74.0,33.81,10000.0,0.0,100.0,7.3,9.38,258.0,1007.0,1,804,Clouds,overcast clouds,04d
2025-07-21 13:13:49,Kien Giang-Rach Gia,Rach Gia,29.13,29.13,29.13,74.0,33.81,10000.0,0.0,100.0,7.3,9.38,258.0,1007.0,1,804,Clouds,overcast clouds,04d
2025-07-21 13:17:35,Kien Giang-Rach Gia,Rach Gia,29.13,29.13,29.13,74.0,33.81,10000.0,0.0,100.0,7.3,9.38,258.0,1007.0,1,804,Clouds,overcast clouds,04d
2025-07-21 13:21:21,Kien Giang-Rach Gia,Rach Gia,29.13,29.13,29.13,74.0,33.81,10000.0,0.0,100.0,7.3,9.38,258.0,1007.0,1,804,Clouds,overcast clouds,04d
2025-07-21 13:25:07,Kien Giang-Rach Gia,Rach Gia,29.13,29.13,29.13,74.0,33.81,10000.0,0.0,100.0,7.3,9.38,258.0,1007.0,1,804,Clouds,overcast clouds,04d
2025-07-21 13:28:52,Kien Giang-Rach Gia,Rach Gia,29.13,29.13,29.13,74.0,33.81,10000.0,0.0,100.0,7.3,9.38,258.0,1007.0,1,804,Clouds,overcast clouds,04d
2025-07-21 13:32:38,Kien Giang-Rach Gia,Rach Gia,29.13,29.13,29.13,74.0,33.81,10000.0,0.0,100.0,7.3,9.38,258.0,1007.0,1,804,Clouds,overcast clouds,04d
2025-07-21 13:36:23,Kien Giang-Rach Gia,Rach Gia,29.13,29.13,29.13,74.0,33.81,10000.0,0.0,100.0,7.3,9.38,258.0,1007.0,1,804,Clouds,overcast clouds,04d
2025-07-21 13:40:09,Kien Giang-Rach Gia,Rach Gia,29.0,29.0,29.0,75.0,33.69,10000.0,0.0,100.0,7.39,11.2,245.0,1006.0,1,804,Clouds,overcast clouds,04d
2025-07-21 13:43:55,Kien Giang-Rach Gia,Rach Gia,29.0,29.0,29.0,75.0,33.69,10000.0,0.0,100.0,7.39,11.2,245.0,1006.0,1,804,Clouds,overcast clouds,04d
2025-07-21 13:47:40,Kien Giang-Rach Gia,Rach Gia,29.0,29.0,29.0,75.0,33.69,10000.0,0.0,100.0,7.39,11.2,245.0,1006.0,1,804,Clouds,overcast clouds,04d
2025-07-21 13:51:25,Kien Giang-Rach Gia,Rach Gia,29.0,29.0,29.0,75.0,33.69,10000.0,0.0,100.0,7.39,11.2,245.0,1006.0,1,804,Clouds,overcast clouds,04d
2025-07-21 13:55:11,Kien Giang-Rach Gia,Rach Gia,29.1,29.1,29.1,73.0,33.53,10000.0,0.0,100.0,7.39,11.2,245.0,1006.0,1,804,Clouds,overcast clouds,04d
2025-07-21 13:58:56,Kien Giang-Rach Gia,Rach Gia,29.1,29.1,29.1,73.0,33.53,10000.0,0.0,100.0,7.39,11.2,245.0,1006.0,1,804,Clouds,overcast clouds,04d
2025-07-21 14:02:42,Kien Giang-Rach Gia,Rach Gia,29.1,29.1,29.1,73.0,33.53,10000.0,0.0,100.0,7.39,11.2,245.0,1006.0,1,804,Clouds,overcast clouds,04d
2025-07-21 14:06:31,Kien Giang-Rach Gia,Rach Gia,29.12,29.12,29.12,73.0,33.58,10000.0,0.0,100.0,7.39,11.2,245.0,1006.0,1,804,Clouds,overcast clouds,04d
2025-07-21 14:10:16,Kien Giang-Rach Gia,Rach Gia,29.12,29.12,29.12,73.0,33.58,10000.0,0.0,100.0,7.39,11.2,245.0,1006.0,1,804,Clouds,overcast clouds,04d
2025-07-21 14:14:02,Kien Giang-Rach Gia,Rach Gia,29.12,29.12,29.12,73.0,33.58,10000.0,0.0,100.0,7.39,11.2,245.0,1006.0,1,804,Clouds,overcast clouds,04d
2025-07-21 14:17:47,Kien Giang-Rach Gia,Rach Gia,29.12,29.12,29.12,73.0,33.58,10000.0,0.0,100.0,7.39,11.2,245.0,1006.0,1,804,Clouds,overcast clouds,04d
2025-07-21 14:21:33,Kien Giang-Rach Gia,Rach Gia,29.12,29.12,29.12,73.0,33.58,10000.0,0.0,100.0,7.39,11.2,245.0,1006.0,1,804,Clouds,overcast clouds,04d
2025-07-21 14:25:19,Kien Giang-Rach Gia,Rach Gia,29.12,29.12,29.12,73.0,33.58,10000.0,0.0,100.0,7.39,11.2,245.0,1006.0,1,804,Clouds,overcast clouds,04d
2025-07-21 14:29:04,Kien Giang-Rach Gia,Rach Gia,29.12,29.12,29.12,73.0,33.58,10000.0,0.0,100.0,7.39,11.2,245.0,1006.0,1,804,Clouds,overcast clouds,04d
2025-07-21 14:32:50,Kien Giang-Rach Gia,Rach Gia,29.12,29.12,29.12,73.0,33.58,10000.0,0.0,100.0,7.39,11.2,245.0,1006.0,1,804,Clouds,overcast clouds,04d
2025-07-21 14:36:35,Kien Giang-Rach Gia,Rach Gia,28.65,28.65,28.65,75.0,32.85,10000.0,0.0,100.0,7.73,11.5,247.0,1005.0,1,804,Clouds,overcast clouds,04d
2025-07-21 14:40:21,Kien Giang-Rach Gia,Rach Gia,28.65,28.65,28.65,75.0,32.85,10000.0,0.0,100.0,7.73,11.5,247.0,1005.0,1,804,Clouds,overcast clouds,04d
2025-07-21 14:44:06,Kien Giang-Rach Gia,Rach Gia,28.65,28.65,28.65,75.0,32.85,10000.0,0.0,100.0,7.73,11.5,247.0,1005.0,1,804,Clouds,overcast clouds,04d
2025-07-21 14:47:51,Kien Giang-Rach Gia,Rach Gia,28.65,28.65,28.65,75.0,32.85,10000.0,0.0,100.0,7.73,11.5,247.0,1005.0,1,804,Clouds,overcast clouds,04d
2025-07-21 14:51:37,Kien Giang-Rach Gia,Rach Gia,28.65,28.65,28.65,75.0,32.85,10000.0,0.0,100.0,7.73,11.5,247.0,1005.0,1,804,Clouds,overcast clouds,04d
2025-07-21 14:55:22,Kien Giang-Rach Gia,Rach Gia,28.65,28.65,28.65,75.0,32.85,10000.0,0.0,100.0,7.73,11.5,247.0,1005.0,1,804,Clouds,overcast clouds,04d
2025-07-21 14:59:08,Kien Giang-Rach Gia,Rach Gia,28.65,28.65,28.65,75.0,32.85,10000.0,0.0,100.0,7.73,11.5,247.0,1005.0,1,804,Clouds,overcast clouds,04d
2025-07-21 15:02:54,Kien Giang-Rach Gia,Rach Gia,28.67,28.67,28.67,75.0,32.89,10000.0,0.0,100.0,7.73,11.5,247.0,1005.0,1,804,Clouds,overcast clouds,04d
2025-07-21 15:06:40,Kien Giang-Rach Gia,Rach Gia,28.67,28.67,28.67,75.0,32.89,10000.0,0.0,100.0,7.73,11.5,247.0,1005.0,1,804,Clouds,overcast clouds,04d
2025-07-21 15:10:26,Kien Giang-Rach Gia,Rach Gia,28.67,28.67,28.67,75.0,32.89,10000.0,0.0,100.0,7.73,11.5,247.0,1005.0,1,804,Clouds,overcast clouds,04d
2025-07-21 15:14:12,Kien Giang-Rach Gia,Rach Gia,28.67,28.67,28.67,75.0,32.89,10000.0,0.0,100.0,7.73,11.5,247.0,1005.0,1,804,Clouds,overcast clouds,04d
2025-07-21 15:17:57,Kien Giang-Rach Gia,Rach Gia,28.67,28.67,28.67,75.0,32.89,10000.0,0.0,100.0,7.73,11.5,247.0,1005.0,1,804,Clouds,overcast clouds,04d
2025-07-21 15:21:42,Kien Giang-Rach Gia,Rach Gia,28.67,28.67,28.67,75.0,32.89,10000.0,0.0,100.0,7.73,11.5,247.0,1005.0,1,804,Clouds,overcast clouds,04d
2025-07-21 15:25:28,Kien Giang-Rach Gia,Rach Gia,28.67,28.67,28.67,75.0,32.89,10000.0,0.0,100.0,7.73,11.5,247.0,1005.0,1,804,Clouds,overcast clouds,04d
2025-07-21 15:29:14,Kien Giang-Rach Gia,Rach Gia,28.67,28.67,28.67,75.0,32.89,10000.0,0.0,100.0,7.73,11.5,247.0,1005.0,1,804,Clouds,overcast clouds,04d
2025-07-21 15:32:59,Kien Giang-Rach Gia,Rach Gia,28.42,28.42,28.42,76.0,32.47,10000.0,0.0,100.0,7.23,11.48,249.0,1005.0,1,804,Clouds,overcast clouds,04d
2025-07-21 15:36:46,Kien Giang-Rach Gia,Rach Gia,28.42,28.42,28.42,76.0,32.47,10000.0,0.0,100.0,7.23,11.48,249.0,1005.0,1,804,Clouds,overcast clouds,04d
2025-07-21 15:40:31,Kien Giang-Rach Gia,Rach Gia,28.42,28.42,28.42,76.0,32.47,10000.0,0.0,100.0,7.23,11.48,249.0,1005.0,1,804,Clouds,overcast clouds,04d
2025-07-21 15:44:16,Kien Giang-Rach Gia,Rach Gia,28.42,28.42,28.42,76.0,32.47,10000.0,0.0,100.0,7.23,11.48,249.0,1005.0,1,804,Clouds,overcast clouds,04d
2025-07-21 15:48:02,Kien Giang-Rach Gia,Rach Gia,28.42,28.42,28.42,76.0,32.47,10000.0,0.0,100.0,7.23,11.48,249.0,1005.0,1,804,Clouds,overcast clouds,04d
2025-07-21 15:51:48,Kien Giang-Rach Gia,Rach Gia,28.42,28.42,28.42,76.0,32.47,10000.0,0.0,100.0,7.23,11.48,249.0,1005.0,1,804,Clouds,overcast clouds,04d
2025-07-21 15:55:34,Kien Giang-Rach Gia,Rach Gia,28.41,28.41,28.41,76.0,32.45,10000.0,0.0,100.0,7.23,11.48,249.0,1005.0,1,804,Clouds,overcast clouds,04d
2025-07-21 15:59:19,Kien Giang-Rach Gia,Rach Gia,28.41,28.41,28.41,76.0,32.45,10000.0,0.0,100.0,7.23,11.48,249.0,1005.0,1,804,Clouds,overcast clouds,04d
2025-07-21 16:03:05,Kien Giang-Rach Gia,Rach Gia,28.41,28.41,28.41,76.0,32.45,10000.0,0.0,100.0,7.23,11.48,249.0,1005.0,1,804,Clouds,overcast clouds,04d
2025-07-21 16:06:52,Kien Giang-Rach Gia,Rach Gia,28.44,28.44,28.44,76.0,32.52,10000.0,0.0,100.0,7.23,11.48,249.0,1005.0,1,804,Clouds,overcast clouds,04d
2025-07-21 16:10:38,Kien Giang-Rach Gia,Rach Gia,28.44,28.44,28.44,76.0,32.52,10000.0,0.0,100.0,7.23,11.48,249.0,1005.0,1,804,Clouds,overcast clouds,04d
2025-07-21 16:14:23,Kien Giang-Rach Gia,Rach Gia,28.44,28.44,28.44,76.0,32.52,10000.0,0.0,100.0,7.23,11.48,249.0,1005.0,1,804,Clouds,overcast clouds,04d
2025-07-21 16:18:08,Kien Giang-Rach Gia,Rach Gia,28.44,28.44,28.44,76.0,32.52,10000.0,0.0,100.0,7.23,11.48,249.0,1005.0,1,804,Clouds,overcast clouds,04d
2025-07-21 16:21:55,Kien Giang-Rach Gia,Rach Gia,28.44,28.44,28.44,76.0,32.52,10000.0,0.0,100.0,7.23,11.48,249.0,1005.0,1,804,Clouds,overcast clouds,04d
2025-07-21 16:25:41,Kien Giang-Rach Gia,Rach Gia,28.44,28.44,28.44,76.0,32.52,10000.0,0.0,100.0,7.23,11.48,249.0,1005.0,1,804,Clouds,overcast clouds,04d
2025-07-21 16:29:26,Kien Giang-Rach Gia,Rach Gia,28.44,28.44,28.44,76.0,32.52,10000.0,0.0,100.0,7.23,11.48,249.0,1005.0,1,804,Clouds,overcast clouds,04d
2025-07-21 16:33:12,Kien Giang-Rach Gia,Rach Gia,28.44,28.44,28.44,76.0,32.52,10000.0,0.0,100.0,7.23,11.48,249.0,1005.0,1,804,Clouds,overcast clouds,04d
2025-07-21 16:36:57,Kien Giang-Rach Gia,Rach Gia,28.44,28.44,28.44,76.0,32.52,10000.0,0.0,100.0,7.23,11.48,249.0,1005.0,1,804,Clouds,overcast clouds,04d
2025-07-21 16:40:42,Kien Giang-Rach Gia,Rach Gia,28.18,28.18,28.18,80.0,32.55,8766.0,0.0,100.0,7.78,12.09,251.0,1005.0,1,804,Clouds,overcast clouds,04d
2025-07-21 16:44:28,Kien Giang-Rach Gia,Rach Gia,28.18,28.18,28.18,80.0,32.55,8766.0,0.0,100.0,7.78,12.09,251.0,1005.0,1,804,Clouds,overcast clouds,04d
2025-07-21 16:48:13,Kien Giang-Rach Gia,Rach Gia,28.18,28.18,28.18,80.0,32.55,8766.0,0.0,100.0,7.78,12.09,251.0,1005.0,1,804,Clouds,overcast clouds,04d
2025-07-21 16:51:59,Kien Giang-Rach Gia,Rach Gia,28.1,28.1,28.1,80.0,32.35,8766.0,0.0,100.0,7.78,12.09,251.0,1005.0,1,804,Clouds,overcast clouds,04d
2025-07-21 16:55:46,Kien Giang-Rach Gia,Rach Gia,28.1,28.1,28.1,80.0,32.35,8766.0,0.0,100.0,7.78,12.09,251.0,1005.0,1,804,Clouds,overcast clouds,04d
2025-07-21 16:59:31,Kien Giang-Rach Gia,Rach Gia,28.1,28.1,28.1,80.0,32.35,8766.0,0.0,100.0,7.78,12.09,251.0,1005.0,1,804,Clouds,overcast clouds,04d
2025-07-21 17:03:16,Kien Giang-Rach Gia,Rach Gia,28.07,28.07,28.07,80.0,32.27,8766.0,0.0,100.0,7.78,12.09,251.0,1005.0,1,804,Clouds,overcast clouds,04d
2025-07-21 17:07:02,Kien Giang-Rach Gia,Rach Gia,28.07,28.07,28.07,80.0,32.27,8766.0,0.0,100.0,7.78,12.09,251.0,1005.0,1,804,Clouds,overcast clouds,04d
2025-07-21 17:10:47,Kien Giang-Rach Gia,Rach Gia,28.07,28.07,28.07,80.0,32.27,8766.0,0.0,100.0,7.78,12.09,251.0,1005.0,1,804,Clouds,overcast clouds,04d
2025-07-21 17:14:32,Kien Giang-Rach Gia,Rach Gia,28.07,28.07,28.07,80.0,32.27,8766.0,0.0,100.0,7.78,12.09,251.0,1005.0,1,804,Clouds,overcast clouds,04d
2025-07-21 17:18:19,Kien Giang-Rach Gia,Rach Gia,28.07,28.07,28.07,80.0,32.27,8766.0,0.0,100.0,7.78,12.09,251.0,1005.0,1,804,Clouds,overcast clouds,04d
2025-07-21 17:22:05,Kien Giang-Rach Gia,Rach Gia,28.07,28.07,28.07,80.0,32.27,8766.0,0.0,100.0,7.78,12.09,251.0,1005.0,1,804,Clouds,overcast clouds,04d
2025-07-21 17:25:50,Kien Giang-Rach Gia,Rach Gia,28.07,28.07,28.07,80.0,32.27,8766.0,0.0,100.0,7.78,12.09,251.0,1005.0,1,804,Clouds,overcast clouds,04d
2025-07-21 17:29:36,Kien Giang-Rach Gia,Rach Gia,28.07,28.07,28.07,80.0,32.27,8766.0,0.0,100.0,7.78,12.09,251.0,1005.0,1,804,Clouds,overcast clouds,04d
2025-07-21 17:33:22,Kien Giang-Rach Gia,Rach Gia,28.07,28.07,28.07,80.0,32.27,8766.0,0.0,100.0,7.78,12.09,251.0,1005.0,1,804,Clouds,overcast clouds,04d
2025-07-21 17:37:07,Kien Giang-Rach Gia,Rach Gia,27.99,27.99,27.99,81.0,32.23,10000.0,0.0,100.0,8.62,12.52,251.0,1006.0,1,804,Clouds,overcast clouds,04d
2025-07-21 17:40:53,Kien Giang-Rach Gia,Rach Gia,27.99,27.99,27.99,81.0,32.23,10000.0,0.0,100.0,8.62,12.52,251.0,1006.0,1,804,Clouds,overcast clouds,04d
2025-07-21 17:44:39,Kien Giang-Rach Gia,Rach Gia,27.99,27.99,27.99,81.0,32.23,10000.0,0.0,100.0,8.62,12.52,251.0,1006.0,1,804,Clouds,overcast clouds,04d
2025-07-21 17:48:24,Kien Giang-Rach Gia,Rach Gia,27.99,27.99,27.99,81.0,32.23,10000.0,0.0,100.0,8.62,12.52,251.0,1006.0,1,804,Clouds,overcast clouds,04d
2025-07-21 17:52:10,Kien Giang-Rach Gia,Rach Gia,27.99,27.99,27.99,81.0,32.23,10000.0,0.0,100.0,8.62,12.52,251.0,1006.0,1,804,Clouds,overcast clouds,04d
2025-07-21 17:55:55,Kien Giang-Rach Gia,Rach Gia,27.99,27.99,27.99,81.0,32.23,10000.0,0.0,100.0,8.62,12.52,251.0,1006.0,1,804,Clouds,overcast clouds,04d
2025-07-21 17:59:41,Kien Giang-Rach Gia,Rach Gia,27.99,27.99,27.99,81.0,32.23,10000.0,0.0,100.0,8.62,12.52,251.0,1006.0,1,804,Clouds,overcast clouds,04d
2025-07-21 18:03:26,Kien Giang-Rach Gia,Rach Gia,27.96,27.96,27.96,82.0,32.31,10000.0,0.0,100.0,8.62,12.52,251.0,1006.0,1,804,Clouds,overcast clouds,04d
2025-07-21 18:07:12,Kien Giang-Rach Gia,Rach Gia,27.96,27.96,27.96,82.0,32.31,10000.0,0.0,100.0,8.62,12.52,251.0,1006.0,1,804,Clouds,overcast clouds,04d
2025-07-21 18:10:59,Kien Giang-Rach Gia,Rach Gia,27.96,27.96,27.96,82.0,32.31,10000.0,0.0,100.0,8.62,12.52,251.0,1006.0,1,804,Clouds,overcast clouds,04d
2025-07-21 18:14:48,Kien Giang-Rach Gia,Rach Gia,27.96,27.96,27.96,82.0,32.31,10000.0,0.0,100.0,8.62,12.52,251.0,1006.0,1,804,Clouds,overcast clouds,04d
2025-07-21 18:18:34,Kien Giang-Rach Gia,Rach Gia,27.96,27.96,27.96,82.0,32.31,10000.0,0.0,100.0,8.62,12.52,251.0,1006.0,1,804,Clouds,overcast clouds,04d
2025-07-21 18:22:20,Kien Giang-Rach Gia,Rach Gia,27.96,27.96,27.96,82.0,32.31,10000.0,0.0,100.0,8.62,12.52,251.0,1006.0,1,804,Clouds,overcast clouds,04d
2025-07-21 18:26:06,Kien Giang-Rach Gia,Rach Gia,27.96,27.96,27.96,82.0,32.31,10000.0,0.0,100.0,8.62,12.52,251.0,1006.0,0,804,Clouds,overcast clouds,04n
2025-07-21 18:29:52,Kien Giang-Rach Gia,Rach Gia,27.96,27.96,27.96,82.0,32.31,10000.0,0.0,100.0,8.62,12.52,251.0,1006.0,0,804,Clouds,overcast clouds,04n
2025-07-21 18:33:37,Kien Giang-Rach Gia,Rach Gia,27.96,27.96,27.96,82.0,32.31,10000.0,0.0,100.0,8.62,12.52,251.0,1006.0,0,804,Clouds,overcast clouds,04n
2025-07-21 18:37:24,Kien Giang-Rach Gia,Rach Gia,27.66,27.66,27.66,82.0,31.54,10000.0,0.0,100.0,8.84,12.61,247.0,1006.0,0,804,Clouds,overcast clouds,04n
2025-07-21 18:41:09,Kien Giang-Rach Gia,Rach Gia,27.66,27.66,27.66,82.0,31.54,10000.0,0.0,100.0,8.84,12.61,247.0,1006.0,0,804,Clouds,overcast clouds,04n
2025-07-21 18:44:55,Kien Giang-Rach Gia,Rach Gia,27.66,27.66,27.66,82.0,31.54,10000.0,0.0,100.0,8.84,12.61,247.0,1006.0,0,804,Clouds,overcast clouds,04n
2025-07-21 18:48:41,Kien Giang-Rach Gia,Rach Gia,27.66,27.66,27.66,82.0,31.54,10000.0,0.0,100.0,8.84,12.61,247.0,1006.0,0,804,Clouds,overcast clouds,04n
2025-07-21 18:56:08,Kien Giang-Rach Gia,Rach Gia,27.67,27.67,27.67,82.0,31.56,10000.0,0.0,100.0,8.84,12.61,247.0,1006.0,0,804,Clouds,overcast clouds,04n
2025-07-21 18:59:54,Kien Giang-Rach Gia,Rach Gia,27.67,27.67,27.67,82.0,31.56,10000.0,0.0,100.0,8.84,12.61,247.0,1006.0,0,804,Clouds,overcast clouds,04n
2025-07-21 19:03:40,Kien Giang-Rach Gia,Rach Gia,27.67,27.67,27.67,82.0,31.56,10000.0,0.0,100.0,8.84,12.61,247.0,1006.0,0,804,Clouds,overcast clouds,04n
2025-07-21 19:07:30,Kien Giang-Rach Gia,Rach Gia,27.63,27.63,27.63,82.0,31.46,10000.0,0.0,100.0,8.84,12.61,247.0,1006.0,0,804,Clouds,overcast clouds,04n
2025-07-21 19:11:16,Kien Giang-Rach Gia,Rach Gia,27.63,27.63,27.63,82.0,31.46,10000.0,0.0,100.0,8.84,12.61,247.0,1006.0,0,804,Clouds,overcast clouds,04n
2025-07-21 19:15:01,Kien Giang-Rach Gia,Rach Gia,27.63,27.63,27.63,82.0,31.46,10000.0,0.0,100.0,8.84,12.61,247.0,1006.0,0,804,Clouds,overcast clouds,04n
2025-07-21 19:18:47,Kien Giang-Rach Gia,Rach Gia,27.63,27.63,27.63,82.0,31.46,10000.0,0.0,100.0,8.84,12.61,247.0,1006.0,0,804,Clouds,overcast clouds,04n
2025-07-21 19:22:33,Kien Giang-Rach Gia,Rach Gia,27.63,27.63,27.63,82.0,31.46,10000.0,0.0,100.0,8.84,12.61,247.0,1006.0,0,804,Clouds,overcast clouds,04n
2025-07-21 19:26:18,Kien Giang-Rach Gia,Rach Gia,27.63,27.63,27.63,82.0,31.46,10000.0,0.0,100.0,8.84,12.61,247.0,1006.0,0,804,Clouds,overcast clouds,04n
2025-07-21 19:30:05,Kien Giang-Rach Gia,Rach Gia,27.74,27.74,27.74,81.0,31.6,10000.0,0.0,100.0,8.25,12.6,246.0,1007.0,0,804,Clouds,overcast clouds,04n
2025-07-21 19:33:50,Kien Giang-Rach Gia,Rach Gia,27.74,27.74,27.74,81.0,31.6,10000.0,0.0,100.0,8.25,12.6,246.0,1007.0,0,804,Clouds,overcast clouds,04n
2025-07-21 19:37:36,Kien Giang-Rach Gia,Rach Gia,27.74,27.74,27.74,81.0,31.6,10000.0,0.0,100.0,8.25,12.6,246.0,1007.0,0,804,Clouds,overcast clouds,04n
2025-07-21 19:41:22,Kien Giang-Rach Gia,Rach Gia,27.74,27.74,27.74,81.0,31.6,10000.0,0.0,100.0,8.25,12.6,246.0,1007.0,0,804,Clouds,overcast clouds,04n
2025-07-21 19:45:08,Kien Giang-Rach Gia,Rach Gia,27.93,27.93,27.93,82.0,32.23,10000.0,0.0,100.0,8.25,12.6,246.0,1007.0,0,804,Clouds,overcast clouds,04n
2025-07-21 19:48:53,Kien Giang-Rach Gia,Rach Gia,27.94,27.94,27.94,82.0,32.25,10000.0,0.0,100.0,8.25,12.6,246.0,1007.0,0,804,Clouds,overcast clouds,04n
2025-07-21 19:52:39,Kien Giang-Rach Gia,Rach Gia,27.94,27.94,27.94,82.0,32.25,10000.0,0.0,100.0,8.25,12.6,246.0,1007.0,0,804,Clouds,overcast clouds,04n
2025-07-21 19:56:25,Kien Giang-Rach Gia,Rach Gia,27.94,27.94,27.94,82.0,32.25,10000.0,0.0,100.0,8.25,12.6,246.0,1007.0,0,804,Clouds,overcast clouds,04n
2025-07-21 20:00:12,Kien Giang-Rach Gia,Rach Gia,27.94,27.94,27.94,82.0,32.25,10000.0,0.0,100.0,8.25,12.6,246.0,1007.0,0,804,Clouds,overcast clouds,04n
2025-07-21 20:03:58,Kien Giang-Rach Gia,Rach Gia,27.89,27.89,27.89,82.0,32.12,10000.0,0.0,100.0,8.25,12.6,246.0,1007.0,0,804,Clouds,overcast clouds,04n
2025-07-21 20:07:43,Kien Giang-Rach Gia,Rach Gia,27.89,27.89,27.89,82.0,32.12,10000.0,0.0,100.0,8.25,12.6,246.0,1007.0,0,804,Clouds,overcast clouds,04n
2025-07-21 20:11:29,Kien Giang-Rach Gia,Rach Gia,27.89,27.89,27.89,82.0,32.12,10000.0,0.0,100.0,8.25,12.6,246.0,1007.0,0,804,Clouds,overcast clouds,04n
2025-07-21 20:15:15,Kien Giang-Rach Gia,Rach Gia,27.89,27.89,27.89,82.0,32.12,10000.0,0.0,100.0,8.25,12.6,246.0,1007.0,0,804,Clouds,overcast clouds,04n
2025-07-21 20:19:00,Kien Giang-Rach Gia,Rach Gia,27.89,27.89,27.89,82.0,32.12,10000.0,0.0,100.0,8.25,12.6,246.0,1007.0,0,804,Clouds,overcast clouds,04n
2025-07-21 20:22:47,Kien Giang-Rach Gia,Rach Gia,27.89,27.89,27.89,82.0,32.12,10000.0,0.0,100.0,8.25,12.6,246.0,1007.0,0,804,Clouds,overcast clouds,04n
2025-07-21 20:26:35,Kien Giang-Rach Gia,Rach Gia,27.89,27.89,27.89,82.0,32.12,10000.0,0.0,100.0,8.25,12.6,246.0,1007.0,0,804,Clouds,overcast clouds,04n
2025-07-21 20:30:21,Kien Giang-Rach Gia,Rach Gia,27.89,27.89,27.89,82.0,32.12,10000.0,0.0,100.0,8.25,12.6,246.0,1007.0,0,804,Clouds,overcast clouds,04n
2025-07-21 20:34:07,Kien Giang-Rach Gia,Rach Gia,28.23,28.23,28.23,80.0,32.68,10000.0,0.0,100.0,8.14,12.58,245.0,1008.0,0,804,Clouds,overcast clouds,04n
2025-07-21 20:37:59,Kien Giang-Rach Gia,Rach Gia,28.23,28.23,28.23,80.0,32.68,10000.0,0.0,100.0,8.14,12.58,245.0,1008.0,0,804,Clouds,overcast clouds,04n
2025-07-21 20:41:48,Kien Giang-Rach Gia,Rach Gia,28.23,28.23,28.23,80.0,32.68,10000.0,0.0,100.0,8.14,12.58,245.0,1008.0,0,804,Clouds,overcast clouds,04n
2025-07-21 20:45:35,Kien Giang-Rach Gia,Rach Gia,28.23,28.23,28.23,80.0,32.68,10000.0,0.0,100.0,8.14,12.58,245.0,1008.0,0,804,Clouds,overcast clouds,04n
2025-07-21 20:49:20,Kien Giang-Rach Gia,Rach Gia,28.24,28.24,28.24,80.0,32.71,10000.0,0.0,100.0,8.14,12.58,245.0,1008.0,0,804,Clouds,overcast clouds,04n
2025-07-21 20:53:07,Kien Giang-Rach Gia,Rach Gia,28.24,28.24,28.24,80.0,32.71,10000.0,0.0,100.0,8.14,12.58,245.0,1008.0,0,804,Clouds,overcast clouds,04n
2025-07-21 20:56:52,Kien Giang-Rach Gia,Rach Gia,28.24,28.24,28.24,80.0,32.71,10000.0,0.0,100.0,8.14,12.58,245.0,1008.0,0,804,Clouds,overcast clouds,04n
2025-07-21 21:00:38,Kien Giang-Rach Gia,Rach Gia,28.24,28.24,28.24,80.0,32.71,10000.0,0.0,100.0,8.14,12.58,245.0,1008.0,0,804,Clouds,overcast clouds,04n
2025-07-21 21:04:23,Kien Giang-Rach Gia,Rach Gia,28.24,28.24,28.24,80.0,32.71,10000.0,0.0,100.0,8.14,12.58,245.0,1008.0,0,804,Clouds,overcast clouds,04n
2025-07-21 21:08:10,Kien Giang-Rach Gia,Rach Gia,28.19,28.19,28.19,81.0,32.75,10000.0,0.0,100.0,8.14,12.58,245.0,1008.0,0,804,Clouds,overcast clouds,04n
2025-07-21 21:11:55,Kien Giang-Rach Gia,Rach Gia,28.19,28.19,28.19,81.0,32.75,10000.0,0.0,100.0,8.14,12.58,245.0,1008.0,0,804,Clouds,overcast clouds,04n
2025-07-21 21:15:42,Kien Giang-Rach Gia,Rach Gia,28.19,28.19,28.19,81.0,32.75,10000.0,0.0,100.0,8.14,12.58,245.0,1008.0,0,804,Clouds,overcast clouds,04n
2025-07-21 21:19:27,Kien Giang-Rach Gia,Rach Gia,28.19,28.19,28.19,81.0,32.75,10000.0,0.0,100.0,8.14,12.58,245.0,1008.0,0,804,Clouds,overcast clouds,04n
2025-07-21 21:23:13,Kien Giang-Rach Gia,Rach Gia,28.19,28.19,28.19,81.0,32.75,10000.0,0.0,100.0,8.14,12.58,245.0,1008.0,0,804,Clouds,overcast clouds,04n
2025-07-21 21:26:59,Kien Giang-Rach Gia,Rach Gia,28.19,28.19,28.19,81.0,32.75,10000.0,0.0,100.0,8.14,12.58,245.0,1008.0,0,804,Clouds,overcast clouds,04n
2025-07-21 21:30:45,Kien Giang-Rach Gia,Rach Gia,28.01,28.01,28.01,81.0,32.28,10000.0,0.0,100.0,7.84,12.34,240.0,1008.0,0,804,Clouds,overcast clouds,04n
2025-07-21 21:34:30,Kien Giang-Rach Gia,Rach Gia,28.01,28.01,28.01,81.0,32.28,10000.0,0.0,100.0,7.84,12.34,240.0,1008.0,0,804,Clouds,overcast clouds,04n
2025-07-21 21:38:16,Kien Giang-Rach Gia,Rach Gia,28.02,28.02,28.02,81.0,32.31,10000.0,0.0,100.0,7.84,12.34,240.0,1008.0,0,804,Clouds,overcast clouds,04n
2025-07-21 21:42:03,Kien Giang-Rach Gia,Rach Gia,28.02,28.02,28.02,81.0,32.31,10000.0,0.0,100.0,7.84,12.34,240.0,1008.0,0,804,Clouds,overcast clouds,04n
2025-07-21 21:45:50,Kien Giang-Rach Gia,Rach Gia,28.02,28.02,28.02,81.0,32.31,10000.0,0.0,100.0,7.84,12.34,240.0,1008.0,0,804,Clouds,overcast clouds,04n
2025-07-21 21:49:37,Kien Giang-Rach Gia,Rach Gia,28.03,28.03,28.03,81.0,32.33,10000.0,0.0,100.0,7.84,12.34,240.0,1008.0,0,804,Clouds,overcast clouds,04n
2025-07-21 21:53:23,Kien Giang-Rach Gia,Rach Gia,28.03,28.03,28.03,81.0,32.33,10000.0,0.0,100.0,7.84,12.34,240.0,1008.0,0,804,Clouds,overcast clouds,04n
2025-07-21 21:57:08,Kien Giang-Rach Gia,Rach Gia,28.03,28.03,28.03,81.0,32.33,10000.0,0.0,100.0,7.84,12.34,240.0,1008.0,0,804,Clouds,overcast clouds,04n
2025-07-21 22:00:55,Kien Giang-Rach Gia,Rach Gia,28.03,28.03,28.03,81.0,32.33,10000.0,0.0,100.0,7.84,12.34,240.0,1008.0,0,804,Clouds,overcast clouds,04n
2025-07-21 22:04:40,Kien Giang-Rach Gia,Rach Gia,28.03,28.03,28.03,81.0,32.33,10000.0,0.0,100.0,7.84,12.34,240.0,1008.0,0,804,Clouds,overcast clouds,04n
2025-07-21 22:08:25,Kien Giang-Rach Gia,Rach Gia,28.03,28.03,28.03,81.0,32.33,10000.0,0.0,100.0,7.84,12.34,240.0,1008.0,0,804,Clouds,overcast clouds,04n
2025-07-21 22:12:11,Kien Giang-Rach Gia,Rach Gia,27.98,27.98,27.98,82.0,32.36,10000.0,0.0,100.0,7.84,12.34,240.0,1008.0,0,804,Clouds,overcast clouds,04n
2025-07-21 22:15:57,Kien Giang-Rach Gia,Rach Gia,27.98,27.98,27.98,82.0,32.36,10000.0,0.0,100.0,7.84,12.34,240.0,1008.0,0,804,Clouds,overcast clouds,04n
2025-07-21 22:19:43,Kien Giang-Rach Gia,Rach Gia,27.98,27.98,27.98,82.0,32.36,10000.0,0.0,100.0,7.84,12.34,240.0,1008.0,0,804,Clouds,overcast clouds,04n
2025-07-21 22:23:29,Kien Giang-Rach Gia,Rach Gia,27.98,27.98,27.98,82.0,32.36,10000.0,0.0,100.0,7.84,12.34,240.0,1008.0,0,804,Clouds,overcast clouds,04n
2025-07-21 22:27:18,Kien Giang-Rach Gia,Rach Gia,27.98,27.98,27.98,82.0,32.36,10000.0,0.0,100.0,7.84,12.34,240.0,1008.0,0,804,Clouds,overcast clouds,04n
2025-07-21 22:31:49,Kien Giang-Rach Gia,Rach Gia,28.02,28.02,28.02,81.0,32.31,10000.0,0.0,100.0,7.79,12.32,245.0,1008.0,0,804,Clouds,overcast clouds,04n
2025-07-21 22:35:37,Kien Giang-Rach Gia,Rach Gia,28.02,28.02,28.02,81.0,32.31,10000.0,0.0,100.0,7.79,12.32,245.0,1008.0,0,804,Clouds,overcast clouds,04n
2025-07-21 22:39:30,Kien Giang-Rach Gia,Rach Gia,28.02,28.02,28.02,81.0,32.31,10000.0,0.0,100.0,7.79,12.32,245.0,1008.0,0,804,Clouds,overcast clouds,04n
2025-07-21 22:43:18,Kien Giang-Rach Gia,Rach Gia,28.02,28.02,28.02,81.0,32.31,10000.0,0.0,100.0,7.79,12.32,245.0,1008.0,0,804,Clouds,overcast clouds,04n
2025-07-21 22:47:04,Kien Giang-Rach Gia,Rach Gia,28.03,28.03,28.03,81.0,32.33,10000.0,0.0,100.0,7.79,12.32,245.0,1008.0,0,804,Clouds,overcast clouds,04n
2025-07-21 22:50:50,Kien Giang-Rach Gia,Rach Gia,28.03,28.03,28.03,81.0,32.33,10000.0,0.0,100.0,7.79,12.32,245.0,1008.0,0,804,Clouds,overcast clouds,04n
2025-07-21 22:54:35,Kien Giang-Rach Gia,Rach Gia,28.03,28.03,28.03,81.0,32.33,10000.0,0.0,100.0,7.79,12.32,245.0,1008.0,0,804,Clouds,overcast clouds,04n
2025-07-21 22:58:21,Kien Giang-Rach Gia,Rach Gia,28.03,28.03,28.03,81.0,32.33,10000.0,0.0,100.0,7.79,12.32,245.0,1008.0,0,804,Clouds,overcast clouds,04n
2025-07-21 23:02:07,Kien Giang-Rach Gia,Rach Gia,28.03,28.03,28.03,81.0,32.33,10000.0,0.0,100.0,7.79,12.32,245.0,1008.0,0,804,Clouds,overcast clouds,04n
2025-07-21 23:05:53,Kien Giang-Rach Gia,Rach Gia,27.99,27.99,27.99,82.0,32.39,10000.0,0.0,100.0,7.79,12.32,245.0,1008.0,0,804,Clouds,overcast clouds,04n
2025-07-21 23:09:40,Kien Giang-Rach Gia,Rach Gia,27.99,27.99,27.99,82.0,32.39,10000.0,0.0,100.0,7.79,12.32,245.0,1008.0,0,804,Clouds,overcast clouds,04n
2025-07-21 23:13:26,Kien Giang-Rach Gia,Rach Gia,27.99,27.99,27.99,82.0,32.39,10000.0,0.0,100.0,7.79,12.32,245.0,1008.0,0,804,Clouds,overcast clouds,04n
2025-07-21 23:17:13,Kien Giang-Rach Gia,Rach Gia,27.99,27.99,27.99,82.0,32.39,10000.0,0.0,100.0,7.79,12.32,245.0,1008.0,0,804,Clouds,overcast clouds,04n
2025-07-21 23:20:58,Kien Giang-Rach Gia,Rach Gia,27.99,27.99,27.99,82.0,32.39,10000.0,0.0,100.0,7.79,12.32,245.0,1008.0,0,804,Clouds,overcast clouds,04n
2025-07-21 23:24:45,Kien Giang-Rach Gia,Rach Gia,27.99,27.99,27.99,82.0,32.39,10000.0,0.0,100.0,7.79,12.32,245.0,1008.0,0,804,Clouds,overcast clouds,04n
2025-07-21 23:28:31,Kien Giang-Rach Gia,Rach Gia,27.99,27.99,27.99,82.0,32.39,10000.0,0.0,100.0,7.79,12.32,245.0,1008.0,0,804,Clouds,overcast clouds,04n
2025-07-21 23:32:17,Kien Giang-Rach Gia,Rach Gia,28.07,28.07,28.07,81.0,32.43,10000.0,0.0,100.0,7.64,11.91,249.0,1007.0,0,804,Clouds,overcast clouds,04n
2025-07-21 23:36:05,Kien Giang-Rach Gia,Rach Gia,28.07,28.07,28.07,81.0,32.43,10000.0,0.0,100.0,7.64,11.91,249.0,1007.0,0,804,Clouds,overcast clouds,04n
2025-07-21 23:39:51,Kien Giang-Rach Gia,Rach Gia,28.07,28.07,28.07,81.0,32.43,10000.0,0.0,100.0,7.64,11.91,249.0,1007.0,0,804,Clouds,overcast clouds,04n
2025-07-21 23:43:37,Kien Giang-Rach Gia,Rach Gia,28.07,28.07,28.07,81.0,32.43,10000.0,0.0,100.0,7.64,11.91,249.0,1007.0,0,804,Clouds,overcast clouds,04n
2025-07-21 23:47:23,Kien Giang-Rach Gia,Rach Gia,28.08,28.08,28.08,81.0,32.46,10000.0,0.0,100.0,7.64,11.91,249.0,1007.0,0,804,Clouds,overcast clouds,04n
2025-07-21 23:51:09,Kien Giang-Rach Gia,Rach Gia,28.08,28.08,28.08,81.0,32.46,10000.0,0.0,100.0,7.64,11.91,249.0,1007.0,0,804,Clouds,overcast clouds,04n
2025-07-21 23:54:54,Kien Giang-Rach Gia,Rach Gia,28.08,28.08,28.08,81.0,32.46,10000.0,0.0,100.0,7.64,11.91,249.0,1007.0,0,804,Clouds,overcast clouds,04n
2025-07-22 00:02:37,Kien Giang-Rach Gia,Rach Gia,28.08,28.08,28.08,81.0,32.46,10000.0,0.0,100.0,7.64,11.91,249.0,1007.0,0,804,Clouds,overcast clouds,04n
2025-07-22 00:06:26,Kien Giang-Rach Gia,Rach Gia,28.04,28.04,28.04,81.0,32.36,10000.0,0.0,100.0,7.64,11.91,249.0,1007.0,0,804,Clouds,overcast clouds,04n
2025-07-22 00:10:13,Kien Giang-Rach Gia,Rach Gia,28.04,28.04,28.04,81.0,32.36,10000.0,0.0,100.0,7.64,11.91,249.0,1007.0,0,804,Clouds,overcast clouds,04n
2025-07-22 01:39:41,Kien Giang-Rach Gia,Rach Gia,27.94,27.94,27.94,81.0,32.1,10000.0,0.0,100.0,6.95,11.41,243.0,1006.0,0,804,Clouds,overcast clouds,04n
2025-07-22 01:43:26,Kien Giang-Rach Gia,Rach Gia,27.94,27.94,27.94,81.0,32.1,10000.0,0.0,100.0,6.95,11.41,243.0,1006.0,0,804,Clouds,overcast clouds,04n
2025-07-22 01:47:12,Kien Giang-Rach Gia,Rach Gia,27.94,27.94,27.94,81.0,32.1,10000.0,0.0,100.0,6.95,11.41,243.0,1006.0,0,804,Clouds,overcast clouds,04n
2025-07-22 01:50:57,Kien Giang-Rach Gia,Rach Gia,27.9,27.9,27.9,81.0,32.0,10000.0,0.0,100.0,6.95,11.41,243.0,1006.0,0,804,Clouds,overcast clouds,04n
2025-07-22 01:54:43,Kien Giang-Rach Gia,Rach Gia,27.9,27.9,27.9,81.0,32.0,10000.0,0.0,100.0,6.95,11.41,243.0,1006.0,0,804,Clouds,overcast clouds,04n
2025-07-22 01:58:28,Kien Giang-Rach Gia,Rach Gia,27.9,27.9,27.9,81.0,32.0,10000.0,0.0,100.0,6.95,11.41,243.0,1006.0,0,804,Clouds,overcast clouds,04n
2025-07-22 02:02:14,Kien Giang-Rach Gia,Rach Gia,27.85,27.85,27.85,81.0,31.87,10000.0,0.0,100.0,6.95,11.41,243.0,1006.0,0,804,Clouds,overcast clouds,04n
2025-07-22 02:05:59,Kien Giang-Rach Gia,Rach Gia,27.85,27.85,27.85,81.0,31.87,10000.0,0.0,100.0,6.95,11.41,243.0,1006.0,0,804,Clouds,overcast clouds,04n
2025-07-22 02:09:45,Kien Giang-Rach Gia,Rach Gia,27.85,27.85,27.85,81.0,31.87,10000.0,0.0,100.0,6.95,11.41,243.0,1006.0,0,804,Clouds,overcast clouds,04n
2025-07-22 02:13:31,Kien Giang-Rach Gia,Rach Gia,27.85,27.85,27.85,81.0,31.87,10000.0,0.0,100.0,6.95,11.41,243.0,1006.0,0,804,Clouds,overcast clouds,04n
2025-07-22 02:17:17,Kien Giang-Rach Gia,Rach Gia,27.85,27.85,27.85,81.0,31.87,10000.0,0.0,100.0,6.95,11.41,243.0,1006.0,0,804,Clouds,overcast clouds,04n
2025-07-22 02:21:02,Kien Giang-Rach Gia,Rach Gia,27.85,27.85,27.85,81.0,31.87,10000.0,0.0,100.0,6.95,11.41,243.0,1006.0,0,804,Clouds,overcast clouds,04n
2025-07-22 02:24:48,Kien Giang-Rach Gia,Rach Gia,27.85,27.85,27.85,81.0,31.87,10000.0,0.0,100.0,6.95,11.41,243.0,1006.0,0,804,Clouds,overcast clouds,04n
2025-07-22 02:28:33,Kien Giang-Rach Gia,Rach Gia,27.85,27.85,27.85,81.0,31.87,10000.0,0.0,100.0,6.95,11.41,243.0,1006.0,0,804,Clouds,overcast clouds,04n
2025-07-22 02:32:19,Kien Giang-Rach Gia,Rach Gia,27.85,27.85,27.85,81.0,31.87,10000.0,0.0,100.0,6.95,11.41,243.0,1006.0,0,804,Clouds,overcast clouds,04n
2025-07-22 02:36:04,Kien Giang-Rach Gia,Rach Gia,28.02,28.02,28.02,81.0,32.31,9467.0,0.0,100.0,7.23,11.62,241.0,1005.0,0,804,Clouds,overcast clouds,04n
2025-07-22 02:39:50,Kien Giang-Rach Gia,Rach Gia,28.02,28.02,28.02,81.0,32.31,9467.0,0.0,100.0,7.23,11.62,241.0,1005.0,0,804,Clouds,overcast clouds,04n
2025-07-22 02:43:36,Kien Giang-Rach Gia,Rach Gia,28.02,28.02,28.02,81.0,32.31,9467.0,0.0,100.0,7.23,11.62,241.0,1005.0,0,804,Clouds,overcast clouds,04n
2025-07-22 02:47:21,Kien Giang-Rach Gia,Rach Gia,28.02,28.02,28.02,81.0,32.31,9467.0,0.0,100.0,7.23,11.62,241.0,1005.0,0,804,Clouds,overcast clouds,04n
2025-07-22 02:51:06,Kien Giang-Rach Gia,Rach Gia,28.2,28.2,28.2,81.0,32.77,9467.0,0.0,100.0,7.23,11.62,241.0,1005.0,0,804,Clouds,overcast clouds,04n
2025-07-22 02:54:52,Kien Giang-Rach Gia,Rach Gia,28.2,28.2,28.2,81.0,32.77,9467.0,0.0,100.0,7.23,11.62,241.0,1005.0,0,804,Clouds,overcast clouds,04n
2025-07-22 02:58:37,Kien Giang-Rach Gia,Rach Gia,28.2,28.2,28.2,81.0,32.77,9467.0,0.0,100.0,7.23,11.62,241.0,1005.0,0,804,Clouds,overcast clouds,04n
2025-07-22 03:02:29,Kien Giang-Rach Gia,Rach Gia,28.2,28.2,28.2,81.0,32.77,9467.0,0.0,100.0,7.23,11.62,241.0,1005.0,0,804,Clouds,overcast clouds,04n
2025-07-22 03:06:16,Kien Giang-Rach Gia,Rach Gia,28.2,28.2,28.2,81.0,32.77,9467.0,0.0,100.0,7.23,11.62,241.0,1005.0,0,804,Clouds,overcast clouds,04n
2025-07-22 03:10:01,Kien Giang-Rach Gia,Rach Gia,28.2,28.2,28.2,81.0,32.77,9467.0,0.0,100.0,7.23,11.62,241.0,1005.0,0,804,Clouds,overcast clouds,04n
2025-07-22 03:13:47,Kien Giang-Rach Gia,Rach Gia,28.2,28.2,28.2,81.0,32.77,9467.0,0.0,100.0,7.23,11.62,241.0,1005.0,0,804,Clouds,overcast clouds,04n
2025-07-22 03:17:33,Kien Giang-Rach Gia,Rach Gia,28.2,28.2,28.2,81.0,32.77,9467.0,0.0,100.0,7.23,11.62,241.0,1005.0,0,804,Clouds,overcast clouds,04n
2025-07-22 03:21:18,Kien Giang-Rach Gia,Rach Gia,28.2,28.2,28.2,81.0,32.77,9467.0,0.0,100.0,7.23,11.62,241.0,1005.0,0,804,Clouds,overcast clouds,04n
2025-07-22 03:25:04,Kien Giang-Rach Gia,Rach Gia,28.2,28.2,28.2,81.0,32.77,9467.0,0.0,100.0,7.23,11.62,241.0,1005.0,0,804,Clouds,overcast clouds,04n
2025-07-22 03:28:49,Kien Giang-Rach Gia,Rach Gia,28.2,28.2,28.2,81.0,32.77,9467.0,0.0,100.0,7.23,11.62,241.0,1005.0,0,804,Clouds,overcast clouds,04n
2025-07-22 03:32:35,Kien Giang-Rach Gia,Rach Gia,28.2,28.2,28.2,81.0,32.77,9467.0,0.0,100.0,7.23,11.62,241.0,1005.0,0,804,Clouds,overcast clouds,04n
2025-07-22 03:36:21,Kien Giang-Rach Gia,Rach Gia,28.2,28.2,28.2,81.0,32.77,9467.0,0.0,100.0,7.23,11.62,241.0,1005.0,0,804,Clouds,overcast clouds,04n
2025-07-22 03:40:07,Kien Giang-Rach Gia,Rach Gia,27.83,27.83,27.83,81.0,31.82,10000.0,0.0,100.0,7.07,11.68,235.0,1006.0,0,804,Clouds,overcast clouds,04n
2025-07-22 03:43:53,Kien Giang-Rach Gia,Rach Gia,27.83,27.83,27.83,81.0,31.82,10000.0,0.0,100.0,7.07,11.68,235.0,1006.0,0,804,Clouds,overcast clouds,04n
2025-07-22 03:47:39,Kien Giang-Rach Gia,Rach Gia,27.83,27.83,27.83,81.0,31.82,10000.0,0.0,100.0,7.07,11.68,235.0,1006.0,0,804,Clouds,overcast clouds,04n
2025-07-22 03:51:24,Kien Giang-Rach Gia,Rach Gia,27.83,27.83,27.83,81.0,31.82,10000.0,0.0,100.0,7.07,11.68,235.0,1006.0,0,804,Clouds,overcast clouds,04n
2025-07-22 03:55:10,Kien Giang-Rach Gia,Rach Gia,27.83,27.83,27.83,81.0,31.82,10000.0,0.0,100.0,7.07,11.68,235.0,1006.0,0,804,Clouds,overcast clouds,04n
2025-07-22 03:58:56,Kien Giang-Rach Gia,Rach Gia,27.83,27.83,27.83,81.0,31.82,10000.0,0.0,100.0,7.07,11.68,235.0,1006.0,0,804,Clouds,overcast clouds,04n
2025-07-22 04:02:41,Kien Giang-Rach Gia,Rach Gia,27.66,27.66,27.66,81.0,31.4,10000.0,0.0,100.0,7.07,11.68,235.0,1006.0,0,804,Clouds,overcast clouds,04n
2025-07-22 04:06:33,Kien Giang-Rach Gia,Rach Gia,27.66,27.66,27.66,81.0,31.4,10000.0,0.0,100.0,7.07,11.68,235.0,1006.0,0,804,Clouds,overcast clouds,04n
2025-07-22 04:10:19,Kien Giang-Rach Gia,Rach Gia,27.66,27.66,27.66,81.0,31.4,10000.0,0.0,100.0,7.07,11.68,235.0,1006.0,0,804,Clouds,overcast clouds,04n
2025-07-22 04:14:05,Kien Giang-Rach Gia,Rach Gia,27.66,27.66,27.66,81.0,31.4,10000.0,0.0,100.0,7.07,11.68,235.0,1006.0,0,804,Clouds,overcast clouds,04n
2025-07-22 04:17:51,Kien Giang-Rach Gia,Rach Gia,27.66,27.66,27.66,81.0,31.4,10000.0,0.0,100.0,7.07,11.68,235.0,1006.0,0,804,Clouds,overcast clouds,04n
2025-07-22 04:21:37,Kien Giang-Rach Gia,Rach Gia,27.66,27.66,27.66,81.0,31.4,10000.0,0.0,100.0,7.07,11.68,235.0,1006.0,0,804,Clouds,overcast clouds,04n
2025-07-22 04:25:23,Kien Giang-Rach Gia,Rach Gia,27.66,27.66,27.66,81.0,31.4,10000.0,0.0,100.0,7.07,11.68,235.0,1006.0,0,804,Clouds,overcast clouds,04n
2025-07-22 04:29:09,Kien Giang-Rach Gia,Rach Gia,27.66,27.66,27.66,81.0,31.4,10000.0,0.0,100.0,7.07,11.68,235.0,1006.0,0,804,Clouds,overcast clouds,04n
2025-07-22 04:32:54,Kien Giang-Rach Gia,Rach Gia,27.66,27.66,27.66,81.0,31.4,10000.0,0.0,100.0,7.07,11.68,235.0,1006.0,0,804,Clouds,overcast clouds,04n
2025-07-22 04:36:41,Kien Giang-Rach Gia,Rach Gia,27.49,27.49,27.49,82.0,31.11,10000.0,0.0,100.0,6.37,11.05,238.0,1006.0,0,804,Clouds,overcast clouds,04n
2025-07-22 04:40:27,Kien Giang-Rach Gia,Rach Gia,27.49,27.49,27.49,82.0,31.11,10000.0,0.0,100.0,6.37,11.05,238.0,1006.0,0,804,Clouds,overcast clouds,04n
2025-07-22 04:44:12,Kien Giang-Rach Gia,Rach Gia,27.49,27.49,27.49,82.0,31.11,10000.0,0.0,100.0,6.37,11.05,238.0,1006.0,0,804,Clouds,overcast clouds,04n
2025-07-22 04:47:57,Kien Giang-Rach Gia,Rach Gia,27.49,27.49,27.49,82.0,31.11,10000.0,0.0,100.0,6.37,11.05,238.0,1006.0,0,804,Clouds,overcast clouds,04n
2025-07-22 04:51:43,Kien Giang-Rach Gia,Rach Gia,27.49,27.49,27.49,82.0,31.11,10000.0,0.0,100.0,6.37,11.05,238.0,1006.0,0,804,Clouds,overcast clouds,04n
2025-07-22 04:55:28,Kien Giang-Rach Gia,Rach Gia,27.49,27.49,27.49,82.0,31.11,10000.0,0.0,100.0,6.37,11.05,238.0,1006.0,0,804,Clouds,overcast clouds,04n
2025-07-22 04:59:16,Kien Giang-Rach Gia,Rach Gia,27.49,27.49,27.49,82.0,31.11,10000.0,0.0,100.0,6.37,11.05,238.0,1006.0,0,804,Clouds,overcast clouds,04n
2025-07-22 05:03:02,Kien Giang-Rach Gia,Rach Gia,27.46,27.46,27.46,83.0,31.16,10000.0,0.0,100.0,6.37,11.05,238.0,1006.0,0,804,Clouds,overcast clouds,04n
2025-07-22 05:06:48,Kien Giang-Rach Gia,Rach Gia,27.46,27.46,27.46,83.0,31.16,10000.0,0.0,100.0,6.37,11.05,238.0,1006.0,0,804,Clouds,overcast clouds,04n
2025-07-22 05:10:33,Kien Giang-Rach Gia,Rach Gia,27.46,27.46,27.46,83.0,31.16,10000.0,0.0,100.0,6.37,11.05,238.0,1006.0,0,804,Clouds,overcast clouds,04n
2025-07-22 05:14:18,Kien Giang-Rach Gia,Rach Gia,27.46,27.46,27.46,83.0,31.16,10000.0,0.0,100.0,6.37,11.05,238.0,1006.0,0,804,Clouds,overcast clouds,04n
2025-07-22 05:18:04,Kien Giang-Rach Gia,Rach Gia,27.46,27.46,27.46,83.0,31.16,10000.0,0.0,100.0,6.37,11.05,238.0,1006.0,0,804,Clouds,overcast clouds,04n
2025-07-22 05:21:50,Kien Giang-Rach Gia,Rach Gia,27.46,27.46,27.46,83.0,31.16,10000.0,0.0,100.0,6.37,11.05,238.0,1006.0,0,804,Clouds,overcast clouds,04n
2025-07-22 05:25:36,Kien Giang-Rach Gia,Rach Gia,27.46,27.46,27.46,83.0,31.16,10000.0,0.0,100.0,6.37,11.05,238.0,1006.0,0,804,Clouds,overcast clouds,04n
2025-07-22 05:29:21,Kien Giang-Rach Gia,Rach Gia,27.46,27.46,27.46,83.0,31.16,10000.0,0.0,100.0,6.37,11.05,238.0,1006.0,0,804,Clouds,overcast clouds,04n
2025-07-22 05:33:06,Kien Giang-Rach Gia,Rach Gia,27.56,27.56,27.56,82.0,31.28,10000.0,0.0,94.0,6.35,10.23,240.0,1006.0,0,804,Clouds,overcast clouds,04n
2025-07-22 05:36:52,Kien Giang-Rach Gia,Rach Gia,27.56,27.56,27.56,82.0,31.28,10000.0,0.0,94.0,6.35,10.23,240.0,1006.0,0,804,Clouds,overcast clouds,04n
2025-07-22 05:40:38,Kien Giang-Rach Gia,Rach Gia,27.56,27.56,27.56,82.0,31.28,10000.0,0.0,94.0,6.35,10.23,240.0,1006.0,0,804,Clouds,overcast clouds,04n
2025-07-22 05:44:23,Kien Giang-Rach Gia,Rach Gia,27.56,27.56,27.56,82.0,31.28,10000.0,0.0,94.0,6.35,10.23,240.0,1006.0,0,804,Clouds,overcast clouds,04n
2025-07-22 05:48:09,Kien Giang-Rach Gia,Rach Gia,27.56,27.56,27.56,82.0,31.28,10000.0,0.0,94.0,6.35,10.23,240.0,1006.0,1,804,Clouds,overcast clouds,04d
2025-07-22 05:51:55,Kien Giang-Rach Gia,Rach Gia,27.56,27.56,27.56,82.0,31.28,10000.0,0.0,94.0,6.35,10.23,240.0,1006.0,1,804,Clouds,overcast clouds,04d
2025-07-22 05:55:40,Kien Giang-Rach Gia,Rach Gia,27.56,27.56,27.56,82.0,31.28,10000.0,0.0,94.0,6.35,10.23,240.0,1006.0,1,804,Clouds,overcast clouds,04d
2025-07-22 05:59:26,Kien Giang-Rach Gia,Rach Gia,27.56,27.56,27.56,82.0,31.28,10000.0,0.0,94.0,6.35,10.23,240.0,1006.0,1,804,Clouds,overcast clouds,04d
2025-07-22 06:03:12,Kien Giang-Rach Gia,Rach Gia,27.53,27.53,27.53,82.0,31.21,10000.0,0.0,94.0,6.35,10.23,240.0,1006.0,1,804,Clouds,overcast clouds,04d
2025-07-22 06:06:57,Kien Giang-Rach Gia,Rach Gia,27.56,27.56,27.56,82.0,31.28,10000.0,0.0,94.0,6.35,10.23,240.0,1006.0,1,804,Clouds,overcast clouds,04d
2025-07-22 06:10:42,Kien Giang-Rach Gia,Rach Gia,27.53,27.53,27.53,82.0,31.21,10000.0,0.0,94.0,6.35,10.23,240.0,1006.0,1,804,Clouds,overcast clouds,04d
2025-07-22 06:14:28,Kien Giang-Rach Gia,Rach Gia,27.53,27.53,27.53,82.0,31.21,10000.0,0.0,94.0,6.35,10.23,240.0,1006.0,1,804,Clouds,overcast clouds,04d
2025-07-22 06:18:13,Kien Giang-Rach Gia,Rach Gia,27.53,27.53,27.53,82.0,31.21,10000.0,0.0,94.0,6.35,10.23,240.0,1006.0,1,804,Clouds,overcast clouds,04d
2025-07-22 06:21:59,Kien Giang-Rach Gia,Rach Gia,27.53,27.53,27.53,82.0,31.21,10000.0,0.0,94.0,6.35,10.23,240.0,1006.0,1,804,Clouds,overcast clouds,04d
2025-07-22 06:25:44,Kien Giang-Rach Gia,Rach Gia,27.53,27.53,27.53,82.0,31.21,10000.0,0.0,94.0,6.35,10.23,240.0,1006.0,1,804,Clouds,overcast clouds,04d
2025-07-22 06:29:30,Kien Giang-Rach Gia,Rach Gia,27.53,27.53,27.53,82.0,31.21,10000.0,0.0,94.0,6.35,10.23,240.0,1006.0,1,804,Clouds,overcast clouds,04d
2025-07-22 06:33:15,Kien Giang-Rach Gia,Rach Gia,27.53,27.53,27.53,82.0,31.21,10000.0,0.0,94.0,6.35,10.23,240.0,1006.0,1,804,Clouds,overcast clouds,04d
2025-07-22 06:37:00,Kien Giang-Rach Gia,Rach Gia,27.53,27.53,27.53,82.0,31.21,10000.0,0.0,94.0,6.35,10.23,240.0,1006.0,1,804,Clouds,overcast clouds,04d
2025-07-22 06:40:46,Kien Giang-Rach Gia,Rach Gia,28.04,28.04,28.04,81.0,32.36,10000.0,0.0,95.0,6.12,11.43,242.0,1007.0,1,804,Clouds,overcast clouds,04d
2025-07-22 06:44:32,Kien Giang-Rach Gia,Rach Gia,28.04,28.04,28.04,81.0,32.36,10000.0,0.0,95.0,6.12,11.43,242.0,1007.0,1,804,Clouds,overcast clouds,04d
2025-07-22 06:48:17,Kien Giang-Rach Gia,Rach Gia,28.04,28.04,28.04,81.0,32.36,10000.0,0.0,95.0,6.12,11.43,242.0,1007.0,1,804,Clouds,overcast clouds,04d
2025-07-22 06:52:02,Kien Giang-Rach Gia,Rach Gia,28.14,28.14,28.14,81.0,32.62,10000.0,0.0,95.0,6.12,11.43,242.0,1007.0,1,804,Clouds,overcast clouds,04d
2025-07-22 06:55:48,Kien Giang-Rach Gia,Rach Gia,28.14,28.14,28.14,81.0,32.62,10000.0,0.0,95.0,6.12,11.43,242.0,1007.0,1,804,Clouds,overcast clouds,04d
2025-07-22 06:59:33,Kien Giang-Rach Gia,Rach Gia,28.14,28.14,28.14,81.0,32.62,10000.0,0.0,95.0,6.12,11.43,242.0,1007.0,1,804,Clouds,overcast clouds,04d
2025-07-22 07:03:19,Kien Giang-Rach Gia,Rach Gia,28.14,28.14,28.14,81.0,32.62,10000.0,0.0,95.0,6.12,11.43,242.0,1007.0,1,804,Clouds,overcast clouds,04d
2025-07-22 07:07:04,Kien Giang-Rach Gia,Rach Gia,28.14,28.14,28.14,81.0,32.62,10000.0,0.0,95.0,6.12,11.43,242.0,1007.0,1,804,Clouds,overcast clouds,04d
2025-07-22 07:10:50,Kien Giang-Rach Gia,Rach Gia,28.14,28.14,28.14,81.0,32.62,10000.0,0.0,95.0,6.12,11.43,242.0,1007.0,1,804,Clouds,overcast clouds,04d
2025-07-22 07:14:35,Kien Giang-Rach Gia,Rach Gia,28.14,28.14,28.14,81.0,32.62,10000.0,0.0,95.0,6.12,11.43,242.0,1007.0,1,804,Clouds,overcast clouds,04d
2025-07-22 07:18:21,Kien Giang-Rach Gia,Rach Gia,28.14,28.14,28.14,81.0,32.62,10000.0,0.0,95.0,6.12,11.43,242.0,1007.0,1,804,Clouds,overcast clouds,04d
2025-07-22 07:22:06,Kien Giang-Rach Gia,Rach Gia,28.14,28.14,28.14,81.0,32.62,10000.0,0.0,95.0,6.12,11.43,242.0,1007.0,1,804,Clouds,overcast clouds,04d
2025-07-22 07:25:52,Kien Giang-Rach Gia,Rach Gia,28.14,28.14,28.14,81.0,32.62,10000.0,0.0,95.0,6.12,11.43,242.0,1007.0,1,804,Clouds,overcast clouds,04d
2025-07-22 07:29:38,Kien Giang-Rach Gia,Rach Gia,28.14,28.14,28.14,81.0,32.62,10000.0,0.0,95.0,6.12,11.43,242.0,1007.0,1,804,Clouds,overcast clouds,04d
2025-07-22 07:33:23,Kien Giang-Rach Gia,Rach Gia,28.88,28.88,28.88,77.0,33.79,10000.0,0.0,100.0,7.6,14.11,245.0,1008.0,1,804,Clouds,overcast clouds,04d
2025-07-22 07:37:09,Kien Giang-Rach Gia,Rach Gia,28.88,28.88,28.88,77.0,33.79,10000.0,0.0,100.0,7.6,14.11,245.0,1008.0,1,804,Clouds,overcast clouds,04d
2025-07-22 07:40:54,Kien Giang-Rach Gia,Rach Gia,28.88,28.88,28.88,77.0,33.79,10000.0,0.0,100.0,7.6,14.11,245.0,1008.0,1,804,Clouds,overcast clouds,04d
2025-07-22 07:44:40,Kien Giang-Rach Gia,Rach Gia,28.88,28.88,28.88,77.0,33.79,10000.0,0.0,100.0,7.6,14.11,245.0,1008.0,1,804,Clouds,overcast clouds,04d
2025-07-22 07:48:26,Kien Giang-Rach Gia,Rach Gia,28.78,28.78,28.78,78.0,33.74,10000.0,0.0,100.0,7.6,14.11,245.0,1008.0,1,804,Clouds,overcast clouds,04d
2025-07-22 07:52:11,Kien Giang-Rach Gia,Rach Gia,28.88,28.88,28.88,77.0,33.79,10000.0,0.0,100.0,7.6,14.11,245.0,1008.0,1,804,Clouds,overcast clouds,04d
2025-07-22 07:55:57,Kien Giang-Rach Gia,Rach Gia,28.78,28.78,28.78,78.0,33.74,10000.0,0.0,100.0,7.6,14.11,245.0,1008.0,1,804,Clouds,overcast clouds,04d
2025-07-22 07:59:42,Kien Giang-Rach Gia,Rach Gia,28.78,28.78,28.78,78.0,33.74,10000.0,0.0,100.0,7.6,14.11,245.0,1008.0,1,804,Clouds,overcast clouds,04d
2025-07-22 08:03:28,Kien Giang-Rach Gia,Rach Gia,28.77,28.77,28.77,78.0,33.71,10000.0,0.0,100.0,7.6,14.11,245.0,1008.0,1,804,Clouds,overcast clouds,04d
2025-07-22 08:07:14,Kien Giang-Rach Gia,Rach Gia,28.78,28.78,28.78,78.0,33.74,10000.0,0.0,100.0,7.6,14.11,245.0,1008.0,1,804,Clouds,overcast clouds,04d
2025-07-22 08:10:59,Kien Giang-Rach Gia,Rach Gia,28.77,28.77,28.77,78.0,33.71,10000.0,0.0,100.0,7.6,14.11,245.0,1008.0,1,804,Clouds,overcast clouds,04d
2025-07-22 08:14:45,Kien Giang-Rach Gia,Rach Gia,28.77,28.77,28.77,78.0,33.71,10000.0,0.0,100.0,7.6,14.11,245.0,1008.0,1,804,Clouds,overcast clouds,04d
2025-07-22 08:18:31,Kien Giang-Rach Gia,Rach Gia,28.77,28.77,28.77,78.0,33.71,10000.0,0.0,100.0,7.6,14.11,245.0,1008.0,1,804,Clouds,overcast clouds,04d
2025-07-22 08:22:16,Kien Giang-Rach Gia,Rach Gia,28.77,28.77,28.77,78.0,33.71,10000.0,0.0,100.0,7.6,14.11,245.0,1008.0,1,804,Clouds,overcast clouds,04d
2025-07-22 08:26:02,Kien Giang-Rach Gia,Rach Gia,28.77,28.77,28.77,78.0,33.71,10000.0,0.0,100.0,7.6,14.11,245.0,1008.0,1,804,Clouds,overcast clouds,04d
2025-07-22 08:29:48,Kien Giang-Rach Gia,Rach Gia,28.77,28.77,28.77,78.0,33.71,10000.0,0.0,100.0,7.6,14.11,245.0,1008.0,1,804,Clouds,overcast clouds,04d
2025-07-22 08:33:33,Kien Giang-Rach Gia,Rach Gia,28.77,28.77,28.77,78.0,33.71,10000.0,0.0,100.0,7.6,14.11,245.0,1008.0,1,804,Clouds,overcast clouds,04d
2025-07-22 08:37:19,Kien Giang-Rach Gia,Rach Gia,29.15,29.15,29.15,76.0,34.28,10000.0,0.0,99.0,7.92,14.58,253.0,1008.0,1,804,Clouds,overcast clouds,04d
2025-07-22 08:41:04,Kien Giang-Rach Gia,Rach Gia,29.15,29.15,29.15,76.0,34.28,10000.0,0.0,99.0,7.92,14.58,253.0,1008.0,1,804,Clouds,overcast clouds,04d
2025-07-22 08:44:50,Kien Giang-Rach Gia,Rach Gia,29.15,29.15,29.15,76.0,34.28,10000.0,0.0,99.0,7.92,14.58,253.0,1008.0,1,804,Clouds,overcast clouds,04d
2025-07-22 08:48:35,Kien Giang-Rach Gia,Rach Gia,29.14,29.14,29.14,76.0,34.25,10000.0,0.0,99.0,7.92,14.58,253.0,1008.0,1,804,Clouds,overcast clouds,04d
2025-07-22 08:52:21,Kien Giang-Rach Gia,Rach Gia,29.14,29.14,29.14,76.0,34.25,10000.0,0.0,99.0,7.92,14.58,253.0,1008.0,1,804,Clouds,overcast clouds,04d
2025-07-22 08:56:06,Kien Giang-Rach Gia,Rach Gia,29.14,29.14,29.14,76.0,34.25,10000.0,0.0,99.0,7.92,14.58,253.0,1008.0,1,804,Clouds,overcast clouds,04d
2025-07-22 08:59:52,Kien Giang-Rach Gia,Rach Gia,29.14,29.14,29.14,76.0,34.25,10000.0,0.0,99.0,7.92,14.58,253.0,1008.0,1,804,Clouds,overcast clouds,04d
2025-07-22 09:03:38,Kien Giang-Rach Gia,Rach Gia,29.16,29.16,29.16,76.0,34.31,10000.0,0.0,99.0,7.92,14.58,253.0,1008.0,1,804,Clouds,overcast clouds,04d
2025-07-22 09:07:25,Kien Giang-Rach Gia,Rach Gia,29.16,29.16,29.16,76.0,34.31,10000.0,0.0,99.0,7.92,14.58,253.0,1008.0,1,804,Clouds,overcast clouds,04d
2025-07-22 09:11:12,Kien Giang-Rach Gia,Rach Gia,29.16,29.16,29.16,76.0,34.31,10000.0,0.0,99.0,7.92,14.58,253.0,1008.0,1,804,Clouds,overcast clouds,04d
2025-07-22 09:14:57,Kien Giang-Rach Gia,Rach Gia,29.16,29.16,29.16,76.0,34.31,10000.0,0.0,99.0,7.92,14.58,253.0,1008.0,1,804,Clouds,overcast clouds,04d
2025-07-22 09:18:43,Kien Giang-Rach Gia,Rach Gia,29.16,29.16,29.16,76.0,34.31,10000.0,0.0,99.0,7.92,14.58,253.0,1008.0,1,804,Clouds,overcast clouds,04d
2025-07-22 09:22:29,Kien Giang-Rach Gia,Rach Gia,29.16,29.16,29.16,76.0,34.31,10000.0,0.0,99.0,7.92,14.58,253.0,1008.0,1,804,Clouds,overcast clouds,04d
2025-07-22 09:26:14,Kien Giang-Rach Gia,Rach Gia,29.16,29.16,29.16,76.0,34.31,10000.0,0.0,99.0,7.92,14.58,253.0,1008.0,1,804,Clouds,overcast clouds,04d
2025-07-22 09:30:00,Kien Giang-Rach Gia,Rach Gia,29.38,29.38,29.38,77.0,35.11,8006.0,0.0,100.0,8.08,14.13,261.0,1008.0,1,804,Clouds,overcast clouds,04d
2025-07-22 09:33:46,Kien Giang-Rach Gia,Rach Gia,29.38,29.38,29.38,77.0,35.11,8006.0,0.0,100.0,8.08,14.13,261.0,1008.0,1,804,Clouds,overcast clouds,04d
2025-07-22 09:37:32,Kien Giang-Rach Gia,Rach Gia,29.43,29.43,29.43,77.0,35.24,8006.0,0.0,100.0,8.08,14.13,261.0,1008.0,1,804,Clouds,overcast clouds,04d
2025-07-22 09:41:17,Kien Giang-Rach Gia,Rach Gia,29.43,29.43,29.43,77.0,35.24,8006.0,0.0,100.0,8.08,14.13,261.0,1008.0,1,804,Clouds,overcast clouds,04d
2025-07-22 09:45:03,Kien Giang-Rach Gia,Rach Gia,29.43,29.43,29.43,77.0,35.24,8006.0,0.0,100.0,8.08,14.13,261.0,1008.0,1,804,Clouds,overcast clouds,04d
2025-07-22 09:48:49,Kien Giang-Rach Gia,Rach Gia,29.42,29.42,29.42,77.0,35.22,8006.0,0.0,100.0,8.08,14.13,261.0,1008.0,1,804,Clouds,overcast clouds,04d
2025-07-22 09:52:35,Kien Giang-Rach Gia,Rach Gia,29.42,29.42,29.42,77.0,35.22,8006.0,0.0,100.0,8.08,14.13,261.0,1008.0,1,804,Clouds,overcast clouds,04d
2025-07-22 09:56:21,Kien Giang-Rach Gia,Rach Gia,29.42,29.42,29.42,77.0,35.22,8006.0,0.0,100.0,8.08,14.13,261.0,1008.0,1,804,Clouds,overcast clouds,04d
2025-07-22 10:00:06,Kien Giang-Rach Gia,Rach Gia,29.42,29.42,29.42,77.0,35.22,8006.0,0.0,100.0,8.08,14.13,261.0,1008.0,1,804,Clouds,overcast clouds,04d
2025-07-22 10:03:52,Kien Giang-Rach Gia,Rach Gia,29.45,29.45,29.45,77.0,35.3,8006.0,0.0,100.0,8.08,14.13,261.0,1008.0,1,804,Clouds,overcast clouds,04d
2025-07-22 10:07:38,Kien Giang-Rach Gia,Rach Gia,29.45,29.45,29.45,77.0,35.3,8006.0,0.0,100.0,8.08,14.13,261.0,1008.0,1,804,Clouds,overcast clouds,04d
2025-07-22 10:11:23,Kien Giang-Rach Gia,Rach Gia,29.45,29.45,29.45,77.0,35.3,8006.0,0.0,100.0,8.08,14.13,261.0,1008.0,1,804,Clouds,overcast clouds,04d
2025-07-22 10:15:08,Kien Giang-Rach Gia,Rach Gia,29.45,29.45,29.45,77.0,35.3,8006.0,0.0,100.0,8.08,14.13,261.0,1008.0,1,804,Clouds,overcast clouds,04d
2025-07-22 10:18:54,Kien Giang-Rach Gia,Rach Gia,29.45,29.45,29.45,77.0,35.3,8006.0,0.0,100.0,8.08,14.13,261.0,1008.0,1,804,Clouds,overcast clouds,04d
2025-07-22 10:22:40,Kien Giang-Rach Gia,Rach Gia,29.45,29.45,29.45,77.0,35.3,8006.0,0.0,100.0,8.08,14.13,261.0,1008.0,1,804,Clouds,overcast clouds,04d
2025-07-22 10:26:26,Kien Giang-Rach Gia,Rach Gia,29.45,29.45,29.45,77.0,35.3,8006.0,0.0,100.0,8.08,14.13,261.0,1008.0,1,804,Clouds,overcast clouds,04d
2025-07-22 10:30:12,Kien Giang-Rach Gia,Rach Gia,29.37,29.37,29.37,75.0,34.63,10000.0,0.0,100.0,7.85,14.25,261.0,1008.0,1,804,Clouds,overcast clouds,04d
2025-07-22 10:33:58,Kien Giang-Rach Gia,Rach Gia,29.36,29.36,29.36,75.0,34.6,10000.0,0.0,100.0,7.85,14.25,261.0,1008.0,1,804,Clouds,overcast clouds,04d
2025-07-22 10:37:43,Kien Giang-Rach Gia,Rach Gia,29.36,29.36,29.36,75.0,34.6,10000.0,0.0,100.0,7.85,14.25,261.0,1008.0,1,804,Clouds,overcast clouds,04d
2025-07-22 10:41:29,Kien Giang-Rach Gia,Rach Gia,29.36,29.36,29.36,75.0,34.6,10000.0,0.0,100.0,7.85,14.25,261.0,1008.0,1,804,Clouds,overcast clouds,04d
2025-07-22 10:45:15,Kien Giang-Rach Gia,Rach Gia,29.36,29.36,29.36,75.0,34.6,10000.0,0.0,100.0,7.85,14.25,261.0,1008.0,1,804,Clouds,overcast clouds,04d
2025-07-22 10:49:01,Kien Giang-Rach Gia,Rach Gia,29.36,29.36,29.36,75.0,34.6,10000.0,0.0,100.0,7.85,14.25,261.0,1008.0,1,804,Clouds,overcast clouds,04d
2025-07-22 10:52:47,Kien Giang-Rach Gia,Rach Gia,29.36,29.36,29.36,75.0,34.6,10000.0,0.0,100.0,7.85,14.25,261.0,1008.0,1,804,Clouds,overcast clouds,04d
2025-07-22 10:56:33,Kien Giang-Rach Gia,Rach Gia,29.36,29.36,29.36,75.0,34.6,10000.0,0.0,100.0,7.85,14.25,261.0,1008.0,1,804,Clouds,overcast clouds,04d
2025-07-22 11:00:19,Kien Giang-Rach Gia,Rach Gia,29.36,29.36,29.36,75.0,34.6,10000.0,0.0,100.0,7.85,14.25,261.0,1008.0,1,804,Clouds,overcast clouds,04d
2025-07-22 11:04:05,Kien Giang-Rach Gia,Rach Gia,29.38,29.38,29.38,75.0,34.65,10000.0,0.0,100.0,7.85,14.25,261.0,1008.0,1,804,Clouds,overcast clouds,04d
2025-07-22 11:07:51,Kien Giang-Rach Gia,Rach Gia,29.38,29.38,29.38,75.0,34.65,10000.0,0.0,100.0,7.85,14.25,261.0,1008.0,1,804,Clouds,overcast clouds,04d
2025-07-22 11:11:36,Kien Giang-Rach Gia,Rach Gia,29.38,29.38,29.38,75.0,34.65,10000.0,0.0,100.0,7.85,14.25,261.0,1008.0,1,804,Clouds,overcast clouds,04d
2025-07-22 11:15:22,Kien Giang-Rach Gia,Rach Gia,29.38,29.38,29.38,75.0,34.65,10000.0,0.0,100.0,7.85,14.25,261.0,1008.0,1,804,Clouds,overcast clouds,04d
2025-07-22 11:19:07,Kien Giang-Rach Gia,Rach Gia,29.38,29.38,29.38,75.0,34.65,10000.0,0.0,100.0,7.85,14.25,261.0,1008.0,1,804,Clouds,overcast clouds,04d
2025-07-22 11:22:53,Kien Giang-Rach Gia,Rach Gia,29.38,29.38,29.38,75.0,34.65,10000.0,0.0,100.0,7.85,14.25,261.0,1008.0,1,804,Clouds,overcast clouds,04d
2025-07-22 11:26:38,Kien Giang-Rach Gia,Rach Gia,29.38,29.38,29.38,75.0,34.65,10000.0,0.0,100.0,7.85,14.25,261.0,1008.0,1,804,Clouds,overcast clouds,04d
2025-07-22 11:30:25,Kien Giang-Rach Gia,Rach Gia,29.38,29.38,29.38,75.0,34.65,10000.0,0.0,100.0,7.85,14.25,261.0,1008.0,1,804,Clouds,overcast clouds,04d
2025-07-22 11:34:10,Kien Giang-Rach Gia,Rach Gia,29.38,29.38,29.38,75.0,34.65,10000.0,0.0,100.0,7.85,14.25,261.0,1008.0,1,804,Clouds,overcast clouds,04d
2025-07-22 11:37:56,Kien Giang-Rach Gia,Rach Gia,29.59,29.59,29.59,75.0,35.2,10000.0,0.0,100.0,7.96,14.46,259.0,1007.0,1,804,Clouds,overcast clouds,04d
2025-07-22 11:41:42,Kien Giang-Rach Gia,Rach Gia,29.59,29.59,29.59,75.0,35.2,10000.0,0.0,100.0,7.96,14.46,259.0,1007.0,1,804,Clouds,overcast clouds,04d
2025-07-22 11:45:28,Kien Giang-Rach Gia,Rach Gia,29.59,29.59,29.59,75.0,35.2,10000.0,0.0,100.0,7.96,14.46,259.0,1007.0,1,804,Clouds,overcast clouds,04d
2025-07-22 11:49:13,Kien Giang-Rach Gia,Rach Gia,29.59,29.59,29.59,75.0,35.2,10000.0,0.0,100.0,7.96,14.46,259.0,1007.0,1,804,Clouds,overcast clouds,04d
2025-07-22 11:52:59,Kien Giang-Rach Gia,Rach Gia,29.58,29.58,29.58,75.0,35.17,10000.0,0.0,100.0,7.96,14.46,259.0,1007.0,1,804,Clouds,overcast clouds,04d
2025-07-22 11:56:45,Kien Giang-Rach Gia,Rach Gia,29.58,29.58,29.58,75.0,35.17,10000.0,0.0,100.0,7.96,14.46,259.0,1007.0,1,804,Clouds,overcast clouds,04d
2025-07-22 12:00:31,Kien Giang-Rach Gia,Rach Gia,29.58,29.58,29.58,75.0,35.17,10000.0,0.0,100.0,7.96,14.46,259.0,1007.0,1,804,Clouds,overcast clouds,04d
2025-07-22 12:04:16,Kien Giang-Rach Gia,Rach Gia,29.58,29.58,29.58,75.0,35.17,10000.0,0.0,100.0,7.96,14.46,259.0,1007.0,1,804,Clouds,overcast clouds,04d
2025-07-22 12:08:05,Kien Giang-Rach Gia,Rach Gia,29.61,29.61,29.61,75.0,35.25,10000.0,0.0,100.0,7.96,14.46,259.0,1007.0,1,804,Clouds,overcast clouds,04d
2025-07-22 12:11:54,Kien Giang-Rach Gia,Rach Gia,29.61,29.61,29.61,75.0,35.25,10000.0,0.0,100.0,7.96,14.46,259.0,1007.0,1,804,Clouds,overcast clouds,04d
2025-07-22 12:15:43,Kien Giang-Rach Gia,Rach Gia,29.61,29.61,29.61,75.0,35.25,10000.0,0.0,100.0,7.96,14.46,259.0,1007.0,1,804,Clouds,overcast clouds,04d
2025-07-22 12:19:32,Kien Giang-Rach Gia,Rach Gia,29.61,29.61,29.61,75.0,35.25,10000.0,0.0,100.0,7.96,14.46,259.0,1007.0,1,804,Clouds,overcast clouds,04d
2025-07-22 12:23:21,Kien Giang-Rach Gia,Rach Gia,29.61,29.61,29.61,75.0,35.25,10000.0,0.0,100.0,7.96,14.46,259.0,1007.0,1,804,Clouds,overcast clouds,04d
2025-07-22 12:27:10,Kien Giang-Rach Gia,Rach Gia,29.61,29.61,29.61,75.0,35.25,10000.0,0.0,100.0,7.96,14.46,259.0,1007.0,1,804,Clouds,overcast clouds,04d
2025-07-22 12:31:00,Kien Giang-Rach Gia,Rach Gia,29.81,29.81,29.81,73.0,35.29,10000.0,0.0,100.0,7.13,12.67,257.0,1006.0,1,804,Clouds,overcast clouds,04d
2025-07-22 12:34:50,Kien Giang-Rach Gia,Rach Gia,29.81,29.81,29.81,73.0,35.29,10000.0,0.0,100.0,7.13,12.67,257.0,1006.0,1,804,Clouds,overcast clouds,04d
2025-07-22 12:38:39,Kien Giang-Rach Gia,Rach Gia,29.81,29.81,29.81,73.0,35.29,10000.0,0.0,100.0,7.13,12.67,257.0,1006.0,1,804,Clouds,overcast clouds,04d
2025-07-22 12:42:27,Kien Giang-Rach Gia,Rach Gia,29.8,29.8,29.8,73.0,35.26,10000.0,0.0,100.0,7.13,12.67,257.0,1006.0,1,804,Clouds,overcast clouds,04d
2025-07-22 12:46:17,Kien Giang-Rach Gia,Rach Gia,29.8,29.8,29.8,73.0,35.26,10000.0,0.0,100.0,7.13,12.67,257.0,1006.0,1,804,Clouds,overcast clouds,04d
2025-07-22 12:50:08,Kien Giang-Rach Gia,Rach Gia,29.8,29.8,29.8,73.0,35.26,10000.0,0.0,100.0,7.13,12.67,257.0,1006.0,1,804,Clouds,overcast clouds,04d
2025-07-22 12:53:57,Kien Giang-Rach Gia,Rach Gia,29.8,29.8,29.8,73.0,35.26,10000.0,0.0,100.0,7.13,12.67,257.0,1006.0,1,804,Clouds,overcast clouds,04d
2025-07-22 12:57:48,Kien Giang-Rach Gia,Rach Gia,29.8,29.8,29.8,73.0,35.26,10000.0,0.0,100.0,7.13,12.67,257.0,1006.0,1,804,Clouds,overcast clouds,04d
2025-07-22 13:01:37,Kien Giang-Rach Gia,Rach Gia,29.8,29.8,29.8,73.0,35.26,10000.0,0.0,100.0,7.13,12.67,257.0,1006.0,1,804,Clouds,overcast clouds,04d
2025-07-22 13:05:31,Kien Giang-Rach Gia,Rach Gia,29.8,29.8,29.8,73.0,35.26,10000.0,0.0,89.0,7.99,12.93,258.0,1006.0,1,804,Clouds,overcast clouds,04d
2025-07-22 13:09:20,Kien Giang-Rach Gia,Rach Gia,29.8,29.8,29.8,73.0,35.26,10000.0,0.0,89.0,7.99,12.93,258.0,1006.0,1,804,Clouds,overcast clouds,04d
2025-07-22 13:13:10,Kien Giang-Rach Gia,Rach Gia,29.8,29.8,29.8,73.0,35.26,10000.0,0.0,89.0,7.99,12.93,258.0,1006.0,1,804,Clouds,overcast clouds,04d
2025-07-22 13:16:59,Kien Giang-Rach Gia,Rach Gia,29.8,29.8,29.8,73.0,35.26,10000.0,0.0,89.0,7.99,12.93,258.0,1006.0,1,804,Clouds,overcast clouds,04d
2025-07-22 13:20:48,Kien Giang-Rach Gia,Rach Gia,29.8,29.8,29.8,73.0,35.26,10000.0,0.0,89.0,7.99,12.93,258.0,1006.0,1,804,Clouds,overcast clouds,04d
2025-07-22 13:24:38,Kien Giang-Rach Gia,Rach Gia,29.8,29.8,29.8,73.0,35.26,10000.0,0.0,89.0,7.99,12.93,258.0,1006.0,1,804,Clouds,overcast clouds,04d
2025-07-22 13:28:27,Kien Giang-Rach Gia,Rach Gia,29.8,29.8,29.8,73.0,35.26,10000.0,0.0,89.0,7.99,12.93,258.0,1006.0,1,804,Clouds,overcast clouds,04d
2025-07-22 13:32:18,Kien Giang-Rach Gia,Rach Gia,29.82,29.82,29.82,72.0,35.07,10000.0,0.0,100.0,8.34,13.94,262.0,1006.0,1,804,Clouds,overcast clouds,04d
2025-07-22 13:36:08,Kien Giang-Rach Gia,Rach Gia,29.8,29.8,29.8,73.0,35.26,10000.0,0.0,89.0,7.99,12.93,258.0,1006.0,1,804,Clouds,overcast clouds,04d
2025-07-22 13:39:58,Kien Giang-Rach Gia,Rach Gia,29.82,29.82,29.82,72.0,35.07,10000.0,0.0,100.0,8.34,13.94,262.0,1006.0,1,804,Clouds,overcast clouds,04d
2025-07-22 13:43:48,Kien Giang-Rach Gia,Rach Gia,29.87,29.87,29.87,74.0,35.69,10000.0,0.0,100.0,8.34,13.94,262.0,1005.0,1,804,Clouds,overcast clouds,04d
2025-07-22 13:47:37,Kien Giang-Rach Gia,Rach Gia,29.87,29.87,29.87,74.0,35.69,10000.0,0.0,100.0,8.34,13.94,262.0,1005.0,1,804,Clouds,overcast clouds,04d
2025-07-22 13:51:26,Kien Giang-Rach Gia,Rach Gia,29.87,29.87,29.87,74.0,35.69,10000.0,0.0,100.0,8.34,13.94,262.0,1005.0,1,804,Clouds,overcast clouds,04d
2025-07-22 13:55:16,Kien Giang-Rach Gia,Rach Gia,29.86,29.86,29.86,74.0,35.67,10000.0,0.0,100.0,8.34,13.94,262.0,1005.0,1,804,Clouds,overcast clouds,04d
2025-07-22 13:59:07,Kien Giang-Rach Gia,Rach Gia,29.86,29.86,29.86,74.0,35.67,10000.0,0.0,100.0,8.34,13.94,262.0,1005.0,1,804,Clouds,overcast clouds,04d
2025-07-22 14:02:56,Kien Giang-Rach Gia,Rach Gia,29.89,29.89,29.89,74.0,35.75,10000.0,0.0,100.0,8.34,13.94,262.0,1005.0,1,804,Clouds,overcast clouds,04d
2025-07-22 14:06:45,Kien Giang-Rach Gia,Rach Gia,29.89,29.89,29.89,74.0,35.75,10000.0,0.0,100.0,8.34,13.94,262.0,1005.0,1,804,Clouds,overcast clouds,04d
2025-07-22 14:10:35,Kien Giang-Rach Gia,Rach Gia,29.89,29.89,29.89,74.0,35.75,10000.0,0.0,100.0,8.34,13.94,262.0,1005.0,1,804,Clouds,overcast clouds,04d
2025-07-22 14:14:24,Kien Giang-Rach Gia,Rach Gia,29.89,29.89,29.89,74.0,35.75,10000.0,0.0,100.0,8.34,13.94,262.0,1005.0,1,804,Clouds,overcast clouds,04d
2025-07-22 14:18:14,Kien Giang-Rach Gia,Rach Gia,29.89,29.89,29.89,74.0,35.75,10000.0,0.0,100.0,8.34,13.94,262.0,1005.0,1,804,Clouds,overcast clouds,04d
2025-07-22 14:22:05,Kien Giang-Rach Gia,Rach Gia,29.89,29.89,29.89,74.0,35.75,10000.0,0.0,100.0,8.34,13.94,262.0,1005.0,1,804,Clouds,overcast clouds,04d
2025-07-22 14:25:55,Kien Giang-Rach Gia,Rach Gia,29.89,29.89,29.89,74.0,35.75,10000.0,0.0,100.0,8.34,13.94,262.0,1005.0,1,804,Clouds,overcast clouds,04d
2025-07-22 14:29:45,Kien Giang-Rach Gia,Rach Gia,29.89,29.89,29.89,74.0,35.75,10000.0,0.0,100.0,8.34,13.94,262.0,1005.0,1,804,Clouds,overcast clouds,04d
2025-07-22 14:33:35,Kien Giang-Rach Gia,Rach Gia,29.86,29.86,29.86,74.0,35.67,10000.0,0.0,100.0,8.34,14.79,266.0,1005.0,1,804,Clouds,overcast clouds,04d
2025-07-22 14:37:24,Kien Giang-Rach Gia,Rach Gia,29.86,29.86,29.86,74.0,35.67,10000.0,0.0,100.0,8.34,14.79,266.0,1005.0,1,804,Clouds,overcast clouds,04d
2025-07-22 14:41:14,Kien Giang-Rach Gia,Rach Gia,29.86,29.86,29.86,74.0,35.67,10000.0,0.0,100.0,8.34,14.79,266.0,1005.0,1,804,Clouds,overcast clouds,04d
2025-07-22 14:45:04,Kien Giang-Rach Gia,Rach Gia,29.86,29.86,29.86,74.0,35.67,10000.0,0.0,100.0,8.34,14.79,266.0,1005.0,1,804,Clouds,overcast clouds,04d
2025-07-22 14:48:53,Kien Giang-Rach Gia,Rach Gia,29.85,29.85,29.85,74.0,35.64,10000.0,0.0,100.0,8.34,14.79,266.0,1005.0,1,804,Clouds,overcast clouds,04d
2025-07-22 14:52:41,Kien Giang-Rach Gia,Rach Gia,29.86,29.86,29.86,74.0,35.67,10000.0,0.0,100.0,8.34,14.79,266.0,1005.0,1,804,Clouds,overcast clouds,04d
2025-07-22 14:56:30,Kien Giang-Rach Gia,Rach Gia,29.85,29.85,29.85,74.0,35.64,10000.0,0.0,100.0,8.34,14.79,266.0,1005.0,1,804,Clouds,overcast clouds,04d
2025-07-22 15:00:19,Kien Giang-Rach Gia,Rach Gia,29.85,29.85,29.85,74.0,35.64,10000.0,0.0,100.0,8.34,14.79,266.0,1005.0,1,804,Clouds,overcast clouds,04d
2025-07-22 15:04:10,Kien Giang-Rach Gia,Rach Gia,29.89,29.89,29.89,74.0,35.75,10000.0,0.0,100.0,8.34,14.79,266.0,1005.0,1,804,Clouds,overcast clouds,04d
2025-07-22 15:08:01,Kien Giang-Rach Gia,Rach Gia,29.89,29.89,29.89,74.0,35.75,10000.0,0.0,100.0,8.34,14.79,266.0,1005.0,1,804,Clouds,overcast clouds,04d
2025-07-22 15:11:51,Kien Giang-Rach Gia,Rach Gia,29.89,29.89,29.89,74.0,35.75,10000.0,0.0,100.0,8.34,14.79,266.0,1005.0,1,804,Clouds,overcast clouds,04d
2025-07-22 15:15:42,Kien Giang-Rach Gia,Rach Gia,29.89,29.89,29.89,74.0,35.75,10000.0,0.0,100.0,8.34,14.79,266.0,1005.0,1,804,Clouds,overcast clouds,04d
2025-07-22 15:19:32,Kien Giang-Rach Gia,Rach Gia,29.89,29.89,29.89,74.0,35.75,10000.0,0.0,100.0,8.34,14.79,266.0,1005.0,1,804,Clouds,overcast clouds,04d
2025-07-22 15:23:22,Kien Giang-Rach Gia,Rach Gia,29.89,29.89,29.89,74.0,35.75,10000.0,0.0,100.0,8.34,14.79,266.0,1005.0,1,804,Clouds,overcast clouds,04d
2025-07-22 15:27:12,Kien Giang-Rach Gia,Rach Gia,29.89,29.89,29.89,74.0,35.75,10000.0,0.0,100.0,8.34,14.79,266.0,1005.0,1,804,Clouds,overcast clouds,04d
2025-07-22 15:31:02,Kien Giang-Rach Gia,Rach Gia,29.48,29.48,29.48,76.0,35.14,10000.0,0.0,100.0,8.61,14.66,266.0,1004.0,1,804,Clouds,overcast clouds,04d
2025-07-22 15:34:53,Kien Giang-Rach Gia,Rach Gia,29.48,29.48,29.48,76.0,35.14,10000.0,0.0,100.0,8.61,14.66,266.0,1004.0,1,804,Clouds,overcast clouds,04d
2025-07-22 15:38:43,Kien Giang-Rach Gia,Rach Gia,29.48,29.48,29.48,76.0,35.14,10000.0,0.0,100.0,8.61,14.66,266.0,1004.0,1,804,Clouds,overcast clouds,04d
2025-07-22 15:42:33,Kien Giang-Rach Gia,Rach Gia,29.48,29.48,29.48,76.0,35.14,10000.0,0.0,100.0,8.61,14.66,266.0,1004.0,1,804,Clouds,overcast clouds,04d
2025-07-22 15:46:28,Kien Giang-Rach Gia,Rach Gia,29.42,29.42,29.42,76.0,34.98,10000.0,0.0,100.0,8.61,14.66,266.0,1004.0,1,804,Clouds,overcast clouds,04d
2025-07-22 15:50:18,Kien Giang-Rach Gia,Rach Gia,29.42,29.42,29.42,76.0,34.98,10000.0,0.0,100.0,8.61,14.66,266.0,1004.0,1,804,Clouds,overcast clouds,04d
2025-07-22 15:54:08,Kien Giang-Rach Gia,Rach Gia,29.42,29.42,29.42,76.0,34.98,10000.0,0.0,100.0,8.61,14.66,266.0,1004.0,1,804,Clouds,overcast clouds,04d
2025-07-22 15:57:58,Kien Giang-Rach Gia,Rach Gia,29.42,29.42,29.42,76.0,34.98,10000.0,0.0,100.0,8.61,14.66,266.0,1004.0,1,804,Clouds,overcast clouds,04d
2025-07-22 16:01:48,Kien Giang-Rach Gia,Rach Gia,29.42,29.42,29.42,76.0,34.98,10000.0,0.0,100.0,8.61,14.66,266.0,1004.0,1,804,Clouds,overcast clouds,04d
2025-07-22 16:05:38,Kien Giang-Rach Gia,Rach Gia,29.45,29.45,29.45,76.0,35.06,10000.0,0.0,100.0,8.61,14.66,266.0,1004.0,1,804,Clouds,overcast clouds,04d
2025-07-22 16:09:27,Kien Giang-Rach Gia,Rach Gia,29.45,29.45,29.45,76.0,35.06,10000.0,0.0,100.0,8.61,14.66,266.0,1004.0,1,804,Clouds,overcast clouds,04d
2025-07-22 16:13:17,Kien Giang-Rach Gia,Rach Gia,29.45,29.45,29.45,76.0,35.06,10000.0,0.0,100.0,8.61,14.66,266.0,1004.0,1,804,Clouds,overcast clouds,04d
2025-07-22 16:17:07,Kien Giang-Rach Gia,Rach Gia,29.45,29.45,29.45,76.0,35.06,10000.0,0.0,100.0,8.61,14.66,266.0,1004.0,1,804,Clouds,overcast clouds,04d
2025-07-22 16:20:56,Kien Giang-Rach Gia,Rach Gia,29.45,29.45,29.45,76.0,35.06,10000.0,0.0,100.0,8.61,14.66,266.0,1004.0,1,804,Clouds,overcast clouds,04d
2025-07-22 16:24:45,Kien Giang-Rach Gia,Rach Gia,29.45,29.45,29.45,76.0,35.06,10000.0,0.0,100.0,8.61,14.66,266.0,1004.0,1,804,Clouds,overcast clouds,04d
2025-07-22 16:28:34,Kien Giang-Rach Gia,Rach Gia,29.45,29.45,29.45,76.0,35.06,10000.0,0.0,100.0,8.61,14.66,266.0,1004.0,1,804,Clouds,overcast clouds,04d
2025-07-22 16:32:24,Kien Giang-Rach Gia,Rach Gia,28.59,28.59,28.59,79.0,33.43,10000.0,0.0,96.0,8.66,14.47,262.0,1004.0,1,804,Clouds,overcast clouds,04d
2025-07-22 16:36:16,Kien Giang-Rach Gia,Rach Gia,28.59,28.59,28.59,79.0,33.43,10000.0,0.0,96.0,8.66,14.47,262.0,1004.0,1,804,Clouds,overcast clouds,04d
2025-07-22 16:40:08,Kien Giang-Rach Gia,Rach Gia,28.59,28.59,28.59,79.0,33.43,10000.0,0.0,96.0,8.66,14.47,262.0,1004.0,1,804,Clouds,overcast clouds,04d
2025-07-22 16:43:57,Kien Giang-Rach Gia,Rach Gia,28.59,28.59,28.59,79.0,33.43,10000.0,0.0,96.0,8.66,14.47,262.0,1004.0,1,804,Clouds,overcast clouds,04d
2025-07-22 16:47:46,Kien Giang-Rach Gia,Rach Gia,28.58,28.58,28.58,79.0,33.41,10000.0,0.0,96.0,8.66,14.47,262.0,1004.0,1,804,Clouds,overcast clouds,04d
2025-07-22 16:51:35,Kien Giang-Rach Gia,Rach Gia,28.58,28.58,28.58,79.0,33.41,10000.0,0.0,96.0,8.66,14.47,262.0,1004.0,1,804,Clouds,overcast clouds,04d
2025-07-22 16:55:24,Kien Giang-Rach Gia,Rach Gia,28.58,28.58,28.58,79.0,33.41,10000.0,0.0,96.0,8.66,14.47,262.0,1004.0,1,804,Clouds,overcast clouds,04d
2025-07-22 16:59:14,Kien Giang-Rach Gia,Rach Gia,28.58,28.58,28.58,79.0,33.41,10000.0,0.0,96.0,8.66,14.47,262.0,1004.0,1,804,Clouds,overcast clouds,04d
2025-07-22 17:03:05,Kien Giang-Rach Gia,Rach Gia,28.62,28.62,28.62,79.0,33.51,10000.0,0.0,96.0,8.66,14.47,262.0,1004.0,1,804,Clouds,overcast clouds,04d
2025-07-22 17:06:56,Kien Giang-Rach Gia,Rach Gia,28.58,28.58,28.58,79.0,33.41,10000.0,0.0,96.0,8.66,14.47,262.0,1004.0,1,804,Clouds,overcast clouds,04d
2025-07-22 17:10:47,Kien Giang-Rach Gia,Rach Gia,28.62,28.62,28.62,79.0,33.51,10000.0,0.0,96.0,8.66,14.47,262.0,1004.0,1,804,Clouds,overcast clouds,04d
2025-07-22 17:14:36,Kien Giang-Rach Gia,Rach Gia,28.62,28.62,28.62,79.0,33.51,10000.0,0.0,96.0,8.66,14.47,262.0,1004.0,1,804,Clouds,overcast clouds,04d
2025-07-22 17:18:24,Kien Giang-Rach Gia,Rach Gia,28.62,28.62,28.62,79.0,33.51,10000.0,0.0,96.0,8.66,14.47,262.0,1004.0,1,804,Clouds,overcast clouds,04d
2025-07-22 17:22:14,Kien Giang-Rach Gia,Rach Gia,28.62,28.62,28.62,79.0,33.51,10000.0,0.0,96.0,8.66,14.47,262.0,1004.0,1,804,Clouds,overcast clouds,04d
2025-07-22 17:26:04,Kien Giang-Rach Gia,Rach Gia,28.62,28.62,28.62,79.0,33.51,10000.0,0.0,96.0,8.66,14.47,262.0,1004.0,1,804,Clouds,overcast clouds,04d
2025-07-22 17:29:53,Kien Giang-Rach Gia,Rach Gia,28.62,28.62,28.62,79.0,33.51,10000.0,0.0,96.0,8.66,14.47,262.0,1004.0,1,804,Clouds,overcast clouds,04d
2025-07-22 17:33:44,Kien Giang-Rach Gia,Rach Gia,28.29,28.29,28.29,82.0,33.19,10000.0,0.0,90.0,8.15,13.75,261.0,1005.0,1,804,Clouds,overcast clouds,04d
2025-07-22 17:37:34,Kien Giang-Rach Gia,Rach Gia,28.62,28.62,28.62,79.0,33.51,10000.0,0.0,96.0,8.66,14.47,262.0,1004.0,1,804,Clouds,overcast clouds,04d
2025-07-22 17:41:25,Kien Giang-Rach Gia,Rach Gia,28.29,28.29,28.29,82.0,33.19,10000.0,0.0,90.0,8.15,13.75,261.0,1005.0,1,804,Clouds,overcast clouds,04d
2025-07-22 17:45:15,Kien Giang-Rach Gia,Rach Gia,28.29,28.29,28.29,82.0,33.19,10000.0,0.0,90.0,8.15,13.75,261.0,1005.0,1,804,Clouds,overcast clouds,04d
2025-07-22 17:49:07,Kien Giang-Rach Gia,Rach Gia,28.29,28.29,28.29,82.0,33.19,10000.0,0.0,90.0,8.15,13.75,261.0,1005.0,1,804,Clouds,overcast clouds,04d
2025-07-22 17:52:58,Kien Giang-Rach Gia,Rach Gia,28.29,28.29,28.29,82.0,33.19,10000.0,0.0,90.0,8.15,13.75,261.0,1005.0,1,804,Clouds,overcast clouds,04d
2025-07-22 17:56:49,Kien Giang-Rach Gia,Rach Gia,28.29,28.29,28.29,82.0,33.19,10000.0,0.0,90.0,8.15,13.75,261.0,1005.0,1,804,Clouds,overcast clouds,04d
2025-07-22 18:00:41,Kien Giang-Rach Gia,Rach Gia,28.29,28.29,28.29,82.0,33.19,10000.0,0.0,90.0,8.15,13.75,261.0,1005.0,1,804,Clouds,overcast clouds,04d
2025-07-22 18:04:31,Kien Giang-Rach Gia,Rach Gia,28.29,28.29,28.29,82.0,33.19,10000.0,0.0,90.0,8.15,13.75,261.0,1005.0,1,804,Clouds,overcast clouds,04d
2025-07-22 18:08:21,Kien Giang-Rach Gia,Rach Gia,28.29,28.29,28.29,82.0,33.19,10000.0,0.0,90.0,8.15,13.75,261.0,1005.0,1,804,Clouds,overcast clouds,04d
2025-07-22 18:12:12,Kien Giang-Rach Gia,Rach Gia,28.32,28.32,28.32,82.0,33.27,10000.0,0.0,90.0,8.15,13.75,261.0,1005.0,1,804,Clouds,overcast clouds,04d
2025-07-22 18:16:02,Kien Giang-Rach Gia,Rach Gia,28.32,28.32,28.32,82.0,33.27,10000.0,0.0,90.0,8.15,13.75,261.0,1005.0,1,804,Clouds,overcast clouds,04d
2025-07-22 18:19:52,Kien Giang-Rach Gia,Rach Gia,28.32,28.32,28.32,82.0,33.27,10000.0,0.0,90.0,8.15,13.75,261.0,1005.0,1,804,Clouds,overcast clouds,04d
2025-07-22 18:23:41,Kien Giang-Rach Gia,Rach Gia,28.32,28.32,28.32,82.0,33.27,10000.0,0.0,90.0,8.15,13.75,261.0,1005.0,1,804,Clouds,overcast clouds,04d
2025-07-22 18:27:30,Kien Giang-Rach Gia,Rach Gia,28.32,28.32,28.32,82.0,33.27,10000.0,0.0,90.0,8.15,13.75,261.0,1005.0,0,804,Clouds,overcast clouds,04n
2025-07-22 18:31:20,Kien Giang-Rach Gia,Rach Gia,27.74,27.74,27.74,84.0,32.03,10000.0,0.0,76.0,7.25,11.99,254.0,1005.0,0,803,Clouds,broken clouds,04n
2025-07-22 18:35:12,Kien Giang-Rach Gia,Rach Gia,27.74,27.74,27.74,84.0,32.03,10000.0,0.0,76.0,7.25,11.99,254.0,1005.0,0,803,Clouds,broken clouds,04n
2025-07-22 18:39:00,Kien Giang-Rach Gia,Rach Gia,27.74,27.74,27.74,84.0,32.03,10000.0,0.0,76.0,7.25,11.99,254.0,1005.0,0,803,Clouds,broken clouds,04n
2025-07-22 18:42:50,Kien Giang-Rach Gia,Rach Gia,27.74,27.74,27.74,84.0,32.03,10000.0,0.0,76.0,7.25,11.99,254.0,1005.0,0,803,Clouds,broken clouds,04n
2025-07-22 18:46:39,Kien Giang-Rach Gia,Rach Gia,27.74,27.74,27.74,84.0,32.03,10000.0,0.0,76.0,7.25,11.99,254.0,1005.0,0,803,Clouds,broken clouds,04n
2025-07-22 18:50:28,Kien Giang-Rach Gia,Rach Gia,28.0,28.0,28.0,83.0,32.57,10000.0,0.0,100.0,6.86,10.89,242.0,1005.0,0,804,Clouds,overcast clouds,04n
2025-07-22 18:54:17,Kien Giang-Rach Gia,Rach Gia,28.0,28.0,28.0,83.0,32.57,10000.0,0.0,100.0,6.86,10.89,242.0,1005.0,0,804,Clouds,overcast clouds,04n
2025-07-22 18:58:08,Kien Giang-Rach Gia,Rach Gia,28.0,28.0,28.0,83.0,32.57,10000.0,0.0,100.0,6.86,10.89,242.0,1005.0,0,804,Clouds,overcast clouds,04n
2025-07-22 19:01:55,Kien Giang-Rach Gia,Rach Gia,28.0,28.0,28.0,83.0,32.57,10000.0,0.0,100.0,6.86,10.89,242.0,1005.0,0,804,Clouds,overcast clouds,04n
2025-07-22 19:05:41,Kien Giang-Rach Gia,Rach Gia,28.0,28.0,28.0,83.0,32.57,10000.0,0.0,100.0,6.86,10.89,242.0,1005.0,0,804,Clouds,overcast clouds,04n
2025-07-22 19:09:27,Kien Giang-Rach Gia,Rach Gia,28.0,28.0,28.0,83.0,32.57,10000.0,0.0,100.0,6.86,10.89,242.0,1005.0,0,804,Clouds,overcast clouds,04n
2025-07-22 19:13:13,Kien Giang-Rach Gia,Rach Gia,28.0,28.0,28.0,83.0,32.57,10000.0,0.0,100.0,6.86,10.89,242.0,1005.0,0,804,Clouds,overcast clouds,04n
2025-07-22 19:16:58,Kien Giang-Rach Gia,Rach Gia,28.0,28.0,28.0,83.0,32.57,10000.0,0.0,100.0,6.86,10.89,242.0,1005.0,0,804,Clouds,overcast clouds,04n
2025-07-22 19:20:44,Kien Giang-Rach Gia,Rach Gia,28.0,28.0,28.0,83.0,32.57,10000.0,0.0,100.0,6.86,10.89,242.0,1005.0,0,804,Clouds,overcast clouds,04n
2025-07-22 19:24:31,Kien Giang-Rach Gia,Rach Gia,28.0,28.0,28.0,83.0,32.57,10000.0,0.0,100.0,6.86,10.89,242.0,1005.0,0,804,Clouds,overcast clouds,04n
2025-07-22 19:28:17,Kien Giang-Rach Gia,Rach Gia,28.0,28.0,28.0,83.0,32.57,10000.0,0.0,100.0,6.86,10.89,242.0,1005.0,0,804,Clouds,overcast clouds,04n
2025-07-22 19:32:02,Kien Giang-Rach Gia,Rach Gia,27.76,27.76,27.76,82.0,31.79,10000.0,0.0,100.0,6.44,8.94,244.0,1006.0,0,804,Clouds,overcast clouds,04n
2025-07-22 19:35:48,Kien Giang-Rach Gia,Rach Gia,27.76,27.76,27.76,82.0,31.79,10000.0,0.0,100.0,6.44,8.94,244.0,1006.0,0,804,Clouds,overcast clouds,04n
2025-07-22 19:39:34,Kien Giang-Rach Gia,Rach Gia,27.76,27.76,27.76,82.0,31.79,10000.0,0.0,100.0,6.44,8.94,244.0,1006.0,0,804,Clouds,overcast clouds,04n
2025-07-22 19:43:20,Kien Giang-Rach Gia,Rach Gia,27.78,27.78,27.78,82.0,31.84,10000.0,0.0,100.0,6.44,8.94,244.0,1006.0,0,804,Clouds,overcast clouds,04n
2025-07-22 19:47:05,Kien Giang-Rach Gia,Rach Gia,27.76,27.76,27.76,82.0,31.79,10000.0,0.0,100.0,6.44,8.94,244.0,1006.0,0,804,Clouds,overcast clouds,04n
2025-07-22 19:50:51,Kien Giang-Rach Gia,Rach Gia,27.77,27.77,27.77,82.0,31.82,10000.0,0.0,100.0,6.44,8.94,244.0,1006.0,0,804,Clouds,overcast clouds,04n
2025-07-22 19:54:37,Kien Giang-Rach Gia,Rach Gia,27.77,27.77,27.77,82.0,31.82,10000.0,0.0,100.0,6.44,8.94,244.0,1006.0,0,804,Clouds,overcast clouds,04n
2025-07-22 19:58:22,Kien Giang-Rach Gia,Rach Gia,27.77,27.77,27.77,82.0,31.82,10000.0,0.0,100.0,6.44,8.94,244.0,1006.0,0,804,Clouds,overcast clouds,04n
2025-07-22 20:02:08,Kien Giang-Rach Gia,Rach Gia,27.79,27.79,27.79,82.0,31.87,10000.0,0.0,100.0,6.44,8.94,244.0,1006.0,0,804,Clouds,overcast clouds,04n
2025-07-22 20:05:54,Kien Giang-Rach Gia,Rach Gia,27.79,27.79,27.79,82.0,31.87,10000.0,0.0,100.0,6.44,8.94,244.0,1006.0,0,804,Clouds,overcast clouds,04n
2025-07-22 20:09:40,Kien Giang-Rach Gia,Rach Gia,27.79,27.79,27.79,82.0,31.87,10000.0,0.0,100.0,6.44,8.94,244.0,1006.0,0,804,Clouds,overcast clouds,04n
2025-07-22 20:13:25,Kien Giang-Rach Gia,Rach Gia,27.79,27.79,27.79,82.0,31.87,10000.0,0.0,100.0,6.44,8.94,244.0,1006.0,0,804,Clouds,overcast clouds,04n
2025-07-22 20:17:11,Kien Giang-Rach Gia,Rach Gia,27.79,27.79,27.79,82.0,31.87,10000.0,0.0,100.0,6.44,8.94,244.0,1006.0,0,804,Clouds,overcast clouds,04n
2025-07-22 20:20:57,Kien Giang-Rach Gia,Rach Gia,27.79,27.79,27.79,82.0,31.87,10000.0,0.0,100.0,6.44,8.94,244.0,1006.0,0,804,Clouds,overcast clouds,04n
2025-07-22 20:24:43,Kien Giang-Rach Gia,Rach Gia,27.79,27.79,27.79,82.0,31.87,10000.0,0.0,100.0,6.44,8.94,244.0,1006.0,0,804,Clouds,overcast clouds,04n
2025-07-22 20:28:28,Kien Giang-Rach Gia,Rach Gia,27.79,27.79,27.79,82.0,31.87,10000.0,0.0,100.0,6.44,8.94,244.0,1006.0,0,804,Clouds,overcast clouds,04n
2025-07-22 20:32:14,Kien Giang-Rach Gia,Rach Gia,27.81,27.81,27.81,83.0,32.07,10000.0,0.0,100.0,6.33,8.97,244.0,1007.0,0,804,Clouds,overcast clouds,04n
2025-07-22 20:36:00,Kien Giang-Rach Gia,Rach Gia,27.81,27.81,27.81,83.0,32.07,10000.0,0.0,100.0,6.33,8.97,244.0,1007.0,0,804,Clouds,overcast clouds,04n
2025-07-22 20:39:45,Kien Giang-Rach Gia,Rach Gia,27.81,27.81,27.81,83.0,32.07,10000.0,0.0,100.0,6.33,8.97,244.0,1007.0,0,804,Clouds,overcast clouds,04n
2025-07-22 20:43:31,Kien Giang-Rach Gia,Rach Gia,27.81,27.81,27.81,83.0,32.07,10000.0,0.0,100.0,6.33,8.97,244.0,1007.0,0,804,Clouds,overcast clouds,04n
2025-07-22 20:47:17,Kien Giang-Rach Gia,Rach Gia,27.81,27.81,27.81,83.0,32.07,10000.0,0.0,100.0,6.33,8.97,244.0,1007.0,0,804,Clouds,overcast clouds,04n
2025-07-22 20:51:03,Kien Giang-Rach Gia,Rach Gia,27.81,27.81,27.81,83.0,32.07,10000.0,0.0,100.0,6.33,8.97,244.0,1007.0,0,804,Clouds,overcast clouds,04n
2025-07-22 20:54:49,Kien Giang-Rach Gia,Rach Gia,27.81,27.81,27.81,83.0,32.07,10000.0,0.0,100.0,6.33,8.97,244.0,1007.0,0,804,Clouds,overcast clouds,04n
2025-07-22 20:58:35,Kien Giang-Rach Gia,Rach Gia,27.81,27.81,27.81,83.0,32.07,10000.0,0.0,100.0,6.33,8.97,244.0,1007.0,0,804,Clouds,overcast clouds,04n
2025-07-22 21:02:22,Kien Giang-Rach Gia,Rach Gia,27.81,27.81,27.81,83.0,32.07,10000.0,0.0,100.0,6.33,8.97,244.0,1007.0,0,804,Clouds,overcast clouds,04n
2025-07-22 21:06:08,Kien Giang-Rach Gia,Rach Gia,27.81,27.81,27.81,83.0,32.07,10000.0,0.0,100.0,6.33,8.97,244.0,1007.0,0,804,Clouds,overcast clouds,04n
2025-07-22 21:09:54,Kien Giang-Rach Gia,Rach Gia,27.81,27.81,27.81,83.0,32.07,10000.0,0.0,100.0,6.33,8.97,244.0,1007.0,0,804,Clouds,overcast clouds,04n
2025-07-22 21:13:40,Kien Giang-Rach Gia,Rach Gia,27.81,27.81,27.81,83.0,32.07,10000.0,0.0,100.0,6.33,8.97,244.0,1007.0,0,804,Clouds,overcast clouds,04n
2025-07-22 21:17:29,Kien Giang-Rach Gia,Rach Gia,27.81,27.81,27.81,83.0,32.07,10000.0,0.0,100.0,6.33,8.97,244.0,1007.0,0,804,Clouds,overcast clouds,04n
2025-07-22 21:21:15,Kien Giang-Rach Gia,Rach Gia,27.81,27.81,27.81,83.0,32.07,10000.0,0.0,100.0,6.33,8.97,244.0,1007.0,0,804,Clouds,overcast clouds,04n
2025-07-22 21:25:00,Kien Giang-Rach Gia,Rach Gia,27.81,27.81,27.81,83.0,32.07,10000.0,0.0,100.0,6.33,8.97,244.0,1007.0,0,804,Clouds,overcast clouds,04n
2025-07-22 21:28:46,Kien Giang-Rach Gia,Rach Gia,27.81,27.81,27.81,83.0,32.07,10000.0,0.0,100.0,6.33,8.97,244.0,1007.0,0,804,Clouds,overcast clouds,04n
2025-07-22 21:32:32,Kien Giang-Rach Gia,Rach Gia,27.78,27.78,27.78,84.0,32.13,10000.0,0.0,100.0,5.34,7.94,247.0,1007.0,0,804,Clouds,overcast clouds,04n
2025-07-22 21:36:17,Kien Giang-Rach Gia,Rach Gia,27.78,27.78,27.78,84.0,32.13,10000.0,0.0,100.0,5.34,7.94,247.0,1007.0,0,804,Clouds,overcast clouds,04n
2025-07-22 21:40:03,Kien Giang-Rach Gia,Rach Gia,27.78,27.78,27.78,84.0,32.13,10000.0,0.0,100.0,5.34,7.94,247.0,1007.0,0,804,Clouds,overcast clouds,04n
2025-07-22 21:43:49,Kien Giang-Rach Gia,Rach Gia,27.78,27.78,27.78,84.0,32.13,10000.0,0.0,100.0,5.34,7.94,247.0,1007.0,0,804,Clouds,overcast clouds,04n
2025-07-22 21:47:35,Kien Giang-Rach Gia,Rach Gia,27.78,27.78,27.78,84.0,32.13,10000.0,0.0,100.0,5.34,7.94,247.0,1007.0,0,804,Clouds,overcast clouds,04n
2025-07-22 21:51:23,Kien Giang-Rach Gia,Rach Gia,27.78,27.78,27.78,84.0,32.13,10000.0,0.0,100.0,5.34,7.94,247.0,1007.0,0,804,Clouds,overcast clouds,04n
2025-07-22 21:55:09,Kien Giang-Rach Gia,Rach Gia,27.78,27.78,27.78,84.0,32.13,10000.0,0.0,100.0,5.34,7.94,247.0,1007.0,0,804,Clouds,overcast clouds,04n
2025-07-22 21:58:55,Kien Giang-Rach Gia,Rach Gia,27.78,27.78,27.78,84.0,32.13,10000.0,0.0,100.0,5.34,7.94,247.0,1007.0,0,804,Clouds,overcast clouds,04n
2025-07-22 22:02:41,Kien Giang-Rach Gia,Rach Gia,27.78,27.78,27.78,84.0,32.13,10000.0,0.0,100.0,5.34,7.94,247.0,1007.0,0,804,Clouds,overcast clouds,04n
2025-07-22 22:06:30,Kien Giang-Rach Gia,Rach Gia,27.78,27.78,27.78,84.0,32.13,10000.0,0.0,100.0,5.34,7.94,247.0,1007.0,0,804,Clouds,overcast clouds,04n
2025-07-22 22:10:17,Kien Giang-Rach Gia,Rach Gia,27.78,27.78,27.78,84.0,32.13,10000.0,0.0,100.0,5.34,7.94,247.0,1007.0,0,804,Clouds,overcast clouds,04n
2025-07-22 22:14:02,Kien Giang-Rach Gia,Rach Gia,27.78,27.78,27.78,84.0,32.13,10000.0,0.0,100.0,5.34,7.94,247.0,1007.0,0,804,Clouds,overcast clouds,04n
2025-07-22 22:17:48,Kien Giang-Rach Gia,Rach Gia,27.78,27.78,27.78,84.0,32.13,10000.0,0.0,100.0,5.34,7.94,247.0,1007.0,0,804,Clouds,overcast clouds,04n
2025-07-22 22:21:34,Kien Giang-Rach Gia,Rach Gia,27.78,27.78,27.78,84.0,32.13,10000.0,0.0,100.0,5.34,7.94,247.0,1007.0,0,804,Clouds,overcast clouds,04n
2025-07-22 22:25:19,Kien Giang-Rach Gia,Rach Gia,27.78,27.78,27.78,84.0,32.13,10000.0,0.0,100.0,5.34,7.94,247.0,1007.0,0,804,Clouds,overcast clouds,04n
2025-07-22 22:29:05,Kien Giang-Rach Gia,Rach Gia,27.78,27.78,27.78,84.0,32.13,10000.0,0.0,100.0,5.34,7.94,247.0,1007.0,0,804,Clouds,overcast clouds,04n
2025-07-22 22:32:51,Kien Giang-Rach Gia,Rach Gia,27.78,27.78,27.78,84.0,32.13,10000.0,0.0,100.0,5.34,7.94,247.0,1007.0,0,804,Clouds,overcast clouds,04n
2025-07-22 22:36:36,Kien Giang-Rach Gia,Rach Gia,27.78,27.78,27.78,84.0,32.13,10000.0,0.0,100.0,5.34,7.94,247.0,1007.0,0,804,Clouds,overcast clouds,04n
2025-07-22 22:40:22,Kien Giang-Rach Gia,Rach Gia,27.71,27.71,27.71,83.0,31.8,10000.0,0.0,100.0,5.72,8.91,250.0,1007.0,0,804,Clouds,overcast clouds,04n
2025-07-22 22:44:07,Kien Giang-Rach Gia,Rach Gia,27.71,27.71,27.71,83.0,31.8,10000.0,0.0,100.0,5.72,8.91,250.0,1007.0,0,804,Clouds,overcast clouds,04n
2025-07-22 22:47:53,Kien Giang-Rach Gia,Rach Gia,27.71,27.71,27.71,83.0,31.8,10000.0,0.0,100.0,5.72,8.91,250.0,1007.0,0,804,Clouds,overcast clouds,04n
2025-07-22 22:51:39,Kien Giang-Rach Gia,Rach Gia,27.67,27.67,27.67,83.0,31.7,10000.0,0.0,100.0,5.72,8.91,250.0,1007.0,0,804,Clouds,overcast clouds,04n
2025-07-22 22:55:26,Kien Giang-Rach Gia,Rach Gia,27.67,27.67,27.67,83.0,31.7,10000.0,0.0,100.0,5.72,8.91,250.0,1007.0,0,804,Clouds,overcast clouds,04n
2025-07-22 22:59:11,Kien Giang-Rach Gia,Rach Gia,27.67,27.67,27.67,83.0,31.7,10000.0,0.0,100.0,5.72,8.91,250.0,1007.0,0,804,Clouds,overcast clouds,04n
2025-07-22 23:02:57,Kien Giang-Rach Gia,Rach Gia,27.66,27.66,27.66,83.0,31.67,10000.0,0.0,100.0,5.72,8.91,250.0,1007.0,0,804,Clouds,overcast clouds,04n
2025-07-22 23:06:43,Kien Giang-Rach Gia,Rach Gia,27.66,27.66,27.66,83.0,31.67,10000.0,0.0,100.0,5.72,8.91,250.0,1007.0,0,804,Clouds,overcast clouds,04n
2025-07-22 23:10:30,Kien Giang-Rach Gia,Rach Gia,27.66,27.66,27.66,83.0,31.67,10000.0,0.0,100.0,5.72,8.91,250.0,1007.0,0,804,Clouds,overcast clouds,04n
2025-07-22 23:14:19,Kien Giang-Rach Gia,Rach Gia,27.66,27.66,27.66,83.0,31.67,10000.0,0.0,100.0,5.72,8.91,250.0,1007.0,0,804,Clouds,overcast clouds,04n
2025-07-22 23:18:06,Kien Giang-Rach Gia,Rach Gia,27.66,27.66,27.66,83.0,31.67,10000.0,0.0,100.0,5.72,8.91,250.0,1007.0,0,804,Clouds,overcast clouds,04n
2025-07-22 23:21:53,Kien Giang-Rach Gia,Rach Gia,27.66,27.66,27.66,83.0,31.67,10000.0,0.0,100.0,5.72,8.91,250.0,1007.0,0,804,Clouds,overcast clouds,04n
2025-07-22 23:25:39,Kien Giang-Rach Gia,Rach Gia,27.66,27.66,27.66,83.0,31.67,10000.0,0.0,100.0,5.72,8.91,250.0,1007.0,0,804,Clouds,overcast clouds,04n
2025-07-22 23:29:25,Kien Giang-Rach Gia,Rach Gia,27.66,27.66,27.66,83.0,31.67,10000.0,0.0,100.0,5.72,8.91,250.0,1007.0,0,804,Clouds,overcast clouds,04n
2025-07-22 23:33:11,Kien Giang-Rach Gia,Rach Gia,27.66,27.66,27.66,83.0,31.67,10000.0,0.0,100.0,5.72,8.91,250.0,1007.0,0,804,Clouds,overcast clouds,04n
2025-07-22 23:36:56,Kien Giang-Rach Gia,Rach Gia,27.66,27.66,27.66,83.0,31.67,10000.0,0.0,100.0,5.72,8.91,250.0,1007.0,0,804,Clouds,overcast clouds,04n
2025-07-22 23:40:42,Kien Giang-Rach Gia,Rach Gia,27.71,27.71,27.71,82.0,31.66,10000.0,0.0,100.0,5.99,9.73,245.0,1007.0,0,804,Clouds,overcast clouds,04n
2025-07-22 23:44:33,Kien Giang-Rach Gia,Rach Gia,27.71,27.71,27.71,82.0,31.66,10000.0,0.0,100.0,5.99,9.73,245.0,1007.0,0,804,Clouds,overcast clouds,04n
2025-07-22 23:48:26,Kien Giang-Rach Gia,Rach Gia,27.71,27.71,27.71,82.0,31.66,10000.0,0.0,100.0,5.99,9.73,245.0,1007.0,0,804,Clouds,overcast clouds,04n
2025-07-22 23:52:19,Kien Giang-Rach Gia,Rach Gia,27.74,27.74,27.74,82.0,31.74,10000.0,0.0,100.0,5.99,9.73,245.0,1007.0,0,804,Clouds,overcast clouds,04n
2025-07-22 23:56:07,Kien Giang-Rach Gia,Rach Gia,27.74,27.74,27.74,82.0,31.74,10000.0,0.0,100.0,5.99,9.73,245.0,1007.0,0,804,Clouds,overcast clouds,04n
2025-07-22 23:59:59,Kien Giang-Rach Gia,Rach Gia,27.74,27.74,27.74,82.0,31.74,10000.0,0.0,100.0,5.99,9.73,245.0,1007.0,0,804,Clouds,overcast clouds,04n
2025-07-23 00:03:47,Kien Giang-Rach Gia,Rach Gia,27.74,27.74,27.74,82.0,31.74,10000.0,0.0,100.0,5.99,9.73,245.0,1007.0,0,804,Clouds,overcast clouds,04n
2025-07-23 00:07:39,Kien Giang-Rach Gia,Rach Gia,27.74,27.74,27.74,82.0,31.74,10000.0,0.0,100.0,5.99,9.73,245.0,1007.0,0,804,Clouds,overcast clouds,04n
2025-07-23 00:11:24,Kien Giang-Rach Gia,Rach Gia,27.74,27.74,27.74,82.0,31.74,10000.0,0.0,100.0,5.99,9.73,245.0,1007.0,0,804,Clouds,overcast clouds,04n
2025-07-23 00:15:10,Kien Giang-Rach Gia,Rach Gia,27.74,27.74,27.74,82.0,31.74,10000.0,0.0,100.0,5.99,9.73,245.0,1007.0,0,804,Clouds,overcast clouds,04n
2025-07-23 00:18:56,Kien Giang-Rach Gia,Rach Gia,27.74,27.74,27.74,82.0,31.74,10000.0,0.0,100.0,5.99,9.73,245.0,1007.0,0,804,Clouds,overcast clouds,04n
2025-07-23 00:22:41,Kien Giang-Rach Gia,Rach Gia,27.74,27.74,27.74,82.0,31.74,10000.0,0.0,100.0,5.99,9.73,245.0,1007.0,0,804,Clouds,overcast clouds,04n
2025-07-23 00:26:28,Kien Giang-Rach Gia,Rach Gia,27.74,27.74,27.74,82.0,31.74,10000.0,0.0,100.0,5.99,9.73,245.0,1007.0,0,804,Clouds,overcast clouds,04n
2025-07-23 00:30:14,Kien Giang-Rach Gia,Rach Gia,27.74,27.74,27.74,82.0,31.74,10000.0,0.0,100.0,5.99,9.73,245.0,1007.0,0,804,Clouds,overcast clouds,04n
2025-07-23 00:34:00,Kien Giang-Rach Gia,Rach Gia,27.44,27.44,27.44,81.0,30.86,10000.0,0.0,100.0,6.0,10.1,251.0,1006.0,0,804,Clouds,overcast clouds,04n
2025-07-23 00:37:46,Kien Giang-Rach Gia,Rach Gia,27.44,27.44,27.44,81.0,30.86,10000.0,0.0,100.0,6.0,10.1,251.0,1006.0,0,804,Clouds,overcast clouds,04n
2025-07-23 00:41:32,Kien Giang-Rach Gia,Rach Gia,27.44,27.44,27.44,81.0,30.86,10000.0,0.0,100.0,6.0,10.1,251.0,1006.0,0,804,Clouds,overcast clouds,04n
2025-07-23 00:45:18,Kien Giang-Rach Gia,Rach Gia,27.44,27.44,27.44,81.0,30.86,10000.0,0.0,100.0,6.0,10.1,251.0,1006.0,0,804,Clouds,overcast clouds,04n
2025-07-23 00:49:06,Kien Giang-Rach Gia,Rach Gia,27.44,27.44,27.44,81.0,30.86,10000.0,0.0,100.0,6.0,10.1,251.0,1006.0,0,804,Clouds,overcast clouds,04n
2025-07-23 00:52:52,Kien Giang-Rach Gia,Rach Gia,27.44,27.44,27.44,81.0,30.86,10000.0,0.0,99.0,5.54,9.48,247.0,1006.0,0,804,Clouds,overcast clouds,04n
2025-07-23 00:56:38,Kien Giang-Rach Gia,Rach Gia,27.44,27.44,27.44,81.0,30.86,10000.0,0.0,99.0,5.54,9.48,247.0,1006.0,0,804,Clouds,overcast clouds,04n
2025-07-23 01:00:23,Kien Giang-Rach Gia,Rach Gia,27.44,27.44,27.44,81.0,30.86,10000.0,0.0,99.0,5.54,9.48,247.0,1006.0,0,804,Clouds,overcast clouds,04n
2025-07-23 01:04:09,Kien Giang-Rach Gia,Rach Gia,27.44,27.44,27.44,81.0,30.86,10000.0,0.0,99.0,5.54,9.48,247.0,1006.0,0,804,Clouds,overcast clouds,04n
2025-07-23 01:07:55,Kien Giang-Rach Gia,Rach Gia,27.44,27.44,27.44,81.0,30.86,10000.0,0.0,99.0,5.54,9.48,247.0,1006.0,0,804,Clouds,overcast clouds,04n
2025-07-23 01:11:43,Kien Giang-Rach Gia,Rach Gia,27.44,27.44,27.44,81.0,30.86,10000.0,0.0,99.0,5.54,9.48,247.0,1006.0,0,804,Clouds,overcast clouds,04n
2025-07-23 01:15:30,Kien Giang-Rach Gia,Rach Gia,27.44,27.44,27.44,81.0,30.86,10000.0,0.0,99.0,5.54,9.48,247.0,1006.0,0,804,Clouds,overcast clouds,04n
2025-07-23 01:19:17,Kien Giang-Rach Gia,Rach Gia,27.44,27.44,27.44,81.0,30.86,10000.0,0.0,99.0,5.54,9.48,247.0,1006.0,0,804,Clouds,overcast clouds,04n
2025-07-23 01:23:04,Kien Giang-Rach Gia,Rach Gia,27.44,27.44,27.44,81.0,30.86,10000.0,0.0,99.0,5.54,9.48,247.0,1006.0,0,804,Clouds,overcast clouds,04n
2025-07-23 01:26:51,Kien Giang-Rach Gia,Rach Gia,27.44,27.44,27.44,81.0,30.86,10000.0,0.0,99.0,5.54,9.48,247.0,1006.0,0,804,Clouds,overcast clouds,04n
2025-07-23 01:30:46,Kien Giang-Rach Gia,Rach Gia,27.33,27.33,27.33,81.0,30.6,10000.0,0.0,100.0,6.45,10.17,253.0,1006.0,0,804,Clouds,overcast clouds,04n
2025-07-23 01:34:32,Kien Giang-Rach Gia,Rach Gia,27.33,27.33,27.33,81.0,30.6,10000.0,0.0,100.0,6.45,10.17,253.0,1006.0,0,804,Clouds,overcast clouds,04n
2025-07-23 01:38:17,Kien Giang-Rach Gia,Rach Gia,27.33,27.33,27.33,81.0,30.6,10000.0,0.0,100.0,6.45,10.17,253.0,1006.0,0,804,Clouds,overcast clouds,04n
2025-07-23 01:42:03,Kien Giang-Rach Gia,Rach Gia,27.64,27.64,27.64,80.0,31.22,10000.0,0.0,100.0,6.45,10.17,253.0,1006.0,0,804,Clouds,overcast clouds,04n
2025-07-23 01:45:49,Kien Giang-Rach Gia,Rach Gia,27.64,27.64,27.64,80.0,31.22,10000.0,0.0,100.0,6.45,10.17,253.0,1006.0,0,804,Clouds,overcast clouds,04n
2025-07-23 01:49:35,Kien Giang-Rach Gia,Rach Gia,27.64,27.64,27.64,80.0,31.22,10000.0,0.0,100.0,6.45,10.17,253.0,1006.0,0,804,Clouds,overcast clouds,04n
2025-07-23 01:53:20,Kien Giang-Rach Gia,Rach Gia,27.64,27.64,27.64,80.0,31.22,10000.0,0.0,100.0,6.45,10.17,253.0,1006.0,0,804,Clouds,overcast clouds,04n
2025-07-23 01:57:07,Kien Giang-Rach Gia,Rach Gia,27.64,27.64,27.64,80.0,31.22,10000.0,0.0,100.0,6.45,10.17,253.0,1006.0,0,804,Clouds,overcast clouds,04n
2025-07-23 02:00:53,Kien Giang-Rach Gia,Rach Gia,27.64,27.64,27.64,80.0,31.22,10000.0,0.0,100.0,6.45,10.17,253.0,1006.0,0,804,Clouds,overcast clouds,04n
2025-07-23 02:04:38,Kien Giang-Rach Gia,Rach Gia,27.64,27.64,27.64,80.0,31.22,10000.0,0.0,100.0,6.45,10.17,253.0,1006.0,0,804,Clouds,overcast clouds,04n
2025-07-23 02:08:24,Kien Giang-Rach Gia,Rach Gia,27.61,27.61,27.61,81.0,31.28,10000.0,0.0,100.0,6.45,10.17,253.0,1006.0,0,804,Clouds,overcast clouds,04n
2025-07-23 02:12:11,Kien Giang-Rach Gia,Rach Gia,27.61,27.61,27.61,81.0,31.28,10000.0,0.0,100.0,6.45,10.17,253.0,1006.0,0,804,Clouds,overcast clouds,04n
2025-07-23 02:15:57,Kien Giang-Rach Gia,Rach Gia,27.61,27.61,27.61,81.0,31.28,10000.0,0.0,100.0,6.45,10.17,253.0,1006.0,0,804,Clouds,overcast clouds,04n
2025-07-23 02:19:43,Kien Giang-Rach Gia,Rach Gia,27.61,27.61,27.61,81.0,31.28,10000.0,0.0,100.0,6.45,10.17,253.0,1006.0,0,804,Clouds,overcast clouds,04n
2025-07-23 02:23:29,Kien Giang-Rach Gia,Rach Gia,27.61,27.61,27.61,81.0,31.28,10000.0,0.0,100.0,6.45,10.17,253.0,1006.0,0,804,Clouds,overcast clouds,04n
2025-07-23 02:27:15,Kien Giang-Rach Gia,Rach Gia,27.61,27.61,27.61,81.0,31.28,10000.0,0.0,100.0,6.45,10.17,253.0,1006.0,0,804,Clouds,overcast clouds,04n
2025-07-23 02:31:01,Kien Giang-Rach Gia,Rach Gia,27.46,27.46,27.46,81.0,30.91,10000.0,0.0,100.0,6.78,10.61,255.0,1005.0,0,804,Clouds,overcast clouds,04n
2025-07-23 02:34:47,Kien Giang-Rach Gia,Rach Gia,27.46,27.46,27.46,81.0,30.91,10000.0,0.0,100.0,6.78,10.61,255.0,1005.0,0,804,Clouds,overcast clouds,04n
2025-07-23 02:38:32,Kien Giang-Rach Gia,Rach Gia,27.46,27.46,27.46,81.0,30.91,10000.0,0.0,100.0,6.78,10.61,255.0,1005.0,0,804,Clouds,overcast clouds,04n
2025-07-23 02:42:19,Kien Giang-Rach Gia,Rach Gia,27.47,27.47,27.47,81.0,30.94,10000.0,0.0,100.0,6.78,10.61,255.0,1005.0,0,804,Clouds,overcast clouds,04n
2025-07-23 02:46:06,Kien Giang-Rach Gia,Rach Gia,27.47,27.47,27.47,81.0,30.94,10000.0,0.0,100.0,6.78,10.61,255.0,1005.0,0,804,Clouds,overcast clouds,04n
2025-07-23 02:49:52,Kien Giang-Rach Gia,Rach Gia,27.47,27.47,27.47,81.0,30.94,10000.0,0.0,100.0,6.78,10.61,255.0,1005.0,0,804,Clouds,overcast clouds,04n
2025-07-23 02:53:38,Kien Giang-Rach Gia,Rach Gia,27.47,27.47,27.47,81.0,30.94,10000.0,0.0,100.0,6.78,10.61,255.0,1005.0,0,804,Clouds,overcast clouds,04n
2025-07-23 02:57:24,Kien Giang-Rach Gia,Rach Gia,27.47,27.47,27.47,81.0,30.94,10000.0,0.0,100.0,6.78,10.61,255.0,1005.0,0,804,Clouds,overcast clouds,04n
2025-07-23 03:01:10,Kien Giang-Rach Gia,Rach Gia,27.47,27.47,27.47,81.0,30.94,10000.0,0.0,100.0,6.78,10.61,255.0,1005.0,0,804,Clouds,overcast clouds,04n
2025-07-23 03:04:56,Kien Giang-Rach Gia,Rach Gia,27.45,27.45,27.45,81.0,30.89,10000.0,0.0,100.0,6.78,10.61,255.0,1005.0,0,804,Clouds,overcast clouds,04n
2025-07-23 03:08:43,Kien Giang-Rach Gia,Rach Gia,27.45,27.45,27.45,81.0,30.89,10000.0,0.0,100.0,6.78,10.61,255.0,1005.0,0,804,Clouds,overcast clouds,04n
2025-07-23 03:12:28,Kien Giang-Rach Gia,Rach Gia,27.45,27.45,27.45,81.0,30.89,10000.0,0.0,100.0,6.78,10.61,255.0,1005.0,0,804,Clouds,overcast clouds,04n
2025-07-23 03:16:14,Kien Giang-Rach Gia,Rach Gia,27.45,27.45,27.45,81.0,30.89,10000.0,0.0,100.0,6.78,10.61,255.0,1005.0,0,804,Clouds,overcast clouds,04n
2025-07-23 03:20:01,Kien Giang-Rach Gia,Rach Gia,27.45,27.45,27.45,81.0,30.89,10000.0,0.0,100.0,6.78,10.61,255.0,1005.0,0,804,Clouds,overcast clouds,04n
2025-07-23 03:23:47,Kien Giang-Rach Gia,Rach Gia,27.45,27.45,27.45,81.0,30.89,10000.0,0.0,100.0,6.78,10.61,255.0,1005.0,0,804,Clouds,overcast clouds,04n
2025-07-23 03:27:34,Kien Giang-Rach Gia,Rach Gia,27.45,27.45,27.45,81.0,30.89,10000.0,0.0,100.0,6.78,10.61,255.0,1005.0,0,804,Clouds,overcast clouds,04n
2025-07-23 03:31:20,Kien Giang-Rach Gia,Rach Gia,27.45,27.45,27.45,81.0,30.89,10000.0,0.0,100.0,6.78,10.61,255.0,1005.0,0,804,Clouds,overcast clouds,04n
2025-07-23 03:35:06,Kien Giang-Rach Gia,Rach Gia,27.45,27.45,27.45,81.0,30.89,10000.0,0.0,100.0,6.78,10.61,255.0,1005.0,0,804,Clouds,overcast clouds,04n
2025-07-23 03:38:53,Kien Giang-Rach Gia,Rach Gia,27.34,27.34,27.34,82.0,30.74,10000.0,0.0,100.0,6.15,9.83,248.0,1006.0,0,804,Clouds,overcast clouds,04n
2025-07-23 03:42:39,Kien Giang-Rach Gia,Rach Gia,27.34,27.34,27.34,82.0,30.74,10000.0,0.0,100.0,6.15,9.83,248.0,1006.0,0,804,Clouds,overcast clouds,04n
2025-07-23 03:46:26,Kien Giang-Rach Gia,Rach Gia,27.39,27.39,27.39,82.0,30.86,10000.0,0.0,100.0,6.15,9.83,248.0,1006.0,0,804,Clouds,overcast clouds,04n
2025-07-23 03:50:12,Kien Giang-Rach Gia,Rach Gia,27.39,27.39,27.39,82.0,30.86,10000.0,0.0,100.0,6.15,9.83,248.0,1006.0,0,804,Clouds,overcast clouds,04n
2025-07-23 03:53:58,Kien Giang-Rach Gia,Rach Gia,27.39,27.39,27.39,82.0,30.86,10000.0,0.0,100.0,6.15,9.83,248.0,1006.0,0,804,Clouds,overcast clouds,04n
2025-07-23 03:57:43,Kien Giang-Rach Gia,Rach Gia,27.39,27.39,27.39,82.0,30.86,10000.0,0.0,100.0,6.15,9.83,248.0,1006.0,0,804,Clouds,overcast clouds,04n
2025-07-23 04:01:29,Kien Giang-Rach Gia,Rach Gia,27.39,27.39,27.39,82.0,30.86,10000.0,0.0,100.0,6.15,9.83,248.0,1006.0,0,804,Clouds,overcast clouds,04n
2025-07-23 04:05:15,Kien Giang-Rach Gia,Rach Gia,27.39,27.39,27.39,82.0,30.86,10000.0,0.0,100.0,6.15,9.83,248.0,1006.0,0,804,Clouds,overcast clouds,04n
2025-07-23 04:09:01,Kien Giang-Rach Gia,Rach Gia,27.39,27.39,27.39,82.0,30.86,10000.0,0.0,100.0,6.15,9.83,248.0,1006.0,0,804,Clouds,overcast clouds,04n
2025-07-23 04:12:47,Kien Giang-Rach Gia,Rach Gia,27.39,27.39,27.39,82.0,30.86,10000.0,0.0,100.0,6.15,9.83,248.0,1006.0,0,804,Clouds,overcast clouds,04n
2025-07-23 04:16:32,Kien Giang-Rach Gia,Rach Gia,27.39,27.39,27.39,82.0,30.86,10000.0,0.0,100.0,6.15,9.83,248.0,1006.0,0,804,Clouds,overcast clouds,04n
2025-07-23 04:20:18,Kien Giang-Rach Gia,Rach Gia,27.39,27.39,27.39,82.0,30.86,10000.0,0.0,100.0,6.15,9.83,248.0,1006.0,0,804,Clouds,overcast clouds,04n
2025-07-23 04:24:04,Kien Giang-Rach Gia,Rach Gia,27.39,27.39,27.39,82.0,30.86,10000.0,0.0,100.0,6.15,9.83,248.0,1006.0,0,804,Clouds,overcast clouds,04n
2025-07-23 04:27:50,Kien Giang-Rach Gia,Rach Gia,27.39,27.39,27.39,82.0,30.86,10000.0,0.0,100.0,6.15,9.83,248.0,1006.0,0,804,Clouds,overcast clouds,04n
2025-07-23 04:31:37,Kien Giang-Rach Gia,Rach Gia,27.48,27.48,27.48,81.0,30.96,8523.0,0.0,100.0,6.06,9.79,243.0,1006.0,0,804,Clouds,overcast clouds,04n
2025-07-23 04:35:23,Kien Giang-Rach Gia,Rach Gia,27.48,27.48,27.48,81.0,30.96,8523.0,0.0,100.0,6.06,9.79,243.0,1006.0,0,804,Clouds,overcast clouds,04n
2025-07-23 04:39:09,Kien Giang-Rach Gia,Rach Gia,27.48,27.48,27.48,81.0,30.96,8523.0,0.0,100.0,6.06,9.79,243.0,1006.0,0,804,Clouds,overcast clouds,04n
2025-07-23 04:42:55,Kien Giang-Rach Gia,Rach Gia,27.48,27.48,27.48,81.0,30.96,8523.0,0.0,100.0,6.06,9.79,243.0,1006.0,0,804,Clouds,overcast clouds,04n
2025-07-23 04:46:41,Kien Giang-Rach Gia,Rach Gia,27.48,27.48,27.48,81.0,30.96,8523.0,0.0,100.0,6.06,9.79,243.0,1006.0,0,804,Clouds,overcast clouds,04n
2025-07-23 04:50:27,Kien Giang-Rach Gia,Rach Gia,27.48,27.48,27.48,81.0,30.96,8523.0,0.0,100.0,6.06,9.79,243.0,1006.0,0,804,Clouds,overcast clouds,04n
2025-07-23 04:54:13,Kien Giang-Rach Gia,Rach Gia,27.48,27.48,27.48,81.0,30.96,8523.0,0.0,100.0,6.06,9.79,243.0,1006.0,0,804,Clouds,overcast clouds,04n
2025-07-23 04:57:59,Kien Giang-Rach Gia,Rach Gia,27.48,27.48,27.48,81.0,30.96,8523.0,0.0,100.0,6.06,9.79,243.0,1006.0,0,804,Clouds,overcast clouds,04n
2025-07-23 05:01:44,Kien Giang-Rach Gia,Rach Gia,27.48,27.48,27.48,81.0,30.96,8523.0,0.0,100.0,6.06,9.79,243.0,1006.0,0,804,Clouds,overcast clouds,04n
2025-07-23 05:05:33,Kien Giang-Rach Gia,Rach Gia,27.47,27.47,27.47,81.0,30.94,8523.0,0.0,100.0,6.06,9.79,243.0,1006.0,0,804,Clouds,overcast clouds,04n
2025-07-23 05:09:19,Kien Giang-Rach Gia,Rach Gia,27.47,27.47,27.47,81.0,30.94,8523.0,0.0,100.0,6.06,9.79,243.0,1006.0,0,804,Clouds,overcast clouds,04n
2025-07-23 05:13:06,Kien Giang-Rach Gia,Rach Gia,27.47,27.47,27.47,81.0,30.94,8523.0,0.0,100.0,6.06,9.79,243.0,1006.0,0,804,Clouds,overcast clouds,04n
2025-07-23 05:16:52,Kien Giang-Rach Gia,Rach Gia,27.47,27.47,27.47,81.0,30.94,8523.0,0.0,100.0,6.06,9.79,243.0,1006.0,0,804,Clouds,overcast clouds,04n
2025-07-23 05:20:37,Kien Giang-Rach Gia,Rach Gia,27.47,27.47,27.47,81.0,30.94,8523.0,0.0,100.0,6.06,9.79,243.0,1006.0,0,804,Clouds,overcast clouds,04n
2025-07-23 05:24:23,Kien Giang-Rach Gia,Rach Gia,27.47,27.47,27.47,81.0,30.94,8523.0,0.0,100.0,6.06,9.79,243.0,1006.0,0,804,Clouds,overcast clouds,04n
2025-07-23 05:28:09,Kien Giang-Rach Gia,Rach Gia,27.47,27.47,27.47,81.0,30.94,8523.0,0.0,100.0,6.06,9.79,243.0,1006.0,0,804,Clouds,overcast clouds,04n
2025-07-23 05:31:56,Kien Giang-Rach Gia,Rach Gia,27.27,27.27,27.27,82.0,30.57,8553.0,0.0,98.0,5.73,8.79,240.0,1006.0,0,804,Clouds,overcast clouds,04n
2025-07-23 05:35:42,Kien Giang-Rach Gia,Rach Gia,27.27,27.27,27.27,82.0,30.57,8553.0,0.0,98.0,5.73,8.79,240.0,1006.0,0,804,Clouds,overcast clouds,04n
2025-07-23 05:39:27,Kien Giang-Rach Gia,Rach Gia,27.27,27.27,27.27,82.0,30.57,8553.0,0.0,98.0,5.73,8.79,240.0,1006.0,0,804,Clouds,overcast clouds,04n
2025-07-23 05:43:13,Kien Giang-Rach Gia,Rach Gia,27.27,27.27,27.27,82.0,30.57,8553.0,0.0,98.0,5.73,8.79,240.0,1006.0,0,804,Clouds,overcast clouds,04n
2025-07-23 05:46:58,Kien Giang-Rach Gia,Rach Gia,27.27,27.27,27.27,82.0,30.57,8553.0,0.0,98.0,5.73,8.79,240.0,1006.0,0,804,Clouds,overcast clouds,04n
2025-07-23 05:50:44,Kien Giang-Rach Gia,Rach Gia,27.27,27.27,27.27,82.0,30.57,8553.0,0.0,98.0,5.73,8.79,240.0,1006.0,1,804,Clouds,overcast clouds,04d
2025-07-23 05:54:30,Kien Giang-Rach Gia,Rach Gia,27.27,27.27,27.27,82.0,30.57,8553.0,0.0,98.0,5.73,8.79,240.0,1006.0,1,804,Clouds,overcast clouds,04d
2025-07-23 05:58:16,Kien Giang-Rach Gia,Rach Gia,27.27,27.27,27.27,82.0,30.57,8553.0,0.0,98.0,5.73,8.79,240.0,1006.0,1,804,Clouds,overcast clouds,04d
2025-07-23 06:02:02,Kien Giang-Rach Gia,Rach Gia,27.27,27.27,27.27,82.0,30.57,8553.0,0.0,98.0,5.73,8.79,240.0,1006.0,1,804,Clouds,overcast clouds,04d
2025-07-23 06:05:48,Kien Giang-Rach Gia,Rach Gia,27.27,27.27,27.27,82.0,30.57,8553.0,0.0,98.0,5.73,8.79,240.0,1006.0,1,804,Clouds,overcast clouds,04d
2025-07-23 06:09:34,Kien Giang-Rach Gia,Rach Gia,27.27,27.27,27.27,82.0,30.57,8553.0,0.0,98.0,5.73,8.79,240.0,1006.0,1,804,Clouds,overcast clouds,04d
2025-07-23 06:13:20,Kien Giang-Rach Gia,Rach Gia,27.27,27.27,27.27,82.0,30.57,8553.0,0.0,98.0,5.73,8.79,240.0,1006.0,1,804,Clouds,overcast clouds,04d
2025-07-23 06:17:06,Kien Giang-Rach Gia,Rach Gia,27.27,27.27,27.27,82.0,30.57,8553.0,0.0,98.0,5.73,8.79,240.0,1006.0,1,804,Clouds,overcast clouds,04d
2025-07-23 06:20:52,Kien Giang-Rach Gia,Rach Gia,27.27,27.27,27.27,82.0,30.57,8553.0,0.0,98.0,5.73,8.79,240.0,1006.0,1,804,Clouds,overcast clouds,04d
2025-07-23 06:24:37,Kien Giang-Rach Gia,Rach Gia,27.27,27.27,27.27,82.0,30.57,8553.0,0.0,98.0,5.73,8.79,240.0,1006.0,1,804,Clouds,overcast clouds,04d
2025-07-23 06:28:23,Kien Giang-Rach Gia,Rach Gia,27.27,27.27,27.27,82.0,30.57,8553.0,0.0,98.0,5.73,8.79,240.0,1006.0,1,804,Clouds,overcast clouds,04d
2025-07-23 06:32:08,Kien Giang-Rach Gia,Rach Gia,27.8,27.8,27.8,81.0,31.75,10000.0,0.0,99.0,5.51,8.0,235.0,1006.0,1,804,Clouds,overcast clouds,04d
2025-07-23 06:35:54,Kien Giang-Rach Gia,Rach Gia,27.8,27.8,27.8,81.0,31.75,10000.0,0.0,99.0,5.51,8.0,235.0,1006.0,1,804,Clouds,overcast clouds,04d
2025-07-23 06:39:40,Kien Giang-Rach Gia,Rach Gia,27.8,27.8,27.8,81.0,31.75,10000.0,0.0,99.0,5.51,8.0,235.0,1006.0,1,804,Clouds,overcast clouds,04d
2025-07-23 06:43:26,Kien Giang-Rach Gia,Rach Gia,27.8,27.8,27.8,81.0,31.75,10000.0,0.0,86.0,5.64,7.6,225.0,1006.0,1,804,Clouds,overcast clouds,04d
2025-07-23 06:47:12,Kien Giang-Rach Gia,Rach Gia,27.8,27.8,27.8,81.0,31.75,10000.0,0.0,99.0,5.51,8.0,235.0,1006.0,1,804,Clouds,overcast clouds,04d
2025-07-23 06:50:58,Kien Giang-Rach Gia,Rach Gia,27.8,27.8,27.8,81.0,31.75,10000.0,0.0,86.0,5.64,7.6,225.0,1006.0,1,804,Clouds,overcast clouds,04d
2025-07-23 06:54:44,Kien Giang-Rach Gia,Rach Gia,27.8,27.8,27.8,81.0,31.75,10000.0,0.0,86.0,5.64,7.6,225.0,1006.0,1,804,Clouds,overcast clouds,04d
2025-07-23 06:58:30,Kien Giang-Rach Gia,Rach Gia,27.8,27.8,27.8,81.0,31.75,10000.0,0.0,86.0,5.64,7.6,225.0,1006.0,1,804,Clouds,overcast clouds,04d
2025-07-23 07:02:16,Kien Giang-Rach Gia,Rach Gia,27.8,27.8,27.8,81.0,31.75,10000.0,0.0,86.0,5.64,7.6,225.0,1006.0,1,804,Clouds,overcast clouds,04d
2025-07-23 07:06:02,Kien Giang-Rach Gia,Rach Gia,27.8,27.8,27.8,81.0,31.75,10000.0,0.0,86.0,5.64,7.6,225.0,1006.0,1,804,Clouds,overcast clouds,04d
2025-07-23 07:09:49,Kien Giang-Rach Gia,Rach Gia,27.8,27.8,27.8,81.0,31.75,10000.0,0.0,86.0,5.64,7.6,225.0,1006.0,1,804,Clouds,overcast clouds,04d
2025-07-23 07:13:35,Kien Giang-Rach Gia,Rach Gia,27.8,27.8,27.8,81.0,31.75,10000.0,0.0,86.0,5.64,7.6,225.0,1006.0,1,804,Clouds,overcast clouds,04d
2025-07-23 07:17:20,Kien Giang-Rach Gia,Rach Gia,27.8,27.8,27.8,81.0,31.75,10000.0,0.0,86.0,5.64,7.6,225.0,1006.0,1,804,Clouds,overcast clouds,04d
2025-07-23 07:21:07,Kien Giang-Rach Gia,Rach Gia,27.8,27.8,27.8,81.0,31.75,10000.0,0.0,86.0,5.64,7.6,225.0,1006.0,1,804,Clouds,overcast clouds,04d
2025-07-23 07:24:53,Kien Giang-Rach Gia,Rach Gia,27.8,27.8,27.8,81.0,31.75,10000.0,0.0,86.0,5.64,7.6,225.0,1006.0,1,804,Clouds,overcast clouds,04d
2025-07-23 07:28:39,Kien Giang-Rach Gia,Rach Gia,27.8,27.8,27.8,81.0,31.75,10000.0,0.0,86.0,5.64,7.6,225.0,1006.0,1,804,Clouds,overcast clouds,04d
2025-07-23 07:32:24,Kien Giang-Rach Gia,Rach Gia,27.8,27.8,27.8,81.0,31.75,10000.0,0.0,86.0,5.64,7.6,225.0,1006.0,1,804,Clouds,overcast clouds,04d
2025-07-23 07:36:10,Kien Giang-Rach Gia,Rach Gia,28.5,28.5,28.5,79.0,33.2,10000.0,0.0,71.0,5.78,7.29,225.0,1007.0,1,803,Clouds,broken clouds,04d
2025-07-23 07:39:56,Kien Giang-Rach Gia,Rach Gia,28.5,28.5,28.5,79.0,33.2,10000.0,0.0,71.0,5.78,7.29,225.0,1007.0,1,803,Clouds,broken clouds,04d
2025-07-23 07:43:41,Kien Giang-Rach Gia,Rach Gia,28.5,28.5,28.5,79.0,33.2,10000.0,0.0,71.0,5.78,7.29,225.0,1007.0,1,803,Clouds,broken clouds,04d
2025-07-23 07:47:27,Kien Giang-Rach Gia,Rach Gia,28.5,28.5,28.5,79.0,33.2,10000.0,0.0,71.0,5.78,7.29,225.0,1007.0,1,803,Clouds,broken clouds,04d
2025-07-23 07:51:13,Kien Giang-Rach Gia,Rach Gia,28.55,28.55,28.55,79.0,33.33,10000.0,0.0,71.0,5.78,7.29,225.0,1007.0,1,803,Clouds,broken clouds,04d
2025-07-23 07:54:58,Kien Giang-Rach Gia,Rach Gia,28.55,28.55,28.55,79.0,33.33,10000.0,0.0,71.0,5.78,7.29,225.0,1007.0,1,803,Clouds,broken clouds,04d
2025-07-23 07:58:43,Kien Giang-Rach Gia,Rach Gia,28.55,28.55,28.55,79.0,33.33,10000.0,0.0,71.0,5.78,7.29,225.0,1007.0,1,803,Clouds,broken clouds,04d
2025-07-23 08:02:29,Kien Giang-Rach Gia,Rach Gia,28.58,28.58,28.58,79.0,33.41,10000.0,0.0,71.0,5.78,7.29,225.0,1007.0,1,803,Clouds,broken clouds,04d
2025-07-23 08:06:15,Kien Giang-Rach Gia,Rach Gia,28.58,28.58,28.58,79.0,33.41,10000.0,0.0,71.0,5.78,7.29,225.0,1007.0,1,803,Clouds,broken clouds,04d
2025-07-23 08:10:01,Kien Giang-Rach Gia,Rach Gia,28.58,28.58,28.58,79.0,33.41,10000.0,0.0,71.0,5.78,7.29,225.0,1007.0,1,803,Clouds,broken clouds,04d
2025-07-23 08:13:48,Kien Giang-Rach Gia,Rach Gia,28.58,28.58,28.58,79.0,33.41,10000.0,0.0,71.0,5.78,7.29,225.0,1007.0,1,803,Clouds,broken clouds,04d
2025-07-23 08:17:33,Kien Giang-Rach Gia,Rach Gia,28.58,28.58,28.58,79.0,33.41,10000.0,0.0,71.0,5.78,7.29,225.0,1007.0,1,803,Clouds,broken clouds,04d
2025-07-23 08:21:19,Kien Giang-Rach Gia,Rach Gia,28.58,28.58,28.58,79.0,33.41,10000.0,0.0,71.0,5.78,7.29,225.0,1007.0,1,803,Clouds,broken clouds,04d
2025-07-23 08:25:05,Kien Giang-Rach Gia,Rach Gia,28.58,28.58,28.58,79.0,33.41,10000.0,0.0,71.0,5.78,7.29,225.0,1007.0,1,803,Clouds,broken clouds,04d
2025-07-23 08:28:51,Kien Giang-Rach Gia,Rach Gia,28.58,28.58,28.58,79.0,33.41,10000.0,0.0,71.0,5.78,7.29,225.0,1007.0,1,803,Clouds,broken clouds,04d
2025-07-23 08:32:37,Kien Giang-Rach Gia,Rach Gia,28.58,28.58,28.58,79.0,33.41,10000.0,0.0,71.0,5.78,7.29,225.0,1007.0,1,803,Clouds,broken clouds,04d
2025-07-23 08:36:23,Kien Giang-Rach Gia,Rach Gia,28.64,28.64,28.64,79.0,33.56,10000.0,0.0,42.0,5.81,7.2,235.0,1007.0,1,802,Clouds,scattered clouds,03d
2025-07-23 08:40:11,Kien Giang-Rach Gia,Rach Gia,28.64,28.64,28.64,79.0,33.56,10000.0,0.0,42.0,5.81,7.2,235.0,1007.0,1,802,Clouds,scattered clouds,03d
2025-07-23 08:43:57,Kien Giang-Rach Gia,Rach Gia,28.64,28.64,28.64,79.0,33.56,10000.0,0.0,42.0,5.81,7.2,235.0,1007.0,1,802,Clouds,scattered clouds,03d
2025-07-23 08:47:43,Kien Giang-Rach Gia,Rach Gia,28.64,28.64,28.64,79.0,33.56,10000.0,0.0,42.0,5.81,7.2,235.0,1007.0,1,802,Clouds,scattered clouds,03d
2025-07-23 08:51:30,Kien Giang-Rach Gia,Rach Gia,28.64,28.64,28.64,79.0,33.56,10000.0,0.0,42.0,5.81,7.2,235.0,1007.0,1,802,Clouds,scattered clouds,03d
2025-07-23 08:55:16,Kien Giang-Rach Gia,Rach Gia,28.64,28.64,28.64,79.0,33.56,10000.0,0.0,42.0,5.81,7.2,235.0,1007.0,1,802,Clouds,scattered clouds,03d
2025-07-23 08:59:01,Kien Giang-Rach Gia,Rach Gia,28.64,28.64,28.64,79.0,33.56,10000.0,0.0,42.0,5.81,7.2,235.0,1007.0,1,802,Clouds,scattered clouds,03d
2025-07-23 09:02:47,Kien Giang-Rach Gia,Rach Gia,28.66,28.66,28.66,79.0,33.62,10000.0,0.0,42.0,5.81,7.2,235.0,1007.0,1,802,Clouds,scattered clouds,03d
2025-07-23 09:06:33,Kien Giang-Rach Gia,Rach Gia,28.66,28.66,28.66,79.0,33.62,10000.0,0.0,42.0,5.81,7.2,235.0,1007.0,1,802,Clouds,scattered clouds,03d
2025-07-23 09:10:19,Kien Giang-Rach Gia,Rach Gia,28.66,28.66,28.66,79.0,33.62,10000.0,0.0,42.0,5.81,7.2,235.0,1007.0,1,802,Clouds,scattered clouds,03d
2025-07-23 09:14:05,Kien Giang-Rach Gia,Rach Gia,28.66,28.66,28.66,79.0,33.62,10000.0,0.0,42.0,5.81,7.2,235.0,1007.0,1,802,Clouds,scattered clouds,03d
2025-07-23 09:17:51,Kien Giang-Rach Gia,Rach Gia,28.66,28.66,28.66,79.0,33.62,10000.0,0.0,42.0,5.81,7.2,235.0,1007.0,1,802,Clouds,scattered clouds,03d
2025-07-23 09:21:37,Kien Giang-Rach Gia,Rach Gia,28.66,28.66,28.66,79.0,33.62,10000.0,0.0,42.0,5.81,7.2,235.0,1007.0,1,802,Clouds,scattered clouds,03d
2025-07-23 09:25:22,Kien Giang-Rach Gia,Rach Gia,28.66,28.66,28.66,79.0,33.62,10000.0,0.0,42.0,5.81,7.2,235.0,1007.0,1,802,Clouds,scattered clouds,03d
2025-07-23 09:29:08,Kien Giang-Rach Gia,Rach Gia,28.66,28.66,28.66,79.0,33.62,10000.0,0.0,42.0,5.81,7.2,235.0,1007.0,1,802,Clouds,scattered clouds,03d
2025-07-23 09:32:54,Kien Giang-Rach Gia,Rach Gia,29.18,29.18,29.18,76.0,34.36,10000.0,0.0,59.0,6.02,7.92,244.0,1007.0,1,803,Clouds,broken clouds,04d
2025-07-23 09:36:40,Kien Giang-Rach Gia,Rach Gia,29.18,29.18,29.18,76.0,34.36,10000.0,0.0,59.0,6.02,7.92,244.0,1007.0,1,803,Clouds,broken clouds,04d
2025-07-23 09:40:26,Kien Giang-Rach Gia,Rach Gia,29.18,29.18,29.18,76.0,34.36,10000.0,0.0,59.0,6.02,7.92,244.0,1007.0,1,803,Clouds,broken clouds,04d
2025-07-23 09:44:11,Kien Giang-Rach Gia,Rach Gia,29.18,29.18,29.18,76.0,34.36,10000.0,0.0,59.0,6.02,7.92,244.0,1007.0,1,803,Clouds,broken clouds,04d
2025-07-23 09:47:57,Kien Giang-Rach Gia,Rach Gia,29.18,29.18,29.18,76.0,34.36,10000.0,0.0,59.0,6.02,7.92,244.0,1007.0,1,803,Clouds,broken clouds,04d
2025-07-23 09:51:43,Kien Giang-Rach Gia,Rach Gia,29.18,29.18,29.18,76.0,34.36,10000.0,0.0,59.0,6.02,7.92,244.0,1007.0,1,803,Clouds,broken clouds,04d
2025-07-23 09:55:29,Kien Giang-Rach Gia,Rach Gia,29.22,29.22,29.22,76.0,34.46,10000.0,0.0,59.0,6.02,7.92,244.0,1007.0,1,803,Clouds,broken clouds,04d
2025-07-23 09:59:14,Kien Giang-Rach Gia,Rach Gia,29.22,29.22,29.22,76.0,34.46,10000.0,0.0,59.0,6.02,7.92,244.0,1007.0,1,803,Clouds,broken clouds,04d
2025-07-23 10:02:59,Kien Giang-Rach Gia,Rach Gia,29.22,29.22,29.22,76.0,34.46,10000.0,0.0,59.0,6.02,7.92,244.0,1007.0,1,803,Clouds,broken clouds,04d
2025-07-23 10:06:45,Kien Giang-Rach Gia,Rach Gia,29.25,29.25,29.25,76.0,34.54,10000.0,0.0,59.0,6.02,7.92,244.0,1007.0,1,803,Clouds,broken clouds,04d
2025-07-23 10:10:31,Kien Giang-Rach Gia,Rach Gia,29.25,29.25,29.25,76.0,34.54,10000.0,0.0,59.0,6.02,7.92,244.0,1007.0,1,803,Clouds,broken clouds,04d
2025-07-23 10:14:17,Kien Giang-Rach Gia,Rach Gia,29.25,29.25,29.25,76.0,34.54,10000.0,0.0,59.0,6.02,7.92,244.0,1007.0,1,803,Clouds,broken clouds,04d
2025-07-23 10:18:03,Kien Giang-Rach Gia,Rach Gia,29.25,29.25,29.25,76.0,34.54,10000.0,0.0,59.0,6.02,7.92,244.0,1007.0,1,803,Clouds,broken clouds,04d
2025-07-23 10:21:54,Kien Giang-Rach Gia,Rach Gia,29.25,29.25,29.25,76.0,34.54,10000.0,0.0,59.0,6.02,7.92,244.0,1007.0,1,803,Clouds,broken clouds,04d
2025-07-23 10:25:48,Kien Giang-Rach Gia,Rach Gia,29.25,29.25,29.25,76.0,34.54,10000.0,0.0,59.0,6.02,7.92,244.0,1007.0,1,803,Clouds,broken clouds,04d
2025-07-23 10:29:40,Kien Giang-Rach Gia,Rach Gia,29.25,29.25,29.25,76.0,34.54,10000.0,0.0,59.0,6.02,7.92,244.0,1007.0,1,803,Clouds,broken clouds,04d
2025-07-23 10:33:31,Kien Giang-Rach Gia,Rach Gia,29.35,29.35,29.35,76.0,34.8,10000.0,0.0,67.0,6.73,8.64,246.0,1007.0,1,803,Clouds,broken clouds,04d
2025-07-23 10:37:22,Kien Giang-Rach Gia,Rach Gia,29.35,29.35,29.35,76.0,34.8,10000.0,0.0,67.0,6.73,8.64,246.0,1007.0,1,803,Clouds,broken clouds,04d
2025-07-23 10:41:13,Kien Giang-Rach Gia,Rach Gia,29.35,29.35,29.35,76.0,34.8,10000.0,0.0,67.0,6.73,8.64,246.0,1007.0,1,803,Clouds,broken clouds,04d
2025-07-23 10:45:04,Kien Giang-Rach Gia,Rach Gia,29.35,29.35,29.35,76.0,34.8,10000.0,0.0,67.0,6.73,8.64,246.0,1007.0,1,803,Clouds,broken clouds,04d
2025-07-23 10:48:55,Kien Giang-Rach Gia,Rach Gia,29.35,29.35,29.35,76.0,34.8,10000.0,0.0,67.0,6.73,8.64,246.0,1007.0,1,803,Clouds,broken clouds,04d
2025-07-23 10:52:46,Kien Giang-Rach Gia,Rach Gia,29.35,29.35,29.35,76.0,34.8,10000.0,0.0,67.0,6.73,8.64,246.0,1007.0,1,803,Clouds,broken clouds,04d
2025-07-23 10:56:36,Kien Giang-Rach Gia,Rach Gia,29.35,29.35,29.35,76.0,34.8,10000.0,0.0,67.0,6.73,8.64,246.0,1007.0,1,803,Clouds,broken clouds,04d
2025-07-23 11:00:27,Kien Giang-Rach Gia,Rach Gia,29.35,29.35,29.35,76.0,34.8,10000.0,0.0,67.0,6.73,8.64,246.0,1007.0,1,803,Clouds,broken clouds,04d
2025-07-23 11:04:17,Kien Giang-Rach Gia,Rach Gia,29.37,29.37,29.37,76.0,34.85,10000.0,0.0,67.0,6.73,8.64,246.0,1007.0,1,803,Clouds,broken clouds,04d
2025-07-23 11:08:08,Kien Giang-Rach Gia,Rach Gia,29.37,29.37,29.37,76.0,34.85,10000.0,0.0,67.0,6.73,8.64,246.0,1007.0,1,803,Clouds,broken clouds,04d
2025-07-23 11:11:59,Kien Giang-Rach Gia,Rach Gia,29.37,29.37,29.37,76.0,34.85,10000.0,0.0,67.0,6.73,8.64,246.0,1007.0,1,803,Clouds,broken clouds,04d
2025-07-23 11:15:48,Kien Giang-Rach Gia,Rach Gia,29.37,29.37,29.37,76.0,34.85,10000.0,0.0,67.0,6.73,8.64,246.0,1007.0,1,803,Clouds,broken clouds,04d
2025-07-23 11:19:38,Kien Giang-Rach Gia,Rach Gia,29.37,29.37,29.37,76.0,34.85,10000.0,0.0,67.0,6.73,8.64,246.0,1007.0,1,803,Clouds,broken clouds,04d
2025-07-23 11:23:28,Kien Giang-Rach Gia,Rach Gia,29.37,29.37,29.37,76.0,34.85,10000.0,0.0,67.0,6.73,8.64,246.0,1007.0,1,803,Clouds,broken clouds,04d
2025-07-23 11:27:18,Kien Giang-Rach Gia,Rach Gia,29.37,29.37,29.37,76.0,34.85,10000.0,0.0,67.0,6.73,8.64,246.0,1007.0,1,803,Clouds,broken clouds,04d
2025-07-23 11:31:08,Kien Giang-Rach Gia,Rach Gia,29.45,29.45,29.45,75.0,34.83,10000.0,0.0,72.0,7.04,9.21,247.0,1006.0,1,803,Clouds,broken clouds,04d
2025-07-23 11:34:58,Kien Giang-Rach Gia,Rach Gia,29.37,29.37,29.37,76.0,34.85,10000.0,0.0,67.0,6.73,8.64,246.0,1007.0,1,803,Clouds,broken clouds,04d
2025-07-23 11:38:49,Kien Giang-Rach Gia,Rach Gia,29.45,29.45,29.45,75.0,34.83,10000.0,0.0,72.0,7.04,9.21,247.0,1006.0,1,803,Clouds,broken clouds,04d
2025-07-23 11:42:39,Kien Giang-Rach Gia,Rach Gia,29.45,29.45,29.45,75.0,34.83,10000.0,0.0,72.0,7.04,9.21,247.0,1006.0,1,803,Clouds,broken clouds,04d
2025-07-23 11:46:29,Kien Giang-Rach Gia,Rach Gia,29.45,29.45,29.45,75.0,34.83,10000.0,0.0,72.0,7.04,9.21,247.0,1006.0,1,803,Clouds,broken clouds,04d
2025-07-23 11:50:19,Kien Giang-Rach Gia,Rach Gia,29.45,29.45,29.45,75.0,34.83,10000.0,0.0,72.0,7.04,9.21,247.0,1006.0,1,803,Clouds,broken clouds,04d
2025-07-23 11:54:09,Kien Giang-Rach Gia,Rach Gia,29.45,29.45,29.45,75.0,34.83,10000.0,0.0,72.0,7.04,9.21,247.0,1006.0,1,803,Clouds,broken clouds,04d
2025-07-23 11:57:59,Kien Giang-Rach Gia,Rach Gia,29.45,29.45,29.45,75.0,34.83,10000.0,0.0,72.0,7.04,9.21,247.0,1006.0,1,803,Clouds,broken clouds,04d
2025-07-23 12:01:49,Kien Giang-Rach Gia,Rach Gia,29.47,29.47,29.47,75.0,34.89,10000.0,0.0,72.0,7.04,9.21,247.0,1006.0,1,803,Clouds,broken clouds,04d
2025-07-23 12:05:39,Kien Giang-Rach Gia,Rach Gia,29.47,29.47,29.47,75.0,34.89,10000.0,0.0,72.0,7.04,9.21,247.0,1006.0,1,803,Clouds,broken clouds,04d
2025-07-23 12:09:29,Kien Giang-Rach Gia,Rach Gia,29.47,29.47,29.47,75.0,34.89,10000.0,0.0,72.0,7.04,9.21,247.0,1006.0,1,803,Clouds,broken clouds,04d
2025-07-23 12:13:20,Kien Giang-Rach Gia,Rach Gia,29.47,29.47,29.47,75.0,34.89,10000.0,0.0,72.0,7.04,9.21,247.0,1006.0,1,803,Clouds,broken clouds,04d
2025-07-23 12:17:11,Kien Giang-Rach Gia,Rach Gia,29.47,29.47,29.47,75.0,34.89,10000.0,0.0,72.0,7.04,9.21,247.0,1006.0,1,803,Clouds,broken clouds,04d
2025-07-23 12:21:01,Kien Giang-Rach Gia,Rach Gia,29.47,29.47,29.47,75.0,34.89,10000.0,0.0,72.0,7.04,9.21,247.0,1006.0,1,803,Clouds,broken clouds,04d
2025-07-23 12:24:52,Kien Giang-Rach Gia,Rach Gia,29.47,29.47,29.47,75.0,34.89,10000.0,0.0,72.0,7.04,9.21,247.0,1006.0,1,803,Clouds,broken clouds,04d
2025-07-23 12:28:41,Kien Giang-Rach Gia,Rach Gia,29.47,29.47,29.47,75.0,34.89,10000.0,0.0,72.0,7.04,9.21,247.0,1006.0,1,803,Clouds,broken clouds,04d
2025-07-23 12:32:32,Kien Giang-Rach Gia,Rach Gia,29.46,29.46,29.46,75.0,34.86,10000.0,0.0,77.0,7.21,9.74,250.0,1005.0,1,803,Clouds,broken clouds,04d
2025-07-23 12:36:22,Kien Giang-Rach Gia,Rach Gia,29.46,29.46,29.46,75.0,34.86,10000.0,0.0,77.0,7.21,9.74,250.0,1005.0,1,803,Clouds,broken clouds,04d
2025-07-23 12:40:13,Kien Giang-Rach Gia,Rach Gia,29.46,29.46,29.46,75.0,34.86,10000.0,0.0,77.0,7.21,9.74,250.0,1005.0,1,803,Clouds,broken clouds,04d
2025-07-23 12:44:03,Kien Giang-Rach Gia,Rach Gia,29.46,29.46,29.46,75.0,34.86,10000.0,0.0,77.0,7.21,9.74,250.0,1005.0,1,803,Clouds,broken clouds,04d
2025-07-23 12:47:54,Kien Giang-Rach Gia,Rach Gia,29.49,29.49,29.49,75.0,34.94,10000.0,0.0,77.0,7.21,9.74,250.0,1005.0,1,803,Clouds,broken clouds,04d
2025-07-23 12:51:44,Kien Giang-Rach Gia,Rach Gia,29.49,29.49,29.49,75.0,34.94,10000.0,0.0,81.0,6.89,8.86,249.0,1005.0,1,803,Clouds,broken clouds,04d
2025-07-23 12:55:33,Kien Giang-Rach Gia,Rach Gia,29.49,29.49,29.49,75.0,34.94,10000.0,0.0,81.0,6.89,8.86,249.0,1005.0,1,803,Clouds,broken clouds,04d
2025-07-23 12:59:23,Kien Giang-Rach Gia,Rach Gia,29.49,29.49,29.49,75.0,34.94,10000.0,0.0,81.0,6.89,8.86,249.0,1005.0,1,803,Clouds,broken clouds,04d
2025-07-23 13:03:14,Kien Giang-Rach Gia,Rach Gia,29.49,29.49,29.49,75.0,34.94,10000.0,0.0,81.0,6.89,8.86,249.0,1005.0,1,803,Clouds,broken clouds,04d
2025-07-23 13:07:04,Kien Giang-Rach Gia,Rach Gia,29.49,29.49,29.49,75.0,34.94,10000.0,0.0,81.0,6.89,8.86,249.0,1005.0,1,803,Clouds,broken clouds,04d
2025-07-23 13:10:54,Kien Giang-Rach Gia,Rach Gia,29.49,29.49,29.49,75.0,34.94,10000.0,0.0,81.0,6.89,8.86,249.0,1005.0,1,803,Clouds,broken clouds,04d
2025-07-23 13:14:44,Kien Giang-Rach Gia,Rach Gia,29.49,29.49,29.49,75.0,34.94,10000.0,0.0,81.0,6.89,8.86,249.0,1005.0,1,803,Clouds,broken clouds,04d
2025-07-23 13:18:34,Kien Giang-Rach Gia,Rach Gia,29.49,29.49,29.49,75.0,34.94,10000.0,0.0,81.0,6.89,8.86,249.0,1005.0,1,803,Clouds,broken clouds,04d
2025-07-23 13:22:25,Kien Giang-Rach Gia,Rach Gia,29.49,29.49,29.49,75.0,34.94,10000.0,0.0,81.0,6.89,8.86,249.0,1005.0,1,803,Clouds,broken clouds,04d
2025-07-23 13:26:15,Kien Giang-Rach Gia,Rach Gia,29.49,29.49,29.49,75.0,34.94,10000.0,0.0,81.0,6.89,8.86,249.0,1005.0,1,803,Clouds,broken clouds,04d
2025-07-23 13:30:06,Kien Giang-Rach Gia,Rach Gia,29.06,29.06,29.06,77.0,34.26,10000.0,0.0,94.0,7.34,9.64,249.0,1005.0,1,804,Clouds,overcast clouds,04d
2025-07-23 13:33:58,Kien Giang-Rach Gia,Rach Gia,29.49,29.49,29.49,75.0,34.94,10000.0,0.0,81.0,6.89,8.86,249.0,1005.0,1,803,Clouds,broken clouds,04d
2025-07-23 13:37:51,Kien Giang-Rach Gia,Rach Gia,29.59,29.59,29.59,76.0,35.44,10000.0,0.0,94.0,7.34,9.64,249.0,1004.0,1,804,Clouds,overcast clouds,04d
2025-07-23 13:41:43,Kien Giang-Rach Gia,Rach Gia,29.59,29.59,29.59,76.0,35.44,10000.0,0.0,94.0,7.34,9.64,249.0,1004.0,1,804,Clouds,overcast clouds,04d
2025-07-23 13:45:35,Kien Giang-Rach Gia,Rach Gia,29.59,29.59,29.59,76.0,35.44,10000.0,0.0,94.0,7.34,9.64,249.0,1004.0,1,804,Clouds,overcast clouds,04d
2025-07-23 13:49:26,Kien Giang-Rach Gia,Rach Gia,29.57,29.57,29.57,76.0,35.38,10000.0,0.0,94.0,7.34,9.64,249.0,1004.0,1,804,Clouds,overcast clouds,04d
2025-07-23 13:53:16,Kien Giang-Rach Gia,Rach Gia,29.57,29.57,29.57,76.0,35.38,10000.0,0.0,94.0,7.34,9.64,249.0,1004.0,1,804,Clouds,overcast clouds,04d
2025-07-23 13:57:07,Kien Giang-Rach Gia,Rach Gia,29.57,29.57,29.57,76.0,35.38,10000.0,0.0,94.0,7.34,9.64,249.0,1004.0,1,804,Clouds,overcast clouds,04d
2025-07-23 14:00:57,Kien Giang-Rach Gia,Rach Gia,29.57,29.57,29.57,76.0,35.38,10000.0,0.0,94.0,7.34,9.64,249.0,1004.0,1,804,Clouds,overcast clouds,04d
2025-07-23 14:04:47,Kien Giang-Rach Gia,Rach Gia,29.62,29.62,29.62,76.0,35.52,10000.0,0.0,94.0,7.34,9.64,249.0,1004.0,1,804,Clouds,overcast clouds,04d
2025-07-23 14:08:38,Kien Giang-Rach Gia,Rach Gia,29.62,29.62,29.62,76.0,35.52,10000.0,0.0,94.0,7.34,9.64,249.0,1004.0,1,804,Clouds,overcast clouds,04d
2025-07-23 14:12:28,Kien Giang-Rach Gia,Rach Gia,29.62,29.62,29.62,76.0,35.52,10000.0,0.0,94.0,7.34,9.64,249.0,1004.0,1,804,Clouds,overcast clouds,04d
2025-07-23 14:16:18,Kien Giang-Rach Gia,Rach Gia,29.62,29.62,29.62,76.0,35.52,10000.0,0.0,94.0,7.34,9.64,249.0,1004.0,1,804,Clouds,overcast clouds,04d
2025-07-23 14:20:09,Kien Giang-Rach Gia,Rach Gia,29.62,29.62,29.62,76.0,35.52,10000.0,0.0,94.0,7.34,9.64,249.0,1004.0,1,804,Clouds,overcast clouds,04d
2025-07-23 14:23:59,Kien Giang-Rach Gia,Rach Gia,29.62,29.62,29.62,76.0,35.52,10000.0,0.0,94.0,7.34,9.64,249.0,1004.0,1,804,Clouds,overcast clouds,04d
2025-07-23 14:27:49,Kien Giang-Rach Gia,Rach Gia,29.62,29.62,29.62,76.0,35.52,10000.0,0.0,94.0,7.34,9.64,249.0,1004.0,1,804,Clouds,overcast clouds,04d
2025-07-23 14:31:39,Kien Giang-Rach Gia,Rach Gia,28.94,28.94,28.94,78.0,34.15,10000.0,0.0,67.0,7.01,9.16,252.0,1004.0,1,803,Clouds,broken clouds,04d
2025-07-23 14:35:29,Kien Giang-Rach Gia,Rach Gia,28.94,28.94,28.94,78.0,34.15,10000.0,0.0,67.0,7.01,9.16,252.0,1004.0,1,803,Clouds,broken clouds,04d
2025-07-23 14:39:19,Kien Giang-Rach Gia,Rach Gia,28.94,28.94,28.94,78.0,34.15,10000.0,0.0,67.0,7.01,9.16,252.0,1004.0,1,803,Clouds,broken clouds,04d
2025-07-23 14:43:10,Kien Giang-Rach Gia,Rach Gia,28.94,28.94,28.94,78.0,34.15,10000.0,0.0,67.0,7.01,9.16,252.0,1004.0,1,803,Clouds,broken clouds,04d
2025-07-23 14:47:00,Kien Giang-Rach Gia,Rach Gia,28.94,28.94,28.94,78.0,34.15,10000.0,0.0,67.0,7.01,9.16,252.0,1004.0,1,803,Clouds,broken clouds,04d
2025-07-23 14:50:51,Kien Giang-Rach Gia,Rach Gia,28.94,28.94,28.94,78.0,34.15,10000.0,0.0,67.0,7.01,9.16,252.0,1004.0,1,803,Clouds,broken clouds,04d
2025-07-23 14:54:41,Kien Giang-Rach Gia,Rach Gia,28.94,28.94,28.94,78.0,34.15,10000.0,0.0,67.0,7.01,9.16,252.0,1004.0,1,803,Clouds,broken clouds,04d
2025-07-23 14:58:31,Kien Giang-Rach Gia,Rach Gia,28.94,28.94,28.94,78.0,34.15,10000.0,0.0,67.0,7.01,9.16,252.0,1004.0,1,803,Clouds,broken clouds,04d
2025-07-23 15:02:22,Kien Giang-Rach Gia,Rach Gia,28.94,28.94,28.94,78.0,34.15,10000.0,0.0,67.0,7.01,9.16,252.0,1004.0,1,803,Clouds,broken clouds,04d
2025-07-23 15:06:12,Kien Giang-Rach Gia,Rach Gia,28.97,28.97,28.97,78.0,34.23,10000.0,0.0,67.0,7.01,9.16,252.0,1004.0,1,803,Clouds,broken clouds,04d
2025-07-23 15:10:03,Kien Giang-Rach Gia,Rach Gia,28.97,28.97,28.97,78.0,34.23,10000.0,0.0,67.0,7.01,9.16,252.0,1004.0,1,803,Clouds,broken clouds,04d
2025-07-23 15:13:54,Kien Giang-Rach Gia,Rach Gia,28.97,28.97,28.97,78.0,34.23,10000.0,0.0,67.0,7.01,9.16,252.0,1004.0,1,803,Clouds,broken clouds,04d
2025-07-23 15:17:44,Kien Giang-Rach Gia,Rach Gia,28.97,28.97,28.97,78.0,34.23,10000.0,0.0,67.0,7.01,9.16,252.0,1004.0,1,803,Clouds,broken clouds,04d
2025-07-23 15:21:34,Kien Giang-Rach Gia,Rach Gia,28.97,28.97,28.97,78.0,34.23,10000.0,0.0,67.0,7.01,9.16,252.0,1004.0,1,803,Clouds,broken clouds,04d
2025-07-23 15:25:24,Kien Giang-Rach Gia,Rach Gia,28.97,28.97,28.97,78.0,34.23,10000.0,0.0,67.0,7.01,9.16,252.0,1004.0,1,803,Clouds,broken clouds,04d
2025-07-23 15:29:14,Kien Giang-Rach Gia,Rach Gia,28.97,28.97,28.97,78.0,34.23,10000.0,0.0,67.0,7.01,9.16,252.0,1004.0,1,803,Clouds,broken clouds,04d
2025-07-23 15:33:06,Kien Giang-Rach Gia,Rach Gia,29.09,29.09,29.09,76.0,34.13,10000.0,0.0,55.0,6.9,9.62,251.0,1004.0,1,803,Clouds,broken clouds,04d
2025-07-23 15:36:56,Kien Giang-Rach Gia,Rach Gia,29.09,29.09,29.09,76.0,34.13,10000.0,0.0,55.0,6.9,9.62,251.0,1004.0,1,803,Clouds,broken clouds,04d
2025-07-23 15:40:46,Kien Giang-Rach Gia,Rach Gia,29.09,29.09,29.09,76.0,34.13,10000.0,0.0,55.0,6.9,9.62,251.0,1004.0,1,803,Clouds,broken clouds,04d
2025-07-23 15:44:36,Kien Giang-Rach Gia,Rach Gia,29.09,29.09,29.09,76.0,34.13,10000.0,0.0,55.0,6.9,9.62,251.0,1004.0,1,803,Clouds,broken clouds,04d
2025-07-23 15:48:26,Kien Giang-Rach Gia,Rach Gia,29.09,29.09,29.09,76.0,34.13,10000.0,0.0,55.0,6.9,9.62,251.0,1004.0,1,803,Clouds,broken clouds,04d
2025-07-23 15:52:17,Kien Giang-Rach Gia,Rach Gia,29.09,29.09,29.09,76.0,34.13,10000.0,0.0,55.0,6.9,9.62,251.0,1004.0,1,803,Clouds,broken clouds,04d
2025-07-23 15:56:08,Kien Giang-Rach Gia,Rach Gia,29.08,29.08,29.08,76.0,34.1,10000.0,0.0,55.0,6.9,9.62,251.0,1004.0,1,803,Clouds,broken clouds,04d
2025-07-23 15:59:58,Kien Giang-Rach Gia,Rach Gia,29.08,29.08,29.08,76.0,34.1,10000.0,0.0,55.0,6.9,9.62,251.0,1004.0,1,803,Clouds,broken clouds,04d
2025-07-23 16:03:49,Kien Giang-Rach Gia,Rach Gia,29.08,29.08,29.08,76.0,34.1,10000.0,0.0,55.0,6.9,9.62,251.0,1004.0,1,803,Clouds,broken clouds,04d
2025-07-23 16:07:39,Kien Giang-Rach Gia,Rach Gia,29.08,29.08,29.08,76.0,34.1,10000.0,0.0,55.0,6.9,9.62,251.0,1004.0,1,803,Clouds,broken clouds,04d
2025-07-23 16:11:30,Kien Giang-Rach Gia,Rach Gia,29.12,29.12,29.12,76.0,34.2,10000.0,0.0,55.0,6.9,9.62,251.0,1004.0,1,803,Clouds,broken clouds,04d
2025-07-23 16:15:21,Kien Giang-Rach Gia,Rach Gia,29.12,29.12,29.12,76.0,34.2,10000.0,0.0,55.0,6.9,9.62,251.0,1004.0,1,803,Clouds,broken clouds,04d
2025-07-23 16:19:13,Kien Giang-Rach Gia,Rach Gia,29.12,29.12,29.12,76.0,34.2,10000.0,0.0,55.0,6.9,9.62,251.0,1004.0,1,803,Clouds,broken clouds,04d
2025-07-23 16:23:08,Kien Giang-Rach Gia,Rach Gia,29.12,29.12,29.12,76.0,34.2,10000.0,0.0,55.0,6.9,9.62,251.0,1004.0,1,803,Clouds,broken clouds,04d
2025-07-23 16:27:01,Kien Giang-Rach Gia,Rach Gia,29.12,29.12,29.12,76.0,34.2,10000.0,0.0,55.0,6.9,9.62,251.0,1004.0,1,803,Clouds,broken clouds,04d
2025-07-23 16:30:52,Kien Giang-Rach Gia,Rach Gia,29.12,29.12,29.12,76.0,34.2,10000.0,0.0,55.0,6.9,9.62,251.0,1004.0,1,803,Clouds,broken clouds,04d
2025-07-23 16:34:44,Kien Giang-Rach Gia,Rach Gia,28.97,28.97,28.97,78.0,34.23,10000.0,0.0,65.0,6.62,10.6,254.0,1004.0,1,803,Clouds,broken clouds,04d
2025-07-23 16:38:35,Kien Giang-Rach Gia,Rach Gia,28.97,28.97,28.97,78.0,34.23,10000.0,0.0,65.0,6.62,10.6,254.0,1004.0,1,803,Clouds,broken clouds,04d
2025-07-23 16:42:26,Kien Giang-Rach Gia,Rach Gia,28.97,28.97,28.97,78.0,34.23,10000.0,0.0,65.0,6.62,10.6,254.0,1004.0,1,803,Clouds,broken clouds,04d
2025-07-23 16:46:17,Kien Giang-Rach Gia,Rach Gia,28.92,28.92,28.92,78.0,34.1,10000.0,0.0,65.0,6.62,10.6,254.0,1004.0,1,803,Clouds,broken clouds,04d
2025-07-23 16:50:09,Kien Giang-Rach Gia,Rach Gia,28.97,28.97,28.97,78.0,34.23,10000.0,0.0,65.0,6.62,10.6,254.0,1004.0,1,803,Clouds,broken clouds,04d
2025-07-23 16:54:01,Kien Giang-Rach Gia,Rach Gia,28.92,28.92,28.92,78.0,34.1,10000.0,0.0,65.0,6.62,10.6,254.0,1004.0,1,803,Clouds,broken clouds,04d
2025-07-23 16:57:54,Kien Giang-Rach Gia,Rach Gia,28.92,28.92,28.92,78.0,34.1,10000.0,0.0,65.0,6.62,10.6,254.0,1004.0,1,803,Clouds,broken clouds,04d
2025-07-23 17:01:45,Kien Giang-Rach Gia,Rach Gia,28.92,28.92,28.92,78.0,34.1,10000.0,0.0,65.0,6.62,10.6,254.0,1004.0,1,803,Clouds,broken clouds,04d
2025-07-23 17:05:37,Kien Giang-Rach Gia,Rach Gia,28.95,28.95,28.95,78.0,34.18,10000.0,0.0,65.0,6.62,10.6,254.0,1004.0,1,803,Clouds,broken clouds,04d
2025-07-23 17:09:28,Kien Giang-Rach Gia,Rach Gia,28.95,28.95,28.95,78.0,34.18,10000.0,0.0,65.0,6.62,10.6,254.0,1004.0,1,803,Clouds,broken clouds,04d
2025-07-23 17:13:20,Kien Giang-Rach Gia,Rach Gia,28.95,28.95,28.95,78.0,34.18,10000.0,0.0,65.0,6.62,10.6,254.0,1004.0,1,803,Clouds,broken clouds,04d
2025-07-23 17:17:11,Kien Giang-Rach Gia,Rach Gia,28.95,28.95,28.95,78.0,34.18,10000.0,0.0,65.0,6.62,10.6,254.0,1004.0,1,803,Clouds,broken clouds,04d
2025-07-23 17:21:02,Kien Giang-Rach Gia,Rach Gia,28.95,28.95,28.95,78.0,34.18,10000.0,0.0,65.0,6.62,10.6,254.0,1004.0,1,803,Clouds,broken clouds,04d
2025-07-23 17:24:54,Kien Giang-Rach Gia,Rach Gia,28.95,28.95,28.95,78.0,34.18,10000.0,0.0,65.0,6.62,10.6,254.0,1004.0,1,803,Clouds,broken clouds,04d
2025-07-23 17:28:44,Kien Giang-Rach Gia,Rach Gia,28.95,28.95,28.95,78.0,34.18,10000.0,0.0,65.0,6.62,10.6,254.0,1004.0,1,803,Clouds,broken clouds,04d
2025-07-23 17:32:34,Kien Giang-Rach Gia,Rach Gia,28.95,28.95,28.95,78.0,34.18,10000.0,0.0,65.0,6.62,10.6,254.0,1004.0,1,803,Clouds,broken clouds,04d
2025-07-23 17:36:25,Kien Giang-Rach Gia,Rach Gia,28.25,28.25,28.25,81.0,32.9,10000.0,0.0,56.0,6.17,9.63,254.0,1005.0,1,803,Clouds,broken clouds,04d
2025-07-23 17:40:17,Kien Giang-Rach Gia,Rach Gia,28.25,28.25,28.25,81.0,32.9,10000.0,0.0,56.0,6.17,9.63,254.0,1005.0,1,803,Clouds,broken clouds,04d
2025-07-23 17:44:08,Kien Giang-Rach Gia,Rach Gia,28.25,28.25,28.25,81.0,32.9,10000.0,0.0,56.0,6.17,9.63,254.0,1005.0,1,803,Clouds,broken clouds,04d
2025-07-23 17:47:59,Kien Giang-Rach Gia,Rach Gia,28.25,28.25,28.25,81.0,32.9,10000.0,0.0,56.0,6.17,9.63,254.0,1005.0,1,803,Clouds,broken clouds,04d
2025-07-23 17:51:49,Kien Giang-Rach Gia,Rach Gia,28.25,28.25,28.25,81.0,32.9,10000.0,0.0,56.0,6.17,9.63,254.0,1005.0,1,803,Clouds,broken clouds,04d
2025-07-23 17:55:40,Kien Giang-Rach Gia,Rach Gia,28.25,28.25,28.25,81.0,32.9,10000.0,0.0,56.0,6.17,9.63,254.0,1005.0,1,803,Clouds,broken clouds,04d
2025-07-23 17:59:31,Kien Giang-Rach Gia,Rach Gia,28.25,28.25,28.25,81.0,32.9,10000.0,0.0,56.0,6.17,9.63,254.0,1005.0,1,803,Clouds,broken clouds,04d
2025-07-23 18:03:22,Kien Giang-Rach Gia,Rach Gia,28.28,28.28,28.28,81.0,32.98,10000.0,0.0,56.0,6.17,9.63,254.0,1005.0,1,803,Clouds,broken clouds,04d
2025-07-23 18:07:15,Kien Giang-Rach Gia,Rach Gia,28.28,28.28,28.28,81.0,32.98,10000.0,0.0,56.0,6.17,9.63,254.0,1005.0,1,803,Clouds,broken clouds,04d
2025-07-23 18:11:11,Kien Giang-Rach Gia,Rach Gia,28.28,28.28,28.28,81.0,32.98,10000.0,0.0,56.0,6.17,9.63,254.0,1005.0,1,803,Clouds,broken clouds,04d
2025-07-23 18:15:05,Kien Giang-Rach Gia,Rach Gia,28.28,28.28,28.28,81.0,32.98,10000.0,0.0,56.0,6.17,9.63,254.0,1005.0,1,803,Clouds,broken clouds,04d
2025-07-23 18:18:57,Kien Giang-Rach Gia,Rach Gia,28.28,28.28,28.28,81.0,32.98,10000.0,0.0,56.0,6.17,9.63,254.0,1005.0,1,803,Clouds,broken clouds,04d
2025-07-23 18:22:49,Kien Giang-Rach Gia,Rach Gia,28.28,28.28,28.28,81.0,32.98,10000.0,0.0,56.0,6.17,9.63,254.0,1005.0,1,803,Clouds,broken clouds,04d
2025-07-23 18:26:42,Kien Giang-Rach Gia,Rach Gia,28.28,28.28,28.28,81.0,32.98,10000.0,0.0,56.0,6.17,9.63,254.0,1005.0,0,803,Clouds,broken clouds,04n
2025-07-23 18:30:33,Kien Giang-Rach Gia,Rach Gia,28.28,28.28,28.28,81.0,32.98,10000.0,0.0,56.0,6.17,9.63,254.0,1005.0,0,803,Clouds,broken clouds,04n
2025-07-23 18:34:27,Kien Giang-Rach Gia,Rach Gia,27.86,27.86,27.86,83.0,32.2,10000.0,0.0,51.0,5.97,8.61,250.0,1006.0,0,803,Clouds,broken clouds,04n
2025-07-23 18:38:21,Kien Giang-Rach Gia,Rach Gia,27.86,27.86,27.86,83.0,32.2,10000.0,0.0,51.0,5.97,8.61,250.0,1006.0,0,803,Clouds,broken clouds,04n
2025-07-23 18:42:12,Kien Giang-Rach Gia,Rach Gia,27.86,27.86,27.86,83.0,32.2,10000.0,0.0,51.0,5.97,8.61,250.0,1006.0,0,803,Clouds,broken clouds,04n
2025-07-23 18:46:03,Kien Giang-Rach Gia,Rach Gia,27.86,27.86,27.86,83.0,32.2,10000.0,0.0,31.0,6.47,9.6,242.0,1006.0,0,802,Clouds,scattered clouds,03n
2025-07-23 18:49:55,Kien Giang-Rach Gia,Rach Gia,27.86,27.86,27.86,83.0,32.2,10000.0,0.0,31.0,6.47,9.6,242.0,1006.0,0,802,Clouds,scattered clouds,03n
2025-07-23 18:53:45,Kien Giang-Rach Gia,Rach Gia,27.86,27.86,27.86,83.0,32.2,10000.0,0.0,31.0,6.47,9.6,242.0,1006.0,0,802,Clouds,scattered clouds,03n
2025-07-23 18:57:36,Kien Giang-Rach Gia,Rach Gia,27.86,27.86,27.86,83.0,32.2,10000.0,0.0,31.0,6.47,9.6,242.0,1006.0,0,802,Clouds,scattered clouds,03n
2025-07-23 19:01:29,Kien Giang-Rach Gia,Rach Gia,27.86,27.86,27.86,83.0,32.2,10000.0,0.0,31.0,6.47,9.6,242.0,1006.0,0,802,Clouds,scattered clouds,03n
2025-07-23 19:05:15,Kien Giang-Rach Gia,Rach Gia,27.86,27.86,27.86,83.0,32.2,10000.0,0.0,31.0,6.47,9.6,242.0,1006.0,0,802,Clouds,scattered clouds,03n
2025-07-23 19:09:01,Kien Giang-Rach Gia,Rach Gia,27.86,27.86,27.86,83.0,32.2,10000.0,0.0,31.0,6.47,9.6,242.0,1006.0,0,802,Clouds,scattered clouds,03n
2025-07-23 19:12:47,Kien Giang-Rach Gia,Rach Gia,27.86,27.86,27.86,83.0,32.2,10000.0,0.0,31.0,6.47,9.6,242.0,1006.0,0,802,Clouds,scattered clouds,03n
2025-07-23 19:16:33,Kien Giang-Rach Gia,Rach Gia,27.86,27.86,27.86,83.0,32.2,10000.0,0.0,31.0,6.47,9.6,242.0,1006.0,0,802,Clouds,scattered clouds,03n
2025-07-23 19:20:19,Kien Giang-Rach Gia,Rach Gia,27.86,27.86,27.86,83.0,32.2,10000.0,0.0,31.0,6.47,9.6,242.0,1006.0,0,802,Clouds,scattered clouds,03n
2025-07-23 19:24:06,Kien Giang-Rach Gia,Rach Gia,28.25,28.25,28.25,82.0,33.08,10000.0,0.0,31.0,6.47,9.6,242.0,1005.0,0,802,Clouds,scattered clouds,03n
2025-07-23 19:27:52,Kien Giang-Rach Gia,Rach Gia,28.25,28.25,28.25,82.0,33.08,10000.0,0.0,31.0,6.47,9.6,242.0,1005.0,0,802,Clouds,scattered clouds,03n
2025-07-23 19:31:39,Kien Giang-Rach Gia,Rach Gia,28.25,28.25,28.25,82.0,33.08,10000.0,0.0,31.0,6.47,9.6,242.0,1005.0,0,802,Clouds,scattered clouds,03n
2025-07-23 19:35:27,Kien Giang-Rach Gia,Rach Gia,28.14,28.14,28.14,82.0,32.78,10000.0,0.0,18.0,6.34,9.29,248.0,1006.0,0,801,Clouds,few clouds,02n
2025-07-23 19:39:14,Kien Giang-Rach Gia,Rach Gia,28.14,28.14,28.14,82.0,32.78,10000.0,0.0,18.0,6.34,9.29,248.0,1006.0,0,801,Clouds,few clouds,02n
2025-07-23 19:43:01,Kien Giang-Rach Gia,Rach Gia,28.14,28.14,28.14,82.0,32.78,10000.0,0.0,18.0,6.34,9.29,248.0,1006.0,0,801,Clouds,few clouds,02n
2025-07-23 19:46:47,Kien Giang-Rach Gia,Rach Gia,28.14,28.14,28.14,82.0,32.78,10000.0,0.0,18.0,6.34,9.29,248.0,1006.0,0,801,Clouds,few clouds,02n
2025-07-23 19:50:34,Kien Giang-Rach Gia,Rach Gia,28.14,28.14,28.14,82.0,32.78,10000.0,0.0,18.0,6.34,9.29,248.0,1006.0,0,801,Clouds,few clouds,02n
2025-07-23 19:54:20,Kien Giang-Rach Gia,Rach Gia,28.14,28.14,28.14,82.0,32.78,10000.0,0.0,18.0,6.34,9.29,248.0,1006.0,0,801,Clouds,few clouds,02n
2025-07-23 19:58:07,Kien Giang-Rach Gia,Rach Gia,28.14,28.14,28.14,82.0,32.78,10000.0,0.0,18.0,6.34,9.29,248.0,1006.0,0,801,Clouds,few clouds,02n
2025-07-23 20:01:54,Kien Giang-Rach Gia,Rach Gia,28.16,28.16,28.16,82.0,32.84,10000.0,0.0,18.0,6.34,9.29,248.0,1006.0,0,801,Clouds,few clouds,02n
2025-07-23 20:05:41,Kien Giang-Rach Gia,Rach Gia,28.16,28.16,28.16,82.0,32.84,10000.0,0.0,18.0,6.34,9.29,248.0,1006.0,0,801,Clouds,few clouds,02n
2025-07-23 20:09:26,Kien Giang-Rach Gia,Rach Gia,28.16,28.16,28.16,82.0,32.84,10000.0,0.0,18.0,6.34,9.29,248.0,1006.0,0,801,Clouds,few clouds,02n
2025-07-23 20:13:18,Kien Giang-Rach Gia,Rach Gia,28.16,28.16,28.16,82.0,32.84,10000.0,0.0,18.0,6.34,9.29,248.0,1006.0,0,801,Clouds,few clouds,02n
2025-07-23 20:17:12,Kien Giang-Rach Gia,Rach Gia,28.16,28.16,28.16,82.0,32.84,10000.0,0.0,18.0,6.34,9.29,248.0,1006.0,0,801,Clouds,few clouds,02n
2025-07-23 20:21:00,Kien Giang-Rach Gia,Rach Gia,28.16,28.16,28.16,82.0,32.84,10000.0,0.0,18.0,6.34,9.29,248.0,1006.0,0,801,Clouds,few clouds,02n
2025-07-23 20:24:46,Kien Giang-Rach Gia,Rach Gia,28.16,28.16,28.16,82.0,32.84,10000.0,0.0,18.0,6.34,9.29,248.0,1006.0,0,801,Clouds,few clouds,02n
2025-07-23 20:28:31,Kien Giang-Rach Gia,Rach Gia,28.16,28.16,28.16,82.0,32.84,10000.0,0.0,18.0,6.34,9.29,248.0,1006.0,0,801,Clouds,few clouds,02n
2025-07-23 20:32:17,Kien Giang-Rach Gia,Rach Gia,28.08,28.08,28.08,81.0,32.46,10000.0,0.0,38.0,5.71,8.64,245.0,1007.0,0,802,Clouds,scattered clouds,03n
2025-07-23 20:36:05,Kien Giang-Rach Gia,Rach Gia,28.08,28.08,28.08,81.0,32.46,10000.0,0.0,38.0,5.71,8.64,245.0,1007.0,0,802,Clouds,scattered clouds,03n
2025-07-23 20:39:55,Kien Giang-Rach Gia,Rach Gia,28.08,28.08,28.08,81.0,32.46,10000.0,0.0,38.0,5.71,8.64,245.0,1007.0,0,802,Clouds,scattered clouds,03n
2025-07-23 20:43:50,Kien Giang-Rach Gia,Rach Gia,28.08,28.08,28.08,81.0,32.46,10000.0,0.0,38.0,5.71,8.64,245.0,1007.0,0,802,Clouds,scattered clouds,03n
2025-07-23 20:47:46,Kien Giang-Rach Gia,Rach Gia,28.03,28.03,28.03,81.0,32.33,10000.0,0.0,38.0,5.71,8.64,245.0,1007.0,0,802,Clouds,scattered clouds,03n
2025-07-23 20:51:40,Kien Giang-Rach Gia,Rach Gia,28.03,28.03,28.03,81.0,32.33,10000.0,0.0,38.0,5.71,8.64,245.0,1007.0,0,802,Clouds,scattered clouds,03n
2025-07-23 20:55:34,Kien Giang-Rach Gia,Rach Gia,28.03,28.03,28.03,81.0,32.33,10000.0,0.0,38.0,5.71,8.64,245.0,1007.0,0,802,Clouds,scattered clouds,03n
2025-07-23 20:59:26,Kien Giang-Rach Gia,Rach Gia,28.03,28.03,28.03,81.0,32.33,10000.0,0.0,38.0,5.71,8.64,245.0,1007.0,0,802,Clouds,scattered clouds,03n
2025-07-23 21:03:19,Kien Giang-Rach Gia,Rach Gia,28.01,28.01,28.01,81.0,32.28,10000.0,0.0,38.0,5.71,8.64,245.0,1007.0,0,802,Clouds,scattered clouds,03n
2025-07-23 21:07:14,Kien Giang-Rach Gia,Rach Gia,28.01,28.01,28.01,81.0,32.28,10000.0,0.0,38.0,5.71,8.64,245.0,1007.0,0,802,Clouds,scattered clouds,03n
2025-07-23 21:11:08,Kien Giang-Rach Gia,Rach Gia,28.01,28.01,28.01,81.0,32.28,10000.0,0.0,38.0,5.71,8.64,245.0,1007.0,0,802,Clouds,scattered clouds,03n
2025-07-23 21:15:02,Kien Giang-Rach Gia,Rach Gia,28.01,28.01,28.01,81.0,32.28,10000.0,0.0,38.0,5.71,8.64,245.0,1007.0,0,802,Clouds,scattered clouds,03n
2025-07-23 21:18:59,Kien Giang-Rach Gia,Rach Gia,28.01,28.01,28.01,81.0,32.28,10000.0,0.0,38.0,5.71,8.64,245.0,1007.0,0,802,Clouds,scattered clouds,03n
2025-07-23 21:22:54,Kien Giang-Rach Gia,Rach Gia,28.01,28.01,28.01,81.0,32.28,10000.0,0.0,38.0,5.71,8.64,245.0,1007.0,0,802,Clouds,scattered clouds,03n
2025-07-23 21:26:48,Kien Giang-Rach Gia,Rach Gia,28.01,28.01,28.01,81.0,32.28,10000.0,0.0,38.0,5.71,8.64,245.0,1007.0,0,802,Clouds,scattered clouds,03n
2025-07-23 21:30:37,Kien Giang-Rach Gia,Rach Gia,28.01,28.01,28.01,81.0,32.28,10000.0,0.0,38.0,5.71,8.64,245.0,1007.0,0,802,Clouds,scattered clouds,03n
2025-07-23 21:34:23,Kien Giang-Rach Gia,Rach Gia,28.03,28.03,28.03,82.0,32.49,10000.0,0.0,27.0,5.64,8.69,251.0,1008.0,0,802,Clouds,scattered clouds,03n
2025-07-23 21:38:10,Kien Giang-Rach Gia,Rach Gia,28.03,28.03,28.03,82.0,32.49,10000.0,0.0,27.0,5.64,8.69,251.0,1008.0,0,802,Clouds,scattered clouds,03n
2025-07-23 21:41:57,Kien Giang-Rach Gia,Rach Gia,28.03,28.03,28.03,82.0,32.49,10000.0,0.0,27.0,5.64,8.69,251.0,1008.0,0,802,Clouds,scattered clouds,03n
2025-07-23 21:45:43,Kien Giang-Rach Gia,Rach Gia,28.03,28.03,28.03,82.0,32.49,10000.0,0.0,27.0,5.64,8.69,251.0,1008.0,0,802,Clouds,scattered clouds,03n
2025-07-23 21:49:29,Kien Giang-Rach Gia,Rach Gia,28.03,28.03,28.03,82.0,32.49,10000.0,0.0,27.0,5.64,8.69,251.0,1008.0,0,802,Clouds,scattered clouds,03n
2025-07-23 21:53:16,Kien Giang-Rach Gia,Rach Gia,28.03,28.03,28.03,82.0,32.49,10000.0,0.0,27.0,5.64,8.69,251.0,1008.0,0,802,Clouds,scattered clouds,03n
2025-07-23 21:57:03,Kien Giang-Rach Gia,Rach Gia,28.03,28.03,28.03,82.0,32.49,10000.0,0.0,27.0,5.64,8.69,251.0,1008.0,0,802,Clouds,scattered clouds,03n
2025-07-23 22:00:49,Kien Giang-Rach Gia,Rach Gia,28.03,28.03,28.03,82.0,32.49,10000.0,0.0,27.0,5.64,8.69,251.0,1008.0,0,802,Clouds,scattered clouds,03n
2025-07-23 22:04:35,Kien Giang-Rach Gia,Rach Gia,28.03,28.03,28.03,82.0,32.49,10000.0,0.0,27.0,5.64,8.69,251.0,1008.0,0,802,Clouds,scattered clouds,03n
2025-07-23 22:08:22,Kien Giang-Rach Gia,Rach Gia,28.02,28.02,28.02,82.0,32.46,10000.0,0.0,27.0,5.64,8.69,251.0,1008.0,0,802,Clouds,scattered clouds,03n
2025-07-23 22:12:11,Kien Giang-Rach Gia,Rach Gia,28.02,28.02,28.02,82.0,32.46,10000.0,0.0,27.0,5.64,8.69,251.0,1008.0,0,802,Clouds,scattered clouds,03n
2025-07-23 22:15:57,Kien Giang-Rach Gia,Rach Gia,28.02,28.02,28.02,82.0,32.46,10000.0,0.0,27.0,5.64,8.69,251.0,1008.0,0,802,Clouds,scattered clouds,03n
2025-07-23 22:19:43,Kien Giang-Rach Gia,Rach Gia,28.02,28.02,28.02,82.0,32.46,10000.0,0.0,27.0,5.64,8.69,251.0,1008.0,0,802,Clouds,scattered clouds,03n
2025-07-23 22:23:29,Kien Giang-Rach Gia,Rach Gia,28.02,28.02,28.02,82.0,32.46,10000.0,0.0,27.0,5.64,8.69,251.0,1008.0,0,802,Clouds,scattered clouds,03n
2025-07-23 22:27:15,Kien Giang-Rach Gia,Rach Gia,28.02,28.02,28.02,82.0,32.46,10000.0,0.0,27.0,5.64,8.69,251.0,1008.0,0,802,Clouds,scattered clouds,03n
2025-07-23 22:31:02,Kien Giang-Rach Gia,Rach Gia,28.02,28.02,28.02,82.0,32.46,10000.0,0.0,27.0,5.64,8.69,251.0,1008.0,0,802,Clouds,scattered clouds,03n
2025-07-23 22:34:48,Kien Giang-Rach Gia,Rach Gia,28.02,28.02,28.02,82.0,32.46,10000.0,0.0,27.0,5.64,8.69,251.0,1008.0,0,802,Clouds,scattered clouds,03n
2025-07-23 22:38:34,Kien Giang-Rach Gia,Rach Gia,28.04,28.04,28.04,81.0,32.36,10000.0,0.0,24.0,5.48,8.54,255.0,1008.0,0,801,Clouds,few clouds,02n
2025-07-23 22:42:20,Kien Giang-Rach Gia,Rach Gia,28.04,28.04,28.04,81.0,32.36,10000.0,0.0,24.0,5.48,8.54,255.0,1008.0,0,801,Clouds,few clouds,02n
2025-07-23 22:46:07,Kien Giang-Rach Gia,Rach Gia,28.04,28.04,28.04,81.0,32.36,10000.0,0.0,24.0,5.48,8.54,255.0,1008.0,0,801,Clouds,few clouds,02n
2025-07-23 22:49:54,Kien Giang-Rach Gia,Rach Gia,28.05,28.05,28.05,81.0,32.38,10000.0,0.0,24.0,5.48,8.54,255.0,1008.0,0,801,Clouds,few clouds,02n
2025-07-23 22:53:41,Kien Giang-Rach Gia,Rach Gia,28.05,28.05,28.05,81.0,32.38,10000.0,0.0,24.0,5.48,8.54,255.0,1008.0,0,801,Clouds,few clouds,02n
2025-07-23 22:57:27,Kien Giang-Rach Gia,Rach Gia,28.05,28.05,28.05,81.0,32.38,10000.0,0.0,24.0,5.48,8.54,255.0,1008.0,0,801,Clouds,few clouds,02n
2025-07-23 23:01:13,Kien Giang-Rach Gia,Rach Gia,28.03,28.03,28.03,82.0,32.49,10000.0,0.0,24.0,5.48,8.54,255.0,1008.0,0,801,Clouds,few clouds,02n
2025-07-23 23:04:59,Kien Giang-Rach Gia,Rach Gia,28.05,28.05,28.05,81.0,32.38,10000.0,0.0,24.0,5.48,8.54,255.0,1008.0,0,801,Clouds,few clouds,02n
2025-07-23 23:08:45,Kien Giang-Rach Gia,Rach Gia,28.03,28.03,28.03,82.0,32.49,10000.0,0.0,24.0,5.48,8.54,255.0,1008.0,0,801,Clouds,few clouds,02n
2025-07-23 23:12:32,Kien Giang-Rach Gia,Rach Gia,28.03,28.03,28.03,82.0,32.49,10000.0,0.0,24.0,5.48,8.54,255.0,1008.0,0,801,Clouds,few clouds,02n
2025-07-23 23:16:18,Kien Giang-Rach Gia,Rach Gia,28.03,28.03,28.03,82.0,32.49,10000.0,0.0,24.0,5.48,8.54,255.0,1008.0,0,801,Clouds,few clouds,02n
2025-07-23 23:20:04,Kien Giang-Rach Gia,Rach Gia,28.03,28.03,28.03,82.0,32.49,10000.0,0.0,24.0,5.48,8.54,255.0,1008.0,0,801,Clouds,few clouds,02n
2025-07-23 23:23:50,Kien Giang-Rach Gia,Rach Gia,28.03,28.03,28.03,82.0,32.49,10000.0,0.0,24.0,5.48,8.54,255.0,1008.0,0,801,Clouds,few clouds,02n
2025-07-23 23:27:37,Kien Giang-Rach Gia,Rach Gia,28.03,28.03,28.03,82.0,32.49,10000.0,0.0,24.0,5.48,8.54,255.0,1008.0,0,801,Clouds,few clouds,02n
2025-07-23 23:31:25,Kien Giang-Rach Gia,Rach Gia,27.84,27.84,27.84,81.0,31.85,10000.0,0.0,26.0,5.53,8.96,254.0,1008.0,0,802,Clouds,scattered clouds,03n
2025-07-23 23:35:11,Kien Giang-Rach Gia,Rach Gia,27.84,27.84,27.84,81.0,31.85,10000.0,0.0,26.0,5.53,8.96,254.0,1008.0,0,802,Clouds,scattered clouds,03n
2025-07-23 23:38:57,Kien Giang-Rach Gia,Rach Gia,27.84,27.84,27.84,81.0,31.85,10000.0,0.0,26.0,5.53,8.96,254.0,1008.0,0,802,Clouds,scattered clouds,03n
2025-07-23 23:42:44,Kien Giang-Rach Gia,Rach Gia,27.84,27.84,27.84,81.0,31.85,10000.0,0.0,26.0,5.53,8.96,254.0,1008.0,0,802,Clouds,scattered clouds,03n
2025-07-23 23:46:30,Kien Giang-Rach Gia,Rach Gia,27.84,27.84,27.84,81.0,31.85,10000.0,0.0,26.0,5.53,8.96,254.0,1008.0,0,802,Clouds,scattered clouds,03n
2025-07-23 23:50:17,Kien Giang-Rach Gia,Rach Gia,27.84,27.84,27.84,81.0,31.85,10000.0,0.0,26.0,5.53,8.96,254.0,1008.0,0,802,Clouds,scattered clouds,03n
2025-07-23 23:54:06,Kien Giang-Rach Gia,Rach Gia,27.84,27.84,27.84,81.0,31.85,10000.0,0.0,26.0,5.53,8.96,254.0,1008.0,0,802,Clouds,scattered clouds,03n
2025-07-23 23:57:54,Kien Giang-Rach Gia,Rach Gia,27.84,27.84,27.84,81.0,31.85,10000.0,0.0,26.0,5.53,8.96,254.0,1008.0,0,802,Clouds,scattered clouds,03n
2025-07-24 00:01:40,Kien Giang-Rach Gia,Rach Gia,27.83,27.83,27.83,82.0,31.97,10000.0,0.0,26.0,5.53,8.96,254.0,1008.0,0,802,Clouds,scattered clouds,03n
2025-07-24 00:05:32,Kien Giang-Rach Gia,Rach Gia,27.83,27.83,27.83,82.0,31.97,10000.0,0.0,26.0,5.53,8.96,254.0,1008.0,0,802,Clouds,scattered clouds,03n
2025-07-24 00:09:19,Kien Giang-Rach Gia,Rach Gia,27.83,27.83,27.83,82.0,31.97,10000.0,0.0,26.0,5.53,8.96,254.0,1008.0,0,802,Clouds,scattered clouds,03n
2025-07-24 00:13:05,Kien Giang-Rach Gia,Rach Gia,27.83,27.83,27.83,82.0,31.97,10000.0,0.0,26.0,5.53,8.96,254.0,1008.0,0,802,Clouds,scattered clouds,03n
2025-07-24 00:16:51,Kien Giang-Rach Gia,Rach Gia,27.83,27.83,27.83,82.0,31.97,10000.0,0.0,26.0,5.53,8.96,254.0,1008.0,0,802,Clouds,scattered clouds,03n
2025-07-24 00:20:37,Kien Giang-Rach Gia,Rach Gia,27.83,27.83,27.83,82.0,31.97,10000.0,0.0,26.0,5.53,8.96,254.0,1008.0,0,802,Clouds,scattered clouds,03n
2025-07-24 00:24:23,Kien Giang-Rach Gia,Rach Gia,27.83,27.83,27.83,82.0,31.97,10000.0,0.0,26.0,5.53,8.96,254.0,1008.0,0,802,Clouds,scattered clouds,03n
2025-07-24 00:28:09,Kien Giang-Rach Gia,Rach Gia,27.83,27.83,27.83,82.0,31.97,10000.0,0.0,26.0,5.53,8.96,254.0,1008.0,0,802,Clouds,scattered clouds,03n
2025-07-24 00:31:55,Kien Giang-Rach Gia,Rach Gia,27.83,27.83,27.83,82.0,31.97,10000.0,0.0,26.0,5.53,8.96,254.0,1008.0,0,802,Clouds,scattered clouds,03n
2025-07-24 00:35:40,Kien Giang-Rach Gia,Rach Gia,27.83,27.83,27.83,82.0,31.97,10000.0,0.0,26.0,5.53,8.96,254.0,1008.0,0,802,Clouds,scattered clouds,03n
2025-07-24 00:40:21,Kien Giang-Rach Gia,Rach Gia,27.99,27.99,27.99,81.0,32.23,7799.0,0.0,30.0,6.59,11.03,255.0,1007.0,0,802,Clouds,scattered clouds,03n
2025-07-24 00:44:09,Kien Giang-Rach Gia,Rach Gia,27.99,27.99,27.99,81.0,32.23,7799.0,0.0,30.0,6.59,11.03,255.0,1007.0,0,802,Clouds,scattered clouds,03n
2025-07-24 00:47:55,Kien Giang-Rach Gia,Rach Gia,27.99,27.99,27.99,81.0,32.23,7799.0,0.0,30.0,6.59,11.03,255.0,1007.0,0,802,Clouds,scattered clouds,03n
2025-07-24 00:51:42,Kien Giang-Rach Gia,Rach Gia,27.99,27.99,27.99,81.0,32.23,7799.0,0.0,30.0,6.59,11.03,255.0,1007.0,0,802,Clouds,scattered clouds,03n
2025-07-24 00:55:27,Kien Giang-Rach Gia,Rach Gia,27.99,27.99,27.99,81.0,32.23,7799.0,0.0,30.0,6.59,11.03,255.0,1007.0,0,802,Clouds,scattered clouds,03n
2025-07-24 00:59:14,Kien Giang-Rach Gia,Rach Gia,27.99,27.99,27.99,81.0,32.23,7799.0,0.0,30.0,6.59,11.03,255.0,1007.0,0,802,Clouds,scattered clouds,03n
2025-07-24 01:02:59,Kien Giang-Rach Gia,Rach Gia,27.99,27.99,27.99,81.0,32.23,7799.0,0.0,30.0,6.59,11.03,255.0,1007.0,0,802,Clouds,scattered clouds,03n
2025-07-24 01:06:45,Kien Giang-Rach Gia,Rach Gia,27.99,27.99,27.99,81.0,32.23,7799.0,0.0,30.0,6.59,11.03,255.0,1007.0,0,802,Clouds,scattered clouds,03n
2025-07-24 01:10:39,Kien Giang-Rach Gia,Rach Gia,27.99,27.99,27.99,81.0,32.23,7799.0,1.06,30.0,6.59,11.03,255.0,1007.0,0,501,Rain,moderate rain,10n
2025-07-24 01:14:26,Kien Giang-Rach Gia,Rach Gia,27.99,27.99,27.99,81.0,32.23,7799.0,0.0,30.0,6.59,11.03,255.0,1007.0,0,802,Clouds,scattered clouds,03n
2025-07-24 01:18:12,Kien Giang-Rach Gia,Rach Gia,27.99,27.99,27.99,81.0,32.23,7799.0,0.0,30.0,6.59,11.03,255.0,1007.0,0,802,Clouds,scattered clouds,03n
2025-07-24 01:21:59,Kien Giang-Rach Gia,Rach Gia,27.99,27.99,27.99,81.0,32.23,7799.0,0.0,30.0,6.59,11.03,255.0,1007.0,0,802,Clouds,scattered clouds,03n
2025-07-24 01:25:45,Kien Giang-Rach Gia,Rach Gia,27.99,27.99,27.99,81.0,32.23,7799.0,0.0,30.0,6.59,11.03,255.0,1007.0,0,802,Clouds,scattered clouds,03n
2025-07-24 01:29:31,Kien Giang-Rach Gia,Rach Gia,27.99,27.99,27.99,81.0,32.23,7799.0,0.0,30.0,6.59,11.03,255.0,1007.0,0,802,Clouds,scattered clouds,03n
2025-07-24 01:33:17,Kien Giang-Rach Gia,Rach Gia,27.99,27.99,27.99,81.0,32.23,7799.0,0.0,30.0,6.59,11.03,255.0,1007.0,0,802,Clouds,scattered clouds,03n
2025-07-24 01:37:03,Kien Giang-Rach Gia,Rach Gia,27.86,27.86,27.86,81.0,31.9,10000.0,0.0,86.0,6.3,11.23,259.0,1006.0,0,804,Clouds,overcast clouds,04n
2025-07-24 01:40:50,Kien Giang-Rach Gia,Rach Gia,27.86,27.86,27.86,81.0,31.9,10000.0,0.0,86.0,6.3,11.23,259.0,1006.0,0,804,Clouds,overcast clouds,04n
2025-07-24 01:44:35,Kien Giang-Rach Gia,Rach Gia,27.86,27.86,27.86,81.0,31.9,10000.0,0.0,86.0,6.3,11.23,259.0,1006.0,0,804,Clouds,overcast clouds,04n
2025-07-24 01:48:21,Kien Giang-Rach Gia,Rach Gia,27.76,27.76,27.76,82.0,31.79,10000.0,0.0,86.0,6.3,11.23,259.0,1006.0,0,804,Clouds,overcast clouds,04n
2025-07-24 01:52:08,Kien Giang-Rach Gia,Rach Gia,27.76,27.76,27.76,82.0,31.79,10000.0,0.0,86.0,6.3,11.23,259.0,1006.0,0,804,Clouds,overcast clouds,04n
2025-07-24 01:55:54,Kien Giang-Rach Gia,Rach Gia,27.76,27.76,27.76,82.0,31.79,10000.0,0.0,86.0,6.3,11.23,259.0,1006.0,0,804,Clouds,overcast clouds,04n
2025-07-24 01:59:40,Kien Giang-Rach Gia,Rach Gia,27.76,27.76,27.76,82.0,31.79,10000.0,0.0,86.0,6.3,11.23,259.0,1006.0,0,804,Clouds,overcast clouds,04n
2025-07-24 02:03:26,Kien Giang-Rach Gia,Rach Gia,27.74,27.74,27.74,82.0,31.74,10000.0,0.0,86.0,6.3,11.23,259.0,1006.0,0,804,Clouds,overcast clouds,04n
2025-07-24 02:07:12,Kien Giang-Rach Gia,Rach Gia,27.74,27.74,27.74,82.0,31.74,10000.0,0.0,86.0,6.3,11.23,259.0,1006.0,0,804,Clouds,overcast clouds,04n
2025-07-24 02:10:58,Kien Giang-Rach Gia,Rach Gia,27.74,27.74,27.74,82.0,31.74,10000.0,0.0,86.0,6.3,11.23,259.0,1006.0,0,804,Clouds,overcast clouds,04n
2025-07-24 02:14:45,Kien Giang-Rach Gia,Rach Gia,27.74,27.74,27.74,82.0,31.74,10000.0,0.0,86.0,6.3,11.23,259.0,1006.0,0,804,Clouds,overcast clouds,04n
2025-07-24 02:18:32,Kien Giang-Rach Gia,Rach Gia,27.74,27.74,27.74,82.0,31.74,10000.0,0.0,86.0,6.3,11.23,259.0,1006.0,0,804,Clouds,overcast clouds,04n
2025-07-24 02:22:18,Kien Giang-Rach Gia,Rach Gia,27.74,27.74,27.74,82.0,31.74,10000.0,0.0,86.0,6.3,11.23,259.0,1006.0,0,804,Clouds,overcast clouds,04n
2025-07-24 02:26:09,Kien Giang-Rach Gia,Rach Gia,27.74,27.74,27.74,82.0,31.74,10000.0,0.0,86.0,6.3,11.23,259.0,1006.0,0,804,Clouds,overcast clouds,04n
2025-07-24 02:29:57,Kien Giang-Rach Gia,Rach Gia,27.74,27.74,27.74,82.0,31.74,10000.0,0.0,86.0,6.3,11.23,259.0,1006.0,0,804,Clouds,overcast clouds,04n
2025-07-24 02:33:46,Kien Giang-Rach Gia,Rach Gia,27.83,27.83,27.83,81.0,31.82,10000.0,0.0,93.0,6.17,10.77,263.0,1006.0,0,804,Clouds,overcast clouds,04n
2025-07-24 02:37:38,Kien Giang-Rach Gia,Rach Gia,27.74,27.74,27.74,82.0,31.74,10000.0,0.0,86.0,6.3,11.23,259.0,1006.0,0,804,Clouds,overcast clouds,04n
2025-07-24 02:41:27,Kien Giang-Rach Gia,Rach Gia,27.83,27.83,27.83,81.0,31.82,10000.0,0.0,93.0,6.17,10.77,263.0,1006.0,0,804,Clouds,overcast clouds,04n
2025-07-24 02:45:13,Kien Giang-Rach Gia,Rach Gia,27.83,27.83,27.83,81.0,31.82,10000.0,0.0,93.0,6.17,10.77,263.0,1006.0,0,804,Clouds,overcast clouds,04n
2025-07-24 02:49:00,Kien Giang-Rach Gia,Rach Gia,27.83,27.83,27.83,81.0,31.82,10000.0,0.0,93.0,6.17,10.77,263.0,1006.0,0,804,Clouds,overcast clouds,04n
2025-07-24 02:52:47,Kien Giang-Rach Gia,Rach Gia,27.83,27.83,27.83,81.0,31.82,10000.0,0.0,93.0,6.17,10.77,263.0,1006.0,0,804,Clouds,overcast clouds,04n
2025-07-24 02:56:33,Kien Giang-Rach Gia,Rach Gia,27.83,27.83,27.83,81.0,31.82,10000.0,0.0,93.0,6.17,10.77,263.0,1006.0,0,804,Clouds,overcast clouds,04n
2025-07-24 03:00:20,Kien Giang-Rach Gia,Rach Gia,27.83,27.83,27.83,81.0,31.82,10000.0,0.0,93.0,6.17,10.77,263.0,1006.0,0,804,Clouds,overcast clouds,04n
2025-07-24 03:04:07,Kien Giang-Rach Gia,Rach Gia,27.83,27.83,27.83,81.0,31.82,10000.0,0.0,93.0,6.17,10.77,263.0,1006.0,0,804,Clouds,overcast clouds,04n
2025-07-24 03:07:53,Kien Giang-Rach Gia,Rach Gia,27.82,27.82,27.82,82.0,31.94,10000.0,0.0,93.0,6.17,10.77,263.0,1006.0,0,804,Clouds,overcast clouds,04n
2025-07-24 03:11:42,Kien Giang-Rach Gia,Rach Gia,27.82,27.82,27.82,82.0,31.94,10000.0,0.0,93.0,6.17,10.77,263.0,1006.0,0,804,Clouds,overcast clouds,04n
2025-07-24 03:15:29,Kien Giang-Rach Gia,Rach Gia,27.82,27.82,27.82,82.0,31.94,10000.0,0.0,93.0,6.17,10.77,263.0,1006.0,0,804,Clouds,overcast clouds,04n
2025-07-24 03:19:15,Kien Giang-Rach Gia,Rach Gia,27.82,27.82,27.82,82.0,31.94,10000.0,0.0,93.0,6.17,10.77,263.0,1006.0,0,804,Clouds,overcast clouds,04n
2025-07-24 03:23:00,Kien Giang-Rach Gia,Rach Gia,27.82,27.82,27.82,82.0,31.94,10000.0,0.0,93.0,6.17,10.77,263.0,1006.0,0,804,Clouds,overcast clouds,04n
2025-07-24 03:26:47,Kien Giang-Rach Gia,Rach Gia,27.82,27.82,27.82,82.0,31.94,10000.0,0.0,93.0,6.17,10.77,263.0,1006.0,0,804,Clouds,overcast clouds,04n
2025-07-24 03:30:34,Kien Giang-Rach Gia,Rach Gia,27.82,27.82,27.82,82.0,31.94,10000.0,0.0,93.0,6.17,10.77,263.0,1006.0,0,804,Clouds,overcast clouds,04n
2025-07-24 03:34:20,Kien Giang-Rach Gia,Rach Gia,27.82,27.82,27.82,82.0,31.94,10000.0,0.0,93.0,6.17,10.77,263.0,1006.0,0,804,Clouds,overcast clouds,04n
2025-07-24 03:38:08,Kien Giang-Rach Gia,Rach Gia,27.92,27.92,27.92,82.0,32.2,10000.0,0.0,95.0,6.43,11.02,272.0,1006.0,0,804,Clouds,overcast clouds,04n
2025-07-24 03:41:55,Kien Giang-Rach Gia,Rach Gia,27.92,27.92,27.92,82.0,32.2,10000.0,0.0,95.0,6.43,11.02,272.0,1006.0,0,804,Clouds,overcast clouds,04n
2025-07-24 03:45:41,Kien Giang-Rach Gia,Rach Gia,27.92,27.92,27.92,82.0,32.2,10000.0,0.0,95.0,6.43,11.02,272.0,1006.0,0,804,Clouds,overcast clouds,04n
2025-07-24 03:49:27,Kien Giang-Rach Gia,Rach Gia,27.93,27.93,27.93,82.0,32.23,10000.0,0.0,95.0,6.43,11.02,272.0,1006.0,0,804,Clouds,overcast clouds,04n
2025-07-24 03:53:13,Kien Giang-Rach Gia,Rach Gia,27.93,27.93,27.93,82.0,32.23,10000.0,0.0,95.0,6.43,11.02,272.0,1006.0,0,804,Clouds,overcast clouds,04n
2025-07-24 03:56:59,Kien Giang-Rach Gia,Rach Gia,27.93,27.93,27.93,82.0,32.23,10000.0,0.0,95.0,6.43,11.02,272.0,1006.0,0,804,Clouds,overcast clouds,04n
2025-07-24 04:00:45,Kien Giang-Rach Gia,Rach Gia,27.93,27.93,27.93,82.0,32.23,10000.0,0.0,95.0,6.43,11.02,272.0,1006.0,0,804,Clouds,overcast clouds,04n
2025-07-24 04:04:30,Kien Giang-Rach Gia,Rach Gia,27.93,27.93,27.93,82.0,32.23,10000.0,0.0,95.0,6.43,11.02,272.0,1006.0,0,804,Clouds,overcast clouds,04n
2025-07-24 04:08:17,Kien Giang-Rach Gia,Rach Gia,27.91,27.91,27.91,82.0,32.18,10000.0,0.0,95.0,6.43,11.02,272.0,1006.0,0,804,Clouds,overcast clouds,04n
2025-07-24 04:12:03,Kien Giang-Rach Gia,Rach Gia,27.91,27.91,27.91,82.0,32.18,10000.0,0.0,95.0,6.43,11.02,272.0,1006.0,0,804,Clouds,overcast clouds,04n
2025-07-24 04:15:50,Kien Giang-Rach Gia,Rach Gia,27.91,27.91,27.91,82.0,32.18,10000.0,0.0,95.0,6.43,11.02,272.0,1006.0,0,804,Clouds,overcast clouds,04n
2025-07-24 04:19:36,Kien Giang-Rach Gia,Rach Gia,27.91,27.91,27.91,82.0,32.18,10000.0,0.0,95.0,6.43,11.02,272.0,1006.0,0,804,Clouds,overcast clouds,04n
2025-07-24 04:23:22,Kien Giang-Rach Gia,Rach Gia,27.91,27.91,27.91,82.0,32.18,10000.0,0.0,95.0,6.43,11.02,272.0,1006.0,0,804,Clouds,overcast clouds,04n
2025-07-24 04:27:08,Kien Giang-Rach Gia,Rach Gia,27.91,27.91,27.91,82.0,32.18,10000.0,0.0,95.0,6.43,11.02,272.0,1006.0,0,804,Clouds,overcast clouds,04n
2025-07-24 04:30:54,Kien Giang-Rach Gia,Rach Gia,27.91,27.91,27.91,82.0,32.18,10000.0,0.0,95.0,6.43,11.02,272.0,1006.0,0,804,Clouds,overcast clouds,04n
2025-07-24 04:34:40,Kien Giang-Rach Gia,Rach Gia,27.93,27.93,27.93,83.0,32.38,10000.0,0.0,99.0,6.35,11.4,277.0,1006.0,0,804,Clouds,overcast clouds,04n
2025-07-24 04:38:26,Kien Giang-Rach Gia,Rach Gia,27.93,27.93,27.93,83.0,32.38,10000.0,0.0,99.0,6.35,11.4,277.0,1006.0,0,804,Clouds,overcast clouds,04n
2025-07-24 04:42:12,Kien Giang-Rach Gia,Rach Gia,27.93,27.93,27.93,83.0,32.38,10000.0,0.0,99.0,6.35,11.4,277.0,1006.0,0,804,Clouds,overcast clouds,04n
2025-07-24 04:45:58,Kien Giang-Rach Gia,Rach Gia,27.93,27.93,27.93,83.0,32.38,10000.0,0.0,99.0,6.35,11.4,277.0,1006.0,0,804,Clouds,overcast clouds,04n
2025-07-24 04:49:44,Kien Giang-Rach Gia,Rach Gia,27.93,27.93,27.93,83.0,32.38,10000.0,0.0,99.0,6.35,11.4,277.0,1006.0,0,804,Clouds,overcast clouds,04n
2025-07-24 04:53:29,Kien Giang-Rach Gia,Rach Gia,27.93,27.93,27.93,83.0,32.38,10000.0,0.0,99.0,6.35,11.4,277.0,1006.0,0,804,Clouds,overcast clouds,04n
2025-07-24 04:57:16,Kien Giang-Rach Gia,Rach Gia,27.93,27.93,27.93,83.0,32.38,10000.0,0.0,99.0,6.35,11.4,277.0,1006.0,0,804,Clouds,overcast clouds,04n
2025-07-24 05:01:06,Kien Giang-Rach Gia,Rach Gia,27.93,27.93,27.93,83.0,32.38,10000.0,0.0,99.0,6.35,11.4,277.0,1006.0,0,804,Clouds,overcast clouds,04n
2025-07-24 05:04:53,Kien Giang-Rach Gia,Rach Gia,27.93,27.93,27.93,83.0,32.38,10000.0,0.0,99.0,6.35,11.4,277.0,1006.0,0,804,Clouds,overcast clouds,04n
2025-07-24 05:08:38,Kien Giang-Rach Gia,Rach Gia,27.93,27.93,27.93,83.0,32.38,10000.0,0.0,99.0,6.35,11.4,277.0,1006.0,0,804,Clouds,overcast clouds,04n
2025-07-24 05:12:24,Kien Giang-Rach Gia,Rach Gia,27.92,27.92,27.92,83.0,32.36,10000.0,0.0,99.0,6.35,11.4,277.0,1006.0,0,804,Clouds,overcast clouds,04n
2025-07-24 05:16:10,Kien Giang-Rach Gia,Rach Gia,27.92,27.92,27.92,83.0,32.36,10000.0,0.0,99.0,6.35,11.4,277.0,1006.0,0,804,Clouds,overcast clouds,04n
2025-07-24 05:19:56,Kien Giang-Rach Gia,Rach Gia,27.92,27.92,27.92,83.0,32.36,10000.0,0.0,99.0,6.35,11.4,277.0,1006.0,0,804,Clouds,overcast clouds,04n
2025-07-24 05:23:44,Kien Giang-Rach Gia,Rach Gia,27.92,27.92,27.92,83.0,32.36,10000.0,0.0,99.0,6.35,11.4,277.0,1006.0,0,804,Clouds,overcast clouds,04n
2025-07-24 05:27:30,Kien Giang-Rach Gia,Rach Gia,27.92,27.92,27.92,83.0,32.36,10000.0,0.0,99.0,6.35,11.4,277.0,1006.0,0,804,Clouds,overcast clouds,04n
2025-07-24 05:31:16,Kien Giang-Rach Gia,Rach Gia,28.01,28.01,28.01,83.0,32.6,10000.0,0.0,98.0,6.16,10.95,273.0,1007.0,0,804,Clouds,overcast clouds,04n
2025-07-24 05:35:03,Kien Giang-Rach Gia,Rach Gia,28.01,28.01,28.01,83.0,32.6,10000.0,0.0,98.0,6.16,10.95,273.0,1007.0,0,804,Clouds,overcast clouds,04n
2025-07-24 05:38:50,Kien Giang-Rach Gia,Rach Gia,28.01,28.01,28.01,83.0,32.6,10000.0,0.0,98.0,6.16,10.95,273.0,1007.0,0,804,Clouds,overcast clouds,04n
2025-07-24 05:42:35,Kien Giang-Rach Gia,Rach Gia,28.01,28.01,28.01,83.0,32.6,10000.0,0.0,98.0,6.16,10.95,273.0,1007.0,0,804,Clouds,overcast clouds,04n
2025-07-24 05:46:21,Kien Giang-Rach Gia,Rach Gia,28.01,28.01,28.01,83.0,32.6,10000.0,0.0,98.0,6.16,10.95,273.0,1007.0,0,804,Clouds,overcast clouds,04n
2025-07-24 05:50:08,Kien Giang-Rach Gia,Rach Gia,28.01,28.01,28.01,83.0,32.6,10000.0,0.0,98.0,6.16,10.95,273.0,1007.0,1,804,Clouds,overcast clouds,04n
2025-07-24 05:53:54,Kien Giang-Rach Gia,Rach Gia,28.01,28.01,28.01,83.0,32.6,10000.0,0.0,98.0,6.16,10.95,273.0,1007.0,1,804,Clouds,overcast clouds,04n
2025-07-24 05:57:39,Kien Giang-Rach Gia,Rach Gia,28.01,28.01,28.01,83.0,32.6,10000.0,0.0,98.0,6.16,10.95,273.0,1007.0,1,804,Clouds,overcast clouds,04d
2025-07-24 06:01:26,Kien Giang-Rach Gia,Rach Gia,28.01,28.01,28.01,83.0,32.6,10000.0,0.0,98.0,6.16,10.95,273.0,1007.0,1,804,Clouds,overcast clouds,04d
2025-07-24 06:05:14,Kien Giang-Rach Gia,Rach Gia,28.01,28.01,28.01,83.0,32.6,10000.0,0.0,98.0,6.16,10.95,273.0,1007.0,1,804,Clouds,overcast clouds,04d
2025-07-24 06:09:01,Kien Giang-Rach Gia,Rach Gia,28.01,28.01,28.01,83.0,32.6,10000.0,0.0,98.0,6.16,10.95,273.0,1007.0,1,804,Clouds,overcast clouds,04d
2025-07-24 06:12:47,Kien Giang-Rach Gia,Rach Gia,28.01,28.01,28.01,83.0,32.6,10000.0,0.0,98.0,6.16,10.95,273.0,1007.0,1,804,Clouds,overcast clouds,04d
2025-07-24 06:16:32,Kien Giang-Rach Gia,Rach Gia,28.01,28.01,28.01,83.0,32.6,10000.0,0.0,98.0,6.16,10.95,273.0,1007.0,1,804,Clouds,overcast clouds,04d
2025-07-24 06:20:19,Kien Giang-Rach Gia,Rach Gia,28.01,28.01,28.01,83.0,32.6,10000.0,0.0,98.0,6.16,10.95,273.0,1007.0,1,804,Clouds,overcast clouds,04d
2025-07-24 06:24:06,Kien Giang-Rach Gia,Rach Gia,28.01,28.01,28.01,83.0,32.6,10000.0,0.0,98.0,6.16,10.95,273.0,1007.0,1,804,Clouds,overcast clouds,04d
2025-07-24 06:27:53,Kien Giang-Rach Gia,Rach Gia,28.01,28.01,28.01,83.0,32.6,10000.0,0.0,98.0,6.16,10.95,273.0,1007.0,1,804,Clouds,overcast clouds,04d
2025-07-24 06:31:39,Kien Giang-Rach Gia,Rach Gia,28.43,28.43,28.43,82.0,33.57,10000.0,0.0,98.0,6.31,11.05,267.0,1007.0,1,804,Clouds,overcast clouds,04d
2025-07-24 06:35:25,Kien Giang-Rach Gia,Rach Gia,28.43,28.43,28.43,82.0,33.57,10000.0,0.0,98.0,6.31,11.05,267.0,1007.0,1,804,Clouds,overcast clouds,04d
2025-07-24 06:39:11,Kien Giang-Rach Gia,Rach Gia,28.43,28.43,28.43,82.0,33.57,10000.0,0.0,98.0,6.31,11.05,267.0,1007.0,1,804,Clouds,overcast clouds,04d
2025-07-24 06:42:57,Kien Giang-Rach Gia,Rach Gia,28.43,28.43,28.43,82.0,33.57,10000.0,0.0,98.0,6.31,11.05,267.0,1007.0,1,804,Clouds,overcast clouds,04d
2025-07-24 06:46:42,Kien Giang-Rach Gia,Rach Gia,28.43,28.43,28.43,82.0,33.57,10000.0,0.0,98.0,6.31,11.05,267.0,1007.0,1,804,Clouds,overcast clouds,04d
2025-07-24 06:50:28,Kien Giang-Rach Gia,Rach Gia,28.47,28.47,28.47,82.0,33.68,10000.0,0.0,98.0,6.31,11.05,267.0,1007.0,1,804,Clouds,overcast clouds,04d
2025-07-24 06:54:14,Kien Giang-Rach Gia,Rach Gia,28.47,28.47,28.47,82.0,33.68,10000.0,0.0,98.0,6.31,11.05,267.0,1007.0,1,804,Clouds,overcast clouds,04d
2025-07-24 06:58:00,Kien Giang-Rach Gia,Rach Gia,28.47,28.47,28.47,82.0,33.68,10000.0,0.0,98.0,6.31,11.05,267.0,1007.0,1,804,Clouds,overcast clouds,04d
2025-07-24 07:01:46,Kien Giang-Rach Gia,Rach Gia,28.48,28.48,28.48,82.0,33.71,10000.0,0.0,98.0,6.31,11.05,267.0,1007.0,1,804,Clouds,overcast clouds,04d
2025-07-24 07:05:36,Kien Giang-Rach Gia,Rach Gia,28.48,28.48,28.48,82.0,33.71,10000.0,0.0,98.0,6.31,11.05,267.0,1007.0,1,804,Clouds,overcast clouds,04d
2025-07-24 07:09:25,Kien Giang-Rach Gia,Rach Gia,28.48,28.48,28.48,82.0,33.71,10000.0,0.0,98.0,6.31,11.05,267.0,1007.0,1,804,Clouds,overcast clouds,04d
2025-07-24 07:13:11,Kien Giang-Rach Gia,Rach Gia,28.48,28.48,28.48,82.0,33.71,10000.0,0.0,98.0,6.31,11.05,267.0,1007.0,1,804,Clouds,overcast clouds,04d
2025-07-24 07:16:57,Kien Giang-Rach Gia,Rach Gia,28.48,28.48,28.48,82.0,33.71,10000.0,0.0,98.0,6.31,11.05,267.0,1007.0,1,804,Clouds,overcast clouds,04d
2025-07-24 07:20:44,Kien Giang-Rach Gia,Rach Gia,28.48,28.48,28.48,82.0,33.71,10000.0,0.0,98.0,6.31,11.05,267.0,1007.0,1,804,Clouds,overcast clouds,04d
2025-07-24 07:24:29,Kien Giang-Rach Gia,Rach Gia,28.48,28.48,28.48,82.0,33.71,10000.0,0.0,98.0,6.31,11.05,267.0,1007.0,1,804,Clouds,overcast clouds,04d
2025-07-24 07:28:16,Kien Giang-Rach Gia,Rach Gia,28.48,28.48,28.48,82.0,33.71,10000.0,0.0,98.0,6.31,11.05,267.0,1007.0,1,804,Clouds,overcast clouds,04d
2025-07-24 07:32:02,Kien Giang-Rach Gia,Rach Gia,28.48,28.48,28.48,82.0,33.71,10000.0,0.0,98.0,6.31,11.05,267.0,1007.0,1,804,Clouds,overcast clouds,04d
2025-07-24 07:35:48,Kien Giang-Rach Gia,Rach Gia,28.77,28.77,28.77,80.0,34.11,10000.0,0.0,21.0,7.09,11.49,261.0,1008.0,1,801,Clouds,few clouds,02d
2025-07-24 07:39:34,Kien Giang-Rach Gia,Rach Gia,28.77,28.77,28.77,80.0,34.11,10000.0,0.0,21.0,7.09,11.49,261.0,1008.0,1,801,Clouds,few clouds,02d
2025-07-24 07:43:20,Kien Giang-Rach Gia,Rach Gia,28.77,28.77,28.77,80.0,34.11,10000.0,0.0,21.0,7.09,11.49,261.0,1008.0,1,801,Clouds,few clouds,02d
2025-07-24 07:47:07,Kien Giang-Rach Gia,Rach Gia,28.77,28.77,28.77,80.0,34.11,10000.0,0.0,21.0,7.09,11.49,261.0,1008.0,1,801,Clouds,few clouds,02d
2025-07-24 07:50:54,Kien Giang-Rach Gia,Rach Gia,28.77,28.77,28.77,80.0,34.11,10000.0,0.0,21.0,7.09,11.49,261.0,1008.0,1,801,Clouds,few clouds,02d
2025-07-24 07:54:41,Kien Giang-Rach Gia,Rach Gia,28.77,28.77,28.77,80.0,34.11,10000.0,0.0,21.0,7.09,11.49,261.0,1008.0,1,801,Clouds,few clouds,02d
2025-07-24 07:58:27,Kien Giang-Rach Gia,Rach Gia,28.77,28.77,28.77,80.0,34.11,10000.0,0.0,21.0,7.09,11.49,261.0,1008.0,1,801,Clouds,few clouds,02d
2025-07-24 08:02:13,Kien Giang-Rach Gia,Rach Gia,28.77,28.77,28.77,80.0,34.11,10000.0,0.0,21.0,7.09,11.49,261.0,1008.0,1,801,Clouds,few clouds,02d
2025-07-24 08:05:59,Kien Giang-Rach Gia,Rach Gia,29.38,29.38,29.38,76.0,34.88,10000.0,0.0,21.0,7.09,11.49,261.0,1008.0,1,801,Clouds,few clouds,02d
2025-07-24 08:09:45,Kien Giang-Rach Gia,Rach Gia,29.38,29.38,29.38,76.0,34.88,10000.0,0.0,21.0,7.09,11.49,261.0,1008.0,1,801,Clouds,few clouds,02d
2025-07-24 08:13:32,Kien Giang-Rach Gia,Rach Gia,29.38,29.38,29.38,76.0,34.88,10000.0,0.0,21.0,7.09,11.49,261.0,1008.0,1,801,Clouds,few clouds,02d
2025-07-24 08:17:18,Kien Giang-Rach Gia,Rach Gia,29.38,29.38,29.38,76.0,34.88,10000.0,0.0,21.0,7.09,11.49,261.0,1008.0,1,801,Clouds,few clouds,02d
2025-07-24 08:21:06,Kien Giang-Rach Gia,Rach Gia,29.38,29.38,29.38,76.0,34.88,10000.0,0.0,21.0,7.09,11.49,261.0,1008.0,1,801,Clouds,few clouds,02d
2025-07-24 08:24:52,Kien Giang-Rach Gia,Rach Gia,29.38,29.38,29.38,76.0,34.88,10000.0,0.0,21.0,7.09,11.49,261.0,1008.0,1,801,Clouds,few clouds,02d
2025-07-24 08:28:38,Kien Giang-Rach Gia,Rach Gia,29.38,29.38,29.38,76.0,34.88,10000.0,0.0,21.0,7.09,11.49,261.0,1008.0,1,801,Clouds,few clouds,02d
2025-07-24 08:32:25,Kien Giang-Rach Gia,Rach Gia,29.65,29.65,29.65,74.0,35.12,10000.0,0.0,29.0,7.44,12.05,267.0,1008.0,1,802,Clouds,scattered clouds,03d
2025-07-24 08:36:11,Kien Giang-Rach Gia,Rach Gia,29.38,29.38,29.38,76.0,34.88,10000.0,0.0,21.0,7.09,11.49,261.0,1008.0,1,801,Clouds,few clouds,02d
2025-07-24 08:39:57,Kien Giang-Rach Gia,Rach Gia,29.65,29.65,29.65,74.0,35.12,10000.0,0.0,29.0,7.44,12.05,267.0,1008.0,1,802,Clouds,scattered clouds,03d
2025-07-24 08:43:43,Kien Giang-Rach Gia,Rach Gia,29.65,29.65,29.65,74.0,35.12,10000.0,0.0,29.0,7.44,12.05,267.0,1008.0,1,802,Clouds,scattered clouds,03d
2025-07-24 08:47:29,Kien Giang-Rach Gia,Rach Gia,29.65,29.65,29.65,74.0,35.12,10000.0,0.0,29.0,7.44,12.05,267.0,1008.0,1,802,Clouds,scattered clouds,03d
2025-07-24 08:51:15,Kien Giang-Rach Gia,Rach Gia,29.7,29.7,29.7,74.0,35.25,10000.0,0.0,29.0,7.44,12.05,267.0,1008.0,1,802,Clouds,scattered clouds,03d
2025-07-24 08:55:02,Kien Giang-Rach Gia,Rach Gia,29.7,29.7,29.7,74.0,35.25,10000.0,0.0,29.0,7.44,12.05,267.0,1008.0,1,802,Clouds,scattered clouds,03d
2025-07-24 08:58:48,Kien Giang-Rach Gia,Rach Gia,29.7,29.7,29.7,74.0,35.25,10000.0,0.0,29.0,7.44,12.05,267.0,1008.0,1,802,Clouds,scattered clouds,03d
2025-07-24 09:02:34,Kien Giang-Rach Gia,Rach Gia,29.72,29.72,29.72,75.0,35.54,10000.0,0.0,29.0,7.44,12.05,267.0,1008.0,1,802,Clouds,scattered clouds,03d
2025-07-24 09:06:23,Kien Giang-Rach Gia,Rach Gia,29.72,29.72,29.72,75.0,35.54,10000.0,0.0,29.0,7.44,12.05,267.0,1008.0,1,802,Clouds,scattered clouds,03d
2025-07-24 09:10:10,Kien Giang-Rach Gia,Rach Gia,29.72,29.72,29.72,75.0,35.54,10000.0,0.0,29.0,7.44,12.05,267.0,1008.0,1,802,Clouds,scattered clouds,03d
2025-07-24 09:13:56,Kien Giang-Rach Gia,Rach Gia,29.72,29.72,29.72,75.0,35.54,10000.0,0.0,29.0,7.44,12.05,267.0,1008.0,1,802,Clouds,scattered clouds,03d
2025-07-24 09:17:42,Kien Giang-Rach Gia,Rach Gia,29.72,29.72,29.72,75.0,35.54,10000.0,0.0,29.0,7.44,12.05,267.0,1008.0,1,802,Clouds,scattered clouds,03d
2025-07-24 09:21:28,Kien Giang-Rach Gia,Rach Gia,29.72,29.72,29.72,75.0,35.54,10000.0,0.0,29.0,7.44,12.05,267.0,1008.0,1,802,Clouds,scattered clouds,03d
2025-07-24 09:25:14,Kien Giang-Rach Gia,Rach Gia,29.72,29.72,29.72,75.0,35.54,10000.0,0.0,29.0,7.44,12.05,267.0,1008.0,1,802,Clouds,scattered clouds,03d
2025-07-24 09:29:00,Kien Giang-Rach Gia,Rach Gia,29.72,29.72,29.72,75.0,35.54,10000.0,0.0,29.0,7.44,12.05,267.0,1008.0,1,802,Clouds,scattered clouds,03d
2025-07-24 09:32:46,Kien Giang-Rach Gia,Rach Gia,29.96,29.96,29.96,73.0,35.68,10000.0,0.0,54.0,7.44,12.51,272.0,1008.0,1,803,Clouds,broken clouds,04d
2025-07-24 09:36:32,Kien Giang-Rach Gia,Rach Gia,29.96,29.96,29.96,73.0,35.68,10000.0,0.0,54.0,7.44,12.51,272.0,1008.0,1,803,Clouds,broken clouds,04d
2025-07-24 09:40:18,Kien Giang-Rach Gia,Rach Gia,29.96,29.96,29.96,73.0,35.68,10000.0,0.0,54.0,7.44,12.51,272.0,1008.0,1,803,Clouds,broken clouds,04d
2025-07-24 09:44:04,Kien Giang-Rach Gia,Rach Gia,29.96,29.96,29.96,73.0,35.68,10000.0,0.0,54.0,7.44,12.51,272.0,1008.0,1,803,Clouds,broken clouds,04d
2025-07-24 09:47:51,Kien Giang-Rach Gia,Rach Gia,30.0,30.0,30.0,73.0,35.78,10000.0,0.0,54.0,7.44,12.51,272.0,1008.0,1,803,Clouds,broken clouds,04d
2025-07-24 09:51:36,Kien Giang-Rach Gia,Rach Gia,30.0,30.0,30.0,73.0,35.78,10000.0,0.0,54.0,7.44,12.51,272.0,1008.0,1,803,Clouds,broken clouds,04d
2025-07-24 09:55:22,Kien Giang-Rach Gia,Rach Gia,30.0,30.0,30.0,73.0,35.78,10000.0,0.0,54.0,7.44,12.51,272.0,1008.0,1,803,Clouds,broken clouds,04d
2025-07-24 09:59:08,Kien Giang-Rach Gia,Rach Gia,30.0,30.0,30.0,73.0,35.78,10000.0,0.0,54.0,7.44,12.51,272.0,1008.0,1,803,Clouds,broken clouds,04d
2025-07-24 10:02:54,Kien Giang-Rach Gia,Rach Gia,30.0,30.0,30.0,73.0,35.78,10000.0,0.0,54.0,7.44,12.51,272.0,1008.0,1,803,Clouds,broken clouds,04d
2025-07-24 10:06:40,Kien Giang-Rach Gia,Rach Gia,30.03,30.03,30.03,73.0,35.86,10000.0,0.0,54.0,7.44,12.51,272.0,1008.0,1,803,Clouds,broken clouds,04d
2025-07-24 10:10:26,Kien Giang-Rach Gia,Rach Gia,30.03,30.03,30.03,73.0,35.86,10000.0,0.0,54.0,7.44,12.51,272.0,1008.0,1,803,Clouds,broken clouds,04d
2025-07-24 10:14:13,Kien Giang-Rach Gia,Rach Gia,30.03,30.03,30.03,73.0,35.86,10000.0,0.0,54.0,7.44,12.51,272.0,1008.0,1,803,Clouds,broken clouds,04d
2025-07-24 10:17:59,Kien Giang-Rach Gia,Rach Gia,30.03,30.03,30.03,73.0,35.86,10000.0,0.0,54.0,7.44,12.51,272.0,1008.0,1,803,Clouds,broken clouds,04d
2025-07-24 10:21:46,Kien Giang-Rach Gia,Rach Gia,30.03,30.03,30.03,73.0,35.86,10000.0,0.0,54.0,7.44,12.51,272.0,1008.0,1,803,Clouds,broken clouds,04d
2025-07-24 10:25:32,Kien Giang-Rach Gia,Rach Gia,30.03,30.03,30.03,73.0,35.86,10000.0,0.0,54.0,7.44,12.51,272.0,1008.0,1,803,Clouds,broken clouds,04d
2025-07-24 10:29:19,Kien Giang-Rach Gia,Rach Gia,30.03,30.03,30.03,73.0,35.86,10000.0,0.0,54.0,7.44,12.51,272.0,1008.0,1,803,Clouds,broken clouds,04d
2025-07-24 10:33:07,Kien Giang-Rach Gia,Rach Gia,30.03,30.03,30.03,73.0,35.86,10000.0,0.0,54.0,7.44,12.51,272.0,1008.0,1,803,Clouds,broken clouds,04d
2025-07-24 10:36:53,Kien Giang-Rach Gia,Rach Gia,29.89,29.89,29.89,73.0,35.5,10000.0,0.0,66.0,7.96,12.55,268.0,1008.0,1,803,Clouds,broken clouds,04d
2025-07-24 10:40:39,Kien Giang-Rach Gia,Rach Gia,29.89,29.89,29.89,73.0,35.5,10000.0,0.0,66.0,7.96,12.55,268.0,1008.0,1,803,Clouds,broken clouds,04d
2025-07-24 10:44:25,Kien Giang-Rach Gia,Rach Gia,29.89,29.89,29.89,73.0,35.5,10000.0,0.0,66.0,7.96,12.55,268.0,1008.0,1,803,Clouds,broken clouds,04d
2025-07-24 10:48:12,Kien Giang-Rach Gia,Rach Gia,29.89,29.89,29.89,73.0,35.5,10000.0,0.0,66.0,7.96,12.55,268.0,1008.0,1,803,Clouds,broken clouds,04d
2025-07-24 10:51:58,Kien Giang-Rach Gia,Rach Gia,29.89,29.89,29.89,73.0,35.5,10000.0,0.0,66.0,7.96,12.55,268.0,1008.0,1,803,Clouds,broken clouds,04d
2025-07-24 10:55:44,Kien Giang-Rach Gia,Rach Gia,29.89,29.89,29.89,73.0,35.5,10000.0,0.0,66.0,7.96,12.55,268.0,1008.0,1,803,Clouds,broken clouds,04d
2025-07-24 10:59:29,Kien Giang-Rach Gia,Rach Gia,29.89,29.89,29.89,73.0,35.5,10000.0,0.0,66.0,7.96,12.55,268.0,1008.0,1,803,Clouds,broken clouds,04d
2025-07-24 11:03:16,Kien Giang-Rach Gia,Rach Gia,29.92,29.92,29.92,73.0,35.57,10000.0,0.0,66.0,7.96,12.55,268.0,1008.0,1,803,Clouds,broken clouds,04d
2025-07-24 11:07:02,Kien Giang-Rach Gia,Rach Gia,29.92,29.92,29.92,73.0,35.57,10000.0,0.0,66.0,7.96,12.55,268.0,1008.0,1,803,Clouds,broken clouds,04d
2025-07-24 11:10:48,Kien Giang-Rach Gia,Rach Gia,29.92,29.92,29.92,73.0,35.57,10000.0,0.0,66.0,7.96,12.55,268.0,1008.0,1,803,Clouds,broken clouds,04d
2025-07-24 11:14:34,Kien Giang-Rach Gia,Rach Gia,29.92,29.92,29.92,73.0,35.57,10000.0,0.0,66.0,7.96,12.55,268.0,1008.0,1,803,Clouds,broken clouds,04d
2025-07-24 11:18:20,Kien Giang-Rach Gia,Rach Gia,29.92,29.92,29.92,73.0,35.57,10000.0,0.0,66.0,7.96,12.55,268.0,1008.0,1,803,Clouds,broken clouds,04d
2025-07-24 11:22:06,Kien Giang-Rach Gia,Rach Gia,29.92,29.92,29.92,73.0,35.57,10000.0,0.0,66.0,7.96,12.55,268.0,1008.0,1,803,Clouds,broken clouds,04d
2025-07-24 11:25:52,Kien Giang-Rach Gia,Rach Gia,29.92,29.92,29.92,73.0,35.57,10000.0,0.0,66.0,7.96,12.55,268.0,1008.0,1,803,Clouds,broken clouds,04d
2025-07-24 11:29:38,Kien Giang-Rach Gia,Rach Gia,29.92,29.92,29.92,73.0,35.57,10000.0,0.0,66.0,7.96,12.55,268.0,1008.0,1,803,Clouds,broken clouds,04d
2025-07-24 11:33:24,Kien Giang-Rach Gia,Rach Gia,30.05,30.05,30.05,72.0,35.66,10000.0,0.0,72.0,7.8,12.71,264.0,1007.0,1,803,Clouds,broken clouds,04d
2025-07-24 11:37:14,Kien Giang-Rach Gia,Rach Gia,30.05,30.05,30.05,72.0,35.66,10000.0,0.0,72.0,7.8,12.71,264.0,1007.0,1,803,Clouds,broken clouds,04d
2025-07-24 11:41:00,Kien Giang-Rach Gia,Rach Gia,30.05,30.05,30.05,72.0,35.66,10000.0,0.0,72.0,7.8,12.71,264.0,1007.0,1,803,Clouds,broken clouds,04d
2025-07-24 11:44:47,Kien Giang-Rach Gia,Rach Gia,30.05,30.05,30.05,72.0,35.66,10000.0,0.0,72.0,7.8,12.71,264.0,1007.0,1,803,Clouds,broken clouds,04d
2025-07-24 11:48:32,Kien Giang-Rach Gia,Rach Gia,30.05,30.05,30.05,72.0,35.66,10000.0,0.0,72.0,7.8,12.71,264.0,1007.0,1,803,Clouds,broken clouds,04d
2025-07-24 11:52:18,Kien Giang-Rach Gia,Rach Gia,30.05,30.05,30.05,72.0,35.66,10000.0,0.0,72.0,7.8,12.71,264.0,1007.0,1,803,Clouds,broken clouds,04d
2025-07-24 11:56:04,Kien Giang-Rach Gia,Rach Gia,30.05,30.05,30.05,72.0,35.66,10000.0,0.0,72.0,7.8,12.71,264.0,1007.0,1,803,Clouds,broken clouds,04d
2025-07-24 11:59:51,Kien Giang-Rach Gia,Rach Gia,30.05,30.05,30.05,72.0,35.66,10000.0,0.0,72.0,7.8,12.71,264.0,1007.0,1,803,Clouds,broken clouds,04d
2025-07-24 12:03:37,Kien Giang-Rach Gia,Rach Gia,30.07,30.07,30.07,72.0,35.71,10000.0,0.0,72.0,7.8,12.71,264.0,1007.0,1,803,Clouds,broken clouds,04d
2025-07-24 12:07:28,Kien Giang-Rach Gia,Rach Gia,30.07,30.07,30.07,72.0,35.71,10000.0,0.0,72.0,7.8,12.71,264.0,1007.0,1,803,Clouds,broken clouds,04d
2025-07-24 12:11:14,Kien Giang-Rach Gia,Rach Gia,30.07,30.07,30.07,72.0,35.71,10000.0,0.0,72.0,7.8,12.71,264.0,1007.0,1,803,Clouds,broken clouds,04d
2025-07-24 12:15:01,Kien Giang-Rach Gia,Rach Gia,30.07,30.07,30.07,72.0,35.71,10000.0,0.0,72.0,7.8,12.71,264.0,1007.0,1,803,Clouds,broken clouds,04d
2025-07-24 12:18:46,Kien Giang-Rach Gia,Rach Gia,30.07,30.07,30.07,72.0,35.71,10000.0,0.0,72.0,7.8,12.71,264.0,1007.0,1,803,Clouds,broken clouds,04d
2025-07-24 12:22:33,Kien Giang-Rach Gia,Rach Gia,30.07,30.07,30.07,72.0,35.71,10000.0,0.0,72.0,7.8,12.71,264.0,1007.0,1,803,Clouds,broken clouds,04d
2025-07-24 12:26:20,Kien Giang-Rach Gia,Rach Gia,30.07,30.07,30.07,72.0,35.71,10000.0,0.0,72.0,7.8,12.71,264.0,1007.0,1,803,Clouds,broken clouds,04d
2025-07-24 12:30:07,Kien Giang-Rach Gia,Rach Gia,30.07,30.07,30.07,72.0,35.71,10000.0,0.0,72.0,7.8,12.71,264.0,1007.0,1,803,Clouds,broken clouds,04d
2025-07-24 12:33:55,Kien Giang-Rach Gia,Rach Gia,30.07,30.07,30.07,72.0,35.71,10000.0,0.0,72.0,7.8,12.71,264.0,1007.0,1,803,Clouds,broken clouds,04d
2025-07-24 12:37:41,Kien Giang-Rach Gia,Rach Gia,30.15,30.15,30.15,72.0,35.92,10000.0,0.0,77.0,8.28,13.32,263.0,1007.0,1,803,Clouds,broken clouds,04d
2025-07-24 12:41:27,Kien Giang-Rach Gia,Rach Gia,30.15,30.15,30.15,72.0,35.92,10000.0,0.0,77.0,8.28,13.32,263.0,1007.0,1,803,Clouds,broken clouds,04d
2025-07-24 12:45:12,Kien Giang-Rach Gia,Rach Gia,30.15,30.15,30.15,72.0,35.92,10000.0,0.0,77.0,8.28,13.32,263.0,1007.0,1,803,Clouds,broken clouds,04d
2025-07-24 12:48:59,Kien Giang-Rach Gia,Rach Gia,30.15,30.15,30.15,72.0,35.92,10000.0,0.0,77.0,8.28,13.32,263.0,1007.0,1,803,Clouds,broken clouds,04d
2025-07-24 12:52:45,Kien Giang-Rach Gia,Rach Gia,30.15,30.15,30.15,72.0,35.92,10000.0,0.0,77.0,8.28,13.32,263.0,1007.0,1,803,Clouds,broken clouds,04d
2025-07-24 12:56:31,Kien Giang-Rach Gia,Rach Gia,30.15,30.15,30.15,72.0,35.92,10000.0,0.0,100.0,7.98,12.62,262.0,1007.0,1,804,Clouds,overcast clouds,04d
2025-07-24 13:00:17,Kien Giang-Rach Gia,Rach Gia,30.15,30.15,30.15,72.0,35.92,10000.0,0.0,100.0,7.98,12.62,262.0,1007.0,1,804,Clouds,overcast clouds,04d
2025-07-24 13:04:03,Kien Giang-Rach Gia,Rach Gia,30.15,30.15,30.15,72.0,35.92,10000.0,0.0,100.0,7.98,12.62,262.0,1007.0,1,804,Clouds,overcast clouds,04d
2025-07-24 13:07:49,Kien Giang-Rach Gia,Rach Gia,30.15,30.15,30.15,72.0,35.92,10000.0,0.0,100.0,7.98,12.62,262.0,1007.0,1,804,Clouds,overcast clouds,04d
2025-07-24 13:11:35,Kien Giang-Rach Gia,Rach Gia,30.15,30.15,30.15,72.0,35.92,10000.0,0.0,100.0,7.98,12.62,262.0,1007.0,1,804,Clouds,overcast clouds,04d
2025-07-24 13:15:21,Kien Giang-Rach Gia,Rach Gia,30.15,30.15,30.15,72.0,35.92,10000.0,0.0,100.0,7.98,12.62,262.0,1007.0,1,804,Clouds,overcast clouds,04d
2025-07-24 13:19:09,Kien Giang-Rach Gia,Rach Gia,30.15,30.15,30.15,72.0,35.92,10000.0,0.0,100.0,7.98,12.62,262.0,1007.0,1,804,Clouds,overcast clouds,04d
2025-07-24 13:23:01,Kien Giang-Rach Gia,Rach Gia,30.32,30.32,30.32,71.0,36.09,10000.0,0.0,100.0,7.98,12.62,262.0,1006.0,1,804,Clouds,overcast clouds,04d
2025-07-24 13:26:53,Kien Giang-Rach Gia,Rach Gia,30.32,30.32,30.32,71.0,36.09,10000.0,0.0,100.0,7.98,12.62,262.0,1006.0,1,804,Clouds,overcast clouds,04d
2025-07-24 13:30:41,Kien Giang-Rach Gia,Rach Gia,30.32,30.32,30.32,71.0,36.09,10000.0,0.0,100.0,7.98,12.62,262.0,1006.0,1,804,Clouds,overcast clouds,04d
2025-07-24 13:34:27,Kien Giang-Rach Gia,Rach Gia,30.17,30.17,30.17,72.0,35.97,10000.0,0.0,100.0,8.15,12.92,264.0,1005.0,1,804,Clouds,overcast clouds,04d
2025-07-24 13:38:13,Kien Giang-Rach Gia,Rach Gia,30.17,30.17,30.17,72.0,35.97,10000.0,0.0,100.0,8.15,12.92,264.0,1005.0,1,804,Clouds,overcast clouds,04d
2025-07-24 13:41:58,Kien Giang-Rach Gia,Rach Gia,30.17,30.17,30.17,72.0,35.97,10000.0,0.0,100.0,8.15,12.92,264.0,1005.0,1,804,Clouds,overcast clouds,04d
2025-07-24 13:45:44,Kien Giang-Rach Gia,Rach Gia,30.17,30.17,30.17,72.0,35.97,10000.0,0.0,100.0,8.15,12.92,264.0,1005.0,1,804,Clouds,overcast clouds,04d
2025-07-24 13:49:32,Kien Giang-Rach Gia,Rach Gia,30.11,30.11,30.11,72.0,35.81,10000.0,0.0,100.0,8.15,12.92,264.0,1005.0,1,804,Clouds,overcast clouds,04d
2025-07-24 13:53:17,Kien Giang-Rach Gia,Rach Gia,30.17,30.17,30.17,72.0,35.97,10000.0,0.0,100.0,8.15,12.92,264.0,1005.0,1,804,Clouds,overcast clouds,04d
2025-07-24 13:57:04,Kien Giang-Rach Gia,Rach Gia,30.11,30.11,30.11,72.0,35.81,10000.0,0.0,100.0,8.15,12.92,264.0,1005.0,1,804,Clouds,overcast clouds,04d
2025-07-24 14:00:50,Kien Giang-Rach Gia,Rach Gia,30.11,30.11,30.11,72.0,35.81,10000.0,0.0,100.0,8.15,12.92,264.0,1005.0,1,804,Clouds,overcast clouds,04d
2025-07-24 14:04:36,Kien Giang-Rach Gia,Rach Gia,30.14,30.14,30.14,72.0,35.89,10000.0,0.0,100.0,8.15,12.92,264.0,1005.0,1,804,Clouds,overcast clouds,04d
2025-07-24 14:08:22,Kien Giang-Rach Gia,Rach Gia,30.14,30.14,30.14,72.0,35.89,10000.0,0.0,100.0,8.15,12.92,264.0,1005.0,1,804,Clouds,overcast clouds,04d
2025-07-24 14:12:08,Kien Giang-Rach Gia,Rach Gia,30.14,30.14,30.14,72.0,35.89,10000.0,0.0,100.0,8.15,12.92,264.0,1005.0,1,804,Clouds,overcast clouds,04d
2025-07-24 14:15:55,Kien Giang-Rach Gia,Rach Gia,30.14,30.14,30.14,72.0,35.89,10000.0,0.0,100.0,8.15,12.92,264.0,1005.0,1,804,Clouds,overcast clouds,04d
2025-07-24 14:19:41,Kien Giang-Rach Gia,Rach Gia,30.14,30.14,30.14,72.0,35.89,10000.0,0.0,100.0,8.15,12.92,264.0,1005.0,1,804,Clouds,overcast clouds,04d
2025-07-24 14:23:27,Kien Giang-Rach Gia,Rach Gia,30.14,30.14,30.14,72.0,35.89,10000.0,0.0,100.0,8.15,12.92,264.0,1005.0,1,804,Clouds,overcast clouds,04d
2025-07-24 14:27:14,Kien Giang-Rach Gia,Rach Gia,30.14,30.14,30.14,72.0,35.89,10000.0,0.0,100.0,8.15,12.92,264.0,1005.0,1,804,Clouds,overcast clouds,04d
2025-07-24 14:31:01,Kien Giang-Rach Gia,Rach Gia,30.1,30.1,30.1,73.0,36.05,10000.0,0.0,81.0,8.3,12.97,268.0,1005.0,1,803,Clouds,broken clouds,04d
2025-07-24 14:34:48,Kien Giang-Rach Gia,Rach Gia,30.1,30.1,30.1,73.0,36.05,10000.0,0.0,81.0,8.3,12.97,268.0,1005.0,1,803,Clouds,broken clouds,04d
2025-07-24 14:38:34,Kien Giang-Rach Gia,Rach Gia,30.1,30.1,30.1,73.0,36.05,10000.0,0.0,81.0,8.3,12.97,268.0,1005.0,1,803,Clouds,broken clouds,04d
2025-07-24 14:42:19,Kien Giang-Rach Gia,Rach Gia,30.1,30.1,30.1,73.0,36.05,10000.0,0.0,81.0,8.3,12.97,268.0,1005.0,1,803,Clouds,broken clouds,04d
2025-07-24 14:46:06,Kien Giang-Rach Gia,Rach Gia,30.1,30.1,30.1,73.0,36.05,10000.0,0.0,81.0,8.3,12.97,268.0,1005.0,1,803,Clouds,broken clouds,04d
2025-07-24 14:49:56,Kien Giang-Rach Gia,Rach Gia,30.1,30.1,30.1,73.0,36.05,10000.0,0.0,81.0,8.3,12.97,268.0,1005.0,1,803,Clouds,broken clouds,04d
2025-07-24 14:53:49,Kien Giang-Rach Gia,Rach Gia,30.1,30.1,30.1,73.0,36.05,10000.0,0.0,81.0,8.3,12.97,268.0,1005.0,1,803,Clouds,broken clouds,04d
2025-07-24 14:57:35,Kien Giang-Rach Gia,Rach Gia,30.1,30.1,30.1,73.0,36.05,10000.0,0.0,81.0,8.3,12.97,268.0,1005.0,1,803,Clouds,broken clouds,04d
2025-07-24 15:01:22,Kien Giang-Rach Gia,Rach Gia,30.13,30.13,30.13,73.0,36.12,10000.0,0.0,81.0,8.3,12.97,268.0,1005.0,1,803,Clouds,broken clouds,04d
2025-07-24 15:05:08,Kien Giang-Rach Gia,Rach Gia,30.13,30.13,30.13,73.0,36.12,10000.0,0.0,81.0,8.3,12.97,268.0,1005.0,1,803,Clouds,broken clouds,04d
2025-07-24 15:08:54,Kien Giang-Rach Gia,Rach Gia,30.13,30.13,30.13,73.0,36.12,10000.0,0.0,81.0,8.3,12.97,268.0,1005.0,1,803,Clouds,broken clouds,04d
2025-07-24 15:12:40,Kien Giang-Rach Gia,Rach Gia,30.13,30.13,30.13,73.0,36.12,10000.0,0.0,81.0,8.3,12.97,268.0,1005.0,1,803,Clouds,broken clouds,04d
2025-07-24 15:16:26,Kien Giang-Rach Gia,Rach Gia,30.13,30.13,30.13,73.0,36.12,10000.0,0.0,81.0,8.3,12.97,268.0,1005.0,1,803,Clouds,broken clouds,04d
2025-07-24 15:20:13,Kien Giang-Rach Gia,Rach Gia,30.13,30.13,30.13,73.0,36.12,10000.0,0.0,81.0,8.3,12.97,268.0,1005.0,1,803,Clouds,broken clouds,04d
2025-07-24 15:23:59,Kien Giang-Rach Gia,Rach Gia,30.13,30.13,30.13,73.0,36.12,10000.0,0.0,81.0,8.3,12.97,268.0,1005.0,1,803,Clouds,broken clouds,04d
2025-07-24 15:27:46,Kien Giang-Rach Gia,Rach Gia,30.13,30.13,30.13,73.0,36.12,10000.0,0.0,81.0,8.3,12.97,268.0,1005.0,1,803,Clouds,broken clouds,04d
2025-07-24 15:31:33,Kien Giang-Rach Gia,Rach Gia,29.92,29.92,29.92,74.0,35.83,10000.0,0.0,88.0,8.14,12.85,264.0,1004.0,1,804,Clouds,overcast clouds,04d
2025-07-24 15:35:19,Kien Giang-Rach Gia,Rach Gia,29.92,29.92,29.92,74.0,35.83,10000.0,0.0,88.0,8.14,12.85,264.0,1004.0,1,804,Clouds,overcast clouds,04d
2025-07-24 15:39:06,Kien Giang-Rach Gia,Rach Gia,29.92,29.92,29.92,74.0,35.83,10000.0,0.0,88.0,8.14,12.85,264.0,1004.0,1,804,Clouds,overcast clouds,04d
2025-07-24 15:42:52,Kien Giang-Rach Gia,Rach Gia,29.92,29.92,29.92,74.0,35.83,10000.0,0.0,88.0,8.14,12.85,264.0,1004.0,1,804,Clouds,overcast clouds,04d
2025-07-24 15:46:39,Kien Giang-Rach Gia,Rach Gia,29.87,29.87,29.87,74.0,35.69,10000.0,0.0,88.0,8.14,12.85,264.0,1004.0,1,804,Clouds,overcast clouds,04d
2025-07-24 15:50:25,Kien Giang-Rach Gia,Rach Gia,29.87,29.87,29.87,74.0,35.69,10000.0,0.0,88.0,8.14,12.85,264.0,1004.0,1,804,Clouds,overcast clouds,04d
2025-07-24 15:54:12,Kien Giang-Rach Gia,Rach Gia,29.87,29.87,29.87,74.0,35.69,10000.0,0.0,88.0,8.14,12.85,264.0,1004.0,1,804,Clouds,overcast clouds,04d
2025-07-24 15:57:58,Kien Giang-Rach Gia,Rach Gia,29.87,29.87,29.87,74.0,35.69,10000.0,0.0,88.0,8.14,12.85,264.0,1004.0,1,804,Clouds,overcast clouds,04d
2025-07-24 16:01:46,Kien Giang-Rach Gia,Rach Gia,29.89,29.89,29.89,74.0,35.75,10000.0,0.0,88.0,8.14,12.85,264.0,1004.0,1,804,Clouds,overcast clouds,04d
2025-07-24 16:05:38,Kien Giang-Rach Gia,Rach Gia,29.89,29.89,29.89,74.0,35.75,10000.0,0.0,88.0,8.14,12.85,264.0,1004.0,1,804,Clouds,overcast clouds,04d
2025-07-24 16:09:24,Kien Giang-Rach Gia,Rach Gia,29.89,29.89,29.89,74.0,35.75,10000.0,0.0,88.0,8.14,12.85,264.0,1004.0,1,804,Clouds,overcast clouds,04d
2025-07-24 16:13:11,Kien Giang-Rach Gia,Rach Gia,29.89,29.89,29.89,74.0,35.75,10000.0,0.0,88.0,8.14,12.85,264.0,1004.0,1,804,Clouds,overcast clouds,04d
2025-07-24 16:17:04,Kien Giang-Rach Gia,Rach Gia,29.89,29.89,29.89,74.0,35.75,10000.0,0.0,88.0,8.14,12.85,264.0,1004.0,1,804,Clouds,overcast clouds,04d
2025-07-24 16:20:50,Kien Giang-Rach Gia,Rach Gia,29.89,29.89,29.89,74.0,35.75,10000.0,0.0,88.0,8.14,12.85,264.0,1004.0,1,804,Clouds,overcast clouds,04d
2025-07-24 16:24:36,Kien Giang-Rach Gia,Rach Gia,29.89,29.89,29.89,74.0,35.75,10000.0,0.0,88.0,8.14,12.85,264.0,1004.0,1,804,Clouds,overcast clouds,04d
2025-07-24 16:28:22,Kien Giang-Rach Gia,Rach Gia,29.89,29.89,29.89,74.0,35.75,10000.0,0.0,88.0,8.14,12.85,264.0,1004.0,1,804,Clouds,overcast clouds,04d
2025-07-24 16:32:09,Kien Giang-Rach Gia,Rach Gia,29.89,29.89,29.89,74.0,35.75,10000.0,0.0,88.0,8.14,12.85,264.0,1004.0,1,804,Clouds,overcast clouds,04d
2025-07-24 16:35:55,Kien Giang-Rach Gia,Rach Gia,29.51,29.51,29.51,77.0,35.46,10000.0,0.0,92.0,8.22,13.03,260.0,1005.0,1,804,Clouds,overcast clouds,04d
2025-07-24 16:39:42,Kien Giang-Rach Gia,Rach Gia,29.51,29.51,29.51,77.0,35.46,10000.0,0.0,92.0,8.22,13.03,260.0,1005.0,1,804,Clouds,overcast clouds,04d
2025-07-24 16:43:28,Kien Giang-Rach Gia,Rach Gia,29.51,29.51,29.51,77.0,35.46,10000.0,0.0,92.0,8.22,13.03,260.0,1005.0,1,804,Clouds,overcast clouds,04d
2025-07-24 16:47:14,Kien Giang-Rach Gia,Rach Gia,29.51,29.51,29.51,77.0,35.46,10000.0,0.0,92.0,8.22,13.03,260.0,1005.0,1,804,Clouds,overcast clouds,04d
2025-07-24 16:51:00,Kien Giang-Rach Gia,Rach Gia,29.51,29.51,29.51,77.0,35.46,10000.0,0.0,92.0,8.22,13.03,260.0,1005.0,1,804,Clouds,overcast clouds,04d
2025-07-24 16:54:46,Kien Giang-Rach Gia,Rach Gia,29.5,29.5,29.5,77.0,35.43,10000.0,0.18,92.0,8.22,13.03,260.0,1005.0,1,500,Rain,light rain,10d
2025-07-24 16:58:32,Kien Giang-Rach Gia,Rach Gia,29.5,29.5,29.5,77.0,35.43,10000.0,0.0,92.0,8.22,13.03,260.0,1005.0,1,804,Clouds,overcast clouds,04d
2025-07-24 17:02:19,Kien Giang-Rach Gia,Rach Gia,29.5,29.5,29.5,77.0,35.43,10000.0,0.18,92.0,8.22,13.03,260.0,1005.0,1,500,Rain,light rain,10d
2025-07-24 17:06:05,Kien Giang-Rach Gia,Rach Gia,29.5,29.5,29.5,77.0,35.43,10000.0,0.0,92.0,8.22,13.03,260.0,1005.0,1,804,Clouds,overcast clouds,04d
2025-07-24 17:09:51,Kien Giang-Rach Gia,Rach Gia,29.52,29.52,29.52,77.0,35.49,10000.0,0.0,92.0,8.22,13.03,260.0,1005.0,1,804,Clouds,overcast clouds,04d
2025-07-24 17:13:38,Kien Giang-Rach Gia,Rach Gia,29.52,29.52,29.52,77.0,35.49,10000.0,0.0,92.0,8.22,13.03,260.0,1005.0,1,804,Clouds,overcast clouds,04d
2025-07-24 17:17:24,Kien Giang-Rach Gia,Rach Gia,29.52,29.52,29.52,77.0,35.49,10000.0,0.0,92.0,8.22,13.03,260.0,1005.0,1,804,Clouds,overcast clouds,04d
2025-07-24 17:21:12,Kien Giang-Rach Gia,Rach Gia,29.52,29.52,29.52,77.0,35.49,10000.0,0.0,92.0,8.22,13.03,260.0,1005.0,1,804,Clouds,overcast clouds,04d
2025-07-24 17:24:59,Kien Giang-Rach Gia,Rach Gia,29.52,29.52,29.52,77.0,35.49,10000.0,0.0,92.0,8.22,13.03,260.0,1005.0,1,804,Clouds,overcast clouds,04d
2025-07-24 17:28:45,Kien Giang-Rach Gia,Rach Gia,29.52,29.52,29.52,77.0,35.49,10000.0,0.0,92.0,8.22,13.03,260.0,1005.0,1,804,Clouds,overcast clouds,04d
2025-07-24 17:32:32,Kien Giang-Rach Gia,Rach Gia,29.21,29.21,29.21,78.0,34.88,10000.0,0.0,95.0,8.56,13.38,263.0,1005.0,1,804,Clouds,overcast clouds,04d
2025-07-24 17:36:18,Kien Giang-Rach Gia,Rach Gia,29.52,29.52,29.52,77.0,35.49,10000.0,0.0,92.0,8.22,13.03,260.0,1005.0,1,804,Clouds,overcast clouds,04d
2025-07-24 17:40:09,Kien Giang-Rach Gia,Rach Gia,29.21,29.21,29.21,78.0,34.88,10000.0,0.0,95.0,8.56,13.38,263.0,1005.0,1,804,Clouds,overcast clouds,04d
2025-07-24 17:43:56,Kien Giang-Rach Gia,Rach Gia,29.21,29.21,29.21,78.0,34.88,10000.0,0.0,95.0,8.56,13.38,263.0,1005.0,1,804,Clouds,overcast clouds,04d
2025-07-24 17:47:42,Kien Giang-Rach Gia,Rach Gia,29.21,29.21,29.21,78.0,34.88,10000.0,0.0,95.0,8.56,13.38,263.0,1005.0,1,804,Clouds,overcast clouds,04d
2025-07-24 17:51:28,Kien Giang-Rach Gia,Rach Gia,29.21,29.21,29.21,78.0,34.88,10000.0,0.0,95.0,8.56,13.38,263.0,1005.0,1,804,Clouds,overcast clouds,04d
2025-07-24 17:55:15,Kien Giang-Rach Gia,Rach Gia,29.21,29.21,29.21,78.0,34.88,10000.0,0.0,95.0,8.56,13.38,263.0,1005.0,1,804,Clouds,overcast clouds,04d
2025-07-24 17:59:02,Kien Giang-Rach Gia,Rach Gia,29.21,29.21,29.21,78.0,34.88,10000.0,0.0,95.0,8.56,13.38,263.0,1005.0,1,804,Clouds,overcast clouds,04d
2025-07-24 18:02:49,Kien Giang-Rach Gia,Rach Gia,29.21,29.21,29.21,78.0,34.88,10000.0,0.0,95.0,8.56,13.38,263.0,1005.0,1,804,Clouds,overcast clouds,04d
2025-07-24 18:06:35,Kien Giang-Rach Gia,Rach Gia,29.18,29.18,29.18,78.0,34.8,10000.0,0.0,95.0,8.56,13.38,263.0,1005.0,1,804,Clouds,overcast clouds,04d
2025-07-24 18:10:23,Kien Giang-Rach Gia,Rach Gia,29.18,29.18,29.18,78.0,34.8,10000.0,0.0,95.0,8.56,13.38,263.0,1005.0,1,804,Clouds,overcast clouds,04d
2025-07-24 18:14:10,Kien Giang-Rach Gia,Rach Gia,29.18,29.18,29.18,78.0,34.8,10000.0,0.0,95.0,8.56,13.38,263.0,1005.0,1,804,Clouds,overcast clouds,04d
2025-07-24 18:17:57,Kien Giang-Rach Gia,Rach Gia,29.18,29.18,29.18,78.0,34.8,10000.0,0.0,95.0,8.56,13.38,263.0,1005.0,1,804,Clouds,overcast clouds,04d
2025-07-24 18:21:45,Kien Giang-Rach Gia,Rach Gia,29.18,29.18,29.18,78.0,34.8,10000.0,0.0,95.0,8.56,13.38,263.0,1005.0,1,804,Clouds,overcast clouds,04d
2025-07-24 18:26:52,Kien Giang-Rach Gia,Rach Gia,29.18,29.18,29.18,78.0,34.8,10000.0,0.0,95.0,8.56,13.38,263.0,1005.0,0,804,Clouds,overcast clouds,04d
2025-07-24 18:30:39,Kien Giang-Rach Gia,Rach Gia,28.98,28.98,28.98,78.0,34.26,10000.0,0.0,95.0,7.84,12.63,267.0,1006.0,0,804,Clouds,overcast clouds,04n
2025-07-24 18:34:26,Kien Giang-Rach Gia,Rach Gia,28.98,28.98,28.98,78.0,34.26,10000.0,0.0,95.0,7.84,12.63,267.0,1006.0,0,804,Clouds,overcast clouds,04n
2025-07-24 18:38:12,Kien Giang-Rach Gia,Rach Gia,28.98,28.98,28.98,78.0,34.26,10000.0,0.0,95.0,7.84,12.63,267.0,1006.0,0,804,Clouds,overcast clouds,04n
2025-07-24 18:41:59,Kien Giang-Rach Gia,Rach Gia,28.98,28.98,28.98,78.0,34.26,10000.0,0.0,95.0,7.84,12.63,267.0,1006.0,0,804,Clouds,overcast clouds,04n
2025-07-24 18:45:45,Kien Giang-Rach Gia,Rach Gia,28.98,28.98,28.98,78.0,34.26,10000.0,0.0,95.0,7.84,12.63,267.0,1006.0,0,804,Clouds,overcast clouds,04n
2025-07-24 18:49:32,Kien Giang-Rach Gia,Rach Gia,28.94,28.94,28.94,78.0,34.15,10000.0,0.0,95.0,7.84,12.63,267.0,1006.0,0,804,Clouds,overcast clouds,04n
2025-07-24 18:53:18,Kien Giang-Rach Gia,Rach Gia,28.94,28.94,28.94,78.0,34.15,10000.0,0.0,95.0,7.84,12.63,267.0,1006.0,0,804,Clouds,overcast clouds,04n
2025-07-24 18:57:05,Kien Giang-Rach Gia,Rach Gia,28.94,28.94,28.94,78.0,34.15,10000.0,0.0,95.0,7.84,12.63,267.0,1006.0,0,804,Clouds,overcast clouds,04n
2025-07-24 19:00:51,Kien Giang-Rach Gia,Rach Gia,28.94,28.94,28.94,78.0,34.15,10000.0,0.0,95.0,7.84,12.63,267.0,1006.0,0,804,Clouds,overcast clouds,04n
2025-07-24 19:04:37,Kien Giang-Rach Gia,Rach Gia,28.94,28.94,28.94,78.0,34.15,10000.0,0.0,95.0,7.84,12.63,267.0,1006.0,0,804,Clouds,overcast clouds,04n
2025-07-24 19:08:23,Kien Giang-Rach Gia,Rach Gia,28.94,28.94,28.94,78.0,34.15,10000.0,0.0,95.0,7.84,12.63,267.0,1006.0,0,804,Clouds,overcast clouds,04n
2025-07-24 19:12:10,Kien Giang-Rach Gia,Rach Gia,28.94,28.94,28.94,78.0,34.15,10000.0,0.0,95.0,7.84,12.63,267.0,1006.0,0,804,Clouds,overcast clouds,04n
2025-07-24 19:15:56,Kien Giang-Rach Gia,Rach Gia,28.94,28.94,28.94,78.0,34.15,10000.0,0.0,95.0,7.84,12.63,267.0,1006.0,0,804,Clouds,overcast clouds,04n
2025-07-24 19:19:42,Kien Giang-Rach Gia,Rach Gia,28.94,28.94,28.94,78.0,34.15,10000.0,0.0,95.0,7.84,12.63,267.0,1006.0,0,804,Clouds,overcast clouds,04n
2025-07-24 19:23:29,Kien Giang-Rach Gia,Rach Gia,28.94,28.94,28.94,78.0,34.15,10000.0,0.0,95.0,7.84,12.63,267.0,1006.0,0,804,Clouds,overcast clouds,04n
2025-07-24 19:27:15,Kien Giang-Rach Gia,Rach Gia,28.94,28.94,28.94,78.0,34.15,10000.0,0.0,95.0,7.84,12.63,267.0,1006.0,0,804,Clouds,overcast clouds,04n
2025-07-24 19:31:02,Kien Giang-Rach Gia,Rach Gia,28.94,28.94,28.94,78.0,34.15,10000.0,0.0,95.0,7.84,12.63,267.0,1006.0,0,804,Clouds,overcast clouds,04n
2025-07-24 19:34:48,Kien Giang-Rach Gia,Rach Gia,28.94,28.94,28.94,78.0,34.15,10000.0,0.0,95.0,7.84,12.63,267.0,1006.0,0,804,Clouds,overcast clouds,04n
2025-07-24 19:38:35,Kien Giang-Rach Gia,Rach Gia,28.71,28.71,28.71,78.0,33.55,10000.0,0.0,100.0,7.45,12.1,269.0,1007.0,0,804,Clouds,overcast clouds,04n
2025-07-24 19:42:21,Kien Giang-Rach Gia,Rach Gia,28.71,28.71,28.71,78.0,33.55,10000.0,0.0,100.0,7.45,12.1,269.0,1007.0,0,804,Clouds,overcast clouds,04n
2025-07-24 19:46:09,Kien Giang-Rach Gia,Rach Gia,28.71,28.71,28.71,78.0,33.55,10000.0,0.0,100.0,7.45,12.1,269.0,1007.0,0,804,Clouds,overcast clouds,04n
2025-07-24 19:49:56,Kien Giang-Rach Gia,Rach Gia,28.71,28.71,28.71,78.0,33.55,10000.0,0.0,100.0,7.45,12.1,269.0,1007.0,0,804,Clouds,overcast clouds,04n
2025-07-24 19:53:44,Kien Giang-Rach Gia,Rach Gia,28.71,28.71,28.71,78.0,33.55,10000.0,0.0,100.0,7.45,12.1,269.0,1007.0,0,804,Clouds,overcast clouds,04n
2025-07-24 19:57:31,Kien Giang-Rach Gia,Rach Gia,28.71,28.71,28.71,78.0,33.55,10000.0,0.0,100.0,7.45,12.1,269.0,1007.0,0,804,Clouds,overcast clouds,04n
2025-07-24 20:01:20,Kien Giang-Rach Gia,Rach Gia,28.71,28.71,28.71,78.0,33.55,10000.0,0.0,100.0,7.45,12.1,269.0,1007.0,0,804,Clouds,overcast clouds,04n
2025-07-24 20:05:07,Kien Giang-Rach Gia,Rach Gia,28.71,28.71,28.71,78.0,33.55,10000.0,0.0,100.0,7.45,12.1,269.0,1007.0,0,804,Clouds,overcast clouds,04n
2025-07-24 20:08:55,Kien Giang-Rach Gia,Rach Gia,28.82,28.82,28.82,76.0,33.45,10000.0,0.0,100.0,7.45,12.1,269.0,1007.0,0,804,Clouds,overcast clouds,04n
2025-07-24 20:12:41,Kien Giang-Rach Gia,Rach Gia,28.82,28.82,28.82,76.0,33.45,10000.0,0.0,100.0,7.45,12.1,269.0,1007.0,0,804,Clouds,overcast clouds,04n
2025-07-24 20:16:29,Kien Giang-Rach Gia,Rach Gia,28.82,28.82,28.82,76.0,33.45,10000.0,0.0,100.0,7.45,12.1,269.0,1007.0,0,804,Clouds,overcast clouds,04n
2025-07-24 20:20:18,Kien Giang-Rach Gia,Rach Gia,28.82,28.82,28.82,76.0,33.45,10000.0,0.0,100.0,7.45,12.1,269.0,1007.0,0,804,Clouds,overcast clouds,04n
2025-07-24 20:24:06,Kien Giang-Rach Gia,Rach Gia,28.82,28.82,28.82,76.0,33.45,10000.0,0.0,100.0,7.45,12.1,269.0,1007.0,0,804,Clouds,overcast clouds,04n
2025-07-24 20:27:52,Kien Giang-Rach Gia,Rach Gia,28.82,28.82,28.82,76.0,33.45,10000.0,0.0,100.0,7.45,12.1,269.0,1007.0,0,804,Clouds,overcast clouds,04n
2025-07-24 20:31:39,Kien Giang-Rach Gia,Rach Gia,28.82,28.82,28.82,76.0,33.45,10000.0,0.0,100.0,7.45,12.1,269.0,1007.0,0,804,Clouds,overcast clouds,04n
2025-07-24 20:35:25,Kien Giang-Rach Gia,Rach Gia,28.51,28.51,28.51,77.0,32.87,10000.0,0.0,98.0,7.35,12.18,269.0,1008.0,0,804,Clouds,overcast clouds,04n
2025-07-24 20:39:11,Kien Giang-Rach Gia,Rach Gia,28.51,28.51,28.51,77.0,32.87,10000.0,0.0,98.0,7.35,12.18,269.0,1008.0,0,804,Clouds,overcast clouds,04n
2025-07-24 20:42:57,Kien Giang-Rach Gia,Rach Gia,28.51,28.51,28.51,77.0,32.87,10000.0,0.0,98.0,7.35,12.18,269.0,1008.0,0,804,Clouds,overcast clouds,04n
2025-07-24 20:46:43,Kien Giang-Rach Gia,Rach Gia,28.46,28.46,28.46,77.0,32.74,10000.0,0.0,98.0,7.35,12.18,269.0,1008.0,0,804,Clouds,overcast clouds,04n
2025-07-24 20:50:31,Kien Giang-Rach Gia,Rach Gia,28.46,28.46,28.46,77.0,32.74,10000.0,0.0,98.0,7.35,12.18,269.0,1008.0,0,804,Clouds,overcast clouds,04n
2025-07-24 20:54:17,Kien Giang-Rach Gia,Rach Gia,28.46,28.46,28.46,77.0,32.74,10000.0,0.0,98.0,7.35,12.18,269.0,1008.0,0,804,Clouds,overcast clouds,04n
2025-07-24 20:58:07,Kien Giang-Rach Gia,Rach Gia,28.46,28.46,28.46,77.0,32.74,10000.0,0.0,98.0,7.35,12.18,269.0,1008.0,0,804,Clouds,overcast clouds,04n
2025-07-24 21:01:54,Kien Giang-Rach Gia,Rach Gia,28.46,28.46,28.46,77.0,32.74,10000.0,0.0,98.0,7.35,12.18,269.0,1008.0,0,804,Clouds,overcast clouds,04n
2025-07-24 21:05:46,Kien Giang-Rach Gia,Rach Gia,28.44,28.44,28.44,77.0,32.69,10000.0,0.0,98.0,7.35,12.18,269.0,1008.0,0,804,Clouds,overcast clouds,04n
2025-07-24 21:09:32,Kien Giang-Rach Gia,Rach Gia,28.44,28.44,28.44,77.0,32.69,10000.0,0.0,98.0,7.35,12.18,269.0,1008.0,0,804,Clouds,overcast clouds,04n
2025-07-24 21:13:18,Kien Giang-Rach Gia,Rach Gia,28.44,28.44,28.44,77.0,32.69,10000.0,0.0,98.0,7.35,12.18,269.0,1008.0,0,804,Clouds,overcast clouds,04n
2025-07-24 21:17:04,Kien Giang-Rach Gia,Rach Gia,28.44,28.44,28.44,77.0,32.69,10000.0,0.0,98.0,7.35,12.18,269.0,1008.0,0,804,Clouds,overcast clouds,04n
2025-07-24 21:20:50,Kien Giang-Rach Gia,Rach Gia,28.44,28.44,28.44,77.0,32.69,10000.0,0.0,98.0,7.35,12.18,269.0,1008.0,0,804,Clouds,overcast clouds,04n
2025-07-24 21:24:36,Kien Giang-Rach Gia,Rach Gia,28.44,28.44,28.44,77.0,32.69,10000.0,0.0,98.0,7.35,12.18,269.0,1008.0,0,804,Clouds,overcast clouds,04n
2025-07-24 21:28:23,Kien Giang-Rach Gia,Rach Gia,28.44,28.44,28.44,77.0,32.69,10000.0,0.0,98.0,7.35,12.18,269.0,1008.0,0,804,Clouds,overcast clouds,04n
2025-07-24 21:32:10,Kien Giang-Rach Gia,Rach Gia,28.44,28.44,28.44,77.0,32.69,10000.0,0.0,98.0,7.35,12.18,269.0,1008.0,0,804,Clouds,overcast clouds,04n
2025-07-24 21:35:56,Kien Giang-Rach Gia,Rach Gia,28.51,28.51,28.51,77.0,32.87,10000.0,0.0,99.0,7.45,12.5,273.0,1008.0,0,804,Clouds,overcast clouds,04n
2025-07-24 21:39:42,Kien Giang-Rach Gia,Rach Gia,28.51,28.51,28.51,77.0,32.87,10000.0,0.0,99.0,7.45,12.5,273.0,1008.0,0,804,Clouds,overcast clouds,04n
2025-07-24 21:43:29,Kien Giang-Rach Gia,Rach Gia,28.51,28.51,28.51,77.0,32.87,10000.0,0.0,99.0,7.45,12.5,273.0,1008.0,0,804,Clouds,overcast clouds,04n
2025-07-24 21:47:16,Kien Giang-Rach Gia,Rach Gia,28.51,28.51,28.51,77.0,32.87,10000.0,0.0,99.0,7.45,12.5,273.0,1008.0,0,804,Clouds,overcast clouds,04n
2025-07-24 21:51:04,Kien Giang-Rach Gia,Rach Gia,28.52,28.52,28.52,77.0,32.89,10000.0,0.0,99.0,7.45,12.5,273.0,1008.0,0,804,Clouds,overcast clouds,04n
2025-07-24 21:54:51,Kien Giang-Rach Gia,Rach Gia,28.52,28.52,28.52,77.0,32.89,10000.0,0.0,99.0,7.45,12.5,273.0,1008.0,0,804,Clouds,overcast clouds,04n
2025-07-24 21:58:38,Kien Giang-Rach Gia,Rach Gia,28.52,28.52,28.52,77.0,32.89,10000.0,0.0,99.0,7.45,12.5,273.0,1008.0,0,804,Clouds,overcast clouds,04n
2025-07-24 22:02:25,Kien Giang-Rach Gia,Rach Gia,28.52,28.52,28.52,77.0,32.89,10000.0,0.0,99.0,7.45,12.5,273.0,1008.0,0,804,Clouds,overcast clouds,04n
2025-07-24 22:06:11,Kien Giang-Rach Gia,Rach Gia,28.5,28.5,28.5,77.0,32.84,10000.0,0.0,99.0,7.45,12.5,273.0,1008.0,0,804,Clouds,overcast clouds,04n
2025-07-24 22:09:58,Kien Giang-Rach Gia,Rach Gia,28.5,28.5,28.5,77.0,32.84,10000.0,0.0,99.0,7.45,12.5,273.0,1008.0,0,804,Clouds,overcast clouds,04n
2025-07-24 22:13:47,Kien Giang-Rach Gia,Rach Gia,28.5,28.5,28.5,77.0,32.84,10000.0,0.0,99.0,7.45,12.5,273.0,1008.0,0,804,Clouds,overcast clouds,04n
2025-07-24 22:17:34,Kien Giang-Rach Gia,Rach Gia,28.5,28.5,28.5,77.0,32.84,10000.0,0.0,99.0,7.45,12.5,273.0,1008.0,0,804,Clouds,overcast clouds,04n
2025-07-24 22:21:20,Kien Giang-Rach Gia,Rach Gia,28.5,28.5,28.5,77.0,32.84,10000.0,0.0,99.0,7.45,12.5,273.0,1008.0,0,804,Clouds,overcast clouds,04n
2025-07-24 22:25:08,Kien Giang-Rach Gia,Rach Gia,28.5,28.5,28.5,77.0,32.84,10000.0,0.0,99.0,7.45,12.5,273.0,1008.0,0,804,Clouds,overcast clouds,04n
2025-07-24 22:28:57,Kien Giang-Rach Gia,Rach Gia,28.5,28.5,28.5,77.0,32.84,10000.0,0.0,99.0,7.45,12.5,273.0,1008.0,0,804,Clouds,overcast clouds,04n
2025-07-24 22:32:43,Kien Giang-Rach Gia,Rach Gia,28.5,28.5,28.5,77.0,32.84,10000.0,0.0,99.0,7.45,12.5,273.0,1008.0,0,804,Clouds,overcast clouds,04n
2025-07-24 22:36:30,Kien Giang-Rach Gia,Rach Gia,28.5,28.5,28.5,77.0,32.84,10000.0,0.0,99.0,7.45,12.5,273.0,1008.0,0,804,Clouds,overcast clouds,04n
2025-07-24 22:40:20,Kien Giang-Rach Gia,Rach Gia,28.5,28.5,28.5,77.0,32.84,10000.0,0.0,99.0,7.45,12.5,273.0,1008.0,0,804,Clouds,overcast clouds,04n
2025-07-24 22:44:10,Kien Giang-Rach Gia,Rach Gia,28.37,28.37,28.37,77.0,32.52,10000.0,0.0,99.0,7.11,12.29,272.0,1008.0,0,804,Clouds,overcast clouds,04n
2025-07-25 11:54:52,Kien Giang-Rach Gia,Rach Gia,30.07,30.07,30.07,73.0,35.97,10000.0,0.0,81.0,8.18,12.91,274.0,1007.0,1,803,Clouds,broken clouds,04d
2025-07-25 11:58:38,Kien Giang-Rach Gia,Rach Gia,30.07,30.07,30.07,73.0,35.97,10000.0,0.0,81.0,8.18,12.91,274.0,1007.0,1,803,Clouds,broken clouds,04d
2025-07-25 12:02:23,Kien Giang-Rach Gia,Rach Gia,30.07,30.07,30.07,73.0,35.97,10000.0,0.0,81.0,8.18,12.91,274.0,1007.0,1,803,Clouds,broken clouds,04d
2025-07-25 12:06:08,Kien Giang-Rach Gia,Rach Gia,30.09,30.09,30.09,73.0,36.02,10000.0,0.0,81.0,8.18,12.91,274.0,1007.0,1,803,Clouds,broken clouds,04d
2025-07-25 12:09:54,Kien Giang-Rach Gia,Rach Gia,30.09,30.09,30.09,73.0,36.02,10000.0,0.0,81.0,8.18,12.91,274.0,1007.0,1,803,Clouds,broken clouds,04d
2025-07-25 12:13:40,Kien Giang-Rach Gia,Rach Gia,30.09,30.09,30.09,73.0,36.02,10000.0,0.0,81.0,8.18,12.91,274.0,1007.0,1,803,Clouds,broken clouds,04d
2025-07-25 12:17:25,Kien Giang-Rach Gia,Rach Gia,30.09,30.09,30.09,73.0,36.02,10000.0,0.0,81.0,8.18,12.91,274.0,1007.0,1,803,Clouds,broken clouds,04d
2025-07-25 12:21:11,Kien Giang-Rach Gia,Rach Gia,30.09,30.09,30.09,73.0,36.02,10000.0,0.0,81.0,8.18,12.91,274.0,1007.0,1,803,Clouds,broken clouds,04d
2025-07-25 12:24:57,Kien Giang-Rach Gia,Rach Gia,30.09,30.09,30.09,73.0,36.02,10000.0,0.0,81.0,8.18,12.91,274.0,1007.0,1,803,Clouds,broken clouds,04d
2025-07-25 12:28:42,Kien Giang-Rach Gia,Rach Gia,30.09,30.09,30.09,73.0,36.02,10000.0,0.0,81.0,8.18,12.91,274.0,1007.0,1,803,Clouds,broken clouds,04d
2025-07-25 12:32:28,Kien Giang-Rach Gia,Rach Gia,30.09,30.09,30.09,73.0,36.02,10000.0,0.0,81.0,8.18,12.91,274.0,1007.0,1,803,Clouds,broken clouds,04d
2025-07-25 12:36:14,Kien Giang-Rach Gia,Rach Gia,30.22,30.22,30.22,73.0,36.36,10000.0,0.0,85.0,8.49,12.57,268.0,1007.0,1,804,Clouds,overcast clouds,04d
2025-07-25 12:40:00,Kien Giang-Rach Gia,Rach Gia,30.22,30.22,30.22,73.0,36.36,10000.0,0.0,85.0,8.49,12.57,268.0,1007.0,1,804,Clouds,overcast clouds,04d
2025-07-25 12:43:45,Kien Giang-Rach Gia,Rach Gia,30.22,30.22,30.22,73.0,36.36,10000.0,0.0,85.0,8.49,12.57,268.0,1007.0,1,804,Clouds,overcast clouds,04d
2025-07-25 12:47:31,Kien Giang-Rach Gia,Rach Gia,30.21,30.21,30.21,73.0,36.34,10000.0,0.0,85.0,8.49,12.57,268.0,1007.0,1,804,Clouds,overcast clouds,04d
2025-07-25 12:51:17,Kien Giang-Rach Gia,Rach Gia,30.21,30.21,30.21,73.0,36.34,10000.0,0.0,85.0,8.49,12.57,268.0,1007.0,1,804,Clouds,overcast clouds,04d
2025-07-25 12:55:02,Kien Giang-Rach Gia,Rach Gia,30.21,30.21,30.21,73.0,36.34,10000.0,0.0,85.0,8.49,12.57,268.0,1007.0,1,804,Clouds,overcast clouds,04d
2025-07-25 12:58:48,Kien Giang-Rach Gia,Rach Gia,30.21,30.21,30.21,73.0,36.34,10000.0,0.0,69.0,8.8,12.26,265.0,1007.0,1,803,Clouds,broken clouds,04d
2025-07-25 13:02:34,Kien Giang-Rach Gia,Rach Gia,30.21,30.21,30.21,73.0,36.34,10000.0,0.0,69.0,8.8,12.26,265.0,1007.0,1,803,Clouds,broken clouds,04d
2025-07-25 13:06:19,Kien Giang-Rach Gia,Rach Gia,30.21,30.21,30.21,73.0,36.34,10000.0,0.0,69.0,8.8,12.26,265.0,1007.0,1,803,Clouds,broken clouds,04d
2025-07-25 13:10:05,Kien Giang-Rach Gia,Rach Gia,30.21,30.21,30.21,73.0,36.34,10000.0,0.0,69.0,8.8,12.26,265.0,1007.0,1,803,Clouds,broken clouds,04d
2025-07-25 13:13:51,Kien Giang-Rach Gia,Rach Gia,30.21,30.21,30.21,73.0,36.34,10000.0,0.0,69.0,8.8,12.26,265.0,1007.0,1,803,Clouds,broken clouds,04d
2025-07-25 13:17:37,Kien Giang-Rach Gia,Rach Gia,30.21,30.21,30.21,73.0,36.34,10000.0,0.0,69.0,8.8,12.26,265.0,1007.0,1,803,Clouds,broken clouds,04d
2025-07-25 13:21:22,Kien Giang-Rach Gia,Rach Gia,30.21,30.21,30.21,73.0,36.34,10000.0,0.0,69.0,8.8,12.26,265.0,1007.0,1,803,Clouds,broken clouds,04d
2025-07-25 13:25:08,Kien Giang-Rach Gia,Rach Gia,30.21,30.21,30.21,73.0,36.34,10000.0,0.0,69.0,8.8,12.26,265.0,1007.0,1,803,Clouds,broken clouds,04d
2025-07-25 13:28:53,Kien Giang-Rach Gia,Rach Gia,30.21,30.21,30.21,73.0,36.34,10000.0,0.0,69.0,8.8,12.26,265.0,1007.0,1,803,Clouds,broken clouds,04d
2025-07-25 13:32:40,Kien Giang-Rach Gia,Rach Gia,29.96,29.96,29.96,72.0,35.43,10000.0,0.0,28.0,8.91,12.09,262.0,1006.0,1,802,Clouds,scattered clouds,03d
2025-07-25 13:36:25,Kien Giang-Rach Gia,Rach Gia,30.21,30.21,30.21,73.0,36.34,10000.0,0.0,69.0,8.8,12.26,265.0,1007.0,1,803,Clouds,broken clouds,04d
2025-07-25 13:40:11,Kien Giang-Rach Gia,Rach Gia,30.13,30.13,30.13,72.0,35.86,10000.0,0.0,28.0,8.91,12.09,262.0,1006.0,1,802,Clouds,scattered clouds,03d
2025-07-25 13:43:57,Kien Giang-Rach Gia,Rach Gia,30.13,30.13,30.13,72.0,35.86,10000.0,0.0,28.0,8.91,12.09,262.0,1006.0,1,802,Clouds,scattered clouds,03d
2025-07-25 13:47:42,Kien Giang-Rach Gia,Rach Gia,30.13,30.13,30.13,72.0,35.86,10000.0,0.0,28.0,8.91,12.09,262.0,1006.0,1,802,Clouds,scattered clouds,03d
2025-07-25 13:51:28,Kien Giang-Rach Gia,Rach Gia,30.18,30.18,30.18,73.0,36.26,10000.0,0.0,28.0,8.91,12.09,262.0,1006.0,1,802,Clouds,scattered clouds,03d
2025-07-25 13:55:14,Kien Giang-Rach Gia,Rach Gia,30.18,30.18,30.18,73.0,36.26,10000.0,0.0,28.0,8.91,12.09,262.0,1006.0,1,802,Clouds,scattered clouds,03d
2025-07-25 13:58:59,Kien Giang-Rach Gia,Rach Gia,30.18,30.18,30.18,73.0,36.26,10000.0,0.0,28.0,8.91,12.09,262.0,1006.0,1,802,Clouds,scattered clouds,03d
2025-07-25 14:02:45,Kien Giang-Rach Gia,Rach Gia,30.23,30.23,30.23,73.0,36.39,10000.0,0.0,28.0,8.91,12.09,262.0,1006.0,1,802,Clouds,scattered clouds,03d
2025-07-25 14:06:33,Kien Giang-Rach Gia,Rach Gia,30.23,30.23,30.23,73.0,36.39,10000.0,0.0,28.0,8.91,12.09,262.0,1006.0,1,802,Clouds,scattered clouds,03d
2025-07-25 14:10:18,Kien Giang-Rach Gia,Rach Gia,30.23,30.23,30.23,73.0,36.39,10000.0,0.0,28.0,8.91,12.09,262.0,1006.0,1,802,Clouds,scattered clouds,03d
2025-07-25 14:14:04,Kien Giang-Rach Gia,Rach Gia,30.23,30.23,30.23,73.0,36.39,10000.0,0.0,28.0,8.91,12.09,262.0,1006.0,1,802,Clouds,scattered clouds,03d
2025-07-25 14:17:50,Kien Giang-Rach Gia,Rach Gia,30.23,30.23,30.23,73.0,36.39,10000.0,0.0,28.0,8.91,12.09,262.0,1006.0,1,802,Clouds,scattered clouds,03d
2025-07-25 14:21:37,Kien Giang-Rach Gia,Rach Gia,30.16,30.16,30.16,73.0,36.2,10000.0,0.0,28.0,8.91,12.09,262.0,1006.0,1,802,Clouds,scattered clouds,03d
2025-07-25 14:25:22,Kien Giang-Rach Gia,Rach Gia,30.16,30.16,30.16,73.0,36.2,10000.0,0.0,28.0,8.91,12.09,262.0,1006.0,1,802,Clouds,scattered clouds,03d
2025-07-25 14:29:08,Kien Giang-Rach Gia,Rach Gia,30.16,30.16,30.16,73.0,36.2,10000.0,0.0,28.0,8.91,12.09,262.0,1006.0,1,802,Clouds,scattered clouds,03d
2025-07-25 14:32:54,Kien Giang-Rach Gia,Rach Gia,30.0,30.0,30.0,74.0,36.04,10000.0,0.0,32.0,9.15,11.83,258.0,1006.0,1,802,Clouds,scattered clouds,03d
2025-07-25 14:36:40,Kien Giang-Rach Gia,Rach Gia,30.0,30.0,30.0,74.0,36.04,10000.0,0.0,32.0,9.15,11.83,258.0,1006.0,1,802,Clouds,scattered clouds,03d
2025-07-25 14:40:26,Kien Giang-Rach Gia,Rach Gia,30.0,30.0,30.0,74.0,36.04,10000.0,0.0,32.0,9.15,11.83,258.0,1006.0,1,802,Clouds,scattered clouds,03d
2025-07-25 14:44:11,Kien Giang-Rach Gia,Rach Gia,30.0,30.0,30.0,74.0,36.04,10000.0,0.0,32.0,9.15,11.83,258.0,1006.0,1,802,Clouds,scattered clouds,03d
2025-07-25 14:47:57,Kien Giang-Rach Gia,Rach Gia,30.0,30.0,30.0,74.0,36.04,10000.0,0.0,32.0,9.15,11.83,258.0,1006.0,1,802,Clouds,scattered clouds,03d
2025-07-25 14:51:43,Kien Giang-Rach Gia,Rach Gia,30.0,30.0,30.0,74.0,36.04,10000.0,0.0,32.0,9.15,11.83,258.0,1006.0,1,802,Clouds,scattered clouds,03d
2025-07-25 14:55:28,Kien Giang-Rach Gia,Rach Gia,30.0,30.0,30.0,74.0,36.04,10000.0,0.0,32.0,9.15,11.83,258.0,1006.0,1,802,Clouds,scattered clouds,03d
2025-07-25 14:59:14,Kien Giang-Rach Gia,Rach Gia,30.0,30.0,30.0,74.0,36.04,10000.0,0.0,32.0,9.15,11.83,258.0,1006.0,1,802,Clouds,scattered clouds,03d
2025-07-25 15:03:00,Kien Giang-Rach Gia,Rach Gia,30.03,30.03,30.03,74.0,36.12,10000.0,0.0,32.0,9.15,11.83,258.0,1006.0,1,802,Clouds,scattered clouds,03d
2025-07-25 15:06:46,Kien Giang-Rach Gia,Rach Gia,30.03,30.03,30.03,74.0,36.12,10000.0,0.0,32.0,9.15,11.83,258.0,1006.0,1,802,Clouds,scattered clouds,03d
2025-07-25 15:10:31,Kien Giang-Rach Gia,Rach Gia,30.03,30.03,30.03,74.0,36.12,10000.0,0.0,32.0,9.15,11.83,258.0,1006.0,1,802,Clouds,scattered clouds,03d
2025-07-25 15:14:17,Kien Giang-Rach Gia,Rach Gia,30.03,30.03,30.03,74.0,36.12,10000.0,0.0,32.0,9.15,11.83,258.0,1006.0,1,802,Clouds,scattered clouds,03d
2025-07-25 15:18:03,Kien Giang-Rach Gia,Rach Gia,30.03,30.03,30.03,74.0,36.12,10000.0,0.0,32.0,9.15,11.83,258.0,1006.0,1,802,Clouds,scattered clouds,03d
2025-07-25 15:21:49,Kien Giang-Rach Gia,Rach Gia,30.03,30.03,30.03,74.0,36.12,10000.0,0.0,32.0,9.15,11.83,258.0,1006.0,1,802,Clouds,scattered clouds,03d
2025-07-25 15:25:34,Kien Giang-Rach Gia,Rach Gia,30.03,30.03,30.03,74.0,36.12,10000.0,0.0,32.0,9.15,11.83,258.0,1006.0,1,802,Clouds,scattered clouds,03d
2025-07-25 15:29:20,Kien Giang-Rach Gia,Rach Gia,30.03,30.03,30.03,74.0,36.12,10000.0,0.0,32.0,9.15,11.83,258.0,1006.0,1,802,Clouds,scattered clouds,03d
2025-07-25 15:33:05,Kien Giang-Rach Gia,Rach Gia,29.58,29.58,29.58,75.0,35.17,10000.0,0.0,32.0,9.53,12.27,259.0,1005.0,1,802,Clouds,scattered clouds,03d
2025-07-25 15:36:51,Kien Giang-Rach Gia,Rach Gia,29.58,29.58,29.58,75.0,35.17,10000.0,0.0,32.0,9.53,12.27,259.0,1005.0,1,802,Clouds,scattered clouds,03d
2025-07-25 15:40:37,Kien Giang-Rach Gia,Rach Gia,29.58,29.58,29.58,75.0,35.17,10000.0,0.0,32.0,9.53,12.27,259.0,1005.0,1,802,Clouds,scattered clouds,03d
2025-07-25 15:44:23,Kien Giang-Rach Gia,Rach Gia,29.58,29.58,29.58,75.0,35.17,10000.0,0.0,32.0,9.53,12.27,259.0,1005.0,1,802,Clouds,scattered clouds,03d
2025-07-25 15:48:09,Kien Giang-Rach Gia,Rach Gia,29.58,29.58,29.58,75.0,35.17,10000.0,0.0,32.0,9.53,12.27,259.0,1005.0,1,802,Clouds,scattered clouds,03d
2025-07-25 15:51:54,Kien Giang-Rach Gia,Rach Gia,29.58,29.58,29.58,75.0,35.17,10000.0,0.0,32.0,9.53,12.27,259.0,1005.0,1,802,Clouds,scattered clouds,03d
2025-07-25 15:55:39,Kien Giang-Rach Gia,Rach Gia,29.58,29.58,29.58,75.0,35.17,10000.0,0.0,32.0,9.53,12.27,259.0,1005.0,1,802,Clouds,scattered clouds,03d
2025-07-25 15:59:25,Kien Giang-Rach Gia,Rach Gia,29.58,29.58,29.58,75.0,35.17,10000.0,0.0,32.0,9.53,12.27,259.0,1005.0,1,802,Clouds,scattered clouds,03d
2025-07-25 16:03:11,Kien Giang-Rach Gia,Rach Gia,29.58,29.58,29.58,75.0,35.17,10000.0,0.0,32.0,9.53,12.27,259.0,1005.0,1,802,Clouds,scattered clouds,03d
2025-07-25 16:06:56,Kien Giang-Rach Gia,Rach Gia,29.61,29.61,29.61,75.0,35.25,10000.0,0.0,32.0,9.53,12.27,259.0,1005.0,1,802,Clouds,scattered clouds,03d
2025-07-25 16:10:42,Kien Giang-Rach Gia,Rach Gia,29.61,29.61,29.61,75.0,35.25,10000.0,0.0,32.0,9.53,12.27,259.0,1005.0,1,802,Clouds,scattered clouds,03d
2025-07-25 16:14:27,Kien Giang-Rach Gia,Rach Gia,29.61,29.61,29.61,75.0,35.25,10000.0,0.0,32.0,9.53,12.27,259.0,1005.0,1,802,Clouds,scattered clouds,03d
2025-07-25 16:18:13,Kien Giang-Rach Gia,Rach Gia,29.61,29.61,29.61,75.0,35.25,10000.0,0.0,32.0,9.53,12.27,259.0,1005.0,1,802,Clouds,scattered clouds,03d
2025-07-25 16:21:59,Kien Giang-Rach Gia,Rach Gia,29.61,29.61,29.61,75.0,35.25,10000.0,0.0,32.0,9.53,12.27,259.0,1005.0,1,802,Clouds,scattered clouds,03d
2025-07-25 16:25:45,Kien Giang-Rach Gia,Rach Gia,29.61,29.61,29.61,75.0,35.25,10000.0,0.0,32.0,9.53,12.27,259.0,1005.0,1,802,Clouds,scattered clouds,03d
2025-07-25 16:29:30,Kien Giang-Rach Gia,Rach Gia,29.61,29.61,29.61,75.0,35.25,10000.0,0.0,32.0,9.53,12.27,259.0,1005.0,1,802,Clouds,scattered clouds,03d
2025-07-25 16:33:16,Kien Giang-Rach Gia,Rach Gia,29.61,29.61,29.61,75.0,35.25,10000.0,0.0,32.0,9.53,12.27,259.0,1005.0,1,802,Clouds,scattered clouds,03d
2025-07-25 16:37:02,Kien Giang-Rach Gia,Rach Gia,29.35,29.35,29.35,79.0,35.49,10000.0,0.0,31.0,9.43,12.65,260.0,1005.0,1,802,Clouds,scattered clouds,03d
2025-07-25 16:40:48,Kien Giang-Rach Gia,Rach Gia,29.35,29.35,29.35,79.0,35.49,10000.0,0.0,31.0,9.43,12.65,260.0,1005.0,1,802,Clouds,scattered clouds,03d
2025-07-25 16:44:33,Kien Giang-Rach Gia,Rach Gia,29.35,29.35,29.35,79.0,35.49,10000.0,0.0,31.0,9.43,12.65,260.0,1005.0,1,802,Clouds,scattered clouds,03d
2025-07-25 16:48:19,Kien Giang-Rach Gia,Rach Gia,29.35,29.35,29.35,79.0,35.49,10000.0,0.0,31.0,9.43,12.65,260.0,1005.0,1,802,Clouds,scattered clouds,03d
2025-07-25 16:52:05,Kien Giang-Rach Gia,Rach Gia,29.35,29.35,29.35,79.0,35.49,10000.0,0.0,31.0,9.43,12.65,260.0,1005.0,1,802,Clouds,scattered clouds,03d
2025-07-25 16:55:51,Kien Giang-Rach Gia,Rach Gia,29.35,29.35,29.35,79.0,35.49,10000.0,0.0,31.0,9.43,12.65,260.0,1005.0,1,802,Clouds,scattered clouds,03d
2025-07-25 16:59:37,Kien Giang-Rach Gia,Rach Gia,29.35,29.35,29.35,79.0,35.49,10000.0,0.0,31.0,9.43,12.65,260.0,1005.0,1,802,Clouds,scattered clouds,03d
2025-07-25 17:03:22,Kien Giang-Rach Gia,Rach Gia,29.35,29.35,29.35,79.0,35.49,10000.0,0.0,31.0,9.43,12.65,260.0,1005.0,1,802,Clouds,scattered clouds,03d
2025-07-25 17:07:08,Kien Giang-Rach Gia,Rach Gia,29.37,29.37,29.37,79.0,35.55,10000.0,0.0,31.0,9.43,12.65,260.0,1005.0,1,802,Clouds,scattered clouds,03d
2025-07-25 17:10:54,Kien Giang-Rach Gia,Rach Gia,29.37,29.37,29.37,79.0,35.55,10000.0,0.0,31.0,9.43,12.65,260.0,1005.0,1,802,Clouds,scattered clouds,03d
2025-07-25 17:14:39,Kien Giang-Rach Gia,Rach Gia,29.37,29.37,29.37,79.0,35.55,10000.0,0.0,31.0,9.43,12.65,260.0,1005.0,1,802,Clouds,scattered clouds,03d
2025-07-25 17:18:25,Kien Giang-Rach Gia,Rach Gia,29.37,29.37,29.37,79.0,35.55,10000.0,0.0,31.0,9.43,12.65,260.0,1005.0,1,802,Clouds,scattered clouds,03d
2025-07-25 17:22:11,Kien Giang-Rach Gia,Rach Gia,29.37,29.37,29.37,79.0,35.55,10000.0,0.0,31.0,9.43,12.65,260.0,1005.0,1,802,Clouds,scattered clouds,03d
2025-07-25 17:25:56,Kien Giang-Rach Gia,Rach Gia,29.37,29.37,29.37,79.0,35.55,10000.0,0.0,31.0,9.43,12.65,260.0,1005.0,1,802,Clouds,scattered clouds,03d
2025-07-25 17:29:42,Kien Giang-Rach Gia,Rach Gia,29.37,29.37,29.37,79.0,35.55,10000.0,0.0,31.0,9.43,12.65,260.0,1005.0,1,802,Clouds,scattered clouds,03d
2025-07-25 17:33:28,Kien Giang-Rach Gia,Rach Gia,28.92,28.92,28.92,80.0,34.52,10000.0,0.0,28.0,9.53,13.26,260.0,1006.0,1,802,Clouds,scattered clouds,03d
2025-07-25 17:37:14,Kien Giang-Rach Gia,Rach Gia,28.92,28.92,28.92,80.0,34.52,10000.0,0.0,28.0,9.53,13.26,260.0,1006.0,1,802,Clouds,scattered clouds,03d
2025-07-25 17:41:00,Kien Giang-Rach Gia,Rach Gia,28.92,28.92,28.92,80.0,34.52,10000.0,0.0,28.0,9.53,13.26,260.0,1006.0,1,802,Clouds,scattered clouds,03d
2025-07-25 17:44:46,Kien Giang-Rach Gia,Rach Gia,28.92,28.92,28.92,80.0,34.52,10000.0,0.0,28.0,9.53,13.26,260.0,1006.0,1,802,Clouds,scattered clouds,03d
2025-07-25 17:48:31,Kien Giang-Rach Gia,Rach Gia,28.92,28.92,28.92,80.0,34.52,10000.0,0.0,28.0,9.53,13.26,260.0,1006.0,1,802,Clouds,scattered clouds,03d
2025-07-25 17:52:17,Kien Giang-Rach Gia,Rach Gia,28.88,28.88,28.88,80.0,34.41,10000.0,0.0,28.0,9.53,13.26,260.0,1006.0,1,802,Clouds,scattered clouds,03d
2025-07-25 17:56:04,Kien Giang-Rach Gia,Rach Gia,28.88,28.88,28.88,80.0,34.41,10000.0,0.0,28.0,9.53,13.26,260.0,1006.0,1,802,Clouds,scattered clouds,03d
2025-07-25 17:59:50,Kien Giang-Rach Gia,Rach Gia,28.88,28.88,28.88,80.0,34.41,10000.0,0.0,28.0,9.53,13.26,260.0,1006.0,1,802,Clouds,scattered clouds,03d
2025-07-25 18:03:36,Kien Giang-Rach Gia,Rach Gia,28.88,28.88,28.88,80.0,34.41,10000.0,0.0,28.0,9.53,13.26,260.0,1006.0,1,802,Clouds,scattered clouds,03d
2025-07-25 18:07:22,Kien Giang-Rach Gia,Rach Gia,28.9,28.9,28.9,80.0,34.46,10000.0,0.0,28.0,9.53,13.26,260.0,1006.0,1,802,Clouds,scattered clouds,03d
2025-07-25 18:11:09,Kien Giang-Rach Gia,Rach Gia,28.9,28.9,28.9,80.0,34.46,10000.0,0.0,28.0,9.53,13.26,260.0,1006.0,1,802,Clouds,scattered clouds,03d
2025-07-25 18:14:54,Kien Giang-Rach Gia,Rach Gia,28.9,28.9,28.9,80.0,34.46,10000.0,0.0,28.0,9.53,13.26,260.0,1006.0,1,802,Clouds,scattered clouds,03d
2025-07-25 18:18:40,Kien Giang-Rach Gia,Rach Gia,28.9,28.9,28.9,80.0,34.46,10000.0,0.0,28.0,9.53,13.26,260.0,1006.0,1,802,Clouds,scattered clouds,03d
2025-07-25 18:22:26,Kien Giang-Rach Gia,Rach Gia,28.9,28.9,28.9,80.0,34.46,10000.0,0.0,28.0,9.53,13.26,260.0,1006.0,1,802,Clouds,scattered clouds,03d
2025-07-25 18:26:11,Kien Giang-Rach Gia,Rach Gia,28.9,28.9,28.9,80.0,34.46,10000.0,0.0,28.0,9.53,13.26,260.0,1006.0,0,802,Clouds,scattered clouds,03d
2025-07-25 18:29:57,Kien Giang-Rach Gia,Rach Gia,28.9,28.9,28.9,80.0,34.46,10000.0,0.0,28.0,9.53,13.26,260.0,1006.0,0,802,Clouds,scattered clouds,03n
2025-07-25 18:33:43,Kien Giang-Rach Gia,Rach Gia,28.9,28.9,28.9,80.0,34.46,10000.0,0.0,28.0,9.53,13.26,260.0,1006.0,0,802,Clouds,scattered clouds,03n
2025-07-25 18:37:28,Kien Giang-Rach Gia,Rach Gia,28.78,28.78,28.78,81.0,34.34,10000.0,0.0,31.0,9.37,13.34,262.0,1007.0,0,802,Clouds,scattered clouds,03n
2025-07-25 18:41:14,Kien Giang-Rach Gia,Rach Gia,28.78,28.78,28.78,81.0,34.34,10000.0,0.0,31.0,9.37,13.34,262.0,1007.0,0,802,Clouds,scattered clouds,03n
2025-07-25 18:45:00,Kien Giang-Rach Gia,Rach Gia,28.78,28.78,28.78,81.0,34.34,10000.0,0.0,31.0,9.37,13.34,262.0,1007.0,0,802,Clouds,scattered clouds,03n
2025-07-25 18:48:46,Kien Giang-Rach Gia,Rach Gia,28.78,28.78,28.78,81.0,34.34,10000.0,0.0,41.0,9.31,13.51,263.0,1007.0,0,802,Clouds,scattered clouds,03n
2025-07-25 18:52:32,Kien Giang-Rach Gia,Rach Gia,28.78,28.78,28.78,81.0,34.34,10000.0,0.0,41.0,9.31,13.51,263.0,1007.0,0,802,Clouds,scattered clouds,03n
2025-07-25 18:56:17,Kien Giang-Rach Gia,Rach Gia,28.78,28.78,28.78,81.0,34.34,10000.0,0.0,41.0,9.31,13.51,263.0,1007.0,0,802,Clouds,scattered clouds,03n
2025-07-25 19:00:04,Kien Giang-Rach Gia,Rach Gia,28.78,28.78,28.78,81.0,34.34,10000.0,0.0,41.0,9.31,13.51,263.0,1007.0,0,802,Clouds,scattered clouds,03n
2025-07-25 19:03:51,Kien Giang-Rach Gia,Rach Gia,28.78,28.78,28.78,81.0,34.34,10000.0,0.0,41.0,9.31,13.51,263.0,1007.0,0,802,Clouds,scattered clouds,03n
2025-07-25 19:07:37,Kien Giang-Rach Gia,Rach Gia,28.78,28.78,28.78,81.0,34.34,10000.0,0.0,41.0,9.31,13.51,263.0,1007.0,0,802,Clouds,scattered clouds,03n
2025-07-25 19:11:23,Kien Giang-Rach Gia,Rach Gia,28.78,28.78,28.78,81.0,34.34,10000.0,0.0,41.0,9.31,13.51,263.0,1007.0,0,802,Clouds,scattered clouds,03n
2025-07-25 19:15:09,Kien Giang-Rach Gia,Rach Gia,28.78,28.78,28.78,81.0,34.34,10000.0,0.0,41.0,9.31,13.51,263.0,1007.0,0,802,Clouds,scattered clouds,03n
2025-07-25 19:18:54,Kien Giang-Rach Gia,Rach Gia,28.78,28.78,28.78,81.0,34.34,10000.0,0.0,41.0,9.31,13.51,263.0,1007.0,0,802,Clouds,scattered clouds,03n
2025-07-25 19:22:40,Kien Giang-Rach Gia,Rach Gia,28.78,28.78,28.78,81.0,34.34,10000.0,0.0,41.0,9.31,13.51,263.0,1007.0,0,802,Clouds,scattered clouds,03n
2025-07-25 19:26:27,Kien Giang-Rach Gia,Rach Gia,28.78,28.78,28.78,81.0,34.34,10000.0,0.0,41.0,9.31,13.51,263.0,1007.0,0,802,Clouds,scattered clouds,03n
2025-07-25 19:30:12,Kien Giang-Rach Gia,Rach Gia,28.78,28.78,28.78,81.0,34.34,10000.0,0.0,41.0,9.31,13.51,263.0,1007.0,0,802,Clouds,scattered clouds,03n
2025-07-25 19:33:58,Kien Giang-Rach Gia,Rach Gia,28.78,28.78,28.78,81.0,34.34,10000.0,0.0,41.0,9.31,13.51,263.0,1007.0,0,802,Clouds,scattered clouds,03n
2025-07-25 19:37:44,Kien Giang-Rach Gia,Rach Gia,28.51,28.51,28.51,81.0,33.6,10000.0,0.0,98.0,9.39,13.59,261.0,1008.0,0,804,Clouds,overcast clouds,04n
2025-07-25 19:41:29,Kien Giang-Rach Gia,Rach Gia,28.51,28.51,28.51,81.0,33.6,10000.0,0.0,98.0,9.39,13.59,261.0,1008.0,0,804,Clouds,overcast clouds,04n
2025-07-25 19:45:15,Kien Giang-Rach Gia,Rach Gia,28.51,28.51,28.51,81.0,33.6,10000.0,0.0,98.0,9.39,13.59,261.0,1008.0,0,804,Clouds,overcast clouds,04n
2025-07-25 19:49:01,Kien Giang-Rach Gia,Rach Gia,28.51,28.51,28.51,81.0,33.6,10000.0,0.0,98.0,9.39,13.59,261.0,1008.0,0,804,Clouds,overcast clouds,04n
2025-07-25 19:52:47,Kien Giang-Rach Gia,Rach Gia,28.51,28.51,28.51,81.0,33.6,10000.0,0.0,98.0,9.39,13.59,261.0,1008.0,0,804,Clouds,overcast clouds,04n
2025-07-25 19:56:33,Kien Giang-Rach Gia,Rach Gia,28.51,28.51,28.51,81.0,33.6,10000.0,0.0,98.0,9.39,13.59,261.0,1008.0,0,804,Clouds,overcast clouds,04n
2025-07-25 20:00:20,Kien Giang-Rach Gia,Rach Gia,28.51,28.51,28.51,81.0,33.6,10000.0,0.0,98.0,9.39,13.59,261.0,1008.0,0,804,Clouds,overcast clouds,04n
2025-07-25 20:04:07,Kien Giang-Rach Gia,Rach Gia,28.51,28.51,28.51,81.0,33.6,10000.0,0.0,98.0,9.39,13.59,261.0,1008.0,0,804,Clouds,overcast clouds,04n
2025-07-25 20:07:52,Kien Giang-Rach Gia,Rach Gia,28.51,28.51,28.51,81.0,33.6,10000.0,0.0,98.0,9.39,13.59,261.0,1008.0,0,804,Clouds,overcast clouds,04n
2025-07-25 20:11:38,Kien Giang-Rach Gia,Rach Gia,28.52,28.52,28.52,81.0,33.63,10000.0,0.0,98.0,9.39,13.59,261.0,1008.0,0,804,Clouds,overcast clouds,04n
2025-07-25 20:15:24,Kien Giang-Rach Gia,Rach Gia,28.52,28.52,28.52,81.0,33.63,10000.0,0.0,98.0,9.39,13.59,261.0,1008.0,0,804,Clouds,overcast clouds,04n
2025-07-25 20:19:10,Kien Giang-Rach Gia,Rach Gia,28.52,28.52,28.52,81.0,33.63,10000.0,0.0,98.0,9.39,13.59,261.0,1008.0,0,804,Clouds,overcast clouds,04n
2025-07-25 20:22:56,Kien Giang-Rach Gia,Rach Gia,28.52,28.52,28.52,81.0,33.63,10000.0,0.0,98.0,9.39,13.59,261.0,1008.0,0,804,Clouds,overcast clouds,04n
2025-07-25 20:26:42,Kien Giang-Rach Gia,Rach Gia,28.52,28.52,28.52,81.0,33.63,10000.0,0.0,98.0,9.39,13.59,261.0,1008.0,0,804,Clouds,overcast clouds,04n
2025-07-25 20:30:28,Kien Giang-Rach Gia,Rach Gia,28.39,28.39,28.39,81.0,33.28,10000.0,0.0,99.0,9.21,13.06,261.0,1008.0,0,804,Clouds,overcast clouds,04n
2025-07-25 20:34:13,Kien Giang-Rach Gia,Rach Gia,28.39,28.39,28.39,81.0,33.28,10000.0,0.0,99.0,9.21,13.06,261.0,1008.0,0,804,Clouds,overcast clouds,04n
2025-07-25 20:37:59,Kien Giang-Rach Gia,Rach Gia,28.38,28.38,28.38,81.0,33.25,10000.0,0.0,99.0,9.21,13.06,261.0,1008.0,0,804,Clouds,overcast clouds,04n
2025-07-25 20:41:45,Kien Giang-Rach Gia,Rach Gia,28.38,28.38,28.38,81.0,33.25,10000.0,0.0,99.0,9.21,13.06,261.0,1008.0,0,804,Clouds,overcast clouds,04n
2025-07-25 20:45:31,Kien Giang-Rach Gia,Rach Gia,28.38,28.38,28.38,81.0,33.25,10000.0,0.0,99.0,9.21,13.06,261.0,1008.0,0,804,Clouds,overcast clouds,04n
2025-07-25 20:49:17,Kien Giang-Rach Gia,Rach Gia,28.33,28.33,28.33,81.0,33.12,10000.0,0.0,99.0,9.21,13.06,261.0,1008.0,0,804,Clouds,overcast clouds,04n
2025-07-25 20:53:04,Kien Giang-Rach Gia,Rach Gia,28.33,28.33,28.33,81.0,33.12,10000.0,0.0,99.0,9.21,13.06,261.0,1008.0,0,804,Clouds,overcast clouds,04n
2025-07-25 20:56:50,Kien Giang-Rach Gia,Rach Gia,28.33,28.33,28.33,81.0,33.12,10000.0,0.0,99.0,9.21,13.06,261.0,1008.0,0,804,Clouds,overcast clouds,04n
2025-07-25 21:00:36,Kien Giang-Rach Gia,Rach Gia,28.33,28.33,28.33,81.0,33.12,10000.0,0.0,99.0,9.21,13.06,261.0,1008.0,0,804,Clouds,overcast clouds,04n
2025-07-25 21:04:22,Kien Giang-Rach Gia,Rach Gia,28.33,28.33,28.33,81.0,33.12,10000.0,0.0,99.0,9.21,13.06,261.0,1008.0,0,804,Clouds,overcast clouds,04n
2025-07-25 21:08:08,Kien Giang-Rach Gia,Rach Gia,28.33,28.33,28.33,81.0,33.12,10000.0,0.0,99.0,9.21,13.06,261.0,1008.0,0,804,Clouds,overcast clouds,04n
2025-07-25 21:11:54,Kien Giang-Rach Gia,Rach Gia,28.33,28.33,28.33,81.0,33.12,10000.0,0.0,99.0,9.21,13.06,261.0,1008.0,0,804,Clouds,overcast clouds,04n
2025-07-25 21:15:40,Kien Giang-Rach Gia,Rach Gia,28.33,28.33,28.33,81.0,33.12,10000.0,0.0,99.0,9.21,13.06,261.0,1008.0,0,804,Clouds,overcast clouds,04n
2025-07-25 21:19:25,Kien Giang-Rach Gia,Rach Gia,28.33,28.33,28.33,81.0,33.12,10000.0,0.0,99.0,9.21,13.06,261.0,1008.0,0,804,Clouds,overcast clouds,04n
2025-07-25 21:23:12,Kien Giang-Rach Gia,Rach Gia,28.33,28.33,28.33,81.0,33.12,10000.0,0.0,99.0,9.21,13.06,261.0,1008.0,0,804,Clouds,overcast clouds,04n
2025-07-25 21:26:58,Kien Giang-Rach Gia,Rach Gia,28.33,28.33,28.33,81.0,33.12,10000.0,0.0,99.0,9.21,13.06,261.0,1008.0,0,804,Clouds,overcast clouds,04n
2025-07-25 21:30:44,Kien Giang-Rach Gia,Rach Gia,28.33,28.33,28.33,81.0,33.12,10000.0,0.0,99.0,8.48,12.54,260.0,1009.0,0,804,Clouds,overcast clouds,04n
2025-07-25 21:34:30,Kien Giang-Rach Gia,Rach Gia,28.33,28.33,28.33,81.0,33.12,10000.0,0.0,99.0,8.48,12.54,260.0,1009.0,0,804,Clouds,overcast clouds,04n
2025-07-25 21:38:17,Kien Giang-Rach Gia,Rach Gia,28.33,28.33,28.33,81.0,33.12,10000.0,0.0,99.0,8.48,12.54,260.0,1009.0,0,804,Clouds,overcast clouds,04n
2025-07-25 21:42:03,Kien Giang-Rach Gia,Rach Gia,28.33,28.33,28.33,81.0,33.12,10000.0,0.0,99.0,8.48,12.54,260.0,1009.0,0,804,Clouds,overcast clouds,04n
2025-07-25 21:45:49,Kien Giang-Rach Gia,Rach Gia,28.33,28.33,28.33,81.0,33.12,10000.0,0.0,99.0,8.48,12.54,260.0,1009.0,0,804,Clouds,overcast clouds,04n
2025-07-25 21:49:35,Kien Giang-Rach Gia,Rach Gia,28.33,28.33,28.33,81.0,33.12,10000.0,0.0,99.0,8.48,12.54,260.0,1009.0,0,804,Clouds,overcast clouds,04n
2025-07-25 21:53:21,Kien Giang-Rach Gia,Rach Gia,28.33,28.33,28.33,81.0,33.12,10000.0,0.0,99.0,8.48,12.54,260.0,1009.0,0,804,Clouds,overcast clouds,04n
2025-07-25 21:57:07,Kien Giang-Rach Gia,Rach Gia,28.33,28.33,28.33,81.0,33.12,10000.0,0.0,99.0,8.48,12.54,260.0,1009.0,0,804,Clouds,overcast clouds,04n
2025-07-25 22:00:53,Kien Giang-Rach Gia,Rach Gia,28.33,28.33,28.33,81.0,33.12,10000.0,0.0,99.0,8.48,12.54,260.0,1009.0,0,804,Clouds,overcast clouds,04n
2025-07-25 22:04:38,Kien Giang-Rach Gia,Rach Gia,28.33,28.33,28.33,81.0,33.12,10000.0,0.0,99.0,8.48,12.54,260.0,1009.0,0,804,Clouds,overcast clouds,04n
2025-07-25 22:08:24,Kien Giang-Rach Gia,Rach Gia,28.33,28.33,28.33,81.0,33.12,10000.0,0.0,99.0,8.48,12.54,260.0,1009.0,0,804,Clouds,overcast clouds,04n
2025-07-25 22:12:10,Kien Giang-Rach Gia,Rach Gia,28.33,28.33,28.33,81.0,33.12,10000.0,0.0,99.0,8.48,12.54,260.0,1009.0,0,804,Clouds,overcast clouds,04n
2025-07-25 22:15:55,Kien Giang-Rach Gia,Rach Gia,28.33,28.33,28.33,81.0,33.12,10000.0,0.0,99.0,8.48,12.54,260.0,1009.0,0,804,Clouds,overcast clouds,04n
2025-07-25 22:19:41,Kien Giang-Rach Gia,Rach Gia,28.33,28.33,28.33,81.0,33.12,10000.0,0.0,99.0,8.48,12.54,260.0,1009.0,0,804,Clouds,overcast clouds,04n
2025-07-25 22:23:28,Kien Giang-Rach Gia,Rach Gia,28.33,28.33,28.33,81.0,33.12,10000.0,0.0,99.0,8.48,12.54,260.0,1009.0,0,804,Clouds,overcast clouds,04n
2025-07-25 22:27:13,Kien Giang-Rach Gia,Rach Gia,28.33,28.33,28.33,81.0,33.12,10000.0,0.0,99.0,8.48,12.54,260.0,1009.0,0,804,Clouds,overcast clouds,04n
2025-07-25 22:31:00,Kien Giang-Rach Gia,Rach Gia,28.28,28.28,28.28,81.0,32.98,10000.0,0.0,99.0,7.83,12.61,263.0,1008.0,0,804,Clouds,overcast clouds,04n
2025-07-25 22:34:46,Kien Giang-Rach Gia,Rach Gia,28.28,28.28,28.28,81.0,32.98,10000.0,0.0,99.0,7.83,12.61,263.0,1008.0,0,804,Clouds,overcast clouds,04n
2025-07-25 22:38:32,Kien Giang-Rach Gia,Rach Gia,28.28,28.28,28.28,81.0,32.98,10000.0,0.0,99.0,7.83,12.61,263.0,1008.0,0,804,Clouds,overcast clouds,04n
2025-07-25 22:42:17,Kien Giang-Rach Gia,Rach Gia,28.28,28.28,28.28,81.0,32.98,10000.0,0.0,99.0,7.83,12.61,263.0,1008.0,0,804,Clouds,overcast clouds,04n
2025-07-25 22:46:03,Kien Giang-Rach Gia,Rach Gia,28.28,28.28,28.28,81.0,32.98,10000.0,0.0,99.0,7.83,12.61,263.0,1008.0,0,804,Clouds,overcast clouds,04n
2025-07-25 22:49:48,Kien Giang-Rach Gia,Rach Gia,28.24,28.24,28.24,81.0,32.88,10000.0,0.0,99.0,7.83,12.61,263.0,1008.0,0,804,Clouds,overcast clouds,04n
2025-07-25 22:53:35,Kien Giang-Rach Gia,Rach Gia,28.24,28.24,28.24,81.0,32.88,10000.0,0.0,99.0,7.83,12.61,263.0,1008.0,0,804,Clouds,overcast clouds,04n
2025-07-25 22:57:20,Kien Giang-Rach Gia,Rach Gia,28.24,28.24,28.24,81.0,32.88,10000.0,0.0,99.0,7.83,12.61,263.0,1008.0,0,804,Clouds,overcast clouds,04n
2025-07-25 23:01:06,Kien Giang-Rach Gia,Rach Gia,28.24,28.24,28.24,81.0,32.88,10000.0,0.0,99.0,7.83,12.61,263.0,1008.0,0,804,Clouds,overcast clouds,04n
2025-07-25 23:04:53,Kien Giang-Rach Gia,Rach Gia,28.24,28.24,28.24,81.0,32.88,10000.0,0.0,99.0,7.83,12.61,263.0,1008.0,0,804,Clouds,overcast clouds,04n
2025-07-25 23:08:39,Kien Giang-Rach Gia,Rach Gia,28.22,28.22,28.22,81.0,32.82,10000.0,0.0,99.0,7.83,12.61,263.0,1008.0,0,804,Clouds,overcast clouds,04n
2025-07-25 23:12:25,Kien Giang-Rach Gia,Rach Gia,28.22,28.22,28.22,81.0,32.82,10000.0,0.0,99.0,7.83,12.61,263.0,1008.0,0,804,Clouds,overcast clouds,04n
2025-07-25 23:16:11,Kien Giang-Rach Gia,Rach Gia,28.22,28.22,28.22,81.0,32.82,10000.0,0.0,99.0,7.83,12.61,263.0,1008.0,0,804,Clouds,overcast clouds,04n
2025-07-25 23:19:57,Kien Giang-Rach Gia,Rach Gia,28.22,28.22,28.22,81.0,32.82,10000.0,0.0,99.0,7.83,12.61,263.0,1008.0,0,804,Clouds,overcast clouds,04n
2025-07-25 23:23:43,Kien Giang-Rach Gia,Rach Gia,28.22,28.22,28.22,81.0,32.82,10000.0,0.0,99.0,7.83,12.61,263.0,1008.0,0,804,Clouds,overcast clouds,04n
2025-07-25 23:27:29,Kien Giang-Rach Gia,Rach Gia,28.22,28.22,28.22,81.0,32.82,10000.0,0.0,99.0,7.83,12.61,263.0,1008.0,0,804,Clouds,overcast clouds,04n
2025-07-25 23:31:15,Kien Giang-Rach Gia,Rach Gia,28.22,28.22,28.22,81.0,32.82,10000.0,0.0,99.0,7.83,12.61,263.0,1008.0,0,804,Clouds,overcast clouds,04n
2025-07-25 23:35:01,Kien Giang-Rach Gia,Rach Gia,28.26,28.26,28.26,80.0,32.76,10000.0,0.0,97.0,6.99,12.14,269.0,1008.0,0,804,Clouds,overcast clouds,04n
2025-07-25 23:38:47,Kien Giang-Rach Gia,Rach Gia,28.26,28.26,28.26,80.0,32.76,10000.0,0.0,97.0,6.99,12.14,269.0,1008.0,0,804,Clouds,overcast clouds,04n
2025-07-25 23:42:33,Kien Giang-Rach Gia,Rach Gia,28.26,28.26,28.26,80.0,32.76,10000.0,0.0,97.0,6.99,12.14,269.0,1008.0,0,804,Clouds,overcast clouds,04n
2025-07-25 23:46:19,Kien Giang-Rach Gia,Rach Gia,28.26,28.26,28.26,80.0,32.76,10000.0,0.0,97.0,6.99,12.14,269.0,1008.0,0,804,Clouds,overcast clouds,04n
2025-07-25 23:50:05,Kien Giang-Rach Gia,Rach Gia,28.26,28.26,28.26,80.0,32.76,10000.0,0.0,97.0,6.99,12.14,269.0,1008.0,0,804,Clouds,overcast clouds,04n
2025-07-25 23:53:51,Kien Giang-Rach Gia,Rach Gia,28.26,28.26,28.26,80.0,32.76,10000.0,0.0,97.0,6.99,12.14,269.0,1008.0,0,804,Clouds,overcast clouds,04n
2025-07-25 23:57:37,Kien Giang-Rach Gia,Rach Gia,28.26,28.26,28.26,80.0,32.76,10000.0,0.0,97.0,6.99,12.14,269.0,1008.0,0,804,Clouds,overcast clouds,04n
2025-07-26 00:01:23,Kien Giang-Rach Gia,Rach Gia,28.24,28.24,28.24,81.0,32.88,10000.0,0.0,97.0,6.99,12.14,269.0,1008.0,0,804,Clouds,overcast clouds,04n
2025-07-26 00:05:08,Kien Giang-Rach Gia,Rach Gia,28.24,28.24,28.24,81.0,32.88,10000.0,0.0,97.0,6.99,12.14,269.0,1008.0,0,804,Clouds,overcast clouds,04n
2025-07-26 00:08:54,Kien Giang-Rach Gia,Rach Gia,28.24,28.24,28.24,81.0,32.88,10000.0,0.0,97.0,6.99,12.14,269.0,1008.0,0,804,Clouds,overcast clouds,04n
2025-07-26 00:12:40,Kien Giang-Rach Gia,Rach Gia,28.24,28.24,28.24,81.0,32.88,10000.0,0.0,97.0,6.99,12.14,269.0,1008.0,0,804,Clouds,overcast clouds,04n
2025-07-26 00:16:26,Kien Giang-Rach Gia,Rach Gia,28.24,28.24,28.24,81.0,32.88,10000.0,0.0,97.0,6.99,12.14,269.0,1008.0,0,804,Clouds,overcast clouds,04n
2025-07-26 00:20:11,Kien Giang-Rach Gia,Rach Gia,28.24,28.24,28.24,81.0,32.88,10000.0,0.0,97.0,6.99,12.14,269.0,1008.0,0,804,Clouds,overcast clouds,04n
2025-07-26 00:23:57,Kien Giang-Rach Gia,Rach Gia,28.24,28.24,28.24,81.0,32.88,10000.0,0.0,97.0,6.99,12.14,269.0,1008.0,0,804,Clouds,overcast clouds,04n
2025-07-26 00:27:43,Kien Giang-Rach Gia,Rach Gia,28.24,28.24,28.24,81.0,32.88,10000.0,0.0,97.0,6.99,12.14,269.0,1008.0,0,804,Clouds,overcast clouds,04n
2025-07-26 00:31:29,Kien Giang-Rach Gia,Rach Gia,28.19,28.19,28.19,80.0,32.58,10000.0,0.0,92.0,6.69,11.77,277.0,1007.0,0,804,Clouds,overcast clouds,04n
2025-07-26 00:35:16,Kien Giang-Rach Gia,Rach Gia,28.24,28.24,28.24,81.0,32.88,10000.0,0.0,97.0,6.99,12.14,269.0,1008.0,0,804,Clouds,overcast clouds,04n
2025-07-26 00:39:04,Kien Giang-Rach Gia,Rach Gia,28.19,28.19,28.19,80.0,32.58,10000.0,0.0,92.0,6.69,11.77,277.0,1007.0,0,804,Clouds,overcast clouds,04n
2025-07-26 00:42:51,Kien Giang-Rach Gia,Rach Gia,28.19,28.19,28.19,80.0,32.58,10000.0,0.0,92.0,6.68,11.45,269.0,1007.0,0,804,Clouds,overcast clouds,04n
2025-07-26 00:46:37,Kien Giang-Rach Gia,Rach Gia,28.19,28.19,28.19,80.0,32.58,10000.0,0.0,92.0,6.68,11.45,269.0,1007.0,0,804,Clouds,overcast clouds,04n
2025-07-26 00:50:24,Kien Giang-Rach Gia,Rach Gia,28.19,28.19,28.19,80.0,32.58,10000.0,0.0,92.0,6.68,11.45,269.0,1007.0,0,804,Clouds,overcast clouds,04n
2025-07-26 00:54:09,Kien Giang-Rach Gia,Rach Gia,28.19,28.19,28.19,80.0,32.58,10000.0,0.0,92.0,6.68,11.45,269.0,1007.0,0,804,Clouds,overcast clouds,04n
2025-07-26 00:57:55,Kien Giang-Rach Gia,Rach Gia,28.19,28.19,28.19,80.0,32.58,10000.0,0.0,92.0,6.68,11.45,269.0,1007.0,0,804,Clouds,overcast clouds,04n
2025-07-26 01:01:41,Kien Giang-Rach Gia,Rach Gia,28.19,28.19,28.19,80.0,32.58,10000.0,0.0,92.0,6.68,11.45,269.0,1007.0,0,804,Clouds,overcast clouds,04n
2025-07-26 01:05:28,Kien Giang-Rach Gia,Rach Gia,28.19,28.19,28.19,80.0,32.58,10000.0,0.0,92.0,6.68,11.45,269.0,1007.0,0,804,Clouds,overcast clouds,04n
2025-07-26 01:09:15,Kien Giang-Rach Gia,Rach Gia,28.19,28.19,28.19,80.0,32.58,10000.0,0.0,92.0,6.68,11.45,269.0,1007.0,0,804,Clouds,overcast clouds,04n
2025-07-26 01:13:01,Kien Giang-Rach Gia,Rach Gia,28.19,28.19,28.19,80.0,32.58,10000.0,0.0,92.0,6.68,11.45,269.0,1007.0,0,804,Clouds,overcast clouds,04n
2025-07-26 01:16:47,Kien Giang-Rach Gia,Rach Gia,28.19,28.19,28.19,80.0,32.58,10000.0,0.0,92.0,6.68,11.45,269.0,1007.0,0,804,Clouds,overcast clouds,04n
2025-07-26 01:20:32,Kien Giang-Rach Gia,Rach Gia,28.19,28.19,28.19,80.0,32.58,10000.0,0.0,92.0,6.68,11.45,269.0,1007.0,0,804,Clouds,overcast clouds,04n
2025-07-26 01:24:18,Kien Giang-Rach Gia,Rach Gia,28.19,28.19,28.19,80.0,32.58,10000.0,0.0,92.0,6.68,11.45,269.0,1007.0,0,804,Clouds,overcast clouds,04n
2025-07-26 01:28:05,Kien Giang-Rach Gia,Rach Gia,28.19,28.19,28.19,80.0,32.58,10000.0,0.0,92.0,6.68,11.45,269.0,1007.0,0,804,Clouds,overcast clouds,04n
2025-07-26 01:31:51,Kien Giang-Rach Gia,Rach Gia,28.19,28.19,28.19,80.0,32.58,10000.0,0.0,92.0,6.68,11.45,269.0,1007.0,0,804,Clouds,overcast clouds,04n
2025-07-26 01:35:37,Kien Giang-Rach Gia,Rach Gia,28.38,28.38,28.38,80.0,33.07,10000.0,0.0,100.0,6.69,11.1,271.0,1007.0,0,804,Clouds,overcast clouds,04n
2025-07-26 01:39:23,Kien Giang-Rach Gia,Rach Gia,28.38,28.38,28.38,80.0,33.07,10000.0,0.0,100.0,6.69,11.1,271.0,1007.0,0,804,Clouds,overcast clouds,04n
2025-07-26 01:43:09,Kien Giang-Rach Gia,Rach Gia,28.38,28.38,28.38,80.0,33.07,10000.0,0.0,100.0,6.69,11.1,271.0,1007.0,0,804,Clouds,overcast clouds,04n
2025-07-26 01:46:54,Kien Giang-Rach Gia,Rach Gia,28.38,28.38,28.38,80.0,33.07,10000.0,0.0,100.0,6.69,11.1,271.0,1007.0,0,804,Clouds,overcast clouds,04n
2025-07-26 01:50:40,Kien Giang-Rach Gia,Rach Gia,28.39,28.39,28.39,80.0,33.1,10000.0,0.0,100.0,6.69,11.1,271.0,1007.0,0,804,Clouds,overcast clouds,04n
2025-07-26 01:54:26,Kien Giang-Rach Gia,Rach Gia,28.39,28.39,28.39,80.0,33.1,10000.0,0.0,100.0,6.69,11.1,271.0,1007.0,0,804,Clouds,overcast clouds,04n
2025-07-26 01:58:12,Kien Giang-Rach Gia,Rach Gia,28.39,28.39,28.39,80.0,33.1,10000.0,0.0,100.0,6.69,11.1,271.0,1007.0,0,804,Clouds,overcast clouds,04n
2025-07-26 02:01:58,Kien Giang-Rach Gia,Rach Gia,28.36,28.36,28.36,81.0,33.2,10000.0,0.0,100.0,6.69,11.1,271.0,1007.0,0,804,Clouds,overcast clouds,04n
2025-07-26 02:05:44,Kien Giang-Rach Gia,Rach Gia,28.36,28.36,28.36,81.0,33.2,10000.0,0.0,100.0,6.69,11.1,271.0,1007.0,0,804,Clouds,overcast clouds,04n
2025-07-26 02:09:30,Kien Giang-Rach Gia,Rach Gia,28.36,28.36,28.36,81.0,33.2,10000.0,0.0,100.0,6.69,11.1,271.0,1007.0,0,804,Clouds,overcast clouds,04n
2025-07-26 02:13:16,Kien Giang-Rach Gia,Rach Gia,28.36,28.36,28.36,81.0,33.2,10000.0,0.0,100.0,6.69,11.1,271.0,1007.0,0,804,Clouds,overcast clouds,04n
2025-07-26 02:17:02,Kien Giang-Rach Gia,Rach Gia,28.36,28.36,28.36,81.0,33.2,10000.0,0.0,100.0,6.69,11.1,271.0,1007.0,0,804,Clouds,overcast clouds,04n
2025-07-26 02:20:48,Kien Giang-Rach Gia,Rach Gia,28.36,28.36,28.36,81.0,33.2,10000.0,0.0,100.0,6.69,11.1,271.0,1007.0,0,804,Clouds,overcast clouds,04n
2025-07-26 02:24:34,Kien Giang-Rach Gia,Rach Gia,28.36,28.36,28.36,81.0,33.2,10000.0,0.0,100.0,6.69,11.1,271.0,1007.0,0,804,Clouds,overcast clouds,04n
2025-07-26 02:28:20,Kien Giang-Rach Gia,Rach Gia,28.36,28.36,28.36,81.0,33.2,10000.0,0.0,100.0,6.69,11.1,271.0,1007.0,0,804,Clouds,overcast clouds,04n
2025-07-26 02:32:06,Kien Giang-Rach Gia,Rach Gia,28.36,28.36,28.36,81.0,33.2,10000.0,0.0,100.0,6.69,11.1,271.0,1007.0,0,804,Clouds,overcast clouds,04n
2025-07-26 02:35:52,Kien Giang-Rach Gia,Rach Gia,28.38,28.38,28.38,80.0,33.07,10000.0,0.0,100.0,7.12,11.48,271.0,1006.0,0,804,Clouds,overcast clouds,04n
2025-07-26 02:39:38,Kien Giang-Rach Gia,Rach Gia,28.38,28.38,28.38,80.0,33.07,10000.0,0.0,100.0,7.12,11.48,271.0,1006.0,0,804,Clouds,overcast clouds,04n
2025-07-26 02:43:24,Kien Giang-Rach Gia,Rach Gia,28.38,28.38,28.38,80.0,33.07,10000.0,0.0,100.0,7.12,11.48,271.0,1006.0,0,804,Clouds,overcast clouds,04n
2025-07-26 02:47:10,Kien Giang-Rach Gia,Rach Gia,28.39,28.39,28.39,80.0,33.1,10000.0,0.0,100.0,7.12,11.48,271.0,1006.0,0,804,Clouds,overcast clouds,04n
2025-07-26 02:50:56,Kien Giang-Rach Gia,Rach Gia,28.39,28.39,28.39,80.0,33.1,10000.0,0.0,100.0,7.12,11.48,271.0,1006.0,0,804,Clouds,overcast clouds,04n
2025-07-26 02:54:42,Kien Giang-Rach Gia,Rach Gia,28.39,28.39,28.39,80.0,33.1,10000.0,0.0,100.0,7.12,11.48,271.0,1006.0,0,804,Clouds,overcast clouds,04n
2025-07-26 02:58:28,Kien Giang-Rach Gia,Rach Gia,28.39,28.39,28.39,80.0,33.1,10000.0,0.0,100.0,7.12,11.48,271.0,1006.0,0,804,Clouds,overcast clouds,04n
2025-07-26 03:02:14,Kien Giang-Rach Gia,Rach Gia,28.36,28.36,28.36,80.0,33.02,10000.0,0.0,100.0,7.12,11.48,271.0,1006.0,0,804,Clouds,overcast clouds,04n
2025-07-26 03:06:00,Kien Giang-Rach Gia,Rach Gia,28.36,28.36,28.36,80.0,33.02,10000.0,0.0,100.0,7.12,11.48,271.0,1006.0,0,804,Clouds,overcast clouds,04n
2025-07-26 03:09:45,Kien Giang-Rach Gia,Rach Gia,28.36,28.36,28.36,80.0,33.02,10000.0,0.0,100.0,7.12,11.48,271.0,1006.0,0,804,Clouds,overcast clouds,04n
2025-07-26 03:13:31,Kien Giang-Rach Gia,Rach Gia,28.36,28.36,28.36,80.0,33.02,10000.0,0.0,100.0,7.12,11.48,271.0,1006.0,0,804,Clouds,overcast clouds,04n
2025-07-26 03:17:17,Kien Giang-Rach Gia,Rach Gia,28.36,28.36,28.36,80.0,33.02,10000.0,0.0,100.0,7.12,11.48,271.0,1006.0,0,804,Clouds,overcast clouds,04n
2025-07-26 03:21:02,Kien Giang-Rach Gia,Rach Gia,28.36,28.36,28.36,80.0,33.02,10000.0,0.0,100.0,7.12,11.48,271.0,1006.0,0,804,Clouds,overcast clouds,04n
2025-07-26 03:24:49,Kien Giang-Rach Gia,Rach Gia,28.36,28.36,28.36,80.0,33.02,10000.0,0.0,100.0,7.12,11.48,271.0,1006.0,0,804,Clouds,overcast clouds,04n
2025-07-26 03:28:34,Kien Giang-Rach Gia,Rach Gia,28.36,28.36,28.36,80.0,33.02,10000.0,0.0,100.0,7.12,11.48,271.0,1006.0,0,804,Clouds,overcast clouds,04n
2025-07-26 03:32:21,Kien Giang-Rach Gia,Rach Gia,28.36,28.36,28.36,80.0,33.02,10000.0,0.0,100.0,7.39,11.52,272.0,1006.0,0,804,Clouds,overcast clouds,04n
2025-07-26 03:36:10,Kien Giang-Rach Gia,Rach Gia,28.36,28.36,28.36,80.0,33.02,10000.0,0.0,100.0,7.39,11.52,272.0,1006.0,0,804,Clouds,overcast clouds,04n
2025-07-26 03:39:56,Kien Giang-Rach Gia,Rach Gia,28.36,28.36,28.36,80.0,33.02,10000.0,0.0,100.0,7.39,11.52,272.0,1006.0,0,804,Clouds,overcast clouds,04n
2025-07-26 03:43:42,Kien Giang-Rach Gia,Rach Gia,28.36,28.36,28.36,80.0,33.02,10000.0,0.0,100.0,7.39,11.52,272.0,1006.0,0,804,Clouds,overcast clouds,04n
2025-07-26 03:47:28,Kien Giang-Rach Gia,Rach Gia,28.37,28.37,28.37,80.0,33.04,10000.0,0.0,100.0,7.39,11.52,272.0,1006.0,0,804,Clouds,overcast clouds,04n
2025-07-26 03:51:13,Kien Giang-Rach Gia,Rach Gia,28.37,28.37,28.37,80.0,33.04,10000.0,0.0,100.0,7.39,11.52,272.0,1006.0,0,804,Clouds,overcast clouds,04n
2025-07-26 03:55:00,Kien Giang-Rach Gia,Rach Gia,28.37,28.37,28.37,80.0,33.04,10000.0,0.0,100.0,7.39,11.52,272.0,1006.0,0,804,Clouds,overcast clouds,04n
2025-07-26 03:58:46,Kien Giang-Rach Gia,Rach Gia,28.37,28.37,28.37,80.0,33.04,10000.0,0.0,100.0,7.39,11.52,272.0,1006.0,0,804,Clouds,overcast clouds,04n
2025-07-26 04:02:32,Kien Giang-Rach Gia,Rach Gia,28.37,28.37,28.37,80.0,33.04,10000.0,0.0,100.0,7.39,11.52,272.0,1006.0,0,804,Clouds,overcast clouds,04n
2025-07-26 04:06:18,Kien Giang-Rach Gia,Rach Gia,28.35,28.35,28.35,80.0,32.99,10000.0,0.0,100.0,7.39,11.52,272.0,1006.0,0,804,Clouds,overcast clouds,04n
2025-07-26 04:10:05,Kien Giang-Rach Gia,Rach Gia,28.35,28.35,28.35,80.0,32.99,10000.0,0.0,100.0,7.39,11.52,272.0,1006.0,0,804,Clouds,overcast clouds,04n
2025-07-26 04:13:50,Kien Giang-Rach Gia,Rach Gia,28.35,28.35,28.35,80.0,32.99,10000.0,0.0,100.0,7.39,11.52,272.0,1006.0,0,804,Clouds,overcast clouds,04n
2025-07-26 04:17:36,Kien Giang-Rach Gia,Rach Gia,28.35,28.35,28.35,80.0,32.99,10000.0,0.0,100.0,7.39,11.52,272.0,1006.0,0,804,Clouds,overcast clouds,04n
2025-07-26 04:21:22,Kien Giang-Rach Gia,Rach Gia,28.35,28.35,28.35,80.0,32.99,10000.0,0.0,100.0,7.39,11.52,272.0,1006.0,0,804,Clouds,overcast clouds,04n
2025-07-26 04:25:08,Kien Giang-Rach Gia,Rach Gia,28.35,28.35,28.35,80.0,32.99,10000.0,0.0,100.0,7.39,11.52,272.0,1006.0,0,804,Clouds,overcast clouds,04n
2025-07-26 04:28:54,Kien Giang-Rach Gia,Rach Gia,28.35,28.35,28.35,80.0,32.99,10000.0,0.0,100.0,7.39,11.52,272.0,1006.0,0,804,Clouds,overcast clouds,04n
2025-07-26 04:32:40,Kien Giang-Rach Gia,Rach Gia,28.51,28.51,28.51,81.0,33.6,10000.0,0.0,100.0,7.03,11.02,275.0,1007.0,0,804,Clouds,overcast clouds,04n
2025-07-26 04:36:26,Kien Giang-Rach Gia,Rach Gia,28.51,28.51,28.51,81.0,33.6,10000.0,0.0,100.0,7.03,11.02,275.0,1007.0,0,804,Clouds,overcast clouds,04n
2025-07-26 04:40:11,Kien Giang-Rach Gia,Rach Gia,28.51,28.51,28.51,81.0,33.6,10000.0,0.0,100.0,7.03,11.02,275.0,1007.0,0,804,Clouds,overcast clouds,04n
2025-07-26 04:43:57,Kien Giang-Rach Gia,Rach Gia,28.51,28.51,28.51,81.0,33.6,10000.0,0.0,100.0,7.03,11.02,275.0,1007.0,0,804,Clouds,overcast clouds,04n
2025-07-26 04:47:43,Kien Giang-Rach Gia,Rach Gia,28.51,28.51,28.51,81.0,33.6,10000.0,0.0,100.0,7.03,11.02,275.0,1007.0,0,804,Clouds,overcast clouds,04n
2025-07-26 04:51:29,Kien Giang-Rach Gia,Rach Gia,28.51,28.51,28.51,81.0,33.6,10000.0,0.0,100.0,7.03,11.02,275.0,1007.0,0,804,Clouds,overcast clouds,04n
2025-07-26 04:55:15,Kien Giang-Rach Gia,Rach Gia,28.51,28.51,28.51,81.0,33.6,10000.0,0.0,100.0,7.03,11.02,275.0,1007.0,0,804,Clouds,overcast clouds,04n
2025-07-26 04:59:01,Kien Giang-Rach Gia,Rach Gia,28.51,28.51,28.51,81.0,33.6,10000.0,0.0,100.0,7.03,11.02,275.0,1007.0,0,804,Clouds,overcast clouds,04n
2025-07-26 05:02:47,Kien Giang-Rach Gia,Rach Gia,28.51,28.51,28.51,81.0,33.6,10000.0,0.0,100.0,7.03,11.02,275.0,1007.0,0,804,Clouds,overcast clouds,04n
2025-07-26 05:06:35,Kien Giang-Rach Gia,Rach Gia,28.49,28.49,28.49,81.0,33.54,10000.0,0.0,100.0,7.03,11.02,275.0,1007.0,0,804,Clouds,overcast clouds,04n
2025-07-26 05:10:21,Kien Giang-Rach Gia,Rach Gia,28.49,28.49,28.49,81.0,33.54,10000.0,0.0,100.0,7.03,11.02,275.0,1007.0,0,804,Clouds,overcast clouds,04n
2025-07-26 05:14:07,Kien Giang-Rach Gia,Rach Gia,28.49,28.49,28.49,81.0,33.54,10000.0,0.0,100.0,7.03,11.02,275.0,1007.0,0,804,Clouds,overcast clouds,04n
2025-07-26 05:17:53,Kien Giang-Rach Gia,Rach Gia,28.49,28.49,28.49,81.0,33.54,10000.0,0.0,100.0,7.03,11.02,275.0,1007.0,0,804,Clouds,overcast clouds,04n
2025-07-26 05:21:39,Kien Giang-Rach Gia,Rach Gia,28.49,28.49,28.49,81.0,33.54,10000.0,0.0,100.0,7.03,11.02,275.0,1007.0,0,804,Clouds,overcast clouds,04n
2025-07-26 05:25:25,Kien Giang-Rach Gia,Rach Gia,28.49,28.49,28.49,81.0,33.54,10000.0,0.0,100.0,7.03,11.02,275.0,1007.0,0,804,Clouds,overcast clouds,04n
2025-07-26 05:29:11,Kien Giang-Rach Gia,Rach Gia,28.49,28.49,28.49,81.0,33.54,10000.0,0.0,100.0,7.03,11.02,275.0,1007.0,0,804,Clouds,overcast clouds,04n
2025-07-26 05:32:57,Kien Giang-Rach Gia,Rach Gia,28.5,28.5,28.5,81.0,33.57,10000.0,0.0,100.0,7.53,11.28,269.0,1007.0,0,804,Clouds,overcast clouds,04n
2025-07-26 05:36:43,Kien Giang-Rach Gia,Rach Gia,28.5,28.5,28.5,81.0,33.57,10000.0,0.0,100.0,7.53,11.28,269.0,1007.0,0,804,Clouds,overcast clouds,04n
2025-07-26 05:40:28,Kien Giang-Rach Gia,Rach Gia,28.5,28.5,28.5,81.0,33.57,10000.0,0.0,100.0,7.53,11.28,269.0,1007.0,0,804,Clouds,overcast clouds,04n
2025-07-26 05:44:14,Kien Giang-Rach Gia,Rach Gia,28.5,28.5,28.5,81.0,33.57,10000.0,0.0,100.0,7.53,11.28,269.0,1007.0,0,804,Clouds,overcast clouds,04n
2025-07-26 05:48:00,Kien Giang-Rach Gia,Rach Gia,28.5,28.5,28.5,81.0,33.57,10000.0,0.0,100.0,7.53,11.28,269.0,1007.0,0,804,Clouds,overcast clouds,04n
2025-07-26 05:51:46,Kien Giang-Rach Gia,Rach Gia,28.5,28.5,28.5,81.0,33.57,10000.0,0.0,100.0,7.53,11.28,269.0,1007.0,1,804,Clouds,overcast clouds,04n
2025-07-26 05:55:31,Kien Giang-Rach Gia,Rach Gia,28.5,28.5,28.5,81.0,33.57,10000.0,0.0,100.0,7.53,11.28,269.0,1007.0,1,804,Clouds,overcast clouds,04d
2025-07-26 05:59:18,Kien Giang-Rach Gia,Rach Gia,28.5,28.5,28.5,81.0,33.57,10000.0,0.0,100.0,7.53,11.28,269.0,1007.0,1,804,Clouds,overcast clouds,04d
2025-07-26 06:03:04,Kien Giang-Rach Gia,Rach Gia,28.5,28.5,28.5,81.0,33.57,10000.0,0.0,100.0,7.53,11.28,269.0,1007.0,1,804,Clouds,overcast clouds,04d
2025-07-26 06:06:50,Kien Giang-Rach Gia,Rach Gia,28.48,28.48,28.48,81.0,33.52,10000.0,0.0,100.0,7.53,11.28,269.0,1007.0,1,804,Clouds,overcast clouds,04d
2025-07-26 06:10:36,Kien Giang-Rach Gia,Rach Gia,28.48,28.48,28.48,81.0,33.52,10000.0,0.0,100.0,7.53,11.28,269.0,1007.0,1,804,Clouds,overcast clouds,04d
2025-07-26 06:14:22,Kien Giang-Rach Gia,Rach Gia,28.48,28.48,28.48,81.0,33.52,10000.0,0.0,100.0,7.53,11.28,269.0,1007.0,1,804,Clouds,overcast clouds,04d
2025-07-26 06:18:08,Kien Giang-Rach Gia,Rach Gia,28.48,28.48,28.48,81.0,33.52,10000.0,0.0,100.0,7.53,11.28,269.0,1007.0,1,804,Clouds,overcast clouds,04d
2025-07-26 06:21:54,Kien Giang-Rach Gia,Rach Gia,28.48,28.48,28.48,81.0,33.52,10000.0,0.0,100.0,7.53,11.28,269.0,1007.0,1,804,Clouds,overcast clouds,04d
2025-07-26 06:25:41,Kien Giang-Rach Gia,Rach Gia,28.48,28.48,28.48,81.0,33.52,10000.0,0.0,100.0,7.53,11.28,269.0,1007.0,1,804,Clouds,overcast clouds,04d
2025-07-26 06:29:26,Kien Giang-Rach Gia,Rach Gia,28.48,28.48,28.48,81.0,33.52,10000.0,0.0,100.0,7.53,11.28,269.0,1007.0,1,804,Clouds,overcast clouds,04d
2025-07-26 06:33:12,Kien Giang-Rach Gia,Rach Gia,28.57,28.57,28.57,81.0,33.76,10000.0,0.0,100.0,7.49,11.01,270.0,1008.0,1,804,Clouds,overcast clouds,04d
2025-07-26 06:36:58,Kien Giang-Rach Gia,Rach Gia,28.57,28.57,28.57,81.0,33.76,10000.0,0.0,100.0,7.49,11.01,270.0,1008.0,1,804,Clouds,overcast clouds,04d
2025-07-26 06:40:44,Kien Giang-Rach Gia,Rach Gia,28.57,28.57,28.57,81.0,33.76,10000.0,0.0,100.0,7.49,11.01,270.0,1008.0,1,804,Clouds,overcast clouds,04d
2025-07-26 06:44:30,Kien Giang-Rach Gia,Rach Gia,28.57,28.57,28.57,81.0,33.76,10000.0,0.0,100.0,7.49,11.01,270.0,1008.0,1,804,Clouds,overcast clouds,04d
2025-07-26 06:48:16,Kien Giang-Rach Gia,Rach Gia,28.57,28.57,28.57,81.0,33.76,10000.0,0.0,100.0,7.21,10.8,268.0,1008.0,1,804,Clouds,overcast clouds,04d
2025-07-26 06:52:01,Kien Giang-Rach Gia,Rach Gia,28.57,28.57,28.57,81.0,33.76,10000.0,0.0,100.0,7.49,11.01,270.0,1008.0,1,804,Clouds,overcast clouds,04d
2025-07-26 06:55:47,Kien Giang-Rach Gia,Rach Gia,28.57,28.57,28.57,81.0,33.76,10000.0,0.0,100.0,7.21,10.8,268.0,1008.0,1,804,Clouds,overcast clouds,04d
2025-07-26 06:59:32,Kien Giang-Rach Gia,Rach Gia,28.57,28.57,28.57,81.0,33.76,10000.0,0.0,100.0,7.21,10.8,268.0,1008.0,1,804,Clouds,overcast clouds,04d
2025-07-26 07:03:18,Kien Giang-Rach Gia,Rach Gia,28.57,28.57,28.57,81.0,33.76,10000.0,0.0,100.0,7.21,10.8,268.0,1008.0,1,804,Clouds,overcast clouds,04d
2025-07-26 07:07:04,Kien Giang-Rach Gia,Rach Gia,28.57,28.57,28.57,81.0,33.76,10000.0,0.0,100.0,7.21,10.8,268.0,1008.0,1,804,Clouds,overcast clouds,04d
2025-07-26 07:10:49,Kien Giang-Rach Gia,Rach Gia,28.57,28.57,28.57,81.0,33.76,10000.0,0.0,100.0,7.21,10.8,268.0,1008.0,1,804,Clouds,overcast clouds,04d
2025-07-26 07:14:35,Kien Giang-Rach Gia,Rach Gia,28.57,28.57,28.57,81.0,33.76,10000.0,0.0,100.0,7.21,10.8,268.0,1008.0,1,804,Clouds,overcast clouds,04d
2025-07-26 07:18:21,Kien Giang-Rach Gia,Rach Gia,28.57,28.57,28.57,81.0,33.76,10000.0,0.0,100.0,7.21,10.8,268.0,1008.0,1,804,Clouds,overcast clouds,04d
2025-07-26 07:22:08,Kien Giang-Rach Gia,Rach Gia,28.57,28.57,28.57,81.0,33.76,10000.0,0.0,100.0,7.21,10.8,268.0,1008.0,1,804,Clouds,overcast clouds,04d
2025-07-26 07:25:54,Kien Giang-Rach Gia,Rach Gia,28.57,28.57,28.57,81.0,33.76,10000.0,0.0,100.0,7.21,10.8,268.0,1008.0,1,804,Clouds,overcast clouds,04d
2025-07-26 07:29:40,Kien Giang-Rach Gia,Rach Gia,28.57,28.57,28.57,81.0,33.76,10000.0,0.0,100.0,7.21,10.8,268.0,1008.0,1,804,Clouds,overcast clouds,04d
2025-07-26 07:33:26,Kien Giang-Rach Gia,Rach Gia,28.82,28.82,28.82,80.0,34.24,10000.0,0.0,100.0,6.98,10.18,271.0,1008.0,1,804,Clouds,overcast clouds,04d
2025-07-26 07:37:11,Kien Giang-Rach Gia,Rach Gia,28.57,28.57,28.57,81.0,33.76,10000.0,0.0,100.0,7.21,10.8,268.0,1008.0,1,804,Clouds,overcast clouds,04d
2025-07-26 07:40:56,Kien Giang-Rach Gia,Rach Gia,28.82,28.82,28.82,80.0,34.24,10000.0,0.0,100.0,6.98,10.18,271.0,1008.0,1,804,Clouds,overcast clouds,04d
2025-07-26 07:44:42,Kien Giang-Rach Gia,Rach Gia,28.82,28.82,28.82,80.0,34.24,10000.0,0.0,100.0,6.98,10.18,271.0,1008.0,1,804,Clouds,overcast clouds,04d
2025-07-26 07:48:28,Kien Giang-Rach Gia,Rach Gia,28.82,28.82,28.82,80.0,34.24,10000.0,0.0,100.0,6.98,10.18,271.0,1008.0,1,804,Clouds,overcast clouds,04d
2025-07-26 07:52:14,Kien Giang-Rach Gia,Rach Gia,28.82,28.82,28.82,80.0,34.24,10000.0,0.0,100.0,6.98,10.18,271.0,1008.0,1,804,Clouds,overcast clouds,04d
2025-07-26 07:55:59,Kien Giang-Rach Gia,Rach Gia,28.72,28.72,28.72,81.0,34.17,10000.0,0.0,100.0,6.98,10.18,271.0,1009.0,1,804,Clouds,overcast clouds,04d
2025-07-26 07:59:45,Kien Giang-Rach Gia,Rach Gia,28.72,28.72,28.72,81.0,34.17,10000.0,0.0,100.0,6.98,10.18,271.0,1009.0,1,804,Clouds,overcast clouds,04d
2025-07-26 08:03:32,Kien Giang-Rach Gia,Rach Gia,28.71,28.71,28.71,81.0,34.15,10000.0,0.0,100.0,6.98,10.18,271.0,1009.0,1,804,Clouds,overcast clouds,04d
2025-07-26 08:07:17,Kien Giang-Rach Gia,Rach Gia,28.72,28.72,28.72,81.0,34.17,10000.0,0.0,100.0,6.98,10.18,271.0,1009.0,1,804,Clouds,overcast clouds,04d
2025-07-26 08:11:03,Kien Giang-Rach Gia,Rach Gia,28.71,28.71,28.71,81.0,34.15,10000.0,0.0,100.0,6.98,10.18,271.0,1009.0,1,804,Clouds,overcast clouds,04d
2025-07-26 08:14:49,Kien Giang-Rach Gia,Rach Gia,28.71,28.71,28.71,81.0,34.15,10000.0,0.0,100.0,6.98,10.18,271.0,1009.0,1,804,Clouds,overcast clouds,04d
2025-07-26 08:18:34,Kien Giang-Rach Gia,Rach Gia,28.71,28.71,28.71,81.0,34.15,10000.0,0.0,100.0,6.98,10.18,271.0,1009.0,1,804,Clouds,overcast clouds,04d
2025-07-26 08:22:20,Kien Giang-Rach Gia,Rach Gia,28.71,28.71,28.71,81.0,34.15,10000.0,0.0,100.0,6.98,10.18,271.0,1009.0,1,804,Clouds,overcast clouds,04d
2025-07-26 08:26:06,Kien Giang-Rach Gia,Rach Gia,28.71,28.71,28.71,81.0,34.15,10000.0,0.0,100.0,6.98,10.18,271.0,1009.0,1,804,Clouds,overcast clouds,04d
2025-07-26 08:29:52,Kien Giang-Rach Gia,Rach Gia,28.71,28.71,28.71,81.0,34.15,10000.0,0.0,100.0,6.98,10.18,271.0,1009.0,1,804,Clouds,overcast clouds,04d
2025-07-26 08:33:38,Kien Giang-Rach Gia,Rach Gia,28.93,28.93,28.93,80.0,34.55,10000.0,0.0,100.0,7.15,10.16,267.0,1009.0,1,804,Clouds,overcast clouds,04d
2025-07-26 08:37:23,Kien Giang-Rach Gia,Rach Gia,28.93,28.93,28.93,80.0,34.55,10000.0,0.0,100.0,7.15,10.16,267.0,1009.0,1,804,Clouds,overcast clouds,04d
2025-07-26 08:41:09,Kien Giang-Rach Gia,Rach Gia,28.93,28.93,28.93,80.0,34.55,10000.0,0.0,100.0,7.15,10.16,267.0,1009.0,1,804,Clouds,overcast clouds,04d
2025-07-26 08:44:54,Kien Giang-Rach Gia,Rach Gia,28.93,28.93,28.93,80.0,34.55,10000.0,0.0,100.0,7.15,10.16,267.0,1009.0,1,804,Clouds,overcast clouds,04d
2025-07-26 08:48:40,Kien Giang-Rach Gia,Rach Gia,28.93,28.93,28.93,80.0,34.55,10000.0,0.0,100.0,7.15,10.16,267.0,1009.0,1,804,Clouds,overcast clouds,04d
2025-07-26 08:52:26,Kien Giang-Rach Gia,Rach Gia,28.93,28.93,28.93,80.0,34.55,10000.0,0.0,100.0,7.15,10.16,267.0,1009.0,1,804,Clouds,overcast clouds,04d
2025-07-26 08:56:12,Kien Giang-Rach Gia,Rach Gia,28.98,28.98,28.98,80.0,34.69,10000.0,0.0,100.0,7.15,10.16,267.0,1009.0,1,804,Clouds,overcast clouds,04d
2025-07-26 08:59:57,Kien Giang-Rach Gia,Rach Gia,28.98,28.98,28.98,80.0,34.69,10000.0,0.0,100.0,7.15,10.16,267.0,1009.0,1,804,Clouds,overcast clouds,04d
2025-07-26 09:03:43,Kien Giang-Rach Gia,Rach Gia,28.98,28.98,28.98,80.0,34.69,10000.0,0.0,100.0,7.15,10.16,267.0,1009.0,1,804,Clouds,overcast clouds,04d
2025-07-26 09:07:32,Kien Giang-Rach Gia,Rach Gia,28.98,28.98,28.98,80.0,34.69,10000.0,0.0,100.0,7.15,10.16,267.0,1009.0,1,804,Clouds,overcast clouds,04d
2025-07-26 09:11:18,Kien Giang-Rach Gia,Rach Gia,28.98,28.98,28.98,80.0,34.69,10000.0,0.0,100.0,7.15,10.16,267.0,1009.0,1,804,Clouds,overcast clouds,04d
2025-07-26 09:15:04,Kien Giang-Rach Gia,Rach Gia,28.98,28.98,28.98,80.0,34.69,10000.0,0.0,100.0,7.15,10.16,267.0,1009.0,1,804,Clouds,overcast clouds,04d
2025-07-26 09:18:49,Kien Giang-Rach Gia,Rach Gia,28.98,28.98,28.98,80.0,34.69,10000.0,0.0,100.0,7.15,10.16,267.0,1009.0,1,804,Clouds,overcast clouds,04d
2025-07-26 09:22:35,Kien Giang-Rach Gia,Rach Gia,28.98,28.98,28.98,80.0,34.69,10000.0,0.0,100.0,7.15,10.16,267.0,1009.0,1,804,Clouds,overcast clouds,04d
2025-07-26 09:26:21,Kien Giang-Rach Gia,Rach Gia,28.98,28.98,28.98,80.0,34.69,10000.0,0.0,100.0,7.15,10.16,267.0,1009.0,1,804,Clouds,overcast clouds,04d
2025-07-26 09:30:07,Kien Giang-Rach Gia,Rach Gia,28.98,28.98,28.98,80.0,34.69,10000.0,0.0,100.0,7.15,10.16,267.0,1009.0,1,804,Clouds,overcast clouds,04d
2025-07-26 09:33:52,Kien Giang-Rach Gia,Rach Gia,29.27,29.27,29.27,77.0,34.81,10000.0,0.0,100.0,8.21,10.54,266.0,1009.0,1,804,Clouds,overcast clouds,04d
2025-07-26 09:37:38,Kien Giang-Rach Gia,Rach Gia,29.27,29.27,29.27,77.0,34.81,10000.0,0.0,100.0,8.21,10.54,266.0,1009.0,1,804,Clouds,overcast clouds,04d
2025-07-26 09:41:24,Kien Giang-Rach Gia,Rach Gia,29.27,29.27,29.27,77.0,34.81,10000.0,0.0,100.0,8.21,10.54,266.0,1009.0,1,804,Clouds,overcast clouds,04d
2025-07-26 09:45:10,Kien Giang-Rach Gia,Rach Gia,29.27,29.27,29.27,77.0,34.81,10000.0,0.0,100.0,8.21,10.54,266.0,1009.0,1,804,Clouds,overcast clouds,04d
2025-07-26 09:48:56,Kien Giang-Rach Gia,Rach Gia,29.26,29.26,29.26,77.0,34.79,10000.0,0.0,100.0,8.21,10.54,266.0,1009.0,1,804,Clouds,overcast clouds,04d
2025-07-26 09:52:42,Kien Giang-Rach Gia,Rach Gia,29.26,29.26,29.26,77.0,34.79,10000.0,0.0,100.0,8.21,10.54,266.0,1009.0,1,804,Clouds,overcast clouds,04d
2025-07-26 09:56:28,Kien Giang-Rach Gia,Rach Gia,29.26,29.26,29.26,77.0,34.79,10000.0,0.0,100.0,8.21,10.54,266.0,1009.0,1,804,Clouds,overcast clouds,04d
2025-07-26 10:00:13,Kien Giang-Rach Gia,Rach Gia,29.26,29.26,29.26,77.0,34.79,10000.0,0.0,100.0,8.21,10.54,266.0,1009.0,1,804,Clouds,overcast clouds,04d
2025-07-26 10:03:59,Kien Giang-Rach Gia,Rach Gia,29.26,29.26,29.26,77.0,34.79,10000.0,0.0,100.0,8.21,10.54,266.0,1009.0,1,804,Clouds,overcast clouds,04d
2025-07-26 10:07:44,Kien Giang-Rach Gia,Rach Gia,29.28,29.28,29.28,77.0,34.84,10000.0,0.0,100.0,8.21,10.54,266.0,1009.0,1,804,Clouds,overcast clouds,04d
2025-07-26 10:11:30,Kien Giang-Rach Gia,Rach Gia,29.28,29.28,29.28,77.0,34.84,10000.0,0.0,100.0,8.21,10.54,266.0,1009.0,1,804,Clouds,overcast clouds,04d
2025-07-26 10:15:16,Kien Giang-Rach Gia,Rach Gia,29.28,29.28,29.28,77.0,34.84,10000.0,0.0,100.0,8.21,10.54,266.0,1009.0,1,804,Clouds,overcast clouds,04d
2025-07-26 10:19:02,Kien Giang-Rach Gia,Rach Gia,29.28,29.28,29.28,77.0,34.84,10000.0,0.0,100.0,8.21,10.54,266.0,1009.0,1,804,Clouds,overcast clouds,04d
2025-07-26 10:22:47,Kien Giang-Rach Gia,Rach Gia,29.28,29.28,29.28,77.0,34.84,10000.0,0.0,100.0,8.21,10.54,266.0,1009.0,1,804,Clouds,overcast clouds,04d
2025-07-26 10:26:33,Kien Giang-Rach Gia,Rach Gia,29.28,29.28,29.28,77.0,34.84,10000.0,0.0,100.0,8.21,10.54,266.0,1009.0,1,804,Clouds,overcast clouds,04d
2025-07-26 10:30:19,Kien Giang-Rach Gia,Rach Gia,29.28,29.28,29.28,77.0,34.84,10000.0,0.0,100.0,8.21,10.54,266.0,1009.0,1,804,Clouds,overcast clouds,04d
2025-07-26 10:34:05,Kien Giang-Rach Gia,Rach Gia,29.28,29.28,29.28,77.0,34.84,10000.0,0.0,100.0,8.21,10.54,266.0,1009.0,1,804,Clouds,overcast clouds,04d
2025-07-26 10:37:54,Kien Giang-Rach Gia,Rach Gia,29.35,29.35,29.35,78.0,35.26,10000.0,0.0,100.0,7.99,10.6,267.0,1009.0,1,804,Clouds,overcast clouds,04d
2025-07-26 10:41:43,Kien Giang-Rach Gia,Rach Gia,29.35,29.35,29.35,78.0,35.26,10000.0,0.0,100.0,7.99,10.6,267.0,1009.0,1,804,Clouds,overcast clouds,04d
2025-07-26 10:45:32,Kien Giang-Rach Gia,Rach Gia,29.35,29.35,29.35,78.0,35.26,10000.0,0.0,100.0,7.99,10.6,267.0,1009.0,1,804,Clouds,overcast clouds,04d
2025-07-26 10:49:22,Kien Giang-Rach Gia,Rach Gia,29.35,29.35,29.35,78.0,35.26,10000.0,0.0,100.0,7.99,10.6,267.0,1009.0,1,804,Clouds,overcast clouds,04d
2025-07-26 10:53:11,Kien Giang-Rach Gia,Rach Gia,29.35,29.35,29.35,78.0,35.26,10000.0,0.0,100.0,7.99,10.6,267.0,1009.0,1,804,Clouds,overcast clouds,04d
2025-07-26 10:57:01,Kien Giang-Rach Gia,Rach Gia,29.35,29.35,29.35,78.0,35.26,10000.0,0.0,100.0,7.99,10.6,267.0,1009.0,1,804,Clouds,overcast clouds,04d
2025-07-26 11:00:51,Kien Giang-Rach Gia,Rach Gia,29.35,29.35,29.35,78.0,35.26,10000.0,0.0,100.0,7.99,10.6,267.0,1009.0,1,804,Clouds,overcast clouds,04d
2025-07-26 11:04:40,Kien Giang-Rach Gia,Rach Gia,29.35,29.35,29.35,78.0,35.26,10000.0,0.0,100.0,7.99,10.6,267.0,1009.0,1,804,Clouds,overcast clouds,04d
2025-07-26 11:08:29,Kien Giang-Rach Gia,Rach Gia,29.36,29.36,29.36,78.0,35.29,10000.0,0.0,100.0,7.99,10.6,267.0,1009.0,1,804,Clouds,overcast clouds,04d
2025-07-26 11:12:19,Kien Giang-Rach Gia,Rach Gia,29.36,29.36,29.36,78.0,35.29,10000.0,0.0,100.0,7.99,10.6,267.0,1009.0,1,804,Clouds,overcast clouds,04d
2025-07-26 11:16:10,Kien Giang-Rach Gia,Rach Gia,29.36,29.36,29.36,78.0,35.29,10000.0,0.0,100.0,7.99,10.6,267.0,1009.0,1,804,Clouds,overcast clouds,04d
2025-07-26 11:19:59,Kien Giang-Rach Gia,Rach Gia,29.36,29.36,29.36,78.0,35.29,10000.0,0.0,100.0,7.99,10.6,267.0,1009.0,1,804,Clouds,overcast clouds,04d
2025-07-26 11:23:49,Kien Giang-Rach Gia,Rach Gia,29.36,29.36,29.36,78.0,35.29,10000.0,0.0,100.0,7.99,10.6,267.0,1009.0,1,804,Clouds,overcast clouds,04d
2025-07-26 11:27:39,Kien Giang-Rach Gia,Rach Gia,29.36,29.36,29.36,78.0,35.29,10000.0,0.0,100.0,7.99,10.6,267.0,1009.0,1,804,Clouds,overcast clouds,04d
2025-07-26 11:31:29,Kien Giang-Rach Gia,Rach Gia,29.27,29.27,29.27,78.0,35.04,10000.0,0.0,100.0,8.57,10.83,265.0,1009.0,1,804,Clouds,overcast clouds,04d
2025-07-26 11:35:19,Kien Giang-Rach Gia,Rach Gia,29.27,29.27,29.27,78.0,35.04,10000.0,0.0,100.0,8.57,10.83,265.0,1009.0,1,804,Clouds,overcast clouds,04d
2025-07-26 11:39:09,Kien Giang-Rach Gia,Rach Gia,29.27,29.27,29.27,78.0,35.04,10000.0,0.0,100.0,8.57,10.83,265.0,1009.0,1,804,Clouds,overcast clouds,04d
2025-07-26 11:42:58,Kien Giang-Rach Gia,Rach Gia,29.27,29.27,29.27,78.0,35.04,10000.0,0.0,100.0,8.57,10.83,265.0,1009.0,1,804,Clouds,overcast clouds,04d
2025-07-26 11:46:47,Kien Giang-Rach Gia,Rach Gia,29.31,29.31,29.31,78.0,35.15,10000.0,0.0,100.0,8.57,10.83,265.0,1009.0,1,804,Clouds,overcast clouds,04d
2025-07-26 11:50:37,Kien Giang-Rach Gia,Rach Gia,29.31,29.31,29.31,78.0,35.15,10000.0,0.0,100.0,8.57,10.83,265.0,1009.0,1,804,Clouds,overcast clouds,04d
2025-07-26 11:54:26,Kien Giang-Rach Gia,Rach Gia,29.31,29.31,29.31,78.0,35.15,10000.0,0.0,100.0,8.57,10.83,265.0,1009.0,1,804,Clouds,overcast clouds,04d
2025-07-26 11:58:16,Kien Giang-Rach Gia,Rach Gia,29.31,29.31,29.31,78.0,35.15,10000.0,0.0,100.0,8.57,10.83,265.0,1009.0,1,804,Clouds,overcast clouds,04d
2025-07-26 12:02:07,Kien Giang-Rach Gia,Rach Gia,29.33,29.33,29.33,78.0,35.2,10000.0,0.0,100.0,8.57,10.83,265.0,1009.0,1,804,Clouds,overcast clouds,04d
2025-07-26 12:05:56,Kien Giang-Rach Gia,Rach Gia,29.33,29.33,29.33,78.0,35.2,10000.0,0.0,100.0,8.57,10.83,265.0,1009.0,1,804,Clouds,overcast clouds,04d
2025-07-26 12:09:45,Kien Giang-Rach Gia,Rach Gia,29.33,29.33,29.33,78.0,35.2,10000.0,0.0,100.0,8.57,10.83,265.0,1009.0,1,804,Clouds,overcast clouds,04d
2025-07-26 12:13:35,Kien Giang-Rach Gia,Rach Gia,29.33,29.33,29.33,78.0,35.2,10000.0,0.0,100.0,8.57,10.83,265.0,1009.0,1,804,Clouds,overcast clouds,04d
2025-07-26 12:17:25,Kien Giang-Rach Gia,Rach Gia,29.33,29.33,29.33,78.0,35.2,10000.0,0.0,100.0,8.57,10.83,265.0,1009.0,1,804,Clouds,overcast clouds,04d
2025-07-26 12:21:15,Kien Giang-Rach Gia,Rach Gia,29.33,29.33,29.33,78.0,35.2,10000.0,0.0,100.0,8.57,10.83,265.0,1009.0,1,804,Clouds,overcast clouds,04d
2025-07-26 12:25:06,Kien Giang-Rach Gia,Rach Gia,29.33,29.33,29.33,78.0,35.2,10000.0,0.0,100.0,8.57,10.83,265.0,1009.0,1,804,Clouds,overcast clouds,04d
2025-07-26 12:28:55,Kien Giang-Rach Gia,Rach Gia,29.33,29.33,29.33,78.0,35.2,10000.0,0.0,100.0,8.57,10.83,265.0,1009.0,1,804,Clouds,overcast clouds,04d
2025-07-26 12:32:45,Kien Giang-Rach Gia,Rach Gia,29.33,29.33,29.33,78.0,35.2,10000.0,0.0,100.0,8.57,10.83,265.0,1009.0,1,804,Clouds,overcast clouds,04d
2025-07-26 12:36:34,Kien Giang-Rach Gia,Rach Gia,29.33,29.33,29.33,78.0,35.2,10000.0,0.0,100.0,8.57,10.83,265.0,1009.0,1,804,Clouds,overcast clouds,04d
2025-07-26 12:40:23,Kien Giang-Rach Gia,Rach Gia,29.71,29.71,29.71,74.0,35.27,10000.0,0.0,100.0,8.53,10.29,262.0,1008.0,1,804,Clouds,overcast clouds,04d
2025-07-26 12:44:13,Kien Giang-Rach Gia,Rach Gia,29.71,29.71,29.71,74.0,35.27,10000.0,0.0,100.0,8.53,10.29,262.0,1008.0,1,804,Clouds,overcast clouds,04d
2025-07-26 12:48:04,Kien Giang-Rach Gia,Rach Gia,29.71,29.71,29.71,74.0,35.27,10000.0,0.0,100.0,8.53,10.29,262.0,1008.0,1,804,Clouds,overcast clouds,04d
2025-07-26 12:51:54,Kien Giang-Rach Gia,Rach Gia,29.71,29.71,29.71,74.0,35.27,10000.0,0.0,100.0,8.53,10.29,262.0,1008.0,1,804,Clouds,overcast clouds,04d
2025-07-26 12:55:44,Kien Giang-Rach Gia,Rach Gia,29.71,29.71,29.71,74.0,35.27,10000.0,0.0,100.0,8.53,10.29,262.0,1008.0,1,804,Clouds,overcast clouds,04d
2025-07-26 12:59:35,Kien Giang-Rach Gia,Rach Gia,29.71,29.71,29.71,74.0,35.27,10000.0,0.0,100.0,8.53,10.29,262.0,1008.0,1,804,Clouds,overcast clouds,04d
2025-07-26 13:03:24,Kien Giang-Rach Gia,Rach Gia,29.71,29.71,29.71,74.0,35.27,10000.0,0.0,100.0,8.53,10.29,262.0,1008.0,1,804,Clouds,overcast clouds,04d
2025-07-26 13:07:15,Kien Giang-Rach Gia,Rach Gia,29.71,29.71,29.71,74.0,35.27,10000.0,0.0,100.0,8.53,10.29,262.0,1008.0,1,804,Clouds,overcast clouds,04d
2025-07-26 13:11:08,Kien Giang-Rach Gia,Rach Gia,29.71,29.71,29.71,74.0,35.27,10000.0,0.0,100.0,8.53,10.29,262.0,1008.0,1,804,Clouds,overcast clouds,04d
2025-07-26 13:14:58,Kien Giang-Rach Gia,Rach Gia,29.71,29.71,29.71,74.0,35.27,10000.0,0.0,100.0,8.53,10.29,262.0,1008.0,1,804,Clouds,overcast clouds,04d
2025-07-26 13:18:47,Kien Giang-Rach Gia,Rach Gia,29.71,29.71,29.71,74.0,35.27,10000.0,0.0,100.0,8.53,10.29,262.0,1008.0,1,804,Clouds,overcast clouds,04d
2025-07-26 13:22:37,Kien Giang-Rach Gia,Rach Gia,29.71,29.71,29.71,74.0,35.27,10000.0,0.0,100.0,8.53,10.29,262.0,1008.0,1,804,Clouds,overcast clouds,04d
2025-07-26 13:26:27,Kien Giang-Rach Gia,Rach Gia,29.71,29.71,29.71,74.0,35.27,10000.0,0.0,100.0,8.53,10.29,262.0,1008.0,1,804,Clouds,overcast clouds,04d
2025-07-26 13:30:18,Kien Giang-Rach Gia,Rach Gia,29.28,29.28,29.28,76.0,34.62,10000.0,0.0,100.0,8.48,10.36,257.0,1007.0,1,804,Clouds,overcast clouds,04d
2025-07-26 13:34:08,Kien Giang-Rach Gia,Rach Gia,29.28,29.28,29.28,76.0,34.62,10000.0,0.0,100.0,8.48,10.36,257.0,1007.0,1,804,Clouds,overcast clouds,04d
2025-07-26 13:37:58,Kien Giang-Rach Gia,Rach Gia,29.28,29.28,29.28,76.0,34.62,10000.0,0.0,100.0,8.48,10.36,257.0,1007.0,1,804,Clouds,overcast clouds,04d
2025-07-26 13:41:47,Kien Giang-Rach Gia,Rach Gia,29.62,29.62,29.62,77.0,35.76,10000.0,0.0,100.0,8.48,10.36,257.0,1007.0,1,804,Clouds,overcast clouds,04d
2025-07-26 13:45:37,Kien Giang-Rach Gia,Rach Gia,29.62,29.62,29.62,77.0,35.76,10000.0,0.0,100.0,8.48,10.36,257.0,1007.0,1,804,Clouds,overcast clouds,04d
2025-07-26 13:49:26,Kien Giang-Rach Gia,Rach Gia,29.62,29.62,29.62,77.0,35.76,10000.0,0.0,100.0,8.48,10.36,257.0,1007.0,1,804,Clouds,overcast clouds,04d
2025-07-26 13:53:16,Kien Giang-Rach Gia,Rach Gia,29.62,29.62,29.62,77.0,35.76,10000.0,0.0,100.0,8.48,10.36,257.0,1007.0,1,804,Clouds,overcast clouds,04d
2025-07-26 13:57:07,Kien Giang-Rach Gia,Rach Gia,29.62,29.62,29.62,77.0,35.76,10000.0,0.0,100.0,8.48,10.36,257.0,1007.0,1,804,Clouds,overcast clouds,04d
2025-07-26 14:00:56,Kien Giang-Rach Gia,Rach Gia,29.62,29.62,29.62,77.0,35.76,10000.0,0.0,100.0,8.48,10.36,257.0,1007.0,1,804,Clouds,overcast clouds,04d
2025-07-26 14:04:46,Kien Giang-Rach Gia,Rach Gia,29.65,29.65,29.65,77.0,35.85,10000.0,0.0,100.0,8.48,10.36,257.0,1007.0,1,804,Clouds,overcast clouds,04d
2025-07-26 14:08:36,Kien Giang-Rach Gia,Rach Gia,29.65,29.65,29.65,77.0,35.85,10000.0,0.0,100.0,8.48,10.36,257.0,1007.0,1,804,Clouds,overcast clouds,04d
2025-07-26 14:12:27,Kien Giang-Rach Gia,Rach Gia,29.65,29.65,29.65,77.0,35.85,10000.0,0.0,100.0,8.48,10.36,257.0,1007.0,1,804,Clouds,overcast clouds,04d
2025-07-26 14:16:18,Kien Giang-Rach Gia,Rach Gia,29.65,29.65,29.65,77.0,35.85,10000.0,0.0,100.0,8.48,10.36,257.0,1007.0,1,804,Clouds,overcast clouds,04d
2025-07-26 14:20:09,Kien Giang-Rach Gia,Rach Gia,29.65,29.65,29.65,77.0,35.85,10000.0,0.0,100.0,8.48,10.36,257.0,1007.0,1,804,Clouds,overcast clouds,04d
2025-07-26 14:23:58,Kien Giang-Rach Gia,Rach Gia,29.65,29.65,29.65,77.0,35.85,10000.0,0.0,100.0,8.48,10.36,257.0,1007.0,1,804,Clouds,overcast clouds,04d
2025-07-26 14:27:48,Kien Giang-Rach Gia,Rach Gia,29.65,29.65,29.65,77.0,35.85,10000.0,0.0,100.0,8.48,10.36,257.0,1007.0,1,804,Clouds,overcast clouds,04d
2025-07-26 14:31:38,Kien Giang-Rach Gia,Rach Gia,29.65,29.65,29.65,77.0,35.85,10000.0,0.0,100.0,8.48,10.36,257.0,1007.0,1,804,Clouds,overcast clouds,04d
2025-07-26 14:35:28,Kien Giang-Rach Gia,Rach Gia,29.65,29.65,29.65,77.0,35.85,10000.0,0.0,100.0,8.48,10.36,257.0,1007.0,1,804,Clouds,overcast clouds,04d
2025-07-26 14:39:18,Kien Giang-Rach Gia,Rach Gia,29.1,29.1,29.1,78.0,34.58,10000.0,0.0,100.0,8.05,10.33,257.0,1007.0,1,804,Clouds,overcast clouds,04d
2025-07-26 14:43:09,Kien Giang-Rach Gia,Rach Gia,29.1,29.1,29.1,78.0,34.58,10000.0,0.0,100.0,8.05,10.33,257.0,1007.0,1,804,Clouds,overcast clouds,04d
2025-07-26 14:46:59,Kien Giang-Rach Gia,Rach Gia,29.1,29.1,29.1,78.0,34.58,10000.0,0.0,100.0,8.05,10.33,257.0,1007.0,1,804,Clouds,overcast clouds,04d
2025-07-26 14:50:49,Kien Giang-Rach Gia,Rach Gia,29.1,29.1,29.1,78.0,34.58,10000.0,0.0,100.0,8.05,10.33,257.0,1007.0,1,804,Clouds,overcast clouds,04d
2025-07-26 14:54:39,Kien Giang-Rach Gia,Rach Gia,29.1,29.1,29.1,78.0,34.58,10000.0,0.0,100.0,8.05,10.33,257.0,1007.0,1,804,Clouds,overcast clouds,04d
2025-07-26 14:58:29,Kien Giang-Rach Gia,Rach Gia,29.1,29.1,29.1,78.0,34.58,10000.0,0.0,100.0,8.05,10.33,257.0,1007.0,1,804,Clouds,overcast clouds,04d
2025-07-26 15:02:20,Kien Giang-Rach Gia,Rach Gia,29.13,29.13,29.13,78.0,34.66,10000.0,0.0,100.0,8.05,10.33,257.0,1007.0,1,804,Clouds,overcast clouds,04d
2025-07-26 15:06:12,Kien Giang-Rach Gia,Rach Gia,29.13,29.13,29.13,78.0,34.66,10000.0,0.0,100.0,8.05,10.33,257.0,1007.0,1,804,Clouds,overcast clouds,04d
2025-07-26 15:10:03,Kien Giang-Rach Gia,Rach Gia,29.13,29.13,29.13,78.0,34.66,10000.0,0.0,100.0,8.05,10.33,257.0,1007.0,1,804,Clouds,overcast clouds,04d
2025-07-26 15:13:54,Kien Giang-Rach Gia,Rach Gia,29.13,29.13,29.13,78.0,34.66,10000.0,0.0,100.0,8.05,10.33,257.0,1007.0,1,804,Clouds,overcast clouds,04d
2025-07-26 15:17:45,Kien Giang-Rach Gia,Rach Gia,29.13,29.13,29.13,78.0,34.66,10000.0,0.0,100.0,8.05,10.33,257.0,1007.0,1,804,Clouds,overcast clouds,04d
2025-07-26 15:21:35,Kien Giang-Rach Gia,Rach Gia,29.13,29.13,29.13,78.0,34.66,10000.0,0.0,100.0,8.05,10.33,257.0,1007.0,1,804,Clouds,overcast clouds,04d
2025-07-26 15:25:25,Kien Giang-Rach Gia,Rach Gia,29.13,29.13,29.13,78.0,34.66,10000.0,0.0,100.0,8.05,10.33,257.0,1007.0,1,804,Clouds,overcast clouds,04d
2025-07-26 15:29:15,Kien Giang-Rach Gia,Rach Gia,29.13,29.13,29.13,78.0,34.66,10000.0,0.0,100.0,8.05,10.33,257.0,1007.0,1,804,Clouds,overcast clouds,04d
2025-07-26 15:33:07,Kien Giang-Rach Gia,Rach Gia,29.18,29.18,29.18,77.0,34.57,10000.0,0.0,100.0,7.78,10.22,264.0,1007.0,1,804,Clouds,overcast clouds,04d
2025-07-26 15:36:57,Kien Giang-Rach Gia,Rach Gia,29.18,29.18,29.18,77.0,34.57,10000.0,0.0,100.0,7.78,10.22,264.0,1007.0,1,804,Clouds,overcast clouds,04d
2025-07-26 15:40:47,Kien Giang-Rach Gia,Rach Gia,29.18,29.18,29.18,77.0,34.57,10000.0,0.0,100.0,7.78,10.22,264.0,1007.0,1,804,Clouds,overcast clouds,04d
2025-07-26 15:44:36,Kien Giang-Rach Gia,Rach Gia,29.18,29.18,29.18,77.0,34.57,10000.0,0.0,100.0,7.78,10.22,264.0,1007.0,1,804,Clouds,overcast clouds,04d
2025-07-26 15:48:26,Kien Giang-Rach Gia,Rach Gia,29.18,29.18,29.18,77.0,34.57,10000.0,0.0,100.0,7.78,10.22,264.0,1007.0,1,804,Clouds,overcast clouds,04d
2025-07-26 15:52:16,Kien Giang-Rach Gia,Rach Gia,29.13,29.13,29.13,77.0,34.44,10000.0,0.0,100.0,7.78,10.22,264.0,1007.0,1,804,Clouds,overcast clouds,04d
2025-07-26 15:56:07,Kien Giang-Rach Gia,Rach Gia,29.13,29.13,29.13,77.0,34.44,10000.0,0.0,100.0,7.78,10.22,264.0,1007.0,1,804,Clouds,overcast clouds,04d
2025-07-26 15:59:57,Kien Giang-Rach Gia,Rach Gia,29.13,29.13,29.13,77.0,34.44,10000.0,0.0,100.0,7.78,10.22,264.0,1007.0,1,804,Clouds,overcast clouds,04d
2025-07-26 16:03:46,Kien Giang-Rach Gia,Rach Gia,29.14,29.14,29.14,77.0,34.47,10000.0,0.0,100.0,7.78,10.22,264.0,1007.0,1,804,Clouds,overcast clouds,04d
2025-07-26 16:07:36,Kien Giang-Rach Gia,Rach Gia,29.14,29.14,29.14,77.0,34.47,10000.0,0.0,100.0,7.78,10.22,264.0,1007.0,1,804,Clouds,overcast clouds,04d
2025-07-26 16:11:26,Kien Giang-Rach Gia,Rach Gia,29.14,29.14,29.14,77.0,34.47,10000.0,0.0,100.0,7.78,10.22,264.0,1007.0,1,804,Clouds,overcast clouds,04d
2025-07-26 16:15:16,Kien Giang-Rach Gia,Rach Gia,29.14,29.14,29.14,77.0,34.47,10000.0,0.0,100.0,7.78,10.22,264.0,1007.0,1,804,Clouds,overcast clouds,04d
2025-07-26 16:19:07,Kien Giang-Rach Gia,Rach Gia,29.14,29.14,29.14,77.0,34.47,10000.0,0.0,100.0,7.78,10.22,264.0,1007.0,1,804,Clouds,overcast clouds,04d
2025-07-26 16:22:57,Kien Giang-Rach Gia,Rach Gia,29.14,29.14,29.14,77.0,34.47,10000.0,0.0,100.0,7.78,10.22,264.0,1007.0,1,804,Clouds,overcast clouds,04d
2025-07-26 16:26:46,Kien Giang-Rach Gia,Rach Gia,29.14,29.14,29.14,77.0,34.47,10000.0,0.0,100.0,7.78,10.22,264.0,1007.0,1,804,Clouds,overcast clouds,04d
2025-07-26 16:30:36,Kien Giang-Rach Gia,Rach Gia,29.12,29.12,29.12,76.0,34.2,10000.0,0.0,100.0,8.45,10.79,260.0,1006.0,1,804,Clouds,overcast clouds,04d
2025-07-26 16:34:27,Kien Giang-Rach Gia,Rach Gia,29.12,29.12,29.12,76.0,34.2,10000.0,0.0,100.0,8.45,10.79,260.0,1006.0,1,804,Clouds,overcast clouds,04d
2025-07-26 16:38:17,Kien Giang-Rach Gia,Rach Gia,29.12,29.12,29.12,76.0,34.2,10000.0,0.0,100.0,8.45,10.79,260.0,1006.0,1,804,Clouds,overcast clouds,04d
2025-07-26 16:42:08,Kien Giang-Rach Gia,Rach Gia,29.12,29.12,29.12,76.0,34.2,10000.0,0.0,100.0,8.45,10.79,260.0,1006.0,1,804,Clouds,overcast clouds,04d
2025-07-26 16:45:58,Kien Giang-Rach Gia,Rach Gia,29.12,29.12,29.12,76.0,34.2,10000.0,0.0,100.0,8.45,10.79,260.0,1006.0,1,804,Clouds,overcast clouds,04d
2025-07-26 16:49:47,Kien Giang-Rach Gia,Rach Gia,29.12,29.12,29.12,76.0,34.2,10000.0,0.0,100.0,8.45,10.79,260.0,1006.0,1,804,Clouds,overcast clouds,04d
2025-07-26 16:53:37,Kien Giang-Rach Gia,Rach Gia,29.12,29.12,29.12,76.0,34.2,10000.0,0.0,100.0,8.45,10.79,260.0,1006.0,1,804,Clouds,overcast clouds,04d
2025-07-26 16:57:26,Kien Giang-Rach Gia,Rach Gia,29.12,29.12,29.12,76.0,34.2,10000.0,0.0,100.0,8.45,10.79,260.0,1006.0,1,804,Clouds,overcast clouds,04d
2025-07-26 17:01:16,Kien Giang-Rach Gia,Rach Gia,29.12,29.12,29.12,76.0,34.2,10000.0,0.0,100.0,8.45,10.79,260.0,1006.0,1,804,Clouds,overcast clouds,04d
2025-07-26 17:05:08,Kien Giang-Rach Gia,Rach Gia,29.13,29.13,29.13,76.0,34.23,10000.0,0.0,100.0,8.45,10.79,260.0,1006.0,1,804,Clouds,overcast clouds,04d
2025-07-26 17:08:57,Kien Giang-Rach Gia,Rach Gia,29.13,29.13,29.13,76.0,34.23,10000.0,0.0,100.0,8.45,10.79,260.0,1006.0,1,804,Clouds,overcast clouds,04d
2025-07-26 17:12:47,Kien Giang-Rach Gia,Rach Gia,29.13,29.13,29.13,76.0,34.23,10000.0,0.0,100.0,8.45,10.79,260.0,1006.0,1,804,Clouds,overcast clouds,04d
2025-07-26 17:16:37,Kien Giang-Rach Gia,Rach Gia,29.13,29.13,29.13,76.0,34.23,10000.0,0.0,100.0,8.45,10.79,260.0,1006.0,1,804,Clouds,overcast clouds,04d
2025-07-26 17:20:27,Kien Giang-Rach Gia,Rach Gia,29.13,29.13,29.13,76.0,34.23,10000.0,0.0,100.0,8.45,10.79,260.0,1006.0,1,804,Clouds,overcast clouds,04d
2025-07-26 17:24:17,Kien Giang-Rach Gia,Rach Gia,29.13,29.13,29.13,76.0,34.23,10000.0,0.0,100.0,8.45,10.79,260.0,1006.0,1,804,Clouds,overcast clouds,04d
2025-07-26 17:28:08,Kien Giang-Rach Gia,Rach Gia,29.13,29.13,29.13,76.0,34.23,10000.0,0.0,100.0,8.45,10.79,260.0,1006.0,1,804,Clouds,overcast clouds,04d
2025-07-26 17:31:57,Kien Giang-Rach Gia,Rach Gia,28.85,28.85,28.85,77.0,33.72,10000.0,0.0,100.0,7.34,9.93,258.0,1007.0,1,804,Clouds,overcast clouds,04d
2025-07-26 17:35:46,Kien Giang-Rach Gia,Rach Gia,28.85,28.85,28.85,77.0,33.72,10000.0,0.0,100.0,7.34,9.93,258.0,1007.0,1,804,Clouds,overcast clouds,04d
2025-07-26 17:39:36,Kien Giang-Rach Gia,Rach Gia,28.85,28.85,28.85,77.0,33.72,10000.0,0.0,100.0,7.34,9.93,258.0,1007.0,1,804,Clouds,overcast clouds,04d
2025-07-26 17:43:26,Kien Giang-Rach Gia,Rach Gia,28.85,28.85,28.85,77.0,33.72,10000.0,0.0,100.0,7.34,9.93,258.0,1007.0,1,804,Clouds,overcast clouds,04d
2025-07-26 17:47:16,Kien Giang-Rach Gia,Rach Gia,28.85,28.85,28.85,77.0,33.72,10000.0,0.0,100.0,7.34,9.93,258.0,1007.0,1,804,Clouds,overcast clouds,04d
2025-07-26 17:51:08,Kien Giang-Rach Gia,Rach Gia,28.81,28.81,28.81,77.0,33.62,10000.0,0.0,100.0,7.34,9.93,258.0,1007.0,1,804,Clouds,overcast clouds,04d
2025-07-26 17:54:58,Kien Giang-Rach Gia,Rach Gia,28.81,28.81,28.81,77.0,33.62,10000.0,0.0,100.0,7.34,9.93,258.0,1007.0,1,804,Clouds,overcast clouds,04d
2025-07-26 17:58:47,Kien Giang-Rach Gia,Rach Gia,28.81,28.81,28.81,77.0,33.62,10000.0,0.0,100.0,7.34,9.93,258.0,1007.0,1,804,Clouds,overcast clouds,04d
2025-07-26 18:02:37,Kien Giang-Rach Gia,Rach Gia,28.81,28.81,28.81,77.0,33.62,10000.0,0.0,100.0,7.34,9.93,258.0,1007.0,1,804,Clouds,overcast clouds,04d
2025-07-26 18:06:27,Kien Giang-Rach Gia,Rach Gia,28.81,28.81,28.81,77.0,33.62,10000.0,0.0,100.0,7.34,9.93,258.0,1007.0,1,804,Clouds,overcast clouds,04d
2025-07-26 18:10:17,Kien Giang-Rach Gia,Rach Gia,28.81,28.81,28.81,78.0,33.81,10000.0,0.0,100.0,7.34,9.93,258.0,1007.0,1,804,Clouds,overcast clouds,04d
2025-07-26 18:14:08,Kien Giang-Rach Gia,Rach Gia,28.81,28.81,28.81,78.0,33.81,10000.0,0.0,100.0,7.34,9.93,258.0,1007.0,1,804,Clouds,overcast clouds,04d
2025-07-26 18:17:58,Kien Giang-Rach Gia,Rach Gia,28.81,28.81,28.81,78.0,33.81,10000.0,0.0,100.0,7.34,9.93,258.0,1007.0,1,804,Clouds,overcast clouds,04d
2025-07-26 18:21:48,Kien Giang-Rach Gia,Rach Gia,28.81,28.81,28.81,78.0,33.81,10000.0,0.0,100.0,7.34,9.93,258.0,1007.0,1,804,Clouds,overcast clouds,04d
2025-07-26 18:25:37,Kien Giang-Rach Gia,Rach Gia,28.81,28.81,28.81,78.0,33.81,10000.0,0.0,100.0,7.34,9.93,258.0,1007.0,0,804,Clouds,overcast clouds,04n
2025-07-26 18:29:27,Kien Giang-Rach Gia,Rach Gia,28.81,28.81,28.81,78.0,33.81,10000.0,0.0,100.0,7.34,9.93,258.0,1007.0,0,804,Clouds,overcast clouds,04n
2025-07-26 18:33:18,Kien Giang-Rach Gia,Rach Gia,28.62,28.62,28.62,79.0,33.51,10000.0,0.0,100.0,6.98,10.07,259.0,1007.0,0,804,Clouds,overcast clouds,04n
2025-07-26 18:37:08,Kien Giang-Rach Gia,Rach Gia,28.62,28.62,28.62,79.0,33.51,10000.0,0.0,100.0,6.98,10.07,259.0,1007.0,0,804,Clouds,overcast clouds,04n
2025-07-26 18:40:59,Kien Giang-Rach Gia,Rach Gia,28.62,28.62,28.62,79.0,33.51,10000.0,0.0,100.0,6.98,10.07,259.0,1007.0,0,804,Clouds,overcast clouds,04n
2025-07-26 18:44:50,Kien Giang-Rach Gia,Rach Gia,28.62,28.62,28.62,79.0,33.51,10000.0,0.0,100.0,6.98,10.07,259.0,1007.0,0,804,Clouds,overcast clouds,04n
2025-07-26 18:48:40,Kien Giang-Rach Gia,Rach Gia,28.62,28.62,28.62,79.0,33.51,10000.0,0.0,100.0,6.98,10.07,259.0,1007.0,0,804,Clouds,overcast clouds,04n
2025-07-26 18:52:30,Kien Giang-Rach Gia,Rach Gia,28.62,28.62,28.62,79.0,33.51,10000.0,0.0,100.0,6.98,10.07,259.0,1007.0,0,804,Clouds,overcast clouds,04n
2025-07-26 18:56:20,Kien Giang-Rach Gia,Rach Gia,28.62,28.62,28.62,79.0,33.51,10000.0,0.0,100.0,7.04,9.53,257.0,1007.0,0,804,Clouds,overcast clouds,04n
2025-07-26 19:00:12,Kien Giang-Rach Gia,Rach Gia,28.62,28.62,28.62,79.0,33.51,10000.0,0.0,100.0,6.98,10.07,259.0,1007.0,0,804,Clouds,overcast clouds,04n
2025-07-26 19:04:02,Kien Giang-Rach Gia,Rach Gia,28.62,28.62,28.62,79.0,33.51,10000.0,0.0,100.0,7.04,9.53,257.0,1007.0,0,804,Clouds,overcast clouds,04n
2025-07-26 19:07:50,Kien Giang-Rach Gia,Rach Gia,28.62,28.62,28.62,79.0,33.51,10000.0,0.0,100.0,7.04,9.53,257.0,1007.0,0,804,Clouds,overcast clouds,04n
2025-07-26 19:11:36,Kien Giang-Rach Gia,Rach Gia,28.62,28.62,28.62,79.0,33.51,10000.0,0.0,100.0,7.04,9.53,257.0,1007.0,0,804,Clouds,overcast clouds,04n
2025-07-26 19:15:22,Kien Giang-Rach Gia,Rach Gia,28.62,28.62,28.62,79.0,33.51,10000.0,0.0,100.0,7.04,9.53,257.0,1007.0,0,804,Clouds,overcast clouds,04n
2025-07-26 19:19:07,Kien Giang-Rach Gia,Rach Gia,28.62,28.62,28.62,79.0,33.51,10000.0,0.0,100.0,7.04,9.53,257.0,1007.0,0,804,Clouds,overcast clouds,04n
2025-07-26 19:22:53,Kien Giang-Rach Gia,Rach Gia,28.62,28.62,28.62,79.0,33.51,10000.0,0.0,100.0,7.04,9.53,257.0,1007.0,0,804,Clouds,overcast clouds,04n
2025-07-26 19:26:39,Kien Giang-Rach Gia,Rach Gia,28.62,28.62,28.62,79.0,33.51,10000.0,0.0,100.0,7.04,9.53,257.0,1007.0,0,804,Clouds,overcast clouds,04n
2025-07-26 19:30:25,Kien Giang-Rach Gia,Rach Gia,28.67,28.67,28.67,79.0,33.64,10000.0,0.0,100.0,6.24,9.66,256.0,1008.0,0,804,Clouds,overcast clouds,04n
2025-07-26 19:34:11,Kien Giang-Rach Gia,Rach Gia,28.67,28.67,28.67,79.0,33.64,10000.0,0.0,100.0,6.24,9.66,256.0,1008.0,0,804,Clouds,overcast clouds,04n
2025-07-26 19:37:56,Kien Giang-Rach Gia,Rach Gia,28.67,28.67,28.67,79.0,33.64,10000.0,0.0,100.0,6.24,9.66,256.0,1008.0,0,804,Clouds,overcast clouds,04n
2025-07-26 19:41:42,Kien Giang-Rach Gia,Rach Gia,28.6,28.6,28.6,79.0,33.46,10000.0,0.0,100.0,6.24,9.66,256.0,1008.0,0,804,Clouds,overcast clouds,04n
2025-07-26 19:45:28,Kien Giang-Rach Gia,Rach Gia,28.6,28.6,28.6,79.0,33.46,10000.0,0.0,100.0,6.24,9.66,256.0,1008.0,0,804,Clouds,overcast clouds,04n
2025-07-26 19:49:14,Kien Giang-Rach Gia,Rach Gia,28.6,28.6,28.6,79.0,33.46,10000.0,0.0,100.0,6.24,9.66,256.0,1008.0,0,804,Clouds,overcast clouds,04n
2025-07-26 19:53:00,Kien Giang-Rach Gia,Rach Gia,28.6,28.6,28.6,79.0,33.46,10000.0,0.0,100.0,6.24,9.66,256.0,1008.0,0,804,Clouds,overcast clouds,04n
2025-07-26 19:56:46,Kien Giang-Rach Gia,Rach Gia,28.6,28.6,28.6,79.0,33.46,10000.0,0.0,100.0,6.24,9.66,256.0,1008.0,0,804,Clouds,overcast clouds,04n
2025-07-26 20:00:32,Kien Giang-Rach Gia,Rach Gia,28.6,28.6,28.6,79.0,33.46,10000.0,0.0,100.0,6.24,9.66,256.0,1008.0,0,804,Clouds,overcast clouds,04n
2025-07-26 20:04:17,Kien Giang-Rach Gia,Rach Gia,28.61,28.61,28.61,79.0,33.49,10000.0,0.0,100.0,6.24,9.66,256.0,1008.0,0,804,Clouds,overcast clouds,04n
2025-07-26 20:08:04,Kien Giang-Rach Gia,Rach Gia,28.61,28.61,28.61,79.0,33.49,10000.0,0.0,100.0,6.24,9.66,256.0,1008.0,0,804,Clouds,overcast clouds,04n
2025-07-26 20:11:50,Kien Giang-Rach Gia,Rach Gia,28.61,28.61,28.61,79.0,33.49,10000.0,0.0,100.0,6.24,9.66,256.0,1008.0,0,804,Clouds,overcast clouds,04n
2025-07-26 20:15:35,Kien Giang-Rach Gia,Rach Gia,28.61,28.61,28.61,79.0,33.49,10000.0,0.0,100.0,6.24,9.66,256.0,1008.0,0,804,Clouds,overcast clouds,04n
2025-07-26 20:19:21,Kien Giang-Rach Gia,Rach Gia,28.61,28.61,28.61,79.0,33.49,10000.0,0.0,100.0,6.24,9.66,256.0,1008.0,0,804,Clouds,overcast clouds,04n
2025-07-26 20:23:08,Kien Giang-Rach Gia,Rach Gia,28.61,28.61,28.61,79.0,33.49,10000.0,0.0,100.0,6.24,9.66,256.0,1008.0,0,804,Clouds,overcast clouds,04n
2025-07-26 20:26:54,Kien Giang-Rach Gia,Rach Gia,28.61,28.61,28.61,79.0,33.49,10000.0,0.0,100.0,6.24,9.66,256.0,1008.0,0,804,Clouds,overcast clouds,04n
2025-07-26 20:30:40,Kien Giang-Rach Gia,Rach Gia,28.61,28.61,28.61,79.0,33.49,10000.0,0.0,100.0,6.24,9.66,256.0,1008.0,0,804,Clouds,overcast clouds,04n
2025-07-26 20:34:25,Kien Giang-Rach Gia,Rach Gia,28.57,28.57,28.57,80.0,33.57,10000.0,0.0,100.0,6.25,9.88,254.0,1009.0,0,804,Clouds,overcast clouds,04n
2025-07-26 20:38:12,Kien Giang-Rach Gia,Rach Gia,28.57,28.57,28.57,80.0,33.57,10000.0,0.0,100.0,6.25,9.88,254.0,1009.0,0,804,Clouds,overcast clouds,04n
2025-07-26 20:41:57,Kien Giang-Rach Gia,Rach Gia,28.57,28.57,28.57,80.0,33.57,10000.0,0.0,100.0,6.25,9.88,254.0,1009.0,0,804,Clouds,overcast clouds,04n
2025-07-26 20:45:42,Kien Giang-Rach Gia,Rach Gia,28.57,28.57,28.57,80.0,33.57,10000.0,0.0,100.0,6.25,9.88,254.0,1009.0,0,804,Clouds,overcast clouds,04n
2025-07-26 20:49:28,Kien Giang-Rach Gia,Rach Gia,28.57,28.57,28.57,80.0,33.57,10000.0,0.0,100.0,6.25,9.88,254.0,1009.0,0,804,Clouds,overcast clouds,04n
2025-07-26 20:53:14,Kien Giang-Rach Gia,Rach Gia,28.57,28.57,28.57,80.0,33.57,10000.0,0.0,100.0,6.25,9.88,254.0,1009.0,0,804,Clouds,overcast clouds,04n
2025-07-26 20:57:00,Kien Giang-Rach Gia,Rach Gia,28.57,28.57,28.57,80.0,33.57,10000.0,0.0,100.0,6.25,9.88,254.0,1009.0,0,804,Clouds,overcast clouds,04n
2025-07-26 21:00:46,Kien Giang-Rach Gia,Rach Gia,28.57,28.57,28.57,80.0,33.57,10000.0,0.0,100.0,6.25,9.88,254.0,1009.0,0,804,Clouds,overcast clouds,04n
2025-07-26 21:04:32,Kien Giang-Rach Gia,Rach Gia,28.58,28.58,28.58,80.0,33.6,10000.0,0.0,100.0,6.25,9.88,254.0,1009.0,0,804,Clouds,overcast clouds,04n
2025-07-26 21:08:17,Kien Giang-Rach Gia,Rach Gia,28.58,28.58,28.58,80.0,33.6,10000.0,0.0,100.0,6.25,9.88,254.0,1009.0,0,804,Clouds,overcast clouds,04n
2025-07-26 21:12:03,Kien Giang-Rach Gia,Rach Gia,28.58,28.58,28.58,80.0,33.6,10000.0,0.0,100.0,6.25,9.88,254.0,1009.0,0,804,Clouds,overcast clouds,04n
2025-07-26 21:15:49,Kien Giang-Rach Gia,Rach Gia,28.58,28.58,28.58,80.0,33.6,10000.0,0.0,100.0,6.25,9.88,254.0,1009.0,0,804,Clouds,overcast clouds,04n
2025-07-26 21:19:35,Kien Giang-Rach Gia,Rach Gia,28.58,28.58,28.58,80.0,33.6,10000.0,0.0,100.0,6.25,9.88,254.0,1009.0,0,804,Clouds,overcast clouds,04n
2025-07-26 21:23:22,Kien Giang-Rach Gia,Rach Gia,28.58,28.58,28.58,80.0,33.6,10000.0,0.0,100.0,6.25,9.88,254.0,1009.0,0,804,Clouds,overcast clouds,04n
2025-07-26 21:27:08,Kien Giang-Rach Gia,Rach Gia,28.58,28.58,28.58,80.0,33.6,10000.0,0.0,100.0,6.25,9.88,254.0,1009.0,0,804,Clouds,overcast clouds,04n
2025-07-26 21:30:55,Kien Giang-Rach Gia,Rach Gia,28.52,28.52,28.52,80.0,33.44,10000.0,0.0,100.0,6.35,10.4,261.0,1009.0,0,804,Clouds,overcast clouds,04n
2025-07-26 21:34:40,Kien Giang-Rach Gia,Rach Gia,28.52,28.52,28.52,80.0,33.44,10000.0,0.0,100.0,6.35,10.4,261.0,1009.0,0,804,Clouds,overcast clouds,04n
2025-07-26 21:38:26,Kien Giang-Rach Gia,Rach Gia,28.51,28.51,28.51,80.0,33.41,10000.0,0.0,100.0,6.35,10.4,261.0,1009.0,0,804,Clouds,overcast clouds,04n
2025-07-26 21:42:12,Kien Giang-Rach Gia,Rach Gia,28.51,28.51,28.51,80.0,33.41,10000.0,0.0,100.0,6.35,10.4,261.0,1009.0,0,804,Clouds,overcast clouds,04n
2025-07-26 21:45:58,Kien Giang-Rach Gia,Rach Gia,28.51,28.51,28.51,80.0,33.41,10000.0,0.0,100.0,6.35,10.4,261.0,1009.0,0,804,Clouds,overcast clouds,04n
2025-07-26 21:49:44,Kien Giang-Rach Gia,Rach Gia,28.47,28.47,28.47,80.0,33.31,10000.0,0.0,100.0,6.35,10.4,261.0,1009.0,0,804,Clouds,overcast clouds,04n
2025-07-26 21:53:30,Kien Giang-Rach Gia,Rach Gia,28.47,28.47,28.47,80.0,33.31,10000.0,0.0,100.0,6.35,10.4,261.0,1009.0,0,804,Clouds,overcast clouds,04n
2025-07-26 21:57:17,Kien Giang-Rach Gia,Rach Gia,28.47,28.47,28.47,80.0,33.31,10000.0,0.0,100.0,6.35,10.4,261.0,1009.0,0,804,Clouds,overcast clouds,04n
2025-07-26 22:01:03,Kien Giang-Rach Gia,Rach Gia,28.47,28.47,28.47,80.0,33.31,10000.0,0.0,100.0,6.35,10.4,261.0,1009.0,0,804,Clouds,overcast clouds,04n
2025-07-26 22:04:49,Kien Giang-Rach Gia,Rach Gia,28.47,28.47,28.47,80.0,33.31,10000.0,0.0,100.0,6.35,10.4,261.0,1009.0,0,804,Clouds,overcast clouds,04n
2025-07-26 22:08:35,Kien Giang-Rach Gia,Rach Gia,28.47,28.47,28.47,80.0,33.31,10000.0,0.0,100.0,6.35,10.4,261.0,1009.0,0,804,Clouds,overcast clouds,04n
2025-07-26 22:12:21,Kien Giang-Rach Gia,Rach Gia,28.46,28.46,28.46,80.0,33.28,10000.0,0.0,100.0,6.35,10.4,261.0,1009.0,0,804,Clouds,overcast clouds,04n
2025-07-26 22:16:06,Kien Giang-Rach Gia,Rach Gia,28.46,28.46,28.46,80.0,33.28,10000.0,0.0,100.0,6.35,10.4,261.0,1009.0,0,804,Clouds,overcast clouds,04n
2025-07-26 22:19:52,Kien Giang-Rach Gia,Rach Gia,28.46,28.46,28.46,80.0,33.28,10000.0,0.0,100.0,6.35,10.4,261.0,1009.0,0,804,Clouds,overcast clouds,04n
2025-07-26 22:23:38,Kien Giang-Rach Gia,Rach Gia,28.46,28.46,28.46,80.0,33.28,10000.0,0.0,100.0,6.35,10.4,261.0,1009.0,0,804,Clouds,overcast clouds,04n
2025-07-26 22:27:23,Kien Giang-Rach Gia,Rach Gia,28.46,28.46,28.46,80.0,33.28,10000.0,0.0,100.0,6.35,10.4,261.0,1009.0,0,804,Clouds,overcast clouds,04n
2025-07-26 22:31:09,Kien Giang-Rach Gia,Rach Gia,28.25,28.25,28.25,80.0,32.73,10000.0,0.0,100.0,6.21,10.58,253.0,1009.0,0,804,Clouds,overcast clouds,04n
2025-07-26 22:34:55,Kien Giang-Rach Gia,Rach Gia,28.25,28.25,28.25,80.0,32.73,10000.0,0.0,100.0,6.21,10.58,253.0,1009.0,0,804,Clouds,overcast clouds,04n
2025-07-26 22:38:41,Kien Giang-Rach Gia,Rach Gia,28.25,28.25,28.25,80.0,32.73,10000.0,0.0,100.0,6.21,10.58,253.0,1009.0,0,804,Clouds,overcast clouds,04n
2025-07-26 22:42:26,Kien Giang-Rach Gia,Rach Gia,28.25,28.25,28.25,80.0,32.73,10000.0,0.0,100.0,6.21,10.58,253.0,1009.0,0,804,Clouds,overcast clouds,04n
2025-07-26 22:46:12,Kien Giang-Rach Gia,Rach Gia,28.25,28.25,28.25,80.0,32.73,10000.0,0.0,100.0,6.21,10.58,253.0,1009.0,0,804,Clouds,overcast clouds,04n
2025-07-26 22:49:58,Kien Giang-Rach Gia,Rach Gia,28.25,28.25,28.25,80.0,32.73,10000.0,0.0,100.0,6.21,10.58,253.0,1009.0,0,804,Clouds,overcast clouds,04n
2025-07-26 22:53:45,Kien Giang-Rach Gia,Rach Gia,28.25,28.25,28.25,80.0,32.73,10000.0,0.0,100.0,6.21,10.58,253.0,1009.0,0,804,Clouds,overcast clouds,04n
2025-07-26 22:57:30,Kien Giang-Rach Gia,Rach Gia,28.25,28.25,28.25,80.0,32.73,10000.0,0.0,100.0,6.21,10.58,253.0,1009.0,0,804,Clouds,overcast clouds,04n
2025-07-26 23:01:16,Kien Giang-Rach Gia,Rach Gia,28.25,28.25,28.25,80.0,32.73,10000.0,0.0,100.0,6.21,10.58,253.0,1009.0,0,804,Clouds,overcast clouds,04n
2025-07-26 23:05:02,Kien Giang-Rach Gia,Rach Gia,28.25,28.25,28.25,80.0,32.73,10000.0,0.0,100.0,6.21,10.58,253.0,1009.0,0,804,Clouds,overcast clouds,04n
2025-07-26 23:08:48,Kien Giang-Rach Gia,Rach Gia,28.25,28.25,28.25,80.0,32.73,10000.0,0.0,100.0,6.21,10.58,253.0,1009.0,0,804,Clouds,overcast clouds,04n
2025-07-26 23:12:34,Kien Giang-Rach Gia,Rach Gia,28.25,28.25,28.25,80.0,32.73,10000.0,0.0,100.0,6.21,10.58,253.0,1009.0,0,804,Clouds,overcast clouds,04n
2025-07-26 23:16:19,Kien Giang-Rach Gia,Rach Gia,28.25,28.25,28.25,80.0,32.73,10000.0,0.0,100.0,6.21,10.58,253.0,1009.0,0,804,Clouds,overcast clouds,04n
2025-07-26 23:20:05,Kien Giang-Rach Gia,Rach Gia,28.25,28.25,28.25,80.0,32.73,10000.0,0.0,100.0,6.21,10.58,253.0,1009.0,0,804,Clouds,overcast clouds,04n
2025-07-26 23:23:51,Kien Giang-Rach Gia,Rach Gia,28.25,28.25,28.25,80.0,32.73,10000.0,0.0,100.0,6.21,10.58,253.0,1009.0,0,804,Clouds,overcast clouds,04n
2025-07-26 23:27:37,Kien Giang-Rach Gia,Rach Gia,28.25,28.25,28.25,80.0,32.73,10000.0,0.0,100.0,6.21,10.58,253.0,1009.0,0,804,Clouds,overcast clouds,04n
2025-07-26 23:31:23,Kien Giang-Rach Gia,Rach Gia,28.25,28.25,28.25,80.0,32.73,10000.0,0.0,100.0,6.21,10.58,253.0,1009.0,0,804,Clouds,overcast clouds,04n
2025-07-26 23:35:09,Kien Giang-Rach Gia,Rach Gia,28.28,28.28,28.28,81.0,32.98,10000.0,0.0,100.0,6.3,11.14,260.0,1008.0,0,804,Clouds,overcast clouds,04n
2025-07-26 23:38:55,Kien Giang-Rach Gia,Rach Gia,28.28,28.28,28.28,81.0,32.98,10000.0,0.0,100.0,6.3,11.14,260.0,1008.0,0,804,Clouds,overcast clouds,04n
2025-07-26 23:42:41,Kien Giang-Rach Gia,Rach Gia,28.28,28.28,28.28,81.0,32.98,10000.0,0.0,100.0,6.3,11.14,260.0,1008.0,0,804,Clouds,overcast clouds,04n
2025-07-26 23:46:27,Kien Giang-Rach Gia,Rach Gia,28.28,28.28,28.28,81.0,32.98,10000.0,0.0,100.0,6.3,11.14,260.0,1008.0,0,804,Clouds,overcast clouds,04n
2025-07-26 23:50:13,Kien Giang-Rach Gia,Rach Gia,28.28,28.28,28.28,81.0,32.98,10000.0,0.0,100.0,6.3,11.14,260.0,1008.0,0,804,Clouds,overcast clouds,04n
2025-07-26 23:53:59,Kien Giang-Rach Gia,Rach Gia,28.28,28.28,28.28,81.0,32.98,10000.0,0.0,100.0,6.3,11.14,260.0,1008.0,0,804,Clouds,overcast clouds,04n
2025-07-26 23:57:45,Kien Giang-Rach Gia,Rach Gia,28.28,28.28,28.28,81.0,32.98,10000.0,0.0,100.0,6.3,11.14,260.0,1008.0,0,804,Clouds,overcast clouds,04n
2025-07-27 00:01:31,Kien Giang-Rach Gia,Rach Gia,28.28,28.28,28.28,81.0,32.98,10000.0,0.0,100.0,6.3,11.14,260.0,1008.0,0,804,Clouds,overcast clouds,04n
2025-07-27 00:05:16,Kien Giang-Rach Gia,Rach Gia,28.28,28.28,28.28,81.0,32.98,10000.0,0.0,100.0,6.3,11.14,260.0,1008.0,0,804,Clouds,overcast clouds,04n
2025-07-27 00:09:02,Kien Giang-Rach Gia,Rach Gia,28.28,28.28,28.28,81.0,32.98,10000.0,0.0,100.0,6.3,11.14,260.0,1008.0,0,804,Clouds,overcast clouds,04n
2025-07-27 00:15:31,Kien Giang-Rach Gia,Rach Gia,28.28,28.28,28.28,81.0,32.98,10000.0,0.0,100.0,6.3,11.14,260.0,1008.0,0,804,Clouds,overcast clouds,04n
2025-07-27 00:20:00,Kien Giang-Rach Gia,Rach Gia,28.28,28.28,28.28,81.0,32.98,10000.0,0.0,100.0,6.3,11.14,260.0,1008.0,0,804,Clouds,overcast clouds,04n
2025-07-27 00:23:47,Kien Giang-Rach Gia,Rach Gia,28.28,28.28,28.28,81.0,32.98,10000.0,0.0,100.0,6.3,11.14,260.0,1008.0,0,804,Clouds,overcast clouds,04n
2025-07-27 00:28:40,Kien Giang-Rach Gia,Rach Gia,28.28,28.28,28.28,81.0,32.98,10000.0,0.0,100.0,6.3,11.14,260.0,1008.0,0,804,Clouds,overcast clouds,04n
2025-07-27 00:32:26,Kien Giang-Rach Gia,Rach Gia,28.28,28.28,28.28,81.0,32.98,10000.0,0.0,100.0,6.3,11.14,260.0,1008.0,0,804,Clouds,overcast clouds,04n
2025-07-27 00:36:12,Kien Giang-Rach Gia,Rach Gia,28.32,28.32,28.32,80.0,32.91,10000.0,0.0,100.0,6.49,11.36,261.0,1008.0,0,804,Clouds,overcast clouds,04n
2025-07-27 00:39:58,Kien Giang-Rach Gia,Rach Gia,28.32,28.32,28.32,80.0,32.91,10000.0,0.0,100.0,6.49,11.36,261.0,1008.0,0,804,Clouds,overcast clouds,04n
2025-07-27 00:43:44,Kien Giang-Rach Gia,Rach Gia,28.32,28.32,28.32,80.0,32.91,10000.0,0.0,100.0,6.49,11.36,261.0,1008.0,0,804,Clouds,overcast clouds,04n
2025-07-27 00:47:30,Kien Giang-Rach Gia,Rach Gia,28.32,28.32,28.32,80.0,32.91,10000.0,0.0,100.0,6.49,11.36,261.0,1008.0,0,804,Clouds,overcast clouds,04n
2025-07-27 00:51:16,Kien Giang-Rach Gia,Rach Gia,28.32,28.32,28.32,80.0,32.91,10000.0,0.0,100.0,6.09,10.52,251.0,1008.0,0,804,Clouds,overcast clouds,04n
2025-07-27 00:55:03,Kien Giang-Rach Gia,Rach Gia,28.32,28.32,28.32,80.0,32.91,10000.0,0.0,100.0,6.09,10.52,251.0,1008.0,0,804,Clouds,overcast clouds,04n
2025-07-27 00:58:49,Kien Giang-Rach Gia,Rach Gia,28.32,28.32,28.32,80.0,32.91,10000.0,0.0,100.0,6.09,10.52,251.0,1008.0,0,804,Clouds,overcast clouds,04n
2025-07-27 01:02:35,Kien Giang-Rach Gia,Rach Gia,28.32,28.32,28.32,80.0,32.91,10000.0,0.0,100.0,6.09,10.52,251.0,1008.0,0,804,Clouds,overcast clouds,04n
2025-07-27 01:06:20,Kien Giang-Rach Gia,Rach Gia,28.32,28.32,28.32,80.0,32.91,10000.0,0.0,100.0,6.09,10.52,251.0,1008.0,0,804,Clouds,overcast clouds,04n
2025-07-27 01:10:07,Kien Giang-Rach Gia,Rach Gia,28.32,28.32,28.32,80.0,32.91,10000.0,0.0,100.0,6.09,10.52,251.0,1008.0,0,804,Clouds,overcast clouds,04n
2025-07-27 01:13:52,Kien Giang-Rach Gia,Rach Gia,28.32,28.32,28.32,80.0,32.91,10000.0,0.0,100.0,6.09,10.52,251.0,1008.0,0,804,Clouds,overcast clouds,04n
2025-07-27 01:17:38,Kien Giang-Rach Gia,Rach Gia,28.32,28.32,28.32,80.0,32.91,10000.0,0.0,100.0,6.09,10.52,251.0,1008.0,0,804,Clouds,overcast clouds,04n
2025-07-27 01:21:23,Kien Giang-Rach Gia,Rach Gia,28.32,28.32,28.32,80.0,32.91,10000.0,0.0,100.0,6.09,10.52,251.0,1008.0,0,804,Clouds,overcast clouds,04n
2025-07-27 01:25:09,Kien Giang-Rach Gia,Rach Gia,28.32,28.32,28.32,80.0,32.91,10000.0,0.0,100.0,6.09,10.52,251.0,1008.0,0,804,Clouds,overcast clouds,04n
2025-07-27 01:28:55,Kien Giang-Rach Gia,Rach Gia,28.32,28.32,28.32,80.0,32.91,10000.0,0.0,100.0,6.09,10.52,251.0,1008.0,0,804,Clouds,overcast clouds,04n
2025-07-27 01:32:41,Kien Giang-Rach Gia,Rach Gia,28.32,28.32,28.32,80.0,32.91,10000.0,0.0,100.0,6.09,10.52,251.0,1008.0,0,804,Clouds,overcast clouds,04n
2025-07-27 01:36:27,Kien Giang-Rach Gia,Rach Gia,28.31,28.31,28.31,80.0,32.89,10000.0,0.0,100.0,6.61,11.44,258.0,1007.0,0,804,Clouds,overcast clouds,04n
2025-07-27 01:40:13,Kien Giang-Rach Gia,Rach Gia,28.31,28.31,28.31,80.0,32.89,10000.0,0.0,100.0,6.61,11.44,258.0,1007.0,0,804,Clouds,overcast clouds,04n
2025-07-27 01:43:59,Kien Giang-Rach Gia,Rach Gia,28.31,28.31,28.31,80.0,32.89,10000.0,0.0,100.0,6.61,11.44,258.0,1007.0,0,804,Clouds,overcast clouds,04n
2025-07-27 01:47:45,Kien Giang-Rach Gia,Rach Gia,28.31,28.31,28.31,80.0,32.89,10000.0,0.0,100.0,6.61,11.44,258.0,1007.0,0,804,Clouds,overcast clouds,04n
2025-07-27 01:51:31,Kien Giang-Rach Gia,Rach Gia,28.31,28.31,28.31,80.0,32.89,10000.0,0.0,100.0,6.61,11.44,258.0,1007.0,0,804,Clouds,overcast clouds,04n
2025-07-27 01:55:16,Kien Giang-Rach Gia,Rach Gia,28.31,28.31,28.31,80.0,32.89,10000.0,0.0,100.0,6.61,11.44,258.0,1007.0,0,804,Clouds,overcast clouds,04n
2025-07-27 01:59:02,Kien Giang-Rach Gia,Rach Gia,28.31,28.31,28.31,80.0,32.89,10000.0,0.0,100.0,6.61,11.44,258.0,1007.0,0,804,Clouds,overcast clouds,04n
2025-07-27 02:02:48,Kien Giang-Rach Gia,Rach Gia,28.31,28.31,28.31,80.0,32.89,10000.0,0.0,100.0,6.61,11.44,258.0,1007.0,0,804,Clouds,overcast clouds,04n
2025-07-27 02:06:36,Kien Giang-Rach Gia,Rach Gia,28.31,28.31,28.31,80.0,32.89,10000.0,0.0,100.0,6.61,11.44,258.0,1007.0,0,804,Clouds,overcast clouds,04n
2025-07-27 02:10:22,Kien Giang-Rach Gia,Rach Gia,28.31,28.31,28.31,80.0,32.89,10000.0,0.0,100.0,6.61,11.44,258.0,1007.0,0,804,Clouds,overcast clouds,04n
2025-07-27 02:14:08,Kien Giang-Rach Gia,Rach Gia,28.31,28.31,28.31,80.0,32.89,10000.0,0.0,100.0,6.61,11.44,258.0,1007.0,0,804,Clouds,overcast clouds,04n
2025-07-27 02:17:54,Kien Giang-Rach Gia,Rach Gia,28.31,28.31,28.31,80.0,32.89,10000.0,0.0,100.0,6.61,11.44,258.0,1007.0,0,804,Clouds,overcast clouds,04n
2025-07-27 02:21:39,Kien Giang-Rach Gia,Rach Gia,28.31,28.31,28.31,80.0,32.89,10000.0,0.0,100.0,6.61,11.44,258.0,1007.0,0,804,Clouds,overcast clouds,04n
2025-07-27 02:25:26,Kien Giang-Rach Gia,Rach Gia,28.31,28.31,28.31,80.0,32.89,10000.0,0.0,100.0,6.61,11.44,258.0,1007.0,0,804,Clouds,overcast clouds,04n
2025-07-27 02:29:12,Kien Giang-Rach Gia,Rach Gia,28.31,28.31,28.31,80.0,32.89,10000.0,0.0,100.0,6.61,11.44,258.0,1007.0,0,804,Clouds,overcast clouds,04n
2025-07-27 02:32:58,Kien Giang-Rach Gia,Rach Gia,28.2,28.2,28.2,78.0,32.28,10000.0,0.0,100.0,7.15,11.31,264.0,1007.0,0,804,Clouds,overcast clouds,04n
2025-07-27 02:36:44,Kien Giang-Rach Gia,Rach Gia,28.2,28.2,28.2,78.0,32.28,10000.0,0.0,100.0,7.15,11.31,264.0,1007.0,0,804,Clouds,overcast clouds,04n
2025-07-27 02:40:30,Kien Giang-Rach Gia,Rach Gia,28.2,28.2,28.2,78.0,32.28,10000.0,0.0,100.0,7.15,11.31,264.0,1007.0,0,804,Clouds,overcast clouds,04n
2025-07-27 02:44:16,Kien Giang-Rach Gia,Rach Gia,28.2,28.2,28.2,78.0,32.28,10000.0,0.0,100.0,7.15,11.31,264.0,1007.0,0,804,Clouds,overcast clouds,04n
2025-07-27 02:48:03,Kien Giang-Rach Gia,Rach Gia,28.2,28.2,28.2,78.0,32.28,10000.0,0.0,100.0,7.15,11.31,264.0,1007.0,0,804,Clouds,overcast clouds,04n
2025-07-27 02:51:49,Kien Giang-Rach Gia,Rach Gia,28.2,28.2,28.2,78.0,32.28,10000.0,0.0,100.0,7.15,11.31,264.0,1007.0,0,804,Clouds,overcast clouds,04n
2025-07-27 02:55:35,Kien Giang-Rach Gia,Rach Gia,28.2,28.2,28.2,78.0,32.28,10000.0,0.0,100.0,7.15,11.31,264.0,1007.0,0,804,Clouds,overcast clouds,04n
2025-07-27 02:59:20,Kien Giang-Rach Gia,Rach Gia,28.2,28.2,28.2,78.0,32.28,10000.0,0.0,100.0,7.15,11.31,264.0,1007.0,0,804,Clouds,overcast clouds,04n
2025-07-27 03:03:12,Kien Giang-Rach Gia,Rach Gia,28.2,28.2,28.2,78.0,32.28,10000.0,0.0,100.0,7.15,11.31,264.0,1007.0,0,804,Clouds,overcast clouds,04n
2025-07-27 03:06:58,Kien Giang-Rach Gia,Rach Gia,28.2,28.2,28.2,78.0,32.28,10000.0,0.0,100.0,7.15,11.31,264.0,1007.0,0,804,Clouds,overcast clouds,04n
2025-07-27 03:10:44,Kien Giang-Rach Gia,Rach Gia,28.2,28.2,28.2,78.0,32.28,10000.0,0.0,100.0,7.15,11.31,264.0,1007.0,0,804,Clouds,overcast clouds,04n
2025-07-27 03:14:30,Kien Giang-Rach Gia,Rach Gia,28.2,28.2,28.2,78.0,32.28,10000.0,0.0,100.0,7.15,11.31,264.0,1007.0,0,804,Clouds,overcast clouds,04n
2025-07-27 03:18:16,Kien Giang-Rach Gia,Rach Gia,28.2,28.2,28.2,78.0,32.28,10000.0,0.0,100.0,7.15,11.31,264.0,1007.0,0,804,Clouds,overcast clouds,04n
2025-07-27 03:22:02,Kien Giang-Rach Gia,Rach Gia,28.2,28.2,28.2,78.0,32.28,10000.0,0.0,100.0,7.15,11.31,264.0,1007.0,0,804,Clouds,overcast clouds,04n
2025-07-27 03:25:48,Kien Giang-Rach Gia,Rach Gia,28.2,28.2,28.2,78.0,32.28,10000.0,0.0,100.0,7.15,11.31,264.0,1007.0,0,804,Clouds,overcast clouds,04n
2025-07-27 03:29:34,Kien Giang-Rach Gia,Rach Gia,28.2,28.2,28.2,78.0,32.28,10000.0,0.0,100.0,7.15,11.31,264.0,1007.0,0,804,Clouds,overcast clouds,04n
2025-07-27 03:33:20,Kien Giang-Rach Gia,Rach Gia,28.34,28.34,28.34,77.0,32.45,10000.0,0.0,100.0,7.93,11.85,268.0,1007.0,0,804,Clouds,overcast clouds,04n
2025-07-27 03:37:06,Kien Giang-Rach Gia,Rach Gia,28.34,28.34,28.34,77.0,32.45,10000.0,0.0,100.0,7.93,11.85,268.0,1007.0,0,804,Clouds,overcast clouds,04n
2025-07-27 03:40:52,Kien Giang-Rach Gia,Rach Gia,28.34,28.34,28.34,77.0,32.45,10000.0,0.0,100.0,7.93,11.85,268.0,1007.0,0,804,Clouds,overcast clouds,04n
2025-07-27 03:44:37,Kien Giang-Rach Gia,Rach Gia,28.34,28.34,28.34,77.0,32.45,10000.0,0.0,100.0,7.93,11.85,268.0,1007.0,0,804,Clouds,overcast clouds,04n
2025-07-27 03:48:23,Kien Giang-Rach Gia,Rach Gia,28.34,28.34,28.34,77.0,32.45,10000.0,0.0,100.0,7.93,11.85,268.0,1007.0,0,804,Clouds,overcast clouds,04n
2025-07-27 03:52:11,Kien Giang-Rach Gia,Rach Gia,28.34,28.34,28.34,77.0,32.45,10000.0,0.0,100.0,7.93,11.85,268.0,1007.0,0,804,Clouds,overcast clouds,04n
2025-07-27 03:55:57,Kien Giang-Rach Gia,Rach Gia,28.34,28.34,28.34,77.0,32.45,10000.0,0.0,100.0,7.93,11.85,268.0,1007.0,0,804,Clouds,overcast clouds,04n
2025-07-27 03:59:43,Kien Giang-Rach Gia,Rach Gia,28.34,28.34,28.34,77.0,32.45,10000.0,0.0,100.0,7.93,11.85,268.0,1007.0,0,804,Clouds,overcast clouds,04n
2025-07-27 04:03:29,Kien Giang-Rach Gia,Rach Gia,28.34,28.34,28.34,77.0,32.45,10000.0,0.0,100.0,7.93,11.85,268.0,1007.0,0,804,Clouds,overcast clouds,04n
2025-07-27 04:07:14,Kien Giang-Rach Gia,Rach Gia,28.34,28.34,28.34,77.0,32.45,10000.0,0.0,100.0,7.93,11.85,268.0,1007.0,0,804,Clouds,overcast clouds,04n
2025-07-27 04:11:01,Kien Giang-Rach Gia,Rach Gia,28.34,28.34,28.34,77.0,32.45,10000.0,0.0,100.0,7.93,11.85,268.0,1007.0,0,804,Clouds,overcast clouds,04n
2025-07-27 09:00:52,Kien Giang-Rach Gia,Rach Gia,29.05,29.05,29.05,73.0,33.42,10000.0,0.0,100.0,6.74,8.78,244.0,1010.0,1,804,Clouds,overcast clouds,04d
2025-07-27 09:04:38,Kien Giang-Rach Gia,Rach Gia,29.05,29.05,29.05,73.0,33.42,10000.0,0.0,100.0,6.74,8.78,244.0,1010.0,1,804,Clouds,overcast clouds,04d
2025-07-27 09:08:24,Kien Giang-Rach Gia,Rach Gia,29.05,29.05,29.05,73.0,33.42,10000.0,0.0,100.0,6.74,8.78,244.0,1010.0,1,804,Clouds,overcast clouds,04d
2025-07-27 09:12:09,Kien Giang-Rach Gia,Rach Gia,29.05,29.05,29.05,73.0,33.42,10000.0,0.0,100.0,6.74,8.78,244.0,1010.0,1,804,Clouds,overcast clouds,04d
2025-07-27 09:15:55,Kien Giang-Rach Gia,Rach Gia,29.05,29.05,29.05,73.0,33.42,10000.0,0.0,100.0,6.74,8.78,244.0,1010.0,1,804,Clouds,overcast clouds,04d
2025-07-27 09:19:41,Kien Giang-Rach Gia,Rach Gia,29.05,29.05,29.05,73.0,33.42,10000.0,0.0,100.0,6.74,8.78,244.0,1010.0,1,804,Clouds,overcast clouds,04d
2025-07-27 09:23:27,Kien Giang-Rach Gia,Rach Gia,29.05,29.05,29.05,73.0,33.42,10000.0,0.0,100.0,6.74,8.78,244.0,1010.0,1,804,Clouds,overcast clouds,04d
2025-07-27 09:27:13,Kien Giang-Rach Gia,Rach Gia,29.05,29.05,29.05,73.0,33.42,10000.0,0.0,100.0,6.74,8.78,244.0,1010.0,1,804,Clouds,overcast clouds,04d
2025-07-27 09:30:58,Kien Giang-Rach Gia,Rach Gia,29.05,29.05,29.05,73.0,33.42,10000.0,0.0,100.0,6.74,8.78,244.0,1010.0,1,804,Clouds,overcast clouds,04d
2025-07-27 09:34:43,Kien Giang-Rach Gia,Rach Gia,29.05,29.05,29.05,73.0,33.42,10000.0,0.0,100.0,6.74,8.78,244.0,1010.0,1,804,Clouds,overcast clouds,04d
2025-07-27 09:38:29,Kien Giang-Rach Gia,Rach Gia,29.18,29.18,29.18,72.0,33.52,9092.0,0.0,100.0,6.59,8.3,248.0,1010.0,1,804,Clouds,overcast clouds,04d
2025-07-27 09:42:14,Kien Giang-Rach Gia,Rach Gia,29.18,29.18,29.18,72.0,33.52,9092.0,0.0,100.0,6.59,8.3,248.0,1010.0,1,804,Clouds,overcast clouds,04d
2025-07-27 09:46:00,Kien Giang-Rach Gia,Rach Gia,29.18,29.18,29.18,72.0,33.52,9092.0,0.0,100.0,6.59,8.3,248.0,1010.0,1,804,Clouds,overcast clouds,04d
2025-07-27 09:49:46,Kien Giang-Rach Gia,Rach Gia,29.18,29.18,29.18,72.0,33.52,9092.0,0.0,100.0,6.59,8.3,248.0,1010.0,1,804,Clouds,overcast clouds,04d
2025-07-27 09:53:32,Kien Giang-Rach Gia,Rach Gia,29.23,29.23,29.23,72.0,33.64,9092.0,0.0,100.0,6.59,8.3,248.0,1010.0,1,804,Clouds,overcast clouds,04d
2025-07-27 09:57:18,Kien Giang-Rach Gia,Rach Gia,29.23,29.23,29.23,72.0,33.64,9092.0,0.0,100.0,6.59,8.3,248.0,1010.0,1,804,Clouds,overcast clouds,04d
2025-07-27 10:01:03,Kien Giang-Rach Gia,Rach Gia,29.23,29.23,29.23,72.0,33.64,9092.0,0.0,100.0,6.59,8.3,248.0,1010.0,1,804,Clouds,overcast clouds,04d
2025-07-27 10:04:49,Kien Giang-Rach Gia,Rach Gia,29.24,29.24,29.24,72.0,33.66,9092.0,0.0,100.0,6.59,8.3,248.0,1010.0,1,804,Clouds,overcast clouds,04d
2025-07-27 10:08:35,Kien Giang-Rach Gia,Rach Gia,29.24,29.24,29.24,72.0,33.66,9092.0,0.0,100.0,6.59,8.3,248.0,1010.0,1,804,Clouds,overcast clouds,04d
2025-07-27 10:12:20,Kien Giang-Rach Gia,Rach Gia,29.24,29.24,29.24,72.0,33.66,9092.0,0.0,100.0,6.59,8.3,248.0,1010.0,1,804,Clouds,overcast clouds,04d
2025-07-27 10:16:05,Kien Giang-Rach Gia,Rach Gia,29.24,29.24,29.24,72.0,33.66,9092.0,0.0,100.0,6.59,8.3,248.0,1010.0,1,804,Clouds,overcast clouds,04d
2025-07-27 10:19:51,Kien Giang-Rach Gia,Rach Gia,29.24,29.24,29.24,72.0,33.66,9092.0,0.0,100.0,6.59,8.3,248.0,1010.0,1,804,Clouds,overcast clouds,04d
2025-07-27 10:23:37,Kien Giang-Rach Gia,Rach Gia,29.24,29.24,29.24,72.0,33.66,9092.0,0.0,100.0,6.59,8.3,248.0,1010.0,1,804,Clouds,overcast clouds,04d
2025-07-27 10:27:23,Kien Giang-Rach Gia,Rach Gia,29.24,29.24,29.24,72.0,33.66,9092.0,0.0,100.0,6.59,8.3,248.0,1010.0,1,804,Clouds,overcast clouds,04d
2025-07-27 10:31:08,Kien Giang-Rach Gia,Rach Gia,29.24,29.24,29.24,72.0,33.66,9092.0,0.0,100.0,6.59,8.3,248.0,1010.0,1,804,Clouds,overcast clouds,04d
2025-07-27 10:34:54,Kien Giang-Rach Gia,Rach Gia,29.72,29.72,29.72,71.0,34.59,10000.0,0.0,100.0,7.21,9.02,248.0,1009.0,1,804,Clouds,overcast clouds,04d
2025-07-27 10:38:40,Kien Giang-Rach Gia,Rach Gia,29.72,29.72,29.72,71.0,34.59,10000.0,0.0,100.0,7.21,9.02,248.0,1009.0,1,804,Clouds,overcast clouds,04d
2025-07-27 10:42:25,Kien Giang-Rach Gia,Rach Gia,29.72,29.72,29.72,71.0,34.59,10000.0,0.0,100.0,7.21,9.02,248.0,1009.0,1,804,Clouds,overcast clouds,04d
2025-07-27 10:46:11,Kien Giang-Rach Gia,Rach Gia,29.72,29.72,29.72,71.0,34.59,10000.0,0.0,100.0,7.21,9.02,248.0,1009.0,1,804,Clouds,overcast clouds,04d
2025-07-27 10:49:57,Kien Giang-Rach Gia,Rach Gia,29.72,29.72,29.72,71.0,34.59,10000.0,0.0,100.0,7.21,9.02,248.0,1009.0,1,804,Clouds,overcast clouds,04d
2025-07-27 10:53:42,Kien Giang-Rach Gia,Rach Gia,29.72,29.72,29.72,71.0,34.59,10000.0,0.0,100.0,7.21,9.02,248.0,1009.0,1,804,Clouds,overcast clouds,04d
2025-07-27 10:57:28,Kien Giang-Rach Gia,Rach Gia,29.72,29.72,29.72,71.0,34.59,10000.0,0.0,100.0,7.21,9.02,248.0,1009.0,1,804,Clouds,overcast clouds,04d
2025-07-27 11:01:14,Kien Giang-Rach Gia,Rach Gia,29.73,29.73,29.73,71.0,34.62,10000.0,0.0,100.0,7.21,9.02,248.0,1009.0,1,804,Clouds,overcast clouds,04d
2025-07-27 11:04:59,Kien Giang-Rach Gia,Rach Gia,29.73,29.73,29.73,71.0,34.62,10000.0,0.0,100.0,7.21,9.02,248.0,1009.0,1,804,Clouds,overcast clouds,04d
2025-07-27 11:08:44,Kien Giang-Rach Gia,Rach Gia,29.73,29.73,29.73,71.0,34.62,10000.0,0.0,100.0,7.21,9.02,248.0,1009.0,1,804,Clouds,overcast clouds,04d
2025-07-27 11:12:30,Kien Giang-Rach Gia,Rach Gia,29.73,29.73,29.73,71.0,34.62,10000.0,0.0,100.0,7.21,9.02,248.0,1009.0,1,804,Clouds,overcast clouds,04d
2025-07-27 11:16:16,Kien Giang-Rach Gia,Rach Gia,29.73,29.73,29.73,71.0,34.62,10000.0,0.0,100.0,7.21,9.02,248.0,1009.0,1,804,Clouds,overcast clouds,04d
2025-07-27 11:20:01,Kien Giang-Rach Gia,Rach Gia,29.73,29.73,29.73,71.0,34.62,10000.0,0.0,100.0,7.21,9.02,248.0,1009.0,1,804,Clouds,overcast clouds,04d
2025-07-27 11:23:47,Kien Giang-Rach Gia,Rach Gia,29.73,29.73,29.73,71.0,34.62,10000.0,0.0,100.0,7.21,9.02,248.0,1009.0,1,804,Clouds,overcast clouds,04d
2025-07-27 11:27:33,Kien Giang-Rach Gia,Rach Gia,29.73,29.73,29.73,71.0,34.62,10000.0,0.0,100.0,7.21,9.02,248.0,1009.0,1,804,Clouds,overcast clouds,04d
2025-07-27 11:31:19,Kien Giang-Rach Gia,Rach Gia,29.89,29.89,29.89,69.0,34.54,10000.0,0.0,98.0,7.1,9.18,246.0,1008.0,1,804,Clouds,overcast clouds,04d
2025-07-27 11:35:05,Kien Giang-Rach Gia,Rach Gia,29.89,29.89,29.89,69.0,34.54,10000.0,0.0,98.0,7.1,9.18,246.0,1008.0,1,804,Clouds,overcast clouds,04d
2025-07-27 11:38:50,Kien Giang-Rach Gia,Rach Gia,29.89,29.89,29.89,69.0,34.54,10000.0,0.0,98.0,7.1,9.18,246.0,1008.0,1,804,Clouds,overcast clouds,04d
2025-07-27 11:42:35,Kien Giang-Rach Gia,Rach Gia,29.89,29.89,29.89,69.0,34.54,10000.0,0.0,98.0,7.1,9.18,246.0,1008.0,1,804,Clouds,overcast clouds,04d
2025-07-27 11:46:21,Kien Giang-Rach Gia,Rach Gia,29.86,29.86,29.86,69.0,34.47,10000.0,0.0,98.0,7.1,9.18,246.0,1008.0,1,804,Clouds,overcast clouds,04d
2025-07-27 11:50:07,Kien Giang-Rach Gia,Rach Gia,29.86,29.86,29.86,69.0,34.47,10000.0,0.0,98.0,7.1,9.18,246.0,1008.0,1,804,Clouds,overcast clouds,04d
2025-07-27 11:53:52,Kien Giang-Rach Gia,Rach Gia,29.86,29.86,29.86,69.0,34.47,10000.0,0.0,98.0,7.1,9.18,246.0,1008.0,1,804,Clouds,overcast clouds,04d
2025-07-27 11:57:38,Kien Giang-Rach Gia,Rach Gia,29.86,29.86,29.86,69.0,34.47,10000.0,0.0,98.0,7.1,9.18,246.0,1008.0,1,804,Clouds,overcast clouds,04d
2025-07-27 12:01:23,Kien Giang-Rach Gia,Rach Gia,29.85,29.85,29.85,70.0,34.68,10000.0,0.0,98.0,7.1,9.18,246.0,1008.0,1,804,Clouds,overcast clouds,04d
2025-07-27 12:05:09,Kien Giang-Rach Gia,Rach Gia,29.85,29.85,29.85,70.0,34.68,10000.0,0.0,98.0,7.1,9.18,246.0,1008.0,1,804,Clouds,overcast clouds,04d
2025-07-27 12:08:55,Kien Giang-Rach Gia,Rach Gia,29.85,29.85,29.85,70.0,34.68,10000.0,0.0,98.0,7.1,9.18,246.0,1008.0,1,804,Clouds,overcast clouds,04d
2025-07-27 12:12:40,Kien Giang-Rach Gia,Rach Gia,29.85,29.85,29.85,70.0,34.68,10000.0,0.0,98.0,7.1,9.18,246.0,1008.0,1,804,Clouds,overcast clouds,04d
2025-07-27 12:16:26,Kien Giang-Rach Gia,Rach Gia,29.85,29.85,29.85,70.0,34.68,10000.0,0.0,98.0,7.1,9.18,246.0,1008.0,1,804,Clouds,overcast clouds,04d
2025-07-27 12:20:12,Kien Giang-Rach Gia,Rach Gia,29.85,29.85,29.85,70.0,34.68,10000.0,0.0,98.0,7.1,9.18,246.0,1008.0,1,804,Clouds,overcast clouds,04d
2025-07-27 12:23:57,Kien Giang-Rach Gia,Rach Gia,29.85,29.85,29.85,70.0,34.68,10000.0,0.0,98.0,7.1,9.18,246.0,1008.0,1,804,Clouds,overcast clouds,04d
2025-07-27 12:27:43,Kien Giang-Rach Gia,Rach Gia,29.85,29.85,29.85,70.0,34.68,10000.0,0.0,98.0,7.1,9.18,246.0,1008.0,1,804,Clouds,overcast clouds,04d
2025-07-27 12:31:29,Kien Giang-Rach Gia,Rach Gia,29.85,29.85,29.85,70.0,34.68,10000.0,0.0,98.0,7.1,9.18,246.0,1008.0,1,804,Clouds,overcast clouds,04d
2025-07-27 12:35:14,Kien Giang-Rach Gia,Rach Gia,29.51,29.51,29.51,71.0,34.09,10000.0,0.0,89.0,7.59,9.81,247.0,1008.0,1,804,Clouds,overcast clouds,04d
2025-07-27 12:39:00,Kien Giang-Rach Gia,Rach Gia,29.51,29.51,29.51,71.0,34.09,10000.0,0.0,89.0,7.59,9.81,247.0,1008.0,1,804,Clouds,overcast clouds,04d
2025-07-27 12:42:45,Kien Giang-Rach Gia,Rach Gia,29.51,29.51,29.51,71.0,34.09,10000.0,0.0,89.0,7.59,9.81,247.0,1008.0,1,804,Clouds,overcast clouds,04d
2025-07-27 12:46:31,Kien Giang-Rach Gia,Rach Gia,29.51,29.51,29.51,71.0,34.09,10000.0,0.0,100.0,7.33,9.15,244.0,1008.0,1,804,Clouds,overcast clouds,04d
2025-07-27 12:50:16,Kien Giang-Rach Gia,Rach Gia,29.51,29.51,29.51,71.0,34.09,10000.0,0.0,100.0,7.33,9.15,244.0,1008.0,1,804,Clouds,overcast clouds,04d
2025-07-27 12:54:02,Kien Giang-Rach Gia,Rach Gia,29.51,29.51,29.51,71.0,34.09,10000.0,0.0,100.0,7.33,9.15,244.0,1008.0,1,804,Clouds,overcast clouds,04d
2025-07-27 12:57:48,Kien Giang-Rach Gia,Rach Gia,29.51,29.51,29.51,71.0,34.09,10000.0,0.0,100.0,7.33,9.15,244.0,1008.0,1,804,Clouds,overcast clouds,04d
2025-07-27 13:01:34,Kien Giang-Rach Gia,Rach Gia,29.51,29.51,29.51,71.0,34.09,10000.0,0.0,100.0,7.33,9.15,244.0,1008.0,1,804,Clouds,overcast clouds,04d
2025-07-27 13:05:19,Kien Giang-Rach Gia,Rach Gia,29.51,29.51,29.51,71.0,34.09,10000.0,0.0,100.0,7.33,9.15,244.0,1008.0,1,804,Clouds,overcast clouds,04d
2025-07-27 13:09:05,Kien Giang-Rach Gia,Rach Gia,29.51,29.51,29.51,71.0,34.09,10000.0,0.0,100.0,7.33,9.15,244.0,1008.0,1,804,Clouds,overcast clouds,04d
2025-07-27 13:12:51,Kien Giang-Rach Gia,Rach Gia,29.51,29.51,29.51,71.0,34.09,10000.0,0.0,100.0,7.33,9.15,244.0,1008.0,1,804,Clouds,overcast clouds,04d
2025-07-27 13:16:36,Kien Giang-Rach Gia,Rach Gia,29.51,29.51,29.51,71.0,34.09,10000.0,0.0,100.0,7.33,9.15,244.0,1008.0,1,804,Clouds,overcast clouds,04d
2025-07-27 13:20:22,Kien Giang-Rach Gia,Rach Gia,29.51,29.51,29.51,71.0,34.09,10000.0,0.0,100.0,7.33,9.15,244.0,1008.0,1,804,Clouds,overcast clouds,04d
2025-07-27 13:24:08,Kien Giang-Rach Gia,Rach Gia,29.43,29.43,29.43,72.0,34.12,10000.0,0.16,100.0,7.33,9.15,244.0,1008.0,1,500,Rain,light rain,10d
2025-07-27 13:27:53,Kien Giang-Rach Gia,Rach Gia,29.43,29.43,29.43,72.0,34.12,10000.0,0.16,100.0,7.33,9.15,244.0,1008.0,1,500,Rain,light rain,10d
2025-07-27 13:31:39,Kien Giang-Rach Gia,Rach Gia,29.33,29.33,29.33,71.0,33.67,10000.0,0.12,100.0,7.88,10.31,248.0,1007.0,1,500,Rain,light rain,10d
2025-07-27 13:35:25,Kien Giang-Rach Gia,Rach Gia,29.33,29.33,29.33,71.0,33.67,10000.0,0.12,100.0,7.88,10.31,248.0,1007.0,1,500,Rain,light rain,10d
2025-07-27 13:39:10,Kien Giang-Rach Gia,Rach Gia,29.33,29.33,29.33,71.0,33.67,10000.0,0.12,100.0,7.88,10.31,248.0,1007.0,1,500,Rain,light rain,10d
2025-07-27 13:42:56,Kien Giang-Rach Gia,Rach Gia,29.33,29.33,29.33,71.0,33.67,10000.0,0.0,100.0,7.88,10.31,248.0,1007.0,1,804,Clouds,overcast clouds,04d
2025-07-27 13:46:41,Kien Giang-Rach Gia,Rach Gia,29.33,29.33,29.33,71.0,33.67,10000.0,0.0,100.0,7.88,10.31,248.0,1007.0,1,804,Clouds,overcast clouds,04d
2025-07-27 13:50:26,Kien Giang-Rach Gia,Rach Gia,29.33,29.33,29.33,71.0,33.67,10000.0,0.0,100.0,7.88,10.31,248.0,1007.0,1,804,Clouds,overcast clouds,04d
2025-07-27 13:54:12,Kien Giang-Rach Gia,Rach Gia,29.33,29.33,29.33,71.0,33.67,10000.0,0.12,100.0,7.88,10.31,248.0,1007.0,1,500,Rain,light rain,10d
2025-07-27 13:57:57,Kien Giang-Rach Gia,Rach Gia,29.33,29.33,29.33,71.0,33.67,10000.0,0.12,100.0,7.88,10.31,248.0,1007.0,1,500,Rain,light rain,10d
2025-07-27 14:01:43,Kien Giang-Rach Gia,Rach Gia,29.33,29.33,29.33,71.0,33.67,10000.0,0.12,100.0,7.88,10.31,248.0,1007.0,1,500,Rain,light rain,10d
2025-07-27 14:05:29,Kien Giang-Rach Gia,Rach Gia,29.32,29.32,29.32,71.0,33.64,10000.0,0.15,100.0,7.88,10.31,248.0,1007.0,1,500,Rain,light rain,10d
2025-07-27 14:09:15,Kien Giang-Rach Gia,Rach Gia,29.32,29.32,29.32,71.0,33.64,10000.0,0.15,100.0,7.88,10.31,248.0,1007.0,1,500,Rain,light rain,10d
2025-07-27 14:13:01,Kien Giang-Rach Gia,Rach Gia,29.32,29.32,29.32,71.0,33.64,10000.0,0.21,100.0,7.88,10.31,248.0,1007.0,1,500,Rain,light rain,10d
2025-07-27 14:16:47,Kien Giang-Rach Gia,Rach Gia,29.32,29.32,29.32,71.0,33.64,10000.0,0.39,100.0,7.88,10.31,248.0,1007.0,1,500,Rain,light rain,10d
2025-07-27 14:20:33,Kien Giang-Rach Gia,Rach Gia,29.32,29.32,29.32,71.0,33.64,10000.0,0.33,100.0,7.88,10.31,248.0,1007.0,1,500,Rain,light rain,10d
2025-07-27 14:24:19,Kien Giang-Rach Gia,Rach Gia,29.32,29.32,29.32,71.0,33.64,10000.0,0.36,100.0,7.88,10.31,248.0,1007.0,1,500,Rain,light rain,10d
2025-07-27 14:28:05,Kien Giang-Rach Gia,Rach Gia,29.32,29.32,29.32,71.0,33.64,10000.0,0.45,100.0,7.88,10.31,248.0,1007.0,1,500,Rain,light rain,10d
2025-07-27 14:31:50,Kien Giang-Rach Gia,Rach Gia,29.32,29.32,29.32,71.0,33.64,10000.0,0.45,100.0,7.88,10.31,248.0,1007.0,1,500,Rain,light rain,10d
2025-07-27 14:35:36,Kien Giang-Rach Gia,Rach Gia,29.27,29.27,29.27,71.0,33.53,10000.0,0.63,100.0,7.11,10.2,247.0,1006.0,1,500,Rain,light rain,10d
2025-07-27 14:39:22,Kien Giang-Rach Gia,Rach Gia,29.27,29.27,29.27,71.0,33.53,10000.0,0.58,100.0,7.11,10.2,247.0,1006.0,1,500,Rain,light rain,10d
2025-07-27 14:43:07,Kien Giang-Rach Gia,Rach Gia,29.27,29.27,29.27,71.0,33.53,10000.0,1.0,100.0,7.11,10.2,247.0,1006.0,1,500,Rain,light rain,10d
2025-07-27 14:46:53,Kien Giang-Rach Gia,Rach Gia,29.28,29.28,29.28,71.0,33.55,10000.0,0.85,100.0,7.11,10.2,247.0,1006.0,1,500,Rain,light rain,10d
2025-07-27 14:50:39,Kien Giang-Rach Gia,Rach Gia,29.28,29.28,29.28,71.0,33.55,10000.0,0.92,100.0,7.11,10.2,247.0,1006.0,1,500,Rain,light rain,10d
2025-07-27 14:54:25,Kien Giang-Rach Gia,Rach Gia,29.28,29.28,29.28,71.0,33.55,10000.0,1.1,100.0,7.11,10.2,247.0,1006.0,1,501,Rain,moderate rain,10d
2025-07-27 14:58:11,Kien Giang-Rach Gia,Rach Gia,29.28,29.28,29.28,71.0,33.55,10000.0,0.61,100.0,7.11,10.2,247.0,1006.0,1,500,Rain,light rain,10d
2025-07-27 15:01:57,Kien Giang-Rach Gia,Rach Gia,29.28,29.28,29.28,71.0,33.55,10000.0,0.61,100.0,7.11,10.2,247.0,1006.0,1,500,Rain,light rain,10d
2025-07-27 15:05:42,Kien Giang-Rach Gia,Rach Gia,29.27,29.27,29.27,71.0,33.53,10000.0,0.42,100.0,7.11,10.2,247.0,1006.0,1,500,Rain,light rain,10d
2025-07-27 15:09:28,Kien Giang-Rach Gia,Rach Gia,29.27,29.27,29.27,71.0,33.53,10000.0,0.42,100.0,7.11,10.2,247.0,1006.0,1,500,Rain,light rain,10d
2025-07-27 15:13:14,Kien Giang-Rach Gia,Rach Gia,29.27,29.27,29.27,71.0,33.53,10000.0,0.65,100.0,7.11,10.2,247.0,1006.0,1,500,Rain,light rain,10d
2025-07-27 15:17:00,Kien Giang-Rach Gia,Rach Gia,29.27,29.27,29.27,71.0,33.53,10000.0,0.65,100.0,7.11,10.2,247.0,1006.0,1,500,Rain,light rain,10d
2025-07-27 15:20:46,Kien Giang-Rach Gia,Rach Gia,29.27,29.27,29.27,71.0,33.53,10000.0,0.49,100.0,7.11,10.2,247.0,1006.0,1,500,Rain,light rain,10d
2025-07-27 15:24:32,Kien Giang-Rach Gia,Rach Gia,29.27,29.27,29.27,71.0,33.53,10000.0,0.49,100.0,7.11,10.2,247.0,1006.0,1,500,Rain,light rain,10d
2025-07-27 15:28:17,Kien Giang-Rach Gia,Rach Gia,29.27,29.27,29.27,71.0,33.53,10000.0,0.49,100.0,7.11,10.2,247.0,1006.0,1,500,Rain,light rain,10d
2025-07-27 15:32:03,Kien Giang-Rach Gia,Rach Gia,29.27,29.27,29.27,71.0,33.53,10000.0,0.49,100.0,7.11,10.2,247.0,1006.0,1,500,Rain,light rain,10d
2025-07-27 15:35:49,Kien Giang-Rach Gia,Rach Gia,28.95,28.95,28.95,73.0,33.18,10000.0,0.75,100.0,7.18,9.75,250.0,1006.0,1,500,Rain,light rain,10d
2025-07-27 15:39:35,Kien Giang-Rach Gia,Rach Gia,28.95,28.95,28.95,73.0,33.18,10000.0,0.75,100.0,7.18,9.75,250.0,1006.0,1,500,Rain,light rain,10d
2025-07-27 15:43:21,Kien Giang-Rach Gia,Rach Gia,28.95,28.95,28.95,73.0,33.18,10000.0,0.87,100.0,7.18,9.75,250.0,1006.0,1,500,Rain,light rain,10d
2025-07-27 15:47:09,Kien Giang-Rach Gia,Rach Gia,29.0,29.0,29.0,73.0,33.3,10000.0,0.82,100.0,7.18,9.75,250.0,1006.0,1,500,Rain,light rain,10d
2025-07-27 15:50:57,Kien Giang-Rach Gia,Rach Gia,29.0,29.0,29.0,73.0,33.3,10000.0,0.65,100.0,7.18,9.75,250.0,1006.0,1,500,Rain,light rain,10d
2025-07-27 15:54:47,Kien Giang-Rach Gia,Rach Gia,29.0,29.0,29.0,73.0,33.3,10000.0,0.65,100.0,7.18,9.75,250.0,1006.0,1,500,Rain,light rain,10d
2025-07-27 15:58:35,Kien Giang-Rach Gia,Rach Gia,29.0,29.0,29.0,73.0,33.3,10000.0,0.65,100.0,7.18,9.75,250.0,1006.0,1,500,Rain,light rain,10d
2025-07-27 16:02:24,Kien Giang-Rach Gia,Rach Gia,28.99,28.99,28.99,73.0,33.27,10000.0,0.3,100.0,7.18,9.75,250.0,1006.0,1,500,Rain,light rain,10d
2025-07-27 16:06:13,Kien Giang-Rach Gia,Rach Gia,28.99,28.99,28.99,73.0,33.27,10000.0,0.3,100.0,7.18,9.75,250.0,1006.0,1,500,Rain,light rain,10d
2025-07-27 16:10:02,Kien Giang-Rach Gia,Rach Gia,28.99,28.99,28.99,73.0,33.27,10000.0,0.3,100.0,7.18,9.75,250.0,1006.0,1,500,Rain,light rain,10d
2025-07-27 16:13:52,Kien Giang-Rach Gia,Rach Gia,28.99,28.99,28.99,73.0,33.27,10000.0,0.3,100.0,7.18,9.75,250.0,1006.0,1,500,Rain,light rain,10d
2025-07-27 16:17:41,Kien Giang-Rach Gia,Rach Gia,28.99,28.99,28.99,73.0,33.27,10000.0,0.32,100.0,7.18,9.75,250.0,1006.0,1,500,Rain,light rain,10d
2025-07-27 16:21:29,Kien Giang-Rach Gia,Rach Gia,28.99,28.99,28.99,73.0,33.27,10000.0,0.43,100.0,7.18,9.75,250.0,1006.0,1,500,Rain,light rain,10d
2025-07-27 16:25:18,Kien Giang-Rach Gia,Rach Gia,28.99,28.99,28.99,73.0,33.27,10000.0,0.43,100.0,7.18,9.75,250.0,1006.0,1,500,Rain,light rain,10d
2025-07-27 16:29:08,Kien Giang-Rach Gia,Rach Gia,28.99,28.99,28.99,73.0,33.27,10000.0,0.43,100.0,7.18,9.75,250.0,1006.0,1,500,Rain,light rain,10d
2025-07-27 16:32:57,Kien Giang-Rach Gia,Rach Gia,28.76,28.76,28.76,74.0,32.92,10000.0,0.78,100.0,7.45,10.1,252.0,1006.0,1,500,Rain,light rain,10d
2025-07-27 16:36:46,Kien Giang-Rach Gia,Rach Gia,28.76,28.76,28.76,74.0,32.92,10000.0,0.78,100.0,7.45,10.1,252.0,1006.0,1,500,Rain,light rain,10d
2025-07-27 16:40:35,Kien Giang-Rach Gia,Rach Gia,28.76,28.76,28.76,74.0,32.92,10000.0,0.78,100.0,7.45,10.1,252.0,1006.0,1,500,Rain,light rain,10d
2025-07-27 16:44:24,Kien Giang-Rach Gia,Rach Gia,28.76,28.76,28.76,74.0,32.92,10000.0,0.65,100.0,7.45,10.1,252.0,1006.0,1,500,Rain,light rain,10d
2025-07-27 16:48:13,Kien Giang-Rach Gia,Rach Gia,28.76,28.76,28.76,74.0,32.92,10000.0,0.65,100.0,7.45,10.1,252.0,1006.0,1,500,Rain,light rain,10d
2025-07-27 16:52:02,Kien Giang-Rach Gia,Rach Gia,28.76,28.76,28.76,74.0,32.92,10000.0,1.09,100.0,7.45,10.1,252.0,1006.0,1,501,Rain,moderate rain,10d
2025-07-27 16:55:51,Kien Giang-Rach Gia,Rach Gia,28.76,28.76,28.76,74.0,32.92,10000.0,1.78,100.0,7.45,10.1,252.0,1006.0,1,501,Rain,moderate rain,10d
2025-07-27 16:59:40,Kien Giang-Rach Gia,Rach Gia,28.76,28.76,28.76,74.0,32.92,10000.0,1.78,100.0,7.45,10.1,252.0,1006.0,1,501,Rain,moderate rain,10d
2025-07-27 17:03:29,Kien Giang-Rach Gia,Rach Gia,28.74,28.74,28.74,75.0,33.06,10000.0,1.68,100.0,7.45,10.1,252.0,1006.0,1,501,Rain,moderate rain,10d
2025-07-27 17:07:18,Kien Giang-Rach Gia,Rach Gia,28.74,28.74,28.74,75.0,33.06,10000.0,1.33,100.0,7.45,10.1,252.0,1006.0,1,501,Rain,moderate rain,10d
2025-07-27 17:11:08,Kien Giang-Rach Gia,Rach Gia,28.74,28.74,28.74,75.0,33.06,10000.0,1.33,100.0,7.45,10.1,252.0,1006.0,1,501,Rain,moderate rain,10d
2025-07-27 17:14:56,Kien Giang-Rach Gia,Rach Gia,28.74,28.74,28.74,75.0,33.06,10000.0,1.33,100.0,7.45,10.1,252.0,1006.0,1,501,Rain,moderate rain,10d
2025-07-27 17:18:45,Kien Giang-Rach Gia,Rach Gia,28.74,28.74,28.74,75.0,33.06,10000.0,1.73,100.0,7.45,10.1,252.0,1006.0,1,501,Rain,moderate rain,10d
2025-07-27 17:22:34,Kien Giang-Rach Gia,Rach Gia,28.74,28.74,28.74,75.0,33.06,10000.0,1.33,100.0,7.45,10.1,252.0,1006.0,1,501,Rain,moderate rain,10d
2025-07-27 17:26:23,Kien Giang-Rach Gia,Rach Gia,28.74,28.74,28.74,75.0,33.06,10000.0,1.78,100.0,7.45,10.1,252.0,1006.0,1,501,Rain,moderate rain,10d
2025-07-27 17:30:12,Kien Giang-Rach Gia,Rach Gia,28.74,28.74,28.74,75.0,33.06,10000.0,1.78,100.0,7.45,10.1,252.0,1006.0,1,501,Rain,moderate rain,10d
2025-07-27 17:34:03,Kien Giang-Rach Gia,Rach Gia,28.55,28.55,28.55,76.0,32.79,10000.0,1.54,100.0,7.91,11.05,256.0,1007.0,1,501,Rain,moderate rain,10d
2025-07-27 17:37:53,Kien Giang-Rach Gia,Rach Gia,28.55,28.55,28.55,76.0,32.79,10000.0,1.54,100.0,7.91,11.05,256.0,1007.0,1,501,Rain,moderate rain,10d
2025-07-27 17:41:42,Kien Giang-Rach Gia,Rach Gia,28.55,28.55,28.55,76.0,32.79,10000.0,1.54,100.0,7.91,11.05,256.0,1007.0,1,501,Rain,moderate rain,10d
2025-07-27 17:45:31,Kien Giang-Rach Gia,Rach Gia,28.55,28.55,28.55,76.0,32.79,10000.0,0.73,100.0,7.91,11.05,256.0,1007.0,1,500,Rain,light rain,10d
2025-07-27 17:49:20,Kien Giang-Rach Gia,Rach Gia,28.55,28.55,28.55,76.0,32.79,10000.0,0.67,100.0,7.91,11.05,256.0,1007.0,1,500,Rain,light rain,10d
2025-07-27 17:53:09,Kien Giang-Rach Gia,Rach Gia,28.55,28.55,28.55,76.0,32.79,10000.0,0.73,100.0,7.91,11.05,256.0,1007.0,1,500,Rain,light rain,10d
2025-07-27 17:56:58,Kien Giang-Rach Gia,Rach Gia,28.55,28.55,28.55,76.0,32.79,10000.0,0.27,100.0,7.91,11.05,256.0,1007.0,1,500,Rain,light rain,10d
2025-07-27 18:00:47,Kien Giang-Rach Gia,Rach Gia,28.55,28.55,28.55,76.0,32.79,10000.0,0.27,100.0,7.91,11.05,256.0,1007.0,1,500,Rain,light rain,10d
2025-07-27 18:04:36,Kien Giang-Rach Gia,Rach Gia,28.53,28.53,28.53,77.0,32.91,10000.0,0.37,100.0,7.91,11.05,256.0,1007.0,1,500,Rain,light rain,10d
2025-07-27 18:08:25,Kien Giang-Rach Gia,Rach Gia,28.53,28.53,28.53,77.0,32.91,10000.0,0.25,100.0,7.91,11.05,256.0,1007.0,1,500,Rain,light rain,10d
2025-07-27 18:12:14,Kien Giang-Rach Gia,Rach Gia,28.53,28.53,28.53,77.0,32.91,10000.0,0.22,100.0,7.91,11.05,256.0,1007.0,1,500,Rain,light rain,10d
2025-07-27 18:16:03,Kien Giang-Rach Gia,Rach Gia,28.53,28.53,28.53,77.0,32.91,10000.0,0.25,100.0,7.91,11.05,256.0,1007.0,1,500,Rain,light rain,10d
2025-07-27 18:19:52,Kien Giang-Rach Gia,Rach Gia,28.53,28.53,28.53,77.0,32.91,10000.0,0.49,100.0,7.91,11.05,256.0,1007.0,1,500,Rain,light rain,10d
2025-07-27 18:23:40,Kien Giang-Rach Gia,Rach Gia,28.53,28.53,28.53,77.0,32.91,10000.0,0.56,100.0,7.91,11.05,256.0,1007.0,1,500,Rain,light rain,10d
2025-07-27 18:27:28,Kien Giang-Rach Gia,Rach Gia,28.53,28.53,28.53,77.0,32.91,10000.0,0.56,100.0,7.91,11.05,256.0,1007.0,0,500,Rain,light rain,10d
2025-07-27 18:31:18,Kien Giang-Rach Gia,Rach Gia,28.6,28.6,28.6,78.0,33.27,10000.0,0.65,100.0,7.87,11.25,254.0,1007.0,0,500,Rain,light rain,10n
2025-07-27 18:35:07,Kien Giang-Rach Gia,Rach Gia,28.6,28.6,28.6,78.0,33.27,10000.0,2.05,100.0,7.87,11.25,254.0,1007.0,0,501,Rain,moderate rain,10n
2025-07-27 18:38:56,Kien Giang-Rach Gia,Rach Gia,28.6,28.6,28.6,78.0,33.27,10000.0,2.05,100.0,7.87,11.25,254.0,1007.0,0,501,Rain,moderate rain,10n
2025-07-27 18:42:45,Kien Giang-Rach Gia,Rach Gia,28.6,28.6,28.6,78.0,33.27,10000.0,1.89,100.0,7.87,11.25,254.0,1007.0,0,501,Rain,moderate rain,10n
2025-07-27 18:46:34,Kien Giang-Rach Gia,Rach Gia,28.6,28.6,28.6,78.0,33.27,10000.0,1.54,100.0,7.87,11.25,254.0,1007.0,0,501,Rain,moderate rain,10n
2025-07-27 18:50:24,Kien Giang-Rach Gia,Rach Gia,28.6,28.6,28.6,78.0,33.27,10000.0,1.89,100.0,7.87,11.25,254.0,1007.0,0,501,Rain,moderate rain,10n
2025-07-27 18:54:13,Kien Giang-Rach Gia,Rach Gia,28.6,28.6,28.6,78.0,33.27,10000.0,1.54,100.0,7.87,11.25,254.0,1007.0,0,501,Rain,moderate rain,10n
2025-07-27 18:58:03,Kien Giang-Rach Gia,Rach Gia,28.6,28.6,28.6,78.0,33.27,10000.0,1.54,100.0,7.87,11.25,254.0,1007.0,0,501,Rain,moderate rain,10n
2025-07-27 19:01:52,Kien Giang-Rach Gia,Rach Gia,28.6,28.6,28.6,78.0,33.27,10000.0,1.54,100.0,7.87,11.25,254.0,1007.0,0,501,Rain,moderate rain,10n
2025-07-27 19:05:41,Kien Giang-Rach Gia,Rach Gia,28.6,28.6,28.6,78.0,33.27,10000.0,1.78,100.0,8.52,11.17,254.0,1007.0,0,501,Rain,moderate rain,10n
2025-07-27 19:09:28,Kien Giang-Rach Gia,Rach Gia,28.6,28.6,28.6,78.0,33.27,10000.0,1.78,100.0,8.52,11.17,254.0,1007.0,0,501,Rain,moderate rain,10n
2025-07-27 19:13:13,Kien Giang-Rach Gia,Rach Gia,28.6,28.6,28.6,78.0,33.27,10000.0,1.78,100.0,8.52,11.17,254.0,1007.0,0,501,Rain,moderate rain,10n
2025-07-27 19:16:59,Kien Giang-Rach Gia,Rach Gia,28.6,28.6,28.6,78.0,33.27,10000.0,1.54,100.0,8.52,11.17,254.0,1007.0,0,501,Rain,moderate rain,10n
2025-07-27 19:20:45,Kien Giang-Rach Gia,Rach Gia,28.6,28.6,28.6,78.0,33.27,10000.0,1.54,100.0,8.52,11.17,254.0,1007.0,0,501,Rain,moderate rain,10n
2025-07-27 19:24:30,Kien Giang-Rach Gia,Rach Gia,28.6,28.6,28.6,78.0,33.27,10000.0,1.54,100.0,8.52,11.17,254.0,1007.0,0,501,Rain,moderate rain,10n
2025-07-27 19:28:16,Kien Giang-Rach Gia,Rach Gia,28.6,28.6,28.6,78.0,33.27,10000.0,1.78,100.0,8.52,11.17,254.0,1007.0,0,501,Rain,moderate rain,10n
2025-07-27 19:32:02,Kien Giang-Rach Gia,Rach Gia,28.6,28.6,28.6,78.0,33.27,10000.0,1.78,100.0,8.52,11.17,254.0,1007.0,0,501,Rain,moderate rain,10n
2025-07-27 19:35:48,Kien Giang-Rach Gia,Rach Gia,28.62,28.62,28.62,78.0,33.32,10000.0,0.87,100.0,7.45,10.36,250.0,1008.0,0,500,Rain,light rain,10n
2025-07-27 19:39:34,Kien Giang-Rach Gia,Rach Gia,28.32,28.32,28.32,77.0,32.4,10000.0,0.87,100.0,7.45,10.36,250.0,1008.0,0,500,Rain,light rain,10n
2025-07-27 19:43:20,Kien Giang-Rach Gia,Rach Gia,28.32,28.32,28.32,77.0,32.4,10000.0,0.87,100.0,7.45,10.36,250.0,1008.0,0,500,Rain,light rain,10n
2025-07-27 19:47:06,Kien Giang-Rach Gia,Rach Gia,28.32,28.32,28.32,77.0,32.4,10000.0,0.75,100.0,7.45,10.36,250.0,1008.0,0,500,Rain,light rain,10n
2025-07-27 19:50:52,Kien Giang-Rach Gia,Rach Gia,28.32,28.32,28.32,77.0,32.4,10000.0,0.75,100.0,7.45,10.36,250.0,1008.0,0,500,Rain,light rain,10n
2025-07-27 19:54:37,Kien Giang-Rach Gia,Rach Gia,28.32,28.32,28.32,77.0,32.4,10000.0,0.75,100.0,7.45,10.36,250.0,1008.0,0,500,Rain,light rain,10n
2025-07-27 19:58:23,Kien Giang-Rach Gia,Rach Gia,28.32,28.32,28.32,77.0,32.4,10000.0,0.87,100.0,7.45,10.36,250.0,1008.0,0,500,Rain,light rain,10n
2025-07-27 20:02:08,Kien Giang-Rach Gia,Rach Gia,28.3,28.3,28.3,77.0,32.35,10000.0,1.15,100.0,7.45,10.36,250.0,1008.0,0,501,Rain,moderate rain,10n
2025-07-27 20:05:54,Kien Giang-Rach Gia,Rach Gia,28.3,28.3,28.3,77.0,32.35,10000.0,0.65,100.0,7.45,10.36,250.0,1008.0,0,500,Rain,light rain,10n
2025-07-27 20:09:40,Kien Giang-Rach Gia,Rach Gia,28.3,28.3,28.3,77.0,32.35,10000.0,1.15,100.0,7.45,10.36,250.0,1008.0,0,501,Rain,moderate rain,10n
2025-07-27 20:13:26,Kien Giang-Rach Gia,Rach Gia,28.3,28.3,28.3,77.0,32.35,10000.0,0.75,100.0,7.45,10.36,250.0,1008.0,0,500,Rain,light rain,10n
2025-07-27 20:17:12,Kien Giang-Rach Gia,Rach Gia,28.3,28.3,28.3,77.0,32.35,10000.0,1.0,100.0,7.45,10.36,250.0,1008.0,0,500,Rain,light rain,10n
2025-07-27 20:20:58,Kien Giang-Rach Gia,Rach Gia,28.3,28.3,28.3,77.0,32.35,10000.0,1.0,100.0,7.45,10.36,250.0,1008.0,0,500,Rain,light rain,10n
2025-07-27 20:24:43,Kien Giang-Rach Gia,Rach Gia,28.3,28.3,28.3,77.0,32.35,10000.0,1.0,100.0,7.45,10.36,250.0,1008.0,0,500,Rain,light rain,10n
2025-07-27 20:28:29,Kien Giang-Rach Gia,Rach Gia,28.3,28.3,28.3,77.0,32.35,10000.0,1.0,100.0,7.45,10.36,250.0,1008.0,0,500,Rain,light rain,10n
2025-07-27 20:32:14,Kien Giang-Rach Gia,Rach Gia,28.3,28.3,28.3,77.0,32.35,10000.0,1.0,100.0,7.45,10.36,250.0,1008.0,0,500,Rain,light rain,10n
2025-07-27 20:36:00,Kien Giang-Rach Gia,Rach Gia,28.48,28.48,28.48,79.0,33.15,10000.0,1.15,100.0,6.62,9.61,250.0,1008.0,0,501,Rain,moderate rain,10n
2025-07-27 20:39:46,Kien Giang-Rach Gia,Rach Gia,28.48,28.48,28.48,79.0,33.15,10000.0,1.15,100.0,6.62,9.61,250.0,1008.0,0,501,Rain,moderate rain,10n
2025-07-27 20:43:31,Kien Giang-Rach Gia,Rach Gia,28.48,28.48,28.48,79.0,33.15,10000.0,1.15,100.0,6.62,9.61,250.0,1008.0,0,501,Rain,moderate rain,10n
2025-07-27 20:47:17,Kien Giang-Rach Gia,Rach Gia,28.48,28.48,28.48,79.0,33.15,10000.0,1.15,100.0,6.62,9.61,250.0,1008.0,0,501,Rain,moderate rain,10n
2025-07-27 20:51:03,Kien Giang-Rach Gia,Rach Gia,28.48,28.48,28.48,79.0,33.15,10000.0,1.59,100.0,6.62,9.61,250.0,1008.0,0,501,Rain,moderate rain,10n
2025-07-27 20:54:49,Kien Giang-Rach Gia,Rach Gia,28.48,28.48,28.48,79.0,33.15,10000.0,1.78,100.0,6.62,9.61,250.0,1008.0,0,501,Rain,moderate rain,10n
2025-07-27 20:58:34,Kien Giang-Rach Gia,Rach Gia,28.48,28.48,28.48,79.0,33.15,10000.0,1.78,100.0,6.62,9.61,250.0,1008.0,0,501,Rain,moderate rain,10n
2025-07-27 21:02:20,Kien Giang-Rach Gia,Rach Gia,28.48,28.48,28.48,79.0,33.15,10000.0,1.78,100.0,6.62,9.61,250.0,1008.0,0,501,Rain,moderate rain,10n
2025-07-27 21:06:06,Kien Giang-Rach Gia,Rach Gia,28.46,28.46,28.46,80.0,33.28,10000.0,0.42,100.0,6.62,9.61,250.0,1008.0,0,500,Rain,light rain,10n
2025-07-27 21:09:52,Kien Giang-Rach Gia,Rach Gia,28.46,28.46,28.46,80.0,33.28,10000.0,0.87,100.0,6.62,9.61,250.0,1008.0,0,500,Rain,light rain,10n
2025-07-27 21:13:38,Kien Giang-Rach Gia,Rach Gia,28.46,28.46,28.46,80.0,33.28,10000.0,0.87,100.0,6.62,9.61,250.0,1008.0,0,500,Rain,light rain,10n
2025-07-27 21:17:24,Kien Giang-Rach Gia,Rach Gia,28.46,28.46,28.46,80.0,33.28,10000.0,0.75,100.0,6.62,9.61,250.0,1008.0,0,500,Rain,light rain,10n
2025-07-27 21:21:10,Kien Giang-Rach Gia,Rach Gia,28.46,28.46,28.46,80.0,33.28,10000.0,0.87,100.0,6.62,9.61,250.0,1008.0,0,500,Rain,light rain,10n
2025-07-27 21:24:55,Kien Giang-Rach Gia,Rach Gia,28.46,28.46,28.46,80.0,33.28,10000.0,0.75,100.0,6.62,9.61,250.0,1008.0,0,500,Rain,light rain,10n
2025-07-27 21:28:41,Kien Giang-Rach Gia,Rach Gia,28.46,28.46,28.46,80.0,33.28,10000.0,0.49,100.0,6.62,9.61,250.0,1008.0,0,500,Rain,light rain,10n
2025-07-27 21:32:27,Kien Giang-Rach Gia,Rach Gia,28.46,28.46,28.46,80.0,33.28,10000.0,0.49,100.0,6.62,9.61,250.0,1008.0,0,500,Rain,light rain,10n
2025-07-27 21:36:12,Kien Giang-Rach Gia,Rach Gia,28.56,28.56,28.56,80.0,33.54,10000.0,0.65,100.0,6.3,9.73,250.0,1009.0,0,500,Rain,light rain,10n
2025-07-27 21:39:58,Kien Giang-Rach Gia,Rach Gia,28.56,28.56,28.56,80.0,33.54,10000.0,0.65,100.0,6.3,9.73,250.0,1009.0,0,500,Rain,light rain,10n
2025-07-27 21:43:44,Kien Giang-Rach Gia,Rach Gia,28.56,28.56,28.56,80.0,33.54,10000.0,0.65,100.0,6.3,9.73,250.0,1009.0,0,500,Rain,light rain,10n
2025-07-27 21:47:29,Kien Giang-Rach Gia,Rach Gia,28.56,28.56,28.56,80.0,33.54,10000.0,0.65,100.0,6.3,9.73,250.0,1009.0,0,500,Rain,light rain,10n
2025-07-27 21:51:15,Kien Giang-Rach Gia,Rach Gia,28.57,28.57,28.57,80.0,33.57,10000.0,0.75,100.0,6.3,9.73,250.0,1009.0,0,500,Rain,light rain,10n
2025-07-27 21:55:01,Kien Giang-Rach Gia,Rach Gia,28.57,28.57,28.57,80.0,33.57,10000.0,0.75,100.0,6.3,9.73,250.0,1009.0,0,500,Rain,light rain,10n
2025-07-27 21:58:47,Kien Giang-Rach Gia,Rach Gia,28.57,28.57,28.57,80.0,33.57,10000.0,0.75,100.0,6.3,9.73,250.0,1009.0,0,500,Rain,light rain,10n
2025-07-27 22:02:32,Kien Giang-Rach Gia,Rach Gia,28.57,28.57,28.57,80.0,33.57,10000.0,0.75,100.0,6.3,9.73,250.0,1009.0,0,500,Rain,light rain,10n
2025-07-27 22:06:18,Kien Giang-Rach Gia,Rach Gia,28.54,28.54,28.54,80.0,33.49,10000.0,1.0,100.0,6.3,9.73,250.0,1009.0,0,500,Rain,light rain,10n
2025-07-27 22:10:04,Kien Giang-Rach Gia,Rach Gia,28.54,28.54,28.54,80.0,33.49,10000.0,1.0,100.0,6.3,9.73,250.0,1009.0,0,500,Rain,light rain,10n
2025-07-27 22:13:49,Kien Giang-Rach Gia,Rach Gia,28.54,28.54,28.54,80.0,33.49,10000.0,0.49,100.0,6.3,9.73,250.0,1009.0,0,500,Rain,light rain,10n
2025-07-27 22:17:35,Kien Giang-Rach Gia,Rach Gia,28.54,28.54,28.54,80.0,33.49,10000.0,0.87,100.0,6.3,9.73,250.0,1009.0,0,500,Rain,light rain,10n
2025-07-27 22:21:21,Kien Giang-Rach Gia,Rach Gia,28.54,28.54,28.54,80.0,33.49,10000.0,0.87,100.0,6.3,9.73,250.0,1009.0,0,500,Rain,light rain,10n
2025-07-27 22:25:07,Kien Giang-Rach Gia,Rach Gia,28.54,28.54,28.54,80.0,33.49,10000.0,0.87,100.0,6.3,9.73,250.0,1009.0,0,500,Rain,light rain,10n
2025-07-27 22:28:53,Kien Giang-Rach Gia,Rach Gia,28.54,28.54,28.54,80.0,33.49,10000.0,0.75,100.0,6.3,9.73,250.0,1009.0,0,500,Rain,light rain,10n
2025-07-27 22:32:39,Kien Giang-Rach Gia,Rach Gia,28.57,28.57,28.57,80.0,33.57,10000.0,0.75,100.0,6.5,10.15,252.0,1009.0,0,500,Rain,light rain,10n
2025-07-27 22:36:25,Kien Giang-Rach Gia,Rach Gia,28.57,28.57,28.57,80.0,33.57,10000.0,0.75,100.0,6.5,10.15,252.0,1009.0,0,500,Rain,light rain,10n
2025-07-27 22:40:11,Kien Giang-Rach Gia,Rach Gia,28.57,28.57,28.57,80.0,33.57,10000.0,0.75,100.0,6.5,10.15,252.0,1009.0,0,500,Rain,light rain,10n
2025-07-27 22:43:56,Kien Giang-Rach Gia,Rach Gia,28.57,28.57,28.57,80.0,33.57,10000.0,0.75,100.0,6.5,10.15,252.0,1009.0,0,500,Rain,light rain,10n
2025-07-27 22:47:42,Kien Giang-Rach Gia,Rach Gia,28.57,28.57,28.57,80.0,33.57,10000.0,0.75,100.0,6.5,10.15,252.0,1009.0,0,500,Rain,light rain,10n
2025-07-27 22:51:27,Kien Giang-Rach Gia,Rach Gia,28.57,28.57,28.57,80.0,33.57,10000.0,0.38,100.0,6.5,10.15,252.0,1009.0,0,500,Rain,light rain,10n
2025-07-27 22:55:13,Kien Giang-Rach Gia,Rach Gia,28.57,28.57,28.57,80.0,33.57,10000.0,0.42,100.0,6.5,10.15,252.0,1009.0,0,500,Rain,light rain,10n
2025-07-27 22:58:59,Kien Giang-Rach Gia,Rach Gia,28.57,28.57,28.57,80.0,33.57,10000.0,0.42,100.0,6.5,10.15,252.0,1009.0,0,500,Rain,light rain,10n
2025-07-27 23:02:45,Kien Giang-Rach Gia,Rach Gia,28.57,28.57,28.57,80.0,33.57,10000.0,0.42,100.0,6.5,10.15,252.0,1009.0,0,500,Rain,light rain,10n
2025-07-27 23:06:31,Kien Giang-Rach Gia,Rach Gia,28.55,28.55,28.55,80.0,33.52,10000.0,0.37,100.0,6.5,10.15,252.0,1009.0,0,500,Rain,light rain,10n
2025-07-27 23:10:17,Kien Giang-Rach Gia,Rach Gia,28.55,28.55,28.55,80.0,33.52,10000.0,0.37,100.0,6.5,10.15,252.0,1009.0,0,500,Rain,light rain,10n
2025-07-27 23:14:03,Kien Giang-Rach Gia,Rach Gia,28.55,28.55,28.55,80.0,33.52,10000.0,0.37,100.0,6.5,10.15,252.0,1009.0,0,500,Rain,light rain,10n
2025-07-27 23:17:49,Kien Giang-Rach Gia,Rach Gia,28.55,28.55,28.55,80.0,33.52,10000.0,1.0,100.0,6.5,10.15,252.0,1009.0,0,500,Rain,light rain,10n
2025-07-27 23:21:35,Kien Giang-Rach Gia,Rach Gia,28.55,28.55,28.55,80.0,33.52,10000.0,0.87,100.0,6.5,10.15,252.0,1009.0,0,500,Rain,light rain,10n
2025-07-27 23:25:21,Kien Giang-Rach Gia,Rach Gia,28.55,28.55,28.55,80.0,33.52,10000.0,1.0,100.0,6.5,10.15,252.0,1009.0,0,500,Rain,light rain,10n
2025-07-27 23:29:07,Kien Giang-Rach Gia,Rach Gia,28.55,28.55,28.55,80.0,33.52,10000.0,0.42,100.0,6.5,10.15,252.0,1009.0,0,500,Rain,light rain,10n
2025-07-27 23:32:53,Kien Giang-Rach Gia,Rach Gia,28.43,28.43,28.43,79.0,33.02,8617.0,0.42,100.0,7.17,10.75,259.0,1008.0,0,500,Rain,light rain,10n
2025-07-27 23:36:38,Kien Giang-Rach Gia,Rach Gia,28.43,28.43,28.43,79.0,33.02,8617.0,0.42,100.0,7.17,10.75,259.0,1008.0,0,500,Rain,light rain,10n
2025-07-27 23:40:24,Kien Giang-Rach Gia,Rach Gia,28.43,28.43,28.43,79.0,33.02,8617.0,0.42,100.0,7.17,10.75,259.0,1008.0,0,500,Rain,light rain,10n
2025-07-27 23:44:09,Kien Giang-Rach Gia,Rach Gia,28.43,28.43,28.43,79.0,33.02,8617.0,0.37,100.0,7.17,10.75,259.0,1008.0,0,500,Rain,light rain,10n
2025-07-27 23:47:55,Kien Giang-Rach Gia,Rach Gia,28.43,28.43,28.43,79.0,33.02,8617.0,0.18,100.0,7.17,10.75,259.0,1008.0,0,500,Rain,light rain,10n
2025-07-27 23:51:41,Kien Giang-Rach Gia,Rach Gia,28.43,28.43,28.43,79.0,33.02,8617.0,0.37,100.0,7.17,10.75,259.0,1008.0,0,500,Rain,light rain,10n
2025-07-27 23:55:27,Kien Giang-Rach Gia,Rach Gia,28.43,28.43,28.43,79.0,33.02,8617.0,0.15,100.0,7.17,10.75,259.0,1008.0,0,500,Rain,light rain,10n
2025-07-27 23:59:12,Kien Giang-Rach Gia,Rach Gia,28.43,28.43,28.43,79.0,33.02,8617.0,0.15,100.0,7.17,10.75,259.0,1008.0,0,500,Rain,light rain,10n
2025-07-28 00:02:58,Kien Giang-Rach Gia,Rach Gia,28.43,28.43,28.43,79.0,33.02,8617.0,0.15,100.0,7.17,10.75,259.0,1008.0,0,500,Rain,light rain,10n
2025-07-28 00:06:44,Kien Giang-Rach Gia,Rach Gia,28.42,28.42,28.42,79.0,33.0,8617.0,0.15,100.0,7.17,10.75,259.0,1008.0,0,500,Rain,light rain,10n
2025-07-28 00:10:30,Kien Giang-Rach Gia,Rach Gia,28.42,28.42,28.42,79.0,33.0,8617.0,0.15,100.0,7.17,10.75,259.0,1008.0,0,500,Rain,light rain,10n
2025-07-28 00:14:16,Kien Giang-Rach Gia,Rach Gia,28.42,28.42,28.42,79.0,33.0,8617.0,0.28,100.0,7.17,10.75,259.0,1008.0,0,500,Rain,light rain,10n
2025-07-28 00:18:02,Kien Giang-Rach Gia,Rach Gia,28.42,28.42,28.42,79.0,33.0,8617.0,0.28,100.0,7.17,10.75,259.0,1008.0,0,500,Rain,light rain,10n
2025-07-28 00:21:48,Kien Giang-Rach Gia,Rach Gia,28.42,28.42,28.42,79.0,33.0,8617.0,0.0,100.0,7.17,10.75,259.0,1008.0,0,804,Clouds,overcast clouds,04n
2025-07-28 00:25:34,Kien Giang-Rach Gia,Rach Gia,28.42,28.42,28.42,79.0,33.0,8617.0,0.0,100.0,7.17,10.75,259.0,1008.0,0,804,Clouds,overcast clouds,04n
2025-07-28 00:29:20,Kien Giang-Rach Gia,Rach Gia,28.42,28.42,28.42,79.0,33.0,8617.0,0.0,100.0,7.17,10.75,259.0,1008.0,0,804,Clouds,overcast clouds,04n
2025-07-28 00:33:06,Kien Giang-Rach Gia,Rach Gia,28.46,28.46,28.46,78.0,32.92,10000.0,0.0,100.0,7.62,11.78,263.0,1008.0,0,804,Clouds,overcast clouds,04n
2025-07-28 00:36:52,Kien Giang-Rach Gia,Rach Gia,28.46,28.46,28.46,78.0,32.92,10000.0,0.0,100.0,7.62,11.78,263.0,1008.0,0,804,Clouds,overcast clouds,04n
2025-07-28 00:40:37,Kien Giang-Rach Gia,Rach Gia,28.46,28.46,28.46,78.0,32.92,10000.0,0.0,100.0,7.62,11.78,263.0,1008.0,0,804,Clouds,overcast clouds,04n
2025-07-28 00:44:23,Kien Giang-Rach Gia,Rach Gia,28.46,28.46,28.46,78.0,32.92,10000.0,0.0,100.0,7.62,11.78,263.0,1008.0,0,804,Clouds,overcast clouds,04n
2025-07-28 00:48:09,Kien Giang-Rach Gia,Rach Gia,28.46,28.46,28.46,78.0,32.92,10000.0,0.0,100.0,7.62,11.78,263.0,1008.0,0,804,Clouds,overcast clouds,04n
2025-07-28 00:51:55,Kien Giang-Rach Gia,Rach Gia,28.46,28.46,28.46,78.0,32.92,10000.0,0.0,100.0,7.62,11.78,263.0,1008.0,0,804,Clouds,overcast clouds,04n
2025-07-28 00:55:40,Kien Giang-Rach Gia,Rach Gia,28.46,28.46,28.46,78.0,32.92,10000.0,0.0,100.0,7.62,11.78,263.0,1008.0,0,804,Clouds,overcast clouds,04n
2025-07-28 00:59:25,Kien Giang-Rach Gia,Rach Gia,28.46,28.46,28.46,78.0,32.92,10000.0,0.0,100.0,7.62,11.78,263.0,1008.0,0,804,Clouds,overcast clouds,04n
2025-07-28 01:03:11,Kien Giang-Rach Gia,Rach Gia,28.44,28.44,28.44,79.0,33.05,10000.0,0.0,100.0,7.62,11.78,263.0,1008.0,0,804,Clouds,overcast clouds,04n
2025-07-28 01:06:57,Kien Giang-Rach Gia,Rach Gia,28.44,28.44,28.44,79.0,33.05,10000.0,0.0,100.0,7.62,11.78,263.0,1008.0,0,804,Clouds,overcast clouds,04n
2025-07-28 01:10:43,Kien Giang-Rach Gia,Rach Gia,28.44,28.44,28.44,79.0,33.05,10000.0,0.0,100.0,7.62,11.78,263.0,1008.0,0,804,Clouds,overcast clouds,04n
2025-07-28 01:14:28,Kien Giang-Rach Gia,Rach Gia,28.44,28.44,28.44,79.0,33.05,10000.0,0.0,100.0,7.62,11.78,263.0,1008.0,0,804,Clouds,overcast clouds,04n
2025-07-28 01:18:14,Kien Giang-Rach Gia,Rach Gia,28.44,28.44,28.44,79.0,33.05,10000.0,0.0,100.0,7.62,11.78,263.0,1008.0,0,804,Clouds,overcast clouds,04n
2025-07-28 01:22:00,Kien Giang-Rach Gia,Rach Gia,28.44,28.44,28.44,79.0,33.05,10000.0,0.0,100.0,7.62,11.78,263.0,1008.0,0,804,Clouds,overcast clouds,04n
2025-07-28 01:25:46,Kien Giang-Rach Gia,Rach Gia,28.44,28.44,28.44,79.0,33.05,10000.0,0.0,100.0,7.62,11.78,263.0,1008.0,0,804,Clouds,overcast clouds,04n
2025-07-28 01:29:32,Kien Giang-Rach Gia,Rach Gia,28.44,28.44,28.44,79.0,33.05,10000.0,0.0,100.0,7.62,11.78,263.0,1008.0,0,804,Clouds,overcast clouds,04n
2025-07-28 01:33:17,Kien Giang-Rach Gia,Rach Gia,28.44,28.44,28.44,79.0,33.05,10000.0,0.0,100.0,7.62,11.78,263.0,1008.0,0,804,Clouds,overcast clouds,04n
2025-07-28 01:37:04,Kien Giang-Rach Gia,Rach Gia,28.43,28.43,28.43,78.0,32.84,9290.0,0.0,100.0,7.25,10.84,259.0,1007.0,0,804,Clouds,overcast clouds,04n
2025-07-28 01:40:50,Kien Giang-Rach Gia,Rach Gia,28.43,28.43,28.43,78.0,32.84,9290.0,0.0,100.0,7.25,10.84,259.0,1007.0,0,804,Clouds,overcast clouds,04n
2025-07-28 01:44:36,Kien Giang-Rach Gia,Rach Gia,28.43,28.43,28.43,78.0,32.84,9290.0,0.0,100.0,7.25,10.84,259.0,1007.0,0,804,Clouds,overcast clouds,04n
2025-07-28 01:48:21,Kien Giang-Rach Gia,Rach Gia,28.43,28.43,28.43,78.0,32.84,9290.0,0.0,100.0,7.25,10.84,259.0,1007.0,0,804,Clouds,overcast clouds,04n
2025-07-28 01:52:07,Kien Giang-Rach Gia,Rach Gia,28.43,28.43,28.43,78.0,32.84,9290.0,0.1,100.0,7.25,10.84,259.0,1007.0,0,500,Rain,light rain,10n
2025-07-28 01:55:53,Kien Giang-Rach Gia,Rach Gia,28.43,28.43,28.43,78.0,32.84,9290.0,0.0,100.0,7.25,10.84,259.0,1007.0,0,804,Clouds,overcast clouds,04n
2025-07-28 01:59:39,Kien Giang-Rach Gia,Rach Gia,28.43,28.43,28.43,78.0,32.84,9290.0,0.0,100.0,7.25,10.84,259.0,1007.0,0,804,Clouds,overcast clouds,04n
2025-07-28 02:03:25,Kien Giang-Rach Gia,Rach Gia,28.43,28.43,28.43,78.0,32.84,9290.0,0.0,100.0,7.25,10.84,259.0,1007.0,0,804,Clouds,overcast clouds,04n
2025-07-28 02:07:11,Kien Giang-Rach Gia,Rach Gia,28.43,28.43,28.43,78.0,32.84,9290.0,0.0,100.0,7.25,10.84,259.0,1007.0,0,804,Clouds,overcast clouds,04n
2025-07-28 02:10:57,Kien Giang-Rach Gia,Rach Gia,28.43,28.43,28.43,78.0,32.84,9290.0,0.0,100.0,7.25,10.84,259.0,1007.0,0,804,Clouds,overcast clouds,04n
2025-07-28 02:14:43,Kien Giang-Rach Gia,Rach Gia,28.25,28.25,28.25,78.0,32.4,9290.0,0.0,100.0,7.25,10.84,259.0,1007.0,0,804,Clouds,overcast clouds,04n
2025-07-28 02:18:29,Kien Giang-Rach Gia,Rach Gia,28.25,28.25,28.25,78.0,32.4,9290.0,0.0,100.0,7.25,10.84,259.0,1007.0,0,804,Clouds,overcast clouds,04n
2025-07-28 02:22:15,Kien Giang-Rach Gia,Rach Gia,28.25,28.25,28.25,78.0,32.4,9290.0,0.0,100.0,7.25,10.84,259.0,1007.0,0,804,Clouds,overcast clouds,04n
2025-07-28 02:26:01,Kien Giang-Rach Gia,Rach Gia,28.25,28.25,28.25,78.0,32.4,9290.0,0.0,100.0,7.25,10.84,259.0,1007.0,0,804,Clouds,overcast clouds,04n
2025-07-28 02:29:46,Kien Giang-Rach Gia,Rach Gia,28.25,28.25,28.25,78.0,32.4,9290.0,0.0,100.0,7.25,10.84,259.0,1007.0,0,804,Clouds,overcast clouds,04n
2025-07-28 02:33:32,Kien Giang-Rach Gia,Rach Gia,28.1,28.1,28.1,78.0,32.03,10000.0,0.0,100.0,7.77,11.22,258.0,1007.0,0,804,Clouds,overcast clouds,04n
2025-07-28 02:37:19,Kien Giang-Rach Gia,Rach Gia,28.1,28.1,28.1,78.0,32.03,10000.0,0.0,100.0,7.77,11.22,258.0,1007.0,0,804,Clouds,overcast clouds,04n
2025-07-28 02:41:05,Kien Giang-Rach Gia,Rach Gia,28.1,28.1,28.1,78.0,32.03,10000.0,0.0,100.0,7.77,11.22,258.0,1007.0,0,804,Clouds,overcast clouds,04n
2025-07-28 02:44:51,Kien Giang-Rach Gia,Rach Gia,28.1,28.1,28.1,78.0,32.03,10000.0,0.21,100.0,7.77,11.22,258.0,1007.0,0,500,Rain,light rain,10n
2025-07-28 02:48:37,Kien Giang-Rach Gia,Rach Gia,28.1,28.1,28.1,78.0,32.03,10000.0,0.21,100.0,7.77,11.22,258.0,1007.0,0,500,Rain,light rain,10n
2025-07-28 02:52:22,Kien Giang-Rach Gia,Rach Gia,28.1,28.1,28.1,78.0,32.03,10000.0,0.21,100.0,7.77,11.22,258.0,1007.0,0,500,Rain,light rain,10n
2025-07-28 02:56:08,Kien Giang-Rach Gia,Rach Gia,28.1,28.1,28.1,78.0,32.03,10000.0,0.41,100.0,7.77,11.22,258.0,1007.0,0,500,Rain,light rain,10n
2025-07-28 02:59:54,Kien Giang-Rach Gia,Rach Gia,28.1,28.1,28.1,78.0,32.03,10000.0,0.41,100.0,7.77,11.22,258.0,1007.0,0,500,Rain,light rain,10n
2025-07-28 03:03:39,Kien Giang-Rach Gia,Rach Gia,28.1,28.1,28.1,78.0,32.03,10000.0,0.41,100.0,7.77,11.22,258.0,1007.0,0,500,Rain,light rain,10n
2025-07-28 03:07:27,Kien Giang-Rach Gia,Rach Gia,28.08,28.08,28.08,79.0,32.14,10000.0,0.32,100.0,7.77,11.22,258.0,1007.0,0,500,Rain,light rain,10n
2025-07-28 03:11:14,Kien Giang-Rach Gia,Rach Gia,28.08,28.08,28.08,79.0,32.14,10000.0,0.31,100.0,7.77,11.22,258.0,1007.0,0,500,Rain,light rain,10n
2025-07-28 03:15:00,Kien Giang-Rach Gia,Rach Gia,28.08,28.08,28.08,79.0,32.14,10000.0,0.27,100.0,7.77,11.22,258.0,1007.0,0,500,Rain,light rain,10n
2025-07-28 03:18:45,Kien Giang-Rach Gia,Rach Gia,28.08,28.08,28.08,79.0,32.14,10000.0,0.31,100.0,7.77,11.22,258.0,1007.0,0,500,Rain,light rain,10n
2025-07-28 03:22:31,Kien Giang-Rach Gia,Rach Gia,28.08,28.08,28.08,79.0,32.14,10000.0,0.27,100.0,7.77,11.22,258.0,1007.0,0,500,Rain,light rain,10n
2025-07-28 03:26:17,Kien Giang-Rach Gia,Rach Gia,28.08,28.08,28.08,79.0,32.14,10000.0,0.11,100.0,7.77,11.22,258.0,1007.0,0,500,Rain,light rain,10n
2025-07-28 03:30:03,Kien Giang-Rach Gia,Rach Gia,28.08,28.08,28.08,79.0,32.14,10000.0,0.11,100.0,7.77,11.22,258.0,1007.0,0,500,Rain,light rain,10n
2025-07-28 03:33:49,Kien Giang-Rach Gia,Rach Gia,28.08,28.08,28.08,79.0,32.14,10000.0,0.11,100.0,7.77,11.22,258.0,1007.0,0,500,Rain,light rain,10n
2025-07-28 03:37:34,Kien Giang-Rach Gia,Rach Gia,28.15,28.15,28.15,78.0,32.16,10000.0,0.34,100.0,7.91,11.42,253.0,1007.0,0,500,Rain,light rain,10n
2025-07-28 03:41:22,Kien Giang-Rach Gia,Rach Gia,28.15,28.15,28.15,78.0,32.16,10000.0,0.22,100.0,7.91,11.42,253.0,1007.0,0,500,Rain,light rain,10n
2025-07-28 03:45:08,Kien Giang-Rach Gia,Rach Gia,28.15,28.15,28.15,78.0,32.16,10000.0,0.22,100.0,7.91,11.42,253.0,1007.0,0,500,Rain,light rain,10n
2025-07-28 03:48:54,Kien Giang-Rach Gia,Rach Gia,28.11,28.11,28.11,78.0,32.06,10000.0,0.21,100.0,7.91,11.42,253.0,1007.0,0,500,Rain,light rain,10n
2025-07-28 03:52:40,Kien Giang-Rach Gia,Rach Gia,28.11,28.11,28.11,78.0,32.06,10000.0,0.21,100.0,7.91,11.42,253.0,1007.0,0,500,Rain,light rain,10n
2025-07-28 03:56:25,Kien Giang-Rach Gia,Rach Gia,28.11,28.11,28.11,78.0,32.06,10000.0,0.21,100.0,7.91,11.42,253.0,1007.0,0,500,Rain,light rain,10n
2025-07-28 04:00:11,Kien Giang-Rach Gia,Rach Gia,28.11,28.11,28.11,78.0,32.06,10000.0,0.24,100.0,7.91,11.42,253.0,1007.0,0,500,Rain,light rain,10n
2025-07-28 04:03:58,Kien Giang-Rach Gia,Rach Gia,28.08,28.08,28.08,78.0,31.99,10000.0,0.18,100.0,7.91,11.42,253.0,1007.0,0,500,Rain,light rain,10n
2025-07-28 04:07:43,Kien Giang-Rach Gia,Rach Gia,28.08,28.08,28.08,78.0,31.99,10000.0,0.18,100.0,7.91,11.42,253.0,1007.0,0,500,Rain,light rain,10n
2025-07-28 04:11:29,Kien Giang-Rach Gia,Rach Gia,28.08,28.08,28.08,78.0,31.99,10000.0,0.23,100.0,7.91,11.42,253.0,1007.0,0,500,Rain,light rain,10n
2025-07-28 04:15:15,Kien Giang-Rach Gia,Rach Gia,28.08,28.08,28.08,78.0,31.99,10000.0,0.23,100.0,7.91,11.42,253.0,1007.0,0,500,Rain,light rain,10n
2025-07-28 04:19:01,Kien Giang-Rach Gia,Rach Gia,28.08,28.08,28.08,78.0,31.99,10000.0,0.16,100.0,7.91,11.42,253.0,1007.0,0,500,Rain,light rain,10n
2025-07-28 04:22:47,Kien Giang-Rach Gia,Rach Gia,28.08,28.08,28.08,78.0,31.99,10000.0,0.15,100.0,7.91,11.42,253.0,1007.0,0,500,Rain,light rain,10n
2025-07-28 04:26:33,Kien Giang-Rach Gia,Rach Gia,28.08,28.08,28.08,78.0,31.99,10000.0,0.15,100.0,7.91,11.42,253.0,1007.0,0,500,Rain,light rain,10n
2025-07-28 04:30:19,Kien Giang-Rach Gia,Rach Gia,28.24,28.24,28.24,78.0,32.37,10000.0,0.0,100.0,7.69,11.23,249.0,1007.0,0,804,Clouds,overcast clouds,04n
2025-07-28 04:34:05,Kien Giang-Rach Gia,Rach Gia,28.25,28.25,28.25,78.0,32.4,10000.0,0.0,100.0,7.69,11.23,249.0,1007.0,0,804,Clouds,overcast clouds,04n
2025-07-28 04:37:51,Kien Giang-Rach Gia,Rach Gia,28.25,28.25,28.25,78.0,32.4,10000.0,0.0,100.0,7.69,11.23,249.0,1007.0,0,804,Clouds,overcast clouds,04n
2025-07-28 04:41:37,Kien Giang-Rach Gia,Rach Gia,28.25,28.25,28.25,78.0,32.4,10000.0,0.0,100.0,7.69,11.23,249.0,1007.0,0,804,Clouds,overcast clouds,04n
2025-07-28 04:45:23,Kien Giang-Rach Gia,Rach Gia,28.25,28.25,28.25,78.0,32.4,10000.0,0.32,100.0,7.69,11.23,249.0,1007.0,0,500,Rain,light rain,10n
2025-07-28 04:49:09,Kien Giang-Rach Gia,Rach Gia,28.25,28.25,28.25,78.0,32.4,10000.0,0.36,100.0,7.69,11.23,249.0,1007.0,0,500,Rain,light rain,10n
2025-07-28 04:52:54,Kien Giang-Rach Gia,Rach Gia,28.25,28.25,28.25,78.0,32.4,10000.0,0.32,100.0,7.69,11.23,249.0,1007.0,0,500,Rain,light rain,10n
2025-07-28 04:56:40,Kien Giang-Rach Gia,Rach Gia,28.25,28.25,28.25,78.0,32.4,10000.0,0.53,100.0,7.69,11.23,249.0,1007.0,0,500,Rain,light rain,10n
2025-07-28 05:00:25,Kien Giang-Rach Gia,Rach Gia,28.25,28.25,28.25,78.0,32.4,10000.0,0.53,100.0,7.69,11.23,249.0,1007.0,0,500,Rain,light rain,10n
2025-07-28 05:04:11,Kien Giang-Rach Gia,Rach Gia,28.25,28.25,28.25,78.0,32.4,10000.0,0.53,100.0,7.69,11.23,249.0,1007.0,0,500,Rain,light rain,10n
2025-07-28 05:07:57,Kien Giang-Rach Gia,Rach Gia,28.22,28.22,28.22,78.0,32.33,10000.0,0.49,100.0,7.69,11.23,249.0,1007.0,0,500,Rain,light rain,10n
2025-07-28 05:11:42,Kien Giang-Rach Gia,Rach Gia,28.22,28.22,28.22,78.0,32.33,10000.0,0.49,100.0,7.69,11.23,249.0,1007.0,0,500,Rain,light rain,10n
2025-07-28 05:15:28,Kien Giang-Rach Gia,Rach Gia,28.22,28.22,28.22,78.0,32.33,10000.0,0.56,100.0,7.69,11.23,249.0,1007.0,0,500,Rain,light rain,10n
2025-07-28 05:19:14,Kien Giang-Rach Gia,Rach Gia,28.22,28.22,28.22,78.0,32.33,10000.0,0.63,100.0,7.69,11.23,249.0,1007.0,0,500,Rain,light rain,10n
2025-07-28 05:23:00,Kien Giang-Rach Gia,Rach Gia,28.22,28.22,28.22,78.0,32.33,10000.0,0.63,100.0,7.69,11.23,249.0,1007.0,0,500,Rain,light rain,10n
2025-07-28 05:26:46,Kien Giang-Rach Gia,Rach Gia,28.22,28.22,28.22,78.0,32.33,10000.0,0.69,100.0,7.69,11.23,249.0,1007.0,0,500,Rain,light rain,10n
2025-07-28 05:30:31,Kien Giang-Rach Gia,Rach Gia,28.22,28.22,28.22,78.0,32.33,10000.0,0.69,100.0,7.69,11.23,249.0,1007.0,0,500,Rain,light rain,10n
2025-07-28 05:34:17,Kien Giang-Rach Gia,Rach Gia,28.13,28.13,28.13,79.0,32.27,10000.0,0.84,100.0,7.77,11.18,249.0,1007.0,0,500,Rain,light rain,10n
2025-07-28 05:38:03,Kien Giang-Rach Gia,Rach Gia,28.13,28.13,28.13,79.0,32.27,10000.0,0.49,100.0,7.77,11.18,249.0,1007.0,0,500,Rain,light rain,10n
2025-07-28 05:41:49,Kien Giang-Rach Gia,Rach Gia,28.13,28.13,28.13,79.0,32.27,10000.0,0.49,100.0,7.77,11.18,249.0,1007.0,0,500,Rain,light rain,10n
2025-07-28 05:45:34,Kien Giang-Rach Gia,Rach Gia,28.13,28.13,28.13,79.0,32.27,10000.0,0.49,100.0,7.77,11.18,249.0,1007.0,0,500,Rain,light rain,10n
2025-07-28 05:49:20,Kien Giang-Rach Gia,Rach Gia,28.14,28.14,28.14,79.0,32.29,10000.0,0.56,100.0,7.77,11.18,249.0,1007.0,1,500,Rain,light rain,10d
2025-07-28 05:53:06,Kien Giang-Rach Gia,Rach Gia,28.14,28.14,28.14,79.0,32.29,10000.0,0.65,100.0,7.77,11.18,249.0,1007.0,1,500,Rain,light rain,10d
2025-07-28 05:56:52,Kien Giang-Rach Gia,Rach Gia,28.14,28.14,28.14,79.0,32.29,10000.0,0.56,100.0,7.77,11.18,249.0,1007.0,1,500,Rain,light rain,10d
2025-07-28 06:00:38,Kien Giang-Rach Gia,Rach Gia,28.14,28.14,28.14,79.0,32.29,10000.0,0.65,100.0,7.77,11.18,249.0,1007.0,1,500,Rain,light rain,10d
2025-07-28 06:04:23,Kien Giang-Rach Gia,Rach Gia,28.14,28.14,28.14,79.0,32.29,10000.0,0.65,100.0,7.77,11.18,249.0,1007.0,1,500,Rain,light rain,10d
2025-07-28 06:08:09,Kien Giang-Rach Gia,Rach Gia,28.11,28.11,28.11,79.0,32.22,10000.0,0.46,100.0,7.77,11.18,249.0,1007.0,1,500,Rain,light rain,10d
2025-07-28 06:11:55,Kien Giang-Rach Gia,Rach Gia,28.11,28.11,28.11,79.0,32.22,10000.0,0.46,100.0,7.77,11.18,249.0,1007.0,1,500,Rain,light rain,10d
2025-07-28 06:15:41,Kien Giang-Rach Gia,Rach Gia,28.11,28.11,28.11,79.0,32.22,10000.0,0.42,100.0,7.77,11.18,249.0,1007.0,1,500,Rain,light rain,10d
2025-07-28 06:19:27,Kien Giang-Rach Gia,Rach Gia,28.11,28.11,28.11,79.0,32.22,10000.0,0.42,100.0,7.77,11.18,249.0,1007.0,1,500,Rain,light rain,10d
2025-07-28 06:23:13,Kien Giang-Rach Gia,Rach Gia,28.11,28.11,28.11,79.0,32.22,10000.0,0.42,100.0,7.77,11.18,249.0,1007.0,1,500,Rain,light rain,10d
2025-07-28 06:26:59,Kien Giang-Rach Gia,Rach Gia,28.11,28.11,28.11,79.0,32.22,10000.0,0.42,100.0,7.77,11.18,249.0,1007.0,1,500,Rain,light rain,10d
2025-07-28 06:30:44,Kien Giang-Rach Gia,Rach Gia,28.11,28.11,28.11,79.0,32.22,10000.0,0.42,100.0,7.77,11.18,249.0,1007.0,1,500,Rain,light rain,10d
2025-07-28 06:34:30,Kien Giang-Rach Gia,Rach Gia,28.57,28.57,28.57,78.0,33.2,10000.0,0.37,98.0,7.61,10.9,250.0,1008.0,1,500,Rain,light rain,10d
2025-07-28 06:38:16,Kien Giang-Rach Gia,Rach Gia,28.57,28.57,28.57,78.0,33.2,10000.0,0.37,98.0,7.61,10.9,250.0,1008.0,1,500,Rain,light rain,10d
2025-07-28 06:42:02,Kien Giang-Rach Gia,Rach Gia,28.57,28.57,28.57,78.0,33.2,10000.0,0.37,98.0,7.61,10.9,250.0,1008.0,1,500,Rain,light rain,10d
2025-07-28 06:45:47,Kien Giang-Rach Gia,Rach Gia,28.57,28.57,28.57,78.0,33.2,10000.0,0.37,98.0,7.61,10.9,250.0,1008.0,1,500,Rain,light rain,10d
2025-07-28 06:49:33,Kien Giang-Rach Gia,Rach Gia,28.57,28.57,28.57,78.0,33.2,10000.0,0.37,98.0,7.61,10.9,250.0,1008.0,1,500,Rain,light rain,10d
2025-07-28 06:53:19,Kien Giang-Rach Gia,Rach Gia,28.58,28.58,28.58,78.0,33.22,10000.0,0.87,98.0,7.61,10.9,250.0,1008.0,1,500,Rain,light rain,10d
2025-07-28 06:57:05,Kien Giang-Rach Gia,Rach Gia,28.58,28.58,28.58,78.0,33.22,10000.0,2.9,98.0,7.61,10.9,250.0,1008.0,1,501,Rain,moderate rain,10d
2025-07-28 07:00:51,Kien Giang-Rach Gia,Rach Gia,28.58,28.58,28.58,78.0,33.22,10000.0,3.16,98.0,7.61,10.9,250.0,1008.0,1,501,Rain,moderate rain,10d
2025-07-28 07:04:37,Kien Giang-Rach Gia,Rach Gia,28.58,28.58,28.58,78.0,33.22,10000.0,2.9,98.0,7.61,10.9,250.0,1008.0,1,501,Rain,moderate rain,10d
2025-07-28 07:08:23,Kien Giang-Rach Gia,Rach Gia,28.55,28.55,28.55,78.0,33.15,10000.0,3.65,98.0,7.61,10.9,250.0,1008.0,1,501,Rain,moderate rain,10d
2025-07-28 07:12:09,Kien Giang-Rach Gia,Rach Gia,28.55,28.55,28.55,78.0,33.15,10000.0,3.65,98.0,7.61,10.9,250.0,1008.0,1,501,Rain,moderate rain,10d
2025-07-28 07:15:55,Kien Giang-Rach Gia,Rach Gia,28.55,28.55,28.55,78.0,33.15,10000.0,3.65,98.0,7.61,10.9,250.0,1008.0,1,501,Rain,moderate rain,10d
2025-07-28 07:19:41,Kien Giang-Rach Gia,Rach Gia,28.55,28.55,28.55,78.0,33.15,10000.0,2.73,98.0,7.61,10.9,250.0,1008.0,1,501,Rain,moderate rain,10d
2025-07-28 07:23:27,Kien Giang-Rach Gia,Rach Gia,28.55,28.55,28.55,78.0,33.15,10000.0,2.73,98.0,7.61,10.9,250.0,1008.0,1,501,Rain,moderate rain,10d
2025-07-28 07:27:12,Kien Giang-Rach Gia,Rach Gia,28.55,28.55,28.55,78.0,33.15,10000.0,2.73,98.0,7.61,10.9,250.0,1008.0,1,501,Rain,moderate rain,10d
2025-07-28 07:30:58,Kien Giang-Rach Gia,Rach Gia,28.99,28.99,28.99,73.0,33.27,10000.0,3.16,99.0,7.0,9.67,243.0,1008.0,1,501,Rain,moderate rain,10d
2025-07-28 07:34:45,Kien Giang-Rach Gia,Rach Gia,28.99,28.99,28.99,73.0,33.27,10000.0,3.16,99.0,7.0,9.67,243.0,1008.0,1,501,Rain,moderate rain,10d
2025-07-28 07:38:31,Kien Giang-Rach Gia,Rach Gia,28.99,28.99,28.99,73.0,33.27,10000.0,3.16,99.0,7.0,9.67,243.0,1008.0,1,501,Rain,moderate rain,10d
2025-07-28 07:42:17,Kien Giang-Rach Gia,Rach Gia,28.99,28.99,28.99,73.0,33.27,10000.0,3.16,99.0,7.0,9.67,243.0,1008.0,1,501,Rain,moderate rain,10d
2025-07-28 07:46:02,Kien Giang-Rach Gia,Rach Gia,28.99,28.99,28.99,73.0,33.27,10000.0,2.44,99.0,7.0,9.67,243.0,1008.0,1,501,Rain,moderate rain,10d
2025-07-28 07:49:49,Kien Giang-Rach Gia,Rach Gia,28.99,28.99,28.99,73.0,33.27,10000.0,2.73,99.0,7.0,9.67,243.0,1008.0,1,501,Rain,moderate rain,10d
2025-07-28 07:53:34,Kien Giang-Rach Gia,Rach Gia,28.99,28.99,28.99,73.0,33.27,10000.0,2.44,99.0,7.0,9.67,243.0,1008.0,1,501,Rain,moderate rain,10d
2025-07-28 07:57:20,Kien Giang-Rach Gia,Rach Gia,28.99,28.99,28.99,73.0,33.27,10000.0,1.15,99.0,7.0,9.67,243.0,1008.0,1,501,Rain,moderate rain,10d
2025-07-28 08:01:06,Kien Giang-Rach Gia,Rach Gia,28.99,28.99,28.99,73.0,33.27,10000.0,1.15,99.0,7.0,9.67,243.0,1008.0,1,501,Rain,moderate rain,10d
2025-07-28 08:04:51,Kien Giang-Rach Gia,Rach Gia,28.99,28.99,28.99,73.0,33.27,10000.0,1.15,99.0,7.0,9.67,243.0,1008.0,1,501,Rain,moderate rain,10d
2025-07-28 08:08:37,Kien Giang-Rach Gia,Rach Gia,28.69,28.69,28.69,73.0,32.58,10000.0,0.56,99.0,7.0,9.67,243.0,1008.0,1,500,Rain,light rain,10d
2025-07-28 08:12:23,Kien Giang-Rach Gia,Rach Gia,28.69,28.69,28.69,73.0,32.58,10000.0,0.56,99.0,7.0,9.67,243.0,1008.0,1,500,Rain,light rain,10d
2025-07-28 08:16:09,Kien Giang-Rach Gia,Rach Gia,28.69,28.69,28.69,73.0,32.58,10000.0,0.87,99.0,7.0,9.67,243.0,1008.0,1,500,Rain,light rain,10d
2025-07-28 08:19:55,Kien Giang-Rach Gia,Rach Gia,28.69,28.69,28.69,73.0,32.58,10000.0,0.56,99.0,7.0,9.67,243.0,1008.0,1,500,Rain,light rain,10d
2025-07-28 08:23:41,Kien Giang-Rach Gia,Rach Gia,28.69,28.69,28.69,73.0,32.58,10000.0,0.87,99.0,7.0,9.67,243.0,1008.0,1,500,Rain,light rain,10d
2025-07-28 08:27:27,Kien Giang-Rach Gia,Rach Gia,28.69,28.69,28.69,73.0,32.58,10000.0,0.75,99.0,7.0,9.67,243.0,1008.0,1,500,Rain,light rain,10d
2025-07-28 08:31:12,Kien Giang-Rach Gia,Rach Gia,28.69,28.69,28.69,73.0,32.58,10000.0,0.75,99.0,7.0,9.67,243.0,1008.0,1,500,Rain,light rain,10d
2025-07-28 08:34:58,Kien Giang-Rach Gia,Rach Gia,28.69,28.69,28.69,73.0,32.58,10000.0,0.75,99.0,7.0,9.67,243.0,1008.0,1,500,Rain,light rain,10d
2025-07-28 08:38:44,Kien Giang-Rach Gia,Rach Gia,29.24,29.24,29.24,72.0,33.66,10000.0,0.89,99.0,7.12,9.81,242.0,1009.0,1,500,Rain,light rain,10d
2025-07-28 08:42:30,Kien Giang-Rach Gia,Rach Gia,29.24,29.24,29.24,72.0,33.66,10000.0,0.75,99.0,7.12,9.81,242.0,1009.0,1,500,Rain,light rain,10d
2025-07-28 08:46:15,Kien Giang-Rach Gia,Rach Gia,29.24,29.24,29.24,72.0,33.66,10000.0,0.89,99.0,7.12,9.81,242.0,1009.0,1,500,Rain,light rain,10d
2025-07-28 08:50:01,Kien Giang-Rach Gia,Rach Gia,29.25,29.25,29.25,72.0,33.69,10000.0,0.75,99.0,7.12,9.81,242.0,1009.0,1,500,Rain,light rain,10d
2025-07-28 08:53:47,Kien Giang-Rach Gia,Rach Gia,29.25,29.25,29.25,72.0,33.69,10000.0,0.56,99.0,7.12,9.81,242.0,1009.0,1,500,Rain,light rain,10d
2025-07-28 08:57:33,Kien Giang-Rach Gia,Rach Gia,29.25,29.25,29.25,72.0,33.69,10000.0,0.71,99.0,7.12,9.81,242.0,1009.0,1,500,Rain,light rain,10d
2025-07-28 09:01:19,Kien Giang-Rach Gia,Rach Gia,29.25,29.25,29.25,72.0,33.69,10000.0,0.71,99.0,7.12,9.81,242.0,1009.0,1,500,Rain,light rain,10d
2025-07-28 09:05:05,Kien Giang-Rach Gia,Rach Gia,29.25,29.25,29.25,72.0,33.69,10000.0,0.71,99.0,7.12,9.81,242.0,1009.0,1,500,Rain,light rain,10d
2025-07-28 09:08:51,Kien Giang-Rach Gia,Rach Gia,29.18,29.18,29.18,72.0,33.52,10000.0,1.0,99.0,7.12,9.81,242.0,1009.0,1,500,Rain,light rain,10d
2025-07-28 09:12:36,Kien Giang-Rach Gia,Rach Gia,29.18,29.18,29.18,72.0,33.52,10000.0,1.0,99.0,7.12,9.81,242.0,1009.0,1,500,Rain,light rain,10d
2025-07-28 09:16:22,Kien Giang-Rach Gia,Rach Gia,29.18,29.18,29.18,72.0,33.52,10000.0,1.15,99.0,7.12,9.81,242.0,1009.0,1,501,Rain,moderate rain,10d
2025-07-28 09:20:08,Kien Giang-Rach Gia,Rach Gia,29.18,29.18,29.18,72.0,33.52,10000.0,1.15,99.0,7.12,9.81,242.0,1009.0,1,501,Rain,moderate rain,10d
2025-07-28 09:23:53,Kien Giang-Rach Gia,Rach Gia,29.18,29.18,29.18,72.0,33.52,10000.0,1.15,99.0,7.12,9.81,242.0,1009.0,1,501,Rain,moderate rain,10d
2025-07-28 09:27:39,Kien Giang-Rach Gia,Rach Gia,29.18,29.18,29.18,72.0,33.52,10000.0,1.94,99.0,7.12,9.81,242.0,1009.0,1,501,Rain,moderate rain,10d
2025-07-28 09:31:25,Kien Giang-Rach Gia,Rach Gia,29.18,29.18,29.18,72.0,33.52,10000.0,1.94,99.0,7.12,9.81,242.0,1009.0,1,501,Rain,moderate rain,10d
2025-07-28 09:35:11,Kien Giang-Rach Gia,Rach Gia,29.18,29.18,29.18,72.0,33.52,10000.0,1.94,99.0,7.12,9.81,242.0,1009.0,1,501,Rain,moderate rain,10d
2025-07-28 09:38:57,Kien Giang-Rach Gia,Rach Gia,29.47,29.47,29.47,71.0,34.0,10000.0,2.05,73.0,7.26,9.75,247.0,1009.0,1,501,Rain,moderate rain,10d
2025-07-28 09:42:42,Kien Giang-Rach Gia,Rach Gia,29.47,29.47,29.47,71.0,34.0,10000.0,2.05,73.0,7.26,9.75,247.0,1009.0,1,501,Rain,moderate rain,10d
2025-07-28 09:46:28,Kien Giang-Rach Gia,Rach Gia,29.48,29.48,29.48,71.0,34.02,10000.0,1.33,73.0,7.26,9.75,247.0,1009.0,1,501,Rain,moderate rain,10d
2025-07-28 09:50:14,Kien Giang-Rach Gia,Rach Gia,29.48,29.48,29.48,71.0,34.02,10000.0,1.33,73.0,7.26,9.75,247.0,1009.0,1,501,Rain,moderate rain,10d
2025-07-28 09:54:00,Kien Giang-Rach Gia,Rach Gia,29.48,29.48,29.48,71.0,34.02,10000.0,1.03,73.0,7.26,9.75,247.0,1009.0,1,501,Rain,moderate rain,10d
2025-07-28 09:57:45,Kien Giang-Rach Gia,Rach Gia,29.48,29.48,29.48,71.0,34.02,10000.0,1.03,73.0,7.26,9.75,247.0,1009.0,1,501,Rain,moderate rain,10d
2025-07-28 10:01:30,Kien Giang-Rach Gia,Rach Gia,29.48,29.48,29.48,71.0,34.02,10000.0,1.03,73.0,7.26,9.75,247.0,1009.0,1,501,Rain,moderate rain,10d
2025-07-28 10:05:16,Kien Giang-Rach Gia,Rach Gia,29.41,29.41,29.41,71.0,33.85,10000.0,0.87,73.0,7.26,9.75,247.0,1009.0,1,500,Rain,light rain,10d
2025-07-28 10:09:03,Kien Giang-Rach Gia,Rach Gia,29.41,29.41,29.41,71.0,33.85,10000.0,0.89,73.0,7.26,9.75,247.0,1009.0,1,500,Rain,light rain,10d
2025-07-28 10:12:49,Kien Giang-Rach Gia,Rach Gia,29.41,29.41,29.41,71.0,33.85,10000.0,0.89,73.0,7.26,9.75,247.0,1009.0,1,500,Rain,light rain,10d
2025-07-28 10:16:34,Kien Giang-Rach Gia,Rach Gia,29.41,29.41,29.41,71.0,33.85,10000.0,0.75,73.0,7.26,9.75,247.0,1009.0,1,500,Rain,light rain,10d
2025-07-28 10:20:20,Kien Giang-Rach Gia,Rach Gia,29.41,29.41,29.41,71.0,33.85,10000.0,0.75,73.0,7.26,9.75,247.0,1009.0,1,500,Rain,light rain,10d
2025-07-28 10:24:06,Kien Giang-Rach Gia,Rach Gia,29.41,29.41,29.41,71.0,33.85,10000.0,0.65,73.0,7.26,9.75,247.0,1009.0,1,500,Rain,light rain,10d
2025-07-28 10:27:51,Kien Giang-Rach Gia,Rach Gia,29.41,29.41,29.41,71.0,33.85,10000.0,0.6,73.0,7.26,9.75,247.0,1009.0,1,500,Rain,light rain,10d
2025-07-28 10:31:38,Kien Giang-Rach Gia,Rach Gia,29.41,29.41,29.41,71.0,33.85,10000.0,0.6,73.0,7.26,9.75,247.0,1009.0,1,500,Rain,light rain,10d
2025-07-28 10:35:23,Kien Giang-Rach Gia,Rach Gia,29.41,29.41,29.41,71.0,33.85,10000.0,0.6,73.0,7.26,9.75,247.0,1009.0,1,500,Rain,light rain,10d
2025-07-28 10:39:09,Kien Giang-Rach Gia,Rach Gia,29.55,29.55,29.55,71.0,34.19,10000.0,0.5,76.0,7.25,9.25,244.0,1008.0,1,500,Rain,light rain,10d
2025-07-28 10:42:55,Kien Giang-Rach Gia,Rach Gia,29.55,29.55,29.55,71.0,34.19,10000.0,0.5,76.0,7.25,9.25,244.0,1008.0,1,500,Rain,light rain,10d
2025-07-28 10:46:40,Kien Giang-Rach Gia,Rach Gia,29.56,29.56,29.56,71.0,34.21,10000.0,0.87,76.0,7.25,9.25,244.0,1008.0,1,500,Rain,light rain,10d
2025-07-28 10:50:26,Kien Giang-Rach Gia,Rach Gia,29.56,29.56,29.56,71.0,34.21,10000.0,1.0,76.0,7.25,9.25,244.0,1008.0,1,500,Rain,light rain,10d
2025-07-28 10:54:12,Kien Giang-Rach Gia,Rach Gia,29.56,29.56,29.56,71.0,34.21,10000.0,1.0,76.0,7.25,9.25,244.0,1008.0,1,500,Rain,light rain,10d
2025-07-28 10:57:58,Kien Giang-Rach Gia,Rach Gia,29.56,29.56,29.56,71.0,34.21,10000.0,0.52,76.0,7.25,9.25,244.0,1008.0,1,500,Rain,light rain,10d
2025-07-28 11:01:44,Kien Giang-Rach Gia,Rach Gia,29.51,29.51,29.51,72.0,34.31,10000.0,0.45,76.0,7.25,9.25,244.0,1008.0,1,500,Rain,light rain,10d
2025-07-28 11:05:31,Kien Giang-Rach Gia,Rach Gia,29.51,29.51,29.51,72.0,34.31,10000.0,0.53,76.0,7.25,9.25,244.0,1008.0,1,500,Rain,light rain,10d
2025-07-28 11:09:17,Kien Giang-Rach Gia,Rach Gia,29.51,29.51,29.51,72.0,34.31,10000.0,0.45,76.0,7.25,9.25,244.0,1008.0,1,500,Rain,light rain,10d
2025-07-28 11:13:02,Kien Giang-Rach Gia,Rach Gia,29.51,29.51,29.51,72.0,34.31,10000.0,0.53,76.0,7.25,9.25,244.0,1008.0,1,500,Rain,light rain,10d
2025-07-28 11:16:48,Kien Giang-Rach Gia,Rach Gia,29.51,29.51,29.51,72.0,34.31,10000.0,0.87,76.0,7.25,9.25,244.0,1008.0,1,500,Rain,light rain,10d
2025-07-28 11:20:35,Kien Giang-Rach Gia,Rach Gia,29.51,29.51,29.51,72.0,34.31,10000.0,0.87,76.0,7.25,9.25,244.0,1008.0,1,500,Rain,light rain,10d
2025-07-28 11:24:21,Kien Giang-Rach Gia,Rach Gia,29.51,29.51,29.51,72.0,34.31,10000.0,0.87,76.0,7.25,9.25,244.0,1008.0,1,500,Rain,light rain,10d
2025-07-28 11:28:07,Kien Giang-Rach Gia,Rach Gia,29.51,29.51,29.51,72.0,34.31,10000.0,0.87,76.0,7.25,9.25,244.0,1008.0,1,500,Rain,light rain,10d
2025-07-28 11:31:53,Kien Giang-Rach Gia,Rach Gia,29.59,29.59,29.59,72.0,34.5,6748.0,1.06,81.0,6.88,8.73,241.0,1008.0,1,501,Rain,moderate rain,10d
2025-07-28 11:35:43,Kien Giang-Rach Gia,Rach Gia,29.59,29.59,29.59,72.0,34.5,6748.0,1.06,81.0,6.88,8.73,241.0,1008.0,1,501,Rain,moderate rain,10d
2025-07-28 11:39:33,Kien Giang-Rach Gia,Rach Gia,29.59,29.59,29.59,72.0,34.5,6748.0,1.06,81.0,6.88,8.73,241.0,1008.0,1,501,Rain,moderate rain,10d
2025-07-28 11:43:23,Kien Giang-Rach Gia,Rach Gia,29.59,29.59,29.59,72.0,34.5,6748.0,1.78,81.0,6.88,8.73,241.0,1008.0,1,501,Rain,moderate rain,10d
2025-07-28 11:47:13,Kien Giang-Rach Gia,Rach Gia,29.59,29.59,29.59,72.0,34.5,6748.0,1.78,81.0,6.88,8.73,241.0,1008.0,1,501,Rain,moderate rain,10d
2025-07-28 11:51:03,Kien Giang-Rach Gia,Rach Gia,29.59,29.59,29.59,72.0,34.5,6748.0,1.78,81.0,6.88,8.73,241.0,1008.0,1,501,Rain,moderate rain,10d
2025-07-28 11:54:54,Kien Giang-Rach Gia,Rach Gia,29.59,29.59,29.59,72.0,34.5,6748.0,1.78,81.0,6.88,8.73,241.0,1008.0,1,501,Rain,moderate rain,10d
2025-07-28 11:58:44,Kien Giang-Rach Gia,Rach Gia,29.67,29.67,29.67,72.0,34.7,6748.0,2.19,81.0,6.88,8.73,241.0,1008.0,1,501,Rain,moderate rain,10d
2025-07-28 12:02:34,Kien Giang-Rach Gia,Rach Gia,29.67,29.67,29.67,72.0,34.7,6748.0,2.19,81.0,6.88,8.73,241.0,1008.0,1,501,Rain,moderate rain,10d
2025-07-28 12:06:28,Kien Giang-Rach Gia,Rach Gia,29.65,29.65,29.65,72.0,34.65,6748.0,1.19,81.0,6.88,8.73,241.0,1008.0,1,501,Rain,moderate rain,10d
2025-07-28 12:10:20,Kien Giang-Rach Gia,Rach Gia,29.65,29.65,29.65,72.0,34.65,6748.0,1.33,81.0,6.88,8.73,241.0,1008.0,1,501,Rain,moderate rain,10d
2025-07-28 12:14:10,Kien Giang-Rach Gia,Rach Gia,29.65,29.65,29.65,72.0,34.65,6748.0,1.33,81.0,6.88,8.73,241.0,1008.0,1,501,Rain,moderate rain,10d
2025-07-28 12:18:01,Kien Giang-Rach Gia,Rach Gia,29.65,29.65,29.65,72.0,34.65,6748.0,1.33,81.0,6.88,8.73,241.0,1008.0,1,501,Rain,moderate rain,10d
2025-07-28 12:21:51,Kien Giang-Rach Gia,Rach Gia,29.65,29.65,29.65,72.0,34.65,6748.0,0.53,81.0,6.88,8.73,241.0,1008.0,1,500,Rain,light rain,10d
2025-07-28 12:25:41,Kien Giang-Rach Gia,Rach Gia,29.65,29.65,29.65,72.0,34.65,6748.0,0.27,81.0,6.88,8.73,241.0,1008.0,1,500,Rain,light rain,10d
2025-07-28 12:29:31,Kien Giang-Rach Gia,Rach Gia,29.65,29.65,29.65,72.0,34.65,6748.0,0.27,81.0,6.88,8.73,241.0,1008.0,1,500,Rain,light rain,10d
2025-07-28 12:33:21,Kien Giang-Rach Gia,Rach Gia,29.19,29.19,29.19,74.0,33.96,10000.0,0.32,69.0,7.52,9.24,247.0,1007.0,1,500,Rain,light rain,10d
2025-07-28 12:37:11,Kien Giang-Rach Gia,Rach Gia,29.19,29.19,29.19,74.0,33.96,10000.0,0.32,69.0,7.52,9.24,247.0,1007.0,1,500,Rain,light rain,10d
2025-07-28 12:41:01,Kien Giang-Rach Gia,Rach Gia,29.19,29.19,29.19,74.0,33.96,10000.0,0.32,69.0,7.52,9.24,247.0,1007.0,1,500,Rain,light rain,10d
2025-07-28 12:44:51,Kien Giang-Rach Gia,Rach Gia,29.19,29.19,29.19,74.0,33.96,10000.0,0.42,69.0,7.52,9.24,247.0,1007.0,1,500,Rain,light rain,10d
2025-07-28 12:48:43,Kien Giang-Rach Gia,Rach Gia,29.19,29.19,29.19,74.0,33.96,10000.0,0.42,69.0,7.52,9.24,247.0,1007.0,1,500,Rain,light rain,10d
2025-07-28 12:52:33,Kien Giang-Rach Gia,Rach Gia,29.19,29.19,29.19,74.0,33.96,10000.0,0.37,69.0,7.52,9.24,247.0,1007.0,1,500,Rain,light rain,10d
2025-07-28 12:56:22,Kien Giang-Rach Gia,Rach Gia,29.19,29.19,29.19,74.0,33.96,10000.0,0.37,69.0,7.52,9.24,247.0,1007.0,1,500,Rain,light rain,10d
2025-07-28 13:00:13,Kien Giang-Rach Gia,Rach Gia,29.19,29.19,29.19,74.0,33.96,10000.0,0.56,77.0,9.09,10.08,238.0,1007.0,1,500,Rain,light rain,10d
2025-07-28 13:04:03,Kien Giang-Rach Gia,Rach Gia,29.19,29.19,29.19,74.0,33.96,10000.0,0.56,77.0,9.09,10.08,238.0,1007.0,1,500,Rain,light rain,10d
2025-07-28 13:07:54,Kien Giang-Rach Gia,Rach Gia,29.19,29.19,29.19,74.0,33.96,10000.0,0.56,77.0,9.09,10.08,238.0,1007.0,1,500,Rain,light rain,10d
2025-07-28 13:11:45,Kien Giang-Rach Gia,Rach Gia,29.19,29.19,29.19,74.0,33.96,10000.0,0.65,77.0,9.09,10.08,238.0,1007.0,1,500,Rain,light rain,10d
2025-07-28 13:15:35,Kien Giang-Rach Gia,Rach Gia,29.19,29.19,29.19,74.0,33.96,10000.0,0.63,77.0,9.09,10.08,238.0,1007.0,1,500,Rain,light rain,10d
2025-07-28 13:19:26,Kien Giang-Rach Gia,Rach Gia,29.19,29.19,29.19,74.0,33.96,10000.0,0.63,77.0,9.09,10.08,238.0,1007.0,1,500,Rain,light rain,10d
2025-07-28 13:23:16,Kien Giang-Rach Gia,Rach Gia,29.19,29.19,29.19,74.0,33.96,10000.0,0.6,77.0,9.09,10.08,238.0,1007.0,1,500,Rain,light rain,10d
2025-07-28 13:27:08,Kien Giang-Rach Gia,Rach Gia,29.19,29.19,29.19,74.0,33.96,10000.0,1.04,77.0,9.09,10.08,238.0,1007.0,1,501,Rain,moderate rain,10d
2025-07-28 13:30:58,Kien Giang-Rach Gia,Rach Gia,29.19,29.19,29.19,74.0,33.96,10000.0,0.6,77.0,9.09,10.08,238.0,1007.0,1,500,Rain,light rain,10d
2025-07-28 13:34:48,Kien Giang-Rach Gia,Rach Gia,29.29,29.29,29.29,72.0,33.78,10000.0,1.0,100.0,8.48,9.73,244.0,1007.0,1,500,Rain,light rain,10d
2025-07-28 13:38:38,Kien Giang-Rach Gia,Rach Gia,29.29,29.29,29.29,72.0,33.78,10000.0,1.23,100.0,8.48,9.73,244.0,1007.0,1,501,Rain,moderate rain,10d
2025-07-28 13:42:28,Kien Giang-Rach Gia,Rach Gia,28.97,28.97,28.97,76.0,33.82,10000.0,0.45,100.0,8.48,9.73,244.0,1006.0,1,500,Rain,light rain,10d
2025-07-28 13:46:19,Kien Giang-Rach Gia,Rach Gia,28.97,28.97,28.97,76.0,33.82,10000.0,0.45,100.0,8.48,9.73,244.0,1006.0,1,500,Rain,light rain,10d
2025-07-28 13:50:10,Kien Giang-Rach Gia,Rach Gia,28.97,28.97,28.97,76.0,33.82,10000.0,0.45,100.0,8.48,9.73,244.0,1006.0,1,500,Rain,light rain,10d
2025-07-28 13:54:00,Kien Giang-Rach Gia,Rach Gia,28.97,28.97,28.97,76.0,33.82,10000.0,0.12,100.0,8.48,9.73,244.0,1006.0,1,500,Rain,light rain,10d
2025-07-28 13:57:50,Kien Giang-Rach Gia,Rach Gia,28.97,28.97,28.97,76.0,33.82,10000.0,0.12,100.0,8.48,9.73,244.0,1006.0,1,500,Rain,light rain,10d
2025-07-28 14:01:40,Kien Giang-Rach Gia,Rach Gia,28.96,28.96,28.96,76.0,33.8,10000.0,0.19,100.0,8.48,9.73,244.0,1006.0,1,500,Rain,light rain,10d
2025-07-28 14:05:30,Kien Giang-Rach Gia,Rach Gia,28.96,28.96,28.96,76.0,33.8,10000.0,0.19,100.0,8.48,9.73,244.0,1006.0,1,500,Rain,light rain,10d
2025-07-28 14:09:21,Kien Giang-Rach Gia,Rach Gia,28.96,28.96,28.96,76.0,33.8,10000.0,0.18,100.0,8.48,9.73,244.0,1006.0,1,500,Rain,light rain,10d
2025-07-28 14:13:13,Kien Giang-Rach Gia,Rach Gia,28.96,28.96,28.96,76.0,33.8,10000.0,0.18,100.0,8.48,9.73,244.0,1006.0,1,500,Rain,light rain,10d
2025-07-28 14:17:04,Kien Giang-Rach Gia,Rach Gia,28.96,28.96,28.96,76.0,33.8,10000.0,0.22,100.0,8.48,9.73,244.0,1006.0,1,500,Rain,light rain,10d
2025-07-28 14:20:54,Kien Giang-Rach Gia,Rach Gia,28.96,28.96,28.96,76.0,33.8,10000.0,0.27,100.0,8.48,9.73,244.0,1006.0,1,500,Rain,light rain,10d
2025-07-28 14:24:44,Kien Giang-Rach Gia,Rach Gia,28.96,28.96,28.96,76.0,33.8,10000.0,0.24,100.0,8.48,9.73,244.0,1006.0,1,500,Rain,light rain,10d
2025-07-28 14:28:34,Kien Giang-Rach Gia,Rach Gia,28.96,28.96,28.96,76.0,33.8,10000.0,0.24,100.0,8.48,9.73,244.0,1006.0,1,500,Rain,light rain,10d
2025-07-28 14:32:25,Kien Giang-Rach Gia,Rach Gia,29.01,29.01,29.01,76.0,33.92,10000.0,0.24,66.0,8.34,9.67,242.0,1006.0,1,500,Rain,light rain,10d
2025-07-28 14:36:16,Kien Giang-Rach Gia,Rach Gia,29.01,29.01,29.01,76.0,33.92,10000.0,0.37,66.0,8.34,9.67,242.0,1006.0,1,500,Rain,light rain,10d
2025-07-28 14:40:09,Kien Giang-Rach Gia,Rach Gia,29.01,29.01,29.01,76.0,33.92,10000.0,0.37,66.0,8.34,9.67,242.0,1006.0,1,500,Rain,light rain,10d
2025-07-28 14:43:59,Kien Giang-Rach Gia,Rach Gia,29.01,29.01,29.01,76.0,33.92,10000.0,0.32,66.0,8.34,9.67,242.0,1006.0,1,500,Rain,light rain,10d
2025-07-28 14:47:50,Kien Giang-Rach Gia,Rach Gia,29.02,29.02,29.02,75.0,33.74,10000.0,0.39,66.0,8.34,9.67,242.0,1006.0,1,500,Rain,light rain,10d
2025-07-28 14:51:39,Kien Giang-Rach Gia,Rach Gia,29.02,29.02,29.02,75.0,33.74,10000.0,0.4,66.0,8.34,9.67,242.0,1006.0,1,500,Rain,light rain,10d
2025-07-28 14:55:30,Kien Giang-Rach Gia,Rach Gia,29.02,29.02,29.02,75.0,33.74,10000.0,0.4,66.0,8.34,9.67,242.0,1006.0,1,500,Rain,light rain,10d
2025-07-28 14:59:20,Kien Giang-Rach Gia,Rach Gia,29.02,29.02,29.02,75.0,33.74,10000.0,0.4,66.0,8.34,9.67,242.0,1006.0,1,500,Rain,light rain,10d
2025-07-28 15:03:12,Kien Giang-Rach Gia,Rach Gia,29.0,29.0,29.0,76.0,33.9,10000.0,0.34,66.0,8.34,9.67,242.0,1006.0,1,500,Rain,light rain,10d
2025-07-28 15:07:03,Kien Giang-Rach Gia,Rach Gia,29.0,29.0,29.0,76.0,33.9,10000.0,0.24,66.0,8.34,9.67,242.0,1006.0,1,500,Rain,light rain,10d
2025-07-28 15:10:55,Kien Giang-Rach Gia,Rach Gia,29.0,29.0,29.0,76.0,33.9,10000.0,0.1,66.0,8.34,9.67,242.0,1006.0,1,500,Rain,light rain,10d
2025-07-28 15:14:45,Kien Giang-Rach Gia,Rach Gia,29.0,29.0,29.0,76.0,33.9,10000.0,0.1,66.0,8.34,9.67,242.0,1006.0,1,500,Rain,light rain,10d
2025-07-28 15:18:36,Kien Giang-Rach Gia,Rach Gia,29.0,29.0,29.0,76.0,33.9,10000.0,0.0,66.0,8.34,9.67,242.0,1006.0,1,803,Clouds,broken clouds,04d
2025-07-28 15:22:27,Kien Giang-Rach Gia,Rach Gia,29.0,29.0,29.0,76.0,33.9,10000.0,0.1,66.0,8.34,9.67,242.0,1006.0,1,500,Rain,light rain,10d
2025-07-28 15:26:17,Kien Giang-Rach Gia,Rach Gia,29.0,29.0,29.0,76.0,33.9,10000.0,0.0,66.0,8.34,9.67,242.0,1006.0,1,803,Clouds,broken clouds,04d
2025-07-28 15:30:10,Kien Giang-Rach Gia,Rach Gia,28.95,28.95,28.95,76.0,33.77,7928.0,0.0,51.0,8.7,10.12,243.0,1006.0,1,803,Clouds,broken clouds,04d
2025-07-28 15:34:00,Kien Giang-Rach Gia,Rach Gia,28.95,28.95,28.95,76.0,33.77,7928.0,0.0,51.0,8.7,10.12,243.0,1006.0,1,803,Clouds,broken clouds,04d
2025-07-28 15:37:51,Kien Giang-Rach Gia,Rach Gia,28.95,28.95,28.95,76.0,33.77,7928.0,0.0,51.0,8.7,10.12,243.0,1006.0,1,803,Clouds,broken clouds,04d
2025-07-28 15:41:41,Kien Giang-Rach Gia,Rach Gia,28.95,28.95,28.95,76.0,33.77,7928.0,0.0,51.0,8.7,10.12,243.0,1006.0,1,803,Clouds,broken clouds,04d
2025-07-28 15:45:31,Kien Giang-Rach Gia,Rach Gia,28.95,28.95,28.95,76.0,33.77,7928.0,0.0,51.0,8.7,10.12,243.0,1006.0,1,803,Clouds,broken clouds,04d
2025-07-28 15:49:22,Kien Giang-Rach Gia,Rach Gia,29.0,29.0,29.0,76.0,33.9,7928.0,0.0,51.0,8.7,10.12,243.0,1006.0,1,803,Clouds,broken clouds,04d
2025-07-28 15:53:14,Kien Giang-Rach Gia,Rach Gia,29.0,29.0,29.0,76.0,33.9,7928.0,0.0,51.0,8.7,10.12,243.0,1006.0,1,803,Clouds,broken clouds,04d
2025-07-28 15:57:05,Kien Giang-Rach Gia,Rach Gia,29.0,29.0,29.0,76.0,33.9,7928.0,0.0,51.0,8.7,10.12,243.0,1006.0,1,803,Clouds,broken clouds,04d
2025-07-28 16:00:56,Kien Giang-Rach Gia,Rach Gia,29.0,29.0,29.0,76.0,33.9,7928.0,0.0,51.0,8.7,10.12,243.0,1006.0,1,803,Clouds,broken clouds,04d
2025-07-28 16:04:47,Kien Giang-Rach Gia,Rach Gia,29.0,29.0,29.0,76.0,33.9,7928.0,0.0,51.0,8.7,10.12,243.0,1006.0,1,803,Clouds,broken clouds,04d
2025-07-28 16:08:36,Kien Giang-Rach Gia,Rach Gia,29.0,29.0,29.0,76.0,33.9,7928.0,0.0,51.0,8.7,10.12,243.0,1006.0,1,803,Clouds,broken clouds,04d
2025-07-28 16:12:28,Kien Giang-Rach Gia,Rach Gia,29.0,29.0,29.0,76.0,33.9,7928.0,0.0,51.0,8.7,10.12,243.0,1006.0,1,803,Clouds,broken clouds,04d
2025-07-28 16:16:18,Kien Giang-Rach Gia,Rach Gia,29.0,29.0,29.0,76.0,33.9,7928.0,0.0,51.0,8.7,10.12,243.0,1006.0,1,803,Clouds,broken clouds,04d
2025-07-28 16:20:09,Kien Giang-Rach Gia,Rach Gia,29.0,29.0,29.0,76.0,33.9,7928.0,0.0,51.0,8.7,10.12,243.0,1006.0,1,803,Clouds,broken clouds,04d
2025-07-28 16:23:59,Kien Giang-Rach Gia,Rach Gia,29.0,29.0,29.0,76.0,33.9,7928.0,0.0,51.0,8.7,10.12,243.0,1006.0,1,803,Clouds,broken clouds,04d
2025-07-28 16:27:49,Kien Giang-Rach Gia,Rach Gia,29.0,29.0,29.0,76.0,33.9,7928.0,0.0,51.0,8.7,10.12,243.0,1006.0,1,803,Clouds,broken clouds,04d
2025-07-28 16:31:39,Kien Giang-Rach Gia,Rach Gia,28.87,28.87,28.87,77.0,33.77,10000.0,0.0,42.0,8.43,10.11,242.0,1005.0,1,802,Clouds,scattered clouds,03d
2025-07-28 16:35:30,Kien Giang-Rach Gia,Rach Gia,29.0,29.0,29.0,76.0,33.9,7928.0,0.0,51.0,8.7,10.12,243.0,1006.0,1,803,Clouds,broken clouds,04d
2025-07-28 16:39:20,Kien Giang-Rach Gia,Rach Gia,28.87,28.87,28.87,77.0,33.77,10000.0,0.0,42.0,8.43,10.11,242.0,1005.0,1,802,Clouds,scattered clouds,03d
2025-07-28 16:43:12,Kien Giang-Rach Gia,Rach Gia,28.87,28.87,28.87,77.0,33.77,10000.0,0.0,42.0,8.43,10.11,242.0,1005.0,1,802,Clouds,scattered clouds,03d
2025-07-28 16:47:03,Kien Giang-Rach Gia,Rach Gia,28.87,28.87,28.87,77.0,33.77,10000.0,0.0,42.0,8.43,10.11,242.0,1005.0,1,802,Clouds,scattered clouds,03d
2025-07-28 16:50:53,Kien Giang-Rach Gia,Rach Gia,28.87,28.87,28.87,77.0,33.77,10000.0,0.0,42.0,8.43,10.11,242.0,1005.0,1,802,Clouds,scattered clouds,03d
2025-07-28 16:54:44,Kien Giang-Rach Gia,Rach Gia,28.87,28.87,28.87,77.0,33.77,10000.0,0.0,42.0,8.43,10.11,242.0,1005.0,1,802,Clouds,scattered clouds,03d
2025-07-28 16:58:34,Kien Giang-Rach Gia,Rach Gia,28.87,28.87,28.87,77.0,33.77,10000.0,0.0,42.0,8.43,10.11,242.0,1005.0,1,802,Clouds,scattered clouds,03d
2025-07-28 17:02:25,Kien Giang-Rach Gia,Rach Gia,28.87,28.87,28.87,77.0,33.77,10000.0,0.0,42.0,8.43,10.11,242.0,1005.0,1,802,Clouds,scattered clouds,03d
2025-07-28 17:06:15,Kien Giang-Rach Gia,Rach Gia,28.87,28.87,28.87,77.0,33.77,10000.0,0.0,42.0,8.43,10.11,242.0,1005.0,1,802,Clouds,scattered clouds,03d
2025-07-28 17:10:06,Kien Giang-Rach Gia,Rach Gia,28.87,28.87,28.87,77.0,33.77,10000.0,0.0,42.0,8.43,10.11,242.0,1005.0,1,802,Clouds,scattered clouds,03d
2025-07-28 17:13:56,Kien Giang-Rach Gia,Rach Gia,28.87,28.87,28.87,77.0,33.77,10000.0,0.0,42.0,8.43,10.11,242.0,1005.0,1,802,Clouds,scattered clouds,03d
2025-07-28 17:17:46,Kien Giang-Rach Gia,Rach Gia,28.87,28.87,28.87,77.0,33.77,10000.0,0.0,42.0,8.43,10.11,242.0,1005.0,1,802,Clouds,scattered clouds,03d
2025-07-28 17:21:36,Kien Giang-Rach Gia,Rach Gia,28.87,28.87,28.87,77.0,33.77,10000.0,0.0,42.0,8.43,10.11,242.0,1005.0,1,802,Clouds,scattered clouds,03d
2025-07-28 17:25:26,Kien Giang-Rach Gia,Rach Gia,28.87,28.87,28.87,77.0,33.77,10000.0,0.0,42.0,8.43,10.11,242.0,1005.0,1,802,Clouds,scattered clouds,03d
2025-07-28 17:29:16,Kien Giang-Rach Gia,Rach Gia,28.87,28.87,28.87,77.0,33.77,10000.0,0.0,42.0,8.43,10.11,242.0,1005.0,1,802,Clouds,scattered clouds,03d
2025-07-28 17:33:08,Kien Giang-Rach Gia,Rach Gia,28.87,28.87,28.87,77.0,33.77,10000.0,0.0,42.0,8.43,10.11,242.0,1005.0,1,802,Clouds,scattered clouds,03d
2025-07-28 17:36:58,Kien Giang-Rach Gia,Rach Gia,28.57,28.57,28.57,80.0,33.57,10000.0,0.0,35.0,7.81,9.94,244.0,1006.0,1,802,Clouds,scattered clouds,03d
2025-07-28 17:40:48,Kien Giang-Rach Gia,Rach Gia,28.57,28.57,28.57,80.0,33.57,10000.0,0.0,35.0,7.81,9.94,244.0,1006.0,1,802,Clouds,scattered clouds,03d
2025-07-28 17:44:38,Kien Giang-Rach Gia,Rach Gia,28.57,28.57,28.57,80.0,33.57,10000.0,0.0,35.0,7.81,9.94,244.0,1006.0,1,802,Clouds,scattered clouds,03d
2025-07-28 17:48:28,Kien Giang-Rach Gia,Rach Gia,28.57,28.57,28.57,80.0,33.57,10000.0,0.0,35.0,7.81,9.94,244.0,1006.0,1,802,Clouds,scattered clouds,03d
2025-07-28 17:52:19,Kien Giang-Rach Gia,Rach Gia,28.57,28.57,28.57,80.0,33.57,10000.0,0.0,35.0,7.81,9.94,244.0,1006.0,1,802,Clouds,scattered clouds,03d
2025-07-28 17:56:10,Kien Giang-Rach Gia,Rach Gia,28.57,28.57,28.57,80.0,33.57,10000.0,0.0,35.0,7.81,9.94,244.0,1006.0,1,802,Clouds,scattered clouds,03d
2025-07-28 18:00:00,Kien Giang-Rach Gia,Rach Gia,28.57,28.57,28.57,80.0,33.57,10000.0,0.0,35.0,7.81,9.94,244.0,1006.0,1,802,Clouds,scattered clouds,03d
2025-07-28 18:03:50,Kien Giang-Rach Gia,Rach Gia,28.56,28.56,28.56,80.0,33.54,10000.0,0.0,35.0,7.81,9.94,244.0,1006.0,1,802,Clouds,scattered clouds,03d
2025-07-28 18:07:40,Kien Giang-Rach Gia,Rach Gia,28.56,28.56,28.56,80.0,33.54,10000.0,0.0,35.0,7.81,9.94,244.0,1006.0,1,802,Clouds,scattered clouds,03d
2025-07-28 18:11:30,Kien Giang-Rach Gia,Rach Gia,28.56,28.56,28.56,80.0,33.54,10000.0,0.0,35.0,7.81,9.94,244.0,1006.0,1,802,Clouds,scattered clouds,03d
2025-07-28 18:15:20,Kien Giang-Rach Gia,Rach Gia,28.56,28.56,28.56,80.0,33.54,10000.0,0.0,35.0,7.81,9.94,244.0,1006.0,1,802,Clouds,scattered clouds,03d
2025-07-28 18:19:12,Kien Giang-Rach Gia,Rach Gia,28.56,28.56,28.56,80.0,33.54,10000.0,0.0,35.0,7.81,9.94,244.0,1006.0,1,802,Clouds,scattered clouds,03d
2025-07-28 18:23:04,Kien Giang-Rach Gia,Rach Gia,28.56,28.56,28.56,80.0,33.54,10000.0,0.0,35.0,7.81,9.94,244.0,1006.0,1,802,Clouds,scattered clouds,03d
2025-07-28 18:26:55,Kien Giang-Rach Gia,Rach Gia,28.56,28.56,28.56,80.0,33.54,10000.0,0.0,35.0,7.81,9.94,244.0,1006.0,0,802,Clouds,scattered clouds,03d
2025-07-28 18:30:46,Kien Giang-Rach Gia,Rach Gia,28.43,28.43,28.43,80.0,33.2,10000.0,0.17,31.0,7.26,9.67,242.0,1007.0,0,500,Rain,light rain,10n
2025-07-28 18:34:35,Kien Giang-Rach Gia,Rach Gia,28.43,28.43,28.43,80.0,33.2,10000.0,0.17,31.0,7.26,9.67,242.0,1007.0,0,500,Rain,light rain,10n
2025-07-28 18:38:25,Kien Giang-Rach Gia,Rach Gia,28.43,28.43,28.43,80.0,33.2,10000.0,0.17,31.0,7.26,9.67,242.0,1007.0,0,500,Rain,light rain,10n
2025-07-28 18:42:16,Kien Giang-Rach Gia,Rach Gia,28.43,28.43,28.43,80.0,33.2,10000.0,0.0,63.0,7.09,9.12,240.0,1007.0,0,803,Clouds,broken clouds,04n
2025-07-28 18:46:07,Kien Giang-Rach Gia,Rach Gia,28.43,28.43,28.43,80.0,33.2,10000.0,0.0,63.0,7.09,9.12,240.0,1007.0,0,803,Clouds,broken clouds,04n
2025-07-28 18:49:57,Kien Giang-Rach Gia,Rach Gia,28.43,28.43,28.43,80.0,33.2,10000.0,0.0,63.0,7.09,9.12,240.0,1007.0,0,803,Clouds,broken clouds,04n
2025-07-28 18:53:47,Kien Giang-Rach Gia,Rach Gia,28.43,28.43,28.43,80.0,33.2,10000.0,0.0,63.0,7.09,9.12,240.0,1007.0,0,803,Clouds,broken clouds,04n
2025-07-28 18:57:38,Kien Giang-Rach Gia,Rach Gia,28.43,28.43,28.43,80.0,33.2,10000.0,0.0,63.0,7.09,9.12,240.0,1007.0,0,803,Clouds,broken clouds,04n
2025-07-28 19:01:29,Kien Giang-Rach Gia,Rach Gia,28.43,28.43,28.43,80.0,33.2,10000.0,0.0,63.0,7.09,9.12,240.0,1007.0,0,803,Clouds,broken clouds,04n
2025-07-28 19:05:20,Kien Giang-Rach Gia,Rach Gia,28.43,28.43,28.43,80.0,33.2,10000.0,0.0,63.0,7.09,9.12,240.0,1007.0,0,803,Clouds,broken clouds,04n
2025-07-28 19:09:13,Kien Giang-Rach Gia,Rach Gia,28.43,28.43,28.43,80.0,33.2,10000.0,0.0,63.0,7.09,9.12,240.0,1007.0,0,803,Clouds,broken clouds,04n
2025-07-28 19:13:00,Kien Giang-Rach Gia,Rach Gia,28.43,28.43,28.43,80.0,33.2,10000.0,0.0,63.0,7.09,9.12,240.0,1007.0,0,803,Clouds,broken clouds,04n
2025-07-28 19:16:47,Kien Giang-Rach Gia,Rach Gia,28.43,28.43,28.43,80.0,33.2,10000.0,0.0,63.0,7.09,9.12,240.0,1007.0,0,803,Clouds,broken clouds,04n
2025-07-28 19:20:32,Kien Giang-Rach Gia,Rach Gia,28.43,28.43,28.43,80.0,33.2,10000.0,0.0,63.0,7.09,9.12,240.0,1007.0,0,803,Clouds,broken clouds,04n
2025-07-28 19:24:18,Kien Giang-Rach Gia,Rach Gia,28.43,28.43,28.43,80.0,33.2,10000.0,0.0,63.0,7.09,9.12,240.0,1007.0,0,803,Clouds,broken clouds,04n
2025-07-28 19:28:04,Kien Giang-Rach Gia,Rach Gia,28.32,28.32,28.32,78.0,32.57,10000.0,0.0,63.0,7.09,9.12,240.0,1007.0,0,803,Clouds,broken clouds,04n
2025-07-28 19:31:50,Kien Giang-Rach Gia,Rach Gia,28.32,28.32,28.32,78.0,32.57,10000.0,0.0,63.0,7.09,9.12,240.0,1007.0,0,803,Clouds,broken clouds,04n
2025-07-28 19:35:36,Kien Giang-Rach Gia,Rach Gia,28.47,28.47,28.47,78.0,32.94,10000.0,0.0,97.0,6.61,8.9,237.0,1007.0,0,804,Clouds,overcast clouds,04n
2025-07-28 19:39:23,Kien Giang-Rach Gia,Rach Gia,28.47,28.47,28.47,78.0,32.94,10000.0,0.0,97.0,6.61,8.9,237.0,1007.0,0,804,Clouds,overcast clouds,04n
2025-07-28 19:43:09,Kien Giang-Rach Gia,Rach Gia,28.47,28.47,28.47,78.0,32.94,10000.0,0.0,97.0,6.61,8.9,237.0,1007.0,0,804,Clouds,overcast clouds,04n
2025-07-28 19:46:55,Kien Giang-Rach Gia,Rach Gia,28.47,28.47,28.47,78.0,32.94,10000.0,0.0,97.0,6.61,8.9,237.0,1007.0,0,804,Clouds,overcast clouds,04n
2025-07-28 19:50:47,Kien Giang-Rach Gia,Rach Gia,28.47,28.47,28.47,78.0,32.94,10000.0,0.0,97.0,6.61,8.9,237.0,1007.0,0,804,Clouds,overcast clouds,04n
2025-07-28 19:54:35,Kien Giang-Rach Gia,Rach Gia,28.47,28.47,28.47,78.0,32.94,10000.0,0.0,97.0,6.61,8.9,237.0,1007.0,0,804,Clouds,overcast clouds,04n
2025-07-28 19:58:21,Kien Giang-Rach Gia,Rach Gia,28.47,28.47,28.47,78.0,32.94,10000.0,0.0,97.0,6.61,8.9,237.0,1007.0,0,804,Clouds,overcast clouds,04n
2025-07-28 20:02:07,Kien Giang-Rach Gia,Rach Gia,28.46,28.46,28.46,79.0,33.1,10000.0,0.0,97.0,6.61,8.9,237.0,1007.0,0,804,Clouds,overcast clouds,04n
2025-07-28 20:05:53,Kien Giang-Rach Gia,Rach Gia,28.46,28.46,28.46,79.0,33.1,10000.0,0.0,97.0,6.61,8.9,237.0,1007.0,0,804,Clouds,overcast clouds,04n
2025-07-28 20:09:39,Kien Giang-Rach Gia,Rach Gia,28.46,28.46,28.46,79.0,33.1,10000.0,0.0,97.0,6.61,8.9,237.0,1007.0,0,804,Clouds,overcast clouds,04n
2025-07-28 20:13:25,Kien Giang-Rach Gia,Rach Gia,28.46,28.46,28.46,79.0,33.1,10000.0,0.0,97.0,6.61,8.9,237.0,1007.0,0,804,Clouds,overcast clouds,04n
2025-07-28 20:17:11,Kien Giang-Rach Gia,Rach Gia,28.46,28.46,28.46,79.0,33.1,10000.0,0.0,97.0,6.61,8.9,237.0,1007.0,0,804,Clouds,overcast clouds,04n
2025-07-28 20:20:57,Kien Giang-Rach Gia,Rach Gia,28.46,28.46,28.46,79.0,33.1,10000.0,0.0,97.0,6.61,8.9,237.0,1007.0,0,804,Clouds,overcast clouds,04n
2025-07-28 20:24:43,Kien Giang-Rach Gia,Rach Gia,28.46,28.46,28.46,79.0,33.1,10000.0,0.0,97.0,6.61,8.9,237.0,1007.0,0,804,Clouds,overcast clouds,04n
2025-07-28 20:28:30,Kien Giang-Rach Gia,Rach Gia,28.46,28.46,28.46,79.0,33.1,10000.0,0.15,97.0,6.61,8.9,237.0,1007.0,0,500,Rain,light rain,10n
2025-07-28 20:32:17,Kien Giang-Rach Gia,Rach Gia,28.48,28.48,28.48,79.0,33.15,10000.0,0.18,98.0,6.44,8.77,237.0,1008.0,0,500,Rain,light rain,10n
2025-07-28 20:36:03,Kien Giang-Rach Gia,Rach Gia,28.48,28.48,28.48,79.0,33.15,10000.0,0.18,98.0,6.44,8.77,237.0,1008.0,0,500,Rain,light rain,10n
2025-07-28 20:39:49,Kien Giang-Rach Gia,Rach Gia,28.48,28.48,28.48,79.0,33.15,10000.0,0.18,98.0,6.44,8.77,237.0,1008.0,0,500,Rain,light rain,10n
2025-07-28 20:43:34,Kien Giang-Rach Gia,Rach Gia,28.48,28.48,28.48,79.0,33.15,10000.0,0.18,98.0,6.44,8.77,237.0,1008.0,0,500,Rain,light rain,10n
2025-07-28 20:47:20,Kien Giang-Rach Gia,Rach Gia,28.48,28.48,28.48,79.0,33.15,10000.0,0.21,98.0,6.44,8.77,237.0,1008.0,0,500,Rain,light rain,10n
2025-07-28 20:51:10,Kien Giang-Rach Gia,Rach Gia,28.48,28.48,28.48,79.0,33.15,10000.0,0.0,98.0,6.44,8.77,237.0,1008.0,0,804,Clouds,overcast clouds,04n
2025-07-28 20:54:57,Kien Giang-Rach Gia,Rach Gia,28.48,28.48,28.48,79.0,33.15,10000.0,0.21,98.0,6.44,8.77,237.0,1008.0,0,500,Rain,light rain,10n
2025-07-28 20:58:43,Kien Giang-Rach Gia,Rach Gia,28.48,28.48,28.48,79.0,33.15,10000.0,0.24,98.0,6.44,8.77,237.0,1008.0,0,500,Rain,light rain,10n
2025-07-28 21:02:30,Kien Giang-Rach Gia,Rach Gia,28.48,28.48,28.48,79.0,33.15,10000.0,0.24,98.0,6.44,8.77,237.0,1008.0,0,500,Rain,light rain,10n
2025-07-28 21:06:16,Kien Giang-Rach Gia,Rach Gia,28.48,28.48,28.48,79.0,33.15,10000.0,0.17,98.0,6.44,8.77,237.0,1008.0,0,500,Rain,light rain,10n
2025-07-28 21:10:02,Kien Giang-Rach Gia,Rach Gia,28.48,28.48,28.48,79.0,33.15,10000.0,0.24,98.0,6.44,8.77,237.0,1008.0,0,500,Rain,light rain,10n
2025-07-28 21:13:48,Kien Giang-Rach Gia,Rach Gia,28.48,28.48,28.48,79.0,33.15,10000.0,0.15,98.0,6.44,8.77,237.0,1008.0,0,500,Rain,light rain,10n
2025-07-28 21:17:34,Kien Giang-Rach Gia,Rach Gia,28.48,28.48,28.48,79.0,33.15,10000.0,0.0,98.0,6.44,8.77,237.0,1008.0,0,804,Clouds,overcast clouds,04n
2025-07-28 21:21:20,Kien Giang-Rach Gia,Rach Gia,28.48,28.48,28.48,79.0,33.15,10000.0,0.0,98.0,6.44,8.77,237.0,1008.0,0,804,Clouds,overcast clouds,04n
2025-07-28 21:25:07,Kien Giang-Rach Gia,Rach Gia,28.48,28.48,28.48,79.0,33.15,10000.0,0.0,98.0,6.44,8.77,237.0,1008.0,0,804,Clouds,overcast clouds,04n
2025-07-28 21:28:53,Kien Giang-Rach Gia,Rach Gia,28.48,28.48,28.48,79.0,33.15,10000.0,0.0,98.0,6.44,8.77,237.0,1008.0,0,804,Clouds,overcast clouds,04n
2025-07-28 21:32:55,Kien Giang-Rach Gia,Rach Gia,28.57,28.57,28.57,80.0,33.57,10000.0,0.0,99.0,6.45,8.82,238.0,1008.0,0,804,Clouds,overcast clouds,04n
2025-07-28 21:36:41,Kien Giang-Rach Gia,Rach Gia,28.57,28.57,28.57,80.0,33.57,10000.0,0.0,99.0,6.45,8.82,238.0,1008.0,0,804,Clouds,overcast clouds,04n
2025-07-28 21:40:26,Kien Giang-Rach Gia,Rach Gia,28.57,28.57,28.57,80.0,33.57,10000.0,0.0,99.0,6.45,8.82,238.0,1008.0,0,804,Clouds,overcast clouds,04n
2025-07-28 21:44:12,Kien Giang-Rach Gia,Rach Gia,28.57,28.57,28.57,80.0,33.57,10000.0,0.0,99.0,6.45,8.82,238.0,1008.0,0,804,Clouds,overcast clouds,04n
2025-07-28 21:47:58,Kien Giang-Rach Gia,Rach Gia,28.53,28.53,28.53,80.0,33.46,10000.0,0.0,99.0,6.45,8.82,238.0,1008.0,0,804,Clouds,overcast clouds,04n
2025-07-28 21:51:44,Kien Giang-Rach Gia,Rach Gia,28.57,28.57,28.57,80.0,33.57,10000.0,0.0,99.0,6.45,8.82,238.0,1008.0,0,804,Clouds,overcast clouds,04n
2025-07-28 21:55:30,Kien Giang-Rach Gia,Rach Gia,28.53,28.53,28.53,80.0,33.46,10000.0,0.0,99.0,6.45,8.82,238.0,1008.0,0,804,Clouds,overcast clouds,04n
2025-07-28 21:59:16,Kien Giang-Rach Gia,Rach Gia,28.53,28.53,28.53,80.0,33.46,10000.0,0.0,99.0,6.45,8.82,238.0,1008.0,0,804,Clouds,overcast clouds,04n
2025-07-28 22:03:02,Kien Giang-Rach Gia,Rach Gia,28.53,28.53,28.53,80.0,33.46,10000.0,0.0,99.0,6.45,8.82,238.0,1008.0,0,804,Clouds,overcast clouds,04n
2025-07-28 22:06:48,Kien Giang-Rach Gia,Rach Gia,28.5,28.5,28.5,81.0,33.57,10000.0,0.0,99.0,6.45,8.82,238.0,1008.0,0,804,Clouds,overcast clouds,04n
2025-07-28 22:10:35,Kien Giang-Rach Gia,Rach Gia,28.5,28.5,28.5,81.0,33.57,10000.0,0.0,99.0,6.45,8.82,238.0,1008.0,0,804,Clouds,overcast clouds,04n
2025-07-28 22:14:21,Kien Giang-Rach Gia,Rach Gia,28.5,28.5,28.5,81.0,33.57,10000.0,0.0,99.0,6.45,8.82,238.0,1008.0,0,804,Clouds,overcast clouds,04n
2025-07-28 22:18:07,Kien Giang-Rach Gia,Rach Gia,28.5,28.5,28.5,81.0,33.57,10000.0,0.0,99.0,6.45,8.82,238.0,1008.0,0,804,Clouds,overcast clouds,04n
2025-07-28 22:21:53,Kien Giang-Rach Gia,Rach Gia,28.5,28.5,28.5,81.0,33.57,10000.0,0.0,99.0,6.45,8.82,238.0,1008.0,0,804,Clouds,overcast clouds,04n
2025-07-28 22:25:38,Kien Giang-Rach Gia,Rach Gia,28.5,28.5,28.5,81.0,33.57,10000.0,0.0,99.0,6.45,8.82,238.0,1008.0,0,804,Clouds,overcast clouds,04n
2025-07-28 22:29:24,Kien Giang-Rach Gia,Rach Gia,28.5,28.5,28.5,81.0,33.57,10000.0,0.0,99.0,6.45,8.82,238.0,1008.0,0,804,Clouds,overcast clouds,04n
2025-07-28 22:33:10,Kien Giang-Rach Gia,Rach Gia,28.5,28.5,28.5,81.0,33.57,10000.0,0.0,99.0,6.45,8.82,238.0,1008.0,0,804,Clouds,overcast clouds,04n
2025-07-28 22:36:56,Kien Giang-Rach Gia,Rach Gia,28.34,28.34,28.34,81.0,33.14,10000.0,0.0,88.0,6.33,8.87,236.0,1008.0,0,804,Clouds,overcast clouds,04n
2025-07-28 22:40:42,Kien Giang-Rach Gia,Rach Gia,28.34,28.34,28.34,81.0,33.14,10000.0,0.0,88.0,6.33,8.87,236.0,1008.0,0,804,Clouds,overcast clouds,04n
2025-07-28 22:44:28,Kien Giang-Rach Gia,Rach Gia,28.34,28.34,28.34,81.0,33.14,10000.0,0.0,88.0,6.33,8.87,236.0,1008.0,0,804,Clouds,overcast clouds,04n
2025-07-28 22:48:14,Kien Giang-Rach Gia,Rach Gia,28.34,28.34,28.34,81.0,33.14,10000.0,0.0,88.0,6.33,8.87,236.0,1008.0,0,804,Clouds,overcast clouds,04n
2025-07-28 22:52:00,Kien Giang-Rach Gia,Rach Gia,28.34,28.34,28.34,81.0,33.14,10000.0,0.0,88.0,6.33,8.87,236.0,1008.0,0,804,Clouds,overcast clouds,04n
2025-07-28 22:55:45,Kien Giang-Rach Gia,Rach Gia,28.34,28.34,28.34,81.0,33.14,10000.0,0.0,88.0,6.33,8.87,236.0,1008.0,0,804,Clouds,overcast clouds,04n
2025-07-28 22:59:31,Kien Giang-Rach Gia,Rach Gia,28.34,28.34,28.34,81.0,33.14,10000.0,0.0,88.0,6.33,8.87,236.0,1008.0,0,804,Clouds,overcast clouds,04n
2025-07-28 23:03:17,Kien Giang-Rach Gia,Rach Gia,28.34,28.34,28.34,81.0,33.14,10000.0,0.0,88.0,6.33,8.87,236.0,1008.0,0,804,Clouds,overcast clouds,04n
2025-07-28 23:07:04,Kien Giang-Rach Gia,Rach Gia,28.32,28.32,28.32,81.0,33.09,10000.0,0.0,88.0,6.33,8.87,236.0,1008.0,0,804,Clouds,overcast clouds,04n
2025-07-28 23:10:50,Kien Giang-Rach Gia,Rach Gia,28.34,28.34,28.34,81.0,33.14,10000.0,0.0,88.0,6.33,8.87,236.0,1008.0,0,804,Clouds,overcast clouds,04n
2025-07-28 23:14:35,Kien Giang-Rach Gia,Rach Gia,28.32,28.32,28.32,81.0,33.09,10000.0,0.0,88.0,6.33,8.87,236.0,1008.0,0,804,Clouds,overcast clouds,04n
2025-07-28 23:18:21,Kien Giang-Rach Gia,Rach Gia,28.32,28.32,28.32,81.0,33.09,10000.0,0.0,88.0,6.33,8.87,236.0,1008.0,0,804,Clouds,overcast clouds,04n
2025-07-28 23:22:07,Kien Giang-Rach Gia,Rach Gia,28.32,28.32,28.32,81.0,33.09,10000.0,0.0,88.0,6.33,8.87,236.0,1008.0,0,804,Clouds,overcast clouds,04n
2025-07-28 23:25:52,Kien Giang-Rach Gia,Rach Gia,28.32,28.32,28.32,81.0,33.09,10000.0,0.0,88.0,6.33,8.87,236.0,1008.0,0,804,Clouds,overcast clouds,04n
2025-07-28 23:29:38,Kien Giang-Rach Gia,Rach Gia,28.32,28.32,28.32,81.0,33.09,10000.0,0.0,88.0,6.33,8.87,236.0,1008.0,0,804,Clouds,overcast clouds,04n
2025-07-28 23:33:24,Kien Giang-Rach Gia,Rach Gia,28.08,28.08,28.08,81.0,32.46,10000.0,0.0,74.0,5.96,9.02,238.0,1008.0,0,803,Clouds,broken clouds,04n
2025-07-28 23:37:10,Kien Giang-Rach Gia,Rach Gia,28.08,28.08,28.08,81.0,32.46,10000.0,0.0,74.0,5.96,9.02,238.0,1008.0,0,803,Clouds,broken clouds,04n
2025-07-28 23:40:56,Kien Giang-Rach Gia,Rach Gia,28.08,28.08,28.08,81.0,32.46,10000.0,0.0,74.0,5.96,9.02,238.0,1008.0,0,803,Clouds,broken clouds,04n
2025-07-28 23:44:42,Kien Giang-Rach Gia,Rach Gia,28.08,28.08,28.08,81.0,32.46,10000.0,0.0,74.0,5.96,9.02,238.0,1008.0,0,803,Clouds,broken clouds,04n
2025-07-28 23:48:27,Kien Giang-Rach Gia,Rach Gia,28.08,28.08,28.08,81.0,32.46,10000.0,0.0,74.0,5.96,9.02,238.0,1008.0,0,803,Clouds,broken clouds,04n
2025-07-28 23:52:15,Kien Giang-Rach Gia,Rach Gia,28.08,28.08,28.08,81.0,32.46,10000.0,0.0,74.0,5.96,9.02,238.0,1008.0,0,803,Clouds,broken clouds,04n
2025-07-28 23:56:04,Kien Giang-Rach Gia,Rach Gia,28.08,28.08,28.08,81.0,32.46,10000.0,0.0,74.0,5.96,9.02,238.0,1008.0,0,803,Clouds,broken clouds,04n
2025-07-28 23:59:50,Kien Giang-Rach Gia,Rach Gia,28.08,28.08,28.08,81.0,32.46,10000.0,0.0,74.0,5.96,9.02,238.0,1008.0,0,803,Clouds,broken clouds,04n
2025-07-29 00:03:35,Kien Giang-Rach Gia,Rach Gia,28.06,28.06,28.06,82.0,32.57,10000.0,0.0,74.0,5.96,9.02,238.0,1008.0,0,803,Clouds,broken clouds,04n
2025-07-29 00:07:22,Kien Giang-Rach Gia,Rach Gia,28.06,28.06,28.06,82.0,32.57,10000.0,0.0,74.0,5.96,9.02,238.0,1008.0,0,803,Clouds,broken clouds,04n
2025-07-29 00:11:09,Kien Giang-Rach Gia,Rach Gia,28.06,28.06,28.06,82.0,32.57,10000.0,0.0,74.0,5.96,9.02,238.0,1008.0,0,803,Clouds,broken clouds,04n
2025-07-29 00:14:55,Kien Giang-Rach Gia,Rach Gia,28.06,28.06,28.06,82.0,32.57,10000.0,0.0,74.0,5.96,9.02,238.0,1008.0,0,803,Clouds,broken clouds,04n
2025-07-29 00:18:41,Kien Giang-Rach Gia,Rach Gia,28.06,28.06,28.06,82.0,32.57,10000.0,0.0,74.0,5.96,9.02,238.0,1008.0,0,803,Clouds,broken clouds,04n
2025-07-29 00:22:27,Kien Giang-Rach Gia,Rach Gia,28.06,28.06,28.06,82.0,32.57,10000.0,0.0,74.0,5.96,9.02,238.0,1008.0,0,803,Clouds,broken clouds,04n
2025-07-29 00:26:13,Kien Giang-Rach Gia,Rach Gia,28.06,28.06,28.06,82.0,32.57,10000.0,0.0,74.0,5.96,9.02,238.0,1008.0,0,803,Clouds,broken clouds,04n
2025-07-29 00:29:59,Kien Giang-Rach Gia,Rach Gia,28.06,28.06,28.06,82.0,32.57,10000.0,0.0,74.0,5.96,9.02,238.0,1008.0,0,803,Clouds,broken clouds,04n
2025-07-29 00:33:45,Kien Giang-Rach Gia,Rach Gia,28.19,28.19,28.19,81.0,32.75,10000.0,0.0,64.0,5.84,9.92,240.0,1007.0,0,803,Clouds,broken clouds,04n
2025-07-29 00:37:31,Kien Giang-Rach Gia,Rach Gia,28.19,28.19,28.19,81.0,32.75,10000.0,0.0,64.0,5.84,9.92,240.0,1007.0,0,803,Clouds,broken clouds,04n
2025-07-29 00:41:17,Kien Giang-Rach Gia,Rach Gia,28.19,28.19,28.19,81.0,32.75,10000.0,0.0,64.0,5.84,9.92,240.0,1007.0,0,803,Clouds,broken clouds,04n
2025-07-29 00:45:03,Kien Giang-Rach Gia,Rach Gia,28.19,28.19,28.19,81.0,32.75,10000.0,0.0,64.0,5.84,9.92,240.0,1007.0,0,803,Clouds,broken clouds,04n
2025-07-29 00:48:50,Kien Giang-Rach Gia,Rach Gia,28.19,28.19,28.19,81.0,32.75,10000.0,0.0,64.0,5.84,9.92,240.0,1007.0,0,803,Clouds,broken clouds,04n
2025-07-29 00:52:36,Kien Giang-Rach Gia,Rach Gia,28.19,28.19,28.19,81.0,32.75,10000.0,0.0,80.0,6.0,9.82,239.0,1007.0,0,803,Clouds,broken clouds,04n
2025-07-29 00:56:22,Kien Giang-Rach Gia,Rach Gia,28.19,28.19,28.19,81.0,32.75,10000.0,0.0,80.0,6.0,9.82,239.0,1007.0,0,803,Clouds,broken clouds,04n
2025-07-29 01:00:09,Kien Giang-Rach Gia,Rach Gia,28.19,28.19,28.19,81.0,32.75,10000.0,0.0,80.0,6.0,9.82,239.0,1007.0,0,803,Clouds,broken clouds,04n
2025-07-29 01:03:55,Kien Giang-Rach Gia,Rach Gia,28.19,28.19,28.19,81.0,32.75,10000.0,0.0,80.0,6.0,9.82,239.0,1007.0,0,803,Clouds,broken clouds,04n
2025-07-29 01:07:41,Kien Giang-Rach Gia,Rach Gia,28.19,28.19,28.19,81.0,32.75,10000.0,0.0,80.0,6.0,9.82,239.0,1007.0,0,803,Clouds,broken clouds,04n
2025-07-29 01:11:27,Kien Giang-Rach Gia,Rach Gia,28.19,28.19,28.19,81.0,32.75,10000.0,0.0,80.0,6.0,9.82,239.0,1007.0,0,803,Clouds,broken clouds,04n
2025-07-29 01:15:13,Kien Giang-Rach Gia,Rach Gia,28.19,28.19,28.19,81.0,32.75,10000.0,0.0,80.0,6.0,9.82,239.0,1007.0,0,803,Clouds,broken clouds,04n
2025-07-29 01:18:59,Kien Giang-Rach Gia,Rach Gia,28.19,28.19,28.19,81.0,32.75,10000.0,0.0,80.0,6.0,9.82,239.0,1007.0,0,803,Clouds,broken clouds,04n
2025-07-29 01:22:45,Kien Giang-Rach Gia,Rach Gia,28.19,28.19,28.19,81.0,32.75,10000.0,0.0,80.0,6.0,9.82,239.0,1007.0,0,803,Clouds,broken clouds,04n
2025-07-29 01:26:31,Kien Giang-Rach Gia,Rach Gia,28.19,28.19,28.19,81.0,32.75,10000.0,0.0,80.0,6.0,9.82,239.0,1007.0,0,803,Clouds,broken clouds,04n
2025-07-29 01:30:16,Kien Giang-Rach Gia,Rach Gia,28.19,28.19,28.19,81.0,32.75,10000.0,0.0,80.0,6.0,9.82,239.0,1007.0,0,803,Clouds,broken clouds,04n
2025-07-29 01:34:03,Kien Giang-Rach Gia,Rach Gia,28.34,28.34,28.34,80.0,32.97,10000.0,0.0,22.0,6.11,10.36,244.0,1007.0,0,801,Clouds,few clouds,02n
2025-07-29 01:37:49,Kien Giang-Rach Gia,Rach Gia,28.34,28.34,28.34,80.0,32.97,10000.0,0.0,22.0,6.11,10.36,244.0,1007.0,0,801,Clouds,few clouds,02n
2025-07-29 01:41:35,Kien Giang-Rach Gia,Rach Gia,28.23,28.23,28.23,81.0,32.85,10000.0,0.0,22.0,6.11,10.36,244.0,1006.0,0,801,Clouds,few clouds,02n
2025-07-29 01:45:21,Kien Giang-Rach Gia,Rach Gia,28.23,28.23,28.23,81.0,32.85,10000.0,0.0,22.0,6.11,10.36,244.0,1006.0,0,801,Clouds,few clouds,02n
2025-07-29 01:49:07,Kien Giang-Rach Gia,Rach Gia,28.24,28.24,28.24,81.0,32.88,10000.0,0.0,22.0,6.11,10.36,244.0,1006.0,0,801,Clouds,few clouds,02n
2025-07-29 01:52:53,Kien Giang-Rach Gia,Rach Gia,28.24,28.24,28.24,81.0,32.88,10000.0,0.0,22.0,6.11,10.36,244.0,1006.0,0,801,Clouds,few clouds,02n
2025-07-29 01:56:39,Kien Giang-Rach Gia,Rach Gia,28.24,28.24,28.24,81.0,32.88,10000.0,0.0,22.0,6.11,10.36,244.0,1006.0,0,801,Clouds,few clouds,02n
2025-07-29 02:00:24,Kien Giang-Rach Gia,Rach Gia,28.24,28.24,28.24,81.0,32.88,10000.0,0.0,22.0,6.11,10.36,244.0,1006.0,0,801,Clouds,few clouds,02n
2025-07-29 02:04:10,Kien Giang-Rach Gia,Rach Gia,28.24,28.24,28.24,81.0,32.88,10000.0,0.0,22.0,6.11,10.36,244.0,1006.0,0,801,Clouds,few clouds,02n
2025-07-29 02:07:56,Kien Giang-Rach Gia,Rach Gia,28.22,28.22,28.22,81.0,32.82,10000.0,0.0,22.0,6.11,10.36,244.0,1006.0,0,801,Clouds,few clouds,02n
2025-07-29 02:11:44,Kien Giang-Rach Gia,Rach Gia,28.22,28.22,28.22,81.0,32.82,10000.0,0.0,22.0,6.11,10.36,244.0,1006.0,0,801,Clouds,few clouds,02n
2025-07-29 02:15:31,Kien Giang-Rach Gia,Rach Gia,28.22,28.22,28.22,81.0,32.82,10000.0,0.0,22.0,6.11,10.36,244.0,1006.0,0,801,Clouds,few clouds,02n
2025-07-29 02:19:17,Kien Giang-Rach Gia,Rach Gia,28.22,28.22,28.22,81.0,32.82,10000.0,0.0,22.0,6.11,10.36,244.0,1006.0,0,801,Clouds,few clouds,02n
2025-07-29 02:23:03,Kien Giang-Rach Gia,Rach Gia,28.22,28.22,28.22,81.0,32.82,10000.0,0.0,22.0,6.11,10.36,244.0,1006.0,0,801,Clouds,few clouds,02n
2025-07-29 02:26:49,Kien Giang-Rach Gia,Rach Gia,28.22,28.22,28.22,81.0,32.82,10000.0,0.0,22.0,6.11,10.36,244.0,1006.0,0,801,Clouds,few clouds,02n
2025-07-29 02:30:37,Kien Giang-Rach Gia,Rach Gia,28.23,28.23,28.23,81.0,32.85,10000.0,0.0,16.0,5.89,10.23,249.0,1006.0,0,801,Clouds,few clouds,02n
2025-07-29 02:34:25,Kien Giang-Rach Gia,Rach Gia,28.23,28.23,28.23,81.0,32.85,10000.0,0.0,16.0,5.89,10.23,249.0,1006.0,0,801,Clouds,few clouds,02n
2025-07-29 02:38:11,Kien Giang-Rach Gia,Rach Gia,28.23,28.23,28.23,81.0,32.85,10000.0,0.0,16.0,5.89,10.23,249.0,1006.0,0,801,Clouds,few clouds,02n
2025-07-29 02:41:57,Kien Giang-Rach Gia,Rach Gia,28.23,28.23,28.23,81.0,32.85,10000.0,0.0,16.0,5.89,10.23,249.0,1006.0,0,801,Clouds,few clouds,02n
2025-07-29 02:45:42,Kien Giang-Rach Gia,Rach Gia,28.23,28.23,28.23,81.0,32.85,10000.0,0.0,16.0,5.89,10.23,249.0,1006.0,0,801,Clouds,few clouds,02n
2025-07-29 02:49:29,Kien Giang-Rach Gia,Rach Gia,28.24,28.24,28.24,81.0,32.88,10000.0,0.0,16.0,5.89,10.23,249.0,1006.0,0,801,Clouds,few clouds,02n
2025-07-29 02:53:18,Kien Giang-Rach Gia,Rach Gia,28.24,28.24,28.24,81.0,32.88,10000.0,0.0,16.0,5.89,10.23,249.0,1006.0,0,801,Clouds,few clouds,02n
2025-07-29 02:57:06,Kien Giang-Rach Gia,Rach Gia,28.24,28.24,28.24,81.0,32.88,10000.0,0.0,16.0,5.89,10.23,249.0,1006.0,0,801,Clouds,few clouds,02n
2025-07-29 03:00:52,Kien Giang-Rach Gia,Rach Gia,28.24,28.24,28.24,81.0,32.88,10000.0,0.0,16.0,5.89,10.23,249.0,1006.0,0,801,Clouds,few clouds,02n
2025-07-29 03:04:38,Kien Giang-Rach Gia,Rach Gia,28.22,28.22,28.22,81.0,32.82,10000.0,0.0,16.0,5.89,10.23,249.0,1006.0,0,801,Clouds,few clouds,02n
2025-07-29 03:08:23,Kien Giang-Rach Gia,Rach Gia,28.22,28.22,28.22,81.0,32.82,10000.0,0.0,16.0,5.89,10.23,249.0,1006.0,0,801,Clouds,few clouds,02n
2025-07-29 03:12:12,Kien Giang-Rach Gia,Rach Gia,28.22,28.22,28.22,81.0,32.82,10000.0,0.0,16.0,5.89,10.23,249.0,1006.0,0,801,Clouds,few clouds,02n
2025-07-29 03:15:58,Kien Giang-Rach Gia,Rach Gia,28.22,28.22,28.22,81.0,32.82,10000.0,0.0,16.0,5.89,10.23,249.0,1006.0,0,801,Clouds,few clouds,02n
2025-07-29 03:19:44,Kien Giang-Rach Gia,Rach Gia,28.22,28.22,28.22,81.0,32.82,10000.0,0.0,16.0,5.89,10.23,249.0,1006.0,0,801,Clouds,few clouds,02n
2025-07-29 03:23:30,Kien Giang-Rach Gia,Rach Gia,28.22,28.22,28.22,81.0,32.82,10000.0,0.0,16.0,5.89,10.23,249.0,1006.0,0,801,Clouds,few clouds,02n
2025-07-29 03:27:15,Kien Giang-Rach Gia,Rach Gia,28.22,28.22,28.22,81.0,32.82,10000.0,0.0,16.0,5.89,10.23,249.0,1006.0,0,801,Clouds,few clouds,02n
2025-07-29 03:31:08,Kien Giang-Rach Gia,Rach Gia,28.02,28.02,28.02,82.0,32.46,10000.0,0.0,14.0,5.9,10.12,251.0,1006.0,0,801,Clouds,few clouds,02n
2025-07-29 03:34:55,Kien Giang-Rach Gia,Rach Gia,28.02,28.02,28.02,82.0,32.46,10000.0,0.0,14.0,5.9,10.12,251.0,1006.0,0,801,Clouds,few clouds,02n
2025-07-29 03:38:41,Kien Giang-Rach Gia,Rach Gia,28.02,28.02,28.02,82.0,32.46,10000.0,0.0,14.0,5.9,10.12,251.0,1006.0,0,801,Clouds,few clouds,02n
2025-07-29 03:42:26,Kien Giang-Rach Gia,Rach Gia,28.02,28.02,28.02,82.0,32.46,10000.0,0.0,14.0,5.9,10.12,251.0,1006.0,0,801,Clouds,few clouds,02n
2025-07-29 03:46:12,Kien Giang-Rach Gia,Rach Gia,28.02,28.02,28.02,82.0,32.46,10000.0,0.0,14.0,5.9,10.12,251.0,1006.0,0,801,Clouds,few clouds,02n
2025-07-29 03:49:58,Kien Giang-Rach Gia,Rach Gia,28.02,28.02,28.02,82.0,32.46,10000.0,0.0,14.0,5.9,10.12,251.0,1006.0,0,801,Clouds,few clouds,02n
2025-07-29 03:53:44,Kien Giang-Rach Gia,Rach Gia,28.02,28.02,28.02,82.0,32.46,10000.0,0.0,14.0,5.9,10.12,251.0,1006.0,0,801,Clouds,few clouds,02n
2025-07-29 03:57:30,Kien Giang-Rach Gia,Rach Gia,28.02,28.02,28.02,82.0,32.46,10000.0,0.0,14.0,5.9,10.12,251.0,1006.0,0,801,Clouds,few clouds,02n
2025-07-29 04:01:15,Kien Giang-Rach Gia,Rach Gia,28.02,28.02,28.02,82.0,32.46,10000.0,0.0,14.0,5.9,10.12,251.0,1006.0,0,801,Clouds,few clouds,02n
2025-07-29 04:05:01,Kien Giang-Rach Gia,Rach Gia,28.01,28.01,28.01,82.0,32.44,10000.0,0.0,14.0,5.9,10.12,251.0,1006.0,0,801,Clouds,few clouds,02n
2025-07-29 04:08:47,Kien Giang-Rach Gia,Rach Gia,28.01,28.01,28.01,82.0,32.44,10000.0,0.0,14.0,5.9,10.12,251.0,1006.0,0,801,Clouds,few clouds,02n
2025-07-29 04:12:32,Kien Giang-Rach Gia,Rach Gia,28.01,28.01,28.01,82.0,32.44,10000.0,0.0,14.0,5.9,10.12,251.0,1006.0,0,801,Clouds,few clouds,02n
2025-07-29 04:16:19,Kien Giang-Rach Gia,Rach Gia,28.01,28.01,28.01,82.0,32.44,10000.0,0.0,14.0,5.9,10.12,251.0,1006.0,0,801,Clouds,few clouds,02n
2025-07-29 04:20:06,Kien Giang-Rach Gia,Rach Gia,28.01,28.01,28.01,82.0,32.44,10000.0,0.0,14.0,5.9,10.12,251.0,1006.0,0,801,Clouds,few clouds,02n
2025-07-29 04:23:51,Kien Giang-Rach Gia,Rach Gia,28.01,28.01,28.01,82.0,32.44,10000.0,0.0,14.0,5.9,10.12,251.0,1006.0,0,801,Clouds,few clouds,02n
2025-07-29 04:27:38,Kien Giang-Rach Gia,Rach Gia,28.01,28.01,28.01,82.0,32.44,10000.0,0.0,14.0,5.9,10.12,251.0,1006.0,0,801,Clouds,few clouds,02n
2025-07-29 04:31:31,Kien Giang-Rach Gia,Rach Gia,28.22,28.22,28.22,79.0,32.49,10000.0,0.0,14.0,6.55,10.38,255.0,1006.0,0,801,Clouds,few clouds,02n
2025-07-29 04:35:22,Kien Giang-Rach Gia,Rach Gia,28.22,28.22,28.22,79.0,32.49,10000.0,0.0,14.0,6.55,10.38,255.0,1006.0,0,801,Clouds,few clouds,02n
2025-07-29 04:39:09,Kien Giang-Rach Gia,Rach Gia,28.22,28.22,28.22,79.0,32.49,10000.0,0.0,14.0,6.55,10.38,255.0,1006.0,0,801,Clouds,few clouds,02n
2025-07-29 04:42:55,Kien Giang-Rach Gia,Rach Gia,28.22,28.22,28.22,79.0,32.49,10000.0,0.0,14.0,6.55,10.38,255.0,1006.0,0,801,Clouds,few clouds,02n
2025-07-29 04:46:41,Kien Giang-Rach Gia,Rach Gia,28.22,28.22,28.22,79.0,32.49,10000.0,0.0,14.0,6.55,10.38,255.0,1006.0,0,801,Clouds,few clouds,02n
2025-07-29 04:50:26,Kien Giang-Rach Gia,Rach Gia,28.22,28.22,28.22,79.0,32.49,10000.0,0.0,14.0,6.55,10.38,255.0,1006.0,0,801,Clouds,few clouds,02n
2025-07-29 04:54:12,Kien Giang-Rach Gia,Rach Gia,28.23,28.23,28.23,79.0,32.51,10000.0,0.0,14.0,6.55,10.38,255.0,1006.0,0,801,Clouds,few clouds,02n
2025-07-29 04:57:58,Kien Giang-Rach Gia,Rach Gia,28.23,28.23,28.23,79.0,32.51,10000.0,0.0,14.0,6.55,10.38,255.0,1006.0,0,801,Clouds,few clouds,02n
2025-07-29 05:01:44,Kien Giang-Rach Gia,Rach Gia,28.23,28.23,28.23,79.0,32.51,10000.0,0.0,14.0,6.55,10.38,255.0,1006.0,0,801,Clouds,few clouds,02n
2025-07-29 05:05:31,Kien Giang-Rach Gia,Rach Gia,28.21,28.21,28.21,80.0,32.63,10000.0,0.0,14.0,6.55,10.38,255.0,1006.0,0,801,Clouds,few clouds,02n
2025-07-29 05:09:20,Kien Giang-Rach Gia,Rach Gia,28.21,28.21,28.21,80.0,32.63,10000.0,0.0,14.0,6.55,10.38,255.0,1006.0,0,801,Clouds,few clouds,02n
2025-07-29 05:13:07,Kien Giang-Rach Gia,Rach Gia,28.21,28.21,28.21,80.0,32.63,10000.0,0.0,14.0,6.55,10.38,255.0,1006.0,0,801,Clouds,few clouds,02n
2025-07-29 05:16:53,Kien Giang-Rach Gia,Rach Gia,28.21,28.21,28.21,80.0,32.63,10000.0,0.0,14.0,6.55,10.38,255.0,1006.0,0,801,Clouds,few clouds,02n
2025-07-29 05:20:39,Kien Giang-Rach Gia,Rach Gia,28.21,28.21,28.21,80.0,32.63,10000.0,0.0,14.0,6.55,10.38,255.0,1006.0,0,801,Clouds,few clouds,02n
2025-07-29 05:24:25,Kien Giang-Rach Gia,Rach Gia,28.21,28.21,28.21,80.0,32.63,10000.0,0.0,14.0,6.55,10.38,255.0,1006.0,0,801,Clouds,few clouds,02n
2025-07-29 05:28:11,Kien Giang-Rach Gia,Rach Gia,28.21,28.21,28.21,80.0,32.63,10000.0,0.0,14.0,6.55,10.38,255.0,1006.0,0,801,Clouds,few clouds,02n
2025-07-29 05:31:58,Kien Giang-Rach Gia,Rach Gia,28.3,28.3,28.3,78.0,32.52,10000.0,0.24,16.0,7.2,10.5,255.0,1007.0,0,500,Rain,light rain,10n
2025-07-29 05:35:45,Kien Giang-Rach Gia,Rach Gia,28.3,28.3,28.3,78.0,32.52,10000.0,0.24,16.0,7.2,10.5,255.0,1007.0,0,500,Rain,light rain,10n
2025-07-29 05:39:31,Kien Giang-Rach Gia,Rach Gia,28.3,28.3,28.3,78.0,32.52,10000.0,0.24,16.0,7.2,10.5,255.0,1007.0,0,500,Rain,light rain,10n
2025-07-29 05:43:17,Kien Giang-Rach Gia,Rach Gia,28.3,28.3,28.3,78.0,32.52,10000.0,0.0,16.0,7.2,10.5,255.0,1007.0,0,801,Clouds,few clouds,02n
2025-07-29 05:47:03,Kien Giang-Rach Gia,Rach Gia,28.3,28.3,28.3,78.0,32.52,10000.0,0.0,16.0,7.2,10.5,255.0,1007.0,0,801,Clouds,few clouds,02n
2025-07-29 05:50:54,Kien Giang-Rach Gia,Rach Gia,28.3,28.3,28.3,78.0,32.52,10000.0,0.0,16.0,7.2,10.5,255.0,1007.0,1,801,Clouds,few clouds,02d
2025-07-29 05:54:43,Kien Giang-Rach Gia,Rach Gia,28.3,28.3,28.3,78.0,32.52,10000.0,0.0,16.0,7.2,10.5,255.0,1007.0,1,801,Clouds,few clouds,02d
2025-07-29 05:58:29,Kien Giang-Rach Gia,Rach Gia,28.3,28.3,28.3,78.0,32.52,10000.0,0.0,16.0,7.2,10.5,255.0,1007.0,1,801,Clouds,few clouds,02d
2025-07-29 06:02:15,Kien Giang-Rach Gia,Rach Gia,28.3,28.3,28.3,78.0,32.52,10000.0,0.0,16.0,7.2,10.5,255.0,1007.0,1,801,Clouds,few clouds,02d
2025-07-29 06:06:00,Kien Giang-Rach Gia,Rach Gia,28.3,28.3,28.3,78.0,32.52,10000.0,0.0,16.0,7.2,10.5,255.0,1007.0,1,801,Clouds,few clouds,02d
2025-07-29 06:09:46,Kien Giang-Rach Gia,Rach Gia,28.28,28.28,28.28,78.0,32.47,10000.0,0.0,16.0,7.2,10.5,255.0,1007.0,1,801,Clouds,few clouds,02d
2025-07-29 06:13:32,Kien Giang-Rach Gia,Rach Gia,28.28,28.28,28.28,78.0,32.47,10000.0,0.0,16.0,7.2,10.5,255.0,1007.0,1,801,Clouds,few clouds,02d
2025-07-29 06:17:19,Kien Giang-Rach Gia,Rach Gia,28.28,28.28,28.28,78.0,32.47,10000.0,0.0,16.0,7.2,10.5,255.0,1007.0,1,801,Clouds,few clouds,02d
2025-07-29 06:21:04,Kien Giang-Rach Gia,Rach Gia,28.28,28.28,28.28,78.0,32.47,10000.0,0.0,16.0,7.2,10.5,255.0,1007.0,1,801,Clouds,few clouds,02d
2025-07-29 06:24:50,Kien Giang-Rach Gia,Rach Gia,28.28,28.28,28.28,78.0,32.47,10000.0,0.0,16.0,7.2,10.5,255.0,1007.0,1,801,Clouds,few clouds,02d
2025-07-29 06:28:36,Kien Giang-Rach Gia,Rach Gia,28.28,28.28,28.28,78.0,32.47,10000.0,0.0,16.0,7.2,10.5,255.0,1007.0,1,801,Clouds,few clouds,02d
2025-07-29 06:32:22,Kien Giang-Rach Gia,Rach Gia,28.52,28.52,28.52,78.0,33.07,10000.0,0.0,28.0,8.04,10.56,257.0,1007.0,1,802,Clouds,scattered clouds,03d
2025-07-29 06:36:09,Kien Giang-Rach Gia,Rach Gia,28.52,28.52,28.52,78.0,33.07,10000.0,0.0,28.0,8.04,10.56,257.0,1007.0,1,802,Clouds,scattered clouds,03d
2025-07-29 06:39:55,Kien Giang-Rach Gia,Rach Gia,28.52,28.52,28.52,78.0,33.07,10000.0,0.0,28.0,8.04,10.56,257.0,1007.0,1,802,Clouds,scattered clouds,03d
2025-07-29 06:43:41,Kien Giang-Rach Gia,Rach Gia,28.52,28.52,28.52,78.0,33.07,10000.0,0.0,68.0,7.2,9.69,245.0,1007.0,1,803,Clouds,broken clouds,04d
2025-07-29 06:47:27,Kien Giang-Rach Gia,Rach Gia,28.52,28.52,28.52,78.0,33.07,10000.0,0.0,68.0,7.2,9.69,245.0,1007.0,1,803,Clouds,broken clouds,04d
2025-07-29 06:51:16,Kien Giang-Rach Gia,Rach Gia,28.52,28.52,28.52,78.0,33.07,10000.0,0.0,68.0,7.2,9.69,245.0,1007.0,1,803,Clouds,broken clouds,04d
2025-07-29 06:55:08,Kien Giang-Rach Gia,Rach Gia,28.52,28.52,28.52,78.0,33.07,10000.0,0.12,68.0,7.2,9.69,245.0,1007.0,1,500,Rain,light rain,10d
2025-07-29 06:58:56,Kien Giang-Rach Gia,Rach Gia,28.52,28.52,28.52,78.0,33.07,10000.0,0.0,68.0,7.2,9.69,245.0,1007.0,1,803,Clouds,broken clouds,04d
2025-07-29 07:02:42,Kien Giang-Rach Gia,Rach Gia,28.52,28.52,28.52,78.0,33.07,10000.0,0.12,68.0,7.2,9.69,245.0,1007.0,1,500,Rain,light rain,10d
2025-07-29 07:06:32,Kien Giang-Rach Gia,Rach Gia,28.52,28.52,28.52,78.0,33.07,10000.0,0.0,68.0,7.2,9.69,245.0,1007.0,1,803,Clouds,broken clouds,04d
2025-07-29 07:10:19,Kien Giang-Rach Gia,Rach Gia,28.52,28.52,28.52,78.0,33.07,10000.0,0.0,68.0,7.2,9.69,245.0,1007.0,1,803,Clouds,broken clouds,04d
2025-07-29 07:14:10,Kien Giang-Rach Gia,Rach Gia,28.52,28.52,28.52,78.0,33.07,10000.0,0.12,68.0,7.2,9.69,245.0,1007.0,1,500,Rain,light rain,10d
2025-07-29 07:17:57,Kien Giang-Rach Gia,Rach Gia,28.52,28.52,28.52,78.0,33.07,10000.0,0.12,68.0,7.2,9.69,245.0,1007.0,1,500,Rain,light rain,10d
2025-07-29 07:21:43,Kien Giang-Rach Gia,Rach Gia,28.52,28.52,28.52,78.0,33.07,10000.0,0.0,68.0,7.2,9.69,245.0,1007.0,1,803,Clouds,broken clouds,04d
2025-07-29 07:25:30,Kien Giang-Rach Gia,Rach Gia,28.52,28.52,28.52,78.0,33.07,10000.0,0.0,68.0,7.2,9.69,245.0,1007.0,1,803,Clouds,broken clouds,04d
2025-07-29 07:29:15,Kien Giang-Rach Gia,Rach Gia,28.52,28.52,28.52,78.0,33.07,10000.0,0.0,68.0,7.2,9.69,245.0,1007.0,1,803,Clouds,broken clouds,04d
2025-07-29 07:33:02,Kien Giang-Rach Gia,Rach Gia,28.7,28.7,28.7,76.0,33.15,10000.0,0.0,98.0,7.07,8.87,240.0,1008.0,1,804,Clouds,overcast clouds,04d
2025-07-29 07:36:49,Kien Giang-Rach Gia,Rach Gia,28.7,28.7,28.7,76.0,33.15,10000.0,0.0,98.0,7.07,8.87,240.0,1008.0,1,804,Clouds,overcast clouds,04d
2025-07-29 07:40:35,Kien Giang-Rach Gia,Rach Gia,28.7,28.7,28.7,76.0,33.15,10000.0,0.0,98.0,7.07,8.87,240.0,1008.0,1,804,Clouds,overcast clouds,04d
2025-07-29 07:44:21,Kien Giang-Rach Gia,Rach Gia,28.7,28.7,28.7,76.0,33.15,10000.0,0.0,98.0,7.07,8.87,240.0,1008.0,1,804,Clouds,overcast clouds,04d
2025-07-29 07:48:07,Kien Giang-Rach Gia,Rach Gia,28.7,28.7,28.7,76.0,33.15,10000.0,0.0,98.0,7.07,8.87,240.0,1008.0,1,804,Clouds,overcast clouds,04d
2025-07-29 07:51:53,Kien Giang-Rach Gia,Rach Gia,28.7,28.7,28.7,76.0,33.15,10000.0,0.0,98.0,7.07,8.87,240.0,1008.0,1,804,Clouds,overcast clouds,04d
2025-07-29 07:55:39,Kien Giang-Rach Gia,Rach Gia,28.7,28.7,28.7,76.0,33.15,10000.0,0.0,98.0,7.07,8.87,240.0,1008.0,1,804,Clouds,overcast clouds,04d
2025-07-29 07:59:25,Kien Giang-Rach Gia,Rach Gia,28.7,28.7,28.7,76.0,33.15,10000.0,0.0,98.0,7.07,8.87,240.0,1008.0,1,804,Clouds,overcast clouds,04d
2025-07-29 08:03:11,Kien Giang-Rach Gia,Rach Gia,28.76,28.76,28.76,76.0,33.3,10000.0,0.0,98.0,7.07,8.87,240.0,1008.0,1,804,Clouds,overcast clouds,04d
2025-07-29 08:06:57,Kien Giang-Rach Gia,Rach Gia,28.76,28.76,28.76,76.0,33.3,10000.0,0.0,98.0,7.07,8.87,240.0,1008.0,1,804,Clouds,overcast clouds,04d
2025-07-29 08:10:43,Kien Giang-Rach Gia,Rach Gia,28.76,28.76,28.76,76.0,33.3,10000.0,0.0,98.0,7.07,8.87,240.0,1008.0,1,804,Clouds,overcast clouds,04d
2025-07-29 08:14:28,Kien Giang-Rach Gia,Rach Gia,28.76,28.76,28.76,76.0,33.3,10000.0,0.0,98.0,7.07,8.87,240.0,1008.0,1,804,Clouds,overcast clouds,04d
2025-07-29 08:18:14,Kien Giang-Rach Gia,Rach Gia,28.76,28.76,28.76,76.0,33.3,10000.0,0.0,98.0,7.07,8.87,240.0,1008.0,1,804,Clouds,overcast clouds,04d
2025-07-29 08:22:00,Kien Giang-Rach Gia,Rach Gia,28.76,28.76,28.76,76.0,33.3,10000.0,0.0,98.0,7.07,8.87,240.0,1008.0,1,804,Clouds,overcast clouds,04d
2025-07-29 08:25:46,Kien Giang-Rach Gia,Rach Gia,28.76,28.76,28.76,76.0,33.3,10000.0,0.0,98.0,7.07,8.87,240.0,1008.0,1,804,Clouds,overcast clouds,04d
2025-07-29 08:29:32,Kien Giang-Rach Gia,Rach Gia,28.76,28.76,28.76,76.0,33.3,10000.0,0.0,98.0,7.07,8.87,240.0,1008.0,1,804,Clouds,overcast clouds,04d
2025-07-29 08:33:19,Kien Giang-Rach Gia,Rach Gia,28.76,28.76,28.76,76.0,33.3,10000.0,0.0,98.0,7.07,8.87,240.0,1008.0,1,804,Clouds,overcast clouds,04d
2025-07-29 08:37:05,Kien Giang-Rach Gia,Rach Gia,28.71,28.71,28.71,76.0,33.17,10000.0,0.0,100.0,7.31,9.14,242.0,1009.0,1,804,Clouds,overcast clouds,04d
2025-07-29 08:40:50,Kien Giang-Rach Gia,Rach Gia,28.71,28.71,28.71,76.0,33.17,10000.0,0.0,100.0,7.31,9.14,242.0,1009.0,1,804,Clouds,overcast clouds,04d
2025-07-29 08:44:36,Kien Giang-Rach Gia,Rach Gia,28.71,28.71,28.71,76.0,33.17,10000.0,0.0,100.0,7.31,9.14,242.0,1009.0,1,804,Clouds,overcast clouds,04d
2025-07-29 08:48:22,Kien Giang-Rach Gia,Rach Gia,28.76,28.76,28.76,76.0,33.3,10000.0,0.0,100.0,7.31,9.14,242.0,1009.0,1,804,Clouds,overcast clouds,04d
2025-07-29 08:52:08,Kien Giang-Rach Gia,Rach Gia,28.76,28.76,28.76,76.0,33.3,10000.0,0.0,100.0,7.31,9.14,242.0,1009.0,1,804,Clouds,overcast clouds,04d
2025-07-29 08:55:54,Kien Giang-Rach Gia,Rach Gia,28.76,28.76,28.76,76.0,33.3,10000.0,0.0,100.0,7.31,9.14,242.0,1009.0,1,804,Clouds,overcast clouds,04d
2025-07-29 08:59:40,Kien Giang-Rach Gia,Rach Gia,28.76,28.76,28.76,76.0,33.3,10000.0,0.0,100.0,7.31,9.14,242.0,1009.0,1,804,Clouds,overcast clouds,04d
2025-07-29 09:03:26,Kien Giang-Rach Gia,Rach Gia,28.78,28.78,28.78,76.0,33.35,10000.0,0.0,100.0,7.31,9.14,242.0,1009.0,1,804,Clouds,overcast clouds,04d
2025-07-29 09:07:12,Kien Giang-Rach Gia,Rach Gia,28.76,28.76,28.76,76.0,33.3,10000.0,0.0,100.0,7.31,9.14,242.0,1009.0,1,804,Clouds,overcast clouds,04d
2025-07-29 09:10:58,Kien Giang-Rach Gia,Rach Gia,28.78,28.78,28.78,76.0,33.35,10000.0,0.0,100.0,7.31,9.14,242.0,1009.0,1,804,Clouds,overcast clouds,04d
2025-07-29 09:14:43,Kien Giang-Rach Gia,Rach Gia,28.78,28.78,28.78,76.0,33.35,10000.0,0.0,100.0,7.31,9.14,242.0,1009.0,1,804,Clouds,overcast clouds,04d
2025-07-29 09:18:29,Kien Giang-Rach Gia,Rach Gia,28.78,28.78,28.78,76.0,33.35,10000.0,0.0,100.0,7.31,9.14,242.0,1009.0,1,804,Clouds,overcast clouds,04d
2025-07-29 09:22:15,Kien Giang-Rach Gia,Rach Gia,28.78,28.78,28.78,76.0,33.35,10000.0,0.0,100.0,7.31,9.14,242.0,1009.0,1,804,Clouds,overcast clouds,04d
2025-07-29 09:26:01,Kien Giang-Rach Gia,Rach Gia,28.78,28.78,28.78,76.0,33.35,10000.0,0.0,100.0,7.31,9.14,242.0,1009.0,1,804,Clouds,overcast clouds,04d
2025-07-29 09:29:48,Kien Giang-Rach Gia,Rach Gia,28.78,28.78,28.78,76.0,33.35,10000.0,0.0,100.0,7.31,9.14,242.0,1009.0,1,804,Clouds,overcast clouds,04d
2025-07-29 09:33:37,Kien Giang-Rach Gia,Rach Gia,28.78,28.78,28.78,76.0,33.35,10000.0,0.0,100.0,7.31,9.14,242.0,1009.0,1,804,Clouds,overcast clouds,04d
2025-07-29 09:37:28,Kien Giang-Rach Gia,Rach Gia,29.49,29.49,29.49,73.0,34.48,10000.0,0.0,100.0,8.05,9.79,244.0,1009.0,1,804,Clouds,overcast clouds,04d
2025-07-29 09:41:19,Kien Giang-Rach Gia,Rach Gia,29.49,29.49,29.49,73.0,34.48,10000.0,0.0,100.0,8.05,9.79,244.0,1009.0,1,804,Clouds,overcast clouds,04d
2025-07-29 09:45:10,Kien Giang-Rach Gia,Rach Gia,29.49,29.49,29.49,73.0,34.48,10000.0,0.0,100.0,8.05,9.79,244.0,1009.0,1,804,Clouds,overcast clouds,04d
2025-07-29 09:49:00,Kien Giang-Rach Gia,Rach Gia,29.49,29.49,29.49,73.0,34.48,10000.0,0.0,100.0,8.05,9.79,244.0,1009.0,1,804,Clouds,overcast clouds,04d
2025-07-29 09:52:50,Kien Giang-Rach Gia,Rach Gia,29.48,29.48,29.48,73.0,34.46,10000.0,0.0,100.0,8.05,9.79,244.0,1009.0,1,804,Clouds,overcast clouds,04d
2025-07-29 09:56:41,Kien Giang-Rach Gia,Rach Gia,29.48,29.48,29.48,73.0,34.46,10000.0,0.0,100.0,8.05,9.79,244.0,1009.0,1,804,Clouds,overcast clouds,04d
2025-07-29 10:00:31,Kien Giang-Rach Gia,Rach Gia,29.48,29.48,29.48,73.0,34.46,10000.0,0.0,100.0,8.05,9.79,244.0,1009.0,1,804,Clouds,overcast clouds,04d
2025-07-29 10:04:22,Kien Giang-Rach Gia,Rach Gia,29.5,29.5,29.5,73.0,34.51,10000.0,0.0,100.0,8.05,9.79,244.0,1009.0,1,804,Clouds,overcast clouds,04d
2025-07-29 10:08:13,Kien Giang-Rach Gia,Rach Gia,29.5,29.5,29.5,73.0,34.51,10000.0,0.0,100.0,8.05,9.79,244.0,1009.0,1,804,Clouds,overcast clouds,04d
2025-07-29 10:12:06,Kien Giang-Rach Gia,Rach Gia,29.5,29.5,29.5,73.0,34.51,10000.0,0.0,100.0,8.05,9.79,244.0,1009.0,1,804,Clouds,overcast clouds,04d
2025-07-29 10:15:58,Kien Giang-Rach Gia,Rach Gia,29.5,29.5,29.5,73.0,34.51,10000.0,0.0,100.0,8.05,9.79,244.0,1009.0,1,804,Clouds,overcast clouds,04d
2025-07-29 10:19:49,Kien Giang-Rach Gia,Rach Gia,29.5,29.5,29.5,73.0,34.51,10000.0,0.0,100.0,8.05,9.79,244.0,1009.0,1,804,Clouds,overcast clouds,04d
2025-07-29 10:23:41,Kien Giang-Rach Gia,Rach Gia,29.5,29.5,29.5,73.0,34.51,10000.0,0.0,100.0,8.05,9.79,244.0,1009.0,1,804,Clouds,overcast clouds,04d
2025-07-29 10:27:33,Kien Giang-Rach Gia,Rach Gia,29.5,29.5,29.5,73.0,34.51,10000.0,0.0,100.0,8.05,9.79,244.0,1009.0,1,804,Clouds,overcast clouds,04d
2025-07-29 10:31:25,Kien Giang-Rach Gia,Rach Gia,29.5,29.5,29.5,73.0,34.51,10000.0,0.0,100.0,8.05,9.79,244.0,1009.0,1,804,Clouds,overcast clouds,04d
2025-07-29 10:35:17,Kien Giang-Rach Gia,Rach Gia,29.5,29.5,29.5,73.0,34.51,10000.0,0.0,100.0,8.05,9.79,244.0,1009.0,1,804,Clouds,overcast clouds,04d
2025-07-29 10:39:10,Kien Giang-Rach Gia,Rach Gia,29.85,29.85,29.85,71.0,34.91,10000.0,0.0,87.0,8.31,9.63,242.0,1008.0,1,804,Clouds,overcast clouds,04d
2025-07-29 10:43:02,Kien Giang-Rach Gia,Rach Gia,29.85,29.85,29.85,71.0,34.91,10000.0,0.0,87.0,8.31,9.63,242.0,1008.0,1,804,Clouds,overcast clouds,04d
2025-07-29 10:46:55,Kien Giang-Rach Gia,Rach Gia,29.85,29.85,29.85,71.0,34.91,10000.0,0.0,87.0,8.31,9.63,242.0,1008.0,1,804,Clouds,overcast clouds,04d
2025-07-29 10:50:47,Kien Giang-Rach Gia,Rach Gia,29.85,29.85,29.85,71.0,34.91,10000.0,0.0,87.0,8.31,9.63,242.0,1008.0,1,804,Clouds,overcast clouds,04d
2025-07-29 10:54:38,Kien Giang-Rach Gia,Rach Gia,29.85,29.85,29.85,71.0,34.91,10000.0,0.0,87.0,8.31,9.63,242.0,1008.0,1,804,Clouds,overcast clouds,04d
2025-07-29 10:58:29,Kien Giang-Rach Gia,Rach Gia,29.85,29.85,29.85,71.0,34.91,10000.0,0.0,87.0,8.31,9.63,242.0,1008.0,1,804,Clouds,overcast clouds,04d
2025-07-29 11:02:20,Kien Giang-Rach Gia,Rach Gia,29.87,29.87,29.87,72.0,35.2,10000.0,0.0,87.0,8.31,9.63,242.0,1008.0,1,804,Clouds,overcast clouds,04d
2025-07-29 11:06:11,Kien Giang-Rach Gia,Rach Gia,29.87,29.87,29.87,72.0,35.2,10000.0,0.0,87.0,8.31,9.63,242.0,1008.0,1,804,Clouds,overcast clouds,04d
2025-07-29 11:10:03,Kien Giang-Rach Gia,Rach Gia,29.87,29.87,29.87,72.0,35.2,10000.0,0.0,87.0,8.31,9.63,242.0,1008.0,1,804,Clouds,overcast clouds,04d
2025-07-29 11:13:54,Kien Giang-Rach Gia,Rach Gia,29.87,29.87,29.87,72.0,35.2,10000.0,0.0,87.0,8.31,9.63,242.0,1008.0,1,804,Clouds,overcast clouds,04d
2025-07-29 11:17:44,Kien Giang-Rach Gia,Rach Gia,29.87,29.87,29.87,72.0,35.2,10000.0,0.0,87.0,8.31,9.63,242.0,1008.0,1,804,Clouds,overcast clouds,04d
2025-07-29 11:21:35,Kien Giang-Rach Gia,Rach Gia,29.87,29.87,29.87,72.0,35.2,10000.0,0.0,87.0,8.31,9.63,242.0,1008.0,1,804,Clouds,overcast clouds,04d
2025-07-29 11:25:26,Kien Giang-Rach Gia,Rach Gia,29.87,29.87,29.87,72.0,35.2,10000.0,0.0,87.0,8.31,9.63,242.0,1008.0,1,804,Clouds,overcast clouds,04d
2025-07-29 11:29:16,Kien Giang-Rach Gia,Rach Gia,29.87,29.87,29.87,72.0,35.2,10000.0,0.0,87.0,8.31,9.63,242.0,1008.0,1,804,Clouds,overcast clouds,04d
2025-07-29 11:33:08,Kien Giang-Rach Gia,Rach Gia,29.83,29.83,29.83,72.0,35.1,10000.0,0.0,74.0,8.94,10.46,241.0,1008.0,1,803,Clouds,broken clouds,04d
2025-07-29 11:36:58,Kien Giang-Rach Gia,Rach Gia,29.83,29.83,29.83,72.0,35.1,10000.0,0.0,74.0,8.94,10.46,241.0,1008.0,1,803,Clouds,broken clouds,04d
2025-07-29 11:40:49,Kien Giang-Rach Gia,Rach Gia,29.83,29.83,29.83,72.0,35.1,10000.0,0.0,74.0,8.94,10.46,241.0,1008.0,1,803,Clouds,broken clouds,04d
2025-07-29 11:44:39,Kien Giang-Rach Gia,Rach Gia,29.83,29.83,29.83,72.0,35.1,10000.0,0.0,74.0,8.94,10.46,241.0,1008.0,1,803,Clouds,broken clouds,04d
2025-07-29 11:48:29,Kien Giang-Rach Gia,Rach Gia,29.83,29.83,29.83,72.0,35.1,10000.0,0.0,74.0,8.94,10.46,241.0,1008.0,1,803,Clouds,broken clouds,04d
2025-07-29 11:52:20,Kien Giang-Rach Gia,Rach Gia,29.83,29.83,29.83,72.0,35.1,10000.0,0.0,74.0,8.94,10.46,241.0,1008.0,1,803,Clouds,broken clouds,04d
2025-07-29 11:56:11,Kien Giang-Rach Gia,Rach Gia,29.83,29.83,29.83,72.0,35.1,10000.0,0.0,74.0,8.94,10.46,241.0,1008.0,1,803,Clouds,broken clouds,04d
2025-07-29 12:00:03,Kien Giang-Rach Gia,Rach Gia,29.83,29.83,29.83,72.0,35.1,10000.0,0.0,74.0,8.94,10.46,241.0,1008.0,1,803,Clouds,broken clouds,04d
2025-07-29 12:03:54,Kien Giang-Rach Gia,Rach Gia,29.84,29.84,29.84,72.0,35.12,10000.0,0.0,74.0,8.94,10.46,241.0,1008.0,1,803,Clouds,broken clouds,04d
2025-07-29 12:07:44,Kien Giang-Rach Gia,Rach Gia,29.84,29.84,29.84,72.0,35.12,10000.0,0.0,74.0,8.94,10.46,241.0,1008.0,1,803,Clouds,broken clouds,04d
2025-07-29 12:11:35,Kien Giang-Rach Gia,Rach Gia,29.84,29.84,29.84,72.0,35.12,10000.0,0.0,74.0,8.94,10.46,241.0,1008.0,1,803,Clouds,broken clouds,04d
2025-07-29 12:15:27,Kien Giang-Rach Gia,Rach Gia,29.84,29.84,29.84,72.0,35.12,10000.0,0.0,74.0,8.94,10.46,241.0,1008.0,1,803,Clouds,broken clouds,04d
2025-07-29 12:19:17,Kien Giang-Rach Gia,Rach Gia,29.84,29.84,29.84,72.0,35.12,10000.0,0.0,74.0,8.94,10.46,241.0,1008.0,1,803,Clouds,broken clouds,04d
2025-07-29 12:23:09,Kien Giang-Rach Gia,Rach Gia,29.84,29.84,29.84,72.0,35.12,10000.0,0.0,74.0,8.94,10.46,241.0,1008.0,1,803,Clouds,broken clouds,04d
2025-07-29 12:27:00,Kien Giang-Rach Gia,Rach Gia,29.84,29.84,29.84,72.0,35.12,10000.0,0.0,74.0,8.94,10.46,241.0,1008.0,1,803,Clouds,broken clouds,04d
2025-07-29 12:30:51,Kien Giang-Rach Gia,Rach Gia,29.84,29.84,29.84,72.0,35.12,10000.0,0.0,74.0,8.94,10.46,241.0,1008.0,1,803,Clouds,broken clouds,04d
2025-07-29 12:34:42,Kien Giang-Rach Gia,Rach Gia,29.84,29.84,29.84,72.0,35.12,10000.0,0.0,74.0,8.94,10.46,241.0,1008.0,1,803,Clouds,broken clouds,04d
2025-07-29 12:38:33,Kien Giang-Rach Gia,Rach Gia,29.75,29.75,29.75,72.0,34.9,10000.0,0.0,64.0,9.44,11.12,243.0,1007.0,1,803,Clouds,broken clouds,04d
2025-07-29 12:42:24,Kien Giang-Rach Gia,Rach Gia,29.75,29.75,29.75,72.0,34.9,10000.0,0.0,64.0,9.44,11.12,243.0,1007.0,1,803,Clouds,broken clouds,04d
2025-07-29 12:46:15,Kien Giang-Rach Gia,Rach Gia,29.75,29.75,29.75,72.0,34.9,10000.0,0.0,64.0,9.44,11.12,243.0,1007.0,1,803,Clouds,broken clouds,04d
2025-07-29 12:50:07,Kien Giang-Rach Gia,Rach Gia,29.75,29.75,29.75,72.0,34.9,10000.0,0.0,52.0,9.75,11.68,241.0,1007.0,1,803,Clouds,broken clouds,04d
2025-07-29 12:53:58,Kien Giang-Rach Gia,Rach Gia,29.75,29.75,29.75,72.0,34.9,10000.0,0.0,52.0,9.75,11.68,241.0,1007.0,1,803,Clouds,broken clouds,04d
2025-07-29 12:57:48,Kien Giang-Rach Gia,Rach Gia,29.75,29.75,29.75,72.0,34.9,10000.0,0.0,52.0,9.75,11.68,241.0,1007.0,1,803,Clouds,broken clouds,04d
2025-07-29 13:01:39,Kien Giang-Rach Gia,Rach Gia,29.75,29.75,29.75,72.0,34.9,10000.0,0.0,52.0,9.75,11.68,241.0,1007.0,1,803,Clouds,broken clouds,04d
2025-07-29 13:05:30,Kien Giang-Rach Gia,Rach Gia,29.75,29.75,29.75,72.0,34.9,10000.0,0.0,52.0,9.75,11.68,241.0,1007.0,1,803,Clouds,broken clouds,04d
2025-07-29 13:09:22,Kien Giang-Rach Gia,Rach Gia,29.75,29.75,29.75,72.0,34.9,10000.0,0.0,52.0,9.75,11.68,241.0,1007.0,1,803,Clouds,broken clouds,04d
2025-07-29 13:13:13,Kien Giang-Rach Gia,Rach Gia,29.75,29.75,29.75,72.0,34.9,10000.0,0.0,52.0,9.75,11.68,241.0,1007.0,1,803,Clouds,broken clouds,04d
2025-07-29 13:17:04,Kien Giang-Rach Gia,Rach Gia,29.75,29.75,29.75,72.0,34.9,10000.0,0.0,52.0,9.75,11.68,241.0,1007.0,1,803,Clouds,broken clouds,04d
2025-07-29 13:20:55,Kien Giang-Rach Gia,Rach Gia,30.01,30.01,30.01,73.0,35.81,10000.0,0.0,52.0,9.75,11.68,241.0,1007.0,1,803,Clouds,broken clouds,04d
2025-07-29 13:24:46,Kien Giang-Rach Gia,Rach Gia,30.01,30.01,30.01,73.0,35.81,10000.0,0.0,52.0,9.75,11.68,241.0,1007.0,1,803,Clouds,broken clouds,04d
2025-07-29 13:28:36,Kien Giang-Rach Gia,Rach Gia,30.01,30.01,30.01,73.0,35.81,10000.0,0.0,52.0,9.75,11.68,241.0,1007.0,1,803,Clouds,broken clouds,04d
2025-07-29 13:32:28,Kien Giang-Rach Gia,Rach Gia,30.01,30.01,30.01,73.0,35.81,10000.0,0.0,52.0,9.75,11.68,241.0,1007.0,1,803,Clouds,broken clouds,04d
2025-07-29 13:36:19,Kien Giang-Rach Gia,Rach Gia,30.01,30.01,30.01,73.0,35.81,10000.0,0.0,52.0,9.75,11.68,241.0,1007.0,1,803,Clouds,broken clouds,04d
2025-07-29 13:40:10,Kien Giang-Rach Gia,Rach Gia,30.01,30.01,30.01,73.0,35.81,10000.0,0.0,52.0,9.75,11.68,241.0,1007.0,1,803,Clouds,broken clouds,04d
2025-07-29 13:44:01,Kien Giang-Rach Gia,Rach Gia,29.82,29.82,29.82,73.0,35.32,10000.0,0.0,100.0,9.85,11.7,243.0,1006.0,1,804,Clouds,overcast clouds,04d
2025-07-29 13:47:52,Kien Giang-Rach Gia,Rach Gia,29.82,29.82,29.82,73.0,35.32,10000.0,0.0,100.0,9.85,11.7,243.0,1006.0,1,804,Clouds,overcast clouds,04d
2025-07-29 13:51:43,Kien Giang-Rach Gia,Rach Gia,29.82,29.82,29.82,73.0,35.32,10000.0,0.0,100.0,9.85,11.7,243.0,1006.0,1,804,Clouds,overcast clouds,04d
2025-07-29 13:55:34,Kien Giang-Rach Gia,Rach Gia,29.82,29.82,29.82,73.0,35.32,10000.0,0.0,100.0,9.85,11.7,243.0,1006.0,1,804,Clouds,overcast clouds,04d
2025-07-29 13:59:25,Kien Giang-Rach Gia,Rach Gia,29.82,29.82,29.82,73.0,35.32,10000.0,0.0,100.0,9.85,11.7,243.0,1006.0,1,804,Clouds,overcast clouds,04d
2025-07-29 14:03:16,Kien Giang-Rach Gia,Rach Gia,29.86,29.86,29.86,73.0,35.42,10000.0,0.0,100.0,9.85,11.7,243.0,1006.0,1,804,Clouds,overcast clouds,04d
2025-07-29 14:07:07,Kien Giang-Rach Gia,Rach Gia,29.86,29.86,29.86,73.0,35.42,10000.0,0.0,100.0,9.85,11.7,243.0,1006.0,1,804,Clouds,overcast clouds,04d
2025-07-29 14:10:57,Kien Giang-Rach Gia,Rach Gia,29.86,29.86,29.86,73.0,35.42,10000.0,0.0,100.0,9.85,11.7,243.0,1006.0,1,804,Clouds,overcast clouds,04d
2025-07-29 14:14:48,Kien Giang-Rach Gia,Rach Gia,29.86,29.86,29.86,73.0,35.42,10000.0,0.0,100.0,9.85,11.7,243.0,1006.0,1,804,Clouds,overcast clouds,04d
2025-07-29 14:18:38,Kien Giang-Rach Gia,Rach Gia,29.86,29.86,29.86,73.0,35.42,10000.0,0.0,100.0,9.85,11.7,243.0,1006.0,1,804,Clouds,overcast clouds,04d
2025-07-29 14:22:29,Kien Giang-Rach Gia,Rach Gia,29.86,29.86,29.86,73.0,35.42,10000.0,0.0,100.0,9.85,11.7,243.0,1006.0,1,804,Clouds,overcast clouds,04d
2025-07-29 14:26:19,Kien Giang-Rach Gia,Rach Gia,29.86,29.86,29.86,73.0,35.42,10000.0,0.0,100.0,9.85,11.7,243.0,1006.0,1,804,Clouds,overcast clouds,04d
2025-07-29 14:30:10,Kien Giang-Rach Gia,Rach Gia,29.86,29.86,29.86,73.0,35.42,10000.0,0.0,100.0,9.85,11.7,243.0,1006.0,1,804,Clouds,overcast clouds,04d
2025-07-29 14:34:03,Kien Giang-Rach Gia,Rach Gia,29.55,29.55,29.55,73.0,34.63,10000.0,0.0,100.0,9.57,12.2,246.0,1006.0,1,804,Clouds,overcast clouds,04d
2025-07-29 14:37:55,Kien Giang-Rach Gia,Rach Gia,29.55,29.55,29.55,73.0,34.63,10000.0,0.0,100.0,9.57,12.2,246.0,1006.0,1,804,Clouds,overcast clouds,04d
2025-07-29 14:41:45,Kien Giang-Rach Gia,Rach Gia,29.55,29.55,29.55,73.0,34.63,10000.0,0.0,100.0,9.57,12.2,246.0,1006.0,1,804,Clouds,overcast clouds,04d
2025-07-29 14:45:37,Kien Giang-Rach Gia,Rach Gia,29.55,29.55,29.55,73.0,34.63,10000.0,0.0,100.0,9.57,12.2,246.0,1006.0,1,804,Clouds,overcast clouds,04d
2025-07-29 14:49:27,Kien Giang-Rach Gia,Rach Gia,29.55,29.55,29.55,73.0,34.63,10000.0,0.0,100.0,9.57,12.2,246.0,1006.0,1,804,Clouds,overcast clouds,04d
2025-07-29 14:53:19,Kien Giang-Rach Gia,Rach Gia,29.55,29.55,29.55,73.0,34.63,10000.0,0.0,100.0,9.57,12.2,246.0,1006.0,1,804,Clouds,overcast clouds,04d
2025-07-29 14:57:11,Kien Giang-Rach Gia,Rach Gia,29.6,29.6,29.6,73.0,34.76,10000.0,0.0,100.0,9.57,12.2,246.0,1006.0,1,804,Clouds,overcast clouds,04d
2025-07-29 15:01:02,Kien Giang-Rach Gia,Rach Gia,29.6,29.6,29.6,73.0,34.76,10000.0,0.0,100.0,9.57,12.2,246.0,1006.0,1,804,Clouds,overcast clouds,04d
2025-07-29 15:04:53,Kien Giang-Rach Gia,Rach Gia,29.64,29.64,29.64,73.0,34.86,10000.0,0.0,100.0,9.57,12.2,246.0,1006.0,1,804,Clouds,overcast clouds,04d
2025-07-29 15:08:44,Kien Giang-Rach Gia,Rach Gia,29.64,29.64,29.64,73.0,34.86,10000.0,0.0,100.0,9.57,12.2,246.0,1006.0,1,804,Clouds,overcast clouds,04d
2025-07-29 15:12:35,Kien Giang-Rach Gia,Rach Gia,29.64,29.64,29.64,73.0,34.86,10000.0,0.0,100.0,9.57,12.2,246.0,1006.0,1,804,Clouds,overcast clouds,04d
2025-07-29 15:16:26,Kien Giang-Rach Gia,Rach Gia,29.64,29.64,29.64,73.0,34.86,10000.0,0.0,100.0,9.57,12.2,246.0,1006.0,1,804,Clouds,overcast clouds,04d
2025-07-29 15:20:17,Kien Giang-Rach Gia,Rach Gia,29.64,29.64,29.64,73.0,34.86,10000.0,0.0,100.0,9.57,12.2,246.0,1006.0,1,804,Clouds,overcast clouds,04d
2025-07-29 15:24:18,Kien Giang-Rach Gia,Rach Gia,29.64,29.64,29.64,73.0,34.86,10000.0,0.0,100.0,9.57,12.2,246.0,1006.0,1,804,Clouds,overcast clouds,04d
2025-07-29 15:28:10,Kien Giang-Rach Gia,Rach Gia,29.64,29.64,29.64,73.0,34.86,10000.0,0.0,100.0,9.57,12.2,246.0,1006.0,1,804,Clouds,overcast clouds,04d
2025-07-29 15:32:07,Kien Giang-Rach Gia,Rach Gia,29.64,29.64,29.64,73.0,34.86,10000.0,0.0,100.0,9.57,12.2,246.0,1006.0,1,804,Clouds,overcast clouds,04d
2025-07-29 15:35:59,Kien Giang-Rach Gia,Rach Gia,29.27,29.27,29.27,74.0,34.16,10000.0,0.0,97.0,9.19,12.09,247.0,1006.0,1,804,Clouds,overcast clouds,04d
2025-07-29 15:39:51,Kien Giang-Rach Gia,Rach Gia,29.27,29.27,29.27,74.0,34.16,10000.0,0.0,97.0,9.19,12.09,247.0,1006.0,1,804,Clouds,overcast clouds,04d
2025-07-29 15:43:42,Kien Giang-Rach Gia,Rach Gia,29.27,29.27,29.27,74.0,34.16,10000.0,0.0,97.0,9.19,12.09,247.0,1006.0,1,804,Clouds,overcast clouds,04d
2025-07-29 15:47:33,Kien Giang-Rach Gia,Rach Gia,29.27,29.27,29.27,74.0,34.16,10000.0,0.0,97.0,9.19,12.09,247.0,1006.0,1,804,Clouds,overcast clouds,04d
2025-07-29 15:51:25,Kien Giang-Rach Gia,Rach Gia,29.26,29.26,29.26,74.0,34.13,10000.0,0.0,97.0,9.19,12.09,247.0,1006.0,1,804,Clouds,overcast clouds,04d
2025-07-29 15:55:17,Kien Giang-Rach Gia,Rach Gia,29.26,29.26,29.26,74.0,34.13,10000.0,0.0,97.0,9.19,12.09,247.0,1006.0,1,804,Clouds,overcast clouds,04d
2025-07-29 15:59:08,Kien Giang-Rach Gia,Rach Gia,29.26,29.26,29.26,74.0,34.13,10000.0,0.0,97.0,9.19,12.09,247.0,1006.0,1,804,Clouds,overcast clouds,04d
2025-07-29 16:02:59,Kien Giang-Rach Gia,Rach Gia,29.26,29.26,29.26,74.0,34.13,10000.0,0.0,97.0,9.19,12.09,247.0,1006.0,1,804,Clouds,overcast clouds,04d
2025-07-29 16:06:50,Kien Giang-Rach Gia,Rach Gia,29.3,29.3,29.3,74.0,34.23,10000.0,0.0,97.0,9.19,12.09,247.0,1006.0,1,804,Clouds,overcast clouds,04d
2025-07-29 16:10:40,Kien Giang-Rach Gia,Rach Gia,29.3,29.3,29.3,74.0,34.23,10000.0,0.0,97.0,9.19,12.09,247.0,1006.0,1,804,Clouds,overcast clouds,04d
2025-07-29 16:14:32,Kien Giang-Rach Gia,Rach Gia,29.3,29.3,29.3,74.0,34.23,10000.0,0.0,97.0,9.19,12.09,247.0,1006.0,1,804,Clouds,overcast clouds,04d
2025-07-29 16:18:23,Kien Giang-Rach Gia,Rach Gia,29.3,29.3,29.3,74.0,34.23,10000.0,0.0,97.0,9.19,12.09,247.0,1006.0,1,804,Clouds,overcast clouds,04d
2025-07-29 16:22:14,Kien Giang-Rach Gia,Rach Gia,29.3,29.3,29.3,74.0,34.23,10000.0,0.0,97.0,9.19,12.09,247.0,1006.0,1,804,Clouds,overcast clouds,04d
2025-07-29 16:26:05,Kien Giang-Rach Gia,Rach Gia,29.3,29.3,29.3,74.0,34.23,10000.0,0.0,97.0,9.19,12.09,247.0,1006.0,1,804,Clouds,overcast clouds,04d
2025-07-29 16:29:56,Kien Giang-Rach Gia,Rach Gia,29.3,29.3,29.3,74.0,34.23,10000.0,0.0,97.0,9.19,12.09,247.0,1006.0,1,804,Clouds,overcast clouds,04d
2025-07-29 16:33:47,Kien Giang-Rach Gia,Rach Gia,29.0,29.0,29.0,74.0,33.49,10000.0,0.0,98.0,8.34,11.13,248.0,1006.0,1,804,Clouds,overcast clouds,04d
2025-07-29 16:37:37,Kien Giang-Rach Gia,Rach Gia,29.3,29.3,29.3,74.0,34.23,10000.0,0.0,97.0,9.19,12.09,247.0,1006.0,1,804,Clouds,overcast clouds,04d
2025-07-29 16:41:28,Kien Giang-Rach Gia,Rach Gia,29.0,29.0,29.0,74.0,33.49,10000.0,0.0,98.0,8.34,11.13,248.0,1006.0,1,804,Clouds,overcast clouds,04d
2025-07-29 16:45:19,Kien Giang-Rach Gia,Rach Gia,29.0,29.0,29.0,74.0,33.49,10000.0,0.0,98.0,8.34,11.13,248.0,1006.0,1,804,Clouds,overcast clouds,04d
2025-07-29 16:49:11,Kien Giang-Rach Gia,Rach Gia,29.0,29.0,29.0,74.0,33.49,10000.0,0.0,98.0,8.34,11.13,248.0,1006.0,1,804,Clouds,overcast clouds,04d
2025-07-29 16:53:04,Kien Giang-Rach Gia,Rach Gia,29.0,29.0,29.0,74.0,33.49,10000.0,0.0,98.0,8.34,11.13,248.0,1006.0,1,804,Clouds,overcast clouds,04d
2025-07-29 16:56:55,Kien Giang-Rach Gia,Rach Gia,29.0,29.0,29.0,74.0,33.49,10000.0,0.0,98.0,8.34,11.13,248.0,1006.0,1,804,Clouds,overcast clouds,04d
2025-07-29 17:00:46,Kien Giang-Rach Gia,Rach Gia,29.0,29.0,29.0,74.0,33.49,10000.0,0.0,98.0,8.34,11.13,248.0,1006.0,1,804,Clouds,overcast clouds,04d
2025-07-29 17:04:37,Kien Giang-Rach Gia,Rach Gia,29.04,29.04,29.04,74.0,33.59,10000.0,0.0,98.0,8.34,11.13,248.0,1006.0,1,804,Clouds,overcast clouds,04d
2025-07-29 17:08:28,Kien Giang-Rach Gia,Rach Gia,29.0,29.0,29.0,74.0,33.49,10000.0,0.0,98.0,8.34,11.13,248.0,1006.0,1,804,Clouds,overcast clouds,04d
2025-07-29 17:12:21,Kien Giang-Rach Gia,Rach Gia,29.04,29.04,29.04,74.0,33.59,10000.0,0.0,98.0,8.34,11.13,248.0,1006.0,1,804,Clouds,overcast clouds,04d
2025-07-29 17:16:13,Kien Giang-Rach Gia,Rach Gia,29.04,29.04,29.04,74.0,33.59,10000.0,0.0,98.0,8.34,11.13,248.0,1006.0,1,804,Clouds,overcast clouds,04d
2025-07-29 17:20:04,Kien Giang-Rach Gia,Rach Gia,29.04,29.04,29.04,74.0,33.59,10000.0,0.0,98.0,8.34,11.13,248.0,1006.0,1,804,Clouds,overcast clouds,04d
2025-07-29 17:23:55,Kien Giang-Rach Gia,Rach Gia,29.04,29.04,29.04,74.0,33.59,10000.0,0.0,98.0,8.34,11.13,248.0,1006.0,1,804,Clouds,overcast clouds,04d
2025-07-29 17:27:46,Kien Giang-Rach Gia,Rach Gia,29.04,29.04,29.04,74.0,33.59,10000.0,0.0,98.0,8.34,11.13,248.0,1006.0,1,804,Clouds,overcast clouds,04d
2025-07-29 17:31:37,Kien Giang-Rach Gia,Rach Gia,28.77,28.77,28.77,78.0,33.71,10000.0,0.0,98.0,7.93,10.55,245.0,1006.0,1,804,Clouds,overcast clouds,04d
2025-07-29 17:35:28,Kien Giang-Rach Gia,Rach Gia,28.77,28.77,28.77,78.0,33.71,10000.0,0.0,98.0,7.93,10.55,245.0,1006.0,1,804,Clouds,overcast clouds,04d
2025-07-29 17:39:20,Kien Giang-Rach Gia,Rach Gia,28.77,28.77,28.77,78.0,33.71,10000.0,0.0,98.0,7.93,10.55,245.0,1006.0,1,804,Clouds,overcast clouds,04d
2025-07-29 17:43:12,Kien Giang-Rach Gia,Rach Gia,28.77,28.77,28.77,78.0,33.71,10000.0,0.0,98.0,7.93,10.55,245.0,1006.0,1,804,Clouds,overcast clouds,04d
2025-07-29 17:47:04,Kien Giang-Rach Gia,Rach Gia,28.73,28.73,28.73,78.0,33.61,10000.0,0.0,98.0,7.93,10.55,245.0,1006.0,1,804,Clouds,overcast clouds,04d
2025-07-29 17:50:56,Kien Giang-Rach Gia,Rach Gia,28.73,28.73,28.73,78.0,33.61,10000.0,0.0,98.0,7.93,10.55,245.0,1006.0,1,804,Clouds,overcast clouds,04d
2025-07-29 17:54:49,Kien Giang-Rach Gia,Rach Gia,28.73,28.73,28.73,78.0,33.61,10000.0,0.0,98.0,7.93,10.55,245.0,1006.0,1,804,Clouds,overcast clouds,04d
2025-07-29 17:58:42,Kien Giang-Rach Gia,Rach Gia,28.73,28.73,28.73,78.0,33.61,10000.0,0.0,98.0,7.93,10.55,245.0,1006.0,1,804,Clouds,overcast clouds,04d
2025-07-29 18:02:38,Kien Giang-Rach Gia,Rach Gia,28.73,28.73,28.73,78.0,33.61,10000.0,0.0,98.0,7.93,10.55,245.0,1006.0,1,804,Clouds,overcast clouds,04d
2025-07-29 18:06:32,Kien Giang-Rach Gia,Rach Gia,28.75,28.75,28.75,78.0,33.66,10000.0,0.0,98.0,7.93,10.55,245.0,1006.0,1,804,Clouds,overcast clouds,04d
2025-07-29 18:10:23,Kien Giang-Rach Gia,Rach Gia,28.75,28.75,28.75,78.0,33.66,10000.0,0.0,98.0,7.93,10.55,245.0,1006.0,1,804,Clouds,overcast clouds,04d
2025-07-29 18:14:15,Kien Giang-Rach Gia,Rach Gia,28.75,28.75,28.75,78.0,33.66,10000.0,0.0,98.0,7.93,10.55,245.0,1006.0,1,804,Clouds,overcast clouds,04d
2025-07-29 18:18:11,Kien Giang-Rach Gia,Rach Gia,28.75,28.75,28.75,78.0,33.66,10000.0,0.0,98.0,7.93,10.55,245.0,1006.0,1,804,Clouds,overcast clouds,04d
2025-07-29 18:22:05,Kien Giang-Rach Gia,Rach Gia,28.75,28.75,28.75,78.0,33.66,10000.0,0.0,98.0,7.93,10.55,245.0,1006.0,1,804,Clouds,overcast clouds,04d
2025-07-29 18:26:00,Kien Giang-Rach Gia,Rach Gia,28.75,28.75,28.75,78.0,33.66,10000.0,0.0,98.0,7.93,10.55,245.0,1006.0,0,804,Clouds,overcast clouds,04d
2025-07-29 18:29:55,Kien Giang-Rach Gia,Rach Gia,28.75,28.75,28.75,78.0,33.66,10000.0,0.0,98.0,7.93,10.55,245.0,1006.0,0,804,Clouds,overcast clouds,04n
2025-07-29 18:33:47,Kien Giang-Rach Gia,Rach Gia,28.68,28.68,28.68,78.0,33.48,8134.0,0.0,98.0,7.62,10.16,245.0,1007.0,0,804,Clouds,overcast clouds,04n
2025-07-29 18:37:39,Kien Giang-Rach Gia,Rach Gia,28.68,28.68,28.68,78.0,33.48,8134.0,0.0,98.0,7.62,10.16,245.0,1007.0,0,804,Clouds,overcast clouds,04n
2025-07-29 18:41:32,Kien Giang-Rach Gia,Rach Gia,28.68,28.68,28.68,78.0,33.48,8134.0,0.0,98.0,7.62,10.16,245.0,1007.0,0,804,Clouds,overcast clouds,04n
2025-07-29 18:45:31,Kien Giang-Rach Gia,Rach Gia,28.68,28.68,28.68,78.0,33.48,8134.0,0.0,98.0,7.62,10.16,245.0,1007.0,0,804,Clouds,overcast clouds,04n
2025-07-29 18:49:25,Kien Giang-Rach Gia,Rach Gia,28.68,28.68,28.68,78.0,33.48,8134.0,0.0,98.0,7.62,10.16,245.0,1007.0,0,804,Clouds,overcast clouds,04n
2025-07-29 18:53:20,Kien Giang-Rach Gia,Rach Gia,28.68,28.68,28.68,78.0,33.48,8134.0,0.0,98.0,7.62,10.16,245.0,1007.0,0,804,Clouds,overcast clouds,04n
2025-07-29 18:57:14,Kien Giang-Rach Gia,Rach Gia,28.68,28.68,28.68,78.0,33.48,8134.0,0.0,98.0,7.62,10.16,245.0,1007.0,0,804,Clouds,overcast clouds,04n
2025-07-29 19:01:14,Kien Giang-Rach Gia,Rach Gia,28.68,28.68,28.68,78.0,33.48,10000.0,0.0,94.0,8.23,10.88,245.0,1007.0,0,804,Clouds,overcast clouds,04n
2025-07-29 19:05:21,Kien Giang-Rach Gia,Rach Gia,28.68,28.68,28.68,78.0,33.48,10000.0,0.0,94.0,8.23,10.88,245.0,1007.0,0,804,Clouds,overcast clouds,04n
2025-07-29 19:09:15,Kien Giang-Rach Gia,Rach Gia,28.68,28.68,28.68,78.0,33.48,10000.0,0.0,94.0,8.23,10.88,245.0,1007.0,0,804,Clouds,overcast clouds,04n
2025-07-29 19:13:05,Kien Giang-Rach Gia,Rach Gia,28.68,28.68,28.68,78.0,33.48,10000.0,0.0,94.0,8.23,10.88,245.0,1007.0,0,804,Clouds,overcast clouds,04n
2025-07-29 19:16:54,Kien Giang-Rach Gia,Rach Gia,28.68,28.68,28.68,78.0,33.48,10000.0,0.0,94.0,8.23,10.88,245.0,1007.0,0,804,Clouds,overcast clouds,04n
2025-07-29 19:20:40,Kien Giang-Rach Gia,Rach Gia,28.68,28.68,28.68,78.0,33.48,10000.0,0.0,94.0,8.23,10.88,245.0,1007.0,0,804,Clouds,overcast clouds,04n
2025-07-29 19:24:26,Kien Giang-Rach Gia,Rach Gia,28.68,28.68,28.68,78.0,33.48,10000.0,0.0,94.0,8.23,10.88,245.0,1007.0,0,804,Clouds,overcast clouds,04n
2025-07-29 19:28:13,Kien Giang-Rach Gia,Rach Gia,28.68,28.68,28.68,78.0,33.48,10000.0,0.0,94.0,8.23,10.88,245.0,1007.0,0,804,Clouds,overcast clouds,04n
2025-07-29 19:32:00,Kien Giang-Rach Gia,Rach Gia,28.68,28.68,28.68,78.0,33.48,10000.0,0.0,94.0,8.23,10.88,245.0,1007.0,0,804,Clouds,overcast clouds,04n
2025-07-29 19:35:47,Kien Giang-Rach Gia,Rach Gia,28.68,28.68,28.68,78.0,33.48,10000.0,0.0,94.0,8.23,10.88,245.0,1007.0,0,804,Clouds,overcast clouds,04n
2025-07-29 19:39:33,Kien Giang-Rach Gia,Rach Gia,28.73,28.73,28.73,80.0,34.0,10000.0,0.0,100.0,7.9,10.71,241.0,1008.0,0,804,Clouds,overcast clouds,04n
2025-07-29 19:43:20,Kien Giang-Rach Gia,Rach Gia,28.73,28.73,28.73,80.0,34.0,10000.0,0.0,100.0,7.9,10.71,241.0,1008.0,0,804,Clouds,overcast clouds,04n
2025-07-29 19:47:06,Kien Giang-Rach Gia,Rach Gia,28.73,28.73,28.73,80.0,34.0,10000.0,0.0,100.0,7.9,10.71,241.0,1008.0,0,804,Clouds,overcast clouds,04n
2025-07-29 19:50:55,Kien Giang-Rach Gia,Rach Gia,28.73,28.73,28.73,80.0,34.0,10000.0,0.0,100.0,7.9,10.71,241.0,1008.0,0,804,Clouds,overcast clouds,04n
2025-07-29 19:54:41,Kien Giang-Rach Gia,Rach Gia,28.73,28.73,28.73,80.0,34.0,10000.0,0.0,100.0,7.9,10.71,241.0,1008.0,0,804,Clouds,overcast clouds,04n
2025-07-29 19:58:27,Kien Giang-Rach Gia,Rach Gia,28.73,28.73,28.73,80.0,34.0,10000.0,0.0,100.0,7.9,10.71,241.0,1008.0,0,804,Clouds,overcast clouds,04n
2025-07-29 20:02:12,Kien Giang-Rach Gia,Rach Gia,28.73,28.73,28.73,80.0,34.0,10000.0,0.0,100.0,7.9,10.71,241.0,1008.0,0,804,Clouds,overcast clouds,04n
2025-07-29 20:05:58,Kien Giang-Rach Gia,Rach Gia,28.73,28.73,28.73,80.0,34.0,10000.0,0.0,100.0,7.9,10.71,241.0,1008.0,0,804,Clouds,overcast clouds,04n
2025-07-29 20:09:44,Kien Giang-Rach Gia,Rach Gia,28.73,28.73,28.73,80.0,34.0,10000.0,0.0,100.0,7.9,10.71,241.0,1008.0,0,804,Clouds,overcast clouds,04n
2025-07-29 20:13:31,Kien Giang-Rach Gia,Rach Gia,28.73,28.73,28.73,80.0,34.0,10000.0,0.0,100.0,7.9,10.71,241.0,1008.0,0,804,Clouds,overcast clouds,04n
2025-07-29 20:17:16,Kien Giang-Rach Gia,Rach Gia,28.73,28.73,28.73,80.0,34.0,10000.0,0.0,100.0,7.9,10.71,241.0,1008.0,0,804,Clouds,overcast clouds,04n
2025-07-29 20:21:02,Kien Giang-Rach Gia,Rach Gia,28.73,28.73,28.73,80.0,34.0,10000.0,0.0,100.0,7.9,10.71,241.0,1008.0,0,804,Clouds,overcast clouds,04n
2025-07-29 20:24:51,Kien Giang-Rach Gia,Rach Gia,28.73,28.73,28.73,80.0,34.0,10000.0,0.0,100.0,7.9,10.71,241.0,1008.0,0,804,Clouds,overcast clouds,04n
2025-07-29 20:28:37,Kien Giang-Rach Gia,Rach Gia,28.73,28.73,28.73,80.0,34.0,10000.0,0.0,100.0,7.9,10.71,241.0,1008.0,0,804,Clouds,overcast clouds,04n
2025-07-29 20:32:23,Kien Giang-Rach Gia,Rach Gia,28.73,28.73,28.73,80.0,34.0,10000.0,0.0,100.0,7.9,10.71,241.0,1008.0,0,804,Clouds,overcast clouds,04n
2025-07-29 20:36:12,Kien Giang-Rach Gia,Rach Gia,28.73,28.73,28.73,80.0,34.0,10000.0,0.0,100.0,7.9,10.71,241.0,1008.0,0,804,Clouds,overcast clouds,04n
2025-07-29 20:39:58,Kien Giang-Rach Gia,Rach Gia,28.74,28.74,28.74,80.0,34.03,10000.0,0.0,55.0,7.25,10.37,243.0,1008.0,0,803,Clouds,broken clouds,04n
2025-07-29 20:43:44,Kien Giang-Rach Gia,Rach Gia,28.74,28.74,28.74,80.0,34.03,10000.0,0.0,55.0,7.25,10.37,243.0,1008.0,0,803,Clouds,broken clouds,04n
2025-07-29 20:47:30,Kien Giang-Rach Gia,Rach Gia,28.74,28.74,28.74,80.0,34.03,10000.0,0.0,55.0,7.25,10.37,243.0,1008.0,0,803,Clouds,broken clouds,04n
2025-07-29 20:51:16,Kien Giang-Rach Gia,Rach Gia,28.74,28.74,28.74,80.0,34.03,10000.0,0.0,55.0,7.25,10.37,243.0,1008.0,0,803,Clouds,broken clouds,04n
2025-07-29 20:55:03,Kien Giang-Rach Gia,Rach Gia,28.74,28.74,28.74,80.0,34.03,10000.0,0.0,55.0,7.25,10.37,243.0,1008.0,0,803,Clouds,broken clouds,04n
2025-07-29 20:58:49,Kien Giang-Rach Gia,Rach Gia,28.74,28.74,28.74,80.0,34.03,10000.0,0.0,55.0,7.25,10.37,243.0,1008.0,0,803,Clouds,broken clouds,04n
2025-07-29 21:02:35,Kien Giang-Rach Gia,Rach Gia,28.75,28.75,28.75,80.0,34.05,10000.0,0.0,55.0,7.25,10.37,243.0,1008.0,0,803,Clouds,broken clouds,04n
2025-07-29 21:06:20,Kien Giang-Rach Gia,Rach Gia,28.75,28.75,28.75,80.0,34.05,10000.0,0.0,55.0,7.25,10.37,243.0,1008.0,0,803,Clouds,broken clouds,04n
2025-07-29 21:10:06,Kien Giang-Rach Gia,Rach Gia,28.75,28.75,28.75,80.0,34.05,10000.0,0.0,55.0,7.25,10.37,243.0,1008.0,0,803,Clouds,broken clouds,04n
2025-07-29 21:13:53,Kien Giang-Rach Gia,Rach Gia,28.75,28.75,28.75,80.0,34.05,10000.0,0.0,55.0,7.25,10.37,243.0,1008.0,0,803,Clouds,broken clouds,04n
2025-07-29 21:17:38,Kien Giang-Rach Gia,Rach Gia,28.75,28.75,28.75,80.0,34.05,10000.0,0.0,55.0,7.25,10.37,243.0,1008.0,0,803,Clouds,broken clouds,04n
2025-07-29 21:21:24,Kien Giang-Rach Gia,Rach Gia,28.75,28.75,28.75,80.0,34.05,10000.0,0.0,55.0,7.25,10.37,243.0,1008.0,0,803,Clouds,broken clouds,04n
2025-07-29 21:25:11,Kien Giang-Rach Gia,Rach Gia,28.75,28.75,28.75,80.0,34.05,10000.0,0.0,55.0,7.25,10.37,243.0,1008.0,0,803,Clouds,broken clouds,04n
2025-07-29 21:28:58,Kien Giang-Rach Gia,Rach Gia,28.75,28.75,28.75,80.0,34.05,10000.0,0.0,55.0,7.25,10.37,243.0,1008.0,0,803,Clouds,broken clouds,04n
2025-07-29 21:32:44,Kien Giang-Rach Gia,Rach Gia,28.75,28.75,28.75,80.0,34.05,10000.0,0.0,55.0,7.25,10.37,243.0,1008.0,0,803,Clouds,broken clouds,04n
2025-07-29 21:36:32,Kien Giang-Rach Gia,Rach Gia,28.79,28.79,28.79,81.0,34.37,10000.0,0.0,69.0,6.68,9.92,240.0,1009.0,0,803,Clouds,broken clouds,04n
2025-07-29 21:40:20,Kien Giang-Rach Gia,Rach Gia,28.79,28.79,28.79,81.0,34.37,10000.0,0.0,69.0,6.68,9.92,240.0,1009.0,0,803,Clouds,broken clouds,04n
2025-07-29 21:44:08,Kien Giang-Rach Gia,Rach Gia,28.79,28.79,28.79,81.0,34.37,10000.0,0.0,69.0,6.68,9.92,240.0,1009.0,0,803,Clouds,broken clouds,04n
2025-07-29 21:47:55,Kien Giang-Rach Gia,Rach Gia,28.79,28.79,28.79,81.0,34.37,10000.0,0.0,69.0,6.68,9.92,240.0,1009.0,0,803,Clouds,broken clouds,04n
2025-07-29 21:51:42,Kien Giang-Rach Gia,Rach Gia,28.79,28.79,28.79,81.0,34.37,10000.0,0.0,69.0,6.68,9.92,240.0,1009.0,0,803,Clouds,broken clouds,04n
2025-07-29 21:55:28,Kien Giang-Rach Gia,Rach Gia,28.79,28.79,28.79,81.0,34.37,10000.0,0.0,69.0,6.68,9.92,240.0,1009.0,0,803,Clouds,broken clouds,04n
2025-07-29 21:59:15,Kien Giang-Rach Gia,Rach Gia,28.79,28.79,28.79,81.0,34.37,10000.0,0.0,69.0,6.68,9.92,240.0,1009.0,0,803,Clouds,broken clouds,04n
2025-07-29 22:03:03,Kien Giang-Rach Gia,Rach Gia,28.79,28.79,28.79,81.0,34.37,10000.0,0.0,69.0,6.68,9.92,240.0,1009.0,0,803,Clouds,broken clouds,04n
2025-07-29 22:06:51,Kien Giang-Rach Gia,Rach Gia,28.79,28.79,28.79,81.0,34.37,10000.0,0.0,69.0,6.68,9.92,240.0,1009.0,0,803,Clouds,broken clouds,04n
2025-07-29 22:10:38,Kien Giang-Rach Gia,Rach Gia,28.78,28.78,28.78,81.0,34.34,10000.0,0.0,69.0,6.68,9.92,240.0,1009.0,0,803,Clouds,broken clouds,04n
2025-07-29 22:14:25,Kien Giang-Rach Gia,Rach Gia,28.78,28.78,28.78,81.0,34.34,10000.0,0.0,69.0,6.68,9.92,240.0,1009.0,0,803,Clouds,broken clouds,04n
2025-07-29 22:18:12,Kien Giang-Rach Gia,Rach Gia,28.78,28.78,28.78,81.0,34.34,10000.0,0.0,69.0,6.68,9.92,240.0,1009.0,0,803,Clouds,broken clouds,04n
2025-07-29 22:21:59,Kien Giang-Rach Gia,Rach Gia,28.78,28.78,28.78,81.0,34.34,10000.0,0.0,69.0,6.68,9.92,240.0,1009.0,0,803,Clouds,broken clouds,04n
2025-07-29 22:25:46,Kien Giang-Rach Gia,Rach Gia,28.78,28.78,28.78,81.0,34.34,10000.0,0.0,69.0,6.68,9.92,240.0,1009.0,0,803,Clouds,broken clouds,04n
2025-07-29 22:29:32,Kien Giang-Rach Gia,Rach Gia,28.78,28.78,28.78,81.0,34.34,10000.0,0.0,69.0,6.68,9.92,240.0,1009.0,0,803,Clouds,broken clouds,04n
2025-07-29 22:33:19,Kien Giang-Rach Gia,Rach Gia,28.37,28.37,28.37,80.0,33.04,10000.0,0.0,56.0,6.65,9.75,243.0,1009.0,0,803,Clouds,broken clouds,04n
2025-07-29 22:37:07,Kien Giang-Rach Gia,Rach Gia,28.37,28.37,28.37,80.0,33.04,10000.0,0.0,56.0,6.65,9.75,243.0,1009.0,0,803,Clouds,broken clouds,04n
2025-07-29 22:40:53,Kien Giang-Rach Gia,Rach Gia,28.37,28.37,28.37,80.0,33.04,10000.0,0.0,56.0,6.65,9.75,243.0,1009.0,0,803,Clouds,broken clouds,04n
2025-07-29 22:44:39,Kien Giang-Rach Gia,Rach Gia,28.37,28.37,28.37,80.0,33.04,10000.0,0.0,56.0,6.65,9.75,243.0,1009.0,0,803,Clouds,broken clouds,04n
2025-07-29 22:48:27,Kien Giang-Rach Gia,Rach Gia,28.37,28.37,28.37,80.0,33.04,10000.0,0.0,56.0,6.65,9.75,243.0,1009.0,0,803,Clouds,broken clouds,04n
2025-07-29 22:52:15,Kien Giang-Rach Gia,Rach Gia,28.37,28.37,28.37,80.0,33.04,10000.0,0.0,56.0,6.65,9.75,243.0,1009.0,0,803,Clouds,broken clouds,04n
2025-07-29 22:56:01,Kien Giang-Rach Gia,Rach Gia,28.37,28.37,28.37,80.0,33.04,10000.0,0.0,56.0,6.65,9.75,243.0,1009.0,0,803,Clouds,broken clouds,04n
2025-07-29 22:59:48,Kien Giang-Rach Gia,Rach Gia,28.37,28.37,28.37,80.0,33.04,10000.0,0.0,56.0,6.65,9.75,243.0,1009.0,0,803,Clouds,broken clouds,04n
2025-07-29 23:03:34,Kien Giang-Rach Gia,Rach Gia,28.37,28.37,28.37,80.0,33.04,10000.0,0.0,56.0,6.65,9.75,243.0,1009.0,0,803,Clouds,broken clouds,04n
2025-07-29 23:07:22,Kien Giang-Rach Gia,Rach Gia,28.37,28.37,28.37,80.0,33.04,10000.0,0.0,56.0,6.65,9.75,243.0,1009.0,0,803,Clouds,broken clouds,04n
2025-07-29 23:11:10,Kien Giang-Rach Gia,Rach Gia,28.37,28.37,28.37,80.0,33.04,10000.0,0.0,56.0,6.65,9.75,243.0,1009.0,0,803,Clouds,broken clouds,04n
2025-07-29 23:14:56,Kien Giang-Rach Gia,Rach Gia,28.37,28.37,28.37,80.0,33.04,10000.0,0.0,56.0,6.65,9.75,243.0,1009.0,0,803,Clouds,broken clouds,04n
2025-07-29 23:18:42,Kien Giang-Rach Gia,Rach Gia,28.37,28.37,28.37,80.0,33.04,10000.0,0.0,56.0,6.65,9.75,243.0,1009.0,0,803,Clouds,broken clouds,04n
2025-07-29 23:22:29,Kien Giang-Rach Gia,Rach Gia,28.37,28.37,28.37,80.0,33.04,10000.0,0.0,56.0,6.65,9.75,243.0,1009.0,0,803,Clouds,broken clouds,04n
2025-07-29 23:26:16,Kien Giang-Rach Gia,Rach Gia,28.37,28.37,28.37,80.0,33.04,10000.0,0.0,56.0,6.65,9.75,243.0,1009.0,0,803,Clouds,broken clouds,04n
2025-07-29 23:30:03,Kien Giang-Rach Gia,Rach Gia,28.08,28.08,28.08,80.0,32.3,10000.0,0.0,65.0,6.52,9.58,243.0,1008.0,0,803,Clouds,broken clouds,04n
2025-07-29 23:33:51,Kien Giang-Rach Gia,Rach Gia,28.08,28.08,28.08,80.0,32.3,10000.0,0.0,65.0,6.52,9.58,243.0,1008.0,0,803,Clouds,broken clouds,04n
2025-07-29 23:37:42,Kien Giang-Rach Gia,Rach Gia,28.08,28.08,28.08,80.0,32.3,10000.0,0.0,65.0,6.52,9.58,243.0,1008.0,0,803,Clouds,broken clouds,04n
2025-07-29 23:41:30,Kien Giang-Rach Gia,Rach Gia,28.08,28.08,28.08,80.0,32.3,10000.0,0.0,65.0,6.52,9.58,243.0,1008.0,0,803,Clouds,broken clouds,04n
2025-07-29 23:45:17,Kien Giang-Rach Gia,Rach Gia,28.08,28.08,28.08,80.0,32.3,10000.0,0.0,65.0,6.52,9.58,243.0,1008.0,0,803,Clouds,broken clouds,04n
2025-07-29 23:49:04,Kien Giang-Rach Gia,Rach Gia,28.08,28.08,28.08,80.0,32.3,10000.0,0.0,65.0,6.52,9.58,243.0,1008.0,0,803,Clouds,broken clouds,04n
2025-07-29 23:52:51,Kien Giang-Rach Gia,Rach Gia,28.08,28.08,28.08,80.0,32.3,10000.0,0.0,65.0,6.52,9.58,243.0,1008.0,0,803,Clouds,broken clouds,04n
2025-07-29 23:56:38,Kien Giang-Rach Gia,Rach Gia,28.08,28.08,28.08,80.0,32.3,10000.0,0.0,65.0,6.52,9.58,243.0,1008.0,0,803,Clouds,broken clouds,04n
2025-07-30 00:00:25,Kien Giang-Rach Gia,Rach Gia,28.08,28.08,28.08,80.0,32.3,10000.0,0.0,65.0,6.52,9.58,243.0,1008.0,0,803,Clouds,broken clouds,04n
2025-07-30 00:04:11,Kien Giang-Rach Gia,Rach Gia,28.08,28.08,28.08,80.0,32.3,10000.0,0.0,65.0,6.52,9.58,243.0,1008.0,0,803,Clouds,broken clouds,04n
2025-07-30 00:07:58,Kien Giang-Rach Gia,Rach Gia,28.08,28.08,28.08,80.0,32.3,10000.0,0.0,65.0,6.52,9.58,243.0,1008.0,0,803,Clouds,broken clouds,04n
2025-07-30 00:11:44,Kien Giang-Rach Gia,Rach Gia,28.08,28.08,28.08,80.0,32.3,10000.0,0.0,65.0,6.52,9.58,243.0,1008.0,0,803,Clouds,broken clouds,04n
2025-07-30 00:15:30,Kien Giang-Rach Gia,Rach Gia,28.08,28.08,28.08,80.0,32.3,10000.0,0.0,65.0,6.52,9.58,243.0,1008.0,0,803,Clouds,broken clouds,04n
2025-07-30 00:19:17,Kien Giang-Rach Gia,Rach Gia,28.08,28.08,28.08,80.0,32.3,10000.0,0.0,65.0,6.52,9.58,243.0,1008.0,0,803,Clouds,broken clouds,04n
2025-07-30 00:23:05,Kien Giang-Rach Gia,Rach Gia,28.08,28.08,28.08,80.0,32.3,10000.0,0.0,65.0,6.52,9.58,243.0,1008.0,0,803,Clouds,broken clouds,04n
2025-07-30 00:26:51,Kien Giang-Rach Gia,Rach Gia,28.08,28.08,28.08,80.0,32.3,10000.0,0.0,65.0,6.52,9.58,243.0,1008.0,0,803,Clouds,broken clouds,04n
2025-07-30 00:30:37,Kien Giang-Rach Gia,Rach Gia,28.27,28.27,28.27,79.0,32.61,9209.0,0.0,71.0,6.19,9.94,243.0,1008.0,0,803,Clouds,broken clouds,04n
2025-07-30 00:34:24,Kien Giang-Rach Gia,Rach Gia,28.27,28.27,28.27,79.0,32.61,9209.0,0.0,71.0,6.19,9.94,243.0,1008.0,0,803,Clouds,broken clouds,04n
2025-07-30 00:38:10,Kien Giang-Rach Gia,Rach Gia,28.27,28.27,28.27,79.0,32.61,9209.0,0.0,71.0,6.19,9.94,243.0,1008.0,0,803,Clouds,broken clouds,04n
2025-07-30 00:44:08,Kien Giang-Rach Gia,Rach Gia,28.27,28.27,28.27,79.0,32.61,9209.0,0.0,71.0,6.19,9.94,243.0,1008.0,0,803,Clouds,broken clouds,04n
2025-07-30 00:47:55,Kien Giang-Rach Gia,Rach Gia,28.27,28.27,28.27,79.0,32.61,9209.0,0.0,71.0,6.19,9.94,243.0,1008.0,0,803,Clouds,broken clouds,04n
2025-07-30 00:51:41,Kien Giang-Rach Gia,Rach Gia,28.27,28.27,28.27,79.0,32.61,9209.0,0.0,71.0,6.19,9.94,243.0,1008.0,0,803,Clouds,broken clouds,04n
2025-07-30 12:03:46,Kien Giang-Rach Gia,Rach Gia,29.39,29.39,29.39,74.0,34.46,10000.0,0.0,61.0,7.39,9.81,261.0,1009.0,1,803,Clouds,broken clouds,04d
2025-07-30 12:07:31,Kien Giang-Rach Gia,Rach Gia,29.39,29.39,29.39,74.0,34.46,10000.0,0.0,61.0,7.39,9.81,261.0,1009.0,1,803,Clouds,broken clouds,04d
2025-07-30 12:11:17,Kien Giang-Rach Gia,Rach Gia,29.41,29.41,29.41,75.0,34.73,10000.0,0.0,61.0,7.39,9.81,261.0,1009.0,1,803,Clouds,broken clouds,04d
2025-07-30 12:15:03,Kien Giang-Rach Gia,Rach Gia,29.41,29.41,29.41,75.0,34.73,10000.0,0.0,61.0,7.39,9.81,261.0,1009.0,1,803,Clouds,broken clouds,04d
2025-07-30 12:18:49,Kien Giang-Rach Gia,Rach Gia,29.41,29.41,29.41,75.0,34.73,10000.0,0.0,61.0,7.39,9.81,261.0,1009.0,1,803,Clouds,broken clouds,04d
2025-07-30 12:22:35,Kien Giang-Rach Gia,Rach Gia,29.41,29.41,29.41,75.0,34.73,10000.0,0.0,61.0,7.39,9.81,261.0,1009.0,1,803,Clouds,broken clouds,04d
2025-07-30 12:26:21,Kien Giang-Rach Gia,Rach Gia,29.41,29.41,29.41,75.0,34.73,10000.0,0.0,61.0,7.39,9.81,261.0,1009.0,1,803,Clouds,broken clouds,04d
2025-07-30 12:30:07,Kien Giang-Rach Gia,Rach Gia,29.79,29.79,29.79,71.0,34.76,10000.0,0.0,67.0,7.73,10.86,257.0,1008.0,1,803,Clouds,broken clouds,04d
2025-07-30 12:33:52,Kien Giang-Rach Gia,Rach Gia,29.79,29.79,29.79,71.0,34.76,10000.0,0.0,67.0,7.73,10.86,257.0,1008.0,1,803,Clouds,broken clouds,04d
2025-07-30 12:37:38,Kien Giang-Rach Gia,Rach Gia,29.79,29.79,29.79,71.0,34.76,10000.0,0.0,67.0,7.73,10.86,257.0,1008.0,1,803,Clouds,broken clouds,04d
2025-07-30 12:41:25,Kien Giang-Rach Gia,Rach Gia,29.79,29.79,29.79,71.0,34.76,10000.0,0.0,67.0,7.73,10.86,257.0,1008.0,1,803,Clouds,broken clouds,04d
2025-07-30 12:45:11,Kien Giang-Rach Gia,Rach Gia,29.79,29.79,29.79,71.0,34.76,10000.0,0.0,67.0,7.73,10.86,257.0,1008.0,1,803,Clouds,broken clouds,04d
2025-07-30 12:48:57,Kien Giang-Rach Gia,Rach Gia,29.78,29.78,29.78,71.0,34.74,10000.0,0.0,67.0,7.73,10.86,257.0,1008.0,1,803,Clouds,broken clouds,04d
2025-07-30 12:52:43,Kien Giang-Rach Gia,Rach Gia,29.78,29.78,29.78,71.0,34.74,10000.0,0.0,67.0,7.73,10.86,257.0,1008.0,1,803,Clouds,broken clouds,04d
2025-07-30 12:56:29,Kien Giang-Rach Gia,Rach Gia,29.78,29.78,29.78,71.0,34.74,10000.0,0.0,68.0,7.57,10.29,257.0,1008.0,1,803,Clouds,broken clouds,04d
2025-07-30 13:00:14,Kien Giang-Rach Gia,Rach Gia,29.78,29.78,29.78,71.0,34.74,10000.0,0.0,68.0,7.57,10.29,257.0,1008.0,1,803,Clouds,broken clouds,04d
2025-07-30 13:04:00,Kien Giang-Rach Gia,Rach Gia,29.78,29.78,29.78,71.0,34.74,10000.0,0.0,68.0,7.57,10.29,257.0,1008.0,1,803,Clouds,broken clouds,04d
2025-07-30 13:07:46,Kien Giang-Rach Gia,Rach Gia,29.78,29.78,29.78,71.0,34.74,10000.0,0.0,68.0,7.57,10.29,257.0,1008.0,1,803,Clouds,broken clouds,04d
2025-07-30 13:11:31,Kien Giang-Rach Gia,Rach Gia,29.78,29.78,29.78,71.0,34.74,10000.0,0.0,68.0,7.57,10.29,257.0,1008.0,1,803,Clouds,broken clouds,04d
2025-07-30 13:15:17,Kien Giang-Rach Gia,Rach Gia,29.78,29.78,29.78,71.0,34.74,10000.0,0.0,68.0,7.57,10.29,257.0,1008.0,1,803,Clouds,broken clouds,04d
2025-07-30 13:19:03,Kien Giang-Rach Gia,Rach Gia,29.78,29.78,29.78,71.0,34.74,10000.0,0.0,68.0,7.57,10.29,257.0,1008.0,1,803,Clouds,broken clouds,04d
2025-07-30 13:22:50,Kien Giang-Rach Gia,Rach Gia,29.87,29.87,29.87,72.0,35.2,10000.0,0.0,68.0,7.57,10.29,257.0,1008.0,1,803,Clouds,broken clouds,04d
2025-07-30 13:26:36,Kien Giang-Rach Gia,Rach Gia,29.87,29.87,29.87,72.0,35.2,10000.0,0.0,68.0,7.57,10.29,257.0,1008.0,1,803,Clouds,broken clouds,04d
2025-07-30 13:30:21,Kien Giang-Rach Gia,Rach Gia,29.87,29.87,29.87,72.0,35.2,10000.0,0.0,68.0,7.57,10.29,257.0,1008.0,1,803,Clouds,broken clouds,04d
2025-07-30 13:34:07,Kien Giang-Rach Gia,Rach Gia,29.86,29.86,29.86,71.0,34.94,10000.0,0.0,100.0,7.64,10.94,252.0,1007.0,1,804,Clouds,overcast clouds,04d
2025-07-30 13:37:53,Kien Giang-Rach Gia,Rach Gia,29.86,29.86,29.86,71.0,34.94,10000.0,0.0,100.0,7.64,10.94,252.0,1007.0,1,804,Clouds,overcast clouds,04d
2025-07-30 13:41:39,Kien Giang-Rach Gia,Rach Gia,29.86,29.86,29.86,71.0,34.94,10000.0,0.0,100.0,7.64,10.94,252.0,1007.0,1,804,Clouds,overcast clouds,04d
2025-07-30 13:45:25,Kien Giang-Rach Gia,Rach Gia,29.86,29.86,29.86,71.0,34.94,10000.0,0.0,100.0,7.64,10.94,252.0,1007.0,1,804,Clouds,overcast clouds,04d
2025-07-30 13:49:11,Kien Giang-Rach Gia,Rach Gia,29.86,29.86,29.86,71.0,34.94,10000.0,0.0,100.0,7.64,10.94,252.0,1007.0,1,804,Clouds,overcast clouds,04d
2025-07-30 13:52:58,Kien Giang-Rach Gia,Rach Gia,29.86,29.86,29.86,71.0,34.94,10000.0,0.0,100.0,7.64,10.94,252.0,1007.0,1,804,Clouds,overcast clouds,04d
2025-07-30 13:56:45,Kien Giang-Rach Gia,Rach Gia,29.86,29.86,29.86,71.0,34.94,10000.0,0.0,100.0,7.64,10.94,252.0,1007.0,1,804,Clouds,overcast clouds,04d
2025-07-30 14:00:32,Kien Giang-Rach Gia,Rach Gia,29.86,29.86,29.86,71.0,34.94,10000.0,0.0,100.0,7.64,10.94,252.0,1007.0,1,804,Clouds,overcast clouds,04d
2025-07-30 14:04:20,Kien Giang-Rach Gia,Rach Gia,29.88,29.88,29.88,72.0,35.23,10000.0,0.0,100.0,7.64,10.94,252.0,1007.0,1,804,Clouds,overcast clouds,04d
2025-07-30 14:08:09,Kien Giang-Rach Gia,Rach Gia,29.88,29.88,29.88,72.0,35.23,10000.0,0.0,100.0,7.64,10.94,252.0,1007.0,1,804,Clouds,overcast clouds,04d
2025-07-30 14:11:55,Kien Giang-Rach Gia,Rach Gia,29.88,29.88,29.88,72.0,35.23,10000.0,0.0,100.0,7.64,10.94,252.0,1007.0,1,804,Clouds,overcast clouds,04d
2025-07-30 14:15:42,Kien Giang-Rach Gia,Rach Gia,29.88,29.88,29.88,72.0,35.23,10000.0,0.0,100.0,7.64,10.94,252.0,1007.0,1,804,Clouds,overcast clouds,04d
2025-07-30 14:19:28,Kien Giang-Rach Gia,Rach Gia,29.88,29.88,29.88,72.0,35.23,10000.0,0.0,100.0,7.64,10.94,252.0,1007.0,1,804,Clouds,overcast clouds,04d
2025-07-30 14:23:14,Kien Giang-Rach Gia,Rach Gia,29.88,29.88,29.88,72.0,35.23,10000.0,0.0,100.0,7.64,10.94,252.0,1007.0,1,804,Clouds,overcast clouds,04d
2025-07-30 14:27:00,Kien Giang-Rach Gia,Rach Gia,29.88,29.88,29.88,72.0,35.23,10000.0,0.0,100.0,7.64,10.94,252.0,1007.0,1,804,Clouds,overcast clouds,04d
2025-07-30 14:30:46,Kien Giang-Rach Gia,Rach Gia,29.87,29.87,29.87,71.0,34.96,10000.0,0.0,100.0,7.43,10.38,252.0,1007.0,1,804,Clouds,overcast clouds,04d
2025-07-30 14:34:33,Kien Giang-Rach Gia,Rach Gia,29.92,29.92,29.92,71.0,35.08,10000.0,0.0,100.0,7.43,10.38,252.0,1007.0,1,804,Clouds,overcast clouds,04d
2025-07-30 14:38:18,Kien Giang-Rach Gia,Rach Gia,29.92,29.92,29.92,71.0,35.08,10000.0,0.0,100.0,7.43,10.38,252.0,1007.0,1,804,Clouds,overcast clouds,04d
2025-07-30 14:42:06,Kien Giang-Rach Gia,Rach Gia,29.92,29.92,29.92,71.0,35.08,10000.0,0.0,100.0,7.43,10.38,252.0,1007.0,1,804,Clouds,overcast clouds,04d
2025-07-30 14:45:52,Kien Giang-Rach Gia,Rach Gia,29.92,29.92,29.92,71.0,35.08,10000.0,0.0,100.0,7.43,10.38,252.0,1007.0,1,804,Clouds,overcast clouds,04d
2025-07-30 14:49:38,Kien Giang-Rach Gia,Rach Gia,29.92,29.92,29.92,71.0,35.08,10000.0,0.0,100.0,7.43,10.38,252.0,1007.0,1,804,Clouds,overcast clouds,04d
2025-07-30 14:53:25,Kien Giang-Rach Gia,Rach Gia,29.91,29.91,29.91,71.0,35.06,10000.0,0.0,100.0,7.43,10.38,252.0,1007.0,1,804,Clouds,overcast clouds,04d
2025-07-30 14:57:10,Kien Giang-Rach Gia,Rach Gia,29.91,29.91,29.91,71.0,35.06,10000.0,0.0,100.0,7.43,10.38,252.0,1007.0,1,804,Clouds,overcast clouds,04d
2025-07-30 15:00:56,Kien Giang-Rach Gia,Rach Gia,29.91,29.91,29.91,71.0,35.06,10000.0,0.0,100.0,7.43,10.38,252.0,1007.0,1,804,Clouds,overcast clouds,04d
2025-07-30 15:04:42,Kien Giang-Rach Gia,Rach Gia,29.94,29.94,29.94,71.0,35.13,10000.0,0.0,100.0,7.43,10.38,252.0,1007.0,1,804,Clouds,overcast clouds,04d
2025-07-30 15:08:28,Kien Giang-Rach Gia,Rach Gia,29.94,29.94,29.94,71.0,35.13,10000.0,0.0,100.0,7.43,10.38,252.0,1007.0,1,804,Clouds,overcast clouds,04d
2025-07-30 15:12:15,Kien Giang-Rach Gia,Rach Gia,29.94,29.94,29.94,71.0,35.13,10000.0,0.0,100.0,7.43,10.38,252.0,1007.0,1,804,Clouds,overcast clouds,04d
2025-07-30 15:16:01,Kien Giang-Rach Gia,Rach Gia,29.94,29.94,29.94,71.0,35.13,10000.0,0.0,100.0,7.43,10.38,252.0,1007.0,1,804,Clouds,overcast clouds,04d
2025-07-30 15:19:48,Kien Giang-Rach Gia,Rach Gia,29.94,29.94,29.94,71.0,35.13,10000.0,0.0,100.0,7.43,10.38,252.0,1007.0,1,804,Clouds,overcast clouds,04d
2025-07-30 15:23:33,Kien Giang-Rach Gia,Rach Gia,29.94,29.94,29.94,71.0,35.13,10000.0,0.0,100.0,7.43,10.38,252.0,1007.0,1,804,Clouds,overcast clouds,04d
2025-07-30 15:27:19,Kien Giang-Rach Gia,Rach Gia,29.94,29.94,29.94,71.0,35.13,10000.0,0.0,100.0,7.43,10.38,252.0,1007.0,1,804,Clouds,overcast clouds,04d
2025-07-30 15:31:05,Kien Giang-Rach Gia,Rach Gia,29.94,29.94,29.94,71.0,35.13,10000.0,0.0,100.0,7.43,10.38,252.0,1007.0,1,804,Clouds,overcast clouds,04d
2025-07-30 15:34:51,Kien Giang-Rach Gia,Rach Gia,29.63,29.63,29.63,73.0,34.83,10000.0,0.0,100.0,7.25,11.22,251.0,1006.0,1,804,Clouds,overcast clouds,04d
2025-07-30 15:38:37,Kien Giang-Rach Gia,Rach Gia,29.63,29.63,29.63,73.0,34.83,10000.0,0.0,100.0,7.25,11.22,251.0,1006.0,1,804,Clouds,overcast clouds,04d
2025-07-30 15:42:22,Kien Giang-Rach Gia,Rach Gia,29.63,29.63,29.63,73.0,34.83,10000.0,0.0,100.0,7.25,11.22,251.0,1006.0,1,804,Clouds,overcast clouds,04d
2025-07-30 15:46:09,Kien Giang-Rach Gia,Rach Gia,29.62,29.62,29.62,73.0,34.81,10000.0,0.0,100.0,7.25,11.22,251.0,1006.0,1,804,Clouds,overcast clouds,04d
2025-07-30 15:49:55,Kien Giang-Rach Gia,Rach Gia,29.62,29.62,29.62,73.0,34.81,10000.0,0.0,100.0,7.25,11.22,251.0,1006.0,1,804,Clouds,overcast clouds,04d
2025-07-30 15:53:41,Kien Giang-Rach Gia,Rach Gia,29.62,29.62,29.62,73.0,34.81,10000.0,0.0,100.0,7.25,11.22,251.0,1006.0,1,804,Clouds,overcast clouds,04d
2025-07-30 15:57:27,Kien Giang-Rach Gia,Rach Gia,29.62,29.62,29.62,73.0,34.81,10000.0,0.0,100.0,7.25,11.22,251.0,1006.0,1,804,Clouds,overcast clouds,04d
2025-07-30 16:01:13,Kien Giang-Rach Gia,Rach Gia,29.66,29.66,29.66,73.0,34.91,10000.0,0.0,100.0,7.25,11.22,251.0,1006.0,1,804,Clouds,overcast clouds,04d
2025-07-30 16:04:59,Kien Giang-Rach Gia,Rach Gia,29.66,29.66,29.66,73.0,34.91,10000.0,0.0,100.0,7.25,11.22,251.0,1006.0,1,804,Clouds,overcast clouds,04d
2025-07-30 16:08:45,Kien Giang-Rach Gia,Rach Gia,29.66,29.66,29.66,73.0,34.91,10000.0,0.0,100.0,7.25,11.22,251.0,1006.0,1,804,Clouds,overcast clouds,04d
2025-07-30 16:12:30,Kien Giang-Rach Gia,Rach Gia,29.66,29.66,29.66,73.0,34.91,10000.0,0.0,100.0,7.25,11.22,251.0,1006.0,1,804,Clouds,overcast clouds,04d
2025-07-30 16:16:17,Kien Giang-Rach Gia,Rach Gia,29.66,29.66,29.66,73.0,34.91,10000.0,0.0,100.0,7.25,11.22,251.0,1006.0,1,804,Clouds,overcast clouds,04d
2025-07-30 16:20:03,Kien Giang-Rach Gia,Rach Gia,29.66,29.66,29.66,73.0,34.91,10000.0,0.0,100.0,7.25,11.22,251.0,1006.0,1,804,Clouds,overcast clouds,04d
2025-07-30 16:23:49,Kien Giang-Rach Gia,Rach Gia,29.66,29.66,29.66,73.0,34.91,10000.0,0.0,100.0,7.25,11.22,251.0,1006.0,1,804,Clouds,overcast clouds,04d
2025-07-30 16:27:35,Kien Giang-Rach Gia,Rach Gia,29.66,29.66,29.66,73.0,34.91,10000.0,0.0,100.0,7.25,11.22,251.0,1006.0,1,804,Clouds,overcast clouds,04d
2025-07-30 16:31:21,Kien Giang-Rach Gia,Rach Gia,29.52,29.52,29.52,75.0,35.02,10000.0,0.0,99.0,7.12,11.99,250.0,1006.0,1,804,Clouds,overcast clouds,04d
2025-07-30 16:35:07,Kien Giang-Rach Gia,Rach Gia,29.52,29.52,29.52,75.0,35.02,10000.0,0.0,99.0,7.12,11.99,250.0,1006.0,1,804,Clouds,overcast clouds,04d
2025-07-30 16:38:54,Kien Giang-Rach Gia,Rach Gia,29.52,29.52,29.52,75.0,35.02,10000.0,0.0,99.0,7.12,11.99,250.0,1006.0,1,804,Clouds,overcast clouds,04d
2025-07-30 16:42:39,Kien Giang-Rach Gia,Rach Gia,29.52,29.52,29.52,75.0,35.02,10000.0,0.0,99.0,7.12,11.99,250.0,1006.0,1,804,Clouds,overcast clouds,04d
2025-07-30 16:46:25,Kien Giang-Rach Gia,Rach Gia,29.52,29.52,29.52,75.0,35.02,10000.0,0.0,99.0,7.12,11.99,250.0,1006.0,1,804,Clouds,overcast clouds,04d
2025-07-30 16:50:11,Kien Giang-Rach Gia,Rach Gia,29.52,29.52,29.52,75.0,35.02,10000.0,0.0,99.0,7.12,11.99,250.0,1006.0,1,804,Clouds,overcast clouds,04d
2025-07-30 16:53:57,Kien Giang-Rach Gia,Rach Gia,29.52,29.52,29.52,75.0,35.02,10000.0,0.0,99.0,7.12,11.99,250.0,1006.0,1,804,Clouds,overcast clouds,04d
2025-07-30 16:57:43,Kien Giang-Rach Gia,Rach Gia,29.52,29.52,29.52,75.0,35.02,10000.0,0.0,99.0,7.12,11.99,250.0,1006.0,1,804,Clouds,overcast clouds,04d
2025-07-30 17:01:41,Kien Giang-Rach Gia,Rach Gia,29.55,29.55,29.55,75.0,35.09,10000.0,0.0,99.0,7.12,11.99,250.0,1006.0,1,804,Clouds,overcast clouds,04d
2025-07-30 17:05:32,Kien Giang-Rach Gia,Rach Gia,29.55,29.55,29.55,75.0,35.09,10000.0,0.0,99.0,7.12,11.99,250.0,1006.0,1,804,Clouds,overcast clouds,04d
2025-07-30 17:09:18,Kien Giang-Rach Gia,Rach Gia,29.55,29.55,29.55,75.0,35.09,10000.0,0.0,99.0,7.12,11.99,250.0,1006.0,1,804,Clouds,overcast clouds,04d
2025-07-30 17:13:06,Kien Giang-Rach Gia,Rach Gia,29.55,29.55,29.55,75.0,35.09,10000.0,0.0,99.0,7.12,11.99,250.0,1006.0,1,804,Clouds,overcast clouds,04d
2025-07-30 17:16:52,Kien Giang-Rach Gia,Rach Gia,29.55,29.55,29.55,75.0,35.09,10000.0,0.0,99.0,7.12,11.99,250.0,1006.0,1,804,Clouds,overcast clouds,04d
2025-07-30 17:20:38,Kien Giang-Rach Gia,Rach Gia,29.55,29.55,29.55,75.0,35.09,10000.0,0.0,99.0,7.12,11.99,250.0,1006.0,1,804,Clouds,overcast clouds,04d
2025-07-30 17:24:24,Kien Giang-Rach Gia,Rach Gia,29.55,29.55,29.55,75.0,35.09,10000.0,0.0,99.0,7.12,11.99,250.0,1006.0,1,804,Clouds,overcast clouds,04d
2025-07-30 17:28:11,Kien Giang-Rach Gia,Rach Gia,29.55,29.55,29.55,75.0,35.09,10000.0,0.0,99.0,7.12,11.99,250.0,1006.0,1,804,Clouds,overcast clouds,04d
2025-07-30 17:31:57,Kien Giang-Rach Gia,Rach Gia,29.4,29.4,29.4,78.0,35.4,10000.0,0.0,99.0,7.13,11.15,250.0,1006.0,1,804,Clouds,overcast clouds,04d
2025-07-30 17:35:43,Kien Giang-Rach Gia,Rach Gia,29.4,29.4,29.4,78.0,35.4,10000.0,0.0,99.0,7.13,11.15,250.0,1006.0,1,804,Clouds,overcast clouds,04d
2025-07-30 17:40:00,Kien Giang-Rach Gia,Rach Gia,29.4,29.4,29.4,78.0,35.4,10000.0,0.0,99.0,7.13,11.15,250.0,1006.0,1,804,Clouds,overcast clouds,04d
2025-07-30 17:43:56,Kien Giang-Rach Gia,Rach Gia,29.4,29.4,29.4,78.0,35.4,10000.0,0.0,99.0,7.13,11.15,250.0,1006.0,1,804,Clouds,overcast clouds,04d
2025-07-30 17:47:42,Kien Giang-Rach Gia,Rach Gia,29.4,29.4,29.4,78.0,35.4,10000.0,0.0,99.0,7.13,11.15,250.0,1006.0,1,804,Clouds,overcast clouds,04d
2025-07-30 17:51:28,Kien Giang-Rach Gia,Rach Gia,29.35,29.35,29.35,78.0,35.26,10000.0,0.0,99.0,7.13,11.15,250.0,1006.0,1,804,Clouds,overcast clouds,04d
2025-07-30 17:55:14,Kien Giang-Rach Gia,Rach Gia,29.35,29.35,29.35,78.0,35.26,10000.0,0.0,99.0,7.13,11.15,250.0,1006.0,1,804,Clouds,overcast clouds,04d
2025-07-30 17:59:00,Kien Giang-Rach Gia,Rach Gia,29.35,29.35,29.35,78.0,35.26,10000.0,0.0,99.0,7.13,11.15,250.0,1006.0,1,804,Clouds,overcast clouds,04d
2025-07-30 18:02:46,Kien Giang-Rach Gia,Rach Gia,29.35,29.35,29.35,78.0,35.26,10000.0,0.0,99.0,7.13,11.15,250.0,1006.0,1,804,Clouds,overcast clouds,04d
2025-07-30 18:06:34,Kien Giang-Rach Gia,Rach Gia,29.37,29.37,29.37,77.0,35.08,10000.0,0.0,99.0,7.13,11.15,250.0,1006.0,1,804,Clouds,overcast clouds,04d
2025-07-30 18:10:28,Kien Giang-Rach Gia,Rach Gia,29.37,29.37,29.37,77.0,35.08,10000.0,0.0,99.0,7.13,11.15,250.0,1006.0,1,804,Clouds,overcast clouds,04d
2025-07-30 18:14:14,Kien Giang-Rach Gia,Rach Gia,29.37,29.37,29.37,77.0,35.08,10000.0,0.0,99.0,7.13,11.15,250.0,1006.0,1,804,Clouds,overcast clouds,04d
2025-07-30 18:18:00,Kien Giang-Rach Gia,Rach Gia,29.37,29.37,29.37,77.0,35.08,10000.0,0.0,99.0,7.13,11.15,250.0,1006.0,1,804,Clouds,overcast clouds,04d
2025-07-30 18:21:46,Kien Giang-Rach Gia,Rach Gia,29.37,29.37,29.37,77.0,35.08,10000.0,0.0,99.0,7.13,11.15,250.0,1006.0,1,804,Clouds,overcast clouds,04d
2025-07-30 18:25:32,Kien Giang-Rach Gia,Rach Gia,29.37,29.37,29.37,77.0,35.08,10000.0,0.0,99.0,7.13,11.15,250.0,1006.0,0,804,Clouds,overcast clouds,04d
2025-07-30 18:29:18,Kien Giang-Rach Gia,Rach Gia,29.37,29.37,29.37,77.0,35.08,10000.0,0.0,99.0,7.13,11.15,250.0,1006.0,0,804,Clouds,overcast clouds,04n
2025-07-30 18:33:03,Kien Giang-Rach Gia,Rach Gia,29.37,29.37,29.37,77.0,35.08,10000.0,0.0,99.0,7.13,11.15,250.0,1006.0,0,804,Clouds,overcast clouds,04d
2025-07-30 18:36:49,Kien Giang-Rach Gia,Rach Gia,28.94,28.94,28.94,79.0,34.36,10000.0,0.0,97.0,7.17,10.02,255.0,1007.0,0,804,Clouds,overcast clouds,04n
2025-07-30 18:40:35,Kien Giang-Rach Gia,Rach Gia,28.94,28.94,28.94,79.0,34.36,10000.0,0.0,97.0,7.17,10.02,255.0,1007.0,0,804,Clouds,overcast clouds,04n
2025-07-30 18:44:21,Kien Giang-Rach Gia,Rach Gia,28.94,28.94,28.94,79.0,34.36,10000.0,0.0,97.0,7.17,10.02,255.0,1007.0,0,804,Clouds,overcast clouds,04n
2025-07-30 18:48:07,Kien Giang-Rach Gia,Rach Gia,28.94,28.94,28.94,79.0,34.36,10000.0,0.0,97.0,7.17,10.02,255.0,1007.0,0,804,Clouds,overcast clouds,04n
2025-07-30 18:51:53,Kien Giang-Rach Gia,Rach Gia,28.9,28.9,28.9,80.0,34.46,10000.0,0.0,97.0,7.17,10.02,255.0,1007.0,0,804,Clouds,overcast clouds,04n
2025-07-30 18:55:39,Kien Giang-Rach Gia,Rach Gia,28.9,28.9,28.9,80.0,34.46,10000.0,0.0,99.0,6.55,10.14,249.0,1007.0,0,804,Clouds,overcast clouds,04n
2025-07-30 18:59:24,Kien Giang-Rach Gia,Rach Gia,28.9,28.9,28.9,80.0,34.46,10000.0,0.0,97.0,7.17,10.02,255.0,1007.0,0,804,Clouds,overcast clouds,04n
2025-07-30 19:03:10,Kien Giang-Rach Gia,Rach Gia,28.9,28.9,28.9,80.0,34.46,10000.0,0.0,99.0,6.55,10.14,249.0,1007.0,0,804,Clouds,overcast clouds,04n
2025-07-30 19:06:56,Kien Giang-Rach Gia,Rach Gia,28.9,28.9,28.9,80.0,34.46,10000.0,0.0,99.0,6.55,10.14,249.0,1007.0,0,804,Clouds,overcast clouds,04n
2025-07-30 19:10:42,Kien Giang-Rach Gia,Rach Gia,28.9,28.9,28.9,80.0,34.46,10000.0,0.0,99.0,6.55,10.14,249.0,1007.0,0,804,Clouds,overcast clouds,04n
2025-07-30 19:14:27,Kien Giang-Rach Gia,Rach Gia,28.9,28.9,28.9,80.0,34.46,10000.0,0.0,99.0,6.55,10.14,249.0,1007.0,0,804,Clouds,overcast clouds,04n
2025-07-30 19:18:13,Kien Giang-Rach Gia,Rach Gia,28.9,28.9,28.9,80.0,34.46,10000.0,0.0,99.0,6.55,10.14,249.0,1007.0,0,804,Clouds,overcast clouds,04n
2025-07-30 19:21:59,Kien Giang-Rach Gia,Rach Gia,28.9,28.9,28.9,80.0,34.46,10000.0,0.0,99.0,6.55,10.14,249.0,1007.0,0,804,Clouds,overcast clouds,04n
2025-07-30 19:25:45,Kien Giang-Rach Gia,Rach Gia,28.9,28.9,28.9,80.0,34.46,10000.0,0.0,99.0,6.55,10.14,249.0,1007.0,0,804,Clouds,overcast clouds,04n
2025-07-30 19:29:31,Kien Giang-Rach Gia,Rach Gia,28.94,28.94,28.94,79.0,34.36,10000.0,0.0,99.0,6.55,10.14,249.0,1007.0,0,804,Clouds,overcast clouds,04n
2025-07-30 19:33:16,Kien Giang-Rach Gia,Rach Gia,28.94,28.94,28.94,79.0,34.36,10000.0,0.0,99.0,6.55,10.14,249.0,1007.0,0,804,Clouds,overcast clouds,04n
2025-07-30 19:37:02,Kien Giang-Rach Gia,Rach Gia,28.74,28.74,28.74,80.0,34.03,10000.0,0.0,99.0,6.88,9.69,260.0,1008.0,0,804,Clouds,overcast clouds,04n
2025-07-30 19:40:48,Kien Giang-Rach Gia,Rach Gia,28.74,28.74,28.74,80.0,34.03,10000.0,0.0,99.0,6.88,9.69,260.0,1008.0,0,804,Clouds,overcast clouds,04n
2025-07-30 19:44:34,Kien Giang-Rach Gia,Rach Gia,28.74,28.74,28.74,80.0,34.03,10000.0,0.0,99.0,6.88,9.69,260.0,1008.0,0,804,Clouds,overcast clouds,04n
2025-07-30 19:48:19,Kien Giang-Rach Gia,Rach Gia,28.75,28.75,28.75,80.0,34.05,10000.0,0.0,99.0,6.88,9.69,260.0,1008.0,0,804,Clouds,overcast clouds,04n
2025-07-30 19:52:06,Kien Giang-Rach Gia,Rach Gia,28.75,28.75,28.75,80.0,34.05,10000.0,0.0,99.0,6.88,9.69,260.0,1008.0,0,804,Clouds,overcast clouds,04n
2025-07-30 19:55:51,Kien Giang-Rach Gia,Rach Gia,28.75,28.75,28.75,80.0,34.05,10000.0,0.0,99.0,6.88,9.69,260.0,1008.0,0,804,Clouds,overcast clouds,04n
2025-07-30 19:59:37,Kien Giang-Rach Gia,Rach Gia,28.75,28.75,28.75,80.0,34.05,10000.0,0.0,99.0,6.88,9.69,260.0,1008.0,0,804,Clouds,overcast clouds,04n
2025-07-30 20:03:23,Kien Giang-Rach Gia,Rach Gia,28.75,28.75,28.75,80.0,34.05,10000.0,0.0,99.0,6.88,9.69,260.0,1008.0,0,804,Clouds,overcast clouds,04n
2025-07-30 20:07:09,Kien Giang-Rach Gia,Rach Gia,28.75,28.75,28.75,80.0,34.05,10000.0,0.0,99.0,6.88,9.69,260.0,1008.0,0,804,Clouds,overcast clouds,04n
2025-07-30 20:10:54,Kien Giang-Rach Gia,Rach Gia,28.75,28.75,28.75,80.0,34.05,10000.0,0.0,99.0,6.88,9.69,260.0,1008.0,0,804,Clouds,overcast clouds,04n
2025-07-30 20:14:40,Kien Giang-Rach Gia,Rach Gia,28.73,28.73,28.73,80.0,34.0,10000.0,0.0,99.0,6.88,9.69,260.0,1008.0,0,804,Clouds,overcast clouds,04n
2025-07-30 20:18:26,Kien Giang-Rach Gia,Rach Gia,28.73,28.73,28.73,80.0,34.0,10000.0,0.0,99.0,6.88,9.69,260.0,1008.0,0,804,Clouds,overcast clouds,04n
2025-07-30 20:22:11,Kien Giang-Rach Gia,Rach Gia,28.73,28.73,28.73,80.0,34.0,10000.0,0.0,99.0,6.88,9.69,260.0,1008.0,0,804,Clouds,overcast clouds,04n
2025-07-30 20:25:57,Kien Giang-Rach Gia,Rach Gia,28.73,28.73,28.73,80.0,34.0,10000.0,0.0,99.0,6.88,9.69,260.0,1008.0,0,804,Clouds,overcast clouds,04n
2025-07-30 20:29:43,Kien Giang-Rach Gia,Rach Gia,28.73,28.73,28.73,80.0,34.0,10000.0,0.0,99.0,6.88,9.69,260.0,1008.0,0,804,Clouds,overcast clouds,04n
2025-07-30 20:33:28,Kien Giang-Rach Gia,Rach Gia,28.73,28.73,28.73,80.0,34.0,10000.0,0.0,99.0,6.88,9.69,260.0,1008.0,0,804,Clouds,overcast clouds,04n
2025-07-30 20:37:14,Kien Giang-Rach Gia,Rach Gia,28.77,28.77,28.77,80.0,34.11,10000.0,0.0,99.0,6.59,8.61,261.0,1008.0,0,804,Clouds,overcast clouds,04n
2025-07-30 20:41:00,Kien Giang-Rach Gia,Rach Gia,28.77,28.77,28.77,80.0,34.11,10000.0,0.0,99.0,6.59,8.61,261.0,1008.0,0,804,Clouds,overcast clouds,04n
2025-07-30 20:44:46,Kien Giang-Rach Gia,Rach Gia,28.77,28.77,28.77,80.0,34.11,10000.0,0.0,99.0,6.59,8.61,261.0,1008.0,0,804,Clouds,overcast clouds,04n
2025-07-30 20:48:32,Kien Giang-Rach Gia,Rach Gia,28.77,28.77,28.77,80.0,34.11,10000.0,0.0,99.0,6.59,8.61,261.0,1008.0,0,804,Clouds,overcast clouds,04n
2025-07-30 20:52:18,Kien Giang-Rach Gia,Rach Gia,28.77,28.77,28.77,80.0,34.11,10000.0,0.0,99.0,6.59,8.61,261.0,1008.0,0,804,Clouds,overcast clouds,04n
2025-07-30 20:56:04,Kien Giang-Rach Gia,Rach Gia,28.77,28.77,28.77,80.0,34.11,10000.0,0.0,99.0,6.59,8.61,261.0,1008.0,0,804,Clouds,overcast clouds,04n
2025-07-30 20:59:50,Kien Giang-Rach Gia,Rach Gia,28.77,28.77,28.77,80.0,34.11,10000.0,0.0,99.0,6.59,8.61,261.0,1008.0,0,804,Clouds,overcast clouds,04n
2025-07-30 21:03:35,Kien Giang-Rach Gia,Rach Gia,28.77,28.77,28.77,80.0,34.11,10000.0,0.0,99.0,6.59,8.61,261.0,1008.0,0,804,Clouds,overcast clouds,04n
2025-07-30 21:07:22,Kien Giang-Rach Gia,Rach Gia,28.76,28.76,28.76,80.0,34.08,10000.0,0.0,99.0,6.59,8.61,261.0,1008.0,0,804,Clouds,overcast clouds,04n
2025-07-30 21:11:09,Kien Giang-Rach Gia,Rach Gia,28.76,28.76,28.76,80.0,34.08,10000.0,0.0,99.0,6.59,8.61,261.0,1008.0,0,804,Clouds,overcast clouds,04n
2025-07-30 21:14:55,Kien Giang-Rach Gia,Rach Gia,28.76,28.76,28.76,80.0,34.08,10000.0,0.0,99.0,6.59,8.61,261.0,1008.0,0,804,Clouds,overcast clouds,04n
2025-07-30 21:18:41,Kien Giang-Rach Gia,Rach Gia,28.76,28.76,28.76,80.0,34.08,10000.0,0.0,99.0,6.59,8.61,261.0,1008.0,0,804,Clouds,overcast clouds,04n
2025-07-30 21:22:27,Kien Giang-Rach Gia,Rach Gia,28.76,28.76,28.76,80.0,34.08,10000.0,0.0,99.0,6.59,8.61,261.0,1008.0,0,804,Clouds,overcast clouds,04n
2025-07-30 21:26:13,Kien Giang-Rach Gia,Rach Gia,28.76,28.76,28.76,80.0,34.08,10000.0,0.0,99.0,6.59,8.61,261.0,1008.0,0,804,Clouds,overcast clouds,04n
2025-07-30 21:29:58,Kien Giang-Rach Gia,Rach Gia,28.76,28.76,28.76,80.0,34.08,10000.0,0.0,99.0,6.59,8.61,261.0,1008.0,0,804,Clouds,overcast clouds,04n
2025-07-30 21:33:44,Kien Giang-Rach Gia,Rach Gia,28.62,28.62,28.62,81.0,33.9,10000.0,0.0,100.0,5.81,8.03,257.0,1009.0,0,804,Clouds,overcast clouds,04n
2025-07-30 21:37:30,Kien Giang-Rach Gia,Rach Gia,28.62,28.62,28.62,81.0,33.9,10000.0,0.0,100.0,5.81,8.03,257.0,1009.0,0,804,Clouds,overcast clouds,04n
2025-07-30 21:41:16,Kien Giang-Rach Gia,Rach Gia,28.62,28.62,28.62,81.0,33.9,10000.0,0.0,100.0,5.81,8.03,257.0,1009.0,0,804,Clouds,overcast clouds,04n
2025-07-30 21:45:02,Kien Giang-Rach Gia,Rach Gia,28.62,28.62,28.62,81.0,33.9,10000.0,0.0,100.0,5.81,8.03,257.0,1009.0,0,804,Clouds,overcast clouds,04n
2025-07-30 21:48:48,Kien Giang-Rach Gia,Rach Gia,28.62,28.62,28.62,81.0,33.9,10000.0,0.0,100.0,5.81,8.03,257.0,1009.0,0,804,Clouds,overcast clouds,04n
2025-07-30 21:52:34,Kien Giang-Rach Gia,Rach Gia,28.62,28.62,28.62,81.0,33.9,10000.0,0.0,100.0,5.81,8.03,257.0,1009.0,0,804,Clouds,overcast clouds,04n
2025-07-30 21:56:20,Kien Giang-Rach Gia,Rach Gia,28.62,28.62,28.62,81.0,33.9,10000.0,0.0,100.0,5.81,8.03,257.0,1009.0,0,804,Clouds,overcast clouds,04n
2025-07-30 22:00:06,Kien Giang-Rach Gia,Rach Gia,28.62,28.62,28.62,81.0,33.9,10000.0,0.0,100.0,5.81,8.03,257.0,1009.0,0,804,Clouds,overcast clouds,04n
2025-07-30 22:03:52,Kien Giang-Rach Gia,Rach Gia,28.61,28.61,28.61,81.0,33.87,10000.0,0.0,100.0,5.81,8.03,257.0,1009.0,0,804,Clouds,overcast clouds,04n
2025-07-30 22:07:38,Kien Giang-Rach Gia,Rach Gia,28.61,28.61,28.61,81.0,33.87,10000.0,0.0,100.0,5.81,8.03,257.0,1009.0,0,804,Clouds,overcast clouds,04n
2025-07-30 22:11:24,Kien Giang-Rach Gia,Rach Gia,28.61,28.61,28.61,81.0,33.87,10000.0,0.0,100.0,5.81,8.03,257.0,1009.0,0,804,Clouds,overcast clouds,04n
2025-07-30 22:15:10,Kien Giang-Rach Gia,Rach Gia,28.61,28.61,28.61,81.0,33.87,10000.0,0.0,100.0,5.81,8.03,257.0,1009.0,0,804,Clouds,overcast clouds,04n
2025-07-30 22:18:57,Kien Giang-Rach Gia,Rach Gia,28.61,28.61,28.61,81.0,33.87,10000.0,0.0,100.0,5.81,8.03,257.0,1009.0,0,804,Clouds,overcast clouds,04n
2025-07-30 22:22:43,Kien Giang-Rach Gia,Rach Gia,28.61,28.61,28.61,81.0,33.87,10000.0,0.0,100.0,5.81,8.03,257.0,1009.0,0,804,Clouds,overcast clouds,04n
2025-07-30 22:26:29,Kien Giang-Rach Gia,Rach Gia,28.61,28.61,28.61,81.0,33.87,10000.0,0.0,100.0,5.81,8.03,257.0,1009.0,0,804,Clouds,overcast clouds,04n
2025-07-30 22:30:14,Kien Giang-Rach Gia,Rach Gia,28.21,28.21,28.21,82.0,32.97,6214.0,0.0,100.0,4.79,7.1,248.0,1009.0,0,804,Clouds,overcast clouds,04n
2025-07-30 22:34:00,Kien Giang-Rach Gia,Rach Gia,28.21,28.21,28.21,82.0,32.97,6214.0,0.0,100.0,4.79,7.1,248.0,1009.0,0,804,Clouds,overcast clouds,04n
2025-07-30 22:37:46,Kien Giang-Rach Gia,Rach Gia,28.21,28.21,28.21,82.0,32.97,6214.0,0.0,100.0,4.79,7.1,248.0,1009.0,0,804,Clouds,overcast clouds,04n
2025-07-30 22:41:32,Kien Giang-Rach Gia,Rach Gia,28.21,28.21,28.21,82.0,32.97,6214.0,0.0,100.0,4.79,7.1,248.0,1009.0,0,804,Clouds,overcast clouds,04n
2025-07-30 22:45:18,Kien Giang-Rach Gia,Rach Gia,28.21,28.21,28.21,82.0,32.97,6214.0,0.0,100.0,4.79,7.1,248.0,1009.0,0,804,Clouds,overcast clouds,04n
2025-07-30 22:49:04,Kien Giang-Rach Gia,Rach Gia,28.21,28.21,28.21,82.0,32.97,6214.0,0.0,100.0,4.79,7.1,248.0,1009.0,0,804,Clouds,overcast clouds,04n
2025-07-30 22:52:50,Kien Giang-Rach Gia,Rach Gia,28.21,28.21,28.21,82.0,32.97,6214.0,0.0,100.0,4.79,7.1,248.0,1009.0,0,804,Clouds,overcast clouds,04n
2025-07-30 22:56:35,Kien Giang-Rach Gia,Rach Gia,28.21,28.21,28.21,82.0,32.97,6214.0,0.0,100.0,4.79,7.1,248.0,1009.0,0,804,Clouds,overcast clouds,04n
2025-07-30 23:00:21,Kien Giang-Rach Gia,Rach Gia,28.21,28.21,28.21,82.0,32.97,6214.0,0.0,100.0,4.79,7.1,248.0,1009.0,0,804,Clouds,overcast clouds,04n
2025-07-30 23:04:07,Kien Giang-Rach Gia,Rach Gia,28.21,28.21,28.21,82.0,32.97,6214.0,0.0,100.0,4.79,7.1,248.0,1009.0,0,804,Clouds,overcast clouds,04n
2025-07-30 23:07:53,Kien Giang-Rach Gia,Rach Gia,28.21,28.21,28.21,82.0,32.97,6214.0,0.0,100.0,4.79,7.1,248.0,1009.0,0,804,Clouds,overcast clouds,04n
2025-07-30 23:11:39,Kien Giang-Rach Gia,Rach Gia,28.21,28.21,28.21,82.0,32.97,6214.0,0.0,100.0,4.79,7.1,248.0,1009.0,0,804,Clouds,overcast clouds,04n
2025-07-30 23:15:25,Kien Giang-Rach Gia,Rach Gia,28.21,28.21,28.21,82.0,32.97,6214.0,0.0,100.0,4.79,7.1,248.0,1009.0,0,804,Clouds,overcast clouds,04n
2025-07-30 23:19:12,Kien Giang-Rach Gia,Rach Gia,28.21,28.21,28.21,82.0,32.97,6214.0,0.0,100.0,4.79,7.1,248.0,1009.0,0,804,Clouds,overcast clouds,04n
2025-07-30 23:22:58,Kien Giang-Rach Gia,Rach Gia,28.21,28.21,28.21,82.0,32.97,6214.0,0.0,100.0,4.79,7.1,248.0,1009.0,0,804,Clouds,overcast clouds,04n
2025-07-30 23:26:43,Kien Giang-Rach Gia,Rach Gia,28.21,28.21,28.21,82.0,32.97,6214.0,0.0,100.0,4.79,7.1,248.0,1009.0,0,804,Clouds,overcast clouds,04n
2025-07-30 23:30:37,Kien Giang-Rach Gia,Rach Gia,28.3,28.3,28.3,81.0,33.04,10000.0,0.0,85.0,4.65,7.57,249.0,1008.0,0,804,Clouds,overcast clouds,04n
2025-07-30 23:34:40,Kien Giang-Rach Gia,Rach Gia,28.3,28.3,28.3,81.0,33.04,10000.0,0.0,85.0,4.65,7.57,249.0,1008.0,0,804,Clouds,overcast clouds,04n
2025-07-30 23:38:42,Kien Giang-Rach Gia,Rach Gia,28.3,28.3,28.3,81.0,33.04,10000.0,0.0,85.0,4.65,7.57,249.0,1008.0,0,804,Clouds,overcast clouds,04n
2025-07-30 23:42:51,Kien Giang-Rach Gia,Rach Gia,28.3,28.3,28.3,81.0,33.04,10000.0,0.0,85.0,4.65,7.57,249.0,1008.0,0,804,Clouds,overcast clouds,04n
2025-07-30 23:46:43,Kien Giang-Rach Gia,Rach Gia,28.3,28.3,28.3,81.0,33.04,10000.0,0.0,85.0,4.65,7.57,249.0,1008.0,0,804,Clouds,overcast clouds,04n
2025-07-30 23:50:29,Kien Giang-Rach Gia,Rach Gia,28.3,28.3,28.3,81.0,33.04,10000.0,0.0,85.0,4.65,7.57,249.0,1008.0,0,804,Clouds,overcast clouds,04n
2025-07-30 23:54:15,Kien Giang-Rach Gia,Rach Gia,28.3,28.3,28.3,81.0,33.04,10000.0,0.0,85.0,4.65,7.57,249.0,1008.0,0,804,Clouds,overcast clouds,04n
2025-07-30 23:58:01,Kien Giang-Rach Gia,Rach Gia,28.3,28.3,28.3,81.0,33.04,10000.0,0.0,85.0,4.65,7.57,249.0,1008.0,0,804,Clouds,overcast clouds,04n
2025-07-31 00:01:47,Kien Giang-Rach Gia,Rach Gia,28.29,28.29,28.29,81.0,33.01,10000.0,0.0,85.0,4.65,7.57,249.0,1008.0,0,804,Clouds,overcast clouds,04n
2025-07-31 00:05:33,Kien Giang-Rach Gia,Rach Gia,28.3,28.3,28.3,81.0,33.04,10000.0,0.0,85.0,4.65,7.57,249.0,1008.0,0,804,Clouds,overcast clouds,04n
2025-07-31 00:09:19,Kien Giang-Rach Gia,Rach Gia,28.29,28.29,28.29,81.0,33.01,10000.0,0.0,85.0,4.65,7.57,249.0,1008.0,0,804,Clouds,overcast clouds,04n
2025-07-31 00:13:06,Kien Giang-Rach Gia,Rach Gia,28.29,28.29,28.29,81.0,33.01,10000.0,0.0,85.0,4.65,7.57,249.0,1008.0,0,804,Clouds,overcast clouds,04n
2025-07-31 00:16:52,Kien Giang-Rach Gia,Rach Gia,28.29,28.29,28.29,81.0,33.01,10000.0,0.0,85.0,4.65,7.57,249.0,1008.0,0,804,Clouds,overcast clouds,04n
2025-07-31 00:20:39,Kien Giang-Rach Gia,Rach Gia,28.29,28.29,28.29,81.0,33.01,10000.0,0.0,85.0,4.65,7.57,249.0,1008.0,0,804,Clouds,overcast clouds,04n
2025-07-31 00:24:25,Kien Giang-Rach Gia,Rach Gia,28.29,28.29,28.29,81.0,33.01,10000.0,0.0,85.0,4.65,7.57,249.0,1008.0,0,804,Clouds,overcast clouds,04n
2025-07-31 00:28:11,Kien Giang-Rach Gia,Rach Gia,28.29,28.29,28.29,81.0,33.01,10000.0,0.0,85.0,4.65,7.57,249.0,1008.0,0,804,Clouds,overcast clouds,04n
2025-07-31 00:31:57,Kien Giang-Rach Gia,Rach Gia,28.22,28.22,28.22,80.0,32.66,10000.0,0.0,78.0,5.39,8.78,249.0,1008.0,0,803,Clouds,broken clouds,04n
2025-07-31 00:35:42,Kien Giang-Rach Gia,Rach Gia,28.22,28.22,28.22,80.0,32.66,10000.0,0.0,78.0,5.39,8.78,249.0,1008.0,0,803,Clouds,broken clouds,04n
2025-07-31 00:39:28,Kien Giang-Rach Gia,Rach Gia,28.22,28.22,28.22,80.0,32.66,10000.0,0.0,78.0,5.39,8.78,249.0,1008.0,0,803,Clouds,broken clouds,04n
2025-07-31 00:43:14,Kien Giang-Rach Gia,Rach Gia,28.22,28.22,28.22,80.0,32.66,10000.0,0.0,78.0,5.39,8.78,249.0,1008.0,0,803,Clouds,broken clouds,04n
2025-07-31 00:47:00,Kien Giang-Rach Gia,Rach Gia,28.22,28.22,28.22,80.0,32.66,10000.0,0.0,78.0,5.39,8.78,249.0,1008.0,0,803,Clouds,broken clouds,04n
2025-07-31 00:50:46,Kien Giang-Rach Gia,Rach Gia,28.4,28.4,28.4,80.0,33.12,10000.0,0.0,86.0,5.58,8.56,247.0,1008.0,0,804,Clouds,overcast clouds,04n
2025-07-31 00:54:32,Kien Giang-Rach Gia,Rach Gia,28.4,28.4,28.4,80.0,33.12,10000.0,0.0,86.0,5.58,8.56,247.0,1008.0,0,804,Clouds,overcast clouds,04n
2025-07-31 00:58:18,Kien Giang-Rach Gia,Rach Gia,28.4,28.4,28.4,80.0,33.12,10000.0,0.0,86.0,5.58,8.56,247.0,1008.0,0,804,Clouds,overcast clouds,04n
2025-07-31 01:02:03,Kien Giang-Rach Gia,Rach Gia,28.4,28.4,28.4,80.0,33.12,10000.0,0.0,86.0,5.58,8.56,247.0,1008.0,0,804,Clouds,overcast clouds,04n
2025-07-31 01:05:49,Kien Giang-Rach Gia,Rach Gia,28.4,28.4,28.4,80.0,33.12,10000.0,0.0,86.0,5.58,8.56,247.0,1008.0,0,804,Clouds,overcast clouds,04n
2025-07-31 01:09:34,Kien Giang-Rach Gia,Rach Gia,28.4,28.4,28.4,80.0,33.12,10000.0,0.0,86.0,5.58,8.56,247.0,1008.0,0,804,Clouds,overcast clouds,04n
2025-07-31 01:13:20,Kien Giang-Rach Gia,Rach Gia,28.4,28.4,28.4,80.0,33.12,10000.0,0.0,86.0,5.58,8.56,247.0,1008.0,0,804,Clouds,overcast clouds,04n
2025-07-31 01:17:07,Kien Giang-Rach Gia,Rach Gia,28.4,28.4,28.4,80.0,33.12,10000.0,0.0,86.0,5.58,8.56,247.0,1008.0,0,804,Clouds,overcast clouds,04n
2025-07-31 01:20:53,Kien Giang-Rach Gia,Rach Gia,28.4,28.4,28.4,80.0,33.12,10000.0,0.0,86.0,5.58,8.56,247.0,1008.0,0,804,Clouds,overcast clouds,04n
2025-07-31 01:24:39,Kien Giang-Rach Gia,Rach Gia,28.4,28.4,28.4,80.0,33.12,10000.0,0.0,86.0,5.58,8.56,247.0,1008.0,0,804,Clouds,overcast clouds,04n
2025-07-31 01:28:25,Kien Giang-Rach Gia,Rach Gia,28.4,28.4,28.4,80.0,33.12,10000.0,0.0,86.0,5.58,8.56,247.0,1008.0,0,804,Clouds,overcast clouds,04n
2025-07-31 01:32:11,Kien Giang-Rach Gia,Rach Gia,28.4,28.4,28.4,80.0,33.12,10000.0,0.0,86.0,5.58,8.56,247.0,1008.0,0,804,Clouds,overcast clouds,04n
2025-07-31 01:35:57,Kien Giang-Rach Gia,Rach Gia,28.26,28.26,28.26,78.0,32.42,10000.0,0.0,32.0,5.83,8.53,249.0,1007.0,0,802,Clouds,scattered clouds,03n
2025-07-31 01:39:43,Kien Giang-Rach Gia,Rach Gia,28.26,28.26,28.26,78.0,32.42,10000.0,0.0,32.0,5.83,8.53,249.0,1007.0,0,802,Clouds,scattered clouds,03n
2025-07-31 01:43:29,Kien Giang-Rach Gia,Rach Gia,28.26,28.26,28.26,78.0,32.42,10000.0,0.0,32.0,5.83,8.53,249.0,1007.0,0,802,Clouds,scattered clouds,03n
2025-07-31 01:47:15,Kien Giang-Rach Gia,Rach Gia,28.26,28.26,28.26,78.0,32.42,10000.0,0.0,32.0,5.83,8.53,249.0,1007.0,0,802,Clouds,scattered clouds,03n
2025-07-31 01:51:01,Kien Giang-Rach Gia,Rach Gia,28.26,28.26,28.26,78.0,32.42,10000.0,0.0,32.0,5.83,8.53,249.0,1007.0,0,802,Clouds,scattered clouds,03n
2025-07-31 01:54:47,Kien Giang-Rach Gia,Rach Gia,28.26,28.26,28.26,78.0,32.42,10000.0,0.0,32.0,5.83,8.53,249.0,1007.0,0,802,Clouds,scattered clouds,03n
2025-07-31 01:58:33,Kien Giang-Rach Gia,Rach Gia,28.26,28.26,28.26,78.0,32.42,10000.0,0.0,32.0,5.83,8.53,249.0,1007.0,0,802,Clouds,scattered clouds,03n
2025-07-31 02:02:19,Kien Giang-Rach Gia,Rach Gia,28.26,28.26,28.26,78.0,32.42,10000.0,0.0,32.0,5.83,8.53,249.0,1007.0,0,802,Clouds,scattered clouds,03n
2025-07-31 02:06:04,Kien Giang-Rach Gia,Rach Gia,28.26,28.26,28.26,78.0,32.42,10000.0,0.0,32.0,5.83,8.53,249.0,1007.0,0,802,Clouds,scattered clouds,03n
2025-07-31 02:09:50,Kien Giang-Rach Gia,Rach Gia,28.26,28.26,28.26,79.0,32.59,10000.0,0.0,32.0,5.83,8.53,249.0,1007.0,0,802,Clouds,scattered clouds,03n
2025-07-31 02:13:36,Kien Giang-Rach Gia,Rach Gia,28.26,28.26,28.26,79.0,32.59,10000.0,0.0,32.0,5.83,8.53,249.0,1007.0,0,802,Clouds,scattered clouds,03n
2025-07-31 02:17:22,Kien Giang-Rach Gia,Rach Gia,28.26,28.26,28.26,79.0,32.59,10000.0,0.0,32.0,5.83,8.53,249.0,1007.0,0,802,Clouds,scattered clouds,03n
2025-07-31 02:21:08,Kien Giang-Rach Gia,Rach Gia,28.26,28.26,28.26,79.0,32.59,10000.0,0.0,32.0,5.83,8.53,249.0,1007.0,0,802,Clouds,scattered clouds,03n
2025-07-31 02:24:54,Kien Giang-Rach Gia,Rach Gia,28.26,28.26,28.26,79.0,32.59,10000.0,0.0,32.0,5.83,8.53,249.0,1007.0,0,802,Clouds,scattered clouds,03n
2025-07-31 02:28:39,Kien Giang-Rach Gia,Rach Gia,28.26,28.26,28.26,79.0,32.59,10000.0,0.0,32.0,5.83,8.53,249.0,1007.0,0,802,Clouds,scattered clouds,03n
2025-07-31 02:32:26,Kien Giang-Rach Gia,Rach Gia,28.26,28.26,28.26,79.0,32.59,10000.0,0.0,32.0,5.83,8.53,249.0,1007.0,0,802,Clouds,scattered clouds,03n
2025-07-31 02:36:11,Kien Giang-Rach Gia,Rach Gia,28.26,28.26,28.26,79.0,32.59,10000.0,0.0,32.0,5.83,8.53,249.0,1007.0,0,802,Clouds,scattered clouds,03n
2025-07-31 02:39:58,Kien Giang-Rach Gia,Rach Gia,28.27,28.27,28.27,78.0,32.45,10000.0,0.0,35.0,6.15,9.12,251.0,1007.0,0,802,Clouds,scattered clouds,03n
2025-07-31 02:43:43,Kien Giang-Rach Gia,Rach Gia,28.27,28.27,28.27,78.0,32.45,10000.0,0.0,35.0,6.15,9.12,251.0,1007.0,0,802,Clouds,scattered clouds,03n
2025-07-31 02:47:29,Kien Giang-Rach Gia,Rach Gia,28.27,28.27,28.27,78.0,32.45,10000.0,0.0,35.0,6.15,9.12,251.0,1007.0,0,802,Clouds,scattered clouds,03n
2025-07-31 02:51:15,Kien Giang-Rach Gia,Rach Gia,28.27,28.27,28.27,78.0,32.45,10000.0,0.0,35.0,6.15,9.12,251.0,1007.0,0,802,Clouds,scattered clouds,03n
2025-07-31 02:55:01,Kien Giang-Rach Gia,Rach Gia,28.27,28.27,28.27,78.0,32.45,10000.0,0.0,35.0,6.15,9.12,251.0,1007.0,0,802,Clouds,scattered clouds,03n
2025-07-31 02:58:46,Kien Giang-Rach Gia,Rach Gia,28.27,28.27,28.27,78.0,32.45,10000.0,0.0,35.0,6.15,9.12,251.0,1007.0,0,802,Clouds,scattered clouds,03n
2025-07-31 03:02:32,Kien Giang-Rach Gia,Rach Gia,28.26,28.26,28.26,78.0,32.42,10000.0,0.0,35.0,6.15,9.12,251.0,1007.0,0,802,Clouds,scattered clouds,03n
2025-07-31 03:06:18,Kien Giang-Rach Gia,Rach Gia,28.26,28.26,28.26,78.0,32.42,10000.0,0.0,35.0,6.15,9.12,251.0,1007.0,0,802,Clouds,scattered clouds,03n
2025-07-31 03:10:04,Kien Giang-Rach Gia,Rach Gia,28.26,28.26,28.26,78.0,32.42,10000.0,0.0,35.0,6.15,9.12,251.0,1007.0,0,802,Clouds,scattered clouds,03n
2025-07-31 03:13:50,Kien Giang-Rach Gia,Rach Gia,28.26,28.26,28.26,78.0,32.42,10000.0,0.0,35.0,6.15,9.12,251.0,1007.0,0,802,Clouds,scattered clouds,03n
2025-07-31 03:17:36,Kien Giang-Rach Gia,Rach Gia,28.26,28.26,28.26,78.0,32.42,10000.0,0.0,35.0,6.15,9.12,251.0,1007.0,0,802,Clouds,scattered clouds,03n
2025-07-31 03:21:21,Kien Giang-Rach Gia,Rach Gia,28.26,28.26,28.26,78.0,32.42,10000.0,0.0,35.0,6.15,9.12,251.0,1007.0,0,802,Clouds,scattered clouds,03n
2025-07-31 03:25:07,Kien Giang-Rach Gia,Rach Gia,28.26,28.26,28.26,78.0,32.42,10000.0,0.0,35.0,6.15,9.12,251.0,1007.0,0,802,Clouds,scattered clouds,03n
2025-07-31 03:28:53,Kien Giang-Rach Gia,Rach Gia,28.26,28.26,28.26,78.0,32.42,10000.0,0.0,35.0,6.15,9.12,251.0,1007.0,0,802,Clouds,scattered clouds,03n
2025-07-31 03:32:39,Kien Giang-Rach Gia,Rach Gia,28.26,28.26,28.26,78.0,32.42,10000.0,0.0,35.0,6.15,9.12,251.0,1007.0,0,802,Clouds,scattered clouds,03n
2025-07-31 03:36:25,Kien Giang-Rach Gia,Rach Gia,28.21,28.21,28.21,78.0,32.3,10000.0,0.0,58.0,6.58,9.49,257.0,1007.0,0,803,Clouds,broken clouds,04n
2025-07-31 03:40:11,Kien Giang-Rach Gia,Rach Gia,28.21,28.21,28.21,78.0,32.3,10000.0,0.0,58.0,6.58,9.49,257.0,1007.0,0,803,Clouds,broken clouds,04n
2025-07-31 03:43:57,Kien Giang-Rach Gia,Rach Gia,28.21,28.21,28.21,78.0,32.3,10000.0,0.0,58.0,6.58,9.49,257.0,1007.0,0,803,Clouds,broken clouds,04n
2025-07-31 03:47:42,Kien Giang-Rach Gia,Rach Gia,28.21,28.21,28.21,78.0,32.3,10000.0,0.0,58.0,6.58,9.49,257.0,1007.0,0,803,Clouds,broken clouds,04n
2025-07-31 03:51:27,Kien Giang-Rach Gia,Rach Gia,28.21,28.21,28.21,78.0,32.3,10000.0,0.0,58.0,6.58,9.49,257.0,1007.0,0,803,Clouds,broken clouds,04n
2025-07-31 03:55:13,Kien Giang-Rach Gia,Rach Gia,28.21,28.21,28.21,78.0,32.3,10000.0,0.0,58.0,6.58,9.49,257.0,1007.0,0,803,Clouds,broken clouds,04n
2025-07-31 03:58:59,Kien Giang-Rach Gia,Rach Gia,28.21,28.21,28.21,78.0,32.3,10000.0,0.0,58.0,6.58,9.49,257.0,1007.0,0,803,Clouds,broken clouds,04n
2025-07-31 04:02:45,Kien Giang-Rach Gia,Rach Gia,28.21,28.21,28.21,78.0,32.3,10000.0,0.0,58.0,6.58,9.49,257.0,1007.0,0,803,Clouds,broken clouds,04n
2025-07-31 04:06:32,Kien Giang-Rach Gia,Rach Gia,28.21,28.21,28.21,78.0,32.3,10000.0,0.0,58.0,6.58,9.49,257.0,1007.0,0,803,Clouds,broken clouds,04n
2025-07-31 04:10:18,Kien Giang-Rach Gia,Rach Gia,28.21,28.21,28.21,78.0,32.3,10000.0,0.0,58.0,6.58,9.49,257.0,1007.0,0,803,Clouds,broken clouds,04n
2025-07-31 04:14:05,Kien Giang-Rach Gia,Rach Gia,28.21,28.21,28.21,78.0,32.3,10000.0,0.0,58.0,6.58,9.49,257.0,1007.0,0,803,Clouds,broken clouds,04n
2025-07-31 04:17:51,Kien Giang-Rach Gia,Rach Gia,28.21,28.21,28.21,78.0,32.3,10000.0,0.0,58.0,6.58,9.49,257.0,1007.0,0,803,Clouds,broken clouds,04n
2025-07-31 04:21:37,Kien Giang-Rach Gia,Rach Gia,28.21,28.21,28.21,78.0,32.3,10000.0,0.0,58.0,6.58,9.49,257.0,1007.0,0,803,Clouds,broken clouds,04n
2025-07-31 04:25:23,Kien Giang-Rach Gia,Rach Gia,28.21,28.21,28.21,78.0,32.3,10000.0,0.0,58.0,6.58,9.49,257.0,1007.0,0,803,Clouds,broken clouds,04n
2025-07-31 04:29:09,Kien Giang-Rach Gia,Rach Gia,28.21,28.21,28.21,78.0,32.3,10000.0,0.0,58.0,6.58,9.49,257.0,1007.0,0,803,Clouds,broken clouds,04n
2025-07-31 04:32:55,Kien Giang-Rach Gia,Rach Gia,28.22,28.22,28.22,77.0,32.16,10000.0,0.0,69.0,6.48,9.07,262.0,1008.0,0,803,Clouds,broken clouds,04n
2025-07-31 04:36:41,Kien Giang-Rach Gia,Rach Gia,28.22,28.22,28.22,77.0,32.16,10000.0,0.0,69.0,6.48,9.07,262.0,1008.0,0,803,Clouds,broken clouds,04n
2025-07-31 04:40:27,Kien Giang-Rach Gia,Rach Gia,28.22,28.22,28.22,77.0,32.16,10000.0,0.0,69.0,6.48,9.07,262.0,1008.0,0,803,Clouds,broken clouds,04n
2025-07-31 04:44:13,Kien Giang-Rach Gia,Rach Gia,28.22,28.22,28.22,77.0,32.16,10000.0,0.0,69.0,6.48,9.07,262.0,1008.0,0,803,Clouds,broken clouds,04n
2025-07-31 04:47:59,Kien Giang-Rach Gia,Rach Gia,28.22,28.22,28.22,77.0,32.16,10000.0,0.0,69.0,6.48,9.07,262.0,1008.0,0,803,Clouds,broken clouds,04n
2025-07-31 04:51:45,Kien Giang-Rach Gia,Rach Gia,28.22,28.22,28.22,77.0,32.16,10000.0,0.0,69.0,6.48,9.07,262.0,1008.0,0,803,Clouds,broken clouds,04n
2025-07-31 04:55:31,Kien Giang-Rach Gia,Rach Gia,28.22,28.22,28.22,77.0,32.16,10000.0,0.0,69.0,6.48,9.07,262.0,1008.0,0,803,Clouds,broken clouds,04n
2025-07-31 04:59:16,Kien Giang-Rach Gia,Rach Gia,28.22,28.22,28.22,77.0,32.16,10000.0,0.0,69.0,6.48,9.07,262.0,1008.0,0,803,Clouds,broken clouds,04n
2025-07-31 05:03:02,Kien Giang-Rach Gia,Rach Gia,28.22,28.22,28.22,77.0,32.16,10000.0,0.0,69.0,6.48,9.07,262.0,1008.0,0,803,Clouds,broken clouds,04n
2025-07-31 05:06:48,Kien Giang-Rach Gia,Rach Gia,28.22,28.22,28.22,77.0,32.16,10000.0,0.0,69.0,6.48,9.07,262.0,1008.0,0,803,Clouds,broken clouds,04n
2025-07-31 05:10:34,Kien Giang-Rach Gia,Rach Gia,28.22,28.22,28.22,77.0,32.16,10000.0,0.0,69.0,6.48,9.07,262.0,1008.0,0,803,Clouds,broken clouds,04n
2025-07-31 05:14:20,Kien Giang-Rach Gia,Rach Gia,28.22,28.22,28.22,77.0,32.16,10000.0,0.0,69.0,6.48,9.07,262.0,1008.0,0,803,Clouds,broken clouds,04n
2025-07-31 05:18:06,Kien Giang-Rach Gia,Rach Gia,28.22,28.22,28.22,77.0,32.16,10000.0,0.0,69.0,6.48,9.07,262.0,1008.0,0,803,Clouds,broken clouds,04n
2025-07-31 05:21:52,Kien Giang-Rach Gia,Rach Gia,28.22,28.22,28.22,77.0,32.16,10000.0,0.0,69.0,6.48,9.07,262.0,1008.0,0,803,Clouds,broken clouds,04n
2025-07-31 05:25:38,Kien Giang-Rach Gia,Rach Gia,28.22,28.22,28.22,77.0,32.16,10000.0,0.0,69.0,6.48,9.07,262.0,1008.0,0,803,Clouds,broken clouds,04n
2025-07-31 05:29:24,Kien Giang-Rach Gia,Rach Gia,28.22,28.22,28.22,77.0,32.16,10000.0,0.0,69.0,6.48,9.07,262.0,1008.0,0,803,Clouds,broken clouds,04n
2025-07-31 05:33:09,Kien Giang-Rach Gia,Rach Gia,28.22,28.22,28.22,77.0,32.16,10000.0,0.0,69.0,6.48,9.07,262.0,1008.0,0,803,Clouds,broken clouds,04n
2025-07-31 05:36:55,Kien Giang-Rach Gia,Rach Gia,28.14,28.14,28.14,77.0,31.97,10000.0,0.0,75.0,6.73,8.71,264.0,1008.0,0,803,Clouds,broken clouds,04n
2025-07-31 05:40:41,Kien Giang-Rach Gia,Rach Gia,28.14,28.14,28.14,77.0,31.97,10000.0,0.0,75.0,6.73,8.71,264.0,1008.0,0,803,Clouds,broken clouds,04n
2025-07-31 05:44:27,Kien Giang-Rach Gia,Rach Gia,28.14,28.14,28.14,77.0,31.97,10000.0,0.0,75.0,6.73,8.71,264.0,1008.0,0,803,Clouds,broken clouds,04n
2025-07-31 05:48:13,Kien Giang-Rach Gia,Rach Gia,28.14,28.14,28.14,77.0,31.97,10000.0,0.0,75.0,6.73,8.71,264.0,1008.0,0,803,Clouds,broken clouds,04n
2025-07-31 05:51:58,Kien Giang-Rach Gia,Rach Gia,28.14,28.14,28.14,77.0,31.97,10000.0,0.0,75.0,6.73,8.71,264.0,1008.0,1,803,Clouds,broken clouds,04n
2025-07-31 05:55:44,Kien Giang-Rach Gia,Rach Gia,28.14,28.14,28.14,77.0,31.97,10000.0,0.0,75.0,6.73,8.71,264.0,1008.0,1,803,Clouds,broken clouds,04d
2025-07-31 05:59:31,Kien Giang-Rach Gia,Rach Gia,28.14,28.14,28.14,77.0,31.97,10000.0,0.0,75.0,6.73,8.71,264.0,1008.0,1,803,Clouds,broken clouds,04d
2025-07-31 06:03:17,Kien Giang-Rach Gia,Rach Gia,28.14,28.14,28.14,77.0,31.97,10000.0,0.0,75.0,6.73,8.71,264.0,1008.0,1,803,Clouds,broken clouds,04d
2025-07-31 06:07:02,Kien Giang-Rach Gia,Rach Gia,28.14,28.14,28.14,77.0,31.97,10000.0,0.0,75.0,6.73,8.71,264.0,1008.0,1,803,Clouds,broken clouds,04d
2025-07-31 06:10:48,Kien Giang-Rach Gia,Rach Gia,28.14,28.14,28.14,77.0,31.97,10000.0,0.0,75.0,6.73,8.71,264.0,1008.0,1,803,Clouds,broken clouds,04d
2025-07-31 06:14:34,Kien Giang-Rach Gia,Rach Gia,28.14,28.14,28.14,77.0,31.97,10000.0,0.0,75.0,6.73,8.71,264.0,1008.0,1,803,Clouds,broken clouds,04d
2025-07-31 06:18:20,Kien Giang-Rach Gia,Rach Gia,28.14,28.14,28.14,77.0,31.97,10000.0,0.0,75.0,6.73,8.71,264.0,1008.0,1,803,Clouds,broken clouds,04d
2025-07-31 06:22:06,Kien Giang-Rach Gia,Rach Gia,28.14,28.14,28.14,77.0,31.97,10000.0,0.0,75.0,6.73,8.71,264.0,1008.0,1,803,Clouds,broken clouds,04d
2025-07-31 06:25:52,Kien Giang-Rach Gia,Rach Gia,28.14,28.14,28.14,77.0,31.97,10000.0,0.0,75.0,6.73,8.71,264.0,1008.0,1,803,Clouds,broken clouds,04d
2025-07-31 06:29:37,Kien Giang-Rach Gia,Rach Gia,28.14,28.14,28.14,77.0,31.97,10000.0,0.0,75.0,6.73,8.71,264.0,1008.0,1,803,Clouds,broken clouds,04d
2025-07-31 06:33:23,Kien Giang-Rach Gia,Rach Gia,28.41,28.41,28.41,76.0,32.45,10000.0,0.0,79.0,6.79,9.43,261.0,1008.0,1,803,Clouds,broken clouds,04d
2025-07-31 06:37:09,Kien Giang-Rach Gia,Rach Gia,28.41,28.41,28.41,76.0,32.45,10000.0,0.0,79.0,6.79,9.43,261.0,1008.0,1,803,Clouds,broken clouds,04d
2025-07-31 06:40:56,Kien Giang-Rach Gia,Rach Gia,28.41,28.41,28.41,76.0,32.45,10000.0,0.0,79.0,6.79,9.43,261.0,1008.0,1,803,Clouds,broken clouds,04d
2025-07-31 06:44:41,Kien Giang-Rach Gia,Rach Gia,28.41,28.41,28.41,76.0,32.45,10000.0,0.0,79.0,6.79,9.43,261.0,1008.0,1,803,Clouds,broken clouds,04d
2025-07-31 06:48:27,Kien Giang-Rach Gia,Rach Gia,28.41,28.41,28.41,76.0,32.45,10000.0,0.0,79.0,6.79,9.43,261.0,1008.0,1,803,Clouds,broken clouds,04d
2025-07-31 06:52:14,Kien Giang-Rach Gia,Rach Gia,28.41,28.41,28.41,76.0,32.45,10000.0,0.0,79.0,6.79,9.43,261.0,1008.0,1,803,Clouds,broken clouds,04d
2025-07-31 06:56:00,Kien Giang-Rach Gia,Rach Gia,28.41,28.41,28.41,76.0,32.45,10000.0,0.0,79.0,6.79,9.43,261.0,1008.0,1,803,Clouds,broken clouds,04d
2025-07-31 06:59:45,Kien Giang-Rach Gia,Rach Gia,28.41,28.41,28.41,76.0,32.45,10000.0,0.0,79.0,6.79,9.43,261.0,1008.0,1,803,Clouds,broken clouds,04d
2025-07-31 07:03:31,Kien Giang-Rach Gia,Rach Gia,28.39,28.39,28.39,76.0,32.4,10000.0,0.0,79.0,6.79,9.43,261.0,1008.0,1,803,Clouds,broken clouds,04d
2025-07-31 07:07:17,Kien Giang-Rach Gia,Rach Gia,28.39,28.39,28.39,76.0,32.4,10000.0,0.0,79.0,6.79,9.43,261.0,1008.0,1,803,Clouds,broken clouds,04d
2025-07-31 07:11:04,Kien Giang-Rach Gia,Rach Gia,28.39,28.39,28.39,76.0,32.4,10000.0,0.0,79.0,6.79,9.43,261.0,1008.0,1,803,Clouds,broken clouds,04d
2025-07-31 07:14:50,Kien Giang-Rach Gia,Rach Gia,28.39,28.39,28.39,76.0,32.4,10000.0,0.0,79.0,6.79,9.43,261.0,1008.0,1,803,Clouds,broken clouds,04d
2025-07-31 07:18:36,Kien Giang-Rach Gia,Rach Gia,28.39,28.39,28.39,76.0,32.4,10000.0,0.0,79.0,6.79,9.43,261.0,1008.0,1,803,Clouds,broken clouds,04d
2025-07-31 07:22:22,Kien Giang-Rach Gia,Rach Gia,28.39,28.39,28.39,76.0,32.4,10000.0,0.0,79.0,6.79,9.43,261.0,1008.0,1,803,Clouds,broken clouds,04d
2025-07-31 07:26:10,Kien Giang-Rach Gia,Rach Gia,28.39,28.39,28.39,76.0,32.4,10000.0,0.0,79.0,6.79,9.43,261.0,1008.0,1,803,Clouds,broken clouds,04d
2025-07-31 07:29:56,Kien Giang-Rach Gia,Rach Gia,28.39,28.39,28.39,76.0,32.4,10000.0,0.0,79.0,6.79,9.43,261.0,1008.0,1,803,Clouds,broken clouds,04d
2025-07-31 07:33:42,Kien Giang-Rach Gia,Rach Gia,28.96,28.96,28.96,74.0,33.4,10000.0,0.0,100.0,6.44,8.34,253.0,1009.0,1,804,Clouds,overcast clouds,04d
2025-07-31 07:37:28,Kien Giang-Rach Gia,Rach Gia,28.96,28.96,28.96,74.0,33.4,10000.0,0.0,100.0,6.44,8.34,253.0,1009.0,1,804,Clouds,overcast clouds,04d
2025-07-31 07:41:14,Kien Giang-Rach Gia,Rach Gia,28.96,28.96,28.96,74.0,33.4,10000.0,0.0,100.0,6.44,8.34,253.0,1009.0,1,804,Clouds,overcast clouds,04d
2025-07-31 07:45:00,Kien Giang-Rach Gia,Rach Gia,28.96,28.96,28.96,74.0,33.4,10000.0,0.0,100.0,6.44,8.34,253.0,1009.0,1,804,Clouds,overcast clouds,04d
2025-07-31 07:48:46,Kien Giang-Rach Gia,Rach Gia,28.96,28.96,28.96,74.0,33.4,10000.0,0.0,100.0,6.44,8.34,253.0,1009.0,1,804,Clouds,overcast clouds,04d
2025-07-31 07:52:32,Kien Giang-Rach Gia,Rach Gia,28.96,28.96,28.96,74.0,33.4,10000.0,0.0,100.0,6.44,8.34,253.0,1009.0,1,804,Clouds,overcast clouds,04d
2025-07-31 07:56:18,Kien Giang-Rach Gia,Rach Gia,28.76,28.76,28.76,74.0,32.92,10000.0,0.0,100.0,6.44,8.34,253.0,1009.0,1,804,Clouds,overcast clouds,04d
2025-07-31 08:00:04,Kien Giang-Rach Gia,Rach Gia,28.76,28.76,28.76,74.0,32.92,10000.0,0.0,100.0,6.44,8.34,253.0,1009.0,1,804,Clouds,overcast clouds,04d
2025-07-31 08:03:50,Kien Giang-Rach Gia,Rach Gia,28.71,28.71,28.71,75.0,32.99,10000.0,0.0,100.0,6.44,8.34,253.0,1009.0,1,804,Clouds,overcast clouds,04d
2025-07-31 08:07:36,Kien Giang-Rach Gia,Rach Gia,28.71,28.71,28.71,75.0,32.99,10000.0,0.0,100.0,6.44,8.34,253.0,1009.0,1,804,Clouds,overcast clouds,04d
2025-07-31 08:11:22,Kien Giang-Rach Gia,Rach Gia,28.71,28.71,28.71,75.0,32.99,10000.0,0.0,100.0,6.44,8.34,253.0,1009.0,1,804,Clouds,overcast clouds,04d
2025-07-31 08:15:08,Kien Giang-Rach Gia,Rach Gia,28.71,28.71,28.71,75.0,32.99,10000.0,0.0,100.0,6.44,8.34,253.0,1009.0,1,804,Clouds,overcast clouds,04d
2025-07-31 08:18:54,Kien Giang-Rach Gia,Rach Gia,28.71,28.71,28.71,75.0,32.99,10000.0,0.15,100.0,6.44,8.34,253.0,1009.0,1,500,Rain,light rain,10d
2025-07-31 08:22:40,Kien Giang-Rach Gia,Rach Gia,28.71,28.71,28.71,75.0,32.99,10000.0,0.0,100.0,6.44,8.34,253.0,1009.0,1,804,Clouds,overcast clouds,04d
2025-07-31 08:26:26,Kien Giang-Rach Gia,Rach Gia,28.71,28.71,28.71,75.0,32.99,10000.0,0.0,100.0,6.44,8.34,253.0,1009.0,1,804,Clouds,overcast clouds,04d
2025-07-31 08:30:12,Kien Giang-Rach Gia,Rach Gia,29.03,29.03,29.03,73.0,33.37,10000.0,0.0,59.0,6.23,7.9,254.0,1009.0,1,803,Clouds,broken clouds,04d
2025-07-31 08:33:57,Kien Giang-Rach Gia,Rach Gia,28.71,28.71,28.71,75.0,32.99,10000.0,0.0,100.0,6.44,8.34,253.0,1009.0,1,804,Clouds,overcast clouds,04d
2025-07-31 08:37:43,Kien Giang-Rach Gia,Rach Gia,29.04,29.04,29.04,73.0,33.39,10000.0,0.0,59.0,6.23,7.9,254.0,1009.0,1,803,Clouds,broken clouds,04d
2025-07-31 08:41:29,Kien Giang-Rach Gia,Rach Gia,29.04,29.04,29.04,73.0,33.39,10000.0,0.0,59.0,6.23,7.9,254.0,1009.0,1,803,Clouds,broken clouds,04d
2025-07-31 08:45:15,Kien Giang-Rach Gia,Rach Gia,29.04,29.04,29.04,73.0,33.39,10000.0,0.0,59.0,6.23,7.9,254.0,1009.0,1,803,Clouds,broken clouds,04d
2025-07-31 08:49:00,Kien Giang-Rach Gia,Rach Gia,29.04,29.04,29.04,73.0,33.39,10000.0,0.0,59.0,6.23,7.9,254.0,1009.0,1,803,Clouds,broken clouds,04d
2025-07-31 08:52:47,Kien Giang-Rach Gia,Rach Gia,29.04,29.04,29.04,73.0,33.39,10000.0,0.0,59.0,6.23,7.9,254.0,1009.0,1,803,Clouds,broken clouds,04d
2025-07-31 08:56:32,Kien Giang-Rach Gia,Rach Gia,29.04,29.04,29.04,73.0,33.39,10000.0,0.0,59.0,6.23,7.9,254.0,1009.0,1,803,Clouds,broken clouds,04d
2025-07-31 09:00:18,Kien Giang-Rach Gia,Rach Gia,29.04,29.04,29.04,73.0,33.39,10000.0,0.0,59.0,6.23,7.9,254.0,1009.0,1,803,Clouds,broken clouds,04d
2025-07-31 09:04:04,Kien Giang-Rach Gia,Rach Gia,29.07,29.07,29.07,74.0,33.66,10000.0,0.0,59.0,6.23,7.9,254.0,1009.0,1,803,Clouds,broken clouds,04d
2025-07-31 09:07:50,Kien Giang-Rach Gia,Rach Gia,29.07,29.07,29.07,74.0,33.66,10000.0,0.0,59.0,6.23,7.9,254.0,1009.0,1,803,Clouds,broken clouds,04d
2025-07-31 09:11:36,Kien Giang-Rach Gia,Rach Gia,29.07,29.07,29.07,74.0,33.66,10000.0,0.0,59.0,6.23,7.9,254.0,1009.0,1,803,Clouds,broken clouds,04d
2025-07-31 09:15:22,Kien Giang-Rach Gia,Rach Gia,29.07,29.07,29.07,74.0,33.66,10000.0,0.0,59.0,6.23,7.9,254.0,1009.0,1,803,Clouds,broken clouds,04d
2025-07-31 09:19:07,Kien Giang-Rach Gia,Rach Gia,29.07,29.07,29.07,74.0,33.66,10000.0,0.0,59.0,6.23,7.9,254.0,1009.0,1,803,Clouds,broken clouds,04d
2025-07-31 09:22:53,Kien Giang-Rach Gia,Rach Gia,29.07,29.07,29.07,74.0,33.66,10000.0,0.0,59.0,6.23,7.9,254.0,1009.0,1,803,Clouds,broken clouds,04d
2025-07-31 09:26:39,Kien Giang-Rach Gia,Rach Gia,29.07,29.07,29.07,74.0,33.66,10000.0,0.0,59.0,6.23,7.9,254.0,1009.0,1,803,Clouds,broken clouds,04d
2025-07-31 09:30:25,Kien Giang-Rach Gia,Rach Gia,29.52,29.52,29.52,73.0,34.56,10000.0,0.0,68.0,6.23,7.74,251.0,1009.0,1,803,Clouds,broken clouds,04d
2025-07-31 09:34:11,Kien Giang-Rach Gia,Rach Gia,29.07,29.07,29.07,74.0,33.66,10000.0,0.0,59.0,6.23,7.9,254.0,1009.0,1,803,Clouds,broken clouds,04d
2025-07-31 09:37:57,Kien Giang-Rach Gia,Rach Gia,29.57,29.57,29.57,73.0,34.68,10000.0,0.0,68.0,6.23,7.74,251.0,1009.0,1,803,Clouds,broken clouds,04d
2025-07-31 09:41:43,Kien Giang-Rach Gia,Rach Gia,29.57,29.57,29.57,73.0,34.68,10000.0,0.0,68.0,6.23,7.74,251.0,1009.0,1,803,Clouds,broken clouds,04d
2025-07-31 09:45:29,Kien Giang-Rach Gia,Rach Gia,29.57,29.57,29.57,73.0,34.68,10000.0,0.0,68.0,6.23,7.74,251.0,1009.0,1,803,Clouds,broken clouds,04d
2025-07-31 09:49:15,Kien Giang-Rach Gia,Rach Gia,29.58,29.58,29.58,73.0,34.71,10000.0,0.0,68.0,6.23,7.74,251.0,1009.0,1,803,Clouds,broken clouds,04d
2025-07-31 09:53:01,Kien Giang-Rach Gia,Rach Gia,29.58,29.58,29.58,73.0,34.71,10000.0,0.0,68.0,6.23,7.74,251.0,1009.0,1,803,Clouds,broken clouds,04d
2025-07-31 09:56:47,Kien Giang-Rach Gia,Rach Gia,29.58,29.58,29.58,73.0,34.71,10000.0,0.0,68.0,6.23,7.74,251.0,1009.0,1,803,Clouds,broken clouds,04d
2025-07-31 10:00:33,Kien Giang-Rach Gia,Rach Gia,29.58,29.58,29.58,73.0,34.71,10000.0,0.0,68.0,6.23,7.74,251.0,1009.0,1,803,Clouds,broken clouds,04d
2025-07-31 10:04:19,Kien Giang-Rach Gia,Rach Gia,29.58,29.58,29.58,73.0,34.71,10000.0,0.0,68.0,6.23,7.74,251.0,1009.0,1,803,Clouds,broken clouds,04d
2025-07-31 10:08:05,Kien Giang-Rach Gia,Rach Gia,29.58,29.58,29.58,73.0,34.71,10000.0,0.0,68.0,6.23,7.74,251.0,1009.0,1,803,Clouds,broken clouds,04d
2025-07-31 10:11:51,Kien Giang-Rach Gia,Rach Gia,29.55,29.55,29.55,73.0,34.63,10000.0,0.0,68.0,6.23,7.74,251.0,1009.0,1,803,Clouds,broken clouds,04d
2025-07-31 10:15:36,Kien Giang-Rach Gia,Rach Gia,29.55,29.55,29.55,73.0,34.63,10000.0,0.0,68.0,6.23,7.74,251.0,1009.0,1,803,Clouds,broken clouds,04d
2025-07-31 10:19:22,Kien Giang-Rach Gia,Rach Gia,29.55,29.55,29.55,73.0,34.63,10000.0,0.0,68.0,6.23,7.74,251.0,1009.0,1,803,Clouds,broken clouds,04d
2025-07-31 10:23:08,Kien Giang-Rach Gia,Rach Gia,29.55,29.55,29.55,73.0,34.63,10000.0,0.0,68.0,6.23,7.74,251.0,1009.0,1,803,Clouds,broken clouds,04d
2025-07-31 10:26:54,Kien Giang-Rach Gia,Rach Gia,29.55,29.55,29.55,73.0,34.63,10000.0,0.0,68.0,6.23,7.74,251.0,1009.0,1,803,Clouds,broken clouds,04d
2025-07-31 10:30:39,Kien Giang-Rach Gia,Rach Gia,29.55,29.55,29.55,73.0,34.63,10000.0,0.0,68.0,6.23,7.74,251.0,1009.0,1,803,Clouds,broken clouds,04d
2025-07-31 10:34:25,Kien Giang-Rach Gia,Rach Gia,29.67,29.67,29.67,73.0,34.93,10000.0,0.0,63.0,6.38,8.21,253.0,1009.0,1,803,Clouds,broken clouds,04d
2025-07-31 10:38:11,Kien Giang-Rach Gia,Rach Gia,29.67,29.67,29.67,73.0,34.93,10000.0,0.0,63.0,6.38,8.21,253.0,1009.0,1,803,Clouds,broken clouds,04d
2025-07-31 10:41:57,Kien Giang-Rach Gia,Rach Gia,29.67,29.67,29.67,73.0,34.93,10000.0,0.0,63.0,6.38,8.21,253.0,1009.0,1,803,Clouds,broken clouds,04d
2025-07-31 10:45:43,Kien Giang-Rach Gia,Rach Gia,29.67,29.67,29.67,73.0,34.93,10000.0,0.0,63.0,6.38,8.21,253.0,1009.0,1,803,Clouds,broken clouds,04d
2025-07-31 10:49:32,Kien Giang-Rach Gia,Rach Gia,29.67,29.67,29.67,73.0,34.93,10000.0,0.0,63.0,6.38,8.21,253.0,1009.0,1,803,Clouds,broken clouds,04d
2025-07-31 10:53:23,Kien Giang-Rach Gia,Rach Gia,29.67,29.67,29.67,73.0,34.93,10000.0,0.0,63.0,6.38,8.21,253.0,1009.0,1,803,Clouds,broken clouds,04d
2025-07-31 10:57:13,Kien Giang-Rach Gia,Rach Gia,29.67,29.67,29.67,73.0,34.93,10000.0,0.0,63.0,6.38,8.21,253.0,1009.0,1,803,Clouds,broken clouds,04d
2025-07-31 11:01:04,Kien Giang-Rach Gia,Rach Gia,29.67,29.67,29.67,73.0,34.93,10000.0,0.0,63.0,6.38,8.21,253.0,1009.0,1,803,Clouds,broken clouds,04d
2025-07-31 11:04:55,Kien Giang-Rach Gia,Rach Gia,29.65,29.65,29.65,73.0,34.88,10000.0,0.0,63.0,6.38,8.21,253.0,1009.0,1,803,Clouds,broken clouds,04d
2025-07-31 11:08:46,Kien Giang-Rach Gia,Rach Gia,29.65,29.65,29.65,73.0,34.88,10000.0,0.0,63.0,6.38,8.21,253.0,1009.0,1,803,Clouds,broken clouds,04d
2025-07-31 11:12:36,Kien Giang-Rach Gia,Rach Gia,29.65,29.65,29.65,73.0,34.88,10000.0,0.0,63.0,6.38,8.21,253.0,1009.0,1,803,Clouds,broken clouds,04d
2025-07-31 11:16:26,Kien Giang-Rach Gia,Rach Gia,29.65,29.65,29.65,73.0,34.88,10000.0,0.0,63.0,6.38,8.21,253.0,1009.0,1,803,Clouds,broken clouds,04d
2025-07-31 11:20:16,Kien Giang-Rach Gia,Rach Gia,29.65,29.65,29.65,73.0,34.88,10000.0,0.0,63.0,6.38,8.21,253.0,1009.0,1,803,Clouds,broken clouds,04d
2025-07-31 11:24:07,Kien Giang-Rach Gia,Rach Gia,29.65,29.65,29.65,73.0,34.88,10000.0,0.0,63.0,6.38,8.21,253.0,1009.0,1,803,Clouds,broken clouds,04d
2025-07-31 11:27:57,Kien Giang-Rach Gia,Rach Gia,29.65,29.65,29.65,73.0,34.88,10000.0,0.0,63.0,6.38,8.21,253.0,1009.0,1,803,Clouds,broken clouds,04d
2025-07-31 11:31:48,Kien Giang-Rach Gia,Rach Gia,29.65,29.65,29.65,73.0,34.88,10000.0,0.0,63.0,6.38,8.21,253.0,1009.0,1,803,Clouds,broken clouds,04d
2025-07-31 11:35:37,Kien Giang-Rach Gia,Rach Gia,29.69,29.69,29.69,73.0,34.98,10000.0,0.0,58.0,6.48,8.41,253.0,1009.0,1,803,Clouds,broken clouds,04d
2025-07-31 11:39:27,Kien Giang-Rach Gia,Rach Gia,29.69,29.69,29.69,73.0,34.98,10000.0,0.0,58.0,6.48,8.41,253.0,1009.0,1,803,Clouds,broken clouds,04d
2025-07-31 11:43:19,Kien Giang-Rach Gia,Rach Gia,29.69,29.69,29.69,73.0,34.98,10000.0,0.0,58.0,6.48,8.41,253.0,1009.0,1,803,Clouds,broken clouds,04d
2025-07-31 11:47:09,Kien Giang-Rach Gia,Rach Gia,29.69,29.69,29.69,73.0,34.98,10000.0,0.0,58.0,6.48,8.41,253.0,1009.0,1,803,Clouds,broken clouds,04d
2025-07-31 11:51:00,Kien Giang-Rach Gia,Rach Gia,29.69,29.69,29.69,73.0,34.98,10000.0,0.0,58.0,6.48,8.41,253.0,1009.0,1,803,Clouds,broken clouds,04d
2025-07-31 11:54:51,Kien Giang-Rach Gia,Rach Gia,29.69,29.69,29.69,73.0,34.98,10000.0,0.0,58.0,6.48,8.41,253.0,1009.0,1,803,Clouds,broken clouds,04d
2025-07-31 11:58:41,Kien Giang-Rach Gia,Rach Gia,29.69,29.69,29.69,73.0,34.98,10000.0,0.0,58.0,6.48,8.41,253.0,1009.0,1,803,Clouds,broken clouds,04d
2025-07-31 12:02:31,Kien Giang-Rach Gia,Rach Gia,29.69,29.69,29.69,73.0,34.98,10000.0,0.0,58.0,6.48,8.41,253.0,1009.0,1,803,Clouds,broken clouds,04d
2025-07-31 12:06:24,Kien Giang-Rach Gia,Rach Gia,29.68,29.68,29.68,73.0,34.96,10000.0,0.0,58.0,6.48,8.41,253.0,1009.0,1,803,Clouds,broken clouds,04d
2025-07-31 12:10:14,Kien Giang-Rach Gia,Rach Gia,29.68,29.68,29.68,73.0,34.96,10000.0,0.0,58.0,6.48,8.41,253.0,1009.0,1,803,Clouds,broken clouds,04d
2025-07-31 12:14:06,Kien Giang-Rach Gia,Rach Gia,29.68,29.68,29.68,73.0,34.96,10000.0,0.0,58.0,6.48,8.41,253.0,1009.0,1,803,Clouds,broken clouds,04d
2025-07-31 12:17:56,Kien Giang-Rach Gia,Rach Gia,29.68,29.68,29.68,73.0,34.96,10000.0,0.0,58.0,6.48,8.41,253.0,1009.0,1,803,Clouds,broken clouds,04d
2025-07-31 12:21:46,Kien Giang-Rach Gia,Rach Gia,29.68,29.68,29.68,73.0,34.96,10000.0,0.0,58.0,6.48,8.41,253.0,1009.0,1,803,Clouds,broken clouds,04d
2025-07-31 12:25:37,Kien Giang-Rach Gia,Rach Gia,29.68,29.68,29.68,73.0,34.96,10000.0,0.0,58.0,6.48,8.41,253.0,1009.0,1,803,Clouds,broken clouds,04d
2025-07-31 12:29:27,Kien Giang-Rach Gia,Rach Gia,29.68,29.68,29.68,73.0,34.96,10000.0,0.0,58.0,6.48,8.41,253.0,1009.0,1,803,Clouds,broken clouds,04d
2025-07-31 12:33:20,Kien Giang-Rach Gia,Rach Gia,29.93,29.93,29.93,71.0,35.11,10000.0,0.0,61.0,7.32,9.57,258.0,1008.0,1,803,Clouds,broken clouds,04d
2025-07-31 12:37:10,Kien Giang-Rach Gia,Rach Gia,29.93,29.93,29.93,71.0,35.11,10000.0,0.0,61.0,7.32,9.57,258.0,1008.0,1,803,Clouds,broken clouds,04d
2025-07-31 12:41:01,Kien Giang-Rach Gia,Rach Gia,29.93,29.93,29.93,71.0,35.11,10000.0,0.0,61.0,7.32,9.57,258.0,1008.0,1,803,Clouds,broken clouds,04d
2025-07-31 12:44:51,Kien Giang-Rach Gia,Rach Gia,29.93,29.93,29.93,71.0,35.11,10000.0,0.0,61.0,7.32,9.57,258.0,1008.0,1,803,Clouds,broken clouds,04d
2025-07-31 12:48:43,Kien Giang-Rach Gia,Rach Gia,29.93,29.93,29.93,71.0,35.11,10000.0,0.0,61.0,7.32,9.57,258.0,1008.0,1,803,Clouds,broken clouds,04d
2025-07-31 12:52:34,Kien Giang-Rach Gia,Rach Gia,29.93,29.93,29.93,71.0,35.11,10000.0,0.0,61.0,7.32,9.57,258.0,1008.0,1,803,Clouds,broken clouds,04d
2025-07-31 12:56:25,Kien Giang-Rach Gia,Rach Gia,29.93,29.93,29.93,71.0,35.11,10000.0,0.0,61.0,7.32,9.57,258.0,1008.0,1,803,Clouds,broken clouds,04d
2025-07-31 13:00:16,Kien Giang-Rach Gia,Rach Gia,29.93,29.93,29.93,71.0,35.11,10000.0,0.0,53.0,6.47,8.31,255.0,1008.0,1,803,Clouds,broken clouds,04d
2025-07-31 13:04:08,Kien Giang-Rach Gia,Rach Gia,29.93,29.93,29.93,71.0,35.11,10000.0,0.0,53.0,6.47,8.31,255.0,1008.0,1,803,Clouds,broken clouds,04d
2025-07-31 13:08:01,Kien Giang-Rach Gia,Rach Gia,29.93,29.93,29.93,71.0,35.11,10000.0,0.0,53.0,6.47,8.31,255.0,1008.0,1,803,Clouds,broken clouds,04d
2025-07-31 13:11:53,Kien Giang-Rach Gia,Rach Gia,29.93,29.93,29.93,71.0,35.11,10000.0,0.0,53.0,6.47,8.31,255.0,1008.0,1,803,Clouds,broken clouds,04d
2025-07-31 13:15:43,Kien Giang-Rach Gia,Rach Gia,29.93,29.93,29.93,71.0,35.11,10000.0,0.0,53.0,6.47,8.31,255.0,1008.0,1,803,Clouds,broken clouds,04d
2025-07-31 13:19:34,Kien Giang-Rach Gia,Rach Gia,29.93,29.93,29.93,71.0,35.11,10000.0,0.0,53.0,6.47,8.31,255.0,1008.0,1,803,Clouds,broken clouds,04d
2025-07-31 13:23:24,Kien Giang-Rach Gia,Rach Gia,29.93,29.93,29.93,71.0,35.11,10000.0,0.0,53.0,6.47,8.31,255.0,1008.0,1,803,Clouds,broken clouds,04d
2025-07-31 13:27:14,Kien Giang-Rach Gia,Rach Gia,29.93,29.93,29.93,71.0,35.11,10000.0,0.0,53.0,6.47,8.31,255.0,1008.0,1,803,Clouds,broken clouds,04d
2025-07-31 13:31:05,Kien Giang-Rach Gia,Rach Gia,30.19,30.19,30.19,72.0,36.02,10000.0,0.0,100.0,6.51,8.88,255.0,1007.0,1,804,Clouds,overcast clouds,04d
2025-07-31 13:34:56,Kien Giang-Rach Gia,Rach Gia,30.19,30.19,30.19,72.0,36.02,10000.0,0.0,100.0,6.51,8.88,255.0,1007.0,1,804,Clouds,overcast clouds,04d
2025-07-31 13:38:46,Kien Giang-Rach Gia,Rach Gia,30.19,30.19,30.19,72.0,36.02,10000.0,0.0,100.0,6.51,8.88,255.0,1007.0,1,804,Clouds,overcast clouds,04d
2025-07-31 13:42:36,Kien Giang-Rach Gia,Rach Gia,30.25,30.25,30.25,72.0,36.18,10000.0,0.0,100.0,6.51,8.88,255.0,1007.0,1,804,Clouds,overcast clouds,04d
2025-07-31 13:46:27,Kien Giang-Rach Gia,Rach Gia,30.3,30.3,30.3,71.0,36.04,10000.0,0.0,100.0,6.51,8.88,255.0,1007.0,1,804,Clouds,overcast clouds,04d
2025-07-31 13:50:18,Kien Giang-Rach Gia,Rach Gia,30.3,30.3,30.3,71.0,36.04,10000.0,0.0,100.0,6.51,8.88,255.0,1007.0,1,804,Clouds,overcast clouds,04d
2025-07-31 13:54:08,Kien Giang-Rach Gia,Rach Gia,30.3,30.3,30.3,71.0,36.04,10000.0,0.0,100.0,6.51,8.88,255.0,1007.0,1,804,Clouds,overcast clouds,04d
2025-07-31 13:57:59,Kien Giang-Rach Gia,Rach Gia,30.3,30.3,30.3,71.0,36.04,10000.0,0.0,100.0,6.51,8.88,255.0,1007.0,1,804,Clouds,overcast clouds,04d
2025-07-31 14:01:49,Kien Giang-Rach Gia,Rach Gia,30.33,30.33,30.33,71.0,36.12,10000.0,0.0,100.0,6.51,8.88,255.0,1007.0,1,804,Clouds,overcast clouds,04d
2025-07-31 14:05:41,Kien Giang-Rach Gia,Rach Gia,30.33,30.33,30.33,71.0,36.12,10000.0,0.0,100.0,6.51,8.88,255.0,1007.0,1,804,Clouds,overcast clouds,04d
2025-07-31 14:09:30,Kien Giang-Rach Gia,Rach Gia,30.33,30.33,30.33,71.0,36.12,10000.0,0.0,100.0,6.51,8.88,255.0,1007.0,1,804,Clouds,overcast clouds,04d
2025-07-31 14:13:21,Kien Giang-Rach Gia,Rach Gia,30.33,30.33,30.33,71.0,36.12,10000.0,0.0,100.0,6.51,8.88,255.0,1007.0,1,804,Clouds,overcast clouds,04d
2025-07-31 14:17:11,Kien Giang-Rach Gia,Rach Gia,30.33,30.33,30.33,71.0,36.12,10000.0,0.0,100.0,6.51,8.88,255.0,1007.0,1,804,Clouds,overcast clouds,04d
2025-07-31 14:21:01,Kien Giang-Rach Gia,Rach Gia,30.33,30.33,30.33,71.0,36.12,10000.0,0.0,100.0,6.51,8.88,255.0,1007.0,1,804,Clouds,overcast clouds,04d
2025-07-31 14:24:51,Kien Giang-Rach Gia,Rach Gia,30.33,30.33,30.33,71.0,36.12,10000.0,0.0,100.0,6.51,8.88,255.0,1007.0,1,804,Clouds,overcast clouds,04d
2025-07-31 14:28:40,Kien Giang-Rach Gia,Rach Gia,30.33,30.33,30.33,71.0,36.12,10000.0,0.0,100.0,6.51,8.88,255.0,1007.0,1,804,Clouds,overcast clouds,04d
2025-07-31 14:32:30,Kien Giang-Rach Gia,Rach Gia,30.33,30.33,30.33,71.0,36.12,10000.0,0.0,100.0,6.51,8.88,255.0,1007.0,1,804,Clouds,overcast clouds,04d
2025-07-31 14:36:21,Kien Giang-Rach Gia,Rach Gia,30.24,30.24,30.24,71.0,35.89,10000.0,0.0,100.0,6.67,9.25,255.0,1006.0,1,804,Clouds,overcast clouds,04d
2025-07-31 14:40:11,Kien Giang-Rach Gia,Rach Gia,30.24,30.24,30.24,71.0,35.89,10000.0,0.0,100.0,6.67,9.25,255.0,1006.0,1,804,Clouds,overcast clouds,04d
2025-07-31 14:44:01,Kien Giang-Rach Gia,Rach Gia,30.24,30.24,30.24,71.0,35.89,10000.0,0.0,100.0,6.67,9.25,255.0,1006.0,1,804,Clouds,overcast clouds,04d
2025-07-31 14:47:51,Kien Giang-Rach Gia,Rach Gia,30.23,30.23,30.23,71.0,35.86,10000.0,0.0,100.0,6.67,9.25,255.0,1006.0,1,804,Clouds,overcast clouds,04d
2025-07-31 14:51:42,Kien Giang-Rach Gia,Rach Gia,30.23,30.23,30.23,71.0,35.86,10000.0,0.0,100.0,6.67,9.25,255.0,1006.0,1,804,Clouds,overcast clouds,04d
2025-07-31 14:55:33,Kien Giang-Rach Gia,Rach Gia,30.23,30.23,30.23,71.0,35.86,10000.0,0.0,100.0,6.67,9.25,255.0,1006.0,1,804,Clouds,overcast clouds,04d
2025-07-31 14:59:23,Kien Giang-Rach Gia,Rach Gia,30.23,30.23,30.23,71.0,35.86,10000.0,0.0,100.0,6.67,9.25,255.0,1006.0,1,804,Clouds,overcast clouds,04d
2025-07-31 15:03:13,Kien Giang-Rach Gia,Rach Gia,30.23,30.23,30.23,71.0,35.86,10000.0,0.0,100.0,6.67,9.25,255.0,1006.0,1,804,Clouds,overcast clouds,04d
2025-07-31 15:07:04,Kien Giang-Rach Gia,Rach Gia,30.23,30.23,30.23,71.0,35.86,10000.0,0.0,100.0,6.67,9.25,255.0,1006.0,1,804,Clouds,overcast clouds,04d
2025-07-31 15:10:55,Kien Giang-Rach Gia,Rach Gia,30.26,30.26,30.26,72.0,36.2,10000.0,0.0,100.0,6.67,9.25,255.0,1006.0,1,804,Clouds,overcast clouds,04d
2025-07-31 15:14:48,Kien Giang-Rach Gia,Rach Gia,30.26,30.26,30.26,72.0,36.2,10000.0,0.0,100.0,6.67,9.25,255.0,1006.0,1,804,Clouds,overcast clouds,04d
2025-07-31 15:18:40,Kien Giang-Rach Gia,Rach Gia,30.26,30.26,30.26,72.0,36.2,10000.0,0.0,100.0,6.67,9.25,255.0,1006.0,1,804,Clouds,overcast clouds,04d
2025-07-31 15:22:30,Kien Giang-Rach Gia,Rach Gia,30.26,30.26,30.26,72.0,36.2,10000.0,0.0,100.0,6.67,9.25,255.0,1006.0,1,804,Clouds,overcast clouds,04d
2025-07-31 15:26:22,Kien Giang-Rach Gia,Rach Gia,30.26,30.26,30.26,72.0,36.2,10000.0,0.0,100.0,6.67,9.25,255.0,1006.0,1,804,Clouds,overcast clouds,04d
2025-07-31 15:30:13,Kien Giang-Rach Gia,Rach Gia,30.22,30.22,30.22,73.0,36.36,10000.0,0.0,96.0,6.97,10.01,252.0,1006.0,1,804,Clouds,overcast clouds,04d
2025-07-31 15:34:06,Kien Giang-Rach Gia,Rach Gia,30.26,30.26,30.26,72.0,36.2,10000.0,0.0,100.0,6.67,9.25,255.0,1006.0,1,804,Clouds,overcast clouds,04d
2025-07-31 15:37:57,Kien Giang-Rach Gia,Rach Gia,30.22,30.22,30.22,72.0,36.1,10000.0,0.0,96.0,6.97,10.01,252.0,1006.0,1,804,Clouds,overcast clouds,04d
2025-07-31 15:41:48,Kien Giang-Rach Gia,Rach Gia,30.22,30.22,30.22,72.0,36.1,10000.0,0.0,96.0,6.97,10.01,252.0,1006.0,1,804,Clouds,overcast clouds,04d
2025-07-31 15:45:38,Kien Giang-Rach Gia,Rach Gia,30.22,30.22,30.22,72.0,36.1,10000.0,0.0,96.0,6.97,10.01,252.0,1006.0,1,804,Clouds,overcast clouds,04d
2025-07-31 15:49:29,Kien Giang-Rach Gia,Rach Gia,30.22,30.22,30.22,72.0,36.1,10000.0,0.0,96.0,6.97,10.01,252.0,1006.0,1,804,Clouds,overcast clouds,04d
2025-07-31 15:53:21,Kien Giang-Rach Gia,Rach Gia,30.21,30.21,30.21,73.0,36.34,10000.0,0.0,96.0,6.97,10.01,252.0,1006.0,1,804,Clouds,overcast clouds,04d
2025-07-31 15:57:11,Kien Giang-Rach Gia,Rach Gia,30.21,30.21,30.21,73.0,36.34,10000.0,0.0,96.0,6.97,10.01,252.0,1006.0,1,804,Clouds,overcast clouds,04d
2025-07-31 16:01:03,Kien Giang-Rach Gia,Rach Gia,30.21,30.21,30.21,73.0,36.34,10000.0,0.0,96.0,6.97,10.01,252.0,1006.0,1,804,Clouds,overcast clouds,04d
2025-07-31 16:04:55,Kien Giang-Rach Gia,Rach Gia,30.24,30.24,30.24,73.0,36.42,10000.0,0.0,96.0,6.97,10.01,252.0,1006.0,1,804,Clouds,overcast clouds,04d
2025-07-31 16:08:45,Kien Giang-Rach Gia,Rach Gia,30.24,30.24,30.24,73.0,36.42,10000.0,0.0,96.0,6.97,10.01,252.0,1006.0,1,804,Clouds,overcast clouds,04d
2025-07-31 16:12:35,Kien Giang-Rach Gia,Rach Gia,30.24,30.24,30.24,73.0,36.42,10000.0,0.0,96.0,6.97,10.01,252.0,1006.0,1,804,Clouds,overcast clouds,04d
2025-07-31 16:16:25,Kien Giang-Rach Gia,Rach Gia,30.24,30.24,30.24,73.0,36.42,10000.0,0.0,96.0,6.97,10.01,252.0,1006.0,1,804,Clouds,overcast clouds,04d
2025-07-31 16:20:16,Kien Giang-Rach Gia,Rach Gia,30.24,30.24,30.24,73.0,36.42,10000.0,0.0,96.0,6.97,10.01,252.0,1006.0,1,804,Clouds,overcast clouds,04d
2025-07-31 16:24:08,Kien Giang-Rach Gia,Rach Gia,30.24,30.24,30.24,73.0,36.42,10000.0,0.0,96.0,6.97,10.01,252.0,1006.0,1,804,Clouds,overcast clouds,04d
2025-07-31 16:27:58,Kien Giang-Rach Gia,Rach Gia,30.24,30.24,30.24,73.0,36.42,10000.0,0.0,96.0,6.97,10.01,252.0,1006.0,1,804,Clouds,overcast clouds,04d
2025-07-31 16:31:48,Kien Giang-Rach Gia,Rach Gia,30.24,30.24,30.24,73.0,36.42,10000.0,0.0,96.0,6.97,10.01,252.0,1006.0,1,804,Clouds,overcast clouds,04d
2025-07-31 16:35:39,Kien Giang-Rach Gia,Rach Gia,29.96,29.96,29.96,76.0,36.45,10000.0,0.0,95.0,6.89,10.0,256.0,1006.0,1,804,Clouds,overcast clouds,04d
2025-07-31 16:39:30,Kien Giang-Rach Gia,Rach Gia,29.96,29.96,29.96,76.0,36.45,10000.0,0.0,95.0,6.89,10.0,256.0,1006.0,1,804,Clouds,overcast clouds,04d
2025-07-31 16:43:20,Kien Giang-Rach Gia,Rach Gia,29.96,29.96,29.96,76.0,36.45,10000.0,0.0,95.0,6.89,10.0,256.0,1006.0,1,804,Clouds,overcast clouds,04d
2025-07-31 16:47:11,Kien Giang-Rach Gia,Rach Gia,29.92,29.92,29.92,76.0,36.34,10000.0,0.0,95.0,6.89,10.0,256.0,1006.0,1,804,Clouds,overcast clouds,04d
2025-07-31 16:51:03,Kien Giang-Rach Gia,Rach Gia,29.92,29.92,29.92,76.0,36.34,10000.0,0.0,95.0,6.89,10.0,256.0,1006.0,1,804,Clouds,overcast clouds,04d
2025-07-31 16:54:54,Kien Giang-Rach Gia,Rach Gia,29.92,29.92,29.92,76.0,36.34,10000.0,0.0,95.0,6.89,10.0,256.0,1006.0,1,804,Clouds,overcast clouds,04d
2025-07-31 16:58:44,Kien Giang-Rach Gia,Rach Gia,29.92,29.92,29.92,76.0,36.34,10000.0,0.0,95.0,6.89,10.0,256.0,1006.0,1,804,Clouds,overcast clouds,04d
2025-07-31 17:02:34,Kien Giang-Rach Gia,Rach Gia,29.92,29.92,29.92,76.0,36.34,10000.0,0.0,95.0,6.89,10.0,256.0,1006.0,1,804,Clouds,overcast clouds,04d
2025-07-31 17:06:25,Kien Giang-Rach Gia,Rach Gia,29.92,29.92,29.92,76.0,36.34,10000.0,0.0,95.0,6.89,10.0,256.0,1006.0,1,804,Clouds,overcast clouds,04d
2025-07-31 17:10:16,Kien Giang-Rach Gia,Rach Gia,29.92,29.92,29.92,76.0,36.34,10000.0,0.0,95.0,6.89,10.0,256.0,1006.0,1,804,Clouds,overcast clouds,04d
2025-07-31 17:14:09,Kien Giang-Rach Gia,Rach Gia,29.93,29.93,29.93,76.0,36.37,10000.0,0.0,95.0,6.89,10.0,256.0,1006.0,1,804,Clouds,overcast clouds,04d
2025-07-31 17:17:59,Kien Giang-Rach Gia,Rach Gia,29.93,29.93,29.93,76.0,36.37,10000.0,0.0,95.0,6.89,10.0,256.0,1006.0,1,804,Clouds,overcast clouds,04d
2025-07-31 17:21:50,Kien Giang-Rach Gia,Rach Gia,29.93,29.93,29.93,76.0,36.37,10000.0,0.0,95.0,6.89,10.0,256.0,1006.0,1,804,Clouds,overcast clouds,04d
2025-07-31 17:25:39,Kien Giang-Rach Gia,Rach Gia,29.93,29.93,29.93,76.0,36.37,10000.0,0.0,95.0,6.89,10.0,256.0,1006.0,1,804,Clouds,overcast clouds,04d
2025-07-31 17:29:30,Kien Giang-Rach Gia,Rach Gia,29.93,29.93,29.93,76.0,36.37,10000.0,0.0,95.0,6.89,10.0,256.0,1006.0,1,804,Clouds,overcast clouds,04d
2025-07-31 17:33:21,Kien Giang-Rach Gia,Rach Gia,29.33,29.33,29.33,79.0,35.44,10000.0,0.0,97.0,6.57,9.69,250.0,1006.0,1,804,Clouds,overcast clouds,04d
2025-07-31 17:37:12,Kien Giang-Rach Gia,Rach Gia,29.33,29.33,29.33,79.0,35.44,10000.0,0.0,97.0,6.57,9.69,250.0,1006.0,1,804,Clouds,overcast clouds,04d
2025-07-31 17:41:03,Kien Giang-Rach Gia,Rach Gia,29.33,29.33,29.33,79.0,35.44,10000.0,0.0,97.0,6.57,9.69,250.0,1006.0,1,804,Clouds,overcast clouds,04d
2025-07-31 17:44:54,Kien Giang-Rach Gia,Rach Gia,29.33,29.33,29.33,79.0,35.44,10000.0,0.0,97.0,6.57,9.69,250.0,1006.0,1,804,Clouds,overcast clouds,04d
2025-07-31 17:48:44,Kien Giang-Rach Gia,Rach Gia,29.29,29.29,29.29,79.0,35.33,10000.0,0.0,97.0,6.57,9.69,250.0,1006.0,1,804,Clouds,overcast clouds,04d
2025-07-31 17:52:33,Kien Giang-Rach Gia,Rach Gia,29.29,29.29,29.29,79.0,35.33,10000.0,0.0,97.0,6.57,9.69,250.0,1006.0,1,804,Clouds,overcast clouds,04d
2025-07-31 17:56:24,Kien Giang-Rach Gia,Rach Gia,29.29,29.29,29.29,79.0,35.33,10000.0,0.0,97.0,6.57,9.69,250.0,1006.0,1,804,Clouds,overcast clouds,04d
2025-07-31 18:00:14,Kien Giang-Rach Gia,Rach Gia,29.29,29.29,29.29,79.0,35.33,10000.0,0.0,97.0,6.57,9.69,250.0,1006.0,1,804,Clouds,overcast clouds,04d
2025-07-31 18:04:06,Kien Giang-Rach Gia,Rach Gia,29.29,29.29,29.29,79.0,35.33,10000.0,0.0,97.0,6.57,9.69,250.0,1006.0,1,804,Clouds,overcast clouds,04d
2025-07-31 18:07:55,Kien Giang-Rach Gia,Rach Gia,29.29,29.29,29.29,79.0,35.33,10000.0,0.0,97.0,6.57,9.69,250.0,1006.0,1,804,Clouds,overcast clouds,04d
2025-07-31 18:11:45,Kien Giang-Rach Gia,Rach Gia,29.3,29.3,29.3,79.0,35.35,10000.0,0.0,97.0,6.57,9.69,250.0,1006.0,1,804,Clouds,overcast clouds,04d
2025-07-31 18:15:36,Kien Giang-Rach Gia,Rach Gia,29.3,29.3,29.3,79.0,35.35,10000.0,0.0,97.0,6.57,9.69,250.0,1006.0,1,804,Clouds,overcast clouds,04d
2025-07-31 18:19:26,Kien Giang-Rach Gia,Rach Gia,29.3,29.3,29.3,79.0,35.35,10000.0,0.0,97.0,6.57,9.69,250.0,1006.0,1,804,Clouds,overcast clouds,04d
2025-07-31 18:23:16,Kien Giang-Rach Gia,Rach Gia,29.3,29.3,29.3,79.0,35.35,10000.0,0.0,97.0,6.57,9.69,250.0,1006.0,0,804,Clouds,overcast clouds,04n
2025-07-31 18:27:07,Kien Giang-Rach Gia,Rach Gia,29.3,29.3,29.3,79.0,35.35,10000.0,0.0,97.0,6.57,9.69,250.0,1006.0,0,804,Clouds,overcast clouds,04n
2025-07-31 18:30:57,Kien Giang-Rach Gia,Rach Gia,29.3,29.3,29.3,79.0,35.35,10000.0,0.0,97.0,6.57,9.69,250.0,1006.0,0,804,Clouds,overcast clouds,04n
2025-07-31 18:34:47,Kien Giang-Rach Gia,Rach Gia,29.3,29.3,29.3,79.0,35.35,10000.0,0.0,97.0,6.57,9.69,250.0,1006.0,0,804,Clouds,overcast clouds,04n
2025-07-31 18:38:37,Kien Giang-Rach Gia,Rach Gia,28.79,28.79,28.79,81.0,34.37,10000.0,0.0,83.0,6.72,10.13,249.0,1006.0,0,803,Clouds,broken clouds,04n
2025-07-31 18:42:27,Kien Giang-Rach Gia,Rach Gia,28.79,28.79,28.79,81.0,34.37,10000.0,0.0,83.0,6.72,10.13,249.0,1006.0,0,803,Clouds,broken clouds,04n
2025-07-31 18:46:18,Kien Giang-Rach Gia,Rach Gia,28.79,28.79,28.79,81.0,34.37,10000.0,0.0,83.0,6.72,10.13,249.0,1006.0,0,803,Clouds,broken clouds,04n
2025-07-31 18:50:09,Kien Giang-Rach Gia,Rach Gia,28.79,28.79,28.79,81.0,34.37,10000.0,0.0,59.0,6.24,9.28,250.0,1006.0,0,803,Clouds,broken clouds,04n
2025-07-31 18:54:01,Kien Giang-Rach Gia,Rach Gia,28.79,28.79,28.79,81.0,34.37,10000.0,0.0,59.0,6.24,9.28,250.0,1006.0,0,803,Clouds,broken clouds,04n
2025-07-31 18:57:52,Kien Giang-Rach Gia,Rach Gia,28.79,28.79,28.79,81.0,34.37,10000.0,0.0,59.0,6.24,9.28,250.0,1006.0,0,803,Clouds,broken clouds,04n
2025-07-31 19:01:41,Kien Giang-Rach Gia,Rach Gia,28.79,28.79,28.79,81.0,34.37,10000.0,0.0,59.0,6.24,9.28,250.0,1006.0,0,803,Clouds,broken clouds,04n
2025-07-31 19:05:33,Kien Giang-Rach Gia,Rach Gia,28.79,28.79,28.79,81.0,34.37,10000.0,0.0,59.0,6.24,9.28,250.0,1006.0,0,803,Clouds,broken clouds,04n
2025-07-31 19:09:23,Kien Giang-Rach Gia,Rach Gia,28.79,28.79,28.79,81.0,34.37,10000.0,0.0,59.0,6.24,9.28,250.0,1006.0,0,803,Clouds,broken clouds,04n
2025-07-31 19:13:13,Kien Giang-Rach Gia,Rach Gia,28.74,28.74,28.74,81.0,34.23,10000.0,0.0,59.0,6.24,9.28,250.0,1007.0,0,803,Clouds,broken clouds,04n
2025-07-31 19:17:14,Kien Giang-Rach Gia,Rach Gia,28.74,28.74,28.74,81.0,34.23,10000.0,0.0,59.0,6.24,9.28,250.0,1007.0,0,803,Clouds,broken clouds,04n
2025-07-31 19:21:00,Kien Giang-Rach Gia,Rach Gia,28.74,28.74,28.74,81.0,34.23,10000.0,0.0,59.0,6.24,9.28,250.0,1007.0,0,803,Clouds,broken clouds,04n
2025-07-31 19:24:46,Kien Giang-Rach Gia,Rach Gia,28.74,28.74,28.74,81.0,34.23,10000.0,0.0,59.0,6.24,9.28,250.0,1007.0,0,803,Clouds,broken clouds,04n
2025-07-31 19:28:33,Kien Giang-Rach Gia,Rach Gia,28.74,28.74,28.74,81.0,34.23,10000.0,0.0,59.0,6.24,9.28,250.0,1007.0,0,803,Clouds,broken clouds,04n
2025-07-31 19:32:19,Kien Giang-Rach Gia,Rach Gia,28.74,28.74,28.74,81.0,34.23,10000.0,0.0,59.0,6.24,9.28,250.0,1007.0,0,803,Clouds,broken clouds,04n
2025-07-31 19:36:04,Kien Giang-Rach Gia,Rach Gia,28.74,28.74,28.74,81.0,34.23,10000.0,0.0,59.0,6.24,9.28,250.0,1007.0,0,803,Clouds,broken clouds,04n
2025-07-31 19:39:50,Kien Giang-Rach Gia,Rach Gia,28.71,28.71,28.71,82.0,34.35,10000.0,0.0,18.0,6.16,9.12,251.0,1007.0,0,801,Clouds,few clouds,02n
2025-07-31 19:43:36,Kien Giang-Rach Gia,Rach Gia,28.71,28.71,28.71,82.0,34.35,10000.0,0.0,18.0,6.16,9.12,251.0,1007.0,0,801,Clouds,few clouds,02n
2025-07-31 19:47:22,Kien Giang-Rach Gia,Rach Gia,28.71,28.71,28.71,82.0,34.35,10000.0,0.0,18.0,6.16,9.12,251.0,1007.0,0,801,Clouds,few clouds,02n
2025-07-31 19:51:08,Kien Giang-Rach Gia,Rach Gia,28.71,28.71,28.71,82.0,34.35,10000.0,0.0,18.0,6.16,9.12,251.0,1007.0,0,801,Clouds,few clouds,02n
2025-07-31 19:54:53,Kien Giang-Rach Gia,Rach Gia,28.71,28.71,28.71,82.0,34.35,10000.0,0.0,18.0,6.16,9.12,251.0,1007.0,0,801,Clouds,few clouds,02n
2025-07-31 19:58:39,Kien Giang-Rach Gia,Rach Gia,28.71,28.71,28.71,82.0,34.35,10000.0,0.0,18.0,6.16,9.12,251.0,1007.0,0,801,Clouds,few clouds,02n
2025-07-31 20:02:25,Kien Giang-Rach Gia,Rach Gia,28.7,28.7,28.7,82.0,34.32,10000.0,0.0,18.0,6.16,9.12,251.0,1007.0,0,801,Clouds,few clouds,02n
2025-07-31 20:06:12,Kien Giang-Rach Gia,Rach Gia,28.7,28.7,28.7,82.0,34.32,10000.0,0.0,18.0,6.16,9.12,251.0,1007.0,0,801,Clouds,few clouds,02n
2025-07-31 20:09:57,Kien Giang-Rach Gia,Rach Gia,28.7,28.7,28.7,82.0,34.32,10000.0,0.0,18.0,6.16,9.12,251.0,1007.0,0,801,Clouds,few clouds,02n
2025-07-31 20:13:43,Kien Giang-Rach Gia,Rach Gia,28.7,28.7,28.7,82.0,34.32,10000.0,0.0,18.0,6.16,9.12,251.0,1007.0,0,801,Clouds,few clouds,02n
2025-07-31 20:17:29,Kien Giang-Rach Gia,Rach Gia,28.7,28.7,28.7,82.0,34.32,10000.0,0.0,18.0,6.16,9.12,251.0,1007.0,0,801,Clouds,few clouds,02n
2025-07-31 20:21:14,Kien Giang-Rach Gia,Rach Gia,28.7,28.7,28.7,82.0,34.32,10000.0,0.0,18.0,6.16,9.12,251.0,1007.0,0,801,Clouds,few clouds,02n
2025-07-31 20:25:00,Kien Giang-Rach Gia,Rach Gia,28.7,28.7,28.7,82.0,34.32,10000.0,0.0,18.0,6.16,9.12,251.0,1007.0,0,801,Clouds,few clouds,02n
2025-07-31 20:28:46,Kien Giang-Rach Gia,Rach Gia,28.7,28.7,28.7,82.0,34.32,10000.0,0.0,18.0,6.16,9.12,251.0,1007.0,0,801,Clouds,few clouds,02n
2025-07-31 20:32:33,Kien Giang-Rach Gia,Rach Gia,28.7,28.7,28.7,82.0,34.32,10000.0,0.0,18.0,6.16,9.12,251.0,1007.0,0,801,Clouds,few clouds,02n
2025-07-31 20:36:19,Kien Giang-Rach Gia,Rach Gia,28.6,28.6,28.6,82.0,34.04,10000.0,0.0,19.0,6.82,9.49,258.0,1008.0,0,801,Clouds,few clouds,02n
2025-07-31 20:40:05,Kien Giang-Rach Gia,Rach Gia,28.6,28.6,28.6,82.0,34.04,10000.0,0.0,19.0,6.82,9.49,258.0,1008.0,0,801,Clouds,few clouds,02n
2025-07-31 20:43:50,Kien Giang-Rach Gia,Rach Gia,28.6,28.6,28.6,82.0,34.04,10000.0,0.0,19.0,6.82,9.49,258.0,1008.0,0,801,Clouds,few clouds,02n
2025-07-31 20:47:36,Kien Giang-Rach Gia,Rach Gia,28.6,28.6,28.6,82.0,34.04,10000.0,0.0,19.0,6.82,9.49,258.0,1008.0,0,801,Clouds,few clouds,02n
2025-07-31 20:51:23,Kien Giang-Rach Gia,Rach Gia,28.6,28.6,28.6,82.0,34.04,10000.0,0.0,19.0,6.82,9.49,258.0,1008.0,0,801,Clouds,few clouds,02n
2025-07-31 20:55:09,Kien Giang-Rach Gia,Rach Gia,28.6,28.6,28.6,82.0,34.04,10000.0,0.0,19.0,6.82,9.49,258.0,1008.0,0,801,Clouds,few clouds,02n
2025-07-31 20:58:54,Kien Giang-Rach Gia,Rach Gia,28.6,28.6,28.6,82.0,34.04,10000.0,0.0,19.0,6.82,9.49,258.0,1008.0,0,801,Clouds,few clouds,02n
2025-07-31 21:02:40,Kien Giang-Rach Gia,Rach Gia,28.59,28.59,28.59,82.0,34.01,10000.0,0.0,19.0,6.82,9.49,258.0,1008.0,0,801,Clouds,few clouds,02n
2025-07-31 21:06:26,Kien Giang-Rach Gia,Rach Gia,28.59,28.59,28.59,82.0,34.01,10000.0,0.0,19.0,6.82,9.49,258.0,1008.0,0,801,Clouds,few clouds,02n
2025-07-31 21:10:14,Kien Giang-Rach Gia,Rach Gia,28.59,28.59,28.59,82.0,34.01,10000.0,0.0,19.0,6.82,9.49,258.0,1008.0,0,801,Clouds,few clouds,02n
2025-07-31 21:14:00,Kien Giang-Rach Gia,Rach Gia,28.59,28.59,28.59,82.0,34.01,10000.0,0.0,19.0,6.82,9.49,258.0,1008.0,0,801,Clouds,few clouds,02n
2025-07-31 21:17:47,Kien Giang-Rach Gia,Rach Gia,28.59,28.59,28.59,82.0,34.01,10000.0,0.0,19.0,6.82,9.49,258.0,1008.0,0,801,Clouds,few clouds,02n
2025-07-31 21:21:32,Kien Giang-Rach Gia,Rach Gia,28.59,28.59,28.59,82.0,34.01,10000.0,0.0,19.0,6.82,9.49,258.0,1008.0,0,801,Clouds,few clouds,02n
2025-07-31 21:25:18,Kien Giang-Rach Gia,Rach Gia,28.59,28.59,28.59,82.0,34.01,10000.0,0.0,19.0,6.82,9.49,258.0,1008.0,0,801,Clouds,few clouds,02n
2025-07-31 21:29:04,Kien Giang-Rach Gia,Rach Gia,28.59,28.59,28.59,82.0,34.01,10000.0,0.0,19.0,6.82,9.49,258.0,1008.0,0,801,Clouds,few clouds,02n
2025-07-31 21:32:50,Kien Giang-Rach Gia,Rach Gia,28.59,28.59,28.59,82.0,34.01,10000.0,0.0,19.0,6.82,9.49,258.0,1008.0,0,801,Clouds,few clouds,02n
2025-07-31 21:36:35,Kien Giang-Rach Gia,Rach Gia,28.59,28.59,28.59,82.0,34.01,10000.0,0.0,19.0,6.82,9.49,258.0,1008.0,0,801,Clouds,few clouds,02n
2025-07-31 21:40:21,Kien Giang-Rach Gia,Rach Gia,28.62,28.62,28.62,82.0,34.1,10000.0,0.0,21.0,6.75,9.46,253.0,1008.0,0,801,Clouds,few clouds,02n
2025-07-31 22:49:16,Kien Giang-Rach Gia,Rach Gia,28.57,28.57,28.57,82.0,33.96,10000.0,0.0,39.0,6.43,9.35,250.0,1008.0,0,802,Clouds,scattered clouds,03n
2025-07-31 22:53:01,Kien Giang-Rach Gia,Rach Gia,28.56,28.56,28.56,82.0,33.93,10000.0,0.0,39.0,6.43,9.35,250.0,1008.0,0,802,Clouds,scattered clouds,03n
2025-07-31 22:56:47,Kien Giang-Rach Gia,Rach Gia,28.57,28.57,28.57,82.0,33.96,10000.0,0.0,39.0,6.43,9.35,250.0,1008.0,0,802,Clouds,scattered clouds,03n
2025-07-31 23:00:33,Kien Giang-Rach Gia,Rach Gia,28.57,28.57,28.57,82.0,33.96,10000.0,0.0,39.0,6.43,9.35,250.0,1008.0,0,802,Clouds,scattered clouds,03n
2025-07-31 23:04:18,Kien Giang-Rach Gia,Rach Gia,28.56,28.56,28.56,82.0,33.93,10000.0,0.0,39.0,6.43,9.35,250.0,1008.0,0,802,Clouds,scattered clouds,03n
2025-07-31 23:08:04,Kien Giang-Rach Gia,Rach Gia,28.56,28.56,28.56,82.0,33.93,10000.0,0.0,39.0,6.43,9.35,250.0,1008.0,0,802,Clouds,scattered clouds,03n
2025-07-31 23:11:50,Kien Giang-Rach Gia,Rach Gia,28.56,28.56,28.56,82.0,33.93,10000.0,0.0,39.0,6.43,9.35,250.0,1008.0,0,802,Clouds,scattered clouds,03n
2025-07-31 23:15:36,Kien Giang-Rach Gia,Rach Gia,28.56,28.56,28.56,82.0,33.93,10000.0,0.0,39.0,6.43,9.35,250.0,1008.0,0,802,Clouds,scattered clouds,03n
2025-07-31 23:19:22,Kien Giang-Rach Gia,Rach Gia,28.56,28.56,28.56,82.0,33.93,10000.0,0.0,39.0,6.43,9.35,250.0,1008.0,0,802,Clouds,scattered clouds,03n
2025-07-31 23:23:08,Kien Giang-Rach Gia,Rach Gia,28.56,28.56,28.56,82.0,33.93,10000.0,0.0,39.0,6.43,9.35,250.0,1008.0,0,802,Clouds,scattered clouds,03n
2025-07-31 23:26:53,Kien Giang-Rach Gia,Rach Gia,28.56,28.56,28.56,82.0,33.93,10000.0,0.0,39.0,6.43,9.35,250.0,1008.0,0,802,Clouds,scattered clouds,03n
2025-07-31 23:30:39,Kien Giang-Rach Gia,Rach Gia,28.54,28.54,28.54,81.0,33.68,10000.0,0.0,52.0,6.55,9.5,241.0,1008.0,0,803,Clouds,broken clouds,04n
2025-07-31 23:34:25,Kien Giang-Rach Gia,Rach Gia,28.54,28.54,28.54,81.0,33.68,10000.0,0.0,52.0,6.55,9.5,241.0,1008.0,0,803,Clouds,broken clouds,04n
2025-07-31 23:38:11,Kien Giang-Rach Gia,Rach Gia,28.54,28.54,28.54,81.0,33.68,10000.0,0.0,52.0,6.55,9.5,241.0,1008.0,0,803,Clouds,broken clouds,04n
2025-07-31 23:41:56,Kien Giang-Rach Gia,Rach Gia,28.54,28.54,28.54,81.0,33.68,10000.0,0.0,52.0,6.55,9.5,241.0,1008.0,0,803,Clouds,broken clouds,04n
2025-07-31 23:45:42,Kien Giang-Rach Gia,Rach Gia,28.54,28.54,28.54,81.0,33.68,10000.0,0.0,52.0,6.55,9.5,241.0,1008.0,0,803,Clouds,broken clouds,04n
2025-07-31 23:49:27,Kien Giang-Rach Gia,Rach Gia,28.54,28.54,28.54,81.0,33.68,10000.0,0.0,52.0,6.55,9.5,241.0,1008.0,0,803,Clouds,broken clouds,04n
2025-07-31 23:53:13,Kien Giang-Rach Gia,Rach Gia,28.54,28.54,28.54,81.0,33.68,10000.0,0.0,52.0,6.55,9.5,241.0,1008.0,0,803,Clouds,broken clouds,04n
2025-07-31 23:56:59,Kien Giang-Rach Gia,Rach Gia,28.54,28.54,28.54,81.0,33.68,10000.0,0.0,52.0,6.55,9.5,241.0,1008.0,0,803,Clouds,broken clouds,04n
2025-08-01 00:00:44,Kien Giang-Rach Gia,Rach Gia,28.54,28.54,28.54,81.0,33.68,10000.0,0.0,52.0,6.55,9.5,241.0,1008.0,0,803,Clouds,broken clouds,04n
2025-08-01 00:04:30,Kien Giang-Rach Gia,Rach Gia,28.54,28.54,28.54,81.0,33.68,10000.0,0.0,52.0,6.55,9.5,241.0,1008.0,0,803,Clouds,broken clouds,04n
2025-08-01 00:08:16,Kien Giang-Rach Gia,Rach Gia,28.53,28.53,28.53,81.0,33.65,10000.0,0.0,52.0,6.55,9.5,241.0,1008.0,0,803,Clouds,broken clouds,04n
2025-08-01 00:12:02,Kien Giang-Rach Gia,Rach Gia,28.53,28.53,28.53,81.0,33.65,10000.0,0.0,52.0,6.55,9.5,241.0,1008.0,0,803,Clouds,broken clouds,04n
2025-08-01 00:15:48,Kien Giang-Rach Gia,Rach Gia,28.53,28.53,28.53,81.0,33.65,10000.0,0.0,52.0,6.55,9.5,241.0,1008.0,0,803,Clouds,broken clouds,04n
2025-08-01 00:19:33,Kien Giang-Rach Gia,Rach Gia,28.53,28.53,28.53,81.0,33.65,10000.0,0.0,52.0,6.55,9.5,241.0,1008.0,0,803,Clouds,broken clouds,04n
2025-08-01 00:23:19,Kien Giang-Rach Gia,Rach Gia,28.53,28.53,28.53,81.0,33.65,10000.0,0.0,52.0,6.55,9.5,241.0,1008.0,0,803,Clouds,broken clouds,04n
2025-08-01 00:27:05,Kien Giang-Rach Gia,Rach Gia,28.53,28.53,28.53,81.0,33.65,10000.0,0.0,52.0,6.55,9.5,241.0,1008.0,0,803,Clouds,broken clouds,04n
2025-08-01 00:30:50,Kien Giang-Rach Gia,Rach Gia,28.53,28.53,28.53,81.0,33.65,10000.0,0.0,52.0,6.55,9.5,241.0,1008.0,0,803,Clouds,broken clouds,04n
2025-08-01 00:34:35,Kien Giang-Rach Gia,Rach Gia,28.53,28.53,28.53,81.0,33.65,10000.0,0.0,52.0,6.55,9.5,241.0,1008.0,0,803,Clouds,broken clouds,04n
2025-08-01 00:38:21,Kien Giang-Rach Gia,Rach Gia,28.5,28.5,28.5,80.0,33.38,10000.0,0.0,60.0,6.15,8.67,237.0,1007.0,0,803,Clouds,broken clouds,04n
2025-08-01 00:42:07,Kien Giang-Rach Gia,Rach Gia,28.5,28.5,28.5,80.0,33.38,10000.0,0.0,55.0,5.8,8.73,238.0,1007.0,0,803,Clouds,broken clouds,04n
2025-08-01 00:45:53,Kien Giang-Rach Gia,Rach Gia,28.5,28.5,28.5,80.0,33.38,10000.0,0.0,55.0,5.8,8.73,238.0,1007.0,0,803,Clouds,broken clouds,04n
2025-08-01 00:49:38,Kien Giang-Rach Gia,Rach Gia,28.5,28.5,28.5,80.0,33.38,10000.0,0.0,55.0,5.8,8.73,238.0,1007.0,0,803,Clouds,broken clouds,04n
2025-08-01 00:53:24,Kien Giang-Rach Gia,Rach Gia,28.5,28.5,28.5,80.0,33.38,10000.0,0.0,55.0,5.8,8.73,238.0,1007.0,0,803,Clouds,broken clouds,04n
2025-08-01 00:57:10,Kien Giang-Rach Gia,Rach Gia,28.5,28.5,28.5,80.0,33.38,10000.0,0.0,55.0,5.8,8.73,238.0,1007.0,0,803,Clouds,broken clouds,04n
2025-08-01 01:00:56,Kien Giang-Rach Gia,Rach Gia,28.5,28.5,28.5,80.0,33.38,10000.0,0.0,55.0,5.8,8.73,238.0,1007.0,0,803,Clouds,broken clouds,04n
2025-08-01 01:04:41,Kien Giang-Rach Gia,Rach Gia,28.5,28.5,28.5,80.0,33.38,10000.0,0.0,55.0,5.8,8.73,238.0,1007.0,0,803,Clouds,broken clouds,04n
2025-08-01 01:08:27,Kien Giang-Rach Gia,Rach Gia,28.5,28.5,28.5,80.0,33.38,10000.0,0.0,55.0,5.8,8.73,238.0,1007.0,0,803,Clouds,broken clouds,04n
2025-08-01 01:12:13,Kien Giang-Rach Gia,Rach Gia,28.54,28.54,28.54,81.0,33.68,10000.0,0.0,55.0,5.8,8.73,238.0,1007.0,0,803,Clouds,broken clouds,04n
2025-08-01 01:15:59,Kien Giang-Rach Gia,Rach Gia,28.54,28.54,28.54,81.0,33.68,10000.0,0.0,55.0,5.8,8.73,238.0,1007.0,0,803,Clouds,broken clouds,04n
2025-08-01 01:19:44,Kien Giang-Rach Gia,Rach Gia,28.54,28.54,28.54,81.0,33.68,10000.0,0.0,55.0,5.8,8.73,238.0,1007.0,0,803,Clouds,broken clouds,04n
2025-08-01 01:23:30,Kien Giang-Rach Gia,Rach Gia,28.54,28.54,28.54,81.0,33.68,10000.0,0.0,55.0,5.8,8.73,238.0,1007.0,0,803,Clouds,broken clouds,04n
2025-08-01 01:27:16,Kien Giang-Rach Gia,Rach Gia,28.54,28.54,28.54,81.0,33.68,10000.0,0.0,55.0,5.8,8.73,238.0,1007.0,0,803,Clouds,broken clouds,04n
2025-08-01 01:31:02,Kien Giang-Rach Gia,Rach Gia,28.56,28.56,28.56,81.0,33.73,10000.0,0.0,99.0,5.58,8.47,242.0,1007.0,0,804,Clouds,overcast clouds,04n
2025-08-01 01:34:47,Kien Giang-Rach Gia,Rach Gia,28.56,28.56,28.56,81.0,33.73,10000.0,0.0,99.0,5.58,8.47,242.0,1007.0,0,804,Clouds,overcast clouds,04n
2025-08-01 01:38:33,Kien Giang-Rach Gia,Rach Gia,28.57,28.57,28.57,81.0,33.76,10000.0,0.0,99.0,5.58,8.47,242.0,1007.0,0,804,Clouds,overcast clouds,04n
2025-08-01 01:42:19,Kien Giang-Rach Gia,Rach Gia,28.57,28.57,28.57,81.0,33.76,10000.0,0.0,99.0,5.58,8.47,242.0,1007.0,0,804,Clouds,overcast clouds,04n
2025-08-01 01:46:05,Kien Giang-Rach Gia,Rach Gia,28.57,28.57,28.57,81.0,33.76,10000.0,0.0,99.0,5.58,8.47,242.0,1007.0,0,804,Clouds,overcast clouds,04n
2025-08-01 01:49:50,Kien Giang-Rach Gia,Rach Gia,28.57,28.57,28.57,81.0,33.76,10000.0,0.0,99.0,5.58,8.47,242.0,1007.0,0,804,Clouds,overcast clouds,04n
2025-08-01 01:53:35,Kien Giang-Rach Gia,Rach Gia,28.57,28.57,28.57,81.0,33.76,10000.0,0.0,99.0,5.58,8.47,242.0,1007.0,0,804,Clouds,overcast clouds,04n
2025-08-01 01:57:21,Kien Giang-Rach Gia,Rach Gia,28.57,28.57,28.57,81.0,33.76,10000.0,0.0,99.0,5.58,8.47,242.0,1007.0,0,804,Clouds,overcast clouds,04n
2025-08-01 02:01:06,Kien Giang-Rach Gia,Rach Gia,28.57,28.57,28.57,81.0,33.76,10000.0,0.0,99.0,5.58,8.47,242.0,1007.0,0,804,Clouds,overcast clouds,04n
2025-08-01 02:04:52,Kien Giang-Rach Gia,Rach Gia,28.56,28.56,28.56,81.0,33.73,10000.0,0.0,99.0,5.58,8.47,242.0,1007.0,0,804,Clouds,overcast clouds,04n
2025-08-01 02:08:38,Kien Giang-Rach Gia,Rach Gia,28.56,28.56,28.56,81.0,33.73,10000.0,0.0,99.0,5.58,8.47,242.0,1007.0,0,804,Clouds,overcast clouds,04n
2025-08-01 02:12:24,Kien Giang-Rach Gia,Rach Gia,28.56,28.56,28.56,81.0,33.73,10000.0,0.0,99.0,5.58,8.47,242.0,1007.0,0,804,Clouds,overcast clouds,04n
2025-08-01 02:16:09,Kien Giang-Rach Gia,Rach Gia,28.56,28.56,28.56,81.0,33.73,10000.0,0.0,99.0,5.58,8.47,242.0,1007.0,0,804,Clouds,overcast clouds,04n
2025-08-01 02:19:55,Kien Giang-Rach Gia,Rach Gia,28.56,28.56,28.56,81.0,33.73,10000.0,0.0,99.0,5.58,8.47,242.0,1007.0,0,804,Clouds,overcast clouds,04n
2025-08-01 02:23:41,Kien Giang-Rach Gia,Rach Gia,28.56,28.56,28.56,81.0,33.73,10000.0,0.0,99.0,5.58,8.47,242.0,1007.0,0,804,Clouds,overcast clouds,04n
2025-08-01 02:27:27,Kien Giang-Rach Gia,Rach Gia,28.56,28.56,28.56,81.0,33.73,10000.0,0.0,99.0,5.58,8.47,242.0,1007.0,0,804,Clouds,overcast clouds,04n
2025-08-01 02:31:13,Kien Giang-Rach Gia,Rach Gia,28.64,28.64,28.64,80.0,33.76,10000.0,0.0,99.0,5.96,9.18,247.0,1006.0,0,804,Clouds,overcast clouds,04n
2025-08-01 02:34:59,Kien Giang-Rach Gia,Rach Gia,28.64,28.64,28.64,80.0,33.76,10000.0,0.0,99.0,5.96,9.18,247.0,1006.0,0,804,Clouds,overcast clouds,04n
2025-08-01 02:38:45,Kien Giang-Rach Gia,Rach Gia,28.64,28.64,28.64,80.0,33.76,10000.0,0.0,99.0,5.96,9.18,247.0,1006.0,0,804,Clouds,overcast clouds,04n
2025-08-01 02:42:31,Kien Giang-Rach Gia,Rach Gia,28.64,28.64,28.64,80.0,33.76,10000.0,0.0,99.0,5.96,9.18,247.0,1006.0,0,804,Clouds,overcast clouds,04n
2025-08-01 02:46:16,Kien Giang-Rach Gia,Rach Gia,28.64,28.64,28.64,80.0,33.76,10000.0,0.0,99.0,5.96,9.18,247.0,1006.0,0,804,Clouds,overcast clouds,04n
2025-08-01 02:50:02,Kien Giang-Rach Gia,Rach Gia,28.65,28.65,28.65,80.0,33.78,10000.0,0.0,99.0,5.96,9.18,247.0,1006.0,0,804,Clouds,overcast clouds,04n
2025-08-01 02:53:48,Kien Giang-Rach Gia,Rach Gia,28.65,28.65,28.65,80.0,33.78,10000.0,0.0,99.0,5.96,9.18,247.0,1006.0,0,804,Clouds,overcast clouds,04n
2025-08-01 02:57:34,Kien Giang-Rach Gia,Rach Gia,28.65,28.65,28.65,80.0,33.78,10000.0,0.0,99.0,5.96,9.18,247.0,1006.0,0,804,Clouds,overcast clouds,04n
2025-08-01 03:01:20,Kien Giang-Rach Gia,Rach Gia,28.64,28.64,28.64,80.0,33.76,10000.0,0.0,99.0,5.96,9.18,247.0,1006.0,0,804,Clouds,overcast clouds,04n
2025-08-01 03:05:06,Kien Giang-Rach Gia,Rach Gia,28.64,28.64,28.64,80.0,33.76,10000.0,0.0,99.0,5.96,9.18,247.0,1006.0,0,804,Clouds,overcast clouds,04n
2025-08-01 03:08:52,Kien Giang-Rach Gia,Rach Gia,28.64,28.64,28.64,80.0,33.76,10000.0,0.0,99.0,5.96,9.18,247.0,1006.0,0,804,Clouds,overcast clouds,04n
2025-08-01 03:12:37,Kien Giang-Rach Gia,Rach Gia,28.64,28.64,28.64,80.0,33.76,10000.0,0.0,99.0,5.96,9.18,247.0,1006.0,0,804,Clouds,overcast clouds,04n
2025-08-01 03:16:23,Kien Giang-Rach Gia,Rach Gia,28.64,28.64,28.64,80.0,33.76,10000.0,0.0,99.0,5.96,9.18,247.0,1006.0,0,804,Clouds,overcast clouds,04n
2025-08-01 03:20:09,Kien Giang-Rach Gia,Rach Gia,28.64,28.64,28.64,80.0,33.76,10000.0,0.0,99.0,5.96,9.18,247.0,1006.0,0,804,Clouds,overcast clouds,04n
2025-08-01 03:23:55,Kien Giang-Rach Gia,Rach Gia,28.64,28.64,28.64,80.0,33.76,10000.0,0.0,99.0,5.96,9.18,247.0,1006.0,0,804,Clouds,overcast clouds,04n
2025-08-01 03:27:41,Kien Giang-Rach Gia,Rach Gia,28.64,28.64,28.64,80.0,33.76,10000.0,0.0,99.0,5.96,9.18,247.0,1006.0,0,804,Clouds,overcast clouds,04n
2025-08-01 03:31:28,Kien Giang-Rach Gia,Rach Gia,28.53,28.53,28.53,80.0,33.46,10000.0,0.0,98.0,5.82,8.8,250.0,1006.0,0,804,Clouds,overcast clouds,04n
2025-08-01 03:35:13,Kien Giang-Rach Gia,Rach Gia,28.64,28.64,28.64,80.0,33.76,10000.0,0.0,99.0,5.96,9.18,247.0,1006.0,0,804,Clouds,overcast clouds,04n
2025-08-01 03:38:59,Kien Giang-Rach Gia,Rach Gia,28.53,28.53,28.53,80.0,33.46,10000.0,0.0,98.0,5.82,8.8,250.0,1006.0,0,804,Clouds,overcast clouds,04n
2025-08-01 03:42:45,Kien Giang-Rach Gia,Rach Gia,28.53,28.53,28.53,80.0,33.46,10000.0,0.0,98.0,5.82,8.8,250.0,1006.0,0,804,Clouds,overcast clouds,04n
2025-08-01 03:46:31,Kien Giang-Rach Gia,Rach Gia,28.53,28.53,28.53,80.0,33.46,10000.0,0.0,98.0,5.82,8.8,250.0,1006.0,0,804,Clouds,overcast clouds,04n
2025-08-01 03:50:17,Kien Giang-Rach Gia,Rach Gia,28.53,28.53,28.53,80.0,33.46,10000.0,0.0,98.0,5.82,8.8,250.0,1006.0,0,804,Clouds,overcast clouds,04n
2025-08-01 03:54:03,Kien Giang-Rach Gia,Rach Gia,28.53,28.53,28.53,80.0,33.46,10000.0,0.0,98.0,5.82,8.8,250.0,1006.0,0,804,Clouds,overcast clouds,04n
2025-08-01 03:57:49,Kien Giang-Rach Gia,Rach Gia,28.53,28.53,28.53,80.0,33.46,10000.0,0.0,98.0,5.82,8.8,250.0,1006.0,0,804,Clouds,overcast clouds,04n
2025-08-01 04:01:34,Kien Giang-Rach Gia,Rach Gia,28.53,28.53,28.53,80.0,33.46,10000.0,0.0,98.0,5.82,8.8,250.0,1006.0,0,804,Clouds,overcast clouds,04n
2025-08-01 04:05:20,Kien Giang-Rach Gia,Rach Gia,28.53,28.53,28.53,80.0,33.46,10000.0,0.0,98.0,5.82,8.8,250.0,1006.0,0,804,Clouds,overcast clouds,04n
2025-08-01 04:09:06,Kien Giang-Rach Gia,Rach Gia,28.53,28.53,28.53,80.0,33.46,10000.0,0.0,98.0,5.82,8.8,250.0,1006.0,0,804,Clouds,overcast clouds,04n
2025-08-01 04:12:52,Kien Giang-Rach Gia,Rach Gia,28.53,28.53,28.53,80.0,33.46,10000.0,0.0,98.0,5.82,8.8,250.0,1006.0,0,804,Clouds,overcast clouds,04n
2025-08-01 04:16:37,Kien Giang-Rach Gia,Rach Gia,28.53,28.53,28.53,80.0,33.46,10000.0,0.0,98.0,5.82,8.8,250.0,1006.0,0,804,Clouds,overcast clouds,04n
2025-08-01 04:20:23,Kien Giang-Rach Gia,Rach Gia,28.53,28.53,28.53,80.0,33.46,10000.0,0.0,98.0,5.82,8.8,250.0,1006.0,0,804,Clouds,overcast clouds,04n
2025-08-01 04:24:09,Kien Giang-Rach Gia,Rach Gia,28.53,28.53,28.53,80.0,33.46,10000.0,0.0,98.0,5.82,8.8,250.0,1006.0,0,804,Clouds,overcast clouds,04n
2025-08-01 04:27:55,Kien Giang-Rach Gia,Rach Gia,28.53,28.53,28.53,80.0,33.46,10000.0,0.0,98.0,5.82,8.8,250.0,1006.0,0,804,Clouds,overcast clouds,04n
2025-08-01 04:31:41,Kien Giang-Rach Gia,Rach Gia,28.65,28.65,28.65,79.0,33.59,10000.0,0.0,99.0,6.46,9.44,254.0,1006.0,0,804,Clouds,overcast clouds,04n
2025-08-01 04:35:27,Kien Giang-Rach Gia,Rach Gia,28.65,28.65,28.65,79.0,33.59,10000.0,0.0,99.0,6.46,9.44,254.0,1006.0,0,804,Clouds,overcast clouds,04n
2025-08-01 04:39:13,Kien Giang-Rach Gia,Rach Gia,28.65,28.65,28.65,79.0,33.59,10000.0,0.0,99.0,6.46,9.44,254.0,1006.0,0,804,Clouds,overcast clouds,04n
2025-08-01 04:42:59,Kien Giang-Rach Gia,Rach Gia,28.65,28.65,28.65,79.0,33.59,10000.0,0.0,99.0,6.46,9.44,254.0,1006.0,0,804,Clouds,overcast clouds,04n
2025-08-01 04:46:44,Kien Giang-Rach Gia,Rach Gia,28.65,28.65,28.65,79.0,33.59,10000.0,0.0,99.0,6.46,9.44,254.0,1006.0,0,804,Clouds,overcast clouds,04n
2025-08-01 04:50:30,Kien Giang-Rach Gia,Rach Gia,28.65,28.65,28.65,79.0,33.59,10000.0,0.0,99.0,6.46,9.44,254.0,1006.0,0,804,Clouds,overcast clouds,04n
2025-08-01 04:54:16,Kien Giang-Rach Gia,Rach Gia,28.65,28.65,28.65,79.0,33.59,10000.0,0.0,99.0,6.46,9.44,254.0,1006.0,0,804,Clouds,overcast clouds,04n
2025-08-01 04:58:01,Kien Giang-Rach Gia,Rach Gia,28.65,28.65,28.65,79.0,33.59,10000.0,0.0,99.0,6.46,9.44,254.0,1006.0,0,804,Clouds,overcast clouds,04n
2025-08-01 05:01:48,Kien Giang-Rach Gia,Rach Gia,28.63,28.63,28.63,79.0,33.54,10000.0,0.0,99.0,6.46,9.44,254.0,1006.0,0,804,Clouds,overcast clouds,04n
2025-08-01 05:05:34,Kien Giang-Rach Gia,Rach Gia,28.63,28.63,28.63,79.0,33.54,10000.0,0.0,99.0,6.46,9.44,254.0,1006.0,0,804,Clouds,overcast clouds,04n
2025-08-01 05:09:19,Kien Giang-Rach Gia,Rach Gia,28.63,28.63,28.63,79.0,33.54,10000.0,0.0,99.0,6.46,9.44,254.0,1006.0,0,804,Clouds,overcast clouds,04n
2025-08-01 05:13:05,Kien Giang-Rach Gia,Rach Gia,28.63,28.63,28.63,79.0,33.54,10000.0,0.0,99.0,6.46,9.44,254.0,1006.0,0,804,Clouds,overcast clouds,04n
2025-08-01 05:16:51,Kien Giang-Rach Gia,Rach Gia,28.63,28.63,28.63,79.0,33.54,10000.0,0.0,99.0,6.46,9.44,254.0,1006.0,0,804,Clouds,overcast clouds,04n
2025-08-01 05:20:37,Kien Giang-Rach Gia,Rach Gia,28.63,28.63,28.63,79.0,33.54,10000.0,0.0,99.0,6.46,9.44,254.0,1006.0,0,804,Clouds,overcast clouds,04n
2025-08-01 05:24:23,Kien Giang-Rach Gia,Rach Gia,28.63,28.63,28.63,79.0,33.54,10000.0,0.0,99.0,6.46,9.44,254.0,1006.0,0,804,Clouds,overcast clouds,04n
2025-08-01 05:28:08,Kien Giang-Rach Gia,Rach Gia,28.63,28.63,28.63,79.0,33.54,10000.0,0.0,99.0,6.46,9.44,254.0,1006.0,0,804,Clouds,overcast clouds,04n
2025-08-01 05:31:54,Kien Giang-Rach Gia,Rach Gia,28.32,28.32,28.32,79.0,32.74,10000.0,0.0,99.0,6.22,8.89,254.0,1007.0,0,804,Clouds,overcast clouds,04n
2025-08-01 05:35:40,Kien Giang-Rach Gia,Rach Gia,28.32,28.32,28.32,79.0,32.74,10000.0,0.0,99.0,6.22,8.89,254.0,1007.0,0,804,Clouds,overcast clouds,04n
2025-08-01 05:39:25,Kien Giang-Rach Gia,Rach Gia,28.32,28.32,28.32,79.0,32.74,10000.0,0.0,99.0,6.22,8.89,254.0,1007.0,0,804,Clouds,overcast clouds,04n
2025-08-01 05:43:11,Kien Giang-Rach Gia,Rach Gia,28.32,28.32,28.32,79.0,32.74,10000.0,0.0,99.0,6.22,8.89,254.0,1007.0,0,804,Clouds,overcast clouds,04n
2025-08-01 05:46:57,Kien Giang-Rach Gia,Rach Gia,28.32,28.32,28.32,79.0,32.74,10000.0,0.0,99.0,6.22,8.89,254.0,1007.0,0,804,Clouds,overcast clouds,04n
2025-08-01 05:50:43,Kien Giang-Rach Gia,Rach Gia,28.32,28.32,28.32,79.0,32.74,10000.0,0.0,99.0,6.22,8.89,254.0,1007.0,1,804,Clouds,overcast clouds,04d
2025-08-01 05:54:28,Kien Giang-Rach Gia,Rach Gia,28.32,28.32,28.32,79.0,32.74,10000.0,0.0,99.0,6.22,8.89,254.0,1007.0,1,804,Clouds,overcast clouds,04d
2025-08-01 05:58:14,Kien Giang-Rach Gia,Rach Gia,28.32,28.32,28.32,79.0,32.74,10000.0,0.0,99.0,6.22,8.89,254.0,1007.0,1,804,Clouds,overcast clouds,04d
2025-08-01 06:02:00,Kien Giang-Rach Gia,Rach Gia,28.3,28.3,28.3,79.0,32.69,10000.0,0.0,99.0,6.22,8.89,254.0,1007.0,1,804,Clouds,overcast clouds,04d
2025-08-01 06:05:45,Kien Giang-Rach Gia,Rach Gia,28.32,28.32,28.32,79.0,32.74,10000.0,0.0,99.0,6.22,8.89,254.0,1007.0,1,804,Clouds,overcast clouds,04d
2025-08-01 06:09:31,Kien Giang-Rach Gia,Rach Gia,28.3,28.3,28.3,79.0,32.69,10000.0,0.0,99.0,6.22,8.89,254.0,1007.0,1,804,Clouds,overcast clouds,04d
2025-08-01 06:13:17,Kien Giang-Rach Gia,Rach Gia,28.3,28.3,28.3,79.0,32.69,10000.0,0.0,99.0,6.22,8.89,254.0,1007.0,1,804,Clouds,overcast clouds,04d
2025-08-01 06:17:02,Kien Giang-Rach Gia,Rach Gia,28.3,28.3,28.3,79.0,32.69,10000.0,0.0,99.0,6.22,8.89,254.0,1007.0,1,804,Clouds,overcast clouds,04d
2025-08-01 06:20:48,Kien Giang-Rach Gia,Rach Gia,28.3,28.3,28.3,79.0,32.69,10000.0,0.0,99.0,6.22,8.89,254.0,1007.0,1,804,Clouds,overcast clouds,04d
2025-08-01 06:24:33,Kien Giang-Rach Gia,Rach Gia,28.3,28.3,28.3,79.0,32.69,10000.0,0.0,99.0,6.22,8.89,254.0,1007.0,1,804,Clouds,overcast clouds,04d
2025-08-01 06:28:19,Kien Giang-Rach Gia,Rach Gia,28.3,28.3,28.3,79.0,32.69,10000.0,0.0,99.0,6.22,8.89,254.0,1007.0,1,804,Clouds,overcast clouds,04d
2025-08-01 06:32:05,Kien Giang-Rach Gia,Rach Gia,28.65,28.65,28.65,78.0,33.4,10000.0,0.0,94.0,6.71,9.35,258.0,1007.0,1,804,Clouds,overcast clouds,04d
2025-08-01 06:35:51,Kien Giang-Rach Gia,Rach Gia,28.65,28.65,28.65,78.0,33.4,10000.0,0.0,94.0,6.71,9.35,258.0,1007.0,1,804,Clouds,overcast clouds,04d
2025-08-01 06:39:36,Kien Giang-Rach Gia,Rach Gia,28.65,28.65,28.65,78.0,33.4,10000.0,0.0,94.0,6.71,9.35,258.0,1007.0,1,804,Clouds,overcast clouds,04d
2025-08-01 06:43:22,Kien Giang-Rach Gia,Rach Gia,28.65,28.65,28.65,78.0,33.4,10000.0,0.0,94.0,6.71,9.35,258.0,1007.0,1,804,Clouds,overcast clouds,04d
2025-08-01 06:47:08,Kien Giang-Rach Gia,Rach Gia,28.65,28.65,28.65,78.0,33.4,10000.0,0.0,94.0,6.71,9.35,258.0,1007.0,1,804,Clouds,overcast clouds,04d
2025-08-01 06:50:54,Kien Giang-Rach Gia,Rach Gia,28.65,28.65,28.65,78.0,33.4,10000.0,0.0,76.0,5.96,8.89,253.0,1007.0,1,803,Clouds,broken clouds,04d
2025-08-01 06:54:40,Kien Giang-Rach Gia,Rach Gia,28.65,28.65,28.65,78.0,33.4,10000.0,0.0,76.0,5.96,8.89,253.0,1007.0,1,803,Clouds,broken clouds,04d
2025-08-01 06:58:25,Kien Giang-Rach Gia,Rach Gia,28.65,28.65,28.65,78.0,33.4,10000.0,0.0,76.0,5.96,8.89,253.0,1007.0,1,803,Clouds,broken clouds,04d
2025-08-01 07:02:11,Kien Giang-Rach Gia,Rach Gia,28.65,28.65,28.65,78.0,33.4,10000.0,0.0,76.0,5.96,8.89,253.0,1007.0,1,803,Clouds,broken clouds,04d
2025-08-01 07:05:57,Kien Giang-Rach Gia,Rach Gia,28.65,28.65,28.65,78.0,33.4,10000.0,0.0,76.0,5.96,8.89,253.0,1007.0,1,803,Clouds,broken clouds,04d
2025-08-01 07:09:43,Kien Giang-Rach Gia,Rach Gia,28.65,28.65,28.65,78.0,33.4,10000.0,0.0,76.0,5.96,8.89,253.0,1007.0,1,803,Clouds,broken clouds,04d
2025-08-01 07:13:28,Kien Giang-Rach Gia,Rach Gia,28.65,28.65,28.65,78.0,33.4,10000.0,0.0,76.0,5.96,8.89,253.0,1007.0,1,803,Clouds,broken clouds,04d
2025-08-01 07:17:14,Kien Giang-Rach Gia,Rach Gia,28.65,28.65,28.65,78.0,33.4,10000.0,0.0,76.0,5.96,8.89,253.0,1007.0,1,803,Clouds,broken clouds,04d
2025-08-01 07:21:00,Kien Giang-Rach Gia,Rach Gia,28.65,28.65,28.65,78.0,33.4,10000.0,0.0,76.0,5.96,8.89,253.0,1007.0,1,803,Clouds,broken clouds,04d
2025-08-01 07:24:46,Kien Giang-Rach Gia,Rach Gia,28.48,28.48,28.48,79.0,33.15,10000.0,0.0,76.0,5.96,8.89,253.0,1007.0,1,803,Clouds,broken clouds,04d
2025-08-01 07:28:31,Kien Giang-Rach Gia,Rach Gia,28.48,28.48,28.48,79.0,33.15,10000.0,0.0,76.0,5.96,8.89,253.0,1007.0,1,803,Clouds,broken clouds,04d
2025-08-01 07:32:17,Kien Giang-Rach Gia,Rach Gia,28.95,28.95,28.95,74.0,33.37,10000.0,0.0,5.0,6.33,8.33,254.0,1008.0,1,800,Clear,clear sky,01d
2025-08-01 07:36:03,Kien Giang-Rach Gia,Rach Gia,28.95,28.95,28.95,74.0,33.37,10000.0,0.0,5.0,6.33,8.33,254.0,1008.0,1,800,Clear,clear sky,01d
2025-08-01 07:39:49,Kien Giang-Rach Gia,Rach Gia,28.95,28.95,28.95,74.0,33.37,10000.0,0.0,5.0,6.33,8.33,254.0,1008.0,1,800,Clear,clear sky,01d
2025-08-01 07:43:35,Kien Giang-Rach Gia,Rach Gia,28.95,28.95,28.95,74.0,33.37,10000.0,0.0,5.0,6.33,8.33,254.0,1008.0,1,800,Clear,clear sky,01d
2025-08-01 07:47:21,Kien Giang-Rach Gia,Rach Gia,29.01,29.01,29.01,74.0,33.52,10000.0,0.0,5.0,6.33,8.33,254.0,1008.0,1,800,Clear,clear sky,01d
2025-08-01 07:51:06,Kien Giang-Rach Gia,Rach Gia,29.01,29.01,29.01,74.0,33.52,10000.0,0.0,5.0,6.33,8.33,254.0,1008.0,1,800,Clear,clear sky,01d
2025-08-01 07:54:52,Kien Giang-Rach Gia,Rach Gia,29.01,29.01,29.01,74.0,33.52,10000.0,0.0,5.0,6.33,8.33,254.0,1008.0,1,800,Clear,clear sky,01d
2025-08-01 07:58:38,Kien Giang-Rach Gia,Rach Gia,29.01,29.01,29.01,74.0,33.52,10000.0,0.0,5.0,6.33,8.33,254.0,1008.0,1,800,Clear,clear sky,01d
2025-08-01 08:02:24,Kien Giang-Rach Gia,Rach Gia,29.03,29.03,29.03,74.0,33.57,10000.0,0.0,5.0,6.33,8.33,254.0,1008.0,1,800,Clear,clear sky,01d
2025-08-01 08:06:10,Kien Giang-Rach Gia,Rach Gia,29.03,29.03,29.03,74.0,33.57,10000.0,0.0,5.0,6.33,8.33,254.0,1008.0,1,800,Clear,clear sky,01d
2025-08-01 08:09:56,Kien Giang-Rach Gia,Rach Gia,29.03,29.03,29.03,74.0,33.57,10000.0,0.0,5.0,6.33,8.33,254.0,1008.0,1,800,Clear,clear sky,01d
2025-08-01 08:13:42,Kien Giang-Rach Gia,Rach Gia,29.03,29.03,29.03,74.0,33.57,10000.0,0.0,5.0,6.33,8.33,254.0,1008.0,1,800,Clear,clear sky,01d
2025-08-01 08:17:27,Kien Giang-Rach Gia,Rach Gia,29.03,29.03,29.03,74.0,33.57,10000.0,0.0,5.0,6.33,8.33,254.0,1008.0,1,800,Clear,clear sky,01d
2025-08-01 08:21:13,Kien Giang-Rach Gia,Rach Gia,29.03,29.03,29.03,74.0,33.57,10000.0,0.0,5.0,6.33,8.33,254.0,1008.0,1,800,Clear,clear sky,01d
2025-08-01 08:24:59,Kien Giang-Rach Gia,Rach Gia,29.03,29.03,29.03,74.0,33.57,10000.0,0.0,5.0,6.33,8.33,254.0,1008.0,1,800,Clear,clear sky,01d
2025-08-01 08:28:45,Kien Giang-Rach Gia,Rach Gia,29.03,29.03,29.03,74.0,33.57,10000.0,0.0,5.0,6.33,8.33,254.0,1008.0,1,800,Clear,clear sky,01d
2025-08-01 08:32:30,Kien Giang-Rach Gia,Rach Gia,29.03,29.03,29.03,74.0,33.57,10000.0,0.0,5.0,6.33,8.33,254.0,1008.0,1,800,Clear,clear sky,01d
2025-08-01 08:36:16,Kien Giang-Rach Gia,Rach Gia,29.5,29.5,29.5,73.0,34.51,10000.0,0.0,17.0,6.66,8.39,252.0,1008.0,1,801,Clouds,few clouds,02d
2025-08-01 08:40:02,Kien Giang-Rach Gia,Rach Gia,29.5,29.5,29.5,73.0,34.51,10000.0,0.0,17.0,6.66,8.39,252.0,1008.0,1,801,Clouds,few clouds,02d
2025-08-01 08:43:48,Kien Giang-Rach Gia,Rach Gia,29.5,29.5,29.5,73.0,34.51,10000.0,0.0,17.0,6.66,8.39,252.0,1008.0,1,801,Clouds,few clouds,02d
2025-08-01 08:47:34,Kien Giang-Rach Gia,Rach Gia,29.5,29.5,29.5,73.0,34.51,10000.0,0.0,17.0,6.66,8.39,252.0,1008.0,1,801,Clouds,few clouds,02d
2025-08-01 08:51:20,Kien Giang-Rach Gia,Rach Gia,29.5,29.5,29.5,73.0,34.51,10000.0,0.0,17.0,6.66,8.39,252.0,1008.0,1,801,Clouds,few clouds,02d
2025-08-01 08:55:06,Kien Giang-Rach Gia,Rach Gia,29.5,29.5,29.5,73.0,34.51,10000.0,0.0,17.0,6.66,8.39,252.0,1008.0,1,801,Clouds,few clouds,02d
2025-08-01 08:58:51,Kien Giang-Rach Gia,Rach Gia,29.5,29.5,29.5,73.0,34.51,10000.0,0.0,17.0,6.66,8.39,252.0,1008.0,1,801,Clouds,few clouds,02d
2025-08-01 09:02:36,Kien Giang-Rach Gia,Rach Gia,29.5,29.5,29.5,73.0,34.51,10000.0,0.0,17.0,6.66,8.39,252.0,1008.0,1,801,Clouds,few clouds,02d
2025-08-01 09:06:22,Kien Giang-Rach Gia,Rach Gia,29.52,29.52,29.52,73.0,34.56,10000.0,0.0,17.0,6.66,8.39,252.0,1008.0,1,801,Clouds,few clouds,02d
2025-08-01 09:10:08,Kien Giang-Rach Gia,Rach Gia,29.52,29.52,29.52,73.0,34.56,10000.0,0.0,17.0,6.66,8.39,252.0,1008.0,1,801,Clouds,few clouds,02d
2025-08-01 09:13:54,Kien Giang-Rach Gia,Rach Gia,29.52,29.52,29.52,73.0,34.56,10000.0,0.0,17.0,6.66,8.39,252.0,1008.0,1,801,Clouds,few clouds,02d
2025-08-01 09:20:10,Kien Giang-Rach Gia,Rach Gia,29.52,29.52,29.52,73.0,34.56,10000.0,0.0,17.0,6.66,8.39,252.0,1008.0,1,801,Clouds,few clouds,02d
2025-08-01 09:23:56,Kien Giang-Rach Gia,Rach Gia,29.52,29.52,29.52,73.0,34.56,10000.0,0.0,17.0,6.66,8.39,252.0,1008.0,1,801,Clouds,few clouds,02d
2025-08-01 09:27:41,Kien Giang-Rach Gia,Rach Gia,29.52,29.52,29.52,73.0,34.56,10000.0,0.0,17.0,6.66,8.39,252.0,1008.0,1,801,Clouds,few clouds,02d
2025-08-01 09:31:27,Kien Giang-Rach Gia,Rach Gia,29.52,29.52,29.52,73.0,34.56,10000.0,0.0,17.0,6.66,8.39,252.0,1008.0,1,801,Clouds,few clouds,02d
2025-08-01 09:35:12,Kien Giang-Rach Gia,Rach Gia,29.73,29.73,29.73,71.0,34.62,10000.0,0.0,46.0,6.42,7.9,247.0,1009.0,1,802,Clouds,scattered clouds,03d
2025-08-01 09:38:58,Kien Giang-Rach Gia,Rach Gia,29.73,29.73,29.73,71.0,34.62,10000.0,0.0,46.0,6.42,7.9,247.0,1009.0,1,802,Clouds,scattered clouds,03d
2025-08-01 09:42:44,Kien Giang-Rach Gia,Rach Gia,29.73,29.73,29.73,71.0,34.62,10000.0,0.0,46.0,6.42,7.9,247.0,1009.0,1,802,Clouds,scattered clouds,03d
2025-08-01 09:46:30,Kien Giang-Rach Gia,Rach Gia,29.73,29.73,29.73,71.0,34.62,10000.0,0.0,46.0,6.42,7.9,247.0,1009.0,1,802,Clouds,scattered clouds,03d
2025-08-01 09:50:16,Kien Giang-Rach Gia,Rach Gia,29.73,29.73,29.73,71.0,34.62,10000.0,0.0,46.0,6.42,7.9,247.0,1009.0,1,802,Clouds,scattered clouds,03d
2025-08-01 09:54:01,Kien Giang-Rach Gia,Rach Gia,29.73,29.73,29.73,71.0,34.62,10000.0,0.0,46.0,6.42,7.9,247.0,1009.0,1,802,Clouds,scattered clouds,03d
2025-08-01 09:57:47,Kien Giang-Rach Gia,Rach Gia,29.73,29.73,29.73,71.0,34.62,10000.0,0.0,46.0,6.42,7.9,247.0,1009.0,1,802,Clouds,scattered clouds,03d
2025-08-01 10:01:33,Kien Giang-Rach Gia,Rach Gia,29.75,29.75,29.75,72.0,34.9,10000.0,0.0,46.0,6.42,7.9,247.0,1009.0,1,802,Clouds,scattered clouds,03d
2025-08-01 10:05:19,Kien Giang-Rach Gia,Rach Gia,29.75,29.75,29.75,72.0,34.9,10000.0,0.0,46.0,6.42,7.9,247.0,1009.0,1,802,Clouds,scattered clouds,03d
2025-08-01 10:09:04,Kien Giang-Rach Gia,Rach Gia,29.75,29.75,29.75,72.0,34.9,10000.0,0.0,46.0,6.42,7.9,247.0,1009.0,1,802,Clouds,scattered clouds,03d
2025-08-01 10:12:50,Kien Giang-Rach Gia,Rach Gia,29.75,29.75,29.75,72.0,34.9,10000.0,0.0,46.0,6.42,7.9,247.0,1009.0,1,802,Clouds,scattered clouds,03d
2025-08-01 10:16:35,Kien Giang-Rach Gia,Rach Gia,29.75,29.75,29.75,72.0,34.9,10000.0,0.0,46.0,6.42,7.9,247.0,1009.0,1,802,Clouds,scattered clouds,03d
2025-08-01 10:20:21,Kien Giang-Rach Gia,Rach Gia,29.75,29.75,29.75,72.0,34.9,10000.0,0.0,46.0,6.42,7.9,247.0,1009.0,1,802,Clouds,scattered clouds,03d
2025-08-01 10:24:07,Kien Giang-Rach Gia,Rach Gia,29.75,29.75,29.75,72.0,34.9,10000.0,0.0,46.0,6.42,7.9,247.0,1009.0,1,802,Clouds,scattered clouds,03d
2025-08-01 10:27:52,Kien Giang-Rach Gia,Rach Gia,29.75,29.75,29.75,72.0,34.9,10000.0,0.0,46.0,6.42,7.9,247.0,1009.0,1,802,Clouds,scattered clouds,03d
2025-08-01 10:31:38,Kien Giang-Rach Gia,Rach Gia,30.02,30.02,30.02,70.0,35.09,10000.0,0.0,46.0,6.55,7.9,250.0,1008.0,1,802,Clouds,scattered clouds,03d
2025-08-01 10:35:24,Kien Giang-Rach Gia,Rach Gia,30.02,30.02,30.02,70.0,35.09,10000.0,0.0,46.0,6.55,7.9,250.0,1008.0,1,802,Clouds,scattered clouds,03d
2025-08-01 10:39:10,Kien Giang-Rach Gia,Rach Gia,30.02,30.02,30.02,70.0,35.09,10000.0,0.0,46.0,6.55,7.9,250.0,1008.0,1,802,Clouds,scattered clouds,03d
2025-08-01 10:42:56,Kien Giang-Rach Gia,Rach Gia,30.02,30.02,30.02,70.0,35.09,10000.0,0.0,46.0,6.55,7.9,250.0,1008.0,1,802,Clouds,scattered clouds,03d
2025-08-01 10:46:42,Kien Giang-Rach Gia,Rach Gia,30.01,30.01,30.01,70.0,35.06,10000.0,0.0,46.0,6.55,7.9,250.0,1008.0,1,802,Clouds,scattered clouds,03d
2025-08-01 10:50:27,Kien Giang-Rach Gia,Rach Gia,30.01,30.01,30.01,70.0,35.06,10000.0,0.0,46.0,6.55,7.9,250.0,1008.0,1,802,Clouds,scattered clouds,03d
2025-08-01 10:54:13,Kien Giang-Rach Gia,Rach Gia,30.01,30.01,30.01,70.0,35.06,10000.0,0.0,46.0,6.55,7.9,250.0,1008.0,1,802,Clouds,scattered clouds,03d
2025-08-01 10:57:59,Kien Giang-Rach Gia,Rach Gia,30.01,30.01,30.01,70.0,35.06,10000.0,0.0,46.0,6.55,7.9,250.0,1008.0,1,802,Clouds,scattered clouds,03d
2025-08-01 11:01:45,Kien Giang-Rach Gia,Rach Gia,30.04,30.04,30.04,70.0,35.14,10000.0,0.0,46.0,6.55,7.9,250.0,1008.0,1,802,Clouds,scattered clouds,03d
2025-08-01 11:05:33,Kien Giang-Rach Gia,Rach Gia,30.04,30.04,30.04,70.0,35.14,10000.0,0.0,46.0,6.55,7.9,250.0,1008.0,1,802,Clouds,scattered clouds,03d
2025-08-01 11:09:19,Kien Giang-Rach Gia,Rach Gia,30.04,30.04,30.04,70.0,35.14,10000.0,0.0,46.0,6.55,7.9,250.0,1008.0,1,802,Clouds,scattered clouds,03d
2025-08-01 11:13:05,Kien Giang-Rach Gia,Rach Gia,30.04,30.04,30.04,70.0,35.14,10000.0,0.0,46.0,6.55,7.9,250.0,1008.0,1,802,Clouds,scattered clouds,03d
2025-08-01 11:16:51,Kien Giang-Rach Gia,Rach Gia,30.04,30.04,30.04,70.0,35.14,10000.0,0.0,46.0,6.55,7.9,250.0,1008.0,1,802,Clouds,scattered clouds,03d
2025-08-01 11:20:36,Kien Giang-Rach Gia,Rach Gia,30.04,30.04,30.04,70.0,35.14,10000.0,0.0,46.0,6.55,7.9,250.0,1008.0,1,802,Clouds,scattered clouds,03d
2025-08-01 11:24:22,Kien Giang-Rach Gia,Rach Gia,30.04,30.04,30.04,70.0,35.14,10000.0,0.0,46.0,6.55,7.9,250.0,1008.0,1,802,Clouds,scattered clouds,03d
2025-08-01 11:28:07,Kien Giang-Rach Gia,Rach Gia,30.04,30.04,30.04,70.0,35.14,10000.0,0.0,46.0,6.55,7.9,250.0,1008.0,1,802,Clouds,scattered clouds,03d
2025-08-01 11:31:54,Kien Giang-Rach Gia,Rach Gia,30.23,30.23,30.23,70.0,35.6,10000.0,0.0,47.0,6.68,8.12,252.0,1007.0,1,802,Clouds,scattered clouds,03d
2025-08-01 11:35:39,Kien Giang-Rach Gia,Rach Gia,30.23,30.23,30.23,70.0,35.6,10000.0,0.0,47.0,6.68,8.12,252.0,1007.0,1,802,Clouds,scattered clouds,03d
2025-08-01 11:39:26,Kien Giang-Rach Gia,Rach Gia,30.23,30.23,30.23,70.0,35.6,10000.0,0.0,47.0,6.68,8.12,252.0,1007.0,1,802,Clouds,scattered clouds,03d
2025-08-01 11:43:11,Kien Giang-Rach Gia,Rach Gia,30.23,30.23,30.23,70.0,35.6,10000.0,0.0,47.0,6.68,8.12,252.0,1007.0,1,802,Clouds,scattered clouds,03d
2025-08-01 11:46:57,Kien Giang-Rach Gia,Rach Gia,30.23,30.23,30.23,70.0,35.6,10000.0,0.0,47.0,6.68,8.12,252.0,1007.0,1,802,Clouds,scattered clouds,03d
2025-08-01 11:50:43,Kien Giang-Rach Gia,Rach Gia,30.23,30.23,30.23,70.0,35.6,10000.0,0.0,47.0,6.68,8.12,252.0,1007.0,1,802,Clouds,scattered clouds,03d
2025-08-01 11:54:28,Kien Giang-Rach Gia,Rach Gia,30.23,30.23,30.23,70.0,35.6,10000.0,0.0,47.0,6.68,8.12,252.0,1007.0,1,802,Clouds,scattered clouds,03d
2025-08-01 11:58:14,Kien Giang-Rach Gia,Rach Gia,30.23,30.23,30.23,70.0,35.6,10000.0,0.0,47.0,6.68,8.12,252.0,1007.0,1,802,Clouds,scattered clouds,03d
2025-08-01 12:02:00,Kien Giang-Rach Gia,Rach Gia,30.23,30.23,30.23,70.0,35.6,10000.0,0.0,47.0,6.68,8.12,252.0,1007.0,1,802,Clouds,scattered clouds,03d
2025-08-01 12:05:45,Kien Giang-Rach Gia,Rach Gia,30.23,30.23,30.23,70.0,35.6,10000.0,0.0,47.0,6.68,8.12,252.0,1007.0,1,802,Clouds,scattered clouds,03d
2025-08-01 12:09:31,Kien Giang-Rach Gia,Rach Gia,30.25,30.25,30.25,70.0,35.65,10000.0,0.0,47.0,6.68,8.12,252.0,1007.0,1,802,Clouds,scattered clouds,03d
2025-08-01 12:13:16,Kien Giang-Rach Gia,Rach Gia,30.25,30.25,30.25,70.0,35.65,10000.0,0.0,47.0,6.68,8.12,252.0,1007.0,1,802,Clouds,scattered clouds,03d
2025-08-01 12:17:02,Kien Giang-Rach Gia,Rach Gia,30.25,30.25,30.25,70.0,35.65,10000.0,0.0,47.0,6.68,8.12,252.0,1007.0,1,802,Clouds,scattered clouds,03d
2025-08-01 12:20:48,Kien Giang-Rach Gia,Rach Gia,30.25,30.25,30.25,70.0,35.65,10000.0,0.0,47.0,6.68,8.12,252.0,1007.0,1,802,Clouds,scattered clouds,03d
2025-08-01 12:24:33,Kien Giang-Rach Gia,Rach Gia,30.25,30.25,30.25,70.0,35.65,10000.0,0.0,47.0,6.68,8.12,252.0,1007.0,1,802,Clouds,scattered clouds,03d
2025-08-01 12:28:19,Kien Giang-Rach Gia,Rach Gia,30.25,30.25,30.25,70.0,35.65,10000.0,0.0,47.0,6.68,8.12,252.0,1007.0,1,802,Clouds,scattered clouds,03d
2025-08-01 12:32:05,Kien Giang-Rach Gia,Rach Gia,30.38,30.38,30.38,69.0,35.72,10000.0,0.0,43.0,7.02,8.43,250.0,1006.0,1,802,Clouds,scattered clouds,03d
2025-08-01 12:35:50,Kien Giang-Rach Gia,Rach Gia,30.38,30.38,30.38,69.0,35.72,10000.0,0.0,43.0,7.02,8.43,250.0,1006.0,1,802,Clouds,scattered clouds,03d
2025-08-01 12:39:36,Kien Giang-Rach Gia,Rach Gia,30.38,30.38,30.38,69.0,35.72,10000.0,0.0,43.0,7.02,8.43,250.0,1006.0,1,802,Clouds,scattered clouds,03d
2025-08-01 12:43:22,Kien Giang-Rach Gia,Rach Gia,30.38,30.38,30.38,69.0,35.72,10000.0,0.0,43.0,7.02,8.43,250.0,1006.0,1,802,Clouds,scattered clouds,03d
2025-08-01 12:47:07,Kien Giang-Rach Gia,Rach Gia,30.38,30.38,30.38,69.0,35.72,10000.0,0.0,43.0,7.02,8.43,250.0,1006.0,1,802,Clouds,scattered clouds,03d
2025-08-01 12:50:53,Kien Giang-Rach Gia,Rach Gia,30.38,30.38,30.38,69.0,35.72,10000.0,0.0,54.0,7.41,8.9,250.0,1006.0,1,803,Clouds,broken clouds,04d
2025-08-01 12:54:39,Kien Giang-Rach Gia,Rach Gia,30.38,30.38,30.38,69.0,35.72,10000.0,0.0,54.0,7.41,8.9,250.0,1006.0,1,803,Clouds,broken clouds,04d
2025-08-01 12:58:25,Kien Giang-Rach Gia,Rach Gia,30.38,30.38,30.38,69.0,35.72,10000.0,0.0,54.0,7.41,8.9,250.0,1006.0,1,803,Clouds,broken clouds,04d
2025-08-01 13:02:10,Kien Giang-Rach Gia,Rach Gia,30.38,30.38,30.38,69.0,35.72,10000.0,0.0,54.0,7.41,8.9,250.0,1006.0,1,803,Clouds,broken clouds,04d
2025-08-01 13:05:56,Kien Giang-Rach Gia,Rach Gia,30.38,30.38,30.38,69.0,35.72,10000.0,0.0,54.0,7.41,8.9,250.0,1006.0,1,803,Clouds,broken clouds,04d
2025-08-01 13:09:42,Kien Giang-Rach Gia,Rach Gia,30.32,30.32,30.32,70.0,35.83,10000.0,0.0,54.0,7.41,8.9,250.0,1006.0,1,803,Clouds,broken clouds,04d
2025-08-01 13:13:28,Kien Giang-Rach Gia,Rach Gia,30.32,30.32,30.32,70.0,35.83,10000.0,0.0,54.0,7.41,8.9,250.0,1006.0,1,803,Clouds,broken clouds,04d
2025-08-01 13:17:16,Kien Giang-Rach Gia,Rach Gia,30.32,30.32,30.32,70.0,35.83,10000.0,0.0,54.0,7.41,8.9,250.0,1006.0,1,803,Clouds,broken clouds,04d
2025-08-01 13:21:06,Kien Giang-Rach Gia,Rach Gia,30.32,30.32,30.32,70.0,35.83,10000.0,0.0,54.0,7.41,8.9,250.0,1006.0,1,803,Clouds,broken clouds,04d
2025-08-01 13:24:57,Kien Giang-Rach Gia,Rach Gia,30.32,30.32,30.32,70.0,35.83,10000.0,0.0,54.0,7.41,8.9,250.0,1006.0,1,803,Clouds,broken clouds,04d
2025-08-01 13:28:46,Kien Giang-Rach Gia,Rach Gia,30.32,30.32,30.32,70.0,35.83,10000.0,0.0,54.0,7.41,8.9,250.0,1006.0,1,803,Clouds,broken clouds,04d
2025-08-01 13:32:36,Kien Giang-Rach Gia,Rach Gia,30.37,30.37,30.37,70.0,35.96,10000.0,0.0,25.0,7.27,8.92,251.0,1006.0,1,802,Clouds,scattered clouds,03d
2025-08-01 13:36:26,Kien Giang-Rach Gia,Rach Gia,30.37,30.37,30.37,70.0,35.96,10000.0,0.0,25.0,7.27,8.92,251.0,1006.0,1,802,Clouds,scattered clouds,03d
2025-08-01 13:40:15,Kien Giang-Rach Gia,Rach Gia,30.37,30.37,30.37,70.0,35.96,10000.0,0.0,25.0,7.27,8.92,251.0,1006.0,1,802,Clouds,scattered clouds,03d
2025-08-01 13:44:05,Kien Giang-Rach Gia,Rach Gia,30.37,30.37,30.37,70.0,35.96,10000.0,0.0,25.0,7.27,8.92,251.0,1006.0,1,802,Clouds,scattered clouds,03d
2025-08-01 13:47:54,Kien Giang-Rach Gia,Rach Gia,30.37,30.37,30.37,70.0,35.96,10000.0,0.0,25.0,7.27,8.92,251.0,1006.0,1,802,Clouds,scattered clouds,03d
2025-08-01 13:51:43,Kien Giang-Rach Gia,Rach Gia,30.37,30.37,30.37,70.0,35.96,10000.0,0.0,25.0,7.27,8.92,251.0,1006.0,1,802,Clouds,scattered clouds,03d
2025-08-01 13:55:32,Kien Giang-Rach Gia,Rach Gia,30.37,30.37,30.37,70.0,35.96,10000.0,0.0,25.0,7.27,8.92,251.0,1006.0,1,802,Clouds,scattered clouds,03d
2025-08-01 13:59:21,Kien Giang-Rach Gia,Rach Gia,30.37,30.37,30.37,70.0,35.96,10000.0,0.0,25.0,7.27,8.92,251.0,1006.0,1,802,Clouds,scattered clouds,03d
2025-08-01 14:03:11,Kien Giang-Rach Gia,Rach Gia,30.39,30.39,30.39,70.0,36.01,10000.0,0.0,25.0,7.27,8.92,251.0,1006.0,1,802,Clouds,scattered clouds,03d
2025-08-01 14:07:02,Kien Giang-Rach Gia,Rach Gia,30.39,30.39,30.39,70.0,36.01,10000.0,0.0,25.0,7.27,8.92,251.0,1006.0,1,802,Clouds,scattered clouds,03d
2025-08-01 14:10:51,Kien Giang-Rach Gia,Rach Gia,30.39,30.39,30.39,70.0,36.01,10000.0,0.0,25.0,7.27,8.92,251.0,1006.0,1,802,Clouds,scattered clouds,03d
2025-08-01 14:14:40,Kien Giang-Rach Gia,Rach Gia,30.39,30.39,30.39,70.0,36.01,10000.0,0.0,25.0,7.27,8.92,251.0,1006.0,1,802,Clouds,scattered clouds,03d
2025-08-01 14:18:29,Kien Giang-Rach Gia,Rach Gia,30.39,30.39,30.39,70.0,36.01,10000.0,0.0,25.0,7.27,8.92,251.0,1006.0,1,802,Clouds,scattered clouds,03d
2025-08-01 14:22:19,Kien Giang-Rach Gia,Rach Gia,30.39,30.39,30.39,70.0,36.01,10000.0,0.0,25.0,7.27,8.92,251.0,1006.0,1,802,Clouds,scattered clouds,03d
2025-08-01 14:26:09,Kien Giang-Rach Gia,Rach Gia,30.39,30.39,30.39,70.0,36.01,10000.0,0.0,25.0,7.27,8.92,251.0,1006.0,1,802,Clouds,scattered clouds,03d
2025-08-01 14:29:58,Kien Giang-Rach Gia,Rach Gia,30.39,30.39,30.39,70.0,36.01,10000.0,0.0,25.0,7.27,8.92,251.0,1006.0,1,802,Clouds,scattered clouds,03d
2025-08-01 14:33:47,Kien Giang-Rach Gia,Rach Gia,30.17,30.17,30.17,70.0,35.46,10000.0,0.0,62.0,7.32,8.97,252.0,1005.0,1,803,Clouds,broken clouds,04d
2025-08-01 14:37:35,Kien Giang-Rach Gia,Rach Gia,30.17,30.17,30.17,70.0,35.46,10000.0,0.0,62.0,7.32,8.97,252.0,1005.0,1,803,Clouds,broken clouds,04d
2025-08-01 14:41:25,Kien Giang-Rach Gia,Rach Gia,30.17,30.17,30.17,70.0,35.46,10000.0,0.0,62.0,7.32,8.97,252.0,1005.0,1,803,Clouds,broken clouds,04d
2025-08-01 14:45:15,Kien Giang-Rach Gia,Rach Gia,30.17,30.17,30.17,70.0,35.46,10000.0,0.0,62.0,7.32,8.97,252.0,1005.0,1,803,Clouds,broken clouds,04d
2025-08-01 14:49:05,Kien Giang-Rach Gia,Rach Gia,30.17,30.17,30.17,70.0,35.46,10000.0,0.0,62.0,7.32,8.97,252.0,1005.0,1,803,Clouds,broken clouds,04d
2025-08-01 14:52:54,Kien Giang-Rach Gia,Rach Gia,30.17,30.17,30.17,70.0,35.46,10000.0,0.0,62.0,7.32,8.97,252.0,1005.0,1,803,Clouds,broken clouds,04d
2025-08-01 14:56:43,Kien Giang-Rach Gia,Rach Gia,30.17,30.17,30.17,70.0,35.46,10000.0,0.0,62.0,7.32,8.97,252.0,1005.0,1,803,Clouds,broken clouds,04d
2025-08-01 15:00:32,Kien Giang-Rach Gia,Rach Gia,30.17,30.17,30.17,70.0,35.46,10000.0,0.0,62.0,7.32,8.97,252.0,1005.0,1,803,Clouds,broken clouds,04d
2025-08-01 15:04:22,Kien Giang-Rach Gia,Rach Gia,30.17,30.17,30.17,70.0,35.46,10000.0,0.0,62.0,7.32,8.97,252.0,1005.0,1,803,Clouds,broken clouds,04d
2025-08-01 15:08:11,Kien Giang-Rach Gia,Rach Gia,30.17,30.17,30.17,70.0,35.46,10000.0,0.0,62.0,7.32,8.97,252.0,1005.0,1,803,Clouds,broken clouds,04d
2025-08-01 15:12:01,Kien Giang-Rach Gia,Rach Gia,30.2,30.2,30.2,70.0,35.53,10000.0,0.0,62.0,7.32,8.97,252.0,1005.0,1,803,Clouds,broken clouds,04d
2025-08-01 15:15:51,Kien Giang-Rach Gia,Rach Gia,30.2,30.2,30.2,70.0,35.53,10000.0,0.0,62.0,7.32,8.97,252.0,1005.0,1,803,Clouds,broken clouds,04d
2025-08-01 15:19:41,Kien Giang-Rach Gia,Rach Gia,30.19,30.19,30.19,70.0,35.51,10000.0,0.0,62.0,7.32,8.97,252.0,1005.0,1,803,Clouds,broken clouds,04d
2025-08-01 15:23:31,Kien Giang-Rach Gia,Rach Gia,30.19,30.19,30.19,70.0,35.51,10000.0,0.0,62.0,7.32,8.97,252.0,1005.0,1,803,Clouds,broken clouds,04d
2025-08-01 15:27:21,Kien Giang-Rach Gia,Rach Gia,30.19,30.19,30.19,70.0,35.51,10000.0,0.0,62.0,7.32,8.97,252.0,1005.0,1,803,Clouds,broken clouds,04d
2025-08-01 15:31:12,Kien Giang-Rach Gia,Rach Gia,30.04,30.04,30.04,71.0,35.38,10000.0,0.0,54.0,6.95,8.45,250.0,1005.0,1,803,Clouds,broken clouds,04d
2025-08-01 15:35:02,Kien Giang-Rach Gia,Rach Gia,30.04,30.04,30.04,71.0,35.38,10000.0,0.0,54.0,6.95,8.45,250.0,1005.0,1,803,Clouds,broken clouds,04d
2025-08-01 15:38:52,Kien Giang-Rach Gia,Rach Gia,30.04,30.04,30.04,71.0,35.38,10000.0,0.0,54.0,6.95,8.45,250.0,1005.0,1,803,Clouds,broken clouds,04d
2025-08-01 15:42:41,Kien Giang-Rach Gia,Rach Gia,30.04,30.04,30.04,71.0,35.38,10000.0,0.0,54.0,6.95,8.45,250.0,1005.0,1,803,Clouds,broken clouds,04d
2025-08-01 15:46:31,Kien Giang-Rach Gia,Rach Gia,30.04,30.04,30.04,71.0,35.38,10000.0,0.0,54.0,6.95,8.45,250.0,1005.0,1,803,Clouds,broken clouds,04d
2025-08-01 15:50:21,Kien Giang-Rach Gia,Rach Gia,30.03,30.03,30.03,71.0,35.36,10000.0,0.0,54.0,6.95,8.45,250.0,1005.0,1,803,Clouds,broken clouds,04d
2025-08-01 15:54:11,Kien Giang-Rach Gia,Rach Gia,30.03,30.03,30.03,71.0,35.36,10000.0,0.0,54.0,6.95,8.45,250.0,1005.0,1,803,Clouds,broken clouds,04d
2025-08-01 15:58:00,Kien Giang-Rach Gia,Rach Gia,30.03,30.03,30.03,71.0,35.36,10000.0,0.0,54.0,6.95,8.45,250.0,1005.0,1,803,Clouds,broken clouds,04d
2025-08-01 16:01:50,Kien Giang-Rach Gia,Rach Gia,30.06,30.06,30.06,71.0,35.43,10000.0,0.0,54.0,6.95,8.45,250.0,1005.0,1,803,Clouds,broken clouds,04d
2025-08-01 16:05:40,Kien Giang-Rach Gia,Rach Gia,30.06,30.06,30.06,71.0,35.43,10000.0,0.0,54.0,6.95,8.45,250.0,1005.0,1,803,Clouds,broken clouds,04d
2025-08-01 16:09:29,Kien Giang-Rach Gia,Rach Gia,30.06,30.06,30.06,71.0,35.43,10000.0,0.0,54.0,6.95,8.45,250.0,1005.0,1,803,Clouds,broken clouds,04d
2025-08-01 16:13:19,Kien Giang-Rach Gia,Rach Gia,30.06,30.06,30.06,71.0,35.43,10000.0,0.0,54.0,6.95,8.45,250.0,1005.0,1,803,Clouds,broken clouds,04d
2025-08-01 16:17:08,Kien Giang-Rach Gia,Rach Gia,30.06,30.06,30.06,71.0,35.43,10000.0,0.0,54.0,6.95,8.45,250.0,1005.0,1,803,Clouds,broken clouds,04d
2025-08-01 16:20:57,Kien Giang-Rach Gia,Rach Gia,30.06,30.06,30.06,71.0,35.43,10000.0,0.0,54.0,6.95,8.45,250.0,1005.0,1,803,Clouds,broken clouds,04d
2025-08-01 16:24:46,Kien Giang-Rach Gia,Rach Gia,30.06,30.06,30.06,71.0,35.43,10000.0,0.0,54.0,6.95,8.45,250.0,1005.0,1,803,Clouds,broken clouds,04d
2025-08-01 16:28:35,Kien Giang-Rach Gia,Rach Gia,30.06,30.06,30.06,71.0,35.43,10000.0,0.0,54.0,6.95,8.45,250.0,1005.0,1,803,Clouds,broken clouds,04d
2025-08-01 16:32:25,Kien Giang-Rach Gia,Rach Gia,30.06,30.06,30.06,71.0,35.43,10000.0,0.0,54.0,6.95,8.45,250.0,1005.0,1,803,Clouds,broken clouds,04d
2025-08-01 16:36:13,Kien Giang-Rach Gia,Rach Gia,29.62,29.62,29.62,75.0,35.28,10000.0,0.0,65.0,7.13,9.16,248.0,1005.0,1,803,Clouds,broken clouds,04d
2025-08-01 16:40:02,Kien Giang-Rach Gia,Rach Gia,29.62,29.62,29.62,75.0,35.28,10000.0,0.0,65.0,7.13,9.16,248.0,1005.0,1,803,Clouds,broken clouds,04d
2025-08-01 16:43:54,Kien Giang-Rach Gia,Rach Gia,29.62,29.62,29.62,75.0,35.28,10000.0,0.0,65.0,7.13,9.16,248.0,1005.0,1,803,Clouds,broken clouds,04d
2025-08-01 16:47:44,Kien Giang-Rach Gia,Rach Gia,29.62,29.62,29.62,75.0,35.28,10000.0,0.0,65.0,7.13,9.16,248.0,1005.0,1,803,Clouds,broken clouds,04d
2025-08-01 16:51:34,Kien Giang-Rach Gia,Rach Gia,29.62,29.62,29.62,75.0,35.28,10000.0,0.0,65.0,7.13,9.16,248.0,1005.0,1,803,Clouds,broken clouds,04d
2025-08-01 16:55:24,Kien Giang-Rach Gia,Rach Gia,29.62,29.62,29.62,75.0,35.28,10000.0,0.0,65.0,7.13,9.16,248.0,1005.0,1,803,Clouds,broken clouds,04d
2025-08-01 16:59:13,Kien Giang-Rach Gia,Rach Gia,29.62,29.62,29.62,75.0,35.28,10000.0,0.0,65.0,7.13,9.16,248.0,1005.0,1,803,Clouds,broken clouds,04d
2025-08-01 17:03:03,Kien Giang-Rach Gia,Rach Gia,29.62,29.62,29.62,75.0,35.28,10000.0,0.0,65.0,7.13,9.16,248.0,1005.0,1,803,Clouds,broken clouds,04d
2025-08-01 17:06:53,Kien Giang-Rach Gia,Rach Gia,29.64,29.64,29.64,75.0,35.33,10000.0,0.0,65.0,7.13,9.16,248.0,1005.0,1,803,Clouds,broken clouds,04d
2025-08-01 17:10:42,Kien Giang-Rach Gia,Rach Gia,29.64,29.64,29.64,75.0,35.33,10000.0,0.0,65.0,7.13,9.16,248.0,1005.0,1,803,Clouds,broken clouds,04d
2025-08-01 17:14:32,Kien Giang-Rach Gia,Rach Gia,29.64,29.64,29.64,75.0,35.33,10000.0,0.0,65.0,7.13,9.16,248.0,1005.0,1,803,Clouds,broken clouds,04d
2025-08-01 17:18:23,Kien Giang-Rach Gia,Rach Gia,29.64,29.64,29.64,75.0,35.33,10000.0,0.0,65.0,7.13,9.16,248.0,1005.0,1,803,Clouds,broken clouds,04d
2025-08-01 17:22:13,Kien Giang-Rach Gia,Rach Gia,29.64,29.64,29.64,75.0,35.33,10000.0,0.0,65.0,7.13,9.16,248.0,1005.0,1,803,Clouds,broken clouds,04d
2025-08-01 17:26:03,Kien Giang-Rach Gia,Rach Gia,29.64,29.64,29.64,75.0,35.33,10000.0,0.0,65.0,7.13,9.16,248.0,1005.0,1,803,Clouds,broken clouds,04d
2025-08-01 17:29:52,Kien Giang-Rach Gia,Rach Gia,29.64,29.64,29.64,75.0,35.33,10000.0,0.0,65.0,7.13,9.16,248.0,1005.0,1,803,Clouds,broken clouds,04d
2025-08-01 17:33:41,Kien Giang-Rach Gia,Rach Gia,29.02,29.02,29.02,77.0,34.16,10000.0,0.0,73.0,6.99,9.15,240.0,1005.0,1,803,Clouds,broken clouds,04d
2025-08-01 17:37:30,Kien Giang-Rach Gia,Rach Gia,29.02,29.02,29.02,77.0,34.16,10000.0,0.0,73.0,6.99,9.15,240.0,1005.0,1,803,Clouds,broken clouds,04d
2025-08-01 17:41:20,Kien Giang-Rach Gia,Rach Gia,29.02,29.02,29.02,77.0,34.16,10000.0,0.0,73.0,6.99,9.15,240.0,1005.0,1,803,Clouds,broken clouds,04d
2025-08-01 17:45:10,Kien Giang-Rach Gia,Rach Gia,29.02,29.02,29.02,77.0,34.16,10000.0,0.0,73.0,6.99,9.15,240.0,1005.0,1,803,Clouds,broken clouds,04d
2025-08-01 17:48:59,Kien Giang-Rach Gia,Rach Gia,29.02,29.02,29.02,77.0,34.16,10000.0,0.0,73.0,6.99,9.15,240.0,1005.0,1,803,Clouds,broken clouds,04d
2025-08-01 17:52:50,Kien Giang-Rach Gia,Rach Gia,29.02,29.02,29.02,77.0,34.16,10000.0,0.0,73.0,6.99,9.15,240.0,1005.0,1,803,Clouds,broken clouds,04d
2025-08-01 17:56:39,Kien Giang-Rach Gia,Rach Gia,29.02,29.02,29.02,77.0,34.16,10000.0,0.0,73.0,6.99,9.15,240.0,1005.0,1,803,Clouds,broken clouds,04d
2025-08-01 18:00:28,Kien Giang-Rach Gia,Rach Gia,29.02,29.02,29.02,77.0,34.16,10000.0,0.0,73.0,6.99,9.15,240.0,1005.0,1,803,Clouds,broken clouds,04d
2025-08-01 18:04:17,Kien Giang-Rach Gia,Rach Gia,28.99,28.99,28.99,77.0,34.08,10000.0,0.0,73.0,6.99,9.15,240.0,1005.0,1,803,Clouds,broken clouds,04d
2025-08-01 18:08:07,Kien Giang-Rach Gia,Rach Gia,28.99,28.99,28.99,77.0,34.08,10000.0,0.0,73.0,6.99,9.15,240.0,1005.0,1,803,Clouds,broken clouds,04d
2025-08-01 18:11:56,Kien Giang-Rach Gia,Rach Gia,28.99,28.99,28.99,77.0,34.08,10000.0,0.0,73.0,6.99,9.15,240.0,1005.0,1,803,Clouds,broken clouds,04d
2025-08-01 18:15:45,Kien Giang-Rach Gia,Rach Gia,28.99,28.99,28.99,77.0,34.08,10000.0,0.0,73.0,6.99,9.15,240.0,1005.0,1,803,Clouds,broken clouds,04d
2025-08-01 18:19:34,Kien Giang-Rach Gia,Rach Gia,28.99,28.99,28.99,77.0,34.08,10000.0,0.0,73.0,6.99,9.15,240.0,1005.0,1,803,Clouds,broken clouds,04d
2025-08-01 18:23:23,Kien Giang-Rach Gia,Rach Gia,28.99,28.99,28.99,77.0,34.08,10000.0,0.0,73.0,6.99,9.15,240.0,1005.0,0,803,Clouds,broken clouds,04d
2025-08-01 18:27:12,Kien Giang-Rach Gia,Rach Gia,28.99,28.99,28.99,77.0,34.08,10000.0,0.0,73.0,6.99,9.15,240.0,1005.0,0,803,Clouds,broken clouds,04d
2025-08-01 18:31:03,Kien Giang-Rach Gia,Rach Gia,28.71,28.71,28.71,78.0,33.55,10000.0,0.0,78.0,6.88,9.43,239.0,1006.0,0,803,Clouds,broken clouds,04n
2025-08-01 18:34:54,Kien Giang-Rach Gia,Rach Gia,28.71,28.71,28.71,78.0,33.55,10000.0,0.0,78.0,6.88,9.43,239.0,1006.0,0,803,Clouds,broken clouds,04n
2025-08-01 18:38:47,Kien Giang-Rach Gia,Rach Gia,28.71,28.71,28.71,78.0,33.55,10000.0,0.0,78.0,6.88,9.43,239.0,1006.0,0,803,Clouds,broken clouds,04n
2025-08-01 18:42:38,Kien Giang-Rach Gia,Rach Gia,28.71,28.71,28.71,78.0,33.55,10000.0,0.0,49.0,6.43,9.22,243.0,1006.0,0,802,Clouds,scattered clouds,03n
2025-08-01 18:46:29,Kien Giang-Rach Gia,Rach Gia,28.71,28.71,28.71,78.0,33.55,10000.0,0.0,49.0,6.43,9.22,243.0,1006.0,0,802,Clouds,scattered clouds,03n
2025-08-01 18:50:19,Kien Giang-Rach Gia,Rach Gia,28.71,28.71,28.71,78.0,33.55,10000.0,0.0,49.0,6.43,9.22,243.0,1006.0,0,802,Clouds,scattered clouds,03n
2025-08-01 18:54:10,Kien Giang-Rach Gia,Rach Gia,28.71,28.71,28.71,78.0,33.55,10000.0,0.0,49.0,6.43,9.22,243.0,1006.0,0,802,Clouds,scattered clouds,03n
2025-08-01 18:58:00,Kien Giang-Rach Gia,Rach Gia,28.71,28.71,28.71,78.0,33.55,10000.0,0.0,49.0,6.43,9.22,243.0,1006.0,0,802,Clouds,scattered clouds,03n
2025-08-01 19:01:50,Kien Giang-Rach Gia,Rach Gia,28.71,28.71,28.71,78.0,33.55,10000.0,0.0,49.0,6.43,9.22,243.0,1006.0,0,802,Clouds,scattered clouds,03n
2025-08-01 19:05:39,Kien Giang-Rach Gia,Rach Gia,28.71,28.71,28.71,78.0,33.55,10000.0,0.0,49.0,6.43,9.22,243.0,1006.0,0,802,Clouds,scattered clouds,03n
2025-08-01 19:09:28,Kien Giang-Rach Gia,Rach Gia,28.71,28.71,28.71,78.0,33.55,10000.0,0.0,49.0,6.43,9.22,243.0,1006.0,0,802,Clouds,scattered clouds,03n
2025-08-01 19:13:18,Kien Giang-Rach Gia,Rach Gia,28.71,28.71,28.71,78.0,33.55,10000.0,0.0,49.0,6.43,9.22,243.0,1006.0,0,802,Clouds,scattered clouds,03n
2025-08-01 19:17:09,Kien Giang-Rach Gia,Rach Gia,28.7,28.7,28.7,80.0,33.92,10000.0,0.0,49.0,6.43,9.22,243.0,1006.0,0,802,Clouds,scattered clouds,03n
2025-08-01 19:20:56,Kien Giang-Rach Gia,Rach Gia,28.7,28.7,28.7,80.0,33.92,10000.0,0.0,49.0,6.43,9.22,243.0,1006.0,0,802,Clouds,scattered clouds,03n
2025-08-01 19:24:42,Kien Giang-Rach Gia,Rach Gia,28.7,28.7,28.7,80.0,33.92,10000.0,0.0,49.0,6.43,9.22,243.0,1006.0,0,802,Clouds,scattered clouds,03n
2025-08-01 19:30:33,Kien Giang-Rach Gia,Rach Gia,28.7,28.7,28.7,80.0,33.92,10000.0,0.0,49.0,6.43,9.22,243.0,1006.0,0,802,Clouds,scattered clouds,03n
2025-08-01 19:34:19,Kien Giang-Rach Gia,Rach Gia,28.68,28.68,28.68,81.0,34.06,10000.0,0.0,62.0,6.25,8.84,241.0,1007.0,0,803,Clouds,broken clouds,04n
2025-08-01 19:38:05,Kien Giang-Rach Gia,Rach Gia,28.68,28.68,28.68,81.0,34.06,10000.0,0.0,62.0,6.25,8.84,241.0,1007.0,0,803,Clouds,broken clouds,04n
2025-08-01 19:41:51,Kien Giang-Rach Gia,Rach Gia,28.68,28.68,28.68,81.0,34.06,10000.0,0.0,62.0,6.25,8.84,241.0,1007.0,0,803,Clouds,broken clouds,04n
2025-08-01 19:45:37,Kien Giang-Rach Gia,Rach Gia,28.68,28.68,28.68,81.0,34.06,10000.0,0.0,62.0,6.25,8.84,241.0,1007.0,0,803,Clouds,broken clouds,04n
2025-08-01 19:49:22,Kien Giang-Rach Gia,Rach Gia,28.68,28.68,28.68,81.0,34.06,10000.0,0.0,62.0,6.25,8.84,241.0,1007.0,0,803,Clouds,broken clouds,04n
2025-08-01 19:53:08,Kien Giang-Rach Gia,Rach Gia,28.68,28.68,28.68,81.0,34.06,10000.0,0.0,62.0,6.25,8.84,241.0,1007.0,0,803,Clouds,broken clouds,04n
2025-08-01 19:56:54,Kien Giang-Rach Gia,Rach Gia,28.68,28.68,28.68,81.0,34.06,10000.0,0.0,62.0,6.25,8.84,241.0,1007.0,0,803,Clouds,broken clouds,04n
2025-08-01 20:00:40,Kien Giang-Rach Gia,Rach Gia,28.68,28.68,28.68,81.0,34.06,10000.0,0.0,62.0,6.25,8.84,241.0,1007.0,0,803,Clouds,broken clouds,04n
2025-08-01 20:04:25,Kien Giang-Rach Gia,Rach Gia,28.67,28.67,28.67,81.0,34.04,10000.0,0.0,62.0,6.25,8.84,241.0,1007.0,0,803,Clouds,broken clouds,04n
2025-08-01 20:08:11,Kien Giang-Rach Gia,Rach Gia,28.67,28.67,28.67,81.0,34.04,10000.0,0.0,62.0,6.25,8.84,241.0,1007.0,0,803,Clouds,broken clouds,04n
2025-08-01 20:11:57,Kien Giang-Rach Gia,Rach Gia,28.67,28.67,28.67,81.0,34.04,10000.0,0.0,62.0,6.25,8.84,241.0,1007.0,0,803,Clouds,broken clouds,04n
2025-08-01 20:15:43,Kien Giang-Rach Gia,Rach Gia,28.67,28.67,28.67,81.0,34.04,10000.0,0.0,62.0,6.25,8.84,241.0,1007.0,0,803,Clouds,broken clouds,04n
2025-08-01 20:19:29,Kien Giang-Rach Gia,Rach Gia,28.67,28.67,28.67,81.0,34.04,10000.0,0.0,62.0,6.25,8.84,241.0,1007.0,0,803,Clouds,broken clouds,04n
2025-08-01 20:23:15,Kien Giang-Rach Gia,Rach Gia,28.67,28.67,28.67,81.0,34.04,10000.0,0.0,62.0,6.25,8.84,241.0,1007.0,0,803,Clouds,broken clouds,04n
2025-08-01 20:27:00,Kien Giang-Rach Gia,Rach Gia,28.67,28.67,28.67,81.0,34.04,10000.0,0.0,62.0,6.25,8.84,241.0,1007.0,0,803,Clouds,broken clouds,04n
2025-08-01 20:30:47,Kien Giang-Rach Gia,Rach Gia,28.67,28.67,28.67,81.0,34.04,10000.0,0.0,62.0,6.25,8.84,241.0,1007.0,0,803,Clouds,broken clouds,04n
2025-08-01 20:34:32,Kien Giang-Rach Gia,Rach Gia,28.67,28.67,28.67,81.0,34.04,10000.0,0.0,62.0,6.25,8.84,241.0,1007.0,0,803,Clouds,broken clouds,04n
2025-08-01 20:38:17,Kien Giang-Rach Gia,Rach Gia,28.67,28.67,28.67,81.0,34.04,10000.0,0.0,62.0,6.25,8.84,241.0,1007.0,0,803,Clouds,broken clouds,04n
2025-08-01 20:42:03,Kien Giang-Rach Gia,Rach Gia,28.57,28.57,28.57,81.0,33.76,10000.0,0.0,65.0,6.1,8.63,244.0,1007.0,0,803,Clouds,broken clouds,04n
2025-08-01 20:45:49,Kien Giang-Rach Gia,Rach Gia,28.57,28.57,28.57,81.0,33.76,10000.0,0.0,65.0,6.1,8.63,244.0,1007.0,0,803,Clouds,broken clouds,04n
2025-08-01 20:49:35,Kien Giang-Rach Gia,Rach Gia,28.57,28.57,28.57,81.0,33.76,10000.0,0.0,65.0,6.1,8.63,244.0,1007.0,0,803,Clouds,broken clouds,04n
2025-08-01 20:53:20,Kien Giang-Rach Gia,Rach Gia,28.57,28.57,28.57,81.0,33.76,10000.0,0.0,65.0,6.1,8.63,244.0,1007.0,0,803,Clouds,broken clouds,04n
2025-08-01 20:57:06,Kien Giang-Rach Gia,Rach Gia,28.57,28.57,28.57,81.0,33.76,10000.0,0.0,65.0,6.1,8.63,244.0,1007.0,0,803,Clouds,broken clouds,04n
2025-08-01 21:00:52,Kien Giang-Rach Gia,Rach Gia,28.57,28.57,28.57,81.0,33.76,10000.0,0.0,65.0,6.1,8.63,244.0,1007.0,0,803,Clouds,broken clouds,04n
2025-08-01 21:04:38,Kien Giang-Rach Gia,Rach Gia,28.56,28.56,28.56,81.0,33.73,10000.0,0.0,65.0,6.1,8.63,244.0,1007.0,0,803,Clouds,broken clouds,04n
2025-08-01 21:08:23,Kien Giang-Rach Gia,Rach Gia,28.56,28.56,28.56,81.0,33.73,10000.0,0.0,65.0,6.1,8.63,244.0,1007.0,0,803,Clouds,broken clouds,04n
2025-08-01 21:12:09,Kien Giang-Rach Gia,Rach Gia,28.56,28.56,28.56,81.0,33.73,10000.0,0.0,65.0,6.1,8.63,244.0,1007.0,0,803,Clouds,broken clouds,04n
2025-08-01 21:15:55,Kien Giang-Rach Gia,Rach Gia,28.56,28.56,28.56,81.0,33.73,10000.0,0.0,65.0,6.1,8.63,244.0,1007.0,0,803,Clouds,broken clouds,04n
2025-08-01 21:19:41,Kien Giang-Rach Gia,Rach Gia,28.56,28.56,28.56,81.0,33.73,10000.0,0.0,65.0,6.1,8.63,244.0,1007.0,0,803,Clouds,broken clouds,04n
2025-08-01 21:23:27,Kien Giang-Rach Gia,Rach Gia,28.56,28.56,28.56,81.0,33.73,10000.0,0.0,65.0,6.1,8.63,244.0,1007.0,0,803,Clouds,broken clouds,04n
2025-08-01 21:27:12,Kien Giang-Rach Gia,Rach Gia,28.56,28.56,28.56,81.0,33.73,10000.0,0.0,65.0,6.1,8.63,244.0,1007.0,0,803,Clouds,broken clouds,04n
2025-08-01 21:30:59,Kien Giang-Rach Gia,Rach Gia,28.6,28.6,28.6,82.0,34.04,10000.0,0.0,49.0,5.85,8.21,233.0,1008.0,0,802,Clouds,scattered clouds,03n
2025-08-01 21:34:45,Kien Giang-Rach Gia,Rach Gia,28.6,28.6,28.6,82.0,34.04,10000.0,0.0,49.0,5.85,8.21,233.0,1008.0,0,802,Clouds,scattered clouds,03n
2025-08-01 21:38:30,Kien Giang-Rach Gia,Rach Gia,28.6,28.6,28.6,82.0,34.04,10000.0,0.0,49.0,5.85,8.21,233.0,1008.0,0,802,Clouds,scattered clouds,03n
2025-08-01 21:42:15,Kien Giang-Rach Gia,Rach Gia,28.6,28.6,28.6,82.0,34.04,10000.0,0.0,49.0,5.85,8.21,233.0,1008.0,0,802,Clouds,scattered clouds,03n
2025-08-01 21:46:01,Kien Giang-Rach Gia,Rach Gia,28.6,28.6,28.6,82.0,34.04,10000.0,0.0,49.0,5.85,8.21,233.0,1008.0,0,802,Clouds,scattered clouds,03n
2025-08-01 21:49:48,Kien Giang-Rach Gia,Rach Gia,28.6,28.6,28.6,82.0,34.04,10000.0,0.0,49.0,5.85,8.21,233.0,1008.0,0,802,Clouds,scattered clouds,03n
2025-08-01 21:53:33,Kien Giang-Rach Gia,Rach Gia,28.6,28.6,28.6,82.0,34.04,10000.0,0.0,49.0,5.85,8.21,233.0,1008.0,0,802,Clouds,scattered clouds,03n
2025-08-01 21:57:18,Kien Giang-Rach Gia,Rach Gia,28.6,28.6,28.6,82.0,34.04,10000.0,0.0,49.0,5.85,8.21,233.0,1008.0,0,802,Clouds,scattered clouds,03n
2025-08-01 22:01:05,Kien Giang-Rach Gia,Rach Gia,28.6,28.6,28.6,82.0,34.04,10000.0,0.0,49.0,5.85,8.21,233.0,1008.0,0,802,Clouds,scattered clouds,03n
2025-08-01 22:04:50,Kien Giang-Rach Gia,Rach Gia,28.59,28.59,28.59,82.0,34.01,10000.0,0.0,49.0,5.85,8.21,233.0,1008.0,0,802,Clouds,scattered clouds,03n
2025-08-01 22:08:36,Kien Giang-Rach Gia,Rach Gia,28.6,28.6,28.6,82.0,34.04,10000.0,0.0,49.0,5.85,8.21,233.0,1008.0,0,802,Clouds,scattered clouds,03n
2025-08-01 22:12:21,Kien Giang-Rach Gia,Rach Gia,28.59,28.59,28.59,82.0,34.01,10000.0,0.0,49.0,5.85,8.21,233.0,1008.0,0,802,Clouds,scattered clouds,03n
2025-08-01 22:16:07,Kien Giang-Rach Gia,Rach Gia,28.59,28.59,28.59,82.0,34.01,10000.0,0.0,49.0,5.85,8.21,233.0,1008.0,0,802,Clouds,scattered clouds,03n
2025-08-01 22:19:53,Kien Giang-Rach Gia,Rach Gia,28.59,28.59,28.59,82.0,34.01,10000.0,0.0,49.0,5.85,8.21,233.0,1008.0,0,802,Clouds,scattered clouds,03n
2025-08-01 22:23:39,Kien Giang-Rach Gia,Rach Gia,28.59,28.59,28.59,82.0,34.01,10000.0,0.0,49.0,5.85,8.21,233.0,1008.0,0,802,Clouds,scattered clouds,03n
2025-08-01 22:27:26,Kien Giang-Rach Gia,Rach Gia,28.59,28.59,28.59,82.0,34.01,10000.0,0.0,49.0,5.85,8.21,233.0,1008.0,0,802,Clouds,scattered clouds,03n
2025-08-01 22:31:13,Kien Giang-Rach Gia,Rach Gia,28.48,28.48,28.48,81.0,33.52,10000.0,0.0,62.0,5.18,7.38,229.0,1008.0,0,803,Clouds,broken clouds,04n
2025-08-01 22:35:00,Kien Giang-Rach Gia,Rach Gia,28.59,28.59,28.59,82.0,34.01,10000.0,0.0,49.0,5.85,8.21,233.0,1008.0,0,802,Clouds,scattered clouds,03n
2025-08-01 22:38:47,Kien Giang-Rach Gia,Rach Gia,28.48,28.48,28.48,81.0,33.52,10000.0,0.0,62.0,5.18,7.38,229.0,1008.0,0,803,Clouds,broken clouds,04n
2025-08-01 22:42:35,Kien Giang-Rach Gia,Rach Gia,28.48,28.48,28.48,81.0,33.52,10000.0,0.0,62.0,5.18,7.38,229.0,1008.0,0,803,Clouds,broken clouds,04n
2025-08-01 22:46:22,Kien Giang-Rach Gia,Rach Gia,28.48,28.48,28.48,81.0,33.52,10000.0,0.0,62.0,5.18,7.38,229.0,1008.0,0,803,Clouds,broken clouds,04n
2025-08-01 22:50:09,Kien Giang-Rach Gia,Rach Gia,28.48,28.48,28.48,81.0,33.52,10000.0,0.0,62.0,5.18,7.38,229.0,1008.0,0,803,Clouds,broken clouds,04n
2025-08-01 22:53:57,Kien Giang-Rach Gia,Rach Gia,28.48,28.48,28.48,81.0,33.52,10000.0,0.0,62.0,5.18,7.38,229.0,1008.0,0,803,Clouds,broken clouds,04n
2025-08-01 22:57:44,Kien Giang-Rach Gia,Rach Gia,28.48,28.48,28.48,81.0,33.52,10000.0,0.0,62.0,5.18,7.38,229.0,1008.0,0,803,Clouds,broken clouds,04n
2025-08-01 23:01:29,Kien Giang-Rach Gia,Rach Gia,28.48,28.48,28.48,81.0,33.52,10000.0,0.0,62.0,5.18,7.38,229.0,1008.0,0,803,Clouds,broken clouds,04n
2025-08-01 23:05:15,Kien Giang-Rach Gia,Rach Gia,28.47,28.47,28.47,81.0,33.49,10000.0,0.0,62.0,5.18,7.38,229.0,1008.0,0,803,Clouds,broken clouds,04n
2025-08-01 23:09:02,Kien Giang-Rach Gia,Rach Gia,28.47,28.47,28.47,81.0,33.49,10000.0,0.0,62.0,5.18,7.38,229.0,1008.0,0,803,Clouds,broken clouds,04n
2025-08-01 23:12:47,Kien Giang-Rach Gia,Rach Gia,28.47,28.47,28.47,81.0,33.49,10000.0,0.0,62.0,5.18,7.38,229.0,1008.0,0,803,Clouds,broken clouds,04n
2025-08-01 23:16:34,Kien Giang-Rach Gia,Rach Gia,28.47,28.47,28.47,81.0,33.49,10000.0,0.0,62.0,5.18,7.38,229.0,1008.0,0,803,Clouds,broken clouds,04n
2025-08-01 23:20:20,Kien Giang-Rach Gia,Rach Gia,28.47,28.47,28.47,81.0,33.49,10000.0,0.0,62.0,5.18,7.38,229.0,1008.0,0,803,Clouds,broken clouds,04n
2025-08-01 23:24:06,Kien Giang-Rach Gia,Rach Gia,28.47,28.47,28.47,81.0,33.49,10000.0,0.0,62.0,5.18,7.38,229.0,1008.0,0,803,Clouds,broken clouds,04n
2025-08-01 23:27:51,Kien Giang-Rach Gia,Rach Gia,28.47,28.47,28.47,81.0,33.49,10000.0,0.0,62.0,5.18,7.38,229.0,1008.0,0,803,Clouds,broken clouds,04n
2025-08-01 23:31:37,Kien Giang-Rach Gia,Rach Gia,28.47,28.47,28.47,81.0,33.49,10000.0,0.0,62.0,5.18,7.38,229.0,1008.0,0,803,Clouds,broken clouds,04n
2025-08-01 23:35:24,Kien Giang-Rach Gia,Rach Gia,28.39,28.39,28.39,81.0,33.28,10000.0,0.0,69.0,5.28,7.45,227.0,1008.0,0,803,Clouds,broken clouds,04n
2025-08-01 23:39:10,Kien Giang-Rach Gia,Rach Gia,28.39,28.39,28.39,81.0,33.28,10000.0,0.0,69.0,5.28,7.45,227.0,1008.0,0,803,Clouds,broken clouds,04n
2025-08-01 23:42:56,Kien Giang-Rach Gia,Rach Gia,28.39,28.39,28.39,81.0,33.28,10000.0,0.0,69.0,5.28,7.45,227.0,1008.0,0,803,Clouds,broken clouds,04n
2025-08-01 23:46:42,Kien Giang-Rach Gia,Rach Gia,28.4,28.4,28.4,81.0,33.3,10000.0,0.0,69.0,5.28,7.45,227.0,1008.0,0,803,Clouds,broken clouds,04n
2025-08-01 23:50:28,Kien Giang-Rach Gia,Rach Gia,28.4,28.4,28.4,81.0,33.3,10000.0,0.0,69.0,5.28,7.45,227.0,1008.0,0,803,Clouds,broken clouds,04n
2025-08-01 23:54:14,Kien Giang-Rach Gia,Rach Gia,28.4,28.4,28.4,81.0,33.3,10000.0,0.0,69.0,5.28,7.45,227.0,1008.0,0,803,Clouds,broken clouds,04n
2025-08-01 23:58:00,Kien Giang-Rach Gia,Rach Gia,28.4,28.4,28.4,81.0,33.3,10000.0,0.0,69.0,5.28,7.45,227.0,1008.0,0,803,Clouds,broken clouds,04n
2025-08-02 00:01:45,Kien Giang-Rach Gia,Rach Gia,28.38,28.38,28.38,81.0,33.25,10000.0,0.0,69.0,5.28,7.45,227.0,1008.0,0,803,Clouds,broken clouds,04n
2025-08-02 00:05:35,Kien Giang-Rach Gia,Rach Gia,28.38,28.38,28.38,81.0,33.25,10000.0,0.0,69.0,5.28,7.45,227.0,1008.0,0,803,Clouds,broken clouds,04n
2025-08-02 00:09:20,Kien Giang-Rach Gia,Rach Gia,28.38,28.38,28.38,81.0,33.25,10000.0,0.0,69.0,5.28,7.45,227.0,1008.0,0,803,Clouds,broken clouds,04n
2025-08-02 00:13:06,Kien Giang-Rach Gia,Rach Gia,28.38,28.38,28.38,81.0,33.25,10000.0,0.0,69.0,5.28,7.45,227.0,1008.0,0,803,Clouds,broken clouds,04n
2025-08-02 00:16:52,Kien Giang-Rach Gia,Rach Gia,28.38,28.38,28.38,81.0,33.25,10000.0,0.0,69.0,5.28,7.45,227.0,1008.0,0,803,Clouds,broken clouds,04n
2025-08-02 00:20:38,Kien Giang-Rach Gia,Rach Gia,28.38,28.38,28.38,81.0,33.25,10000.0,0.0,69.0,5.28,7.45,227.0,1008.0,0,803,Clouds,broken clouds,04n
2025-08-02 00:24:24,Kien Giang-Rach Gia,Rach Gia,28.38,28.38,28.38,81.0,33.25,10000.0,0.0,69.0,5.28,7.45,227.0,1008.0,0,803,Clouds,broken clouds,04n
2025-08-02 00:28:10,Kien Giang-Rach Gia,Rach Gia,28.38,28.38,28.38,81.0,33.25,10000.0,0.0,69.0,5.28,7.45,227.0,1008.0,0,803,Clouds,broken clouds,04n
2025-08-02 00:31:56,Kien Giang-Rach Gia,Rach Gia,28.38,28.38,28.38,81.0,33.25,10000.0,0.0,69.0,5.28,7.45,227.0,1008.0,0,803,Clouds,broken clouds,04n
2025-08-02 00:35:42,Kien Giang-Rach Gia,Rach Gia,28.46,28.46,28.46,80.0,33.28,10000.0,0.0,74.0,5.69,7.75,229.0,1007.0,0,803,Clouds,broken clouds,04n
2025-08-02 00:39:28,Kien Giang-Rach Gia,Rach Gia,28.46,28.46,28.46,80.0,33.28,10000.0,0.0,74.0,5.69,7.75,229.0,1007.0,0,803,Clouds,broken clouds,04n
2025-08-02 00:43:14,Kien Giang-Rach Gia,Rach Gia,28.46,28.46,28.46,80.0,33.28,10000.0,0.0,76.0,5.48,7.78,235.0,1007.0,0,803,Clouds,broken clouds,04n
2025-08-02 00:46:59,Kien Giang-Rach Gia,Rach Gia,28.46,28.46,28.46,80.0,33.28,10000.0,0.0,76.0,5.48,7.78,235.0,1007.0,0,803,Clouds,broken clouds,04n
2025-08-02 00:50:45,Kien Giang-Rach Gia,Rach Gia,28.46,28.46,28.46,80.0,33.28,10000.0,0.0,76.0,5.48,7.78,235.0,1007.0,0,803,Clouds,broken clouds,04n
2025-08-02 00:54:31,Kien Giang-Rach Gia,Rach Gia,28.46,28.46,28.46,80.0,33.28,10000.0,0.0,76.0,5.48,7.78,235.0,1007.0,0,803,Clouds,broken clouds,04n
2025-08-02 00:58:17,Kien Giang-Rach Gia,Rach Gia,28.46,28.46,28.46,80.0,33.28,10000.0,0.0,76.0,5.48,7.78,235.0,1007.0,0,803,Clouds,broken clouds,04n
2025-08-02 01:02:03,Kien Giang-Rach Gia,Rach Gia,28.46,28.46,28.46,80.0,33.28,10000.0,0.0,76.0,5.48,7.78,235.0,1007.0,0,803,Clouds,broken clouds,04n
2025-08-02 01:05:50,Kien Giang-Rach Gia,Rach Gia,28.46,28.46,28.46,80.0,33.28,10000.0,0.0,76.0,5.48,7.78,235.0,1007.0,0,803,Clouds,broken clouds,04n
2025-08-02 01:09:35,Kien Giang-Rach Gia,Rach Gia,28.33,28.33,28.33,81.0,33.12,10000.0,0.0,76.0,5.48,7.78,235.0,1007.0,0,803,Clouds,broken clouds,04n
2025-08-02 01:13:22,Kien Giang-Rach Gia,Rach Gia,28.33,28.33,28.33,81.0,33.12,10000.0,0.0,76.0,5.48,7.78,235.0,1007.0,0,803,Clouds,broken clouds,04n
2025-08-02 01:17:08,Kien Giang-Rach Gia,Rach Gia,28.33,28.33,28.33,81.0,33.12,10000.0,0.0,76.0,5.48,7.78,235.0,1007.0,0,803,Clouds,broken clouds,04n
2025-08-02 01:20:53,Kien Giang-Rach Gia,Rach Gia,28.33,28.33,28.33,81.0,33.12,10000.0,0.0,76.0,5.48,7.78,235.0,1007.0,0,803,Clouds,broken clouds,04n
2025-08-02 01:24:39,Kien Giang-Rach Gia,Rach Gia,28.33,28.33,28.33,81.0,33.12,10000.0,0.0,76.0,5.48,7.78,235.0,1007.0,0,803,Clouds,broken clouds,04n
2025-08-02 01:28:25,Kien Giang-Rach Gia,Rach Gia,28.33,28.33,28.33,81.0,33.12,10000.0,0.0,76.0,5.48,7.78,235.0,1007.0,0,803,Clouds,broken clouds,04n
2025-08-02 01:32:10,Kien Giang-Rach Gia,Rach Gia,28.33,28.33,28.33,81.0,33.12,10000.0,0.0,76.0,5.48,7.78,235.0,1007.0,0,803,Clouds,broken clouds,04n
2025-08-02 01:35:56,Kien Giang-Rach Gia,Rach Gia,28.23,28.23,28.23,81.0,32.85,10000.0,0.0,100.0,5.4,7.45,226.0,1007.0,0,804,Clouds,overcast clouds,04n
2025-08-02 01:39:42,Kien Giang-Rach Gia,Rach Gia,28.23,28.23,28.23,81.0,32.85,10000.0,0.0,100.0,5.4,7.45,226.0,1007.0,0,804,Clouds,overcast clouds,04n
2025-08-02 01:43:27,Kien Giang-Rach Gia,Rach Gia,28.23,28.23,28.23,81.0,32.85,10000.0,0.0,100.0,5.4,7.45,226.0,1007.0,0,804,Clouds,overcast clouds,04n
2025-08-02 01:47:13,Kien Giang-Rach Gia,Rach Gia,28.24,28.24,28.24,81.0,32.88,10000.0,0.0,100.0,5.4,7.45,226.0,1007.0,0,804,Clouds,overcast clouds,04n
2025-08-02 01:50:59,Kien Giang-Rach Gia,Rach Gia,28.24,28.24,28.24,81.0,32.88,10000.0,0.0,100.0,5.4,7.45,226.0,1007.0,0,804,Clouds,overcast clouds,04n
2025-08-02 01:54:44,Kien Giang-Rach Gia,Rach Gia,28.24,28.24,28.24,81.0,32.88,10000.0,0.0,100.0,5.4,7.45,226.0,1007.0,0,804,Clouds,overcast clouds,04n
2025-08-02 01:58:31,Kien Giang-Rach Gia,Rach Gia,28.24,28.24,28.24,81.0,32.88,10000.0,0.0,100.0,5.4,7.45,226.0,1007.0,0,804,Clouds,overcast clouds,04n
2025-08-02 02:02:16,Kien Giang-Rach Gia,Rach Gia,28.24,28.24,28.24,81.0,32.88,10000.0,0.0,100.0,5.4,7.45,226.0,1007.0,0,804,Clouds,overcast clouds,04n
2025-08-02 02:06:03,Kien Giang-Rach Gia,Rach Gia,28.22,28.22,28.22,81.0,32.82,10000.0,0.0,100.0,5.4,7.45,226.0,1007.0,0,804,Clouds,overcast clouds,04n
2025-08-02 02:09:49,Kien Giang-Rach Gia,Rach Gia,28.22,28.22,28.22,81.0,32.82,10000.0,0.0,100.0,5.4,7.45,226.0,1007.0,0,804,Clouds,overcast clouds,04n
2025-08-02 02:13:35,Kien Giang-Rach Gia,Rach Gia,28.22,28.22,28.22,81.0,32.82,10000.0,0.0,100.0,5.4,7.45,226.0,1007.0,0,804,Clouds,overcast clouds,04n
2025-08-02 02:17:21,Kien Giang-Rach Gia,Rach Gia,28.22,28.22,28.22,81.0,32.82,10000.0,0.0,100.0,5.4,7.45,226.0,1007.0,0,804,Clouds,overcast clouds,04n
2025-08-02 02:21:07,Kien Giang-Rach Gia,Rach Gia,28.22,28.22,28.22,81.0,32.82,10000.0,0.0,100.0,5.4,7.45,226.0,1007.0,0,804,Clouds,overcast clouds,04n
2025-08-02 02:24:52,Kien Giang-Rach Gia,Rach Gia,28.22,28.22,28.22,81.0,32.82,10000.0,0.0,100.0,5.4,7.45,226.0,1007.0,0,804,Clouds,overcast clouds,04n
2025-08-02 02:28:39,Kien Giang-Rach Gia,Rach Gia,28.22,28.22,28.22,81.0,32.82,10000.0,0.0,100.0,5.4,7.45,226.0,1007.0,0,804,Clouds,overcast clouds,04n
2025-08-02 02:32:25,Kien Giang-Rach Gia,Rach Gia,28.22,28.22,28.22,81.0,32.82,10000.0,0.0,100.0,5.4,7.45,226.0,1007.0,0,804,Clouds,overcast clouds,04n
2025-08-02 02:36:13,Kien Giang-Rach Gia,Rach Gia,28.24,28.24,28.24,81.0,32.88,10000.0,0.0,100.0,4.87,6.86,232.0,1007.0,0,804,Clouds,overcast clouds,04n
2025-08-02 02:40:00,Kien Giang-Rach Gia,Rach Gia,28.24,28.24,28.24,81.0,32.88,10000.0,0.0,100.0,4.87,6.86,232.0,1007.0,0,804,Clouds,overcast clouds,04n
2025-08-02 02:43:47,Kien Giang-Rach Gia,Rach Gia,28.24,28.24,28.24,81.0,32.88,10000.0,0.0,100.0,4.87,6.86,232.0,1007.0,0,804,Clouds,overcast clouds,04n
2025-08-02 02:47:34,Kien Giang-Rach Gia,Rach Gia,28.24,28.24,28.24,81.0,32.88,10000.0,0.0,100.0,4.87,6.86,232.0,1007.0,0,804,Clouds,overcast clouds,04n
2025-08-02 02:51:22,Kien Giang-Rach Gia,Rach Gia,28.24,28.24,28.24,81.0,32.88,10000.0,0.0,100.0,4.87,6.86,232.0,1007.0,0,804,Clouds,overcast clouds,04n
2025-08-02 02:55:09,Kien Giang-Rach Gia,Rach Gia,28.24,28.24,28.24,81.0,32.88,10000.0,0.0,100.0,4.87,6.86,232.0,1007.0,0,804,Clouds,overcast clouds,04n
2025-08-02 02:58:56,Kien Giang-Rach Gia,Rach Gia,28.24,28.24,28.24,81.0,32.88,10000.0,0.0,100.0,4.87,6.86,232.0,1007.0,0,804,Clouds,overcast clouds,04n
2025-08-02 03:02:43,Kien Giang-Rach Gia,Rach Gia,28.22,28.22,28.22,81.0,32.82,10000.0,0.0,100.0,4.87,6.86,232.0,1007.0,0,804,Clouds,overcast clouds,04n
2025-08-02 03:06:32,Kien Giang-Rach Gia,Rach Gia,28.22,28.22,28.22,81.0,32.82,10000.0,0.0,100.0,4.87,6.86,232.0,1007.0,0,804,Clouds,overcast clouds,04n
2025-08-02 03:10:19,Kien Giang-Rach Gia,Rach Gia,28.22,28.22,28.22,81.0,32.82,10000.0,0.0,100.0,4.87,6.86,232.0,1007.0,0,804,Clouds,overcast clouds,04n
2025-08-02 03:14:07,Kien Giang-Rach Gia,Rach Gia,28.22,28.22,28.22,81.0,32.82,10000.0,0.0,100.0,4.87,6.86,232.0,1007.0,0,804,Clouds,overcast clouds,04n
2025-08-02 03:17:55,Kien Giang-Rach Gia,Rach Gia,28.22,28.22,28.22,81.0,32.82,10000.0,0.0,100.0,4.87,6.86,232.0,1007.0,0,804,Clouds,overcast clouds,04n
2025-08-02 03:21:41,Kien Giang-Rach Gia,Rach Gia,28.22,28.22,28.22,81.0,32.82,10000.0,0.0,100.0,4.87,6.86,232.0,1007.0,0,804,Clouds,overcast clouds,04n
2025-08-02 03:25:28,Kien Giang-Rach Gia,Rach Gia,28.22,28.22,28.22,81.0,32.82,10000.0,0.0,100.0,4.87,6.86,232.0,1007.0,0,804,Clouds,overcast clouds,04n
2025-08-02 03:29:16,Kien Giang-Rach Gia,Rach Gia,28.22,28.22,28.22,81.0,32.82,10000.0,0.0,100.0,4.87,6.86,232.0,1007.0,0,804,Clouds,overcast clouds,04n
2025-08-02 03:33:04,Kien Giang-Rach Gia,Rach Gia,28.22,28.22,28.22,81.0,32.82,10000.0,0.0,100.0,4.87,6.86,232.0,1007.0,0,804,Clouds,overcast clouds,04n
2025-08-02 03:36:52,Kien Giang-Rach Gia,Rach Gia,28.11,28.11,28.11,81.0,32.54,10000.0,0.0,100.0,4.32,6.24,234.0,1007.0,0,804,Clouds,overcast clouds,04n
2025-08-02 03:40:39,Kien Giang-Rach Gia,Rach Gia,28.11,28.11,28.11,81.0,32.54,10000.0,0.0,100.0,4.32,6.24,234.0,1007.0,0,804,Clouds,overcast clouds,04n
2025-08-02 03:44:27,Kien Giang-Rach Gia,Rach Gia,28.11,28.11,28.11,81.0,32.54,10000.0,0.0,100.0,4.32,6.24,234.0,1007.0,0,804,Clouds,overcast clouds,04n
2025-08-02 03:48:14,Kien Giang-Rach Gia,Rach Gia,28.11,28.11,28.11,81.0,32.54,10000.0,0.0,100.0,4.32,6.24,234.0,1007.0,0,804,Clouds,overcast clouds,04n
2025-08-02 03:52:00,Kien Giang-Rach Gia,Rach Gia,28.11,28.11,28.11,81.0,32.54,10000.0,0.0,100.0,4.32,6.24,234.0,1007.0,0,804,Clouds,overcast clouds,04n
2025-08-02 03:55:46,Kien Giang-Rach Gia,Rach Gia,28.11,28.11,28.11,81.0,32.54,10000.0,0.0,100.0,4.32,6.24,234.0,1007.0,0,804,Clouds,overcast clouds,04n
2025-08-02 03:59:32,Kien Giang-Rach Gia,Rach Gia,28.11,28.11,28.11,81.0,32.54,10000.0,0.0,100.0,4.32,6.24,234.0,1007.0,0,804,Clouds,overcast clouds,04n
2025-08-02 04:03:18,Kien Giang-Rach Gia,Rach Gia,28.09,28.09,28.09,81.0,32.49,10000.0,0.0,100.0,4.32,6.24,234.0,1007.0,0,804,Clouds,overcast clouds,04n
2025-08-02 04:07:05,Kien Giang-Rach Gia,Rach Gia,28.09,28.09,28.09,81.0,32.49,10000.0,0.0,100.0,4.32,6.24,234.0,1007.0,0,804,Clouds,overcast clouds,04n
2025-08-02 04:10:50,Kien Giang-Rach Gia,Rach Gia,28.09,28.09,28.09,81.0,32.49,10000.0,0.0,100.0,4.32,6.24,234.0,1007.0,0,804,Clouds,overcast clouds,04n
2025-08-02 04:14:36,Kien Giang-Rach Gia,Rach Gia,28.09,28.09,28.09,81.0,32.49,10000.0,0.0,100.0,4.32,6.24,234.0,1007.0,0,804,Clouds,overcast clouds,04n
2025-08-02 04:18:22,Kien Giang-Rach Gia,Rach Gia,28.09,28.09,28.09,81.0,32.49,10000.0,0.0,100.0,4.32,6.24,234.0,1007.0,0,804,Clouds,overcast clouds,04n
2025-08-02 04:22:08,Kien Giang-Rach Gia,Rach Gia,28.09,28.09,28.09,81.0,32.49,10000.0,0.0,100.0,4.32,6.24,234.0,1007.0,0,804,Clouds,overcast clouds,04n
2025-08-02 04:25:54,Kien Giang-Rach Gia,Rach Gia,28.09,28.09,28.09,81.0,32.49,10000.0,0.0,100.0,4.32,6.24,234.0,1007.0,0,804,Clouds,overcast clouds,04n
2025-08-02 04:29:40,Kien Giang-Rach Gia,Rach Gia,28.09,28.09,28.09,81.0,32.49,10000.0,0.0,100.0,4.32,6.24,234.0,1007.0,0,804,Clouds,overcast clouds,04n
2025-08-02 04:33:26,Kien Giang-Rach Gia,Rach Gia,28.1,28.1,28.1,81.0,32.51,10000.0,0.0,100.0,4.2,5.95,220.0,1007.0,0,804,Clouds,overcast clouds,04n
2025-08-02 04:37:12,Kien Giang-Rach Gia,Rach Gia,28.1,28.1,28.1,81.0,32.51,10000.0,0.0,100.0,4.2,5.95,220.0,1007.0,0,804,Clouds,overcast clouds,04n
2025-08-02 04:40:58,Kien Giang-Rach Gia,Rach Gia,28.1,28.1,28.1,81.0,32.51,10000.0,0.0,100.0,4.2,5.95,220.0,1007.0,0,804,Clouds,overcast clouds,04n
2025-08-02 04:44:44,Kien Giang-Rach Gia,Rach Gia,28.1,28.1,28.1,81.0,32.51,10000.0,0.0,100.0,4.2,5.95,220.0,1007.0,0,804,Clouds,overcast clouds,04n
2025-08-02 04:48:30,Kien Giang-Rach Gia,Rach Gia,28.1,28.1,28.1,81.0,32.51,10000.0,0.0,100.0,4.2,5.95,220.0,1007.0,0,804,Clouds,overcast clouds,04n
2025-08-02 04:52:15,Kien Giang-Rach Gia,Rach Gia,28.1,28.1,28.1,81.0,32.51,10000.0,0.0,100.0,4.2,5.95,220.0,1007.0,0,804,Clouds,overcast clouds,04n
2025-08-02 04:56:01,Kien Giang-Rach Gia,Rach Gia,28.1,28.1,28.1,81.0,32.51,10000.0,0.0,100.0,4.2,5.95,220.0,1007.0,0,804,Clouds,overcast clouds,04n
2025-08-02 04:59:47,Kien Giang-Rach Gia,Rach Gia,28.1,28.1,28.1,81.0,32.51,10000.0,0.0,100.0,4.2,5.95,220.0,1007.0,0,804,Clouds,overcast clouds,04n
2025-08-02 05:03:32,Kien Giang-Rach Gia,Rach Gia,28.09,28.09,28.09,82.0,32.65,10000.0,0.0,100.0,4.2,5.95,220.0,1007.0,0,804,Clouds,overcast clouds,04n
2025-08-02 05:07:18,Kien Giang-Rach Gia,Rach Gia,28.09,28.09,28.09,82.0,32.65,10000.0,0.0,100.0,4.2,5.95,220.0,1007.0,0,804,Clouds,overcast clouds,04n
2025-08-02 05:11:04,Kien Giang-Rach Gia,Rach Gia,28.09,28.09,28.09,82.0,32.65,10000.0,0.0,100.0,4.2,5.95,220.0,1007.0,0,804,Clouds,overcast clouds,04n
2025-08-02 05:14:50,Kien Giang-Rach Gia,Rach Gia,28.09,28.09,28.09,82.0,32.65,10000.0,0.0,100.0,4.2,5.95,220.0,1007.0,0,804,Clouds,overcast clouds,04n
2025-08-02 05:18:36,Kien Giang-Rach Gia,Rach Gia,28.09,28.09,28.09,82.0,32.65,10000.0,0.0,100.0,4.2,5.95,220.0,1007.0,0,804,Clouds,overcast clouds,04n
2025-08-02 05:22:21,Kien Giang-Rach Gia,Rach Gia,28.09,28.09,28.09,82.0,32.65,10000.0,0.0,100.0,4.2,5.95,220.0,1007.0,0,804,Clouds,overcast clouds,04n
2025-08-02 05:26:07,Kien Giang-Rach Gia,Rach Gia,28.09,28.09,28.09,82.0,32.65,10000.0,0.0,100.0,4.2,5.95,220.0,1007.0,0,804,Clouds,overcast clouds,04n
2025-08-02 05:29:53,Kien Giang-Rach Gia,Rach Gia,28.09,28.09,28.09,82.0,32.65,10000.0,0.0,100.0,4.2,5.95,220.0,1007.0,0,804,Clouds,overcast clouds,04n
2025-08-02 05:33:39,Kien Giang-Rach Gia,Rach Gia,28.09,28.09,28.09,82.0,32.65,10000.0,0.0,100.0,4.2,5.95,220.0,1007.0,0,804,Clouds,overcast clouds,04n
2025-08-02 05:37:25,Kien Giang-Rach Gia,Rach Gia,28.07,28.07,28.07,82.0,32.6,10000.0,0.0,100.0,3.95,5.72,219.0,1007.0,0,804,Clouds,overcast clouds,04n
2025-08-02 05:41:11,Kien Giang-Rach Gia,Rach Gia,28.07,28.07,28.07,82.0,32.6,10000.0,0.0,100.0,3.95,5.72,219.0,1007.0,0,804,Clouds,overcast clouds,04n
2025-08-02 05:44:56,Kien Giang-Rach Gia,Rach Gia,28.07,28.07,28.07,82.0,32.6,10000.0,0.0,100.0,3.95,5.72,219.0,1007.0,0,804,Clouds,overcast clouds,04n
2025-08-02 05:48:42,Kien Giang-Rach Gia,Rach Gia,28.07,28.07,28.07,82.0,32.6,10000.0,0.0,100.0,3.95,5.72,219.0,1007.0,0,804,Clouds,overcast clouds,04n
2025-08-02 05:52:27,Kien Giang-Rach Gia,Rach Gia,28.07,28.07,28.07,82.0,32.6,10000.0,0.0,100.0,3.95,5.72,219.0,1007.0,1,804,Clouds,overcast clouds,04n
2025-08-02 05:56:13,Kien Giang-Rach Gia,Rach Gia,28.07,28.07,28.07,82.0,32.6,10000.0,0.0,100.0,3.95,5.72,219.0,1007.0,1,804,Clouds,overcast clouds,04d
2025-08-02 05:59:59,Kien Giang-Rach Gia,Rach Gia,28.07,28.07,28.07,82.0,32.6,10000.0,0.0,100.0,3.95,5.72,219.0,1007.0,1,804,Clouds,overcast clouds,04d
2025-08-02 06:03:45,Kien Giang-Rach Gia,Rach Gia,28.05,28.05,28.05,83.0,32.71,10000.0,0.0,100.0,3.95,5.72,219.0,1007.0,1,804,Clouds,overcast clouds,04d
2025-08-02 06:07:34,Kien Giang-Rach Gia,Rach Gia,28.05,28.05,28.05,83.0,32.71,10000.0,0.0,100.0,3.95,5.72,219.0,1007.0,1,804,Clouds,overcast clouds,04d
2025-08-02 06:11:24,Kien Giang-Rach Gia,Rach Gia,28.05,28.05,28.05,83.0,32.71,10000.0,0.0,100.0,3.95,5.72,219.0,1007.0,1,804,Clouds,overcast clouds,04d
2025-08-02 06:15:10,Kien Giang-Rach Gia,Rach Gia,28.05,28.05,28.05,83.0,32.71,10000.0,0.0,100.0,3.95,5.72,219.0,1007.0,1,804,Clouds,overcast clouds,04d
2025-08-02 06:18:56,Kien Giang-Rach Gia,Rach Gia,28.05,28.05,28.05,83.0,32.71,10000.0,0.0,100.0,3.95,5.72,219.0,1007.0,1,804,Clouds,overcast clouds,04d
2025-08-02 06:22:42,Kien Giang-Rach Gia,Rach Gia,28.05,28.05,28.05,83.0,32.71,10000.0,0.0,100.0,3.95,5.72,219.0,1007.0,1,804,Clouds,overcast clouds,04d
2025-08-02 06:26:28,Kien Giang-Rach Gia,Rach Gia,28.05,28.05,28.05,83.0,32.71,10000.0,0.0,100.0,3.95,5.72,219.0,1007.0,1,804,Clouds,overcast clouds,04d
2025-08-02 06:30:14,Kien Giang-Rach Gia,Rach Gia,28.62,28.62,28.62,80.0,33.7,10000.0,0.0,100.0,4.34,5.95,235.0,1008.0,1,804,Clouds,overcast clouds,04d
2025-08-02 06:34:00,Kien Giang-Rach Gia,Rach Gia,28.62,28.62,28.62,80.0,33.7,10000.0,0.0,100.0,4.34,5.95,235.0,1008.0,1,804,Clouds,overcast clouds,04d
2025-08-02 06:37:46,Kien Giang-Rach Gia,Rach Gia,28.62,28.62,28.62,80.0,33.7,10000.0,0.0,100.0,4.34,5.95,235.0,1008.0,1,804,Clouds,overcast clouds,04d
2025-08-02 06:41:32,Kien Giang-Rach Gia,Rach Gia,28.62,28.62,28.62,80.0,33.7,10000.0,0.0,100.0,4.31,6.32,231.0,1008.0,1,804,Clouds,overcast clouds,04d
2025-08-02 06:45:17,Kien Giang-Rach Gia,Rach Gia,28.62,28.62,28.62,80.0,33.7,10000.0,0.0,100.0,4.34,5.95,235.0,1008.0,1,804,Clouds,overcast clouds,04d
2025-08-02 06:49:03,Kien Giang-Rach Gia,Rach Gia,28.62,28.62,28.62,80.0,33.7,10000.0,0.0,100.0,4.31,6.32,231.0,1008.0,1,804,Clouds,overcast clouds,04d
2025-08-02 06:52:49,Kien Giang-Rach Gia,Rach Gia,28.62,28.62,28.62,80.0,33.7,10000.0,0.0,100.0,4.31,6.32,231.0,1008.0,1,804,Clouds,overcast clouds,04d
2025-08-02 06:56:35,Kien Giang-Rach Gia,Rach Gia,28.62,28.62,28.62,80.0,33.7,10000.0,0.0,100.0,4.31,6.32,231.0,1008.0,1,804,Clouds,overcast clouds,04d
2025-08-02 07:00:21,Kien Giang-Rach Gia,Rach Gia,28.62,28.62,28.62,80.0,33.7,10000.0,0.0,100.0,4.31,6.32,231.0,1008.0,1,804,Clouds,overcast clouds,04d
2025-08-02 07:04:07,Kien Giang-Rach Gia,Rach Gia,28.62,28.62,28.62,80.0,33.7,10000.0,0.0,100.0,4.31,6.32,231.0,1008.0,1,804,Clouds,overcast clouds,04d
2025-08-02 07:07:53,Kien Giang-Rach Gia,Rach Gia,28.52,28.52,28.52,81.0,33.63,10000.0,0.0,100.0,4.31,6.32,231.0,1008.0,1,804,Clouds,overcast clouds,04d
2025-08-02 07:11:39,Kien Giang-Rach Gia,Rach Gia,28.52,28.52,28.52,81.0,33.63,10000.0,0.0,100.0,4.31,6.32,231.0,1008.0,1,804,Clouds,overcast clouds,04d
2025-08-02 07:15:26,Kien Giang-Rach Gia,Rach Gia,28.52,28.52,28.52,81.0,33.63,10000.0,0.0,100.0,4.31,6.32,231.0,1008.0,1,804,Clouds,overcast clouds,04d
2025-08-02 07:19:13,Kien Giang-Rach Gia,Rach Gia,28.52,28.52,28.52,81.0,33.63,10000.0,0.0,100.0,4.31,6.32,231.0,1008.0,1,804,Clouds,overcast clouds,04d
2025-08-02 07:22:59,Kien Giang-Rach Gia,Rach Gia,28.52,28.52,28.52,81.0,33.63,10000.0,0.0,100.0,4.31,6.32,231.0,1008.0,1,804,Clouds,overcast clouds,04d
2025-08-02 07:26:45,Kien Giang-Rach Gia,Rach Gia,28.52,28.52,28.52,81.0,33.63,10000.0,0.0,100.0,4.31,6.32,231.0,1008.0,1,804,Clouds,overcast clouds,04d
2025-08-02 07:30:31,Kien Giang-Rach Gia,Rach Gia,28.52,28.52,28.52,81.0,33.63,10000.0,0.0,100.0,4.31,6.32,231.0,1008.0,1,804,Clouds,overcast clouds,04d
2025-08-02 07:34:16,Kien Giang-Rach Gia,Rach Gia,29.24,29.24,29.24,77.0,34.73,10000.0,0.0,99.0,4.84,6.34,230.0,1009.0,1,804,Clouds,overcast clouds,04d
2025-08-02 07:38:02,Kien Giang-Rach Gia,Rach Gia,29.24,29.24,29.24,77.0,34.73,10000.0,0.0,99.0,4.84,6.34,230.0,1009.0,1,804,Clouds,overcast clouds,04d
2025-08-02 07:41:48,Kien Giang-Rach Gia,Rach Gia,29.24,29.24,29.24,77.0,34.73,10000.0,0.0,99.0,4.84,6.34,230.0,1009.0,1,804,Clouds,overcast clouds,04d
2025-08-02 07:45:34,Kien Giang-Rach Gia,Rach Gia,29.24,29.24,29.24,77.0,34.73,10000.0,0.0,99.0,4.84,6.34,230.0,1009.0,1,804,Clouds,overcast clouds,04d
2025-08-02 07:49:20,Kien Giang-Rach Gia,Rach Gia,29.25,29.25,29.25,77.0,34.76,10000.0,0.0,99.0,4.84,6.34,230.0,1009.0,1,804,Clouds,overcast clouds,04d
2025-08-02 07:53:06,Kien Giang-Rach Gia,Rach Gia,29.24,29.24,29.24,77.0,34.73,10000.0,0.0,99.0,4.84,6.34,230.0,1009.0,1,804,Clouds,overcast clouds,04d
2025-08-02 07:56:52,Kien Giang-Rach Gia,Rach Gia,29.25,29.25,29.25,77.0,34.76,10000.0,0.0,99.0,4.84,6.34,230.0,1009.0,1,804,Clouds,overcast clouds,04d
2025-08-02 08:00:37,Kien Giang-Rach Gia,Rach Gia,29.25,29.25,29.25,77.0,34.76,10000.0,0.0,99.0,4.84,6.34,230.0,1009.0,1,804,Clouds,overcast clouds,04d
2025-08-02 08:04:23,Kien Giang-Rach Gia,Rach Gia,29.24,29.24,29.24,77.0,34.73,10000.0,0.0,99.0,4.84,6.34,230.0,1009.0,1,804,Clouds,overcast clouds,04d
2025-08-02 08:08:09,Kien Giang-Rach Gia,Rach Gia,29.24,29.24,29.24,77.0,34.73,10000.0,0.0,99.0,4.84,6.34,230.0,1009.0,1,804,Clouds,overcast clouds,04d
2025-08-02 08:11:54,Kien Giang-Rach Gia,Rach Gia,29.24,29.24,29.24,77.0,34.73,10000.0,0.0,99.0,4.84,6.34,230.0,1009.0,1,804,Clouds,overcast clouds,04d
2025-08-02 08:15:40,Kien Giang-Rach Gia,Rach Gia,29.24,29.24,29.24,77.0,34.73,10000.0,0.0,99.0,4.84,6.34,230.0,1009.0,1,804,Clouds,overcast clouds,04d
2025-08-02 08:19:26,Kien Giang-Rach Gia,Rach Gia,29.24,29.24,29.24,77.0,34.73,10000.0,0.0,99.0,4.84,6.34,230.0,1009.0,1,804,Clouds,overcast clouds,04d
2025-08-02 08:23:12,Kien Giang-Rach Gia,Rach Gia,29.24,29.24,29.24,77.0,34.73,10000.0,0.0,99.0,4.84,6.34,230.0,1009.0,1,804,Clouds,overcast clouds,04d
2025-08-02 08:26:57,Kien Giang-Rach Gia,Rach Gia,29.24,29.24,29.24,77.0,34.73,10000.0,0.0,99.0,4.84,6.34,230.0,1009.0,1,804,Clouds,overcast clouds,04d
2025-08-02 08:30:43,Kien Giang-Rach Gia,Rach Gia,29.76,29.76,29.76,73.0,35.16,10000.0,0.0,99.0,4.6,5.72,234.0,1009.0,1,804,Clouds,overcast clouds,04d
2025-08-02 08:34:29,Kien Giang-Rach Gia,Rach Gia,29.81,29.81,29.81,73.0,35.29,10000.0,0.0,99.0,4.6,5.72,234.0,1009.0,1,804,Clouds,overcast clouds,04d
2025-08-02 08:38:15,Kien Giang-Rach Gia,Rach Gia,29.81,29.81,29.81,73.0,35.29,10000.0,0.0,99.0,4.6,5.72,234.0,1009.0,1,804,Clouds,overcast clouds,04d
2025-08-02 08:42:00,Kien Giang-Rach Gia,Rach Gia,29.81,29.81,29.81,73.0,35.29,10000.0,0.0,99.0,4.6,5.72,234.0,1009.0,1,804,Clouds,overcast clouds,04d
2025-08-02 08:45:46,Kien Giang-Rach Gia,Rach Gia,29.81,29.81,29.81,73.0,35.29,10000.0,0.0,99.0,4.6,5.72,234.0,1009.0,1,804,Clouds,overcast clouds,04d
2025-08-02 08:49:32,Kien Giang-Rach Gia,Rach Gia,29.81,29.81,29.81,73.0,35.29,10000.0,0.0,99.0,4.6,5.72,234.0,1009.0,1,804,Clouds,overcast clouds,04d
2025-08-02 08:53:18,Kien Giang-Rach Gia,Rach Gia,29.81,29.81,29.81,73.0,35.29,10000.0,0.0,99.0,4.6,5.72,234.0,1009.0,1,804,Clouds,overcast clouds,04d
2025-08-02 08:57:03,Kien Giang-Rach Gia,Rach Gia,29.81,29.81,29.81,73.0,35.29,10000.0,0.0,99.0,4.6,5.72,234.0,1009.0,1,804,Clouds,overcast clouds,04d
2025-08-02 09:00:50,Kien Giang-Rach Gia,Rach Gia,29.81,29.81,29.81,73.0,35.29,10000.0,0.0,99.0,4.6,5.72,234.0,1009.0,1,804,Clouds,overcast clouds,04d
2025-08-02 09:04:36,Kien Giang-Rach Gia,Rach Gia,29.81,29.81,29.81,73.0,35.29,10000.0,0.0,99.0,4.6,5.72,234.0,1009.0,1,804,Clouds,overcast clouds,04d
2025-08-02 09:08:22,Kien Giang-Rach Gia,Rach Gia,29.81,29.81,29.81,73.0,35.29,10000.0,0.0,99.0,4.6,5.72,234.0,1009.0,1,804,Clouds,overcast clouds,04d
2025-08-02 09:12:08,Kien Giang-Rach Gia,Rach Gia,29.81,29.81,29.81,73.0,35.29,10000.0,0.0,99.0,4.6,5.72,234.0,1009.0,1,804,Clouds,overcast clouds,04d
2025-08-02 09:15:54,Kien Giang-Rach Gia,Rach Gia,29.81,29.81,29.81,73.0,35.29,10000.0,0.0,99.0,4.6,5.72,234.0,1009.0,1,804,Clouds,overcast clouds,04d
2025-08-02 09:19:40,Kien Giang-Rach Gia,Rach Gia,29.81,29.81,29.81,73.0,35.29,10000.0,0.0,99.0,4.6,5.72,234.0,1009.0,1,804,Clouds,overcast clouds,04d
2025-08-02 09:23:26,Kien Giang-Rach Gia,Rach Gia,29.81,29.81,29.81,73.0,35.29,10000.0,0.0,99.0,4.6,5.72,234.0,1009.0,1,804,Clouds,overcast clouds,04d
2025-08-02 09:27:12,Kien Giang-Rach Gia,Rach Gia,29.81,29.81,29.81,73.0,35.29,10000.0,0.0,99.0,4.6,5.72,234.0,1009.0,1,804,Clouds,overcast clouds,04d
2025-08-02 09:30:57,Kien Giang-Rach Gia,Rach Gia,29.81,29.81,29.81,73.0,35.29,10000.0,0.0,99.0,4.6,5.72,234.0,1009.0,1,804,Clouds,overcast clouds,04d
2025-08-02 09:34:43,Kien Giang-Rach Gia,Rach Gia,30.0,30.0,30.0,71.0,35.28,10000.0,0.0,100.0,5.0,5.76,241.0,1009.0,1,804,Clouds,overcast clouds,04d
2025-08-02 09:38:30,Kien Giang-Rach Gia,Rach Gia,30.0,30.0,30.0,71.0,35.28,10000.0,0.0,100.0,5.0,5.76,241.0,1009.0,1,804,Clouds,overcast clouds,04d
2025-08-02 09:42:15,Kien Giang-Rach Gia,Rach Gia,30.0,30.0,30.0,71.0,35.28,10000.0,0.0,100.0,5.0,5.76,241.0,1009.0,1,804,Clouds,overcast clouds,04d
2025-08-02 09:46:01,Kien Giang-Rach Gia,Rach Gia,30.0,30.0,30.0,71.0,35.28,10000.0,0.0,100.0,5.0,5.76,241.0,1009.0,1,804,Clouds,overcast clouds,04d
2025-08-02 09:49:47,Kien Giang-Rach Gia,Rach Gia,30.05,30.05,30.05,71.0,35.41,10000.0,0.0,100.0,5.0,5.76,241.0,1009.0,1,804,Clouds,overcast clouds,04d
2025-08-02 09:53:33,Kien Giang-Rach Gia,Rach Gia,30.05,30.05,30.05,71.0,35.41,10000.0,0.0,100.0,5.0,5.76,241.0,1009.0,1,804,Clouds,overcast clouds,04d
2025-08-02 09:57:19,Kien Giang-Rach Gia,Rach Gia,30.05,30.05,30.05,71.0,35.41,10000.0,0.0,100.0,5.0,5.76,241.0,1009.0,1,804,Clouds,overcast clouds,04d
2025-08-02 10:01:04,Kien Giang-Rach Gia,Rach Gia,30.05,30.05,30.05,71.0,35.41,10000.0,0.0,100.0,5.0,5.76,241.0,1009.0,1,804,Clouds,overcast clouds,04d
2025-08-02 10:04:50,Kien Giang-Rach Gia,Rach Gia,30.06,30.06,30.06,71.0,35.43,10000.0,0.0,100.0,5.0,5.76,241.0,1009.0,1,804,Clouds,overcast clouds,04d
2025-08-02 10:08:36,Kien Giang-Rach Gia,Rach Gia,30.06,30.06,30.06,71.0,35.43,10000.0,0.0,100.0,5.0,5.76,241.0,1009.0,1,804,Clouds,overcast clouds,04d
2025-08-02 10:12:21,Kien Giang-Rach Gia,Rach Gia,30.06,30.06,30.06,71.0,35.43,10000.0,0.0,100.0,5.0,5.76,241.0,1009.0,1,804,Clouds,overcast clouds,04d
2025-08-02 10:16:07,Kien Giang-Rach Gia,Rach Gia,30.06,30.06,30.06,71.0,35.43,10000.0,0.0,100.0,5.0,5.76,241.0,1009.0,1,804,Clouds,overcast clouds,04d
2025-08-02 10:19:53,Kien Giang-Rach Gia,Rach Gia,30.06,30.06,30.06,71.0,35.43,10000.0,0.0,100.0,5.0,5.76,241.0,1009.0,1,804,Clouds,overcast clouds,04d
2025-08-02 10:23:39,Kien Giang-Rach Gia,Rach Gia,30.06,30.06,30.06,71.0,35.43,10000.0,0.0,100.0,5.0,5.76,241.0,1009.0,1,804,Clouds,overcast clouds,04d
2025-08-02 10:27:24,Kien Giang-Rach Gia,Rach Gia,30.06,30.06,30.06,71.0,35.43,10000.0,0.0,100.0,5.0,5.76,241.0,1009.0,1,804,Clouds,overcast clouds,04d
2025-08-02 10:31:10,Kien Giang-Rach Gia,Rach Gia,30.07,30.07,30.07,71.0,35.46,10000.0,0.0,100.0,6.01,6.33,247.0,1009.0,1,804,Clouds,overcast clouds,04d
2025-08-02 10:34:55,Kien Giang-Rach Gia,Rach Gia,30.07,30.07,30.07,71.0,35.46,10000.0,0.0,100.0,6.01,6.33,247.0,1009.0,1,804,Clouds,overcast clouds,04d
2025-08-02 10:38:41,Kien Giang-Rach Gia,Rach Gia,30.07,30.07,30.07,71.0,35.46,10000.0,0.0,100.0,6.01,6.33,247.0,1009.0,1,804,Clouds,overcast clouds,04d
2025-08-02 10:42:27,Kien Giang-Rach Gia,Rach Gia,30.07,30.07,30.07,71.0,35.46,10000.0,0.0,100.0,6.01,6.33,247.0,1009.0,1,804,Clouds,overcast clouds,04d
2025-08-02 10:46:13,Kien Giang-Rach Gia,Rach Gia,30.07,30.07,30.07,71.0,35.46,10000.0,0.0,100.0,6.01,6.33,247.0,1009.0,1,804,Clouds,overcast clouds,04d
2025-08-02 10:49:58,Kien Giang-Rach Gia,Rach Gia,30.11,30.11,30.11,70.0,35.31,10000.0,0.0,100.0,6.01,6.33,247.0,1009.0,1,804,Clouds,overcast clouds,04d
2025-08-02 10:53:47,Kien Giang-Rach Gia,Rach Gia,30.11,30.11,30.11,70.0,35.31,10000.0,0.0,100.0,6.01,6.33,247.0,1009.0,1,804,Clouds,overcast clouds,04d
2025-08-02 10:57:37,Kien Giang-Rach Gia,Rach Gia,30.11,30.11,30.11,70.0,35.31,10000.0,0.0,100.0,6.01,6.33,247.0,1009.0,1,804,Clouds,overcast clouds,04d
2025-08-02 11:01:29,Kien Giang-Rach Gia,Rach Gia,30.14,30.14,30.14,70.0,35.38,10000.0,0.0,100.0,6.01,6.33,247.0,1009.0,1,804,Clouds,overcast clouds,04d
2025-08-02 11:05:19,Kien Giang-Rach Gia,Rach Gia,30.14,30.14,30.14,70.0,35.38,10000.0,0.0,100.0,6.01,6.33,247.0,1009.0,1,804,Clouds,overcast clouds,04d
2025-08-02 11:09:09,Kien Giang-Rach Gia,Rach Gia,30.14,30.14,30.14,70.0,35.38,10000.0,0.0,100.0,6.01,6.33,247.0,1009.0,1,804,Clouds,overcast clouds,04d
2025-08-02 11:12:59,Kien Giang-Rach Gia,Rach Gia,30.14,30.14,30.14,70.0,35.38,10000.0,0.0,100.0,6.01,6.33,247.0,1009.0,1,804,Clouds,overcast clouds,04d
2025-08-02 11:16:49,Kien Giang-Rach Gia,Rach Gia,30.14,30.14,30.14,70.0,35.38,10000.0,0.0,100.0,6.01,6.33,247.0,1009.0,1,804,Clouds,overcast clouds,04d
2025-08-02 11:20:38,Kien Giang-Rach Gia,Rach Gia,30.14,30.14,30.14,70.0,35.38,10000.0,0.0,100.0,6.01,6.33,247.0,1009.0,1,804,Clouds,overcast clouds,04d
2025-08-02 11:24:29,Kien Giang-Rach Gia,Rach Gia,30.14,30.14,30.14,70.0,35.38,10000.0,0.0,100.0,6.01,6.33,247.0,1009.0,1,804,Clouds,overcast clouds,04d
2025-08-02 11:28:20,Kien Giang-Rach Gia,Rach Gia,30.14,30.14,30.14,70.0,35.38,10000.0,0.0,100.0,6.01,6.33,247.0,1009.0,1,804,Clouds,overcast clouds,04d
2025-08-02 11:32:11,Kien Giang-Rach Gia,Rach Gia,29.66,29.66,29.66,72.0,34.68,10000.0,0.0,100.0,6.83,6.95,249.0,1008.0,1,804,Clouds,overcast clouds,04d
2025-08-02 11:36:02,Kien Giang-Rach Gia,Rach Gia,29.66,29.66,29.66,72.0,34.68,10000.0,0.0,100.0,6.83,6.95,249.0,1008.0,1,804,Clouds,overcast clouds,04d
2025-08-02 11:39:53,Kien Giang-Rach Gia,Rach Gia,29.66,29.66,29.66,72.0,34.68,10000.0,0.0,100.0,6.83,6.95,249.0,1008.0,1,804,Clouds,overcast clouds,04d
2025-08-02 11:43:43,Kien Giang-Rach Gia,Rach Gia,29.66,29.66,29.66,72.0,34.68,10000.0,0.0,100.0,6.83,6.95,249.0,1008.0,1,804,Clouds,overcast clouds,04d
2025-08-02 11:47:33,Kien Giang-Rach Gia,Rach Gia,29.65,29.65,29.65,72.0,34.65,10000.0,0.0,100.0,6.83,6.95,249.0,1008.0,1,804,Clouds,overcast clouds,04d
2025-08-02 11:51:23,Kien Giang-Rach Gia,Rach Gia,29.65,29.65,29.65,72.0,34.65,10000.0,0.0,100.0,6.83,6.95,249.0,1008.0,1,804,Clouds,overcast clouds,04d
2025-08-02 11:55:13,Kien Giang-Rach Gia,Rach Gia,29.65,29.65,29.65,72.0,34.65,10000.0,0.0,100.0,6.83,6.95,249.0,1008.0,1,804,Clouds,overcast clouds,04d
2025-08-02 11:59:03,Kien Giang-Rach Gia,Rach Gia,29.65,29.65,29.65,72.0,34.65,10000.0,0.0,100.0,6.83,6.95,249.0,1008.0,1,804,Clouds,overcast clouds,04d
2025-08-02 12:02:53,Kien Giang-Rach Gia,Rach Gia,29.68,29.68,29.68,72.0,34.73,10000.0,0.0,100.0,6.83,6.95,249.0,1008.0,1,804,Clouds,overcast clouds,04d
2025-08-02 12:06:44,Kien Giang-Rach Gia,Rach Gia,29.68,29.68,29.68,72.0,34.73,10000.0,0.0,100.0,6.83,6.95,249.0,1008.0,1,804,Clouds,overcast clouds,04d
2025-08-02 12:10:34,Kien Giang-Rach Gia,Rach Gia,29.68,29.68,29.68,72.0,34.73,10000.0,0.0,100.0,6.83,6.95,249.0,1008.0,1,804,Clouds,overcast clouds,04d
2025-08-02 12:14:24,Kien Giang-Rach Gia,Rach Gia,29.68,29.68,29.68,72.0,34.73,10000.0,0.0,100.0,6.83,6.95,249.0,1008.0,1,804,Clouds,overcast clouds,04d
2025-08-02 12:18:14,Kien Giang-Rach Gia,Rach Gia,29.68,29.68,29.68,72.0,34.73,10000.0,0.0,100.0,6.83,6.95,249.0,1008.0,1,804,Clouds,overcast clouds,04d
2025-08-02 12:22:06,Kien Giang-Rach Gia,Rach Gia,29.68,29.68,29.68,72.0,34.73,10000.0,0.0,100.0,6.83,6.95,249.0,1008.0,1,804,Clouds,overcast clouds,04d
2025-08-02 12:25:56,Kien Giang-Rach Gia,Rach Gia,29.68,29.68,29.68,72.0,34.73,10000.0,0.0,100.0,6.83,6.95,249.0,1008.0,1,804,Clouds,overcast clouds,04d
2025-08-02 12:30:07,Kien Giang-Rach Gia,Rach Gia,29.74,29.74,29.74,72.0,34.87,10000.0,0.0,100.0,6.86,7.21,247.0,1008.0,1,804,Clouds,overcast clouds,04d
2025-08-02 12:33:57,Kien Giang-Rach Gia,Rach Gia,29.73,29.73,29.73,72.0,34.85,10000.0,0.0,100.0,6.86,7.21,247.0,1008.0,1,804,Clouds,overcast clouds,04d
2025-08-02 12:37:47,Kien Giang-Rach Gia,Rach Gia,29.73,29.73,29.73,72.0,34.85,10000.0,0.0,100.0,6.86,7.21,247.0,1008.0,1,804,Clouds,overcast clouds,04d
2025-08-02 12:41:37,Kien Giang-Rach Gia,Rach Gia,29.73,29.73,29.73,72.0,34.85,10000.0,0.0,100.0,6.86,7.21,247.0,1008.0,1,804,Clouds,overcast clouds,04d
2025-08-02 12:45:27,Kien Giang-Rach Gia,Rach Gia,29.73,29.73,29.73,72.0,34.85,10000.0,0.0,100.0,6.93,7.45,245.0,1008.0,1,804,Clouds,overcast clouds,04d
2025-08-02 12:49:17,Kien Giang-Rach Gia,Rach Gia,29.73,29.73,29.73,72.0,34.85,10000.0,0.0,100.0,6.93,7.45,245.0,1008.0,1,804,Clouds,overcast clouds,04d
2025-08-02 12:53:08,Kien Giang-Rach Gia,Rach Gia,29.73,29.73,29.73,72.0,34.85,10000.0,0.0,100.0,6.93,7.45,245.0,1008.0,1,804,Clouds,overcast clouds,04d
2025-08-02 12:56:58,Kien Giang-Rach Gia,Rach Gia,29.73,29.73,29.73,72.0,34.85,10000.0,0.0,100.0,6.93,7.45,245.0,1008.0,1,804,Clouds,overcast clouds,04d
2025-08-02 13:01:00,Kien Giang-Rach Gia,Rach Gia,29.73,29.73,29.73,72.0,34.85,10000.0,0.0,100.0,6.93,7.45,245.0,1008.0,1,804,Clouds,overcast clouds,04d
2025-08-02 13:04:50,Kien Giang-Rach Gia,Rach Gia,29.73,29.73,29.73,72.0,34.85,10000.0,0.0,100.0,6.93,7.45,245.0,1008.0,1,804,Clouds,overcast clouds,04d
2025-08-02 13:08:41,Kien Giang-Rach Gia,Rach Gia,29.73,29.73,29.73,72.0,34.85,10000.0,0.0,100.0,6.93,7.45,245.0,1008.0,1,804,Clouds,overcast clouds,04d
2025-08-02 13:12:32,Kien Giang-Rach Gia,Rach Gia,29.73,29.73,29.73,72.0,34.85,10000.0,0.0,100.0,6.93,7.45,245.0,1008.0,1,804,Clouds,overcast clouds,04d
2025-08-02 13:16:25,Kien Giang-Rach Gia,Rach Gia,29.86,29.86,29.86,72.0,35.17,10000.0,0.0,100.0,6.93,7.45,245.0,1008.0,1,804,Clouds,overcast clouds,04d
2025-08-02 13:20:18,Kien Giang-Rach Gia,Rach Gia,29.86,29.86,29.86,72.0,35.17,10000.0,0.0,100.0,6.93,7.45,245.0,1008.0,1,804,Clouds,overcast clouds,04d
2025-08-02 13:24:08,Kien Giang-Rach Gia,Rach Gia,29.86,29.86,29.86,72.0,35.17,10000.0,0.0,100.0,6.93,7.45,245.0,1008.0,1,804,Clouds,overcast clouds,04d
2025-08-02 13:27:58,Kien Giang-Rach Gia,Rach Gia,29.86,29.86,29.86,72.0,35.17,10000.0,0.0,100.0,6.93,7.45,245.0,1008.0,1,804,Clouds,overcast clouds,04d
2025-08-02 13:31:49,Kien Giang-Rach Gia,Rach Gia,29.73,29.73,29.73,72.0,34.85,10000.0,0.0,100.0,7.11,7.56,248.0,1007.0,1,804,Clouds,overcast clouds,04d
2025-08-02 13:35:40,Kien Giang-Rach Gia,Rach Gia,29.73,29.73,29.73,72.0,34.85,10000.0,0.0,100.0,7.11,7.56,248.0,1007.0,1,804,Clouds,overcast clouds,04d
2025-08-02 13:39:30,Kien Giang-Rach Gia,Rach Gia,29.73,29.73,29.73,72.0,34.85,10000.0,0.0,100.0,7.11,7.56,248.0,1007.0,1,804,Clouds,overcast clouds,04d
2025-08-02 13:43:20,Kien Giang-Rach Gia,Rach Gia,29.73,29.73,29.73,72.0,34.85,10000.0,0.0,100.0,7.11,7.56,248.0,1007.0,1,804,Clouds,overcast clouds,04d
2025-08-02 13:47:11,Kien Giang-Rach Gia,Rach Gia,29.72,29.72,29.72,72.0,34.82,10000.0,0.0,100.0,7.11,7.56,248.0,1007.0,1,804,Clouds,overcast clouds,04d
2025-08-02 13:51:01,Kien Giang-Rach Gia,Rach Gia,29.72,29.72,29.72,72.0,34.82,10000.0,0.0,100.0,7.11,7.56,248.0,1007.0,1,804,Clouds,overcast clouds,04d
2025-08-02 13:54:52,Kien Giang-Rach Gia,Rach Gia,29.72,29.72,29.72,72.0,34.82,10000.0,0.0,100.0,7.11,7.56,248.0,1007.0,1,804,Clouds,overcast clouds,04d
2025-08-02 13:58:42,Kien Giang-Rach Gia,Rach Gia,29.72,29.72,29.72,72.0,34.82,10000.0,0.0,100.0,7.11,7.56,248.0,1007.0,1,804,Clouds,overcast clouds,04d
2025-08-02 14:02:32,Kien Giang-Rach Gia,Rach Gia,29.72,29.72,29.72,72.0,34.82,10000.0,0.0,100.0,7.11,7.56,248.0,1007.0,1,804,Clouds,overcast clouds,04d
2025-08-02 14:06:22,Kien Giang-Rach Gia,Rach Gia,29.76,29.76,29.76,72.0,34.92,10000.0,0.0,100.0,7.11,7.56,248.0,1007.0,1,804,Clouds,overcast clouds,04d
2025-08-02 14:10:15,Kien Giang-Rach Gia,Rach Gia,29.76,29.76,29.76,72.0,34.92,10000.0,0.0,100.0,7.11,7.56,248.0,1007.0,1,804,Clouds,overcast clouds,04d
2025-08-02 14:14:06,Kien Giang-Rach Gia,Rach Gia,29.76,29.76,29.76,72.0,34.92,10000.0,0.0,100.0,7.11,7.56,248.0,1007.0,1,804,Clouds,overcast clouds,04d
2025-08-02 14:17:57,Kien Giang-Rach Gia,Rach Gia,29.76,29.76,29.76,72.0,34.92,10000.0,0.0,100.0,7.11,7.56,248.0,1007.0,1,804,Clouds,overcast clouds,04d
2025-08-02 14:21:47,Kien Giang-Rach Gia,Rach Gia,29.76,29.76,29.76,72.0,34.92,10000.0,0.0,100.0,7.11,7.56,248.0,1007.0,1,804,Clouds,overcast clouds,04d
2025-08-02 14:25:37,Kien Giang-Rach Gia,Rach Gia,29.76,29.76,29.76,72.0,34.92,10000.0,0.0,100.0,7.11,7.56,248.0,1007.0,1,804,Clouds,overcast clouds,04d
2025-08-02 14:29:27,Kien Giang-Rach Gia,Rach Gia,29.76,29.76,29.76,72.0,34.92,10000.0,0.0,100.0,7.11,7.56,248.0,1007.0,1,804,Clouds,overcast clouds,04d
2025-08-02 14:33:18,Kien Giang-Rach Gia,Rach Gia,29.8,29.8,29.8,72.0,35.02,10000.0,0.0,100.0,7.46,8.15,247.0,1006.0,1,804,Clouds,overcast clouds,04d
2025-08-02 14:37:09,Kien Giang-Rach Gia,Rach Gia,29.8,29.8,29.8,72.0,35.02,10000.0,0.0,100.0,7.46,8.15,247.0,1006.0,1,804,Clouds,overcast clouds,04d
2025-08-02 14:40:58,Kien Giang-Rach Gia,Rach Gia,29.8,29.8,29.8,72.0,35.02,10000.0,0.0,100.0,7.46,8.15,247.0,1006.0,1,804,Clouds,overcast clouds,04d
2025-08-02 14:44:48,Kien Giang-Rach Gia,Rach Gia,29.8,29.8,29.8,72.0,35.02,10000.0,0.0,100.0,7.46,8.15,247.0,1006.0,1,804,Clouds,overcast clouds,04d
2025-08-02 14:48:38,Kien Giang-Rach Gia,Rach Gia,29.85,29.85,29.85,72.0,35.15,10000.0,0.0,100.0,7.46,8.15,247.0,1006.0,1,804,Clouds,overcast clouds,04d
2025-08-02 14:52:29,Kien Giang-Rach Gia,Rach Gia,29.85,29.85,29.85,72.0,35.15,10000.0,0.0,100.0,7.46,8.15,247.0,1006.0,1,804,Clouds,overcast clouds,04d
2025-08-02 14:56:20,Kien Giang-Rach Gia,Rach Gia,29.85,29.85,29.85,72.0,35.15,10000.0,0.0,100.0,7.46,8.15,247.0,1006.0,1,804,Clouds,overcast clouds,04d
2025-08-02 15:00:11,Kien Giang-Rach Gia,Rach Gia,29.85,29.85,29.85,72.0,35.15,10000.0,0.0,100.0,7.46,8.15,247.0,1006.0,1,804,Clouds,overcast clouds,04d
2025-08-02 15:04:02,Kien Giang-Rach Gia,Rach Gia,29.85,29.85,29.85,72.0,35.15,10000.0,0.0,100.0,7.46,8.15,247.0,1006.0,1,804,Clouds,overcast clouds,04d
2025-08-02 15:07:52,Kien Giang-Rach Gia,Rach Gia,29.9,29.9,29.9,72.0,35.28,10000.0,0.0,100.0,7.46,8.15,247.0,1006.0,1,804,Clouds,overcast clouds,04d
2025-08-02 15:11:42,Kien Giang-Rach Gia,Rach Gia,29.9,29.9,29.9,72.0,35.28,10000.0,0.0,100.0,7.46,8.15,247.0,1006.0,1,804,Clouds,overcast clouds,04d
2025-08-02 15:15:32,Kien Giang-Rach Gia,Rach Gia,29.9,29.9,29.9,72.0,35.28,10000.0,0.0,100.0,7.46,8.15,247.0,1006.0,1,804,Clouds,overcast clouds,04d
2025-08-02 15:19:23,Kien Giang-Rach Gia,Rach Gia,29.9,29.9,29.9,72.0,35.28,10000.0,0.0,100.0,7.46,8.15,247.0,1006.0,1,804,Clouds,overcast clouds,04d
2025-08-02 15:23:14,Kien Giang-Rach Gia,Rach Gia,29.9,29.9,29.9,72.0,35.28,10000.0,0.0,100.0,7.46,8.15,247.0,1006.0,1,804,Clouds,overcast clouds,04d
2025-08-02 15:27:04,Kien Giang-Rach Gia,Rach Gia,29.9,29.9,29.9,72.0,35.28,10000.0,0.0,100.0,7.46,8.15,247.0,1006.0,1,804,Clouds,overcast clouds,04d
2025-08-02 15:30:54,Kien Giang-Rach Gia,Rach Gia,29.96,29.96,29.96,72.0,35.43,10000.0,0.0,100.0,6.74,7.39,249.0,1006.0,1,804,Clouds,overcast clouds,04d
2025-08-02 15:34:43,Kien Giang-Rach Gia,Rach Gia,29.95,29.95,29.95,72.0,35.4,10000.0,0.0,100.0,6.74,7.39,249.0,1006.0,1,804,Clouds,overcast clouds,04d
2025-08-02 15:38:33,Kien Giang-Rach Gia,Rach Gia,29.95,29.95,29.95,72.0,35.4,10000.0,0.0,100.0,6.74,7.39,249.0,1006.0,1,804,Clouds,overcast clouds,04d
2025-08-02 15:42:24,Kien Giang-Rach Gia,Rach Gia,29.95,29.95,29.95,72.0,35.4,10000.0,0.0,100.0,6.74,7.39,249.0,1006.0,1,804,Clouds,overcast clouds,04d
2025-08-02 15:46:14,Kien Giang-Rach Gia,Rach Gia,29.94,29.94,29.94,72.0,35.38,10000.0,0.0,100.0,6.74,7.39,249.0,1006.0,1,804,Clouds,overcast clouds,04d
2025-08-02 15:50:05,Kien Giang-Rach Gia,Rach Gia,29.94,29.94,29.94,72.0,35.38,10000.0,0.0,100.0,6.74,7.39,249.0,1006.0,1,804,Clouds,overcast clouds,04d
2025-08-02 15:53:55,Kien Giang-Rach Gia,Rach Gia,29.94,29.94,29.94,72.0,35.38,10000.0,0.0,100.0,6.74,7.39,249.0,1006.0,1,804,Clouds,overcast clouds,04d
2025-08-02 15:57:45,Kien Giang-Rach Gia,Rach Gia,29.94,29.94,29.94,72.0,35.38,10000.0,0.0,100.0,6.74,7.39,249.0,1006.0,1,804,Clouds,overcast clouds,04d
2025-08-02 16:01:35,Kien Giang-Rach Gia,Rach Gia,29.94,29.94,29.94,72.0,35.38,10000.0,0.0,100.0,6.74,7.39,249.0,1006.0,1,804,Clouds,overcast clouds,04d
2025-08-02 16:05:29,Kien Giang-Rach Gia,Rach Gia,29.99,29.99,29.99,72.0,35.5,10000.0,0.0,100.0,6.74,7.39,249.0,1006.0,1,804,Clouds,overcast clouds,04d
2025-08-02 16:09:20,Kien Giang-Rach Gia,Rach Gia,29.94,29.94,29.94,72.0,35.38,10000.0,0.0,100.0,6.74,7.39,249.0,1006.0,1,804,Clouds,overcast clouds,04d
2025-08-02 16:13:12,Kien Giang-Rach Gia,Rach Gia,29.99,29.99,29.99,72.0,35.5,10000.0,0.0,100.0,6.74,7.39,249.0,1006.0,1,804,Clouds,overcast clouds,04d
2025-08-02 16:17:03,Kien Giang-Rach Gia,Rach Gia,29.99,29.99,29.99,72.0,35.5,10000.0,0.0,100.0,6.74,7.39,249.0,1006.0,1,804,Clouds,overcast clouds,04d
2025-08-02 16:20:54,Kien Giang-Rach Gia,Rach Gia,29.99,29.99,29.99,72.0,35.5,10000.0,0.0,100.0,6.74,7.39,249.0,1006.0,1,804,Clouds,overcast clouds,04d
2025-08-02 16:24:44,Kien Giang-Rach Gia,Rach Gia,29.99,29.99,29.99,72.0,35.5,10000.0,0.0,100.0,6.74,7.39,249.0,1006.0,1,804,Clouds,overcast clouds,04d
2025-08-02 16:28:34,Kien Giang-Rach Gia,Rach Gia,29.99,29.99,29.99,72.0,35.5,10000.0,0.0,100.0,6.74,7.39,249.0,1006.0,1,804,Clouds,overcast clouds,04d
2025-08-02 16:32:24,Kien Giang-Rach Gia,Rach Gia,29.73,29.73,29.73,75.0,35.57,10000.0,0.0,96.0,6.2,7.07,246.0,1005.0,1,804,Clouds,overcast clouds,04d
2025-08-02 16:36:14,Kien Giang-Rach Gia,Rach Gia,29.99,29.99,29.99,72.0,35.5,10000.0,0.0,100.0,6.74,7.39,249.0,1006.0,1,804,Clouds,overcast clouds,04d
2025-08-02 16:40:06,Kien Giang-Rach Gia,Rach Gia,29.73,29.73,29.73,75.0,35.57,10000.0,0.0,96.0,6.2,7.07,246.0,1005.0,1,804,Clouds,overcast clouds,04d
2025-08-02 16:43:56,Kien Giang-Rach Gia,Rach Gia,29.73,29.73,29.73,75.0,35.57,10000.0,0.0,96.0,6.2,7.07,246.0,1005.0,1,804,Clouds,overcast clouds,04d
2025-08-02 16:47:46,Kien Giang-Rach Gia,Rach Gia,29.72,29.72,29.72,75.0,35.54,10000.0,0.0,96.0,6.2,7.07,246.0,1005.0,1,804,Clouds,overcast clouds,04d
2025-08-02 16:51:37,Kien Giang-Rach Gia,Rach Gia,29.72,29.72,29.72,75.0,35.54,10000.0,0.0,96.0,6.2,7.07,246.0,1005.0,1,804,Clouds,overcast clouds,04d
2025-08-02 16:55:29,Kien Giang-Rach Gia,Rach Gia,29.72,29.72,29.72,75.0,35.54,10000.0,0.0,96.0,6.2,7.07,246.0,1005.0,1,804,Clouds,overcast clouds,04d
2025-08-02 16:59:20,Kien Giang-Rach Gia,Rach Gia,29.72,29.72,29.72,75.0,35.54,10000.0,0.0,96.0,6.2,7.07,246.0,1005.0,1,804,Clouds,overcast clouds,04d
2025-08-02 17:03:12,Kien Giang-Rach Gia,Rach Gia,29.77,29.77,29.77,75.0,35.68,10000.0,0.0,96.0,6.2,7.07,246.0,1005.0,1,804,Clouds,overcast clouds,04d
2025-08-02 17:07:02,Kien Giang-Rach Gia,Rach Gia,29.77,29.77,29.77,75.0,35.68,10000.0,0.0,96.0,6.2,7.07,246.0,1005.0,1,804,Clouds,overcast clouds,04d
2025-08-02 17:10:54,Kien Giang-Rach Gia,Rach Gia,29.77,29.77,29.77,75.0,35.68,10000.0,0.0,96.0,6.2,7.07,246.0,1005.0,1,804,Clouds,overcast clouds,04d
2025-08-02 17:14:44,Kien Giang-Rach Gia,Rach Gia,29.77,29.77,29.77,75.0,35.68,10000.0,0.0,96.0,6.2,7.07,246.0,1005.0,1,804,Clouds,overcast clouds,04d
2025-08-02 17:18:35,Kien Giang-Rach Gia,Rach Gia,29.77,29.77,29.77,75.0,35.68,10000.0,0.0,96.0,6.2,7.07,246.0,1005.0,1,804,Clouds,overcast clouds,04d
2025-08-02 17:22:25,Kien Giang-Rach Gia,Rach Gia,29.77,29.77,29.77,75.0,35.68,10000.0,0.0,96.0,6.2,7.07,246.0,1005.0,1,804,Clouds,overcast clouds,04d
2025-08-02 17:26:15,Kien Giang-Rach Gia,Rach Gia,29.77,29.77,29.77,75.0,35.68,10000.0,0.0,96.0,6.2,7.07,246.0,1005.0,1,804,Clouds,overcast clouds,04d
2025-08-02 17:30:07,Kien Giang-Rach Gia,Rach Gia,29.77,29.77,29.77,75.0,35.68,10000.0,0.0,96.0,6.2,7.07,246.0,1005.0,1,804,Clouds,overcast clouds,04d
2025-08-02 17:33:58,Kien Giang-Rach Gia,Rach Gia,29.08,29.08,29.08,79.0,34.74,10000.0,0.0,97.0,5.48,7.24,239.0,1006.0,1,804,Clouds,overcast clouds,04d
2025-08-02 17:37:48,Kien Giang-Rach Gia,Rach Gia,29.08,29.08,29.08,79.0,34.74,10000.0,0.0,97.0,5.48,7.24,239.0,1006.0,1,804,Clouds,overcast clouds,04d
2025-08-02 17:41:38,Kien Giang-Rach Gia,Rach Gia,29.08,29.08,29.08,79.0,34.74,10000.0,0.0,97.0,5.48,7.24,239.0,1006.0,1,804,Clouds,overcast clouds,04d
2025-08-02 17:45:29,Kien Giang-Rach Gia,Rach Gia,29.08,29.08,29.08,79.0,34.74,10000.0,0.0,97.0,5.48,7.24,239.0,1006.0,1,804,Clouds,overcast clouds,04d
2025-08-02 17:49:20,Kien Giang-Rach Gia,Rach Gia,29.07,29.07,29.07,79.0,34.72,10000.0,0.0,97.0,5.48,7.24,239.0,1006.0,1,804,Clouds,overcast clouds,04d
2025-08-02 17:53:11,Kien Giang-Rach Gia,Rach Gia,29.07,29.07,29.07,79.0,34.72,10000.0,0.0,97.0,5.48,7.24,239.0,1006.0,1,804,Clouds,overcast clouds,04d
2025-08-02 17:57:04,Kien Giang-Rach Gia,Rach Gia,29.07,29.07,29.07,79.0,34.72,10000.0,0.0,97.0,5.48,7.24,239.0,1006.0,1,804,Clouds,overcast clouds,04d
2025-08-02 18:00:54,Kien Giang-Rach Gia,Rach Gia,29.07,29.07,29.07,79.0,34.72,10000.0,0.0,97.0,5.48,7.24,239.0,1006.0,1,804,Clouds,overcast clouds,04d
2025-08-02 18:04:44,Kien Giang-Rach Gia,Rach Gia,29.1,29.1,29.1,79.0,34.8,10000.0,0.0,97.0,5.48,7.24,239.0,1006.0,1,804,Clouds,overcast clouds,04d
2025-08-02 18:08:34,Kien Giang-Rach Gia,Rach Gia,29.07,29.07,29.07,79.0,34.72,10000.0,0.0,97.0,5.48,7.24,239.0,1006.0,1,804,Clouds,overcast clouds,04d
2025-08-02 18:12:25,Kien Giang-Rach Gia,Rach Gia,29.1,29.1,29.1,79.0,34.8,10000.0,0.0,97.0,5.48,7.24,239.0,1006.0,1,804,Clouds,overcast clouds,04d
2025-08-02 18:16:15,Kien Giang-Rach Gia,Rach Gia,29.1,29.1,29.1,79.0,34.8,10000.0,0.0,97.0,5.48,7.24,239.0,1006.0,1,804,Clouds,overcast clouds,04d
2025-08-02 18:20:06,Kien Giang-Rach Gia,Rach Gia,29.1,29.1,29.1,79.0,34.8,10000.0,0.0,97.0,5.48,7.24,239.0,1006.0,1,804,Clouds,overcast clouds,04d
2025-08-02 18:23:57,Kien Giang-Rach Gia,Rach Gia,29.1,29.1,29.1,79.0,34.8,10000.0,0.0,97.0,5.48,7.24,239.0,1006.0,0,804,Clouds,overcast clouds,04d
2025-08-02 18:27:47,Kien Giang-Rach Gia,Rach Gia,29.1,29.1,29.1,79.0,34.8,10000.0,0.0,97.0,5.48,7.24,239.0,1006.0,0,804,Clouds,overcast clouds,04n
2025-08-02 18:31:38,Kien Giang-Rach Gia,Rach Gia,28.61,28.61,28.61,81.0,33.87,10000.0,0.0,98.0,5.24,7.42,236.0,1006.0,0,804,Clouds,overcast clouds,04n
2025-08-02 18:35:28,Kien Giang-Rach Gia,Rach Gia,28.61,28.61,28.61,81.0,33.87,10000.0,0.0,98.0,5.24,7.42,236.0,1006.0,0,804,Clouds,overcast clouds,04n
2025-08-02 18:39:18,Kien Giang-Rach Gia,Rach Gia,28.61,28.61,28.61,81.0,33.87,10000.0,0.0,98.0,5.24,7.42,236.0,1006.0,0,804,Clouds,overcast clouds,04n
2025-08-02 18:43:10,Kien Giang-Rach Gia,Rach Gia,28.61,28.61,28.61,81.0,33.87,10000.0,0.0,64.0,5.19,7.44,237.0,1006.0,0,803,Clouds,broken clouds,04n
2025-08-02 18:47:00,Kien Giang-Rach Gia,Rach Gia,28.61,28.61,28.61,81.0,33.87,10000.0,0.0,64.0,5.19,7.44,237.0,1006.0,0,803,Clouds,broken clouds,04n
2025-08-02 18:50:51,Kien Giang-Rach Gia,Rach Gia,28.61,28.61,28.61,81.0,33.87,10000.0,0.0,64.0,5.19,7.44,237.0,1006.0,0,803,Clouds,broken clouds,04n
2025-08-02 18:54:41,Kien Giang-Rach Gia,Rach Gia,28.61,28.61,28.61,81.0,33.87,10000.0,0.0,64.0,5.19,7.44,237.0,1006.0,0,803,Clouds,broken clouds,04n
2025-08-02 18:58:33,Kien Giang-Rach Gia,Rach Gia,28.61,28.61,28.61,81.0,33.87,10000.0,0.0,64.0,5.19,7.44,237.0,1006.0,0,803,Clouds,broken clouds,04n
2025-08-02 19:02:23,Kien Giang-Rach Gia,Rach Gia,28.61,28.61,28.61,81.0,33.87,10000.0,0.0,64.0,5.19,7.44,237.0,1006.0,0,803,Clouds,broken clouds,04n
2025-08-02 19:06:14,Kien Giang-Rach Gia,Rach Gia,28.61,28.61,28.61,81.0,33.87,10000.0,0.0,64.0,5.19,7.44,237.0,1006.0,0,803,Clouds,broken clouds,04n
2025-08-02 19:10:06,Kien Giang-Rach Gia,Rach Gia,28.61,28.61,28.61,81.0,33.87,10000.0,0.0,64.0,5.19,7.44,237.0,1006.0,0,803,Clouds,broken clouds,04n
2025-08-02 19:13:57,Kien Giang-Rach Gia,Rach Gia,28.61,28.61,28.61,81.0,33.87,10000.0,0.0,64.0,5.19,7.44,237.0,1006.0,0,803,Clouds,broken clouds,04n
2025-08-02 19:17:48,Kien Giang-Rach Gia,Rach Gia,28.3,28.3,28.3,82.0,33.21,10000.0,0.0,64.0,5.19,7.44,237.0,1007.0,0,803,Clouds,broken clouds,04n
2025-08-02 19:21:35,Kien Giang-Rach Gia,Rach Gia,28.3,28.3,28.3,82.0,33.21,10000.0,0.0,64.0,5.19,7.44,237.0,1007.0,0,803,Clouds,broken clouds,04n
2025-08-02 19:25:21,Kien Giang-Rach Gia,Rach Gia,28.3,28.3,28.3,82.0,33.21,10000.0,0.0,64.0,5.19,7.44,237.0,1007.0,0,803,Clouds,broken clouds,04n
2025-08-02 19:29:06,Kien Giang-Rach Gia,Rach Gia,28.3,28.3,28.3,82.0,33.21,10000.0,0.0,64.0,5.19,7.44,237.0,1007.0,0,803,Clouds,broken clouds,04n
2025-08-02 19:32:52,Kien Giang-Rach Gia,Rach Gia,28.66,28.66,28.66,82.0,34.21,10000.0,0.0,100.0,5.08,7.33,228.0,1008.0,0,804,Clouds,overcast clouds,04n
2025-08-02 19:36:38,Kien Giang-Rach Gia,Rach Gia,28.66,28.66,28.66,82.0,34.21,10000.0,0.0,100.0,5.08,7.33,228.0,1008.0,0,804,Clouds,overcast clouds,04n
2025-08-02 19:40:24,Kien Giang-Rach Gia,Rach Gia,28.66,28.66,28.66,82.0,34.21,10000.0,0.0,100.0,5.08,7.33,228.0,1008.0,0,804,Clouds,overcast clouds,04n
2025-08-02 19:44:10,Kien Giang-Rach Gia,Rach Gia,28.66,28.66,28.66,82.0,34.21,10000.0,0.0,100.0,5.08,7.33,228.0,1008.0,0,804,Clouds,overcast clouds,04n
2025-08-02 19:47:55,Kien Giang-Rach Gia,Rach Gia,28.66,28.66,28.66,82.0,34.21,10000.0,0.0,100.0,5.08,7.33,228.0,1008.0,0,804,Clouds,overcast clouds,04n
2025-08-02 19:51:41,Kien Giang-Rach Gia,Rach Gia,28.66,28.66,28.66,82.0,34.21,10000.0,0.0,100.0,5.08,7.33,228.0,1008.0,0,804,Clouds,overcast clouds,04n
2025-08-02 19:55:28,Kien Giang-Rach Gia,Rach Gia,28.66,28.66,28.66,82.0,34.21,10000.0,0.0,100.0,5.08,7.33,228.0,1008.0,0,804,Clouds,overcast clouds,04n
2025-08-02 19:59:14,Kien Giang-Rach Gia,Rach Gia,28.66,28.66,28.66,82.0,34.21,10000.0,0.0,100.0,5.08,7.33,228.0,1008.0,0,804,Clouds,overcast clouds,04n
2025-08-02 20:03:01,Kien Giang-Rach Gia,Rach Gia,28.67,28.67,28.67,82.0,34.24,10000.0,0.0,100.0,5.08,7.33,228.0,1008.0,0,804,Clouds,overcast clouds,04n
2025-08-02 20:06:47,Kien Giang-Rach Gia,Rach Gia,28.67,28.67,28.67,82.0,34.24,10000.0,0.0,100.0,5.08,7.33,228.0,1008.0,0,804,Clouds,overcast clouds,04n
2025-08-02 20:10:33,Kien Giang-Rach Gia,Rach Gia,28.67,28.67,28.67,82.0,34.24,10000.0,0.0,100.0,5.08,7.33,228.0,1008.0,0,804,Clouds,overcast clouds,04n
2025-08-02 20:14:19,Kien Giang-Rach Gia,Rach Gia,28.67,28.67,28.67,82.0,34.24,10000.0,0.0,100.0,5.08,7.33,228.0,1008.0,0,804,Clouds,overcast clouds,04n
2025-08-02 20:18:06,Kien Giang-Rach Gia,Rach Gia,28.67,28.67,28.67,82.0,34.24,10000.0,0.0,100.0,5.08,7.33,228.0,1008.0,0,804,Clouds,overcast clouds,04n
2025-08-02 20:21:52,Kien Giang-Rach Gia,Rach Gia,28.67,28.67,28.67,82.0,34.24,10000.0,0.0,100.0,5.08,7.33,228.0,1008.0,0,804,Clouds,overcast clouds,04n
2025-08-02 20:25:38,Kien Giang-Rach Gia,Rach Gia,28.67,28.67,28.67,82.0,34.24,10000.0,0.0,100.0,5.08,7.33,228.0,1008.0,0,804,Clouds,overcast clouds,04n
2025-08-02 20:29:25,Kien Giang-Rach Gia,Rach Gia,28.67,28.67,28.67,82.0,34.24,10000.0,0.0,100.0,5.08,7.33,228.0,1008.0,0,804,Clouds,overcast clouds,04n
2025-08-02 20:33:13,Kien Giang-Rach Gia,Rach Gia,28.46,28.46,28.46,83.0,33.84,10000.0,0.0,100.0,4.5,6.7,216.0,1009.0,0,804,Clouds,overcast clouds,04n
2025-08-02 20:37:00,Kien Giang-Rach Gia,Rach Gia,28.46,28.46,28.46,83.0,33.84,10000.0,0.0,100.0,4.5,6.7,216.0,1009.0,0,804,Clouds,overcast clouds,04n
2025-08-02 20:40:46,Kien Giang-Rach Gia,Rach Gia,28.46,28.46,28.46,83.0,33.84,10000.0,0.0,100.0,4.5,6.7,216.0,1009.0,0,804,Clouds,overcast clouds,04n
2025-08-02 20:44:31,Kien Giang-Rach Gia,Rach Gia,28.46,28.46,28.46,83.0,33.84,10000.0,0.0,100.0,4.5,6.7,216.0,1009.0,0,804,Clouds,overcast clouds,04n
2025-08-02 20:48:17,Kien Giang-Rach Gia,Rach Gia,28.46,28.46,28.46,83.0,33.84,10000.0,0.0,100.0,4.5,6.7,216.0,1009.0,0,804,Clouds,overcast clouds,04n
2025-08-02 20:52:03,Kien Giang-Rach Gia,Rach Gia,28.46,28.46,28.46,83.0,33.84,10000.0,0.0,100.0,4.5,6.7,216.0,1009.0,0,804,Clouds,overcast clouds,04n
2025-08-02 20:55:49,Kien Giang-Rach Gia,Rach Gia,28.46,28.46,28.46,83.0,33.84,10000.0,0.0,100.0,4.5,6.7,216.0,1009.0,0,804,Clouds,overcast clouds,04n
2025-08-02 20:59:35,Kien Giang-Rach Gia,Rach Gia,28.46,28.46,28.46,83.0,33.84,10000.0,0.0,100.0,4.5,6.7,216.0,1009.0,0,804,Clouds,overcast clouds,04n
2025-08-02 21:03:21,Kien Giang-Rach Gia,Rach Gia,28.47,28.47,28.47,83.0,33.87,10000.0,0.0,100.0,4.5,6.7,216.0,1009.0,0,804,Clouds,overcast clouds,04n
2025-08-02 21:07:08,Kien Giang-Rach Gia,Rach Gia,28.47,28.47,28.47,83.0,33.87,10000.0,0.0,100.0,4.5,6.7,216.0,1009.0,0,804,Clouds,overcast clouds,04n
2025-08-02 21:10:53,Kien Giang-Rach Gia,Rach Gia,28.47,28.47,28.47,83.0,33.87,10000.0,0.0,100.0,4.5,6.7,216.0,1009.0,0,804,Clouds,overcast clouds,04n
2025-08-02 21:14:39,Kien Giang-Rach Gia,Rach Gia,28.47,28.47,28.47,83.0,33.87,10000.0,0.0,100.0,4.5,6.7,216.0,1009.0,0,804,Clouds,overcast clouds,04n
2025-08-02 21:18:25,Kien Giang-Rach Gia,Rach Gia,28.47,28.47,28.47,83.0,33.87,10000.0,0.0,100.0,4.5,6.7,216.0,1009.0,0,804,Clouds,overcast clouds,04n
2025-08-02 21:22:11,Kien Giang-Rach Gia,Rach Gia,28.47,28.47,28.47,83.0,33.87,10000.0,0.0,100.0,4.5,6.7,216.0,1009.0,0,804,Clouds,overcast clouds,04n
2025-08-02 21:25:57,Kien Giang-Rach Gia,Rach Gia,28.47,28.47,28.47,83.0,33.87,10000.0,0.0,100.0,4.5,6.7,216.0,1009.0,0,804,Clouds,overcast clouds,04n
2025-08-02 21:29:43,Kien Giang-Rach Gia,Rach Gia,28.47,28.47,28.47,83.0,33.87,10000.0,0.0,100.0,4.5,6.7,216.0,1009.0,0,804,Clouds,overcast clouds,04n
2025-08-02 21:33:28,Kien Giang-Rach Gia,Rach Gia,28.47,28.47,28.47,83.0,33.87,10000.0,0.0,100.0,4.5,6.7,216.0,1009.0,0,804,Clouds,overcast clouds,04n
2025-08-02 21:37:14,Kien Giang-Rach Gia,Rach Gia,28.4,28.4,28.4,84.0,33.86,10000.0,0.0,100.0,4.13,6.34,208.0,1009.0,0,804,Clouds,overcast clouds,04n
2025-08-02 21:41:01,Kien Giang-Rach Gia,Rach Gia,28.4,28.4,28.4,84.0,33.86,10000.0,0.0,100.0,4.13,6.34,208.0,1009.0,0,804,Clouds,overcast clouds,04n
2025-08-02 21:44:48,Kien Giang-Rach Gia,Rach Gia,28.4,28.4,28.4,84.0,33.86,10000.0,0.0,100.0,4.13,6.34,208.0,1009.0,0,804,Clouds,overcast clouds,04n
2025-08-02 21:48:33,Kien Giang-Rach Gia,Rach Gia,28.4,28.4,28.4,84.0,33.86,10000.0,0.0,100.0,4.13,6.34,208.0,1009.0,0,804,Clouds,overcast clouds,04n
2025-08-02 21:52:19,Kien Giang-Rach Gia,Rach Gia,28.4,28.4,28.4,84.0,33.86,10000.0,0.0,100.0,4.13,6.34,208.0,1009.0,0,804,Clouds,overcast clouds,04n
2025-08-02 21:56:05,Kien Giang-Rach Gia,Rach Gia,28.4,28.4,28.4,84.0,33.86,10000.0,0.0,100.0,4.13,6.34,208.0,1009.0,0,804,Clouds,overcast clouds,04n
2025-08-02 21:59:51,Kien Giang-Rach Gia,Rach Gia,28.4,28.4,28.4,84.0,33.86,10000.0,0.0,100.0,4.13,6.34,208.0,1009.0,0,804,Clouds,overcast clouds,04n
2025-08-02 22:03:36,Kien Giang-Rach Gia,Rach Gia,28.4,28.4,28.4,84.0,33.86,10000.0,0.0,100.0,4.13,6.34,208.0,1009.0,0,804,Clouds,overcast clouds,04n
2025-08-02 22:07:22,Kien Giang-Rach Gia,Rach Gia,28.4,28.4,28.4,84.0,33.86,10000.0,0.0,100.0,4.13,6.34,208.0,1009.0,0,804,Clouds,overcast clouds,04n
2025-08-02 22:11:08,Kien Giang-Rach Gia,Rach Gia,28.4,28.4,28.4,84.0,33.86,10000.0,0.0,100.0,4.13,6.34,208.0,1009.0,0,804,Clouds,overcast clouds,04n
2025-08-02 22:14:53,Kien Giang-Rach Gia,Rach Gia,28.4,28.4,28.4,84.0,33.86,10000.0,0.0,100.0,4.13,6.34,208.0,1009.0,0,804,Clouds,overcast clouds,04n
2025-08-02 22:18:39,Kien Giang-Rach Gia,Rach Gia,28.4,28.4,28.4,84.0,33.86,10000.0,0.0,100.0,4.13,6.34,208.0,1009.0,0,804,Clouds,overcast clouds,04n
2025-08-02 22:22:25,Kien Giang-Rach Gia,Rach Gia,28.4,28.4,28.4,84.0,33.86,10000.0,0.0,100.0,4.13,6.34,208.0,1009.0,0,804,Clouds,overcast clouds,04n
2025-08-02 22:26:11,Kien Giang-Rach Gia,Rach Gia,28.4,28.4,28.4,84.0,33.86,10000.0,0.0,100.0,4.13,6.34,208.0,1009.0,0,804,Clouds,overcast clouds,04n
2025-08-02 22:29:57,Kien Giang-Rach Gia,Rach Gia,28.4,28.4,28.4,84.0,33.86,10000.0,0.0,100.0,4.13,6.34,208.0,1009.0,0,804,Clouds,overcast clouds,04n
2025-08-02 22:33:42,Kien Giang-Rach Gia,Rach Gia,28.4,28.4,28.4,84.0,33.86,10000.0,0.0,100.0,4.13,6.34,208.0,1009.0,0,804,Clouds,overcast clouds,04n
2025-08-02 22:37:28,Kien Giang-Rach Gia,Rach Gia,28.1,28.1,28.1,84.0,33.01,10000.0,0.0,100.0,4.12,6.19,201.0,1009.0,0,804,Clouds,overcast clouds,04n
2025-08-02 22:41:15,Kien Giang-Rach Gia,Rach Gia,28.1,28.1,28.1,84.0,33.01,10000.0,0.0,100.0,4.12,6.19,201.0,1009.0,0,804,Clouds,overcast clouds,04n
2025-08-02 22:45:00,Kien Giang-Rach Gia,Rach Gia,28.1,28.1,28.1,84.0,33.01,10000.0,0.0,100.0,4.12,6.19,201.0,1009.0,0,804,Clouds,overcast clouds,04n
2025-08-02 22:48:46,Kien Giang-Rach Gia,Rach Gia,28.1,28.1,28.1,84.0,33.01,10000.0,0.0,100.0,4.12,6.19,201.0,1009.0,0,804,Clouds,overcast clouds,04n
2025-08-02 22:52:32,Kien Giang-Rach Gia,Rach Gia,28.1,28.1,28.1,84.0,33.01,10000.0,0.0,100.0,4.12,6.19,201.0,1009.0,0,804,Clouds,overcast clouds,04n
2025-08-02 22:56:18,Kien Giang-Rach Gia,Rach Gia,28.1,28.1,28.1,84.0,33.01,10000.0,0.0,100.0,4.12,6.19,201.0,1009.0,0,804,Clouds,overcast clouds,04n
2025-08-02 23:00:04,Kien Giang-Rach Gia,Rach Gia,28.1,28.1,28.1,84.0,33.01,10000.0,0.0,100.0,4.12,6.19,201.0,1009.0,0,804,Clouds,overcast clouds,04n
2025-08-02 23:03:50,Kien Giang-Rach Gia,Rach Gia,28.1,28.1,28.1,84.0,33.01,10000.0,0.0,100.0,4.12,6.19,201.0,1009.0,0,804,Clouds,overcast clouds,04n
2025-08-02 23:07:36,Kien Giang-Rach Gia,Rach Gia,28.09,28.09,28.09,84.0,32.98,10000.0,0.0,100.0,4.12,6.19,201.0,1009.0,0,804,Clouds,overcast clouds,04n
2025-08-02 23:11:25,Kien Giang-Rach Gia,Rach Gia,28.09,28.09,28.09,84.0,32.98,10000.0,0.0,100.0,4.12,6.19,201.0,1009.0,0,804,Clouds,overcast clouds,04n
2025-08-02 23:15:11,Kien Giang-Rach Gia,Rach Gia,28.09,28.09,28.09,84.0,32.98,10000.0,0.0,100.0,4.12,6.19,201.0,1009.0,0,804,Clouds,overcast clouds,04n
2025-08-02 23:18:57,Kien Giang-Rach Gia,Rach Gia,28.09,28.09,28.09,84.0,32.98,10000.0,0.0,100.0,4.12,6.19,201.0,1009.0,0,804,Clouds,overcast clouds,04n
2025-08-02 23:22:43,Kien Giang-Rach Gia,Rach Gia,28.09,28.09,28.09,84.0,32.98,10000.0,0.0,100.0,4.12,6.19,201.0,1009.0,0,804,Clouds,overcast clouds,04n
2025-08-02 23:26:29,Kien Giang-Rach Gia,Rach Gia,28.09,28.09,28.09,84.0,32.98,10000.0,0.0,100.0,4.12,6.19,201.0,1009.0,0,804,Clouds,overcast clouds,04n
2025-08-02 23:30:15,Kien Giang-Rach Gia,Rach Gia,28.09,28.09,28.09,84.0,32.98,10000.0,0.0,100.0,4.12,6.19,201.0,1009.0,0,804,Clouds,overcast clouds,04n
2025-08-02 23:34:01,Kien Giang-Rach Gia,Rach Gia,27.9,27.9,27.9,83.0,32.3,10000.0,0.0,100.0,4.62,6.9,201.0,1008.0,0,804,Clouds,overcast clouds,04n
2025-08-02 23:37:47,Kien Giang-Rach Gia,Rach Gia,27.9,27.9,27.9,83.0,32.3,10000.0,0.0,100.0,4.62,6.9,201.0,1008.0,0,804,Clouds,overcast clouds,04n
2025-08-02 23:41:33,Kien Giang-Rach Gia,Rach Gia,27.9,27.9,27.9,83.0,32.3,10000.0,0.0,100.0,4.62,6.9,201.0,1008.0,0,804,Clouds,overcast clouds,04n
2025-08-02 23:45:18,Kien Giang-Rach Gia,Rach Gia,27.9,27.9,27.9,83.0,32.3,10000.0,0.0,100.0,4.62,6.9,201.0,1008.0,0,804,Clouds,overcast clouds,04n
2025-08-02 23:49:05,Kien Giang-Rach Gia,Rach Gia,27.9,27.9,27.9,83.0,32.3,10000.0,0.0,100.0,4.62,6.9,201.0,1008.0,0,804,Clouds,overcast clouds,04n
2025-08-02 23:52:51,Kien Giang-Rach Gia,Rach Gia,27.9,27.9,27.9,83.0,32.3,10000.0,0.0,100.0,4.62,6.9,201.0,1008.0,0,804,Clouds,overcast clouds,04n
2025-08-02 23:56:37,Kien Giang-Rach Gia,Rach Gia,27.9,27.9,27.9,83.0,32.3,10000.0,0.0,100.0,4.62,6.9,201.0,1008.0,0,804,Clouds,overcast clouds,04n
2025-08-03 00:00:23,Kien Giang-Rach Gia,Rach Gia,27.9,27.9,27.9,83.0,32.3,10000.0,0.0,100.0,4.62,6.9,201.0,1008.0,0,804,Clouds,overcast clouds,04n
2025-08-03 00:04:08,Kien Giang-Rach Gia,Rach Gia,27.9,27.9,27.9,83.0,32.3,10000.0,0.0,100.0,4.62,6.9,201.0,1008.0,0,804,Clouds,overcast clouds,04n
2025-08-03 00:07:54,Kien Giang-Rach Gia,Rach Gia,27.9,27.9,27.9,83.0,32.3,10000.0,0.0,100.0,4.62,6.9,201.0,1008.0,0,804,Clouds,overcast clouds,04n
2025-08-03 00:11:40,Kien Giang-Rach Gia,Rach Gia,27.9,27.9,27.9,83.0,32.3,10000.0,0.0,100.0,4.62,6.9,201.0,1008.0,0,804,Clouds,overcast clouds,04n
2025-08-03 00:15:26,Kien Giang-Rach Gia,Rach Gia,27.9,27.9,27.9,83.0,32.3,10000.0,0.0,100.0,4.62,6.9,201.0,1008.0,0,804,Clouds,overcast clouds,04n
2025-08-03 00:19:12,Kien Giang-Rach Gia,Rach Gia,27.9,27.9,27.9,83.0,32.3,10000.0,0.0,100.0,4.62,6.9,201.0,1008.0,0,804,Clouds,overcast clouds,04n
2025-08-03 00:22:57,Kien Giang-Rach Gia,Rach Gia,27.9,27.9,27.9,83.0,32.3,10000.0,0.0,100.0,4.62,6.9,201.0,1008.0,0,804,Clouds,overcast clouds,04n
2025-08-03 00:26:43,Kien Giang-Rach Gia,Rach Gia,27.9,27.9,27.9,83.0,32.3,10000.0,0.0,100.0,4.62,6.9,201.0,1008.0,0,804,Clouds,overcast clouds,04n
2025-08-03 00:30:29,Kien Giang-Rach Gia,Rach Gia,27.8,27.8,27.8,83.0,32.04,10000.0,0.0,100.0,4.63,6.77,204.0,1008.0,0,804,Clouds,overcast clouds,04n
2025-08-03 00:34:15,Kien Giang-Rach Gia,Rach Gia,27.8,27.8,27.8,83.0,32.04,10000.0,0.0,100.0,4.63,6.77,204.0,1008.0,0,804,Clouds,overcast clouds,04n
2025-08-03 00:38:01,Kien Giang-Rach Gia,Rach Gia,27.8,27.8,27.8,83.0,32.04,10000.0,0.0,100.0,4.63,6.77,204.0,1008.0,0,804,Clouds,overcast clouds,04n
2025-08-03 00:41:46,Kien Giang-Rach Gia,Rach Gia,27.8,27.8,27.8,83.0,32.04,10000.0,0.0,100.0,4.63,6.77,204.0,1008.0,0,804,Clouds,overcast clouds,04n
2025-08-03 00:45:32,Kien Giang-Rach Gia,Rach Gia,27.8,27.8,27.8,83.0,32.04,10000.0,0.0,100.0,4.63,6.77,204.0,1008.0,0,804,Clouds,overcast clouds,04n
2025-08-03 00:49:18,Kien Giang-Rach Gia,Rach Gia,27.76,27.76,27.76,83.0,31.93,10000.0,0.0,100.0,4.63,6.77,204.0,1008.0,0,804,Clouds,overcast clouds,04n
2025-08-03 00:53:05,Kien Giang-Rach Gia,Rach Gia,27.76,27.76,27.76,83.0,31.93,10000.0,0.0,100.0,4.63,6.77,204.0,1008.0,0,804,Clouds,overcast clouds,04n
2025-08-03 00:56:51,Kien Giang-Rach Gia,Rach Gia,27.76,27.76,27.76,83.0,31.93,10000.0,0.0,100.0,4.24,5.99,202.0,1008.0,0,804,Clouds,overcast clouds,04n
2025-08-03 01:00:36,Kien Giang-Rach Gia,Rach Gia,27.76,27.76,27.76,83.0,31.93,10000.0,0.0,100.0,4.24,5.99,202.0,1008.0,0,804,Clouds,overcast clouds,04n
2025-08-03 01:04:22,Kien Giang-Rach Gia,Rach Gia,27.76,27.76,27.76,83.0,31.93,10000.0,0.0,100.0,4.24,5.99,202.0,1008.0,0,804,Clouds,overcast clouds,04n
2025-08-03 01:08:08,Kien Giang-Rach Gia,Rach Gia,27.76,27.76,27.76,83.0,31.93,10000.0,0.0,100.0,4.24,5.99,202.0,1008.0,0,804,Clouds,overcast clouds,04n
2025-08-03 01:11:54,Kien Giang-Rach Gia,Rach Gia,27.76,27.76,27.76,83.0,31.93,10000.0,0.0,100.0,4.24,5.99,202.0,1008.0,0,804,Clouds,overcast clouds,04n
2025-08-03 01:15:40,Kien Giang-Rach Gia,Rach Gia,27.76,27.76,27.76,83.0,31.93,10000.0,0.0,100.0,4.24,5.99,202.0,1008.0,0,804,Clouds,overcast clouds,04n
2025-08-03 01:19:27,Kien Giang-Rach Gia,Rach Gia,27.76,27.76,27.76,83.0,31.93,10000.0,0.0,100.0,4.24,5.99,202.0,1008.0,0,804,Clouds,overcast clouds,04n
2025-08-03 01:23:12,Kien Giang-Rach Gia,Rach Gia,27.76,27.76,27.76,83.0,31.93,10000.0,0.0,100.0,4.24,5.99,202.0,1008.0,0,804,Clouds,overcast clouds,04n
2025-08-03 01:26:58,Kien Giang-Rach Gia,Rach Gia,27.73,27.73,27.73,84.0,32.0,10000.0,0.0,100.0,4.24,5.99,202.0,1008.0,0,804,Clouds,overcast clouds,04n
2025-08-03 01:30:44,Kien Giang-Rach Gia,Rach Gia,27.73,27.73,27.73,84.0,32.0,10000.0,0.0,100.0,4.24,5.99,202.0,1008.0,0,804,Clouds,overcast clouds,04n
2025-08-03 01:34:29,Kien Giang-Rach Gia,Rach Gia,27.73,27.73,27.73,84.0,32.0,10000.0,0.0,100.0,4.24,5.99,202.0,1008.0,0,804,Clouds,overcast clouds,04n
2025-08-03 01:38:15,Kien Giang-Rach Gia,Rach Gia,27.57,27.57,27.57,85.0,31.71,10000.0,0.0,100.0,4.17,5.97,191.0,1008.0,0,804,Clouds,overcast clouds,04n
2025-08-03 01:42:01,Kien Giang-Rach Gia,Rach Gia,27.57,27.57,27.57,85.0,31.71,10000.0,0.0,100.0,4.17,5.97,191.0,1008.0,0,804,Clouds,overcast clouds,04n
2025-08-03 01:45:46,Kien Giang-Rach Gia,Rach Gia,27.57,27.57,27.57,85.0,31.71,10000.0,0.0,100.0,4.17,5.97,191.0,1008.0,0,804,Clouds,overcast clouds,04n
2025-08-03 01:49:32,Kien Giang-Rach Gia,Rach Gia,27.57,27.57,27.57,85.0,31.71,10000.0,0.0,100.0,4.17,5.97,191.0,1008.0,0,804,Clouds,overcast clouds,04n
2025-08-03 01:53:18,Kien Giang-Rach Gia,Rach Gia,27.57,27.57,27.57,85.0,31.71,10000.0,0.0,100.0,4.17,5.97,191.0,1008.0,0,804,Clouds,overcast clouds,04n
2025-08-03 01:57:04,Kien Giang-Rach Gia,Rach Gia,27.57,27.57,27.57,85.0,31.71,10000.0,0.0,100.0,4.17,5.97,191.0,1008.0,0,804,Clouds,overcast clouds,04n
2025-08-03 02:00:51,Kien Giang-Rach Gia,Rach Gia,27.57,27.57,27.57,85.0,31.71,10000.0,0.0,100.0,4.17,5.97,191.0,1008.0,0,804,Clouds,overcast clouds,04n
2025-08-03 02:04:36,Kien Giang-Rach Gia,Rach Gia,27.57,27.57,27.57,85.0,31.71,10000.0,0.0,100.0,4.17,5.97,191.0,1008.0,0,804,Clouds,overcast clouds,04n
2025-08-03 02:08:22,Kien Giang-Rach Gia,Rach Gia,27.56,27.56,27.56,85.0,31.68,10000.0,0.0,100.0,4.17,5.97,191.0,1008.0,0,804,Clouds,overcast clouds,04n
2025-08-03 02:12:08,Kien Giang-Rach Gia,Rach Gia,27.56,27.56,27.56,85.0,31.68,10000.0,0.0,100.0,4.17,5.97,191.0,1008.0,0,804,Clouds,overcast clouds,04n
2025-08-03 02:15:54,Kien Giang-Rach Gia,Rach Gia,27.56,27.56,27.56,85.0,31.68,10000.0,0.0,100.0,4.17,5.97,191.0,1008.0,0,804,Clouds,overcast clouds,04n
2025-08-03 02:19:40,Kien Giang-Rach Gia,Rach Gia,27.56,27.56,27.56,85.0,31.68,10000.0,0.0,100.0,4.17,5.97,191.0,1008.0,0,804,Clouds,overcast clouds,04n
2025-08-03 02:23:26,Kien Giang-Rach Gia,Rach Gia,27.56,27.56,27.56,85.0,31.68,10000.0,0.0,100.0,4.17,5.97,191.0,1008.0,0,804,Clouds,overcast clouds,04n
2025-08-03 02:27:12,Kien Giang-Rach Gia,Rach Gia,27.56,27.56,27.56,85.0,31.68,10000.0,0.0,100.0,4.17,5.97,191.0,1008.0,0,804,Clouds,overcast clouds,04n
2025-08-03 02:30:58,Kien Giang-Rach Gia,Rach Gia,27.52,27.52,27.52,85.0,31.58,10000.0,0.0,100.0,3.69,5.24,196.0,1007.0,0,804,Clouds,overcast clouds,04n
2025-08-03 02:34:43,Kien Giang-Rach Gia,Rach Gia,27.52,27.52,27.52,85.0,31.58,10000.0,0.0,100.0,3.69,5.24,196.0,1007.0,0,804,Clouds,overcast clouds,04n
2025-08-03 02:38:29,Kien Giang-Rach Gia,Rach Gia,27.52,27.52,27.52,85.0,31.58,10000.0,0.0,100.0,3.69,5.24,196.0,1007.0,0,804,Clouds,overcast clouds,04n
2025-08-03 02:42:15,Kien Giang-Rach Gia,Rach Gia,27.52,27.52,27.52,85.0,31.58,10000.0,0.0,100.0,3.69,5.24,196.0,1007.0,0,804,Clouds,overcast clouds,04n
2025-08-03 02:46:01,Kien Giang-Rach Gia,Rach Gia,27.52,27.52,27.52,85.0,31.58,10000.0,0.0,100.0,3.69,5.24,196.0,1007.0,0,804,Clouds,overcast clouds,04n
2025-08-03 02:49:47,Kien Giang-Rach Gia,Rach Gia,27.52,27.52,27.52,85.0,31.58,10000.0,0.0,100.0,3.69,5.24,196.0,1007.0,0,804,Clouds,overcast clouds,04n
2025-08-03 02:53:33,Kien Giang-Rach Gia,Rach Gia,27.52,27.52,27.52,85.0,31.58,10000.0,0.0,100.0,3.69,5.24,196.0,1007.0,0,804,Clouds,overcast clouds,04n
2025-08-03 02:57:19,Kien Giang-Rach Gia,Rach Gia,27.52,27.52,27.52,85.0,31.58,10000.0,0.0,100.0,3.69,5.24,196.0,1007.0,0,804,Clouds,overcast clouds,04n
2025-08-03 03:01:06,Kien Giang-Rach Gia,Rach Gia,27.52,27.52,27.52,85.0,31.58,10000.0,0.0,100.0,3.69,5.24,196.0,1007.0,0,804,Clouds,overcast clouds,04n
2025-08-03 03:04:52,Kien Giang-Rach Gia,Rach Gia,27.52,27.52,27.52,85.0,31.58,10000.0,0.0,100.0,3.69,5.24,196.0,1007.0,0,804,Clouds,overcast clouds,04n
2025-08-03 03:08:38,Kien Giang-Rach Gia,Rach Gia,27.51,27.51,27.51,85.0,31.55,10000.0,0.0,100.0,3.69,5.24,196.0,1007.0,0,804,Clouds,overcast clouds,04n
2025-08-03 03:12:23,Kien Giang-Rach Gia,Rach Gia,27.51,27.51,27.51,85.0,31.55,10000.0,0.0,100.0,3.69,5.24,196.0,1007.0,0,804,Clouds,overcast clouds,04n
2025-08-03 03:16:09,Kien Giang-Rach Gia,Rach Gia,27.51,27.51,27.51,85.0,31.55,10000.0,0.0,100.0,3.69,5.24,196.0,1007.0,0,804,Clouds,overcast clouds,04n
2025-08-03 03:19:55,Kien Giang-Rach Gia,Rach Gia,27.51,27.51,27.51,85.0,31.55,10000.0,0.0,100.0,3.69,5.24,196.0,1007.0,0,804,Clouds,overcast clouds,04n
2025-08-03 03:23:41,Kien Giang-Rach Gia,Rach Gia,27.51,27.51,27.51,85.0,31.55,10000.0,0.0,100.0,3.69,5.24,196.0,1007.0,0,804,Clouds,overcast clouds,04n
2025-08-03 03:27:27,Kien Giang-Rach Gia,Rach Gia,27.51,27.51,27.51,85.0,31.55,10000.0,0.0,100.0,3.69,5.24,196.0,1007.0,0,804,Clouds,overcast clouds,04n
2025-08-03 03:31:13,Kien Giang-Rach Gia,Rach Gia,27.51,27.51,27.51,85.0,31.55,10000.0,0.0,100.0,3.69,5.24,196.0,1007.0,0,804,Clouds,overcast clouds,04n
2025-08-03 03:34:59,Kien Giang-Rach Gia,Rach Gia,27.43,27.43,27.43,85.0,31.34,10000.0,0.0,99.0,3.55,4.9,196.0,1007.0,0,804,Clouds,overcast clouds,04n
2025-08-03 03:38:45,Kien Giang-Rach Gia,Rach Gia,27.43,27.43,27.43,85.0,31.34,10000.0,0.0,99.0,3.55,4.9,196.0,1007.0,0,804,Clouds,overcast clouds,04n
2025-08-03 03:42:30,Kien Giang-Rach Gia,Rach Gia,27.43,27.43,27.43,85.0,31.34,10000.0,0.0,99.0,3.55,4.9,196.0,1007.0,0,804,Clouds,overcast clouds,04n
2025-08-03 03:46:16,Kien Giang-Rach Gia,Rach Gia,27.43,27.43,27.43,85.0,31.34,10000.0,0.0,99.0,3.55,4.9,196.0,1007.0,0,804,Clouds,overcast clouds,04n
2025-08-03 03:50:02,Kien Giang-Rach Gia,Rach Gia,27.43,27.43,27.43,85.0,31.34,10000.0,0.0,99.0,3.55,4.9,196.0,1007.0,0,804,Clouds,overcast clouds,04n
2025-08-03 03:53:48,Kien Giang-Rach Gia,Rach Gia,27.43,27.43,27.43,85.0,31.34,10000.0,0.0,99.0,3.55,4.9,196.0,1007.0,0,804,Clouds,overcast clouds,04n
2025-08-03 03:57:34,Kien Giang-Rach Gia,Rach Gia,27.43,27.43,27.43,85.0,31.34,10000.0,0.0,99.0,3.55,4.9,196.0,1007.0,0,804,Clouds,overcast clouds,04n
2025-08-03 04:01:20,Kien Giang-Rach Gia,Rach Gia,27.42,27.42,27.42,85.0,31.31,10000.0,0.0,99.0,3.55,4.9,196.0,1007.0,0,804,Clouds,overcast clouds,04n
2025-08-03 04:05:07,Kien Giang-Rach Gia,Rach Gia,27.42,27.42,27.42,85.0,31.31,10000.0,0.0,99.0,3.55,4.9,196.0,1007.0,0,804,Clouds,overcast clouds,04n
2025-08-03 04:08:52,Kien Giang-Rach Gia,Rach Gia,27.42,27.42,27.42,85.0,31.31,10000.0,0.0,99.0,3.55,4.9,196.0,1007.0,0,804,Clouds,overcast clouds,04n
2025-08-03 04:12:38,Kien Giang-Rach Gia,Rach Gia,27.42,27.42,27.42,85.0,31.31,10000.0,0.0,99.0,3.55,4.9,196.0,1007.0,0,804,Clouds,overcast clouds,04n
2025-08-03 04:16:25,Kien Giang-Rach Gia,Rach Gia,27.42,27.42,27.42,85.0,31.31,10000.0,0.0,99.0,3.55,4.9,196.0,1007.0,0,804,Clouds,overcast clouds,04n
2025-08-03 04:20:11,Kien Giang-Rach Gia,Rach Gia,27.42,27.42,27.42,85.0,31.31,10000.0,0.0,99.0,3.55,4.9,196.0,1007.0,0,804,Clouds,overcast clouds,04n
2025-08-03 04:23:56,Kien Giang-Rach Gia,Rach Gia,27.42,27.42,27.42,85.0,31.31,10000.0,0.0,99.0,3.55,4.9,196.0,1007.0,0,804,Clouds,overcast clouds,04n
2025-08-03 04:27:42,Kien Giang-Rach Gia,Rach Gia,27.42,27.42,27.42,85.0,31.31,10000.0,0.0,99.0,3.55,4.9,196.0,1007.0,0,804,Clouds,overcast clouds,04n
2025-08-03 04:31:30,Kien Giang-Rach Gia,Rach Gia,27.34,27.34,27.34,85.0,31.1,10000.0,0.0,99.0,3.31,4.31,197.0,1007.0,0,804,Clouds,overcast clouds,04n
2025-08-03 04:35:16,Kien Giang-Rach Gia,Rach Gia,27.34,27.34,27.34,85.0,31.1,10000.0,0.0,99.0,3.31,4.31,197.0,1007.0,0,804,Clouds,overcast clouds,04n
2025-08-03 04:39:03,Kien Giang-Rach Gia,Rach Gia,27.34,27.34,27.34,85.0,31.1,10000.0,0.0,99.0,3.31,4.31,197.0,1007.0,0,804,Clouds,overcast clouds,04n
2025-08-03 04:42:49,Kien Giang-Rach Gia,Rach Gia,27.34,27.34,27.34,85.0,31.1,10000.0,0.0,99.0,3.31,4.31,197.0,1007.0,0,804,Clouds,overcast clouds,04n
2025-08-03 04:46:35,Kien Giang-Rach Gia,Rach Gia,27.34,27.34,27.34,85.0,31.1,10000.0,0.0,99.0,3.31,4.31,197.0,1007.0,0,804,Clouds,overcast clouds,04n
2025-08-03 04:50:21,Kien Giang-Rach Gia,Rach Gia,27.35,27.35,27.35,85.0,31.13,10000.0,0.0,99.0,3.31,4.31,197.0,1007.0,0,804,Clouds,overcast clouds,04n
2025-08-03 04:54:06,Kien Giang-Rach Gia,Rach Gia,27.35,27.35,27.35,85.0,31.13,10000.0,0.0,99.0,3.31,4.31,197.0,1007.0,0,804,Clouds,overcast clouds,04n
2025-08-03 04:57:52,Kien Giang-Rach Gia,Rach Gia,27.35,27.35,27.35,85.0,31.13,10000.0,0.0,99.0,3.31,4.31,197.0,1007.0,0,804,Clouds,overcast clouds,04n
2025-08-03 05:01:39,Kien Giang-Rach Gia,Rach Gia,27.34,27.34,27.34,85.0,31.1,10000.0,0.0,99.0,3.31,4.31,197.0,1007.0,0,804,Clouds,overcast clouds,04n
2025-08-03 05:05:27,Kien Giang-Rach Gia,Rach Gia,27.34,27.34,27.34,85.0,31.1,10000.0,0.0,99.0,3.31,4.31,197.0,1007.0,0,804,Clouds,overcast clouds,04n
2025-08-03 05:09:15,Kien Giang-Rach Gia,Rach Gia,27.34,27.34,27.34,85.0,31.1,10000.0,0.0,99.0,3.31,4.31,197.0,1007.0,0,804,Clouds,overcast clouds,04n
2025-08-03 05:13:01,Kien Giang-Rach Gia,Rach Gia,27.34,27.34,27.34,85.0,31.1,10000.0,0.0,99.0,3.31,4.31,197.0,1007.0,0,804,Clouds,overcast clouds,04n
2025-08-03 05:16:47,Kien Giang-Rach Gia,Rach Gia,27.34,27.34,27.34,85.0,31.1,10000.0,0.0,99.0,3.31,4.31,197.0,1007.0,0,804,Clouds,overcast clouds,04n
2025-08-03 05:20:33,Kien Giang-Rach Gia,Rach Gia,27.34,27.34,27.34,85.0,31.1,10000.0,0.0,99.0,3.31,4.31,197.0,1007.0,0,804,Clouds,overcast clouds,04n
2025-08-03 05:24:19,Kien Giang-Rach Gia,Rach Gia,27.34,27.34,27.34,85.0,31.1,10000.0,0.0,99.0,3.31,4.31,197.0,1007.0,0,804,Clouds,overcast clouds,04n
2025-08-03 05:28:05,Kien Giang-Rach Gia,Rach Gia,27.34,27.34,27.34,85.0,31.1,10000.0,0.0,99.0,3.31,4.31,197.0,1007.0,0,804,Clouds,overcast clouds,04n
2025-08-03 05:31:51,Kien Giang-Rach Gia,Rach Gia,27.34,27.34,27.34,85.0,31.1,10000.0,0.0,99.0,3.31,4.31,197.0,1007.0,0,804,Clouds,overcast clouds,04n
2025-08-03 05:35:37,Kien Giang-Rach Gia,Rach Gia,27.35,27.35,27.35,85.0,31.13,10000.0,0.0,99.0,3.36,4.4,196.0,1008.0,0,804,Clouds,overcast clouds,04n
2025-08-03 05:39:22,Kien Giang-Rach Gia,Rach Gia,27.35,27.35,27.35,85.0,31.13,10000.0,0.0,99.0,3.36,4.4,196.0,1008.0,0,804,Clouds,overcast clouds,04n
2025-08-03 05:43:08,Kien Giang-Rach Gia,Rach Gia,27.35,27.35,27.35,85.0,31.13,10000.0,0.0,99.0,3.36,4.4,196.0,1008.0,0,804,Clouds,overcast clouds,04n
2025-08-03 05:46:54,Kien Giang-Rach Gia,Rach Gia,27.35,27.35,27.35,85.0,31.13,10000.0,0.0,99.0,3.36,4.4,196.0,1008.0,0,804,Clouds,overcast clouds,04n
2025-08-03 05:50:40,Kien Giang-Rach Gia,Rach Gia,27.35,27.35,27.35,85.0,31.13,10000.0,0.0,99.0,3.36,4.4,196.0,1008.0,1,804,Clouds,overcast clouds,04d
2025-08-03 05:54:26,Kien Giang-Rach Gia,Rach Gia,27.35,27.35,27.35,85.0,31.13,10000.0,0.0,99.0,3.36,4.4,196.0,1008.0,1,804,Clouds,overcast clouds,04d
2025-08-03 05:58:13,Kien Giang-Rach Gia,Rach Gia,27.35,27.35,27.35,85.0,31.13,10000.0,0.0,99.0,3.36,4.4,196.0,1008.0,1,804,Clouds,overcast clouds,04d
2025-08-03 06:01:58,Kien Giang-Rach Gia,Rach Gia,27.35,27.35,27.35,85.0,31.13,10000.0,0.0,99.0,3.36,4.4,196.0,1008.0,1,804,Clouds,overcast clouds,04d
2025-08-03 06:05:44,Kien Giang-Rach Gia,Rach Gia,27.34,27.34,27.34,85.0,31.1,10000.0,0.0,99.0,3.36,4.4,196.0,1008.0,1,804,Clouds,overcast clouds,04d
2025-08-03 06:09:30,Kien Giang-Rach Gia,Rach Gia,27.34,27.34,27.34,85.0,31.1,10000.0,0.0,99.0,3.36,4.4,196.0,1008.0,1,804,Clouds,overcast clouds,04d
2025-08-03 06:13:16,Kien Giang-Rach Gia,Rach Gia,27.34,27.34,27.34,85.0,31.1,10000.0,0.0,99.0,3.36,4.4,196.0,1008.0,1,804,Clouds,overcast clouds,04d
2025-08-03 06:17:02,Kien Giang-Rach Gia,Rach Gia,27.34,27.34,27.34,85.0,31.1,10000.0,0.0,99.0,3.36,4.4,196.0,1008.0,1,804,Clouds,overcast clouds,04d
2025-08-03 06:20:48,Kien Giang-Rach Gia,Rach Gia,27.34,27.34,27.34,85.0,31.1,10000.0,0.0,99.0,3.36,4.4,196.0,1008.0,1,804,Clouds,overcast clouds,04d
2025-08-03 06:24:34,Kien Giang-Rach Gia,Rach Gia,27.34,27.34,27.34,85.0,31.1,10000.0,0.0,99.0,3.36,4.4,196.0,1008.0,1,804,Clouds,overcast clouds,04d
2025-08-03 06:28:20,Kien Giang-Rach Gia,Rach Gia,27.34,27.34,27.34,85.0,31.1,10000.0,0.0,99.0,3.36,4.4,196.0,1008.0,1,804,Clouds,overcast clouds,04d
2025-08-03 06:32:06,Kien Giang-Rach Gia,Rach Gia,27.97,27.97,27.97,82.0,32.33,10000.0,0.0,87.0,3.85,5.21,200.0,1009.0,1,804,Clouds,overcast clouds,04d
2025-08-03 06:35:51,Kien Giang-Rach Gia,Rach Gia,27.34,27.34,27.34,85.0,31.1,10000.0,0.0,99.0,3.36,4.4,196.0,1008.0,1,804,Clouds,overcast clouds,04d
2025-08-03 06:39:37,Kien Giang-Rach Gia,Rach Gia,27.97,27.97,27.97,82.0,32.33,10000.0,0.0,87.0,3.85,5.21,200.0,1009.0,1,804,Clouds,overcast clouds,04d
2025-08-03 06:43:23,Kien Giang-Rach Gia,Rach Gia,27.97,27.97,27.97,82.0,32.33,10000.0,0.0,87.0,3.85,5.21,200.0,1009.0,1,804,Clouds,overcast clouds,04d
2025-08-03 06:47:09,Kien Giang-Rach Gia,Rach Gia,27.97,27.97,27.97,82.0,32.33,10000.0,0.0,87.0,3.85,5.21,200.0,1009.0,1,804,Clouds,overcast clouds,04d
2025-08-03 06:50:55,Kien Giang-Rach Gia,Rach Gia,27.98,27.98,27.98,82.0,32.36,10000.0,0.0,87.0,3.85,5.21,200.0,1009.0,1,804,Clouds,overcast clouds,04d
2025-08-03 06:54:40,Kien Giang-Rach Gia,Rach Gia,27.98,27.98,27.98,82.0,32.36,10000.0,0.0,87.0,3.85,5.21,200.0,1009.0,1,804,Clouds,overcast clouds,04d
2025-08-03 06:58:26,Kien Giang-Rach Gia,Rach Gia,27.98,27.98,27.98,82.0,32.36,10000.0,0.0,86.0,4.02,5.44,204.0,1009.0,1,804,Clouds,overcast clouds,04d
2025-08-03 07:02:13,Kien Giang-Rach Gia,Rach Gia,27.98,27.98,27.98,82.0,32.36,10000.0,0.0,86.0,4.02,5.44,204.0,1009.0,1,804,Clouds,overcast clouds,04d
2025-08-03 07:05:58,Kien Giang-Rach Gia,Rach Gia,27.98,27.98,27.98,82.0,32.36,10000.0,0.0,86.0,4.02,5.44,204.0,1009.0,1,804,Clouds,overcast clouds,04d
2025-08-03 07:09:44,Kien Giang-Rach Gia,Rach Gia,27.98,27.98,27.98,82.0,32.36,10000.0,0.0,86.0,4.02,5.44,204.0,1009.0,1,804,Clouds,overcast clouds,04d
2025-08-03 07:13:30,Kien Giang-Rach Gia,Rach Gia,27.98,27.98,27.98,82.0,32.36,10000.0,0.0,86.0,4.02,5.44,204.0,1009.0,1,804,Clouds,overcast clouds,04d
2025-08-03 07:17:16,Kien Giang-Rach Gia,Rach Gia,27.98,27.98,27.98,82.0,32.36,10000.0,0.0,86.0,4.02,5.44,204.0,1009.0,1,804,Clouds,overcast clouds,04d
2025-08-03 07:21:02,Kien Giang-Rach Gia,Rach Gia,27.98,27.98,27.98,82.0,32.36,10000.0,0.0,86.0,4.02,5.44,204.0,1009.0,1,804,Clouds,overcast clouds,04d
2025-08-03 07:24:48,Kien Giang-Rach Gia,Rach Gia,27.98,27.98,27.98,82.0,32.36,10000.0,0.0,86.0,4.02,5.44,204.0,1009.0,1,804,Clouds,overcast clouds,04d
2025-08-03 07:28:34,Kien Giang-Rach Gia,Rach Gia,27.98,27.98,27.98,82.0,32.36,10000.0,0.0,86.0,4.02,5.44,204.0,1009.0,1,804,Clouds,overcast clouds,04d
2025-08-03 07:32:20,Kien Giang-Rach Gia,Rach Gia,28.89,28.89,28.89,79.0,34.23,10000.0,0.0,41.0,4.53,5.69,214.0,1010.0,1,802,Clouds,scattered clouds,03d
2025-08-03 07:36:06,Kien Giang-Rach Gia,Rach Gia,28.89,28.89,28.89,79.0,34.23,10000.0,0.0,41.0,4.53,5.69,214.0,1010.0,1,802,Clouds,scattered clouds,03d
2025-08-03 07:39:52,Kien Giang-Rach Gia,Rach Gia,28.89,28.89,28.89,79.0,34.23,10000.0,0.0,41.0,4.53,5.69,214.0,1010.0,1,802,Clouds,scattered clouds,03d
2025-08-03 07:43:38,Kien Giang-Rach Gia,Rach Gia,28.89,28.89,28.89,79.0,34.23,10000.0,0.0,41.0,4.53,5.69,214.0,1010.0,1,802,Clouds,scattered clouds,03d
2025-08-03 07:47:24,Kien Giang-Rach Gia,Rach Gia,28.95,28.95,28.95,79.0,34.39,10000.0,0.0,41.0,4.53,5.69,214.0,1010.0,1,802,Clouds,scattered clouds,03d
2025-08-03 07:51:10,Kien Giang-Rach Gia,Rach Gia,28.89,28.89,28.89,79.0,34.23,10000.0,0.0,41.0,4.53,5.69,214.0,1010.0,1,802,Clouds,scattered clouds,03d
2025-08-03 07:54:56,Kien Giang-Rach Gia,Rach Gia,28.95,28.95,28.95,79.0,34.39,10000.0,0.0,41.0,4.53,5.69,214.0,1010.0,1,802,Clouds,scattered clouds,03d
2025-08-03 07:58:42,Kien Giang-Rach Gia,Rach Gia,28.95,28.95,28.95,79.0,34.39,10000.0,0.0,41.0,4.53,5.69,214.0,1010.0,1,802,Clouds,scattered clouds,03d
2025-08-03 08:02:29,Kien Giang-Rach Gia,Rach Gia,28.95,28.95,28.95,79.0,34.39,10000.0,0.0,41.0,4.53,5.69,214.0,1010.0,1,802,Clouds,scattered clouds,03d
2025-08-03 08:06:15,Kien Giang-Rach Gia,Rach Gia,28.95,28.95,28.95,79.0,34.39,10000.0,0.0,41.0,4.53,5.69,214.0,1010.0,1,802,Clouds,scattered clouds,03d
2025-08-03 08:10:01,Kien Giang-Rach Gia,Rach Gia,28.95,28.95,28.95,79.0,34.39,10000.0,0.0,41.0,4.53,5.69,214.0,1010.0,1,802,Clouds,scattered clouds,03d
2025-08-03 08:13:47,Kien Giang-Rach Gia,Rach Gia,28.95,28.95,28.95,79.0,34.39,10000.0,0.0,41.0,4.53,5.69,214.0,1010.0,1,802,Clouds,scattered clouds,03d
2025-08-03 08:17:33,Kien Giang-Rach Gia,Rach Gia,28.95,28.95,28.95,79.0,34.39,10000.0,0.0,41.0,4.53,5.69,214.0,1010.0,1,802,Clouds,scattered clouds,03d
2025-08-03 08:21:18,Kien Giang-Rach Gia,Rach Gia,28.95,28.95,28.95,79.0,34.39,10000.0,0.0,41.0,4.53,5.69,214.0,1010.0,1,802,Clouds,scattered clouds,03d
2025-08-03 08:25:04,Kien Giang-Rach Gia,Rach Gia,28.95,28.95,28.95,79.0,34.39,10000.0,0.0,41.0,4.53,5.69,214.0,1010.0,1,802,Clouds,scattered clouds,03d
2025-08-03 08:28:50,Kien Giang-Rach Gia,Rach Gia,28.95,28.95,28.95,79.0,34.39,10000.0,0.0,41.0,4.53,5.69,214.0,1010.0,1,802,Clouds,scattered clouds,03d
2025-08-03 08:32:36,Kien Giang-Rach Gia,Rach Gia,29.51,29.51,29.51,76.0,35.22,10000.0,0.0,53.0,4.81,5.8,227.0,1010.0,1,803,Clouds,broken clouds,04d
2025-08-03 08:36:22,Kien Giang-Rach Gia,Rach Gia,28.95,28.95,28.95,79.0,34.39,10000.0,0.0,41.0,4.53,5.69,214.0,1010.0,1,802,Clouds,scattered clouds,03d
2025-08-03 08:40:11,Kien Giang-Rach Gia,Rach Gia,29.51,29.51,29.51,76.0,35.22,10000.0,0.0,53.0,4.81,5.8,227.0,1010.0,1,803,Clouds,broken clouds,04d
2025-08-03 08:43:58,Kien Giang-Rach Gia,Rach Gia,29.51,29.51,29.51,76.0,35.22,10000.0,0.0,53.0,4.81,5.8,227.0,1010.0,1,803,Clouds,broken clouds,04d
2025-08-03 08:47:44,Kien Giang-Rach Gia,Rach Gia,29.51,29.51,29.51,76.0,35.22,10000.0,0.0,53.0,4.81,5.8,227.0,1010.0,1,803,Clouds,broken clouds,04d
2025-08-03 08:51:30,Kien Giang-Rach Gia,Rach Gia,29.56,29.56,29.56,76.0,35.36,10000.0,0.0,53.0,4.81,5.8,227.0,1010.0,1,803,Clouds,broken clouds,04d
2025-08-03 08:55:16,Kien Giang-Rach Gia,Rach Gia,29.56,29.56,29.56,76.0,35.36,10000.0,0.0,53.0,4.81,5.8,227.0,1010.0,1,803,Clouds,broken clouds,04d
2025-08-03 08:59:02,Kien Giang-Rach Gia,Rach Gia,29.56,29.56,29.56,76.0,35.36,10000.0,0.0,53.0,4.81,5.8,227.0,1010.0,1,803,Clouds,broken clouds,04d
2025-08-03 09:02:48,Kien Giang-Rach Gia,Rach Gia,29.56,29.56,29.56,76.0,35.36,10000.0,0.0,53.0,4.81,5.8,227.0,1010.0,1,803,Clouds,broken clouds,04d
2025-08-03 09:06:34,Kien Giang-Rach Gia,Rach Gia,29.56,29.56,29.56,76.0,35.36,10000.0,0.0,53.0,4.81,5.8,227.0,1010.0,1,803,Clouds,broken clouds,04d
2025-08-03 09:10:19,Kien Giang-Rach Gia,Rach Gia,29.56,29.56,29.56,76.0,35.36,10000.0,0.0,53.0,4.81,5.8,227.0,1010.0,1,803,Clouds,broken clouds,04d
2025-08-03 09:14:06,Kien Giang-Rach Gia,Rach Gia,29.57,29.57,29.57,76.0,35.38,10000.0,0.0,53.0,4.81,5.8,227.0,1010.0,1,803,Clouds,broken clouds,04d
2025-08-03 09:17:52,Kien Giang-Rach Gia,Rach Gia,29.57,29.57,29.57,76.0,35.38,10000.0,0.0,53.0,4.81,5.8,227.0,1010.0,1,803,Clouds,broken clouds,04d
2025-08-03 09:21:38,Kien Giang-Rach Gia,Rach Gia,29.57,29.57,29.57,76.0,35.38,10000.0,0.0,53.0,4.81,5.8,227.0,1010.0,1,803,Clouds,broken clouds,04d
2025-08-03 09:25:24,Kien Giang-Rach Gia,Rach Gia,29.57,29.57,29.57,76.0,35.38,10000.0,0.0,53.0,4.81,5.8,227.0,1010.0,1,803,Clouds,broken clouds,04d
2025-08-03 09:29:10,Kien Giang-Rach Gia,Rach Gia,29.57,29.57,29.57,76.0,35.38,10000.0,0.0,53.0,4.81,5.8,227.0,1010.0,1,803,Clouds,broken clouds,04d
2025-08-03 09:32:56,Kien Giang-Rach Gia,Rach Gia,29.96,29.96,29.96,74.0,35.93,10000.0,0.0,69.0,5.28,6.06,237.0,1011.0,1,803,Clouds,broken clouds,04d
2025-08-03 09:36:41,Kien Giang-Rach Gia,Rach Gia,29.96,29.96,29.96,74.0,35.93,10000.0,0.0,69.0,5.28,6.06,237.0,1011.0,1,803,Clouds,broken clouds,04d
2025-08-03 09:40:27,Kien Giang-Rach Gia,Rach Gia,29.96,29.96,29.96,74.0,35.93,10000.0,0.0,69.0,5.28,6.06,237.0,1011.0,1,803,Clouds,broken clouds,04d
2025-08-03 09:44:13,Kien Giang-Rach Gia,Rach Gia,29.96,29.96,29.96,74.0,35.93,10000.0,0.0,69.0,5.28,6.06,237.0,1011.0,1,803,Clouds,broken clouds,04d
2025-08-03 09:47:59,Kien Giang-Rach Gia,Rach Gia,29.96,29.96,29.96,74.0,35.93,10000.0,0.0,69.0,5.28,6.06,237.0,1011.0,1,803,Clouds,broken clouds,04d
2025-08-03 09:51:44,Kien Giang-Rach Gia,Rach Gia,29.96,29.96,29.96,74.0,35.93,10000.0,0.0,69.0,5.28,6.06,237.0,1011.0,1,803,Clouds,broken clouds,04d
2025-08-03 09:55:30,Kien Giang-Rach Gia,Rach Gia,29.96,29.96,29.96,74.0,35.93,10000.0,0.0,69.0,5.28,6.06,237.0,1011.0,1,803,Clouds,broken clouds,04d
2025-08-03 09:59:16,Kien Giang-Rach Gia,Rach Gia,29.96,29.96,29.96,74.0,35.93,10000.0,0.0,69.0,5.28,6.06,237.0,1011.0,1,803,Clouds,broken clouds,04d
2025-08-03 10:03:06,Kien Giang-Rach Gia,Rach Gia,29.96,29.96,29.96,74.0,35.93,10000.0,0.0,69.0,5.28,6.06,237.0,1011.0,1,803,Clouds,broken clouds,04d
2025-08-03 10:06:56,Kien Giang-Rach Gia,Rach Gia,29.96,29.96,29.96,74.0,35.93,10000.0,0.0,69.0,5.28,6.06,237.0,1011.0,1,803,Clouds,broken clouds,04d
2025-08-03 10:10:47,Kien Giang-Rach Gia,Rach Gia,29.96,29.96,29.96,74.0,35.93,10000.0,0.0,69.0,5.28,6.06,237.0,1011.0,1,803,Clouds,broken clouds,04d
2025-08-03 10:14:37,Kien Giang-Rach Gia,Rach Gia,29.96,29.96,29.96,74.0,35.93,10000.0,0.0,69.0,5.28,6.06,237.0,1011.0,1,803,Clouds,broken clouds,04d
2025-08-03 10:18:28,Kien Giang-Rach Gia,Rach Gia,29.96,29.96,29.96,74.0,35.93,10000.0,0.0,69.0,5.28,6.06,237.0,1011.0,1,803,Clouds,broken clouds,04d
2025-08-03 10:22:19,Kien Giang-Rach Gia,Rach Gia,29.96,29.96,29.96,74.0,35.93,10000.0,0.0,69.0,5.28,6.06,237.0,1011.0,1,803,Clouds,broken clouds,04d
2025-08-03 10:26:10,Kien Giang-Rach Gia,Rach Gia,29.96,29.96,29.96,74.0,35.93,10000.0,0.0,69.0,5.28,6.06,237.0,1011.0,1,803,Clouds,broken clouds,04d
2025-08-03 10:30:01,Kien Giang-Rach Gia,Rach Gia,30.08,30.08,30.08,74.0,36.25,10000.0,0.0,77.0,6.03,6.33,247.0,1010.0,1,803,Clouds,broken clouds,04d
2025-08-03 10:33:52,Kien Giang-Rach Gia,Rach Gia,29.96,29.96,29.96,74.0,35.93,10000.0,0.0,69.0,5.28,6.06,237.0,1011.0,1,803,Clouds,broken clouds,04d
2025-08-03 10:37:43,Kien Giang-Rach Gia,Rach Gia,30.12,30.12,30.12,74.0,36.36,10000.0,0.0,77.0,6.03,6.33,247.0,1010.0,1,803,Clouds,broken clouds,04d
2025-08-03 10:41:33,Kien Giang-Rach Gia,Rach Gia,30.12,30.12,30.12,74.0,36.36,10000.0,0.0,77.0,6.03,6.33,247.0,1010.0,1,803,Clouds,broken clouds,04d
2025-08-03 10:45:24,Kien Giang-Rach Gia,Rach Gia,30.12,30.12,30.12,74.0,36.36,10000.0,0.0,77.0,6.03,6.33,247.0,1010.0,1,803,Clouds,broken clouds,04d
2025-08-03 10:49:14,Kien Giang-Rach Gia,Rach Gia,30.12,30.12,30.12,74.0,36.36,10000.0,0.0,77.0,6.03,6.33,247.0,1010.0,1,803,Clouds,broken clouds,04d
2025-08-03 10:53:06,Kien Giang-Rach Gia,Rach Gia,30.12,30.12,30.12,74.0,36.36,10000.0,0.0,77.0,6.03,6.33,247.0,1010.0,1,803,Clouds,broken clouds,04d
2025-08-03 10:56:56,Kien Giang-Rach Gia,Rach Gia,30.12,30.12,30.12,74.0,36.36,10000.0,0.0,77.0,6.03,6.33,247.0,1010.0,1,803,Clouds,broken clouds,04d
2025-08-03 11:00:48,Kien Giang-Rach Gia,Rach Gia,30.12,30.12,30.12,74.0,36.36,10000.0,0.0,77.0,6.03,6.33,247.0,1010.0,1,803,Clouds,broken clouds,04d
2025-08-03 11:04:39,Kien Giang-Rach Gia,Rach Gia,30.12,30.12,30.12,74.0,36.36,10000.0,0.0,77.0,6.03,6.33,247.0,1010.0,1,803,Clouds,broken clouds,04d
2025-08-03 11:08:29,Kien Giang-Rach Gia,Rach Gia,30.13,30.13,30.13,74.0,36.39,10000.0,0.0,77.0,6.03,6.33,247.0,1010.0,1,803,Clouds,broken clouds,04d
2025-08-03 11:12:20,Kien Giang-Rach Gia,Rach Gia,30.13,30.13,30.13,74.0,36.39,10000.0,0.0,77.0,6.03,6.33,247.0,1010.0,1,803,Clouds,broken clouds,04d
2025-08-03 11:16:11,Kien Giang-Rach Gia,Rach Gia,30.13,30.13,30.13,74.0,36.39,10000.0,0.0,77.0,6.03,6.33,247.0,1010.0,1,803,Clouds,broken clouds,04d
2025-08-03 11:20:03,Kien Giang-Rach Gia,Rach Gia,30.13,30.13,30.13,74.0,36.39,10000.0,0.0,77.0,6.03,6.33,247.0,1010.0,1,803,Clouds,broken clouds,04d
2025-08-03 11:23:55,Kien Giang-Rach Gia,Rach Gia,30.13,30.13,30.13,74.0,36.39,10000.0,0.0,77.0,6.03,6.33,247.0,1010.0,1,803,Clouds,broken clouds,04d
2025-08-03 11:27:45,Kien Giang-Rach Gia,Rach Gia,30.13,30.13,30.13,74.0,36.39,10000.0,0.0,77.0,6.03,6.33,247.0,1010.0,1,803,Clouds,broken clouds,04d
2025-08-03 11:31:36,Kien Giang-Rach Gia,Rach Gia,29.95,29.95,29.95,75.0,36.16,10000.0,0.0,81.0,6.5,6.74,253.0,1010.0,1,803,Clouds,broken clouds,04d
2025-08-03 11:35:28,Kien Giang-Rach Gia,Rach Gia,29.95,29.95,29.95,75.0,36.16,10000.0,0.0,81.0,6.5,6.74,253.0,1010.0,1,803,Clouds,broken clouds,04d
2025-08-03 11:39:19,Kien Giang-Rach Gia,Rach Gia,29.95,29.95,29.95,75.0,36.16,10000.0,0.0,81.0,6.5,6.74,253.0,1010.0,1,803,Clouds,broken clouds,04d
2025-08-03 11:43:10,Kien Giang-Rach Gia,Rach Gia,29.95,29.95,29.95,75.0,36.16,10000.0,0.0,81.0,6.5,6.74,253.0,1010.0,1,803,Clouds,broken clouds,04d
2025-08-03 11:47:01,Kien Giang-Rach Gia,Rach Gia,29.99,29.99,29.99,74.0,36.01,10000.0,0.0,81.0,6.5,6.74,253.0,1010.0,1,803,Clouds,broken clouds,04d
2025-08-03 11:50:53,Kien Giang-Rach Gia,Rach Gia,29.99,29.99,29.99,74.0,36.01,10000.0,0.0,81.0,6.5,6.74,253.0,1010.0,1,803,Clouds,broken clouds,04d
2025-08-03 11:54:44,Kien Giang-Rach Gia,Rach Gia,29.99,29.99,29.99,74.0,36.01,10000.0,0.0,81.0,6.5,6.74,253.0,1010.0,1,803,Clouds,broken clouds,04d
2025-08-03 11:58:36,Kien Giang-Rach Gia,Rach Gia,29.99,29.99,29.99,74.0,36.01,10000.0,0.0,81.0,6.5,6.74,253.0,1010.0,1,803,Clouds,broken clouds,04d
2025-08-03 12:02:28,Kien Giang-Rach Gia,Rach Gia,30.01,30.01,30.01,74.0,36.07,10000.0,0.0,81.0,6.5,6.74,253.0,1010.0,1,803,Clouds,broken clouds,04d
2025-08-03 12:06:21,Kien Giang-Rach Gia,Rach Gia,30.01,30.01,30.01,74.0,36.07,10000.0,0.0,81.0,6.5,6.74,253.0,1010.0,1,803,Clouds,broken clouds,04d
2025-08-03 12:10:15,Kien Giang-Rach Gia,Rach Gia,30.01,30.01,30.01,74.0,36.07,10000.0,0.0,81.0,6.5,6.74,253.0,1010.0,1,803,Clouds,broken clouds,04d
2025-08-03 12:14:06,Kien Giang-Rach Gia,Rach Gia,30.01,30.01,30.01,74.0,36.07,10000.0,0.0,81.0,6.5,6.74,253.0,1010.0,1,803,Clouds,broken clouds,04d
2025-08-03 12:17:57,Kien Giang-Rach Gia,Rach Gia,30.01,30.01,30.01,74.0,36.07,10000.0,0.0,81.0,6.5,6.74,253.0,1010.0,1,803,Clouds,broken clouds,04d
2025-08-03 12:21:48,Kien Giang-Rach Gia,Rach Gia,30.01,30.01,30.01,74.0,36.07,10000.0,0.0,81.0,6.5,6.74,253.0,1010.0,1,803,Clouds,broken clouds,04d
2025-08-03 12:25:39,Kien Giang-Rach Gia,Rach Gia,30.01,30.01,30.01,74.0,36.07,10000.0,0.0,81.0,6.5,6.74,253.0,1010.0,1,803,Clouds,broken clouds,04d
2025-08-03 12:29:31,Kien Giang-Rach Gia,Rach Gia,30.01,30.01,30.01,74.0,36.07,10000.0,0.0,81.0,6.5,6.74,253.0,1010.0,1,803,Clouds,broken clouds,04d
2025-08-03 12:33:22,Kien Giang-Rach Gia,Rach Gia,30.01,30.01,30.01,74.0,36.07,10000.0,0.0,81.0,6.5,6.74,253.0,1010.0,1,803,Clouds,broken clouds,04d
2025-08-03 12:37:14,Kien Giang-Rach Gia,Rach Gia,30.02,30.02,30.02,74.0,36.09,10000.0,0.0,81.0,7.04,7.72,251.0,1009.0,1,803,Clouds,broken clouds,04d
2025-08-03 12:41:06,Kien Giang-Rach Gia,Rach Gia,30.02,30.02,30.02,74.0,36.09,10000.0,0.0,81.0,7.04,7.72,251.0,1009.0,1,803,Clouds,broken clouds,04d
2025-08-03 12:44:57,Kien Giang-Rach Gia,Rach Gia,30.02,30.02,30.02,74.0,36.09,10000.0,0.0,91.0,7.24,7.77,249.0,1009.0,1,804,Clouds,overcast clouds,04d
2025-08-03 12:48:48,Kien Giang-Rach Gia,Rach Gia,30.02,30.02,30.02,74.0,36.09,10000.0,0.0,91.0,7.24,7.77,249.0,1009.0,1,804,Clouds,overcast clouds,04d
2025-08-03 12:52:39,Kien Giang-Rach Gia,Rach Gia,30.02,30.02,30.02,74.0,36.09,10000.0,0.0,91.0,7.24,7.77,249.0,1009.0,1,804,Clouds,overcast clouds,04d
2025-08-03 12:56:32,Kien Giang-Rach Gia,Rach Gia,30.02,30.02,30.02,74.0,36.09,10000.0,0.0,91.0,7.24,7.77,249.0,1009.0,1,804,Clouds,overcast clouds,04d
2025-08-03 13:00:23,Kien Giang-Rach Gia,Rach Gia,30.02,30.02,30.02,74.0,36.09,10000.0,0.0,91.0,7.24,7.77,249.0,1009.0,1,804,Clouds,overcast clouds,04d
2025-08-03 13:04:14,Kien Giang-Rach Gia,Rach Gia,30.02,30.02,30.02,74.0,36.09,10000.0,0.0,91.0,7.24,7.77,249.0,1009.0,1,804,Clouds,overcast clouds,04d
2025-08-03 13:08:05,Kien Giang-Rach Gia,Rach Gia,30.02,30.02,30.02,74.0,36.09,10000.0,0.0,91.0,7.24,7.77,249.0,1009.0,1,804,Clouds,overcast clouds,04d
2025-08-03 13:11:56,Kien Giang-Rach Gia,Rach Gia,29.97,29.97,29.97,75.0,36.22,10000.0,0.0,91.0,7.24,7.77,249.0,1009.0,1,804,Clouds,overcast clouds,04d
2025-08-03 13:15:47,Kien Giang-Rach Gia,Rach Gia,29.97,29.97,29.97,75.0,36.22,10000.0,0.0,91.0,7.24,7.77,249.0,1009.0,1,804,Clouds,overcast clouds,04d
2025-08-03 13:19:38,Kien Giang-Rach Gia,Rach Gia,29.97,29.97,29.97,75.0,36.22,10000.0,0.0,91.0,7.24,7.77,249.0,1009.0,1,804,Clouds,overcast clouds,04d
2025-08-03 13:23:29,Kien Giang-Rach Gia,Rach Gia,29.97,29.97,29.97,75.0,36.22,10000.0,0.0,91.0,7.24,7.77,249.0,1009.0,1,804,Clouds,overcast clouds,04d
2025-08-03 13:27:22,Kien Giang-Rach Gia,Rach Gia,29.97,29.97,29.97,75.0,36.22,10000.0,0.0,91.0,7.24,7.77,249.0,1009.0,1,804,Clouds,overcast clouds,04d
2025-08-03 13:31:15,Kien Giang-Rach Gia,Rach Gia,30.24,30.24,30.24,73.0,36.42,10000.0,0.0,6.0,7.37,8.24,251.0,1008.0,1,800,Clear,clear sky,01d
2025-08-03 13:35:07,Kien Giang-Rach Gia,Rach Gia,30.24,30.24,30.24,73.0,36.42,10000.0,0.0,6.0,7.37,8.24,251.0,1008.0,1,800,Clear,clear sky,01d
2025-08-03 13:38:58,Kien Giang-Rach Gia,Rach Gia,30.24,30.24,30.24,73.0,36.42,10000.0,0.0,6.0,7.37,8.24,251.0,1008.0,1,800,Clear,clear sky,01d
2025-08-03 13:42:48,Kien Giang-Rach Gia,Rach Gia,30.24,30.24,30.24,73.0,36.42,10000.0,0.0,6.0,7.37,8.24,251.0,1008.0,1,800,Clear,clear sky,01d
2025-08-03 13:46:39,Kien Giang-Rach Gia,Rach Gia,30.24,30.24,30.24,73.0,36.42,10000.0,0.0,6.0,7.37,8.24,251.0,1008.0,1,800,Clear,clear sky,01d
2025-08-03 13:50:31,Kien Giang-Rach Gia,Rach Gia,30.23,30.23,30.23,73.0,36.39,10000.0,0.0,6.0,7.37,8.24,251.0,1008.0,1,800,Clear,clear sky,01d
2025-08-03 13:54:24,Kien Giang-Rach Gia,Rach Gia,30.23,30.23,30.23,73.0,36.39,10000.0,0.0,6.0,7.37,8.24,251.0,1008.0,1,800,Clear,clear sky,01d
2025-08-03 13:58:17,Kien Giang-Rach Gia,Rach Gia,30.23,30.23,30.23,73.0,36.39,10000.0,0.0,6.0,7.37,8.24,251.0,1008.0,1,800,Clear,clear sky,01d
2025-08-03 14:02:08,Kien Giang-Rach Gia,Rach Gia,30.23,30.23,30.23,73.0,36.39,10000.0,0.0,6.0,7.37,8.24,251.0,1008.0,1,800,Clear,clear sky,01d
2025-08-03 14:05:59,Kien Giang-Rach Gia,Rach Gia,30.26,30.26,30.26,73.0,36.47,10000.0,0.0,6.0,7.37,8.24,251.0,1008.0,1,800,Clear,clear sky,01d
2025-08-03 14:09:51,Kien Giang-Rach Gia,Rach Gia,30.26,30.26,30.26,73.0,36.47,10000.0,0.0,6.0,7.37,8.24,251.0,1008.0,1,800,Clear,clear sky,01d
2025-08-03 14:13:43,Kien Giang-Rach Gia,Rach Gia,30.26,30.26,30.26,73.0,36.47,10000.0,0.0,6.0,7.37,8.24,251.0,1008.0,1,800,Clear,clear sky,01d
2025-08-03 14:17:35,Kien Giang-Rach Gia,Rach Gia,30.26,30.26,30.26,73.0,36.47,10000.0,0.0,6.0,7.37,8.24,251.0,1008.0,1,800,Clear,clear sky,01d
2025-08-03 14:21:27,Kien Giang-Rach Gia,Rach Gia,30.26,30.26,30.26,73.0,36.47,10000.0,0.0,6.0,7.37,8.24,251.0,1008.0,1,800,Clear,clear sky,01d
2025-08-03 14:25:18,Kien Giang-Rach Gia,Rach Gia,30.26,30.26,30.26,73.0,36.47,10000.0,0.0,6.0,7.37,8.24,251.0,1008.0,1,800,Clear,clear sky,01d
2025-08-03 14:29:10,Kien Giang-Rach Gia,Rach Gia,30.26,30.26,30.26,73.0,36.47,10000.0,0.0,6.0,7.37,8.24,251.0,1008.0,1,800,Clear,clear sky,01d
2025-08-03 14:33:01,Kien Giang-Rach Gia,Rach Gia,30.26,30.26,30.26,73.0,36.47,10000.0,0.0,6.0,7.37,8.24,251.0,1008.0,1,800,Clear,clear sky,01d
2025-08-03 14:36:54,Kien Giang-Rach Gia,Rach Gia,30.47,30.47,30.47,72.0,36.76,10000.0,0.0,41.0,7.31,8.09,252.0,1008.0,1,802,Clouds,scattered clouds,03d
2025-08-03 14:40:45,Kien Giang-Rach Gia,Rach Gia,30.47,30.47,30.47,72.0,36.76,10000.0,0.0,41.0,7.31,8.09,252.0,1008.0,1,802,Clouds,scattered clouds,03d
2025-08-03 14:44:35,Kien Giang-Rach Gia,Rach Gia,30.47,30.47,30.47,72.0,36.76,10000.0,0.0,41.0,7.31,8.09,252.0,1008.0,1,802,Clouds,scattered clouds,03d
2025-08-03 14:48:27,Kien Giang-Rach Gia,Rach Gia,30.47,30.47,30.47,72.0,36.76,10000.0,0.0,41.0,7.31,8.09,252.0,1008.0,1,802,Clouds,scattered clouds,03d
2025-08-03 14:52:18,Kien Giang-Rach Gia,Rach Gia,30.47,30.47,30.47,72.0,36.76,10000.0,0.0,41.0,7.31,8.09,252.0,1008.0,1,802,Clouds,scattered clouds,03d
2025-08-03 14:56:12,Kien Giang-Rach Gia,Rach Gia,30.47,30.47,30.47,72.0,36.76,10000.0,0.0,41.0,7.31,8.09,252.0,1008.0,1,802,Clouds,scattered clouds,03d
2025-08-03 15:00:03,Kien Giang-Rach Gia,Rach Gia,30.47,30.47,30.47,72.0,36.76,10000.0,0.0,41.0,7.31,8.09,252.0,1008.0,1,802,Clouds,scattered clouds,03d
2025-08-03 15:03:55,Kien Giang-Rach Gia,Rach Gia,30.47,30.47,30.47,72.0,36.76,10000.0,0.0,41.0,7.31,8.09,252.0,1008.0,1,802,Clouds,scattered clouds,03d
2025-08-03 15:07:47,Kien Giang-Rach Gia,Rach Gia,30.47,30.47,30.47,72.0,36.76,10000.0,0.0,41.0,7.31,8.09,252.0,1008.0,1,802,Clouds,scattered clouds,03d
2025-08-03 15:11:39,Kien Giang-Rach Gia,Rach Gia,30.5,30.5,30.5,72.0,36.84,10000.0,0.0,41.0,7.31,8.09,252.0,1008.0,1,802,Clouds,scattered clouds,03d
2025-08-03 15:15:30,Kien Giang-Rach Gia,Rach Gia,30.5,30.5,30.5,72.0,36.84,10000.0,0.0,41.0,7.31,8.09,252.0,1008.0,1,802,Clouds,scattered clouds,03d
2025-08-03 15:19:23,Kien Giang-Rach Gia,Rach Gia,30.5,30.5,30.5,72.0,36.84,10000.0,0.0,41.0,7.31,8.09,252.0,1008.0,1,802,Clouds,scattered clouds,03d
2025-08-03 15:23:15,Kien Giang-Rach Gia,Rach Gia,30.5,30.5,30.5,72.0,36.84,10000.0,0.0,41.0,7.31,8.09,252.0,1008.0,1,802,Clouds,scattered clouds,03d
2025-08-03 15:27:06,Kien Giang-Rach Gia,Rach Gia,30.5,30.5,30.5,72.0,36.84,10000.0,0.0,41.0,7.31,8.09,252.0,1008.0,1,802,Clouds,scattered clouds,03d
2025-08-03 15:30:59,Kien Giang-Rach Gia,Rach Gia,30.5,30.5,30.5,72.0,36.84,10000.0,0.0,41.0,7.31,8.09,252.0,1008.0,1,802,Clouds,scattered clouds,03d
2025-08-03 15:34:49,Kien Giang-Rach Gia,Rach Gia,30.32,30.32,30.32,72.0,36.36,10000.0,0.0,28.0,7.21,8.24,247.0,1007.0,1,802,Clouds,scattered clouds,03d
2025-08-03 15:38:40,Kien Giang-Rach Gia,Rach Gia,30.32,30.32,30.32,72.0,36.36,10000.0,0.0,28.0,7.21,8.24,247.0,1007.0,1,802,Clouds,scattered clouds,03d
2025-08-03 15:42:33,Kien Giang-Rach Gia,Rach Gia,30.32,30.32,30.32,72.0,36.36,10000.0,0.0,28.0,7.21,8.24,247.0,1007.0,1,802,Clouds,scattered clouds,03d
2025-08-03 15:46:26,Kien Giang-Rach Gia,Rach Gia,30.32,30.32,30.32,72.0,36.36,10000.0,0.0,28.0,7.21,8.24,247.0,1007.0,1,802,Clouds,scattered clouds,03d
2025-08-03 15:50:18,Kien Giang-Rach Gia,Rach Gia,30.32,30.32,30.32,72.0,36.36,10000.0,0.0,28.0,7.21,8.24,247.0,1007.0,1,802,Clouds,scattered clouds,03d
2025-08-03 15:54:11,Kien Giang-Rach Gia,Rach Gia,30.32,30.32,30.32,72.0,36.36,10000.0,0.0,28.0,7.21,8.24,247.0,1007.0,1,802,Clouds,scattered clouds,03d
2025-08-03 15:58:03,Kien Giang-Rach Gia,Rach Gia,30.32,30.32,30.32,72.0,36.36,10000.0,0.0,28.0,7.21,8.24,247.0,1007.0,1,802,Clouds,scattered clouds,03d
2025-08-03 16:01:55,Kien Giang-Rach Gia,Rach Gia,30.34,30.34,30.34,72.0,36.41,10000.0,0.0,28.0,7.21,8.24,247.0,1007.0,1,802,Clouds,scattered clouds,03d
2025-08-03 16:05:47,Kien Giang-Rach Gia,Rach Gia,30.34,30.34,30.34,72.0,36.41,10000.0,0.0,28.0,7.21,8.24,247.0,1007.0,1,802,Clouds,scattered clouds,03d
2025-08-03 16:09:37,Kien Giang-Rach Gia,Rach Gia,30.34,30.34,30.34,72.0,36.41,10000.0,0.0,28.0,7.21,8.24,247.0,1007.0,1,802,Clouds,scattered clouds,03d
2025-08-03 16:13:31,Kien Giang-Rach Gia,Rach Gia,30.34,30.34,30.34,72.0,36.41,10000.0,0.0,28.0,7.21,8.24,247.0,1007.0,1,802,Clouds,scattered clouds,03d
2025-08-03 16:17:23,Kien Giang-Rach Gia,Rach Gia,30.34,30.34,30.34,72.0,36.41,10000.0,0.0,28.0,7.21,8.24,247.0,1007.0,1,802,Clouds,scattered clouds,03d
2025-08-03 16:21:14,Kien Giang-Rach Gia,Rach Gia,30.34,30.34,30.34,72.0,36.41,10000.0,0.0,28.0,7.21,8.24,247.0,1007.0,1,802,Clouds,scattered clouds,03d
2025-08-03 16:25:07,Kien Giang-Rach Gia,Rach Gia,30.34,30.34,30.34,72.0,36.41,10000.0,0.0,28.0,7.21,8.24,247.0,1007.0,1,802,Clouds,scattered clouds,03d
2025-08-03 16:28:59,Kien Giang-Rach Gia,Rach Gia,30.34,30.34,30.34,72.0,36.41,10000.0,0.0,28.0,7.21,8.24,247.0,1007.0,1,802,Clouds,scattered clouds,03d
2025-08-03 16:32:53,Kien Giang-Rach Gia,Rach Gia,29.73,29.73,29.73,75.0,35.57,10000.0,0.0,22.0,6.24,7.48,245.0,1007.0,1,801,Clouds,few clouds,02d
2025-08-03 16:36:48,Kien Giang-Rach Gia,Rach Gia,29.73,29.73,29.73,75.0,35.57,10000.0,0.0,22.0,6.24,7.48,245.0,1007.0,1,801,Clouds,few clouds,02d
2025-08-03 16:40:40,Kien Giang-Rach Gia,Rach Gia,29.73,29.73,29.73,75.0,35.57,10000.0,0.0,22.0,6.24,7.48,245.0,1007.0,1,801,Clouds,few clouds,02d
2025-08-03 16:44:32,Kien Giang-Rach Gia,Rach Gia,29.73,29.73,29.73,75.0,35.57,10000.0,0.0,22.0,6.24,7.48,245.0,1007.0,1,801,Clouds,few clouds,02d
2025-08-03 16:48:24,Kien Giang-Rach Gia,Rach Gia,29.73,29.73,29.73,75.0,35.57,10000.0,0.0,22.0,6.24,7.48,245.0,1007.0,1,801,Clouds,few clouds,02d
2025-08-03 16:52:18,Kien Giang-Rach Gia,Rach Gia,29.73,29.73,29.73,75.0,35.57,10000.0,0.0,22.0,6.24,7.48,245.0,1007.0,1,801,Clouds,few clouds,02d
2025-08-03 16:56:11,Kien Giang-Rach Gia,Rach Gia,29.73,29.73,29.73,75.0,35.57,10000.0,0.0,22.0,6.24,7.48,245.0,1007.0,1,801,Clouds,few clouds,02d
2025-08-03 17:00:06,Kien Giang-Rach Gia,Rach Gia,29.73,29.73,29.73,75.0,35.57,10000.0,0.0,22.0,6.24,7.48,245.0,1007.0,1,801,Clouds,few clouds,02d
2025-08-03 17:03:59,Kien Giang-Rach Gia,Rach Gia,29.73,29.73,29.73,75.0,35.57,10000.0,0.0,22.0,6.24,7.48,245.0,1007.0,1,801,Clouds,few clouds,02d
2025-08-03 17:07:51,Kien Giang-Rach Gia,Rach Gia,29.73,29.73,29.73,75.0,35.57,10000.0,0.0,22.0,6.24,7.48,245.0,1007.0,1,801,Clouds,few clouds,02d
2025-08-03 17:11:41,Kien Giang-Rach Gia,Rach Gia,29.76,29.76,29.76,75.0,35.65,10000.0,0.0,22.0,6.24,7.48,245.0,1007.0,1,801,Clouds,few clouds,02d
2025-08-03 17:15:35,Kien Giang-Rach Gia,Rach Gia,29.76,29.76,29.76,75.0,35.65,10000.0,0.0,22.0,6.24,7.48,245.0,1007.0,1,801,Clouds,few clouds,02d
2025-08-03 17:19:28,Kien Giang-Rach Gia,Rach Gia,29.76,29.76,29.76,75.0,35.65,10000.0,0.0,22.0,6.24,7.48,245.0,1007.0,1,801,Clouds,few clouds,02d
2025-08-03 17:23:21,Kien Giang-Rach Gia,Rach Gia,29.76,29.76,29.76,75.0,35.65,10000.0,0.0,22.0,6.24,7.48,245.0,1007.0,1,801,Clouds,few clouds,02d
2025-08-03 17:27:13,Kien Giang-Rach Gia,Rach Gia,29.76,29.76,29.76,75.0,35.65,10000.0,0.25,22.0,6.24,7.48,245.0,1007.0,1,500,Rain,light rain,10d
2025-08-03 17:31:06,Kien Giang-Rach Gia,Rach Gia,29.14,29.14,29.14,79.0,34.91,10000.0,0.15,18.0,5.86,7.82,236.0,1008.0,1,500,Rain,light rain,10d
2025-08-03 17:34:59,Kien Giang-Rach Gia,Rach Gia,29.1,29.1,29.1,79.0,34.8,10000.0,0.13,18.0,5.86,7.82,236.0,1008.0,1,500,Rain,light rain,10d
2025-08-03 17:38:56,Kien Giang-Rach Gia,Rach Gia,29.1,29.1,29.1,79.0,34.8,10000.0,0.13,18.0,5.86,7.82,236.0,1008.0,1,500,Rain,light rain,10d
2025-08-03 17:42:47,Kien Giang-Rach Gia,Rach Gia,29.1,29.1,29.1,79.0,34.8,10000.0,0.19,18.0,5.86,7.82,236.0,1008.0,1,500,Rain,light rain,10d
2025-08-03 17:46:41,Kien Giang-Rach Gia,Rach Gia,29.09,29.09,29.09,79.0,34.77,10000.0,0.11,18.0,5.86,7.82,236.0,1008.0,1,500,Rain,light rain,10d
2025-08-03 17:50:33,Kien Giang-Rach Gia,Rach Gia,29.09,29.09,29.09,79.0,34.77,10000.0,0.1,18.0,5.86,7.82,236.0,1008.0,1,500,Rain,light rain,10d
2025-08-03 17:54:24,Kien Giang-Rach Gia,Rach Gia,29.09,29.09,29.09,79.0,34.77,10000.0,0.11,18.0,5.86,7.82,236.0,1008.0,1,500,Rain,light rain,10d
2025-08-03 17:58:16,Kien Giang-Rach Gia,Rach Gia,29.09,29.09,29.09,79.0,34.77,10000.0,0.11,18.0,5.86,7.82,236.0,1008.0,1,500,Rain,light rain,10d
2025-08-03 18:02:08,Kien Giang-Rach Gia,Rach Gia,29.12,29.12,29.12,79.0,34.85,10000.0,0.29,18.0,5.86,7.82,236.0,1008.0,1,500,Rain,light rain,10d
2025-08-03 18:05:59,Kien Giang-Rach Gia,Rach Gia,29.12,29.12,29.12,79.0,34.85,10000.0,0.29,18.0,5.86,7.82,236.0,1008.0,1,500,Rain,light rain,10d
2025-08-03 18:09:52,Kien Giang-Rach Gia,Rach Gia,29.12,29.12,29.12,79.0,34.85,10000.0,0.1,18.0,5.86,7.82,236.0,1008.0,1,500,Rain,light rain,10d
2025-08-03 18:13:45,Kien Giang-Rach Gia,Rach Gia,29.12,29.12,29.12,79.0,34.85,10000.0,0.1,18.0,5.86,7.82,236.0,1008.0,1,500,Rain,light rain,10d
2025-08-03 18:17:35,Kien Giang-Rach Gia,Rach Gia,29.12,29.12,29.12,79.0,34.85,10000.0,0.1,18.0,5.86,7.82,236.0,1008.0,1,500,Rain,light rain,10d
2025-08-03 18:21:26,Kien Giang-Rach Gia,Rach Gia,29.12,29.12,29.12,79.0,34.85,10000.0,0.0,18.0,5.86,7.82,236.0,1008.0,1,801,Clouds,few clouds,02d
2025-08-03 18:26:22,Kien Giang-Rach Gia,Rach Gia,29.12,29.12,29.12,79.0,34.85,10000.0,0.0,18.0,5.86,7.82,236.0,1008.0,0,801,Clouds,few clouds,02n
2025-08-03 18:30:14,Kien Giang-Rach Gia,Rach Gia,29.12,29.12,29.12,79.0,34.85,10000.0,0.0,18.0,5.86,7.82,236.0,1008.0,0,801,Clouds,few clouds,02n
2025-08-03 18:34:07,Kien Giang-Rach Gia,Rach Gia,28.74,28.74,28.74,81.0,34.23,10000.0,0.0,26.0,5.34,7.53,234.0,1008.0,0,802,Clouds,scattered clouds,03n
2025-08-03 18:37:59,Kien Giang-Rach Gia,Rach Gia,28.74,28.74,28.74,81.0,34.23,10000.0,0.0,26.0,5.34,7.53,234.0,1008.0,0,802,Clouds,scattered clouds,03n
2025-08-03 18:41:51,Kien Giang-Rach Gia,Rach Gia,28.74,28.74,28.74,81.0,34.23,10000.0,0.0,26.0,5.34,7.53,234.0,1008.0,0,802,Clouds,scattered clouds,03n
2025-08-03 18:45:42,Kien Giang-Rach Gia,Rach Gia,28.74,28.74,28.74,81.0,34.23,10000.0,0.0,33.0,5.17,7.26,237.0,1008.0,0,802,Clouds,scattered clouds,03n
2025-08-03 18:49:35,Kien Giang-Rach Gia,Rach Gia,28.74,28.74,28.74,81.0,34.23,10000.0,0.0,33.0,5.17,7.26,237.0,1008.0,0,802,Clouds,scattered clouds,03n
2025-08-03 18:53:27,Kien Giang-Rach Gia,Rach Gia,28.74,28.74,28.74,81.0,34.23,10000.0,0.0,33.0,5.17,7.26,237.0,1008.0,0,802,Clouds,scattered clouds,03n
2025-08-03 18:57:19,Kien Giang-Rach Gia,Rach Gia,28.74,28.74,28.74,81.0,34.23,10000.0,0.0,33.0,5.17,7.26,237.0,1008.0,0,802,Clouds,scattered clouds,03n
2025-08-03 19:01:11,Kien Giang-Rach Gia,Rach Gia,28.74,28.74,28.74,81.0,34.23,10000.0,0.0,33.0,5.17,7.26,237.0,1008.0,0,802,Clouds,scattered clouds,03n
2025-08-03 19:05:03,Kien Giang-Rach Gia,Rach Gia,28.74,28.74,28.74,81.0,34.23,10000.0,0.0,33.0,5.17,7.26,237.0,1008.0,0,802,Clouds,scattered clouds,03n
2025-08-03 19:08:56,Kien Giang-Rach Gia,Rach Gia,28.74,28.74,28.74,81.0,34.23,10000.0,0.0,33.0,5.17,7.26,237.0,1008.0,0,802,Clouds,scattered clouds,03n
2025-08-03 19:12:49,Kien Giang-Rach Gia,Rach Gia,28.7,28.7,28.7,80.0,33.92,10000.0,0.0,33.0,5.17,7.26,237.0,1008.0,0,802,Clouds,scattered clouds,03n
2025-08-03 19:16:40,Kien Giang-Rach Gia,Rach Gia,28.7,28.7,28.7,80.0,33.92,10000.0,0.0,33.0,5.17,7.26,237.0,1008.0,0,802,Clouds,scattered clouds,03n
2025-08-03 19:20:31,Kien Giang-Rach Gia,Rach Gia,28.7,28.7,28.7,80.0,33.92,10000.0,0.0,33.0,5.17,7.26,237.0,1008.0,0,802,Clouds,scattered clouds,03n
2025-08-03 19:24:18,Kien Giang-Rach Gia,Rach Gia,28.7,28.7,28.7,80.0,33.92,10000.0,0.0,33.0,5.17,7.26,237.0,1008.0,0,802,Clouds,scattered clouds,03n
2025-08-03 19:28:05,Kien Giang-Rach Gia,Rach Gia,28.7,28.7,28.7,80.0,33.92,10000.0,0.0,33.0,5.17,7.26,237.0,1008.0,0,802,Clouds,scattered clouds,03n
2025-08-03 19:31:51,Kien Giang-Rach Gia,Rach Gia,28.7,28.7,28.7,80.0,33.92,10000.0,0.0,33.0,5.17,7.26,237.0,1008.0,0,802,Clouds,scattered clouds,03n
2025-08-03 19:35:37,Kien Giang-Rach Gia,Rach Gia,28.69,28.69,28.69,81.0,34.09,10000.0,0.0,80.0,4.73,6.68,241.0,1009.0,0,803,Clouds,broken clouds,04n
2025-08-03 19:39:24,Kien Giang-Rach Gia,Rach Gia,28.69,28.69,28.69,81.0,34.09,10000.0,0.0,80.0,4.73,6.68,241.0,1009.0,0,803,Clouds,broken clouds,04n
2025-08-03 19:43:10,Kien Giang-Rach Gia,Rach Gia,28.69,28.69,28.69,81.0,34.09,10000.0,0.0,80.0,4.73,6.68,241.0,1009.0,0,803,Clouds,broken clouds,04n
2025-08-03 19:46:57,Kien Giang-Rach Gia,Rach Gia,28.63,28.63,28.63,81.0,33.93,10000.0,0.0,80.0,4.73,6.68,241.0,1009.0,0,803,Clouds,broken clouds,04n
2025-08-03 19:50:44,Kien Giang-Rach Gia,Rach Gia,28.63,28.63,28.63,81.0,33.93,10000.0,0.0,80.0,4.73,6.68,241.0,1009.0,0,803,Clouds,broken clouds,04n
2025-08-03 19:54:30,Kien Giang-Rach Gia,Rach Gia,28.63,28.63,28.63,81.0,33.93,10000.0,0.0,80.0,4.73,6.68,241.0,1009.0,0,803,Clouds,broken clouds,04n
2025-08-03 19:58:16,Kien Giang-Rach Gia,Rach Gia,28.63,28.63,28.63,81.0,33.93,10000.0,0.0,80.0,4.73,6.68,241.0,1009.0,0,803,Clouds,broken clouds,04n
2025-08-03 20:02:02,Kien Giang-Rach Gia,Rach Gia,28.62,28.62,28.62,81.0,33.9,10000.0,0.0,80.0,4.73,6.68,241.0,1009.0,0,803,Clouds,broken clouds,04n
2025-08-03 20:05:48,Kien Giang-Rach Gia,Rach Gia,28.62,28.62,28.62,81.0,33.9,10000.0,0.0,80.0,4.73,6.68,241.0,1009.0,0,803,Clouds,broken clouds,04n
2025-08-03 20:09:35,Kien Giang-Rach Gia,Rach Gia,28.62,28.62,28.62,81.0,33.9,10000.0,0.0,80.0,4.73,6.68,241.0,1009.0,0,803,Clouds,broken clouds,04n
2025-08-03 20:13:21,Kien Giang-Rach Gia,Rach Gia,28.62,28.62,28.62,81.0,33.9,10000.0,0.0,80.0,4.73,6.68,241.0,1009.0,0,803,Clouds,broken clouds,04n
2025-08-03 20:17:07,Kien Giang-Rach Gia,Rach Gia,28.62,28.62,28.62,81.0,33.9,10000.0,0.0,80.0,4.73,6.68,241.0,1009.0,0,803,Clouds,broken clouds,04n
2025-08-03 20:20:53,Kien Giang-Rach Gia,Rach Gia,28.62,28.62,28.62,81.0,33.9,10000.0,0.0,80.0,4.73,6.68,241.0,1009.0,0,803,Clouds,broken clouds,04n
2025-08-03 20:24:39,Kien Giang-Rach Gia,Rach Gia,28.62,28.62,28.62,81.0,33.9,10000.0,0.0,80.0,4.73,6.68,241.0,1009.0,0,803,Clouds,broken clouds,04n
2025-08-03 20:28:25,Kien Giang-Rach Gia,Rach Gia,28.62,28.62,28.62,81.0,33.9,10000.0,0.0,80.0,4.73,6.68,241.0,1009.0,0,803,Clouds,broken clouds,04n
2025-08-03 20:32:11,Kien Giang-Rach Gia,Rach Gia,28.36,28.36,28.36,82.0,33.38,10000.0,0.0,85.0,4.79,6.71,237.0,1010.0,0,804,Clouds,overcast clouds,04n
2025-08-03 20:35:57,Kien Giang-Rach Gia,Rach Gia,28.36,28.36,28.36,82.0,33.38,10000.0,0.0,85.0,4.79,6.71,237.0,1010.0,0,804,Clouds,overcast clouds,04n
2025-08-03 20:39:43,Kien Giang-Rach Gia,Rach Gia,28.36,28.36,28.36,82.0,33.38,10000.0,0.0,85.0,4.79,6.71,237.0,1010.0,0,804,Clouds,overcast clouds,04n
2025-08-03 20:43:29,Kien Giang-Rach Gia,Rach Gia,28.36,28.36,28.36,82.0,33.38,10000.0,0.0,85.0,4.79,6.71,237.0,1010.0,0,804,Clouds,overcast clouds,04n
2025-08-03 20:47:16,Kien Giang-Rach Gia,Rach Gia,28.36,28.36,28.36,82.0,33.38,10000.0,0.0,85.0,4.79,6.71,237.0,1010.0,0,804,Clouds,overcast clouds,04n
2025-08-03 20:51:05,Kien Giang-Rach Gia,Rach Gia,28.36,28.36,28.36,82.0,33.38,10000.0,0.0,85.0,4.79,6.71,237.0,1010.0,0,804,Clouds,overcast clouds,04n
2025-08-03 20:54:52,Kien Giang-Rach Gia,Rach Gia,28.36,28.36,28.36,82.0,33.38,10000.0,0.0,85.0,4.79,6.71,237.0,1010.0,0,804,Clouds,overcast clouds,04n
2025-08-03 20:58:38,Kien Giang-Rach Gia,Rach Gia,28.36,28.36,28.36,82.0,33.38,10000.0,0.0,85.0,4.79,6.71,237.0,1010.0,0,804,Clouds,overcast clouds,04n
2025-08-03 21:02:27,Kien Giang-Rach Gia,Rach Gia,28.36,28.36,28.36,82.0,33.38,10000.0,0.0,85.0,4.79,6.71,237.0,1010.0,0,804,Clouds,overcast clouds,04n
2025-08-03 21:06:13,Kien Giang-Rach Gia,Rach Gia,28.36,28.36,28.36,82.0,33.38,10000.0,0.0,85.0,4.79,6.71,237.0,1010.0,0,804,Clouds,overcast clouds,04n
2025-08-03 21:10:00,Kien Giang-Rach Gia,Rach Gia,28.36,28.36,28.36,82.0,33.38,10000.0,0.0,85.0,4.79,6.71,237.0,1010.0,0,804,Clouds,overcast clouds,04n
2025-08-03 21:13:47,Kien Giang-Rach Gia,Rach Gia,28.36,28.36,28.36,82.0,33.38,10000.0,0.0,85.0,4.79,6.71,237.0,1010.0,0,804,Clouds,overcast clouds,04n
2025-08-03 21:17:34,Kien Giang-Rach Gia,Rach Gia,28.36,28.36,28.36,82.0,33.38,10000.0,0.0,85.0,4.79,6.71,237.0,1010.0,0,804,Clouds,overcast clouds,04n
2025-08-03 21:21:21,Kien Giang-Rach Gia,Rach Gia,28.36,28.36,28.36,82.0,33.38,10000.0,0.0,85.0,4.79,6.71,237.0,1010.0,0,804,Clouds,overcast clouds,04n
2025-08-03 21:25:09,Kien Giang-Rach Gia,Rach Gia,28.36,28.36,28.36,82.0,33.38,10000.0,0.0,85.0,4.79,6.71,237.0,1010.0,0,804,Clouds,overcast clouds,04n
2025-08-03 21:28:55,Kien Giang-Rach Gia,Rach Gia,28.36,28.36,28.36,82.0,33.38,10000.0,0.0,85.0,4.79,6.71,237.0,1010.0,0,804,Clouds,overcast clouds,04n
2025-08-03 21:32:41,Kien Giang-Rach Gia,Rach Gia,28.38,28.38,28.38,82.0,33.43,10000.0,0.0,89.0,4.68,6.58,227.0,1010.0,0,804,Clouds,overcast clouds,04n
2025-08-03 21:36:28,Kien Giang-Rach Gia,Rach Gia,28.38,28.38,28.38,82.0,33.43,10000.0,0.0,89.0,4.68,6.58,227.0,1010.0,0,804,Clouds,overcast clouds,04n
2025-08-03 21:40:15,Kien Giang-Rach Gia,Rach Gia,28.38,28.38,28.38,82.0,33.43,10000.0,0.0,89.0,4.68,6.58,227.0,1010.0,0,804,Clouds,overcast clouds,04n
2025-08-03 21:44:02,Kien Giang-Rach Gia,Rach Gia,28.38,28.38,28.38,82.0,33.43,10000.0,0.0,89.0,4.68,6.58,227.0,1010.0,0,804,Clouds,overcast clouds,04n
2025-08-03 21:47:51,Kien Giang-Rach Gia,Rach Gia,28.38,28.38,28.38,82.0,33.43,10000.0,0.0,89.0,4.68,6.58,227.0,1010.0,0,804,Clouds,overcast clouds,04n
2025-08-03 21:51:41,Kien Giang-Rach Gia,Rach Gia,28.38,28.38,28.38,82.0,33.43,10000.0,0.0,89.0,4.68,6.58,227.0,1010.0,0,804,Clouds,overcast clouds,04n
2025-08-03 21:55:28,Kien Giang-Rach Gia,Rach Gia,28.38,28.38,28.38,82.0,33.43,10000.0,0.0,89.0,4.68,6.58,227.0,1010.0,0,804,Clouds,overcast clouds,04n
2025-08-03 21:59:15,Kien Giang-Rach Gia,Rach Gia,28.38,28.38,28.38,82.0,33.43,10000.0,0.0,89.0,4.68,6.58,227.0,1010.0,0,804,Clouds,overcast clouds,04n
2025-08-03 22:03:03,Kien Giang-Rach Gia,Rach Gia,28.38,28.38,28.38,82.0,33.43,10000.0,0.0,89.0,4.68,6.58,227.0,1010.0,0,804,Clouds,overcast clouds,04n
2025-08-03 22:06:49,Kien Giang-Rach Gia,Rach Gia,28.38,28.38,28.38,82.0,33.43,10000.0,0.0,89.0,4.68,6.58,227.0,1010.0,0,804,Clouds,overcast clouds,04n
2025-08-03 22:10:35,Kien Giang-Rach Gia,Rach Gia,28.38,28.38,28.38,82.0,33.43,10000.0,0.0,89.0,4.68,6.58,227.0,1010.0,0,804,Clouds,overcast clouds,04n
2025-08-03 22:14:22,Kien Giang-Rach Gia,Rach Gia,28.38,28.38,28.38,82.0,33.43,10000.0,0.0,89.0,4.68,6.58,227.0,1010.0,0,804,Clouds,overcast clouds,04n
2025-08-03 22:18:08,Kien Giang-Rach Gia,Rach Gia,28.38,28.38,28.38,82.0,33.43,10000.0,0.0,89.0,4.68,6.58,227.0,1010.0,0,804,Clouds,overcast clouds,04n
2025-08-03 22:21:55,Kien Giang-Rach Gia,Rach Gia,28.38,28.38,28.38,82.0,33.43,10000.0,0.0,89.0,4.68,6.58,227.0,1010.0,0,804,Clouds,overcast clouds,04n
2025-08-03 22:25:41,Kien Giang-Rach Gia,Rach Gia,28.38,28.38,28.38,82.0,33.43,10000.0,0.0,89.0,4.68,6.58,227.0,1010.0,0,804,Clouds,overcast clouds,04n
2025-08-03 22:29:27,Kien Giang-Rach Gia,Rach Gia,28.38,28.38,28.38,82.0,33.43,10000.0,0.0,89.0,4.68,6.58,227.0,1010.0,0,804,Clouds,overcast clouds,04n
2025-08-03 22:33:13,Kien Giang-Rach Gia,Rach Gia,28.35,28.35,28.35,82.0,33.35,10000.0,0.0,92.0,4.61,6.54,217.0,1010.0,0,804,Clouds,overcast clouds,04n
2025-08-03 22:36:59,Kien Giang-Rach Gia,Rach Gia,28.35,28.35,28.35,82.0,33.35,10000.0,0.0,92.0,4.61,6.54,217.0,1010.0,0,804,Clouds,overcast clouds,04n
2025-08-03 22:40:45,Kien Giang-Rach Gia,Rach Gia,28.35,28.35,28.35,82.0,33.35,10000.0,0.0,92.0,4.61,6.54,217.0,1010.0,0,804,Clouds,overcast clouds,04n
2025-08-03 22:44:32,Kien Giang-Rach Gia,Rach Gia,28.35,28.35,28.35,82.0,33.35,10000.0,0.0,92.0,4.61,6.54,217.0,1010.0,0,804,Clouds,overcast clouds,04n
2025-08-03 22:48:18,Kien Giang-Rach Gia,Rach Gia,28.35,28.35,28.35,82.0,33.35,10000.0,0.0,92.0,4.61,6.54,217.0,1010.0,0,804,Clouds,overcast clouds,04n
2025-08-03 22:52:05,Kien Giang-Rach Gia,Rach Gia,28.35,28.35,28.35,82.0,33.35,10000.0,0.0,92.0,4.61,6.54,217.0,1010.0,0,804,Clouds,overcast clouds,04n
2025-08-03 22:55:51,Kien Giang-Rach Gia,Rach Gia,28.35,28.35,28.35,82.0,33.35,10000.0,0.0,92.0,4.61,6.54,217.0,1010.0,0,804,Clouds,overcast clouds,04n
2025-08-03 22:59:37,Kien Giang-Rach Gia,Rach Gia,28.35,28.35,28.35,82.0,33.35,10000.0,0.0,92.0,4.61,6.54,217.0,1010.0,0,804,Clouds,overcast clouds,04n
2025-08-03 23:03:22,Kien Giang-Rach Gia,Rach Gia,28.35,28.35,28.35,82.0,33.35,10000.0,0.0,92.0,4.61,6.54,217.0,1010.0,0,804,Clouds,overcast clouds,04n
2025-08-03 23:07:09,Kien Giang-Rach Gia,Rach Gia,28.35,28.35,28.35,82.0,33.35,10000.0,0.0,92.0,4.61,6.54,217.0,1010.0,0,804,Clouds,overcast clouds,04n
2025-08-03 23:10:55,Kien Giang-Rach Gia,Rach Gia,28.35,28.35,28.35,82.0,33.35,10000.0,0.0,92.0,4.61,6.54,217.0,1010.0,0,804,Clouds,overcast clouds,04n
2025-08-03 23:14:41,Kien Giang-Rach Gia,Rach Gia,28.35,28.35,28.35,82.0,33.35,10000.0,0.0,92.0,4.61,6.54,217.0,1010.0,0,804,Clouds,overcast clouds,04n
2025-08-03 23:18:28,Kien Giang-Rach Gia,Rach Gia,28.35,28.35,28.35,82.0,33.35,10000.0,0.0,92.0,4.61,6.54,217.0,1010.0,0,804,Clouds,overcast clouds,04n
2025-08-03 23:22:15,Kien Giang-Rach Gia,Rach Gia,28.35,28.35,28.35,82.0,33.35,10000.0,0.0,92.0,4.61,6.54,217.0,1010.0,0,804,Clouds,overcast clouds,04n
2025-08-03 23:26:00,Kien Giang-Rach Gia,Rach Gia,28.35,28.35,28.35,82.0,33.35,10000.0,0.0,92.0,4.61,6.54,217.0,1010.0,0,804,Clouds,overcast clouds,04n
2025-08-03 23:29:46,Kien Giang-Rach Gia,Rach Gia,28.35,28.35,28.35,82.0,33.35,10000.0,0.0,92.0,4.61,6.54,217.0,1010.0,0,804,Clouds,overcast clouds,04n
2025-08-03 23:33:32,Kien Giang-Rach Gia,Rach Gia,28.27,28.27,28.27,83.0,33.31,10000.0,0.0,94.0,4.86,6.92,219.0,1010.0,0,804,Clouds,overcast clouds,04n
2025-08-03 23:37:17,Kien Giang-Rach Gia,Rach Gia,28.27,28.27,28.27,83.0,33.31,10000.0,0.0,94.0,4.86,6.92,219.0,1010.0,0,804,Clouds,overcast clouds,04n
2025-08-03 23:41:04,Kien Giang-Rach Gia,Rach Gia,28.27,28.27,28.27,83.0,33.31,10000.0,0.0,94.0,4.86,6.92,219.0,1010.0,0,804,Clouds,overcast clouds,04n
2025-08-03 23:44:50,Kien Giang-Rach Gia,Rach Gia,28.27,28.27,28.27,83.0,33.31,10000.0,0.0,94.0,4.86,6.92,219.0,1010.0,0,804,Clouds,overcast clouds,04n
2025-08-03 23:48:36,Kien Giang-Rach Gia,Rach Gia,28.27,28.27,28.27,83.0,33.31,10000.0,0.0,94.0,4.86,6.92,219.0,1010.0,0,804,Clouds,overcast clouds,04n
2025-08-03 23:52:22,Kien Giang-Rach Gia,Rach Gia,28.27,28.27,28.27,83.0,33.31,10000.0,0.0,94.0,4.86,6.92,219.0,1010.0,0,804,Clouds,overcast clouds,04n
2025-08-03 23:56:08,Kien Giang-Rach Gia,Rach Gia,28.27,28.27,28.27,83.0,33.31,10000.0,0.0,94.0,4.86,6.92,219.0,1010.0,0,804,Clouds,overcast clouds,04n
2025-08-03 23:59:54,Kien Giang-Rach Gia,Rach Gia,28.27,28.27,28.27,83.0,33.31,10000.0,0.0,94.0,4.86,6.92,219.0,1010.0,0,804,Clouds,overcast clouds,04n
2025-08-04 00:03:40,Kien Giang-Rach Gia,Rach Gia,28.27,28.27,28.27,83.0,33.31,10000.0,0.0,94.0,4.86,6.92,219.0,1010.0,0,804,Clouds,overcast clouds,04n
2025-08-04 00:07:26,Kien Giang-Rach Gia,Rach Gia,28.27,28.27,28.27,83.0,33.31,10000.0,0.0,94.0,4.86,6.92,219.0,1010.0,0,804,Clouds,overcast clouds,04n
2025-08-04 00:11:12,Kien Giang-Rach Gia,Rach Gia,28.27,28.27,28.27,83.0,33.31,10000.0,0.0,94.0,4.86,6.92,219.0,1010.0,0,804,Clouds,overcast clouds,04n
2025-08-04 00:14:58,Kien Giang-Rach Gia,Rach Gia,28.27,28.27,28.27,83.0,33.31,10000.0,0.0,94.0,4.86,6.92,219.0,1010.0,0,804,Clouds,overcast clouds,04n
2025-08-04 00:18:43,Kien Giang-Rach Gia,Rach Gia,28.27,28.27,28.27,83.0,33.31,10000.0,0.0,94.0,4.86,6.92,219.0,1010.0,0,804,Clouds,overcast clouds,04n
