time,province,city,temperature,temp_min,temp_max,humidity,feels_like,visibility,precipitation,cloudcover,wind_speed,wind_gust,wind_direction,pressure,is_day,weather_code,weather_main,weather_description,weather_icon
2025-07-18 01:20:45,Thanh Hoa-Thanh Hoa,Thanh Hoa,27.66,27.66,27.66,85.0,31.95,10000.0,0.0,27.0,0.73,0.94,204.0,1001.0,0,802,Clouds,scattered clouds,03n
2025-07-18 01:22:40,Thanh Hoa-Thanh Hoa,Thanh Hoa,27.66,27.66,27.66,85.0,31.95,10000.0,0.0,27.0,0.73,0.94,204.0,1001.0,0,802,Clouds,scattered clouds,03n
2025-07-18 01:24:35,Thanh Hoa-Thanh Hoa,Thanh Hoa,27.66,27.66,27.66,85.0,31.95,10000.0,0.0,27.0,0.73,0.94,204.0,1001.0,0,802,Clouds,scattered clouds,03n
2025-07-18 01:26:30,Thanh Hoa-Thanh Hoa,Thanh Hoa,27.51,27.51,27.51,84.0,31.42,10000.0,0.0,27.0,0.73,0.94,204.0,1002.0,0,802,Clouds,scattered clouds,03n
2025-07-18 01:28:26,Thanh Hoa-Thanh Hoa,Thanh Hoa,27.51,27.51,27.51,84.0,31.42,10000.0,0.0,27.0,0.73,0.94,204.0,1002.0,0,802,Clouds,scattered clouds,03n
2025-07-18 01:30:21,Thanh Hoa-Thanh Hoa,Thanh Hoa,27.51,27.51,27.51,84.0,31.42,10000.0,0.0,27.0,0.73,0.94,204.0,1002.0,0,802,Clouds,scattered clouds,03n
2025-07-18 01:32:18,Thanh Hoa-Thanh Hoa,Thanh Hoa,27.23,27.23,27.23,86.0,30.93,10000.0,0.0,88.0,0.89,0.93,264.0,1001.0,0,804,Clouds,overcast clouds,04n
2025-07-18 01:34:15,Thanh Hoa-Thanh Hoa,Thanh Hoa,27.23,27.23,27.23,86.0,30.93,10000.0,0.0,88.0,0.89,0.93,264.0,1001.0,0,804,Clouds,overcast clouds,04n
2025-07-18 01:36:10,Thanh Hoa-Thanh Hoa,Thanh Hoa,27.51,27.51,27.51,84.0,31.42,10000.0,0.0,27.0,0.73,0.94,204.0,1002.0,0,802,Clouds,scattered clouds,03n
2025-07-18 01:38:05,Thanh Hoa-Thanh Hoa,Thanh Hoa,27.23,27.23,27.23,86.0,30.93,10000.0,0.0,88.0,0.89,0.93,264.0,1001.0,0,804,Clouds,overcast clouds,04n
2025-07-18 01:40:00,Thanh Hoa-Thanh Hoa,Thanh Hoa,27.23,27.23,27.23,86.0,30.93,10000.0,0.0,88.0,0.89,0.93,264.0,1001.0,0,804,Clouds,overcast clouds,04n
2025-07-18 01:41:58,Thanh Hoa-Thanh Hoa,Thanh Hoa,27.23,27.23,27.23,86.0,30.93,10000.0,0.0,88.0,0.89,0.93,264.0,1001.0,0,804,Clouds,overcast clouds,04n
2025-07-18 01:43:52,Thanh Hoa-Thanh Hoa,Thanh Hoa,27.23,27.23,27.23,86.0,30.93,10000.0,0.0,88.0,0.89,0.93,264.0,1001.0,0,804,Clouds,overcast clouds,04n
2025-07-18 01:45:47,Thanh Hoa-Thanh Hoa,Thanh Hoa,27.23,27.23,27.23,86.0,30.93,10000.0,0.0,88.0,0.89,0.93,264.0,1001.0,0,804,Clouds,overcast clouds,04n
2025-07-18 01:47:43,Thanh Hoa-Thanh Hoa,Thanh Hoa,27.23,27.23,27.23,86.0,30.93,10000.0,0.0,88.0,0.89,0.93,264.0,1001.0,0,804,Clouds,overcast clouds,04n
2025-07-18 01:49:40,Thanh Hoa-Thanh Hoa,Thanh Hoa,27.23,27.23,27.23,86.0,30.93,10000.0,0.0,88.0,0.89,0.93,264.0,1001.0,0,804,Clouds,overcast clouds,04n
2025-07-18 01:51:35,Thanh Hoa-Thanh Hoa,Thanh Hoa,27.23,27.23,27.23,86.0,30.93,10000.0,0.0,88.0,0.89,0.93,264.0,1001.0,0,804,Clouds,overcast clouds,04n
2025-07-18 01:53:29,Thanh Hoa-Thanh Hoa,Thanh Hoa,27.23,27.23,27.23,86.0,30.93,10000.0,0.0,88.0,0.89,0.93,264.0,1001.0,0,804,Clouds,overcast clouds,04n
2025-07-18 01:55:23,Thanh Hoa-Thanh Hoa,Thanh Hoa,27.23,27.23,27.23,86.0,30.93,10000.0,0.0,88.0,0.89,0.93,264.0,1001.0,0,804,Clouds,overcast clouds,04n
2025-07-18 01:57:18,Thanh Hoa-Thanh Hoa,Thanh Hoa,27.23,27.23,27.23,86.0,30.93,10000.0,0.0,88.0,0.89,0.93,264.0,1001.0,0,804,Clouds,overcast clouds,04n
2025-07-18 01:59:13,Thanh Hoa-Thanh Hoa,Thanh Hoa,27.23,27.23,27.23,86.0,30.93,10000.0,0.0,88.0,0.89,0.93,264.0,1001.0,0,804,Clouds,overcast clouds,04n
2025-07-18 02:03:00,Thanh Hoa-Thanh Hoa,Thanh Hoa,27.23,27.23,27.23,86.0,30.93,10000.0,0.0,88.0,0.89,0.93,264.0,1001.0,0,804,Clouds,overcast clouds,04n
2025-07-18 02:04:56,Thanh Hoa-Thanh Hoa,Thanh Hoa,27.23,27.23,27.23,86.0,30.93,10000.0,0.0,88.0,0.89,0.93,264.0,1001.0,0,804,Clouds,overcast clouds,04n
2025-07-18 02:06:52,Thanh Hoa-Thanh Hoa,Thanh Hoa,27.25,27.25,27.25,86.0,30.98,10000.0,0.0,88.0,0.89,0.93,264.0,1001.0,0,804,Clouds,overcast clouds,04n
2025-07-18 02:08:48,Thanh Hoa-Thanh Hoa,Thanh Hoa,27.25,27.25,27.25,86.0,30.98,10000.0,0.0,88.0,0.89,0.93,264.0,1001.0,0,804,Clouds,overcast clouds,04n
2025-07-18 02:10:44,Thanh Hoa-Thanh Hoa,Thanh Hoa,27.25,27.25,27.25,86.0,30.98,10000.0,0.0,88.0,0.89,0.93,264.0,1001.0,0,804,Clouds,overcast clouds,04n
2025-07-18 02:12:39,Thanh Hoa-Thanh Hoa,Thanh Hoa,27.25,27.25,27.25,86.0,30.98,10000.0,0.0,88.0,0.89,0.93,264.0,1001.0,0,804,Clouds,overcast clouds,04n
2025-07-18 02:14:34,Thanh Hoa-Thanh Hoa,Thanh Hoa,27.25,27.25,27.25,86.0,30.98,10000.0,0.0,88.0,0.89,0.93,264.0,1001.0,0,804,Clouds,overcast clouds,04n
2025-07-18 02:16:30,Thanh Hoa-Thanh Hoa,Thanh Hoa,27.25,27.25,27.25,86.0,30.98,10000.0,0.0,88.0,0.89,0.93,264.0,1001.0,0,804,Clouds,overcast clouds,04n
2025-07-18 02:18:26,Thanh Hoa-Thanh Hoa,Thanh Hoa,27.25,27.25,27.25,86.0,30.98,10000.0,0.0,88.0,0.89,0.93,264.0,1001.0,0,804,Clouds,overcast clouds,04n
2025-07-18 02:20:21,Thanh Hoa-Thanh Hoa,Thanh Hoa,27.25,27.25,27.25,86.0,30.98,10000.0,0.0,88.0,0.89,0.93,264.0,1001.0,0,804,Clouds,overcast clouds,04n
2025-07-18 02:22:16,Thanh Hoa-Thanh Hoa,Thanh Hoa,27.25,27.25,27.25,86.0,30.98,10000.0,0.0,88.0,0.89,0.93,264.0,1001.0,0,804,Clouds,overcast clouds,04n
2025-07-18 02:24:10,Thanh Hoa-Thanh Hoa,Thanh Hoa,27.25,27.25,27.25,86.0,30.98,10000.0,0.0,88.0,0.89,0.93,264.0,1001.0,0,804,Clouds,overcast clouds,04n
2025-07-18 02:26:05,Thanh Hoa-Thanh Hoa,Thanh Hoa,27.24,27.24,27.24,86.0,30.95,10000.0,0.0,88.0,0.89,0.93,264.0,1001.0,0,804,Clouds,overcast clouds,04n
2025-07-18 02:28:01,Thanh Hoa-Thanh Hoa,Thanh Hoa,27.24,27.24,27.24,86.0,30.95,10000.0,0.0,88.0,0.89,0.93,264.0,1001.0,0,804,Clouds,overcast clouds,04n
2025-07-18 02:29:56,Thanh Hoa-Thanh Hoa,Thanh Hoa,27.24,27.24,27.24,86.0,30.95,10000.0,0.0,88.0,0.89,0.93,264.0,1001.0,0,804,Clouds,overcast clouds,04n
2025-07-18 02:31:52,Thanh Hoa-Thanh Hoa,Thanh Hoa,26.91,26.91,26.91,87.0,30.19,10000.0,0.0,60.0,1.3,1.42,272.0,1001.0,0,803,Clouds,broken clouds,04n
2025-07-18 02:33:47,Thanh Hoa-Thanh Hoa,Thanh Hoa,27.24,27.24,27.24,86.0,30.95,10000.0,0.0,88.0,0.89,0.93,264.0,1001.0,0,804,Clouds,overcast clouds,04n
2025-07-18 02:35:41,Thanh Hoa-Thanh Hoa,Thanh Hoa,27.24,27.24,27.24,86.0,30.95,10000.0,0.0,88.0,0.89,0.93,264.0,1001.0,0,804,Clouds,overcast clouds,04n
2025-07-18 02:37:35,Thanh Hoa-Thanh Hoa,Thanh Hoa,27.24,27.24,27.24,86.0,30.95,10000.0,0.0,88.0,0.89,0.93,264.0,1001.0,0,804,Clouds,overcast clouds,04n
2025-07-18 02:39:30,Thanh Hoa-Thanh Hoa,Thanh Hoa,27.24,27.24,27.24,86.0,30.95,10000.0,0.0,88.0,0.89,0.93,264.0,1001.0,0,804,Clouds,overcast clouds,04n
2025-07-18 02:41:26,Thanh Hoa-Thanh Hoa,Thanh Hoa,26.91,26.91,26.91,87.0,30.19,10000.0,0.0,60.0,1.3,1.42,272.0,1001.0,0,803,Clouds,broken clouds,04n
2025-07-18 02:43:21,Thanh Hoa-Thanh Hoa,Thanh Hoa,26.91,26.91,26.91,87.0,30.19,10000.0,0.0,60.0,1.3,1.42,272.0,1001.0,0,803,Clouds,broken clouds,04n
2025-07-18 02:45:17,Thanh Hoa-Thanh Hoa,Thanh Hoa,26.91,26.91,26.91,87.0,30.19,10000.0,0.0,60.0,1.3,1.42,272.0,1001.0,0,803,Clouds,broken clouds,04n
2025-07-18 02:47:12,Thanh Hoa-Thanh Hoa,Thanh Hoa,26.91,26.91,26.91,87.0,30.19,10000.0,0.0,60.0,1.3,1.42,272.0,1001.0,0,803,Clouds,broken clouds,04n
2025-07-18 02:49:07,Thanh Hoa-Thanh Hoa,Thanh Hoa,26.86,26.86,26.86,87.0,30.06,10000.0,0.0,60.0,1.3,1.42,272.0,1001.0,0,803,Clouds,broken clouds,04n
2025-07-18 02:51:03,Thanh Hoa-Thanh Hoa,Thanh Hoa,26.86,26.86,26.86,87.0,30.06,10000.0,0.0,60.0,1.3,1.42,272.0,1001.0,0,803,Clouds,broken clouds,04n
2025-07-18 02:52:59,Thanh Hoa-Thanh Hoa,Thanh Hoa,26.86,26.86,26.86,87.0,30.06,10000.0,0.0,60.0,1.3,1.42,272.0,1001.0,0,803,Clouds,broken clouds,04n
2025-07-18 02:54:54,Thanh Hoa-Thanh Hoa,Thanh Hoa,26.86,26.86,26.86,87.0,30.06,10000.0,0.0,60.0,1.3,1.42,272.0,1001.0,0,803,Clouds,broken clouds,04n
2025-07-18 02:56:49,Thanh Hoa-Thanh Hoa,Thanh Hoa,26.86,26.86,26.86,87.0,30.06,10000.0,0.0,60.0,1.3,1.42,272.0,1001.0,0,803,Clouds,broken clouds,04n
2025-07-18 02:58:43,Thanh Hoa-Thanh Hoa,Thanh Hoa,26.86,26.86,26.86,87.0,30.06,10000.0,0.0,60.0,1.3,1.42,272.0,1001.0,0,803,Clouds,broken clouds,04n
2025-07-18 03:02:31,Thanh Hoa-Thanh Hoa,Thanh Hoa,26.86,26.86,26.86,87.0,30.06,10000.0,0.0,60.0,1.3,1.42,272.0,1001.0,0,803,Clouds,broken clouds,04n
2025-07-18 03:04:26,Thanh Hoa-Thanh Hoa,Thanh Hoa,26.86,26.86,26.86,87.0,30.06,10000.0,0.0,60.0,1.3,1.42,272.0,1001.0,0,803,Clouds,broken clouds,04n
2025-07-18 03:06:20,Thanh Hoa-Thanh Hoa,Thanh Hoa,26.86,26.86,26.86,87.0,30.06,10000.0,0.0,60.0,1.3,1.42,272.0,1001.0,0,803,Clouds,broken clouds,04n
2025-07-18 03:08:15,Thanh Hoa-Thanh Hoa,Thanh Hoa,26.86,26.86,26.86,87.0,30.06,10000.0,0.0,60.0,1.3,1.42,272.0,1001.0,0,803,Clouds,broken clouds,04n
2025-07-18 03:10:11,Thanh Hoa-Thanh Hoa,Thanh Hoa,26.86,26.86,26.86,87.0,30.06,10000.0,0.0,60.0,1.3,1.42,272.0,1001.0,0,803,Clouds,broken clouds,04n
2025-07-18 03:12:08,Thanh Hoa-Thanh Hoa,Thanh Hoa,26.86,26.86,26.86,87.0,30.06,10000.0,0.0,60.0,1.3,1.42,272.0,1001.0,0,803,Clouds,broken clouds,04n
2025-07-18 03:14:02,Thanh Hoa-Thanh Hoa,Thanh Hoa,26.86,26.86,26.86,87.0,30.06,10000.0,0.0,60.0,1.3,1.42,272.0,1001.0,0,803,Clouds,broken clouds,04n
2025-07-18 03:15:58,Thanh Hoa-Thanh Hoa,Thanh Hoa,26.86,26.86,26.86,87.0,30.06,10000.0,0.0,60.0,1.3,1.42,272.0,1001.0,0,803,Clouds,broken clouds,04n
2025-07-18 03:17:57,Thanh Hoa-Thanh Hoa,Thanh Hoa,26.86,26.86,26.86,87.0,30.06,10000.0,0.0,60.0,1.3,1.42,272.0,1001.0,0,803,Clouds,broken clouds,04n
2025-07-18 03:19:58,Thanh Hoa-Thanh Hoa,Thanh Hoa,26.86,26.86,26.86,87.0,30.06,10000.0,0.0,60.0,1.3,1.42,272.0,1001.0,0,803,Clouds,broken clouds,04n
2025-07-18 03:22:12,Thanh Hoa-Thanh Hoa,Thanh Hoa,26.86,26.86,26.86,87.0,30.06,10000.0,0.0,60.0,1.3,1.42,272.0,1001.0,0,803,Clouds,broken clouds,04n
2025-07-18 03:24:11,Thanh Hoa-Thanh Hoa,Thanh Hoa,26.86,26.86,26.86,87.0,30.06,10000.0,0.0,60.0,1.3,1.42,272.0,1001.0,0,803,Clouds,broken clouds,04n
2025-07-18 03:26:15,Thanh Hoa-Thanh Hoa,Thanh Hoa,26.86,26.86,26.86,87.0,30.06,10000.0,0.0,60.0,1.3,1.42,272.0,1001.0,0,803,Clouds,broken clouds,04n
2025-07-18 03:28:15,Thanh Hoa-Thanh Hoa,Thanh Hoa,26.86,26.86,26.86,87.0,30.06,10000.0,0.0,60.0,1.3,1.42,272.0,1001.0,0,803,Clouds,broken clouds,04n
2025-07-18 03:34:01,Thanh Hoa-Thanh Hoa,Thanh Hoa,26.63,26.63,26.63,88.0,26.63,10000.0,0.0,62.0,1.52,1.91,270.0,1001.0,0,803,Clouds,broken clouds,04n
2025-07-18 03:36:01,Thanh Hoa-Thanh Hoa,Thanh Hoa,26.63,26.63,26.63,88.0,26.63,10000.0,0.0,62.0,1.52,1.91,270.0,1001.0,0,803,Clouds,broken clouds,04n
2025-07-18 03:38:13,Thanh Hoa-Thanh Hoa,Thanh Hoa,26.63,26.63,26.63,88.0,26.63,10000.0,0.0,62.0,1.52,1.91,270.0,1001.0,0,803,Clouds,broken clouds,04n
2025-07-18 03:40:23,Thanh Hoa-Thanh Hoa,Thanh Hoa,26.63,26.63,26.63,88.0,26.63,10000.0,0.0,62.0,1.52,1.91,270.0,1001.0,0,803,Clouds,broken clouds,04n
2025-07-18 03:42:22,Thanh Hoa-Thanh Hoa,Thanh Hoa,26.63,26.63,26.63,88.0,26.63,10000.0,0.0,62.0,1.52,1.91,270.0,1001.0,0,803,Clouds,broken clouds,04n
2025-07-18 03:44:22,Thanh Hoa-Thanh Hoa,Thanh Hoa,26.63,26.63,26.63,88.0,26.63,10000.0,0.0,62.0,1.52,1.91,270.0,1001.0,0,803,Clouds,broken clouds,04n
2025-07-18 03:46:21,Thanh Hoa-Thanh Hoa,Thanh Hoa,26.63,26.63,26.63,88.0,26.63,10000.0,0.0,62.0,1.52,1.91,270.0,1001.0,0,803,Clouds,broken clouds,04n
2025-07-18 03:48:18,Thanh Hoa-Thanh Hoa,Thanh Hoa,26.62,26.62,26.62,88.0,26.62,10000.0,0.0,62.0,1.52,1.91,270.0,1001.0,0,803,Clouds,broken clouds,04n
2025-07-18 03:50:27,Thanh Hoa-Thanh Hoa,Thanh Hoa,26.62,26.62,26.62,88.0,26.62,10000.0,0.0,62.0,1.52,1.91,270.0,1001.0,0,803,Clouds,broken clouds,04n
2025-07-18 03:52:32,Thanh Hoa-Thanh Hoa,Thanh Hoa,26.62,26.62,26.62,88.0,26.62,10000.0,0.0,62.0,1.52,1.91,270.0,1001.0,0,803,Clouds,broken clouds,04n
2025-07-18 03:54:33,Thanh Hoa-Thanh Hoa,Thanh Hoa,26.62,26.62,26.62,88.0,26.62,10000.0,0.0,62.0,1.52,1.91,270.0,1001.0,0,803,Clouds,broken clouds,04n
2025-07-18 03:56:31,Thanh Hoa-Thanh Hoa,Thanh Hoa,26.62,26.62,26.62,88.0,26.62,10000.0,0.0,62.0,1.52,1.91,270.0,1001.0,0,803,Clouds,broken clouds,04n
2025-07-18 03:58:28,Thanh Hoa-Thanh Hoa,Thanh Hoa,26.62,26.62,26.62,88.0,26.62,10000.0,0.0,62.0,1.52,1.91,270.0,1001.0,0,803,Clouds,broken clouds,04n
2025-07-18 04:00:54,Thanh Hoa-Thanh Hoa,Thanh Hoa,26.62,26.62,26.62,88.0,26.62,10000.0,0.0,62.0,1.52,1.91,270.0,1001.0,0,803,Clouds,broken clouds,04n
2025-07-18 04:05:55,Thanh Hoa-Thanh Hoa,Thanh Hoa,26.62,26.62,26.62,88.0,26.62,10000.0,0.0,62.0,1.52,1.91,270.0,1001.0,0,803,Clouds,broken clouds,04n
2025-07-18 04:07:55,Thanh Hoa-Thanh Hoa,Thanh Hoa,26.62,26.62,26.62,88.0,26.62,10000.0,0.0,62.0,1.52,1.91,270.0,1001.0,0,803,Clouds,broken clouds,04n
2025-07-18 04:09:57,Thanh Hoa-Thanh Hoa,Thanh Hoa,26.62,26.62,26.62,88.0,26.62,10000.0,0.0,62.0,1.52,1.91,270.0,1001.0,0,803,Clouds,broken clouds,04n
2025-07-18 04:12:27,Thanh Hoa-Thanh Hoa,Thanh Hoa,26.62,26.62,26.62,88.0,26.62,10000.0,0.0,62.0,1.52,1.91,270.0,1001.0,0,803,Clouds,broken clouds,04n
2025-07-18 04:14:39,Thanh Hoa-Thanh Hoa,Thanh Hoa,26.62,26.62,26.62,88.0,26.62,10000.0,0.0,62.0,1.52,1.91,270.0,1001.0,0,803,Clouds,broken clouds,04n
2025-07-18 04:16:42,Thanh Hoa-Thanh Hoa,Thanh Hoa,26.62,26.62,26.62,88.0,26.62,10000.0,0.0,62.0,1.52,1.91,270.0,1001.0,0,803,Clouds,broken clouds,04n
2025-07-18 04:18:54,Thanh Hoa-Thanh Hoa,Thanh Hoa,26.62,26.62,26.62,88.0,26.62,10000.0,0.0,62.0,1.52,1.91,270.0,1001.0,0,803,Clouds,broken clouds,04n
2025-07-18 04:21:21,Thanh Hoa-Thanh Hoa,Thanh Hoa,26.62,26.62,26.62,88.0,26.62,10000.0,0.0,62.0,1.52,1.91,270.0,1001.0,0,803,Clouds,broken clouds,04n
2025-07-18 04:23:31,Thanh Hoa-Thanh Hoa,Thanh Hoa,26.62,26.62,26.62,88.0,26.62,10000.0,0.0,62.0,1.52,1.91,270.0,1001.0,0,803,Clouds,broken clouds,04n
2025-07-18 04:25:41,Thanh Hoa-Thanh Hoa,Thanh Hoa,26.62,26.62,26.62,88.0,26.62,10000.0,0.0,62.0,1.52,1.91,270.0,1001.0,0,803,Clouds,broken clouds,04n
2025-07-18 04:27:40,Thanh Hoa-Thanh Hoa,Thanh Hoa,26.62,26.62,26.62,88.0,26.62,10000.0,0.0,62.0,1.52,1.91,270.0,1001.0,0,803,Clouds,broken clouds,04n
2025-07-18 04:29:38,Thanh Hoa-Thanh Hoa,Thanh Hoa,26.62,26.62,26.62,88.0,26.62,10000.0,0.0,62.0,1.52,1.91,270.0,1001.0,0,803,Clouds,broken clouds,04n
2025-07-18 04:31:37,Thanh Hoa-Thanh Hoa,Thanh Hoa,26.62,26.62,26.62,88.0,26.62,10000.0,0.0,62.0,1.52,1.91,270.0,1001.0,0,803,Clouds,broken clouds,04n
2025-07-18 04:33:48,Thanh Hoa-Thanh Hoa,Thanh Hoa,26.62,26.62,26.62,88.0,26.62,10000.0,0.0,62.0,1.52,1.91,270.0,1001.0,0,803,Clouds,broken clouds,04n
2025-07-18 04:35:59,Thanh Hoa-Thanh Hoa,Thanh Hoa,26.62,26.62,26.62,88.0,26.62,10000.0,0.0,62.0,1.52,1.91,270.0,1001.0,0,803,Clouds,broken clouds,04n
2025-07-18 04:38:16,Thanh Hoa-Thanh Hoa,Thanh Hoa,26.48,26.48,26.48,89.0,26.48,10000.0,0.0,47.0,1.39,1.71,263.0,1001.0,0,802,Clouds,scattered clouds,03n
2025-07-18 04:40:15,Thanh Hoa-Thanh Hoa,Thanh Hoa,26.48,26.48,26.48,89.0,26.48,10000.0,0.0,47.0,1.39,1.71,263.0,1001.0,0,802,Clouds,scattered clouds,03n
2025-07-18 04:42:16,Thanh Hoa-Thanh Hoa,Thanh Hoa,26.48,26.48,26.48,89.0,26.48,10000.0,0.0,47.0,1.39,1.71,263.0,1001.0,0,802,Clouds,scattered clouds,03n
2025-07-18 04:44:23,Thanh Hoa-Thanh Hoa,Thanh Hoa,26.48,26.48,26.48,89.0,26.48,10000.0,0.0,47.0,1.39,1.71,263.0,1001.0,0,802,Clouds,scattered clouds,03n
2025-07-18 04:46:23,Thanh Hoa-Thanh Hoa,Thanh Hoa,26.48,26.48,26.48,89.0,26.48,10000.0,0.0,47.0,1.39,1.71,263.0,1001.0,0,802,Clouds,scattered clouds,03n
2025-07-18 04:48:21,Thanh Hoa-Thanh Hoa,Thanh Hoa,26.48,26.48,26.48,89.0,26.48,10000.0,0.0,47.0,1.39,1.71,263.0,1001.0,0,802,Clouds,scattered clouds,03n
2025-07-18 04:50:26,Thanh Hoa-Thanh Hoa,Thanh Hoa,26.48,26.48,26.48,89.0,26.48,10000.0,0.0,47.0,1.39,1.71,263.0,1001.0,0,802,Clouds,scattered clouds,03n
2025-07-18 04:52:33,Thanh Hoa-Thanh Hoa,Thanh Hoa,26.48,26.48,26.48,89.0,26.48,10000.0,0.0,47.0,1.39,1.71,263.0,1001.0,0,802,Clouds,scattered clouds,03n
2025-07-18 04:54:41,Thanh Hoa-Thanh Hoa,Thanh Hoa,26.48,26.48,26.48,89.0,26.48,10000.0,0.0,47.0,1.39,1.71,263.0,1001.0,0,802,Clouds,scattered clouds,03n
2025-07-18 05:04:15,Thanh Hoa-Thanh Hoa,Thanh Hoa,26.48,26.48,26.48,89.0,26.48,10000.0,0.0,47.0,1.39,1.71,263.0,1001.0,0,802,Clouds,scattered clouds,03n
2025-07-18 05:10:49,Thanh Hoa-Thanh Hoa,Thanh Hoa,26.48,26.48,26.48,89.0,26.48,10000.0,0.0,47.0,1.39,1.71,263.0,1001.0,0,802,Clouds,scattered clouds,03n
2025-07-18 05:15:17,Thanh Hoa-Thanh Hoa,Thanh Hoa,26.48,26.48,26.48,89.0,26.48,10000.0,0.0,47.0,1.39,1.71,263.0,1001.0,0,802,Clouds,scattered clouds,03n
2025-07-18 05:17:17,Thanh Hoa-Thanh Hoa,Thanh Hoa,26.48,26.48,26.48,89.0,26.48,10000.0,0.0,47.0,1.39,1.71,263.0,1001.0,0,802,Clouds,scattered clouds,03n
2025-07-18 05:19:27,Thanh Hoa-Thanh Hoa,Thanh Hoa,26.48,26.48,26.48,89.0,26.48,10000.0,0.0,47.0,1.39,1.71,263.0,1001.0,0,802,Clouds,scattered clouds,03n
2025-07-18 05:21:45,Thanh Hoa-Thanh Hoa,Thanh Hoa,26.48,26.48,26.48,89.0,26.48,10000.0,0.0,47.0,1.39,1.71,263.0,1001.0,0,802,Clouds,scattered clouds,03n
2025-07-18 05:23:53,Thanh Hoa-Thanh Hoa,Thanh Hoa,26.48,26.48,26.48,89.0,26.48,10000.0,0.0,47.0,1.39,1.71,263.0,1001.0,0,802,Clouds,scattered clouds,03n
2025-07-18 05:25:51,Thanh Hoa-Thanh Hoa,Thanh Hoa,26.48,26.48,26.48,89.0,26.48,10000.0,0.0,47.0,1.39,1.71,263.0,1001.0,0,802,Clouds,scattered clouds,03n
2025-07-18 05:29:50,Thanh Hoa-Thanh Hoa,Thanh Hoa,26.48,26.48,26.48,89.0,26.48,10000.0,0.0,47.0,1.39,1.71,263.0,1001.0,1,802,Clouds,scattered clouds,03d
2025-07-18 05:31:50,Thanh Hoa-Thanh Hoa,Thanh Hoa,26.48,26.48,26.48,89.0,26.48,10000.0,0.0,47.0,1.39,1.71,263.0,1001.0,1,802,Clouds,scattered clouds,03n
2025-07-18 05:33:47,Thanh Hoa-Thanh Hoa,Thanh Hoa,26.89,26.89,26.89,89.0,30.33,10000.0,0.0,59.0,1.37,1.84,280.0,1001.0,1,803,Clouds,broken clouds,04d
2025-07-18 05:35:45,Thanh Hoa-Thanh Hoa,Thanh Hoa,26.48,26.48,26.48,89.0,26.48,10000.0,0.0,47.0,1.39,1.71,263.0,1001.0,1,802,Clouds,scattered clouds,03d
2025-07-18 05:37:43,Thanh Hoa-Thanh Hoa,Thanh Hoa,26.48,26.48,26.48,89.0,26.48,10000.0,0.0,47.0,1.39,1.71,263.0,1001.0,1,802,Clouds,scattered clouds,03d
2025-07-18 05:39:43,Thanh Hoa-Thanh Hoa,Thanh Hoa,26.48,26.48,26.48,89.0,26.48,10000.0,0.0,47.0,1.39,1.71,263.0,1001.0,1,802,Clouds,scattered clouds,03d
2025-07-18 05:41:41,Thanh Hoa-Thanh Hoa,Thanh Hoa,26.89,26.89,26.89,89.0,30.33,10000.0,0.0,59.0,1.37,1.84,280.0,1001.0,1,803,Clouds,broken clouds,04d
2025-07-18 05:43:38,Thanh Hoa-Thanh Hoa,Thanh Hoa,26.89,26.89,26.89,89.0,30.33,10000.0,0.0,59.0,1.37,1.84,280.0,1001.0,1,803,Clouds,broken clouds,04d
2025-07-18 05:45:37,Thanh Hoa-Thanh Hoa,Thanh Hoa,26.89,26.89,26.89,89.0,30.33,10000.0,0.0,59.0,1.37,1.84,280.0,1001.0,1,803,Clouds,broken clouds,04d
2025-07-18 06:21:43,Thanh Hoa-Thanh Hoa,Thanh Hoa,26.89,26.89,26.89,89.0,30.33,10000.0,0.0,59.0,1.37,1.84,280.0,1001.0,1,803,Clouds,broken clouds,04d
2025-07-18 06:43:35,Thanh Hoa-Thanh Hoa,Thanh Hoa,28.54,28.54,28.54,82.0,33.87,10000.0,0.0,63.0,1.46,2.34,286.0,1002.0,1,803,Clouds,broken clouds,04d
2025-07-18 06:47:41,Thanh Hoa-Thanh Hoa,Thanh Hoa,28.54,28.54,28.54,82.0,33.87,10000.0,0.0,63.0,1.46,2.34,286.0,1002.0,1,803,Clouds,broken clouds,04d
2025-07-18 08:44:21,Thanh Hoa-Thanh Hoa,Thanh Hoa,32.31,32.31,32.31,67.0,39.31,10000.0,0.0,92.0,1.5,1.99,296.0,1002.0,1,804,Clouds,overcast clouds,04d
2025-07-18 08:48:48,Thanh Hoa-Thanh Hoa,Thanh Hoa,32.31,32.31,32.31,67.0,39.31,10000.0,0.0,92.0,1.5,1.99,296.0,1002.0,1,804,Clouds,overcast clouds,04d
2025-07-18 08:51:42,Thanh Hoa-Thanh Hoa,Thanh Hoa,32.31,32.31,32.31,67.0,39.31,10000.0,0.0,92.0,1.5,1.99,296.0,1002.0,1,804,Clouds,overcast clouds,04d
2025-07-18 08:56:37,Thanh Hoa-Thanh Hoa,Thanh Hoa,32.33,32.33,32.33,67.0,39.33,10000.0,0.0,92.0,1.5,1.99,296.0,1002.0,1,804,Clouds,overcast clouds,04d
2025-07-18 08:58:46,Thanh Hoa-Thanh Hoa,Thanh Hoa,32.33,32.33,32.33,67.0,39.33,10000.0,0.0,92.0,1.5,1.99,296.0,1002.0,1,804,Clouds,overcast clouds,04d
2025-07-18 09:01:00,Thanh Hoa-Thanh Hoa,Thanh Hoa,32.33,32.33,32.33,67.0,39.33,10000.0,0.0,92.0,1.5,1.99,296.0,1002.0,1,804,Clouds,overcast clouds,04d
2025-07-18 09:21:43,Thanh Hoa-Thanh Hoa,Thanh Hoa,32.34,32.34,32.34,67.0,39.34,10000.0,0.0,92.0,1.5,1.99,296.0,1002.0,1,804,Clouds,overcast clouds,04d
2025-07-18 09:31:59,Thanh Hoa-Thanh Hoa,Thanh Hoa,34.08,34.08,34.08,60.0,41.08,10000.0,0.0,95.0,1.55,1.98,319.0,1002.0,1,804,Clouds,overcast clouds,04d
2025-07-18 09:34:02,Thanh Hoa-Thanh Hoa,Thanh Hoa,34.08,34.08,34.08,60.0,41.08,10000.0,0.0,95.0,1.55,1.98,319.0,1002.0,1,804,Clouds,overcast clouds,04d
2025-07-18 09:36:22,Thanh Hoa-Thanh Hoa,Thanh Hoa,34.08,34.08,34.08,60.0,41.08,10000.0,0.0,95.0,1.55,1.98,319.0,1002.0,1,804,Clouds,overcast clouds,04d
2025-07-18 09:41:47,Thanh Hoa-Thanh Hoa,Thanh Hoa,34.08,34.08,34.08,60.0,41.08,10000.0,0.0,95.0,1.55,1.98,319.0,1002.0,1,804,Clouds,overcast clouds,04d
2025-07-18 09:43:47,Thanh Hoa-Thanh Hoa,Thanh Hoa,34.08,34.08,34.08,60.0,41.08,10000.0,0.0,95.0,1.55,1.98,319.0,1002.0,1,804,Clouds,overcast clouds,04d
2025-07-18 09:45:47,Thanh Hoa-Thanh Hoa,Thanh Hoa,34.08,34.08,34.08,60.0,41.08,10000.0,0.0,95.0,1.55,1.98,319.0,1002.0,1,804,Clouds,overcast clouds,04d
2025-07-18 09:48:05,Thanh Hoa-Thanh Hoa,Thanh Hoa,34.05,34.05,34.05,60.0,41.05,10000.0,0.0,95.0,1.55,1.98,319.0,1002.0,1,804,Clouds,overcast clouds,04d
2025-07-18 09:50:37,Thanh Hoa-Thanh Hoa,Thanh Hoa,34.08,34.08,34.08,60.0,41.08,10000.0,0.0,95.0,1.55,1.98,319.0,1002.0,1,804,Clouds,overcast clouds,04d
2025-07-18 09:52:43,Thanh Hoa-Thanh Hoa,Thanh Hoa,34.08,34.08,34.08,60.0,41.08,10000.0,0.0,95.0,1.55,1.98,319.0,1002.0,1,804,Clouds,overcast clouds,04d
2025-07-18 09:54:42,Thanh Hoa-Thanh Hoa,Thanh Hoa,34.05,34.05,34.05,60.0,41.05,10000.0,0.0,95.0,1.55,1.98,319.0,1002.0,1,804,Clouds,overcast clouds,04d
2025-07-18 09:56:44,Thanh Hoa-Thanh Hoa,Thanh Hoa,34.05,34.05,34.05,60.0,41.05,10000.0,0.0,95.0,1.55,1.98,319.0,1002.0,1,804,Clouds,overcast clouds,04d
2025-07-18 09:58:43,Thanh Hoa-Thanh Hoa,Thanh Hoa,34.05,34.05,34.05,60.0,41.05,10000.0,0.0,95.0,1.55,1.98,319.0,1002.0,1,804,Clouds,overcast clouds,04d
2025-07-18 10:00:42,Thanh Hoa-Thanh Hoa,Thanh Hoa,34.05,34.05,34.05,60.0,41.05,10000.0,0.0,95.0,1.55,1.98,319.0,1002.0,1,804,Clouds,overcast clouds,04d
2025-07-18 10:02:42,Thanh Hoa-Thanh Hoa,Thanh Hoa,34.05,34.05,34.05,60.0,41.05,10000.0,0.0,95.0,1.55,1.98,319.0,1002.0,1,804,Clouds,overcast clouds,04d
2025-07-18 10:04:52,Thanh Hoa-Thanh Hoa,Thanh Hoa,34.05,34.05,34.05,60.0,41.05,10000.0,0.0,95.0,1.55,1.98,319.0,1002.0,1,804,Clouds,overcast clouds,04d
2025-07-18 10:07:26,Thanh Hoa-Thanh Hoa,Thanh Hoa,34.03,34.03,34.03,60.0,41.03,10000.0,0.0,95.0,1.55,1.98,319.0,1002.0,1,804,Clouds,overcast clouds,04d
2025-07-18 10:09:24,Thanh Hoa-Thanh Hoa,Thanh Hoa,34.03,34.03,34.03,60.0,41.03,10000.0,0.0,95.0,1.55,1.98,319.0,1002.0,1,804,Clouds,overcast clouds,04d
2025-07-18 10:11:41,Thanh Hoa-Thanh Hoa,Thanh Hoa,34.05,34.05,34.05,60.0,41.05,10000.0,0.0,95.0,1.55,1.98,319.0,1002.0,1,804,Clouds,overcast clouds,04d
2025-07-18 10:13:46,Thanh Hoa-Thanh Hoa,Thanh Hoa,34.05,34.05,34.05,60.0,41.05,10000.0,0.0,95.0,1.55,1.98,319.0,1002.0,1,804,Clouds,overcast clouds,04d
2025-07-18 10:15:50,Thanh Hoa-Thanh Hoa,Thanh Hoa,34.03,34.03,34.03,60.0,41.03,10000.0,0.0,95.0,1.55,1.98,319.0,1002.0,1,804,Clouds,overcast clouds,04d
2025-07-18 10:17:50,Thanh Hoa-Thanh Hoa,Thanh Hoa,34.04,34.04,34.04,60.0,41.04,10000.0,0.0,95.0,1.55,1.98,319.0,1002.0,1,804,Clouds,overcast clouds,04d
2025-07-18 10:19:52,Thanh Hoa-Thanh Hoa,Thanh Hoa,34.04,34.04,34.04,60.0,41.04,10000.0,0.0,95.0,1.55,1.98,319.0,1002.0,1,804,Clouds,overcast clouds,04d
2025-07-18 10:21:52,Thanh Hoa-Thanh Hoa,Thanh Hoa,34.04,34.04,34.04,60.0,41.04,10000.0,0.0,95.0,1.55,1.98,319.0,1002.0,1,804,Clouds,overcast clouds,04d
2025-07-18 10:23:52,Thanh Hoa-Thanh Hoa,Thanh Hoa,34.04,34.04,34.04,60.0,41.04,10000.0,0.0,95.0,1.55,1.98,319.0,1002.0,1,804,Clouds,overcast clouds,04d
2025-07-18 10:25:52,Thanh Hoa-Thanh Hoa,Thanh Hoa,34.04,34.04,34.04,60.0,41.04,10000.0,0.0,95.0,1.55,1.98,319.0,1002.0,1,804,Clouds,overcast clouds,04d
2025-07-18 10:27:50,Thanh Hoa-Thanh Hoa,Thanh Hoa,34.04,34.04,34.04,60.0,41.04,10000.0,0.0,95.0,1.55,1.98,319.0,1002.0,1,804,Clouds,overcast clouds,04d
2025-07-18 10:29:49,Thanh Hoa-Thanh Hoa,Thanh Hoa,34.04,34.04,34.04,60.0,41.04,10000.0,0.0,95.0,1.55,1.98,319.0,1002.0,1,804,Clouds,overcast clouds,04d
2025-07-18 10:31:48,Thanh Hoa-Thanh Hoa,Thanh Hoa,34.04,34.04,34.04,60.0,41.04,10000.0,0.0,95.0,1.55,1.98,319.0,1002.0,1,804,Clouds,overcast clouds,04d
2025-07-18 10:33:48,Thanh Hoa-Thanh Hoa,Thanh Hoa,34.04,34.04,34.04,60.0,41.04,10000.0,0.0,95.0,1.55,1.98,319.0,1002.0,1,804,Clouds,overcast clouds,04d
2025-07-18 10:35:51,Thanh Hoa-Thanh Hoa,Thanh Hoa,34.04,34.04,34.04,60.0,41.04,10000.0,0.0,95.0,1.55,1.98,319.0,1002.0,1,804,Clouds,overcast clouds,04d
2025-07-18 10:37:51,Thanh Hoa-Thanh Hoa,Thanh Hoa,35.39,35.39,35.39,55.0,42.39,10000.0,0.0,96.0,1.58,2.29,316.0,1001.0,1,804,Clouds,overcast clouds,04d
2025-07-18 10:39:52,Thanh Hoa-Thanh Hoa,Thanh Hoa,35.39,35.39,35.39,55.0,42.39,10000.0,0.0,96.0,1.58,2.29,316.0,1001.0,1,804,Clouds,overcast clouds,04d
2025-07-18 10:41:53,Thanh Hoa-Thanh Hoa,Thanh Hoa,35.39,35.39,35.39,55.0,42.39,10000.0,0.0,96.0,1.58,2.29,316.0,1001.0,1,804,Clouds,overcast clouds,04d
2025-07-18 10:43:51,Thanh Hoa-Thanh Hoa,Thanh Hoa,35.39,35.39,35.39,55.0,42.39,10000.0,0.0,96.0,1.58,2.29,316.0,1001.0,1,804,Clouds,overcast clouds,04d
2025-07-18 10:45:50,Thanh Hoa-Thanh Hoa,Thanh Hoa,35.39,35.39,35.39,55.0,42.39,10000.0,0.0,96.0,1.58,2.29,316.0,1001.0,1,804,Clouds,overcast clouds,04d
2025-07-18 10:47:52,Thanh Hoa-Thanh Hoa,Thanh Hoa,35.4,35.4,35.4,55.0,42.4,10000.0,0.0,96.0,1.58,2.29,316.0,1001.0,1,804,Clouds,overcast clouds,04d
2025-07-18 10:49:53,Thanh Hoa-Thanh Hoa,Thanh Hoa,35.4,35.4,35.4,55.0,42.4,10000.0,0.0,96.0,1.58,2.29,316.0,1001.0,1,804,Clouds,overcast clouds,04d
2025-07-18 10:51:54,Thanh Hoa-Thanh Hoa,Thanh Hoa,35.39,35.39,35.39,55.0,42.39,10000.0,0.0,96.0,1.58,2.29,316.0,1001.0,1,804,Clouds,overcast clouds,04d
2025-07-18 10:53:53,Thanh Hoa-Thanh Hoa,Thanh Hoa,35.4,35.4,35.4,55.0,42.4,10000.0,0.0,96.0,1.58,2.29,316.0,1001.0,1,804,Clouds,overcast clouds,04d
2025-07-18 10:55:56,Thanh Hoa-Thanh Hoa,Thanh Hoa,35.4,35.4,35.4,55.0,42.4,10000.0,0.0,96.0,1.58,2.29,316.0,1001.0,1,804,Clouds,overcast clouds,04d
2025-07-18 10:57:59,Thanh Hoa-Thanh Hoa,Thanh Hoa,35.4,35.4,35.4,55.0,42.4,10000.0,0.0,96.0,1.58,2.29,316.0,1001.0,1,804,Clouds,overcast clouds,04d
2025-07-18 11:02:16,Thanh Hoa-Thanh Hoa,Thanh Hoa,35.4,35.4,35.4,55.0,42.4,10000.0,0.0,96.0,1.58,2.29,316.0,1001.0,1,804,Clouds,overcast clouds,04d
2025-07-18 11:04:19,Thanh Hoa-Thanh Hoa,Thanh Hoa,35.37,35.37,35.37,55.0,42.37,10000.0,0.0,96.0,1.58,2.29,316.0,1001.0,1,804,Clouds,overcast clouds,04d
2025-07-18 11:06:20,Thanh Hoa-Thanh Hoa,Thanh Hoa,35.37,35.37,35.37,55.0,42.37,10000.0,0.0,96.0,1.58,2.29,316.0,1001.0,1,804,Clouds,overcast clouds,04d
2025-07-18 11:08:24,Thanh Hoa-Thanh Hoa,Thanh Hoa,35.37,35.37,35.37,55.0,42.37,10000.0,0.0,96.0,1.58,2.29,316.0,1001.0,1,804,Clouds,overcast clouds,04d
2025-07-18 11:10:24,Thanh Hoa-Thanh Hoa,Thanh Hoa,35.37,35.37,35.37,55.0,42.37,10000.0,0.0,96.0,1.58,2.29,316.0,1001.0,1,804,Clouds,overcast clouds,04d
2025-07-18 11:12:23,Thanh Hoa-Thanh Hoa,Thanh Hoa,35.37,35.37,35.37,55.0,42.37,10000.0,0.0,96.0,1.58,2.29,316.0,1001.0,1,804,Clouds,overcast clouds,04d
2025-07-18 11:14:22,Thanh Hoa-Thanh Hoa,Thanh Hoa,35.37,35.37,35.37,55.0,42.37,10000.0,0.0,96.0,1.58,2.29,316.0,1001.0,1,804,Clouds,overcast clouds,04d
2025-07-18 11:16:23,Thanh Hoa-Thanh Hoa,Thanh Hoa,35.37,35.37,35.37,55.0,42.37,10000.0,0.0,96.0,1.58,2.29,316.0,1001.0,1,804,Clouds,overcast clouds,04d
2025-07-18 11:18:25,Thanh Hoa-Thanh Hoa,Thanh Hoa,35.37,35.37,35.37,55.0,42.37,10000.0,0.0,96.0,1.58,2.29,316.0,1001.0,1,804,Clouds,overcast clouds,04d
2025-07-18 11:20:26,Thanh Hoa-Thanh Hoa,Thanh Hoa,35.38,35.38,35.38,55.0,42.38,10000.0,0.0,96.0,1.58,2.29,316.0,1001.0,1,804,Clouds,overcast clouds,04d
2025-07-18 11:22:28,Thanh Hoa-Thanh Hoa,Thanh Hoa,35.38,35.38,35.38,55.0,42.38,10000.0,0.0,96.0,1.58,2.29,316.0,1001.0,1,804,Clouds,overcast clouds,04d
2025-07-18 11:24:30,Thanh Hoa-Thanh Hoa,Thanh Hoa,35.38,35.38,35.38,55.0,42.38,10000.0,0.0,96.0,1.58,2.29,316.0,1001.0,1,804,Clouds,overcast clouds,04d
2025-07-18 11:26:29,Thanh Hoa-Thanh Hoa,Thanh Hoa,35.38,35.38,35.38,55.0,42.38,10000.0,0.0,96.0,1.58,2.29,316.0,1001.0,1,804,Clouds,overcast clouds,04d
2025-07-18 11:28:30,Thanh Hoa-Thanh Hoa,Thanh Hoa,35.38,35.38,35.38,55.0,42.38,10000.0,0.0,96.0,1.58,2.29,316.0,1001.0,1,804,Clouds,overcast clouds,04d
2025-07-18 11:30:32,Thanh Hoa-Thanh Hoa,Thanh Hoa,35.38,35.38,35.38,55.0,42.38,10000.0,0.0,96.0,1.58,2.29,316.0,1001.0,1,804,Clouds,overcast clouds,04d
2025-07-18 11:32:34,Thanh Hoa-Thanh Hoa,Thanh Hoa,35.38,35.38,35.38,55.0,42.38,10000.0,0.0,96.0,1.58,2.29,316.0,1001.0,1,804,Clouds,overcast clouds,04d
2025-07-18 11:34:35,Thanh Hoa-Thanh Hoa,Thanh Hoa,36.43,36.43,36.43,50.0,43.43,10000.0,0.0,97.0,1.34,2.34,323.0,1000.0,1,804,Clouds,overcast clouds,04d
2025-07-18 11:36:34,Thanh Hoa-Thanh Hoa,Thanh Hoa,36.43,36.43,36.43,50.0,43.43,10000.0,0.0,97.0,1.34,2.34,323.0,1000.0,1,804,Clouds,overcast clouds,04d
2025-07-18 11:38:35,Thanh Hoa-Thanh Hoa,Thanh Hoa,36.43,36.43,36.43,50.0,43.43,10000.0,0.0,97.0,1.34,2.34,323.0,1000.0,1,804,Clouds,overcast clouds,04d
2025-07-18 11:40:37,Thanh Hoa-Thanh Hoa,Thanh Hoa,36.43,36.43,36.43,50.0,43.43,10000.0,0.0,97.0,1.34,2.34,323.0,1000.0,1,804,Clouds,overcast clouds,04d
2025-07-18 11:42:38,Thanh Hoa-Thanh Hoa,Thanh Hoa,36.43,36.43,36.43,50.0,43.43,10000.0,0.0,97.0,1.34,2.34,323.0,1000.0,1,804,Clouds,overcast clouds,04d
2025-07-18 11:44:40,Thanh Hoa-Thanh Hoa,Thanh Hoa,36.43,36.43,36.43,50.0,43.43,10000.0,0.0,97.0,1.34,2.34,323.0,1000.0,1,804,Clouds,overcast clouds,04d
2025-07-18 11:46:40,Thanh Hoa-Thanh Hoa,Thanh Hoa,36.46,36.46,36.46,50.0,43.46,10000.0,0.0,97.0,1.34,2.34,323.0,1000.0,1,804,Clouds,overcast clouds,04d
2025-07-18 11:48:41,Thanh Hoa-Thanh Hoa,Thanh Hoa,36.46,36.46,36.46,50.0,43.46,10000.0,0.0,97.0,1.34,2.34,323.0,1000.0,1,804,Clouds,overcast clouds,04d
2025-07-18 11:50:41,Thanh Hoa-Thanh Hoa,Thanh Hoa,36.46,36.46,36.46,50.0,43.46,10000.0,0.0,97.0,1.34,2.34,323.0,1000.0,1,804,Clouds,overcast clouds,04d
2025-07-18 11:52:42,Thanh Hoa-Thanh Hoa,Thanh Hoa,36.46,36.46,36.46,50.0,43.46,10000.0,0.0,97.0,1.34,2.34,323.0,1000.0,1,804,Clouds,overcast clouds,04d
2025-07-18 11:54:45,Thanh Hoa-Thanh Hoa,Thanh Hoa,36.46,36.46,36.46,50.0,43.46,10000.0,0.0,97.0,1.34,2.34,323.0,1000.0,1,804,Clouds,overcast clouds,04d
2025-07-18 11:56:47,Thanh Hoa-Thanh Hoa,Thanh Hoa,36.46,36.46,36.46,50.0,43.46,10000.0,0.0,97.0,1.34,2.34,323.0,1000.0,1,804,Clouds,overcast clouds,04d
2025-07-18 11:58:48,Thanh Hoa-Thanh Hoa,Thanh Hoa,36.46,36.46,36.46,50.0,43.46,10000.0,0.0,97.0,1.34,2.34,323.0,1000.0,1,804,Clouds,overcast clouds,04d
2025-07-18 12:00:49,Thanh Hoa-Thanh Hoa,Thanh Hoa,36.46,36.46,36.46,50.0,43.46,10000.0,0.0,97.0,1.34,2.34,323.0,1000.0,1,804,Clouds,overcast clouds,04d
2025-07-18 12:02:50,Thanh Hoa-Thanh Hoa,Thanh Hoa,36.46,36.46,36.46,50.0,43.46,10000.0,0.0,97.0,1.34,2.34,323.0,1000.0,1,804,Clouds,overcast clouds,04d
2025-07-18 12:04:52,Thanh Hoa-Thanh Hoa,Thanh Hoa,36.46,36.46,36.46,50.0,43.46,10000.0,0.0,97.0,1.34,2.34,323.0,1000.0,1,804,Clouds,overcast clouds,04d
2025-07-18 12:06:54,Thanh Hoa-Thanh Hoa,Thanh Hoa,36.46,36.46,36.46,50.0,43.46,10000.0,0.0,97.0,1.34,2.34,323.0,1000.0,1,804,Clouds,overcast clouds,04d
2025-07-18 12:08:56,Thanh Hoa-Thanh Hoa,Thanh Hoa,36.42,36.42,36.42,50.0,43.42,10000.0,0.0,97.0,1.34,2.34,323.0,1000.0,1,804,Clouds,overcast clouds,04d
2025-07-18 12:10:58,Thanh Hoa-Thanh Hoa,Thanh Hoa,36.42,36.42,36.42,50.0,43.42,10000.0,0.0,97.0,1.34,2.34,323.0,1000.0,1,804,Clouds,overcast clouds,04d
2025-07-18 12:13:00,Thanh Hoa-Thanh Hoa,Thanh Hoa,36.42,36.42,36.42,50.0,43.42,10000.0,0.0,97.0,1.34,2.34,323.0,1000.0,1,804,Clouds,overcast clouds,04d
2025-07-18 12:15:03,Thanh Hoa-Thanh Hoa,Thanh Hoa,36.42,36.42,36.42,50.0,43.42,10000.0,0.0,97.0,1.34,2.34,323.0,1000.0,1,804,Clouds,overcast clouds,04d
2025-07-18 12:17:08,Thanh Hoa-Thanh Hoa,Thanh Hoa,36.42,36.42,36.42,50.0,43.42,10000.0,0.0,97.0,1.34,2.34,323.0,1000.0,1,804,Clouds,overcast clouds,04d
2025-07-18 12:19:12,Thanh Hoa-Thanh Hoa,Thanh Hoa,36.44,36.44,36.44,50.0,43.44,10000.0,0.0,97.0,1.34,2.34,323.0,1000.0,1,804,Clouds,overcast clouds,04d
2025-07-18 12:21:16,Thanh Hoa-Thanh Hoa,Thanh Hoa,36.44,36.44,36.44,50.0,43.44,10000.0,0.0,97.0,1.34,2.34,323.0,1000.0,1,804,Clouds,overcast clouds,04d
2025-07-18 12:23:18,Thanh Hoa-Thanh Hoa,Thanh Hoa,36.44,36.44,36.44,50.0,43.44,10000.0,0.0,97.0,1.34,2.34,323.0,1000.0,1,804,Clouds,overcast clouds,04d
2025-07-18 12:25:18,Thanh Hoa-Thanh Hoa,Thanh Hoa,36.44,36.44,36.44,50.0,43.44,10000.0,0.0,97.0,1.34,2.34,323.0,1000.0,1,804,Clouds,overcast clouds,04d
2025-07-18 12:27:18,Thanh Hoa-Thanh Hoa,Thanh Hoa,36.44,36.44,36.44,50.0,43.44,10000.0,0.0,97.0,1.34,2.34,323.0,1000.0,1,804,Clouds,overcast clouds,04d
2025-07-18 12:29:19,Thanh Hoa-Thanh Hoa,Thanh Hoa,36.44,36.44,36.44,50.0,43.44,10000.0,0.0,97.0,1.34,2.34,323.0,1000.0,1,804,Clouds,overcast clouds,04d
2025-07-18 12:31:21,Thanh Hoa-Thanh Hoa,Thanh Hoa,36.44,36.44,36.44,50.0,43.44,10000.0,0.0,97.0,1.34,2.34,323.0,1000.0,1,804,Clouds,overcast clouds,04d
2025-07-18 12:33:21,Thanh Hoa-Thanh Hoa,Thanh Hoa,36.44,36.44,36.44,50.0,43.44,10000.0,0.0,97.0,1.34,2.34,323.0,1000.0,1,804,Clouds,overcast clouds,04d
2025-07-18 12:35:22,Thanh Hoa-Thanh Hoa,Thanh Hoa,36.44,36.44,36.44,50.0,43.44,10000.0,0.0,97.0,1.34,2.34,323.0,1000.0,1,804,Clouds,overcast clouds,04d
2025-07-18 12:37:23,Thanh Hoa-Thanh Hoa,Thanh Hoa,36.81,36.81,36.81,48.0,43.81,10000.0,0.0,97.0,1.01,2.82,349.0,999.0,1,804,Clouds,overcast clouds,04d
2025-07-18 12:39:25,Thanh Hoa-Thanh Hoa,Thanh Hoa,36.81,36.81,36.81,48.0,43.81,10000.0,0.0,97.0,1.01,2.82,349.0,999.0,1,804,Clouds,overcast clouds,04d
2025-07-18 12:41:29,Thanh Hoa-Thanh Hoa,Thanh Hoa,36.81,36.81,36.81,48.0,43.81,10000.0,0.0,97.0,1.01,2.82,349.0,999.0,1,804,Clouds,overcast clouds,04d
2025-07-18 12:43:32,Thanh Hoa-Thanh Hoa,Thanh Hoa,36.81,36.81,36.81,48.0,43.81,10000.0,0.0,97.0,1.01,2.82,349.0,999.0,1,804,Clouds,overcast clouds,04d
2025-07-18 12:45:34,Thanh Hoa-Thanh Hoa,Thanh Hoa,36.81,36.81,36.81,48.0,43.81,10000.0,0.0,97.0,1.01,2.82,349.0,999.0,1,804,Clouds,overcast clouds,04d
2025-07-18 12:47:37,Thanh Hoa-Thanh Hoa,Thanh Hoa,36.81,36.81,36.81,48.0,43.81,10000.0,0.0,97.0,1.01,2.82,349.0,999.0,1,804,Clouds,overcast clouds,04d
2025-07-18 12:49:38,Thanh Hoa-Thanh Hoa,Thanh Hoa,36.81,36.81,36.81,48.0,43.81,10000.0,0.0,97.0,1.01,2.82,349.0,999.0,1,804,Clouds,overcast clouds,04d
2025-07-18 12:51:40,Thanh Hoa-Thanh Hoa,Thanh Hoa,36.81,36.81,36.81,48.0,43.81,10000.0,0.0,97.0,1.01,2.82,349.0,999.0,1,804,Clouds,overcast clouds,04d
2025-07-18 12:53:43,Thanh Hoa-Thanh Hoa,Thanh Hoa,36.81,36.81,36.81,48.0,43.81,10000.0,0.0,97.0,1.01,2.82,349.0,999.0,1,804,Clouds,overcast clouds,04d
2025-07-18 12:55:46,Thanh Hoa-Thanh Hoa,Thanh Hoa,36.81,36.81,36.81,48.0,43.81,10000.0,0.0,97.0,1.01,2.82,349.0,999.0,1,804,Clouds,overcast clouds,04d
2025-07-18 12:57:47,Thanh Hoa-Thanh Hoa,Thanh Hoa,36.81,36.81,36.81,48.0,43.81,10000.0,0.0,97.0,1.01,2.82,349.0,999.0,1,804,Clouds,overcast clouds,04d
2025-07-18 12:59:47,Thanh Hoa-Thanh Hoa,Thanh Hoa,36.81,36.81,36.81,48.0,43.81,10000.0,0.0,97.0,1.01,2.82,349.0,999.0,1,804,Clouds,overcast clouds,04d
2025-07-18 13:01:46,Thanh Hoa-Thanh Hoa,Thanh Hoa,36.81,36.81,36.81,48.0,43.81,10000.0,0.0,97.0,1.01,2.82,349.0,999.0,1,804,Clouds,overcast clouds,04d
2025-07-18 13:03:44,Thanh Hoa-Thanh Hoa,Thanh Hoa,36.81,36.81,36.81,48.0,43.81,10000.0,0.0,80.0,0.83,2.82,10.0,999.0,1,803,Clouds,broken clouds,04d
2025-07-18 13:05:42,Thanh Hoa-Thanh Hoa,Thanh Hoa,36.81,36.81,36.81,48.0,43.81,10000.0,0.0,80.0,0.83,2.82,10.0,999.0,1,803,Clouds,broken clouds,04d
2025-07-18 13:07:41,Thanh Hoa-Thanh Hoa,Thanh Hoa,36.81,36.81,36.81,48.0,43.81,10000.0,0.0,80.0,0.83,2.82,10.0,999.0,1,803,Clouds,broken clouds,04d
2025-07-18 13:09:44,Thanh Hoa-Thanh Hoa,Thanh Hoa,36.81,36.81,36.81,48.0,43.81,10000.0,0.0,80.0,0.83,2.82,10.0,999.0,1,803,Clouds,broken clouds,04d
2025-07-18 13:11:44,Thanh Hoa-Thanh Hoa,Thanh Hoa,36.81,36.81,36.81,48.0,43.81,10000.0,0.0,80.0,0.83,2.82,10.0,999.0,1,803,Clouds,broken clouds,04d
2025-07-18 13:13:46,Thanh Hoa-Thanh Hoa,Thanh Hoa,36.81,36.81,36.81,48.0,43.81,10000.0,0.0,80.0,0.83,2.82,10.0,999.0,1,803,Clouds,broken clouds,04d
2025-07-18 13:15:47,Thanh Hoa-Thanh Hoa,Thanh Hoa,36.81,36.81,36.81,48.0,43.81,10000.0,0.0,80.0,0.83,2.82,10.0,999.0,1,803,Clouds,broken clouds,04d
2025-07-18 13:17:47,Thanh Hoa-Thanh Hoa,Thanh Hoa,36.81,36.81,36.81,48.0,43.81,10000.0,0.0,80.0,0.83,2.82,10.0,999.0,1,803,Clouds,broken clouds,04d
2025-07-18 13:19:46,Thanh Hoa-Thanh Hoa,Thanh Hoa,36.81,36.81,36.81,48.0,43.81,10000.0,0.0,80.0,0.83,2.82,10.0,999.0,1,803,Clouds,broken clouds,04d
2025-07-18 13:21:46,Thanh Hoa-Thanh Hoa,Thanh Hoa,36.81,36.81,36.81,48.0,43.81,10000.0,0.0,80.0,0.83,2.82,10.0,999.0,1,803,Clouds,broken clouds,04d
2025-07-18 13:23:46,Thanh Hoa-Thanh Hoa,Thanh Hoa,36.81,36.81,36.81,48.0,43.81,10000.0,0.0,80.0,0.83,2.82,10.0,999.0,1,803,Clouds,broken clouds,04d
2025-07-18 13:25:46,Thanh Hoa-Thanh Hoa,Thanh Hoa,36.81,36.81,36.81,48.0,43.81,10000.0,0.0,80.0,0.83,2.82,10.0,999.0,1,803,Clouds,broken clouds,04d
2025-07-18 13:27:47,Thanh Hoa-Thanh Hoa,Thanh Hoa,36.81,36.81,36.81,48.0,43.81,10000.0,0.0,80.0,0.83,2.82,10.0,999.0,1,803,Clouds,broken clouds,04d
2025-07-18 13:29:48,Thanh Hoa-Thanh Hoa,Thanh Hoa,36.81,36.81,36.81,48.0,43.81,10000.0,0.0,80.0,0.83,2.82,10.0,999.0,1,803,Clouds,broken clouds,04d
2025-07-18 13:31:49,Thanh Hoa-Thanh Hoa,Thanh Hoa,36.81,36.81,36.81,48.0,43.81,10000.0,0.0,80.0,0.83,2.82,10.0,999.0,1,803,Clouds,broken clouds,04d
2025-07-18 13:33:50,Thanh Hoa-Thanh Hoa,Thanh Hoa,36.81,36.81,36.81,48.0,43.81,10000.0,0.0,80.0,0.83,2.82,10.0,999.0,1,803,Clouds,broken clouds,04d
2025-07-18 13:35:51,Thanh Hoa-Thanh Hoa,Thanh Hoa,36.81,36.81,36.81,48.0,43.81,10000.0,0.0,80.0,0.83,2.82,10.0,999.0,1,803,Clouds,broken clouds,04d
2025-07-18 13:37:52,Thanh Hoa-Thanh Hoa,Thanh Hoa,36.81,36.81,36.81,48.0,43.81,10000.0,0.0,100.0,1.87,2.0,91.0,998.0,1,804,Clouds,overcast clouds,04d
2025-07-18 13:39:52,Thanh Hoa-Thanh Hoa,Thanh Hoa,36.81,36.81,36.81,48.0,43.81,10000.0,0.0,100.0,1.87,2.0,91.0,998.0,1,804,Clouds,overcast clouds,04d
2025-07-18 13:41:53,Thanh Hoa-Thanh Hoa,Thanh Hoa,36.81,36.81,36.81,48.0,43.81,10000.0,0.0,100.0,1.87,2.0,91.0,998.0,1,804,Clouds,overcast clouds,04d
2025-07-18 13:43:54,Thanh Hoa-Thanh Hoa,Thanh Hoa,36.81,36.81,36.81,48.0,43.81,10000.0,0.0,100.0,1.87,2.0,91.0,998.0,1,804,Clouds,overcast clouds,04d
2025-07-18 13:45:53,Thanh Hoa-Thanh Hoa,Thanh Hoa,36.81,36.81,36.81,48.0,43.81,10000.0,0.0,100.0,1.87,2.0,91.0,998.0,1,804,Clouds,overcast clouds,04d
2025-07-18 13:47:51,Thanh Hoa-Thanh Hoa,Thanh Hoa,35.85,35.85,35.85,52.0,42.85,10000.0,0.0,100.0,1.94,2.26,110.0,998.0,1,804,Clouds,overcast clouds,04d
2025-07-18 13:49:50,Thanh Hoa-Thanh Hoa,Thanh Hoa,35.85,35.85,35.85,52.0,42.85,10000.0,0.0,100.0,1.94,2.26,110.0,998.0,1,804,Clouds,overcast clouds,04d
2025-07-18 13:51:52,Thanh Hoa-Thanh Hoa,Thanh Hoa,35.85,35.85,35.85,52.0,42.85,10000.0,0.0,100.0,1.94,2.26,110.0,998.0,1,804,Clouds,overcast clouds,04d
2025-07-18 13:53:55,Thanh Hoa-Thanh Hoa,Thanh Hoa,36.81,36.81,36.81,48.0,43.81,10000.0,0.0,100.0,1.87,2.0,91.0,998.0,1,804,Clouds,overcast clouds,04d
2025-07-18 13:55:55,Thanh Hoa-Thanh Hoa,Thanh Hoa,35.85,35.85,35.85,52.0,42.85,10000.0,0.0,100.0,1.94,2.26,110.0,998.0,1,804,Clouds,overcast clouds,04d
2025-07-18 13:57:54,Thanh Hoa-Thanh Hoa,Thanh Hoa,36.76,36.76,36.76,48.0,43.76,10000.0,0.0,100.0,1.87,2.0,91.0,998.0,1,804,Clouds,overcast clouds,04d
2025-07-18 13:59:55,Thanh Hoa-Thanh Hoa,Thanh Hoa,36.76,36.76,36.76,48.0,43.76,10000.0,0.0,100.0,1.87,2.0,91.0,998.0,1,804,Clouds,overcast clouds,04d
2025-07-18 14:01:55,Thanh Hoa-Thanh Hoa,Thanh Hoa,36.76,36.76,36.76,48.0,43.76,10000.0,0.0,100.0,1.87,2.0,91.0,998.0,1,804,Clouds,overcast clouds,04d
2025-07-18 14:03:57,Thanh Hoa-Thanh Hoa,Thanh Hoa,36.76,36.76,36.76,48.0,43.76,10000.0,0.0,100.0,1.87,2.0,91.0,998.0,1,804,Clouds,overcast clouds,04d
2025-07-18 14:05:58,Thanh Hoa-Thanh Hoa,Thanh Hoa,36.76,36.76,36.76,48.0,43.76,10000.0,0.0,100.0,1.87,2.0,91.0,998.0,1,804,Clouds,overcast clouds,04d
2025-07-18 14:08:00,Thanh Hoa-Thanh Hoa,Thanh Hoa,36.7,36.7,36.7,48.0,43.7,10000.0,0.0,100.0,1.87,2.0,91.0,998.0,1,804,Clouds,overcast clouds,04d
2025-07-18 14:10:01,Thanh Hoa-Thanh Hoa,Thanh Hoa,36.7,36.7,36.7,48.0,43.7,10000.0,0.0,100.0,1.87,2.0,91.0,998.0,1,804,Clouds,overcast clouds,04d
2025-07-18 14:12:02,Thanh Hoa-Thanh Hoa,Thanh Hoa,36.7,36.7,36.7,48.0,43.7,10000.0,0.0,100.0,1.87,2.0,91.0,998.0,1,804,Clouds,overcast clouds,04d
2025-07-18 14:14:02,Thanh Hoa-Thanh Hoa,Thanh Hoa,36.7,36.7,36.7,48.0,43.7,10000.0,0.0,100.0,1.87,2.0,91.0,998.0,1,804,Clouds,overcast clouds,04d
2025-07-18 14:16:04,Thanh Hoa-Thanh Hoa,Thanh Hoa,36.7,36.7,36.7,48.0,43.7,10000.0,0.0,100.0,1.87,2.0,91.0,998.0,1,804,Clouds,overcast clouds,04d
2025-07-18 14:18:08,Thanh Hoa-Thanh Hoa,Thanh Hoa,35.8,35.8,35.8,52.0,42.8,10000.0,0.0,100.0,1.94,2.26,110.0,998.0,1,804,Clouds,overcast clouds,04d
2025-07-18 14:20:13,Thanh Hoa-Thanh Hoa,Thanh Hoa,36.7,36.7,36.7,48.0,43.7,10000.0,0.0,100.0,1.87,2.0,91.0,998.0,1,804,Clouds,overcast clouds,04d
2025-07-18 14:22:15,Thanh Hoa-Thanh Hoa,Thanh Hoa,36.7,36.7,36.7,48.0,43.7,10000.0,0.0,100.0,1.87,2.0,91.0,998.0,1,804,Clouds,overcast clouds,04d
2025-07-18 14:24:18,Thanh Hoa-Thanh Hoa,Thanh Hoa,36.71,36.71,36.71,48.0,43.71,10000.0,0.0,100.0,1.87,2.0,91.0,998.0,1,804,Clouds,overcast clouds,04d
2025-07-18 14:26:21,Thanh Hoa-Thanh Hoa,Thanh Hoa,36.71,36.71,36.71,48.0,43.71,10000.0,0.0,100.0,1.87,2.0,91.0,998.0,1,804,Clouds,overcast clouds,04d
2025-07-18 14:28:21,Thanh Hoa-Thanh Hoa,Thanh Hoa,36.71,36.71,36.71,48.0,43.71,10000.0,0.0,100.0,1.87,2.0,91.0,998.0,1,804,Clouds,overcast clouds,04d
2025-07-18 14:30:22,Thanh Hoa-Thanh Hoa,Thanh Hoa,36.71,36.71,36.71,48.0,43.71,10000.0,0.0,100.0,1.87,2.0,91.0,998.0,1,804,Clouds,overcast clouds,04d
2025-07-18 14:32:26,Thanh Hoa-Thanh Hoa,Thanh Hoa,36.71,36.71,36.71,48.0,43.71,10000.0,0.0,100.0,1.87,2.0,91.0,998.0,1,804,Clouds,overcast clouds,04d
2025-07-18 14:34:26,Thanh Hoa-Thanh Hoa,Thanh Hoa,35.5,35.5,35.5,53.0,42.5,10000.0,0.0,100.0,3.67,2.89,112.0,997.0,1,804,Clouds,overcast clouds,04d
2025-07-18 14:36:33,Thanh Hoa-Thanh Hoa,Thanh Hoa,35.5,35.5,35.5,53.0,42.5,10000.0,0.0,100.0,3.67,2.89,112.0,997.0,1,804,Clouds,overcast clouds,04d
2025-07-18 14:38:33,Thanh Hoa-Thanh Hoa,Thanh Hoa,35.5,35.5,35.5,53.0,42.5,10000.0,0.0,100.0,3.67,2.89,112.0,997.0,1,804,Clouds,overcast clouds,04d
2025-07-18 14:40:35,Thanh Hoa-Thanh Hoa,Thanh Hoa,35.5,35.5,35.5,53.0,42.5,10000.0,0.0,100.0,3.67,2.89,112.0,997.0,1,804,Clouds,overcast clouds,04d
2025-07-18 14:42:34,Thanh Hoa-Thanh Hoa,Thanh Hoa,35.5,35.5,35.5,53.0,42.5,10000.0,0.0,100.0,3.67,2.89,112.0,997.0,1,804,Clouds,overcast clouds,04d
2025-07-18 14:44:36,Thanh Hoa-Thanh Hoa,Thanh Hoa,35.5,35.5,35.5,53.0,42.5,10000.0,0.0,100.0,3.67,2.89,112.0,997.0,1,804,Clouds,overcast clouds,04d
2025-07-18 14:46:35,Thanh Hoa-Thanh Hoa,Thanh Hoa,35.5,35.5,35.5,53.0,42.5,10000.0,0.0,100.0,3.67,2.89,112.0,997.0,1,804,Clouds,overcast clouds,04d
2025-07-18 14:48:35,Thanh Hoa-Thanh Hoa,Thanh Hoa,35.54,35.54,35.54,53.0,42.54,10000.0,0.0,100.0,3.67,2.89,112.0,997.0,1,804,Clouds,overcast clouds,04d
2025-07-18 14:50:35,Thanh Hoa-Thanh Hoa,Thanh Hoa,35.54,35.54,35.54,53.0,42.54,10000.0,0.0,100.0,3.67,2.89,112.0,997.0,1,804,Clouds,overcast clouds,04d
2025-07-18 14:52:34,Thanh Hoa-Thanh Hoa,Thanh Hoa,35.54,35.54,35.54,53.0,42.54,10000.0,0.0,100.0,3.67,2.89,112.0,997.0,1,804,Clouds,overcast clouds,04d
2025-07-18 14:54:35,Thanh Hoa-Thanh Hoa,Thanh Hoa,35.54,35.54,35.54,53.0,42.54,10000.0,0.0,100.0,3.67,2.89,112.0,997.0,1,804,Clouds,overcast clouds,04d
2025-07-18 14:56:34,Thanh Hoa-Thanh Hoa,Thanh Hoa,35.54,35.54,35.54,53.0,42.54,10000.0,0.0,100.0,3.67,2.89,112.0,997.0,1,804,Clouds,overcast clouds,04d
2025-07-18 14:58:32,Thanh Hoa-Thanh Hoa,Thanh Hoa,35.54,35.54,35.54,53.0,42.54,10000.0,0.0,100.0,3.67,2.89,112.0,997.0,1,804,Clouds,overcast clouds,04d
2025-07-18 15:01:11,Thanh Hoa-Thanh Hoa,Thanh Hoa,35.53,35.53,35.53,53.0,42.53,10000.0,0.0,100.0,3.67,2.89,112.0,997.0,1,804,Clouds,overcast clouds,04d
2025-07-18 15:03:10,Thanh Hoa-Thanh Hoa,Thanh Hoa,35.53,35.53,35.53,53.0,42.53,10000.0,0.0,100.0,3.67,2.89,112.0,997.0,1,804,Clouds,overcast clouds,04d
2025-07-18 15:05:13,Thanh Hoa-Thanh Hoa,Thanh Hoa,35.53,35.53,35.53,53.0,42.53,10000.0,0.0,100.0,3.67,2.89,112.0,997.0,1,804,Clouds,overcast clouds,04d
2025-07-18 15:07:13,Thanh Hoa-Thanh Hoa,Thanh Hoa,35.53,35.53,35.53,53.0,42.53,10000.0,0.0,100.0,3.67,2.89,112.0,997.0,1,804,Clouds,overcast clouds,04d
2025-07-18 15:09:14,Thanh Hoa-Thanh Hoa,Thanh Hoa,35.53,35.53,35.53,53.0,42.53,10000.0,0.0,100.0,3.67,2.89,112.0,997.0,1,804,Clouds,overcast clouds,04d
2025-07-18 15:11:15,Thanh Hoa-Thanh Hoa,Thanh Hoa,35.53,35.53,35.53,53.0,42.53,10000.0,0.0,100.0,3.67,2.89,112.0,997.0,1,804,Clouds,overcast clouds,04d
2025-07-18 15:13:15,Thanh Hoa-Thanh Hoa,Thanh Hoa,35.53,35.53,35.53,53.0,42.53,10000.0,0.0,100.0,3.67,2.89,112.0,997.0,1,804,Clouds,overcast clouds,04d
2025-07-18 15:15:14,Thanh Hoa-Thanh Hoa,Thanh Hoa,35.53,35.53,35.53,53.0,42.53,10000.0,0.0,100.0,3.67,2.89,112.0,997.0,1,804,Clouds,overcast clouds,04d
2025-07-18 15:17:12,Thanh Hoa-Thanh Hoa,Thanh Hoa,35.53,35.53,35.53,53.0,42.53,10000.0,0.0,100.0,3.67,2.89,112.0,997.0,1,804,Clouds,overcast clouds,04d
2025-07-18 15:19:11,Thanh Hoa-Thanh Hoa,Thanh Hoa,35.53,35.53,35.53,53.0,42.53,10000.0,0.0,100.0,3.67,2.89,112.0,997.0,1,804,Clouds,overcast clouds,04d
2025-07-18 15:21:12,Thanh Hoa-Thanh Hoa,Thanh Hoa,35.53,35.53,35.53,53.0,42.53,10000.0,0.0,100.0,3.67,2.89,112.0,997.0,1,804,Clouds,overcast clouds,04d
2025-07-18 15:23:12,Thanh Hoa-Thanh Hoa,Thanh Hoa,35.53,35.53,35.53,53.0,42.53,10000.0,0.0,100.0,3.67,2.89,112.0,997.0,1,804,Clouds,overcast clouds,04d
2025-07-18 15:25:11,Thanh Hoa-Thanh Hoa,Thanh Hoa,35.53,35.53,35.53,53.0,42.53,10000.0,0.0,100.0,3.67,2.89,112.0,997.0,1,804,Clouds,overcast clouds,04d
2025-07-18 15:27:10,Thanh Hoa-Thanh Hoa,Thanh Hoa,35.53,35.53,35.53,53.0,42.53,10000.0,0.0,100.0,3.67,2.89,112.0,997.0,1,804,Clouds,overcast clouds,04d
2025-07-18 15:29:08,Thanh Hoa-Thanh Hoa,Thanh Hoa,35.53,35.53,35.53,53.0,42.53,10000.0,0.0,100.0,3.67,2.89,112.0,997.0,1,804,Clouds,overcast clouds,04d
2025-07-18 15:31:07,Thanh Hoa-Thanh Hoa,Thanh Hoa,35.53,35.53,35.53,53.0,42.53,10000.0,0.0,100.0,3.67,2.89,112.0,997.0,1,804,Clouds,overcast clouds,04d
2025-07-18 15:33:06,Thanh Hoa-Thanh Hoa,Thanh Hoa,34.12,34.12,34.12,59.0,41.12,10000.0,0.0,100.0,3.72,4.24,132.0,997.0,1,804,Clouds,overcast clouds,04d
2025-07-18 15:35:05,Thanh Hoa-Thanh Hoa,Thanh Hoa,34.12,34.12,34.12,59.0,41.12,10000.0,0.0,100.0,3.72,4.24,132.0,997.0,1,804,Clouds,overcast clouds,04d
2025-07-18 15:37:05,Thanh Hoa-Thanh Hoa,Thanh Hoa,34.12,34.12,34.12,59.0,41.12,10000.0,0.0,100.0,3.72,4.24,132.0,997.0,1,804,Clouds,overcast clouds,04d
2025-07-18 15:39:05,Thanh Hoa-Thanh Hoa,Thanh Hoa,34.12,34.12,34.12,59.0,41.12,10000.0,0.0,100.0,3.72,4.24,132.0,997.0,1,804,Clouds,overcast clouds,04d
2025-07-18 15:41:05,Thanh Hoa-Thanh Hoa,Thanh Hoa,34.12,34.12,34.12,59.0,41.12,10000.0,0.0,100.0,3.72,4.24,132.0,997.0,1,804,Clouds,overcast clouds,04d
2025-07-18 15:43:04,Thanh Hoa-Thanh Hoa,Thanh Hoa,34.12,34.12,34.12,59.0,41.12,10000.0,0.0,100.0,3.72,4.24,132.0,997.0,1,804,Clouds,overcast clouds,04d
2025-07-18 15:45:03,Thanh Hoa-Thanh Hoa,Thanh Hoa,34.12,34.12,34.12,59.0,41.12,10000.0,0.0,100.0,3.72,4.24,132.0,997.0,1,804,Clouds,overcast clouds,04d
2025-07-18 15:47:03,Thanh Hoa-Thanh Hoa,Thanh Hoa,34.12,34.12,34.12,59.0,41.12,10000.0,0.0,100.0,3.72,4.24,132.0,997.0,1,804,Clouds,overcast clouds,04d
2025-07-18 15:49:06,Thanh Hoa-Thanh Hoa,Thanh Hoa,34.12,34.12,34.12,59.0,41.12,10000.0,0.0,100.0,3.72,4.24,132.0,997.0,1,804,Clouds,overcast clouds,04d
2025-07-18 15:51:10,Thanh Hoa-Thanh Hoa,Thanh Hoa,34.12,34.12,34.12,59.0,41.12,10000.0,0.0,100.0,3.72,4.24,132.0,997.0,1,804,Clouds,overcast clouds,04d
2025-07-18 15:53:11,Thanh Hoa-Thanh Hoa,Thanh Hoa,33.39,33.39,33.39,63.0,40.39,10000.0,0.0,100.0,4.02,4.65,136.0,997.0,1,804,Clouds,overcast clouds,04d
2025-07-18 15:55:12,Thanh Hoa-Thanh Hoa,Thanh Hoa,33.39,33.39,33.39,63.0,40.39,10000.0,0.0,100.0,4.02,4.65,136.0,997.0,1,804,Clouds,overcast clouds,04d
2025-07-18 15:57:13,Thanh Hoa-Thanh Hoa,Thanh Hoa,34.12,34.12,34.12,59.0,41.12,10000.0,0.0,100.0,3.72,4.24,132.0,997.0,1,804,Clouds,overcast clouds,04d
2025-07-18 15:59:13,Thanh Hoa-Thanh Hoa,Thanh Hoa,34.12,34.12,34.12,59.0,41.12,10000.0,0.0,100.0,3.72,4.24,132.0,997.0,1,804,Clouds,overcast clouds,04d
2025-07-18 16:01:13,Thanh Hoa-Thanh Hoa,Thanh Hoa,33.39,33.39,33.39,63.0,40.39,10000.0,0.0,100.0,4.02,4.65,136.0,997.0,1,804,Clouds,overcast clouds,04d
2025-07-18 16:03:12,Thanh Hoa-Thanh Hoa,Thanh Hoa,34.13,34.13,34.13,59.0,41.13,10000.0,0.0,100.0,3.72,4.24,132.0,997.0,1,804,Clouds,overcast clouds,04d
2025-07-18 16:05:11,Thanh Hoa-Thanh Hoa,Thanh Hoa,34.13,34.13,34.13,59.0,41.13,10000.0,0.0,100.0,3.72,4.24,132.0,997.0,1,804,Clouds,overcast clouds,04d
2025-07-18 16:07:11,Thanh Hoa-Thanh Hoa,Thanh Hoa,34.13,34.13,34.13,59.0,41.13,10000.0,0.0,100.0,3.72,4.24,132.0,997.0,1,804,Clouds,overcast clouds,04d
2025-07-18 16:09:12,Thanh Hoa-Thanh Hoa,Thanh Hoa,34.13,34.13,34.13,59.0,41.13,10000.0,0.0,100.0,3.72,4.24,132.0,997.0,1,804,Clouds,overcast clouds,04d
2025-07-18 16:11:13,Thanh Hoa-Thanh Hoa,Thanh Hoa,34.13,34.13,34.13,59.0,41.13,10000.0,0.0,100.0,3.72,4.24,132.0,997.0,1,804,Clouds,overcast clouds,04d
2025-07-18 16:13:16,Thanh Hoa-Thanh Hoa,Thanh Hoa,34.13,34.13,34.13,59.0,41.13,10000.0,0.0,100.0,3.72,4.24,132.0,997.0,1,804,Clouds,overcast clouds,04d
2025-07-18 16:15:17,Thanh Hoa-Thanh Hoa,Thanh Hoa,34.13,34.13,34.13,59.0,41.13,10000.0,0.0,100.0,3.72,4.24,132.0,997.0,1,804,Clouds,overcast clouds,04d
2025-07-18 16:17:18,Thanh Hoa-Thanh Hoa,Thanh Hoa,34.13,34.13,34.13,59.0,41.13,10000.0,0.0,100.0,3.72,4.24,132.0,997.0,1,804,Clouds,overcast clouds,04d
2025-07-18 16:19:18,Thanh Hoa-Thanh Hoa,Thanh Hoa,34.13,34.13,34.13,59.0,41.13,10000.0,0.0,100.0,3.72,4.24,132.0,997.0,1,804,Clouds,overcast clouds,04d
2025-07-18 16:21:18,Thanh Hoa-Thanh Hoa,Thanh Hoa,34.13,34.13,34.13,59.0,41.13,10000.0,0.0,100.0,3.72,4.24,132.0,997.0,1,804,Clouds,overcast clouds,04d
2025-07-18 16:23:18,Thanh Hoa-Thanh Hoa,Thanh Hoa,34.13,34.13,34.13,59.0,41.13,10000.0,0.0,100.0,3.72,4.24,132.0,997.0,1,804,Clouds,overcast clouds,04d
2025-07-18 16:25:18,Thanh Hoa-Thanh Hoa,Thanh Hoa,34.13,34.13,34.13,59.0,41.13,10000.0,0.0,100.0,3.72,4.24,132.0,997.0,1,804,Clouds,overcast clouds,04d
2025-07-18 16:27:18,Thanh Hoa-Thanh Hoa,Thanh Hoa,34.13,34.13,34.13,59.0,41.13,10000.0,0.0,100.0,3.72,4.24,132.0,997.0,1,804,Clouds,overcast clouds,04d
2025-07-18 16:29:18,Thanh Hoa-Thanh Hoa,Thanh Hoa,34.13,34.13,34.13,59.0,41.13,10000.0,0.0,100.0,3.72,4.24,132.0,997.0,1,804,Clouds,overcast clouds,04d
2025-07-18 16:31:17,Thanh Hoa-Thanh Hoa,Thanh Hoa,34.13,34.13,34.13,59.0,41.13,10000.0,0.0,100.0,3.72,4.24,132.0,997.0,1,804,Clouds,overcast clouds,04d
2025-07-18 16:33:16,Thanh Hoa-Thanh Hoa,Thanh Hoa,34.13,34.13,34.13,59.0,41.13,10000.0,0.0,100.0,3.72,4.24,132.0,997.0,1,804,Clouds,overcast clouds,04d
2025-07-18 16:35:16,Thanh Hoa-Thanh Hoa,Thanh Hoa,34.13,34.13,34.13,59.0,41.13,10000.0,0.0,100.0,3.72,4.24,132.0,997.0,1,804,Clouds,overcast clouds,04d
2025-07-18 16:37:18,Thanh Hoa-Thanh Hoa,Thanh Hoa,34.13,34.13,34.13,59.0,41.13,10000.0,0.0,100.0,3.72,4.24,132.0,997.0,1,804,Clouds,overcast clouds,04d
2025-07-18 16:39:18,Thanh Hoa-Thanh Hoa,Thanh Hoa,33.03,33.03,33.03,67.0,40.03,10000.0,0.0,100.0,3.07,4.99,136.0,996.0,1,804,Clouds,overcast clouds,04d
2025-07-18 16:41:18,Thanh Hoa-Thanh Hoa,Thanh Hoa,33.03,33.03,33.03,67.0,40.03,10000.0,0.0,100.0,3.07,4.99,136.0,996.0,1,804,Clouds,overcast clouds,04d
2025-07-18 16:43:18,Thanh Hoa-Thanh Hoa,Thanh Hoa,33.03,33.03,33.03,67.0,40.03,10000.0,0.0,100.0,3.07,4.99,136.0,996.0,1,804,Clouds,overcast clouds,04d
2025-07-18 16:45:17,Thanh Hoa-Thanh Hoa,Thanh Hoa,33.03,33.03,33.03,67.0,40.03,10000.0,0.0,100.0,3.07,4.99,136.0,996.0,1,804,Clouds,overcast clouds,04d
2025-07-18 16:47:17,Thanh Hoa-Thanh Hoa,Thanh Hoa,33.03,33.03,33.03,67.0,40.03,10000.0,0.0,100.0,3.07,4.99,136.0,996.0,1,804,Clouds,overcast clouds,04d
2025-07-18 16:49:16,Thanh Hoa-Thanh Hoa,Thanh Hoa,33.03,33.03,33.03,67.0,40.03,10000.0,0.0,100.0,3.07,4.99,136.0,996.0,1,804,Clouds,overcast clouds,04d
2025-07-18 16:51:15,Thanh Hoa-Thanh Hoa,Thanh Hoa,33.02,33.02,33.02,67.0,40.02,10000.0,0.0,100.0,3.07,4.99,136.0,996.0,1,804,Clouds,overcast clouds,04d
2025-07-18 16:53:16,Thanh Hoa-Thanh Hoa,Thanh Hoa,33.02,33.02,33.02,67.0,40.02,10000.0,0.0,100.0,3.07,4.99,136.0,996.0,1,804,Clouds,overcast clouds,04d
2025-07-18 16:55:16,Thanh Hoa-Thanh Hoa,Thanh Hoa,33.02,33.02,33.02,67.0,40.02,10000.0,0.0,100.0,3.07,4.99,136.0,996.0,1,804,Clouds,overcast clouds,04d
2025-07-18 16:57:19,Thanh Hoa-Thanh Hoa,Thanh Hoa,33.02,33.02,33.02,67.0,40.02,10000.0,0.0,100.0,3.07,4.99,136.0,996.0,1,804,Clouds,overcast clouds,04d
2025-07-18 16:59:20,Thanh Hoa-Thanh Hoa,Thanh Hoa,33.02,33.02,33.02,67.0,40.02,10000.0,0.0,100.0,3.07,4.99,136.0,996.0,1,804,Clouds,overcast clouds,04d
2025-07-18 17:01:24,Thanh Hoa-Thanh Hoa,Thanh Hoa,33.05,33.05,33.05,67.0,40.05,10000.0,0.0,100.0,3.07,4.99,136.0,996.0,1,804,Clouds,overcast clouds,04d
2025-07-18 17:03:24,Thanh Hoa-Thanh Hoa,Thanh Hoa,33.05,33.05,33.05,67.0,40.05,10000.0,0.0,100.0,3.07,4.99,136.0,996.0,1,804,Clouds,overcast clouds,04d
2025-07-18 17:05:23,Thanh Hoa-Thanh Hoa,Thanh Hoa,33.05,33.05,33.05,67.0,40.05,10000.0,0.0,100.0,3.07,4.99,136.0,996.0,1,804,Clouds,overcast clouds,04d
2025-07-18 17:07:23,Thanh Hoa-Thanh Hoa,Thanh Hoa,33.05,33.05,33.05,67.0,40.05,10000.0,0.0,100.0,3.07,4.99,136.0,996.0,1,804,Clouds,overcast clouds,04d
2025-07-18 17:09:22,Thanh Hoa-Thanh Hoa,Thanh Hoa,33.05,33.05,33.05,67.0,40.05,10000.0,0.0,100.0,3.07,4.99,136.0,996.0,1,804,Clouds,overcast clouds,04d
2025-07-18 17:11:23,Thanh Hoa-Thanh Hoa,Thanh Hoa,33.05,33.05,33.05,67.0,40.05,10000.0,0.0,100.0,3.07,4.99,136.0,996.0,1,804,Clouds,overcast clouds,04d
2025-07-18 17:13:22,Thanh Hoa-Thanh Hoa,Thanh Hoa,33.05,33.05,33.05,67.0,40.05,10000.0,0.0,100.0,3.07,4.99,136.0,996.0,1,804,Clouds,overcast clouds,04d
2025-07-18 17:15:21,Thanh Hoa-Thanh Hoa,Thanh Hoa,33.05,33.05,33.05,67.0,40.05,10000.0,0.0,100.0,3.07,4.99,136.0,996.0,1,804,Clouds,overcast clouds,04d
2025-07-18 17:17:19,Thanh Hoa-Thanh Hoa,Thanh Hoa,33.05,33.05,33.05,67.0,40.05,10000.0,0.0,100.0,3.07,4.99,136.0,996.0,1,804,Clouds,overcast clouds,04d
2025-07-18 17:19:18,Thanh Hoa-Thanh Hoa,Thanh Hoa,33.05,33.05,33.05,67.0,40.05,10000.0,0.0,100.0,3.07,4.99,136.0,996.0,1,804,Clouds,overcast clouds,04d
2025-07-18 17:21:16,Thanh Hoa-Thanh Hoa,Thanh Hoa,33.05,33.05,33.05,67.0,40.05,10000.0,0.0,100.0,3.07,4.99,136.0,996.0,1,804,Clouds,overcast clouds,04d
2025-07-18 17:23:14,Thanh Hoa-Thanh Hoa,Thanh Hoa,33.05,33.05,33.05,67.0,40.05,10000.0,0.0,100.0,3.07,4.99,136.0,996.0,1,804,Clouds,overcast clouds,04d
2025-07-18 17:25:12,Thanh Hoa-Thanh Hoa,Thanh Hoa,33.05,33.05,33.05,67.0,40.05,10000.0,0.0,100.0,3.07,4.99,136.0,996.0,1,804,Clouds,overcast clouds,04d
2025-07-18 17:27:09,Thanh Hoa-Thanh Hoa,Thanh Hoa,33.05,33.05,33.05,67.0,40.05,10000.0,0.0,100.0,3.07,4.99,136.0,996.0,1,804,Clouds,overcast clouds,04d
2025-07-18 17:29:07,Thanh Hoa-Thanh Hoa,Thanh Hoa,32.7,32.7,32.7,68.0,39.7,10000.0,0.0,100.0,3.34,4.85,139.0,997.0,1,804,Clouds,overcast clouds,04d
2025-07-18 17:31:07,Thanh Hoa-Thanh Hoa,Thanh Hoa,32.7,32.7,32.7,68.0,39.7,10000.0,0.0,100.0,3.34,4.85,139.0,997.0,1,804,Clouds,overcast clouds,04d
2025-07-18 17:33:07,Thanh Hoa-Thanh Hoa,Thanh Hoa,33.05,33.05,33.05,67.0,40.05,10000.0,0.0,100.0,3.07,4.99,136.0,996.0,1,804,Clouds,overcast clouds,04d
2025-07-18 17:35:07,Thanh Hoa-Thanh Hoa,Thanh Hoa,33.05,33.05,33.05,67.0,40.05,10000.0,0.0,100.0,3.07,4.99,136.0,996.0,1,804,Clouds,overcast clouds,04d
2025-07-18 17:37:06,Thanh Hoa-Thanh Hoa,Thanh Hoa,31.45,31.45,31.45,76.0,38.45,10000.0,0.0,100.0,2.0,3.93,129.0,997.0,1,804,Clouds,overcast clouds,04d
2025-07-18 17:39:06,Thanh Hoa-Thanh Hoa,Thanh Hoa,31.45,31.45,31.45,76.0,38.45,10000.0,0.0,100.0,2.0,3.93,129.0,997.0,1,804,Clouds,overcast clouds,04d
2025-07-18 17:41:05,Thanh Hoa-Thanh Hoa,Thanh Hoa,31.45,31.45,31.45,76.0,38.45,10000.0,0.0,100.0,2.0,3.93,129.0,997.0,1,804,Clouds,overcast clouds,04d
2025-07-18 17:43:04,Thanh Hoa-Thanh Hoa,Thanh Hoa,31.45,31.45,31.45,76.0,38.45,10000.0,0.0,100.0,2.0,3.93,129.0,997.0,1,804,Clouds,overcast clouds,04d
2025-07-18 17:45:03,Thanh Hoa-Thanh Hoa,Thanh Hoa,31.45,31.45,31.45,76.0,38.45,10000.0,0.0,100.0,2.0,3.93,129.0,997.0,1,804,Clouds,overcast clouds,04d
2025-07-18 17:47:02,Thanh Hoa-Thanh Hoa,Thanh Hoa,31.45,31.45,31.45,76.0,38.45,10000.0,0.0,100.0,2.0,3.93,129.0,997.0,1,804,Clouds,overcast clouds,04d
2025-07-18 17:49:02,Thanh Hoa-Thanh Hoa,Thanh Hoa,31.45,31.45,31.45,76.0,38.45,10000.0,0.0,100.0,2.0,3.93,129.0,997.0,1,804,Clouds,overcast clouds,04d
2025-07-18 17:51:03,Thanh Hoa-Thanh Hoa,Thanh Hoa,31.45,31.45,31.45,76.0,38.45,10000.0,0.0,100.0,2.0,3.93,129.0,997.0,1,804,Clouds,overcast clouds,04d
2025-07-18 17:53:06,Thanh Hoa-Thanh Hoa,Thanh Hoa,31.45,31.45,31.45,76.0,38.45,10000.0,0.0,100.0,2.0,3.93,129.0,997.0,1,804,Clouds,overcast clouds,04d
2025-07-18 17:55:07,Thanh Hoa-Thanh Hoa,Thanh Hoa,31.45,31.45,31.45,76.0,38.45,10000.0,0.0,100.0,2.0,3.93,129.0,997.0,1,804,Clouds,overcast clouds,04d
2025-07-18 17:57:06,Thanh Hoa-Thanh Hoa,Thanh Hoa,31.45,31.45,31.45,76.0,38.45,10000.0,0.0,100.0,2.0,3.93,129.0,997.0,1,804,Clouds,overcast clouds,04d
2025-07-18 17:59:05,Thanh Hoa-Thanh Hoa,Thanh Hoa,31.45,31.45,31.45,76.0,38.45,10000.0,0.0,100.0,2.0,3.93,129.0,997.0,1,804,Clouds,overcast clouds,04d
2025-07-18 18:01:06,Thanh Hoa-Thanh Hoa,Thanh Hoa,31.45,31.45,31.45,76.0,38.45,10000.0,0.0,100.0,2.0,3.93,129.0,997.0,1,804,Clouds,overcast clouds,04d
2025-07-18 18:03:06,Thanh Hoa-Thanh Hoa,Thanh Hoa,31.45,31.45,31.45,76.0,38.45,10000.0,0.0,100.0,2.0,3.93,129.0,997.0,1,804,Clouds,overcast clouds,04d
2025-07-18 18:05:06,Thanh Hoa-Thanh Hoa,Thanh Hoa,31.45,31.45,31.45,76.0,38.45,10000.0,0.0,100.0,2.0,3.93,129.0,997.0,1,804,Clouds,overcast clouds,04d
2025-07-18 18:07:08,Thanh Hoa-Thanh Hoa,Thanh Hoa,31.45,31.45,31.45,76.0,38.45,10000.0,0.0,100.0,2.0,3.93,129.0,997.0,1,804,Clouds,overcast clouds,04d
2025-07-18 18:09:07,Thanh Hoa-Thanh Hoa,Thanh Hoa,31.45,31.45,31.45,76.0,38.45,10000.0,0.0,100.0,2.0,3.93,129.0,997.0,1,804,Clouds,overcast clouds,04d
2025-07-18 18:11:08,Thanh Hoa-Thanh Hoa,Thanh Hoa,31.47,31.47,31.47,76.0,38.47,10000.0,0.0,100.0,2.0,3.93,129.0,997.0,1,804,Clouds,overcast clouds,04d
2025-07-18 18:13:07,Thanh Hoa-Thanh Hoa,Thanh Hoa,31.47,31.47,31.47,76.0,38.47,10000.0,0.0,100.0,2.0,3.93,129.0,997.0,1,804,Clouds,overcast clouds,04d
2025-07-18 18:15:06,Thanh Hoa-Thanh Hoa,Thanh Hoa,31.47,31.47,31.47,76.0,38.47,10000.0,0.0,100.0,2.0,3.93,129.0,997.0,1,804,Clouds,overcast clouds,04d
2025-07-18 18:17:05,Thanh Hoa-Thanh Hoa,Thanh Hoa,31.47,31.47,31.47,76.0,38.47,10000.0,0.0,100.0,2.0,3.93,129.0,997.0,1,804,Clouds,overcast clouds,04d
2025-07-18 18:19:04,Thanh Hoa-Thanh Hoa,Thanh Hoa,31.47,31.47,31.47,76.0,38.47,10000.0,0.0,100.0,2.0,3.93,129.0,997.0,1,804,Clouds,overcast clouds,04d
2025-07-18 18:21:04,Thanh Hoa-Thanh Hoa,Thanh Hoa,31.47,31.47,31.47,76.0,38.47,10000.0,0.0,100.0,2.0,3.93,129.0,997.0,1,804,Clouds,overcast clouds,04d
2025-07-18 18:23:03,Thanh Hoa-Thanh Hoa,Thanh Hoa,31.47,31.47,31.47,76.0,38.47,10000.0,0.0,100.0,2.0,3.93,129.0,997.0,1,804,Clouds,overcast clouds,04d
2025-07-18 18:25:03,Thanh Hoa-Thanh Hoa,Thanh Hoa,31.47,31.47,31.47,76.0,38.47,10000.0,0.0,100.0,2.0,3.93,129.0,997.0,1,804,Clouds,overcast clouds,04d
2025-07-18 18:27:04,Thanh Hoa-Thanh Hoa,Thanh Hoa,31.47,31.47,31.47,76.0,38.47,10000.0,0.0,100.0,2.0,3.93,129.0,997.0,1,804,Clouds,overcast clouds,04d
2025-07-18 18:29:04,Thanh Hoa-Thanh Hoa,Thanh Hoa,31.47,31.47,31.47,76.0,38.47,10000.0,0.0,100.0,2.0,3.93,129.0,997.0,1,804,Clouds,overcast clouds,04d
2025-07-18 18:31:05,Thanh Hoa-Thanh Hoa,Thanh Hoa,31.47,31.47,31.47,76.0,38.47,10000.0,0.0,100.0,2.0,3.93,129.0,997.0,1,804,Clouds,overcast clouds,04d
2025-07-18 18:33:05,Thanh Hoa-Thanh Hoa,Thanh Hoa,31.47,31.47,31.47,76.0,38.47,10000.0,0.0,100.0,2.0,3.93,129.0,997.0,1,804,Clouds,overcast clouds,04d
2025-07-18 18:35:05,Thanh Hoa-Thanh Hoa,Thanh Hoa,30.32,30.32,30.32,77.0,37.32,10000.0,0.0,100.0,2.03,2.63,145.0,997.0,1,804,Clouds,overcast clouds,04d
2025-07-18 18:37:05,Thanh Hoa-Thanh Hoa,Thanh Hoa,30.32,30.32,30.32,77.0,37.32,10000.0,0.0,100.0,2.03,2.63,145.0,997.0,1,804,Clouds,overcast clouds,04d
2025-07-18 18:39:05,Thanh Hoa-Thanh Hoa,Thanh Hoa,30.32,30.32,30.32,77.0,37.32,10000.0,0.0,100.0,2.03,2.63,145.0,997.0,0,804,Clouds,overcast clouds,04d
2025-07-18 18:41:03,Thanh Hoa-Thanh Hoa,Thanh Hoa,30.32,30.32,30.32,77.0,37.32,10000.0,0.0,100.0,2.03,2.63,145.0,997.0,0,804,Clouds,overcast clouds,04n
2025-07-18 18:43:02,Thanh Hoa-Thanh Hoa,Thanh Hoa,30.32,30.32,30.32,77.0,37.32,10000.0,0.0,100.0,2.03,2.63,145.0,997.0,0,804,Clouds,overcast clouds,04n
2025-07-18 18:45:00,Thanh Hoa-Thanh Hoa,Thanh Hoa,30.32,30.32,30.32,77.0,37.32,10000.0,0.0,100.0,2.03,2.63,145.0,997.0,0,804,Clouds,overcast clouds,04n
2025-07-18 18:47:01,Thanh Hoa-Thanh Hoa,Thanh Hoa,30.32,30.32,30.32,77.0,37.32,10000.0,0.0,100.0,2.03,2.63,145.0,997.0,0,804,Clouds,overcast clouds,04n
2025-07-18 18:49:03,Thanh Hoa-Thanh Hoa,Thanh Hoa,30.32,30.32,30.32,77.0,37.32,10000.0,0.0,100.0,2.03,2.63,145.0,997.0,0,804,Clouds,overcast clouds,04n
2025-07-18 18:51:01,Thanh Hoa-Thanh Hoa,Thanh Hoa,30.32,30.32,30.32,77.0,37.32,10000.0,0.0,100.0,2.03,2.63,145.0,997.0,0,804,Clouds,overcast clouds,04n
2025-07-18 18:52:55,Thanh Hoa-Thanh Hoa,Thanh Hoa,30.32,30.32,30.32,77.0,37.32,10000.0,0.0,100.0,2.03,2.63,145.0,997.0,0,804,Clouds,overcast clouds,04n
2025-07-18 18:54:50,Thanh Hoa-Thanh Hoa,Thanh Hoa,30.32,30.32,30.32,77.0,37.32,10000.0,0.0,100.0,2.03,2.63,145.0,997.0,0,804,Clouds,overcast clouds,04n
2025-07-18 18:56:44,Thanh Hoa-Thanh Hoa,Thanh Hoa,30.32,30.32,30.32,77.0,37.32,10000.0,0.0,100.0,2.03,2.63,145.0,997.0,0,804,Clouds,overcast clouds,04n
2025-07-18 18:58:39,Thanh Hoa-Thanh Hoa,Thanh Hoa,30.32,30.32,30.32,77.0,37.32,10000.0,0.0,100.0,2.03,2.63,145.0,997.0,0,804,Clouds,overcast clouds,04n
2025-07-18 19:02:30,Thanh Hoa-Thanh Hoa,Thanh Hoa,30.32,30.32,30.32,77.0,37.32,10000.0,0.0,100.0,2.03,2.63,145.0,997.0,0,804,Clouds,overcast clouds,04n
2025-07-18 19:04:24,Thanh Hoa-Thanh Hoa,Thanh Hoa,30.35,30.35,30.35,77.0,37.35,10000.0,0.0,100.0,2.03,2.63,145.0,997.0,0,804,Clouds,overcast clouds,04n
2025-07-18 19:06:20,Thanh Hoa-Thanh Hoa,Thanh Hoa,30.35,30.35,30.35,77.0,37.35,10000.0,0.0,100.0,2.03,2.63,145.0,997.0,0,804,Clouds,overcast clouds,04n
2025-07-18 19:08:14,Thanh Hoa-Thanh Hoa,Thanh Hoa,30.35,30.35,30.35,77.0,37.35,10000.0,0.0,100.0,2.03,2.63,145.0,997.0,0,804,Clouds,overcast clouds,04n
2025-07-18 19:10:10,Thanh Hoa-Thanh Hoa,Thanh Hoa,30.35,30.35,30.35,77.0,37.35,10000.0,0.0,100.0,2.03,2.63,145.0,997.0,0,804,Clouds,overcast clouds,04n
2025-07-18 19:12:06,Thanh Hoa-Thanh Hoa,Thanh Hoa,30.35,30.35,30.35,77.0,37.35,10000.0,0.0,100.0,2.03,2.63,145.0,997.0,0,804,Clouds,overcast clouds,04n
2025-07-18 19:14:00,Thanh Hoa-Thanh Hoa,Thanh Hoa,30.35,30.35,30.35,77.0,37.35,10000.0,0.0,100.0,2.03,2.63,145.0,997.0,0,804,Clouds,overcast clouds,04n
2025-07-18 19:15:55,Thanh Hoa-Thanh Hoa,Thanh Hoa,30.35,30.35,30.35,77.0,37.35,10000.0,0.0,100.0,2.03,2.63,145.0,997.0,0,804,Clouds,overcast clouds,04n
2025-07-18 19:17:49,Thanh Hoa-Thanh Hoa,Thanh Hoa,30.35,30.35,30.35,77.0,37.35,10000.0,0.0,100.0,2.03,2.63,145.0,997.0,0,804,Clouds,overcast clouds,04n
2025-07-18 19:19:44,Thanh Hoa-Thanh Hoa,Thanh Hoa,30.35,30.35,30.35,77.0,37.35,10000.0,0.0,100.0,2.03,2.63,145.0,997.0,0,804,Clouds,overcast clouds,04n
2025-07-18 19:21:39,Thanh Hoa-Thanh Hoa,Thanh Hoa,30.34,30.34,30.34,77.0,37.34,10000.0,0.0,100.0,2.03,2.63,145.0,997.0,0,804,Clouds,overcast clouds,04n
2025-07-18 19:23:34,Thanh Hoa-Thanh Hoa,Thanh Hoa,30.34,30.34,30.34,77.0,37.34,10000.0,0.0,100.0,2.03,2.63,145.0,997.0,0,804,Clouds,overcast clouds,04n
2025-07-18 19:25:29,Thanh Hoa-Thanh Hoa,Thanh Hoa,30.34,30.34,30.34,77.0,37.34,10000.0,0.0,100.0,2.03,2.63,145.0,997.0,0,804,Clouds,overcast clouds,04n
2025-07-18 19:27:23,Thanh Hoa-Thanh Hoa,Thanh Hoa,30.34,30.34,30.34,77.0,37.34,10000.0,0.0,100.0,2.03,2.63,145.0,997.0,0,804,Clouds,overcast clouds,04n
2025-07-18 19:29:18,Thanh Hoa-Thanh Hoa,Thanh Hoa,30.34,30.34,30.34,77.0,37.34,10000.0,0.0,100.0,2.03,2.63,145.0,997.0,0,804,Clouds,overcast clouds,04n
2025-07-18 19:31:12,Thanh Hoa-Thanh Hoa,Thanh Hoa,30.34,30.34,30.34,77.0,37.34,10000.0,0.0,100.0,2.03,2.63,145.0,997.0,0,804,Clouds,overcast clouds,04n
2025-07-18 19:33:07,Thanh Hoa-Thanh Hoa,Thanh Hoa,29.9,29.9,29.9,77.0,36.55,10000.0,0.0,94.0,2.22,3.13,168.0,998.0,0,804,Clouds,overcast clouds,04n
2025-07-18 19:35:04,Thanh Hoa-Thanh Hoa,Thanh Hoa,29.9,29.9,29.9,77.0,36.55,10000.0,0.0,94.0,2.22,3.13,168.0,998.0,0,804,Clouds,overcast clouds,04n
2025-07-18 19:36:59,Thanh Hoa-Thanh Hoa,Thanh Hoa,29.9,29.9,29.9,77.0,36.55,10000.0,0.0,94.0,2.22,3.13,168.0,998.0,0,804,Clouds,overcast clouds,04n
2025-07-18 19:38:53,Thanh Hoa-Thanh Hoa,Thanh Hoa,29.9,29.9,29.9,77.0,36.55,10000.0,0.0,94.0,2.22,3.13,168.0,998.0,0,804,Clouds,overcast clouds,04n
2025-07-18 19:40:48,Thanh Hoa-Thanh Hoa,Thanh Hoa,29.9,29.9,29.9,77.0,36.55,10000.0,0.0,94.0,2.22,3.13,168.0,998.0,0,804,Clouds,overcast clouds,04n
2025-07-18 19:42:43,Thanh Hoa-Thanh Hoa,Thanh Hoa,29.9,29.9,29.9,77.0,36.55,10000.0,0.0,94.0,2.22,3.13,168.0,998.0,0,804,Clouds,overcast clouds,04n
2025-07-18 19:44:39,Thanh Hoa-Thanh Hoa,Thanh Hoa,29.9,29.9,29.9,77.0,36.55,10000.0,0.0,94.0,2.22,3.13,168.0,998.0,0,804,Clouds,overcast clouds,04n
2025-07-18 19:46:34,Thanh Hoa-Thanh Hoa,Thanh Hoa,29.9,29.9,29.9,77.0,36.55,10000.0,0.0,94.0,2.22,3.13,168.0,998.0,0,804,Clouds,overcast clouds,04n
2025-07-18 19:48:28,Thanh Hoa-Thanh Hoa,Thanh Hoa,29.9,29.9,29.9,77.0,36.55,10000.0,0.0,94.0,2.22,3.13,168.0,998.0,0,804,Clouds,overcast clouds,04n
2025-07-18 19:50:23,Thanh Hoa-Thanh Hoa,Thanh Hoa,29.9,29.9,29.9,77.0,36.55,10000.0,0.0,94.0,2.22,3.13,168.0,998.0,0,804,Clouds,overcast clouds,04n
2025-07-18 19:52:20,Thanh Hoa-Thanh Hoa,Thanh Hoa,29.9,29.9,29.9,77.0,36.55,10000.0,0.0,94.0,2.22,3.13,168.0,998.0,0,804,Clouds,overcast clouds,04n
2025-07-18 19:54:14,Thanh Hoa-Thanh Hoa,Thanh Hoa,29.9,29.9,29.9,77.0,36.55,10000.0,0.0,94.0,2.22,3.13,168.0,998.0,0,804,Clouds,overcast clouds,04n
2025-07-18 19:56:09,Thanh Hoa-Thanh Hoa,Thanh Hoa,29.9,29.9,29.9,77.0,36.55,10000.0,0.0,94.0,2.22,3.13,168.0,998.0,0,804,Clouds,overcast clouds,04n
2025-07-18 19:58:03,Thanh Hoa-Thanh Hoa,Thanh Hoa,29.9,29.9,29.9,77.0,36.55,10000.0,0.0,94.0,2.22,3.13,168.0,998.0,0,804,Clouds,overcast clouds,04n
2025-07-18 19:59:58,Thanh Hoa-Thanh Hoa,Thanh Hoa,29.9,29.9,29.9,77.0,36.55,10000.0,0.0,94.0,2.22,3.13,168.0,998.0,0,804,Clouds,overcast clouds,04n
2025-07-18 20:01:52,Thanh Hoa-Thanh Hoa,Thanh Hoa,29.9,29.9,29.9,77.0,36.55,10000.0,0.0,94.0,2.22,3.13,168.0,998.0,0,804,Clouds,overcast clouds,04n
2025-07-18 20:03:46,Thanh Hoa-Thanh Hoa,Thanh Hoa,29.9,29.9,29.9,77.0,36.55,10000.0,0.0,94.0,2.22,3.13,168.0,998.0,0,804,Clouds,overcast clouds,04n
2025-07-18 20:05:45,Thanh Hoa-Thanh Hoa,Thanh Hoa,29.9,29.9,29.9,77.0,36.55,10000.0,0.0,94.0,2.22,3.13,168.0,998.0,0,804,Clouds,overcast clouds,04n
2025-07-18 20:07:44,Thanh Hoa-Thanh Hoa,Thanh Hoa,30.11,30.11,30.11,78.0,37.11,10000.0,0.0,98.0,2.72,3.76,172.0,998.0,0,804,Clouds,overcast clouds,04n
2025-07-18 20:09:42,Thanh Hoa-Thanh Hoa,Thanh Hoa,30.11,30.11,30.11,78.0,37.11,10000.0,0.0,98.0,2.72,3.76,172.0,998.0,0,804,Clouds,overcast clouds,04n
2025-07-18 20:11:37,Thanh Hoa-Thanh Hoa,Thanh Hoa,30.11,30.11,30.11,78.0,37.11,10000.0,0.0,98.0,2.72,3.76,172.0,998.0,0,804,Clouds,overcast clouds,04n
2025-07-18 20:13:31,Thanh Hoa-Thanh Hoa,Thanh Hoa,30.11,30.11,30.11,78.0,37.11,10000.0,0.0,98.0,2.72,3.76,172.0,998.0,0,804,Clouds,overcast clouds,04n
2025-07-18 20:15:26,Thanh Hoa-Thanh Hoa,Thanh Hoa,30.11,30.11,30.11,78.0,37.11,10000.0,0.0,98.0,2.72,3.76,172.0,998.0,0,804,Clouds,overcast clouds,04n
2025-07-18 20:19:15,Thanh Hoa-Thanh Hoa,Thanh Hoa,29.9,29.9,29.9,77.0,36.55,10000.0,0.0,94.0,2.22,3.13,168.0,998.0,0,804,Clouds,overcast clouds,04n
2025-07-18 20:21:11,Thanh Hoa-Thanh Hoa,Thanh Hoa,29.9,29.9,29.9,77.0,36.55,10000.0,0.0,94.0,2.22,3.13,168.0,998.0,0,804,Clouds,overcast clouds,04n
2025-07-18 20:23:06,Thanh Hoa-Thanh Hoa,Thanh Hoa,29.9,29.9,29.9,77.0,36.55,10000.0,0.0,94.0,2.22,3.13,168.0,998.0,0,804,Clouds,overcast clouds,04n
2025-07-18 20:25:01,Thanh Hoa-Thanh Hoa,Thanh Hoa,29.9,29.9,29.9,77.0,36.55,10000.0,0.0,94.0,2.22,3.13,168.0,998.0,0,804,Clouds,overcast clouds,04n
2025-07-18 20:26:55,Thanh Hoa-Thanh Hoa,Thanh Hoa,29.9,29.9,29.9,77.0,36.55,10000.0,0.0,94.0,2.22,3.13,168.0,998.0,0,804,Clouds,overcast clouds,04n
2025-07-18 20:28:52,Thanh Hoa-Thanh Hoa,Thanh Hoa,29.9,29.9,29.9,77.0,36.55,10000.0,0.0,94.0,2.22,3.13,168.0,998.0,0,804,Clouds,overcast clouds,04n
2025-07-18 20:30:46,Thanh Hoa-Thanh Hoa,Thanh Hoa,29.33,29.33,29.33,76.0,34.75,10000.0,0.0,79.0,2.14,3.48,160.0,998.0,0,803,Clouds,broken clouds,04n
2025-07-18 20:32:41,Thanh Hoa-Thanh Hoa,Thanh Hoa,29.33,29.33,29.33,76.0,34.75,10000.0,0.0,79.0,2.14,3.48,160.0,998.0,0,803,Clouds,broken clouds,04n
2025-07-18 20:34:36,Thanh Hoa-Thanh Hoa,Thanh Hoa,29.33,29.33,29.33,76.0,34.75,10000.0,0.0,79.0,2.14,3.48,160.0,998.0,0,803,Clouds,broken clouds,04n
2025-07-18 20:36:31,Thanh Hoa-Thanh Hoa,Thanh Hoa,29.33,29.33,29.33,76.0,34.75,10000.0,0.0,79.0,2.14,3.48,160.0,998.0,0,803,Clouds,broken clouds,04n
2025-07-18 20:38:28,Thanh Hoa-Thanh Hoa,Thanh Hoa,29.33,29.33,29.33,76.0,34.75,10000.0,0.0,79.0,2.14,3.48,160.0,998.0,0,803,Clouds,broken clouds,04n
2025-07-18 20:40:22,Thanh Hoa-Thanh Hoa,Thanh Hoa,29.33,29.33,29.33,76.0,34.75,10000.0,0.0,79.0,2.14,3.48,160.0,998.0,0,803,Clouds,broken clouds,04n
2025-07-18 20:42:16,Thanh Hoa-Thanh Hoa,Thanh Hoa,29.33,29.33,29.33,76.0,34.75,10000.0,0.0,79.0,2.14,3.48,160.0,998.0,0,803,Clouds,broken clouds,04n
2025-07-18 20:44:13,Thanh Hoa-Thanh Hoa,Thanh Hoa,29.33,29.33,29.33,76.0,34.75,10000.0,0.0,79.0,2.14,3.48,160.0,998.0,0,803,Clouds,broken clouds,04n
2025-07-18 20:46:08,Thanh Hoa-Thanh Hoa,Thanh Hoa,29.33,29.33,29.33,76.0,34.75,10000.0,0.0,79.0,2.14,3.48,160.0,998.0,0,803,Clouds,broken clouds,04n
2025-07-18 20:48:03,Thanh Hoa-Thanh Hoa,Thanh Hoa,29.33,29.33,29.33,76.0,34.75,10000.0,0.0,79.0,2.14,3.48,160.0,998.0,0,803,Clouds,broken clouds,04n
2025-07-18 20:49:59,Thanh Hoa-Thanh Hoa,Thanh Hoa,29.33,29.33,29.33,76.0,34.75,10000.0,0.0,79.0,2.14,3.48,160.0,998.0,0,803,Clouds,broken clouds,04n
2025-07-18 20:51:55,Thanh Hoa-Thanh Hoa,Thanh Hoa,29.29,29.29,29.29,76.0,34.64,10000.0,0.0,79.0,2.14,3.48,160.0,998.0,0,803,Clouds,broken clouds,04n
2025-07-18 20:53:53,Thanh Hoa-Thanh Hoa,Thanh Hoa,29.29,29.29,29.29,76.0,34.64,10000.0,0.0,79.0,2.14,3.48,160.0,998.0,0,803,Clouds,broken clouds,04n
2025-07-18 20:55:50,Thanh Hoa-Thanh Hoa,Thanh Hoa,29.29,29.29,29.29,76.0,34.64,10000.0,0.0,79.0,2.14,3.48,160.0,998.0,0,803,Clouds,broken clouds,04n
2025-07-18 20:57:45,Thanh Hoa-Thanh Hoa,Thanh Hoa,29.29,29.29,29.29,76.0,34.64,10000.0,0.0,79.0,2.14,3.48,160.0,998.0,0,803,Clouds,broken clouds,04n
2025-07-18 20:59:40,Thanh Hoa-Thanh Hoa,Thanh Hoa,29.29,29.29,29.29,76.0,34.64,10000.0,0.0,79.0,2.14,3.48,160.0,998.0,0,803,Clouds,broken clouds,04n
2025-07-18 21:01:34,Thanh Hoa-Thanh Hoa,Thanh Hoa,29.29,29.29,29.29,76.0,34.64,10000.0,0.0,79.0,2.14,3.48,160.0,998.0,0,803,Clouds,broken clouds,04n
2025-07-18 21:03:30,Thanh Hoa-Thanh Hoa,Thanh Hoa,29.29,29.29,29.29,76.0,34.64,10000.0,0.0,79.0,2.14,3.48,160.0,998.0,0,803,Clouds,broken clouds,04n
2025-07-18 21:05:31,Thanh Hoa-Thanh Hoa,Thanh Hoa,29.29,29.29,29.29,76.0,34.64,10000.0,0.0,79.0,2.14,3.48,160.0,998.0,0,803,Clouds,broken clouds,04n
2025-07-18 21:07:27,Thanh Hoa-Thanh Hoa,Thanh Hoa,29.29,29.29,29.29,76.0,34.64,10000.0,0.0,79.0,2.14,3.48,160.0,998.0,0,803,Clouds,broken clouds,04n
2025-07-18 21:09:22,Thanh Hoa-Thanh Hoa,Thanh Hoa,29.29,29.29,29.29,76.0,34.64,10000.0,0.0,79.0,2.14,3.48,160.0,998.0,0,803,Clouds,broken clouds,04n
2025-07-18 21:11:17,Thanh Hoa-Thanh Hoa,Thanh Hoa,29.56,29.56,29.56,76.0,35.36,10000.0,0.0,84.0,2.7,4.4,167.0,998.0,0,803,Clouds,broken clouds,04n
2025-07-18 21:15:18,Thanh Hoa-Thanh Hoa,Thanh Hoa,29.56,29.56,29.56,76.0,35.36,10000.0,0.0,84.0,2.7,4.4,167.0,998.0,0,803,Clouds,broken clouds,04n
2025-07-18 21:17:17,Thanh Hoa-Thanh Hoa,Thanh Hoa,29.29,29.29,29.29,76.0,34.64,10000.0,0.0,79.0,2.14,3.48,160.0,998.0,0,803,Clouds,broken clouds,04n
2025-07-18 21:19:15,Thanh Hoa-Thanh Hoa,Thanh Hoa,29.29,29.29,29.29,76.0,34.64,10000.0,0.0,79.0,2.14,3.48,160.0,998.0,0,803,Clouds,broken clouds,04n
2025-07-18 21:21:11,Thanh Hoa-Thanh Hoa,Thanh Hoa,29.29,29.29,29.29,76.0,34.64,10000.0,0.0,79.0,2.14,3.48,160.0,998.0,0,803,Clouds,broken clouds,04n
2025-07-18 21:23:15,Thanh Hoa-Thanh Hoa,Thanh Hoa,29.29,29.29,29.29,76.0,34.64,10000.0,0.0,79.0,2.14,3.48,160.0,998.0,0,803,Clouds,broken clouds,04n
2025-07-18 21:25:11,Thanh Hoa-Thanh Hoa,Thanh Hoa,29.29,29.29,29.29,76.0,34.64,10000.0,0.0,79.0,2.14,3.48,160.0,998.0,0,803,Clouds,broken clouds,04n
2025-07-18 21:27:07,Thanh Hoa-Thanh Hoa,Thanh Hoa,29.29,29.29,29.29,76.0,34.64,10000.0,0.0,79.0,2.14,3.48,160.0,998.0,0,803,Clouds,broken clouds,04n
2025-07-18 21:29:02,Thanh Hoa-Thanh Hoa,Thanh Hoa,29.29,29.29,29.29,76.0,34.64,10000.0,0.0,79.0,2.14,3.48,160.0,998.0,0,803,Clouds,broken clouds,04n
2025-07-18 21:30:59,Thanh Hoa-Thanh Hoa,Thanh Hoa,29.29,29.29,29.29,76.0,34.64,10000.0,0.0,79.0,2.14,3.48,160.0,998.0,0,803,Clouds,broken clouds,04n
2025-07-18 21:32:53,Thanh Hoa-Thanh Hoa,Thanh Hoa,29.29,29.29,29.29,76.0,34.64,10000.0,0.0,79.0,2.14,3.48,160.0,998.0,0,803,Clouds,broken clouds,04n
2025-07-18 21:34:48,Thanh Hoa-Thanh Hoa,Thanh Hoa,29.29,29.29,29.29,76.0,34.64,10000.0,0.0,79.0,2.14,3.48,160.0,998.0,0,803,Clouds,broken clouds,04n
2025-07-18 21:36:45,Thanh Hoa-Thanh Hoa,Thanh Hoa,29.03,29.03,29.03,76.0,33.97,10000.0,0.0,86.0,1.75,2.89,154.0,999.0,0,804,Clouds,overcast clouds,04n
2025-07-18 21:38:42,Thanh Hoa-Thanh Hoa,Thanh Hoa,29.03,29.03,29.03,76.0,33.97,10000.0,0.0,86.0,1.75,2.89,154.0,999.0,0,804,Clouds,overcast clouds,04n
2025-07-18 21:42:33,Thanh Hoa-Thanh Hoa,Thanh Hoa,29.03,29.03,29.03,76.0,33.97,10000.0,0.0,86.0,1.75,2.89,154.0,999.0,0,804,Clouds,overcast clouds,04n
2025-07-18 21:44:31,Thanh Hoa-Thanh Hoa,Thanh Hoa,29.03,29.03,29.03,76.0,33.97,10000.0,0.0,86.0,1.75,2.89,154.0,999.0,0,804,Clouds,overcast clouds,04n
2025-07-18 21:46:27,Thanh Hoa-Thanh Hoa,Thanh Hoa,29.03,29.03,29.03,76.0,33.97,10000.0,0.0,86.0,1.75,2.89,154.0,999.0,0,804,Clouds,overcast clouds,04n
2025-07-18 21:48:28,Thanh Hoa-Thanh Hoa,Thanh Hoa,29.02,29.02,29.02,76.0,33.95,10000.0,0.0,86.0,1.75,2.89,154.0,999.0,0,804,Clouds,overcast clouds,04n
2025-07-18 21:50:34,Thanh Hoa-Thanh Hoa,Thanh Hoa,29.03,29.03,29.03,76.0,33.97,10000.0,0.0,86.0,1.75,2.89,154.0,999.0,0,804,Clouds,overcast clouds,04n
2025-07-18 21:52:31,Thanh Hoa-Thanh Hoa,Thanh Hoa,29.03,29.03,29.03,76.0,33.97,10000.0,0.0,86.0,1.75,2.89,154.0,999.0,0,804,Clouds,overcast clouds,04n
2025-07-18 21:54:26,Thanh Hoa-Thanh Hoa,Thanh Hoa,29.02,29.02,29.02,76.0,33.95,10000.0,0.0,86.0,1.75,2.89,154.0,999.0,0,804,Clouds,overcast clouds,04n
2025-07-18 21:56:22,Thanh Hoa-Thanh Hoa,Thanh Hoa,29.02,29.02,29.02,76.0,33.95,10000.0,0.0,86.0,1.75,2.89,154.0,999.0,0,804,Clouds,overcast clouds,04n
2025-07-18 21:58:16,Thanh Hoa-Thanh Hoa,Thanh Hoa,29.02,29.02,29.02,76.0,33.95,10000.0,0.0,86.0,1.75,2.89,154.0,999.0,0,804,Clouds,overcast clouds,04n
2025-07-18 22:06:48,Thanh Hoa-Thanh Hoa,Thanh Hoa,29.02,29.02,29.02,76.0,33.95,10000.0,0.0,86.0,1.75,2.89,154.0,999.0,0,804,Clouds,overcast clouds,04n
2025-07-18 22:18:21,Thanh Hoa-Thanh Hoa,Thanh Hoa,29.02,29.02,29.02,76.0,33.95,10000.0,0.0,86.0,1.75,2.89,154.0,999.0,0,804,Clouds,overcast clouds,04n
2025-07-18 22:20:21,Thanh Hoa-Thanh Hoa,Thanh Hoa,29.02,29.02,29.02,76.0,33.95,10000.0,0.0,86.0,1.75,2.89,154.0,999.0,0,804,Clouds,overcast clouds,04n
2025-07-18 22:26:58,Thanh Hoa-Thanh Hoa,Thanh Hoa,29.02,29.02,29.02,76.0,33.95,10000.0,0.0,86.0,1.75,2.89,154.0,999.0,0,804,Clouds,overcast clouds,04n
2025-07-19 06:50:02,Thanh Hoa-Thanh Hoa,Thanh Hoa,28.92,28.92,28.92,80.0,34.52,10000.0,0.0,100.0,1.29,2.2,284.0,997.0,1,804,Clouds,overcast clouds,04d
2025-07-19 07:13:36,Thanh Hoa-Thanh Hoa,Thanh Hoa,28.92,28.92,28.92,80.0,34.52,10000.0,0.0,100.0,1.29,2.2,284.0,997.0,1,804,Clouds,overcast clouds,04d
2025-07-19 07:53:46,Thanh Hoa-Thanh Hoa,Thanh Hoa,30.09,30.09,30.09,73.0,36.02,10000.0,0.0,100.0,2.13,3.39,299.0,997.0,1,804,Clouds,overcast clouds,04d
2025-07-19 08:51:42,Thanh Hoa-Thanh Hoa,Thanh Hoa,31.79,31.79,31.79,64.0,37.8,10000.0,0.0,100.0,2.33,3.63,298.0,997.0,1,804,Clouds,overcast clouds,04d
2025-07-19 09:38:40,Thanh Hoa-Thanh Hoa,Thanh Hoa,32.94,32.94,32.94,59.0,39.01,10000.0,0.0,100.0,2.23,3.45,287.0,997.0,1,804,Clouds,overcast clouds,04d
2025-07-19 10:26:58,Thanh Hoa-Thanh Hoa,Thanh Hoa,32.96,32.96,32.96,59.0,39.06,10000.0,0.0,100.0,2.23,3.45,287.0,997.0,1,804,Clouds,overcast clouds,04d
2025-07-19 10:39:25,Thanh Hoa-Thanh Hoa,Thanh Hoa,34.84,34.84,34.84,52.0,41.08,10000.0,0.25,100.0,1.85,3.08,317.0,997.0,1,500,Rain,light rain,10d
2025-07-19 10:43:24,Thanh Hoa-Thanh Hoa,Thanh Hoa,34.84,34.84,34.84,52.0,41.08,10000.0,0.0,100.0,1.85,3.08,317.0,997.0,1,804,Clouds,overcast clouds,04d
2025-07-19 10:47:23,Thanh Hoa-Thanh Hoa,Thanh Hoa,34.84,34.84,34.84,52.0,41.08,10000.0,0.0,100.0,1.85,3.08,317.0,997.0,1,804,Clouds,overcast clouds,04d
2025-07-19 10:51:23,Thanh Hoa-Thanh Hoa,Thanh Hoa,34.84,34.84,34.84,52.0,41.08,10000.0,0.0,100.0,1.85,3.08,317.0,997.0,1,804,Clouds,overcast clouds,04d
2025-07-19 10:59:17,Thanh Hoa-Thanh Hoa,Thanh Hoa,34.84,34.84,34.84,52.0,41.08,10000.0,1.54,100.0,1.85,3.08,317.0,997.0,1,501,Rain,moderate rain,10d
2025-07-19 11:06:59,Thanh Hoa-Thanh Hoa,Thanh Hoa,34.82,34.82,34.82,52.0,41.03,10000.0,2.05,100.0,1.85,3.08,317.0,997.0,1,501,Rain,moderate rain,10d
2025-07-19 11:11:20,Thanh Hoa-Thanh Hoa,Thanh Hoa,34.82,34.82,34.82,52.0,41.03,10000.0,2.44,100.0,1.85,3.08,317.0,997.0,1,501,Rain,moderate rain,10d
2025-07-19 11:15:31,Thanh Hoa-Thanh Hoa,Thanh Hoa,34.82,34.82,34.82,52.0,41.03,10000.0,2.44,100.0,1.85,3.08,317.0,997.0,1,501,Rain,moderate rain,10d
2025-07-19 11:19:31,Thanh Hoa-Thanh Hoa,Thanh Hoa,34.82,34.82,34.82,52.0,41.03,10000.0,2.05,100.0,1.85,3.08,317.0,997.0,1,501,Rain,moderate rain,10d
2025-07-19 11:23:18,Thanh Hoa-Thanh Hoa,Thanh Hoa,34.83,34.83,34.83,52.0,41.06,10000.0,1.94,100.0,1.85,3.08,317.0,997.0,1,501,Rain,moderate rain,10d
2025-07-19 11:27:08,Thanh Hoa-Thanh Hoa,Thanh Hoa,34.83,34.83,34.83,52.0,41.06,10000.0,2.51,100.0,1.85,3.08,317.0,997.0,1,501,Rain,moderate rain,10d
2025-07-19 11:30:55,Thanh Hoa-Thanh Hoa,Thanh Hoa,34.83,34.83,34.83,52.0,41.06,10000.0,2.37,100.0,1.85,3.08,317.0,997.0,1,501,Rain,moderate rain,10d
2025-07-19 11:34:41,Thanh Hoa-Thanh Hoa,Thanh Hoa,34.83,34.83,34.83,52.0,41.06,10000.0,2.37,100.0,1.85,3.08,317.0,997.0,1,501,Rain,moderate rain,10d
2025-07-19 11:38:26,Thanh Hoa-Thanh Hoa,Thanh Hoa,35.88,35.88,35.88,48.0,41.97,10000.0,2.37,100.0,1.86,3.11,312.0,997.0,1,501,Rain,moderate rain,10d
2025-07-19 11:42:13,Thanh Hoa-Thanh Hoa,Thanh Hoa,35.88,35.88,35.88,48.0,41.97,10000.0,2.37,100.0,1.86,3.11,312.0,997.0,1,501,Rain,moderate rain,10d
2025-07-19 11:46:07,Thanh Hoa-Thanh Hoa,Thanh Hoa,35.88,35.88,35.88,48.0,41.97,10000.0,2.37,100.0,1.86,3.11,312.0,997.0,1,501,Rain,moderate rain,10d
2025-07-19 11:49:56,Thanh Hoa-Thanh Hoa,Thanh Hoa,35.9,35.9,35.9,48.0,42.01,10000.0,3.16,100.0,1.86,3.11,312.0,997.0,1,501,Rain,moderate rain,10d
2025-07-19 11:53:42,Thanh Hoa-Thanh Hoa,Thanh Hoa,35.9,35.9,35.9,48.0,42.01,10000.0,3.16,100.0,1.86,3.11,312.0,997.0,1,501,Rain,moderate rain,10d
2025-07-19 11:57:28,Thanh Hoa-Thanh Hoa,Thanh Hoa,35.9,35.9,35.9,48.0,42.01,10000.0,3.65,100.0,1.86,3.11,312.0,997.0,1,501,Rain,moderate rain,10d
2025-07-19 12:01:17,Thanh Hoa-Thanh Hoa,Thanh Hoa,35.89,35.89,35.89,48.0,41.99,10000.0,4.21,100.0,1.86,3.11,312.0,997.0,1,502,Rain,heavy intensity rain,10d
2025-07-19 12:05:12,Thanh Hoa-Thanh Hoa,Thanh Hoa,35.9,35.9,35.9,48.0,42.01,10000.0,3.65,100.0,1.86,3.11,312.0,997.0,1,501,Rain,moderate rain,10d
2025-07-19 12:08:57,Thanh Hoa-Thanh Hoa,Thanh Hoa,35.89,35.89,35.89,48.0,41.99,10000.0,3.76,100.0,1.86,3.11,312.0,997.0,1,501,Rain,moderate rain,10d
2025-07-19 12:12:44,Thanh Hoa-Thanh Hoa,Thanh Hoa,35.89,35.89,35.89,48.0,41.99,10000.0,3.65,100.0,1.86,3.11,312.0,997.0,1,501,Rain,moderate rain,10d
2025-07-19 12:16:30,Thanh Hoa-Thanh Hoa,Thanh Hoa,35.9,35.9,35.9,48.0,42.01,10000.0,4.21,100.0,1.86,3.11,312.0,997.0,1,502,Rain,heavy intensity rain,10d
2025-07-19 12:20:15,Thanh Hoa-Thanh Hoa,Thanh Hoa,35.9,35.9,35.9,48.0,42.01,10000.0,4.21,100.0,1.86,3.11,312.0,997.0,1,502,Rain,heavy intensity rain,10d
2025-07-19 12:24:01,Thanh Hoa-Thanh Hoa,Thanh Hoa,35.9,35.9,35.9,48.0,42.01,10000.0,3.16,100.0,1.86,3.11,312.0,997.0,1,501,Rain,moderate rain,10d
2025-07-19 12:27:48,Thanh Hoa-Thanh Hoa,Thanh Hoa,35.9,35.9,35.9,48.0,42.01,10000.0,4.1,100.0,1.86,3.11,312.0,997.0,1,502,Rain,heavy intensity rain,10d
2025-07-19 12:31:33,Thanh Hoa-Thanh Hoa,Thanh Hoa,35.9,35.9,35.9,48.0,42.01,10000.0,4.1,100.0,1.86,3.11,312.0,997.0,1,502,Rain,heavy intensity rain,10d
2025-07-19 12:35:19,Thanh Hoa-Thanh Hoa,Thanh Hoa,35.9,35.9,35.9,48.0,42.01,10000.0,4.1,100.0,1.86,3.11,312.0,997.0,1,502,Rain,heavy intensity rain,10d
2025-07-19 12:39:05,Thanh Hoa-Thanh Hoa,Thanh Hoa,36.61,36.61,36.61,45.0,42.42,10000.0,2.73,100.0,2.22,3.84,350.0,996.0,1,501,Rain,moderate rain,10d
2025-07-19 12:42:50,Thanh Hoa-Thanh Hoa,Thanh Hoa,36.61,36.61,36.61,45.0,42.42,10000.0,2.73,100.0,2.22,3.84,350.0,996.0,1,501,Rain,moderate rain,10d
2025-07-19 12:46:36,Thanh Hoa-Thanh Hoa,Thanh Hoa,36.61,36.61,36.61,45.0,42.42,10000.0,2.73,100.0,2.22,3.84,350.0,996.0,1,501,Rain,moderate rain,10d
2025-07-19 12:50:21,Thanh Hoa-Thanh Hoa,Thanh Hoa,36.64,36.64,36.64,45.0,42.5,10000.0,2.37,100.0,2.22,3.84,350.0,996.0,1,501,Rain,moderate rain,10d
2025-07-19 12:54:08,Thanh Hoa-Thanh Hoa,Thanh Hoa,36.64,36.64,36.64,45.0,42.5,10000.0,2.37,100.0,2.22,3.84,350.0,996.0,1,501,Rain,moderate rain,10d
2025-07-19 12:57:54,Thanh Hoa-Thanh Hoa,Thanh Hoa,36.64,36.64,36.64,45.0,42.5,10000.0,2.37,100.0,2.22,3.84,350.0,996.0,1,501,Rain,moderate rain,10d
2025-07-19 13:01:40,Thanh Hoa-Thanh Hoa,Thanh Hoa,36.64,36.64,36.64,45.0,42.5,10000.0,1.33,100.0,2.22,3.84,350.0,996.0,1,501,Rain,moderate rain,10d
2025-07-19 13:05:25,Thanh Hoa-Thanh Hoa,Thanh Hoa,36.64,36.64,36.64,45.0,42.5,10000.0,1.33,100.0,2.22,3.84,350.0,996.0,1,501,Rain,moderate rain,10d
2025-07-19 13:09:10,Thanh Hoa-Thanh Hoa,Thanh Hoa,36.64,36.64,36.64,45.0,42.5,10000.0,1.33,100.0,2.22,3.84,350.0,996.0,1,501,Rain,moderate rain,10d
2025-07-19 13:12:56,Thanh Hoa-Thanh Hoa,Thanh Hoa,36.63,36.63,36.63,45.0,42.47,10000.0,1.63,100.0,2.22,3.84,350.0,996.0,1,501,Rain,moderate rain,10d
2025-07-19 13:16:42,Thanh Hoa-Thanh Hoa,Thanh Hoa,36.63,36.63,36.63,45.0,42.47,10000.0,1.73,100.0,2.22,3.84,350.0,996.0,1,501,Rain,moderate rain,10d
2025-07-19 13:20:27,Thanh Hoa-Thanh Hoa,Thanh Hoa,36.63,36.63,36.63,45.0,42.47,10000.0,1.73,100.0,2.22,3.84,350.0,996.0,1,501,Rain,moderate rain,10d
2025-07-19 13:24:12,Thanh Hoa-Thanh Hoa,Thanh Hoa,36.63,36.63,36.63,45.0,42.47,10000.0,1.63,100.0,2.22,3.84,350.0,996.0,1,501,Rain,moderate rain,10d
2025-07-19 13:27:57,Thanh Hoa-Thanh Hoa,Thanh Hoa,36.63,36.63,36.63,45.0,42.47,10000.0,1.63,100.0,2.22,3.84,350.0,996.0,1,501,Rain,moderate rain,10d
2025-07-19 13:31:43,Thanh Hoa-Thanh Hoa,Thanh Hoa,37.09,37.09,37.09,44.0,43.12,10000.0,1.33,100.0,2.24,3.73,346.0,995.0,1,501,Rain,moderate rain,10d
2025-07-19 13:35:29,Thanh Hoa-Thanh Hoa,Thanh Hoa,36.63,36.63,36.63,45.0,42.47,10000.0,1.03,100.0,2.22,3.84,350.0,996.0,1,501,Rain,moderate rain,10d
2025-07-19 13:39:15,Thanh Hoa-Thanh Hoa,Thanh Hoa,37.09,37.09,37.09,44.0,43.12,10000.0,1.68,100.0,2.24,3.73,346.0,995.0,1,501,Rain,moderate rain,10d
2025-07-19 13:43:01,Thanh Hoa-Thanh Hoa,Thanh Hoa,37.09,37.09,37.09,44.0,43.12,10000.0,1.89,100.0,2.24,3.73,346.0,995.0,1,501,Rain,moderate rain,10d
2025-07-19 13:46:46,Thanh Hoa-Thanh Hoa,Thanh Hoa,37.09,37.09,37.09,44.0,43.12,10000.0,1.89,100.0,2.24,3.73,346.0,995.0,1,501,Rain,moderate rain,10d
2025-07-19 13:50:33,Thanh Hoa-Thanh Hoa,Thanh Hoa,37.09,37.09,37.09,44.0,43.12,10000.0,1.89,100.0,2.24,3.73,346.0,995.0,1,501,Rain,moderate rain,10d
2025-07-19 13:54:21,Thanh Hoa-Thanh Hoa,Thanh Hoa,36.73,36.73,36.73,44.0,42.27,10000.0,3.07,100.0,2.24,3.73,346.0,995.0,1,501,Rain,moderate rain,10d
2025-07-19 13:58:11,Thanh Hoa-Thanh Hoa,Thanh Hoa,36.73,36.73,36.73,44.0,42.27,10000.0,3.07,100.0,2.24,3.73,346.0,995.0,1,501,Rain,moderate rain,10d
2025-07-19 14:02:01,Thanh Hoa-Thanh Hoa,Thanh Hoa,36.73,36.73,36.73,44.0,42.27,10000.0,3.07,100.0,2.24,3.73,346.0,995.0,1,501,Rain,moderate rain,10d
2025-07-19 14:05:53,Thanh Hoa-Thanh Hoa,Thanh Hoa,36.72,36.72,36.72,44.0,42.25,10000.0,6.49,100.0,2.24,3.73,346.0,995.0,1,502,Rain,heavy intensity rain,10d
2025-07-19 14:09:43,Thanh Hoa-Thanh Hoa,Thanh Hoa,36.72,36.72,36.72,44.0,42.25,10000.0,9.99,100.0,2.24,3.73,346.0,995.0,1,502,Rain,heavy intensity rain,10d
2025-07-19 14:13:32,Thanh Hoa-Thanh Hoa,Thanh Hoa,36.72,36.72,36.72,44.0,42.25,10000.0,6.49,100.0,2.24,3.73,346.0,995.0,1,502,Rain,heavy intensity rain,10d
2025-07-19 14:17:23,Thanh Hoa-Thanh Hoa,Thanh Hoa,36.72,36.72,36.72,44.0,42.25,10000.0,9.99,100.0,2.24,3.73,346.0,995.0,1,502,Rain,heavy intensity rain,10d
2025-07-19 14:21:14,Thanh Hoa-Thanh Hoa,Thanh Hoa,36.74,36.74,36.74,44.0,42.3,10000.0,63.1,100.0,2.24,3.73,346.0,995.0,1,504,Rain,extreme rain,10d
2025-07-19 14:25:09,Thanh Hoa-Thanh Hoa,Thanh Hoa,36.74,36.74,36.74,44.0,42.3,10000.0,64.84,100.0,2.24,3.73,346.0,995.0,1,504,Rain,extreme rain,10d
2025-07-19 14:29:00,Thanh Hoa-Thanh Hoa,Thanh Hoa,36.74,36.74,36.74,44.0,42.3,10000.0,63.1,100.0,2.24,3.73,346.0,995.0,1,504,Rain,extreme rain,10d
2025-07-19 14:32:52,Thanh Hoa-Thanh Hoa,Thanh Hoa,36.47,36.47,36.47,44.0,41.68,10000.0,51.64,100.0,2.49,3.39,18.0,995.0,1,504,Rain,extreme rain,10d
2025-07-19 14:36:42,Thanh Hoa-Thanh Hoa,Thanh Hoa,36.47,36.47,36.47,44.0,41.68,10000.0,33.53,100.0,2.49,3.39,18.0,995.0,1,503,Rain,very heavy rain,10d
2025-07-19 14:40:33,Thanh Hoa-Thanh Hoa,Thanh Hoa,36.47,36.47,36.47,44.0,41.68,10000.0,33.53,100.0,2.49,3.39,18.0,995.0,1,503,Rain,very heavy rain,10d
2025-07-19 14:44:24,Thanh Hoa-Thanh Hoa,Thanh Hoa,36.47,36.47,36.47,44.0,41.68,10000.0,36.46,100.0,2.49,3.39,18.0,995.0,1,503,Rain,very heavy rain,10d
2025-07-19 14:48:14,Thanh Hoa-Thanh Hoa,Thanh Hoa,36.47,36.47,36.47,44.0,41.68,10000.0,36.46,100.0,2.49,3.39,18.0,995.0,1,503,Rain,very heavy rain,10d
2025-07-19 14:52:05,Thanh Hoa-Thanh Hoa,Thanh Hoa,36.47,36.47,36.47,44.0,41.68,10000.0,23.68,100.0,2.49,3.39,18.0,995.0,1,503,Rain,very heavy rain,10d
2025-07-19 14:55:55,Thanh Hoa-Thanh Hoa,Thanh Hoa,36.42,36.42,36.42,44.0,41.56,10000.0,18.86,100.0,2.49,3.39,18.0,995.0,1,503,Rain,very heavy rain,10d
2025-07-19 14:59:45,Thanh Hoa-Thanh Hoa,Thanh Hoa,36.42,36.42,36.42,44.0,41.56,10000.0,7.49,100.0,2.49,3.39,18.0,995.0,1,502,Rain,heavy intensity rain,10d
2025-07-19 15:03:34,Thanh Hoa-Thanh Hoa,Thanh Hoa,36.4,36.4,36.4,44.0,41.52,10000.0,6.68,100.0,2.49,3.39,18.0,995.0,1,502,Rain,heavy intensity rain,10d
2025-07-19 15:07:27,Thanh Hoa-Thanh Hoa,Thanh Hoa,36.4,36.4,36.4,44.0,41.52,10000.0,6.68,100.0,2.49,3.39,18.0,995.0,1,502,Rain,heavy intensity rain,10d
2025-07-19 15:11:17,Thanh Hoa-Thanh Hoa,Thanh Hoa,36.4,36.4,36.4,44.0,41.52,10000.0,3.16,100.0,2.49,3.39,18.0,995.0,1,501,Rain,moderate rain,10d
2025-07-19 15:15:09,Thanh Hoa-Thanh Hoa,Thanh Hoa,36.4,36.4,36.4,44.0,41.52,10000.0,3.16,100.0,2.49,3.39,18.0,995.0,1,501,Rain,moderate rain,10d
2025-07-19 15:18:58,Thanh Hoa-Thanh Hoa,Thanh Hoa,36.4,36.4,36.4,44.0,41.52,10000.0,3.16,100.0,2.49,3.39,18.0,995.0,1,501,Rain,moderate rain,10d
2025-07-19 15:22:48,Thanh Hoa-Thanh Hoa,Thanh Hoa,36.42,36.42,36.42,44.0,41.56,10000.0,2.73,100.0,2.49,3.39,18.0,995.0,1,501,Rain,moderate rain,10d
2025-07-19 15:26:37,Thanh Hoa-Thanh Hoa,Thanh Hoa,36.42,36.42,36.42,44.0,41.56,10000.0,2.73,100.0,2.49,3.39,18.0,995.0,1,501,Rain,moderate rain,10d
2025-07-19 15:30:27,Thanh Hoa-Thanh Hoa,Thanh Hoa,36.42,36.42,36.42,44.0,41.56,10000.0,2.73,100.0,2.49,3.39,18.0,995.0,1,501,Rain,moderate rain,10d
2025-07-19 15:34:17,Thanh Hoa-Thanh Hoa,Thanh Hoa,35.62,35.62,35.62,50.0,42.18,10000.0,2.27,100.0,3.1,3.3,57.0,994.0,1,501,Rain,moderate rain,10d
2025-07-19 15:38:08,Thanh Hoa-Thanh Hoa,Thanh Hoa,35.62,35.62,35.62,50.0,42.18,10000.0,6.89,100.0,3.1,3.3,57.0,994.0,1,502,Rain,heavy intensity rain,10d
2025-07-19 15:41:57,Thanh Hoa-Thanh Hoa,Thanh Hoa,35.62,35.62,35.62,50.0,42.18,10000.0,7.09,100.0,3.1,3.3,57.0,994.0,1,502,Rain,heavy intensity rain,10d
2025-07-19 15:45:48,Thanh Hoa-Thanh Hoa,Thanh Hoa,35.62,35.62,35.62,50.0,42.18,10000.0,7.09,100.0,3.1,3.3,57.0,994.0,1,502,Rain,heavy intensity rain,10d
2025-07-19 15:49:37,Thanh Hoa-Thanh Hoa,Thanh Hoa,35.62,35.62,35.62,50.0,42.18,10000.0,7.09,100.0,3.1,3.3,57.0,994.0,1,502,Rain,heavy intensity rain,10d
2025-07-19 15:53:27,Thanh Hoa-Thanh Hoa,Thanh Hoa,35.4,35.4,35.4,50.0,41.64,10000.0,8.65,100.0,3.1,3.3,57.0,994.0,1,502,Rain,heavy intensity rain,10d
2025-07-19 15:57:17,Thanh Hoa-Thanh Hoa,Thanh Hoa,35.4,35.4,35.4,50.0,41.64,10000.0,8.65,100.0,3.1,3.3,57.0,994.0,1,502,Rain,heavy intensity rain,10d
2025-07-19 16:01:07,Thanh Hoa-Thanh Hoa,Thanh Hoa,35.4,35.4,35.4,50.0,41.64,10000.0,8.65,100.0,3.1,3.3,57.0,994.0,1,502,Rain,heavy intensity rain,10d
2025-07-19 16:04:57,Thanh Hoa-Thanh Hoa,Thanh Hoa,35.27,35.27,35.27,50.0,41.32,10000.0,7.72,100.0,3.1,3.3,57.0,994.0,1,502,Rain,heavy intensity rain,10d
2025-07-19 16:08:46,Thanh Hoa-Thanh Hoa,Thanh Hoa,35.27,35.27,35.27,50.0,41.32,10000.0,7.72,100.0,3.1,3.3,57.0,994.0,1,502,Rain,heavy intensity rain,10d
2025-07-19 16:12:37,Thanh Hoa-Thanh Hoa,Thanh Hoa,35.27,35.27,35.27,50.0,41.32,10000.0,9.18,100.0,3.1,3.3,57.0,994.0,1,502,Rain,heavy intensity rain,10d
2025-07-19 16:16:26,Thanh Hoa-Thanh Hoa,Thanh Hoa,35.27,35.27,35.27,50.0,41.32,10000.0,9.99,100.0,3.1,3.3,57.0,994.0,1,502,Rain,heavy intensity rain,10d
2025-07-19 16:20:17,Thanh Hoa-Thanh Hoa,Thanh Hoa,35.27,35.27,35.27,50.0,41.32,10000.0,9.18,100.0,3.1,3.3,57.0,994.0,1,502,Rain,heavy intensity rain,10d
2025-07-19 16:24:07,Thanh Hoa-Thanh Hoa,Thanh Hoa,35.27,35.27,35.27,50.0,41.32,10000.0,8.65,100.0,3.1,3.3,57.0,994.0,1,502,Rain,heavy intensity rain,10d
2025-07-19 16:27:59,Thanh Hoa-Thanh Hoa,Thanh Hoa,35.27,35.27,35.27,50.0,41.32,10000.0,8.65,100.0,3.1,3.3,57.0,994.0,1,502,Rain,heavy intensity rain,10d
2025-07-19 16:31:49,Thanh Hoa-Thanh Hoa,Thanh Hoa,33.39,33.39,33.39,62.0,40.39,10000.0,4.62,95.0,3.49,4.77,117.0,993.0,1,502,Rain,heavy intensity rain,10d
2025-07-19 16:35:38,Thanh Hoa-Thanh Hoa,Thanh Hoa,33.39,33.39,33.39,62.0,40.39,10000.0,4.62,95.0,3.49,4.77,117.0,993.0,1,502,Rain,heavy intensity rain,10d
2025-07-19 16:39:28,Thanh Hoa-Thanh Hoa,Thanh Hoa,33.41,33.41,33.41,62.0,40.41,10000.0,3.87,95.0,3.49,4.77,117.0,993.0,1,501,Rain,moderate rain,10d
2025-07-19 16:43:18,Thanh Hoa-Thanh Hoa,Thanh Hoa,33.41,33.41,33.41,62.0,40.41,10000.0,7.95,95.0,3.49,4.77,117.0,993.0,1,502,Rain,heavy intensity rain,10d
2025-07-19 16:47:09,Thanh Hoa-Thanh Hoa,Thanh Hoa,33.41,33.41,33.41,62.0,40.41,10000.0,6.48,95.0,3.49,4.77,117.0,993.0,1,502,Rain,heavy intensity rain,10d
2025-07-19 16:50:59,Thanh Hoa-Thanh Hoa,Thanh Hoa,33.41,33.41,33.41,62.0,40.41,10000.0,7.95,95.0,3.49,4.77,117.0,993.0,1,502,Rain,heavy intensity rain,10d
2025-07-19 16:54:48,Thanh Hoa-Thanh Hoa,Thanh Hoa,33.41,33.41,33.41,62.0,40.41,10000.0,6.48,95.0,3.49,4.77,117.0,993.0,1,502,Rain,heavy intensity rain,10d
2025-07-19 16:58:38,Thanh Hoa-Thanh Hoa,Thanh Hoa,33.44,33.44,33.44,62.0,40.44,10000.0,3.16,95.0,3.49,4.77,117.0,993.0,1,501,Rain,moderate rain,10d
2025-07-19 17:02:28,Thanh Hoa-Thanh Hoa,Thanh Hoa,33.44,33.44,33.44,62.0,40.44,10000.0,3.16,95.0,3.49,4.77,117.0,993.0,1,501,Rain,moderate rain,10d
2025-07-19 17:06:17,Thanh Hoa-Thanh Hoa,Thanh Hoa,33.35,33.35,33.35,62.0,40.35,10000.0,3.16,95.0,3.49,4.77,117.0,993.0,1,501,Rain,moderate rain,10d
2025-07-19 17:10:09,Thanh Hoa-Thanh Hoa,Thanh Hoa,33.35,33.35,33.35,62.0,40.35,10000.0,1.78,95.0,3.49,4.77,117.0,993.0,1,501,Rain,moderate rain,10d
2025-07-19 17:13:59,Thanh Hoa-Thanh Hoa,Thanh Hoa,33.35,33.35,33.35,62.0,40.35,10000.0,1.78,95.0,3.49,4.77,117.0,993.0,1,501,Rain,moderate rain,10d
2025-07-19 17:17:50,Thanh Hoa-Thanh Hoa,Thanh Hoa,33.35,33.35,33.35,62.0,40.35,10000.0,1.78,95.0,3.49,4.77,117.0,993.0,1,501,Rain,moderate rain,10d
2025-07-19 17:21:39,Thanh Hoa-Thanh Hoa,Thanh Hoa,33.35,33.35,33.35,62.0,40.35,10000.0,1.78,95.0,3.49,4.77,117.0,993.0,1,501,Rain,moderate rain,10d
2025-07-19 17:25:31,Thanh Hoa-Thanh Hoa,Thanh Hoa,33.35,33.35,33.35,62.0,40.35,10000.0,1.78,95.0,3.49,4.77,117.0,993.0,1,501,Rain,moderate rain,10d
2025-07-19 17:29:22,Thanh Hoa-Thanh Hoa,Thanh Hoa,33.35,33.35,33.35,62.0,40.35,10000.0,3.87,95.0,3.49,4.77,117.0,993.0,1,501,Rain,moderate rain,10d
2025-07-19 17:33:12,Thanh Hoa-Thanh Hoa,Thanh Hoa,33.35,33.35,33.35,62.0,40.35,10000.0,3.87,95.0,3.49,4.77,117.0,993.0,1,501,Rain,moderate rain,10d
2025-07-19 17:37:03,Thanh Hoa-Thanh Hoa,Thanh Hoa,33.35,33.35,33.35,62.0,40.35,10000.0,3.87,95.0,3.49,4.77,117.0,993.0,1,501,Rain,moderate rain,10d
2025-07-19 17:40:53,Thanh Hoa-Thanh Hoa,Thanh Hoa,30.71,30.71,30.71,74.0,37.71,10000.0,6.14,86.0,4.31,8.12,95.0,995.0,1,502,Rain,heavy intensity rain,10d
2025-07-19 17:44:44,Thanh Hoa-Thanh Hoa,Thanh Hoa,30.71,30.71,30.71,74.0,37.71,10000.0,4.21,86.0,4.31,8.12,95.0,995.0,1,502,Rain,heavy intensity rain,10d
2025-07-19 17:48:34,Thanh Hoa-Thanh Hoa,Thanh Hoa,30.71,30.71,30.71,74.0,37.71,10000.0,4.21,86.0,4.31,8.12,95.0,995.0,1,502,Rain,heavy intensity rain,10d
2025-07-19 17:52:24,Thanh Hoa-Thanh Hoa,Thanh Hoa,30.71,30.71,30.71,74.0,37.71,10000.0,4.21,86.0,4.31,8.12,95.0,995.0,1,502,Rain,heavy intensity rain,10d
2025-07-19 17:56:14,Thanh Hoa-Thanh Hoa,Thanh Hoa,30.72,30.72,30.72,74.0,37.72,10000.0,4.21,86.0,4.31,8.12,95.0,995.0,1,502,Rain,heavy intensity rain,10d
2025-07-19 18:00:05,Thanh Hoa-Thanh Hoa,Thanh Hoa,30.72,30.72,30.72,74.0,37.72,10000.0,4.21,86.0,4.31,8.12,95.0,995.0,1,502,Rain,heavy intensity rain,10d
2025-07-19 18:03:56,Thanh Hoa-Thanh Hoa,Thanh Hoa,30.72,30.72,30.72,74.0,37.72,10000.0,4.21,86.0,4.31,8.12,95.0,995.0,1,502,Rain,heavy intensity rain,10d
2025-07-19 18:07:48,Thanh Hoa-Thanh Hoa,Thanh Hoa,30.64,30.64,30.64,74.0,37.64,10000.0,5.31,86.0,4.31,8.12,95.0,995.0,1,502,Rain,heavy intensity rain,10d
2025-07-19 18:11:38,Thanh Hoa-Thanh Hoa,Thanh Hoa,30.64,30.64,30.64,74.0,37.64,10000.0,6.89,86.0,4.31,8.12,95.0,995.0,1,502,Rain,heavy intensity rain,10d
2025-07-19 18:15:32,Thanh Hoa-Thanh Hoa,Thanh Hoa,30.64,30.64,30.64,74.0,37.64,10000.0,6.89,86.0,4.31,8.12,95.0,995.0,1,502,Rain,heavy intensity rain,10d
2025-07-19 18:19:24,Thanh Hoa-Thanh Hoa,Thanh Hoa,30.64,30.64,30.64,74.0,37.64,10000.0,6.89,86.0,4.31,8.12,95.0,995.0,1,502,Rain,heavy intensity rain,10d
2025-07-19 18:23:18,Thanh Hoa-Thanh Hoa,Thanh Hoa,30.63,30.63,30.63,74.0,37.63,10000.0,12.24,86.0,4.31,8.12,95.0,995.0,1,502,Rain,heavy intensity rain,10d
2025-07-19 18:27:13,Thanh Hoa-Thanh Hoa,Thanh Hoa,30.63,30.63,30.63,74.0,37.63,10000.0,12.24,86.0,4.31,8.12,95.0,995.0,1,502,Rain,heavy intensity rain,10d
2025-07-19 18:31:08,Thanh Hoa-Thanh Hoa,Thanh Hoa,30.63,30.63,30.63,74.0,37.63,10000.0,12.24,86.0,4.31,8.12,95.0,995.0,1,502,Rain,heavy intensity rain,10d
2025-07-19 18:35:02,Thanh Hoa-Thanh Hoa,Thanh Hoa,26.45,26.45,26.45,96.0,26.45,1002.0,13.32,89.0,3.73,7.44,76.0,996.0,1,502,Rain,heavy intensity rain,10d
2025-07-19 18:38:58,Thanh Hoa-Thanh Hoa,Thanh Hoa,26.45,26.45,26.45,96.0,26.45,1002.0,13.32,89.0,3.73,7.44,76.0,996.0,0,502,Rain,heavy intensity rain,10d
2025-07-19 18:42:56,Thanh Hoa-Thanh Hoa,Thanh Hoa,26.45,26.45,26.45,96.0,26.45,2001.0,13.32,100.0,4.68,10.26,90.0,996.0,0,502,Rain,heavy intensity rain,10n
2025-07-19 18:46:50,Thanh Hoa-Thanh Hoa,Thanh Hoa,26.45,26.45,26.45,96.0,26.45,2001.0,11.53,100.0,4.68,10.26,90.0,996.0,0,502,Rain,heavy intensity rain,10n
2025-07-19 18:50:43,Thanh Hoa-Thanh Hoa,Thanh Hoa,26.45,26.45,26.45,96.0,26.45,2001.0,13.32,100.0,4.68,10.26,90.0,996.0,0,502,Rain,heavy intensity rain,10n
2025-07-19 18:54:32,Thanh Hoa-Thanh Hoa,Thanh Hoa,26.45,26.45,26.45,96.0,26.45,2001.0,11.53,100.0,4.68,10.26,90.0,996.0,0,502,Rain,heavy intensity rain,10n
2025-07-19 18:58:18,Thanh Hoa-Thanh Hoa,Thanh Hoa,26.45,26.45,26.45,96.0,26.45,2001.0,8.18,100.0,4.68,10.26,90.0,996.0,0,502,Rain,heavy intensity rain,10n
2025-07-19 19:02:06,Thanh Hoa-Thanh Hoa,Thanh Hoa,26.45,26.45,26.45,96.0,26.45,2001.0,11.53,100.0,4.68,10.26,90.0,996.0,0,502,Rain,heavy intensity rain,10n
2025-07-19 19:05:52,Thanh Hoa-Thanh Hoa,Thanh Hoa,26.45,26.45,26.45,96.0,26.45,2001.0,8.18,100.0,4.68,10.26,90.0,996.0,0,502,Rain,heavy intensity rain,10n
2025-07-19 19:09:38,Thanh Hoa-Thanh Hoa,Thanh Hoa,26.45,26.45,26.45,96.0,26.45,2001.0,8.65,100.0,4.68,10.26,90.0,996.0,0,502,Rain,heavy intensity rain,10n
2025-07-19 19:13:24,Thanh Hoa-Thanh Hoa,Thanh Hoa,26.45,26.45,26.45,96.0,26.45,2001.0,7.49,100.0,4.68,10.26,90.0,996.0,0,502,Rain,heavy intensity rain,10n
2025-07-19 19:17:09,Thanh Hoa-Thanh Hoa,Thanh Hoa,26.45,26.45,26.45,96.0,26.45,2001.0,8.65,100.0,4.68,10.26,90.0,996.0,0,502,Rain,heavy intensity rain,10n
2025-07-19 19:20:55,Thanh Hoa-Thanh Hoa,Thanh Hoa,26.45,26.45,26.45,96.0,26.45,2001.0,7.49,100.0,4.68,10.26,90.0,996.0,0,502,Rain,heavy intensity rain,10n
2025-07-19 19:24:41,Thanh Hoa-Thanh Hoa,Thanh Hoa,26.45,26.45,26.45,96.0,26.45,2001.0,8.65,100.0,4.68,10.26,90.0,996.0,0,502,Rain,heavy intensity rain,10n
2025-07-19 19:28:26,Thanh Hoa-Thanh Hoa,Thanh Hoa,24.04,24.04,24.04,96.0,25.01,2001.0,9.99,100.0,4.68,10.26,90.0,997.0,0,502,Rain,heavy intensity rain,10n
2025-07-19 19:32:12,Thanh Hoa-Thanh Hoa,Thanh Hoa,24.25,24.25,24.25,98.0,25.29,4502.0,8.42,100.0,2.99,9.22,298.0,999.0,0,502,Rain,heavy intensity rain,10n
2025-07-19 19:35:57,Thanh Hoa-Thanh Hoa,Thanh Hoa,24.04,24.04,24.04,96.0,25.01,2001.0,9.99,100.0,4.68,10.26,90.0,997.0,0,502,Rain,heavy intensity rain,10n
2025-07-19 19:39:43,Thanh Hoa-Thanh Hoa,Thanh Hoa,24.25,24.25,24.25,98.0,25.29,4502.0,7.49,100.0,2.99,9.22,298.0,999.0,0,502,Rain,heavy intensity rain,10n
2025-07-19 19:43:28,Thanh Hoa-Thanh Hoa,Thanh Hoa,24.25,24.25,24.25,98.0,25.29,4502.0,7.49,100.0,2.99,9.22,298.0,999.0,0,502,Rain,heavy intensity rain,10n
2025-07-19 19:47:14,Thanh Hoa-Thanh Hoa,Thanh Hoa,24.25,24.25,24.25,98.0,25.29,4502.0,7.49,100.0,2.99,9.22,298.0,999.0,0,502,Rain,heavy intensity rain,10n
2025-07-19 19:51:00,Thanh Hoa-Thanh Hoa,Thanh Hoa,24.25,24.25,24.25,98.0,25.29,4502.0,7.49,100.0,2.99,9.22,298.0,999.0,0,502,Rain,heavy intensity rain,10n
2025-07-19 19:54:47,Thanh Hoa-Thanh Hoa,Thanh Hoa,24.25,24.25,24.25,98.0,25.29,4502.0,7.49,100.0,2.99,9.22,298.0,999.0,0,502,Rain,heavy intensity rain,10n
2025-07-19 19:58:32,Thanh Hoa-Thanh Hoa,Thanh Hoa,24.25,24.25,24.25,98.0,25.29,4502.0,8.65,100.0,2.99,9.22,298.0,999.0,0,502,Rain,heavy intensity rain,10n
2025-07-19 20:02:17,Thanh Hoa-Thanh Hoa,Thanh Hoa,24.25,24.25,24.25,98.0,25.29,4502.0,7.49,100.0,2.99,9.22,298.0,999.0,0,502,Rain,heavy intensity rain,10n
2025-07-19 20:06:05,Thanh Hoa-Thanh Hoa,Thanh Hoa,24.25,24.25,24.25,98.0,25.29,4502.0,8.65,100.0,2.99,9.22,298.0,999.0,0,502,Rain,heavy intensity rain,10n
2025-07-19 20:09:51,Thanh Hoa-Thanh Hoa,Thanh Hoa,24.28,24.28,24.28,98.0,25.32,4502.0,7.29,100.0,2.99,9.22,298.0,999.0,0,502,Rain,heavy intensity rain,10n
2025-07-19 20:13:37,Thanh Hoa-Thanh Hoa,Thanh Hoa,24.28,24.28,24.28,98.0,25.32,4502.0,7.29,100.0,2.99,9.22,298.0,999.0,0,502,Rain,heavy intensity rain,10n
2025-07-19 20:17:24,Thanh Hoa-Thanh Hoa,Thanh Hoa,24.26,24.26,24.26,98.0,25.3,4502.0,7.49,100.0,2.99,9.22,298.0,999.0,0,502,Rain,heavy intensity rain,10n
2025-07-19 20:21:10,Thanh Hoa-Thanh Hoa,Thanh Hoa,24.26,24.26,24.26,98.0,25.3,4502.0,7.49,100.0,2.99,9.22,298.0,999.0,0,502,Rain,heavy intensity rain,10n
2025-07-19 20:24:56,Thanh Hoa-Thanh Hoa,Thanh Hoa,24.26,24.26,24.26,98.0,25.3,4502.0,5.62,100.0,2.99,9.22,298.0,999.0,0,502,Rain,heavy intensity rain,10n
2025-07-19 20:28:41,Thanh Hoa-Thanh Hoa,Thanh Hoa,24.26,24.26,24.26,98.0,25.3,4502.0,5.62,100.0,2.99,9.22,298.0,999.0,0,502,Rain,heavy intensity rain,10n
2025-07-19 20:32:26,Thanh Hoa-Thanh Hoa,Thanh Hoa,24.26,24.26,24.26,98.0,25.3,4502.0,5.62,100.0,2.99,9.22,298.0,999.0,0,502,Rain,heavy intensity rain,10n
2025-07-19 20:36:13,Thanh Hoa-Thanh Hoa,Thanh Hoa,24.26,24.26,24.26,98.0,25.3,4502.0,5.62,100.0,2.99,9.22,298.0,999.0,0,502,Rain,heavy intensity rain,10n
2025-07-19 20:40:00,Thanh Hoa-Thanh Hoa,Thanh Hoa,24.34,24.34,24.34,96.0,25.34,10000.0,5.62,100.0,3.22,7.58,235.0,998.0,0,502,Rain,heavy intensity rain,10n
2025-07-19 20:43:45,Thanh Hoa-Thanh Hoa,Thanh Hoa,24.34,24.34,24.34,96.0,25.34,10000.0,5.62,100.0,3.22,7.58,235.0,998.0,0,502,Rain,heavy intensity rain,10n
2025-07-19 20:47:31,Thanh Hoa-Thanh Hoa,Thanh Hoa,24.34,24.34,24.34,96.0,25.34,10000.0,5.62,100.0,3.22,7.58,235.0,998.0,0,502,Rain,heavy intensity rain,10n
2025-07-19 20:55:20,Thanh Hoa-Thanh Hoa,Thanh Hoa,24.34,24.34,24.34,96.0,25.34,10000.0,5.62,100.0,3.22,7.58,235.0,998.0,0,502,Rain,heavy intensity rain,10n
2025-07-19 20:59:06,Thanh Hoa-Thanh Hoa,Thanh Hoa,24.34,24.34,24.34,96.0,25.34,10000.0,5.62,100.0,3.22,7.58,235.0,998.0,0,502,Rain,heavy intensity rain,10n
2025-07-19 21:02:52,Thanh Hoa-Thanh Hoa,Thanh Hoa,24.34,24.34,24.34,96.0,25.34,10000.0,5.62,100.0,3.22,7.58,235.0,998.0,0,502,Rain,heavy intensity rain,10n
2025-07-19 21:06:37,Thanh Hoa-Thanh Hoa,Thanh Hoa,24.36,24.36,24.36,96.0,25.36,10000.0,5.62,100.0,3.22,7.58,235.0,998.0,0,502,Rain,heavy intensity rain,10n
2025-07-19 21:10:23,Thanh Hoa-Thanh Hoa,Thanh Hoa,24.36,24.36,24.36,96.0,25.36,10000.0,5.62,100.0,3.22,7.58,235.0,998.0,0,502,Rain,heavy intensity rain,10n
2025-07-19 21:14:23,Thanh Hoa-Thanh Hoa,Thanh Hoa,24.36,24.36,24.36,96.0,25.36,10000.0,6.31,100.0,3.22,7.58,235.0,998.0,0,502,Rain,heavy intensity rain,10n
2025-07-19 21:18:12,Thanh Hoa-Thanh Hoa,Thanh Hoa,24.35,24.35,24.35,96.0,25.35,10000.0,5.62,100.0,3.22,7.58,235.0,998.0,0,502,Rain,heavy intensity rain,10n
2025-07-19 21:22:01,Thanh Hoa-Thanh Hoa,Thanh Hoa,24.36,24.36,24.36,96.0,25.36,10000.0,6.31,100.0,3.22,7.58,235.0,998.0,0,502,Rain,heavy intensity rain,10n
2025-07-19 21:25:53,Thanh Hoa-Thanh Hoa,Thanh Hoa,24.35,24.35,24.35,96.0,25.35,10000.0,5.62,100.0,3.22,7.58,235.0,998.0,0,502,Rain,heavy intensity rain,10n
2025-07-19 21:33:22,Thanh Hoa-Thanh Hoa,Thanh Hoa,25.34,25.34,25.34,95.0,26.41,10000.0,5.96,100.0,2.64,8.6,272.0,999.0,0,502,Rain,heavy intensity rain,10n
2025-07-19 21:37:12,Thanh Hoa-Thanh Hoa,Thanh Hoa,25.34,25.34,25.34,95.0,26.41,10000.0,5.96,100.0,2.64,8.6,272.0,999.0,0,502,Rain,heavy intensity rain,10n
2025-07-19 21:40:57,Thanh Hoa-Thanh Hoa,Thanh Hoa,25.34,25.34,25.34,95.0,26.41,10000.0,5.96,100.0,2.64,8.6,272.0,999.0,0,502,Rain,heavy intensity rain,10n
2025-07-19 21:44:44,Thanh Hoa-Thanh Hoa,Thanh Hoa,25.34,25.34,25.34,95.0,26.41,10000.0,3.65,100.0,2.64,8.6,272.0,999.0,0,501,Rain,moderate rain,10n
2025-07-19 21:48:33,Thanh Hoa-Thanh Hoa,Thanh Hoa,25.34,25.34,25.34,95.0,26.41,10000.0,3.65,100.0,2.64,8.6,272.0,999.0,0,501,Rain,moderate rain,10n
2025-07-19 21:56:02,Thanh Hoa-Thanh Hoa,Thanh Hoa,25.34,25.34,25.34,95.0,26.41,10000.0,3.65,100.0,2.64,8.6,272.0,999.0,0,501,Rain,moderate rain,10n
2025-07-19 21:59:50,Thanh Hoa-Thanh Hoa,Thanh Hoa,25.37,25.37,25.37,95.0,26.44,10000.0,3.65,100.0,2.64,8.6,272.0,999.0,0,501,Rain,moderate rain,10n
2025-07-19 22:34:28,Thanh Hoa-Thanh Hoa,Thanh Hoa,25.44,25.44,25.44,94.0,26.49,10000.0,2.05,100.0,2.05,7.58,278.0,998.0,0,501,Rain,moderate rain,10n
2025-07-20 17:46:41,Thanh Hoa-Thanh Hoa,Thanh Hoa,26.26,26.26,26.26,95.0,26.26,10000.0,0.0,100.0,2.48,5.85,162.0,996.0,1,804,Clouds,overcast clouds,04d
2025-07-20 17:50:26,Thanh Hoa-Thanh Hoa,Thanh Hoa,26.26,26.26,26.26,95.0,26.26,10000.0,0.0,100.0,2.48,5.85,162.0,996.0,1,804,Clouds,overcast clouds,04d
2025-07-20 17:54:11,Thanh Hoa-Thanh Hoa,Thanh Hoa,26.2,26.2,26.2,95.0,26.2,10000.0,0.0,100.0,2.48,5.85,162.0,996.0,1,804,Clouds,overcast clouds,04d
2025-07-20 17:57:57,Thanh Hoa-Thanh Hoa,Thanh Hoa,26.2,26.2,26.2,95.0,26.2,10000.0,0.0,100.0,2.48,5.85,162.0,996.0,1,804,Clouds,overcast clouds,04d
2025-07-20 18:01:42,Thanh Hoa-Thanh Hoa,Thanh Hoa,26.2,26.2,26.2,95.0,26.2,10000.0,0.0,100.0,2.48,5.85,162.0,996.0,1,804,Clouds,overcast clouds,04d
2025-07-20 18:05:30,Thanh Hoa-Thanh Hoa,Thanh Hoa,26.21,26.21,26.21,95.0,26.21,10000.0,0.67,100.0,2.48,5.85,162.0,996.0,1,500,Rain,light rain,10d
2025-07-20 18:09:17,Thanh Hoa-Thanh Hoa,Thanh Hoa,26.21,26.21,26.21,95.0,26.21,10000.0,0.0,100.0,2.48,5.85,162.0,996.0,1,804,Clouds,overcast clouds,04d
2025-07-20 18:13:03,Thanh Hoa-Thanh Hoa,Thanh Hoa,26.21,26.21,26.21,95.0,26.21,10000.0,0.0,100.0,2.48,5.85,162.0,996.0,1,804,Clouds,overcast clouds,04d
2025-07-20 18:16:49,Thanh Hoa-Thanh Hoa,Thanh Hoa,26.2,26.2,26.2,95.0,26.2,10000.0,0.0,100.0,2.48,5.85,162.0,996.0,1,804,Clouds,overcast clouds,04d
2025-07-20 18:20:35,Thanh Hoa-Thanh Hoa,Thanh Hoa,26.2,26.2,26.2,95.0,26.2,10000.0,0.0,100.0,2.48,5.85,162.0,996.0,1,804,Clouds,overcast clouds,04d
2025-07-20 18:24:20,Thanh Hoa-Thanh Hoa,Thanh Hoa,26.2,26.2,26.2,95.0,26.2,10000.0,0.0,100.0,2.48,5.85,162.0,996.0,1,804,Clouds,overcast clouds,04d
2025-07-20 18:28:06,Thanh Hoa-Thanh Hoa,Thanh Hoa,26.2,26.2,26.2,95.0,26.2,10000.0,0.0,100.0,2.48,5.85,162.0,996.0,1,804,Clouds,overcast clouds,04d
2025-07-20 18:31:53,Thanh Hoa-Thanh Hoa,Thanh Hoa,26.22,26.22,26.22,95.0,26.22,10000.0,0.0,100.0,1.3,2.77,121.0,996.0,1,804,Clouds,overcast clouds,04d
2025-07-20 18:35:38,Thanh Hoa-Thanh Hoa,Thanh Hoa,26.22,26.22,26.22,95.0,26.22,10000.0,0.0,100.0,1.3,2.77,121.0,996.0,1,804,Clouds,overcast clouds,04d
2025-07-20 18:39:24,Thanh Hoa-Thanh Hoa,Thanh Hoa,26.22,26.22,26.22,95.0,26.22,10000.0,0.0,100.0,1.3,2.77,121.0,996.0,0,804,Clouds,overcast clouds,04d
2025-07-20 18:43:10,Thanh Hoa-Thanh Hoa,Thanh Hoa,26.22,26.22,26.22,95.0,26.22,10000.0,0.73,100.0,0.12,2.1,351.0,996.0,0,500,Rain,light rain,10n
2025-07-20 18:46:56,Thanh Hoa-Thanh Hoa,Thanh Hoa,26.22,26.22,26.22,95.0,26.22,10000.0,5.96,100.0,0.12,2.1,351.0,996.0,0,502,Rain,heavy intensity rain,10n
2025-07-20 18:50:41,Thanh Hoa-Thanh Hoa,Thanh Hoa,26.22,26.22,26.22,95.0,26.22,10000.0,0.73,100.0,0.12,2.1,351.0,996.0,0,500,Rain,light rain,10n
2025-07-20 18:54:26,Thanh Hoa-Thanh Hoa,Thanh Hoa,26.22,26.22,26.22,95.0,26.22,10000.0,6.48,100.0,0.12,2.1,351.0,996.0,0,502,Rain,heavy intensity rain,10n
2025-07-20 18:58:12,Thanh Hoa-Thanh Hoa,Thanh Hoa,26.22,26.22,26.22,95.0,26.22,10000.0,2.73,100.0,0.12,2.1,351.0,996.0,0,501,Rain,moderate rain,10n
2025-07-20 19:01:57,Thanh Hoa-Thanh Hoa,Thanh Hoa,26.22,26.22,26.22,95.0,26.22,10000.0,2.73,100.0,0.12,2.1,351.0,996.0,0,501,Rain,moderate rain,10n
2025-07-20 19:05:43,Thanh Hoa-Thanh Hoa,Thanh Hoa,26.22,26.22,26.22,95.0,26.22,10000.0,3.76,100.0,0.12,2.1,351.0,996.0,0,501,Rain,moderate rain,10n
2025-07-20 19:09:30,Thanh Hoa-Thanh Hoa,Thanh Hoa,26.22,26.22,26.22,95.0,26.22,10000.0,3.76,100.0,0.12,2.1,351.0,996.0,0,501,Rain,moderate rain,10n
2025-07-20 19:13:15,Thanh Hoa-Thanh Hoa,Thanh Hoa,26.22,26.22,26.22,95.0,26.22,10000.0,3.76,100.0,0.12,2.1,351.0,996.0,0,501,Rain,moderate rain,10n
2025-07-20 19:17:04,Thanh Hoa-Thanh Hoa,Thanh Hoa,26.22,26.22,26.22,95.0,26.22,10000.0,5.96,100.0,0.12,2.1,351.0,996.0,0,502,Rain,heavy intensity rain,10n
2025-07-20 19:20:50,Thanh Hoa-Thanh Hoa,Thanh Hoa,26.22,26.22,26.22,95.0,26.22,10000.0,5.96,100.0,0.12,2.1,351.0,996.0,0,502,Rain,heavy intensity rain,10n
2025-07-20 19:24:36,Thanh Hoa-Thanh Hoa,Thanh Hoa,26.22,26.22,26.22,95.0,26.22,10000.0,5.96,100.0,0.12,2.1,351.0,996.0,0,502,Rain,heavy intensity rain,10n
2025-07-20 19:28:21,Thanh Hoa-Thanh Hoa,Thanh Hoa,26.22,26.22,26.22,95.0,26.22,10000.0,5.96,100.0,0.12,2.1,351.0,996.0,0,502,Rain,heavy intensity rain,10n
2025-07-20 19:32:07,Thanh Hoa-Thanh Hoa,Thanh Hoa,26.17,26.17,26.17,96.0,26.17,10000.0,7.72,100.0,0.89,1.43,234.0,997.0,0,502,Rain,heavy intensity rain,10n
2025-07-20 19:35:53,Thanh Hoa-Thanh Hoa,Thanh Hoa,26.17,26.17,26.17,96.0,26.17,10000.0,2.92,100.0,0.89,1.43,234.0,997.0,0,501,Rain,moderate rain,10n
2025-07-20 19:39:39,Thanh Hoa-Thanh Hoa,Thanh Hoa,26.23,26.23,26.23,95.0,26.23,10000.0,3.16,100.0,0.89,1.43,234.0,997.0,0,501,Rain,moderate rain,10n
2025-07-20 19:43:25,Thanh Hoa-Thanh Hoa,Thanh Hoa,26.23,26.23,26.23,95.0,26.23,10000.0,3.16,100.0,0.89,1.43,234.0,997.0,0,501,Rain,moderate rain,10n
2025-07-20 19:47:10,Thanh Hoa-Thanh Hoa,Thanh Hoa,26.23,26.23,26.23,95.0,26.23,10000.0,3.16,100.0,0.89,1.43,234.0,997.0,0,501,Rain,moderate rain,10n
2025-07-20 19:50:58,Thanh Hoa-Thanh Hoa,Thanh Hoa,26.23,26.23,26.23,95.0,26.23,10000.0,6.31,100.0,0.89,1.43,234.0,997.0,0,502,Rain,heavy intensity rain,10n
2025-07-20 19:54:44,Thanh Hoa-Thanh Hoa,Thanh Hoa,26.23,26.23,26.23,95.0,26.23,10000.0,5.62,100.0,0.89,1.43,234.0,997.0,0,502,Rain,heavy intensity rain,10n
2025-07-20 19:58:30,Thanh Hoa-Thanh Hoa,Thanh Hoa,26.23,26.23,26.23,95.0,26.23,10000.0,6.31,100.0,0.89,1.43,234.0,997.0,0,502,Rain,heavy intensity rain,10n
2025-07-20 20:02:16,Thanh Hoa-Thanh Hoa,Thanh Hoa,26.23,26.23,26.23,95.0,26.23,10000.0,3.79,100.0,0.89,1.43,234.0,997.0,0,501,Rain,moderate rain,10n
2025-07-20 20:06:02,Thanh Hoa-Thanh Hoa,Thanh Hoa,26.23,26.23,26.23,95.0,26.23,10000.0,3.39,100.0,0.89,1.43,234.0,997.0,0,501,Rain,moderate rain,10n
2025-07-20 20:09:51,Thanh Hoa-Thanh Hoa,Thanh Hoa,26.23,26.23,26.23,95.0,26.23,10000.0,3.39,100.0,0.89,1.43,234.0,997.0,0,501,Rain,moderate rain,10n
2025-07-20 20:13:36,Thanh Hoa-Thanh Hoa,Thanh Hoa,26.23,26.23,26.23,95.0,26.23,10000.0,3.39,100.0,0.89,1.43,234.0,997.0,0,501,Rain,moderate rain,10n
2025-07-20 20:17:21,Thanh Hoa-Thanh Hoa,Thanh Hoa,26.23,26.23,26.23,95.0,26.23,10000.0,3.39,100.0,0.89,1.43,234.0,997.0,0,501,Rain,moderate rain,10n
2025-07-20 20:21:07,Thanh Hoa-Thanh Hoa,Thanh Hoa,26.22,26.22,26.22,95.0,26.22,10000.0,2.0,100.0,0.89,1.43,234.0,997.0,0,501,Rain,moderate rain,10n
2025-07-20 20:24:53,Thanh Hoa-Thanh Hoa,Thanh Hoa,26.22,26.22,26.22,95.0,26.22,10000.0,2.0,100.0,0.89,1.43,234.0,997.0,0,501,Rain,moderate rain,10n
2025-07-20 20:28:39,Thanh Hoa-Thanh Hoa,Thanh Hoa,26.22,26.22,26.22,95.0,26.22,10000.0,2.0,100.0,0.89,1.43,234.0,997.0,0,501,Rain,moderate rain,10n
2025-07-20 20:32:25,Thanh Hoa-Thanh Hoa,Thanh Hoa,26.1,26.1,26.1,95.0,26.1,10000.0,1.78,100.0,1.9,3.31,256.0,998.0,0,501,Rain,moderate rain,10n
2025-07-20 20:36:13,Thanh Hoa-Thanh Hoa,Thanh Hoa,26.1,26.1,26.1,95.0,26.1,10000.0,1.78,100.0,1.9,3.31,256.0,998.0,0,501,Rain,moderate rain,10n
2025-07-20 20:39:59,Thanh Hoa-Thanh Hoa,Thanh Hoa,26.1,26.1,26.1,95.0,26.1,10000.0,2.37,100.0,1.9,3.31,256.0,998.0,0,501,Rain,moderate rain,10n
2025-07-20 20:43:47,Thanh Hoa-Thanh Hoa,Thanh Hoa,26.1,26.1,26.1,95.0,26.1,10000.0,1.78,100.0,1.9,3.31,256.0,998.0,0,501,Rain,moderate rain,10n
2025-07-20 20:47:32,Thanh Hoa-Thanh Hoa,Thanh Hoa,26.1,26.1,26.1,95.0,26.1,10000.0,2.9,100.0,1.9,3.31,256.0,998.0,0,501,Rain,moderate rain,10n
2025-07-20 20:51:19,Thanh Hoa-Thanh Hoa,Thanh Hoa,26.1,26.1,26.1,95.0,26.1,10000.0,3.0,100.0,1.9,3.31,256.0,998.0,0,501,Rain,moderate rain,10n
2025-07-20 20:55:07,Thanh Hoa-Thanh Hoa,Thanh Hoa,26.1,26.1,26.1,95.0,26.1,10000.0,2.37,100.0,1.9,3.31,256.0,998.0,0,501,Rain,moderate rain,10n
2025-07-20 20:58:56,Thanh Hoa-Thanh Hoa,Thanh Hoa,26.1,26.1,26.1,95.0,26.1,10000.0,1.42,100.0,1.9,3.31,256.0,998.0,0,501,Rain,moderate rain,10n
2025-07-20 21:02:41,Thanh Hoa-Thanh Hoa,Thanh Hoa,26.1,26.1,26.1,95.0,26.1,10000.0,2.37,100.0,1.9,3.31,256.0,998.0,0,501,Rain,moderate rain,10n
2025-07-20 21:06:28,Thanh Hoa-Thanh Hoa,Thanh Hoa,26.1,26.1,26.1,95.0,26.1,10000.0,1.42,100.0,1.9,3.31,256.0,998.0,0,501,Rain,moderate rain,10n
2025-07-20 21:10:14,Thanh Hoa-Thanh Hoa,Thanh Hoa,26.1,26.1,26.1,95.0,26.1,10000.0,1.54,100.0,1.9,3.31,256.0,998.0,0,501,Rain,moderate rain,10n
2025-07-20 21:14:01,Thanh Hoa-Thanh Hoa,Thanh Hoa,26.1,26.1,26.1,95.0,26.1,10000.0,1.54,100.0,1.9,3.31,256.0,998.0,0,501,Rain,moderate rain,10n
2025-07-20 21:18:15,Thanh Hoa-Thanh Hoa,Thanh Hoa,26.1,26.1,26.1,95.0,26.1,10000.0,1.22,100.0,1.9,3.31,256.0,998.0,0,501,Rain,moderate rain,10n
2025-07-20 21:22:04,Thanh Hoa-Thanh Hoa,Thanh Hoa,26.1,26.1,26.1,95.0,26.1,10000.0,2.49,100.0,1.9,3.31,256.0,998.0,0,501,Rain,moderate rain,10n
2025-07-20 21:25:52,Thanh Hoa-Thanh Hoa,Thanh Hoa,26.1,26.1,26.1,95.0,26.1,10000.0,1.22,100.0,1.9,3.31,256.0,998.0,0,501,Rain,moderate rain,10n
2025-07-20 21:29:41,Thanh Hoa-Thanh Hoa,Thanh Hoa,26.1,26.1,26.1,95.0,26.1,10000.0,2.49,100.0,1.9,3.31,256.0,998.0,0,501,Rain,moderate rain,10n
2025-07-20 21:33:28,Thanh Hoa-Thanh Hoa,Thanh Hoa,25.64,25.64,25.64,98.0,26.82,4948.0,4.6,100.0,3.85,7.54,280.0,998.0,0,502,Rain,heavy intensity rain,10n
2025-07-20 21:40:57,Thanh Hoa-Thanh Hoa,Thanh Hoa,25.64,25.64,25.64,98.0,26.82,4948.0,4.6,100.0,3.85,7.54,280.0,998.0,0,502,Rain,heavy intensity rain,10n
2025-07-20 21:44:43,Thanh Hoa-Thanh Hoa,Thanh Hoa,25.64,25.64,25.64,98.0,26.82,4948.0,6.48,100.0,3.85,7.54,280.0,998.0,0,502,Rain,heavy intensity rain,10n
2025-07-20 21:48:30,Thanh Hoa-Thanh Hoa,Thanh Hoa,25.64,25.64,25.64,98.0,26.82,4948.0,6.48,100.0,3.85,7.54,280.0,998.0,0,502,Rain,heavy intensity rain,10n
2025-07-20 21:52:17,Thanh Hoa-Thanh Hoa,Thanh Hoa,25.64,25.64,25.64,98.0,26.82,4948.0,6.48,100.0,3.85,7.54,280.0,998.0,0,502,Rain,heavy intensity rain,10n
2025-07-20 21:56:03,Thanh Hoa-Thanh Hoa,Thanh Hoa,25.64,25.64,25.64,98.0,26.82,4948.0,5.79,100.0,3.85,7.54,280.0,998.0,0,502,Rain,heavy intensity rain,10n
2025-07-20 21:59:51,Thanh Hoa-Thanh Hoa,Thanh Hoa,25.64,25.64,25.64,98.0,26.82,4948.0,5.79,100.0,3.85,7.54,280.0,998.0,0,502,Rain,heavy intensity rain,10n
2025-07-20 22:03:37,Thanh Hoa-Thanh Hoa,Thanh Hoa,25.64,25.64,25.64,98.0,26.82,4948.0,5.79,100.0,3.85,7.54,280.0,998.0,0,502,Rain,heavy intensity rain,10n
2025-07-20 22:11:33,Thanh Hoa-Thanh Hoa,Thanh Hoa,25.65,25.65,25.65,98.0,26.83,4948.0,1.78,100.0,3.85,7.54,280.0,998.0,0,501,Rain,moderate rain,10n
2025-07-20 22:15:42,Thanh Hoa-Thanh Hoa,Thanh Hoa,25.65,25.65,25.65,98.0,26.83,4948.0,1.78,100.0,3.85,7.54,280.0,998.0,0,501,Rain,moderate rain,10n
2025-07-20 22:19:52,Thanh Hoa-Thanh Hoa,Thanh Hoa,25.65,25.65,25.65,98.0,26.83,4948.0,1.78,100.0,3.85,7.54,280.0,998.0,0,501,Rain,moderate rain,10n
2025-07-20 22:27:47,Thanh Hoa-Thanh Hoa,Thanh Hoa,25.64,25.64,25.64,98.0,26.82,4948.0,2.13,100.0,3.85,7.54,280.0,998.0,0,501,Rain,moderate rain,10n
2025-07-20 22:35:32,Thanh Hoa-Thanh Hoa,Thanh Hoa,25.75,25.75,25.75,96.0,26.89,10000.0,2.73,100.0,5.39,11.17,229.0,997.0,0,501,Rain,moderate rain,10n
2025-07-20 22:43:51,Thanh Hoa-Thanh Hoa,Thanh Hoa,25.75,25.75,25.75,96.0,26.89,10000.0,2.66,100.0,5.39,11.17,229.0,997.0,0,501,Rain,moderate rain,10n
2025-07-20 22:55:38,Thanh Hoa-Thanh Hoa,Thanh Hoa,25.75,25.75,25.75,96.0,26.89,10000.0,1.15,100.0,5.39,11.17,229.0,997.0,0,501,Rain,moderate rain,10n
2025-07-20 22:59:36,Thanh Hoa-Thanh Hoa,Thanh Hoa,25.75,25.75,25.75,96.0,26.89,10000.0,1.15,100.0,5.39,11.17,229.0,997.0,0,501,Rain,moderate rain,10n
2025-07-20 23:37:54,Thanh Hoa-Thanh Hoa,Thanh Hoa,25.64,25.64,25.64,94.0,26.71,10000.0,0.98,100.0,3.05,9.9,232.0,996.0,0,500,Rain,light rain,10n
2025-07-21 08:30:19,Thanh Hoa-Thanh Hoa,Thanh Hoa,24.45,24.45,24.45,95.0,25.43,6067.0,2.37,100.0,2.56,8.51,233.0,997.0,1,501,Rain,moderate rain,10d
2025-07-21 08:38:52,Thanh Hoa-Thanh Hoa,Thanh Hoa,24.45,24.45,24.45,95.0,25.43,6067.0,2.37,100.0,2.56,8.51,233.0,997.0,1,501,Rain,moderate rain,10d
2025-07-21 09:16:38,Thanh Hoa-Thanh Hoa,Thanh Hoa,24.49,24.49,24.49,95.0,25.48,6067.0,1.46,100.0,2.56,8.51,233.0,997.0,1,501,Rain,moderate rain,10d
2025-07-21 09:20:44,Thanh Hoa-Thanh Hoa,Thanh Hoa,24.49,24.49,24.49,95.0,25.48,6067.0,1.78,100.0,2.56,8.51,233.0,997.0,1,501,Rain,moderate rain,10d
2025-07-21 09:25:31,Thanh Hoa-Thanh Hoa,Thanh Hoa,24.49,24.49,24.49,95.0,25.48,6067.0,1.78,100.0,2.56,8.51,233.0,997.0,1,501,Rain,moderate rain,10d
2025-07-21 09:33:26,Thanh Hoa-Thanh Hoa,Thanh Hoa,24.33,24.33,24.33,96.0,25.33,10000.0,1.89,100.0,5.0,11.03,217.0,996.0,1,501,Rain,moderate rain,10d
2025-07-21 09:37:12,Thanh Hoa-Thanh Hoa,Thanh Hoa,24.33,24.33,24.33,96.0,25.33,10000.0,1.54,100.0,5.0,11.03,217.0,996.0,1,501,Rain,moderate rain,10d
2025-07-21 09:40:58,Thanh Hoa-Thanh Hoa,Thanh Hoa,24.33,24.33,24.33,96.0,25.33,10000.0,1.54,100.0,5.0,11.03,217.0,996.0,1,501,Rain,moderate rain,10d
2025-07-21 09:44:52,Thanh Hoa-Thanh Hoa,Thanh Hoa,24.33,24.33,24.33,96.0,25.33,10000.0,1.54,100.0,5.0,11.03,217.0,996.0,1,501,Rain,moderate rain,10d
2025-07-21 09:48:48,Thanh Hoa-Thanh Hoa,Thanh Hoa,24.3,24.3,24.3,96.0,25.29,10000.0,2.11,100.0,5.0,11.03,217.0,996.0,1,501,Rain,moderate rain,10d
2025-07-21 09:52:55,Thanh Hoa-Thanh Hoa,Thanh Hoa,24.3,24.3,24.3,96.0,25.29,10000.0,3.99,100.0,5.0,11.03,217.0,996.0,1,501,Rain,moderate rain,10d
2025-07-21 09:57:19,Thanh Hoa-Thanh Hoa,Thanh Hoa,24.3,24.3,24.3,96.0,25.29,10000.0,3.99,100.0,5.0,11.03,217.0,996.0,1,501,Rain,moderate rain,10d
2025-07-21 10:05:07,Thanh Hoa-Thanh Hoa,Thanh Hoa,24.34,24.34,24.34,96.0,25.34,10000.0,3.65,100.0,5.0,11.03,217.0,996.0,1,501,Rain,moderate rain,10d
2025-07-21 10:08:55,Thanh Hoa-Thanh Hoa,Thanh Hoa,24.34,24.34,24.34,96.0,25.34,10000.0,3.26,100.0,5.0,11.03,217.0,996.0,1,501,Rain,moderate rain,10d
2025-07-21 10:12:41,Thanh Hoa-Thanh Hoa,Thanh Hoa,24.34,24.34,24.34,96.0,25.34,10000.0,3.65,100.0,5.0,11.03,217.0,996.0,1,501,Rain,moderate rain,10d
2025-07-21 10:16:27,Thanh Hoa-Thanh Hoa,Thanh Hoa,24.32,24.32,24.32,96.0,25.31,10000.0,2.54,100.0,5.0,11.03,217.0,996.0,1,501,Rain,moderate rain,10d
2025-07-21 10:20:14,Thanh Hoa-Thanh Hoa,Thanh Hoa,24.32,24.32,24.32,96.0,25.31,10000.0,2.54,100.0,5.0,11.03,217.0,996.0,1,501,Rain,moderate rain,10d
2025-07-21 10:24:01,Thanh Hoa-Thanh Hoa,Thanh Hoa,24.32,24.32,24.32,96.0,25.31,10000.0,3.26,100.0,5.0,11.03,217.0,996.0,1,501,Rain,moderate rain,10d
2025-07-21 10:27:47,Thanh Hoa-Thanh Hoa,Thanh Hoa,24.32,24.32,24.32,96.0,25.31,10000.0,3.26,100.0,5.0,11.03,217.0,996.0,1,501,Rain,moderate rain,10d
2025-07-21 10:31:33,Thanh Hoa-Thanh Hoa,Thanh Hoa,24.51,24.51,24.51,94.0,25.47,10000.0,5.62,100.0,4.34,10.99,235.0,996.0,1,502,Rain,heavy intensity rain,10d
2025-07-21 10:35:20,Thanh Hoa-Thanh Hoa,Thanh Hoa,24.51,24.51,24.51,94.0,25.47,10000.0,4.21,100.0,4.34,10.99,235.0,996.0,1,502,Rain,heavy intensity rain,10d
2025-07-21 10:39:06,Thanh Hoa-Thanh Hoa,Thanh Hoa,24.51,24.51,24.51,94.0,25.47,10000.0,4.21,100.0,4.34,10.99,235.0,996.0,1,502,Rain,heavy intensity rain,10d
2025-07-21 10:43:04,Thanh Hoa-Thanh Hoa,Thanh Hoa,24.51,24.51,24.51,94.0,25.47,10000.0,3.16,100.0,4.34,10.99,235.0,996.0,1,501,Rain,moderate rain,10d
2025-07-21 10:46:56,Thanh Hoa-Thanh Hoa,Thanh Hoa,24.51,24.51,24.51,94.0,25.47,10000.0,3.16,100.0,4.34,10.99,235.0,996.0,1,501,Rain,moderate rain,10d
2025-07-21 10:50:41,Thanh Hoa-Thanh Hoa,Thanh Hoa,24.51,24.51,24.51,94.0,25.47,10000.0,3.16,100.0,4.34,10.99,235.0,996.0,1,501,Rain,moderate rain,10d
2025-07-21 10:54:28,Thanh Hoa-Thanh Hoa,Thanh Hoa,24.51,24.51,24.51,94.0,25.47,10000.0,3.16,100.0,4.34,10.99,235.0,996.0,1,501,Rain,moderate rain,10d
2025-07-21 10:58:14,Thanh Hoa-Thanh Hoa,Thanh Hoa,24.48,24.48,24.48,94.0,25.44,10000.0,3.59,100.0,4.34,10.99,235.0,996.0,1,501,Rain,moderate rain,10d
2025-07-21 11:02:03,Thanh Hoa-Thanh Hoa,Thanh Hoa,24.51,24.51,24.51,94.0,25.47,10000.0,3.87,100.0,4.34,10.99,235.0,996.0,1,501,Rain,moderate rain,10d
2025-07-21 11:05:49,Thanh Hoa-Thanh Hoa,Thanh Hoa,24.51,24.51,24.51,94.0,25.47,10000.0,3.87,100.0,4.34,10.99,235.0,996.0,1,501,Rain,moderate rain,10d
2025-07-21 11:09:36,Thanh Hoa-Thanh Hoa,Thanh Hoa,24.51,24.51,24.51,94.0,25.47,10000.0,3.65,100.0,4.34,10.99,235.0,996.0,1,501,Rain,moderate rain,10d
2025-07-21 11:13:22,Thanh Hoa-Thanh Hoa,Thanh Hoa,24.51,24.51,24.51,94.0,25.47,10000.0,3.16,100.0,4.34,10.99,235.0,996.0,1,501,Rain,moderate rain,10d
2025-07-21 11:17:07,Thanh Hoa-Thanh Hoa,Thanh Hoa,24.5,24.5,24.5,94.0,25.46,10000.0,3.65,100.0,4.34,10.99,235.0,996.0,1,501,Rain,moderate rain,10d
2025-07-21 11:20:53,Thanh Hoa-Thanh Hoa,Thanh Hoa,24.5,24.5,24.5,94.0,25.46,10000.0,2.05,100.0,4.34,10.99,235.0,996.0,1,501,Rain,moderate rain,10d
2025-07-21 11:24:40,Thanh Hoa-Thanh Hoa,Thanh Hoa,24.5,24.5,24.5,94.0,25.46,10000.0,2.05,100.0,4.34,10.99,235.0,996.0,1,501,Rain,moderate rain,10d
2025-07-21 11:28:26,Thanh Hoa-Thanh Hoa,Thanh Hoa,24.5,24.5,24.5,94.0,25.46,10000.0,2.24,100.0,4.34,10.99,235.0,996.0,1,501,Rain,moderate rain,10d
2025-07-21 11:32:13,Thanh Hoa-Thanh Hoa,Thanh Hoa,24.5,24.5,24.5,94.0,25.46,10000.0,2.05,100.0,4.34,10.99,235.0,996.0,1,501,Rain,moderate rain,10d
2025-07-21 11:35:58,Thanh Hoa-Thanh Hoa,Thanh Hoa,24.42,24.42,24.42,95.0,25.4,10000.0,2.3,100.0,2.32,8.33,198.0,995.0,1,501,Rain,moderate rain,10d
2025-07-21 11:39:45,Thanh Hoa-Thanh Hoa,Thanh Hoa,24.42,24.42,24.42,95.0,25.4,10000.0,2.3,100.0,2.32,8.33,198.0,995.0,1,501,Rain,moderate rain,10d
2025-07-21 11:43:30,Thanh Hoa-Thanh Hoa,Thanh Hoa,24.42,24.42,24.42,95.0,25.4,10000.0,3.26,100.0,2.32,8.33,198.0,995.0,1,501,Rain,moderate rain,10d
2025-07-21 11:47:16,Thanh Hoa-Thanh Hoa,Thanh Hoa,24.42,24.42,24.42,95.0,25.4,10000.0,2.3,100.0,2.32,8.33,198.0,995.0,1,501,Rain,moderate rain,10d
2025-07-21 11:51:02,Thanh Hoa-Thanh Hoa,Thanh Hoa,24.42,24.42,24.42,95.0,25.4,10000.0,3.26,100.0,2.32,8.33,198.0,995.0,1,501,Rain,moderate rain,10d
2025-07-21 11:54:48,Thanh Hoa-Thanh Hoa,Thanh Hoa,24.42,24.42,24.42,95.0,25.4,10000.0,2.73,100.0,2.32,8.33,198.0,995.0,1,501,Rain,moderate rain,10d
2025-07-21 11:58:34,Thanh Hoa-Thanh Hoa,Thanh Hoa,24.42,24.42,24.42,95.0,25.4,10000.0,2.73,100.0,2.32,8.33,198.0,995.0,1,501,Rain,moderate rain,10d
2025-07-21 12:02:20,Thanh Hoa-Thanh Hoa,Thanh Hoa,24.46,24.46,24.46,95.0,25.44,10000.0,2.37,100.0,2.32,8.33,198.0,995.0,1,501,Rain,moderate rain,10d
2025-07-21 12:06:06,Thanh Hoa-Thanh Hoa,Thanh Hoa,24.46,24.46,24.46,95.0,25.44,10000.0,2.05,100.0,2.32,8.33,198.0,995.0,1,501,Rain,moderate rain,10d
2025-07-21 12:09:52,Thanh Hoa-Thanh Hoa,Thanh Hoa,24.46,24.46,24.46,95.0,25.44,10000.0,2.05,100.0,2.32,8.33,198.0,995.0,1,501,Rain,moderate rain,10d
2025-07-21 12:13:37,Thanh Hoa-Thanh Hoa,Thanh Hoa,24.46,24.46,24.46,95.0,25.44,10000.0,2.05,100.0,2.32,8.33,198.0,995.0,1,501,Rain,moderate rain,10d
2025-07-21 12:17:22,Thanh Hoa-Thanh Hoa,Thanh Hoa,24.44,24.44,24.44,95.0,25.42,10000.0,1.89,100.0,2.32,8.33,198.0,995.0,1,501,Rain,moderate rain,10d
2025-07-21 12:21:08,Thanh Hoa-Thanh Hoa,Thanh Hoa,24.44,24.44,24.44,95.0,25.42,10000.0,1.83,100.0,2.32,8.33,198.0,995.0,1,501,Rain,moderate rain,10d
2025-07-21 12:24:53,Thanh Hoa-Thanh Hoa,Thanh Hoa,24.44,24.44,24.44,95.0,25.42,10000.0,1.83,100.0,2.32,8.33,198.0,995.0,1,501,Rain,moderate rain,10d
2025-07-21 12:28:39,Thanh Hoa-Thanh Hoa,Thanh Hoa,24.44,24.44,24.44,95.0,25.42,10000.0,1.59,100.0,2.32,8.33,198.0,995.0,1,501,Rain,moderate rain,10d
2025-07-21 12:32:25,Thanh Hoa-Thanh Hoa,Thanh Hoa,24.44,24.44,24.44,96.0,25.45,8971.0,1.78,100.0,1.6,6.15,238.0,996.0,1,501,Rain,moderate rain,10d
2025-07-21 12:36:11,Thanh Hoa-Thanh Hoa,Thanh Hoa,24.44,24.44,24.44,96.0,25.45,8971.0,1.78,100.0,1.6,6.15,238.0,996.0,1,501,Rain,moderate rain,10d
2025-07-21 12:39:57,Thanh Hoa-Thanh Hoa,Thanh Hoa,24.44,24.44,24.44,96.0,25.45,8971.0,1.78,100.0,1.6,6.15,238.0,996.0,1,501,Rain,moderate rain,10d
2025-07-21 12:43:42,Thanh Hoa-Thanh Hoa,Thanh Hoa,24.44,24.44,24.44,96.0,25.45,8971.0,1.78,100.0,1.6,6.15,238.0,996.0,1,501,Rain,moderate rain,10d
2025-07-21 12:47:28,Thanh Hoa-Thanh Hoa,Thanh Hoa,24.44,24.44,24.44,96.0,25.45,8971.0,1.33,100.0,1.6,6.15,238.0,996.0,1,501,Rain,moderate rain,10d
2025-07-21 12:51:13,Thanh Hoa-Thanh Hoa,Thanh Hoa,24.44,24.44,24.44,96.0,25.45,8971.0,1.33,100.0,1.6,6.15,238.0,996.0,1,501,Rain,moderate rain,10d
2025-07-21 12:54:59,Thanh Hoa-Thanh Hoa,Thanh Hoa,24.44,24.44,24.44,96.0,25.45,8971.0,2.37,100.0,1.6,6.15,238.0,996.0,1,501,Rain,moderate rain,10d
2025-07-21 12:58:45,Thanh Hoa-Thanh Hoa,Thanh Hoa,24.44,24.44,24.44,96.0,25.45,8885.0,2.05,100.0,3.2,8.74,230.0,996.0,1,501,Rain,moderate rain,10d
2025-07-21 13:02:30,Thanh Hoa-Thanh Hoa,Thanh Hoa,24.44,24.44,24.44,96.0,25.45,8885.0,2.51,100.0,3.2,8.74,230.0,996.0,1,501,Rain,moderate rain,10d
2025-07-21 13:06:16,Thanh Hoa-Thanh Hoa,Thanh Hoa,24.44,24.44,24.44,96.0,25.45,8885.0,2.51,100.0,3.2,8.74,230.0,996.0,1,501,Rain,moderate rain,10d
2025-07-21 13:10:02,Thanh Hoa-Thanh Hoa,Thanh Hoa,24.44,24.44,24.44,96.0,25.45,8885.0,2.05,100.0,3.2,8.74,230.0,996.0,1,501,Rain,moderate rain,10d
2025-07-21 13:13:49,Thanh Hoa-Thanh Hoa,Thanh Hoa,24.44,24.44,24.44,96.0,25.45,8885.0,2.05,100.0,3.2,8.74,230.0,996.0,1,501,Rain,moderate rain,10d
2025-07-21 13:17:34,Thanh Hoa-Thanh Hoa,Thanh Hoa,24.44,24.44,24.44,96.0,25.45,8885.0,1.89,100.0,3.2,8.74,230.0,996.0,1,501,Rain,moderate rain,10d
2025-07-21 13:21:21,Thanh Hoa-Thanh Hoa,Thanh Hoa,24.44,24.44,24.44,96.0,25.45,8885.0,2.73,100.0,3.2,8.74,230.0,996.0,1,501,Rain,moderate rain,10d
2025-07-21 13:25:06,Thanh Hoa-Thanh Hoa,Thanh Hoa,24.44,24.44,24.44,96.0,25.45,8885.0,2.73,100.0,3.2,8.74,230.0,996.0,1,501,Rain,moderate rain,10d
2025-07-21 13:28:52,Thanh Hoa-Thanh Hoa,Thanh Hoa,24.44,24.44,24.44,96.0,25.45,8885.0,2.73,100.0,3.2,8.74,230.0,996.0,1,501,Rain,moderate rain,10d
2025-07-21 13:32:37,Thanh Hoa-Thanh Hoa,Thanh Hoa,24.44,24.44,24.44,96.0,25.45,8885.0,2.73,100.0,3.2,8.74,230.0,996.0,1,501,Rain,moderate rain,10d
2025-07-21 13:36:23,Thanh Hoa-Thanh Hoa,Thanh Hoa,24.44,24.44,24.44,96.0,25.45,8885.0,2.73,100.0,3.2,8.74,230.0,996.0,1,501,Rain,moderate rain,10d
2025-07-21 13:40:08,Thanh Hoa-Thanh Hoa,Thanh Hoa,24.28,24.28,24.28,97.0,25.3,3046.0,2.05,100.0,3.56,7.12,237.0,995.0,1,501,Rain,moderate rain,10d
2025-07-21 13:43:54,Thanh Hoa-Thanh Hoa,Thanh Hoa,24.28,24.28,24.28,97.0,25.3,3046.0,2.05,100.0,3.56,7.12,237.0,995.0,1,501,Rain,moderate rain,10d
2025-07-21 13:47:39,Thanh Hoa-Thanh Hoa,Thanh Hoa,24.28,24.28,24.28,97.0,25.3,3046.0,2.05,100.0,3.56,7.12,237.0,995.0,1,501,Rain,moderate rain,10d
2025-07-21 13:51:25,Thanh Hoa-Thanh Hoa,Thanh Hoa,24.28,24.28,24.28,97.0,25.3,3046.0,2.05,100.0,3.56,7.12,237.0,995.0,1,501,Rain,moderate rain,10d
2025-07-21 13:55:10,Thanh Hoa-Thanh Hoa,Thanh Hoa,24.03,24.03,24.03,97.0,25.02,3046.0,2.37,100.0,3.56,7.12,237.0,995.0,1,501,Rain,moderate rain,10d
2025-07-21 13:58:56,Thanh Hoa-Thanh Hoa,Thanh Hoa,24.03,24.03,24.03,97.0,25.02,3046.0,2.05,100.0,3.56,7.12,237.0,995.0,1,501,Rain,moderate rain,10d
2025-07-21 14:02:41,Thanh Hoa-Thanh Hoa,Thanh Hoa,24.03,24.03,24.03,97.0,25.02,3046.0,2.05,100.0,3.56,7.12,237.0,995.0,1,501,Rain,moderate rain,10d
2025-07-21 14:06:30,Thanh Hoa-Thanh Hoa,Thanh Hoa,24.06,24.06,24.06,97.0,25.05,3046.0,2.73,100.0,3.56,7.12,237.0,995.0,1,501,Rain,moderate rain,10d
2025-07-21 14:10:16,Thanh Hoa-Thanh Hoa,Thanh Hoa,24.06,24.06,24.06,97.0,25.05,3046.0,2.05,100.0,3.56,7.12,237.0,995.0,1,501,Rain,moderate rain,10d
2025-07-21 14:14:01,Thanh Hoa-Thanh Hoa,Thanh Hoa,24.06,24.06,24.06,97.0,25.05,3046.0,2.05,100.0,3.56,7.12,237.0,995.0,1,501,Rain,moderate rain,10d
2025-07-21 14:17:47,Thanh Hoa-Thanh Hoa,Thanh Hoa,24.06,24.06,24.06,97.0,25.05,3046.0,2.05,100.0,3.56,7.12,237.0,995.0,1,501,Rain,moderate rain,10d
2025-07-21 14:21:32,Thanh Hoa-Thanh Hoa,Thanh Hoa,24.04,24.04,24.04,97.0,25.03,3046.0,2.37,100.0,3.56,7.12,237.0,995.0,1,501,Rain,moderate rain,10d
2025-07-21 14:25:18,Thanh Hoa-Thanh Hoa,Thanh Hoa,24.04,24.04,24.04,97.0,25.03,3046.0,2.37,100.0,3.56,7.12,237.0,995.0,1,501,Rain,moderate rain,10d
2025-07-21 14:29:03,Thanh Hoa-Thanh Hoa,Thanh Hoa,24.04,24.04,24.04,97.0,25.03,3046.0,2.37,100.0,3.56,7.12,237.0,995.0,1,501,Rain,moderate rain,10d
2025-07-21 14:32:49,Thanh Hoa-Thanh Hoa,Thanh Hoa,24.04,24.04,24.04,97.0,25.03,3046.0,2.37,100.0,3.56,7.12,237.0,995.0,1,501,Rain,moderate rain,10d
2025-07-21 14:36:34,Thanh Hoa-Thanh Hoa,Thanh Hoa,23.84,23.84,23.84,98.0,24.84,5666.0,2.73,100.0,5.22,8.18,223.0,994.0,1,501,Rain,moderate rain,10d
2025-07-21 14:40:20,Thanh Hoa-Thanh Hoa,Thanh Hoa,23.84,23.84,23.84,98.0,24.84,5666.0,2.73,100.0,5.22,8.18,223.0,994.0,1,501,Rain,moderate rain,10d
2025-07-21 14:44:05,Thanh Hoa-Thanh Hoa,Thanh Hoa,23.84,23.84,23.84,98.0,24.84,5666.0,2.73,100.0,5.22,8.18,223.0,994.0,1,501,Rain,moderate rain,10d
2025-07-21 14:47:51,Thanh Hoa-Thanh Hoa,Thanh Hoa,23.88,23.88,23.88,98.0,24.88,5666.0,2.05,100.0,5.22,8.18,223.0,994.0,1,501,Rain,moderate rain,10d
2025-07-21 14:51:36,Thanh Hoa-Thanh Hoa,Thanh Hoa,23.88,23.88,23.88,98.0,24.88,5666.0,2.05,100.0,5.22,8.18,223.0,994.0,1,501,Rain,moderate rain,10d
2025-07-21 14:55:22,Thanh Hoa-Thanh Hoa,Thanh Hoa,23.88,23.88,23.88,98.0,24.88,5666.0,2.05,100.0,5.22,8.18,223.0,994.0,1,501,Rain,moderate rain,10d
2025-07-21 14:59:08,Thanh Hoa-Thanh Hoa,Thanh Hoa,23.88,23.88,23.88,98.0,24.88,5666.0,2.05,100.0,5.22,8.18,223.0,994.0,1,501,Rain,moderate rain,10d
2025-07-21 15:02:53,Thanh Hoa-Thanh Hoa,Thanh Hoa,23.93,23.93,23.93,98.0,24.94,5666.0,1.33,100.0,5.22,8.18,223.0,994.0,1,501,Rain,moderate rain,10d
2025-07-21 15:06:39,Thanh Hoa-Thanh Hoa,Thanh Hoa,23.93,23.93,23.93,98.0,24.94,5666.0,1.33,100.0,5.22,8.18,223.0,994.0,1,501,Rain,moderate rain,10d
2025-07-21 15:10:26,Thanh Hoa-Thanh Hoa,Thanh Hoa,23.93,23.93,23.93,98.0,24.94,5666.0,1.15,100.0,5.22,8.18,223.0,994.0,1,501,Rain,moderate rain,10d
2025-07-21 15:14:11,Thanh Hoa-Thanh Hoa,Thanh Hoa,23.93,23.93,23.93,98.0,24.94,5666.0,1.15,100.0,5.22,8.18,223.0,994.0,1,501,Rain,moderate rain,10d
2025-07-21 15:17:56,Thanh Hoa-Thanh Hoa,Thanh Hoa,23.93,23.93,23.93,98.0,24.94,5666.0,1.15,100.0,5.22,8.18,223.0,994.0,1,501,Rain,moderate rain,10d
2025-07-21 15:21:42,Thanh Hoa-Thanh Hoa,Thanh Hoa,23.91,23.91,23.91,98.0,24.92,5666.0,0.87,100.0,5.22,8.18,223.0,994.0,1,500,Rain,light rain,10d
2025-07-21 15:25:27,Thanh Hoa-Thanh Hoa,Thanh Hoa,23.91,23.91,23.91,98.0,24.92,5666.0,0.87,100.0,5.22,8.18,223.0,994.0,1,500,Rain,light rain,10d
2025-07-21 15:29:13,Thanh Hoa-Thanh Hoa,Thanh Hoa,23.91,23.91,23.91,98.0,24.92,5666.0,0.87,100.0,5.22,8.18,223.0,994.0,1,500,Rain,light rain,10d
2025-07-21 15:32:59,Thanh Hoa-Thanh Hoa,Thanh Hoa,23.69,23.69,23.69,97.0,24.65,8734.0,0.92,100.0,4.98,9.35,223.0,994.0,1,500,Rain,light rain,10d
2025-07-21 15:36:45,Thanh Hoa-Thanh Hoa,Thanh Hoa,23.69,23.69,23.69,97.0,24.65,8734.0,0.92,100.0,4.98,9.35,223.0,994.0,1,500,Rain,light rain,10d
2025-07-21 15:40:31,Thanh Hoa-Thanh Hoa,Thanh Hoa,23.69,23.69,23.69,97.0,24.65,8734.0,0.92,100.0,4.98,9.35,223.0,994.0,1,500,Rain,light rain,10d
2025-07-21 15:44:16,Thanh Hoa-Thanh Hoa,Thanh Hoa,23.69,23.69,23.69,97.0,24.65,8734.0,2.0,100.0,4.98,9.35,223.0,994.0,1,501,Rain,moderate rain,10d
2025-07-21 15:48:02,Thanh Hoa-Thanh Hoa,Thanh Hoa,23.66,23.66,23.66,97.0,24.61,8734.0,1.68,100.0,4.98,9.35,223.0,994.0,1,501,Rain,moderate rain,10d
2025-07-21 15:51:47,Thanh Hoa-Thanh Hoa,Thanh Hoa,23.69,23.69,23.69,97.0,24.65,8734.0,2.0,100.0,4.98,9.35,223.0,994.0,1,501,Rain,moderate rain,10d
2025-07-21 15:55:33,Thanh Hoa-Thanh Hoa,Thanh Hoa,23.66,23.66,23.66,97.0,24.61,8734.0,2.37,100.0,4.98,9.35,223.0,994.0,1,501,Rain,moderate rain,10d
2025-07-21 15:59:19,Thanh Hoa-Thanh Hoa,Thanh Hoa,23.66,23.66,23.66,97.0,24.61,8734.0,2.37,100.0,4.98,9.35,223.0,994.0,1,501,Rain,moderate rain,10d
2025-07-21 16:03:04,Thanh Hoa-Thanh Hoa,Thanh Hoa,23.66,23.66,23.66,97.0,24.61,8734.0,2.37,100.0,4.98,9.35,223.0,994.0,1,501,Rain,moderate rain,10d
2025-07-21 16:06:51,Thanh Hoa-Thanh Hoa,Thanh Hoa,23.7,23.7,23.7,97.0,24.66,8734.0,2.73,100.0,4.98,9.35,223.0,994.0,1,501,Rain,moderate rain,10d
2025-07-21 16:10:37,Thanh Hoa-Thanh Hoa,Thanh Hoa,23.7,23.7,23.7,97.0,24.66,8734.0,2.37,100.0,4.98,9.35,223.0,994.0,1,501,Rain,moderate rain,10d
2025-07-21 16:14:22,Thanh Hoa-Thanh Hoa,Thanh Hoa,23.7,23.7,23.7,97.0,24.66,8734.0,2.73,100.0,4.98,9.35,223.0,994.0,1,501,Rain,moderate rain,10d
2025-07-21 16:18:08,Thanh Hoa-Thanh Hoa,Thanh Hoa,23.68,23.68,23.68,97.0,24.64,8734.0,2.59,100.0,4.98,9.35,223.0,994.0,1,501,Rain,moderate rain,10d
2025-07-21 16:21:54,Thanh Hoa-Thanh Hoa,Thanh Hoa,23.68,23.68,23.68,97.0,24.64,8734.0,2.59,100.0,4.98,9.35,223.0,994.0,1,501,Rain,moderate rain,10d
2025-07-21 16:25:40,Thanh Hoa-Thanh Hoa,Thanh Hoa,23.68,23.68,23.68,97.0,24.64,8734.0,2.05,100.0,4.98,9.35,223.0,994.0,1,501,Rain,moderate rain,10d
2025-07-21 16:29:26,Thanh Hoa-Thanh Hoa,Thanh Hoa,23.68,23.68,23.68,97.0,24.64,8734.0,2.73,100.0,4.98,9.35,223.0,994.0,1,501,Rain,moderate rain,10d
2025-07-21 16:33:11,Thanh Hoa-Thanh Hoa,Thanh Hoa,23.68,23.68,23.68,97.0,24.64,8734.0,2.73,100.0,4.98,9.35,223.0,994.0,1,501,Rain,moderate rain,10d
2025-07-21 16:36:56,Thanh Hoa-Thanh Hoa,Thanh Hoa,23.68,23.68,23.68,97.0,24.64,8734.0,2.73,100.0,4.98,9.35,223.0,994.0,1,501,Rain,moderate rain,10d
2025-07-21 16:40:42,Thanh Hoa-Thanh Hoa,Thanh Hoa,23.51,23.51,23.51,97.0,24.45,2967.0,2.73,100.0,4.53,10.14,228.0,993.0,1,501,Rain,moderate rain,10d
2025-07-21 16:44:28,Thanh Hoa-Thanh Hoa,Thanh Hoa,23.51,23.51,23.51,97.0,24.45,2967.0,2.73,100.0,4.53,10.14,228.0,993.0,1,501,Rain,moderate rain,10d
2025-07-21 16:48:13,Thanh Hoa-Thanh Hoa,Thanh Hoa,23.51,23.51,23.51,97.0,24.45,2967.0,2.73,100.0,4.53,10.14,228.0,993.0,1,501,Rain,moderate rain,10d
2025-07-21 16:51:59,Thanh Hoa-Thanh Hoa,Thanh Hoa,23.49,23.49,23.49,97.0,24.43,2967.0,2.51,100.0,4.53,10.14,228.0,993.0,1,501,Rain,moderate rain,10d
2025-07-21 16:55:45,Thanh Hoa-Thanh Hoa,Thanh Hoa,23.49,23.49,23.49,97.0,24.43,2967.0,2.37,100.0,4.53,10.14,228.0,993.0,1,501,Rain,moderate rain,10d
2025-07-21 16:59:30,Thanh Hoa-Thanh Hoa,Thanh Hoa,23.49,23.49,23.49,97.0,24.43,2967.0,2.37,100.0,4.53,10.14,228.0,993.0,1,501,Rain,moderate rain,10d
2025-07-21 17:03:16,Thanh Hoa-Thanh Hoa,Thanh Hoa,23.53,23.53,23.53,97.0,24.47,2967.0,2.37,100.0,4.53,10.14,228.0,993.0,1,501,Rain,moderate rain,10d
2025-07-21 17:07:01,Thanh Hoa-Thanh Hoa,Thanh Hoa,23.53,23.53,23.53,97.0,24.47,2967.0,2.37,100.0,4.53,10.14,228.0,993.0,1,501,Rain,moderate rain,10d
2025-07-21 17:10:47,Thanh Hoa-Thanh Hoa,Thanh Hoa,23.53,23.53,23.53,97.0,24.47,2967.0,2.37,100.0,4.53,10.14,228.0,993.0,1,501,Rain,moderate rain,10d
2025-07-21 17:14:32,Thanh Hoa-Thanh Hoa,Thanh Hoa,23.53,23.53,23.53,97.0,24.47,2967.0,2.37,100.0,4.53,10.14,228.0,993.0,1,501,Rain,moderate rain,10d
2025-07-21 17:18:18,Thanh Hoa-Thanh Hoa,Thanh Hoa,23.51,23.51,23.51,97.0,24.45,2967.0,2.73,100.0,4.53,10.14,228.0,993.0,1,501,Rain,moderate rain,10d
2025-07-21 17:22:04,Thanh Hoa-Thanh Hoa,Thanh Hoa,23.51,23.51,23.51,97.0,24.45,2967.0,2.73,100.0,4.53,10.14,228.0,993.0,1,501,Rain,moderate rain,10d
2025-07-21 17:25:50,Thanh Hoa-Thanh Hoa,Thanh Hoa,23.51,23.51,23.51,97.0,24.45,2967.0,2.73,100.0,4.53,10.14,228.0,993.0,1,501,Rain,moderate rain,10d
2025-07-21 17:29:36,Thanh Hoa-Thanh Hoa,Thanh Hoa,23.51,23.51,23.51,97.0,24.45,2967.0,2.37,100.0,4.53,10.14,228.0,993.0,1,501,Rain,moderate rain,10d
2025-07-21 17:33:21,Thanh Hoa-Thanh Hoa,Thanh Hoa,23.51,23.51,23.51,97.0,24.45,2967.0,2.37,100.0,4.53,10.14,228.0,993.0,1,501,Rain,moderate rain,10d
2025-07-21 17:37:07,Thanh Hoa-Thanh Hoa,Thanh Hoa,23.18,23.18,23.18,98.0,24.11,2735.0,2.05,100.0,5.95,11.46,214.0,993.0,1,501,Rain,moderate rain,10d
2025-07-21 17:40:52,Thanh Hoa-Thanh Hoa,Thanh Hoa,23.18,23.18,23.18,98.0,24.11,2735.0,1.78,100.0,5.95,11.46,214.0,993.0,1,501,Rain,moderate rain,10d
2025-07-21 17:44:38,Thanh Hoa-Thanh Hoa,Thanh Hoa,23.18,23.18,23.18,98.0,24.11,2735.0,1.78,100.0,5.95,11.46,214.0,993.0,1,501,Rain,moderate rain,10d
2025-07-21 17:48:24,Thanh Hoa-Thanh Hoa,Thanh Hoa,23.18,23.18,23.18,98.0,24.11,2735.0,1.78,100.0,5.95,11.46,214.0,993.0,1,501,Rain,moderate rain,10d
2025-07-21 17:52:09,Thanh Hoa-Thanh Hoa,Thanh Hoa,23.18,23.18,23.18,98.0,24.11,2735.0,1.22,100.0,5.95,11.46,214.0,993.0,1,501,Rain,moderate rain,10d
2025-07-21 17:55:55,Thanh Hoa-Thanh Hoa,Thanh Hoa,23.18,23.18,23.18,98.0,24.11,2735.0,1.22,100.0,5.95,11.46,214.0,993.0,1,501,Rain,moderate rain,10d
2025-07-21 17:59:40,Thanh Hoa-Thanh Hoa,Thanh Hoa,23.18,23.18,23.18,98.0,24.11,2735.0,1.22,100.0,5.95,11.46,214.0,993.0,1,501,Rain,moderate rain,10d
2025-07-21 18:03:26,Thanh Hoa-Thanh Hoa,Thanh Hoa,23.21,23.21,23.21,98.0,24.15,2735.0,1.54,100.0,5.95,11.46,214.0,993.0,1,501,Rain,moderate rain,10d
2025-07-21 18:07:12,Thanh Hoa-Thanh Hoa,Thanh Hoa,23.21,23.21,23.21,98.0,24.15,2735.0,1.54,100.0,5.95,11.46,214.0,993.0,1,501,Rain,moderate rain,10d
2025-07-21 18:10:58,Thanh Hoa-Thanh Hoa,Thanh Hoa,23.21,23.21,23.21,98.0,24.15,2735.0,1.78,100.0,5.95,11.46,214.0,993.0,1,501,Rain,moderate rain,10d
2025-07-21 18:14:47,Thanh Hoa-Thanh Hoa,Thanh Hoa,23.21,23.21,23.21,98.0,24.15,2735.0,1.78,100.0,5.95,11.46,214.0,993.0,1,501,Rain,moderate rain,10d
2025-07-21 18:18:34,Thanh Hoa-Thanh Hoa,Thanh Hoa,23.21,23.21,23.21,98.0,24.15,2735.0,1.78,100.0,5.95,11.46,214.0,993.0,1,501,Rain,moderate rain,10d
2025-07-21 18:22:19,Thanh Hoa-Thanh Hoa,Thanh Hoa,23.21,23.21,23.21,98.0,24.15,2735.0,1.78,100.0,5.95,11.46,214.0,993.0,1,501,Rain,moderate rain,10d
2025-07-21 18:26:06,Thanh Hoa-Thanh Hoa,Thanh Hoa,23.2,23.2,23.2,98.0,24.13,2735.0,2.05,100.0,5.95,11.46,214.0,993.0,1,501,Rain,moderate rain,10d
2025-07-21 18:29:51,Thanh Hoa-Thanh Hoa,Thanh Hoa,23.2,23.2,23.2,98.0,24.13,2735.0,1.78,100.0,5.95,11.46,214.0,993.0,1,501,Rain,moderate rain,10d
2025-07-21 18:33:37,Thanh Hoa-Thanh Hoa,Thanh Hoa,23.2,23.2,23.2,98.0,24.13,2735.0,1.78,100.0,5.95,11.46,214.0,993.0,1,501,Rain,moderate rain,10d
2025-07-21 18:37:23,Thanh Hoa-Thanh Hoa,Thanh Hoa,23.23,23.23,23.23,98.0,24.17,3495.0,2.05,100.0,4.45,9.93,233.0,994.0,1,501,Rain,moderate rain,10d
2025-07-21 18:41:09,Thanh Hoa-Thanh Hoa,Thanh Hoa,23.23,23.23,23.23,98.0,24.17,3495.0,2.05,100.0,4.45,9.93,233.0,994.0,0,501,Rain,moderate rain,10d
2025-07-21 18:44:55,Thanh Hoa-Thanh Hoa,Thanh Hoa,23.23,23.23,23.23,98.0,24.17,3495.0,2.37,100.0,4.45,9.93,233.0,994.0,0,501,Rain,moderate rain,10n
2025-07-21 18:48:40,Thanh Hoa-Thanh Hoa,Thanh Hoa,23.23,23.23,23.23,98.0,24.17,3495.0,2.37,100.0,4.45,9.93,233.0,994.0,0,501,Rain,moderate rain,10n
2025-07-21 18:56:08,Thanh Hoa-Thanh Hoa,Thanh Hoa,23.23,23.23,23.23,98.0,24.17,3495.0,2.05,100.0,4.45,9.93,233.0,994.0,0,501,Rain,moderate rain,10n
2025-07-21 18:59:53,Thanh Hoa-Thanh Hoa,Thanh Hoa,23.23,23.23,23.23,98.0,24.17,3495.0,2.37,100.0,4.45,9.93,233.0,994.0,0,501,Rain,moderate rain,10n
2025-07-21 19:03:39,Thanh Hoa-Thanh Hoa,Thanh Hoa,23.23,23.23,23.23,98.0,24.17,3495.0,2.05,100.0,4.45,9.93,233.0,994.0,0,501,Rain,moderate rain,10n
2025-07-21 19:07:27,Thanh Hoa-Thanh Hoa,Thanh Hoa,23.26,23.26,23.26,98.0,24.2,3495.0,2.37,100.0,4.45,9.93,233.0,994.0,0,501,Rain,moderate rain,10n
2025-07-21 19:11:15,Thanh Hoa-Thanh Hoa,Thanh Hoa,23.26,23.26,23.26,98.0,24.2,3495.0,2.44,100.0,4.45,9.93,233.0,994.0,0,501,Rain,moderate rain,10n
2025-07-21 19:15:01,Thanh Hoa-Thanh Hoa,Thanh Hoa,23.26,23.26,23.26,98.0,24.2,3495.0,2.73,100.0,4.45,9.93,233.0,994.0,0,501,Rain,moderate rain,10n
2025-07-21 19:18:47,Thanh Hoa-Thanh Hoa,Thanh Hoa,23.26,23.26,23.26,98.0,24.2,3495.0,2.73,100.0,4.45,9.93,233.0,994.0,0,501,Rain,moderate rain,10n
2025-07-21 19:22:32,Thanh Hoa-Thanh Hoa,Thanh Hoa,23.26,23.26,23.26,98.0,24.2,3495.0,2.73,100.0,4.45,9.93,233.0,994.0,0,501,Rain,moderate rain,10n
2025-07-21 19:26:18,Thanh Hoa-Thanh Hoa,Thanh Hoa,23.26,23.26,23.26,98.0,24.2,3495.0,2.73,100.0,4.45,9.93,233.0,994.0,0,501,Rain,moderate rain,10n
2025-07-21 19:30:04,Thanh Hoa-Thanh Hoa,Thanh Hoa,23.12,23.12,23.12,98.0,24.05,3271.0,2.73,100.0,3.01,7.44,223.0,994.0,0,501,Rain,moderate rain,10n
2025-07-21 19:33:50,Thanh Hoa-Thanh Hoa,Thanh Hoa,23.12,23.12,23.12,98.0,24.05,3271.0,2.99,100.0,3.01,7.44,223.0,994.0,0,501,Rain,moderate rain,10n
2025-07-21 19:37:35,Thanh Hoa-Thanh Hoa,Thanh Hoa,23.12,23.12,23.12,98.0,24.05,3271.0,2.99,100.0,3.01,7.44,223.0,994.0,0,501,Rain,moderate rain,10n
2025-07-21 19:41:21,Thanh Hoa-Thanh Hoa,Thanh Hoa,23.12,23.12,23.12,98.0,24.05,3271.0,3.07,100.0,3.01,7.44,223.0,994.0,0,501,Rain,moderate rain,10n
2025-07-21 19:45:07,Thanh Hoa-Thanh Hoa,Thanh Hoa,23.12,23.12,23.12,98.0,24.05,3271.0,3.07,100.0,3.01,7.44,223.0,994.0,0,501,Rain,moderate rain,10n
2025-07-21 19:48:53,Thanh Hoa-Thanh Hoa,Thanh Hoa,23.21,23.21,23.21,99.0,24.17,3271.0,3.16,100.0,3.01,7.44,223.0,995.0,0,501,Rain,moderate rain,10n
2025-07-21 19:52:39,Thanh Hoa-Thanh Hoa,Thanh Hoa,23.21,23.21,23.21,99.0,24.17,3271.0,3.16,100.0,3.01,7.44,223.0,995.0,0,501,Rain,moderate rain,10n
2025-07-21 19:56:25,Thanh Hoa-Thanh Hoa,Thanh Hoa,23.21,23.21,23.21,99.0,24.17,3271.0,3.65,100.0,3.01,7.44,223.0,995.0,0,501,Rain,moderate rain,10n
2025-07-21 20:00:11,Thanh Hoa-Thanh Hoa,Thanh Hoa,23.21,23.21,23.21,99.0,24.17,3271.0,3.65,100.0,3.01,7.44,223.0,995.0,0,501,Rain,moderate rain,10n
2025-07-21 20:03:57,Thanh Hoa-Thanh Hoa,Thanh Hoa,23.25,23.25,23.25,99.0,24.22,3271.0,4.21,100.0,3.01,7.44,223.0,995.0,0,502,Rain,heavy intensity rain,10n
2025-07-21 20:07:43,Thanh Hoa-Thanh Hoa,Thanh Hoa,23.25,23.25,23.25,99.0,24.22,3271.0,4.21,100.0,3.01,7.44,223.0,995.0,0,502,Rain,heavy intensity rain,10n
2025-07-21 20:11:28,Thanh Hoa-Thanh Hoa,Thanh Hoa,23.25,23.25,23.25,99.0,24.22,3271.0,3.26,100.0,3.01,7.44,223.0,995.0,0,501,Rain,moderate rain,10n
2025-07-21 20:15:14,Thanh Hoa-Thanh Hoa,Thanh Hoa,23.25,23.25,23.25,99.0,24.22,3271.0,3.65,100.0,3.01,7.44,223.0,995.0,0,501,Rain,moderate rain,10n
2025-07-21 20:19:00,Thanh Hoa-Thanh Hoa,Thanh Hoa,23.25,23.25,23.25,99.0,24.22,3271.0,3.65,100.0,3.01,7.44,223.0,995.0,0,501,Rain,moderate rain,10n
2025-07-21 20:22:46,Thanh Hoa-Thanh Hoa,Thanh Hoa,23.24,23.24,23.24,99.0,24.2,3271.0,4.21,100.0,3.01,7.44,223.0,995.0,0,502,Rain,heavy intensity rain,10n
2025-07-21 20:26:34,Thanh Hoa-Thanh Hoa,Thanh Hoa,23.24,23.24,23.24,99.0,24.2,3271.0,5.62,100.0,3.01,7.44,223.0,995.0,0,502,Rain,heavy intensity rain,10n
2025-07-21 20:30:20,Thanh Hoa-Thanh Hoa,Thanh Hoa,23.24,23.24,23.24,99.0,24.2,3271.0,5.62,100.0,3.01,7.44,223.0,995.0,0,502,Rain,heavy intensity rain,10n
2025-07-21 20:34:06,Thanh Hoa-Thanh Hoa,Thanh Hoa,23.37,23.37,23.37,99.0,24.35,4975.0,4.86,100.0,3.97,9.42,240.0,995.0,0,502,Rain,heavy intensity rain,10n
2025-07-21 20:37:57,Thanh Hoa-Thanh Hoa,Thanh Hoa,23.37,23.37,23.37,99.0,24.35,4975.0,4.86,100.0,3.97,9.42,240.0,995.0,0,502,Rain,heavy intensity rain,10n
2025-07-21 20:41:47,Thanh Hoa-Thanh Hoa,Thanh Hoa,23.37,23.37,23.37,99.0,24.35,4975.0,3.16,100.0,3.97,9.42,240.0,995.0,0,501,Rain,moderate rain,10n
2025-07-21 20:45:34,Thanh Hoa-Thanh Hoa,Thanh Hoa,23.37,23.37,23.37,99.0,24.35,4975.0,3.65,100.0,3.97,9.42,240.0,995.0,0,501,Rain,moderate rain,10n
2025-07-21 20:49:20,Thanh Hoa-Thanh Hoa,Thanh Hoa,23.37,23.37,23.37,99.0,24.35,4975.0,3.65,100.0,3.97,9.42,240.0,995.0,0,501,Rain,moderate rain,10n
2025-07-21 20:53:06,Thanh Hoa-Thanh Hoa,Thanh Hoa,23.37,23.37,23.37,99.0,24.35,4975.0,3.65,100.0,3.97,9.42,240.0,995.0,0,501,Rain,moderate rain,10n
2025-07-21 20:56:52,Thanh Hoa-Thanh Hoa,Thanh Hoa,23.36,23.36,23.36,99.0,24.34,4975.0,5.16,100.0,3.97,9.42,240.0,995.0,0,502,Rain,heavy intensity rain,10n
2025-07-21 21:00:37,Thanh Hoa-Thanh Hoa,Thanh Hoa,23.36,23.36,23.36,99.0,24.34,4975.0,5.16,100.0,3.97,9.42,240.0,995.0,0,502,Rain,heavy intensity rain,10n
2025-07-21 21:04:23,Thanh Hoa-Thanh Hoa,Thanh Hoa,23.36,23.36,23.36,99.0,24.34,4975.0,5.16,100.0,3.97,9.42,240.0,995.0,0,502,Rain,heavy intensity rain,10n
2025-07-21 21:08:09,Thanh Hoa-Thanh Hoa,Thanh Hoa,23.4,23.4,23.4,99.0,24.38,4975.0,4.86,100.0,3.97,9.42,240.0,995.0,0,502,Rain,heavy intensity rain,10n
2025-07-21 21:11:55,Thanh Hoa-Thanh Hoa,Thanh Hoa,23.4,23.4,23.4,99.0,24.38,4975.0,4.86,100.0,3.97,9.42,240.0,995.0,0,502,Rain,heavy intensity rain,10n
2025-07-21 21:15:41,Thanh Hoa-Thanh Hoa,Thanh Hoa,23.4,23.4,23.4,99.0,24.38,4975.0,3.26,100.0,3.97,9.42,240.0,995.0,0,501,Rain,moderate rain,10n
2025-07-21 21:19:27,Thanh Hoa-Thanh Hoa,Thanh Hoa,23.4,23.4,23.4,99.0,24.38,4975.0,3.26,100.0,3.97,9.42,240.0,995.0,0,501,Rain,moderate rain,10n
2025-07-21 21:23:12,Thanh Hoa-Thanh Hoa,Thanh Hoa,23.39,23.39,23.39,99.0,24.37,4975.0,3.99,100.0,3.97,9.42,240.0,995.0,0,501,Rain,moderate rain,10n
2025-07-21 21:26:58,Thanh Hoa-Thanh Hoa,Thanh Hoa,23.39,23.39,23.39,99.0,24.37,4975.0,3.16,100.0,3.97,9.42,240.0,995.0,0,501,Rain,moderate rain,10n
2025-07-21 21:30:44,Thanh Hoa-Thanh Hoa,Thanh Hoa,23.54,23.54,23.54,99.0,24.53,1700.0,5.79,100.0,4.73,11.8,250.0,994.0,0,502,Rain,heavy intensity rain,10n
2025-07-21 21:34:30,Thanh Hoa-Thanh Hoa,Thanh Hoa,23.54,23.54,23.54,99.0,24.53,1700.0,5.79,100.0,4.73,11.8,250.0,994.0,0,502,Rain,heavy intensity rain,10n
2025-07-21 21:38:16,Thanh Hoa-Thanh Hoa,Thanh Hoa,23.54,23.54,23.54,99.0,24.53,1700.0,6.48,100.0,4.73,11.8,250.0,994.0,0,502,Rain,heavy intensity rain,10n
2025-07-21 21:42:02,Thanh Hoa-Thanh Hoa,Thanh Hoa,23.54,23.54,23.54,99.0,24.53,1700.0,6.48,100.0,4.73,11.8,250.0,994.0,0,502,Rain,heavy intensity rain,10n
2025-07-21 21:45:50,Thanh Hoa-Thanh Hoa,Thanh Hoa,23.54,23.54,23.54,99.0,24.53,1700.0,6.48,100.0,4.73,11.8,250.0,994.0,0,502,Rain,heavy intensity rain,10n
2025-07-21 21:49:36,Thanh Hoa-Thanh Hoa,Thanh Hoa,23.54,23.54,23.54,99.0,24.53,1700.0,3.65,100.0,4.73,11.8,250.0,994.0,0,501,Rain,moderate rain,10n
2025-07-21 21:53:22,Thanh Hoa-Thanh Hoa,Thanh Hoa,23.54,23.54,23.54,99.0,24.53,1700.0,3.65,100.0,4.73,11.8,250.0,994.0,0,501,Rain,moderate rain,10n
2025-07-21 21:57:08,Thanh Hoa-Thanh Hoa,Thanh Hoa,23.54,23.54,23.54,99.0,24.53,1700.0,3.65,100.0,4.73,11.8,250.0,994.0,0,501,Rain,moderate rain,10n
2025-07-21 22:00:54,Thanh Hoa-Thanh Hoa,Thanh Hoa,23.54,23.54,23.54,99.0,24.53,1700.0,3.55,100.0,4.73,11.8,250.0,994.0,0,501,Rain,moderate rain,10n
2025-07-21 22:04:40,Thanh Hoa-Thanh Hoa,Thanh Hoa,23.54,23.54,23.54,99.0,24.53,1700.0,3.55,100.0,4.73,11.8,250.0,994.0,0,501,Rain,moderate rain,10n
2025-07-21 22:08:25,Thanh Hoa-Thanh Hoa,Thanh Hoa,23.54,23.54,23.54,99.0,24.53,1700.0,3.55,100.0,4.73,11.8,250.0,994.0,0,501,Rain,moderate rain,10n
2025-07-21 22:12:11,Thanh Hoa-Thanh Hoa,Thanh Hoa,23.57,23.57,23.57,99.0,24.57,1700.0,4.6,100.0,4.73,11.8,250.0,994.0,0,502,Rain,heavy intensity rain,10n
2025-07-21 22:15:57,Thanh Hoa-Thanh Hoa,Thanh Hoa,23.57,23.57,23.57,99.0,24.57,1700.0,4.73,100.0,4.73,11.8,250.0,994.0,0,502,Rain,heavy intensity rain,10n
2025-07-21 22:19:43,Thanh Hoa-Thanh Hoa,Thanh Hoa,23.57,23.57,23.57,99.0,24.57,1700.0,4.73,100.0,4.73,11.8,250.0,994.0,0,502,Rain,heavy intensity rain,10n
2025-07-21 22:23:28,Thanh Hoa-Thanh Hoa,Thanh Hoa,23.57,23.57,23.57,99.0,24.57,1700.0,4.73,100.0,4.73,11.8,250.0,994.0,0,502,Rain,heavy intensity rain,10n
2025-07-21 22:27:16,Thanh Hoa-Thanh Hoa,Thanh Hoa,23.57,23.57,23.57,99.0,24.57,1700.0,7.09,100.0,4.73,11.8,250.0,994.0,0,502,Rain,heavy intensity rain,10n
2025-07-21 22:31:48,Thanh Hoa-Thanh Hoa,Thanh Hoa,23.56,23.56,23.56,98.0,24.53,2819.0,9.99,100.0,5.34,10.48,246.0,994.0,0,502,Rain,heavy intensity rain,10n
2025-07-21 22:35:36,Thanh Hoa-Thanh Hoa,Thanh Hoa,23.56,23.56,23.56,98.0,24.53,2819.0,9.99,100.0,5.34,10.48,246.0,994.0,0,502,Rain,heavy intensity rain,10n
2025-07-21 22:39:28,Thanh Hoa-Thanh Hoa,Thanh Hoa,23.56,23.56,23.56,98.0,24.53,2819.0,9.99,100.0,5.34,10.48,246.0,994.0,0,502,Rain,heavy intensity rain,10n
2025-07-21 22:43:17,Thanh Hoa-Thanh Hoa,Thanh Hoa,23.56,23.56,23.56,98.0,24.53,2819.0,5.62,100.0,5.34,10.48,246.0,994.0,0,502,Rain,heavy intensity rain,10n
2025-07-21 22:47:03,Thanh Hoa-Thanh Hoa,Thanh Hoa,23.56,23.56,23.56,98.0,24.53,2819.0,5.16,100.0,5.34,10.48,246.0,994.0,0,502,Rain,heavy intensity rain,10n
2025-07-21 22:50:49,Thanh Hoa-Thanh Hoa,Thanh Hoa,23.56,23.56,23.56,98.0,24.53,2819.0,5.16,100.0,5.34,10.48,246.0,994.0,0,502,Rain,heavy intensity rain,10n
2025-07-21 22:54:35,Thanh Hoa-Thanh Hoa,Thanh Hoa,23.56,23.56,23.56,98.0,24.53,2819.0,5.16,100.0,5.34,10.48,246.0,994.0,0,502,Rain,heavy intensity rain,10n
2025-07-21 22:58:21,Thanh Hoa-Thanh Hoa,Thanh Hoa,23.56,23.56,23.56,98.0,24.53,2819.0,4.86,100.0,5.34,10.48,246.0,994.0,0,502,Rain,heavy intensity rain,10n
2025-07-21 23:02:07,Thanh Hoa-Thanh Hoa,Thanh Hoa,23.59,23.59,23.59,98.0,24.56,2819.0,3.65,100.0,5.34,10.48,246.0,994.0,0,501,Rain,moderate rain,10n
2025-07-21 23:05:53,Thanh Hoa-Thanh Hoa,Thanh Hoa,23.59,23.59,23.59,98.0,24.56,2819.0,3.76,100.0,5.34,10.48,246.0,994.0,0,501,Rain,moderate rain,10n
2025-07-21 23:09:39,Thanh Hoa-Thanh Hoa,Thanh Hoa,23.59,23.59,23.59,98.0,24.56,2819.0,3.76,100.0,5.34,10.48,246.0,994.0,0,501,Rain,moderate rain,10n
2025-07-21 23:13:25,Thanh Hoa-Thanh Hoa,Thanh Hoa,23.59,23.59,23.59,98.0,24.56,2819.0,3.87,100.0,5.34,10.48,246.0,994.0,0,501,Rain,moderate rain,10n
2025-07-21 23:17:12,Thanh Hoa-Thanh Hoa,Thanh Hoa,23.59,23.59,23.59,98.0,24.56,2819.0,3.87,100.0,5.34,10.48,246.0,994.0,0,501,Rain,moderate rain,10n
2025-07-21 23:20:57,Thanh Hoa-Thanh Hoa,Thanh Hoa,23.59,23.59,23.59,98.0,24.56,2819.0,3.87,100.0,5.34,10.48,246.0,994.0,0,501,Rain,moderate rain,10n
2025-07-21 23:24:44,Thanh Hoa-Thanh Hoa,Thanh Hoa,23.59,23.59,23.59,98.0,24.56,2819.0,5.62,100.0,5.34,10.48,246.0,994.0,0,502,Rain,heavy intensity rain,10n
2025-07-21 23:28:30,Thanh Hoa-Thanh Hoa,Thanh Hoa,23.59,23.59,23.59,98.0,24.56,2819.0,5.62,100.0,5.34,10.48,246.0,994.0,0,502,Rain,heavy intensity rain,10n
2025-07-21 23:32:16,Thanh Hoa-Thanh Hoa,Thanh Hoa,23.51,23.51,23.51,99.0,24.5,3215.0,5.62,100.0,5.52,11.05,235.0,993.0,0,502,Rain,heavy intensity rain,10n
2025-07-21 23:36:05,Thanh Hoa-Thanh Hoa,Thanh Hoa,23.51,23.51,23.51,99.0,24.5,3215.0,5.62,100.0,5.52,11.05,235.0,993.0,0,502,Rain,heavy intensity rain,10n
2025-07-21 23:39:51,Thanh Hoa-Thanh Hoa,Thanh Hoa,23.51,23.51,23.51,99.0,24.5,3215.0,5.62,100.0,5.52,11.05,235.0,993.0,0,502,Rain,heavy intensity rain,10n
2025-07-21 23:43:36,Thanh Hoa-Thanh Hoa,Thanh Hoa,23.51,23.51,23.51,99.0,24.5,3215.0,2.73,100.0,5.52,11.05,235.0,993.0,0,501,Rain,moderate rain,10n
2025-07-21 23:47:22,Thanh Hoa-Thanh Hoa,Thanh Hoa,23.51,23.51,23.51,99.0,24.5,3215.0,2.73,100.0,5.52,11.05,235.0,993.0,0,501,Rain,moderate rain,10n
2025-07-21 23:51:08,Thanh Hoa-Thanh Hoa,Thanh Hoa,23.51,23.51,23.51,99.0,24.5,3215.0,2.73,100.0,5.52,11.05,235.0,993.0,0,501,Rain,moderate rain,10n
2025-07-21 23:54:54,Thanh Hoa-Thanh Hoa,Thanh Hoa,23.51,23.51,23.51,99.0,24.5,3215.0,5.62,100.0,5.52,11.05,235.0,993.0,0,502,Rain,heavy intensity rain,10n
2025-07-22 00:02:35,Thanh Hoa-Thanh Hoa,Thanh Hoa,23.51,23.51,23.51,99.0,24.5,3215.0,5.62,100.0,5.52,11.05,235.0,993.0,0,502,Rain,heavy intensity rain,10n
2025-07-22 00:06:25,Thanh Hoa-Thanh Hoa,Thanh Hoa,23.53,23.53,23.53,99.0,24.52,3215.0,6.48,100.0,5.52,11.05,235.0,993.0,0,502,Rain,heavy intensity rain,10n
2025-07-22 00:10:12,Thanh Hoa-Thanh Hoa,Thanh Hoa,23.53,23.53,23.53,99.0,24.52,3215.0,6.48,100.0,5.52,11.05,235.0,993.0,0,502,Rain,heavy intensity rain,10n
2025-07-22 01:39:40,Thanh Hoa-Thanh Hoa,Thanh Hoa,23.51,23.51,23.51,98.0,24.48,3135.0,6.48,100.0,5.61,14.2,261.0,991.0,0,502,Rain,heavy intensity rain,10n
2025-07-22 01:43:26,Thanh Hoa-Thanh Hoa,Thanh Hoa,23.51,23.51,23.51,98.0,24.48,3135.0,7.49,100.0,5.61,14.2,261.0,991.0,0,502,Rain,heavy intensity rain,10n
2025-07-22 01:47:11,Thanh Hoa-Thanh Hoa,Thanh Hoa,23.51,23.51,23.51,98.0,24.48,3135.0,7.49,100.0,5.61,14.2,261.0,991.0,0,502,Rain,heavy intensity rain,10n
2025-07-22 01:50:57,Thanh Hoa-Thanh Hoa,Thanh Hoa,23.71,23.71,23.71,97.0,24.67,3135.0,6.68,100.0,5.61,14.2,261.0,992.0,0,502,Rain,heavy intensity rain,10n
2025-07-22 01:54:42,Thanh Hoa-Thanh Hoa,Thanh Hoa,23.71,23.71,23.71,97.0,24.67,3135.0,5.62,100.0,5.61,14.2,261.0,992.0,0,502,Rain,heavy intensity rain,10n
2025-07-22 01:58:28,Thanh Hoa-Thanh Hoa,Thanh Hoa,23.71,23.71,23.71,97.0,24.67,3135.0,6.68,100.0,5.61,14.2,261.0,992.0,0,502,Rain,heavy intensity rain,10n
2025-07-22 02:02:13,Thanh Hoa-Thanh Hoa,Thanh Hoa,23.74,23.74,23.74,97.0,24.7,3135.0,6.89,100.0,5.61,14.2,261.0,992.0,0,502,Rain,heavy intensity rain,10n
2025-07-22 02:05:59,Thanh Hoa-Thanh Hoa,Thanh Hoa,23.74,23.74,23.74,97.0,24.7,3135.0,6.48,100.0,5.61,14.2,261.0,992.0,0,502,Rain,heavy intensity rain,10n
2025-07-22 02:09:44,Thanh Hoa-Thanh Hoa,Thanh Hoa,23.74,23.74,23.74,97.0,24.7,3135.0,6.48,100.0,5.61,14.2,261.0,992.0,0,502,Rain,heavy intensity rain,10n
2025-07-22 02:13:30,Thanh Hoa-Thanh Hoa,Thanh Hoa,23.74,23.74,23.74,97.0,24.7,3135.0,6.48,100.0,5.61,14.2,261.0,992.0,0,502,Rain,heavy intensity rain,10n
2025-07-22 02:17:16,Thanh Hoa-Thanh Hoa,Thanh Hoa,23.74,23.74,23.74,97.0,24.7,3135.0,6.48,100.0,5.61,14.2,261.0,992.0,0,502,Rain,heavy intensity rain,10n
2025-07-22 02:21:01,Thanh Hoa-Thanh Hoa,Thanh Hoa,23.74,23.74,23.74,97.0,24.7,3135.0,6.48,100.0,5.61,14.2,261.0,992.0,0,502,Rain,heavy intensity rain,10n
2025-07-22 02:24:47,Thanh Hoa-Thanh Hoa,Thanh Hoa,23.74,23.74,23.74,97.0,24.7,3135.0,6.48,100.0,5.61,14.2,261.0,992.0,0,502,Rain,heavy intensity rain,10n
2025-07-22 02:28:33,Thanh Hoa-Thanh Hoa,Thanh Hoa,23.74,23.74,23.74,97.0,24.7,3135.0,6.48,100.0,5.61,14.2,261.0,992.0,0,502,Rain,heavy intensity rain,10n
2025-07-22 02:32:18,Thanh Hoa-Thanh Hoa,Thanh Hoa,23.74,23.74,23.74,97.0,24.7,3135.0,6.48,100.0,5.61,14.2,261.0,992.0,0,502,Rain,heavy intensity rain,10n
2025-07-22 02:36:04,Thanh Hoa-Thanh Hoa,Thanh Hoa,23.74,23.74,23.74,98.0,24.73,3971.0,7.49,100.0,6.22,14.39,254.0,992.0,0,502,Rain,heavy intensity rain,10n
2025-07-22 02:39:50,Thanh Hoa-Thanh Hoa,Thanh Hoa,23.74,23.74,23.74,98.0,24.73,3971.0,7.49,100.0,6.22,14.39,254.0,992.0,0,502,Rain,heavy intensity rain,10n
2025-07-22 02:43:35,Thanh Hoa-Thanh Hoa,Thanh Hoa,23.74,23.74,23.74,98.0,24.73,3971.0,7.49,100.0,6.22,14.39,254.0,992.0,0,502,Rain,heavy intensity rain,10n
2025-07-22 02:47:20,Thanh Hoa-Thanh Hoa,Thanh Hoa,23.74,23.74,23.74,98.0,24.73,3971.0,7.49,100.0,6.22,14.39,254.0,992.0,0,502,Rain,heavy intensity rain,10n
2025-07-22 02:51:06,Thanh Hoa-Thanh Hoa,Thanh Hoa,23.65,23.65,23.65,98.0,24.63,3971.0,6.48,100.0,6.22,14.39,254.0,992.0,0,502,Rain,heavy intensity rain,10n
2025-07-22 02:54:51,Thanh Hoa-Thanh Hoa,Thanh Hoa,23.65,23.65,23.65,98.0,24.63,3971.0,6.48,100.0,6.22,14.39,254.0,992.0,0,502,Rain,heavy intensity rain,10n
2025-07-22 02:58:37,Thanh Hoa-Thanh Hoa,Thanh Hoa,23.65,23.65,23.65,98.0,24.63,3971.0,6.48,100.0,6.22,14.39,254.0,992.0,0,502,Rain,heavy intensity rain,10n
2025-07-22 03:02:28,Thanh Hoa-Thanh Hoa,Thanh Hoa,23.66,23.66,23.66,98.0,24.64,3971.0,6.89,100.0,6.22,14.39,254.0,992.0,0,502,Rain,heavy intensity rain,10n
2025-07-22 03:06:15,Thanh Hoa-Thanh Hoa,Thanh Hoa,23.66,23.66,23.66,98.0,24.64,3971.0,6.48,100.0,6.22,14.39,254.0,992.0,0,502,Rain,heavy intensity rain,10n
2025-07-22 03:10:01,Thanh Hoa-Thanh Hoa,Thanh Hoa,23.66,23.66,23.66,98.0,24.64,3971.0,6.48,100.0,6.22,14.39,254.0,992.0,0,502,Rain,heavy intensity rain,10n
2025-07-22 03:13:47,Thanh Hoa-Thanh Hoa,Thanh Hoa,23.66,23.66,23.66,98.0,24.64,3971.0,6.48,100.0,6.22,14.39,254.0,992.0,0,502,Rain,heavy intensity rain,10n
2025-07-22 03:17:32,Thanh Hoa-Thanh Hoa,Thanh Hoa,23.66,23.66,23.66,98.0,24.64,3971.0,6.48,100.0,6.22,14.39,254.0,992.0,0,502,Rain,heavy intensity rain,10n
2025-07-22 03:21:18,Thanh Hoa-Thanh Hoa,Thanh Hoa,23.66,23.66,23.66,98.0,24.64,3971.0,6.48,100.0,6.22,14.39,254.0,992.0,0,502,Rain,heavy intensity rain,10n
2025-07-22 03:25:03,Thanh Hoa-Thanh Hoa,Thanh Hoa,23.66,23.66,23.66,98.0,24.64,3971.0,6.48,100.0,6.22,14.39,254.0,992.0,0,502,Rain,heavy intensity rain,10n
2025-07-22 03:28:49,Thanh Hoa-Thanh Hoa,Thanh Hoa,23.66,23.66,23.66,98.0,24.64,3971.0,6.31,100.0,6.22,14.39,254.0,992.0,0,502,Rain,heavy intensity rain,10n
2025-07-22 03:32:34,Thanh Hoa-Thanh Hoa,Thanh Hoa,23.66,23.66,23.66,98.0,24.64,3971.0,6.31,100.0,6.22,14.39,254.0,992.0,0,502,Rain,heavy intensity rain,10n
2025-07-22 03:36:21,Thanh Hoa-Thanh Hoa,Thanh Hoa,23.66,23.66,23.66,98.0,24.64,3971.0,6.31,100.0,6.22,14.39,254.0,992.0,0,502,Rain,heavy intensity rain,10n
2025-07-22 03:40:07,Thanh Hoa-Thanh Hoa,Thanh Hoa,23.65,23.65,23.65,96.0,24.58,10000.0,6.48,100.0,7.09,15.43,234.0,991.0,0,502,Rain,heavy intensity rain,10n
2025-07-22 03:43:52,Thanh Hoa-Thanh Hoa,Thanh Hoa,23.65,23.65,23.65,96.0,24.58,10000.0,6.48,100.0,7.09,15.43,234.0,991.0,0,502,Rain,heavy intensity rain,10n
2025-07-22 03:47:38,Thanh Hoa-Thanh Hoa,Thanh Hoa,23.65,23.65,23.65,96.0,24.58,10000.0,6.48,100.0,7.09,15.43,234.0,991.0,0,502,Rain,heavy intensity rain,10n
2025-07-22 03:51:24,Thanh Hoa-Thanh Hoa,Thanh Hoa,23.65,23.65,23.65,96.0,24.58,10000.0,7.49,100.0,7.09,15.43,234.0,991.0,0,502,Rain,heavy intensity rain,10n
2025-07-22 03:55:10,Thanh Hoa-Thanh Hoa,Thanh Hoa,23.65,23.65,23.65,96.0,24.58,10000.0,7.49,100.0,7.09,15.43,234.0,991.0,0,502,Rain,heavy intensity rain,10n
2025-07-22 03:58:55,Thanh Hoa-Thanh Hoa,Thanh Hoa,23.65,23.65,23.65,96.0,24.58,10000.0,7.72,100.0,7.09,15.43,234.0,991.0,0,502,Rain,heavy intensity rain,10n
2025-07-22 04:02:41,Thanh Hoa-Thanh Hoa,Thanh Hoa,23.79,23.79,23.79,96.0,24.73,10000.0,8.65,100.0,7.09,15.43,234.0,991.0,0,502,Rain,heavy intensity rain,10n
2025-07-22 04:06:33,Thanh Hoa-Thanh Hoa,Thanh Hoa,23.79,23.79,23.79,96.0,24.73,10000.0,8.18,100.0,7.09,15.43,234.0,991.0,0,502,Rain,heavy intensity rain,10n
2025-07-22 04:10:19,Thanh Hoa-Thanh Hoa,Thanh Hoa,23.79,23.79,23.79,96.0,24.73,10000.0,8.18,100.0,7.09,15.43,234.0,991.0,0,502,Rain,heavy intensity rain,10n
2025-07-22 04:14:04,Thanh Hoa-Thanh Hoa,Thanh Hoa,23.79,23.79,23.79,96.0,24.73,10000.0,8.18,100.0,7.09,15.43,234.0,991.0,0,502,Rain,heavy intensity rain,10n
2025-07-22 04:17:50,Thanh Hoa-Thanh Hoa,Thanh Hoa,23.79,23.79,23.79,96.0,24.73,10000.0,8.65,100.0,7.09,15.43,234.0,991.0,0,502,Rain,heavy intensity rain,10n
2025-07-22 04:21:37,Thanh Hoa-Thanh Hoa,Thanh Hoa,23.79,23.79,23.79,96.0,24.73,10000.0,8.65,100.0,7.09,15.43,234.0,991.0,0,502,Rain,heavy intensity rain,10n
2025-07-22 04:25:22,Thanh Hoa-Thanh Hoa,Thanh Hoa,23.79,23.79,23.79,96.0,24.73,10000.0,8.65,100.0,7.09,15.43,234.0,991.0,0,502,Rain,heavy intensity rain,10n
2025-07-22 04:29:08,Thanh Hoa-Thanh Hoa,Thanh Hoa,23.79,23.79,23.79,96.0,24.73,10000.0,6.48,100.0,7.09,15.43,234.0,991.0,0,502,Rain,heavy intensity rain,10n
2025-07-22 04:32:54,Thanh Hoa-Thanh Hoa,Thanh Hoa,23.79,23.79,23.79,96.0,24.73,10000.0,6.48,100.0,7.09,15.43,234.0,991.0,0,502,Rain,heavy intensity rain,10n
2025-07-22 04:36:40,Thanh Hoa-Thanh Hoa,Thanh Hoa,23.76,23.76,23.76,95.0,24.67,8208.0,7.49,100.0,7.41,15.64,235.0,991.0,0,502,Rain,heavy intensity rain,10n
2025-07-22 04:40:26,Thanh Hoa-Thanh Hoa,Thanh Hoa,23.76,23.76,23.76,95.0,24.67,8208.0,5.62,100.0,7.41,15.64,235.0,991.0,0,502,Rain,heavy intensity rain,10n
2025-07-22 04:44:12,Thanh Hoa-Thanh Hoa,Thanh Hoa,23.76,23.76,23.76,95.0,24.67,8208.0,7.49,100.0,7.41,15.64,235.0,991.0,0,502,Rain,heavy intensity rain,10n
2025-07-22 04:47:57,Thanh Hoa-Thanh Hoa,Thanh Hoa,23.76,23.76,23.76,95.0,24.67,8208.0,5.62,100.0,7.41,15.64,235.0,991.0,0,502,Rain,heavy intensity rain,10n
2025-07-22 04:51:42,Thanh Hoa-Thanh Hoa,Thanh Hoa,23.76,23.76,23.76,95.0,24.67,8208.0,9.18,100.0,7.41,15.64,235.0,991.0,0,502,Rain,heavy intensity rain,10n
2025-07-22 04:55:28,Thanh Hoa-Thanh Hoa,Thanh Hoa,23.76,23.76,23.76,95.0,24.67,8208.0,9.18,100.0,7.41,15.64,235.0,991.0,0,502,Rain,heavy intensity rain,10n
2025-07-22 04:59:16,Thanh Hoa-Thanh Hoa,Thanh Hoa,23.76,23.76,23.76,95.0,24.67,8208.0,9.18,100.0,7.41,15.64,235.0,991.0,0,502,Rain,heavy intensity rain,10n
2025-07-22 05:03:01,Thanh Hoa-Thanh Hoa,Thanh Hoa,23.79,23.79,23.79,95.0,24.71,8208.0,12.6,100.0,7.41,15.64,235.0,991.0,0,502,Rain,heavy intensity rain,10n
2025-07-22 05:06:47,Thanh Hoa-Thanh Hoa,Thanh Hoa,23.79,23.79,23.79,95.0,24.71,8208.0,12.6,100.0,7.41,15.64,235.0,991.0,0,502,Rain,heavy intensity rain,10n
2025-07-22 05:10:32,Thanh Hoa-Thanh Hoa,Thanh Hoa,23.79,23.79,23.79,95.0,24.71,8208.0,12.6,100.0,7.41,15.64,235.0,991.0,0,502,Rain,heavy intensity rain,10n
2025-07-22 05:14:18,Thanh Hoa-Thanh Hoa,Thanh Hoa,23.79,23.79,23.79,95.0,24.71,8208.0,9.99,100.0,7.41,15.64,235.0,991.0,0,502,Rain,heavy intensity rain,10n
2025-07-22 05:18:03,Thanh Hoa-Thanh Hoa,Thanh Hoa,23.79,23.79,23.79,95.0,24.71,8208.0,8.65,100.0,7.41,15.64,235.0,991.0,0,502,Rain,heavy intensity rain,10n
2025-07-22 05:21:49,Thanh Hoa-Thanh Hoa,Thanh Hoa,23.79,23.79,23.79,95.0,24.71,8208.0,8.65,100.0,7.41,15.64,235.0,991.0,0,502,Rain,heavy intensity rain,10n
2025-07-22 05:25:35,Thanh Hoa-Thanh Hoa,Thanh Hoa,23.79,23.79,23.79,95.0,24.71,8208.0,8.65,100.0,7.41,15.64,235.0,991.0,0,502,Rain,heavy intensity rain,10n
2025-07-22 05:29:20,Thanh Hoa-Thanh Hoa,Thanh Hoa,23.79,23.79,23.79,95.0,24.71,8208.0,8.65,100.0,7.41,15.64,235.0,991.0,1,502,Rain,heavy intensity rain,10n
2025-07-22 05:33:06,Thanh Hoa-Thanh Hoa,Thanh Hoa,23.75,23.75,23.75,95.0,24.66,6758.0,7.49,100.0,7.65,16.11,231.0,991.0,1,502,Rain,heavy intensity rain,10d
2025-07-22 05:36:52,Thanh Hoa-Thanh Hoa,Thanh Hoa,23.75,23.75,23.75,95.0,24.66,6758.0,8.65,100.0,7.65,16.11,231.0,991.0,1,502,Rain,heavy intensity rain,10d
2025-07-22 05:40:37,Thanh Hoa-Thanh Hoa,Thanh Hoa,23.75,23.75,23.75,95.0,24.66,6758.0,7.49,100.0,7.65,16.11,231.0,991.0,1,502,Rain,heavy intensity rain,10d
2025-07-22 05:44:23,Thanh Hoa-Thanh Hoa,Thanh Hoa,23.75,23.75,23.75,95.0,24.66,6758.0,8.65,100.0,7.65,16.11,231.0,991.0,1,502,Rain,heavy intensity rain,10d
2025-07-22 05:48:08,Thanh Hoa-Thanh Hoa,Thanh Hoa,23.75,23.75,23.75,95.0,24.66,6758.0,8.65,100.0,7.65,16.11,231.0,991.0,1,502,Rain,heavy intensity rain,10d
2025-07-22 05:51:54,Thanh Hoa-Thanh Hoa,Thanh Hoa,23.74,23.74,23.74,95.0,24.65,6758.0,13.32,100.0,7.65,16.11,231.0,991.0,1,502,Rain,heavy intensity rain,10d
2025-07-22 05:55:40,Thanh Hoa-Thanh Hoa,Thanh Hoa,23.75,23.75,23.75,95.0,24.66,6758.0,8.65,100.0,7.65,16.11,231.0,991.0,1,502,Rain,heavy intensity rain,10d
2025-07-22 05:59:25,Thanh Hoa-Thanh Hoa,Thanh Hoa,23.74,23.74,23.74,95.0,24.65,6758.0,17.76,100.0,7.65,16.11,231.0,991.0,1,503,Rain,very heavy rain,10d
2025-07-22 06:03:11,Thanh Hoa-Thanh Hoa,Thanh Hoa,23.78,23.78,23.78,95.0,24.69,6758.0,17.76,100.0,7.65,16.11,231.0,991.0,1,503,Rain,very heavy rain,10d
2025-07-22 06:06:56,Thanh Hoa-Thanh Hoa,Thanh Hoa,23.74,23.74,23.74,95.0,24.65,6758.0,17.76,100.0,7.65,16.11,231.0,991.0,1,503,Rain,very heavy rain,10d
2025-07-22 06:10:41,Thanh Hoa-Thanh Hoa,Thanh Hoa,23.78,23.78,23.78,95.0,24.69,6758.0,17.76,100.0,7.65,16.11,231.0,991.0,1,503,Rain,very heavy rain,10d
2025-07-22 06:14:27,Thanh Hoa-Thanh Hoa,Thanh Hoa,23.78,23.78,23.78,95.0,24.69,6758.0,15.85,100.0,7.65,16.11,231.0,991.0,1,502,Rain,heavy intensity rain,10d
2025-07-22 06:18:13,Thanh Hoa-Thanh Hoa,Thanh Hoa,23.77,23.77,23.77,95.0,24.68,6758.0,11.53,100.0,7.65,16.11,231.0,991.0,1,502,Rain,heavy intensity rain,10d
2025-07-22 06:21:58,Thanh Hoa-Thanh Hoa,Thanh Hoa,23.77,23.77,23.77,95.0,24.68,6758.0,11.53,100.0,7.65,16.11,231.0,991.0,1,502,Rain,heavy intensity rain,10d
2025-07-22 06:25:43,Thanh Hoa-Thanh Hoa,Thanh Hoa,23.77,23.77,23.77,95.0,24.68,6758.0,11.53,100.0,7.65,16.11,231.0,991.0,1,502,Rain,heavy intensity rain,10d
2025-07-22 06:29:29,Thanh Hoa-Thanh Hoa,Thanh Hoa,23.77,23.77,23.77,95.0,24.68,6758.0,9.99,100.0,7.65,16.11,231.0,991.0,1,502,Rain,heavy intensity rain,10d
2025-07-22 06:33:14,Thanh Hoa-Thanh Hoa,Thanh Hoa,23.77,23.77,23.77,95.0,24.68,6758.0,9.99,100.0,7.65,16.11,231.0,991.0,1,502,Rain,heavy intensity rain,10d
2025-07-22 06:37:00,Thanh Hoa-Thanh Hoa,Thanh Hoa,23.77,23.77,23.77,95.0,24.68,6758.0,9.99,100.0,7.65,16.11,231.0,991.0,1,502,Rain,heavy intensity rain,10d
2025-07-22 06:40:45,Thanh Hoa-Thanh Hoa,Thanh Hoa,23.47,23.47,23.47,97.0,24.41,2095.0,8.65,100.0,5.34,13.03,238.0,992.0,1,502,Rain,heavy intensity rain,10d
2025-07-22 06:44:31,Thanh Hoa-Thanh Hoa,Thanh Hoa,23.47,23.47,23.47,97.0,24.41,2095.0,8.65,100.0,5.34,13.03,238.0,992.0,1,502,Rain,heavy intensity rain,10d
2025-07-22 06:48:16,Thanh Hoa-Thanh Hoa,Thanh Hoa,23.47,23.47,23.47,97.0,24.41,2095.0,8.65,100.0,5.34,13.03,238.0,992.0,1,502,Rain,heavy intensity rain,10d
2025-07-22 06:52:02,Thanh Hoa-Thanh Hoa,Thanh Hoa,23.46,23.46,23.46,97.0,24.39,2095.0,8.65,100.0,5.34,13.03,238.0,992.0,1,502,Rain,heavy intensity rain,10d
2025-07-22 06:55:47,Thanh Hoa-Thanh Hoa,Thanh Hoa,23.46,23.46,23.46,97.0,24.39,2095.0,8.65,100.0,5.34,13.03,238.0,992.0,1,502,Rain,heavy intensity rain,10d
2025-07-22 06:59:33,Thanh Hoa-Thanh Hoa,Thanh Hoa,23.46,23.46,23.46,97.0,24.39,2095.0,8.65,100.0,5.34,13.03,238.0,992.0,1,502,Rain,heavy intensity rain,10d
2025-07-22 07:03:18,Thanh Hoa-Thanh Hoa,Thanh Hoa,23.5,23.5,23.5,97.0,24.44,2095.0,7.09,100.0,5.34,13.03,238.0,992.0,1,502,Rain,heavy intensity rain,10d
2025-07-22 07:07:04,Thanh Hoa-Thanh Hoa,Thanh Hoa,23.5,23.5,23.5,97.0,24.44,2095.0,7.09,100.0,5.34,13.03,238.0,992.0,1,502,Rain,heavy intensity rain,10d
2025-07-22 07:10:49,Thanh Hoa-Thanh Hoa,Thanh Hoa,23.5,23.5,23.5,97.0,24.44,2095.0,7.49,100.0,5.34,13.03,238.0,992.0,1,502,Rain,heavy intensity rain,10d
2025-07-22 07:14:35,Thanh Hoa-Thanh Hoa,Thanh Hoa,23.5,23.5,23.5,97.0,24.44,2095.0,7.49,100.0,5.34,13.03,238.0,992.0,1,502,Rain,heavy intensity rain,10d
2025-07-22 07:18:20,Thanh Hoa-Thanh Hoa,Thanh Hoa,23.5,23.5,23.5,97.0,24.44,2095.0,8.18,100.0,5.34,13.03,238.0,992.0,1,502,Rain,heavy intensity rain,10d
2025-07-22 07:22:06,Thanh Hoa-Thanh Hoa,Thanh Hoa,23.5,23.5,23.5,97.0,24.44,2095.0,8.18,100.0,5.34,13.03,238.0,992.0,1,502,Rain,heavy intensity rain,10d
2025-07-22 07:25:52,Thanh Hoa-Thanh Hoa,Thanh Hoa,23.5,23.5,23.5,97.0,24.44,2095.0,7.49,100.0,5.34,13.03,238.0,992.0,1,502,Rain,heavy intensity rain,10d
2025-07-22 07:29:37,Thanh Hoa-Thanh Hoa,Thanh Hoa,23.5,23.5,23.5,97.0,24.44,2095.0,7.49,100.0,5.34,13.03,238.0,992.0,1,502,Rain,heavy intensity rain,10d
2025-07-22 07:33:23,Thanh Hoa-Thanh Hoa,Thanh Hoa,23.44,23.44,23.44,97.0,24.37,2176.0,7.49,100.0,5.34,11.67,214.0,992.0,1,502,Rain,heavy intensity rain,10d
2025-07-22 07:37:08,Thanh Hoa-Thanh Hoa,Thanh Hoa,23.44,23.44,23.44,97.0,24.37,2176.0,7.95,100.0,5.34,11.67,214.0,992.0,1,502,Rain,heavy intensity rain,10d
2025-07-22 07:40:54,Thanh Hoa-Thanh Hoa,Thanh Hoa,23.44,23.44,23.44,97.0,24.37,2176.0,7.95,100.0,5.34,11.67,214.0,992.0,1,502,Rain,heavy intensity rain,10d
2025-07-22 07:44:39,Thanh Hoa-Thanh Hoa,Thanh Hoa,23.44,23.44,23.44,97.0,24.37,2176.0,8.65,100.0,5.34,11.67,214.0,992.0,1,502,Rain,heavy intensity rain,10d
2025-07-22 07:48:25,Thanh Hoa-Thanh Hoa,Thanh Hoa,23.6,23.6,23.6,97.0,24.55,2176.0,10.6,100.0,5.34,11.67,214.0,991.0,1,502,Rain,heavy intensity rain,10d
2025-07-22 07:52:11,Thanh Hoa-Thanh Hoa,Thanh Hoa,23.44,23.44,23.44,97.0,24.37,2176.0,8.65,100.0,5.34,11.67,214.0,992.0,1,502,Rain,heavy intensity rain,10d
2025-07-22 07:55:56,Thanh Hoa-Thanh Hoa,Thanh Hoa,23.6,23.6,23.6,97.0,24.55,2176.0,10.6,100.0,5.34,11.67,214.0,991.0,1,502,Rain,heavy intensity rain,10d
2025-07-22 07:59:42,Thanh Hoa-Thanh Hoa,Thanh Hoa,23.6,23.6,23.6,97.0,24.55,2176.0,11.53,100.0,5.34,11.67,214.0,991.0,1,502,Rain,heavy intensity rain,10d
2025-07-22 08:03:27,Thanh Hoa-Thanh Hoa,Thanh Hoa,23.65,23.65,23.65,97.0,24.6,2176.0,10.6,100.0,5.34,11.67,214.0,991.0,1,502,Rain,heavy intensity rain,10d
2025-07-22 08:07:13,Thanh Hoa-Thanh Hoa,Thanh Hoa,23.6,23.6,23.6,97.0,24.55,2176.0,11.53,100.0,5.34,11.67,214.0,991.0,1,502,Rain,heavy intensity rain,10d
2025-07-22 08:10:59,Thanh Hoa-Thanh Hoa,Thanh Hoa,23.65,23.65,23.65,97.0,24.6,2176.0,8.65,100.0,5.34,11.67,214.0,991.0,1,502,Rain,heavy intensity rain,10d
2025-07-22 08:14:45,Thanh Hoa-Thanh Hoa,Thanh Hoa,23.65,23.65,23.65,97.0,24.6,2176.0,8.65,100.0,5.34,11.67,214.0,991.0,1,502,Rain,heavy intensity rain,10d
2025-07-22 08:18:30,Thanh Hoa-Thanh Hoa,Thanh Hoa,23.65,23.65,23.65,97.0,24.6,2176.0,8.65,100.0,5.34,11.67,214.0,991.0,1,502,Rain,heavy intensity rain,10d
2025-07-22 08:22:16,Thanh Hoa-Thanh Hoa,Thanh Hoa,23.64,23.64,23.64,97.0,24.59,2176.0,11.53,100.0,5.34,11.67,214.0,991.0,1,502,Rain,heavy intensity rain,10d
2025-07-22 08:26:02,Thanh Hoa-Thanh Hoa,Thanh Hoa,23.64,23.64,23.64,97.0,24.59,2176.0,11.53,100.0,5.34,11.67,214.0,991.0,1,502,Rain,heavy intensity rain,10d
2025-07-22 08:29:47,Thanh Hoa-Thanh Hoa,Thanh Hoa,23.64,23.64,23.64,97.0,24.59,2176.0,8.65,100.0,5.34,11.67,214.0,991.0,1,502,Rain,heavy intensity rain,10d
2025-07-22 08:33:33,Thanh Hoa-Thanh Hoa,Thanh Hoa,23.64,23.64,23.64,97.0,24.59,2176.0,11.53,100.0,5.34,11.67,214.0,991.0,1,502,Rain,heavy intensity rain,10d
2025-07-22 08:37:18,Thanh Hoa-Thanh Hoa,Thanh Hoa,23.67,23.67,23.67,97.0,24.63,1920.0,8.65,100.0,7.5,17.59,210.0,990.0,1,502,Rain,heavy intensity rain,10d
2025-07-22 08:41:04,Thanh Hoa-Thanh Hoa,Thanh Hoa,23.67,23.67,23.67,97.0,24.63,1920.0,8.65,100.0,7.5,17.59,210.0,990.0,1,502,Rain,heavy intensity rain,10d
2025-07-22 08:44:49,Thanh Hoa-Thanh Hoa,Thanh Hoa,23.67,23.67,23.67,97.0,24.63,1920.0,8.65,100.0,7.5,17.59,210.0,990.0,1,502,Rain,heavy intensity rain,10d
2025-07-22 08:48:35,Thanh Hoa-Thanh Hoa,Thanh Hoa,23.7,23.7,23.7,97.0,24.66,1920.0,6.48,100.0,7.5,17.59,210.0,990.0,1,502,Rain,heavy intensity rain,10d
2025-07-22 08:52:20,Thanh Hoa-Thanh Hoa,Thanh Hoa,23.7,23.7,23.7,97.0,24.66,1920.0,6.48,100.0,7.5,17.59,210.0,990.0,1,502,Rain,heavy intensity rain,10d
2025-07-22 08:56:05,Thanh Hoa-Thanh Hoa,Thanh Hoa,23.7,23.7,23.7,97.0,24.66,1920.0,6.48,100.0,7.5,17.59,210.0,990.0,1,502,Rain,heavy intensity rain,10d
2025-07-22 08:59:51,Thanh Hoa-Thanh Hoa,Thanh Hoa,23.7,23.7,23.7,97.0,24.66,1920.0,7.49,100.0,7.5,17.59,210.0,990.0,1,502,Rain,heavy intensity rain,10d
2025-07-22 09:03:37,Thanh Hoa-Thanh Hoa,Thanh Hoa,23.76,23.76,23.76,97.0,24.72,1920.0,7.49,100.0,7.5,17.59,210.0,990.0,1,502,Rain,heavy intensity rain,10d
2025-07-22 09:07:23,Thanh Hoa-Thanh Hoa,Thanh Hoa,23.76,23.76,23.76,97.0,24.72,1920.0,7.49,100.0,7.5,17.59,210.0,990.0,1,502,Rain,heavy intensity rain,10d
2025-07-22 09:11:12,Thanh Hoa-Thanh Hoa,Thanh Hoa,23.76,23.76,23.76,97.0,24.72,1920.0,7.49,100.0,7.5,17.59,210.0,990.0,1,502,Rain,heavy intensity rain,10d
2025-07-22 09:14:57,Thanh Hoa-Thanh Hoa,Thanh Hoa,23.76,23.76,23.76,97.0,24.72,1920.0,7.49,100.0,7.5,17.59,210.0,990.0,1,502,Rain,heavy intensity rain,10d
2025-07-22 09:18:43,Thanh Hoa-Thanh Hoa,Thanh Hoa,23.76,23.76,23.76,97.0,24.72,1920.0,7.49,100.0,7.5,17.59,210.0,990.0,1,502,Rain,heavy intensity rain,10d
2025-07-22 09:22:28,Thanh Hoa-Thanh Hoa,Thanh Hoa,23.76,23.76,23.76,97.0,24.72,1920.0,7.49,100.0,7.5,17.59,210.0,990.0,1,502,Rain,heavy intensity rain,10d
2025-07-22 09:26:13,Thanh Hoa-Thanh Hoa,Thanh Hoa,23.76,23.76,23.76,97.0,24.72,1920.0,7.49,100.0,7.5,17.59,210.0,990.0,1,502,Rain,heavy intensity rain,10d
2025-07-22 09:29:59,Thanh Hoa-Thanh Hoa,Thanh Hoa,23.76,23.76,23.76,97.0,24.72,1920.0,6.48,100.0,7.5,17.59,210.0,990.0,1,502,Rain,heavy intensity rain,10d
2025-07-22 09:33:45,Thanh Hoa-Thanh Hoa,Thanh Hoa,23.76,23.76,23.76,97.0,24.72,1920.0,6.48,100.0,7.5,17.59,210.0,990.0,1,502,Rain,heavy intensity rain,10d
2025-07-22 09:37:31,Thanh Hoa-Thanh Hoa,Thanh Hoa,24.18,24.18,24.18,96.0,25.16,1841.0,8.65,100.0,7.9,15.26,214.0,990.0,1,502,Rain,heavy intensity rain,10d
2025-07-22 09:41:17,Thanh Hoa-Thanh Hoa,Thanh Hoa,24.18,24.18,24.18,96.0,25.16,1841.0,8.65,100.0,7.9,15.26,214.0,990.0,1,502,Rain,heavy intensity rain,10d
2025-07-22 09:45:02,Thanh Hoa-Thanh Hoa,Thanh Hoa,24.18,24.18,24.18,96.0,25.16,1841.0,8.65,100.0,7.9,15.26,214.0,990.0,1,502,Rain,heavy intensity rain,10d
2025-07-22 09:48:48,Thanh Hoa-Thanh Hoa,Thanh Hoa,24.18,24.18,24.18,96.0,25.16,1841.0,8.42,100.0,7.9,15.26,214.0,990.0,1,502,Rain,heavy intensity rain,10d
2025-07-22 09:52:34,Thanh Hoa-Thanh Hoa,Thanh Hoa,24.18,24.18,24.18,96.0,25.16,1841.0,8.65,100.0,7.9,15.26,214.0,990.0,1,502,Rain,heavy intensity rain,10d
2025-07-22 09:56:20,Thanh Hoa-Thanh Hoa,Thanh Hoa,24.18,24.18,24.18,96.0,25.16,1841.0,8.65,100.0,7.9,15.26,214.0,990.0,1,502,Rain,heavy intensity rain,10d
2025-07-22 10:00:05,Thanh Hoa-Thanh Hoa,Thanh Hoa,24.18,24.18,24.18,96.0,25.16,1841.0,8.65,100.0,7.9,15.26,214.0,990.0,1,502,Rain,heavy intensity rain,10d
2025-07-22 10:03:51,Thanh Hoa-Thanh Hoa,Thanh Hoa,24.23,24.23,24.23,96.0,25.22,1841.0,7.49,100.0,7.9,15.26,214.0,990.0,1,502,Rain,heavy intensity rain,10d
2025-07-22 10:07:37,Thanh Hoa-Thanh Hoa,Thanh Hoa,24.23,24.23,24.23,96.0,25.22,1841.0,6.89,100.0,7.9,15.26,214.0,990.0,1,502,Rain,heavy intensity rain,10d
2025-07-22 10:11:22,Thanh Hoa-Thanh Hoa,Thanh Hoa,24.23,24.23,24.23,96.0,25.22,1841.0,7.49,100.0,7.9,15.26,214.0,990.0,1,502,Rain,heavy intensity rain,10d
2025-07-22 10:15:08,Thanh Hoa-Thanh Hoa,Thanh Hoa,24.23,24.23,24.23,96.0,25.22,1841.0,6.89,100.0,7.9,15.26,214.0,990.0,1,502,Rain,heavy intensity rain,10d
2025-07-22 10:18:53,Thanh Hoa-Thanh Hoa,Thanh Hoa,24.22,24.22,24.22,96.0,25.2,1841.0,7.49,100.0,7.9,15.26,214.0,990.0,1,502,Rain,heavy intensity rain,10d
2025-07-22 10:22:40,Thanh Hoa-Thanh Hoa,Thanh Hoa,24.22,24.22,24.22,96.0,25.2,1841.0,7.49,100.0,7.9,15.26,214.0,990.0,1,502,Rain,heavy intensity rain,10d
2025-07-22 10:26:25,Thanh Hoa-Thanh Hoa,Thanh Hoa,24.22,24.22,24.22,96.0,25.2,1841.0,7.49,100.0,7.9,15.26,214.0,990.0,1,502,Rain,heavy intensity rain,10d
2025-07-22 10:30:11,Thanh Hoa-Thanh Hoa,Thanh Hoa,24.0,24.0,24.0,96.0,24.96,2086.0,6.48,100.0,8.37,16.65,226.0,991.0,1,502,Rain,heavy intensity rain,10d
2025-07-22 10:33:57,Thanh Hoa-Thanh Hoa,Thanh Hoa,24.0,24.0,24.0,96.0,24.96,2086.0,6.48,100.0,8.37,16.65,226.0,991.0,1,502,Rain,heavy intensity rain,10d
2025-07-22 10:37:43,Thanh Hoa-Thanh Hoa,Thanh Hoa,24.0,24.0,24.0,96.0,24.96,2086.0,7.49,100.0,8.37,16.65,226.0,991.0,1,502,Rain,heavy intensity rain,10d
2025-07-22 10:41:29,Thanh Hoa-Thanh Hoa,Thanh Hoa,24.0,24.0,24.0,96.0,24.96,2086.0,6.48,100.0,8.37,16.65,226.0,991.0,1,502,Rain,heavy intensity rain,10d
2025-07-22 10:45:14,Thanh Hoa-Thanh Hoa,Thanh Hoa,24.0,24.0,24.0,96.0,24.96,2086.0,7.49,100.0,8.37,16.65,226.0,991.0,1,502,Rain,heavy intensity rain,10d
2025-07-22 10:49:00,Thanh Hoa-Thanh Hoa,Thanh Hoa,24.0,24.0,24.0,96.0,24.96,2086.0,7.49,100.0,8.37,16.65,226.0,991.0,1,502,Rain,heavy intensity rain,10d
2025-07-22 10:52:47,Thanh Hoa-Thanh Hoa,Thanh Hoa,24.0,24.0,24.0,96.0,24.96,2086.0,7.49,100.0,8.37,16.65,226.0,991.0,1,502,Rain,heavy intensity rain,10d
2025-07-22 10:56:32,Thanh Hoa-Thanh Hoa,Thanh Hoa,24.0,24.0,24.0,96.0,24.96,2086.0,7.49,100.0,8.37,16.65,226.0,991.0,1,502,Rain,heavy intensity rain,10d
2025-07-22 11:00:18,Thanh Hoa-Thanh Hoa,Thanh Hoa,24.0,24.0,24.0,96.0,24.96,2086.0,5.62,100.0,8.37,16.65,226.0,991.0,1,502,Rain,heavy intensity rain,10d
2025-07-22 11:04:04,Thanh Hoa-Thanh Hoa,Thanh Hoa,24.05,24.05,24.05,96.0,25.02,2086.0,5.62,100.0,8.37,16.65,226.0,991.0,1,502,Rain,heavy intensity rain,10d
2025-07-22 11:07:50,Thanh Hoa-Thanh Hoa,Thanh Hoa,24.05,24.05,24.05,96.0,25.02,2086.0,5.62,100.0,8.37,16.65,226.0,991.0,1,502,Rain,heavy intensity rain,10d
2025-07-22 11:11:36,Thanh Hoa-Thanh Hoa,Thanh Hoa,24.05,24.05,24.05,96.0,25.02,2086.0,5.62,100.0,8.37,16.65,226.0,991.0,1,502,Rain,heavy intensity rain,10d
2025-07-22 11:15:21,Thanh Hoa-Thanh Hoa,Thanh Hoa,24.05,24.05,24.05,96.0,25.02,2086.0,6.48,100.0,8.37,16.65,226.0,991.0,1,502,Rain,heavy intensity rain,10d
2025-07-22 11:19:07,Thanh Hoa-Thanh Hoa,Thanh Hoa,24.05,24.05,24.05,96.0,25.02,2086.0,6.48,100.0,8.37,16.65,226.0,991.0,1,502,Rain,heavy intensity rain,10d
2025-07-22 11:22:52,Thanh Hoa-Thanh Hoa,Thanh Hoa,24.05,24.05,24.05,96.0,25.02,2086.0,6.48,100.0,8.37,16.65,226.0,991.0,1,502,Rain,heavy intensity rain,10d
2025-07-22 11:26:38,Thanh Hoa-Thanh Hoa,Thanh Hoa,24.04,24.04,24.04,96.0,25.01,2086.0,6.48,100.0,8.37,16.65,226.0,991.0,1,502,Rain,heavy intensity rain,10d
2025-07-22 11:30:24,Thanh Hoa-Thanh Hoa,Thanh Hoa,24.05,24.05,24.05,97.0,25.04,2491.0,6.48,100.0,7.82,15.82,232.0,991.0,1,502,Rain,heavy intensity rain,10d
2025-07-22 11:34:10,Thanh Hoa-Thanh Hoa,Thanh Hoa,24.05,24.05,24.05,97.0,25.04,2491.0,6.48,100.0,7.82,15.82,232.0,991.0,1,502,Rain,heavy intensity rain,10d
2025-07-22 11:37:56,Thanh Hoa-Thanh Hoa,Thanh Hoa,24.02,24.02,24.02,97.0,25.01,2491.0,5.62,100.0,7.82,15.82,232.0,991.0,1,502,Rain,heavy intensity rain,10d
2025-07-22 11:41:41,Thanh Hoa-Thanh Hoa,Thanh Hoa,24.02,24.02,24.02,97.0,25.01,2491.0,5.62,100.0,7.82,15.82,232.0,991.0,1,502,Rain,heavy intensity rain,10d
2025-07-22 11:45:27,Thanh Hoa-Thanh Hoa,Thanh Hoa,24.02,24.02,24.02,97.0,25.01,2491.0,5.62,100.0,7.82,15.82,232.0,991.0,1,502,Rain,heavy intensity rain,10d
2025-07-22 11:49:13,Thanh Hoa-Thanh Hoa,Thanh Hoa,24.02,24.02,24.02,97.0,25.01,2491.0,5.62,100.0,7.82,15.82,232.0,991.0,1,502,Rain,heavy intensity rain,10d
2025-07-22 11:52:59,Thanh Hoa-Thanh Hoa,Thanh Hoa,24.05,24.05,24.05,97.0,25.04,2491.0,4.21,100.0,7.82,15.82,232.0,991.0,1,502,Rain,heavy intensity rain,10d
2025-07-22 11:56:45,Thanh Hoa-Thanh Hoa,Thanh Hoa,24.05,24.05,24.05,97.0,25.04,2491.0,3.65,100.0,7.82,15.82,232.0,991.0,1,501,Rain,moderate rain,10d
2025-07-22 12:00:30,Thanh Hoa-Thanh Hoa,Thanh Hoa,24.05,24.05,24.05,97.0,25.04,2491.0,3.65,100.0,7.82,15.82,232.0,991.0,1,501,Rain,moderate rain,10d
2025-07-22 12:04:16,Thanh Hoa-Thanh Hoa,Thanh Hoa,24.05,24.05,24.05,97.0,25.04,2491.0,3.65,100.0,7.82,15.82,232.0,991.0,1,501,Rain,moderate rain,10d
2025-07-22 12:08:03,Thanh Hoa-Thanh Hoa,Thanh Hoa,24.09,24.09,24.09,97.0,25.09,2491.0,3.65,100.0,7.82,15.82,232.0,991.0,1,501,Rain,moderate rain,10d
2025-07-22 12:11:53,Thanh Hoa-Thanh Hoa,Thanh Hoa,24.09,24.09,24.09,97.0,25.09,2491.0,3.65,100.0,7.82,15.82,232.0,991.0,1,501,Rain,moderate rain,10d
2025-07-22 12:15:42,Thanh Hoa-Thanh Hoa,Thanh Hoa,24.09,24.09,24.09,97.0,25.09,2491.0,3.65,100.0,7.82,15.82,232.0,991.0,1,501,Rain,moderate rain,10d
2025-07-22 12:19:30,Thanh Hoa-Thanh Hoa,Thanh Hoa,24.09,24.09,24.09,97.0,25.09,2491.0,2.37,100.0,7.82,15.82,232.0,991.0,1,501,Rain,moderate rain,10d
2025-07-22 12:23:20,Thanh Hoa-Thanh Hoa,Thanh Hoa,24.09,24.09,24.09,97.0,25.09,2491.0,2.37,100.0,7.82,15.82,232.0,991.0,1,501,Rain,moderate rain,10d
2025-07-22 12:27:09,Thanh Hoa-Thanh Hoa,Thanh Hoa,24.09,24.09,24.09,97.0,25.09,2491.0,2.37,100.0,7.82,15.82,232.0,991.0,1,501,Rain,moderate rain,10d
2025-07-22 12:30:59,Thanh Hoa-Thanh Hoa,Thanh Hoa,23.94,23.94,23.94,97.0,24.92,2679.0,1.15,100.0,6.94,16.07,233.0,991.0,1,501,Rain,moderate rain,10d
2025-07-22 12:34:49,Thanh Hoa-Thanh Hoa,Thanh Hoa,23.94,23.94,23.94,97.0,24.92,2679.0,1.15,100.0,6.94,16.07,233.0,991.0,1,501,Rain,moderate rain,10d
2025-07-22 12:38:38,Thanh Hoa-Thanh Hoa,Thanh Hoa,23.94,23.94,23.94,97.0,24.92,2679.0,1.15,100.0,6.94,16.07,233.0,991.0,1,501,Rain,moderate rain,10d
2025-07-22 12:42:26,Thanh Hoa-Thanh Hoa,Thanh Hoa,23.94,23.94,23.94,97.0,24.92,2679.0,1.78,100.0,6.94,16.07,233.0,991.0,1,501,Rain,moderate rain,10d
2025-07-22 12:46:16,Thanh Hoa-Thanh Hoa,Thanh Hoa,23.94,23.94,23.94,97.0,24.92,2679.0,1.78,100.0,6.94,16.07,233.0,991.0,1,501,Rain,moderate rain,10d
2025-07-22 12:50:06,Thanh Hoa-Thanh Hoa,Thanh Hoa,23.94,23.94,23.94,97.0,24.92,2679.0,1.78,100.0,6.94,16.07,233.0,991.0,1,501,Rain,moderate rain,10d
2025-07-22 12:53:56,Thanh Hoa-Thanh Hoa,Thanh Hoa,23.91,23.91,23.91,97.0,24.89,2679.0,1.0,100.0,6.94,16.07,233.0,991.0,1,500,Rain,light rain,10d
2025-07-22 12:57:46,Thanh Hoa-Thanh Hoa,Thanh Hoa,23.91,23.91,23.91,97.0,24.89,2602.0,1.46,100.0,7.7,16.94,238.0,991.0,1,501,Rain,moderate rain,10d
2025-07-22 13:01:36,Thanh Hoa-Thanh Hoa,Thanh Hoa,23.91,23.91,23.91,97.0,24.89,2602.0,1.46,100.0,7.7,16.94,238.0,991.0,1,501,Rain,moderate rain,10d
2025-07-22 13:05:29,Thanh Hoa-Thanh Hoa,Thanh Hoa,23.91,23.91,23.91,97.0,24.89,2602.0,2.05,100.0,7.7,16.94,238.0,991.0,1,501,Rain,moderate rain,10d
2025-07-22 13:09:19,Thanh Hoa-Thanh Hoa,Thanh Hoa,23.91,23.91,23.91,97.0,24.89,2602.0,2.05,100.0,7.7,16.94,238.0,991.0,1,501,Rain,moderate rain,10d
2025-07-22 13:13:09,Thanh Hoa-Thanh Hoa,Thanh Hoa,23.91,23.91,23.91,97.0,24.89,2602.0,2.05,100.0,7.7,16.94,238.0,991.0,1,501,Rain,moderate rain,10d
2025-07-22 13:16:58,Thanh Hoa-Thanh Hoa,Thanh Hoa,23.91,23.91,23.91,97.0,24.89,2602.0,1.15,100.0,7.7,16.94,238.0,991.0,1,501,Rain,moderate rain,10d
2025-07-22 13:20:47,Thanh Hoa-Thanh Hoa,Thanh Hoa,23.91,23.91,23.91,97.0,24.89,2602.0,1.15,100.0,7.7,16.94,238.0,991.0,1,501,Rain,moderate rain,10d
2025-07-22 13:24:37,Thanh Hoa-Thanh Hoa,Thanh Hoa,23.91,23.91,23.91,97.0,24.89,2602.0,1.15,100.0,7.7,16.94,238.0,991.0,1,501,Rain,moderate rain,10d
2025-07-22 13:28:26,Thanh Hoa-Thanh Hoa,Thanh Hoa,23.91,23.91,23.91,97.0,24.89,2602.0,1.54,100.0,7.7,16.94,238.0,991.0,1,501,Rain,moderate rain,10d
2025-07-22 13:32:16,Thanh Hoa-Thanh Hoa,Thanh Hoa,24.02,24.02,24.02,96.0,24.98,3740.0,1.89,100.0,7.72,17.13,229.0,991.0,1,501,Rain,moderate rain,10d
2025-07-22 13:36:07,Thanh Hoa-Thanh Hoa,Thanh Hoa,23.91,23.91,23.91,97.0,24.89,2602.0,1.54,100.0,7.7,16.94,238.0,991.0,1,501,Rain,moderate rain,10d
2025-07-22 13:39:57,Thanh Hoa-Thanh Hoa,Thanh Hoa,24.02,24.02,24.02,96.0,24.98,3740.0,1.89,100.0,7.72,17.13,229.0,991.0,1,501,Rain,moderate rain,10d
2025-07-22 13:43:47,Thanh Hoa-Thanh Hoa,Thanh Hoa,24.22,24.22,24.22,96.0,25.2,3740.0,1.15,100.0,7.72,17.13,229.0,989.0,1,501,Rain,moderate rain,10d
2025-07-22 13:47:36,Thanh Hoa-Thanh Hoa,Thanh Hoa,24.22,24.22,24.22,96.0,25.2,3740.0,1.15,100.0,7.72,17.13,229.0,989.0,1,501,Rain,moderate rain,10d
2025-07-22 13:51:25,Thanh Hoa-Thanh Hoa,Thanh Hoa,24.22,24.22,24.22,96.0,25.2,3740.0,1.15,100.0,7.72,17.13,229.0,989.0,1,501,Rain,moderate rain,10d
2025-07-22 13:55:15,Thanh Hoa-Thanh Hoa,Thanh Hoa,24.22,24.22,24.22,96.0,25.2,3740.0,0.75,100.0,7.72,17.13,229.0,989.0,1,500,Rain,light rain,10d
2025-07-22 13:59:05,Thanh Hoa-Thanh Hoa,Thanh Hoa,24.22,24.22,24.22,96.0,25.2,3740.0,0.75,100.0,7.72,17.13,229.0,989.0,1,500,Rain,light rain,10d
2025-07-22 14:02:55,Thanh Hoa-Thanh Hoa,Thanh Hoa,24.26,24.26,24.26,96.0,25.25,3740.0,0.65,100.0,7.72,17.13,229.0,989.0,1,500,Rain,light rain,10d
2025-07-22 14:06:44,Thanh Hoa-Thanh Hoa,Thanh Hoa,24.26,24.26,24.26,96.0,25.25,3740.0,0.52,100.0,7.72,17.13,229.0,989.0,1,500,Rain,light rain,10d
2025-07-22 14:10:33,Thanh Hoa-Thanh Hoa,Thanh Hoa,24.26,24.26,24.26,96.0,25.25,3740.0,0.65,100.0,7.72,17.13,229.0,989.0,1,500,Rain,light rain,10d
2025-07-22 14:14:23,Thanh Hoa-Thanh Hoa,Thanh Hoa,24.26,24.26,24.26,96.0,25.25,3740.0,0.41,100.0,7.72,17.13,229.0,989.0,1,500,Rain,light rain,10d
2025-07-22 14:18:13,Thanh Hoa-Thanh Hoa,Thanh Hoa,24.26,24.26,24.26,96.0,25.25,3740.0,0.41,100.0,7.72,17.13,229.0,989.0,1,500,Rain,light rain,10d
2025-07-22 14:22:03,Thanh Hoa-Thanh Hoa,Thanh Hoa,24.25,24.25,24.25,96.0,25.24,3740.0,0.52,100.0,7.72,17.13,229.0,989.0,1,500,Rain,light rain,10d
2025-07-22 14:25:54,Thanh Hoa-Thanh Hoa,Thanh Hoa,24.25,24.25,24.25,96.0,25.24,3740.0,0.6,100.0,7.72,17.13,229.0,989.0,1,500,Rain,light rain,10d
2025-07-22 14:29:44,Thanh Hoa-Thanh Hoa,Thanh Hoa,24.25,24.25,24.25,96.0,25.24,3740.0,0.52,100.0,7.72,17.13,229.0,989.0,1,500,Rain,light rain,10d
2025-07-22 14:33:33,Thanh Hoa-Thanh Hoa,Thanh Hoa,24.25,24.25,24.25,96.0,25.24,3740.0,0.6,100.0,7.72,17.13,229.0,989.0,1,500,Rain,light rain,10d
2025-07-22 14:37:23,Thanh Hoa-Thanh Hoa,Thanh Hoa,24.19,24.19,24.19,96.0,25.17,1167.0,0.65,100.0,8.08,15.77,221.0,989.0,1,500,Rain,light rain,10d
2025-07-22 14:41:12,Thanh Hoa-Thanh Hoa,Thanh Hoa,24.19,24.19,24.19,96.0,25.17,1167.0,0.65,100.0,8.08,15.77,221.0,989.0,1,500,Rain,light rain,10d
2025-07-22 14:45:02,Thanh Hoa-Thanh Hoa,Thanh Hoa,24.19,24.19,24.19,96.0,25.17,1167.0,1.0,100.0,8.08,15.77,221.0,989.0,1,500,Rain,light rain,10d
2025-07-22 14:48:52,Thanh Hoa-Thanh Hoa,Thanh Hoa,24.18,24.18,24.18,96.0,25.16,1167.0,0.41,100.0,8.08,15.77,221.0,989.0,1,500,Rain,light rain,10d
2025-07-22 14:52:40,Thanh Hoa-Thanh Hoa,Thanh Hoa,24.19,24.19,24.19,96.0,25.17,1167.0,1.0,100.0,8.08,15.77,221.0,989.0,1,500,Rain,light rain,10d
2025-07-22 14:56:29,Thanh Hoa-Thanh Hoa,Thanh Hoa,24.18,24.18,24.18,96.0,25.16,1167.0,0.41,100.0,8.08,15.77,221.0,989.0,1,500,Rain,light rain,10d
2025-07-22 15:00:18,Thanh Hoa-Thanh Hoa,Thanh Hoa,24.18,24.18,24.18,96.0,25.16,1167.0,0.24,100.0,8.08,15.77,221.0,989.0,1,500,Rain,light rain,10d
2025-07-22 15:04:09,Thanh Hoa-Thanh Hoa,Thanh Hoa,24.23,24.23,24.23,96.0,25.22,1167.0,0.3,100.0,8.08,15.77,221.0,989.0,1,500,Rain,light rain,10d
2025-07-22 15:08:00,Thanh Hoa-Thanh Hoa,Thanh Hoa,24.23,24.23,24.23,96.0,25.22,1167.0,0.3,100.0,8.08,15.77,221.0,989.0,1,500,Rain,light rain,10d
2025-07-22 15:11:50,Thanh Hoa-Thanh Hoa,Thanh Hoa,24.23,24.23,24.23,96.0,25.22,1167.0,0.75,100.0,8.08,15.77,221.0,989.0,1,500,Rain,light rain,10d
2025-07-22 15:15:40,Thanh Hoa-Thanh Hoa,Thanh Hoa,24.23,24.23,24.23,96.0,25.22,1167.0,0.75,100.0,8.08,15.77,221.0,989.0,1,500,Rain,light rain,10d
2025-07-22 15:19:30,Thanh Hoa-Thanh Hoa,Thanh Hoa,24.22,24.22,24.22,96.0,25.2,1167.0,1.15,100.0,8.08,15.77,221.0,989.0,1,501,Rain,moderate rain,10d
2025-07-22 15:23:21,Thanh Hoa-Thanh Hoa,Thanh Hoa,24.22,24.22,24.22,96.0,25.2,1167.0,1.15,100.0,8.08,15.77,221.0,989.0,1,501,Rain,moderate rain,10d
2025-07-22 15:27:10,Thanh Hoa-Thanh Hoa,Thanh Hoa,24.22,24.22,24.22,96.0,25.2,1167.0,1.15,100.0,8.08,15.77,221.0,989.0,1,501,Rain,moderate rain,10d
2025-07-22 15:31:01,Thanh Hoa-Thanh Hoa,Thanh Hoa,24.17,24.17,24.17,95.0,25.12,10000.0,0.55,100.0,6.49,14.53,216.0,989.0,1,500,Rain,light rain,10d
2025-07-22 15:34:51,Thanh Hoa-Thanh Hoa,Thanh Hoa,24.17,24.17,24.17,95.0,25.12,10000.0,0.55,100.0,6.49,14.53,216.0,989.0,1,500,Rain,light rain,10d
2025-07-22 15:38:41,Thanh Hoa-Thanh Hoa,Thanh Hoa,24.17,24.17,24.17,95.0,25.12,10000.0,0.55,100.0,6.49,14.53,216.0,989.0,1,500,Rain,light rain,10d
2025-07-22 15:42:31,Thanh Hoa-Thanh Hoa,Thanh Hoa,24.17,24.17,24.17,95.0,25.12,10000.0,0.37,100.0,6.49,14.53,216.0,989.0,1,500,Rain,light rain,10d
2025-07-22 15:46:26,Thanh Hoa-Thanh Hoa,Thanh Hoa,24.17,24.17,24.17,95.0,25.12,10000.0,0.18,100.0,6.49,14.53,216.0,989.0,1,500,Rain,light rain,10d
2025-07-22 15:50:17,Thanh Hoa-Thanh Hoa,Thanh Hoa,24.17,24.17,24.17,95.0,25.12,10000.0,0.18,100.0,6.49,14.53,216.0,989.0,1,500,Rain,light rain,10d
2025-07-22 15:54:07,Thanh Hoa-Thanh Hoa,Thanh Hoa,24.17,24.17,24.17,95.0,25.12,10000.0,0.18,100.0,6.49,14.53,216.0,989.0,1,500,Rain,light rain,10d
2025-07-22 15:57:57,Thanh Hoa-Thanh Hoa,Thanh Hoa,24.17,24.17,24.17,95.0,25.12,10000.0,0.24,100.0,6.49,14.53,216.0,989.0,1,500,Rain,light rain,10d
2025-07-22 16:01:47,Thanh Hoa-Thanh Hoa,Thanh Hoa,24.17,24.17,24.17,95.0,25.12,10000.0,0.24,100.0,6.49,14.53,216.0,989.0,1,500,Rain,light rain,10d
2025-07-22 16:05:37,Thanh Hoa-Thanh Hoa,Thanh Hoa,24.21,24.21,24.21,95.0,25.17,10000.0,0.0,100.0,6.49,14.53,216.0,989.0,1,804,Clouds,overcast clouds,04d
2025-07-22 16:09:25,Thanh Hoa-Thanh Hoa,Thanh Hoa,24.21,24.21,24.21,95.0,25.17,10000.0,0.0,100.0,6.49,14.53,216.0,989.0,1,804,Clouds,overcast clouds,04d
2025-07-22 16:13:15,Thanh Hoa-Thanh Hoa,Thanh Hoa,24.21,24.21,24.21,95.0,25.17,10000.0,0.0,100.0,6.49,14.53,216.0,989.0,1,804,Clouds,overcast clouds,04d
2025-07-22 16:17:06,Thanh Hoa-Thanh Hoa,Thanh Hoa,24.2,24.2,24.2,95.0,25.16,10000.0,0.11,100.0,6.49,14.53,216.0,989.0,1,500,Rain,light rain,10d
2025-07-22 16:20:55,Thanh Hoa-Thanh Hoa,Thanh Hoa,24.2,24.2,24.2,95.0,25.16,10000.0,0.11,100.0,6.49,14.53,216.0,989.0,1,500,Rain,light rain,10d
2025-07-22 16:24:44,Thanh Hoa-Thanh Hoa,Thanh Hoa,24.2,24.2,24.2,95.0,25.16,10000.0,0.0,100.0,6.49,14.53,216.0,989.0,1,804,Clouds,overcast clouds,04d
2025-07-22 16:28:33,Thanh Hoa-Thanh Hoa,Thanh Hoa,24.2,24.2,24.2,95.0,25.16,10000.0,0.0,100.0,6.49,14.53,216.0,989.0,1,804,Clouds,overcast clouds,04d
2025-07-22 16:32:23,Thanh Hoa-Thanh Hoa,Thanh Hoa,24.27,24.27,24.27,96.0,25.26,7641.0,0.0,100.0,5.82,11.64,222.0,990.0,1,804,Clouds,overcast clouds,04d
2025-07-22 16:36:14,Thanh Hoa-Thanh Hoa,Thanh Hoa,24.27,24.27,24.27,96.0,25.26,7641.0,0.0,100.0,5.82,11.64,222.0,990.0,1,804,Clouds,overcast clouds,04d
2025-07-22 16:40:06,Thanh Hoa-Thanh Hoa,Thanh Hoa,24.27,24.27,24.27,96.0,25.26,7641.0,0.0,100.0,5.82,11.64,222.0,990.0,1,804,Clouds,overcast clouds,04d
2025-07-22 16:43:56,Thanh Hoa-Thanh Hoa,Thanh Hoa,24.27,24.27,24.27,96.0,25.26,7641.0,0.31,100.0,5.82,11.64,222.0,990.0,1,500,Rain,light rain,10d
2025-07-22 16:47:45,Thanh Hoa-Thanh Hoa,Thanh Hoa,24.27,24.27,24.27,96.0,25.26,7641.0,0.31,100.0,5.82,11.64,222.0,990.0,1,500,Rain,light rain,10d
2025-07-22 16:51:34,Thanh Hoa-Thanh Hoa,Thanh Hoa,24.3,24.3,24.3,96.0,25.29,7641.0,0.52,100.0,5.82,11.64,222.0,990.0,1,500,Rain,light rain,10d
2025-07-22 16:55:23,Thanh Hoa-Thanh Hoa,Thanh Hoa,24.3,24.3,24.3,96.0,25.29,7641.0,0.52,100.0,5.82,11.64,222.0,990.0,1,500,Rain,light rain,10d
2025-07-22 16:59:12,Thanh Hoa-Thanh Hoa,Thanh Hoa,24.3,24.3,24.3,96.0,25.29,7641.0,0.0,100.0,5.82,11.64,222.0,990.0,1,804,Clouds,overcast clouds,04d
2025-07-22 17:03:03,Thanh Hoa-Thanh Hoa,Thanh Hoa,24.3,24.3,24.3,96.0,25.29,7641.0,0.0,100.0,5.82,11.64,222.0,990.0,1,804,Clouds,overcast clouds,04d
2025-07-22 17:06:55,Thanh Hoa-Thanh Hoa,Thanh Hoa,24.3,24.3,24.3,96.0,25.29,7641.0,0.0,100.0,5.82,11.64,222.0,990.0,1,804,Clouds,overcast clouds,04d
2025-07-22 17:10:46,Thanh Hoa-Thanh Hoa,Thanh Hoa,24.34,24.34,24.34,96.0,25.34,7641.0,0.75,100.0,5.82,11.64,222.0,990.0,1,500,Rain,light rain,10d
2025-07-22 17:14:35,Thanh Hoa-Thanh Hoa,Thanh Hoa,24.34,24.34,24.34,96.0,25.34,7641.0,0.75,100.0,5.82,11.64,222.0,990.0,1,500,Rain,light rain,10d
2025-07-22 17:18:23,Thanh Hoa-Thanh Hoa,Thanh Hoa,24.33,24.33,24.33,96.0,25.33,7641.0,2.05,100.0,5.82,11.64,222.0,990.0,1,501,Rain,moderate rain,10d
2025-07-22 17:22:12,Thanh Hoa-Thanh Hoa,Thanh Hoa,24.33,24.33,24.33,96.0,25.33,7641.0,0.82,100.0,5.82,11.64,222.0,990.0,1,500,Rain,light rain,10d
2025-07-22 17:26:02,Thanh Hoa-Thanh Hoa,Thanh Hoa,24.33,24.33,24.33,96.0,25.33,7641.0,2.05,100.0,5.82,11.64,222.0,990.0,1,501,Rain,moderate rain,10d
2025-07-22 17:29:52,Thanh Hoa-Thanh Hoa,Thanh Hoa,24.33,24.33,24.33,96.0,25.33,7641.0,0.27,100.0,5.82,11.64,222.0,990.0,1,500,Rain,light rain,10d
2025-07-22 17:33:43,Thanh Hoa-Thanh Hoa,Thanh Hoa,24.12,24.12,24.12,97.0,25.12,5934.0,0.24,100.0,4.51,8.94,213.0,991.0,1,500,Rain,light rain,10d
2025-07-22 17:37:33,Thanh Hoa-Thanh Hoa,Thanh Hoa,24.33,24.33,24.33,96.0,25.33,7641.0,0.27,100.0,5.82,11.64,222.0,990.0,1,500,Rain,light rain,10d
2025-07-22 17:41:23,Thanh Hoa-Thanh Hoa,Thanh Hoa,24.12,24.12,24.12,97.0,25.12,5934.0,0.23,100.0,4.51,8.94,213.0,991.0,1,500,Rain,light rain,10d
2025-07-22 17:45:14,Thanh Hoa-Thanh Hoa,Thanh Hoa,24.12,24.12,24.12,97.0,25.12,5934.0,0.23,100.0,4.51,8.94,213.0,991.0,1,500,Rain,light rain,10d
2025-07-22 17:49:05,Thanh Hoa-Thanh Hoa,Thanh Hoa,24.12,24.12,24.12,97.0,25.12,5934.0,0.23,100.0,4.51,8.94,213.0,991.0,1,500,Rain,light rain,10d
2025-07-22 17:52:57,Thanh Hoa-Thanh Hoa,Thanh Hoa,24.11,24.11,24.11,97.0,25.11,5934.0,1.15,100.0,4.51,8.94,213.0,991.0,1,501,Rain,moderate rain,10d
2025-07-22 17:56:47,Thanh Hoa-Thanh Hoa,Thanh Hoa,24.11,24.11,24.11,97.0,25.11,5934.0,0.14,100.0,4.51,8.94,213.0,991.0,1,500,Rain,light rain,10d
2025-07-22 18:00:39,Thanh Hoa-Thanh Hoa,Thanh Hoa,24.11,24.11,24.11,97.0,25.11,5934.0,0.16,100.0,4.51,8.94,213.0,991.0,1,500,Rain,light rain,10d
2025-07-22 18:04:30,Thanh Hoa-Thanh Hoa,Thanh Hoa,24.11,24.11,24.11,97.0,25.11,5934.0,0.14,100.0,4.51,8.94,213.0,991.0,1,500,Rain,light rain,10d
2025-07-22 18:08:20,Thanh Hoa-Thanh Hoa,Thanh Hoa,24.11,24.11,24.11,97.0,25.11,5934.0,0.16,100.0,4.51,8.94,213.0,991.0,1,500,Rain,light rain,10d
2025-07-22 18:12:10,Thanh Hoa-Thanh Hoa,Thanh Hoa,24.16,24.16,24.16,97.0,25.16,5934.0,0.23,100.0,4.51,8.94,213.0,991.0,1,500,Rain,light rain,10d
2025-07-22 18:16:01,Thanh Hoa-Thanh Hoa,Thanh Hoa,24.16,24.16,24.16,97.0,25.16,5934.0,0.23,100.0,4.51,8.94,213.0,991.0,1,500,Rain,light rain,10d
2025-07-22 18:19:50,Thanh Hoa-Thanh Hoa,Thanh Hoa,24.15,24.15,24.15,97.0,25.15,5934.0,0.27,100.0,4.51,8.94,213.0,991.0,1,500,Rain,light rain,10d
2025-07-22 18:23:40,Thanh Hoa-Thanh Hoa,Thanh Hoa,24.15,24.15,24.15,97.0,25.15,5934.0,0.27,100.0,4.51,8.94,213.0,991.0,1,500,Rain,light rain,10d
2025-07-22 18:27:29,Thanh Hoa-Thanh Hoa,Thanh Hoa,24.15,24.15,24.15,97.0,25.15,5934.0,0.31,100.0,4.51,8.94,213.0,991.0,1,500,Rain,light rain,10d
2025-07-22 18:31:18,Thanh Hoa-Thanh Hoa,Thanh Hoa,24.09,24.09,24.09,97.0,25.09,7229.0,0.21,100.0,4.43,9.79,199.0,993.0,1,500,Rain,light rain,10d
2025-07-22 18:35:10,Thanh Hoa-Thanh Hoa,Thanh Hoa,24.09,24.09,24.09,97.0,25.09,7229.0,0.21,100.0,4.43,9.79,199.0,993.0,1,500,Rain,light rain,10d
2025-07-22 18:38:59,Thanh Hoa-Thanh Hoa,Thanh Hoa,24.09,24.09,24.09,97.0,25.09,7229.0,0.31,100.0,4.43,9.79,199.0,993.0,0,500,Rain,light rain,10n
2025-07-22 18:42:49,Thanh Hoa-Thanh Hoa,Thanh Hoa,24.09,24.09,24.09,97.0,25.09,7229.0,0.32,100.0,4.43,9.79,199.0,993.0,0,500,Rain,light rain,10n
2025-07-22 18:46:38,Thanh Hoa-Thanh Hoa,Thanh Hoa,24.09,24.09,24.09,97.0,25.09,7229.0,0.31,100.0,4.43,9.79,199.0,993.0,0,500,Rain,light rain,10n
2025-07-22 18:50:27,Thanh Hoa-Thanh Hoa,Thanh Hoa,24.02,24.02,24.02,97.0,25.01,6068.0,0.0,100.0,5.72,12.88,211.0,992.0,0,804,Clouds,overcast clouds,04n
2025-07-22 18:54:16,Thanh Hoa-Thanh Hoa,Thanh Hoa,24.02,24.02,24.02,97.0,25.01,6068.0,0.0,100.0,5.72,12.88,211.0,992.0,0,804,Clouds,overcast clouds,04n
2025-07-22 18:58:07,Thanh Hoa-Thanh Hoa,Thanh Hoa,24.02,24.02,24.02,97.0,25.01,6068.0,0.0,100.0,5.72,12.88,211.0,992.0,0,804,Clouds,overcast clouds,04n
2025-07-22 19:01:54,Thanh Hoa-Thanh Hoa,Thanh Hoa,24.02,24.02,24.02,97.0,25.01,6068.0,0.0,100.0,5.72,12.88,211.0,992.0,0,804,Clouds,overcast clouds,04n
2025-07-22 19:05:41,Thanh Hoa-Thanh Hoa,Thanh Hoa,24.02,24.02,24.02,97.0,25.01,6068.0,0.0,100.0,5.72,12.88,211.0,992.0,0,804,Clouds,overcast clouds,04n
2025-07-22 19:09:26,Thanh Hoa-Thanh Hoa,Thanh Hoa,24.02,24.02,24.02,97.0,25.01,6068.0,0.0,100.0,5.72,12.88,211.0,992.0,0,804,Clouds,overcast clouds,04n
2025-07-22 19:13:12,Thanh Hoa-Thanh Hoa,Thanh Hoa,24.02,24.02,24.02,97.0,25.01,6068.0,0.0,100.0,5.72,12.88,211.0,992.0,0,804,Clouds,overcast clouds,04n
2025-07-22 19:16:58,Thanh Hoa-Thanh Hoa,Thanh Hoa,24.02,24.02,24.02,97.0,25.01,6068.0,0.0,100.0,5.72,12.88,211.0,992.0,0,804,Clouds,overcast clouds,04n
2025-07-22 19:20:43,Thanh Hoa-Thanh Hoa,Thanh Hoa,24.02,24.02,24.02,97.0,25.01,6068.0,0.0,100.0,5.72,12.88,211.0,992.0,0,804,Clouds,overcast clouds,04n
2025-07-22 19:24:30,Thanh Hoa-Thanh Hoa,Thanh Hoa,24.02,24.02,24.02,97.0,25.01,6068.0,0.0,100.0,5.72,12.88,211.0,992.0,0,804,Clouds,overcast clouds,04n
2025-07-22 19:28:16,Thanh Hoa-Thanh Hoa,Thanh Hoa,24.02,24.02,24.02,97.0,25.01,6068.0,0.0,100.0,5.72,12.88,211.0,992.0,0,804,Clouds,overcast clouds,04n
2025-07-22 19:32:02,Thanh Hoa-Thanh Hoa,Thanh Hoa,23.91,23.91,23.91,97.0,24.89,7949.0,0.0,100.0,5.3,11.58,210.0,993.0,0,804,Clouds,overcast clouds,04n
2025-07-22 19:35:47,Thanh Hoa-Thanh Hoa,Thanh Hoa,23.91,23.91,23.91,97.0,24.89,7949.0,0.0,100.0,5.3,11.58,210.0,993.0,0,804,Clouds,overcast clouds,04n
2025-07-22 19:39:33,Thanh Hoa-Thanh Hoa,Thanh Hoa,23.91,23.91,23.91,97.0,24.89,7949.0,0.0,100.0,5.3,11.58,210.0,993.0,0,804,Clouds,overcast clouds,04n
2025-07-22 19:43:19,Thanh Hoa-Thanh Hoa,Thanh Hoa,23.96,23.96,23.96,97.0,24.94,7949.0,0.0,100.0,5.3,11.58,210.0,993.0,0,804,Clouds,overcast clouds,04n
2025-07-22 19:47:04,Thanh Hoa-Thanh Hoa,Thanh Hoa,23.91,23.91,23.91,97.0,24.89,7949.0,0.0,100.0,5.3,11.58,210.0,993.0,0,804,Clouds,overcast clouds,04n
2025-07-22 19:50:50,Thanh Hoa-Thanh Hoa,Thanh Hoa,23.96,23.96,23.96,97.0,24.94,7949.0,0.0,100.0,5.3,11.58,210.0,993.0,0,804,Clouds,overcast clouds,04n
2025-07-22 19:54:36,Thanh Hoa-Thanh Hoa,Thanh Hoa,23.96,23.96,23.96,97.0,24.94,7949.0,0.0,100.0,5.3,11.58,210.0,993.0,0,804,Clouds,overcast clouds,04n
2025-07-22 19:58:22,Thanh Hoa-Thanh Hoa,Thanh Hoa,23.96,23.96,23.96,97.0,24.94,7949.0,0.0,100.0,5.3,11.58,210.0,993.0,0,804,Clouds,overcast clouds,04n
2025-07-22 20:02:07,Thanh Hoa-Thanh Hoa,Thanh Hoa,23.96,23.96,23.96,97.0,24.94,7949.0,0.0,100.0,5.3,11.58,210.0,993.0,0,804,Clouds,overcast clouds,04n
2025-07-22 20:05:53,Thanh Hoa-Thanh Hoa,Thanh Hoa,23.99,23.99,23.99,97.0,24.98,7949.0,0.0,100.0,5.3,11.58,210.0,993.0,0,804,Clouds,overcast clouds,04n
2025-07-22 20:09:39,Thanh Hoa-Thanh Hoa,Thanh Hoa,23.99,23.99,23.99,97.0,24.98,7949.0,0.0,100.0,5.3,11.58,210.0,993.0,0,804,Clouds,overcast clouds,04n
2025-07-22 20:13:25,Thanh Hoa-Thanh Hoa,Thanh Hoa,23.99,23.99,23.99,97.0,24.98,7949.0,0.0,100.0,5.3,11.58,210.0,993.0,0,804,Clouds,overcast clouds,04n
2025-07-22 20:17:10,Thanh Hoa-Thanh Hoa,Thanh Hoa,23.98,23.98,23.98,97.0,24.97,7949.0,0.0,100.0,5.3,11.58,210.0,993.0,0,804,Clouds,overcast clouds,04n
2025-07-22 20:20:56,Thanh Hoa-Thanh Hoa,Thanh Hoa,23.98,23.98,23.98,97.0,24.97,7949.0,0.0,100.0,5.3,11.58,210.0,993.0,0,804,Clouds,overcast clouds,04n
2025-07-22 20:24:42,Thanh Hoa-Thanh Hoa,Thanh Hoa,23.98,23.98,23.98,97.0,24.97,7949.0,0.0,100.0,5.3,11.58,210.0,993.0,0,804,Clouds,overcast clouds,04n
2025-07-22 20:28:28,Thanh Hoa-Thanh Hoa,Thanh Hoa,23.98,23.98,23.98,97.0,24.97,7949.0,0.0,100.0,5.3,11.58,210.0,993.0,0,804,Clouds,overcast clouds,04n
2025-07-22 20:32:13,Thanh Hoa-Thanh Hoa,Thanh Hoa,23.98,23.98,23.98,97.0,24.97,7949.0,0.0,100.0,5.3,11.58,210.0,993.0,0,804,Clouds,overcast clouds,04n
2025-07-22 20:35:59,Thanh Hoa-Thanh Hoa,Thanh Hoa,23.98,23.98,23.98,97.0,24.97,7949.0,0.0,100.0,5.3,11.58,210.0,993.0,0,804,Clouds,overcast clouds,04n
2025-07-22 20:39:45,Thanh Hoa-Thanh Hoa,Thanh Hoa,23.94,23.94,23.94,97.0,24.92,10000.0,0.0,100.0,3.86,10.09,202.0,994.0,0,804,Clouds,overcast clouds,04n
2025-07-22 20:43:31,Thanh Hoa-Thanh Hoa,Thanh Hoa,23.94,23.94,23.94,97.0,24.92,10000.0,0.0,100.0,3.86,10.09,202.0,994.0,0,804,Clouds,overcast clouds,04n
2025-07-22 20:47:17,Thanh Hoa-Thanh Hoa,Thanh Hoa,24.01,24.01,24.01,97.0,25.0,10000.0,0.0,100.0,3.86,10.09,202.0,994.0,0,804,Clouds,overcast clouds,04n
2025-07-22 20:51:03,Thanh Hoa-Thanh Hoa,Thanh Hoa,23.94,23.94,23.94,97.0,24.92,10000.0,0.0,100.0,3.86,10.09,202.0,994.0,0,804,Clouds,overcast clouds,04n
2025-07-22 20:54:48,Thanh Hoa-Thanh Hoa,Thanh Hoa,24.01,24.01,24.01,97.0,25.0,10000.0,0.0,100.0,3.86,10.09,202.0,994.0,0,804,Clouds,overcast clouds,04n
2025-07-22 20:58:34,Thanh Hoa-Thanh Hoa,Thanh Hoa,24.01,24.01,24.01,97.0,25.0,10000.0,0.0,100.0,3.86,10.09,202.0,994.0,0,804,Clouds,overcast clouds,04n
2025-07-22 21:02:21,Thanh Hoa-Thanh Hoa,Thanh Hoa,24.07,24.07,24.07,97.0,25.07,10000.0,0.0,100.0,3.86,10.09,202.0,994.0,0,804,Clouds,overcast clouds,04n
2025-07-22 21:06:08,Thanh Hoa-Thanh Hoa,Thanh Hoa,24.07,24.07,24.07,97.0,25.07,10000.0,0.0,100.0,3.86,10.09,202.0,994.0,0,804,Clouds,overcast clouds,04n
2025-07-22 21:09:54,Thanh Hoa-Thanh Hoa,Thanh Hoa,24.07,24.07,24.07,97.0,25.07,10000.0,0.0,100.0,3.86,10.09,202.0,994.0,0,804,Clouds,overcast clouds,04n
2025-07-22 21:13:40,Thanh Hoa-Thanh Hoa,Thanh Hoa,24.07,24.07,24.07,97.0,25.07,10000.0,0.0,100.0,3.86,10.09,202.0,994.0,0,804,Clouds,overcast clouds,04n
2025-07-22 21:17:28,Thanh Hoa-Thanh Hoa,Thanh Hoa,24.07,24.07,24.07,97.0,25.07,10000.0,0.0,100.0,3.86,10.09,202.0,994.0,0,804,Clouds,overcast clouds,04n
2025-07-22 21:21:14,Thanh Hoa-Thanh Hoa,Thanh Hoa,24.06,24.06,24.06,97.0,25.05,10000.0,0.0,100.0,3.86,10.09,202.0,994.0,0,804,Clouds,overcast clouds,04n
2025-07-22 21:25:00,Thanh Hoa-Thanh Hoa,Thanh Hoa,24.06,24.06,24.06,97.0,25.05,10000.0,0.0,100.0,3.86,10.09,202.0,994.0,0,804,Clouds,overcast clouds,04n
2025-07-22 21:28:45,Thanh Hoa-Thanh Hoa,Thanh Hoa,24.06,24.06,24.06,97.0,25.05,10000.0,0.15,100.0,3.86,10.09,202.0,994.0,0,500,Rain,light rain,10n
2025-07-22 21:32:31,Thanh Hoa-Thanh Hoa,Thanh Hoa,24.21,24.21,24.21,95.0,25.17,10000.0,0.15,100.0,3.92,11.63,200.0,996.0,0,500,Rain,light rain,10n
2025-07-22 21:36:17,Thanh Hoa-Thanh Hoa,Thanh Hoa,24.21,24.21,24.21,95.0,25.17,10000.0,0.15,100.0,3.92,11.63,200.0,996.0,0,500,Rain,light rain,10n
2025-07-22 21:40:02,Thanh Hoa-Thanh Hoa,Thanh Hoa,24.21,24.21,24.21,95.0,25.17,10000.0,0.15,100.0,3.92,11.63,200.0,996.0,0,500,Rain,light rain,10n
2025-07-22 21:43:48,Thanh Hoa-Thanh Hoa,Thanh Hoa,24.21,24.21,24.21,95.0,25.17,10000.0,0.0,100.0,3.92,11.63,200.0,996.0,0,804,Clouds,overcast clouds,04n
2025-07-22 21:47:34,Thanh Hoa-Thanh Hoa,Thanh Hoa,24.21,24.21,24.21,95.0,25.17,10000.0,0.0,100.0,3.92,11.63,200.0,996.0,0,804,Clouds,overcast clouds,04n
2025-07-22 21:51:22,Thanh Hoa-Thanh Hoa,Thanh Hoa,24.21,24.21,24.21,95.0,25.17,10000.0,0.0,100.0,3.92,11.63,200.0,996.0,0,804,Clouds,overcast clouds,04n
2025-07-22 21:55:09,Thanh Hoa-Thanh Hoa,Thanh Hoa,24.21,24.21,24.21,95.0,25.17,10000.0,0.49,100.0,3.92,11.63,200.0,996.0,0,500,Rain,light rain,10n
2025-07-22 21:58:54,Thanh Hoa-Thanh Hoa,Thanh Hoa,24.21,24.21,24.21,95.0,25.17,10000.0,0.55,100.0,3.92,11.63,200.0,996.0,0,500,Rain,light rain,10n
2025-07-22 22:02:40,Thanh Hoa-Thanh Hoa,Thanh Hoa,24.21,24.21,24.21,95.0,25.17,10000.0,0.49,100.0,3.92,11.63,200.0,996.0,0,500,Rain,light rain,10n
2025-07-22 22:06:27,Thanh Hoa-Thanh Hoa,Thanh Hoa,24.27,24.27,24.27,95.0,25.23,10000.0,1.19,100.0,3.92,11.63,200.0,996.0,0,501,Rain,moderate rain,10n
2025-07-22 22:10:16,Thanh Hoa-Thanh Hoa,Thanh Hoa,24.27,24.27,24.27,95.0,25.23,10000.0,1.19,100.0,3.92,11.63,200.0,996.0,0,501,Rain,moderate rain,10n
2025-07-22 22:14:01,Thanh Hoa-Thanh Hoa,Thanh Hoa,24.27,24.27,24.27,95.0,25.23,10000.0,1.19,100.0,3.92,11.63,200.0,996.0,0,501,Rain,moderate rain,10n
2025-07-22 22:17:47,Thanh Hoa-Thanh Hoa,Thanh Hoa,24.27,24.27,24.27,95.0,25.23,10000.0,1.41,100.0,3.92,11.63,200.0,996.0,0,501,Rain,moderate rain,10n
2025-07-22 22:21:33,Thanh Hoa-Thanh Hoa,Thanh Hoa,24.27,24.27,24.27,95.0,25.23,10000.0,1.09,100.0,3.92,11.63,200.0,996.0,0,501,Rain,moderate rain,10n
2025-07-22 22:25:19,Thanh Hoa-Thanh Hoa,Thanh Hoa,24.27,24.27,24.27,95.0,25.23,10000.0,1.09,100.0,3.92,11.63,200.0,996.0,0,501,Rain,moderate rain,10n
2025-07-22 22:29:05,Thanh Hoa-Thanh Hoa,Thanh Hoa,24.27,24.27,24.27,95.0,25.23,10000.0,1.59,100.0,3.92,11.63,200.0,996.0,0,501,Rain,moderate rain,10n
2025-07-22 22:32:50,Thanh Hoa-Thanh Hoa,Thanh Hoa,24.27,24.27,24.27,95.0,25.23,10000.0,1.59,100.0,3.92,11.63,200.0,996.0,0,501,Rain,moderate rain,10n
2025-07-22 22:36:36,Thanh Hoa-Thanh Hoa,Thanh Hoa,24.27,24.27,24.27,95.0,25.23,10000.0,1.59,100.0,3.92,11.63,200.0,996.0,0,501,Rain,moderate rain,10n
2025-07-22 22:40:21,Thanh Hoa-Thanh Hoa,Thanh Hoa,24.24,24.24,24.24,96.0,25.23,10000.0,0.56,100.0,3.49,10.05,201.0,996.0,0,500,Rain,light rain,10n
2025-07-22 22:44:07,Thanh Hoa-Thanh Hoa,Thanh Hoa,24.24,24.24,24.24,96.0,25.23,10000.0,0.56,100.0,3.49,10.05,201.0,996.0,0,500,Rain,light rain,10n
2025-07-22 22:47:53,Thanh Hoa-Thanh Hoa,Thanh Hoa,24.24,24.24,24.24,96.0,25.23,10000.0,0.56,100.0,3.49,10.05,201.0,996.0,0,500,Rain,light rain,10n
2025-07-22 22:51:39,Thanh Hoa-Thanh Hoa,Thanh Hoa,24.23,24.23,24.23,96.0,25.22,10000.0,0.28,100.0,3.49,10.05,201.0,996.0,0,500,Rain,light rain,10n
2025-07-22 22:55:25,Thanh Hoa-Thanh Hoa,Thanh Hoa,24.23,24.23,24.23,96.0,25.22,10000.0,0.28,100.0,3.49,10.05,201.0,996.0,0,500,Rain,light rain,10n
2025-07-22 22:59:10,Thanh Hoa-Thanh Hoa,Thanh Hoa,24.23,24.23,24.23,96.0,25.22,10000.0,0.28,100.0,3.49,10.05,201.0,996.0,0,500,Rain,light rain,10n
2025-07-22 23:02:56,Thanh Hoa-Thanh Hoa,Thanh Hoa,24.29,24.29,24.29,95.0,25.26,10000.0,0.0,100.0,3.49,10.05,201.0,996.0,0,804,Clouds,overcast clouds,04n
2025-07-22 23:06:42,Thanh Hoa-Thanh Hoa,Thanh Hoa,24.29,24.29,24.29,95.0,25.26,10000.0,0.0,100.0,3.49,10.05,201.0,996.0,0,804,Clouds,overcast clouds,04n
2025-07-22 23:10:29,Thanh Hoa-Thanh Hoa,Thanh Hoa,24.29,24.29,24.29,95.0,25.26,10000.0,0.0,100.0,3.49,10.05,201.0,996.0,0,804,Clouds,overcast clouds,04n
2025-07-22 23:14:18,Thanh Hoa-Thanh Hoa,Thanh Hoa,24.29,24.29,24.29,95.0,25.26,10000.0,0.0,100.0,3.49,10.05,201.0,996.0,0,804,Clouds,overcast clouds,04n
2025-07-22 23:18:05,Thanh Hoa-Thanh Hoa,Thanh Hoa,24.29,24.29,24.29,95.0,25.26,10000.0,0.0,100.0,3.49,10.05,201.0,996.0,0,804,Clouds,overcast clouds,04n
2025-07-22 23:21:53,Thanh Hoa-Thanh Hoa,Thanh Hoa,24.29,24.29,24.29,95.0,25.26,10000.0,0.0,100.0,3.49,10.05,201.0,996.0,0,804,Clouds,overcast clouds,04n
2025-07-22 23:25:38,Thanh Hoa-Thanh Hoa,Thanh Hoa,24.29,24.29,24.29,95.0,25.26,10000.0,0.0,100.0,3.49,10.05,201.0,996.0,0,804,Clouds,overcast clouds,04n
2025-07-22 23:29:25,Thanh Hoa-Thanh Hoa,Thanh Hoa,24.29,24.29,24.29,95.0,25.26,10000.0,0.0,100.0,3.49,10.05,201.0,996.0,0,804,Clouds,overcast clouds,04n
2025-07-22 23:33:10,Thanh Hoa-Thanh Hoa,Thanh Hoa,24.29,24.29,24.29,95.0,25.26,10000.0,0.0,100.0,3.49,10.05,201.0,996.0,0,804,Clouds,overcast clouds,04n
2025-07-22 23:36:56,Thanh Hoa-Thanh Hoa,Thanh Hoa,24.29,24.29,24.29,95.0,25.26,10000.0,0.0,100.0,3.49,10.05,201.0,996.0,0,804,Clouds,overcast clouds,04n
2025-07-22 23:40:42,Thanh Hoa-Thanh Hoa,Thanh Hoa,24.14,24.14,24.14,96.0,25.12,10000.0,0.0,100.0,2.87,8.95,203.0,996.0,0,804,Clouds,overcast clouds,04n
2025-07-22 23:44:31,Thanh Hoa-Thanh Hoa,Thanh Hoa,24.14,24.14,24.14,96.0,25.12,10000.0,0.0,100.0,2.87,8.95,203.0,996.0,0,804,Clouds,overcast clouds,04n
2025-07-22 23:48:24,Thanh Hoa-Thanh Hoa,Thanh Hoa,24.14,24.14,24.14,96.0,25.12,10000.0,0.0,100.0,2.87,8.95,203.0,996.0,0,804,Clouds,overcast clouds,04n
2025-07-22 23:52:17,Thanh Hoa-Thanh Hoa,Thanh Hoa,23.97,23.97,23.97,96.0,24.93,10000.0,0.0,100.0,2.87,8.95,203.0,996.0,0,804,Clouds,overcast clouds,04n
2025-07-22 23:56:07,Thanh Hoa-Thanh Hoa,Thanh Hoa,23.97,23.97,23.97,96.0,24.93,10000.0,0.0,100.0,2.87,8.95,203.0,996.0,0,804,Clouds,overcast clouds,04n
2025-07-22 23:59:57,Thanh Hoa-Thanh Hoa,Thanh Hoa,23.97,23.97,23.97,96.0,24.93,10000.0,0.0,100.0,2.87,8.95,203.0,996.0,0,804,Clouds,overcast clouds,04n
2025-07-23 00:03:46,Thanh Hoa-Thanh Hoa,Thanh Hoa,23.97,23.97,23.97,96.0,24.93,10000.0,0.0,100.0,2.87,8.95,203.0,996.0,0,804,Clouds,overcast clouds,04n
2025-07-23 00:07:38,Thanh Hoa-Thanh Hoa,Thanh Hoa,23.97,23.97,23.97,96.0,24.93,10000.0,0.0,100.0,2.87,8.95,203.0,996.0,0,804,Clouds,overcast clouds,04n
2025-07-23 00:11:24,Thanh Hoa-Thanh Hoa,Thanh Hoa,23.97,23.97,23.97,96.0,24.93,10000.0,0.0,100.0,2.87,8.95,203.0,996.0,0,804,Clouds,overcast clouds,04n
2025-07-23 00:15:10,Thanh Hoa-Thanh Hoa,Thanh Hoa,23.97,23.97,23.97,96.0,24.93,10000.0,0.0,100.0,2.87,8.95,203.0,996.0,0,804,Clouds,overcast clouds,04n
2025-07-23 00:18:55,Thanh Hoa-Thanh Hoa,Thanh Hoa,23.97,23.97,23.97,96.0,24.93,10000.0,0.0,100.0,2.87,8.95,203.0,996.0,0,804,Clouds,overcast clouds,04n
2025-07-23 00:22:41,Thanh Hoa-Thanh Hoa,Thanh Hoa,23.97,23.97,23.97,96.0,24.93,10000.0,0.0,100.0,2.87,8.95,203.0,996.0,0,804,Clouds,overcast clouds,04n
2025-07-23 00:26:27,Thanh Hoa-Thanh Hoa,Thanh Hoa,23.96,23.96,23.96,96.0,24.92,10000.0,0.0,100.0,2.87,8.95,203.0,996.0,0,804,Clouds,overcast clouds,04n
2025-07-23 00:30:14,Thanh Hoa-Thanh Hoa,Thanh Hoa,23.96,23.96,23.96,96.0,24.92,10000.0,0.0,100.0,2.87,8.95,203.0,996.0,0,804,Clouds,overcast clouds,04n
2025-07-23 00:33:59,Thanh Hoa-Thanh Hoa,Thanh Hoa,24.07,24.07,24.07,96.0,25.04,10000.0,0.0,100.0,2.02,6.94,209.0,995.0,0,804,Clouds,overcast clouds,04n
2025-07-23 00:37:46,Thanh Hoa-Thanh Hoa,Thanh Hoa,24.07,24.07,24.07,96.0,25.04,10000.0,0.0,100.0,2.02,6.94,209.0,995.0,0,804,Clouds,overcast clouds,04n
2025-07-23 00:41:31,Thanh Hoa-Thanh Hoa,Thanh Hoa,24.07,24.07,24.07,96.0,25.04,10000.0,0.0,100.0,2.02,6.94,209.0,995.0,0,804,Clouds,overcast clouds,04n
2025-07-23 00:45:18,Thanh Hoa-Thanh Hoa,Thanh Hoa,24.07,24.07,24.07,96.0,25.04,10000.0,0.0,100.0,2.02,6.94,209.0,995.0,0,804,Clouds,overcast clouds,04n
2025-07-23 00:49:05,Thanh Hoa-Thanh Hoa,Thanh Hoa,24.07,24.07,24.07,96.0,25.04,10000.0,0.0,100.0,2.02,6.94,209.0,995.0,0,804,Clouds,overcast clouds,04n
2025-07-23 00:52:51,Thanh Hoa-Thanh Hoa,Thanh Hoa,24.07,24.07,24.07,96.0,25.04,10000.0,0.0,100.0,1.89,5.73,188.0,995.0,0,804,Clouds,overcast clouds,04n
2025-07-23 00:56:37,Thanh Hoa-Thanh Hoa,Thanh Hoa,24.07,24.07,24.07,96.0,25.04,10000.0,0.0,100.0,1.89,5.73,188.0,995.0,0,804,Clouds,overcast clouds,04n
2025-07-23 01:00:23,Thanh Hoa-Thanh Hoa,Thanh Hoa,24.07,24.07,24.07,96.0,25.04,10000.0,0.0,100.0,1.89,5.73,188.0,995.0,0,804,Clouds,overcast clouds,04n
2025-07-23 01:04:08,Thanh Hoa-Thanh Hoa,Thanh Hoa,24.07,24.07,24.07,96.0,25.04,10000.0,0.0,100.0,1.89,5.73,188.0,995.0,0,804,Clouds,overcast clouds,04n
2025-07-23 01:07:54,Thanh Hoa-Thanh Hoa,Thanh Hoa,24.07,24.07,24.07,96.0,25.04,10000.0,0.0,100.0,1.89,5.73,188.0,995.0,0,804,Clouds,overcast clouds,04n
2025-07-23 01:11:42,Thanh Hoa-Thanh Hoa,Thanh Hoa,24.07,24.07,24.07,96.0,25.04,10000.0,0.0,100.0,1.89,5.73,188.0,995.0,0,804,Clouds,overcast clouds,04n
2025-07-23 01:15:29,Thanh Hoa-Thanh Hoa,Thanh Hoa,24.07,24.07,24.07,96.0,25.04,10000.0,0.0,100.0,1.89,5.73,188.0,995.0,0,804,Clouds,overcast clouds,04n
2025-07-23 01:19:16,Thanh Hoa-Thanh Hoa,Thanh Hoa,24.07,24.07,24.07,96.0,25.04,10000.0,0.0,100.0,1.89,5.73,188.0,995.0,0,804,Clouds,overcast clouds,04n
2025-07-23 01:23:03,Thanh Hoa-Thanh Hoa,Thanh Hoa,24.07,24.07,24.07,96.0,25.04,10000.0,0.0,100.0,1.89,5.73,188.0,995.0,0,804,Clouds,overcast clouds,04n
2025-07-23 01:26:50,Thanh Hoa-Thanh Hoa,Thanh Hoa,24.07,24.07,24.07,96.0,25.04,10000.0,0.0,100.0,1.89,5.73,188.0,995.0,0,804,Clouds,overcast clouds,04n
2025-07-23 01:30:45,Thanh Hoa-Thanh Hoa,Thanh Hoa,23.85,23.85,23.85,96.0,24.8,10000.0,0.0,100.0,0.83,2.2,225.0,995.0,0,804,Clouds,overcast clouds,04n
2025-07-23 01:34:31,Thanh Hoa-Thanh Hoa,Thanh Hoa,23.85,23.85,23.85,96.0,24.8,10000.0,0.0,100.0,0.83,2.2,225.0,995.0,0,804,Clouds,overcast clouds,04n
2025-07-23 01:38:16,Thanh Hoa-Thanh Hoa,Thanh Hoa,23.85,23.85,23.85,96.0,24.8,10000.0,0.0,100.0,0.83,2.2,225.0,995.0,0,804,Clouds,overcast clouds,04n
2025-07-23 01:42:02,Thanh Hoa-Thanh Hoa,Thanh Hoa,24.92,24.92,24.92,93.0,25.9,10000.0,0.0,100.0,0.83,2.2,225.0,995.0,0,804,Clouds,overcast clouds,04n
2025-07-23 01:45:49,Thanh Hoa-Thanh Hoa,Thanh Hoa,24.92,24.92,24.92,93.0,25.9,10000.0,0.0,100.0,0.83,2.2,225.0,995.0,0,804,Clouds,overcast clouds,04n
2025-07-23 01:49:34,Thanh Hoa-Thanh Hoa,Thanh Hoa,24.92,24.92,24.92,93.0,25.9,10000.0,0.0,100.0,0.83,2.2,225.0,995.0,0,804,Clouds,overcast clouds,04n
2025-07-23 01:53:20,Thanh Hoa-Thanh Hoa,Thanh Hoa,24.92,24.92,24.92,93.0,25.9,10000.0,0.0,100.0,0.83,2.2,225.0,995.0,0,804,Clouds,overcast clouds,04n
2025-07-23 01:57:06,Thanh Hoa-Thanh Hoa,Thanh Hoa,24.9,24.9,24.9,93.0,25.87,10000.0,0.0,100.0,0.83,2.2,225.0,995.0,0,804,Clouds,overcast clouds,04n
2025-07-23 02:00:52,Thanh Hoa-Thanh Hoa,Thanh Hoa,24.9,24.9,24.9,93.0,25.87,10000.0,0.0,100.0,0.83,2.2,225.0,995.0,0,804,Clouds,overcast clouds,04n
2025-07-23 02:04:38,Thanh Hoa-Thanh Hoa,Thanh Hoa,24.9,24.9,24.9,93.0,25.87,10000.0,0.0,100.0,0.83,2.2,225.0,995.0,0,804,Clouds,overcast clouds,04n
2025-07-23 02:08:23,Thanh Hoa-Thanh Hoa,Thanh Hoa,24.95,24.95,24.95,93.0,25.93,10000.0,0.0,100.0,0.83,2.2,225.0,995.0,0,804,Clouds,overcast clouds,04n
2025-07-23 02:12:10,Thanh Hoa-Thanh Hoa,Thanh Hoa,24.95,24.95,24.95,93.0,25.93,10000.0,0.0,100.0,0.83,2.2,225.0,995.0,0,804,Clouds,overcast clouds,04n
2025-07-23 02:15:56,Thanh Hoa-Thanh Hoa,Thanh Hoa,24.95,24.95,24.95,93.0,25.93,10000.0,0.0,100.0,0.83,2.2,225.0,995.0,0,804,Clouds,overcast clouds,04n
2025-07-23 02:19:42,Thanh Hoa-Thanh Hoa,Thanh Hoa,24.95,24.95,24.95,93.0,25.93,10000.0,0.0,100.0,0.83,2.2,225.0,995.0,0,804,Clouds,overcast clouds,04n
2025-07-23 02:23:28,Thanh Hoa-Thanh Hoa,Thanh Hoa,24.95,24.95,24.95,93.0,25.93,10000.0,0.0,100.0,0.83,2.2,225.0,995.0,0,804,Clouds,overcast clouds,04n
2025-07-23 02:27:14,Thanh Hoa-Thanh Hoa,Thanh Hoa,24.95,24.95,24.95,93.0,25.93,10000.0,0.0,100.0,0.83,2.2,225.0,995.0,0,804,Clouds,overcast clouds,04n
2025-07-23 02:31:00,Thanh Hoa-Thanh Hoa,Thanh Hoa,24.68,24.68,24.68,93.0,25.63,10000.0,0.0,100.0,0.82,1.67,224.0,995.0,0,804,Clouds,overcast clouds,04n
2025-07-23 02:34:46,Thanh Hoa-Thanh Hoa,Thanh Hoa,24.68,24.68,24.68,93.0,25.63,10000.0,0.0,100.0,0.82,1.67,224.0,995.0,0,804,Clouds,overcast clouds,04n
2025-07-23 02:38:31,Thanh Hoa-Thanh Hoa,Thanh Hoa,24.68,24.68,24.68,93.0,25.63,10000.0,0.0,100.0,0.82,1.67,224.0,995.0,0,804,Clouds,overcast clouds,04n
2025-07-23 02:42:18,Thanh Hoa-Thanh Hoa,Thanh Hoa,24.66,24.66,24.66,93.0,25.61,10000.0,0.0,100.0,0.82,1.67,224.0,995.0,0,804,Clouds,overcast clouds,04n
2025-07-23 02:46:05,Thanh Hoa-Thanh Hoa,Thanh Hoa,24.66,24.66,24.66,93.0,25.61,10000.0,0.0,100.0,0.82,1.67,224.0,995.0,0,804,Clouds,overcast clouds,04n
2025-07-23 02:49:52,Thanh Hoa-Thanh Hoa,Thanh Hoa,24.66,24.66,24.66,93.0,25.61,10000.0,0.0,100.0,0.82,1.67,224.0,995.0,0,804,Clouds,overcast clouds,04n
2025-07-23 02:53:37,Thanh Hoa-Thanh Hoa,Thanh Hoa,24.66,24.66,24.66,93.0,25.61,10000.0,0.0,100.0,0.82,1.67,224.0,995.0,0,804,Clouds,overcast clouds,04n
2025-07-23 02:57:24,Thanh Hoa-Thanh Hoa,Thanh Hoa,24.66,24.66,24.66,93.0,25.61,10000.0,0.0,100.0,0.82,1.67,224.0,995.0,0,804,Clouds,overcast clouds,04n
2025-07-23 03:01:09,Thanh Hoa-Thanh Hoa,Thanh Hoa,24.66,24.66,24.66,93.0,25.61,10000.0,0.0,100.0,0.82,1.67,224.0,995.0,0,804,Clouds,overcast clouds,04n
2025-07-23 03:04:55,Thanh Hoa-Thanh Hoa,Thanh Hoa,24.7,24.7,24.7,93.0,25.65,10000.0,0.0,100.0,0.82,1.67,224.0,995.0,0,804,Clouds,overcast clouds,04n
2025-07-23 03:08:42,Thanh Hoa-Thanh Hoa,Thanh Hoa,24.7,24.7,24.7,93.0,25.65,10000.0,0.0,100.0,0.82,1.67,224.0,995.0,0,804,Clouds,overcast clouds,04n
2025-07-23 03:12:28,Thanh Hoa-Thanh Hoa,Thanh Hoa,24.7,24.7,24.7,93.0,25.65,10000.0,0.0,100.0,0.82,1.67,224.0,995.0,0,804,Clouds,overcast clouds,04n
2025-07-23 03:16:14,Thanh Hoa-Thanh Hoa,Thanh Hoa,24.7,24.7,24.7,93.0,25.65,10000.0,0.0,100.0,0.82,1.67,224.0,995.0,0,804,Clouds,overcast clouds,04n
2025-07-23 03:20:00,Thanh Hoa-Thanh Hoa,Thanh Hoa,24.7,24.7,24.7,93.0,25.65,10000.0,0.0,100.0,0.82,1.67,224.0,995.0,0,804,Clouds,overcast clouds,04n
2025-07-23 03:23:47,Thanh Hoa-Thanh Hoa,Thanh Hoa,24.7,24.7,24.7,93.0,25.65,10000.0,0.0,100.0,0.82,1.67,224.0,995.0,0,804,Clouds,overcast clouds,04n
2025-07-23 03:27:33,Thanh Hoa-Thanh Hoa,Thanh Hoa,24.7,24.7,24.7,93.0,25.65,10000.0,0.0,100.0,0.82,1.67,224.0,995.0,0,804,Clouds,overcast clouds,04n
2025-07-23 03:31:19,Thanh Hoa-Thanh Hoa,Thanh Hoa,24.7,24.7,24.7,93.0,25.65,10000.0,0.0,100.0,0.82,1.67,224.0,995.0,0,804,Clouds,overcast clouds,04n
2025-07-23 03:35:06,Thanh Hoa-Thanh Hoa,Thanh Hoa,24.7,24.7,24.7,93.0,25.65,10000.0,0.0,100.0,0.82,1.67,224.0,995.0,0,804,Clouds,overcast clouds,04n
2025-07-23 03:38:52,Thanh Hoa-Thanh Hoa,Thanh Hoa,24.62,24.62,24.62,94.0,25.59,10000.0,0.0,100.0,1.03,1.4,252.0,995.0,0,804,Clouds,overcast clouds,04n
2025-07-23 03:42:38,Thanh Hoa-Thanh Hoa,Thanh Hoa,24.62,24.62,24.62,94.0,25.59,10000.0,0.0,100.0,1.03,1.4,252.0,995.0,0,804,Clouds,overcast clouds,04n
2025-07-23 03:46:25,Thanh Hoa-Thanh Hoa,Thanh Hoa,24.62,24.62,24.62,94.0,25.59,10000.0,0.0,100.0,1.03,1.4,252.0,995.0,0,804,Clouds,overcast clouds,04n
2025-07-23 03:50:11,Thanh Hoa-Thanh Hoa,Thanh Hoa,24.62,24.62,24.62,94.0,25.59,10000.0,0.0,100.0,1.03,1.4,252.0,995.0,0,804,Clouds,overcast clouds,04n
2025-07-23 03:53:57,Thanh Hoa-Thanh Hoa,Thanh Hoa,24.62,24.62,24.62,94.0,25.59,10000.0,0.0,100.0,1.03,1.4,252.0,995.0,0,804,Clouds,overcast clouds,04n
2025-07-23 03:57:43,Thanh Hoa-Thanh Hoa,Thanh Hoa,24.62,24.62,24.62,94.0,25.59,10000.0,0.0,100.0,1.03,1.4,252.0,995.0,0,804,Clouds,overcast clouds,04n
2025-07-23 04:01:29,Thanh Hoa-Thanh Hoa,Thanh Hoa,24.62,24.62,24.62,94.0,25.59,10000.0,0.0,100.0,1.03,1.4,252.0,995.0,0,804,Clouds,overcast clouds,04n
2025-07-23 04:05:14,Thanh Hoa-Thanh Hoa,Thanh Hoa,24.66,24.66,24.66,94.0,25.64,10000.0,0.0,100.0,1.03,1.4,252.0,995.0,0,804,Clouds,overcast clouds,04n
2025-07-23 04:09:00,Thanh Hoa-Thanh Hoa,Thanh Hoa,24.66,24.66,24.66,94.0,25.64,10000.0,0.0,100.0,1.03,1.4,252.0,995.0,0,804,Clouds,overcast clouds,04n
2025-07-23 04:12:46,Thanh Hoa-Thanh Hoa,Thanh Hoa,24.66,24.66,24.66,94.0,25.64,10000.0,0.0,100.0,1.03,1.4,252.0,995.0,0,804,Clouds,overcast clouds,04n
2025-07-23 04:16:32,Thanh Hoa-Thanh Hoa,Thanh Hoa,24.64,24.64,24.64,94.0,25.61,10000.0,0.0,100.0,1.03,1.4,252.0,995.0,0,804,Clouds,overcast clouds,04n
2025-07-23 04:20:18,Thanh Hoa-Thanh Hoa,Thanh Hoa,24.64,24.64,24.64,94.0,25.61,10000.0,0.0,100.0,1.03,1.4,252.0,995.0,0,804,Clouds,overcast clouds,04n
2025-07-23 04:24:03,Thanh Hoa-Thanh Hoa,Thanh Hoa,24.64,24.64,24.64,94.0,25.61,10000.0,0.0,100.0,1.03,1.4,252.0,995.0,0,804,Clouds,overcast clouds,04n
2025-07-23 04:27:50,Thanh Hoa-Thanh Hoa,Thanh Hoa,24.64,24.64,24.64,94.0,25.61,10000.0,0.0,100.0,1.03,1.4,252.0,995.0,0,804,Clouds,overcast clouds,04n
2025-07-23 04:31:36,Thanh Hoa-Thanh Hoa,Thanh Hoa,24.42,24.42,24.42,94.0,25.37,10000.0,0.0,100.0,1.0,1.3,272.0,996.0,0,804,Clouds,overcast clouds,04n
2025-07-23 04:35:22,Thanh Hoa-Thanh Hoa,Thanh Hoa,24.42,24.42,24.42,94.0,25.37,10000.0,0.0,100.0,1.0,1.3,272.0,996.0,0,804,Clouds,overcast clouds,04n
2025-07-23 04:39:08,Thanh Hoa-Thanh Hoa,Thanh Hoa,24.42,24.42,24.42,94.0,25.37,10000.0,0.0,100.0,1.0,1.3,272.0,996.0,0,804,Clouds,overcast clouds,04n
2025-07-23 04:42:54,Thanh Hoa-Thanh Hoa,Thanh Hoa,24.42,24.42,24.42,94.0,25.37,10000.0,0.0,100.0,1.0,1.3,272.0,996.0,0,804,Clouds,overcast clouds,04n
2025-07-23 04:46:40,Thanh Hoa-Thanh Hoa,Thanh Hoa,24.42,24.42,24.42,94.0,25.37,10000.0,0.0,100.0,1.0,1.3,272.0,996.0,0,804,Clouds,overcast clouds,04n
2025-07-23 04:50:26,Thanh Hoa-Thanh Hoa,Thanh Hoa,24.42,24.42,24.42,94.0,25.37,10000.0,0.0,100.0,1.0,1.3,272.0,996.0,0,804,Clouds,overcast clouds,04n
2025-07-23 04:54:12,Thanh Hoa-Thanh Hoa,Thanh Hoa,24.42,24.42,24.42,94.0,25.37,10000.0,0.0,100.0,1.0,1.3,272.0,996.0,0,804,Clouds,overcast clouds,04n
2025-07-23 04:57:58,Thanh Hoa-Thanh Hoa,Thanh Hoa,24.42,24.42,24.42,94.0,25.37,10000.0,0.0,100.0,1.0,1.3,272.0,996.0,0,804,Clouds,overcast clouds,04n
2025-07-23 05:01:43,Thanh Hoa-Thanh Hoa,Thanh Hoa,24.42,24.42,24.42,94.0,25.37,10000.0,0.0,100.0,1.0,1.3,272.0,996.0,0,804,Clouds,overcast clouds,04n
2025-07-23 05:05:32,Thanh Hoa-Thanh Hoa,Thanh Hoa,24.46,24.46,24.46,94.0,25.42,10000.0,0.0,100.0,1.0,1.3,272.0,996.0,0,804,Clouds,overcast clouds,04n
2025-07-23 05:09:19,Thanh Hoa-Thanh Hoa,Thanh Hoa,24.46,24.46,24.46,94.0,25.42,10000.0,0.0,100.0,1.0,1.3,272.0,996.0,0,804,Clouds,overcast clouds,04n
2025-07-23 05:13:05,Thanh Hoa-Thanh Hoa,Thanh Hoa,24.46,24.46,24.46,94.0,25.42,10000.0,0.0,100.0,1.0,1.3,272.0,996.0,0,804,Clouds,overcast clouds,04n
2025-07-23 05:16:51,Thanh Hoa-Thanh Hoa,Thanh Hoa,24.46,24.46,24.46,94.0,25.42,10000.0,0.0,100.0,1.0,1.3,272.0,996.0,0,804,Clouds,overcast clouds,04n
2025-07-23 05:20:37,Thanh Hoa-Thanh Hoa,Thanh Hoa,24.45,24.45,24.45,94.0,25.41,10000.0,0.0,100.0,1.0,1.3,272.0,996.0,0,804,Clouds,overcast clouds,04n
2025-07-23 05:24:23,Thanh Hoa-Thanh Hoa,Thanh Hoa,24.45,24.45,24.45,94.0,25.41,10000.0,0.0,100.0,1.0,1.3,272.0,996.0,0,804,Clouds,overcast clouds,04n
2025-07-23 05:28:08,Thanh Hoa-Thanh Hoa,Thanh Hoa,24.45,24.45,24.45,94.0,25.41,10000.0,0.0,100.0,1.0,1.3,272.0,996.0,0,804,Clouds,overcast clouds,04n
2025-07-23 05:31:55,Thanh Hoa-Thanh Hoa,Thanh Hoa,24.52,24.52,24.52,94.0,25.48,10000.0,0.0,100.0,1.29,1.29,282.0,996.0,1,804,Clouds,overcast clouds,04d
2025-07-23 05:35:41,Thanh Hoa-Thanh Hoa,Thanh Hoa,24.52,24.52,24.52,94.0,25.48,10000.0,0.0,100.0,1.29,1.29,282.0,996.0,1,804,Clouds,overcast clouds,04d
2025-07-23 05:39:27,Thanh Hoa-Thanh Hoa,Thanh Hoa,24.52,24.52,24.52,94.0,25.48,10000.0,0.0,100.0,1.29,1.29,282.0,996.0,1,804,Clouds,overcast clouds,04d
2025-07-23 05:43:12,Thanh Hoa-Thanh Hoa,Thanh Hoa,24.52,24.52,24.52,94.0,25.48,10000.0,0.0,100.0,1.29,1.29,282.0,996.0,1,804,Clouds,overcast clouds,04d
2025-07-23 05:46:58,Thanh Hoa-Thanh Hoa,Thanh Hoa,24.52,24.52,24.52,94.0,25.48,10000.0,0.0,100.0,1.29,1.29,282.0,996.0,1,804,Clouds,overcast clouds,04d
2025-07-23 05:50:44,Thanh Hoa-Thanh Hoa,Thanh Hoa,24.52,24.52,24.52,94.0,25.48,10000.0,0.0,100.0,1.29,1.29,282.0,996.0,1,804,Clouds,overcast clouds,04d
2025-07-23 05:54:30,Thanh Hoa-Thanh Hoa,Thanh Hoa,24.52,24.52,24.52,94.0,25.48,10000.0,0.0,100.0,1.29,1.29,282.0,996.0,1,804,Clouds,overcast clouds,04d
2025-07-23 05:58:15,Thanh Hoa-Thanh Hoa,Thanh Hoa,24.52,24.52,24.52,94.0,25.48,10000.0,0.0,100.0,1.29,1.29,282.0,996.0,1,804,Clouds,overcast clouds,04d
2025-07-23 06:02:01,Thanh Hoa-Thanh Hoa,Thanh Hoa,24.56,24.56,24.56,94.0,25.53,10000.0,0.0,100.0,1.29,1.29,282.0,996.0,1,804,Clouds,overcast clouds,04d
2025-07-23 06:05:48,Thanh Hoa-Thanh Hoa,Thanh Hoa,24.56,24.56,24.56,94.0,25.53,10000.0,0.0,100.0,1.29,1.29,282.0,996.0,1,804,Clouds,overcast clouds,04d
2025-07-23 06:09:33,Thanh Hoa-Thanh Hoa,Thanh Hoa,24.56,24.56,24.56,94.0,25.53,10000.0,0.0,100.0,1.29,1.29,282.0,996.0,1,804,Clouds,overcast clouds,04d
2025-07-23 06:13:19,Thanh Hoa-Thanh Hoa,Thanh Hoa,24.56,24.56,24.56,94.0,25.53,10000.0,0.0,100.0,1.29,1.29,282.0,996.0,1,804,Clouds,overcast clouds,04d
2025-07-23 06:17:05,Thanh Hoa-Thanh Hoa,Thanh Hoa,24.56,24.56,24.56,94.0,25.53,10000.0,0.0,100.0,1.29,1.29,282.0,996.0,1,804,Clouds,overcast clouds,04d
2025-07-23 06:20:51,Thanh Hoa-Thanh Hoa,Thanh Hoa,24.49,24.49,24.49,94.0,25.45,10000.0,0.0,100.0,1.29,1.29,282.0,996.0,1,804,Clouds,overcast clouds,04d
2025-07-23 06:24:37,Thanh Hoa-Thanh Hoa,Thanh Hoa,24.49,24.49,24.49,94.0,25.45,10000.0,0.0,100.0,1.29,1.29,282.0,996.0,1,804,Clouds,overcast clouds,04d
2025-07-23 06:28:22,Thanh Hoa-Thanh Hoa,Thanh Hoa,24.49,24.49,24.49,94.0,25.45,10000.0,0.0,100.0,1.29,1.29,282.0,996.0,1,804,Clouds,overcast clouds,04d
2025-07-23 06:32:08,Thanh Hoa-Thanh Hoa,Thanh Hoa,25.1,25.1,25.1,94.0,26.12,10000.0,0.0,100.0,1.31,1.87,275.0,997.0,1,804,Clouds,overcast clouds,04d
2025-07-23 06:35:53,Thanh Hoa-Thanh Hoa,Thanh Hoa,25.1,25.1,25.1,94.0,26.12,10000.0,0.0,100.0,1.31,1.87,275.0,997.0,1,804,Clouds,overcast clouds,04d
2025-07-23 06:39:39,Thanh Hoa-Thanh Hoa,Thanh Hoa,25.1,25.1,25.1,94.0,26.12,10000.0,0.0,100.0,1.31,1.87,275.0,997.0,1,804,Clouds,overcast clouds,04d
2025-07-23 06:43:26,Thanh Hoa-Thanh Hoa,Thanh Hoa,25.1,25.1,25.1,94.0,26.12,10000.0,0.0,100.0,1.31,1.87,275.0,997.0,1,804,Clouds,overcast clouds,04d
2025-07-23 06:47:11,Thanh Hoa-Thanh Hoa,Thanh Hoa,25.1,25.1,25.1,94.0,26.12,10000.0,0.0,100.0,1.31,1.87,275.0,997.0,1,804,Clouds,overcast clouds,04d
2025-07-23 06:50:57,Thanh Hoa-Thanh Hoa,Thanh Hoa,25.1,25.1,25.1,94.0,26.12,10000.0,0.0,100.0,1.03,1.4,273.0,997.0,1,804,Clouds,overcast clouds,04d
2025-07-23 06:54:44,Thanh Hoa-Thanh Hoa,Thanh Hoa,25.1,25.1,25.1,94.0,26.12,10000.0,0.0,100.0,1.03,1.4,273.0,997.0,1,804,Clouds,overcast clouds,04d
2025-07-23 06:58:30,Thanh Hoa-Thanh Hoa,Thanh Hoa,25.1,25.1,25.1,94.0,26.12,10000.0,0.0,100.0,1.03,1.4,273.0,997.0,1,804,Clouds,overcast clouds,04d
2025-07-23 07:02:16,Thanh Hoa-Thanh Hoa,Thanh Hoa,25.1,25.1,25.1,94.0,26.12,10000.0,0.0,100.0,1.03,1.4,273.0,997.0,1,804,Clouds,overcast clouds,04d
2025-07-23 07:06:02,Thanh Hoa-Thanh Hoa,Thanh Hoa,25.1,25.1,25.1,94.0,26.12,10000.0,0.0,100.0,1.03,1.4,273.0,997.0,1,804,Clouds,overcast clouds,04d
2025-07-23 07:09:48,Thanh Hoa-Thanh Hoa,Thanh Hoa,25.1,25.1,25.1,94.0,26.12,10000.0,0.0,100.0,1.03,1.4,273.0,997.0,1,804,Clouds,overcast clouds,04d
2025-07-23 07:13:34,Thanh Hoa-Thanh Hoa,Thanh Hoa,25.1,25.1,25.1,94.0,26.12,10000.0,0.0,100.0,1.03,1.4,273.0,997.0,1,804,Clouds,overcast clouds,04d
2025-07-23 07:17:20,Thanh Hoa-Thanh Hoa,Thanh Hoa,25.1,25.1,25.1,94.0,26.12,10000.0,0.0,100.0,1.03,1.4,273.0,997.0,1,804,Clouds,overcast clouds,04d
2025-07-23 07:21:06,Thanh Hoa-Thanh Hoa,Thanh Hoa,25.1,25.1,25.1,94.0,26.12,10000.0,0.0,100.0,1.03,1.4,273.0,997.0,1,804,Clouds,overcast clouds,04d
2025-07-23 07:24:53,Thanh Hoa-Thanh Hoa,Thanh Hoa,25.1,25.1,25.1,94.0,26.12,10000.0,0.0,100.0,1.03,1.4,273.0,997.0,1,804,Clouds,overcast clouds,04d
2025-07-23 07:28:38,Thanh Hoa-Thanh Hoa,Thanh Hoa,25.1,25.1,25.1,94.0,26.12,10000.0,0.0,100.0,1.03,1.4,273.0,997.0,1,804,Clouds,overcast clouds,04d
2025-07-23 07:32:24,Thanh Hoa-Thanh Hoa,Thanh Hoa,25.1,25.1,25.1,94.0,26.12,10000.0,0.0,100.0,1.03,1.4,273.0,997.0,1,804,Clouds,overcast clouds,04d
2025-07-23 07:36:09,Thanh Hoa-Thanh Hoa,Thanh Hoa,26.83,26.83,26.83,87.0,29.98,10000.0,0.0,100.0,1.5,1.85,285.0,998.0,1,804,Clouds,overcast clouds,04d
2025-07-23 07:39:55,Thanh Hoa-Thanh Hoa,Thanh Hoa,26.83,26.83,26.83,87.0,29.98,10000.0,0.0,100.0,1.5,1.85,285.0,998.0,1,804,Clouds,overcast clouds,04d
2025-07-23 07:43:41,Thanh Hoa-Thanh Hoa,Thanh Hoa,26.83,26.83,26.83,87.0,29.98,10000.0,0.0,100.0,1.5,1.85,285.0,998.0,1,804,Clouds,overcast clouds,04d
2025-07-23 07:47:26,Thanh Hoa-Thanh Hoa,Thanh Hoa,26.83,26.83,26.83,87.0,29.98,10000.0,0.0,100.0,1.5,1.85,285.0,998.0,1,804,Clouds,overcast clouds,04d
2025-07-23 07:51:12,Thanh Hoa-Thanh Hoa,Thanh Hoa,26.88,26.88,26.88,87.0,30.11,10000.0,0.0,100.0,1.5,1.85,285.0,998.0,1,804,Clouds,overcast clouds,04d
2025-07-23 07:54:58,Thanh Hoa-Thanh Hoa,Thanh Hoa,26.88,26.88,26.88,87.0,30.11,10000.0,0.0,100.0,1.5,1.85,285.0,998.0,1,804,Clouds,overcast clouds,04d
2025-07-23 07:58:43,Thanh Hoa-Thanh Hoa,Thanh Hoa,26.88,26.88,26.88,87.0,30.11,10000.0,0.0,100.0,1.5,1.85,285.0,998.0,1,804,Clouds,overcast clouds,04d
2025-07-23 08:02:29,Thanh Hoa-Thanh Hoa,Thanh Hoa,26.91,26.91,26.91,87.0,30.19,10000.0,0.0,100.0,1.5,1.85,285.0,998.0,1,804,Clouds,overcast clouds,04d
2025-07-23 08:06:15,Thanh Hoa-Thanh Hoa,Thanh Hoa,26.91,26.91,26.91,87.0,30.19,10000.0,0.0,100.0,1.5,1.85,285.0,998.0,1,804,Clouds,overcast clouds,04d
2025-07-23 08:10:01,Thanh Hoa-Thanh Hoa,Thanh Hoa,26.91,26.91,26.91,87.0,30.19,10000.0,0.0,100.0,1.5,1.85,285.0,998.0,1,804,Clouds,overcast clouds,04d
2025-07-23 08:13:47,Thanh Hoa-Thanh Hoa,Thanh Hoa,26.91,26.91,26.91,87.0,30.19,10000.0,0.0,100.0,1.5,1.85,285.0,998.0,1,804,Clouds,overcast clouds,04d
2025-07-23 08:17:33,Thanh Hoa-Thanh Hoa,Thanh Hoa,26.91,26.91,26.91,87.0,30.19,10000.0,0.0,100.0,1.5,1.85,285.0,998.0,1,804,Clouds,overcast clouds,04d
2025-07-23 08:21:19,Thanh Hoa-Thanh Hoa,Thanh Hoa,26.91,26.91,26.91,87.0,30.19,10000.0,0.0,100.0,1.5,1.85,285.0,998.0,1,804,Clouds,overcast clouds,04d
2025-07-23 08:25:05,Thanh Hoa-Thanh Hoa,Thanh Hoa,26.91,26.91,26.91,87.0,30.19,10000.0,0.0,100.0,1.5,1.85,285.0,998.0,1,804,Clouds,overcast clouds,04d
2025-07-23 08:28:51,Thanh Hoa-Thanh Hoa,Thanh Hoa,26.91,26.91,26.91,87.0,30.19,10000.0,0.0,100.0,1.5,1.85,285.0,998.0,1,804,Clouds,overcast clouds,04d
2025-07-23 08:32:36,Thanh Hoa-Thanh Hoa,Thanh Hoa,26.91,26.91,26.91,87.0,30.19,10000.0,0.0,100.0,1.5,1.85,285.0,998.0,1,804,Clouds,overcast clouds,04d
2025-07-23 08:36:22,Thanh Hoa-Thanh Hoa,Thanh Hoa,28.11,28.11,28.11,83.0,32.87,10000.0,0.0,100.0,1.87,2.15,292.0,998.0,1,804,Clouds,overcast clouds,04d
2025-07-23 08:40:10,Thanh Hoa-Thanh Hoa,Thanh Hoa,28.11,28.11,28.11,83.0,32.87,10000.0,0.0,100.0,1.87,2.15,292.0,998.0,1,804,Clouds,overcast clouds,04d
2025-07-23 08:43:57,Thanh Hoa-Thanh Hoa,Thanh Hoa,28.11,28.11,28.11,83.0,32.87,10000.0,0.0,100.0,1.87,2.15,292.0,998.0,1,804,Clouds,overcast clouds,04d
2025-07-23 08:47:42,Thanh Hoa-Thanh Hoa,Thanh Hoa,28.14,28.14,28.14,83.0,32.95,10000.0,0.0,100.0,1.87,2.15,292.0,998.0,1,804,Clouds,overcast clouds,04d
2025-07-23 08:51:29,Thanh Hoa-Thanh Hoa,Thanh Hoa,28.14,28.14,28.14,83.0,32.95,10000.0,0.0,100.0,1.87,2.15,292.0,998.0,1,804,Clouds,overcast clouds,04d
2025-07-23 08:55:15,Thanh Hoa-Thanh Hoa,Thanh Hoa,28.14,28.14,28.14,83.0,32.95,10000.0,0.0,100.0,1.87,2.15,292.0,998.0,1,804,Clouds,overcast clouds,04d
2025-07-23 08:59:00,Thanh Hoa-Thanh Hoa,Thanh Hoa,28.14,28.14,28.14,83.0,32.95,10000.0,0.0,100.0,1.87,2.15,292.0,998.0,1,804,Clouds,overcast clouds,04d
2025-07-23 09:02:46,Thanh Hoa-Thanh Hoa,Thanh Hoa,28.17,28.17,28.17,83.0,33.03,10000.0,0.0,100.0,1.87,2.15,292.0,998.0,1,804,Clouds,overcast clouds,04d
2025-07-23 09:06:32,Thanh Hoa-Thanh Hoa,Thanh Hoa,28.17,28.17,28.17,83.0,33.03,10000.0,0.0,100.0,1.87,2.15,292.0,998.0,1,804,Clouds,overcast clouds,04d
2025-07-23 09:10:18,Thanh Hoa-Thanh Hoa,Thanh Hoa,28.17,28.17,28.17,83.0,33.03,10000.0,0.0,100.0,1.87,2.15,292.0,998.0,1,804,Clouds,overcast clouds,04d
2025-07-23 09:14:04,Thanh Hoa-Thanh Hoa,Thanh Hoa,28.17,28.17,28.17,83.0,33.03,10000.0,0.0,100.0,1.87,2.15,292.0,998.0,1,804,Clouds,overcast clouds,04d
2025-07-23 09:17:50,Thanh Hoa-Thanh Hoa,Thanh Hoa,28.17,28.17,28.17,83.0,33.03,10000.0,0.0,100.0,1.87,2.15,292.0,998.0,1,804,Clouds,overcast clouds,04d
2025-07-23 09:21:36,Thanh Hoa-Thanh Hoa,Thanh Hoa,28.17,28.17,28.17,83.0,33.03,10000.0,0.0,100.0,1.87,2.15,292.0,998.0,1,804,Clouds,overcast clouds,04d
2025-07-23 09:25:22,Thanh Hoa-Thanh Hoa,Thanh Hoa,28.17,28.17,28.17,83.0,33.03,10000.0,0.0,100.0,1.87,2.15,292.0,998.0,1,804,Clouds,overcast clouds,04d
2025-07-23 09:29:07,Thanh Hoa-Thanh Hoa,Thanh Hoa,28.17,28.17,28.17,83.0,33.03,10000.0,0.0,100.0,1.87,2.15,292.0,998.0,1,804,Clouds,overcast clouds,04d
2025-07-23 09:32:53,Thanh Hoa-Thanh Hoa,Thanh Hoa,28.38,28.38,28.38,83.0,33.61,10000.0,0.0,100.0,1.95,2.43,302.0,999.0,1,804,Clouds,overcast clouds,04d
2025-07-23 09:36:39,Thanh Hoa-Thanh Hoa,Thanh Hoa,28.38,28.38,28.38,83.0,33.61,10000.0,0.0,100.0,1.95,2.43,302.0,999.0,1,804,Clouds,overcast clouds,04d
2025-07-23 09:40:25,Thanh Hoa-Thanh Hoa,Thanh Hoa,28.38,28.38,28.38,83.0,33.61,10000.0,0.0,100.0,1.95,2.43,302.0,999.0,1,804,Clouds,overcast clouds,04d
2025-07-23 09:44:11,Thanh Hoa-Thanh Hoa,Thanh Hoa,28.38,28.38,28.38,83.0,33.61,10000.0,0.0,100.0,1.95,2.43,302.0,999.0,1,804,Clouds,overcast clouds,04d
2025-07-23 09:47:57,Thanh Hoa-Thanh Hoa,Thanh Hoa,28.38,28.38,28.38,83.0,33.61,10000.0,0.0,100.0,1.95,2.43,302.0,999.0,1,804,Clouds,overcast clouds,04d
2025-07-23 09:51:42,Thanh Hoa-Thanh Hoa,Thanh Hoa,28.38,28.38,28.38,83.0,33.61,10000.0,0.0,100.0,1.95,2.43,302.0,999.0,1,804,Clouds,overcast clouds,04d
2025-07-23 09:55:28,Thanh Hoa-Thanh Hoa,Thanh Hoa,28.4,28.4,28.4,83.0,33.67,10000.0,0.0,100.0,1.95,2.43,302.0,999.0,1,804,Clouds,overcast clouds,04d
2025-07-23 09:59:14,Thanh Hoa-Thanh Hoa,Thanh Hoa,28.4,28.4,28.4,83.0,33.67,10000.0,0.0,100.0,1.95,2.43,302.0,999.0,1,804,Clouds,overcast clouds,04d
2025-07-23 10:02:59,Thanh Hoa-Thanh Hoa,Thanh Hoa,28.4,28.4,28.4,83.0,33.67,10000.0,0.0,100.0,1.95,2.43,302.0,999.0,1,804,Clouds,overcast clouds,04d
2025-07-23 10:06:45,Thanh Hoa-Thanh Hoa,Thanh Hoa,28.42,28.42,28.42,83.0,33.73,10000.0,0.0,100.0,1.95,2.43,302.0,999.0,1,804,Clouds,overcast clouds,04d
2025-07-23 10:10:31,Thanh Hoa-Thanh Hoa,Thanh Hoa,28.42,28.42,28.42,83.0,33.73,10000.0,0.0,100.0,1.95,2.43,302.0,999.0,1,804,Clouds,overcast clouds,04d
2025-07-23 10:14:17,Thanh Hoa-Thanh Hoa,Thanh Hoa,28.42,28.42,28.42,83.0,33.73,10000.0,0.0,100.0,1.95,2.43,302.0,999.0,1,804,Clouds,overcast clouds,04d
2025-07-23 10:18:03,Thanh Hoa-Thanh Hoa,Thanh Hoa,28.42,28.42,28.42,83.0,33.73,10000.0,0.0,100.0,1.95,2.43,302.0,999.0,1,804,Clouds,overcast clouds,04d
2025-07-23 10:21:52,Thanh Hoa-Thanh Hoa,Thanh Hoa,28.42,28.42,28.42,83.0,33.73,10000.0,0.0,100.0,1.95,2.43,302.0,999.0,1,804,Clouds,overcast clouds,04d
2025-07-23 10:25:46,Thanh Hoa-Thanh Hoa,Thanh Hoa,28.42,28.42,28.42,83.0,33.73,10000.0,0.0,100.0,1.95,2.43,302.0,999.0,1,804,Clouds,overcast clouds,04d
2025-07-23 10:29:39,Thanh Hoa-Thanh Hoa,Thanh Hoa,28.42,28.42,28.42,83.0,33.73,10000.0,0.0,100.0,1.95,2.43,302.0,999.0,1,804,Clouds,overcast clouds,04d
2025-07-23 10:33:29,Thanh Hoa-Thanh Hoa,Thanh Hoa,29.78,29.78,29.78,76.0,35.95,10000.0,0.0,100.0,1.73,2.71,271.0,998.0,1,804,Clouds,overcast clouds,04d
2025-07-23 10:37:20,Thanh Hoa-Thanh Hoa,Thanh Hoa,29.78,29.78,29.78,76.0,35.95,10000.0,0.0,100.0,1.73,2.71,271.0,998.0,1,804,Clouds,overcast clouds,04d
2025-07-23 10:41:11,Thanh Hoa-Thanh Hoa,Thanh Hoa,29.78,29.78,29.78,76.0,35.95,10000.0,0.0,100.0,1.73,2.71,271.0,998.0,1,804,Clouds,overcast clouds,04d
2025-07-23 10:45:02,Thanh Hoa-Thanh Hoa,Thanh Hoa,29.78,29.78,29.78,76.0,35.95,10000.0,0.0,100.0,1.73,2.71,271.0,998.0,1,804,Clouds,overcast clouds,04d
2025-07-23 10:48:54,Thanh Hoa-Thanh Hoa,Thanh Hoa,29.78,29.78,29.78,76.0,35.95,10000.0,0.0,100.0,1.73,2.71,271.0,998.0,1,804,Clouds,overcast clouds,04d
2025-07-23 10:52:45,Thanh Hoa-Thanh Hoa,Thanh Hoa,29.76,29.76,29.76,76.0,35.9,10000.0,0.0,100.0,1.73,2.71,271.0,998.0,1,804,Clouds,overcast clouds,04d
2025-07-23 10:56:35,Thanh Hoa-Thanh Hoa,Thanh Hoa,29.78,29.78,29.78,76.0,35.95,10000.0,0.0,100.0,1.73,2.71,271.0,998.0,1,804,Clouds,overcast clouds,04d
2025-07-23 11:00:26,Thanh Hoa-Thanh Hoa,Thanh Hoa,29.76,29.76,29.76,76.0,35.9,10000.0,0.0,100.0,1.73,2.71,271.0,998.0,1,804,Clouds,overcast clouds,04d
2025-07-23 11:04:16,Thanh Hoa-Thanh Hoa,Thanh Hoa,29.76,29.76,29.76,76.0,35.9,10000.0,0.0,100.0,1.73,2.71,271.0,998.0,1,804,Clouds,overcast clouds,04d
2025-07-23 11:08:07,Thanh Hoa-Thanh Hoa,Thanh Hoa,29.76,29.76,29.76,76.0,35.9,10000.0,0.0,100.0,1.73,2.71,271.0,998.0,1,804,Clouds,overcast clouds,04d
2025-07-23 11:11:57,Thanh Hoa-Thanh Hoa,Thanh Hoa,29.76,29.76,29.76,76.0,35.9,10000.0,0.0,100.0,1.73,2.71,271.0,998.0,1,804,Clouds,overcast clouds,04d
2025-07-23 11:15:47,Thanh Hoa-Thanh Hoa,Thanh Hoa,29.76,29.76,29.76,76.0,35.9,10000.0,0.0,100.0,1.73,2.71,271.0,998.0,1,804,Clouds,overcast clouds,04d
2025-07-23 11:19:37,Thanh Hoa-Thanh Hoa,Thanh Hoa,29.76,29.76,29.76,76.0,35.9,10000.0,0.0,100.0,1.73,2.71,271.0,998.0,1,804,Clouds,overcast clouds,04d
2025-07-23 11:23:27,Thanh Hoa-Thanh Hoa,Thanh Hoa,29.76,29.76,29.76,76.0,35.9,10000.0,0.0,100.0,1.73,2.71,271.0,998.0,1,804,Clouds,overcast clouds,04d
2025-07-23 11:27:17,Thanh Hoa-Thanh Hoa,Thanh Hoa,29.77,29.77,29.77,76.0,35.93,10000.0,0.0,100.0,1.73,2.71,271.0,998.0,1,804,Clouds,overcast clouds,04d
2025-07-23 11:31:07,Thanh Hoa-Thanh Hoa,Thanh Hoa,29.77,29.77,29.77,76.0,35.93,10000.0,0.0,100.0,1.73,2.71,271.0,998.0,1,804,Clouds,overcast clouds,04d
2025-07-23 11:34:57,Thanh Hoa-Thanh Hoa,Thanh Hoa,29.77,29.77,29.77,76.0,35.93,10000.0,0.0,100.0,1.73,2.71,271.0,998.0,1,804,Clouds,overcast clouds,04d
2025-07-23 11:38:47,Thanh Hoa-Thanh Hoa,Thanh Hoa,29.57,29.57,29.57,80.0,36.37,10000.0,0.0,100.0,2.48,3.08,251.0,998.0,1,804,Clouds,overcast clouds,04d
2025-07-23 11:42:37,Thanh Hoa-Thanh Hoa,Thanh Hoa,29.57,29.57,29.57,80.0,36.37,10000.0,0.0,100.0,2.48,3.08,251.0,998.0,1,804,Clouds,overcast clouds,04d
2025-07-23 11:46:28,Thanh Hoa-Thanh Hoa,Thanh Hoa,29.57,29.57,29.57,80.0,36.37,10000.0,0.0,100.0,2.48,3.08,251.0,998.0,1,804,Clouds,overcast clouds,04d
2025-07-23 11:50:18,Thanh Hoa-Thanh Hoa,Thanh Hoa,29.53,29.53,29.53,80.0,36.26,10000.0,0.0,100.0,2.48,3.08,251.0,998.0,1,804,Clouds,overcast clouds,04d
2025-07-23 11:54:08,Thanh Hoa-Thanh Hoa,Thanh Hoa,29.53,29.53,29.53,80.0,36.26,10000.0,0.0,100.0,2.48,3.08,251.0,998.0,1,804,Clouds,overcast clouds,04d
2025-07-23 11:57:58,Thanh Hoa-Thanh Hoa,Thanh Hoa,29.53,29.53,29.53,80.0,36.26,10000.0,0.0,100.0,2.48,3.08,251.0,998.0,1,804,Clouds,overcast clouds,04d
2025-07-23 12:01:47,Thanh Hoa-Thanh Hoa,Thanh Hoa,29.52,29.52,29.52,80.0,36.23,10000.0,0.0,100.0,2.48,3.08,251.0,998.0,1,804,Clouds,overcast clouds,04d
2025-07-23 12:05:37,Thanh Hoa-Thanh Hoa,Thanh Hoa,29.52,29.52,29.52,80.0,36.23,10000.0,0.0,100.0,2.48,3.08,251.0,998.0,1,804,Clouds,overcast clouds,04d
2025-07-23 12:09:27,Thanh Hoa-Thanh Hoa,Thanh Hoa,29.52,29.52,29.52,80.0,36.23,10000.0,0.0,100.0,2.48,3.08,251.0,998.0,1,804,Clouds,overcast clouds,04d
2025-07-23 12:13:19,Thanh Hoa-Thanh Hoa,Thanh Hoa,29.52,29.52,29.52,80.0,36.23,10000.0,0.0,100.0,2.48,3.08,251.0,998.0,1,804,Clouds,overcast clouds,04d
2025-07-23 12:17:09,Thanh Hoa-Thanh Hoa,Thanh Hoa,29.52,29.52,29.52,80.0,36.23,10000.0,0.0,100.0,2.48,3.08,251.0,998.0,1,804,Clouds,overcast clouds,04d
2025-07-23 12:21:00,Thanh Hoa-Thanh Hoa,Thanh Hoa,29.52,29.52,29.52,80.0,36.23,10000.0,0.0,100.0,2.48,3.08,251.0,998.0,1,804,Clouds,overcast clouds,04d
2025-07-23 12:24:50,Thanh Hoa-Thanh Hoa,Thanh Hoa,29.52,29.52,29.52,80.0,36.23,10000.0,0.0,100.0,2.48,3.08,251.0,998.0,1,804,Clouds,overcast clouds,04d
2025-07-23 12:28:40,Thanh Hoa-Thanh Hoa,Thanh Hoa,29.52,29.52,29.52,80.0,36.23,10000.0,0.0,100.0,2.48,3.08,251.0,998.0,1,804,Clouds,overcast clouds,04d
2025-07-23 12:32:31,Thanh Hoa-Thanh Hoa,Thanh Hoa,29.49,29.49,29.49,80.0,36.14,10000.0,0.0,100.0,3.04,3.65,241.0,997.0,1,804,Clouds,overcast clouds,04d
2025-07-23 12:36:21,Thanh Hoa-Thanh Hoa,Thanh Hoa,29.49,29.49,29.49,80.0,36.14,10000.0,0.0,100.0,3.04,3.65,241.0,997.0,1,804,Clouds,overcast clouds,04d
2025-07-23 12:40:11,Thanh Hoa-Thanh Hoa,Thanh Hoa,29.49,29.49,29.49,80.0,36.14,10000.0,0.0,100.0,3.04,3.65,241.0,997.0,1,804,Clouds,overcast clouds,04d
2025-07-23 12:44:02,Thanh Hoa-Thanh Hoa,Thanh Hoa,29.49,29.49,29.49,80.0,36.14,10000.0,0.0,100.0,3.04,3.65,241.0,997.0,1,804,Clouds,overcast clouds,04d
2025-07-23 12:47:53,Thanh Hoa-Thanh Hoa,Thanh Hoa,29.5,29.5,29.5,80.0,36.17,10000.0,0.0,100.0,3.04,3.65,241.0,997.0,1,804,Clouds,overcast clouds,04d
2025-07-23 12:51:42,Thanh Hoa-Thanh Hoa,Thanh Hoa,29.5,29.5,29.5,80.0,36.17,10000.0,0.0,100.0,3.71,4.34,198.0,997.0,1,804,Clouds,overcast clouds,04d
2025-07-23 12:55:32,Thanh Hoa-Thanh Hoa,Thanh Hoa,29.5,29.5,29.5,80.0,36.17,10000.0,0.0,100.0,3.71,4.34,198.0,997.0,1,804,Clouds,overcast clouds,04d
2025-07-23 12:59:22,Thanh Hoa-Thanh Hoa,Thanh Hoa,29.5,29.5,29.5,80.0,36.17,10000.0,0.0,100.0,3.71,4.34,198.0,997.0,1,804,Clouds,overcast clouds,04d
2025-07-23 13:03:12,Thanh Hoa-Thanh Hoa,Thanh Hoa,29.5,29.5,29.5,80.0,36.17,10000.0,0.0,100.0,3.71,4.34,198.0,997.0,1,804,Clouds,overcast clouds,04d
2025-07-23 13:07:03,Thanh Hoa-Thanh Hoa,Thanh Hoa,29.5,29.5,29.5,80.0,36.17,10000.0,0.0,100.0,3.71,4.34,198.0,997.0,1,804,Clouds,overcast clouds,04d
2025-07-23 13:10:53,Thanh Hoa-Thanh Hoa,Thanh Hoa,29.5,29.5,29.5,80.0,36.17,10000.0,0.0,100.0,3.71,4.34,198.0,997.0,1,804,Clouds,overcast clouds,04d
2025-07-23 13:14:43,Thanh Hoa-Thanh Hoa,Thanh Hoa,29.5,29.5,29.5,80.0,36.17,10000.0,0.0,100.0,3.71,4.34,198.0,997.0,1,804,Clouds,overcast clouds,04d
2025-07-23 13:18:33,Thanh Hoa-Thanh Hoa,Thanh Hoa,29.5,29.5,29.5,80.0,36.17,10000.0,0.0,100.0,3.71,4.34,198.0,997.0,1,804,Clouds,overcast clouds,04d
2025-07-23 13:22:23,Thanh Hoa-Thanh Hoa,Thanh Hoa,29.5,29.5,29.5,80.0,36.17,10000.0,0.0,100.0,3.71,4.34,198.0,997.0,1,804,Clouds,overcast clouds,04d
2025-07-23 13:26:13,Thanh Hoa-Thanh Hoa,Thanh Hoa,29.5,29.5,29.5,80.0,36.17,10000.0,0.0,100.0,3.71,4.34,198.0,997.0,1,804,Clouds,overcast clouds,04d
2025-07-23 13:30:04,Thanh Hoa-Thanh Hoa,Thanh Hoa,28.96,28.96,28.96,80.0,34.63,10000.0,0.0,99.0,3.68,4.19,200.0,997.0,1,804,Clouds,overcast clouds,04d
2025-07-23 13:33:56,Thanh Hoa-Thanh Hoa,Thanh Hoa,29.5,29.5,29.5,80.0,36.17,10000.0,0.0,100.0,3.71,4.34,198.0,997.0,1,804,Clouds,overcast clouds,04d
2025-07-23 13:37:49,Thanh Hoa-Thanh Hoa,Thanh Hoa,32.01,32.01,32.01,62.0,37.72,10000.0,0.0,99.0,3.68,4.19,200.0,996.0,1,804,Clouds,overcast clouds,04d
2025-07-23 13:41:41,Thanh Hoa-Thanh Hoa,Thanh Hoa,32.01,32.01,32.01,62.0,37.72,10000.0,0.0,99.0,3.68,4.19,200.0,996.0,1,804,Clouds,overcast clouds,04d
2025-07-23 13:45:33,Thanh Hoa-Thanh Hoa,Thanh Hoa,32.01,32.01,32.01,62.0,37.72,10000.0,0.0,99.0,3.68,4.19,200.0,996.0,1,804,Clouds,overcast clouds,04d
2025-07-23 13:49:25,Thanh Hoa-Thanh Hoa,Thanh Hoa,32.01,32.01,32.01,62.0,37.72,10000.0,0.0,99.0,3.68,4.19,200.0,996.0,1,804,Clouds,overcast clouds,04d
2025-07-23 13:53:15,Thanh Hoa-Thanh Hoa,Thanh Hoa,32.01,32.01,32.01,62.0,37.72,10000.0,0.0,99.0,3.68,4.19,200.0,996.0,1,804,Clouds,overcast clouds,04d
2025-07-23 13:57:06,Thanh Hoa-Thanh Hoa,Thanh Hoa,32.01,32.01,32.01,62.0,37.72,10000.0,0.0,99.0,3.68,4.19,200.0,996.0,1,804,Clouds,overcast clouds,04d
2025-07-23 14:00:56,Thanh Hoa-Thanh Hoa,Thanh Hoa,32.01,32.01,32.01,62.0,37.72,10000.0,0.0,99.0,3.68,4.19,200.0,996.0,1,804,Clouds,overcast clouds,04d
2025-07-23 14:04:46,Thanh Hoa-Thanh Hoa,Thanh Hoa,32.01,32.01,32.01,62.0,37.72,10000.0,0.0,99.0,3.68,4.19,200.0,996.0,1,804,Clouds,overcast clouds,04d
2025-07-23 14:08:36,Thanh Hoa-Thanh Hoa,Thanh Hoa,32.01,32.01,32.01,62.0,37.72,10000.0,0.0,99.0,3.68,4.19,200.0,996.0,1,804,Clouds,overcast clouds,04d
2025-07-23 14:12:27,Thanh Hoa-Thanh Hoa,Thanh Hoa,32.01,32.01,32.01,62.0,37.72,10000.0,0.0,99.0,3.68,4.19,200.0,996.0,1,804,Clouds,overcast clouds,04d
2025-07-23 14:16:17,Thanh Hoa-Thanh Hoa,Thanh Hoa,32.01,32.01,32.01,62.0,37.72,10000.0,0.0,99.0,3.68,4.19,200.0,996.0,1,804,Clouds,overcast clouds,04d
2025-07-23 14:20:08,Thanh Hoa-Thanh Hoa,Thanh Hoa,32.02,32.02,32.02,62.0,37.74,10000.0,0.0,99.0,3.68,4.19,200.0,996.0,1,804,Clouds,overcast clouds,04d
2025-07-23 14:23:57,Thanh Hoa-Thanh Hoa,Thanh Hoa,32.02,32.02,32.02,62.0,37.74,10000.0,0.0,99.0,3.68,4.19,200.0,996.0,1,804,Clouds,overcast clouds,04d
2025-07-23 14:27:48,Thanh Hoa-Thanh Hoa,Thanh Hoa,32.02,32.02,32.02,62.0,37.74,10000.0,0.0,99.0,3.68,4.19,200.0,996.0,1,804,Clouds,overcast clouds,04d
2025-07-23 14:31:38,Thanh Hoa-Thanh Hoa,Thanh Hoa,31.95,31.95,31.95,63.0,37.88,10000.0,0.0,99.0,3.13,3.53,201.0,996.0,1,804,Clouds,overcast clouds,04d
2025-07-23 14:35:28,Thanh Hoa-Thanh Hoa,Thanh Hoa,31.95,31.95,31.95,63.0,37.88,10000.0,0.0,99.0,3.13,3.53,201.0,996.0,1,804,Clouds,overcast clouds,04d
2025-07-23 14:39:18,Thanh Hoa-Thanh Hoa,Thanh Hoa,31.95,31.95,31.95,63.0,37.88,10000.0,0.0,99.0,3.13,3.53,201.0,996.0,1,804,Clouds,overcast clouds,04d
2025-07-23 14:43:09,Thanh Hoa-Thanh Hoa,Thanh Hoa,31.95,31.95,31.95,63.0,37.88,10000.0,0.0,99.0,3.13,3.53,201.0,996.0,1,804,Clouds,overcast clouds,04d
2025-07-23 14:46:58,Thanh Hoa-Thanh Hoa,Thanh Hoa,31.95,31.95,31.95,63.0,37.88,10000.0,0.11,99.0,3.13,3.53,201.0,996.0,1,500,Rain,light rain,10d
2025-07-23 14:50:49,Thanh Hoa-Thanh Hoa,Thanh Hoa,31.95,31.95,31.95,63.0,37.88,10000.0,0.11,99.0,3.13,3.53,201.0,996.0,1,500,Rain,light rain,10d
2025-07-23 14:54:39,Thanh Hoa-Thanh Hoa,Thanh Hoa,31.95,31.95,31.95,63.0,37.88,10000.0,0.13,99.0,3.13,3.53,201.0,996.0,1,500,Rain,light rain,10d
2025-07-23 14:58:30,Thanh Hoa-Thanh Hoa,Thanh Hoa,31.95,31.95,31.95,63.0,37.88,10000.0,0.13,99.0,3.13,3.53,201.0,996.0,1,500,Rain,light rain,10d
2025-07-23 15:02:20,Thanh Hoa-Thanh Hoa,Thanh Hoa,31.94,31.94,31.94,63.0,37.86,10000.0,0.0,99.0,3.13,3.53,201.0,996.0,1,804,Clouds,overcast clouds,04d
2025-07-23 15:06:11,Thanh Hoa-Thanh Hoa,Thanh Hoa,31.94,31.94,31.94,63.0,37.86,10000.0,0.0,99.0,3.13,3.53,201.0,996.0,1,804,Clouds,overcast clouds,04d
2025-07-23 15:10:01,Thanh Hoa-Thanh Hoa,Thanh Hoa,31.94,31.94,31.94,63.0,37.86,10000.0,0.0,99.0,3.13,3.53,201.0,996.0,1,804,Clouds,overcast clouds,04d
2025-07-23 15:13:52,Thanh Hoa-Thanh Hoa,Thanh Hoa,31.94,31.94,31.94,63.0,37.86,10000.0,0.0,99.0,3.13,3.53,201.0,996.0,1,804,Clouds,overcast clouds,04d
2025-07-23 15:17:42,Thanh Hoa-Thanh Hoa,Thanh Hoa,31.95,31.95,31.95,63.0,37.88,10000.0,0.0,99.0,3.13,3.53,201.0,996.0,1,804,Clouds,overcast clouds,04d
2025-07-23 15:21:32,Thanh Hoa-Thanh Hoa,Thanh Hoa,31.95,31.95,31.95,63.0,37.88,10000.0,0.0,99.0,3.13,3.53,201.0,996.0,1,804,Clouds,overcast clouds,04d
2025-07-23 15:25:23,Thanh Hoa-Thanh Hoa,Thanh Hoa,31.95,31.95,31.95,63.0,37.88,10000.0,0.0,99.0,3.13,3.53,201.0,996.0,1,804,Clouds,overcast clouds,04d
2025-07-23 15:29:13,Thanh Hoa-Thanh Hoa,Thanh Hoa,31.95,31.95,31.95,63.0,37.88,10000.0,0.0,99.0,3.13,3.53,201.0,996.0,1,804,Clouds,overcast clouds,04d
2025-07-23 15:33:04,Thanh Hoa-Thanh Hoa,Thanh Hoa,31.8,31.8,31.8,65.0,38.14,10000.0,0.0,100.0,2.72,3.04,192.0,996.0,1,804,Clouds,overcast clouds,04d
2025-07-23 15:36:55,Thanh Hoa-Thanh Hoa,Thanh Hoa,31.8,31.8,31.8,65.0,38.14,10000.0,0.0,100.0,2.72,3.04,192.0,996.0,1,804,Clouds,overcast clouds,04d
2025-07-23 15:40:45,Thanh Hoa-Thanh Hoa,Thanh Hoa,31.8,31.8,31.8,65.0,38.14,10000.0,0.0,100.0,2.72,3.04,192.0,996.0,1,804,Clouds,overcast clouds,04d
2025-07-23 15:44:35,Thanh Hoa-Thanh Hoa,Thanh Hoa,31.8,31.8,31.8,65.0,38.14,10000.0,0.0,100.0,2.72,3.04,192.0,996.0,1,804,Clouds,overcast clouds,04d
2025-07-23 15:48:25,Thanh Hoa-Thanh Hoa,Thanh Hoa,31.8,31.8,31.8,65.0,38.14,10000.0,0.0,100.0,2.72,3.04,192.0,996.0,1,804,Clouds,overcast clouds,04d
2025-07-23 15:52:15,Thanh Hoa-Thanh Hoa,Thanh Hoa,31.8,31.8,31.8,65.0,38.14,10000.0,0.0,100.0,2.72,3.04,192.0,996.0,1,804,Clouds,overcast clouds,04d
2025-07-23 15:56:06,Thanh Hoa-Thanh Hoa,Thanh Hoa,31.81,31.81,31.81,65.0,38.17,10000.0,0.0,100.0,2.72,3.04,192.0,996.0,1,804,Clouds,overcast clouds,04d
2025-07-23 15:59:57,Thanh Hoa-Thanh Hoa,Thanh Hoa,31.81,31.81,31.81,65.0,38.17,10000.0,0.0,100.0,2.72,3.04,192.0,996.0,1,804,Clouds,overcast clouds,04d
2025-07-23 16:03:48,Thanh Hoa-Thanh Hoa,Thanh Hoa,31.81,31.81,31.81,65.0,38.17,10000.0,0.0,100.0,2.72,3.04,192.0,996.0,1,804,Clouds,overcast clouds,04d
2025-07-23 16:07:38,Thanh Hoa-Thanh Hoa,Thanh Hoa,31.81,31.81,31.81,65.0,38.17,10000.0,0.0,100.0,2.72,3.04,192.0,996.0,1,804,Clouds,overcast clouds,04d
2025-07-23 16:11:28,Thanh Hoa-Thanh Hoa,Thanh Hoa,31.8,31.8,31.8,65.0,38.14,10000.0,0.0,100.0,2.72,3.04,192.0,996.0,1,804,Clouds,overcast clouds,04d
2025-07-23 16:15:20,Thanh Hoa-Thanh Hoa,Thanh Hoa,31.8,31.8,31.8,65.0,38.14,10000.0,0.0,100.0,2.72,3.04,192.0,996.0,1,804,Clouds,overcast clouds,04d
2025-07-23 16:19:11,Thanh Hoa-Thanh Hoa,Thanh Hoa,31.8,31.8,31.8,65.0,38.14,10000.0,0.0,100.0,2.72,3.04,192.0,996.0,1,804,Clouds,overcast clouds,04d
2025-07-23 16:23:05,Thanh Hoa-Thanh Hoa,Thanh Hoa,31.81,31.81,31.81,65.0,38.17,10000.0,0.0,100.0,2.72,3.04,192.0,996.0,1,804,Clouds,overcast clouds,04d
2025-07-23 16:26:59,Thanh Hoa-Thanh Hoa,Thanh Hoa,31.81,31.81,31.81,65.0,38.17,10000.0,0.0,100.0,2.72,3.04,192.0,996.0,1,804,Clouds,overcast clouds,04d
2025-07-23 16:30:51,Thanh Hoa-Thanh Hoa,Thanh Hoa,31.81,31.81,31.81,65.0,38.17,10000.0,0.0,100.0,2.72,3.04,192.0,996.0,1,804,Clouds,overcast clouds,04d
2025-07-23 16:34:42,Thanh Hoa-Thanh Hoa,Thanh Hoa,30.78,30.78,30.78,74.0,37.78,10000.0,0.0,100.0,2.58,3.91,174.0,996.0,1,804,Clouds,overcast clouds,04d
2025-07-23 16:38:33,Thanh Hoa-Thanh Hoa,Thanh Hoa,30.78,30.78,30.78,74.0,37.78,10000.0,0.0,100.0,2.58,3.91,174.0,996.0,1,804,Clouds,overcast clouds,04d
2025-07-23 16:42:25,Thanh Hoa-Thanh Hoa,Thanh Hoa,30.78,30.78,30.78,74.0,37.78,10000.0,0.0,100.0,2.58,3.91,174.0,996.0,1,804,Clouds,overcast clouds,04d
2025-07-23 16:46:15,Thanh Hoa-Thanh Hoa,Thanh Hoa,30.78,30.78,30.78,74.0,37.78,10000.0,0.0,100.0,2.58,3.91,174.0,996.0,1,804,Clouds,overcast clouds,04d
2025-07-23 16:50:08,Thanh Hoa-Thanh Hoa,Thanh Hoa,30.78,30.78,30.78,74.0,37.78,10000.0,0.0,100.0,2.58,3.91,174.0,996.0,1,804,Clouds,overcast clouds,04d
2025-07-23 16:53:59,Thanh Hoa-Thanh Hoa,Thanh Hoa,30.78,30.78,30.78,74.0,37.78,10000.0,0.0,100.0,2.58,3.91,174.0,996.0,1,804,Clouds,overcast clouds,04d
2025-07-23 16:57:53,Thanh Hoa-Thanh Hoa,Thanh Hoa,30.78,30.78,30.78,74.0,37.78,10000.0,0.0,100.0,2.58,3.91,174.0,996.0,1,804,Clouds,overcast clouds,04d
2025-07-23 17:01:43,Thanh Hoa-Thanh Hoa,Thanh Hoa,30.78,30.78,30.78,74.0,37.78,10000.0,0.0,100.0,2.58,3.91,174.0,996.0,1,804,Clouds,overcast clouds,04d
2025-07-23 17:05:35,Thanh Hoa-Thanh Hoa,Thanh Hoa,30.79,30.79,30.79,74.0,37.79,10000.0,0.0,100.0,2.58,3.91,174.0,996.0,1,804,Clouds,overcast clouds,04d
2025-07-23 17:09:26,Thanh Hoa-Thanh Hoa,Thanh Hoa,30.79,30.79,30.79,74.0,37.79,10000.0,0.0,100.0,2.58,3.91,174.0,996.0,1,804,Clouds,overcast clouds,04d
2025-07-23 17:13:18,Thanh Hoa-Thanh Hoa,Thanh Hoa,30.79,30.79,30.79,74.0,37.79,10000.0,0.0,100.0,2.58,3.91,174.0,996.0,1,804,Clouds,overcast clouds,04d
2025-07-23 17:17:09,Thanh Hoa-Thanh Hoa,Thanh Hoa,30.79,30.79,30.79,74.0,37.79,10000.0,0.0,100.0,2.58,3.91,174.0,996.0,1,804,Clouds,overcast clouds,04d
2025-07-23 17:21:00,Thanh Hoa-Thanh Hoa,Thanh Hoa,30.79,30.79,30.79,74.0,37.79,10000.0,0.0,100.0,2.58,3.91,174.0,996.0,1,804,Clouds,overcast clouds,04d
2025-07-23 17:24:52,Thanh Hoa-Thanh Hoa,Thanh Hoa,30.78,30.78,30.78,74.0,37.78,10000.0,0.0,100.0,2.58,3.91,174.0,996.0,1,804,Clouds,overcast clouds,04d
2025-07-23 17:28:42,Thanh Hoa-Thanh Hoa,Thanh Hoa,30.78,30.78,30.78,74.0,37.78,10000.0,0.0,100.0,2.58,3.91,174.0,996.0,1,804,Clouds,overcast clouds,04d
2025-07-23 17:32:33,Thanh Hoa-Thanh Hoa,Thanh Hoa,30.78,30.78,30.78,74.0,37.78,10000.0,0.0,100.0,2.58,3.91,174.0,996.0,1,804,Clouds,overcast clouds,04d
2025-07-23 17:36:24,Thanh Hoa-Thanh Hoa,Thanh Hoa,28.8,28.8,28.8,84.0,35.03,10000.0,0.0,100.0,2.04,4.11,167.0,997.0,1,804,Clouds,overcast clouds,04d
2025-07-23 17:40:15,Thanh Hoa-Thanh Hoa,Thanh Hoa,28.8,28.8,28.8,84.0,35.03,10000.0,0.0,100.0,2.04,4.11,167.0,997.0,1,804,Clouds,overcast clouds,04d
2025-07-23 17:44:07,Thanh Hoa-Thanh Hoa,Thanh Hoa,28.8,28.8,28.8,84.0,35.03,10000.0,0.0,100.0,2.04,4.11,167.0,997.0,1,804,Clouds,overcast clouds,04d
2025-07-23 17:47:57,Thanh Hoa-Thanh Hoa,Thanh Hoa,28.8,28.8,28.8,84.0,35.03,10000.0,0.0,100.0,2.04,4.11,167.0,997.0,1,804,Clouds,overcast clouds,04d
2025-07-23 17:51:48,Thanh Hoa-Thanh Hoa,Thanh Hoa,28.8,28.8,28.8,84.0,35.03,10000.0,0.0,100.0,2.04,4.11,167.0,997.0,1,804,Clouds,overcast clouds,04d
2025-07-23 17:55:38,Thanh Hoa-Thanh Hoa,Thanh Hoa,28.8,28.8,28.8,84.0,35.03,10000.0,0.0,100.0,2.04,4.11,167.0,997.0,1,804,Clouds,overcast clouds,04d
2025-07-23 17:59:29,Thanh Hoa-Thanh Hoa,Thanh Hoa,28.8,28.8,28.8,84.0,35.03,10000.0,0.0,100.0,2.04,4.11,167.0,997.0,1,804,Clouds,overcast clouds,04d
2025-07-23 18:03:21,Thanh Hoa-Thanh Hoa,Thanh Hoa,28.8,28.8,28.8,84.0,35.03,10000.0,0.0,100.0,2.04,4.11,167.0,997.0,1,804,Clouds,overcast clouds,04d
2025-07-23 18:07:13,Thanh Hoa-Thanh Hoa,Thanh Hoa,28.8,28.8,28.8,84.0,35.03,10000.0,0.0,100.0,2.04,4.11,167.0,997.0,1,804,Clouds,overcast clouds,04d
2025-07-23 18:11:08,Thanh Hoa-Thanh Hoa,Thanh Hoa,28.8,28.8,28.8,84.0,35.03,10000.0,0.0,100.0,2.04,4.11,167.0,997.0,1,804,Clouds,overcast clouds,04d
2025-07-23 18:15:03,Thanh Hoa-Thanh Hoa,Thanh Hoa,28.8,28.8,28.8,84.0,35.03,10000.0,0.0,100.0,2.04,4.11,167.0,997.0,1,804,Clouds,overcast clouds,04d
2025-07-23 18:18:55,Thanh Hoa-Thanh Hoa,Thanh Hoa,28.79,28.79,28.79,84.0,35.0,10000.0,0.0,100.0,2.04,4.11,167.0,997.0,1,804,Clouds,overcast clouds,04d
2025-07-23 18:22:47,Thanh Hoa-Thanh Hoa,Thanh Hoa,28.79,28.79,28.79,84.0,35.0,10000.0,0.0,100.0,2.04,4.11,167.0,997.0,1,804,Clouds,overcast clouds,04d
2025-07-23 18:26:40,Thanh Hoa-Thanh Hoa,Thanh Hoa,28.79,28.79,28.79,84.0,35.0,10000.0,0.0,100.0,2.04,4.11,167.0,997.0,1,804,Clouds,overcast clouds,04d
2025-07-23 18:30:31,Thanh Hoa-Thanh Hoa,Thanh Hoa,28.79,28.79,28.79,84.0,35.0,10000.0,0.0,100.0,2.04,4.11,167.0,997.0,1,804,Clouds,overcast clouds,04d
2025-07-23 18:34:25,Thanh Hoa-Thanh Hoa,Thanh Hoa,27.6,27.6,27.6,85.0,31.79,10000.0,0.0,100.0,1.37,1.72,163.0,998.0,1,804,Clouds,overcast clouds,04d
2025-07-23 18:38:19,Thanh Hoa-Thanh Hoa,Thanh Hoa,27.6,27.6,27.6,85.0,31.79,10000.0,0.0,100.0,1.37,1.72,163.0,998.0,0,804,Clouds,overcast clouds,04d
2025-07-23 18:42:10,Thanh Hoa-Thanh Hoa,Thanh Hoa,27.6,27.6,27.6,85.0,31.79,10000.0,0.0,100.0,1.37,1.72,163.0,998.0,0,804,Clouds,overcast clouds,04d
2025-07-23 18:46:01,Thanh Hoa-Thanh Hoa,Thanh Hoa,27.6,27.6,27.6,85.0,31.79,10000.0,0.0,100.0,1.59,2.17,156.0,998.0,0,804,Clouds,overcast clouds,04n
2025-07-23 18:49:54,Thanh Hoa-Thanh Hoa,Thanh Hoa,27.6,27.6,27.6,85.0,31.79,10000.0,0.0,100.0,1.59,2.17,156.0,998.0,0,804,Clouds,overcast clouds,04n
2025-07-23 18:53:44,Thanh Hoa-Thanh Hoa,Thanh Hoa,27.6,27.6,27.6,85.0,31.79,10000.0,0.0,100.0,1.59,2.17,156.0,998.0,0,804,Clouds,overcast clouds,04n
2025-07-23 18:57:35,Thanh Hoa-Thanh Hoa,Thanh Hoa,27.6,27.6,27.6,85.0,31.79,10000.0,0.0,100.0,1.59,2.17,156.0,998.0,0,804,Clouds,overcast clouds,04n
2025-07-23 19:01:28,Thanh Hoa-Thanh Hoa,Thanh Hoa,27.6,27.6,27.6,85.0,31.79,10000.0,0.12,100.0,1.59,2.17,156.0,998.0,0,500,Rain,light rain,10n
2025-07-23 19:05:14,Thanh Hoa-Thanh Hoa,Thanh Hoa,27.6,27.6,27.6,85.0,31.79,10000.0,0.12,100.0,1.59,2.17,156.0,998.0,0,500,Rain,light rain,10n
2025-07-23 19:09:00,Thanh Hoa-Thanh Hoa,Thanh Hoa,27.6,27.6,27.6,85.0,31.79,10000.0,0.12,100.0,1.59,2.17,156.0,998.0,0,500,Rain,light rain,10n
2025-07-23 19:12:46,Thanh Hoa-Thanh Hoa,Thanh Hoa,27.6,27.6,27.6,85.0,31.79,10000.0,0.0,100.0,1.59,2.17,156.0,998.0,0,804,Clouds,overcast clouds,04n
2025-07-23 19:16:33,Thanh Hoa-Thanh Hoa,Thanh Hoa,27.6,27.6,27.6,85.0,31.79,10000.0,0.0,100.0,1.59,2.17,156.0,998.0,0,804,Clouds,overcast clouds,04n
2025-07-23 19:20:19,Thanh Hoa-Thanh Hoa,Thanh Hoa,27.6,27.6,27.6,85.0,31.79,10000.0,0.0,100.0,1.59,2.17,156.0,998.0,0,804,Clouds,overcast clouds,04n
2025-07-23 19:24:05,Thanh Hoa-Thanh Hoa,Thanh Hoa,27.53,27.53,27.53,86.0,31.74,10000.0,0.0,100.0,1.59,2.17,156.0,999.0,0,804,Clouds,overcast clouds,04n
2025-07-23 19:27:51,Thanh Hoa-Thanh Hoa,Thanh Hoa,27.53,27.53,27.53,86.0,31.74,10000.0,0.0,100.0,1.59,2.17,156.0,999.0,0,804,Clouds,overcast clouds,04n
2025-07-23 19:31:38,Thanh Hoa-Thanh Hoa,Thanh Hoa,27.53,27.53,27.53,86.0,31.74,10000.0,0.0,100.0,1.59,2.17,156.0,999.0,0,804,Clouds,overcast clouds,04n
2025-07-23 19:35:26,Thanh Hoa-Thanh Hoa,Thanh Hoa,27.31,27.31,27.31,87.0,31.26,10000.0,0.0,100.0,1.0,1.25,161.0,999.0,0,804,Clouds,overcast clouds,04n
2025-07-23 19:39:13,Thanh Hoa-Thanh Hoa,Thanh Hoa,27.31,27.31,27.31,87.0,31.26,10000.0,0.0,100.0,1.0,1.25,161.0,999.0,0,804,Clouds,overcast clouds,04n
2025-07-23 19:43:00,Thanh Hoa-Thanh Hoa,Thanh Hoa,27.31,27.31,27.31,87.0,31.26,10000.0,0.0,100.0,1.0,1.25,161.0,999.0,0,804,Clouds,overcast clouds,04n
2025-07-23 19:46:46,Thanh Hoa-Thanh Hoa,Thanh Hoa,27.31,27.31,27.31,87.0,31.26,10000.0,0.0,100.0,1.0,1.25,161.0,999.0,0,804,Clouds,overcast clouds,04n
2025-07-23 19:50:33,Thanh Hoa-Thanh Hoa,Thanh Hoa,27.31,27.31,27.31,87.0,31.26,10000.0,0.0,100.0,1.0,1.25,161.0,999.0,0,804,Clouds,overcast clouds,04n
2025-07-23 19:54:20,Thanh Hoa-Thanh Hoa,Thanh Hoa,27.31,27.31,27.31,87.0,31.26,10000.0,0.0,100.0,1.0,1.25,161.0,999.0,0,804,Clouds,overcast clouds,04n
2025-07-23 19:58:06,Thanh Hoa-Thanh Hoa,Thanh Hoa,27.31,27.31,27.31,87.0,31.26,10000.0,0.0,100.0,1.0,1.25,161.0,999.0,0,804,Clouds,overcast clouds,04n
2025-07-23 20:01:53,Thanh Hoa-Thanh Hoa,Thanh Hoa,27.33,27.33,27.33,87.0,31.32,10000.0,0.0,100.0,1.0,1.25,161.0,999.0,0,804,Clouds,overcast clouds,04n
2025-07-23 20:05:40,Thanh Hoa-Thanh Hoa,Thanh Hoa,27.33,27.33,27.33,87.0,31.32,10000.0,0.0,100.0,1.0,1.25,161.0,999.0,0,804,Clouds,overcast clouds,04n
2025-07-23 20:09:26,Thanh Hoa-Thanh Hoa,Thanh Hoa,27.33,27.33,27.33,87.0,31.32,10000.0,0.0,100.0,1.0,1.25,161.0,999.0,0,804,Clouds,overcast clouds,04n
2025-07-23 20:13:16,Thanh Hoa-Thanh Hoa,Thanh Hoa,27.33,27.33,27.33,87.0,31.32,10000.0,0.0,100.0,1.0,1.25,161.0,999.0,0,804,Clouds,overcast clouds,04n
2025-07-23 20:17:10,Thanh Hoa-Thanh Hoa,Thanh Hoa,27.33,27.33,27.33,87.0,31.32,10000.0,0.0,100.0,1.0,1.25,161.0,999.0,0,804,Clouds,overcast clouds,04n
2025-07-23 20:20:59,Thanh Hoa-Thanh Hoa,Thanh Hoa,27.33,27.33,27.33,87.0,31.32,10000.0,0.0,100.0,1.0,1.25,161.0,999.0,0,804,Clouds,overcast clouds,04n
2025-07-23 20:24:45,Thanh Hoa-Thanh Hoa,Thanh Hoa,27.33,27.33,27.33,87.0,31.32,10000.0,0.0,100.0,1.0,1.25,161.0,999.0,0,804,Clouds,overcast clouds,04n
2025-07-23 20:28:31,Thanh Hoa-Thanh Hoa,Thanh Hoa,27.33,27.33,27.33,87.0,31.32,10000.0,0.0,100.0,1.0,1.25,161.0,999.0,0,804,Clouds,overcast clouds,04n
2025-07-23 20:32:17,Thanh Hoa-Thanh Hoa,Thanh Hoa,27.38,27.38,27.38,87.0,31.46,10000.0,0.0,100.0,0.67,0.85,150.0,1000.0,0,804,Clouds,overcast clouds,04n
2025-07-23 20:36:04,Thanh Hoa-Thanh Hoa,Thanh Hoa,27.38,27.38,27.38,87.0,31.46,10000.0,0.0,100.0,0.67,0.85,150.0,1000.0,0,804,Clouds,overcast clouds,04n
2025-07-23 20:39:54,Thanh Hoa-Thanh Hoa,Thanh Hoa,27.38,27.38,27.38,87.0,31.46,10000.0,0.0,100.0,0.67,0.85,150.0,1000.0,0,804,Clouds,overcast clouds,04n
2025-07-23 20:43:48,Thanh Hoa-Thanh Hoa,Thanh Hoa,27.38,27.38,27.38,87.0,31.46,10000.0,0.0,100.0,0.67,0.85,150.0,1000.0,0,804,Clouds,overcast clouds,04n
2025-07-23 20:47:44,Thanh Hoa-Thanh Hoa,Thanh Hoa,27.39,27.39,27.39,87.0,31.48,10000.0,0.0,100.0,0.67,0.85,150.0,1000.0,0,804,Clouds,overcast clouds,04n
2025-07-23 20:51:38,Thanh Hoa-Thanh Hoa,Thanh Hoa,27.39,27.39,27.39,87.0,31.48,10000.0,0.0,100.0,0.67,0.85,150.0,1000.0,0,804,Clouds,overcast clouds,04n
2025-07-23 20:55:32,Thanh Hoa-Thanh Hoa,Thanh Hoa,27.39,27.39,27.39,87.0,31.48,10000.0,0.0,100.0,0.67,0.85,150.0,1000.0,0,804,Clouds,overcast clouds,04n
2025-07-23 20:59:24,Thanh Hoa-Thanh Hoa,Thanh Hoa,27.39,27.39,27.39,87.0,31.48,10000.0,0.0,100.0,0.67,0.85,150.0,1000.0,0,804,Clouds,overcast clouds,04n
2025-07-23 21:03:17,Thanh Hoa-Thanh Hoa,Thanh Hoa,27.41,27.41,27.41,87.0,31.54,10000.0,0.0,100.0,0.67,0.85,150.0,1000.0,0,804,Clouds,overcast clouds,04n
2025-07-23 21:07:12,Thanh Hoa-Thanh Hoa,Thanh Hoa,27.41,27.41,27.41,87.0,31.54,10000.0,0.0,100.0,0.67,0.85,150.0,1000.0,0,804,Clouds,overcast clouds,04n
2025-07-23 21:11:06,Thanh Hoa-Thanh Hoa,Thanh Hoa,27.41,27.41,27.41,87.0,31.54,10000.0,0.0,100.0,0.67,0.85,150.0,1000.0,0,804,Clouds,overcast clouds,04n
2025-07-23 21:15:00,Thanh Hoa-Thanh Hoa,Thanh Hoa,27.41,27.41,27.41,87.0,31.54,10000.0,0.0,100.0,0.67,0.85,150.0,1000.0,0,804,Clouds,overcast clouds,04n
2025-07-23 21:18:56,Thanh Hoa-Thanh Hoa,Thanh Hoa,27.41,27.41,27.41,87.0,31.54,10000.0,0.0,100.0,0.67,0.85,150.0,1000.0,0,804,Clouds,overcast clouds,04n
2025-07-23 21:22:52,Thanh Hoa-Thanh Hoa,Thanh Hoa,27.41,27.41,27.41,87.0,31.54,10000.0,0.0,100.0,0.67,0.85,150.0,1000.0,0,804,Clouds,overcast clouds,04n
2025-07-23 21:26:46,Thanh Hoa-Thanh Hoa,Thanh Hoa,27.41,27.41,27.41,87.0,31.54,10000.0,0.0,100.0,0.67,0.85,150.0,1000.0,0,804,Clouds,overcast clouds,04n
2025-07-23 21:30:36,Thanh Hoa-Thanh Hoa,Thanh Hoa,27.41,27.41,27.41,87.0,31.54,10000.0,0.0,100.0,0.67,0.85,150.0,1000.0,0,804,Clouds,overcast clouds,04n
2025-07-23 21:34:22,Thanh Hoa-Thanh Hoa,Thanh Hoa,27.13,27.13,27.13,88.0,30.88,10000.0,0.0,100.0,0.22,0.68,257.0,1001.0,0,804,Clouds,overcast clouds,04n
2025-07-23 21:38:09,Thanh Hoa-Thanh Hoa,Thanh Hoa,27.13,27.13,27.13,88.0,30.88,10000.0,0.0,100.0,0.22,0.68,257.0,1001.0,0,804,Clouds,overcast clouds,04n
2025-07-23 21:41:56,Thanh Hoa-Thanh Hoa,Thanh Hoa,27.13,27.13,27.13,88.0,30.88,10000.0,0.0,100.0,0.22,0.68,257.0,1001.0,0,804,Clouds,overcast clouds,04n
2025-07-23 21:45:42,Thanh Hoa-Thanh Hoa,Thanh Hoa,27.13,27.13,27.13,88.0,30.88,10000.0,0.0,100.0,0.22,0.68,257.0,1001.0,0,804,Clouds,overcast clouds,04n
2025-07-23 21:49:28,Thanh Hoa-Thanh Hoa,Thanh Hoa,27.13,27.13,27.13,88.0,30.88,10000.0,0.0,100.0,0.22,0.68,257.0,1001.0,0,804,Clouds,overcast clouds,04n
2025-07-23 21:53:15,Thanh Hoa-Thanh Hoa,Thanh Hoa,27.13,27.13,27.13,88.0,30.88,10000.0,0.0,100.0,0.22,0.68,257.0,1001.0,0,804,Clouds,overcast clouds,04n
2025-07-23 21:57:02,Thanh Hoa-Thanh Hoa,Thanh Hoa,27.13,27.13,27.13,88.0,30.88,10000.0,0.0,100.0,0.22,0.68,257.0,1001.0,0,804,Clouds,overcast clouds,04n
2025-07-23 22:00:49,Thanh Hoa-Thanh Hoa,Thanh Hoa,27.13,27.13,27.13,88.0,30.88,10000.0,0.0,100.0,0.22,0.68,257.0,1001.0,0,804,Clouds,overcast clouds,04n
2025-07-23 22:04:35,Thanh Hoa-Thanh Hoa,Thanh Hoa,27.13,27.13,27.13,88.0,30.88,10000.0,0.0,100.0,0.22,0.68,257.0,1001.0,0,804,Clouds,overcast clouds,04n
2025-07-23 22:08:21,Thanh Hoa-Thanh Hoa,Thanh Hoa,27.15,27.15,27.15,88.0,30.94,10000.0,0.0,100.0,0.22,0.68,257.0,1001.0,0,804,Clouds,overcast clouds,04n
2025-07-23 22:12:10,Thanh Hoa-Thanh Hoa,Thanh Hoa,27.15,27.15,27.15,88.0,30.94,10000.0,0.0,100.0,0.22,0.68,257.0,1001.0,0,804,Clouds,overcast clouds,04n
2025-07-23 22:15:56,Thanh Hoa-Thanh Hoa,Thanh Hoa,27.15,27.15,27.15,88.0,30.94,10000.0,0.0,100.0,0.22,0.68,257.0,1001.0,0,804,Clouds,overcast clouds,04n
2025-07-23 22:19:43,Thanh Hoa-Thanh Hoa,Thanh Hoa,27.15,27.15,27.15,88.0,30.94,10000.0,0.0,100.0,0.22,0.68,257.0,1001.0,0,804,Clouds,overcast clouds,04n
2025-07-23 22:23:28,Thanh Hoa-Thanh Hoa,Thanh Hoa,27.15,27.15,27.15,88.0,30.94,10000.0,0.0,100.0,0.22,0.68,257.0,1001.0,0,804,Clouds,overcast clouds,04n
2025-07-23 22:27:14,Thanh Hoa-Thanh Hoa,Thanh Hoa,27.15,27.15,27.15,88.0,30.94,10000.0,0.0,100.0,0.22,0.68,257.0,1001.0,0,804,Clouds,overcast clouds,04n
2025-07-23 22:31:01,Thanh Hoa-Thanh Hoa,Thanh Hoa,27.15,27.15,27.15,88.0,30.94,10000.0,0.0,100.0,0.22,0.68,257.0,1001.0,0,804,Clouds,overcast clouds,04n
2025-07-23 22:34:47,Thanh Hoa-Thanh Hoa,Thanh Hoa,27.15,27.15,27.15,88.0,30.94,10000.0,0.0,100.0,0.22,0.68,257.0,1001.0,0,804,Clouds,overcast clouds,04n
2025-07-23 22:38:33,Thanh Hoa-Thanh Hoa,Thanh Hoa,26.57,26.57,26.57,90.0,26.57,10000.0,0.0,100.0,0.8,0.95,285.0,1001.0,0,804,Clouds,overcast clouds,04n
2025-07-23 22:42:19,Thanh Hoa-Thanh Hoa,Thanh Hoa,26.57,26.57,26.57,90.0,26.57,10000.0,0.0,100.0,0.8,0.95,285.0,1001.0,0,804,Clouds,overcast clouds,04n
2025-07-23 22:46:06,Thanh Hoa-Thanh Hoa,Thanh Hoa,26.57,26.57,26.57,90.0,26.57,10000.0,0.0,100.0,0.8,0.95,285.0,1001.0,0,804,Clouds,overcast clouds,04n
2025-07-23 22:49:53,Thanh Hoa-Thanh Hoa,Thanh Hoa,26.57,26.57,26.57,90.0,26.57,10000.0,0.0,100.0,0.8,0.95,285.0,1001.0,0,804,Clouds,overcast clouds,04n
2025-07-23 22:53:40,Thanh Hoa-Thanh Hoa,Thanh Hoa,26.57,26.57,26.57,90.0,26.57,10000.0,0.0,100.0,0.8,0.95,285.0,1001.0,0,804,Clouds,overcast clouds,04n
2025-07-23 22:57:26,Thanh Hoa-Thanh Hoa,Thanh Hoa,26.57,26.57,26.57,90.0,26.57,10000.0,0.0,100.0,0.8,0.95,285.0,1001.0,0,804,Clouds,overcast clouds,04n
2025-07-23 23:01:12,Thanh Hoa-Thanh Hoa,Thanh Hoa,26.59,26.59,26.59,90.0,26.59,10000.0,0.0,100.0,0.8,0.95,285.0,1001.0,0,804,Clouds,overcast clouds,04n
2025-07-23 23:04:59,Thanh Hoa-Thanh Hoa,Thanh Hoa,26.57,26.57,26.57,90.0,26.57,10000.0,0.0,100.0,0.8,0.95,285.0,1001.0,0,804,Clouds,overcast clouds,04n
2025-07-23 23:08:45,Thanh Hoa-Thanh Hoa,Thanh Hoa,26.59,26.59,26.59,90.0,26.59,10000.0,0.0,100.0,0.8,0.95,285.0,1001.0,0,804,Clouds,overcast clouds,04n
2025-07-23 23:12:31,Thanh Hoa-Thanh Hoa,Thanh Hoa,26.59,26.59,26.59,90.0,26.59,10000.0,0.0,100.0,0.8,0.95,285.0,1001.0,0,804,Clouds,overcast clouds,04n
2025-07-23 23:16:17,Thanh Hoa-Thanh Hoa,Thanh Hoa,26.59,26.59,26.59,90.0,26.59,10000.0,0.0,100.0,0.8,0.95,285.0,1001.0,0,804,Clouds,overcast clouds,04n
2025-07-23 23:20:04,Thanh Hoa-Thanh Hoa,Thanh Hoa,26.59,26.59,26.59,90.0,26.59,10000.0,0.0,100.0,0.8,0.95,285.0,1001.0,0,804,Clouds,overcast clouds,04n
2025-07-23 23:23:50,Thanh Hoa-Thanh Hoa,Thanh Hoa,26.59,26.59,26.59,90.0,26.59,10000.0,0.0,100.0,0.8,0.95,285.0,1001.0,0,804,Clouds,overcast clouds,04n
2025-07-23 23:27:36,Thanh Hoa-Thanh Hoa,Thanh Hoa,26.59,26.59,26.59,90.0,26.59,10000.0,0.0,100.0,0.8,0.95,285.0,1001.0,0,804,Clouds,overcast clouds,04n
2025-07-23 23:31:24,Thanh Hoa-Thanh Hoa,Thanh Hoa,26.59,26.59,26.59,90.0,26.59,10000.0,0.0,100.0,0.8,0.95,285.0,1001.0,0,804,Clouds,overcast clouds,04n
2025-07-23 23:35:11,Thanh Hoa-Thanh Hoa,Thanh Hoa,25.94,25.94,25.94,93.0,27.02,10000.0,0.0,100.0,1.56,1.69,286.0,1001.0,0,804,Clouds,overcast clouds,04n
2025-07-23 23:38:57,Thanh Hoa-Thanh Hoa,Thanh Hoa,25.94,25.94,25.94,93.0,27.02,10000.0,0.0,100.0,1.56,1.69,286.0,1001.0,0,804,Clouds,overcast clouds,04n
2025-07-23 23:42:43,Thanh Hoa-Thanh Hoa,Thanh Hoa,25.94,25.94,25.94,93.0,27.02,10000.0,0.0,100.0,1.56,1.69,286.0,1001.0,0,804,Clouds,overcast clouds,04n
2025-07-23 23:46:30,Thanh Hoa-Thanh Hoa,Thanh Hoa,25.94,25.94,25.94,93.0,27.02,10000.0,0.0,100.0,1.56,1.69,286.0,1001.0,0,804,Clouds,overcast clouds,04n
2025-07-23 23:50:16,Thanh Hoa-Thanh Hoa,Thanh Hoa,25.94,25.94,25.94,93.0,27.02,10000.0,0.0,100.0,1.56,1.69,286.0,1001.0,0,804,Clouds,overcast clouds,04n
2025-07-23 23:54:05,Thanh Hoa-Thanh Hoa,Thanh Hoa,25.94,25.94,25.94,93.0,27.02,10000.0,0.0,100.0,1.56,1.69,286.0,1001.0,0,804,Clouds,overcast clouds,04n
2025-07-23 23:57:53,Thanh Hoa-Thanh Hoa,Thanh Hoa,25.94,25.94,25.94,93.0,27.02,10000.0,0.0,100.0,1.56,1.69,286.0,1001.0,0,804,Clouds,overcast clouds,04n
2025-07-24 00:01:39,Thanh Hoa-Thanh Hoa,Thanh Hoa,25.97,25.97,25.97,93.0,25.97,10000.0,0.0,100.0,1.56,1.69,286.0,1001.0,0,804,Clouds,overcast clouds,04n
2025-07-24 00:05:29,Thanh Hoa-Thanh Hoa,Thanh Hoa,25.97,25.97,25.97,93.0,25.97,10000.0,0.0,100.0,1.56,1.69,286.0,1001.0,0,804,Clouds,overcast clouds,04n
2025-07-24 00:09:18,Thanh Hoa-Thanh Hoa,Thanh Hoa,25.97,25.97,25.97,93.0,25.97,10000.0,0.0,100.0,1.56,1.69,286.0,1001.0,0,804,Clouds,overcast clouds,04n
2025-07-24 00:13:04,Thanh Hoa-Thanh Hoa,Thanh Hoa,25.97,25.97,25.97,93.0,25.97,10000.0,0.0,100.0,1.56,1.69,286.0,1001.0,0,804,Clouds,overcast clouds,04n
2025-07-24 00:16:50,Thanh Hoa-Thanh Hoa,Thanh Hoa,25.97,25.97,25.97,93.0,25.97,10000.0,0.0,100.0,1.56,1.69,286.0,1001.0,0,804,Clouds,overcast clouds,04n
2025-07-24 00:20:36,Thanh Hoa-Thanh Hoa,Thanh Hoa,25.97,25.97,25.97,93.0,25.97,10000.0,0.0,100.0,1.56,1.69,286.0,1001.0,0,804,Clouds,overcast clouds,04n
2025-07-24 00:24:22,Thanh Hoa-Thanh Hoa,Thanh Hoa,25.97,25.97,25.97,93.0,25.97,10000.0,0.0,100.0,1.56,1.69,286.0,1001.0,0,804,Clouds,overcast clouds,04n
2025-07-24 00:28:08,Thanh Hoa-Thanh Hoa,Thanh Hoa,25.97,25.97,25.97,93.0,25.97,10000.0,0.0,100.0,1.56,1.69,286.0,1001.0,0,804,Clouds,overcast clouds,04n
2025-07-24 00:31:54,Thanh Hoa-Thanh Hoa,Thanh Hoa,25.45,25.45,25.45,96.0,26.56,10000.0,0.0,100.0,2.08,3.21,304.0,1000.0,0,804,Clouds,overcast clouds,04n
2025-07-24 00:35:40,Thanh Hoa-Thanh Hoa,Thanh Hoa,25.45,25.45,25.45,96.0,26.56,10000.0,0.0,100.0,2.08,3.21,304.0,1000.0,0,804,Clouds,overcast clouds,04n
2025-07-24 00:40:21,Thanh Hoa-Thanh Hoa,Thanh Hoa,25.45,25.45,25.45,96.0,26.56,10000.0,0.0,100.0,2.08,3.21,304.0,1000.0,0,804,Clouds,overcast clouds,04n
2025-07-24 00:44:08,Thanh Hoa-Thanh Hoa,Thanh Hoa,25.45,25.45,25.45,96.0,26.56,10000.0,0.0,100.0,1.58,1.7,303.0,1000.0,0,804,Clouds,overcast clouds,04n
2025-07-24 00:47:54,Thanh Hoa-Thanh Hoa,Thanh Hoa,25.45,25.45,25.45,96.0,26.56,10000.0,0.0,100.0,1.58,1.7,303.0,1000.0,0,804,Clouds,overcast clouds,04n
2025-07-24 00:51:41,Thanh Hoa-Thanh Hoa,Thanh Hoa,25.45,25.45,25.45,96.0,26.56,10000.0,0.0,100.0,1.58,1.7,303.0,1000.0,0,804,Clouds,overcast clouds,04n
2025-07-24 00:55:27,Thanh Hoa-Thanh Hoa,Thanh Hoa,25.45,25.45,25.45,96.0,26.56,10000.0,0.0,100.0,1.58,1.7,303.0,1000.0,0,804,Clouds,overcast clouds,04n
2025-07-24 00:59:13,Thanh Hoa-Thanh Hoa,Thanh Hoa,25.45,25.45,25.45,96.0,26.56,10000.0,0.0,100.0,1.58,1.7,303.0,1000.0,0,804,Clouds,overcast clouds,04n
2025-07-24 01:02:59,Thanh Hoa-Thanh Hoa,Thanh Hoa,25.45,25.45,25.45,96.0,26.56,10000.0,0.0,100.0,1.58,1.7,303.0,1000.0,0,804,Clouds,overcast clouds,04n
2025-07-24 01:06:44,Thanh Hoa-Thanh Hoa,Thanh Hoa,25.45,25.45,25.45,96.0,26.56,10000.0,0.0,100.0,1.58,1.7,303.0,1000.0,0,804,Clouds,overcast clouds,04n
2025-07-24 01:10:36,Thanh Hoa-Thanh Hoa,Thanh Hoa,25.45,25.45,25.45,96.0,26.56,10000.0,0.51,100.0,1.58,1.7,303.0,1000.0,0,500,Rain,light rain,10n
2025-07-24 01:14:26,Thanh Hoa-Thanh Hoa,Thanh Hoa,25.45,25.45,25.45,96.0,26.56,10000.0,0.0,100.0,1.58,1.7,303.0,1000.0,0,804,Clouds,overcast clouds,04n
2025-07-24 01:18:11,Thanh Hoa-Thanh Hoa,Thanh Hoa,25.45,25.45,25.45,96.0,26.56,10000.0,0.0,100.0,1.58,1.7,303.0,1000.0,0,804,Clouds,overcast clouds,04n
2025-07-24 01:21:58,Thanh Hoa-Thanh Hoa,Thanh Hoa,25.45,25.45,25.45,96.0,26.56,10000.0,0.0,100.0,1.58,1.7,303.0,1000.0,0,804,Clouds,overcast clouds,04n
2025-07-24 01:25:44,Thanh Hoa-Thanh Hoa,Thanh Hoa,25.45,25.45,25.45,96.0,26.56,10000.0,0.0,100.0,1.58,1.7,303.0,1000.0,0,804,Clouds,overcast clouds,04n
2025-07-24 01:29:30,Thanh Hoa-Thanh Hoa,Thanh Hoa,25.45,25.45,25.45,96.0,26.56,10000.0,0.0,100.0,1.58,1.7,303.0,1000.0,0,804,Clouds,overcast clouds,04n
2025-07-24 01:33:16,Thanh Hoa-Thanh Hoa,Thanh Hoa,25.45,25.45,25.45,96.0,26.56,10000.0,0.0,100.0,1.58,1.7,303.0,1000.0,0,804,Clouds,overcast clouds,04n
2025-07-24 01:37:02,Thanh Hoa-Thanh Hoa,Thanh Hoa,25.06,25.06,25.06,98.0,26.18,10000.0,0.0,100.0,1.86,2.92,297.0,1000.0,0,804,Clouds,overcast clouds,04n
2025-07-24 01:40:49,Thanh Hoa-Thanh Hoa,Thanh Hoa,25.06,25.06,25.06,98.0,26.18,10000.0,0.0,100.0,1.86,2.92,297.0,1000.0,0,804,Clouds,overcast clouds,04n
2025-07-24 01:44:35,Thanh Hoa-Thanh Hoa,Thanh Hoa,25.06,25.06,25.06,98.0,26.18,10000.0,0.0,100.0,1.86,2.92,297.0,1000.0,0,804,Clouds,overcast clouds,04n
2025-07-24 01:48:21,Thanh Hoa-Thanh Hoa,Thanh Hoa,25.64,25.64,25.64,96.0,26.77,10000.0,0.0,100.0,1.86,2.92,297.0,1000.0,0,804,Clouds,overcast clouds,04n
2025-07-24 01:52:07,Thanh Hoa-Thanh Hoa,Thanh Hoa,25.64,25.64,25.64,96.0,26.77,10000.0,0.0,100.0,1.86,2.92,297.0,1000.0,0,804,Clouds,overcast clouds,04n
2025-07-24 01:55:53,Thanh Hoa-Thanh Hoa,Thanh Hoa,25.64,25.64,25.64,96.0,26.77,10000.0,0.0,100.0,1.86,2.92,297.0,1000.0,0,804,Clouds,overcast clouds,04n
2025-07-24 01:59:39,Thanh Hoa-Thanh Hoa,Thanh Hoa,25.64,25.64,25.64,96.0,26.77,10000.0,0.0,100.0,1.86,2.92,297.0,1000.0,0,804,Clouds,overcast clouds,04n
2025-07-24 02:03:25,Thanh Hoa-Thanh Hoa,Thanh Hoa,25.69,25.69,25.69,96.0,26.82,10000.0,0.0,100.0,1.86,2.92,297.0,1000.0,0,804,Clouds,overcast clouds,04n
2025-07-24 02:07:11,Thanh Hoa-Thanh Hoa,Thanh Hoa,25.69,25.69,25.69,96.0,26.82,10000.0,0.0,100.0,1.86,2.92,297.0,1000.0,0,804,Clouds,overcast clouds,04n
2025-07-24 02:10:57,Thanh Hoa-Thanh Hoa,Thanh Hoa,25.69,25.69,25.69,96.0,26.82,10000.0,0.0,100.0,1.86,2.92,297.0,1000.0,0,804,Clouds,overcast clouds,04n
2025-07-24 02:14:44,Thanh Hoa-Thanh Hoa,Thanh Hoa,25.69,25.69,25.69,96.0,26.82,10000.0,0.0,100.0,1.86,2.92,297.0,1000.0,0,804,Clouds,overcast clouds,04n
2025-07-24 02:18:31,Thanh Hoa-Thanh Hoa,Thanh Hoa,25.69,25.69,25.69,96.0,26.82,10000.0,0.0,100.0,1.86,2.92,297.0,1000.0,0,804,Clouds,overcast clouds,04n
2025-07-24 02:22:17,Thanh Hoa-Thanh Hoa,Thanh Hoa,25.69,25.69,25.69,96.0,26.82,10000.0,0.0,100.0,1.86,2.92,297.0,1000.0,0,804,Clouds,overcast clouds,04n
2025-07-24 02:26:08,Thanh Hoa-Thanh Hoa,Thanh Hoa,25.69,25.69,25.69,96.0,26.82,10000.0,0.0,100.0,1.86,2.92,297.0,1000.0,0,804,Clouds,overcast clouds,04n
2025-07-24 02:29:56,Thanh Hoa-Thanh Hoa,Thanh Hoa,25.69,25.69,25.69,96.0,26.82,10000.0,0.0,100.0,1.86,2.92,297.0,1000.0,0,804,Clouds,overcast clouds,04n
2025-07-24 02:33:45,Thanh Hoa-Thanh Hoa,Thanh Hoa,25.33,25.33,25.33,97.0,26.45,10000.0,0.0,100.0,2.07,3.47,299.0,999.0,0,804,Clouds,overcast clouds,04n
2025-07-24 02:37:36,Thanh Hoa-Thanh Hoa,Thanh Hoa,25.69,25.69,25.69,96.0,26.82,10000.0,0.0,100.0,1.86,2.92,297.0,1000.0,0,804,Clouds,overcast clouds,04n
2025-07-24 02:41:26,Thanh Hoa-Thanh Hoa,Thanh Hoa,25.33,25.33,25.33,97.0,26.45,10000.0,0.0,100.0,2.07,3.47,299.0,999.0,0,804,Clouds,overcast clouds,04n
2025-07-24 02:45:13,Thanh Hoa-Thanh Hoa,Thanh Hoa,25.33,25.33,25.33,97.0,26.45,10000.0,0.1,100.0,2.07,3.47,299.0,999.0,0,500,Rain,light rain,10n
2025-07-24 02:48:59,Thanh Hoa-Thanh Hoa,Thanh Hoa,25.33,25.33,25.33,97.0,26.45,10000.0,0.1,100.0,2.07,3.47,299.0,999.0,0,500,Rain,light rain,10n
2025-07-24 02:52:46,Thanh Hoa-Thanh Hoa,Thanh Hoa,25.29,25.29,25.29,97.0,26.41,10000.0,0.1,100.0,2.07,3.47,299.0,999.0,0,500,Rain,light rain,10n
2025-07-24 02:56:33,Thanh Hoa-Thanh Hoa,Thanh Hoa,25.29,25.29,25.29,97.0,26.41,10000.0,0.0,100.0,2.07,3.47,299.0,999.0,0,804,Clouds,overcast clouds,04n
2025-07-24 03:00:19,Thanh Hoa-Thanh Hoa,Thanh Hoa,25.29,25.29,25.29,97.0,26.41,10000.0,0.0,100.0,2.07,3.47,299.0,999.0,0,804,Clouds,overcast clouds,04n
2025-07-24 03:04:06,Thanh Hoa-Thanh Hoa,Thanh Hoa,25.29,25.29,25.29,97.0,26.41,10000.0,0.0,100.0,2.07,3.47,299.0,999.0,0,804,Clouds,overcast clouds,04n
2025-07-24 03:07:53,Thanh Hoa-Thanh Hoa,Thanh Hoa,25.32,25.32,25.32,97.0,26.44,10000.0,0.0,100.0,2.07,3.47,299.0,999.0,0,804,Clouds,overcast clouds,04n
2025-07-24 03:11:40,Thanh Hoa-Thanh Hoa,Thanh Hoa,25.32,25.32,25.32,97.0,26.44,10000.0,0.0,100.0,2.07,3.47,299.0,999.0,0,804,Clouds,overcast clouds,04n
2025-07-24 03:15:28,Thanh Hoa-Thanh Hoa,Thanh Hoa,25.32,25.32,25.32,97.0,26.44,10000.0,0.0,100.0,2.07,3.47,299.0,999.0,0,804,Clouds,overcast clouds,04n
2025-07-24 03:19:14,Thanh Hoa-Thanh Hoa,Thanh Hoa,25.32,25.32,25.32,97.0,26.44,10000.0,0.0,100.0,2.07,3.47,299.0,999.0,0,804,Clouds,overcast clouds,04n
2025-07-24 03:23:00,Thanh Hoa-Thanh Hoa,Thanh Hoa,25.32,25.32,25.32,97.0,26.44,10000.0,0.0,100.0,2.07,3.47,299.0,999.0,0,804,Clouds,overcast clouds,04n
2025-07-24 03:26:46,Thanh Hoa-Thanh Hoa,Thanh Hoa,25.32,25.32,25.32,97.0,26.44,10000.0,0.0,100.0,2.07,3.47,299.0,999.0,0,804,Clouds,overcast clouds,04n
2025-07-24 03:30:34,Thanh Hoa-Thanh Hoa,Thanh Hoa,25.32,25.32,25.32,97.0,26.44,10000.0,0.0,100.0,2.07,3.47,299.0,999.0,0,804,Clouds,overcast clouds,04n
2025-07-24 03:34:19,Thanh Hoa-Thanh Hoa,Thanh Hoa,25.32,25.32,25.32,97.0,26.44,10000.0,0.0,100.0,2.07,3.47,299.0,999.0,0,804,Clouds,overcast clouds,04n
2025-07-24 03:38:07,Thanh Hoa-Thanh Hoa,Thanh Hoa,25.16,25.16,25.16,97.0,26.26,10000.0,0.15,100.0,1.95,3.3,292.0,1000.0,0,500,Rain,light rain,10n
2025-07-24 03:41:54,Thanh Hoa-Thanh Hoa,Thanh Hoa,25.16,25.16,25.16,97.0,26.26,10000.0,0.13,100.0,1.95,3.3,292.0,1000.0,0,500,Rain,light rain,10n
2025-07-24 03:45:40,Thanh Hoa-Thanh Hoa,Thanh Hoa,25.16,25.16,25.16,97.0,26.26,10000.0,0.15,100.0,1.95,3.3,292.0,1000.0,0,500,Rain,light rain,10n
2025-07-24 03:49:26,Thanh Hoa-Thanh Hoa,Thanh Hoa,25.16,25.16,25.16,97.0,26.26,10000.0,0.0,100.0,1.95,3.3,292.0,1000.0,0,804,Clouds,overcast clouds,04n
2025-07-24 03:53:12,Thanh Hoa-Thanh Hoa,Thanh Hoa,25.16,25.16,25.16,97.0,26.26,10000.0,0.0,100.0,1.95,3.3,292.0,1000.0,0,804,Clouds,overcast clouds,04n
2025-07-24 03:56:58,Thanh Hoa-Thanh Hoa,Thanh Hoa,25.16,25.16,25.16,97.0,26.26,10000.0,0.0,100.0,1.95,3.3,292.0,1000.0,0,804,Clouds,overcast clouds,04n
2025-07-24 04:00:44,Thanh Hoa-Thanh Hoa,Thanh Hoa,25.16,25.16,25.16,97.0,26.26,10000.0,0.0,100.0,1.95,3.3,292.0,1000.0,0,804,Clouds,overcast clouds,04n
2025-07-24 04:04:30,Thanh Hoa-Thanh Hoa,Thanh Hoa,25.16,25.16,25.16,97.0,26.26,10000.0,0.0,100.0,1.95,3.3,292.0,1000.0,0,804,Clouds,overcast clouds,04n
2025-07-24 04:08:16,Thanh Hoa-Thanh Hoa,Thanh Hoa,25.19,25.19,25.19,97.0,26.3,10000.0,0.0,100.0,1.95,3.3,292.0,1000.0,0,804,Clouds,overcast clouds,04n
2025-07-24 04:12:02,Thanh Hoa-Thanh Hoa,Thanh Hoa,25.19,25.19,25.19,97.0,26.3,10000.0,0.0,100.0,1.95,3.3,292.0,1000.0,0,804,Clouds,overcast clouds,04n
2025-07-24 04:15:49,Thanh Hoa-Thanh Hoa,Thanh Hoa,25.19,25.19,25.19,97.0,26.3,10000.0,0.0,100.0,1.95,3.3,292.0,1000.0,0,804,Clouds,overcast clouds,04n
2025-07-24 04:19:35,Thanh Hoa-Thanh Hoa,Thanh Hoa,25.19,25.19,25.19,97.0,26.3,10000.0,0.0,100.0,1.95,3.3,292.0,1000.0,0,804,Clouds,overcast clouds,04n
2025-07-24 04:23:22,Thanh Hoa-Thanh Hoa,Thanh Hoa,25.19,25.19,25.19,97.0,26.3,10000.0,0.0,100.0,1.95,3.3,292.0,1000.0,0,804,Clouds,overcast clouds,04n
2025-07-24 04:27:08,Thanh Hoa-Thanh Hoa,Thanh Hoa,25.19,25.19,25.19,97.0,26.3,10000.0,0.0,100.0,1.95,3.3,292.0,1000.0,0,804,Clouds,overcast clouds,04n
2025-07-24 04:30:53,Thanh Hoa-Thanh Hoa,Thanh Hoa,25.19,25.19,25.19,97.0,26.3,10000.0,0.0,100.0,1.95,3.3,292.0,1000.0,0,804,Clouds,overcast clouds,04n
2025-07-24 04:34:39,Thanh Hoa-Thanh Hoa,Thanh Hoa,25.31,25.31,25.31,97.0,26.43,10000.0,0.0,100.0,1.71,2.68,295.0,1000.0,0,804,Clouds,overcast clouds,04n
2025-07-24 04:38:25,Thanh Hoa-Thanh Hoa,Thanh Hoa,25.31,25.31,25.31,97.0,26.43,10000.0,0.0,100.0,1.71,2.68,295.0,1000.0,0,804,Clouds,overcast clouds,04n
2025-07-24 04:42:11,Thanh Hoa-Thanh Hoa,Thanh Hoa,25.31,25.31,25.31,97.0,26.43,10000.0,0.0,100.0,1.71,2.68,295.0,1000.0,0,804,Clouds,overcast clouds,04n
2025-07-24 04:45:57,Thanh Hoa-Thanh Hoa,Thanh Hoa,25.31,25.31,25.31,97.0,26.43,10000.0,0.0,100.0,1.71,2.68,295.0,1000.0,0,804,Clouds,overcast clouds,04n
2025-07-24 04:49:43,Thanh Hoa-Thanh Hoa,Thanh Hoa,25.3,25.3,25.3,97.0,26.42,10000.0,0.1,100.0,1.71,2.68,295.0,1000.0,0,500,Rain,light rain,10n
2025-07-24 04:53:29,Thanh Hoa-Thanh Hoa,Thanh Hoa,25.3,25.3,25.3,97.0,26.42,10000.0,0.1,100.0,1.71,2.68,295.0,1000.0,0,500,Rain,light rain,10n
2025-07-24 04:57:15,Thanh Hoa-Thanh Hoa,Thanh Hoa,25.3,25.3,25.3,97.0,26.42,10000.0,0.0,100.0,1.71,2.68,295.0,1000.0,0,804,Clouds,overcast clouds,04n
2025-07-24 05:01:04,Thanh Hoa-Thanh Hoa,Thanh Hoa,25.3,25.3,25.3,97.0,26.42,10000.0,0.0,100.0,1.71,2.68,295.0,1000.0,0,804,Clouds,overcast clouds,04n
2025-07-24 05:04:52,Thanh Hoa-Thanh Hoa,Thanh Hoa,25.3,25.3,25.3,97.0,26.42,10000.0,0.0,100.0,1.71,2.68,295.0,1000.0,0,804,Clouds,overcast clouds,04n
2025-07-24 05:08:38,Thanh Hoa-Thanh Hoa,Thanh Hoa,25.3,25.3,25.3,97.0,26.42,10000.0,0.0,100.0,1.71,2.68,295.0,1000.0,0,804,Clouds,overcast clouds,04n
2025-07-24 05:12:24,Thanh Hoa-Thanh Hoa,Thanh Hoa,25.34,25.34,25.34,97.0,26.46,10000.0,0.0,100.0,1.71,2.68,295.0,1000.0,0,804,Clouds,overcast clouds,04n
2025-07-24 05:16:10,Thanh Hoa-Thanh Hoa,Thanh Hoa,25.33,25.33,25.33,97.0,26.45,10000.0,0.0,100.0,1.71,2.68,295.0,1000.0,0,804,Clouds,overcast clouds,04n
2025-07-24 05:19:56,Thanh Hoa-Thanh Hoa,Thanh Hoa,25.33,25.33,25.33,97.0,26.45,10000.0,0.0,100.0,1.71,2.68,295.0,1000.0,0,804,Clouds,overcast clouds,04n
2025-07-24 05:23:43,Thanh Hoa-Thanh Hoa,Thanh Hoa,25.33,25.33,25.33,97.0,26.45,10000.0,0.0,100.0,1.71,2.68,295.0,1000.0,0,804,Clouds,overcast clouds,04n
2025-07-24 05:27:29,Thanh Hoa-Thanh Hoa,Thanh Hoa,25.33,25.33,25.33,97.0,26.45,10000.0,0.0,100.0,1.71,2.68,295.0,1000.0,0,804,Clouds,overcast clouds,04n
2025-07-24 05:31:15,Thanh Hoa-Thanh Hoa,Thanh Hoa,25.55,25.55,25.55,96.0,26.67,10000.0,0.0,100.0,1.64,2.98,302.0,1001.0,1,804,Clouds,overcast clouds,04d
2025-07-24 05:35:02,Thanh Hoa-Thanh Hoa,Thanh Hoa,25.55,25.55,25.55,96.0,26.67,10000.0,0.0,100.0,1.64,2.98,302.0,1001.0,1,804,Clouds,overcast clouds,04d
2025-07-24 05:38:49,Thanh Hoa-Thanh Hoa,Thanh Hoa,25.55,25.55,25.55,96.0,26.67,10000.0,0.0,100.0,1.64,2.98,302.0,1001.0,1,804,Clouds,overcast clouds,04d
2025-07-24 05:42:35,Thanh Hoa-Thanh Hoa,Thanh Hoa,25.55,25.55,25.55,96.0,26.67,10000.0,0.0,100.0,1.64,2.98,302.0,1001.0,1,804,Clouds,overcast clouds,04d
2025-07-24 05:46:21,Thanh Hoa-Thanh Hoa,Thanh Hoa,25.55,25.55,25.55,96.0,26.67,10000.0,0.0,100.0,1.64,2.98,302.0,1001.0,1,804,Clouds,overcast clouds,04d
2025-07-24 05:50:07,Thanh Hoa-Thanh Hoa,Thanh Hoa,25.55,25.55,25.55,96.0,26.67,10000.0,0.0,100.0,1.64,2.98,302.0,1001.0,1,804,Clouds,overcast clouds,04d
2025-07-24 05:53:53,Thanh Hoa-Thanh Hoa,Thanh Hoa,25.55,25.55,25.55,96.0,26.67,10000.0,0.0,100.0,1.64,2.98,302.0,1001.0,1,804,Clouds,overcast clouds,04d
2025-07-24 05:57:39,Thanh Hoa-Thanh Hoa,Thanh Hoa,25.55,25.55,25.55,96.0,26.67,10000.0,0.0,100.0,1.64,2.98,302.0,1001.0,1,804,Clouds,overcast clouds,04d
2025-07-24 06:01:25,Thanh Hoa-Thanh Hoa,Thanh Hoa,25.55,25.55,25.55,96.0,26.67,10000.0,0.0,100.0,1.64,2.98,302.0,1001.0,1,804,Clouds,overcast clouds,04d
2025-07-24 06:05:13,Thanh Hoa-Thanh Hoa,Thanh Hoa,25.57,25.57,25.57,95.0,26.66,10000.0,0.0,100.0,1.64,2.98,302.0,1001.0,1,804,Clouds,overcast clouds,04d
2025-07-24 06:09:00,Thanh Hoa-Thanh Hoa,Thanh Hoa,25.57,25.57,25.57,95.0,26.66,10000.0,0.0,100.0,1.64,2.98,302.0,1001.0,1,804,Clouds,overcast clouds,04d
2025-07-24 06:12:46,Thanh Hoa-Thanh Hoa,Thanh Hoa,25.57,25.57,25.57,95.0,26.66,10000.0,0.0,100.0,1.64,2.98,302.0,1001.0,1,804,Clouds,overcast clouds,04d
2025-07-24 06:16:32,Thanh Hoa-Thanh Hoa,Thanh Hoa,25.57,25.57,25.57,95.0,26.66,10000.0,0.0,100.0,1.64,2.98,302.0,1001.0,1,804,Clouds,overcast clouds,04d
2025-07-24 06:20:18,Thanh Hoa-Thanh Hoa,Thanh Hoa,25.57,25.57,25.57,95.0,26.66,10000.0,0.0,100.0,1.64,2.98,302.0,1001.0,1,804,Clouds,overcast clouds,04d
2025-07-24 06:24:05,Thanh Hoa-Thanh Hoa,Thanh Hoa,25.57,25.57,25.57,95.0,26.66,10000.0,0.0,100.0,1.64,2.98,302.0,1001.0,1,804,Clouds,overcast clouds,04d
2025-07-24 06:27:52,Thanh Hoa-Thanh Hoa,Thanh Hoa,25.57,25.57,25.57,95.0,26.66,10000.0,0.0,100.0,1.64,2.98,302.0,1001.0,1,804,Clouds,overcast clouds,04d
2025-07-24 06:31:39,Thanh Hoa-Thanh Hoa,Thanh Hoa,26.25,26.25,26.25,94.0,26.25,10000.0,0.0,100.0,1.9,3.68,297.0,1001.0,1,804,Clouds,overcast clouds,04d
2025-07-24 06:35:24,Thanh Hoa-Thanh Hoa,Thanh Hoa,26.25,26.25,26.25,94.0,26.25,10000.0,0.0,100.0,1.9,3.68,297.0,1001.0,1,804,Clouds,overcast clouds,04d
2025-07-24 06:39:10,Thanh Hoa-Thanh Hoa,Thanh Hoa,26.25,26.25,26.25,94.0,26.25,10000.0,0.0,100.0,1.9,3.68,297.0,1001.0,1,804,Clouds,overcast clouds,04d
2025-07-24 06:42:56,Thanh Hoa-Thanh Hoa,Thanh Hoa,26.25,26.25,26.25,94.0,26.25,10000.0,0.0,100.0,1.9,3.68,297.0,1001.0,1,804,Clouds,overcast clouds,04d
2025-07-24 06:46:41,Thanh Hoa-Thanh Hoa,Thanh Hoa,26.25,26.25,26.25,94.0,26.25,10000.0,0.0,100.0,1.9,3.68,297.0,1001.0,1,804,Clouds,overcast clouds,04d
2025-07-24 06:50:27,Thanh Hoa-Thanh Hoa,Thanh Hoa,26.25,26.25,26.25,94.0,26.25,10000.0,0.0,100.0,1.9,3.68,297.0,1001.0,1,804,Clouds,overcast clouds,04d
2025-07-24 06:54:14,Thanh Hoa-Thanh Hoa,Thanh Hoa,26.25,26.25,26.25,94.0,26.25,10000.0,0.0,100.0,1.9,3.68,297.0,1001.0,1,804,Clouds,overcast clouds,04d
2025-07-24 06:58:00,Thanh Hoa-Thanh Hoa,Thanh Hoa,26.25,26.25,26.25,94.0,26.25,10000.0,0.0,100.0,1.9,3.68,297.0,1001.0,1,804,Clouds,overcast clouds,04d
2025-07-24 07:01:46,Thanh Hoa-Thanh Hoa,Thanh Hoa,26.26,26.26,26.26,94.0,26.26,10000.0,0.0,100.0,1.9,3.68,297.0,1001.0,1,804,Clouds,overcast clouds,04d
2025-07-24 07:05:35,Thanh Hoa-Thanh Hoa,Thanh Hoa,26.26,26.26,26.26,94.0,26.26,10000.0,0.0,100.0,1.9,3.68,297.0,1001.0,1,804,Clouds,overcast clouds,04d
2025-07-24 07:09:24,Thanh Hoa-Thanh Hoa,Thanh Hoa,26.26,26.26,26.26,94.0,26.26,10000.0,0.0,100.0,1.9,3.68,297.0,1001.0,1,804,Clouds,overcast clouds,04d
2025-07-24 07:13:10,Thanh Hoa-Thanh Hoa,Thanh Hoa,26.26,26.26,26.26,94.0,26.26,10000.0,0.0,100.0,1.9,3.68,297.0,1001.0,1,804,Clouds,overcast clouds,04d
2025-07-24 07:16:56,Thanh Hoa-Thanh Hoa,Thanh Hoa,26.26,26.26,26.26,94.0,26.26,10000.0,0.0,100.0,1.9,3.68,297.0,1001.0,1,804,Clouds,overcast clouds,04d
2025-07-24 07:20:43,Thanh Hoa-Thanh Hoa,Thanh Hoa,26.26,26.26,26.26,94.0,26.26,10000.0,0.0,100.0,1.9,3.68,297.0,1001.0,1,804,Clouds,overcast clouds,04d
2025-07-24 07:24:29,Thanh Hoa-Thanh Hoa,Thanh Hoa,26.26,26.26,26.26,94.0,26.26,10000.0,0.0,100.0,1.9,3.68,297.0,1001.0,1,804,Clouds,overcast clouds,04d
2025-07-24 07:28:15,Thanh Hoa-Thanh Hoa,Thanh Hoa,26.26,26.26,26.26,94.0,26.26,10000.0,0.0,100.0,1.9,3.68,297.0,1001.0,1,804,Clouds,overcast clouds,04d
2025-07-24 07:32:01,Thanh Hoa-Thanh Hoa,Thanh Hoa,26.26,26.26,26.26,94.0,26.26,10000.0,0.0,100.0,1.9,3.68,297.0,1001.0,1,804,Clouds,overcast clouds,04d
2025-07-24 07:35:47,Thanh Hoa-Thanh Hoa,Thanh Hoa,26.94,26.94,26.94,91.0,30.67,10000.0,0.0,100.0,1.72,3.36,289.0,1002.0,1,804,Clouds,overcast clouds,04d
2025-07-24 07:39:33,Thanh Hoa-Thanh Hoa,Thanh Hoa,26.94,26.94,26.94,91.0,30.67,10000.0,0.0,100.0,1.72,3.36,289.0,1002.0,1,804,Clouds,overcast clouds,04d
2025-07-24 07:43:19,Thanh Hoa-Thanh Hoa,Thanh Hoa,26.94,26.94,26.94,91.0,30.67,10000.0,0.0,100.0,1.72,3.36,289.0,1002.0,1,804,Clouds,overcast clouds,04d
2025-07-24 07:47:06,Thanh Hoa-Thanh Hoa,Thanh Hoa,26.94,26.94,26.94,91.0,30.67,10000.0,0.0,100.0,1.72,3.36,289.0,1002.0,1,804,Clouds,overcast clouds,04d
2025-07-24 07:50:53,Thanh Hoa-Thanh Hoa,Thanh Hoa,26.94,26.94,26.94,91.0,30.67,10000.0,0.0,100.0,1.72,3.36,289.0,1002.0,1,804,Clouds,overcast clouds,04d
2025-07-24 07:54:40,Thanh Hoa-Thanh Hoa,Thanh Hoa,26.94,26.94,26.94,91.0,30.67,10000.0,0.0,100.0,1.72,3.36,289.0,1002.0,1,804,Clouds,overcast clouds,04d
2025-07-24 07:58:26,Thanh Hoa-Thanh Hoa,Thanh Hoa,26.94,26.94,26.94,91.0,30.67,10000.0,0.0,100.0,1.72,3.36,289.0,1002.0,1,804,Clouds,overcast clouds,04d
2025-07-24 08:02:12,Thanh Hoa-Thanh Hoa,Thanh Hoa,26.94,26.94,26.94,91.0,30.67,10000.0,0.0,100.0,1.72,3.36,289.0,1002.0,1,804,Clouds,overcast clouds,04d
2025-07-24 08:05:58,Thanh Hoa-Thanh Hoa,Thanh Hoa,25.53,25.53,25.53,97.0,26.67,10000.0,0.0,100.0,1.72,3.36,289.0,1002.0,1,804,Clouds,overcast clouds,04d
2025-07-24 08:09:44,Thanh Hoa-Thanh Hoa,Thanh Hoa,25.53,25.53,25.53,97.0,26.67,10000.0,0.0,100.0,1.72,3.36,289.0,1002.0,1,804,Clouds,overcast clouds,04d
2025-07-24 08:13:31,Thanh Hoa-Thanh Hoa,Thanh Hoa,25.53,25.53,25.53,97.0,26.67,10000.0,0.0,100.0,1.72,3.36,289.0,1002.0,1,804,Clouds,overcast clouds,04d
2025-07-24 08:17:17,Thanh Hoa-Thanh Hoa,Thanh Hoa,25.53,25.53,25.53,97.0,26.67,10000.0,0.0,100.0,1.72,3.36,289.0,1002.0,1,804,Clouds,overcast clouds,04d
2025-07-24 08:21:05,Thanh Hoa-Thanh Hoa,Thanh Hoa,25.52,25.52,25.52,97.0,26.66,10000.0,0.0,100.0,1.72,3.36,289.0,1002.0,1,804,Clouds,overcast clouds,04d
2025-07-24 08:24:52,Thanh Hoa-Thanh Hoa,Thanh Hoa,25.52,25.52,25.52,97.0,26.66,10000.0,0.0,100.0,1.72,3.36,289.0,1002.0,1,804,Clouds,overcast clouds,04d
2025-07-24 08:28:38,Thanh Hoa-Thanh Hoa,Thanh Hoa,25.52,25.52,25.52,97.0,26.66,10000.0,0.0,100.0,1.72,3.36,289.0,1002.0,1,804,Clouds,overcast clouds,04d
2025-07-24 08:32:24,Thanh Hoa-Thanh Hoa,Thanh Hoa,26.1,26.1,26.1,95.0,26.1,10000.0,0.0,100.0,1.55,3.35,307.0,1002.0,1,804,Clouds,overcast clouds,04d
2025-07-24 08:36:10,Thanh Hoa-Thanh Hoa,Thanh Hoa,25.52,25.52,25.52,97.0,26.66,10000.0,0.0,100.0,1.72,3.36,289.0,1002.0,1,804,Clouds,overcast clouds,04d
2025-07-24 08:39:56,Thanh Hoa-Thanh Hoa,Thanh Hoa,26.1,26.1,26.1,95.0,26.1,10000.0,0.0,100.0,1.55,3.35,307.0,1002.0,1,804,Clouds,overcast clouds,04d
2025-07-24 08:43:42,Thanh Hoa-Thanh Hoa,Thanh Hoa,26.1,26.1,26.1,95.0,26.1,10000.0,0.0,100.0,1.55,3.35,307.0,1002.0,1,804,Clouds,overcast clouds,04d
2025-07-24 08:47:28,Thanh Hoa-Thanh Hoa,Thanh Hoa,26.1,26.1,26.1,95.0,26.1,10000.0,0.0,100.0,1.55,3.35,307.0,1002.0,1,804,Clouds,overcast clouds,04d
2025-07-24 08:51:14,Thanh Hoa-Thanh Hoa,Thanh Hoa,26.1,26.1,26.1,95.0,26.1,10000.0,0.0,100.0,1.55,3.35,307.0,1002.0,1,804,Clouds,overcast clouds,04d
2025-07-24 08:55:01,Thanh Hoa-Thanh Hoa,Thanh Hoa,26.1,26.1,26.1,95.0,26.1,10000.0,0.0,100.0,1.55,3.35,307.0,1002.0,1,804,Clouds,overcast clouds,04d
2025-07-24 08:58:48,Thanh Hoa-Thanh Hoa,Thanh Hoa,26.1,26.1,26.1,95.0,26.1,10000.0,0.0,100.0,1.55,3.35,307.0,1002.0,1,804,Clouds,overcast clouds,04d
2025-07-24 09:02:34,Thanh Hoa-Thanh Hoa,Thanh Hoa,26.12,26.12,26.12,95.0,26.12,10000.0,0.0,100.0,1.55,3.35,307.0,1002.0,1,804,Clouds,overcast clouds,04d
2025-07-24 09:06:22,Thanh Hoa-Thanh Hoa,Thanh Hoa,26.12,26.12,26.12,95.0,26.12,10000.0,0.0,100.0,1.55,3.35,307.0,1002.0,1,804,Clouds,overcast clouds,04d
2025-07-24 09:10:10,Thanh Hoa-Thanh Hoa,Thanh Hoa,26.12,26.12,26.12,95.0,26.12,10000.0,0.0,100.0,1.55,3.35,307.0,1002.0,1,804,Clouds,overcast clouds,04d
2025-07-24 09:13:56,Thanh Hoa-Thanh Hoa,Thanh Hoa,26.12,26.12,26.12,95.0,26.12,10000.0,0.0,100.0,1.55,3.35,307.0,1002.0,1,804,Clouds,overcast clouds,04d
2025-07-24 09:17:42,Thanh Hoa-Thanh Hoa,Thanh Hoa,26.12,26.12,26.12,95.0,26.12,10000.0,0.0,100.0,1.55,3.35,307.0,1002.0,1,804,Clouds,overcast clouds,04d
2025-07-24 09:21:27,Thanh Hoa-Thanh Hoa,Thanh Hoa,26.11,26.11,26.11,95.0,26.11,10000.0,0.0,100.0,1.55,3.35,307.0,1002.0,1,804,Clouds,overcast clouds,04d
2025-07-24 09:25:13,Thanh Hoa-Thanh Hoa,Thanh Hoa,26.11,26.11,26.11,95.0,26.11,10000.0,0.0,100.0,1.55,3.35,307.0,1002.0,1,804,Clouds,overcast clouds,04d
2025-07-24 09:28:59,Thanh Hoa-Thanh Hoa,Thanh Hoa,26.11,26.11,26.11,95.0,26.11,10000.0,0.0,100.0,1.55,3.35,307.0,1002.0,1,804,Clouds,overcast clouds,04d
2025-07-24 09:32:45,Thanh Hoa-Thanh Hoa,Thanh Hoa,27.76,27.76,27.76,87.0,32.53,10000.0,0.0,99.0,1.99,3.73,325.0,1002.0,1,804,Clouds,overcast clouds,04d
2025-07-24 09:36:32,Thanh Hoa-Thanh Hoa,Thanh Hoa,27.76,27.76,27.76,87.0,32.53,10000.0,0.0,99.0,1.99,3.73,325.0,1002.0,1,804,Clouds,overcast clouds,04d
2025-07-24 09:40:17,Thanh Hoa-Thanh Hoa,Thanh Hoa,27.76,27.76,27.76,87.0,32.53,10000.0,0.0,99.0,1.99,3.73,325.0,1002.0,1,804,Clouds,overcast clouds,04d
2025-07-24 09:44:03,Thanh Hoa-Thanh Hoa,Thanh Hoa,27.76,27.76,27.76,87.0,32.53,10000.0,0.0,99.0,1.99,3.73,325.0,1002.0,1,804,Clouds,overcast clouds,04d
2025-07-24 09:47:50,Thanh Hoa-Thanh Hoa,Thanh Hoa,27.8,27.8,27.8,87.0,32.64,10000.0,0.0,99.0,1.99,3.73,325.0,1002.0,1,804,Clouds,overcast clouds,04d
2025-07-24 09:51:36,Thanh Hoa-Thanh Hoa,Thanh Hoa,27.8,27.8,27.8,87.0,32.64,10000.0,0.0,99.0,1.99,3.73,325.0,1002.0,1,804,Clouds,overcast clouds,04d
2025-07-24 09:55:21,Thanh Hoa-Thanh Hoa,Thanh Hoa,27.8,27.8,27.8,87.0,32.64,10000.0,0.0,99.0,1.99,3.73,325.0,1002.0,1,804,Clouds,overcast clouds,04d
2025-07-24 09:59:07,Thanh Hoa-Thanh Hoa,Thanh Hoa,27.8,27.8,27.8,87.0,32.64,10000.0,0.0,99.0,1.99,3.73,325.0,1002.0,1,804,Clouds,overcast clouds,04d
2025-07-24 10:02:53,Thanh Hoa-Thanh Hoa,Thanh Hoa,27.8,27.8,27.8,87.0,32.64,10000.0,0.0,99.0,1.99,3.73,325.0,1002.0,1,804,Clouds,overcast clouds,04d
2025-07-24 10:06:39,Thanh Hoa-Thanh Hoa,Thanh Hoa,27.79,27.79,27.79,87.0,32.62,10000.0,0.0,99.0,1.99,3.73,325.0,1002.0,1,804,Clouds,overcast clouds,04d
2025-07-24 10:10:26,Thanh Hoa-Thanh Hoa,Thanh Hoa,27.79,27.79,27.79,87.0,32.62,10000.0,0.0,99.0,1.99,3.73,325.0,1002.0,1,804,Clouds,overcast clouds,04d
2025-07-24 10:14:12,Thanh Hoa-Thanh Hoa,Thanh Hoa,27.79,27.79,27.79,87.0,32.62,10000.0,0.0,99.0,1.99,3.73,325.0,1002.0,1,804,Clouds,overcast clouds,04d
2025-07-24 10:17:59,Thanh Hoa-Thanh Hoa,Thanh Hoa,27.79,27.79,27.79,87.0,32.62,10000.0,0.0,99.0,1.99,3.73,325.0,1002.0,1,804,Clouds,overcast clouds,04d
2025-07-24 10:21:45,Thanh Hoa-Thanh Hoa,Thanh Hoa,27.79,27.79,27.79,87.0,32.62,10000.0,0.0,99.0,1.99,3.73,325.0,1002.0,1,804,Clouds,overcast clouds,04d
2025-07-24 10:25:31,Thanh Hoa-Thanh Hoa,Thanh Hoa,27.79,27.79,27.79,87.0,32.62,10000.0,0.0,99.0,1.99,3.73,325.0,1002.0,1,804,Clouds,overcast clouds,04d
2025-07-24 10:29:18,Thanh Hoa-Thanh Hoa,Thanh Hoa,27.79,27.79,27.79,87.0,32.62,10000.0,0.0,99.0,1.99,3.73,325.0,1002.0,1,804,Clouds,overcast clouds,04d
2025-07-24 10:33:05,Thanh Hoa-Thanh Hoa,Thanh Hoa,27.79,27.79,27.79,87.0,32.62,10000.0,0.0,99.0,1.99,3.73,325.0,1002.0,1,804,Clouds,overcast clouds,04d
2025-07-24 10:36:52,Thanh Hoa-Thanh Hoa,Thanh Hoa,29.97,29.97,29.97,75.0,36.22,10000.0,0.0,99.0,2.05,3.09,339.0,1002.0,1,804,Clouds,overcast clouds,04d
2025-07-24 10:40:39,Thanh Hoa-Thanh Hoa,Thanh Hoa,29.97,29.97,29.97,75.0,36.22,10000.0,0.0,99.0,2.05,3.09,339.0,1002.0,1,804,Clouds,overcast clouds,04d
2025-07-24 10:44:25,Thanh Hoa-Thanh Hoa,Thanh Hoa,29.97,29.97,29.97,75.0,36.22,10000.0,0.0,99.0,2.05,3.09,339.0,1002.0,1,804,Clouds,overcast clouds,04d
2025-07-24 10:48:11,Thanh Hoa-Thanh Hoa,Thanh Hoa,30.0,30.0,30.0,75.0,36.3,10000.0,0.0,99.0,2.05,3.09,339.0,1002.0,1,804,Clouds,overcast clouds,04d
2025-07-24 10:51:57,Thanh Hoa-Thanh Hoa,Thanh Hoa,30.0,30.0,30.0,75.0,36.3,10000.0,0.0,99.0,2.05,3.09,339.0,1002.0,1,804,Clouds,overcast clouds,04d
2025-07-24 10:55:43,Thanh Hoa-Thanh Hoa,Thanh Hoa,30.0,30.0,30.0,75.0,36.3,10000.0,0.0,99.0,2.05,3.09,339.0,1002.0,1,804,Clouds,overcast clouds,04d
2025-07-24 10:59:29,Thanh Hoa-Thanh Hoa,Thanh Hoa,30.0,30.0,30.0,75.0,36.3,10000.0,0.0,99.0,2.05,3.09,339.0,1002.0,1,804,Clouds,overcast clouds,04d
2025-07-24 11:03:15,Thanh Hoa-Thanh Hoa,Thanh Hoa,29.98,29.98,29.98,75.0,36.24,10000.0,0.0,99.0,2.05,3.09,339.0,1002.0,1,804,Clouds,overcast clouds,04d
2025-07-24 11:07:01,Thanh Hoa-Thanh Hoa,Thanh Hoa,29.98,29.98,29.98,75.0,36.24,10000.0,0.0,99.0,2.05,3.09,339.0,1002.0,1,804,Clouds,overcast clouds,04d
2025-07-24 11:10:47,Thanh Hoa-Thanh Hoa,Thanh Hoa,29.98,29.98,29.98,75.0,36.24,10000.0,0.0,99.0,2.05,3.09,339.0,1002.0,1,804,Clouds,overcast clouds,04d
2025-07-24 11:14:33,Thanh Hoa-Thanh Hoa,Thanh Hoa,29.98,29.98,29.98,75.0,36.24,10000.0,0.0,99.0,2.05,3.09,339.0,1002.0,1,804,Clouds,overcast clouds,04d
2025-07-24 11:18:19,Thanh Hoa-Thanh Hoa,Thanh Hoa,29.99,29.99,29.99,75.0,36.27,10000.0,0.1,99.0,2.05,3.09,339.0,1002.0,1,500,Rain,light rain,10d
2025-07-24 11:22:05,Thanh Hoa-Thanh Hoa,Thanh Hoa,29.99,29.99,29.99,75.0,36.27,10000.0,0.1,99.0,2.05,3.09,339.0,1002.0,1,500,Rain,light rain,10d
2025-07-24 11:25:51,Thanh Hoa-Thanh Hoa,Thanh Hoa,29.99,29.99,29.99,75.0,36.27,10000.0,0.1,99.0,2.05,3.09,339.0,1002.0,1,500,Rain,light rain,10d
2025-07-24 11:29:37,Thanh Hoa-Thanh Hoa,Thanh Hoa,29.99,29.99,29.99,75.0,36.27,10000.0,0.21,99.0,2.05,3.09,339.0,1002.0,1,500,Rain,light rain,10d
2025-07-24 11:33:24,Thanh Hoa-Thanh Hoa,Thanh Hoa,31.79,31.79,31.79,67.0,38.77,10000.0,0.21,99.0,1.52,2.19,337.0,1001.0,1,500,Rain,light rain,10d
2025-07-24 11:37:12,Thanh Hoa-Thanh Hoa,Thanh Hoa,31.79,31.79,31.79,67.0,38.77,10000.0,0.21,99.0,1.52,2.19,337.0,1001.0,1,500,Rain,light rain,10d
2025-07-24 11:41:00,Thanh Hoa-Thanh Hoa,Thanh Hoa,31.79,31.79,31.79,67.0,38.77,10000.0,0.32,99.0,1.52,2.19,337.0,1001.0,1,500,Rain,light rain,10d
2025-07-24 11:44:46,Thanh Hoa-Thanh Hoa,Thanh Hoa,31.79,31.79,31.79,67.0,38.77,10000.0,0.32,99.0,1.52,2.19,337.0,1001.0,1,500,Rain,light rain,10d
2025-07-24 11:48:32,Thanh Hoa-Thanh Hoa,Thanh Hoa,31.79,31.79,31.79,67.0,38.77,10000.0,0.32,99.0,1.52,2.19,337.0,1001.0,1,500,Rain,light rain,10d
2025-07-24 11:52:18,Thanh Hoa-Thanh Hoa,Thanh Hoa,31.82,31.82,31.82,67.0,38.82,10000.0,0.24,99.0,1.52,2.19,337.0,1001.0,1,500,Rain,light rain,10d
2025-07-24 11:56:04,Thanh Hoa-Thanh Hoa,Thanh Hoa,31.82,31.82,31.82,67.0,38.82,10000.0,0.24,99.0,1.52,2.19,337.0,1001.0,1,500,Rain,light rain,10d
2025-07-24 11:59:50,Thanh Hoa-Thanh Hoa,Thanh Hoa,31.82,31.82,31.82,67.0,38.82,10000.0,0.37,99.0,1.52,2.19,337.0,1001.0,1,500,Rain,light rain,10d
2025-07-24 12:03:36,Thanh Hoa-Thanh Hoa,Thanh Hoa,31.82,31.82,31.82,67.0,38.82,10000.0,0.37,99.0,1.52,2.19,337.0,1001.0,1,500,Rain,light rain,10d
2025-07-24 12:07:25,Thanh Hoa-Thanh Hoa,Thanh Hoa,31.8,31.8,31.8,67.0,38.8,10000.0,0.37,99.0,1.52,2.19,337.0,1001.0,1,500,Rain,light rain,10d
2025-07-24 12:11:14,Thanh Hoa-Thanh Hoa,Thanh Hoa,31.8,31.8,31.8,67.0,38.8,10000.0,0.67,99.0,1.52,2.19,337.0,1001.0,1,500,Rain,light rain,10d
2025-07-24 12:15:00,Thanh Hoa-Thanh Hoa,Thanh Hoa,31.8,31.8,31.8,67.0,38.8,10000.0,0.75,99.0,1.52,2.19,337.0,1001.0,1,500,Rain,light rain,10d
2025-07-24 12:18:46,Thanh Hoa-Thanh Hoa,Thanh Hoa,31.8,31.8,31.8,67.0,38.8,10000.0,0.75,99.0,1.52,2.19,337.0,1001.0,1,500,Rain,light rain,10d
2025-07-24 12:22:32,Thanh Hoa-Thanh Hoa,Thanh Hoa,31.8,31.8,31.8,67.0,38.8,10000.0,0.75,99.0,1.52,2.19,337.0,1001.0,1,500,Rain,light rain,10d
2025-07-24 12:26:19,Thanh Hoa-Thanh Hoa,Thanh Hoa,31.81,31.81,31.81,67.0,38.81,10000.0,0.56,99.0,1.52,2.19,337.0,1001.0,1,500,Rain,light rain,10d
2025-07-24 12:30:06,Thanh Hoa-Thanh Hoa,Thanh Hoa,32.69,32.69,32.69,65.0,39.69,10000.0,0.49,98.0,0.95,1.65,332.0,1000.0,1,500,Rain,light rain,10d
2025-07-24 12:33:53,Thanh Hoa-Thanh Hoa,Thanh Hoa,32.69,32.69,32.69,65.0,39.69,10000.0,0.49,98.0,0.95,1.65,332.0,1000.0,1,500,Rain,light rain,10d
2025-07-24 12:37:40,Thanh Hoa-Thanh Hoa,Thanh Hoa,32.69,32.69,32.69,65.0,39.69,10000.0,0.49,98.0,0.95,1.65,332.0,1000.0,1,500,Rain,light rain,10d
2025-07-24 12:41:26,Thanh Hoa-Thanh Hoa,Thanh Hoa,32.69,32.69,32.69,65.0,39.69,10000.0,0.42,98.0,0.95,1.65,332.0,1000.0,1,500,Rain,light rain,10d
2025-07-24 12:45:12,Thanh Hoa-Thanh Hoa,Thanh Hoa,32.69,32.69,32.69,65.0,39.69,10000.0,0.42,98.0,0.95,1.65,332.0,1000.0,1,500,Rain,light rain,10d
2025-07-24 12:48:58,Thanh Hoa-Thanh Hoa,Thanh Hoa,32.69,32.69,32.69,65.0,39.69,10000.0,0.36,98.0,0.95,1.65,332.0,1000.0,1,500,Rain,light rain,10d
2025-07-24 12:52:44,Thanh Hoa-Thanh Hoa,Thanh Hoa,32.69,32.69,32.69,65.0,39.69,10000.0,0.36,98.0,0.95,1.65,332.0,1000.0,1,500,Rain,light rain,10d
2025-07-24 12:56:30,Thanh Hoa-Thanh Hoa,Thanh Hoa,32.69,32.69,32.69,65.0,39.69,10000.0,0.34,100.0,0.23,1.09,135.0,1000.0,1,500,Rain,light rain,10d
2025-07-24 13:00:16,Thanh Hoa-Thanh Hoa,Thanh Hoa,32.69,32.69,32.69,65.0,39.69,10000.0,0.49,100.0,0.23,1.09,135.0,1000.0,1,500,Rain,light rain,10d
2025-07-24 13:04:02,Thanh Hoa-Thanh Hoa,Thanh Hoa,32.69,32.69,32.69,65.0,39.69,10000.0,0.34,100.0,0.23,1.09,135.0,1000.0,1,500,Rain,light rain,10d
2025-07-24 13:07:48,Thanh Hoa-Thanh Hoa,Thanh Hoa,32.69,32.69,32.69,65.0,39.69,10000.0,0.49,100.0,0.23,1.09,135.0,1000.0,1,500,Rain,light rain,10d
2025-07-24 13:11:34,Thanh Hoa-Thanh Hoa,Thanh Hoa,32.69,32.69,32.69,65.0,39.69,10000.0,0.56,100.0,0.23,1.09,135.0,1000.0,1,500,Rain,light rain,10d
2025-07-24 13:15:20,Thanh Hoa-Thanh Hoa,Thanh Hoa,32.69,32.69,32.69,65.0,39.69,10000.0,0.56,100.0,0.23,1.09,135.0,1000.0,1,500,Rain,light rain,10d
2025-07-24 13:19:09,Thanh Hoa-Thanh Hoa,Thanh Hoa,32.69,32.69,32.69,65.0,39.69,10000.0,0.56,100.0,0.23,1.09,135.0,1000.0,1,500,Rain,light rain,10d
2025-07-24 13:22:59,Thanh Hoa-Thanh Hoa,Thanh Hoa,31.59,31.59,31.59,73.0,38.59,10000.0,0.32,100.0,0.23,1.09,135.0,999.0,1,500,Rain,light rain,10d
2025-07-24 13:26:51,Thanh Hoa-Thanh Hoa,Thanh Hoa,31.59,31.59,31.59,73.0,38.59,10000.0,0.13,100.0,0.23,1.09,135.0,999.0,1,500,Rain,light rain,10d
2025-07-24 13:30:40,Thanh Hoa-Thanh Hoa,Thanh Hoa,31.59,31.59,31.59,73.0,38.59,10000.0,0.13,100.0,0.23,1.09,135.0,999.0,1,500,Rain,light rain,10d
2025-07-24 13:34:26,Thanh Hoa-Thanh Hoa,Thanh Hoa,30.95,30.95,30.95,75.0,37.95,3436.0,0.13,100.0,1.11,1.06,112.0,999.0,1,500,Rain,light rain,10d
2025-07-24 13:38:12,Thanh Hoa-Thanh Hoa,Thanh Hoa,30.95,30.95,30.95,75.0,37.95,3436.0,0.12,100.0,1.11,1.06,112.0,999.0,1,500,Rain,light rain,10d
2025-07-24 13:41:58,Thanh Hoa-Thanh Hoa,Thanh Hoa,30.95,30.95,30.95,75.0,37.95,3436.0,0.12,100.0,1.11,1.06,112.0,999.0,1,500,Rain,light rain,10d
2025-07-24 13:45:44,Thanh Hoa-Thanh Hoa,Thanh Hoa,30.95,30.95,30.95,75.0,37.95,3436.0,0.1,100.0,1.11,1.06,112.0,999.0,1,500,Rain,light rain,10d
2025-07-24 13:49:31,Thanh Hoa-Thanh Hoa,Thanh Hoa,30.95,30.95,30.95,75.0,37.95,3436.0,0.1,100.0,1.11,1.06,112.0,999.0,1,500,Rain,light rain,10d
2025-07-24 13:53:17,Thanh Hoa-Thanh Hoa,Thanh Hoa,30.95,30.95,30.95,75.0,37.95,3436.0,0.1,100.0,1.11,1.06,112.0,999.0,1,500,Rain,light rain,10d
2025-07-24 13:57:03,Thanh Hoa-Thanh Hoa,Thanh Hoa,30.95,30.95,30.95,75.0,37.95,3436.0,0.0,100.0,1.11,1.06,112.0,999.0,1,804,Clouds,overcast clouds,04d
2025-07-24 14:00:49,Thanh Hoa-Thanh Hoa,Thanh Hoa,30.95,30.95,30.95,75.0,37.95,3436.0,0.0,100.0,1.11,1.06,112.0,999.0,1,804,Clouds,overcast clouds,04d
2025-07-24 14:04:36,Thanh Hoa-Thanh Hoa,Thanh Hoa,30.94,30.94,30.94,75.0,37.94,3436.0,0.0,100.0,1.11,1.06,112.0,999.0,1,804,Clouds,overcast clouds,04d
2025-07-24 14:08:21,Thanh Hoa-Thanh Hoa,Thanh Hoa,30.94,30.94,30.94,75.0,37.94,3436.0,0.0,100.0,1.11,1.06,112.0,999.0,1,804,Clouds,overcast clouds,04d
2025-07-24 14:12:08,Thanh Hoa-Thanh Hoa,Thanh Hoa,30.94,30.94,30.94,75.0,37.94,3436.0,0.0,100.0,1.11,1.06,112.0,999.0,1,804,Clouds,overcast clouds,04d
2025-07-24 14:15:55,Thanh Hoa-Thanh Hoa,Thanh Hoa,30.94,30.94,30.94,75.0,37.94,3436.0,0.11,100.0,1.11,1.06,112.0,999.0,1,500,Rain,light rain,10d
2025-07-24 14:19:41,Thanh Hoa-Thanh Hoa,Thanh Hoa,30.94,30.94,30.94,75.0,37.94,3436.0,0.0,100.0,1.11,1.06,112.0,999.0,1,804,Clouds,overcast clouds,04d
2025-07-24 14:23:27,Thanh Hoa-Thanh Hoa,Thanh Hoa,30.9,30.9,30.9,75.0,37.9,3436.0,0.0,100.0,1.11,1.06,112.0,999.0,1,804,Clouds,overcast clouds,04d
2025-07-24 14:27:13,Thanh Hoa-Thanh Hoa,Thanh Hoa,30.9,30.9,30.9,75.0,37.9,3436.0,0.0,100.0,1.11,1.06,112.0,999.0,1,804,Clouds,overcast clouds,04d
2025-07-24 14:31:00,Thanh Hoa-Thanh Hoa,Thanh Hoa,29.89,29.89,29.89,84.0,36.89,10000.0,0.0,100.0,0.89,0.98,155.0,998.0,1,804,Clouds,overcast clouds,04d
2025-07-24 14:34:47,Thanh Hoa-Thanh Hoa,Thanh Hoa,29.89,29.89,29.89,84.0,36.89,10000.0,0.0,100.0,0.89,0.98,155.0,998.0,1,804,Clouds,overcast clouds,04d
2025-07-24 14:38:33,Thanh Hoa-Thanh Hoa,Thanh Hoa,29.89,29.89,29.89,84.0,36.89,10000.0,0.0,100.0,0.89,0.98,155.0,998.0,1,804,Clouds,overcast clouds,04d
2025-07-24 14:42:19,Thanh Hoa-Thanh Hoa,Thanh Hoa,29.89,29.89,29.89,84.0,36.89,10000.0,0.0,100.0,0.89,0.98,155.0,998.0,1,804,Clouds,overcast clouds,04d
2025-07-24 14:46:05,Thanh Hoa-Thanh Hoa,Thanh Hoa,29.89,29.89,29.89,84.0,36.89,10000.0,0.0,100.0,0.89,0.98,155.0,998.0,1,804,Clouds,overcast clouds,04d
2025-07-24 14:49:55,Thanh Hoa-Thanh Hoa,Thanh Hoa,29.89,29.89,29.89,84.0,36.89,10000.0,0.0,100.0,0.89,0.98,155.0,998.0,1,804,Clouds,overcast clouds,04d
2025-07-24 14:53:47,Thanh Hoa-Thanh Hoa,Thanh Hoa,29.89,29.89,29.89,84.0,36.89,10000.0,0.0,100.0,0.89,0.98,155.0,998.0,1,804,Clouds,overcast clouds,04d
2025-07-24 14:57:35,Thanh Hoa-Thanh Hoa,Thanh Hoa,29.89,29.89,29.89,84.0,36.89,10000.0,0.0,100.0,0.89,0.98,155.0,998.0,1,804,Clouds,overcast clouds,04d
2025-07-24 15:01:21,Thanh Hoa-Thanh Hoa,Thanh Hoa,29.89,29.89,29.89,84.0,36.89,10000.0,0.0,100.0,0.89,0.98,155.0,998.0,1,804,Clouds,overcast clouds,04d
2025-07-24 15:05:07,Thanh Hoa-Thanh Hoa,Thanh Hoa,29.89,29.89,29.89,84.0,36.89,10000.0,0.0,100.0,0.89,0.98,155.0,998.0,1,804,Clouds,overcast clouds,04d
2025-07-24 15:08:53,Thanh Hoa-Thanh Hoa,Thanh Hoa,29.89,29.89,29.89,84.0,36.89,10000.0,0.0,100.0,0.89,0.98,155.0,998.0,1,804,Clouds,overcast clouds,04d
2025-07-24 15:12:39,Thanh Hoa-Thanh Hoa,Thanh Hoa,29.89,29.89,29.89,84.0,36.89,10000.0,0.0,100.0,0.89,0.98,155.0,998.0,1,804,Clouds,overcast clouds,04d
2025-07-24 15:16:25,Thanh Hoa-Thanh Hoa,Thanh Hoa,29.88,29.88,29.88,84.0,36.88,10000.0,0.0,100.0,0.89,0.98,155.0,998.0,1,804,Clouds,overcast clouds,04d
2025-07-24 15:20:12,Thanh Hoa-Thanh Hoa,Thanh Hoa,29.88,29.88,29.88,84.0,36.88,10000.0,0.0,100.0,0.89,0.98,155.0,998.0,1,804,Clouds,overcast clouds,04d
2025-07-24 15:23:58,Thanh Hoa-Thanh Hoa,Thanh Hoa,29.88,29.88,29.88,84.0,36.88,10000.0,0.0,100.0,0.89,0.98,155.0,998.0,1,804,Clouds,overcast clouds,04d
2025-07-24 15:27:45,Thanh Hoa-Thanh Hoa,Thanh Hoa,29.88,29.88,29.88,84.0,36.88,10000.0,0.14,100.0,0.89,0.98,155.0,998.0,1,500,Rain,light rain,10d
2025-07-24 15:31:32,Thanh Hoa-Thanh Hoa,Thanh Hoa,27.53,27.53,27.53,91.0,32.44,10000.0,0.19,100.0,2.27,2.81,132.0,998.0,1,500,Rain,light rain,10d
2025-07-24 15:35:18,Thanh Hoa-Thanh Hoa,Thanh Hoa,27.53,27.53,27.53,91.0,32.44,10000.0,0.37,100.0,2.27,2.81,132.0,998.0,1,500,Rain,light rain,10d
2025-07-24 15:39:05,Thanh Hoa-Thanh Hoa,Thanh Hoa,27.53,27.53,27.53,91.0,32.44,10000.0,0.19,100.0,2.27,2.81,132.0,998.0,1,500,Rain,light rain,10d
2025-07-24 15:42:52,Thanh Hoa-Thanh Hoa,Thanh Hoa,27.53,27.53,27.53,91.0,32.44,10000.0,0.26,100.0,2.27,2.81,132.0,998.0,1,500,Rain,light rain,10d
2025-07-24 15:46:38,Thanh Hoa-Thanh Hoa,Thanh Hoa,27.53,27.53,27.53,91.0,32.44,10000.0,0.15,100.0,2.27,2.81,132.0,998.0,1,500,Rain,light rain,10d
2025-07-24 15:50:24,Thanh Hoa-Thanh Hoa,Thanh Hoa,27.53,27.53,27.53,91.0,32.44,10000.0,0.15,100.0,2.27,2.81,132.0,998.0,1,500,Rain,light rain,10d
2025-07-24 15:54:11,Thanh Hoa-Thanh Hoa,Thanh Hoa,27.53,27.53,27.53,91.0,32.44,10000.0,0.12,100.0,2.27,2.81,132.0,998.0,1,500,Rain,light rain,10d
2025-07-24 15:57:57,Thanh Hoa-Thanh Hoa,Thanh Hoa,27.53,27.53,27.53,91.0,32.44,10000.0,0.12,100.0,2.27,2.81,132.0,998.0,1,500,Rain,light rain,10d
2025-07-24 16:01:45,Thanh Hoa-Thanh Hoa,Thanh Hoa,27.55,27.55,27.55,91.0,32.5,10000.0,0.48,100.0,2.27,2.81,132.0,998.0,1,500,Rain,light rain,10d
2025-07-24 16:05:37,Thanh Hoa-Thanh Hoa,Thanh Hoa,27.55,27.55,27.55,91.0,32.5,10000.0,1.21,100.0,2.27,2.81,132.0,998.0,1,501,Rain,moderate rain,10d
2025-07-24 16:09:24,Thanh Hoa-Thanh Hoa,Thanh Hoa,27.55,27.55,27.55,91.0,32.5,10000.0,1.21,100.0,2.27,2.81,132.0,998.0,1,501,Rain,moderate rain,10d
2025-07-24 16:13:10,Thanh Hoa-Thanh Hoa,Thanh Hoa,27.55,27.55,27.55,91.0,32.5,10000.0,0.86,100.0,2.27,2.81,132.0,998.0,1,500,Rain,light rain,10d
2025-07-24 16:17:03,Thanh Hoa-Thanh Hoa,Thanh Hoa,27.55,27.55,27.55,91.0,32.5,10000.0,0.86,100.0,2.27,2.81,132.0,998.0,1,500,Rain,light rain,10d
2025-07-24 16:20:49,Thanh Hoa-Thanh Hoa,Thanh Hoa,27.55,27.55,27.55,91.0,32.5,10000.0,0.86,100.0,2.27,2.81,132.0,998.0,1,500,Rain,light rain,10d
2025-07-24 16:24:35,Thanh Hoa-Thanh Hoa,Thanh Hoa,27.54,27.54,27.54,91.0,32.47,10000.0,0.49,100.0,2.27,2.81,132.0,998.0,1,500,Rain,light rain,10d
2025-07-24 16:28:21,Thanh Hoa-Thanh Hoa,Thanh Hoa,27.54,27.54,27.54,91.0,32.47,10000.0,0.49,100.0,2.27,2.81,132.0,998.0,1,500,Rain,light rain,10d
2025-07-24 16:32:08,Thanh Hoa-Thanh Hoa,Thanh Hoa,27.54,27.54,27.54,91.0,32.47,10000.0,0.49,100.0,2.27,2.81,132.0,998.0,1,500,Rain,light rain,10d
2025-07-24 16:35:55,Thanh Hoa-Thanh Hoa,Thanh Hoa,26.79,26.79,26.79,95.0,30.61,10000.0,1.37,100.0,2.48,4.17,130.0,998.0,1,501,Rain,moderate rain,10d
2025-07-24 16:39:41,Thanh Hoa-Thanh Hoa,Thanh Hoa,26.79,26.79,26.79,95.0,30.61,10000.0,1.37,100.0,2.48,4.17,130.0,998.0,1,501,Rain,moderate rain,10d
2025-07-24 16:43:27,Thanh Hoa-Thanh Hoa,Thanh Hoa,26.79,26.79,26.79,95.0,30.61,10000.0,2.99,100.0,2.48,4.17,130.0,998.0,1,501,Rain,moderate rain,10d
2025-07-24 16:47:14,Thanh Hoa-Thanh Hoa,Thanh Hoa,26.79,26.79,26.79,95.0,30.61,10000.0,2.99,100.0,2.48,4.17,130.0,998.0,1,501,Rain,moderate rain,10d
2025-07-24 16:51:00,Thanh Hoa-Thanh Hoa,Thanh Hoa,26.79,26.79,26.79,95.0,30.61,10000.0,2.99,100.0,2.48,4.17,130.0,998.0,1,501,Rain,moderate rain,10d
2025-07-24 16:54:45,Thanh Hoa-Thanh Hoa,Thanh Hoa,26.79,26.79,26.79,95.0,30.61,10000.0,1.33,100.0,2.48,4.17,130.0,998.0,1,501,Rain,moderate rain,10d
2025-07-24 16:58:31,Thanh Hoa-Thanh Hoa,Thanh Hoa,26.79,26.79,26.79,95.0,30.61,10000.0,1.78,100.0,2.48,4.17,130.0,998.0,1,501,Rain,moderate rain,10d
2025-07-24 17:02:18,Thanh Hoa-Thanh Hoa,Thanh Hoa,26.79,26.79,26.79,95.0,30.61,10000.0,1.33,100.0,2.48,4.17,130.0,998.0,1,501,Rain,moderate rain,10d
2025-07-24 17:06:04,Thanh Hoa-Thanh Hoa,Thanh Hoa,26.79,26.79,26.79,95.0,30.61,10000.0,1.78,100.0,2.48,4.17,130.0,998.0,1,501,Rain,moderate rain,10d
2025-07-24 17:09:50,Thanh Hoa-Thanh Hoa,Thanh Hoa,26.81,26.81,26.81,95.0,30.67,10000.0,1.78,100.0,2.48,4.17,130.0,998.0,1,501,Rain,moderate rain,10d
2025-07-24 17:13:37,Thanh Hoa-Thanh Hoa,Thanh Hoa,26.81,26.81,26.81,95.0,30.67,10000.0,2.05,100.0,2.48,4.17,130.0,998.0,1,501,Rain,moderate rain,10d
2025-07-24 17:17:23,Thanh Hoa-Thanh Hoa,Thanh Hoa,26.81,26.81,26.81,95.0,30.67,10000.0,1.78,100.0,2.48,4.17,130.0,998.0,1,501,Rain,moderate rain,10d
2025-07-24 17:21:11,Thanh Hoa-Thanh Hoa,Thanh Hoa,26.8,26.8,26.8,95.0,30.64,10000.0,1.33,100.0,2.48,4.17,130.0,998.0,1,501,Rain,moderate rain,10d
2025-07-24 17:24:58,Thanh Hoa-Thanh Hoa,Thanh Hoa,26.8,26.8,26.8,95.0,30.64,10000.0,1.33,100.0,2.48,4.17,130.0,998.0,1,501,Rain,moderate rain,10d
2025-07-24 17:28:45,Thanh Hoa-Thanh Hoa,Thanh Hoa,26.8,26.8,26.8,95.0,30.64,10000.0,1.37,100.0,2.48,4.17,130.0,998.0,1,501,Rain,moderate rain,10d
2025-07-24 17:32:31,Thanh Hoa-Thanh Hoa,Thanh Hoa,26.8,26.8,26.8,95.0,30.64,10000.0,1.37,100.0,2.48,4.17,130.0,998.0,1,501,Rain,moderate rain,10d
2025-07-24 17:36:17,Thanh Hoa-Thanh Hoa,Thanh Hoa,26.8,26.8,26.8,95.0,30.64,10000.0,1.37,100.0,2.48,4.17,130.0,998.0,1,501,Rain,moderate rain,10d
2025-07-24 17:40:08,Thanh Hoa-Thanh Hoa,Thanh Hoa,26.24,26.24,26.24,96.0,26.24,6180.0,1.15,100.0,1.63,2.29,147.0,999.0,1,501,Rain,moderate rain,10d
2025-07-24 17:43:55,Thanh Hoa-Thanh Hoa,Thanh Hoa,26.24,26.24,26.24,96.0,26.24,6180.0,1.03,100.0,1.63,2.29,147.0,999.0,1,501,Rain,moderate rain,10d
2025-07-24 17:47:42,Thanh Hoa-Thanh Hoa,Thanh Hoa,26.24,26.24,26.24,96.0,26.24,6180.0,1.03,100.0,1.63,2.29,147.0,999.0,1,501,Rain,moderate rain,10d
2025-07-24 17:51:28,Thanh Hoa-Thanh Hoa,Thanh Hoa,26.23,26.23,26.23,96.0,26.23,6180.0,0.36,100.0,1.63,2.29,147.0,999.0,1,500,Rain,light rain,10d
2025-07-24 17:55:14,Thanh Hoa-Thanh Hoa,Thanh Hoa,26.23,26.23,26.23,96.0,26.23,6180.0,0.37,100.0,1.63,2.29,147.0,999.0,1,500,Rain,light rain,10d
2025-07-24 17:59:01,Thanh Hoa-Thanh Hoa,Thanh Hoa,26.23,26.23,26.23,96.0,26.23,6180.0,0.33,100.0,1.63,2.29,147.0,999.0,1,500,Rain,light rain,10d
2025-07-24 18:02:48,Thanh Hoa-Thanh Hoa,Thanh Hoa,26.23,26.23,26.23,96.0,26.23,6180.0,0.37,100.0,1.63,2.29,147.0,999.0,1,500,Rain,light rain,10d
2025-07-24 18:06:34,Thanh Hoa-Thanh Hoa,Thanh Hoa,26.26,26.26,26.26,96.0,26.26,6180.0,0.18,100.0,1.63,2.29,147.0,999.0,1,500,Rain,light rain,10d
2025-07-24 18:10:22,Thanh Hoa-Thanh Hoa,Thanh Hoa,26.26,26.26,26.26,96.0,26.26,6180.0,0.24,100.0,1.63,2.29,147.0,999.0,1,500,Rain,light rain,10d
2025-07-24 18:14:09,Thanh Hoa-Thanh Hoa,Thanh Hoa,26.26,26.26,26.26,96.0,26.26,6180.0,0.24,100.0,1.63,2.29,147.0,999.0,1,500,Rain,light rain,10d
2025-07-24 18:17:56,Thanh Hoa-Thanh Hoa,Thanh Hoa,26.24,26.24,26.24,96.0,26.24,6180.0,0.12,100.0,1.63,2.29,147.0,999.0,1,500,Rain,light rain,10d
2025-07-24 18:21:43,Thanh Hoa-Thanh Hoa,Thanh Hoa,26.24,26.24,26.24,96.0,26.24,6180.0,0.12,100.0,1.63,2.29,147.0,999.0,1,500,Rain,light rain,10d
2025-07-24 18:26:50,Thanh Hoa-Thanh Hoa,Thanh Hoa,26.24,26.24,26.24,96.0,26.24,6180.0,0.12,100.0,1.63,2.29,147.0,999.0,1,500,Rain,light rain,10d
2025-07-24 18:30:38,Thanh Hoa-Thanh Hoa,Thanh Hoa,26.11,26.11,26.11,97.0,26.11,10000.0,0.18,100.0,1.48,2.1,180.0,1000.0,1,500,Rain,light rain,10d
2025-07-24 18:34:25,Thanh Hoa-Thanh Hoa,Thanh Hoa,26.11,26.11,26.11,97.0,26.11,10000.0,0.18,100.0,1.48,2.1,180.0,1000.0,1,500,Rain,light rain,10d
2025-07-24 18:38:12,Thanh Hoa-Thanh Hoa,Thanh Hoa,26.11,26.11,26.11,97.0,26.11,10000.0,0.29,100.0,1.48,2.1,180.0,1000.0,0,500,Rain,light rain,10n
2025-07-24 18:41:58,Thanh Hoa-Thanh Hoa,Thanh Hoa,26.11,26.11,26.11,97.0,26.11,10000.0,0.32,100.0,1.48,2.1,180.0,1000.0,0,500,Rain,light rain,10n
2025-07-24 18:45:44,Thanh Hoa-Thanh Hoa,Thanh Hoa,26.11,26.11,26.11,97.0,26.11,10000.0,0.29,100.0,1.48,2.1,180.0,1000.0,0,500,Rain,light rain,10n
2025-07-24 18:49:31,Thanh Hoa-Thanh Hoa,Thanh Hoa,26.08,26.08,26.08,97.0,26.08,10000.0,0.15,100.0,1.48,2.1,180.0,1000.0,0,500,Rain,light rain,10n
2025-07-24 18:53:18,Thanh Hoa-Thanh Hoa,Thanh Hoa,26.08,26.08,26.08,97.0,26.08,10000.0,0.23,100.0,1.48,2.1,180.0,1000.0,0,500,Rain,light rain,10n
2025-07-24 18:57:04,Thanh Hoa-Thanh Hoa,Thanh Hoa,26.08,26.08,26.08,97.0,26.08,10000.0,0.16,100.0,1.48,2.1,180.0,1000.0,0,500,Rain,light rain,10n
2025-07-24 19:00:50,Thanh Hoa-Thanh Hoa,Thanh Hoa,26.08,26.08,26.08,97.0,26.08,10000.0,0.16,100.0,1.48,2.1,180.0,1000.0,0,500,Rain,light rain,10n
2025-07-24 19:04:36,Thanh Hoa-Thanh Hoa,Thanh Hoa,26.08,26.08,26.08,97.0,26.08,10000.0,0.16,100.0,1.48,2.1,180.0,1000.0,0,500,Rain,light rain,10n
2025-07-24 19:08:22,Thanh Hoa-Thanh Hoa,Thanh Hoa,26.1,26.1,26.1,97.0,26.1,10000.0,0.12,100.0,1.48,2.1,180.0,1000.0,0,500,Rain,light rain,10n
2025-07-24 19:12:09,Thanh Hoa-Thanh Hoa,Thanh Hoa,26.1,26.1,26.1,97.0,26.1,10000.0,0.1,100.0,1.48,2.1,180.0,1000.0,0,500,Rain,light rain,10n
2025-07-24 19:15:55,Thanh Hoa-Thanh Hoa,Thanh Hoa,26.1,26.1,26.1,97.0,26.1,10000.0,0.12,100.0,1.48,2.1,180.0,1000.0,0,500,Rain,light rain,10n
2025-07-24 19:19:41,Thanh Hoa-Thanh Hoa,Thanh Hoa,26.09,26.09,26.09,97.0,26.09,10000.0,0.0,100.0,1.48,2.1,180.0,1000.0,0,804,Clouds,overcast clouds,04n
2025-07-24 19:23:28,Thanh Hoa-Thanh Hoa,Thanh Hoa,26.09,26.09,26.09,97.0,26.09,10000.0,0.0,100.0,1.48,2.1,180.0,1000.0,0,804,Clouds,overcast clouds,04n
2025-07-24 19:27:15,Thanh Hoa-Thanh Hoa,Thanh Hoa,26.09,26.09,26.09,97.0,26.09,10000.0,0.0,100.0,1.48,2.1,180.0,1000.0,0,804,Clouds,overcast clouds,04n
2025-07-24 19:31:01,Thanh Hoa-Thanh Hoa,Thanh Hoa,25.83,25.83,25.83,97.0,27.0,10000.0,0.0,100.0,1.9,3.28,254.0,1001.0,0,804,Clouds,overcast clouds,04n
2025-07-24 19:34:48,Thanh Hoa-Thanh Hoa,Thanh Hoa,26.09,26.09,26.09,97.0,26.09,10000.0,0.0,100.0,1.48,2.1,180.0,1000.0,0,804,Clouds,overcast clouds,04n
2025-07-24 19:38:35,Thanh Hoa-Thanh Hoa,Thanh Hoa,25.83,25.83,25.83,97.0,27.0,10000.0,0.0,100.0,1.9,3.28,254.0,1001.0,0,804,Clouds,overcast clouds,04n
2025-07-24 19:42:21,Thanh Hoa-Thanh Hoa,Thanh Hoa,25.83,25.83,25.83,97.0,27.0,10000.0,0.0,100.0,1.9,3.28,254.0,1001.0,0,804,Clouds,overcast clouds,04n
2025-07-24 19:46:08,Thanh Hoa-Thanh Hoa,Thanh Hoa,25.83,25.83,25.83,97.0,27.0,10000.0,0.12,100.0,1.9,3.28,254.0,1001.0,0,500,Rain,light rain,10n
2025-07-24 19:49:56,Thanh Hoa-Thanh Hoa,Thanh Hoa,25.83,25.83,25.83,97.0,27.0,10000.0,0.12,100.0,1.9,3.28,254.0,1001.0,0,500,Rain,light rain,10n
2025-07-24 19:53:42,Thanh Hoa-Thanh Hoa,Thanh Hoa,25.83,25.83,25.83,97.0,27.0,10000.0,0.13,100.0,1.9,3.28,254.0,1001.0,0,500,Rain,light rain,10n
2025-07-24 19:57:31,Thanh Hoa-Thanh Hoa,Thanh Hoa,25.83,25.83,25.83,97.0,27.0,10000.0,0.13,100.0,1.9,3.28,254.0,1001.0,0,500,Rain,light rain,10n
2025-07-24 20:01:18,Thanh Hoa-Thanh Hoa,Thanh Hoa,25.83,25.83,25.83,97.0,27.0,10000.0,0.0,100.0,1.9,3.28,254.0,1001.0,0,804,Clouds,overcast clouds,04n
2025-07-24 20:05:06,Thanh Hoa-Thanh Hoa,Thanh Hoa,25.83,25.83,25.83,97.0,27.0,10000.0,0.0,100.0,1.9,3.28,254.0,1001.0,0,804,Clouds,overcast clouds,04n
2025-07-24 20:08:54,Thanh Hoa-Thanh Hoa,Thanh Hoa,25.68,25.68,25.68,97.0,26.84,10000.0,0.0,100.0,1.9,3.28,254.0,1001.0,0,804,Clouds,overcast clouds,04n
2025-07-24 20:12:41,Thanh Hoa-Thanh Hoa,Thanh Hoa,25.68,25.68,25.68,97.0,26.84,10000.0,0.0,100.0,1.9,3.28,254.0,1001.0,0,804,Clouds,overcast clouds,04n
2025-07-24 20:16:28,Thanh Hoa-Thanh Hoa,Thanh Hoa,25.67,25.67,25.67,97.0,26.83,10000.0,0.0,100.0,1.9,3.28,254.0,1001.0,0,804,Clouds,overcast clouds,04n
2025-07-24 20:20:16,Thanh Hoa-Thanh Hoa,Thanh Hoa,25.68,25.68,25.68,97.0,26.84,10000.0,0.0,100.0,1.9,3.28,254.0,1001.0,0,804,Clouds,overcast clouds,04n
2025-07-24 20:24:05,Thanh Hoa-Thanh Hoa,Thanh Hoa,25.67,25.67,25.67,97.0,26.83,10000.0,0.0,100.0,1.9,3.28,254.0,1001.0,0,804,Clouds,overcast clouds,04n
2025-07-24 20:27:52,Thanh Hoa-Thanh Hoa,Thanh Hoa,25.67,25.67,25.67,97.0,26.83,10000.0,0.0,100.0,1.9,3.28,254.0,1001.0,0,804,Clouds,overcast clouds,04n
2025-07-24 20:31:38,Thanh Hoa-Thanh Hoa,Thanh Hoa,25.67,25.67,25.67,97.0,26.83,10000.0,0.0,100.0,1.9,3.28,254.0,1001.0,0,804,Clouds,overcast clouds,04n
2025-07-24 20:35:24,Thanh Hoa-Thanh Hoa,Thanh Hoa,25.41,25.41,25.41,98.0,26.57,5820.0,0.27,100.0,1.68,3.05,249.0,1002.0,0,500,Rain,light rain,10n
2025-07-24 20:39:10,Thanh Hoa-Thanh Hoa,Thanh Hoa,25.41,25.41,25.41,98.0,26.57,5820.0,0.27,100.0,1.68,3.05,249.0,1002.0,0,500,Rain,light rain,10n
2025-07-24 20:42:56,Thanh Hoa-Thanh Hoa,Thanh Hoa,25.41,25.41,25.41,98.0,26.57,5820.0,0.38,100.0,1.68,3.05,249.0,1002.0,0,500,Rain,light rain,10n
2025-07-24 20:46:42,Thanh Hoa-Thanh Hoa,Thanh Hoa,25.45,25.45,25.45,98.0,26.61,5820.0,0.85,100.0,1.68,3.05,249.0,1002.0,0,500,Rain,light rain,10n
2025-07-24 20:50:31,Thanh Hoa-Thanh Hoa,Thanh Hoa,25.45,25.45,25.45,98.0,26.61,5820.0,0.85,100.0,1.68,3.05,249.0,1002.0,0,500,Rain,light rain,10n
2025-07-24 20:54:17,Thanh Hoa-Thanh Hoa,Thanh Hoa,25.45,25.45,25.45,98.0,26.61,5820.0,0.85,100.0,1.68,3.05,249.0,1002.0,0,500,Rain,light rain,10n
2025-07-24 20:58:06,Thanh Hoa-Thanh Hoa,Thanh Hoa,25.45,25.45,25.45,98.0,26.61,5820.0,1.78,100.0,1.68,3.05,249.0,1002.0,0,501,Rain,moderate rain,10n
2025-07-24 21:01:54,Thanh Hoa-Thanh Hoa,Thanh Hoa,25.48,25.48,25.48,98.0,26.64,5820.0,2.18,100.0,1.68,3.05,249.0,1002.0,0,501,Rain,moderate rain,10n
2025-07-24 21:05:44,Thanh Hoa-Thanh Hoa,Thanh Hoa,25.48,25.48,25.48,98.0,26.64,5820.0,1.78,100.0,1.68,3.05,249.0,1002.0,0,501,Rain,moderate rain,10n
2025-07-24 21:09:31,Thanh Hoa-Thanh Hoa,Thanh Hoa,25.48,25.48,25.48,98.0,26.64,5820.0,1.78,100.0,1.68,3.05,249.0,1002.0,0,501,Rain,moderate rain,10n
2025-07-24 21:13:17,Thanh Hoa-Thanh Hoa,Thanh Hoa,25.48,25.48,25.48,98.0,26.64,5820.0,2.73,100.0,1.68,3.05,249.0,1002.0,0,501,Rain,moderate rain,10n
2025-07-24 21:17:04,Thanh Hoa-Thanh Hoa,Thanh Hoa,25.48,25.48,25.48,98.0,26.64,5820.0,3.65,100.0,1.68,3.05,249.0,1002.0,0,501,Rain,moderate rain,10n
2025-07-24 21:20:50,Thanh Hoa-Thanh Hoa,Thanh Hoa,25.48,25.48,25.48,98.0,26.64,5820.0,3.65,100.0,1.68,3.05,249.0,1002.0,0,501,Rain,moderate rain,10n
2025-07-24 21:24:36,Thanh Hoa-Thanh Hoa,Thanh Hoa,25.48,25.48,25.48,98.0,26.64,5820.0,3.65,100.0,1.68,3.05,249.0,1002.0,0,501,Rain,moderate rain,10n
2025-07-24 21:28:23,Thanh Hoa-Thanh Hoa,Thanh Hoa,25.48,25.48,25.48,98.0,26.64,5820.0,3.65,100.0,1.68,3.05,249.0,1002.0,0,501,Rain,moderate rain,10n
2025-07-24 21:32:09,Thanh Hoa-Thanh Hoa,Thanh Hoa,25.48,25.48,25.48,98.0,26.64,5820.0,3.65,100.0,1.68,3.05,249.0,1002.0,0,501,Rain,moderate rain,10n
2025-07-24 21:35:55,Thanh Hoa-Thanh Hoa,Thanh Hoa,25.38,25.38,25.38,98.0,26.53,2271.0,1.5,100.0,1.96,4.05,250.0,1003.0,0,501,Rain,moderate rain,10n
2025-07-24 21:39:41,Thanh Hoa-Thanh Hoa,Thanh Hoa,25.38,25.38,25.38,98.0,26.53,2271.0,1.33,100.0,1.96,4.05,250.0,1003.0,0,501,Rain,moderate rain,10n
2025-07-24 21:43:28,Thanh Hoa-Thanh Hoa,Thanh Hoa,25.38,25.38,25.38,98.0,26.53,2271.0,2.73,100.0,1.96,4.05,250.0,1003.0,0,501,Rain,moderate rain,10n
2025-07-24 21:47:15,Thanh Hoa-Thanh Hoa,Thanh Hoa,25.38,25.38,25.38,98.0,26.53,2271.0,1.33,100.0,1.96,4.05,250.0,1003.0,0,501,Rain,moderate rain,10n
2025-07-24 21:51:03,Thanh Hoa-Thanh Hoa,Thanh Hoa,25.41,25.41,25.41,98.0,26.57,2271.0,2.37,100.0,1.96,4.05,250.0,1003.0,0,501,Rain,moderate rain,10n
2025-07-24 21:54:50,Thanh Hoa-Thanh Hoa,Thanh Hoa,25.41,25.41,25.41,98.0,26.57,2271.0,2.37,100.0,1.96,4.05,250.0,1003.0,0,501,Rain,moderate rain,10n
2025-07-24 21:58:37,Thanh Hoa-Thanh Hoa,Thanh Hoa,25.41,25.41,25.41,98.0,26.57,2271.0,4.21,100.0,1.96,4.05,250.0,1003.0,0,502,Rain,heavy intensity rain,10n
2025-07-24 22:02:24,Thanh Hoa-Thanh Hoa,Thanh Hoa,25.44,25.44,25.44,98.0,26.6,2271.0,3.35,100.0,1.96,4.05,250.0,1003.0,0,501,Rain,moderate rain,10n
2025-07-24 22:06:11,Thanh Hoa-Thanh Hoa,Thanh Hoa,25.44,25.44,25.44,98.0,26.6,2271.0,3.55,100.0,1.96,4.05,250.0,1003.0,0,501,Rain,moderate rain,10n
2025-07-24 22:09:57,Thanh Hoa-Thanh Hoa,Thanh Hoa,25.44,25.44,25.44,98.0,26.6,2271.0,3.55,100.0,1.96,4.05,250.0,1003.0,0,501,Rain,moderate rain,10n
2025-07-24 22:13:46,Thanh Hoa-Thanh Hoa,Thanh Hoa,25.44,25.44,25.44,98.0,26.6,2271.0,3.76,100.0,1.96,4.05,250.0,1003.0,0,501,Rain,moderate rain,10n
2025-07-24 22:17:33,Thanh Hoa-Thanh Hoa,Thanh Hoa,25.44,25.44,25.44,98.0,26.6,2271.0,3.55,100.0,1.96,4.05,250.0,1003.0,0,501,Rain,moderate rain,10n
2025-07-24 22:21:19,Thanh Hoa-Thanh Hoa,Thanh Hoa,25.44,25.44,25.44,98.0,26.6,2271.0,2.37,100.0,1.96,4.05,250.0,1003.0,0,501,Rain,moderate rain,10n
2025-07-24 22:25:07,Thanh Hoa-Thanh Hoa,Thanh Hoa,25.44,25.44,25.44,98.0,26.6,2271.0,2.37,100.0,1.96,4.05,250.0,1003.0,0,501,Rain,moderate rain,10n
2025-07-24 22:28:56,Thanh Hoa-Thanh Hoa,Thanh Hoa,25.44,25.44,25.44,98.0,26.6,2271.0,1.54,100.0,1.96,4.05,250.0,1003.0,0,501,Rain,moderate rain,10n
2025-07-24 22:32:42,Thanh Hoa-Thanh Hoa,Thanh Hoa,25.39,25.39,25.39,98.0,26.54,10000.0,0.61,100.0,2.14,4.55,245.0,1003.0,0,500,Rain,light rain,10n
2025-07-24 22:36:29,Thanh Hoa-Thanh Hoa,Thanh Hoa,25.39,25.39,25.39,98.0,26.54,10000.0,0.61,100.0,2.14,4.55,245.0,1003.0,0,500,Rain,light rain,10n
2025-07-24 22:40:19,Thanh Hoa-Thanh Hoa,Thanh Hoa,25.39,25.39,25.39,98.0,26.54,10000.0,0.61,100.0,2.14,4.55,245.0,1003.0,0,500,Rain,light rain,10n
2025-07-24 22:44:09,Thanh Hoa-Thanh Hoa,Thanh Hoa,25.39,25.39,25.39,98.0,26.54,10000.0,4.21,100.0,2.14,4.55,245.0,1003.0,0,502,Rain,heavy intensity rain,10n
2025-07-25 11:54:52,Thanh Hoa-Thanh Hoa,Thanh Hoa,30.56,30.56,30.56,79.0,37.56,6176.0,0.0,100.0,0.86,0.72,183.0,1001.0,1,804,Clouds,overcast clouds,04d
2025-07-25 11:58:37,Thanh Hoa-Thanh Hoa,Thanh Hoa,30.56,30.56,30.56,79.0,37.56,6176.0,0.0,100.0,0.86,0.72,183.0,1001.0,1,804,Clouds,overcast clouds,04d
2025-07-25 12:02:22,Thanh Hoa-Thanh Hoa,Thanh Hoa,30.56,30.56,30.56,79.0,37.56,6176.0,0.0,100.0,0.86,0.72,183.0,1001.0,1,804,Clouds,overcast clouds,04d
2025-07-25 12:06:08,Thanh Hoa-Thanh Hoa,Thanh Hoa,30.56,30.56,30.56,79.0,37.56,6176.0,0.0,100.0,0.86,0.72,183.0,1001.0,1,804,Clouds,overcast clouds,04d
2025-07-25 12:09:54,Thanh Hoa-Thanh Hoa,Thanh Hoa,30.56,30.56,30.56,79.0,37.56,6176.0,0.0,100.0,0.86,0.72,183.0,1001.0,1,804,Clouds,overcast clouds,04d
2025-07-25 12:13:39,Thanh Hoa-Thanh Hoa,Thanh Hoa,30.56,30.56,30.56,79.0,37.56,6176.0,0.0,100.0,0.86,0.72,183.0,1001.0,1,804,Clouds,overcast clouds,04d
2025-07-25 12:17:25,Thanh Hoa-Thanh Hoa,Thanh Hoa,30.56,30.56,30.56,79.0,37.56,6176.0,0.0,100.0,0.86,0.72,183.0,1001.0,1,804,Clouds,overcast clouds,04d
2025-07-25 12:21:11,Thanh Hoa-Thanh Hoa,Thanh Hoa,30.56,30.56,30.56,79.0,37.56,6176.0,0.0,100.0,0.86,0.72,183.0,1001.0,1,804,Clouds,overcast clouds,04d
2025-07-25 12:24:56,Thanh Hoa-Thanh Hoa,Thanh Hoa,30.56,30.56,30.56,79.0,37.56,6176.0,0.0,100.0,0.86,0.72,183.0,1001.0,1,804,Clouds,overcast clouds,04d
2025-07-25 12:28:42,Thanh Hoa-Thanh Hoa,Thanh Hoa,30.56,30.56,30.56,79.0,37.56,6176.0,0.0,100.0,0.86,0.72,183.0,1001.0,1,804,Clouds,overcast clouds,04d
2025-07-25 12:32:27,Thanh Hoa-Thanh Hoa,Thanh Hoa,30.87,30.87,30.87,76.0,37.87,2197.0,0.0,100.0,1.33,0.95,150.0,1000.0,1,804,Clouds,overcast clouds,04d
2025-07-25 12:36:13,Thanh Hoa-Thanh Hoa,Thanh Hoa,30.87,30.87,30.87,76.0,37.87,2197.0,0.0,100.0,1.33,0.95,150.0,1000.0,1,804,Clouds,overcast clouds,04d
2025-07-25 12:39:59,Thanh Hoa-Thanh Hoa,Thanh Hoa,30.87,30.87,30.87,76.0,37.87,2197.0,0.0,100.0,1.33,0.95,150.0,1000.0,1,804,Clouds,overcast clouds,04d
2025-07-25 12:43:45,Thanh Hoa-Thanh Hoa,Thanh Hoa,30.87,30.87,30.87,76.0,37.87,2197.0,0.0,100.0,1.33,0.95,150.0,1000.0,1,804,Clouds,overcast clouds,04d
2025-07-25 12:47:30,Thanh Hoa-Thanh Hoa,Thanh Hoa,30.87,30.87,30.87,76.0,37.87,2197.0,0.0,100.0,1.33,0.95,150.0,1000.0,1,804,Clouds,overcast clouds,04d
2025-07-25 12:51:16,Thanh Hoa-Thanh Hoa,Thanh Hoa,30.87,30.87,30.87,76.0,37.87,2197.0,0.0,100.0,1.33,0.95,150.0,1000.0,1,804,Clouds,overcast clouds,04d
2025-07-25 12:55:02,Thanh Hoa-Thanh Hoa,Thanh Hoa,30.87,30.87,30.87,76.0,37.87,2197.0,0.0,100.0,1.33,0.95,150.0,1000.0,1,804,Clouds,overcast clouds,04d
2025-07-25 12:58:47,Thanh Hoa-Thanh Hoa,Thanh Hoa,30.87,30.87,30.87,76.0,37.87,10000.0,0.0,100.0,2.27,3.36,173.0,1000.0,1,804,Clouds,overcast clouds,04d
2025-07-25 13:02:33,Thanh Hoa-Thanh Hoa,Thanh Hoa,30.87,30.87,30.87,76.0,37.87,10000.0,0.0,100.0,2.27,3.36,173.0,1000.0,1,804,Clouds,overcast clouds,04d
2025-07-25 13:06:19,Thanh Hoa-Thanh Hoa,Thanh Hoa,30.87,30.87,30.87,76.0,37.87,10000.0,0.0,100.0,2.27,3.36,173.0,1000.0,1,804,Clouds,overcast clouds,04d
2025-07-25 13:10:05,Thanh Hoa-Thanh Hoa,Thanh Hoa,30.87,30.87,30.87,76.0,37.87,10000.0,0.0,100.0,2.27,3.36,173.0,1000.0,1,804,Clouds,overcast clouds,04d
2025-07-25 13:13:50,Thanh Hoa-Thanh Hoa,Thanh Hoa,30.87,30.87,30.87,76.0,37.87,10000.0,0.0,100.0,2.27,3.36,173.0,1000.0,1,804,Clouds,overcast clouds,04d
2025-07-25 13:17:36,Thanh Hoa-Thanh Hoa,Thanh Hoa,30.87,30.87,30.87,76.0,37.87,10000.0,0.0,100.0,2.27,3.36,173.0,1000.0,1,804,Clouds,overcast clouds,04d
2025-07-25 13:21:21,Thanh Hoa-Thanh Hoa,Thanh Hoa,30.87,30.87,30.87,76.0,37.87,10000.0,0.0,100.0,2.27,3.36,173.0,1000.0,1,804,Clouds,overcast clouds,04d
2025-07-25 13:25:07,Thanh Hoa-Thanh Hoa,Thanh Hoa,30.87,30.87,30.87,76.0,37.87,10000.0,0.0,100.0,2.27,3.36,173.0,1000.0,1,804,Clouds,overcast clouds,04d
2025-07-25 13:28:53,Thanh Hoa-Thanh Hoa,Thanh Hoa,30.87,30.87,30.87,76.0,37.87,10000.0,0.0,100.0,2.27,3.36,173.0,1000.0,1,804,Clouds,overcast clouds,04d
2025-07-25 13:32:39,Thanh Hoa-Thanh Hoa,Thanh Hoa,30.87,30.87,30.87,76.0,37.87,10000.0,0.0,100.0,2.27,3.36,173.0,1000.0,1,804,Clouds,overcast clouds,04d
2025-07-25 13:36:24,Thanh Hoa-Thanh Hoa,Thanh Hoa,30.87,30.87,30.87,76.0,37.87,10000.0,0.0,100.0,2.27,3.36,173.0,1000.0,1,804,Clouds,overcast clouds,04d
2025-07-25 13:40:10,Thanh Hoa-Thanh Hoa,Thanh Hoa,30.51,30.51,30.51,76.0,37.51,10000.0,0.0,100.0,2.46,2.94,157.0,999.0,1,804,Clouds,overcast clouds,04d
2025-07-25 13:43:56,Thanh Hoa-Thanh Hoa,Thanh Hoa,30.51,30.51,30.51,76.0,37.51,10000.0,0.0,100.0,2.46,2.94,157.0,999.0,1,804,Clouds,overcast clouds,04d
2025-07-25 13:47:42,Thanh Hoa-Thanh Hoa,Thanh Hoa,30.51,30.51,30.51,76.0,37.51,10000.0,0.0,100.0,2.46,2.94,157.0,999.0,1,804,Clouds,overcast clouds,04d
2025-07-25 13:51:27,Thanh Hoa-Thanh Hoa,Thanh Hoa,30.51,30.51,30.51,76.0,37.51,10000.0,0.0,100.0,2.46,2.94,157.0,999.0,1,804,Clouds,overcast clouds,04d
2025-07-25 13:55:13,Thanh Hoa-Thanh Hoa,Thanh Hoa,30.51,30.51,30.51,76.0,37.51,10000.0,0.24,100.0,2.46,2.94,157.0,999.0,1,500,Rain,light rain,10d
2025-07-25 13:58:59,Thanh Hoa-Thanh Hoa,Thanh Hoa,30.51,30.51,30.51,76.0,37.51,10000.0,0.0,100.0,2.46,2.94,157.0,999.0,1,804,Clouds,overcast clouds,04d
2025-07-25 14:02:44,Thanh Hoa-Thanh Hoa,Thanh Hoa,30.51,30.51,30.51,76.0,37.51,10000.0,0.56,100.0,2.46,2.94,157.0,999.0,1,500,Rain,light rain,10d
2025-07-25 14:06:32,Thanh Hoa-Thanh Hoa,Thanh Hoa,30.51,30.51,30.51,76.0,37.51,10000.0,0.56,100.0,2.46,2.94,157.0,999.0,1,500,Rain,light rain,10d
2025-07-25 14:10:18,Thanh Hoa-Thanh Hoa,Thanh Hoa,30.51,30.51,30.51,76.0,37.51,10000.0,0.56,100.0,2.46,2.94,157.0,999.0,1,500,Rain,light rain,10d
2025-07-25 14:14:03,Thanh Hoa-Thanh Hoa,Thanh Hoa,30.51,30.51,30.51,76.0,37.51,10000.0,0.75,100.0,2.46,2.94,157.0,999.0,1,500,Rain,light rain,10d
2025-07-25 14:17:49,Thanh Hoa-Thanh Hoa,Thanh Hoa,30.51,30.51,30.51,76.0,37.51,10000.0,0.44,100.0,2.46,2.94,157.0,999.0,1,500,Rain,light rain,10d
2025-07-25 14:21:35,Thanh Hoa-Thanh Hoa,Thanh Hoa,30.51,30.51,30.51,76.0,37.51,10000.0,0.27,100.0,2.46,2.94,157.0,999.0,1,500,Rain,light rain,10d
2025-07-25 14:25:22,Thanh Hoa-Thanh Hoa,Thanh Hoa,30.51,30.51,30.51,76.0,37.51,10000.0,0.27,100.0,2.46,2.94,157.0,999.0,1,500,Rain,light rain,10d
2025-07-25 14:29:07,Thanh Hoa-Thanh Hoa,Thanh Hoa,30.51,30.51,30.51,76.0,37.51,10000.0,0.22,100.0,2.46,2.94,157.0,999.0,1,500,Rain,light rain,10d
2025-07-25 14:32:53,Thanh Hoa-Thanh Hoa,Thanh Hoa,30.01,30.01,30.01,79.0,37.01,7382.0,0.17,100.0,2.14,3.03,155.0,998.0,1,500,Rain,light rain,10d
2025-07-25 14:36:39,Thanh Hoa-Thanh Hoa,Thanh Hoa,30.01,30.01,30.01,79.0,37.01,7382.0,0.53,100.0,2.14,3.03,155.0,998.0,1,500,Rain,light rain,10d
2025-07-25 14:40:25,Thanh Hoa-Thanh Hoa,Thanh Hoa,30.01,30.01,30.01,79.0,37.01,7382.0,0.53,100.0,2.14,3.03,155.0,998.0,1,500,Rain,light rain,10d
2025-07-25 14:44:11,Thanh Hoa-Thanh Hoa,Thanh Hoa,30.01,30.01,30.01,79.0,37.01,7382.0,0.3,100.0,2.14,3.03,155.0,998.0,1,500,Rain,light rain,10d
2025-07-25 14:47:56,Thanh Hoa-Thanh Hoa,Thanh Hoa,30.01,30.01,30.01,79.0,37.01,7382.0,0.3,100.0,2.14,3.03,155.0,998.0,1,500,Rain,light rain,10d
2025-07-25 14:51:42,Thanh Hoa-Thanh Hoa,Thanh Hoa,30.01,30.01,30.01,79.0,37.01,7382.0,0.53,100.0,2.14,3.03,155.0,998.0,1,500,Rain,light rain,10d
2025-07-25 14:55:28,Thanh Hoa-Thanh Hoa,Thanh Hoa,30.01,30.01,30.01,79.0,37.01,7382.0,0.49,100.0,2.14,3.03,155.0,998.0,1,500,Rain,light rain,10d
2025-07-25 14:59:13,Thanh Hoa-Thanh Hoa,Thanh Hoa,30.01,30.01,30.01,79.0,37.01,7382.0,0.49,100.0,2.14,3.03,155.0,998.0,1,500,Rain,light rain,10d
2025-07-25 15:02:59,Thanh Hoa-Thanh Hoa,Thanh Hoa,30.01,30.01,30.01,79.0,37.01,7382.0,0.65,100.0,2.14,3.03,155.0,998.0,1,500,Rain,light rain,10d
2025-07-25 15:06:45,Thanh Hoa-Thanh Hoa,Thanh Hoa,30.01,30.01,30.01,79.0,37.01,7382.0,0.87,100.0,2.14,3.03,155.0,998.0,1,500,Rain,light rain,10d
2025-07-25 15:10:30,Thanh Hoa-Thanh Hoa,Thanh Hoa,30.01,30.01,30.01,79.0,37.01,7382.0,0.87,100.0,2.14,3.03,155.0,998.0,1,500,Rain,light rain,10d
2025-07-25 15:14:16,Thanh Hoa-Thanh Hoa,Thanh Hoa,30.01,30.01,30.01,79.0,37.01,7382.0,1.33,100.0,2.14,3.03,155.0,998.0,1,501,Rain,moderate rain,10d
2025-07-25 15:18:02,Thanh Hoa-Thanh Hoa,Thanh Hoa,30.01,30.01,30.01,79.0,37.01,7382.0,2.05,100.0,2.14,3.03,155.0,998.0,1,501,Rain,moderate rain,10d
2025-07-25 15:21:48,Thanh Hoa-Thanh Hoa,Thanh Hoa,30.01,30.01,30.01,79.0,37.01,7382.0,2.05,100.0,2.14,3.03,155.0,998.0,1,501,Rain,moderate rain,10d
2025-07-25 15:25:34,Thanh Hoa-Thanh Hoa,Thanh Hoa,30.01,30.01,30.01,79.0,37.01,7382.0,2.05,100.0,2.14,3.03,155.0,998.0,1,501,Rain,moderate rain,10d
2025-07-25 15:29:19,Thanh Hoa-Thanh Hoa,Thanh Hoa,30.01,30.01,30.01,79.0,37.01,7382.0,2.05,100.0,2.14,3.03,155.0,998.0,1,501,Rain,moderate rain,10d
2025-07-25 15:33:05,Thanh Hoa-Thanh Hoa,Thanh Hoa,27.96,27.96,27.96,90.0,33.62,2814.0,1.15,100.0,1.27,2.03,108.0,998.0,1,501,Rain,moderate rain,10d
2025-07-25 15:36:51,Thanh Hoa-Thanh Hoa,Thanh Hoa,27.96,27.96,27.96,90.0,33.62,2814.0,1.15,100.0,1.27,2.03,108.0,998.0,1,501,Rain,moderate rain,10d
2025-07-25 15:40:37,Thanh Hoa-Thanh Hoa,Thanh Hoa,27.96,27.96,27.96,90.0,33.62,2814.0,1.19,100.0,1.27,2.03,108.0,998.0,1,501,Rain,moderate rain,10d
2025-07-25 15:44:22,Thanh Hoa-Thanh Hoa,Thanh Hoa,27.96,27.96,27.96,90.0,33.62,2814.0,1.19,100.0,1.27,2.03,108.0,998.0,1,501,Rain,moderate rain,10d
2025-07-25 15:48:08,Thanh Hoa-Thanh Hoa,Thanh Hoa,27.96,27.96,27.96,90.0,33.62,2814.0,2.46,100.0,1.27,2.03,108.0,998.0,1,501,Rain,moderate rain,10d
2025-07-25 15:51:54,Thanh Hoa-Thanh Hoa,Thanh Hoa,27.96,27.96,27.96,90.0,33.62,2814.0,2.46,100.0,1.27,2.03,108.0,998.0,1,501,Rain,moderate rain,10d
2025-07-25 15:55:39,Thanh Hoa-Thanh Hoa,Thanh Hoa,27.96,27.96,27.96,90.0,33.62,2814.0,2.46,100.0,1.27,2.03,108.0,998.0,1,501,Rain,moderate rain,10d
2025-07-25 15:59:24,Thanh Hoa-Thanh Hoa,Thanh Hoa,27.96,27.96,27.96,90.0,33.62,2814.0,3.65,100.0,1.27,2.03,108.0,998.0,1,501,Rain,moderate rain,10d
2025-07-25 16:03:10,Thanh Hoa-Thanh Hoa,Thanh Hoa,27.96,27.96,27.96,90.0,33.62,2814.0,3.65,100.0,1.27,2.03,108.0,998.0,1,501,Rain,moderate rain,10d
2025-07-25 16:06:56,Thanh Hoa-Thanh Hoa,Thanh Hoa,27.96,27.96,27.96,90.0,33.62,2814.0,3.65,100.0,1.27,2.03,108.0,998.0,1,501,Rain,moderate rain,10d
2025-07-25 16:10:41,Thanh Hoa-Thanh Hoa,Thanh Hoa,27.96,27.96,27.96,90.0,33.62,2814.0,3.65,100.0,1.27,2.03,108.0,998.0,1,501,Rain,moderate rain,10d
2025-07-25 16:14:27,Thanh Hoa-Thanh Hoa,Thanh Hoa,27.96,27.96,27.96,90.0,33.62,2814.0,4.21,100.0,1.27,2.03,108.0,998.0,1,502,Rain,heavy intensity rain,10d
2025-07-25 16:18:13,Thanh Hoa-Thanh Hoa,Thanh Hoa,27.95,27.95,27.95,90.0,33.59,2814.0,4.21,100.0,1.27,2.03,108.0,998.0,1,502,Rain,heavy intensity rain,10d
2025-07-25 16:21:59,Thanh Hoa-Thanh Hoa,Thanh Hoa,27.95,27.95,27.95,90.0,33.59,2814.0,3.65,100.0,1.27,2.03,108.0,998.0,1,501,Rain,moderate rain,10d
2025-07-25 16:25:44,Thanh Hoa-Thanh Hoa,Thanh Hoa,27.95,27.95,27.95,90.0,33.59,2814.0,4.21,100.0,1.27,2.03,108.0,998.0,1,502,Rain,heavy intensity rain,10d
2025-07-25 16:29:30,Thanh Hoa-Thanh Hoa,Thanh Hoa,27.95,27.95,27.95,90.0,33.59,2814.0,4.21,100.0,1.27,2.03,108.0,998.0,1,502,Rain,heavy intensity rain,10d
2025-07-25 16:33:15,Thanh Hoa-Thanh Hoa,Thanh Hoa,27.95,27.95,27.95,90.0,33.59,2814.0,4.21,100.0,1.27,2.03,108.0,998.0,1,502,Rain,heavy intensity rain,10d
2025-07-25 16:37:01,Thanh Hoa-Thanh Hoa,Thanh Hoa,25.88,25.88,25.88,97.0,27.06,6846.0,4.21,100.0,1.05,2.02,235.0,999.0,1,502,Rain,heavy intensity rain,10d
2025-07-25 16:40:47,Thanh Hoa-Thanh Hoa,Thanh Hoa,25.88,25.88,25.88,97.0,27.06,6846.0,3.65,100.0,1.05,2.02,235.0,999.0,1,501,Rain,moderate rain,10d
2025-07-25 16:44:32,Thanh Hoa-Thanh Hoa,Thanh Hoa,25.88,25.88,25.88,97.0,27.06,6846.0,3.65,100.0,1.05,2.02,235.0,999.0,1,501,Rain,moderate rain,10d
2025-07-25 16:48:18,Thanh Hoa-Thanh Hoa,Thanh Hoa,25.88,25.88,25.88,97.0,27.06,6846.0,3.16,100.0,1.05,2.02,235.0,999.0,1,501,Rain,moderate rain,10d
2025-07-25 16:52:04,Thanh Hoa-Thanh Hoa,Thanh Hoa,25.88,25.88,25.88,97.0,27.06,6846.0,3.16,100.0,1.05,2.02,235.0,999.0,1,501,Rain,moderate rain,10d
2025-07-25 16:55:50,Thanh Hoa-Thanh Hoa,Thanh Hoa,25.88,25.88,25.88,97.0,27.06,6846.0,3.16,100.0,1.05,2.02,235.0,999.0,1,501,Rain,moderate rain,10d
2025-07-25 16:59:36,Thanh Hoa-Thanh Hoa,Thanh Hoa,25.88,25.88,25.88,97.0,27.06,6846.0,3.65,100.0,1.05,2.02,235.0,999.0,1,501,Rain,moderate rain,10d
2025-07-25 17:03:22,Thanh Hoa-Thanh Hoa,Thanh Hoa,25.88,25.88,25.88,97.0,27.06,6846.0,3.65,100.0,1.05,2.02,235.0,999.0,1,501,Rain,moderate rain,10d
2025-07-25 17:07:08,Thanh Hoa-Thanh Hoa,Thanh Hoa,25.89,25.89,25.89,97.0,27.07,6846.0,2.99,100.0,1.05,2.02,235.0,999.0,1,501,Rain,moderate rain,10d
2025-07-25 17:10:53,Thanh Hoa-Thanh Hoa,Thanh Hoa,25.89,25.89,25.89,97.0,27.07,6846.0,2.99,100.0,1.05,2.02,235.0,999.0,1,501,Rain,moderate rain,10d
2025-07-25 17:14:39,Thanh Hoa-Thanh Hoa,Thanh Hoa,25.89,25.89,25.89,97.0,27.07,6846.0,2.37,100.0,1.05,2.02,235.0,999.0,1,501,Rain,moderate rain,10d
2025-07-25 17:18:24,Thanh Hoa-Thanh Hoa,Thanh Hoa,25.88,25.88,25.88,97.0,27.06,6846.0,2.51,100.0,1.05,2.02,235.0,999.0,1,501,Rain,moderate rain,10d
2025-07-25 17:22:10,Thanh Hoa-Thanh Hoa,Thanh Hoa,25.88,25.88,25.88,97.0,27.06,6846.0,1.68,100.0,1.05,2.02,235.0,999.0,1,501,Rain,moderate rain,10d
2025-07-25 17:25:56,Thanh Hoa-Thanh Hoa,Thanh Hoa,25.88,25.88,25.88,97.0,27.06,6846.0,1.68,100.0,1.05,2.02,235.0,999.0,1,501,Rain,moderate rain,10d
2025-07-25 17:29:42,Thanh Hoa-Thanh Hoa,Thanh Hoa,25.88,25.88,25.88,97.0,27.06,6846.0,2.05,100.0,1.05,2.02,235.0,999.0,1,501,Rain,moderate rain,10d
2025-07-25 17:33:28,Thanh Hoa-Thanh Hoa,Thanh Hoa,25.88,25.88,25.88,97.0,27.06,6846.0,2.05,100.0,1.05,2.02,235.0,999.0,1,501,Rain,moderate rain,10d
2025-07-25 17:37:13,Thanh Hoa-Thanh Hoa,Thanh Hoa,25.75,25.75,25.75,98.0,26.94,5593.0,2.05,100.0,1.86,4.09,228.0,1000.0,1,501,Rain,moderate rain,10d
2025-07-25 17:40:59,Thanh Hoa-Thanh Hoa,Thanh Hoa,25.75,25.75,25.75,98.0,26.94,5593.0,2.05,100.0,1.86,4.09,228.0,1000.0,1,501,Rain,moderate rain,10d
2025-07-25 17:44:45,Thanh Hoa-Thanh Hoa,Thanh Hoa,25.75,25.75,25.75,98.0,26.94,5593.0,1.33,100.0,1.86,4.09,228.0,1000.0,1,501,Rain,moderate rain,10d
2025-07-25 17:48:31,Thanh Hoa-Thanh Hoa,Thanh Hoa,25.75,25.75,25.75,98.0,26.94,5593.0,1.33,100.0,1.86,4.09,228.0,1000.0,1,501,Rain,moderate rain,10d
2025-07-25 17:52:17,Thanh Hoa-Thanh Hoa,Thanh Hoa,25.75,25.75,25.75,98.0,26.94,5593.0,1.33,100.0,1.86,4.09,228.0,1000.0,1,501,Rain,moderate rain,10d
2025-07-25 17:56:03,Thanh Hoa-Thanh Hoa,Thanh Hoa,25.75,25.75,25.75,98.0,26.94,5593.0,1.33,100.0,1.86,4.09,228.0,1000.0,1,501,Rain,moderate rain,10d
2025-07-25 17:59:49,Thanh Hoa-Thanh Hoa,Thanh Hoa,25.75,25.75,25.75,98.0,26.94,5593.0,2.05,100.0,1.86,4.09,228.0,1000.0,1,501,Rain,moderate rain,10d
2025-07-25 18:03:35,Thanh Hoa-Thanh Hoa,Thanh Hoa,25.75,25.75,25.75,98.0,26.94,5593.0,1.33,100.0,1.86,4.09,228.0,1000.0,1,501,Rain,moderate rain,10d
2025-07-25 18:07:21,Thanh Hoa-Thanh Hoa,Thanh Hoa,25.77,25.77,25.77,98.0,26.96,5593.0,1.26,100.0,1.86,4.09,228.0,1000.0,1,501,Rain,moderate rain,10d
2025-07-25 18:11:08,Thanh Hoa-Thanh Hoa,Thanh Hoa,25.77,25.77,25.77,98.0,26.96,5593.0,1.26,100.0,1.86,4.09,228.0,1000.0,1,501,Rain,moderate rain,10d
2025-07-25 18:14:54,Thanh Hoa-Thanh Hoa,Thanh Hoa,25.77,25.77,25.77,98.0,26.96,5593.0,1.26,100.0,1.86,4.09,228.0,1000.0,1,501,Rain,moderate rain,10d
2025-07-25 18:18:39,Thanh Hoa-Thanh Hoa,Thanh Hoa,25.76,25.76,25.76,98.0,26.95,5593.0,1.33,100.0,1.86,4.09,228.0,1000.0,1,501,Rain,moderate rain,10d
2025-07-25 18:22:25,Thanh Hoa-Thanh Hoa,Thanh Hoa,25.76,25.76,25.76,98.0,26.95,5593.0,1.33,100.0,1.86,4.09,228.0,1000.0,1,501,Rain,moderate rain,10d
2025-07-25 18:26:11,Thanh Hoa-Thanh Hoa,Thanh Hoa,25.76,25.76,25.76,98.0,26.95,5593.0,1.33,100.0,1.86,4.09,228.0,1000.0,1,501,Rain,moderate rain,10d
2025-07-25 18:29:57,Thanh Hoa-Thanh Hoa,Thanh Hoa,25.76,25.76,25.76,98.0,26.95,5593.0,1.33,100.0,1.86,4.09,228.0,1000.0,1,501,Rain,moderate rain,10d
2025-07-25 18:33:42,Thanh Hoa-Thanh Hoa,Thanh Hoa,25.76,25.76,25.76,98.0,26.95,5593.0,1.33,100.0,1.86,4.09,228.0,1000.0,1,501,Rain,moderate rain,10d
2025-07-25 18:37:28,Thanh Hoa-Thanh Hoa,Thanh Hoa,25.46,25.46,25.46,98.0,26.62,4717.0,1.41,100.0,1.92,3.81,267.0,1000.0,0,501,Rain,moderate rain,10n
2025-07-25 18:41:14,Thanh Hoa-Thanh Hoa,Thanh Hoa,25.46,25.46,25.46,98.0,26.62,4717.0,2.05,100.0,1.92,3.81,267.0,1000.0,0,501,Rain,moderate rain,10n
2025-07-25 18:44:59,Thanh Hoa-Thanh Hoa,Thanh Hoa,25.46,25.46,25.46,98.0,26.62,4717.0,1.41,100.0,1.92,3.81,267.0,1000.0,0,501,Rain,moderate rain,10n
2025-07-25 18:48:45,Thanh Hoa-Thanh Hoa,Thanh Hoa,25.46,25.46,25.46,98.0,26.62,1654.0,2.05,100.0,1.28,2.37,287.0,1000.0,0,501,Rain,moderate rain,10n
2025-07-25 18:52:31,Thanh Hoa-Thanh Hoa,Thanh Hoa,25.46,25.46,25.46,98.0,26.62,1654.0,2.05,100.0,1.28,2.37,287.0,1000.0,0,501,Rain,moderate rain,10n
2025-07-25 18:56:17,Thanh Hoa-Thanh Hoa,Thanh Hoa,25.46,25.46,25.46,98.0,26.62,1654.0,2.05,100.0,1.28,2.37,287.0,1000.0,0,501,Rain,moderate rain,10n
2025-07-25 19:00:03,Thanh Hoa-Thanh Hoa,Thanh Hoa,25.46,25.46,25.46,98.0,26.62,1654.0,2.05,100.0,1.28,2.37,287.0,1000.0,0,501,Rain,moderate rain,10n
2025-07-25 19:03:50,Thanh Hoa-Thanh Hoa,Thanh Hoa,25.46,25.46,25.46,98.0,26.62,1654.0,2.05,100.0,1.28,2.37,287.0,1000.0,0,501,Rain,moderate rain,10n
2025-07-25 19:07:37,Thanh Hoa-Thanh Hoa,Thanh Hoa,25.46,25.46,25.46,98.0,26.62,1654.0,2.05,100.0,1.28,2.37,287.0,1000.0,0,501,Rain,moderate rain,10n
2025-07-25 19:11:22,Thanh Hoa-Thanh Hoa,Thanh Hoa,25.46,25.46,25.46,98.0,26.62,1654.0,2.05,100.0,1.28,2.37,287.0,1000.0,0,501,Rain,moderate rain,10n
2025-07-25 19:15:08,Thanh Hoa-Thanh Hoa,Thanh Hoa,25.46,25.46,25.46,98.0,26.62,1654.0,2.37,100.0,1.28,2.37,287.0,1000.0,0,501,Rain,moderate rain,10n
2025-07-25 19:18:54,Thanh Hoa-Thanh Hoa,Thanh Hoa,25.46,25.46,25.46,98.0,26.62,1654.0,2.37,100.0,1.28,2.37,287.0,1000.0,0,501,Rain,moderate rain,10n
2025-07-25 19:22:40,Thanh Hoa-Thanh Hoa,Thanh Hoa,25.46,25.46,25.46,98.0,26.62,1654.0,2.59,100.0,1.28,2.37,287.0,1000.0,0,501,Rain,moderate rain,10n
2025-07-25 19:26:26,Thanh Hoa-Thanh Hoa,Thanh Hoa,25.46,25.46,25.46,98.0,26.62,1654.0,2.59,100.0,1.28,2.37,287.0,1000.0,0,501,Rain,moderate rain,10n
2025-07-25 19:30:12,Thanh Hoa-Thanh Hoa,Thanh Hoa,25.46,25.46,25.46,98.0,26.62,1654.0,2.59,100.0,1.28,2.37,287.0,1000.0,0,501,Rain,moderate rain,10n
2025-07-25 19:33:57,Thanh Hoa-Thanh Hoa,Thanh Hoa,25.46,25.46,25.46,98.0,26.62,1654.0,2.59,100.0,1.28,2.37,287.0,1000.0,0,501,Rain,moderate rain,10n
2025-07-25 19:37:43,Thanh Hoa-Thanh Hoa,Thanh Hoa,25.31,25.31,25.31,99.0,26.48,2536.0,2.05,100.0,2.16,3.96,239.0,1002.0,0,501,Rain,moderate rain,10n
2025-07-25 19:41:29,Thanh Hoa-Thanh Hoa,Thanh Hoa,25.31,25.31,25.31,99.0,26.48,2536.0,2.05,100.0,2.16,3.96,239.0,1002.0,0,501,Rain,moderate rain,10n
2025-07-25 19:45:15,Thanh Hoa-Thanh Hoa,Thanh Hoa,25.31,25.31,25.31,99.0,26.48,2536.0,2.05,100.0,2.16,3.96,239.0,1002.0,0,501,Rain,moderate rain,10n
2025-07-25 19:49:01,Thanh Hoa-Thanh Hoa,Thanh Hoa,25.31,25.31,25.31,99.0,26.48,2536.0,1.59,100.0,2.16,3.96,239.0,1002.0,0,501,Rain,moderate rain,10n
2025-07-25 19:52:47,Thanh Hoa-Thanh Hoa,Thanh Hoa,25.31,25.31,25.31,99.0,26.48,2536.0,1.59,100.0,2.16,3.96,239.0,1002.0,0,501,Rain,moderate rain,10n
2025-07-25 19:56:32,Thanh Hoa-Thanh Hoa,Thanh Hoa,25.31,25.31,25.31,99.0,26.48,2536.0,1.54,100.0,2.16,3.96,239.0,1002.0,0,501,Rain,moderate rain,10n
2025-07-25 20:00:19,Thanh Hoa-Thanh Hoa,Thanh Hoa,25.31,25.31,25.31,99.0,26.48,2536.0,1.54,100.0,2.16,3.96,239.0,1002.0,0,501,Rain,moderate rain,10n
2025-07-25 20:04:06,Thanh Hoa-Thanh Hoa,Thanh Hoa,25.31,25.31,25.31,99.0,26.48,2536.0,1.54,100.0,2.16,3.96,239.0,1002.0,0,501,Rain,moderate rain,10n
2025-07-25 20:07:52,Thanh Hoa-Thanh Hoa,Thanh Hoa,25.31,25.31,25.31,99.0,26.48,2536.0,1.54,100.0,2.16,3.96,239.0,1002.0,0,501,Rain,moderate rain,10n
2025-07-25 20:11:37,Thanh Hoa-Thanh Hoa,Thanh Hoa,25.35,25.35,25.35,99.0,26.53,2536.0,1.54,100.0,2.16,3.96,239.0,1002.0,0,501,Rain,moderate rain,10n
2025-07-25 20:15:23,Thanh Hoa-Thanh Hoa,Thanh Hoa,25.35,25.35,25.35,99.0,26.53,2536.0,1.54,100.0,2.16,3.96,239.0,1002.0,0,501,Rain,moderate rain,10n
2025-07-25 20:19:09,Thanh Hoa-Thanh Hoa,Thanh Hoa,25.34,25.34,25.34,99.0,26.51,2536.0,1.33,100.0,2.16,3.96,239.0,1002.0,0,501,Rain,moderate rain,10n
2025-07-25 20:22:55,Thanh Hoa-Thanh Hoa,Thanh Hoa,25.34,25.34,25.34,99.0,26.51,2536.0,1.54,100.0,2.16,3.96,239.0,1002.0,0,501,Rain,moderate rain,10n
2025-07-25 20:26:41,Thanh Hoa-Thanh Hoa,Thanh Hoa,25.34,25.34,25.34,99.0,26.51,2536.0,1.33,100.0,2.16,3.96,239.0,1002.0,0,501,Rain,moderate rain,10n
2025-07-25 20:30:27,Thanh Hoa-Thanh Hoa,Thanh Hoa,25.17,25.17,25.17,98.0,26.3,10000.0,1.78,100.0,2.26,5.7,261.0,1002.0,0,501,Rain,moderate rain,10n
2025-07-25 20:34:13,Thanh Hoa-Thanh Hoa,Thanh Hoa,25.17,25.17,25.17,98.0,26.3,10000.0,1.78,100.0,2.26,5.7,261.0,1002.0,0,501,Rain,moderate rain,10n
2025-07-25 20:37:59,Thanh Hoa-Thanh Hoa,Thanh Hoa,25.17,25.17,25.17,99.0,26.33,10000.0,1.68,100.0,2.26,5.7,261.0,1002.0,0,501,Rain,moderate rain,10n
2025-07-25 20:41:45,Thanh Hoa-Thanh Hoa,Thanh Hoa,25.17,25.17,25.17,99.0,26.33,10000.0,1.68,100.0,2.26,5.7,261.0,1002.0,0,501,Rain,moderate rain,10n
2025-07-25 20:45:30,Thanh Hoa-Thanh Hoa,Thanh Hoa,25.17,25.17,25.17,99.0,26.33,10000.0,1.68,100.0,2.26,5.7,261.0,1002.0,0,501,Rain,moderate rain,10n
2025-07-25 20:49:16,Thanh Hoa-Thanh Hoa,Thanh Hoa,25.17,25.17,25.17,99.0,26.33,10000.0,1.78,100.0,2.26,5.7,261.0,1002.0,0,501,Rain,moderate rain,10n
2025-07-25 20:53:03,Thanh Hoa-Thanh Hoa,Thanh Hoa,25.17,25.17,25.17,99.0,26.33,10000.0,1.78,100.0,2.26,5.7,261.0,1002.0,0,501,Rain,moderate rain,10n
2025-07-25 20:56:49,Thanh Hoa-Thanh Hoa,Thanh Hoa,25.17,25.17,25.17,99.0,26.33,10000.0,2.05,100.0,2.26,5.7,261.0,1002.0,0,501,Rain,moderate rain,10n
2025-07-25 21:00:35,Thanh Hoa-Thanh Hoa,Thanh Hoa,25.17,25.17,25.17,99.0,26.33,10000.0,2.05,100.0,2.26,5.7,261.0,1002.0,0,501,Rain,moderate rain,10n
2025-07-25 21:04:21,Thanh Hoa-Thanh Hoa,Thanh Hoa,25.21,25.21,25.21,98.0,26.35,10000.0,2.05,100.0,2.26,5.7,261.0,1002.0,0,501,Rain,moderate rain,10n
2025-07-25 21:08:07,Thanh Hoa-Thanh Hoa,Thanh Hoa,25.21,25.21,25.21,98.0,26.35,10000.0,2.05,100.0,2.26,5.7,261.0,1002.0,0,501,Rain,moderate rain,10n
2025-07-25 21:11:53,Thanh Hoa-Thanh Hoa,Thanh Hoa,25.21,25.21,25.21,98.0,26.35,10000.0,2.73,100.0,2.26,5.7,261.0,1002.0,0,501,Rain,moderate rain,10n
2025-07-25 21:15:39,Thanh Hoa-Thanh Hoa,Thanh Hoa,25.21,25.21,25.21,98.0,26.35,10000.0,3.65,100.0,2.26,5.7,261.0,1002.0,0,501,Rain,moderate rain,10n
2025-07-25 21:19:25,Thanh Hoa-Thanh Hoa,Thanh Hoa,25.21,25.21,25.21,98.0,26.35,10000.0,3.65,100.0,2.26,5.7,261.0,1002.0,0,501,Rain,moderate rain,10n
2025-07-25 21:23:11,Thanh Hoa-Thanh Hoa,Thanh Hoa,25.2,25.2,25.2,98.0,26.33,10000.0,3.16,100.0,2.26,5.7,261.0,1002.0,0,501,Rain,moderate rain,10n
2025-07-25 21:26:57,Thanh Hoa-Thanh Hoa,Thanh Hoa,25.2,25.2,25.2,98.0,26.33,10000.0,3.16,100.0,2.26,5.7,261.0,1002.0,0,501,Rain,moderate rain,10n
2025-07-25 21:30:43,Thanh Hoa-Thanh Hoa,Thanh Hoa,25.12,25.12,25.12,98.0,26.25,10000.0,3.65,100.0,1.9,6.31,271.0,1003.0,0,501,Rain,moderate rain,10n
2025-07-25 21:34:29,Thanh Hoa-Thanh Hoa,Thanh Hoa,25.12,25.12,25.12,98.0,26.25,10000.0,3.65,100.0,1.9,6.31,271.0,1003.0,0,501,Rain,moderate rain,10n
2025-07-25 21:38:16,Thanh Hoa-Thanh Hoa,Thanh Hoa,25.12,25.12,25.12,98.0,26.25,10000.0,4.21,100.0,1.9,6.31,271.0,1003.0,0,502,Rain,heavy intensity rain,10n
2025-07-25 21:42:02,Thanh Hoa-Thanh Hoa,Thanh Hoa,25.12,25.12,25.12,98.0,26.25,10000.0,3.65,100.0,1.9,6.31,271.0,1003.0,0,501,Rain,moderate rain,10n
2025-07-25 21:45:48,Thanh Hoa-Thanh Hoa,Thanh Hoa,25.12,25.12,25.12,98.0,26.25,10000.0,4.21,100.0,1.9,6.31,271.0,1003.0,0,502,Rain,heavy intensity rain,10n
2025-07-25 21:49:34,Thanh Hoa-Thanh Hoa,Thanh Hoa,25.11,25.11,25.11,98.0,26.24,10000.0,4.21,100.0,1.9,6.31,271.0,1003.0,0,502,Rain,heavy intensity rain,10n
2025-07-25 21:53:20,Thanh Hoa-Thanh Hoa,Thanh Hoa,25.12,25.12,25.12,98.0,26.25,10000.0,4.21,100.0,1.9,6.31,271.0,1003.0,0,502,Rain,heavy intensity rain,10n
2025-07-25 21:57:06,Thanh Hoa-Thanh Hoa,Thanh Hoa,25.11,25.11,25.11,98.0,26.24,10000.0,4.21,100.0,1.9,6.31,271.0,1003.0,0,502,Rain,heavy intensity rain,10n
2025-07-25 22:00:52,Thanh Hoa-Thanh Hoa,Thanh Hoa,25.11,25.11,25.11,98.0,26.24,10000.0,4.21,100.0,1.9,6.31,271.0,1003.0,0,502,Rain,heavy intensity rain,10n
2025-07-25 22:04:38,Thanh Hoa-Thanh Hoa,Thanh Hoa,25.11,25.11,25.11,98.0,26.24,10000.0,4.21,100.0,1.9,6.31,271.0,1003.0,0,502,Rain,heavy intensity rain,10n
2025-07-25 22:08:23,Thanh Hoa-Thanh Hoa,Thanh Hoa,25.15,25.15,25.15,98.0,26.28,10000.0,3.65,100.0,1.9,6.31,271.0,1003.0,0,501,Rain,moderate rain,10n
2025-07-25 22:12:09,Thanh Hoa-Thanh Hoa,Thanh Hoa,25.15,25.15,25.15,98.0,26.28,10000.0,3.65,100.0,1.9,6.31,271.0,1003.0,0,501,Rain,moderate rain,10n
2025-07-25 22:15:55,Thanh Hoa-Thanh Hoa,Thanh Hoa,25.15,25.15,25.15,98.0,26.28,10000.0,3.65,100.0,1.9,6.31,271.0,1003.0,0,501,Rain,moderate rain,10n
2025-07-25 22:19:41,Thanh Hoa-Thanh Hoa,Thanh Hoa,25.14,25.14,25.14,98.0,26.27,10000.0,3.65,100.0,1.9,6.31,271.0,1003.0,0,501,Rain,moderate rain,10n
2025-07-25 22:23:27,Thanh Hoa-Thanh Hoa,Thanh Hoa,25.14,25.14,25.14,98.0,26.27,10000.0,3.65,100.0,1.9,6.31,271.0,1003.0,0,501,Rain,moderate rain,10n
2025-07-25 22:27:13,Thanh Hoa-Thanh Hoa,Thanh Hoa,25.14,25.14,25.14,98.0,26.27,10000.0,3.65,100.0,1.9,6.31,271.0,1003.0,0,501,Rain,moderate rain,10n
2025-07-25 22:30:59,Thanh Hoa-Thanh Hoa,Thanh Hoa,25.06,25.06,25.06,98.0,26.18,10000.0,0.84,100.0,1.18,2.2,268.0,1003.0,0,500,Rain,light rain,10n
2025-07-25 22:34:45,Thanh Hoa-Thanh Hoa,Thanh Hoa,25.06,25.06,25.06,98.0,26.18,10000.0,0.75,100.0,1.18,2.2,268.0,1003.0,0,500,Rain,light rain,10n
2025-07-25 22:38:31,Thanh Hoa-Thanh Hoa,Thanh Hoa,25.06,25.06,25.06,98.0,26.18,10000.0,0.75,100.0,1.18,2.2,268.0,1003.0,0,500,Rain,light rain,10n
2025-07-25 22:42:17,Thanh Hoa-Thanh Hoa,Thanh Hoa,25.06,25.06,25.06,98.0,26.18,10000.0,1.68,100.0,1.18,2.2,268.0,1003.0,0,501,Rain,moderate rain,10n
2025-07-25 22:46:02,Thanh Hoa-Thanh Hoa,Thanh Hoa,25.06,25.06,25.06,98.0,26.18,10000.0,1.68,100.0,1.18,2.2,268.0,1003.0,0,501,Rain,moderate rain,10n
2025-07-25 22:49:48,Thanh Hoa-Thanh Hoa,Thanh Hoa,25.02,25.02,25.02,98.0,26.14,10000.0,0.87,100.0,1.18,2.2,268.0,1003.0,0,500,Rain,light rain,10n
2025-07-25 22:53:34,Thanh Hoa-Thanh Hoa,Thanh Hoa,25.02,25.02,25.02,98.0,26.14,10000.0,0.87,100.0,1.18,2.2,268.0,1003.0,0,500,Rain,light rain,10n
2025-07-25 22:57:20,Thanh Hoa-Thanh Hoa,Thanh Hoa,25.02,25.02,25.02,98.0,26.14,10000.0,0.32,100.0,1.18,2.2,268.0,1003.0,0,500,Rain,light rain,10n
2025-07-25 23:01:06,Thanh Hoa-Thanh Hoa,Thanh Hoa,25.02,25.02,25.02,98.0,26.14,10000.0,0.21,100.0,1.18,2.2,268.0,1003.0,0,500,Rain,light rain,10n
2025-07-25 23:04:52,Thanh Hoa-Thanh Hoa,Thanh Hoa,25.05,25.05,25.05,98.0,26.17,10000.0,0.24,100.0,1.18,2.2,268.0,1003.0,0,500,Rain,light rain,10n
2025-07-25 23:08:38,Thanh Hoa-Thanh Hoa,Thanh Hoa,25.05,25.05,25.05,98.0,26.17,10000.0,0.24,100.0,1.18,2.2,268.0,1003.0,0,500,Rain,light rain,10n
2025-07-25 23:12:24,Thanh Hoa-Thanh Hoa,Thanh Hoa,25.05,25.05,25.05,98.0,26.17,10000.0,0.24,100.0,1.18,2.2,268.0,1003.0,0,500,Rain,light rain,10n
2025-07-25 23:16:10,Thanh Hoa-Thanh Hoa,Thanh Hoa,25.05,25.05,25.05,98.0,26.17,10000.0,0.12,100.0,1.18,2.2,268.0,1003.0,0,500,Rain,light rain,10n
2025-07-25 23:19:56,Thanh Hoa-Thanh Hoa,Thanh Hoa,25.05,25.05,25.05,98.0,26.17,10000.0,0.13,100.0,1.18,2.2,268.0,1003.0,0,500,Rain,light rain,10n
2025-07-25 23:23:42,Thanh Hoa-Thanh Hoa,Thanh Hoa,25.05,25.05,25.05,98.0,26.17,10000.0,0.13,100.0,1.18,2.2,268.0,1003.0,0,500,Rain,light rain,10n
2025-07-25 23:27:28,Thanh Hoa-Thanh Hoa,Thanh Hoa,25.05,25.05,25.05,98.0,26.17,10000.0,0.15,100.0,1.18,2.2,268.0,1003.0,0,500,Rain,light rain,10n
2025-07-25 23:31:14,Thanh Hoa-Thanh Hoa,Thanh Hoa,25.05,25.05,25.05,98.0,26.17,10000.0,0.15,100.0,1.18,2.2,268.0,1003.0,0,500,Rain,light rain,10n
2025-07-25 23:35:00,Thanh Hoa-Thanh Hoa,Thanh Hoa,24.98,24.98,24.98,98.0,26.09,10000.0,0.1,100.0,1.39,2.46,253.0,1002.0,0,500,Rain,light rain,10n
2025-07-25 23:38:46,Thanh Hoa-Thanh Hoa,Thanh Hoa,24.98,24.98,24.98,98.0,26.09,10000.0,0.1,100.0,1.39,2.46,253.0,1002.0,0,500,Rain,light rain,10n
2025-07-25 23:42:32,Thanh Hoa-Thanh Hoa,Thanh Hoa,24.98,24.98,24.98,98.0,26.09,10000.0,0.0,100.0,1.39,2.46,253.0,1002.0,0,804,Clouds,overcast clouds,04n
2025-07-25 23:46:18,Thanh Hoa-Thanh Hoa,Thanh Hoa,24.98,24.98,24.98,98.0,26.09,10000.0,0.0,100.0,1.39,2.46,253.0,1002.0,0,804,Clouds,overcast clouds,04n
2025-07-25 23:50:04,Thanh Hoa-Thanh Hoa,Thanh Hoa,24.98,24.98,24.98,98.0,26.09,10000.0,0.0,100.0,1.39,2.46,253.0,1002.0,0,804,Clouds,overcast clouds,04n
2025-07-25 23:53:50,Thanh Hoa-Thanh Hoa,Thanh Hoa,24.98,24.98,24.98,98.0,26.09,10000.0,0.0,100.0,1.39,2.46,253.0,1002.0,0,804,Clouds,overcast clouds,04n
2025-07-25 23:57:36,Thanh Hoa-Thanh Hoa,Thanh Hoa,24.98,24.98,24.98,98.0,26.09,10000.0,0.0,100.0,1.39,2.46,253.0,1002.0,0,804,Clouds,overcast clouds,04n
2025-07-26 00:01:22,Thanh Hoa-Thanh Hoa,Thanh Hoa,25.0,25.0,25.0,98.0,26.11,10000.0,0.0,100.0,1.39,2.46,253.0,1002.0,0,804,Clouds,overcast clouds,04n
2025-07-26 00:05:08,Thanh Hoa-Thanh Hoa,Thanh Hoa,25.0,25.0,25.0,98.0,26.11,10000.0,0.0,100.0,1.39,2.46,253.0,1002.0,0,804,Clouds,overcast clouds,04n
2025-07-26 00:08:53,Thanh Hoa-Thanh Hoa,Thanh Hoa,25.0,25.0,25.0,98.0,26.11,10000.0,0.0,100.0,1.39,2.46,253.0,1002.0,0,804,Clouds,overcast clouds,04n
2025-07-26 00:12:39,Thanh Hoa-Thanh Hoa,Thanh Hoa,25.0,25.0,25.0,98.0,26.11,10000.0,0.0,100.0,1.39,2.46,253.0,1002.0,0,804,Clouds,overcast clouds,04n
2025-07-26 00:16:25,Thanh Hoa-Thanh Hoa,Thanh Hoa,25.0,25.0,25.0,98.0,26.11,10000.0,0.0,100.0,1.39,2.46,253.0,1002.0,0,804,Clouds,overcast clouds,04n
2025-07-26 00:20:11,Thanh Hoa-Thanh Hoa,Thanh Hoa,25.0,25.0,25.0,98.0,26.11,10000.0,0.0,100.0,1.39,2.46,253.0,1002.0,0,804,Clouds,overcast clouds,04n
2025-07-26 00:23:56,Thanh Hoa-Thanh Hoa,Thanh Hoa,25.0,25.0,25.0,98.0,26.11,10000.0,0.0,100.0,1.39,2.46,253.0,1002.0,0,804,Clouds,overcast clouds,04n
2025-07-26 00:27:42,Thanh Hoa-Thanh Hoa,Thanh Hoa,25.0,25.0,25.0,98.0,26.11,10000.0,0.0,100.0,1.39,2.46,253.0,1002.0,0,804,Clouds,overcast clouds,04n
2025-07-26 00:31:28,Thanh Hoa-Thanh Hoa,Thanh Hoa,24.93,24.93,24.93,98.0,26.04,10000.0,0.0,100.0,1.84,3.58,250.0,1002.0,0,804,Clouds,overcast clouds,04n
2025-07-26 00:35:15,Thanh Hoa-Thanh Hoa,Thanh Hoa,25.0,25.0,25.0,98.0,26.11,10000.0,0.0,100.0,1.39,2.46,253.0,1002.0,0,804,Clouds,overcast clouds,04n
2025-07-26 00:39:02,Thanh Hoa-Thanh Hoa,Thanh Hoa,24.93,24.93,24.93,98.0,26.04,10000.0,0.0,100.0,1.84,3.58,250.0,1002.0,0,804,Clouds,overcast clouds,04n
2025-07-26 00:42:51,Thanh Hoa-Thanh Hoa,Thanh Hoa,24.93,24.93,24.93,98.0,26.04,8337.0,0.0,100.0,1.23,1.43,286.0,1002.0,0,804,Clouds,overcast clouds,04n
2025-07-26 00:46:37,Thanh Hoa-Thanh Hoa,Thanh Hoa,24.93,24.93,24.93,98.0,26.04,8337.0,0.0,100.0,1.23,1.43,286.0,1002.0,0,804,Clouds,overcast clouds,04n
2025-07-26 00:50:23,Thanh Hoa-Thanh Hoa,Thanh Hoa,24.93,24.93,24.93,98.0,26.04,8337.0,0.0,100.0,1.23,1.43,286.0,1002.0,0,804,Clouds,overcast clouds,04n
2025-07-26 00:54:09,Thanh Hoa-Thanh Hoa,Thanh Hoa,24.93,24.93,24.93,98.0,26.04,8337.0,0.0,100.0,1.23,1.43,286.0,1002.0,0,804,Clouds,overcast clouds,04n
2025-07-26 00:57:54,Thanh Hoa-Thanh Hoa,Thanh Hoa,24.93,24.93,24.93,98.0,26.04,8337.0,0.0,100.0,1.23,1.43,286.0,1002.0,0,804,Clouds,overcast clouds,04n
2025-07-26 01:01:40,Thanh Hoa-Thanh Hoa,Thanh Hoa,24.93,24.93,24.93,98.0,26.04,8337.0,0.0,100.0,1.23,1.43,286.0,1002.0,0,804,Clouds,overcast clouds,04n
2025-07-26 01:05:26,Thanh Hoa-Thanh Hoa,Thanh Hoa,24.93,24.93,24.93,98.0,26.04,8337.0,0.0,100.0,1.23,1.43,286.0,1002.0,0,804,Clouds,overcast clouds,04n
2025-07-26 01:09:14,Thanh Hoa-Thanh Hoa,Thanh Hoa,24.93,24.93,24.93,98.0,26.04,8337.0,0.0,100.0,1.23,1.43,286.0,1002.0,0,804,Clouds,overcast clouds,04n
2025-07-26 01:13:00,Thanh Hoa-Thanh Hoa,Thanh Hoa,24.93,24.93,24.93,98.0,26.04,8337.0,0.0,100.0,1.23,1.43,286.0,1002.0,0,804,Clouds,overcast clouds,04n
2025-07-26 01:16:46,Thanh Hoa-Thanh Hoa,Thanh Hoa,24.93,24.93,24.93,98.0,26.04,8337.0,0.0,100.0,1.23,1.43,286.0,1002.0,0,804,Clouds,overcast clouds,04n
2025-07-26 01:20:32,Thanh Hoa-Thanh Hoa,Thanh Hoa,24.93,24.93,24.93,98.0,26.04,8337.0,0.0,100.0,1.23,1.43,286.0,1002.0,0,804,Clouds,overcast clouds,04n
2025-07-26 01:24:18,Thanh Hoa-Thanh Hoa,Thanh Hoa,24.93,24.93,24.93,98.0,26.04,8337.0,0.0,100.0,1.23,1.43,286.0,1002.0,0,804,Clouds,overcast clouds,04n
2025-07-26 01:28:04,Thanh Hoa-Thanh Hoa,Thanh Hoa,24.93,24.93,24.93,98.0,26.04,8337.0,0.0,100.0,1.23,1.43,286.0,1002.0,0,804,Clouds,overcast clouds,04n
2025-07-26 01:31:50,Thanh Hoa-Thanh Hoa,Thanh Hoa,24.93,24.93,24.93,98.0,26.04,8337.0,0.0,100.0,1.23,1.43,286.0,1002.0,0,804,Clouds,overcast clouds,04n
2025-07-26 01:35:36,Thanh Hoa-Thanh Hoa,Thanh Hoa,24.94,24.94,24.94,98.0,26.05,10000.0,0.0,100.0,1.25,1.73,264.0,1001.0,0,804,Clouds,overcast clouds,04n
2025-07-26 01:39:23,Thanh Hoa-Thanh Hoa,Thanh Hoa,24.94,24.94,24.94,98.0,26.05,10000.0,0.0,100.0,1.25,1.73,264.0,1001.0,0,804,Clouds,overcast clouds,04n
2025-07-26 01:43:08,Thanh Hoa-Thanh Hoa,Thanh Hoa,24.94,24.94,24.94,98.0,26.05,10000.0,0.0,100.0,1.25,1.73,264.0,1001.0,0,804,Clouds,overcast clouds,04n
2025-07-26 01:46:54,Thanh Hoa-Thanh Hoa,Thanh Hoa,24.94,24.94,24.94,98.0,26.05,10000.0,0.0,100.0,1.25,1.73,264.0,1001.0,0,804,Clouds,overcast clouds,04n
2025-07-26 01:50:39,Thanh Hoa-Thanh Hoa,Thanh Hoa,24.9,24.9,24.9,98.0,26.0,10000.0,0.0,100.0,1.25,1.73,264.0,1001.0,0,804,Clouds,overcast clouds,04n
2025-07-26 01:54:26,Thanh Hoa-Thanh Hoa,Thanh Hoa,24.9,24.9,24.9,98.0,26.0,10000.0,0.0,100.0,1.25,1.73,264.0,1001.0,0,804,Clouds,overcast clouds,04n
2025-07-26 01:58:12,Thanh Hoa-Thanh Hoa,Thanh Hoa,24.9,24.9,24.9,98.0,26.0,10000.0,0.0,100.0,1.25,1.73,264.0,1001.0,0,804,Clouds,overcast clouds,04n
2025-07-26 02:01:58,Thanh Hoa-Thanh Hoa,Thanh Hoa,24.93,24.93,24.93,98.0,26.04,10000.0,0.0,100.0,1.25,1.73,264.0,1001.0,0,804,Clouds,overcast clouds,04n
2025-07-26 02:05:43,Thanh Hoa-Thanh Hoa,Thanh Hoa,24.93,24.93,24.93,98.0,26.04,10000.0,0.0,100.0,1.25,1.73,264.0,1001.0,0,804,Clouds,overcast clouds,04n
2025-07-26 02:09:29,Thanh Hoa-Thanh Hoa,Thanh Hoa,24.93,24.93,24.93,98.0,26.04,10000.0,0.0,100.0,1.25,1.73,264.0,1001.0,0,804,Clouds,overcast clouds,04n
2025-07-26 02:13:16,Thanh Hoa-Thanh Hoa,Thanh Hoa,24.93,24.93,24.93,98.0,26.04,10000.0,0.0,100.0,1.25,1.73,264.0,1001.0,0,804,Clouds,overcast clouds,04n
2025-07-26 02:17:02,Thanh Hoa-Thanh Hoa,Thanh Hoa,24.93,24.93,24.93,98.0,26.04,10000.0,0.0,100.0,1.25,1.73,264.0,1001.0,0,804,Clouds,overcast clouds,04n
2025-07-26 02:20:47,Thanh Hoa-Thanh Hoa,Thanh Hoa,24.93,24.93,24.93,98.0,26.04,10000.0,0.0,100.0,1.25,1.73,264.0,1001.0,0,804,Clouds,overcast clouds,04n
2025-07-26 02:24:33,Thanh Hoa-Thanh Hoa,Thanh Hoa,24.93,24.93,24.93,98.0,26.04,10000.0,0.0,100.0,1.25,1.73,264.0,1001.0,0,804,Clouds,overcast clouds,04n
2025-07-26 02:28:20,Thanh Hoa-Thanh Hoa,Thanh Hoa,24.93,24.93,24.93,98.0,26.04,10000.0,0.0,100.0,1.25,1.73,264.0,1001.0,0,804,Clouds,overcast clouds,04n
2025-07-26 02:32:06,Thanh Hoa-Thanh Hoa,Thanh Hoa,24.93,24.93,24.93,98.0,26.04,10000.0,0.0,100.0,1.25,1.73,264.0,1001.0,0,804,Clouds,overcast clouds,04n
2025-07-26 02:35:52,Thanh Hoa-Thanh Hoa,Thanh Hoa,25.07,25.07,25.07,97.0,26.17,10000.0,0.0,100.0,1.09,1.36,262.0,1000.0,0,804,Clouds,overcast clouds,04n
2025-07-26 02:39:38,Thanh Hoa-Thanh Hoa,Thanh Hoa,25.07,25.07,25.07,97.0,26.17,10000.0,0.0,100.0,1.09,1.36,262.0,1000.0,0,804,Clouds,overcast clouds,04n
2025-07-26 02:43:24,Thanh Hoa-Thanh Hoa,Thanh Hoa,25.07,25.07,25.07,97.0,26.17,10000.0,0.0,100.0,1.09,1.36,262.0,1000.0,0,804,Clouds,overcast clouds,04n
2025-07-26 02:47:10,Thanh Hoa-Thanh Hoa,Thanh Hoa,25.07,25.07,25.07,97.0,26.17,10000.0,0.0,100.0,1.09,1.36,262.0,1000.0,0,804,Clouds,overcast clouds,04n
2025-07-26 02:50:56,Thanh Hoa-Thanh Hoa,Thanh Hoa,25.07,25.07,25.07,97.0,26.17,10000.0,0.0,100.0,1.09,1.36,262.0,1000.0,0,804,Clouds,overcast clouds,04n
2025-07-26 02:54:42,Thanh Hoa-Thanh Hoa,Thanh Hoa,25.07,25.07,25.07,97.0,26.17,10000.0,0.0,100.0,1.09,1.36,262.0,1000.0,0,804,Clouds,overcast clouds,04n
2025-07-26 02:58:27,Thanh Hoa-Thanh Hoa,Thanh Hoa,25.07,25.07,25.07,97.0,26.17,10000.0,0.0,100.0,1.09,1.36,262.0,1000.0,0,804,Clouds,overcast clouds,04n
2025-07-26 03:02:13,Thanh Hoa-Thanh Hoa,Thanh Hoa,25.1,25.1,25.1,97.0,26.2,10000.0,0.0,100.0,1.09,1.36,262.0,1000.0,0,804,Clouds,overcast clouds,04n
2025-07-26 03:05:59,Thanh Hoa-Thanh Hoa,Thanh Hoa,25.1,25.1,25.1,97.0,26.2,10000.0,0.0,100.0,1.09,1.36,262.0,1000.0,0,804,Clouds,overcast clouds,04n
2025-07-26 03:09:45,Thanh Hoa-Thanh Hoa,Thanh Hoa,25.1,25.1,25.1,97.0,26.2,10000.0,0.0,100.0,1.09,1.36,262.0,1000.0,0,804,Clouds,overcast clouds,04n
2025-07-26 03:13:30,Thanh Hoa-Thanh Hoa,Thanh Hoa,25.1,25.1,25.1,97.0,26.2,10000.0,0.0,100.0,1.09,1.36,262.0,1000.0,0,804,Clouds,overcast clouds,04n
2025-07-26 03:17:16,Thanh Hoa-Thanh Hoa,Thanh Hoa,25.1,25.1,25.1,97.0,26.2,10000.0,0.0,100.0,1.09,1.36,262.0,1000.0,0,804,Clouds,overcast clouds,04n
2025-07-26 03:21:02,Thanh Hoa-Thanh Hoa,Thanh Hoa,25.1,25.1,25.1,97.0,26.2,10000.0,0.0,100.0,1.09,1.36,262.0,1000.0,0,804,Clouds,overcast clouds,04n
2025-07-26 03:24:48,Thanh Hoa-Thanh Hoa,Thanh Hoa,25.1,25.1,25.1,97.0,26.2,10000.0,0.0,100.0,1.09,1.36,262.0,1000.0,0,804,Clouds,overcast clouds,04n
2025-07-26 03:28:34,Thanh Hoa-Thanh Hoa,Thanh Hoa,25.1,25.1,25.1,97.0,26.2,10000.0,0.0,100.0,1.09,1.36,262.0,1000.0,0,804,Clouds,overcast clouds,04n
2025-07-26 03:32:20,Thanh Hoa-Thanh Hoa,Thanh Hoa,24.96,24.96,24.96,97.0,26.04,10000.0,0.0,100.0,1.21,1.36,290.0,1000.0,0,804,Clouds,overcast clouds,04n
2025-07-26 03:36:10,Thanh Hoa-Thanh Hoa,Thanh Hoa,24.96,24.96,24.96,97.0,26.04,10000.0,0.0,100.0,1.21,1.36,290.0,1000.0,0,804,Clouds,overcast clouds,04n
2025-07-26 03:39:55,Thanh Hoa-Thanh Hoa,Thanh Hoa,24.96,24.96,24.96,97.0,26.04,10000.0,0.0,100.0,1.21,1.36,290.0,1000.0,0,804,Clouds,overcast clouds,04n
2025-07-26 03:43:41,Thanh Hoa-Thanh Hoa,Thanh Hoa,24.96,24.96,24.96,97.0,26.04,10000.0,0.0,100.0,1.21,1.36,290.0,1000.0,0,804,Clouds,overcast clouds,04n
2025-07-26 03:47:27,Thanh Hoa-Thanh Hoa,Thanh Hoa,24.96,24.96,24.96,97.0,26.04,10000.0,0.0,100.0,1.21,1.36,290.0,1000.0,0,804,Clouds,overcast clouds,04n
2025-07-26 03:51:13,Thanh Hoa-Thanh Hoa,Thanh Hoa,24.96,24.96,24.96,97.0,26.04,10000.0,0.0,100.0,1.21,1.36,290.0,1000.0,0,804,Clouds,overcast clouds,04n
2025-07-26 03:54:59,Thanh Hoa-Thanh Hoa,Thanh Hoa,24.96,24.96,24.96,97.0,26.04,10000.0,0.0,100.0,1.21,1.36,290.0,1000.0,0,804,Clouds,overcast clouds,04n
2025-07-26 03:58:45,Thanh Hoa-Thanh Hoa,Thanh Hoa,24.96,24.96,24.96,97.0,26.04,10000.0,0.0,100.0,1.21,1.36,290.0,1000.0,0,804,Clouds,overcast clouds,04n
2025-07-26 04:02:31,Thanh Hoa-Thanh Hoa,Thanh Hoa,24.98,24.98,24.98,97.0,26.07,10000.0,0.0,100.0,1.21,1.36,290.0,1000.0,0,804,Clouds,overcast clouds,04n
2025-07-26 04:06:17,Thanh Hoa-Thanh Hoa,Thanh Hoa,24.98,24.98,24.98,97.0,26.07,10000.0,0.0,100.0,1.21,1.36,290.0,1000.0,0,804,Clouds,overcast clouds,04n
2025-07-26 04:10:04,Thanh Hoa-Thanh Hoa,Thanh Hoa,24.98,24.98,24.98,97.0,26.07,10000.0,0.0,100.0,1.21,1.36,290.0,1000.0,0,804,Clouds,overcast clouds,04n
2025-07-26 04:13:49,Thanh Hoa-Thanh Hoa,Thanh Hoa,24.98,24.98,24.98,97.0,26.07,10000.0,0.0,100.0,1.21,1.36,290.0,1000.0,0,804,Clouds,overcast clouds,04n
2025-07-26 04:17:35,Thanh Hoa-Thanh Hoa,Thanh Hoa,24.98,24.98,24.98,97.0,26.07,10000.0,0.0,100.0,1.21,1.36,290.0,1000.0,0,804,Clouds,overcast clouds,04n
2025-07-26 04:21:21,Thanh Hoa-Thanh Hoa,Thanh Hoa,24.98,24.98,24.98,97.0,26.07,10000.0,0.0,100.0,1.21,1.36,290.0,1000.0,0,804,Clouds,overcast clouds,04n
2025-07-26 04:25:07,Thanh Hoa-Thanh Hoa,Thanh Hoa,24.98,24.98,24.98,97.0,26.07,10000.0,0.0,100.0,1.21,1.36,290.0,1000.0,0,804,Clouds,overcast clouds,04n
2025-07-26 04:28:53,Thanh Hoa-Thanh Hoa,Thanh Hoa,24.98,24.98,24.98,97.0,26.07,10000.0,0.0,100.0,1.21,1.36,290.0,1000.0,0,804,Clouds,overcast clouds,04n
2025-07-26 04:32:39,Thanh Hoa-Thanh Hoa,Thanh Hoa,24.98,24.98,24.98,97.0,26.07,10000.0,0.0,100.0,1.21,1.36,290.0,1000.0,0,804,Clouds,overcast clouds,04n
2025-07-26 04:36:25,Thanh Hoa-Thanh Hoa,Thanh Hoa,24.88,24.88,24.88,97.0,25.96,10000.0,0.0,100.0,1.28,1.58,304.0,1000.0,0,804,Clouds,overcast clouds,04n
2025-07-26 04:40:11,Thanh Hoa-Thanh Hoa,Thanh Hoa,24.98,24.98,24.98,97.0,26.07,10000.0,0.0,100.0,1.21,1.36,290.0,1000.0,0,804,Clouds,overcast clouds,04n
2025-07-26 04:43:56,Thanh Hoa-Thanh Hoa,Thanh Hoa,24.88,24.88,24.88,97.0,25.96,10000.0,0.0,100.0,1.28,1.58,304.0,1000.0,0,804,Clouds,overcast clouds,04n
2025-07-26 04:47:42,Thanh Hoa-Thanh Hoa,Thanh Hoa,24.88,24.88,24.88,97.0,25.96,10000.0,0.0,100.0,1.28,1.58,304.0,1000.0,0,804,Clouds,overcast clouds,04n
2025-07-26 04:51:28,Thanh Hoa-Thanh Hoa,Thanh Hoa,24.88,24.88,24.88,97.0,25.96,10000.0,0.0,100.0,1.28,1.58,304.0,1000.0,0,804,Clouds,overcast clouds,04n
2025-07-26 04:55:14,Thanh Hoa-Thanh Hoa,Thanh Hoa,24.88,24.88,24.88,97.0,25.96,10000.0,0.0,100.0,1.28,1.58,304.0,1000.0,0,804,Clouds,overcast clouds,04n
2025-07-26 04:59:00,Thanh Hoa-Thanh Hoa,Thanh Hoa,24.88,24.88,24.88,97.0,25.96,10000.0,0.0,100.0,1.28,1.58,304.0,1000.0,0,804,Clouds,overcast clouds,04n
2025-07-26 05:02:46,Thanh Hoa-Thanh Hoa,Thanh Hoa,24.88,24.88,24.88,97.0,25.96,10000.0,0.0,100.0,1.28,1.58,304.0,1000.0,0,804,Clouds,overcast clouds,04n
2025-07-26 05:06:34,Thanh Hoa-Thanh Hoa,Thanh Hoa,24.9,24.9,24.9,97.0,25.98,10000.0,0.0,100.0,1.28,1.58,304.0,1000.0,0,804,Clouds,overcast clouds,04n
2025-07-26 05:10:20,Thanh Hoa-Thanh Hoa,Thanh Hoa,24.9,24.9,24.9,97.0,25.98,10000.0,0.0,100.0,1.28,1.58,304.0,1000.0,0,804,Clouds,overcast clouds,04n
2025-07-26 05:14:06,Thanh Hoa-Thanh Hoa,Thanh Hoa,24.9,24.9,24.9,97.0,25.98,10000.0,0.0,100.0,1.28,1.58,304.0,1000.0,0,804,Clouds,overcast clouds,04n
2025-07-26 05:17:52,Thanh Hoa-Thanh Hoa,Thanh Hoa,24.9,24.9,24.9,97.0,25.98,10000.0,0.0,100.0,1.28,1.58,304.0,1000.0,0,804,Clouds,overcast clouds,04n
2025-07-26 05:21:38,Thanh Hoa-Thanh Hoa,Thanh Hoa,24.9,24.9,24.9,97.0,25.98,10000.0,0.0,100.0,1.28,1.58,304.0,1000.0,0,804,Clouds,overcast clouds,04n
2025-07-26 05:25:25,Thanh Hoa-Thanh Hoa,Thanh Hoa,24.9,24.9,24.9,97.0,25.98,10000.0,0.0,100.0,1.28,1.58,304.0,1000.0,0,804,Clouds,overcast clouds,04n
2025-07-26 05:29:11,Thanh Hoa-Thanh Hoa,Thanh Hoa,24.9,24.9,24.9,97.0,25.98,10000.0,0.0,100.0,1.28,1.58,304.0,1000.0,0,804,Clouds,overcast clouds,04n
2025-07-26 05:32:57,Thanh Hoa-Thanh Hoa,Thanh Hoa,25.16,25.16,25.16,97.0,26.26,10000.0,0.0,100.0,1.25,1.7,299.0,1001.0,1,804,Clouds,overcast clouds,04d
2025-07-26 05:36:42,Thanh Hoa-Thanh Hoa,Thanh Hoa,25.16,25.16,25.16,97.0,26.26,10000.0,0.0,100.0,1.25,1.7,299.0,1001.0,1,804,Clouds,overcast clouds,04d
2025-07-26 05:40:28,Thanh Hoa-Thanh Hoa,Thanh Hoa,25.16,25.16,25.16,97.0,26.26,10000.0,0.0,100.0,1.25,1.7,299.0,1001.0,1,804,Clouds,overcast clouds,04d
2025-07-26 05:44:13,Thanh Hoa-Thanh Hoa,Thanh Hoa,25.16,25.16,25.16,97.0,26.26,10000.0,0.0,100.0,1.25,1.7,299.0,1001.0,1,804,Clouds,overcast clouds,04d
2025-07-26 05:47:59,Thanh Hoa-Thanh Hoa,Thanh Hoa,25.16,25.16,25.16,97.0,26.26,10000.0,0.0,100.0,1.25,1.7,299.0,1001.0,1,804,Clouds,overcast clouds,04d
2025-07-26 05:51:45,Thanh Hoa-Thanh Hoa,Thanh Hoa,25.16,25.16,25.16,97.0,26.26,10000.0,0.0,100.0,1.25,1.7,299.0,1001.0,1,804,Clouds,overcast clouds,04d
2025-07-26 05:55:31,Thanh Hoa-Thanh Hoa,Thanh Hoa,25.15,25.15,25.15,97.0,26.25,10000.0,0.0,100.0,1.25,1.7,299.0,1001.0,1,804,Clouds,overcast clouds,04d
2025-07-26 05:59:17,Thanh Hoa-Thanh Hoa,Thanh Hoa,25.15,25.15,25.15,97.0,26.25,10000.0,0.0,100.0,1.25,1.7,299.0,1001.0,1,804,Clouds,overcast clouds,04d
2025-07-26 06:03:03,Thanh Hoa-Thanh Hoa,Thanh Hoa,25.15,25.15,25.15,97.0,26.25,10000.0,0.0,100.0,1.25,1.7,299.0,1001.0,1,804,Clouds,overcast clouds,04d
2025-07-26 06:06:50,Thanh Hoa-Thanh Hoa,Thanh Hoa,25.17,25.17,25.17,97.0,26.28,10000.0,0.0,100.0,1.25,1.7,299.0,1001.0,1,804,Clouds,overcast clouds,04d
2025-07-26 06:10:36,Thanh Hoa-Thanh Hoa,Thanh Hoa,25.17,25.17,25.17,97.0,26.28,10000.0,0.0,100.0,1.25,1.7,299.0,1001.0,1,804,Clouds,overcast clouds,04d
2025-07-26 06:14:21,Thanh Hoa-Thanh Hoa,Thanh Hoa,25.17,25.17,25.17,97.0,26.28,10000.0,0.0,100.0,1.25,1.7,299.0,1001.0,1,804,Clouds,overcast clouds,04d
2025-07-26 06:18:07,Thanh Hoa-Thanh Hoa,Thanh Hoa,25.17,25.17,25.17,97.0,26.28,10000.0,0.0,100.0,1.25,1.7,299.0,1001.0,1,804,Clouds,overcast clouds,04d
2025-07-26 06:21:54,Thanh Hoa-Thanh Hoa,Thanh Hoa,25.17,25.17,25.17,97.0,26.28,10000.0,0.0,100.0,1.25,1.7,299.0,1001.0,1,804,Clouds,overcast clouds,04d
2025-07-26 06:25:40,Thanh Hoa-Thanh Hoa,Thanh Hoa,25.17,25.17,25.17,97.0,26.28,10000.0,0.0,100.0,1.25,1.7,299.0,1001.0,1,804,Clouds,overcast clouds,04d
2025-07-26 06:29:26,Thanh Hoa-Thanh Hoa,Thanh Hoa,25.17,25.17,25.17,97.0,26.28,10000.0,0.0,100.0,1.25,1.7,299.0,1001.0,1,804,Clouds,overcast clouds,04d
2025-07-26 06:33:11,Thanh Hoa-Thanh Hoa,Thanh Hoa,26.36,26.36,26.36,94.0,26.36,10000.0,0.0,100.0,1.25,2.09,300.0,1001.0,1,804,Clouds,overcast clouds,04d
2025-07-26 06:36:57,Thanh Hoa-Thanh Hoa,Thanh Hoa,26.36,26.36,26.36,94.0,26.36,10000.0,0.0,100.0,1.25,2.09,300.0,1001.0,1,804,Clouds,overcast clouds,04d
2025-07-26 06:40:43,Thanh Hoa-Thanh Hoa,Thanh Hoa,26.36,26.36,26.36,94.0,26.36,10000.0,0.0,100.0,1.25,2.09,300.0,1001.0,1,804,Clouds,overcast clouds,04d
2025-07-26 06:44:29,Thanh Hoa-Thanh Hoa,Thanh Hoa,26.36,26.36,26.36,94.0,26.36,10000.0,0.0,100.0,1.25,2.09,300.0,1001.0,1,804,Clouds,overcast clouds,04d
2025-07-26 06:48:15,Thanh Hoa-Thanh Hoa,Thanh Hoa,26.36,26.36,26.36,94.0,26.36,10000.0,0.0,93.0,1.19,1.94,301.0,1001.0,1,804,Clouds,overcast clouds,04d
2025-07-26 06:52:01,Thanh Hoa-Thanh Hoa,Thanh Hoa,26.36,26.36,26.36,94.0,26.36,10000.0,0.0,100.0,1.25,2.09,300.0,1001.0,1,804,Clouds,overcast clouds,04d
2025-07-26 06:55:46,Thanh Hoa-Thanh Hoa,Thanh Hoa,26.36,26.36,26.36,94.0,26.36,10000.0,0.0,93.0,1.19,1.94,301.0,1001.0,1,804,Clouds,overcast clouds,04d
2025-07-26 06:59:32,Thanh Hoa-Thanh Hoa,Thanh Hoa,26.36,26.36,26.36,94.0,26.36,10000.0,0.0,93.0,1.19,1.94,301.0,1001.0,1,804,Clouds,overcast clouds,04d
2025-07-26 07:03:18,Thanh Hoa-Thanh Hoa,Thanh Hoa,26.36,26.36,26.36,94.0,26.36,10000.0,0.0,93.0,1.19,1.94,301.0,1001.0,1,804,Clouds,overcast clouds,04d
2025-07-26 07:07:03,Thanh Hoa-Thanh Hoa,Thanh Hoa,26.36,26.36,26.36,94.0,26.36,10000.0,0.0,93.0,1.19,1.94,301.0,1001.0,1,804,Clouds,overcast clouds,04d
2025-07-26 07:10:49,Thanh Hoa-Thanh Hoa,Thanh Hoa,26.36,26.36,26.36,94.0,26.36,10000.0,0.0,93.0,1.19,1.94,301.0,1001.0,1,804,Clouds,overcast clouds,04d
2025-07-26 07:14:35,Thanh Hoa-Thanh Hoa,Thanh Hoa,26.36,26.36,26.36,94.0,26.36,10000.0,0.0,93.0,1.19,1.94,301.0,1001.0,1,804,Clouds,overcast clouds,04d
2025-07-26 07:18:21,Thanh Hoa-Thanh Hoa,Thanh Hoa,26.36,26.36,26.36,94.0,26.36,10000.0,0.0,93.0,1.19,1.94,301.0,1001.0,1,804,Clouds,overcast clouds,04d
2025-07-26 07:22:07,Thanh Hoa-Thanh Hoa,Thanh Hoa,26.36,26.36,26.36,94.0,26.36,10000.0,0.0,93.0,1.19,1.94,301.0,1001.0,1,804,Clouds,overcast clouds,04d
2025-07-26 07:25:53,Thanh Hoa-Thanh Hoa,Thanh Hoa,26.36,26.36,26.36,94.0,26.36,10000.0,0.0,93.0,1.19,1.94,301.0,1001.0,1,804,Clouds,overcast clouds,04d
2025-07-26 07:29:39,Thanh Hoa-Thanh Hoa,Thanh Hoa,26.36,26.36,26.36,94.0,26.36,10000.0,0.0,93.0,1.19,1.94,301.0,1001.0,1,804,Clouds,overcast clouds,04d
2025-07-26 07:33:25,Thanh Hoa-Thanh Hoa,Thanh Hoa,27.74,27.74,27.74,88.0,32.62,10000.0,0.0,100.0,1.31,1.93,312.0,1002.0,1,804,Clouds,overcast clouds,04d
2025-07-26 07:37:11,Thanh Hoa-Thanh Hoa,Thanh Hoa,26.36,26.36,26.36,94.0,26.36,10000.0,0.0,93.0,1.19,1.94,301.0,1001.0,1,804,Clouds,overcast clouds,04d
2025-07-26 07:40:56,Thanh Hoa-Thanh Hoa,Thanh Hoa,27.74,27.74,27.74,88.0,32.62,10000.0,0.0,100.0,1.31,1.93,312.0,1002.0,1,804,Clouds,overcast clouds,04d
2025-07-26 07:44:41,Thanh Hoa-Thanh Hoa,Thanh Hoa,27.74,27.74,27.74,88.0,32.62,10000.0,0.0,100.0,1.31,1.93,312.0,1002.0,1,804,Clouds,overcast clouds,04d
2025-07-26 07:48:27,Thanh Hoa-Thanh Hoa,Thanh Hoa,27.93,27.93,27.93,88.0,33.19,10000.0,0.0,100.0,1.31,1.93,312.0,1002.0,1,804,Clouds,overcast clouds,04d
2025-07-26 07:52:13,Thanh Hoa-Thanh Hoa,Thanh Hoa,27.74,27.74,27.74,88.0,32.62,10000.0,0.0,100.0,1.31,1.93,312.0,1002.0,1,804,Clouds,overcast clouds,04d
2025-07-26 07:55:59,Thanh Hoa-Thanh Hoa,Thanh Hoa,27.93,27.93,27.93,88.0,33.19,10000.0,0.0,100.0,1.31,1.93,312.0,1002.0,1,804,Clouds,overcast clouds,04d
2025-07-26 07:59:45,Thanh Hoa-Thanh Hoa,Thanh Hoa,27.93,27.93,27.93,88.0,33.19,10000.0,0.0,100.0,1.31,1.93,312.0,1002.0,1,804,Clouds,overcast clouds,04d
2025-07-26 08:03:31,Thanh Hoa-Thanh Hoa,Thanh Hoa,27.94,27.94,27.94,88.0,33.22,10000.0,0.0,100.0,1.31,1.93,312.0,1002.0,1,804,Clouds,overcast clouds,04d
2025-07-26 08:07:17,Thanh Hoa-Thanh Hoa,Thanh Hoa,27.93,27.93,27.93,88.0,33.19,10000.0,0.0,100.0,1.31,1.93,312.0,1002.0,1,804,Clouds,overcast clouds,04d
2025-07-26 08:11:02,Thanh Hoa-Thanh Hoa,Thanh Hoa,27.94,27.94,27.94,88.0,33.22,10000.0,0.0,100.0,1.31,1.93,312.0,1002.0,1,804,Clouds,overcast clouds,04d
2025-07-26 08:14:48,Thanh Hoa-Thanh Hoa,Thanh Hoa,27.94,27.94,27.94,88.0,33.22,10000.0,0.0,100.0,1.31,1.93,312.0,1002.0,1,804,Clouds,overcast clouds,04d
2025-07-26 08:18:34,Thanh Hoa-Thanh Hoa,Thanh Hoa,27.95,27.95,27.95,88.0,33.25,10000.0,0.0,100.0,1.31,1.93,312.0,1002.0,1,804,Clouds,overcast clouds,04d
2025-07-26 08:22:20,Thanh Hoa-Thanh Hoa,Thanh Hoa,27.95,27.95,27.95,88.0,33.25,10000.0,0.0,100.0,1.31,1.93,312.0,1002.0,1,804,Clouds,overcast clouds,04d
2025-07-26 08:26:05,Thanh Hoa-Thanh Hoa,Thanh Hoa,27.95,27.95,27.95,88.0,33.25,10000.0,0.0,100.0,1.31,1.93,312.0,1002.0,1,804,Clouds,overcast clouds,04d
2025-07-26 08:29:51,Thanh Hoa-Thanh Hoa,Thanh Hoa,27.95,27.95,27.95,88.0,33.25,10000.0,0.0,100.0,1.31,1.93,312.0,1002.0,1,804,Clouds,overcast clouds,04d
2025-07-26 08:33:37,Thanh Hoa-Thanh Hoa,Thanh Hoa,29.29,29.29,29.29,80.0,35.56,10000.0,0.0,100.0,1.4,1.74,298.0,1002.0,1,804,Clouds,overcast clouds,04d
2025-07-26 08:37:23,Thanh Hoa-Thanh Hoa,Thanh Hoa,29.29,29.29,29.29,80.0,35.56,10000.0,0.0,100.0,1.4,1.74,298.0,1002.0,1,804,Clouds,overcast clouds,04d
2025-07-26 08:41:08,Thanh Hoa-Thanh Hoa,Thanh Hoa,29.29,29.29,29.29,80.0,35.56,10000.0,0.0,100.0,1.4,1.74,298.0,1002.0,1,804,Clouds,overcast clouds,04d
2025-07-26 08:44:54,Thanh Hoa-Thanh Hoa,Thanh Hoa,29.29,29.29,29.29,80.0,35.56,10000.0,0.0,100.0,1.4,1.74,298.0,1002.0,1,804,Clouds,overcast clouds,04d
2025-07-26 08:48:40,Thanh Hoa-Thanh Hoa,Thanh Hoa,29.25,29.25,29.25,80.0,35.45,10000.0,0.0,100.0,1.4,1.74,298.0,1002.0,1,804,Clouds,overcast clouds,04d
2025-07-26 08:52:25,Thanh Hoa-Thanh Hoa,Thanh Hoa,29.25,29.25,29.25,80.0,35.45,10000.0,0.0,100.0,1.4,1.74,298.0,1002.0,1,804,Clouds,overcast clouds,04d
2025-07-26 08:56:11,Thanh Hoa-Thanh Hoa,Thanh Hoa,29.25,29.25,29.25,80.0,35.45,10000.0,0.0,100.0,1.4,1.74,298.0,1002.0,1,804,Clouds,overcast clouds,04d
2025-07-26 08:59:57,Thanh Hoa-Thanh Hoa,Thanh Hoa,29.25,29.25,29.25,80.0,35.45,10000.0,0.0,100.0,1.4,1.74,298.0,1002.0,1,804,Clouds,overcast clouds,04d
2025-07-26 09:03:42,Thanh Hoa-Thanh Hoa,Thanh Hoa,29.25,29.25,29.25,80.0,35.45,10000.0,0.0,100.0,1.4,1.74,298.0,1002.0,1,804,Clouds,overcast clouds,04d
2025-07-26 09:07:31,Thanh Hoa-Thanh Hoa,Thanh Hoa,29.26,29.26,29.26,80.0,35.47,10000.0,0.0,100.0,1.4,1.74,298.0,1002.0,1,804,Clouds,overcast clouds,04d
2025-07-26 09:11:18,Thanh Hoa-Thanh Hoa,Thanh Hoa,29.26,29.26,29.26,80.0,35.47,10000.0,0.0,100.0,1.4,1.74,298.0,1002.0,1,804,Clouds,overcast clouds,04d
2025-07-26 09:15:03,Thanh Hoa-Thanh Hoa,Thanh Hoa,29.26,29.26,29.26,80.0,35.47,10000.0,0.0,100.0,1.4,1.74,298.0,1002.0,1,804,Clouds,overcast clouds,04d
2025-07-26 09:18:49,Thanh Hoa-Thanh Hoa,Thanh Hoa,29.26,29.26,29.26,80.0,35.47,10000.0,0.0,100.0,1.4,1.74,298.0,1002.0,1,804,Clouds,overcast clouds,04d
2025-07-26 09:22:34,Thanh Hoa-Thanh Hoa,Thanh Hoa,29.27,29.27,29.27,80.0,35.5,10000.0,0.0,100.0,1.4,1.74,298.0,1002.0,1,804,Clouds,overcast clouds,04d
2025-07-26 09:26:20,Thanh Hoa-Thanh Hoa,Thanh Hoa,29.27,29.27,29.27,80.0,35.5,10000.0,0.0,100.0,1.4,1.74,298.0,1002.0,1,804,Clouds,overcast clouds,04d
2025-07-26 09:30:06,Thanh Hoa-Thanh Hoa,Thanh Hoa,29.27,29.27,29.27,80.0,35.5,10000.0,0.0,100.0,1.4,1.74,298.0,1002.0,1,804,Clouds,overcast clouds,04d
2025-07-26 09:33:52,Thanh Hoa-Thanh Hoa,Thanh Hoa,29.17,29.17,29.17,84.0,36.16,9206.0,0.0,100.0,1.86,2.57,289.0,1002.0,1,804,Clouds,overcast clouds,04d
2025-07-26 09:37:38,Thanh Hoa-Thanh Hoa,Thanh Hoa,29.17,29.17,29.17,84.0,36.16,9206.0,0.0,100.0,1.86,2.57,289.0,1002.0,1,804,Clouds,overcast clouds,04d
2025-07-26 09:41:24,Thanh Hoa-Thanh Hoa,Thanh Hoa,29.17,29.17,29.17,84.0,36.16,9206.0,0.0,100.0,1.86,2.57,289.0,1002.0,1,804,Clouds,overcast clouds,04d
2025-07-26 09:45:09,Thanh Hoa-Thanh Hoa,Thanh Hoa,29.17,29.17,29.17,84.0,36.16,9206.0,0.0,100.0,1.86,2.57,289.0,1002.0,1,804,Clouds,overcast clouds,04d
2025-07-26 09:48:55,Thanh Hoa-Thanh Hoa,Thanh Hoa,29.17,29.17,29.17,84.0,36.16,9206.0,0.0,100.0,1.86,2.57,289.0,1002.0,1,804,Clouds,overcast clouds,04d
2025-07-26 09:52:41,Thanh Hoa-Thanh Hoa,Thanh Hoa,29.17,29.17,29.17,84.0,36.16,9206.0,0.0,100.0,1.86,2.57,289.0,1002.0,1,804,Clouds,overcast clouds,04d
2025-07-26 09:56:27,Thanh Hoa-Thanh Hoa,Thanh Hoa,29.17,29.17,29.17,84.0,36.16,9206.0,0.0,100.0,1.86,2.57,289.0,1002.0,1,804,Clouds,overcast clouds,04d
2025-07-26 10:00:13,Thanh Hoa-Thanh Hoa,Thanh Hoa,29.17,29.17,29.17,84.0,36.16,9206.0,0.0,100.0,1.86,2.57,289.0,1002.0,1,804,Clouds,overcast clouds,04d
2025-07-26 10:03:58,Thanh Hoa-Thanh Hoa,Thanh Hoa,29.17,29.17,29.17,84.0,36.16,9206.0,0.0,100.0,1.86,2.57,289.0,1002.0,1,804,Clouds,overcast clouds,04d
2025-07-26 10:07:44,Thanh Hoa-Thanh Hoa,Thanh Hoa,29.19,29.19,29.19,84.0,36.19,9206.0,0.0,100.0,1.86,2.57,289.0,1002.0,1,804,Clouds,overcast clouds,04d
2025-07-26 10:11:30,Thanh Hoa-Thanh Hoa,Thanh Hoa,29.19,29.19,29.19,84.0,36.19,9206.0,0.0,100.0,1.86,2.57,289.0,1002.0,1,804,Clouds,overcast clouds,04d
2025-07-26 10:15:16,Thanh Hoa-Thanh Hoa,Thanh Hoa,29.19,29.19,29.19,84.0,36.19,9206.0,0.0,100.0,1.86,2.57,289.0,1002.0,1,804,Clouds,overcast clouds,04d
2025-07-26 10:19:01,Thanh Hoa-Thanh Hoa,Thanh Hoa,29.19,29.19,29.19,84.0,36.19,9206.0,0.0,100.0,1.86,2.57,289.0,1002.0,1,804,Clouds,overcast clouds,04d
2025-07-26 10:22:47,Thanh Hoa-Thanh Hoa,Thanh Hoa,29.19,29.19,29.19,84.0,36.19,9206.0,0.0,100.0,1.86,2.57,289.0,1002.0,1,804,Clouds,overcast clouds,04d
2025-07-26 10:26:33,Thanh Hoa-Thanh Hoa,Thanh Hoa,29.19,29.19,29.19,84.0,36.19,9206.0,0.0,100.0,1.86,2.57,289.0,1002.0,1,804,Clouds,overcast clouds,04d
2025-07-26 10:30:19,Thanh Hoa-Thanh Hoa,Thanh Hoa,30.05,30.05,30.05,79.0,37.05,3349.0,0.0,100.0,0.8,1.35,281.0,1002.0,1,804,Clouds,overcast clouds,04d
2025-07-26 10:34:04,Thanh Hoa-Thanh Hoa,Thanh Hoa,30.05,30.05,30.05,79.0,37.05,3349.0,0.0,100.0,0.8,1.35,281.0,1002.0,1,804,Clouds,overcast clouds,04d
2025-07-26 10:37:52,Thanh Hoa-Thanh Hoa,Thanh Hoa,30.05,30.05,30.05,79.0,37.05,3349.0,0.0,100.0,0.8,1.35,281.0,1002.0,1,804,Clouds,overcast clouds,04d
2025-07-26 10:41:42,Thanh Hoa-Thanh Hoa,Thanh Hoa,30.05,30.05,30.05,79.0,37.05,3349.0,0.0,100.0,0.8,1.35,281.0,1002.0,1,804,Clouds,overcast clouds,04d
2025-07-26 10:45:31,Thanh Hoa-Thanh Hoa,Thanh Hoa,30.05,30.05,30.05,79.0,37.05,3349.0,0.0,100.0,0.8,1.35,281.0,1002.0,1,804,Clouds,overcast clouds,04d
2025-07-26 10:49:21,Thanh Hoa-Thanh Hoa,Thanh Hoa,30.08,30.08,30.08,79.0,37.08,3349.0,0.0,100.0,0.8,1.35,281.0,1002.0,1,804,Clouds,overcast clouds,04d
2025-07-26 10:53:10,Thanh Hoa-Thanh Hoa,Thanh Hoa,30.08,30.08,30.08,79.0,37.08,3349.0,0.0,100.0,0.8,1.35,281.0,1002.0,1,804,Clouds,overcast clouds,04d
2025-07-26 10:56:59,Thanh Hoa-Thanh Hoa,Thanh Hoa,30.08,30.08,30.08,79.0,37.08,3349.0,0.0,100.0,0.8,1.35,281.0,1002.0,1,804,Clouds,overcast clouds,04d
2025-07-26 11:00:50,Thanh Hoa-Thanh Hoa,Thanh Hoa,30.08,30.08,30.08,79.0,37.08,3349.0,0.0,100.0,0.8,1.35,281.0,1002.0,1,804,Clouds,overcast clouds,04d
2025-07-26 11:04:39,Thanh Hoa-Thanh Hoa,Thanh Hoa,30.08,30.08,30.08,79.0,37.08,3349.0,0.0,100.0,0.8,1.35,281.0,1002.0,1,804,Clouds,overcast clouds,04d
2025-07-26 11:08:28,Thanh Hoa-Thanh Hoa,Thanh Hoa,30.1,30.1,30.1,79.0,37.1,3349.0,0.0,100.0,0.8,1.35,281.0,1002.0,1,804,Clouds,overcast clouds,04d
2025-07-26 11:12:18,Thanh Hoa-Thanh Hoa,Thanh Hoa,30.1,30.1,30.1,79.0,37.1,3349.0,0.0,100.0,0.8,1.35,281.0,1002.0,1,804,Clouds,overcast clouds,04d
2025-07-26 11:16:08,Thanh Hoa-Thanh Hoa,Thanh Hoa,30.1,30.1,30.1,79.0,37.1,3349.0,0.0,100.0,0.8,1.35,281.0,1002.0,1,804,Clouds,overcast clouds,04d
2025-07-26 11:19:58,Thanh Hoa-Thanh Hoa,Thanh Hoa,30.1,30.1,30.1,79.0,37.1,3349.0,0.0,100.0,0.8,1.35,281.0,1002.0,1,804,Clouds,overcast clouds,04d
2025-07-26 11:23:48,Thanh Hoa-Thanh Hoa,Thanh Hoa,30.1,30.1,30.1,79.0,37.1,3349.0,0.0,100.0,0.8,1.35,281.0,1002.0,1,804,Clouds,overcast clouds,04d
2025-07-26 11:27:38,Thanh Hoa-Thanh Hoa,Thanh Hoa,30.1,30.1,30.1,79.0,37.1,3349.0,0.0,100.0,0.8,1.35,281.0,1002.0,1,804,Clouds,overcast clouds,04d
2025-07-26 11:31:28,Thanh Hoa-Thanh Hoa,Thanh Hoa,31.02,31.02,31.02,71.0,37.96,10000.0,0.0,100.0,0.45,0.65,103.0,1001.0,1,804,Clouds,overcast clouds,04d
2025-07-26 11:35:17,Thanh Hoa-Thanh Hoa,Thanh Hoa,30.1,30.1,30.1,79.0,37.1,3349.0,0.0,100.0,0.8,1.35,281.0,1002.0,1,804,Clouds,overcast clouds,04d
2025-07-26 11:39:08,Thanh Hoa-Thanh Hoa,Thanh Hoa,31.02,31.02,31.02,71.0,37.96,10000.0,0.0,100.0,0.45,0.65,103.0,1001.0,1,804,Clouds,overcast clouds,04d
2025-07-26 11:42:57,Thanh Hoa-Thanh Hoa,Thanh Hoa,31.02,31.02,31.02,71.0,37.96,10000.0,0.0,100.0,0.45,0.65,103.0,1001.0,1,804,Clouds,overcast clouds,04d
2025-07-26 11:46:46,Thanh Hoa-Thanh Hoa,Thanh Hoa,31.02,31.02,31.02,71.0,37.96,10000.0,0.0,100.0,0.45,0.65,103.0,1001.0,1,804,Clouds,overcast clouds,04d
2025-07-26 11:50:35,Thanh Hoa-Thanh Hoa,Thanh Hoa,31.02,31.02,31.02,71.0,37.96,10000.0,0.0,100.0,0.45,0.65,103.0,1001.0,1,804,Clouds,overcast clouds,04d
2025-07-26 11:54:25,Thanh Hoa-Thanh Hoa,Thanh Hoa,31.02,31.02,31.02,71.0,37.96,10000.0,0.0,100.0,0.45,0.65,103.0,1001.0,1,804,Clouds,overcast clouds,04d
2025-07-26 11:58:14,Thanh Hoa-Thanh Hoa,Thanh Hoa,31.02,31.02,31.02,71.0,37.96,10000.0,0.0,100.0,0.45,0.65,103.0,1001.0,1,804,Clouds,overcast clouds,04d
2025-07-26 12:02:06,Thanh Hoa-Thanh Hoa,Thanh Hoa,31.03,31.03,31.03,71.0,37.99,10000.0,0.0,100.0,0.45,0.65,103.0,1001.0,1,804,Clouds,overcast clouds,04d
2025-07-26 12:05:55,Thanh Hoa-Thanh Hoa,Thanh Hoa,31.03,31.03,31.03,71.0,37.99,10000.0,0.0,100.0,0.45,0.65,103.0,1001.0,1,804,Clouds,overcast clouds,04d
2025-07-26 12:09:44,Thanh Hoa-Thanh Hoa,Thanh Hoa,31.03,31.03,31.03,71.0,37.99,10000.0,0.15,100.0,0.45,0.65,103.0,1001.0,1,500,Rain,light rain,10d
2025-07-26 12:13:34,Thanh Hoa-Thanh Hoa,Thanh Hoa,31.03,31.03,31.03,71.0,37.99,10000.0,0.15,100.0,0.45,0.65,103.0,1001.0,1,500,Rain,light rain,10d
2025-07-26 12:17:24,Thanh Hoa-Thanh Hoa,Thanh Hoa,31.03,31.03,31.03,71.0,37.99,10000.0,0.15,100.0,0.45,0.65,103.0,1001.0,1,500,Rain,light rain,10d
2025-07-26 12:21:13,Thanh Hoa-Thanh Hoa,Thanh Hoa,31.04,31.04,31.04,71.0,38.01,10000.0,0.13,100.0,0.45,0.65,103.0,1001.0,1,500,Rain,light rain,10d
2025-07-26 12:25:05,Thanh Hoa-Thanh Hoa,Thanh Hoa,31.04,31.04,31.04,71.0,38.01,10000.0,0.13,100.0,0.45,0.65,103.0,1001.0,1,500,Rain,light rain,10d
2025-07-26 12:28:54,Thanh Hoa-Thanh Hoa,Thanh Hoa,31.04,31.04,31.04,71.0,38.01,10000.0,0.13,100.0,0.45,0.65,103.0,1001.0,1,500,Rain,light rain,10d
2025-07-26 12:32:44,Thanh Hoa-Thanh Hoa,Thanh Hoa,31.04,31.04,31.04,71.0,38.01,10000.0,0.13,100.0,0.45,0.65,103.0,1001.0,1,500,Rain,light rain,10d
2025-07-26 12:36:33,Thanh Hoa-Thanh Hoa,Thanh Hoa,31.04,31.04,31.04,71.0,38.01,10000.0,0.13,100.0,0.45,0.65,103.0,1001.0,1,500,Rain,light rain,10d
2025-07-26 12:40:22,Thanh Hoa-Thanh Hoa,Thanh Hoa,32.53,32.53,32.53,63.0,39.37,10000.0,0.13,100.0,1.21,1.28,137.0,1000.0,1,500,Rain,light rain,10d
2025-07-26 12:44:12,Thanh Hoa-Thanh Hoa,Thanh Hoa,32.53,32.53,32.53,63.0,39.37,10000.0,0.13,100.0,1.21,1.28,137.0,1000.0,1,500,Rain,light rain,10d
2025-07-26 12:48:02,Thanh Hoa-Thanh Hoa,Thanh Hoa,32.53,32.53,32.53,63.0,39.37,10000.0,0.13,100.0,1.21,1.28,137.0,1000.0,1,500,Rain,light rain,10d
2025-07-26 12:51:52,Thanh Hoa-Thanh Hoa,Thanh Hoa,32.53,32.53,32.53,63.0,39.37,10000.0,0.13,100.0,1.21,1.28,137.0,1000.0,1,500,Rain,light rain,10d
2025-07-26 12:55:43,Thanh Hoa-Thanh Hoa,Thanh Hoa,32.53,32.53,32.53,63.0,39.37,10000.0,0.21,100.0,1.21,1.28,137.0,1000.0,1,500,Rain,light rain,10d
2025-07-26 12:59:33,Thanh Hoa-Thanh Hoa,Thanh Hoa,32.53,32.53,32.53,63.0,39.37,10000.0,0.21,100.0,1.21,1.28,137.0,1000.0,1,500,Rain,light rain,10d
2025-07-26 13:03:23,Thanh Hoa-Thanh Hoa,Thanh Hoa,32.53,32.53,32.53,63.0,39.37,10000.0,0.21,100.0,1.21,1.28,137.0,1000.0,1,500,Rain,light rain,10d
2025-07-26 13:07:14,Thanh Hoa-Thanh Hoa,Thanh Hoa,32.53,32.53,32.53,63.0,39.37,10000.0,0.21,100.0,1.21,1.28,137.0,1000.0,1,500,Rain,light rain,10d
2025-07-26 13:11:06,Thanh Hoa-Thanh Hoa,Thanh Hoa,32.53,32.53,32.53,63.0,39.37,10000.0,0.21,100.0,1.21,1.28,137.0,1000.0,1,500,Rain,light rain,10d
2025-07-26 13:14:57,Thanh Hoa-Thanh Hoa,Thanh Hoa,32.53,32.53,32.53,63.0,39.37,10000.0,0.15,100.0,1.21,1.28,137.0,1000.0,1,500,Rain,light rain,10d
2025-07-26 13:18:46,Thanh Hoa-Thanh Hoa,Thanh Hoa,32.53,32.53,32.53,63.0,39.37,10000.0,0.15,100.0,1.21,1.28,137.0,1000.0,1,500,Rain,light rain,10d
2025-07-26 13:22:36,Thanh Hoa-Thanh Hoa,Thanh Hoa,32.53,32.53,32.53,63.0,39.37,10000.0,0.15,100.0,1.21,1.28,137.0,1000.0,1,500,Rain,light rain,10d
2025-07-26 13:26:26,Thanh Hoa-Thanh Hoa,Thanh Hoa,32.53,32.53,32.53,63.0,39.37,10000.0,0.21,100.0,1.21,1.28,137.0,1000.0,1,500,Rain,light rain,10d
2025-07-26 13:30:17,Thanh Hoa-Thanh Hoa,Thanh Hoa,32.53,32.53,32.53,63.0,39.37,10000.0,0.21,100.0,1.21,1.28,137.0,1000.0,1,500,Rain,light rain,10d
2025-07-26 13:34:07,Thanh Hoa-Thanh Hoa,Thanh Hoa,31.76,31.76,31.76,65.0,38.04,10000.0,0.18,100.0,3.14,2.84,120.0,999.0,1,500,Rain,light rain,10d
2025-07-26 13:37:56,Thanh Hoa-Thanh Hoa,Thanh Hoa,31.76,31.76,31.76,65.0,38.04,10000.0,0.18,100.0,3.14,2.84,120.0,999.0,1,500,Rain,light rain,10d
2025-07-26 13:41:46,Thanh Hoa-Thanh Hoa,Thanh Hoa,31.58,31.58,31.58,73.0,38.58,10000.0,0.36,100.0,3.14,2.84,120.0,999.0,1,500,Rain,light rain,10d
2025-07-26 13:45:35,Thanh Hoa-Thanh Hoa,Thanh Hoa,31.58,31.58,31.58,73.0,38.58,10000.0,0.45,100.0,3.14,2.84,120.0,999.0,1,500,Rain,light rain,10d
2025-07-26 13:49:25,Thanh Hoa-Thanh Hoa,Thanh Hoa,31.58,31.58,31.58,73.0,38.58,10000.0,0.45,100.0,3.14,2.84,120.0,999.0,1,500,Rain,light rain,10d
2025-07-26 13:53:15,Thanh Hoa-Thanh Hoa,Thanh Hoa,31.58,31.58,31.58,73.0,38.58,10000.0,0.19,100.0,3.14,2.84,120.0,999.0,1,500,Rain,light rain,10d
2025-07-26 13:57:06,Thanh Hoa-Thanh Hoa,Thanh Hoa,31.58,31.58,31.58,73.0,38.58,10000.0,0.0,100.0,3.14,2.84,120.0,999.0,1,804,Clouds,overcast clouds,04d
2025-07-26 14:00:55,Thanh Hoa-Thanh Hoa,Thanh Hoa,31.58,31.58,31.58,73.0,38.58,10000.0,0.0,100.0,3.14,2.84,120.0,999.0,1,804,Clouds,overcast clouds,04d
2025-07-26 14:04:45,Thanh Hoa-Thanh Hoa,Thanh Hoa,31.58,31.58,31.58,73.0,38.58,10000.0,0.0,100.0,3.14,2.84,120.0,999.0,1,804,Clouds,overcast clouds,04d
2025-07-26 14:08:35,Thanh Hoa-Thanh Hoa,Thanh Hoa,31.58,31.58,31.58,73.0,38.58,10000.0,0.0,100.0,3.14,2.84,120.0,999.0,1,804,Clouds,overcast clouds,04d
2025-07-26 14:12:25,Thanh Hoa-Thanh Hoa,Thanh Hoa,31.58,31.58,31.58,73.0,38.58,10000.0,0.0,100.0,3.14,2.84,120.0,999.0,1,804,Clouds,overcast clouds,04d
2025-07-26 14:16:16,Thanh Hoa-Thanh Hoa,Thanh Hoa,31.59,31.59,31.59,73.0,38.59,10000.0,0.0,100.0,3.14,2.84,120.0,999.0,1,804,Clouds,overcast clouds,04d
2025-07-26 14:20:07,Thanh Hoa-Thanh Hoa,Thanh Hoa,31.59,31.59,31.59,73.0,38.59,10000.0,0.1,100.0,3.14,2.84,120.0,999.0,1,500,Rain,light rain,10d
2025-07-26 14:23:57,Thanh Hoa-Thanh Hoa,Thanh Hoa,31.59,31.59,31.59,73.0,38.59,10000.0,0.1,100.0,3.14,2.84,120.0,999.0,1,500,Rain,light rain,10d
2025-07-26 14:27:46,Thanh Hoa-Thanh Hoa,Thanh Hoa,31.59,31.59,31.59,73.0,38.59,10000.0,0.0,100.0,3.14,2.84,120.0,999.0,1,804,Clouds,overcast clouds,04d
2025-07-26 14:31:36,Thanh Hoa-Thanh Hoa,Thanh Hoa,31.59,31.59,31.59,73.0,38.59,10000.0,0.0,100.0,3.14,2.84,120.0,999.0,1,804,Clouds,overcast clouds,04d
2025-07-26 14:35:27,Thanh Hoa-Thanh Hoa,Thanh Hoa,31.59,31.59,31.59,73.0,38.59,10000.0,0.0,100.0,3.14,2.84,120.0,999.0,1,804,Clouds,overcast clouds,04d
2025-07-26 14:39:16,Thanh Hoa-Thanh Hoa,Thanh Hoa,30.46,30.46,30.46,77.0,37.46,10000.0,0.12,100.0,3.92,4.54,126.0,999.0,1,500,Rain,light rain,10d
2025-07-26 14:43:08,Thanh Hoa-Thanh Hoa,Thanh Hoa,30.46,30.46,30.46,77.0,37.46,10000.0,0.0,100.0,3.92,4.54,126.0,999.0,1,804,Clouds,overcast clouds,04d
2025-07-26 14:46:57,Thanh Hoa-Thanh Hoa,Thanh Hoa,30.46,30.46,30.46,77.0,37.46,10000.0,0.12,100.0,3.92,4.54,126.0,999.0,1,500,Rain,light rain,10d
2025-07-26 14:50:48,Thanh Hoa-Thanh Hoa,Thanh Hoa,30.46,30.46,30.46,77.0,37.46,10000.0,0.0,100.0,3.92,4.54,126.0,999.0,1,804,Clouds,overcast clouds,04d
2025-07-26 14:54:38,Thanh Hoa-Thanh Hoa,Thanh Hoa,30.46,30.46,30.46,77.0,37.46,10000.0,0.0,100.0,3.92,4.54,126.0,999.0,1,804,Clouds,overcast clouds,04d
2025-07-26 14:58:27,Thanh Hoa-Thanh Hoa,Thanh Hoa,30.46,30.46,30.46,77.0,37.46,10000.0,0.0,100.0,3.92,4.54,126.0,999.0,1,804,Clouds,overcast clouds,04d
2025-07-26 15:02:18,Thanh Hoa-Thanh Hoa,Thanh Hoa,30.46,30.46,30.46,77.0,37.46,10000.0,0.0,100.0,3.92,4.54,126.0,999.0,1,804,Clouds,overcast clouds,04d
2025-07-26 15:06:10,Thanh Hoa-Thanh Hoa,Thanh Hoa,30.46,30.46,30.46,77.0,37.46,10000.0,0.27,100.0,3.92,4.54,126.0,999.0,1,500,Rain,light rain,10d
2025-07-26 15:10:01,Thanh Hoa-Thanh Hoa,Thanh Hoa,30.46,30.46,30.46,77.0,37.46,10000.0,0.24,100.0,3.92,4.54,126.0,999.0,1,500,Rain,light rain,10d
2025-07-26 15:13:53,Thanh Hoa-Thanh Hoa,Thanh Hoa,30.46,30.46,30.46,77.0,37.46,10000.0,0.24,100.0,3.92,4.54,126.0,999.0,1,500,Rain,light rain,10d
2025-07-26 15:17:44,Thanh Hoa-Thanh Hoa,Thanh Hoa,30.46,30.46,30.46,77.0,37.46,10000.0,0.15,100.0,3.92,4.54,126.0,999.0,1,500,Rain,light rain,10d
2025-07-26 15:21:33,Thanh Hoa-Thanh Hoa,Thanh Hoa,30.46,30.46,30.46,77.0,37.46,10000.0,0.15,100.0,3.92,4.54,126.0,999.0,1,500,Rain,light rain,10d
2025-07-26 15:25:23,Thanh Hoa-Thanh Hoa,Thanh Hoa,30.46,30.46,30.46,77.0,37.46,10000.0,0.15,100.0,3.92,4.54,126.0,999.0,1,500,Rain,light rain,10d
2025-07-26 15:29:13,Thanh Hoa-Thanh Hoa,Thanh Hoa,30.46,30.46,30.46,77.0,37.46,10000.0,0.15,100.0,3.92,4.54,126.0,999.0,1,500,Rain,light rain,10d
2025-07-26 15:33:05,Thanh Hoa-Thanh Hoa,Thanh Hoa,29.14,29.14,29.14,86.0,36.14,2452.0,0.15,100.0,2.98,4.75,129.0,999.0,1,500,Rain,light rain,10d
2025-07-26 15:36:56,Thanh Hoa-Thanh Hoa,Thanh Hoa,29.14,29.14,29.14,86.0,36.14,2452.0,0.15,100.0,2.98,4.75,129.0,999.0,1,500,Rain,light rain,10d
2025-07-26 15:40:45,Thanh Hoa-Thanh Hoa,Thanh Hoa,29.14,29.14,29.14,86.0,36.14,2452.0,0.15,100.0,2.98,4.75,129.0,999.0,1,500,Rain,light rain,10d
2025-07-26 15:44:35,Thanh Hoa-Thanh Hoa,Thanh Hoa,29.14,29.14,29.14,86.0,36.14,2452.0,0.32,100.0,2.98,4.75,129.0,999.0,1,500,Rain,light rain,10d
2025-07-26 15:48:25,Thanh Hoa-Thanh Hoa,Thanh Hoa,29.14,29.14,29.14,86.0,36.14,2452.0,0.32,100.0,2.98,4.75,129.0,999.0,1,500,Rain,light rain,10d
2025-07-26 15:52:15,Thanh Hoa-Thanh Hoa,Thanh Hoa,29.14,29.14,29.14,86.0,36.14,2452.0,0.56,100.0,2.98,4.75,129.0,999.0,1,500,Rain,light rain,10d
2025-07-26 15:56:06,Thanh Hoa-Thanh Hoa,Thanh Hoa,29.14,29.14,29.14,86.0,36.14,2452.0,0.65,100.0,2.98,4.75,129.0,999.0,1,500,Rain,light rain,10d
2025-07-26 15:59:56,Thanh Hoa-Thanh Hoa,Thanh Hoa,29.14,29.14,29.14,86.0,36.14,2452.0,0.65,100.0,2.98,4.75,129.0,999.0,1,500,Rain,light rain,10d
2025-07-26 16:03:45,Thanh Hoa-Thanh Hoa,Thanh Hoa,29.14,29.14,29.14,86.0,36.14,2452.0,0.65,100.0,2.98,4.75,129.0,999.0,1,500,Rain,light rain,10d
2025-07-26 16:07:35,Thanh Hoa-Thanh Hoa,Thanh Hoa,29.14,29.14,29.14,86.0,36.14,2452.0,0.87,100.0,2.98,4.75,129.0,999.0,1,500,Rain,light rain,10d
2025-07-26 16:11:25,Thanh Hoa-Thanh Hoa,Thanh Hoa,29.14,29.14,29.14,86.0,36.14,2452.0,0.87,100.0,2.98,4.75,129.0,999.0,1,500,Rain,light rain,10d
2025-07-26 16:15:15,Thanh Hoa-Thanh Hoa,Thanh Hoa,29.14,29.14,29.14,86.0,36.14,2452.0,1.0,100.0,2.98,4.75,129.0,999.0,1,500,Rain,light rain,10d
2025-07-26 16:19:06,Thanh Hoa-Thanh Hoa,Thanh Hoa,29.14,29.14,29.14,86.0,36.14,2452.0,1.12,100.0,2.98,4.75,129.0,999.0,1,501,Rain,moderate rain,10d
2025-07-26 16:22:55,Thanh Hoa-Thanh Hoa,Thanh Hoa,29.14,29.14,29.14,86.0,36.14,2452.0,1.0,100.0,2.98,4.75,129.0,999.0,1,500,Rain,light rain,10d
2025-07-26 16:26:45,Thanh Hoa-Thanh Hoa,Thanh Hoa,29.14,29.14,29.14,86.0,36.14,2452.0,1.33,100.0,2.98,4.75,129.0,999.0,1,501,Rain,moderate rain,10d
2025-07-26 16:30:35,Thanh Hoa-Thanh Hoa,Thanh Hoa,29.14,29.14,29.14,86.0,36.14,2452.0,1.33,100.0,2.98,4.75,129.0,999.0,1,501,Rain,moderate rain,10d
2025-07-26 16:34:26,Thanh Hoa-Thanh Hoa,Thanh Hoa,28.07,28.07,28.07,90.0,33.97,10000.0,1.33,100.0,2.45,4.45,120.0,999.0,1,501,Rain,moderate rain,10d
2025-07-26 16:38:15,Thanh Hoa-Thanh Hoa,Thanh Hoa,28.07,28.07,28.07,90.0,33.97,10000.0,1.33,100.0,2.45,4.45,120.0,999.0,1,501,Rain,moderate rain,10d
2025-07-26 16:42:07,Thanh Hoa-Thanh Hoa,Thanh Hoa,28.07,28.07,28.07,90.0,33.97,10000.0,2.37,100.0,2.45,4.45,120.0,999.0,1,501,Rain,moderate rain,10d
2025-07-26 16:45:56,Thanh Hoa-Thanh Hoa,Thanh Hoa,28.07,28.07,28.07,90.0,33.97,10000.0,2.37,100.0,2.45,4.45,120.0,999.0,1,501,Rain,moderate rain,10d
2025-07-26 16:49:46,Thanh Hoa-Thanh Hoa,Thanh Hoa,28.07,28.07,28.07,90.0,33.97,10000.0,1.54,100.0,2.45,4.45,120.0,999.0,1,501,Rain,moderate rain,10d
2025-07-26 16:53:35,Thanh Hoa-Thanh Hoa,Thanh Hoa,28.07,28.07,28.07,90.0,33.97,10000.0,1.54,100.0,2.45,4.45,120.0,999.0,1,501,Rain,moderate rain,10d
2025-07-26 16:57:25,Thanh Hoa-Thanh Hoa,Thanh Hoa,28.07,28.07,28.07,90.0,33.97,10000.0,2.73,100.0,2.45,4.45,120.0,999.0,1,501,Rain,moderate rain,10d
2025-07-26 17:01:15,Thanh Hoa-Thanh Hoa,Thanh Hoa,28.07,28.07,28.07,90.0,33.97,10000.0,2.73,100.0,2.45,4.45,120.0,999.0,1,501,Rain,moderate rain,10d
2025-07-26 17:05:06,Thanh Hoa-Thanh Hoa,Thanh Hoa,28.07,28.07,28.07,90.0,33.97,10000.0,2.73,100.0,2.45,4.45,120.0,999.0,1,501,Rain,moderate rain,10d
2025-07-26 17:08:56,Thanh Hoa-Thanh Hoa,Thanh Hoa,28.07,28.07,28.07,90.0,33.97,10000.0,3.16,100.0,2.45,4.45,120.0,999.0,1,501,Rain,moderate rain,10d
2025-07-26 17:12:46,Thanh Hoa-Thanh Hoa,Thanh Hoa,28.07,28.07,28.07,90.0,33.97,10000.0,2.73,100.0,2.45,4.45,120.0,999.0,1,501,Rain,moderate rain,10d
2025-07-26 17:16:36,Thanh Hoa-Thanh Hoa,Thanh Hoa,28.07,28.07,28.07,90.0,33.97,10000.0,2.59,100.0,2.45,4.45,120.0,999.0,1,501,Rain,moderate rain,10d
2025-07-26 17:20:26,Thanh Hoa-Thanh Hoa,Thanh Hoa,28.07,28.07,28.07,90.0,33.97,10000.0,2.59,100.0,2.45,4.45,120.0,999.0,1,501,Rain,moderate rain,10d
2025-07-26 17:24:15,Thanh Hoa-Thanh Hoa,Thanh Hoa,28.07,28.07,28.07,90.0,33.97,10000.0,2.73,100.0,2.45,4.45,120.0,999.0,1,501,Rain,moderate rain,10d
2025-07-26 17:28:06,Thanh Hoa-Thanh Hoa,Thanh Hoa,28.07,28.07,28.07,90.0,33.97,10000.0,2.73,100.0,2.45,4.45,120.0,999.0,1,501,Rain,moderate rain,10d
2025-07-26 17:31:56,Thanh Hoa-Thanh Hoa,Thanh Hoa,28.02,28.02,28.02,90.0,33.81,10000.0,2.73,100.0,2.01,3.08,125.0,999.0,1,501,Rain,moderate rain,10d
2025-07-26 17:35:45,Thanh Hoa-Thanh Hoa,Thanh Hoa,28.02,28.02,28.02,90.0,33.81,10000.0,2.73,100.0,2.01,3.08,125.0,999.0,1,501,Rain,moderate rain,10d
2025-07-26 17:39:35,Thanh Hoa-Thanh Hoa,Thanh Hoa,28.02,28.02,28.02,90.0,33.81,10000.0,2.73,100.0,2.01,3.08,125.0,999.0,1,501,Rain,moderate rain,10d
2025-07-26 17:43:25,Thanh Hoa-Thanh Hoa,Thanh Hoa,28.02,28.02,28.02,90.0,33.81,10000.0,2.9,100.0,2.01,3.08,125.0,999.0,1,501,Rain,moderate rain,10d
2025-07-26 17:47:15,Thanh Hoa-Thanh Hoa,Thanh Hoa,28.02,28.02,28.02,90.0,33.81,10000.0,2.9,100.0,2.01,3.08,125.0,999.0,1,501,Rain,moderate rain,10d
2025-07-26 17:51:06,Thanh Hoa-Thanh Hoa,Thanh Hoa,28.02,28.02,28.02,90.0,33.81,10000.0,3.16,100.0,2.01,3.08,125.0,999.0,1,501,Rain,moderate rain,10d
2025-07-26 17:54:57,Thanh Hoa-Thanh Hoa,Thanh Hoa,28.02,28.02,28.02,90.0,33.81,10000.0,3.16,100.0,2.01,3.08,125.0,999.0,1,501,Rain,moderate rain,10d
2025-07-26 17:58:46,Thanh Hoa-Thanh Hoa,Thanh Hoa,28.02,28.02,28.02,90.0,33.81,10000.0,3.65,100.0,2.01,3.08,125.0,999.0,1,501,Rain,moderate rain,10d
2025-07-26 18:02:36,Thanh Hoa-Thanh Hoa,Thanh Hoa,28.02,28.02,28.02,90.0,33.81,10000.0,3.65,100.0,2.01,3.08,125.0,999.0,1,501,Rain,moderate rain,10d
2025-07-26 18:06:26,Thanh Hoa-Thanh Hoa,Thanh Hoa,28.02,28.02,28.02,90.0,33.81,10000.0,3.65,100.0,2.01,3.08,125.0,999.0,1,501,Rain,moderate rain,10d
2025-07-26 18:10:16,Thanh Hoa-Thanh Hoa,Thanh Hoa,28.03,28.03,28.03,90.0,33.84,10000.0,2.73,100.0,2.01,3.08,125.0,999.0,1,501,Rain,moderate rain,10d
2025-07-26 18:14:06,Thanh Hoa-Thanh Hoa,Thanh Hoa,28.03,28.03,28.03,90.0,33.84,10000.0,2.73,100.0,2.01,3.08,125.0,999.0,1,501,Rain,moderate rain,10d
2025-07-26 18:17:56,Thanh Hoa-Thanh Hoa,Thanh Hoa,28.03,28.03,28.03,90.0,33.84,10000.0,2.73,100.0,2.01,3.08,125.0,999.0,1,501,Rain,moderate rain,10d
2025-07-26 18:21:46,Thanh Hoa-Thanh Hoa,Thanh Hoa,28.03,28.03,28.03,90.0,33.84,10000.0,2.73,100.0,2.01,3.08,125.0,999.0,1,501,Rain,moderate rain,10d
2025-07-26 18:25:36,Thanh Hoa-Thanh Hoa,Thanh Hoa,28.03,28.03,28.03,90.0,33.84,10000.0,2.73,100.0,2.01,3.08,125.0,999.0,1,501,Rain,moderate rain,10d
2025-07-26 18:29:26,Thanh Hoa-Thanh Hoa,Thanh Hoa,28.03,28.03,28.03,90.0,33.84,10000.0,2.05,100.0,2.01,3.08,125.0,999.0,1,501,Rain,moderate rain,10d
2025-07-26 18:33:16,Thanh Hoa-Thanh Hoa,Thanh Hoa,27.2,27.2,27.2,92.0,31.55,10000.0,2.05,100.0,1.76,2.44,136.0,1000.0,1,501,Rain,moderate rain,10d
2025-07-26 18:37:07,Thanh Hoa-Thanh Hoa,Thanh Hoa,27.2,27.2,27.2,92.0,31.55,10000.0,2.05,100.0,1.76,2.44,136.0,1000.0,0,501,Rain,moderate rain,10d
2025-07-26 18:40:58,Thanh Hoa-Thanh Hoa,Thanh Hoa,27.2,27.2,27.2,92.0,31.55,10000.0,1.78,100.0,1.76,2.44,136.0,1000.0,0,501,Rain,moderate rain,10n
2025-07-26 18:44:49,Thanh Hoa-Thanh Hoa,Thanh Hoa,27.2,27.2,27.2,92.0,31.55,10000.0,1.78,100.0,1.76,2.44,136.0,1000.0,0,501,Rain,moderate rain,10n
2025-07-26 18:48:39,Thanh Hoa-Thanh Hoa,Thanh Hoa,27.2,27.2,27.2,92.0,31.55,10000.0,1.78,100.0,1.76,2.44,136.0,1000.0,0,501,Rain,moderate rain,10n
2025-07-26 18:52:29,Thanh Hoa-Thanh Hoa,Thanh Hoa,27.2,27.2,27.2,92.0,31.55,10000.0,1.54,100.0,1.76,2.44,136.0,1000.0,0,501,Rain,moderate rain,10n
2025-07-26 18:56:19,Thanh Hoa-Thanh Hoa,Thanh Hoa,27.2,27.2,27.2,92.0,31.55,10000.0,1.54,100.0,1.76,2.44,136.0,1000.0,0,501,Rain,moderate rain,10n
2025-07-26 19:00:10,Thanh Hoa-Thanh Hoa,Thanh Hoa,27.2,27.2,27.2,92.0,31.55,10000.0,1.54,100.0,1.76,2.44,136.0,1000.0,0,501,Rain,moderate rain,10n
2025-07-26 19:04:01,Thanh Hoa-Thanh Hoa,Thanh Hoa,27.2,27.2,27.2,92.0,31.55,10000.0,1.3,100.0,1.27,1.48,127.0,1000.0,0,501,Rain,moderate rain,10n
2025-07-26 19:07:49,Thanh Hoa-Thanh Hoa,Thanh Hoa,27.2,27.2,27.2,92.0,31.55,10000.0,1.26,100.0,1.27,1.48,127.0,1000.0,0,501,Rain,moderate rain,10n
2025-07-26 19:11:35,Thanh Hoa-Thanh Hoa,Thanh Hoa,27.2,27.2,27.2,92.0,31.55,10000.0,0.87,100.0,1.27,1.48,127.0,1000.0,0,500,Rain,light rain,10n
2025-07-26 19:15:21,Thanh Hoa-Thanh Hoa,Thanh Hoa,27.2,27.2,27.2,92.0,31.55,10000.0,0.87,100.0,1.27,1.48,127.0,1000.0,0,500,Rain,light rain,10n
2025-07-26 19:19:07,Thanh Hoa-Thanh Hoa,Thanh Hoa,27.2,27.2,27.2,92.0,31.55,10000.0,0.87,100.0,1.27,1.48,127.0,1000.0,0,500,Rain,light rain,10n
2025-07-26 19:22:53,Thanh Hoa-Thanh Hoa,Thanh Hoa,27.2,27.2,27.2,92.0,31.55,10000.0,0.87,100.0,1.27,1.48,127.0,1000.0,0,500,Rain,light rain,10n
2025-07-26 19:26:38,Thanh Hoa-Thanh Hoa,Thanh Hoa,27.2,27.2,27.2,92.0,31.55,10000.0,0.87,100.0,1.27,1.48,127.0,1000.0,0,500,Rain,light rain,10n
2025-07-26 19:30:24,Thanh Hoa-Thanh Hoa,Thanh Hoa,26.99,26.99,26.99,92.0,30.92,10000.0,1.15,100.0,0.65,0.77,169.0,1000.0,0,501,Rain,moderate rain,10n
2025-07-26 19:34:10,Thanh Hoa-Thanh Hoa,Thanh Hoa,26.99,26.99,26.99,92.0,30.92,10000.0,1.15,100.0,0.65,0.77,169.0,1000.0,0,501,Rain,moderate rain,10n
2025-07-26 19:37:56,Thanh Hoa-Thanh Hoa,Thanh Hoa,26.99,26.99,26.99,92.0,30.92,10000.0,1.26,100.0,0.65,0.77,169.0,1000.0,0,501,Rain,moderate rain,10n
2025-07-26 19:41:42,Thanh Hoa-Thanh Hoa,Thanh Hoa,26.88,26.88,26.88,91.0,30.49,10000.0,1.33,100.0,0.65,0.77,169.0,1001.0,0,501,Rain,moderate rain,10n
2025-07-26 19:45:27,Thanh Hoa-Thanh Hoa,Thanh Hoa,26.88,26.88,26.88,91.0,30.49,10000.0,1.33,100.0,0.65,0.77,169.0,1001.0,0,501,Rain,moderate rain,10n
2025-07-26 19:49:13,Thanh Hoa-Thanh Hoa,Thanh Hoa,26.87,26.87,26.87,91.0,30.46,10000.0,3.16,100.0,0.65,0.77,169.0,1001.0,0,501,Rain,moderate rain,10n
2025-07-26 19:52:59,Thanh Hoa-Thanh Hoa,Thanh Hoa,26.87,26.87,26.87,91.0,30.46,10000.0,3.16,100.0,0.65,0.77,169.0,1001.0,0,501,Rain,moderate rain,10n
2025-07-26 19:56:45,Thanh Hoa-Thanh Hoa,Thanh Hoa,26.87,26.87,26.87,91.0,30.46,10000.0,4.47,100.0,0.65,0.77,169.0,1001.0,0,502,Rain,heavy intensity rain,10n
2025-07-26 20:00:31,Thanh Hoa-Thanh Hoa,Thanh Hoa,26.87,26.87,26.87,91.0,30.46,10000.0,4.47,100.0,0.65,0.77,169.0,1001.0,0,502,Rain,heavy intensity rain,10n
2025-07-26 20:04:17,Thanh Hoa-Thanh Hoa,Thanh Hoa,26.88,26.88,26.88,91.0,30.49,10000.0,4.86,100.0,0.65,0.77,169.0,1001.0,0,502,Rain,heavy intensity rain,10n
2025-07-26 20:08:03,Thanh Hoa-Thanh Hoa,Thanh Hoa,26.88,26.88,26.88,91.0,30.49,10000.0,4.86,100.0,0.65,0.77,169.0,1001.0,0,502,Rain,heavy intensity rain,10n
2025-07-26 20:11:49,Thanh Hoa-Thanh Hoa,Thanh Hoa,26.88,26.88,26.88,91.0,30.49,10000.0,4.86,100.0,0.65,0.77,169.0,1001.0,0,502,Rain,heavy intensity rain,10n
2025-07-26 20:15:35,Thanh Hoa-Thanh Hoa,Thanh Hoa,26.88,26.88,26.88,91.0,30.49,10000.0,4.86,100.0,0.65,0.77,169.0,1001.0,0,502,Rain,heavy intensity rain,10n
2025-07-26 20:19:20,Thanh Hoa-Thanh Hoa,Thanh Hoa,26.88,26.88,26.88,91.0,30.49,10000.0,4.73,100.0,0.65,0.77,169.0,1001.0,0,502,Rain,heavy intensity rain,10n
2025-07-26 20:23:07,Thanh Hoa-Thanh Hoa,Thanh Hoa,26.88,26.88,26.88,91.0,30.49,10000.0,3.99,100.0,0.65,0.77,169.0,1001.0,0,501,Rain,moderate rain,10n
2025-07-26 20:26:53,Thanh Hoa-Thanh Hoa,Thanh Hoa,26.88,26.88,26.88,91.0,30.49,10000.0,3.16,100.0,0.65,0.77,169.0,1001.0,0,501,Rain,moderate rain,10n
2025-07-26 20:30:39,Thanh Hoa-Thanh Hoa,Thanh Hoa,26.88,26.88,26.88,91.0,30.49,10000.0,3.16,100.0,0.65,0.77,169.0,1001.0,0,501,Rain,moderate rain,10n
2025-07-26 20:34:25,Thanh Hoa-Thanh Hoa,Thanh Hoa,26.68,26.68,26.68,92.0,30.01,10000.0,3.65,100.0,0.9,0.82,300.0,1002.0,0,501,Rain,moderate rain,10n
2025-07-26 20:38:11,Thanh Hoa-Thanh Hoa,Thanh Hoa,26.68,26.68,26.68,92.0,30.01,10000.0,2.37,100.0,0.9,0.82,300.0,1002.0,0,501,Rain,moderate rain,10n
2025-07-26 20:41:57,Thanh Hoa-Thanh Hoa,Thanh Hoa,26.68,26.68,26.68,92.0,30.01,10000.0,2.37,100.0,0.9,0.82,300.0,1002.0,0,501,Rain,moderate rain,10n
2025-07-26 20:45:42,Thanh Hoa-Thanh Hoa,Thanh Hoa,26.68,26.68,26.68,92.0,30.01,10000.0,2.37,100.0,0.9,0.82,300.0,1002.0,0,501,Rain,moderate rain,10n
2025-07-26 20:49:28,Thanh Hoa-Thanh Hoa,Thanh Hoa,26.68,26.68,26.68,92.0,30.01,10000.0,1.33,100.0,0.9,0.82,300.0,1002.0,0,501,Rain,moderate rain,10n
2025-07-26 20:53:13,Thanh Hoa-Thanh Hoa,Thanh Hoa,26.68,26.68,26.68,92.0,30.01,10000.0,1.33,100.0,0.9,0.82,300.0,1002.0,0,501,Rain,moderate rain,10n
2025-07-26 20:57:00,Thanh Hoa-Thanh Hoa,Thanh Hoa,26.68,26.68,26.68,92.0,30.01,10000.0,1.0,100.0,0.9,0.82,300.0,1002.0,0,500,Rain,light rain,10n
2025-07-26 21:00:45,Thanh Hoa-Thanh Hoa,Thanh Hoa,26.68,26.68,26.68,92.0,30.01,10000.0,1.0,100.0,0.9,0.82,300.0,1002.0,0,500,Rain,light rain,10n
2025-07-26 21:04:31,Thanh Hoa-Thanh Hoa,Thanh Hoa,26.68,26.68,26.68,92.0,30.01,10000.0,0.75,100.0,0.9,0.82,300.0,1002.0,0,500,Rain,light rain,10n
2025-07-26 21:08:17,Thanh Hoa-Thanh Hoa,Thanh Hoa,26.68,26.68,26.68,92.0,30.01,10000.0,0.75,100.0,0.9,0.82,300.0,1002.0,0,500,Rain,light rain,10n
2025-07-26 21:12:02,Thanh Hoa-Thanh Hoa,Thanh Hoa,26.68,26.68,26.68,92.0,30.01,10000.0,0.75,100.0,0.9,0.82,300.0,1002.0,0,500,Rain,light rain,10n
2025-07-26 21:15:48,Thanh Hoa-Thanh Hoa,Thanh Hoa,26.68,26.68,26.68,92.0,30.01,10000.0,1.33,100.0,0.9,0.82,300.0,1002.0,0,501,Rain,moderate rain,10n
2025-07-26 21:19:34,Thanh Hoa-Thanh Hoa,Thanh Hoa,26.68,26.68,26.68,92.0,30.01,10000.0,1.33,100.0,0.9,0.82,300.0,1002.0,0,501,Rain,moderate rain,10n
2025-07-26 21:23:21,Thanh Hoa-Thanh Hoa,Thanh Hoa,26.68,26.68,26.68,92.0,30.01,10000.0,1.33,100.0,0.9,0.82,300.0,1002.0,0,501,Rain,moderate rain,10n
2025-07-26 21:27:08,Thanh Hoa-Thanh Hoa,Thanh Hoa,26.68,26.68,26.68,92.0,30.01,10000.0,0.8,100.0,0.9,0.82,300.0,1002.0,0,500,Rain,light rain,10n
2025-07-26 21:30:54,Thanh Hoa-Thanh Hoa,Thanh Hoa,26.46,26.46,26.46,92.0,26.46,10000.0,0.65,100.0,1.13,1.1,276.0,1002.0,0,500,Rain,light rain,10n
2025-07-26 21:34:40,Thanh Hoa-Thanh Hoa,Thanh Hoa,26.46,26.46,26.46,92.0,26.46,10000.0,0.65,100.0,1.13,1.1,276.0,1002.0,0,500,Rain,light rain,10n
2025-07-26 21:38:25,Thanh Hoa-Thanh Hoa,Thanh Hoa,26.49,26.49,26.49,92.0,26.49,10000.0,0.42,100.0,1.13,1.1,276.0,1002.0,0,500,Rain,light rain,10n
2025-07-26 21:42:11,Thanh Hoa-Thanh Hoa,Thanh Hoa,26.49,26.49,26.49,92.0,26.49,10000.0,0.13,100.0,1.13,1.1,276.0,1002.0,0,500,Rain,light rain,10n
2025-07-26 21:45:57,Thanh Hoa-Thanh Hoa,Thanh Hoa,26.49,26.49,26.49,92.0,26.49,10000.0,0.0,100.0,1.13,1.1,276.0,1002.0,0,804,Clouds,overcast clouds,04n
2025-07-26 21:49:43,Thanh Hoa-Thanh Hoa,Thanh Hoa,26.49,26.49,26.49,92.0,26.49,10000.0,0.0,100.0,1.13,1.1,276.0,1002.0,0,804,Clouds,overcast clouds,04n
2025-07-26 21:53:29,Thanh Hoa-Thanh Hoa,Thanh Hoa,26.49,26.49,26.49,92.0,26.49,10000.0,0.0,100.0,1.13,1.1,276.0,1002.0,0,804,Clouds,overcast clouds,04n
2025-07-26 21:57:16,Thanh Hoa-Thanh Hoa,Thanh Hoa,26.49,26.49,26.49,92.0,26.49,10000.0,0.0,100.0,1.13,1.1,276.0,1002.0,0,804,Clouds,overcast clouds,04n
2025-07-26 22:01:03,Thanh Hoa-Thanh Hoa,Thanh Hoa,26.49,26.49,26.49,92.0,26.49,10000.0,0.0,100.0,1.13,1.1,276.0,1002.0,0,804,Clouds,overcast clouds,04n
2025-07-26 22:04:49,Thanh Hoa-Thanh Hoa,Thanh Hoa,26.49,26.49,26.49,92.0,26.49,10000.0,0.0,100.0,1.13,1.1,276.0,1002.0,0,804,Clouds,overcast clouds,04n
2025-07-26 22:08:34,Thanh Hoa-Thanh Hoa,Thanh Hoa,26.49,26.49,26.49,92.0,26.49,10000.0,0.0,100.0,1.13,1.1,276.0,1002.0,0,804,Clouds,overcast clouds,04n
2025-07-26 22:12:20,Thanh Hoa-Thanh Hoa,Thanh Hoa,26.51,26.51,26.51,92.0,26.51,10000.0,0.0,100.0,1.13,1.1,276.0,1002.0,0,804,Clouds,overcast clouds,04n
2025-07-26 22:16:06,Thanh Hoa-Thanh Hoa,Thanh Hoa,26.51,26.51,26.51,92.0,26.51,10000.0,0.0,100.0,1.13,1.1,276.0,1002.0,0,804,Clouds,overcast clouds,04n
2025-07-26 22:19:52,Thanh Hoa-Thanh Hoa,Thanh Hoa,26.5,26.5,26.5,92.0,26.5,10000.0,0.0,100.0,1.13,1.1,276.0,1002.0,0,804,Clouds,overcast clouds,04n
2025-07-26 22:23:37,Thanh Hoa-Thanh Hoa,Thanh Hoa,26.5,26.5,26.5,92.0,26.5,10000.0,0.0,100.0,1.13,1.1,276.0,1002.0,0,804,Clouds,overcast clouds,04n
2025-07-26 22:27:23,Thanh Hoa-Thanh Hoa,Thanh Hoa,26.5,26.5,26.5,92.0,26.5,10000.0,0.0,100.0,1.13,1.1,276.0,1002.0,0,804,Clouds,overcast clouds,04n
2025-07-26 22:31:08,Thanh Hoa-Thanh Hoa,Thanh Hoa,26.19,26.19,26.19,93.0,26.19,10000.0,0.0,100.0,1.0,0.88,292.0,1002.0,0,804,Clouds,overcast clouds,04n
2025-07-26 22:34:55,Thanh Hoa-Thanh Hoa,Thanh Hoa,26.19,26.19,26.19,93.0,26.19,10000.0,0.0,100.0,1.0,0.88,292.0,1002.0,0,804,Clouds,overcast clouds,04n
2025-07-26 22:38:40,Thanh Hoa-Thanh Hoa,Thanh Hoa,26.19,26.19,26.19,93.0,26.19,10000.0,0.0,100.0,1.0,0.88,292.0,1002.0,0,804,Clouds,overcast clouds,04n
2025-07-26 22:42:26,Thanh Hoa-Thanh Hoa,Thanh Hoa,26.19,26.19,26.19,93.0,26.19,10000.0,0.0,100.0,1.0,0.88,292.0,1002.0,0,804,Clouds,overcast clouds,04n
2025-07-26 22:46:11,Thanh Hoa-Thanh Hoa,Thanh Hoa,26.23,26.23,26.23,93.0,26.23,10000.0,0.0,100.0,1.0,0.88,292.0,1002.0,0,804,Clouds,overcast clouds,04n
2025-07-26 22:49:58,Thanh Hoa-Thanh Hoa,Thanh Hoa,26.23,26.23,26.23,93.0,26.23,10000.0,0.0,100.0,1.0,0.88,292.0,1002.0,0,804,Clouds,overcast clouds,04n
2025-07-26 22:53:44,Thanh Hoa-Thanh Hoa,Thanh Hoa,26.23,26.23,26.23,93.0,26.23,10000.0,0.0,100.0,1.0,0.88,292.0,1002.0,0,804,Clouds,overcast clouds,04n
2025-07-26 22:57:30,Thanh Hoa-Thanh Hoa,Thanh Hoa,26.23,26.23,26.23,93.0,26.23,10000.0,0.0,100.0,1.0,0.88,292.0,1002.0,0,804,Clouds,overcast clouds,04n
2025-07-26 23:01:16,Thanh Hoa-Thanh Hoa,Thanh Hoa,26.26,26.26,26.26,93.0,26.26,10000.0,0.0,100.0,1.0,0.88,292.0,1002.0,0,804,Clouds,overcast clouds,04n
2025-07-26 23:05:02,Thanh Hoa-Thanh Hoa,Thanh Hoa,26.26,26.26,26.26,93.0,26.26,10000.0,0.0,100.0,1.0,0.88,292.0,1002.0,0,804,Clouds,overcast clouds,04n
2025-07-26 23:08:48,Thanh Hoa-Thanh Hoa,Thanh Hoa,26.26,26.26,26.26,93.0,26.26,10000.0,0.0,100.0,1.0,0.88,292.0,1002.0,0,804,Clouds,overcast clouds,04n
2025-07-26 23:12:33,Thanh Hoa-Thanh Hoa,Thanh Hoa,26.26,26.26,26.26,93.0,26.26,10000.0,0.0,100.0,1.0,0.88,292.0,1002.0,0,804,Clouds,overcast clouds,04n
2025-07-26 23:16:19,Thanh Hoa-Thanh Hoa,Thanh Hoa,26.26,26.26,26.26,93.0,26.26,10000.0,0.0,100.0,1.0,0.88,292.0,1002.0,0,804,Clouds,overcast clouds,04n
2025-07-26 23:20:05,Thanh Hoa-Thanh Hoa,Thanh Hoa,26.26,26.26,26.26,93.0,26.26,10000.0,0.0,100.0,1.0,0.88,292.0,1002.0,0,804,Clouds,overcast clouds,04n
2025-07-26 23:23:51,Thanh Hoa-Thanh Hoa,Thanh Hoa,26.26,26.26,26.26,93.0,26.26,10000.0,0.0,100.0,1.0,0.88,292.0,1002.0,0,804,Clouds,overcast clouds,04n
2025-07-26 23:27:36,Thanh Hoa-Thanh Hoa,Thanh Hoa,26.26,26.26,26.26,93.0,26.26,10000.0,0.0,100.0,1.0,0.88,292.0,1002.0,0,804,Clouds,overcast clouds,04n
2025-07-26 23:31:23,Thanh Hoa-Thanh Hoa,Thanh Hoa,26.26,26.26,26.26,93.0,26.26,10000.0,0.0,100.0,1.0,0.88,292.0,1002.0,0,804,Clouds,overcast clouds,04n
2025-07-26 23:35:09,Thanh Hoa-Thanh Hoa,Thanh Hoa,25.5,25.5,25.5,95.0,26.59,5324.0,0.0,100.0,0.59,0.7,306.0,1001.0,0,804,Clouds,overcast clouds,04n
2025-07-26 23:38:55,Thanh Hoa-Thanh Hoa,Thanh Hoa,25.5,25.5,25.5,95.0,26.59,5324.0,0.0,100.0,0.59,0.7,306.0,1001.0,0,804,Clouds,overcast clouds,04n
2025-07-26 23:42:41,Thanh Hoa-Thanh Hoa,Thanh Hoa,25.5,25.5,25.5,95.0,26.59,5324.0,0.0,100.0,0.59,0.7,306.0,1001.0,0,804,Clouds,overcast clouds,04n
2025-07-26 23:46:27,Thanh Hoa-Thanh Hoa,Thanh Hoa,25.51,25.51,25.51,95.0,26.6,5324.0,0.0,100.0,0.59,0.7,306.0,1001.0,0,804,Clouds,overcast clouds,04n
2025-07-26 23:50:12,Thanh Hoa-Thanh Hoa,Thanh Hoa,25.51,25.51,25.51,95.0,26.6,5324.0,0.0,100.0,0.59,0.7,306.0,1001.0,0,804,Clouds,overcast clouds,04n
2025-07-26 23:53:58,Thanh Hoa-Thanh Hoa,Thanh Hoa,25.51,25.51,25.51,95.0,26.6,5324.0,0.0,100.0,0.59,0.7,306.0,1001.0,0,804,Clouds,overcast clouds,04n
2025-07-26 23:57:44,Thanh Hoa-Thanh Hoa,Thanh Hoa,25.51,25.51,25.51,95.0,26.6,5324.0,0.0,100.0,0.59,0.7,306.0,1001.0,0,804,Clouds,overcast clouds,04n
2025-07-27 00:01:30,Thanh Hoa-Thanh Hoa,Thanh Hoa,25.54,25.54,25.54,95.0,26.63,5324.0,0.0,100.0,0.59,0.7,306.0,1001.0,0,804,Clouds,overcast clouds,04n
2025-07-27 00:05:16,Thanh Hoa-Thanh Hoa,Thanh Hoa,25.54,25.54,25.54,95.0,26.63,5324.0,0.0,100.0,0.59,0.7,306.0,1001.0,0,804,Clouds,overcast clouds,04n
2025-07-27 00:09:01,Thanh Hoa-Thanh Hoa,Thanh Hoa,25.54,25.54,25.54,95.0,26.63,5324.0,0.0,100.0,0.59,0.7,306.0,1001.0,0,804,Clouds,overcast clouds,04n
2025-07-27 00:20:00,Thanh Hoa-Thanh Hoa,Thanh Hoa,25.53,25.53,25.53,95.0,26.62,5324.0,0.0,100.0,0.59,0.7,306.0,1001.0,0,804,Clouds,overcast clouds,04n
2025-07-27 00:23:46,Thanh Hoa-Thanh Hoa,Thanh Hoa,25.53,25.53,25.53,95.0,26.62,5324.0,0.0,100.0,0.59,0.7,306.0,1001.0,0,804,Clouds,overcast clouds,04n
2025-07-27 00:28:40,Thanh Hoa-Thanh Hoa,Thanh Hoa,25.53,25.53,25.53,95.0,26.62,5324.0,0.0,100.0,0.59,0.7,306.0,1001.0,0,804,Clouds,overcast clouds,04n
2025-07-27 00:32:26,Thanh Hoa-Thanh Hoa,Thanh Hoa,25.53,25.53,25.53,95.0,26.62,5324.0,0.0,100.0,0.59,0.7,306.0,1001.0,0,804,Clouds,overcast clouds,04n
2025-07-27 00:36:12,Thanh Hoa-Thanh Hoa,Thanh Hoa,25.78,25.78,25.78,94.0,26.87,10000.0,0.0,100.0,1.19,1.28,275.0,1001.0,0,804,Clouds,overcast clouds,04n
2025-07-27 00:39:58,Thanh Hoa-Thanh Hoa,Thanh Hoa,25.78,25.78,25.78,94.0,26.87,10000.0,0.0,100.0,1.19,1.28,275.0,1001.0,0,804,Clouds,overcast clouds,04n
2025-07-27 00:43:44,Thanh Hoa-Thanh Hoa,Thanh Hoa,25.78,25.78,25.78,94.0,26.87,10000.0,0.0,100.0,1.19,1.28,275.0,1001.0,0,804,Clouds,overcast clouds,04n
2025-07-27 00:47:30,Thanh Hoa-Thanh Hoa,Thanh Hoa,25.78,25.78,25.78,94.0,26.87,10000.0,0.0,100.0,1.19,1.28,275.0,1001.0,0,804,Clouds,overcast clouds,04n
2025-07-27 00:51:15,Thanh Hoa-Thanh Hoa,Thanh Hoa,25.78,25.78,25.78,94.0,26.87,10000.0,0.0,100.0,1.33,1.35,291.0,1001.0,0,804,Clouds,overcast clouds,04n
2025-07-27 00:55:02,Thanh Hoa-Thanh Hoa,Thanh Hoa,25.78,25.78,25.78,94.0,26.87,10000.0,0.0,100.0,1.33,1.35,291.0,1001.0,0,804,Clouds,overcast clouds,04n
2025-07-27 00:58:48,Thanh Hoa-Thanh Hoa,Thanh Hoa,25.78,25.78,25.78,94.0,26.87,10000.0,0.0,100.0,1.33,1.35,291.0,1001.0,0,804,Clouds,overcast clouds,04n
2025-07-27 01:02:34,Thanh Hoa-Thanh Hoa,Thanh Hoa,25.78,25.78,25.78,94.0,26.87,10000.0,0.0,100.0,1.33,1.35,291.0,1001.0,0,804,Clouds,overcast clouds,04n
2025-07-27 01:06:20,Thanh Hoa-Thanh Hoa,Thanh Hoa,25.78,25.78,25.78,94.0,26.87,10000.0,0.0,100.0,1.33,1.35,291.0,1001.0,0,804,Clouds,overcast clouds,04n
2025-07-27 01:10:06,Thanh Hoa-Thanh Hoa,Thanh Hoa,25.78,25.78,25.78,94.0,26.87,10000.0,0.0,100.0,1.33,1.35,291.0,1001.0,0,804,Clouds,overcast clouds,04n
2025-07-27 01:13:52,Thanh Hoa-Thanh Hoa,Thanh Hoa,25.78,25.78,25.78,94.0,26.87,10000.0,0.0,100.0,1.33,1.35,291.0,1001.0,0,804,Clouds,overcast clouds,04n
2025-07-27 01:17:37,Thanh Hoa-Thanh Hoa,Thanh Hoa,25.78,25.78,25.78,94.0,26.87,10000.0,0.0,100.0,1.33,1.35,291.0,1001.0,0,804,Clouds,overcast clouds,04n
2025-07-27 01:21:23,Thanh Hoa-Thanh Hoa,Thanh Hoa,25.78,25.78,25.78,94.0,26.87,10000.0,0.0,100.0,1.33,1.35,291.0,1001.0,0,804,Clouds,overcast clouds,04n
2025-07-27 01:25:08,Thanh Hoa-Thanh Hoa,Thanh Hoa,25.78,25.78,25.78,94.0,26.87,10000.0,0.0,100.0,1.33,1.35,291.0,1001.0,0,804,Clouds,overcast clouds,04n
2025-07-27 01:28:54,Thanh Hoa-Thanh Hoa,Thanh Hoa,25.78,25.78,25.78,94.0,26.87,10000.0,0.0,100.0,1.33,1.35,291.0,1001.0,0,804,Clouds,overcast clouds,04n
2025-07-27 01:32:41,Thanh Hoa-Thanh Hoa,Thanh Hoa,25.64,25.64,25.64,94.0,26.71,10000.0,0.0,100.0,1.49,1.6,300.0,1001.0,0,804,Clouds,overcast clouds,04n
2025-07-27 01:36:27,Thanh Hoa-Thanh Hoa,Thanh Hoa,25.64,25.64,25.64,94.0,26.71,10000.0,0.0,100.0,1.49,1.6,300.0,1001.0,0,804,Clouds,overcast clouds,04n
2025-07-27 01:40:12,Thanh Hoa-Thanh Hoa,Thanh Hoa,25.64,25.64,25.64,94.0,26.71,10000.0,0.0,100.0,1.49,1.6,300.0,1001.0,0,804,Clouds,overcast clouds,04n
2025-07-27 01:43:58,Thanh Hoa-Thanh Hoa,Thanh Hoa,25.64,25.64,25.64,94.0,26.71,10000.0,0.0,100.0,1.49,1.6,300.0,1001.0,0,804,Clouds,overcast clouds,04n
2025-07-27 01:47:44,Thanh Hoa-Thanh Hoa,Thanh Hoa,25.63,25.63,25.63,94.0,26.7,10000.0,0.0,100.0,1.49,1.6,300.0,1001.0,0,804,Clouds,overcast clouds,04n
2025-07-27 01:51:30,Thanh Hoa-Thanh Hoa,Thanh Hoa,25.64,25.64,25.64,94.0,26.71,10000.0,0.0,100.0,1.49,1.6,300.0,1001.0,0,804,Clouds,overcast clouds,04n
2025-07-27 01:55:16,Thanh Hoa-Thanh Hoa,Thanh Hoa,25.63,25.63,25.63,94.0,26.7,10000.0,0.0,100.0,1.49,1.6,300.0,1001.0,0,804,Clouds,overcast clouds,04n
2025-07-27 01:59:02,Thanh Hoa-Thanh Hoa,Thanh Hoa,25.63,25.63,25.63,94.0,26.7,10000.0,0.0,100.0,1.49,1.6,300.0,1001.0,0,804,Clouds,overcast clouds,04n
2025-07-27 02:02:48,Thanh Hoa-Thanh Hoa,Thanh Hoa,25.67,25.67,25.67,94.0,26.75,10000.0,0.0,100.0,1.49,1.6,300.0,1001.0,0,804,Clouds,overcast clouds,04n
2025-07-27 02:06:36,Thanh Hoa-Thanh Hoa,Thanh Hoa,25.67,25.67,25.67,94.0,26.75,10000.0,0.0,100.0,1.49,1.6,300.0,1001.0,0,804,Clouds,overcast clouds,04n
2025-07-27 02:10:22,Thanh Hoa-Thanh Hoa,Thanh Hoa,25.67,25.67,25.67,94.0,26.75,10000.0,0.0,100.0,1.49,1.6,300.0,1001.0,0,804,Clouds,overcast clouds,04n
2025-07-27 02:14:07,Thanh Hoa-Thanh Hoa,Thanh Hoa,25.67,25.67,25.67,94.0,26.75,10000.0,0.0,100.0,1.49,1.6,300.0,1001.0,0,804,Clouds,overcast clouds,04n
2025-07-27 02:17:53,Thanh Hoa-Thanh Hoa,Thanh Hoa,25.67,25.67,25.67,94.0,26.75,10000.0,0.0,100.0,1.49,1.6,300.0,1001.0,0,804,Clouds,overcast clouds,04n
2025-07-27 02:21:39,Thanh Hoa-Thanh Hoa,Thanh Hoa,25.67,25.67,25.67,94.0,26.75,10000.0,0.0,100.0,1.49,1.6,300.0,1001.0,0,804,Clouds,overcast clouds,04n
2025-07-27 02:25:25,Thanh Hoa-Thanh Hoa,Thanh Hoa,25.67,25.67,25.67,94.0,26.75,10000.0,0.0,100.0,1.49,1.6,300.0,1001.0,0,804,Clouds,overcast clouds,04n
2025-07-27 02:29:12,Thanh Hoa-Thanh Hoa,Thanh Hoa,25.67,25.67,25.67,94.0,26.75,10000.0,0.0,100.0,1.49,1.6,300.0,1001.0,0,804,Clouds,overcast clouds,04n
2025-07-27 02:32:57,Thanh Hoa-Thanh Hoa,Thanh Hoa,25.4,25.4,25.4,95.0,26.48,10000.0,0.0,100.0,1.61,1.96,301.0,1000.0,0,804,Clouds,overcast clouds,04n
2025-07-27 02:36:43,Thanh Hoa-Thanh Hoa,Thanh Hoa,25.4,25.4,25.4,95.0,26.48,10000.0,0.0,100.0,1.61,1.96,301.0,1000.0,0,804,Clouds,overcast clouds,04n
2025-07-27 02:40:29,Thanh Hoa-Thanh Hoa,Thanh Hoa,25.4,25.4,25.4,95.0,26.48,10000.0,0.0,100.0,1.61,1.96,301.0,1000.0,0,804,Clouds,overcast clouds,04n
2025-07-27 02:44:15,Thanh Hoa-Thanh Hoa,Thanh Hoa,25.4,25.4,25.4,95.0,26.48,10000.0,0.0,100.0,1.61,1.96,301.0,1000.0,0,804,Clouds,overcast clouds,04n
2025-07-27 02:48:02,Thanh Hoa-Thanh Hoa,Thanh Hoa,25.4,25.4,25.4,95.0,26.48,10000.0,0.0,100.0,1.61,1.96,301.0,1000.0,0,804,Clouds,overcast clouds,04n
2025-07-27 02:51:48,Thanh Hoa-Thanh Hoa,Thanh Hoa,25.4,25.4,25.4,95.0,26.48,10000.0,0.0,100.0,1.61,1.96,301.0,1000.0,0,804,Clouds,overcast clouds,04n
2025-07-27 02:55:34,Thanh Hoa-Thanh Hoa,Thanh Hoa,25.4,25.4,25.4,95.0,26.48,10000.0,0.0,100.0,1.61,1.96,301.0,1000.0,0,804,Clouds,overcast clouds,04n
2025-07-27 02:59:20,Thanh Hoa-Thanh Hoa,Thanh Hoa,25.4,25.4,25.4,95.0,26.48,10000.0,0.0,100.0,1.61,1.96,301.0,1000.0,0,804,Clouds,overcast clouds,04n
2025-07-27 03:03:11,Thanh Hoa-Thanh Hoa,Thanh Hoa,25.42,25.42,25.42,95.0,26.5,10000.0,0.0,100.0,1.61,1.96,301.0,1000.0,0,804,Clouds,overcast clouds,04n
2025-07-27 03:06:57,Thanh Hoa-Thanh Hoa,Thanh Hoa,25.42,25.42,25.42,95.0,26.5,10000.0,0.0,100.0,1.61,1.96,301.0,1000.0,0,804,Clouds,overcast clouds,04n
2025-07-27 03:10:43,Thanh Hoa-Thanh Hoa,Thanh Hoa,25.42,25.42,25.42,95.0,26.5,10000.0,0.0,100.0,1.61,1.96,301.0,1000.0,0,804,Clouds,overcast clouds,04n
2025-07-27 03:14:29,Thanh Hoa-Thanh Hoa,Thanh Hoa,25.42,25.42,25.42,95.0,26.5,10000.0,0.0,100.0,1.61,1.96,301.0,1000.0,0,804,Clouds,overcast clouds,04n
2025-07-27 03:18:16,Thanh Hoa-Thanh Hoa,Thanh Hoa,25.42,25.42,25.42,95.0,26.5,10000.0,0.0,100.0,1.61,1.96,301.0,1000.0,0,804,Clouds,overcast clouds,04n
2025-07-27 03:22:02,Thanh Hoa-Thanh Hoa,Thanh Hoa,25.42,25.42,25.42,95.0,26.5,10000.0,0.0,100.0,1.61,1.96,301.0,1000.0,0,804,Clouds,overcast clouds,04n
2025-07-27 03:25:48,Thanh Hoa-Thanh Hoa,Thanh Hoa,25.42,25.42,25.42,95.0,26.5,10000.0,0.0,100.0,1.61,1.96,301.0,1000.0,0,804,Clouds,overcast clouds,04n
2025-07-27 03:29:33,Thanh Hoa-Thanh Hoa,Thanh Hoa,25.42,25.42,25.42,95.0,26.5,10000.0,0.0,100.0,1.61,1.96,301.0,1000.0,0,804,Clouds,overcast clouds,04n
2025-07-27 03:33:19,Thanh Hoa-Thanh Hoa,Thanh Hoa,25.18,25.18,25.18,95.0,26.23,10000.0,0.0,100.0,1.92,2.65,298.0,1000.0,0,804,Clouds,overcast clouds,04n
2025-07-27 03:37:05,Thanh Hoa-Thanh Hoa,Thanh Hoa,25.18,25.18,25.18,95.0,26.23,10000.0,0.0,100.0,1.92,2.65,298.0,1000.0,0,804,Clouds,overcast clouds,04n
2025-07-27 03:40:51,Thanh Hoa-Thanh Hoa,Thanh Hoa,25.18,25.18,25.18,95.0,26.23,10000.0,0.0,100.0,1.92,2.65,298.0,1000.0,0,804,Clouds,overcast clouds,04n
2025-07-27 03:44:36,Thanh Hoa-Thanh Hoa,Thanh Hoa,25.18,25.18,25.18,95.0,26.23,10000.0,0.0,100.0,1.92,2.65,298.0,1000.0,0,804,Clouds,overcast clouds,04n
2025-07-27 03:48:22,Thanh Hoa-Thanh Hoa,Thanh Hoa,25.18,25.18,25.18,95.0,26.23,10000.0,0.0,100.0,1.92,2.65,298.0,1000.0,0,804,Clouds,overcast clouds,04n
2025-07-27 03:52:10,Thanh Hoa-Thanh Hoa,Thanh Hoa,25.18,25.18,25.18,95.0,26.23,10000.0,0.0,100.0,1.92,2.65,298.0,1000.0,0,804,Clouds,overcast clouds,04n
2025-07-27 03:55:56,Thanh Hoa-Thanh Hoa,Thanh Hoa,25.18,25.18,25.18,95.0,26.23,10000.0,0.0,100.0,1.92,2.65,298.0,1000.0,0,804,Clouds,overcast clouds,04n
2025-07-27 03:59:42,Thanh Hoa-Thanh Hoa,Thanh Hoa,25.18,25.18,25.18,95.0,26.23,10000.0,0.0,100.0,1.92,2.65,298.0,1000.0,0,804,Clouds,overcast clouds,04n
2025-07-27 04:03:28,Thanh Hoa-Thanh Hoa,Thanh Hoa,25.19,25.19,25.19,95.0,26.25,10000.0,0.0,100.0,1.92,2.65,298.0,1000.0,0,804,Clouds,overcast clouds,04n
2025-07-27 04:07:14,Thanh Hoa-Thanh Hoa,Thanh Hoa,25.18,25.18,25.18,95.0,26.23,10000.0,0.0,100.0,1.92,2.65,298.0,1000.0,0,804,Clouds,overcast clouds,04n
2025-07-27 04:11:00,Thanh Hoa-Thanh Hoa,Thanh Hoa,25.19,25.19,25.19,95.0,26.25,10000.0,0.0,100.0,1.92,2.65,298.0,1000.0,0,804,Clouds,overcast clouds,04n
2025-07-27 09:00:52,Thanh Hoa-Thanh Hoa,Thanh Hoa,27.65,27.65,27.65,87.0,32.21,10000.0,0.0,98.0,1.31,2.35,296.0,1002.0,1,804,Clouds,overcast clouds,04d
2025-07-27 09:04:37,Thanh Hoa-Thanh Hoa,Thanh Hoa,27.65,27.65,27.65,87.0,32.21,10000.0,0.0,98.0,1.31,2.35,296.0,1002.0,1,804,Clouds,overcast clouds,04d
2025-07-27 09:08:23,Thanh Hoa-Thanh Hoa,Thanh Hoa,27.67,27.67,27.67,87.0,32.27,10000.0,0.0,98.0,1.31,2.35,296.0,1002.0,1,804,Clouds,overcast clouds,04d
2025-07-27 09:12:09,Thanh Hoa-Thanh Hoa,Thanh Hoa,27.67,27.67,27.67,87.0,32.27,10000.0,0.0,98.0,1.31,2.35,296.0,1002.0,1,804,Clouds,overcast clouds,04d
2025-07-27 09:15:54,Thanh Hoa-Thanh Hoa,Thanh Hoa,27.67,27.67,27.67,87.0,32.27,10000.0,0.0,98.0,1.31,2.35,296.0,1002.0,1,804,Clouds,overcast clouds,04d
2025-07-27 09:19:40,Thanh Hoa-Thanh Hoa,Thanh Hoa,27.68,27.68,27.68,87.0,32.3,10000.0,0.0,98.0,1.31,2.35,296.0,1002.0,1,804,Clouds,overcast clouds,04d
2025-07-27 09:23:26,Thanh Hoa-Thanh Hoa,Thanh Hoa,27.68,27.68,27.68,87.0,32.3,10000.0,0.0,98.0,1.31,2.35,296.0,1002.0,1,804,Clouds,overcast clouds,04d
2025-07-27 09:27:12,Thanh Hoa-Thanh Hoa,Thanh Hoa,27.68,27.68,27.68,87.0,32.3,10000.0,0.0,98.0,1.31,2.35,296.0,1002.0,1,804,Clouds,overcast clouds,04d
2025-07-27 09:30:58,Thanh Hoa-Thanh Hoa,Thanh Hoa,27.68,27.68,27.68,87.0,32.3,10000.0,0.0,98.0,1.31,2.35,296.0,1002.0,1,804,Clouds,overcast clouds,04d
2025-07-27 09:34:43,Thanh Hoa-Thanh Hoa,Thanh Hoa,27.68,27.68,27.68,87.0,32.3,10000.0,0.0,98.0,1.31,2.35,296.0,1002.0,1,804,Clouds,overcast clouds,04d
2025-07-27 09:38:28,Thanh Hoa-Thanh Hoa,Thanh Hoa,27.64,27.64,27.64,89.0,32.48,3735.0,0.0,99.0,0.81,1.46,298.0,1002.0,1,804,Clouds,overcast clouds,04d
2025-07-27 09:42:14,Thanh Hoa-Thanh Hoa,Thanh Hoa,27.64,27.64,27.64,89.0,32.48,3735.0,0.0,99.0,0.81,1.46,298.0,1002.0,1,804,Clouds,overcast clouds,04d
2025-07-27 09:45:59,Thanh Hoa-Thanh Hoa,Thanh Hoa,27.64,27.64,27.64,89.0,32.48,3735.0,0.0,99.0,0.81,1.46,298.0,1002.0,1,804,Clouds,overcast clouds,04d
2025-07-27 09:49:45,Thanh Hoa-Thanh Hoa,Thanh Hoa,27.64,27.64,27.64,89.0,32.48,3735.0,0.0,99.0,0.81,1.46,298.0,1002.0,1,804,Clouds,overcast clouds,04d
2025-07-27 09:53:31,Thanh Hoa-Thanh Hoa,Thanh Hoa,27.64,27.64,27.64,89.0,32.48,3735.0,0.0,99.0,0.81,1.46,298.0,1002.0,1,804,Clouds,overcast clouds,04d
2025-07-27 09:57:17,Thanh Hoa-Thanh Hoa,Thanh Hoa,27.64,27.64,27.64,89.0,32.48,3735.0,0.0,99.0,0.81,1.46,298.0,1002.0,1,804,Clouds,overcast clouds,04d
2025-07-27 10:01:03,Thanh Hoa-Thanh Hoa,Thanh Hoa,27.64,27.64,27.64,89.0,32.48,3735.0,0.0,99.0,0.81,1.46,298.0,1002.0,1,804,Clouds,overcast clouds,04d
2025-07-27 10:04:48,Thanh Hoa-Thanh Hoa,Thanh Hoa,27.67,27.67,27.67,89.0,32.57,3735.0,0.0,99.0,0.81,1.46,298.0,1002.0,1,804,Clouds,overcast clouds,04d
2025-07-27 10:08:34,Thanh Hoa-Thanh Hoa,Thanh Hoa,27.67,27.67,27.67,89.0,32.57,3735.0,0.0,99.0,0.81,1.46,298.0,1002.0,1,804,Clouds,overcast clouds,04d
2025-07-27 10:12:20,Thanh Hoa-Thanh Hoa,Thanh Hoa,27.67,27.67,27.67,89.0,32.57,3735.0,0.0,99.0,0.81,1.46,298.0,1002.0,1,804,Clouds,overcast clouds,04d
2025-07-27 10:16:05,Thanh Hoa-Thanh Hoa,Thanh Hoa,27.67,27.67,27.67,89.0,32.57,3735.0,0.0,99.0,0.81,1.46,298.0,1002.0,1,804,Clouds,overcast clouds,04d
2025-07-27 10:19:50,Thanh Hoa-Thanh Hoa,Thanh Hoa,27.54,27.54,27.54,89.0,32.18,3735.0,0.0,99.0,0.81,1.46,298.0,1002.0,1,804,Clouds,overcast clouds,04d
2025-07-27 10:23:36,Thanh Hoa-Thanh Hoa,Thanh Hoa,27.54,27.54,27.54,89.0,32.18,3735.0,0.0,99.0,0.81,1.46,298.0,1002.0,1,804,Clouds,overcast clouds,04d
2025-07-27 10:27:22,Thanh Hoa-Thanh Hoa,Thanh Hoa,27.54,27.54,27.54,89.0,32.18,3735.0,0.0,99.0,0.81,1.46,298.0,1002.0,1,804,Clouds,overcast clouds,04d
2025-07-27 10:31:08,Thanh Hoa-Thanh Hoa,Thanh Hoa,27.54,27.54,27.54,89.0,32.18,3735.0,0.0,99.0,0.81,1.46,298.0,1002.0,1,804,Clouds,overcast clouds,04d
2025-07-27 10:34:53,Thanh Hoa-Thanh Hoa,Thanh Hoa,28.55,28.55,28.55,85.0,34.49,10000.0,0.0,99.0,0.39,1.17,323.0,1002.0,1,804,Clouds,overcast clouds,04d
2025-07-27 10:38:39,Thanh Hoa-Thanh Hoa,Thanh Hoa,28.55,28.55,28.55,85.0,34.49,10000.0,0.0,99.0,0.39,1.17,323.0,1002.0,1,804,Clouds,overcast clouds,04d
2025-07-27 10:42:25,Thanh Hoa-Thanh Hoa,Thanh Hoa,28.55,28.55,28.55,85.0,34.49,10000.0,0.0,99.0,0.39,1.17,323.0,1002.0,1,804,Clouds,overcast clouds,04d
2025-07-27 10:46:10,Thanh Hoa-Thanh Hoa,Thanh Hoa,28.55,28.55,28.55,85.0,34.49,10000.0,0.0,99.0,0.39,1.17,323.0,1002.0,1,804,Clouds,overcast clouds,04d
2025-07-27 10:49:56,Thanh Hoa-Thanh Hoa,Thanh Hoa,28.55,28.55,28.55,85.0,34.49,10000.0,0.0,99.0,0.39,1.17,323.0,1002.0,1,804,Clouds,overcast clouds,04d
2025-07-27 10:53:41,Thanh Hoa-Thanh Hoa,Thanh Hoa,28.55,28.55,28.55,85.0,34.49,10000.0,0.0,99.0,0.39,1.17,323.0,1002.0,1,804,Clouds,overcast clouds,04d
2025-07-27 10:57:27,Thanh Hoa-Thanh Hoa,Thanh Hoa,28.55,28.55,28.55,85.0,34.49,10000.0,0.0,99.0,0.39,1.17,323.0,1002.0,1,804,Clouds,overcast clouds,04d
2025-07-27 11:01:13,Thanh Hoa-Thanh Hoa,Thanh Hoa,28.55,28.55,28.55,85.0,34.49,10000.0,0.0,99.0,0.39,1.17,323.0,1002.0,1,804,Clouds,overcast clouds,04d
2025-07-27 11:04:59,Thanh Hoa-Thanh Hoa,Thanh Hoa,28.55,28.55,28.55,85.0,34.49,10000.0,0.0,99.0,0.39,1.17,323.0,1002.0,1,804,Clouds,overcast clouds,04d
2025-07-27 11:08:44,Thanh Hoa-Thanh Hoa,Thanh Hoa,28.55,28.55,28.55,85.0,34.49,10000.0,0.0,99.0,0.39,1.17,323.0,1002.0,1,804,Clouds,overcast clouds,04d
2025-07-27 11:12:29,Thanh Hoa-Thanh Hoa,Thanh Hoa,28.55,28.55,28.55,85.0,34.49,10000.0,0.0,99.0,0.39,1.17,323.0,1002.0,1,804,Clouds,overcast clouds,04d
2025-07-27 11:16:15,Thanh Hoa-Thanh Hoa,Thanh Hoa,28.55,28.55,28.55,85.0,34.49,10000.0,0.0,99.0,0.39,1.17,323.0,1002.0,1,804,Clouds,overcast clouds,04d
2025-07-27 11:20:01,Thanh Hoa-Thanh Hoa,Thanh Hoa,28.56,28.56,28.56,85.0,34.52,10000.0,0.0,99.0,0.39,1.17,323.0,1002.0,1,804,Clouds,overcast clouds,04d
2025-07-27 11:23:47,Thanh Hoa-Thanh Hoa,Thanh Hoa,28.56,28.56,28.56,85.0,34.52,10000.0,0.0,99.0,0.39,1.17,323.0,1002.0,1,804,Clouds,overcast clouds,04d
2025-07-27 11:27:32,Thanh Hoa-Thanh Hoa,Thanh Hoa,28.56,28.56,28.56,85.0,34.52,10000.0,0.0,99.0,0.39,1.17,323.0,1002.0,1,804,Clouds,overcast clouds,04d
2025-07-27 11:31:18,Thanh Hoa-Thanh Hoa,Thanh Hoa,30.29,30.29,30.29,79.0,37.29,3930.0,0.0,99.0,0.77,1.82,54.0,1001.0,1,804,Clouds,overcast clouds,04d
2025-07-27 11:35:04,Thanh Hoa-Thanh Hoa,Thanh Hoa,30.29,30.29,30.29,79.0,37.29,3930.0,0.0,99.0,0.77,1.82,54.0,1001.0,1,804,Clouds,overcast clouds,04d
2025-07-27 11:38:49,Thanh Hoa-Thanh Hoa,Thanh Hoa,30.29,30.29,30.29,79.0,37.29,3930.0,0.0,99.0,0.77,1.82,54.0,1001.0,1,804,Clouds,overcast clouds,04d
2025-07-27 11:42:35,Thanh Hoa-Thanh Hoa,Thanh Hoa,30.29,30.29,30.29,79.0,37.29,3930.0,0.0,99.0,0.77,1.82,54.0,1001.0,1,804,Clouds,overcast clouds,04d
2025-07-27 11:46:20,Thanh Hoa-Thanh Hoa,Thanh Hoa,30.29,30.29,30.29,79.0,37.29,3930.0,0.0,99.0,0.77,1.82,54.0,1001.0,1,804,Clouds,overcast clouds,04d
2025-07-27 11:50:06,Thanh Hoa-Thanh Hoa,Thanh Hoa,30.29,30.29,30.29,79.0,37.29,3930.0,0.0,99.0,0.77,1.82,54.0,1001.0,1,804,Clouds,overcast clouds,04d
2025-07-27 11:53:52,Thanh Hoa-Thanh Hoa,Thanh Hoa,30.29,30.29,30.29,79.0,37.29,3930.0,0.0,99.0,0.77,1.82,54.0,1001.0,1,804,Clouds,overcast clouds,04d
2025-07-27 11:57:37,Thanh Hoa-Thanh Hoa,Thanh Hoa,30.29,30.29,30.29,79.0,37.29,3930.0,0.0,99.0,0.77,1.82,54.0,1001.0,1,804,Clouds,overcast clouds,04d
2025-07-27 12:01:23,Thanh Hoa-Thanh Hoa,Thanh Hoa,30.29,30.29,30.29,79.0,37.29,3930.0,0.0,99.0,0.77,1.82,54.0,1001.0,1,804,Clouds,overcast clouds,04d
2025-07-27 12:05:09,Thanh Hoa-Thanh Hoa,Thanh Hoa,30.29,30.29,30.29,79.0,37.29,3930.0,0.0,99.0,0.77,1.82,54.0,1001.0,1,804,Clouds,overcast clouds,04d
2025-07-27 12:08:54,Thanh Hoa-Thanh Hoa,Thanh Hoa,30.29,30.29,30.29,79.0,37.29,3930.0,0.0,99.0,0.77,1.82,54.0,1001.0,1,804,Clouds,overcast clouds,04d
2025-07-27 12:12:40,Thanh Hoa-Thanh Hoa,Thanh Hoa,30.29,30.29,30.29,79.0,37.29,3930.0,0.0,99.0,0.77,1.82,54.0,1001.0,1,804,Clouds,overcast clouds,04d
2025-07-27 12:16:25,Thanh Hoa-Thanh Hoa,Thanh Hoa,30.29,30.29,30.29,79.0,37.29,3930.0,0.0,99.0,0.77,1.82,54.0,1001.0,1,804,Clouds,overcast clouds,04d
2025-07-27 12:20:11,Thanh Hoa-Thanh Hoa,Thanh Hoa,30.3,30.3,30.3,79.0,37.3,3930.0,0.0,99.0,0.77,1.82,54.0,1001.0,1,804,Clouds,overcast clouds,04d
2025-07-27 12:23:57,Thanh Hoa-Thanh Hoa,Thanh Hoa,30.3,30.3,30.3,79.0,37.3,3930.0,0.0,99.0,0.77,1.82,54.0,1001.0,1,804,Clouds,overcast clouds,04d
2025-07-27 12:27:43,Thanh Hoa-Thanh Hoa,Thanh Hoa,30.3,30.3,30.3,79.0,37.3,3930.0,0.0,99.0,0.77,1.82,54.0,1001.0,1,804,Clouds,overcast clouds,04d
2025-07-27 12:31:28,Thanh Hoa-Thanh Hoa,Thanh Hoa,30.3,30.3,30.3,79.0,37.3,3930.0,0.0,99.0,0.77,1.82,54.0,1001.0,1,804,Clouds,overcast clouds,04d
2025-07-27 12:35:14,Thanh Hoa-Thanh Hoa,Thanh Hoa,30.51,30.51,30.51,76.0,37.51,10000.0,0.0,85.0,1.54,2.35,83.0,1000.0,1,804,Clouds,overcast clouds,04d
2025-07-27 12:38:59,Thanh Hoa-Thanh Hoa,Thanh Hoa,30.51,30.51,30.51,76.0,37.51,10000.0,0.0,85.0,1.54,2.35,83.0,1000.0,1,804,Clouds,overcast clouds,04d
2025-07-27 12:42:44,Thanh Hoa-Thanh Hoa,Thanh Hoa,30.51,30.51,30.51,76.0,37.51,10000.0,0.0,85.0,1.54,2.35,83.0,1000.0,1,804,Clouds,overcast clouds,04d
2025-07-27 12:46:30,Thanh Hoa-Thanh Hoa,Thanh Hoa,30.51,30.51,30.51,76.0,37.51,10000.0,0.0,41.0,2.19,2.87,71.0,1000.0,1,802,Clouds,scattered clouds,03d
2025-07-27 12:50:16,Thanh Hoa-Thanh Hoa,Thanh Hoa,30.51,30.51,30.51,76.0,37.51,10000.0,0.0,41.0,2.19,2.87,71.0,1000.0,1,802,Clouds,scattered clouds,03d
2025-07-27 12:54:01,Thanh Hoa-Thanh Hoa,Thanh Hoa,30.51,30.51,30.51,76.0,37.51,10000.0,0.0,41.0,2.19,2.87,71.0,1000.0,1,802,Clouds,scattered clouds,03d
2025-07-27 12:57:47,Thanh Hoa-Thanh Hoa,Thanh Hoa,30.51,30.51,30.51,76.0,37.51,10000.0,0.0,41.0,2.19,2.87,71.0,1000.0,1,802,Clouds,scattered clouds,03d
2025-07-27 13:01:33,Thanh Hoa-Thanh Hoa,Thanh Hoa,30.51,30.51,30.51,76.0,37.51,10000.0,0.0,41.0,2.19,2.87,71.0,1000.0,1,802,Clouds,scattered clouds,03d
2025-07-27 13:05:19,Thanh Hoa-Thanh Hoa,Thanh Hoa,30.51,30.51,30.51,76.0,37.51,10000.0,0.0,41.0,2.19,2.87,71.0,1000.0,1,802,Clouds,scattered clouds,03d
2025-07-27 13:09:04,Thanh Hoa-Thanh Hoa,Thanh Hoa,30.51,30.51,30.51,76.0,37.51,10000.0,0.0,41.0,2.19,2.87,71.0,1000.0,1,802,Clouds,scattered clouds,03d
2025-07-27 13:12:50,Thanh Hoa-Thanh Hoa,Thanh Hoa,30.51,30.51,30.51,76.0,37.51,10000.0,0.0,41.0,2.19,2.87,71.0,1000.0,1,802,Clouds,scattered clouds,03d
2025-07-27 13:16:36,Thanh Hoa-Thanh Hoa,Thanh Hoa,30.51,30.51,30.51,76.0,37.51,10000.0,0.0,41.0,2.19,2.87,71.0,1000.0,1,802,Clouds,scattered clouds,03d
2025-07-27 13:20:21,Thanh Hoa-Thanh Hoa,Thanh Hoa,30.51,30.51,30.51,76.0,37.51,10000.0,0.0,41.0,2.19,2.87,71.0,1000.0,1,802,Clouds,scattered clouds,03d
2025-07-27 13:24:07,Thanh Hoa-Thanh Hoa,Thanh Hoa,30.65,30.65,30.65,77.0,37.65,10000.0,0.0,41.0,2.19,2.87,71.0,1000.0,1,802,Clouds,scattered clouds,03d
2025-07-27 13:27:52,Thanh Hoa-Thanh Hoa,Thanh Hoa,30.65,30.65,30.65,77.0,37.65,10000.0,0.0,41.0,2.19,2.87,71.0,1000.0,1,802,Clouds,scattered clouds,03d
2025-07-27 13:31:38,Thanh Hoa-Thanh Hoa,Thanh Hoa,30.95,30.95,30.95,75.0,37.95,10000.0,0.0,29.0,2.17,2.89,78.0,999.0,1,802,Clouds,scattered clouds,03d
2025-07-27 13:35:24,Thanh Hoa-Thanh Hoa,Thanh Hoa,30.95,30.95,30.95,75.0,37.95,10000.0,0.0,29.0,2.17,2.89,78.0,999.0,1,802,Clouds,scattered clouds,03d
2025-07-27 13:39:09,Thanh Hoa-Thanh Hoa,Thanh Hoa,30.95,30.95,30.95,75.0,37.95,10000.0,0.0,29.0,2.17,2.89,78.0,999.0,1,802,Clouds,scattered clouds,03d
2025-07-27 13:42:55,Thanh Hoa-Thanh Hoa,Thanh Hoa,30.95,30.95,30.95,75.0,37.95,10000.0,0.0,29.0,2.17,2.89,78.0,999.0,1,802,Clouds,scattered clouds,03d
2025-07-27 13:46:40,Thanh Hoa-Thanh Hoa,Thanh Hoa,30.95,30.95,30.95,75.0,37.95,10000.0,0.0,29.0,2.17,2.89,78.0,999.0,1,802,Clouds,scattered clouds,03d
2025-07-27 13:50:26,Thanh Hoa-Thanh Hoa,Thanh Hoa,30.95,30.95,30.95,75.0,37.95,10000.0,0.0,29.0,2.17,2.89,78.0,999.0,1,802,Clouds,scattered clouds,03d
2025-07-27 13:54:11,Thanh Hoa-Thanh Hoa,Thanh Hoa,30.95,30.95,30.95,75.0,37.95,10000.0,0.0,29.0,2.17,2.89,78.0,999.0,1,802,Clouds,scattered clouds,03d
2025-07-27 13:57:57,Thanh Hoa-Thanh Hoa,Thanh Hoa,30.95,30.95,30.95,75.0,37.95,10000.0,0.0,29.0,2.17,2.89,78.0,999.0,1,802,Clouds,scattered clouds,03d
2025-07-27 14:01:42,Thanh Hoa-Thanh Hoa,Thanh Hoa,30.95,30.95,30.95,75.0,37.95,10000.0,0.0,29.0,2.17,2.89,78.0,999.0,1,802,Clouds,scattered clouds,03d
2025-07-27 14:05:29,Thanh Hoa-Thanh Hoa,Thanh Hoa,30.95,30.95,30.95,75.0,37.95,10000.0,0.0,29.0,2.17,2.89,78.0,999.0,1,802,Clouds,scattered clouds,03d
2025-07-27 14:09:14,Thanh Hoa-Thanh Hoa,Thanh Hoa,30.95,30.95,30.95,75.0,37.95,10000.0,0.0,29.0,2.17,2.89,78.0,999.0,1,802,Clouds,scattered clouds,03d
2025-07-27 14:13:00,Thanh Hoa-Thanh Hoa,Thanh Hoa,30.95,30.95,30.95,75.0,37.95,10000.0,0.0,29.0,2.17,2.89,78.0,999.0,1,802,Clouds,scattered clouds,03d
2025-07-27 14:16:46,Thanh Hoa-Thanh Hoa,Thanh Hoa,30.96,30.96,30.96,75.0,37.96,10000.0,0.0,29.0,2.17,2.89,78.0,999.0,1,802,Clouds,scattered clouds,03d
2025-07-27 14:20:32,Thanh Hoa-Thanh Hoa,Thanh Hoa,30.96,30.96,30.96,75.0,37.96,10000.0,0.0,29.0,2.17,2.89,78.0,999.0,1,802,Clouds,scattered clouds,03d
2025-07-27 14:24:18,Thanh Hoa-Thanh Hoa,Thanh Hoa,30.96,30.96,30.96,75.0,37.96,10000.0,0.0,29.0,2.17,2.89,78.0,999.0,1,802,Clouds,scattered clouds,03d
2025-07-27 14:28:04,Thanh Hoa-Thanh Hoa,Thanh Hoa,30.96,30.96,30.96,75.0,37.96,10000.0,0.0,29.0,2.17,2.89,78.0,999.0,1,802,Clouds,scattered clouds,03d
2025-07-27 14:31:49,Thanh Hoa-Thanh Hoa,Thanh Hoa,30.96,30.96,30.96,75.0,37.96,10000.0,0.0,29.0,2.17,2.89,78.0,999.0,1,802,Clouds,scattered clouds,03d
2025-07-27 14:35:35,Thanh Hoa-Thanh Hoa,Thanh Hoa,30.65,30.65,30.65,77.0,37.65,5430.0,0.0,29.0,1.98,2.57,74.0,999.0,1,802,Clouds,scattered clouds,03d
2025-07-27 14:39:21,Thanh Hoa-Thanh Hoa,Thanh Hoa,30.65,30.65,30.65,77.0,37.65,5430.0,0.0,29.0,1.98,2.57,74.0,999.0,1,802,Clouds,scattered clouds,03d
2025-07-27 14:43:07,Thanh Hoa-Thanh Hoa,Thanh Hoa,30.65,30.65,30.65,77.0,37.65,5430.0,0.0,29.0,1.98,2.57,74.0,999.0,1,802,Clouds,scattered clouds,03d
2025-07-27 14:46:53,Thanh Hoa-Thanh Hoa,Thanh Hoa,30.65,30.65,30.65,77.0,37.65,5430.0,0.0,29.0,1.98,2.57,74.0,999.0,1,802,Clouds,scattered clouds,03d
2025-07-27 14:50:39,Thanh Hoa-Thanh Hoa,Thanh Hoa,30.65,30.65,30.65,77.0,37.65,5430.0,0.0,29.0,1.98,2.57,74.0,999.0,1,802,Clouds,scattered clouds,03d
2025-07-27 14:54:24,Thanh Hoa-Thanh Hoa,Thanh Hoa,30.65,30.65,30.65,77.0,37.65,5430.0,0.0,29.0,1.98,2.57,74.0,999.0,1,802,Clouds,scattered clouds,03d
2025-07-27 14:58:11,Thanh Hoa-Thanh Hoa,Thanh Hoa,30.65,30.65,30.65,77.0,37.65,5430.0,0.0,29.0,1.98,2.57,74.0,999.0,1,802,Clouds,scattered clouds,03d
2025-07-27 15:01:56,Thanh Hoa-Thanh Hoa,Thanh Hoa,30.65,30.65,30.65,77.0,37.65,5430.0,0.0,29.0,1.98,2.57,74.0,999.0,1,802,Clouds,scattered clouds,03d
2025-07-27 15:05:42,Thanh Hoa-Thanh Hoa,Thanh Hoa,30.65,30.65,30.65,77.0,37.65,5430.0,0.0,29.0,1.98,2.57,74.0,999.0,1,802,Clouds,scattered clouds,03d
2025-07-27 15:09:28,Thanh Hoa-Thanh Hoa,Thanh Hoa,30.65,30.65,30.65,77.0,37.65,5430.0,0.0,29.0,1.98,2.57,74.0,999.0,1,802,Clouds,scattered clouds,03d
2025-07-27 15:13:14,Thanh Hoa-Thanh Hoa,Thanh Hoa,30.65,30.65,30.65,77.0,37.65,5430.0,0.0,29.0,1.98,2.57,74.0,999.0,1,802,Clouds,scattered clouds,03d
2025-07-27 15:16:59,Thanh Hoa-Thanh Hoa,Thanh Hoa,30.66,30.66,30.66,77.0,37.66,5430.0,0.0,29.0,1.98,2.57,74.0,999.0,1,802,Clouds,scattered clouds,03d
2025-07-27 15:20:45,Thanh Hoa-Thanh Hoa,Thanh Hoa,30.66,30.66,30.66,77.0,37.66,5430.0,0.0,29.0,1.98,2.57,74.0,999.0,1,802,Clouds,scattered clouds,03d
2025-07-27 15:24:31,Thanh Hoa-Thanh Hoa,Thanh Hoa,30.66,30.66,30.66,77.0,37.66,5430.0,0.0,29.0,1.98,2.57,74.0,999.0,1,802,Clouds,scattered clouds,03d
2025-07-27 15:28:17,Thanh Hoa-Thanh Hoa,Thanh Hoa,30.66,30.66,30.66,77.0,37.66,5430.0,0.0,29.0,1.98,2.57,74.0,999.0,1,802,Clouds,scattered clouds,03d
2025-07-27 15:32:02,Thanh Hoa-Thanh Hoa,Thanh Hoa,30.66,30.66,30.66,77.0,37.66,5430.0,0.0,29.0,1.98,2.57,74.0,999.0,1,802,Clouds,scattered clouds,03d
2025-07-27 15:35:48,Thanh Hoa-Thanh Hoa,Thanh Hoa,30.19,30.19,30.19,79.0,37.19,10000.0,0.12,28.0,1.73,2.19,101.0,999.0,1,500,Rain,light rain,10d
2025-07-27 15:39:35,Thanh Hoa-Thanh Hoa,Thanh Hoa,30.19,30.19,30.19,79.0,37.19,10000.0,0.13,28.0,1.73,2.19,101.0,999.0,1,500,Rain,light rain,10d
2025-07-27 15:43:20,Thanh Hoa-Thanh Hoa,Thanh Hoa,30.19,30.19,30.19,79.0,37.19,10000.0,0.15,28.0,1.73,2.19,101.0,999.0,1,500,Rain,light rain,10d
2025-07-27 15:47:07,Thanh Hoa-Thanh Hoa,Thanh Hoa,30.19,30.19,30.19,79.0,37.19,10000.0,0.16,28.0,1.73,2.19,101.0,999.0,1,500,Rain,light rain,10d
2025-07-27 15:50:56,Thanh Hoa-Thanh Hoa,Thanh Hoa,30.19,30.19,30.19,79.0,37.19,10000.0,0.0,28.0,1.73,2.19,101.0,999.0,1,802,Clouds,scattered clouds,03d
2025-07-27 15:54:46,Thanh Hoa-Thanh Hoa,Thanh Hoa,30.19,30.19,30.19,79.0,37.19,10000.0,0.0,28.0,1.73,2.19,101.0,999.0,1,802,Clouds,scattered clouds,03d
2025-07-27 15:58:34,Thanh Hoa-Thanh Hoa,Thanh Hoa,30.19,30.19,30.19,79.0,37.19,10000.0,0.0,28.0,1.73,2.19,101.0,999.0,1,802,Clouds,scattered clouds,03d
2025-07-27 16:02:23,Thanh Hoa-Thanh Hoa,Thanh Hoa,30.19,30.19,30.19,79.0,37.19,10000.0,0.0,28.0,1.73,2.19,101.0,999.0,1,802,Clouds,scattered clouds,03d
2025-07-27 16:06:12,Thanh Hoa-Thanh Hoa,Thanh Hoa,30.19,30.19,30.19,79.0,37.19,10000.0,0.0,28.0,1.73,2.19,101.0,999.0,1,802,Clouds,scattered clouds,03d
2025-07-27 16:10:01,Thanh Hoa-Thanh Hoa,Thanh Hoa,30.19,30.19,30.19,79.0,37.19,10000.0,0.0,28.0,1.73,2.19,101.0,999.0,1,802,Clouds,scattered clouds,03d
2025-07-27 16:13:50,Thanh Hoa-Thanh Hoa,Thanh Hoa,30.19,30.19,30.19,79.0,37.19,10000.0,0.0,28.0,1.73,2.19,101.0,999.0,1,802,Clouds,scattered clouds,03d
2025-07-27 16:17:40,Thanh Hoa-Thanh Hoa,Thanh Hoa,30.2,30.2,30.2,79.0,37.2,10000.0,0.0,28.0,1.73,2.19,101.0,999.0,1,802,Clouds,scattered clouds,03d
2025-07-27 16:21:28,Thanh Hoa-Thanh Hoa,Thanh Hoa,30.2,30.2,30.2,79.0,37.2,10000.0,0.0,28.0,1.73,2.19,101.0,999.0,1,802,Clouds,scattered clouds,03d
2025-07-27 16:25:17,Thanh Hoa-Thanh Hoa,Thanh Hoa,30.2,30.2,30.2,79.0,37.2,10000.0,0.0,28.0,1.73,2.19,101.0,999.0,1,802,Clouds,scattered clouds,03d
2025-07-27 16:29:06,Thanh Hoa-Thanh Hoa,Thanh Hoa,30.2,30.2,30.2,79.0,37.2,10000.0,0.0,28.0,1.73,2.19,101.0,999.0,1,802,Clouds,scattered clouds,03d
2025-07-27 16:32:56,Thanh Hoa-Thanh Hoa,Thanh Hoa,29.23,29.23,29.23,86.0,36.23,10000.0,0.0,28.0,1.71,2.14,136.0,999.0,1,802,Clouds,scattered clouds,03d
2025-07-27 16:36:45,Thanh Hoa-Thanh Hoa,Thanh Hoa,29.23,29.23,29.23,86.0,36.23,10000.0,0.0,28.0,1.71,2.14,136.0,999.0,1,802,Clouds,scattered clouds,03d
2025-07-27 16:40:34,Thanh Hoa-Thanh Hoa,Thanh Hoa,29.23,29.23,29.23,86.0,36.23,10000.0,0.0,28.0,1.71,2.14,136.0,999.0,1,802,Clouds,scattered clouds,03d
2025-07-27 16:44:22,Thanh Hoa-Thanh Hoa,Thanh Hoa,29.23,29.23,29.23,86.0,36.23,10000.0,0.0,28.0,1.71,2.14,136.0,999.0,1,802,Clouds,scattered clouds,03d
2025-07-27 16:48:12,Thanh Hoa-Thanh Hoa,Thanh Hoa,29.23,29.23,29.23,86.0,36.23,10000.0,0.0,28.0,1.71,2.14,136.0,999.0,1,802,Clouds,scattered clouds,03d
2025-07-27 16:52:00,Thanh Hoa-Thanh Hoa,Thanh Hoa,29.23,29.23,29.23,86.0,36.23,10000.0,0.0,28.0,1.71,2.14,136.0,999.0,1,802,Clouds,scattered clouds,03d
2025-07-27 16:55:50,Thanh Hoa-Thanh Hoa,Thanh Hoa,29.23,29.23,29.23,86.0,36.23,10000.0,0.0,28.0,1.71,2.14,136.0,999.0,1,802,Clouds,scattered clouds,03d
2025-07-27 16:59:39,Thanh Hoa-Thanh Hoa,Thanh Hoa,29.23,29.23,29.23,86.0,36.23,10000.0,0.0,28.0,1.71,2.14,136.0,999.0,1,802,Clouds,scattered clouds,03d
2025-07-27 17:03:28,Thanh Hoa-Thanh Hoa,Thanh Hoa,29.23,29.23,29.23,86.0,36.23,10000.0,0.0,28.0,1.71,2.14,136.0,999.0,1,802,Clouds,scattered clouds,03d
2025-07-27 17:07:17,Thanh Hoa-Thanh Hoa,Thanh Hoa,29.23,29.23,29.23,86.0,36.23,10000.0,0.0,28.0,1.71,2.14,136.0,999.0,1,802,Clouds,scattered clouds,03d
2025-07-27 17:11:07,Thanh Hoa-Thanh Hoa,Thanh Hoa,29.23,29.23,29.23,86.0,36.23,10000.0,0.0,28.0,1.71,2.14,136.0,999.0,1,802,Clouds,scattered clouds,03d
2025-07-27 17:14:55,Thanh Hoa-Thanh Hoa,Thanh Hoa,29.23,29.23,29.23,86.0,36.23,10000.0,0.0,28.0,1.71,2.14,136.0,999.0,1,802,Clouds,scattered clouds,03d
2025-07-27 17:18:44,Thanh Hoa-Thanh Hoa,Thanh Hoa,29.23,29.23,29.23,86.0,36.23,10000.0,0.0,28.0,1.71,2.14,136.0,999.0,1,802,Clouds,scattered clouds,03d
2025-07-27 17:22:33,Thanh Hoa-Thanh Hoa,Thanh Hoa,29.23,29.23,29.23,86.0,36.23,10000.0,0.0,28.0,1.71,2.14,136.0,999.0,1,802,Clouds,scattered clouds,03d
2025-07-27 17:26:22,Thanh Hoa-Thanh Hoa,Thanh Hoa,29.23,29.23,29.23,86.0,36.23,10000.0,0.0,28.0,1.71,2.14,136.0,999.0,1,802,Clouds,scattered clouds,03d
2025-07-27 17:30:11,Thanh Hoa-Thanh Hoa,Thanh Hoa,29.23,29.23,29.23,86.0,36.23,10000.0,0.0,28.0,1.71,2.14,136.0,999.0,1,802,Clouds,scattered clouds,03d
2025-07-27 17:34:02,Thanh Hoa-Thanh Hoa,Thanh Hoa,28.02,28.02,28.02,89.0,33.64,10000.0,0.23,29.0,1.53,1.84,161.0,999.0,1,500,Rain,light rain,10d
2025-07-27 17:37:52,Thanh Hoa-Thanh Hoa,Thanh Hoa,28.02,28.02,28.02,89.0,33.64,10000.0,0.26,29.0,1.53,1.84,161.0,999.0,1,500,Rain,light rain,10d
2025-07-27 17:41:41,Thanh Hoa-Thanh Hoa,Thanh Hoa,28.02,28.02,28.02,89.0,33.64,10000.0,0.0,29.0,1.53,1.84,161.0,999.0,1,802,Clouds,scattered clouds,03d
2025-07-27 17:45:30,Thanh Hoa-Thanh Hoa,Thanh Hoa,28.02,28.02,28.02,89.0,33.64,10000.0,0.0,29.0,1.53,1.84,161.0,999.0,1,802,Clouds,scattered clouds,03d
2025-07-27 17:49:19,Thanh Hoa-Thanh Hoa,Thanh Hoa,28.02,28.02,28.02,89.0,33.64,10000.0,0.0,29.0,1.53,1.84,161.0,999.0,1,802,Clouds,scattered clouds,03d
2025-07-27 17:53:08,Thanh Hoa-Thanh Hoa,Thanh Hoa,28.02,28.02,28.02,89.0,33.64,10000.0,0.0,29.0,1.53,1.84,161.0,999.0,1,802,Clouds,scattered clouds,03d
2025-07-27 17:56:57,Thanh Hoa-Thanh Hoa,Thanh Hoa,28.02,28.02,28.02,89.0,33.64,10000.0,0.0,29.0,1.53,1.84,161.0,999.0,1,802,Clouds,scattered clouds,03d
2025-07-27 18:00:46,Thanh Hoa-Thanh Hoa,Thanh Hoa,28.02,28.02,28.02,89.0,33.64,10000.0,0.0,29.0,1.53,1.84,161.0,999.0,1,802,Clouds,scattered clouds,03d
2025-07-27 18:04:35,Thanh Hoa-Thanh Hoa,Thanh Hoa,28.02,28.02,28.02,89.0,33.64,10000.0,0.0,29.0,1.53,1.84,161.0,999.0,1,802,Clouds,scattered clouds,03d
2025-07-27 18:08:24,Thanh Hoa-Thanh Hoa,Thanh Hoa,28.02,28.02,28.02,89.0,33.64,10000.0,0.0,29.0,1.53,1.84,161.0,999.0,1,802,Clouds,scattered clouds,03d
2025-07-27 18:12:13,Thanh Hoa-Thanh Hoa,Thanh Hoa,28.02,28.02,28.02,89.0,33.64,10000.0,0.0,29.0,1.53,1.84,161.0,999.0,1,802,Clouds,scattered clouds,03d
2025-07-27 18:16:01,Thanh Hoa-Thanh Hoa,Thanh Hoa,28.02,28.02,28.02,89.0,33.64,10000.0,0.0,29.0,1.53,1.84,161.0,999.0,1,802,Clouds,scattered clouds,03d
2025-07-27 18:19:50,Thanh Hoa-Thanh Hoa,Thanh Hoa,28.02,28.02,28.02,89.0,33.64,10000.0,0.0,29.0,1.53,1.84,161.0,999.0,1,802,Clouds,scattered clouds,03d
2025-07-27 18:23:39,Thanh Hoa-Thanh Hoa,Thanh Hoa,28.02,28.02,28.02,89.0,33.64,10000.0,0.0,29.0,1.53,1.84,161.0,999.0,1,802,Clouds,scattered clouds,03d
2025-07-27 18:27:27,Thanh Hoa-Thanh Hoa,Thanh Hoa,28.02,28.02,28.02,89.0,33.64,10000.0,0.0,29.0,1.53,1.84,161.0,999.0,1,802,Clouds,scattered clouds,03d
2025-07-27 18:31:16,Thanh Hoa-Thanh Hoa,Thanh Hoa,26.69,26.69,26.69,91.0,29.95,10000.0,0.0,40.0,1.29,1.38,188.0,1000.0,1,802,Clouds,scattered clouds,03d
2025-07-27 18:35:06,Thanh Hoa-Thanh Hoa,Thanh Hoa,26.69,26.69,26.69,91.0,29.95,10000.0,0.0,40.0,1.29,1.38,188.0,1000.0,1,802,Clouds,scattered clouds,03d
2025-07-27 18:38:55,Thanh Hoa-Thanh Hoa,Thanh Hoa,26.69,26.69,26.69,91.0,29.95,10000.0,0.0,40.0,1.29,1.38,188.0,1000.0,0,802,Clouds,scattered clouds,03n
2025-07-27 18:42:44,Thanh Hoa-Thanh Hoa,Thanh Hoa,26.69,26.69,26.69,91.0,29.95,10000.0,0.0,40.0,1.29,1.38,188.0,1000.0,0,802,Clouds,scattered clouds,03n
2025-07-27 18:46:33,Thanh Hoa-Thanh Hoa,Thanh Hoa,26.69,26.69,26.69,91.0,29.95,10000.0,0.0,40.0,1.29,1.38,188.0,1000.0,0,802,Clouds,scattered clouds,03n
2025-07-27 18:50:23,Thanh Hoa-Thanh Hoa,Thanh Hoa,26.69,26.69,26.69,91.0,29.95,10000.0,0.0,40.0,1.29,1.38,188.0,1000.0,0,802,Clouds,scattered clouds,03n
2025-07-27 18:54:12,Thanh Hoa-Thanh Hoa,Thanh Hoa,26.69,26.69,26.69,91.0,29.95,10000.0,0.0,40.0,1.29,1.38,188.0,1000.0,0,802,Clouds,scattered clouds,03n
2025-07-27 18:58:01,Thanh Hoa-Thanh Hoa,Thanh Hoa,26.69,26.69,26.69,91.0,29.95,10000.0,0.0,25.0,1.26,1.47,146.0,1000.0,0,802,Clouds,scattered clouds,03n
2025-07-27 19:01:51,Thanh Hoa-Thanh Hoa,Thanh Hoa,26.69,26.69,26.69,91.0,29.95,10000.0,0.0,40.0,1.29,1.38,188.0,1000.0,0,802,Clouds,scattered clouds,03n
2025-07-27 19:05:39,Thanh Hoa-Thanh Hoa,Thanh Hoa,26.69,26.69,26.69,91.0,29.95,10000.0,0.0,25.0,1.26,1.47,146.0,1000.0,0,802,Clouds,scattered clouds,03n
2025-07-27 19:09:27,Thanh Hoa-Thanh Hoa,Thanh Hoa,26.69,26.69,26.69,91.0,29.95,10000.0,0.0,25.0,1.26,1.47,146.0,1000.0,0,802,Clouds,scattered clouds,03n
2025-07-27 19:13:13,Thanh Hoa-Thanh Hoa,Thanh Hoa,26.69,26.69,26.69,91.0,29.95,10000.0,0.0,25.0,1.26,1.47,146.0,1000.0,0,802,Clouds,scattered clouds,03n
2025-07-27 19:16:58,Thanh Hoa-Thanh Hoa,Thanh Hoa,26.69,26.69,26.69,91.0,29.95,10000.0,0.0,25.0,1.26,1.47,146.0,1000.0,0,802,Clouds,scattered clouds,03n
2025-07-27 19:20:44,Thanh Hoa-Thanh Hoa,Thanh Hoa,26.69,26.69,26.69,91.0,29.95,10000.0,0.0,25.0,1.26,1.47,146.0,1000.0,0,802,Clouds,scattered clouds,03n
2025-07-27 19:24:30,Thanh Hoa-Thanh Hoa,Thanh Hoa,26.69,26.69,26.69,91.0,29.95,10000.0,0.0,25.0,1.26,1.47,146.0,1000.0,0,802,Clouds,scattered clouds,03n
2025-07-27 19:28:16,Thanh Hoa-Thanh Hoa,Thanh Hoa,26.69,26.69,26.69,91.0,29.95,10000.0,0.0,25.0,1.26,1.47,146.0,1000.0,0,802,Clouds,scattered clouds,03n
2025-07-27 19:32:01,Thanh Hoa-Thanh Hoa,Thanh Hoa,26.69,26.69,26.69,91.0,29.95,10000.0,0.0,25.0,1.26,1.47,146.0,1000.0,0,802,Clouds,scattered clouds,03n
2025-07-27 19:35:48,Thanh Hoa-Thanh Hoa,Thanh Hoa,26.26,26.26,26.26,92.0,26.26,10000.0,0.0,92.0,0.93,0.95,162.0,1000.0,0,804,Clouds,overcast clouds,04n
2025-07-27 19:39:34,Thanh Hoa-Thanh Hoa,Thanh Hoa,26.5,26.5,26.5,91.0,26.5,10000.0,0.0,92.0,0.93,0.95,162.0,1001.0,0,804,Clouds,overcast clouds,04n
2025-07-27 19:43:19,Thanh Hoa-Thanh Hoa,Thanh Hoa,26.5,26.5,26.5,91.0,26.5,10000.0,0.0,92.0,0.93,0.95,162.0,1001.0,0,804,Clouds,overcast clouds,04n
2025-07-27 19:47:05,Thanh Hoa-Thanh Hoa,Thanh Hoa,26.5,26.5,26.5,91.0,26.5,10000.0,0.0,92.0,0.93,0.95,162.0,1001.0,0,804,Clouds,overcast clouds,04n
2025-07-27 19:50:51,Thanh Hoa-Thanh Hoa,Thanh Hoa,26.5,26.5,26.5,91.0,26.5,10000.0,0.0,92.0,0.93,0.95,162.0,1001.0,0,804,Clouds,overcast clouds,04n
2025-07-27 19:54:36,Thanh Hoa-Thanh Hoa,Thanh Hoa,26.5,26.5,26.5,91.0,26.5,10000.0,0.0,92.0,0.93,0.95,162.0,1001.0,0,804,Clouds,overcast clouds,04n
2025-07-27 19:58:22,Thanh Hoa-Thanh Hoa,Thanh Hoa,26.49,26.49,26.49,91.0,26.49,10000.0,0.0,92.0,0.93,0.95,162.0,1001.0,0,804,Clouds,overcast clouds,04n
2025-07-27 20:02:08,Thanh Hoa-Thanh Hoa,Thanh Hoa,26.52,26.52,26.52,91.0,26.52,10000.0,0.0,92.0,0.93,0.95,162.0,1001.0,0,804,Clouds,overcast clouds,04n
2025-07-27 20:05:54,Thanh Hoa-Thanh Hoa,Thanh Hoa,26.52,26.52,26.52,91.0,26.52,10000.0,0.0,92.0,0.93,0.95,162.0,1001.0,0,804,Clouds,overcast clouds,04n
2025-07-27 20:09:39,Thanh Hoa-Thanh Hoa,Thanh Hoa,26.52,26.52,26.52,91.0,26.52,10000.0,0.0,92.0,0.93,0.95,162.0,1001.0,0,804,Clouds,overcast clouds,04n
2025-07-27 20:13:25,Thanh Hoa-Thanh Hoa,Thanh Hoa,26.52,26.52,26.52,91.0,26.52,10000.0,0.0,92.0,0.93,0.95,162.0,1001.0,0,804,Clouds,overcast clouds,04n
2025-07-27 20:17:11,Thanh Hoa-Thanh Hoa,Thanh Hoa,26.52,26.52,26.52,91.0,26.52,10000.0,0.0,92.0,0.93,0.95,162.0,1001.0,0,804,Clouds,overcast clouds,04n
2025-07-27 20:20:57,Thanh Hoa-Thanh Hoa,Thanh Hoa,26.52,26.52,26.52,91.0,26.52,10000.0,0.0,92.0,0.93,0.95,162.0,1001.0,0,804,Clouds,overcast clouds,04n
2025-07-27 20:24:43,Thanh Hoa-Thanh Hoa,Thanh Hoa,26.52,26.52,26.52,91.0,26.52,10000.0,0.0,92.0,0.93,0.95,162.0,1001.0,0,804,Clouds,overcast clouds,04n
2025-07-27 20:28:28,Thanh Hoa-Thanh Hoa,Thanh Hoa,26.52,26.52,26.52,91.0,26.52,10000.0,0.0,92.0,0.93,0.95,162.0,1001.0,0,804,Clouds,overcast clouds,04n
2025-07-27 20:32:14,Thanh Hoa-Thanh Hoa,Thanh Hoa,26.52,26.52,26.52,91.0,26.52,10000.0,0.0,92.0,0.93,0.95,162.0,1001.0,0,804,Clouds,overcast clouds,04n
2025-07-27 20:35:59,Thanh Hoa-Thanh Hoa,Thanh Hoa,26.29,26.29,26.29,92.0,26.29,10000.0,0.0,96.0,1.03,1.04,217.0,1001.0,0,804,Clouds,overcast clouds,04n
2025-07-27 20:39:45,Thanh Hoa-Thanh Hoa,Thanh Hoa,26.29,26.29,26.29,92.0,26.29,10000.0,0.0,96.0,1.03,1.04,217.0,1001.0,0,804,Clouds,overcast clouds,04n
2025-07-27 20:43:31,Thanh Hoa-Thanh Hoa,Thanh Hoa,26.29,26.29,26.29,92.0,26.29,10000.0,0.0,96.0,1.03,1.04,217.0,1001.0,0,804,Clouds,overcast clouds,04n
2025-07-27 20:47:16,Thanh Hoa-Thanh Hoa,Thanh Hoa,26.29,26.29,26.29,92.0,26.29,10000.0,0.0,96.0,1.03,1.04,217.0,1001.0,0,804,Clouds,overcast clouds,04n
2025-07-27 20:51:02,Thanh Hoa-Thanh Hoa,Thanh Hoa,26.29,26.29,26.29,92.0,26.29,10000.0,0.0,96.0,1.03,1.04,217.0,1001.0,0,804,Clouds,overcast clouds,04n
2025-07-27 20:54:48,Thanh Hoa-Thanh Hoa,Thanh Hoa,26.29,26.29,26.29,92.0,26.29,10000.0,0.0,96.0,1.03,1.04,217.0,1001.0,0,804,Clouds,overcast clouds,04n
2025-07-27 20:58:34,Thanh Hoa-Thanh Hoa,Thanh Hoa,26.29,26.29,26.29,92.0,26.29,10000.0,0.0,96.0,1.03,1.04,217.0,1001.0,0,804,Clouds,overcast clouds,04n
2025-07-27 21:02:19,Thanh Hoa-Thanh Hoa,Thanh Hoa,26.29,26.29,26.29,92.0,26.29,10000.0,0.0,96.0,1.03,1.04,217.0,1001.0,0,804,Clouds,overcast clouds,04n
2025-07-27 21:06:05,Thanh Hoa-Thanh Hoa,Thanh Hoa,26.33,26.33,26.33,92.0,26.33,10000.0,0.0,96.0,1.03,1.04,217.0,1001.0,0,804,Clouds,overcast clouds,04n
2025-07-27 21:09:51,Thanh Hoa-Thanh Hoa,Thanh Hoa,26.33,26.33,26.33,92.0,26.33,10000.0,0.0,96.0,1.03,1.04,217.0,1001.0,0,804,Clouds,overcast clouds,04n
2025-07-27 21:13:37,Thanh Hoa-Thanh Hoa,Thanh Hoa,26.33,26.33,26.33,92.0,26.33,10000.0,0.0,96.0,1.03,1.04,217.0,1001.0,0,804,Clouds,overcast clouds,04n
2025-07-27 21:17:23,Thanh Hoa-Thanh Hoa,Thanh Hoa,26.33,26.33,26.33,92.0,26.33,10000.0,0.0,96.0,1.03,1.04,217.0,1001.0,0,804,Clouds,overcast clouds,04n
2025-07-27 21:21:09,Thanh Hoa-Thanh Hoa,Thanh Hoa,26.33,26.33,26.33,92.0,26.33,10000.0,0.0,96.0,1.03,1.04,217.0,1001.0,0,804,Clouds,overcast clouds,04n
2025-07-27 21:24:55,Thanh Hoa-Thanh Hoa,Thanh Hoa,26.33,26.33,26.33,92.0,26.33,10000.0,0.0,96.0,1.03,1.04,217.0,1001.0,0,804,Clouds,overcast clouds,04n
2025-07-27 21:28:40,Thanh Hoa-Thanh Hoa,Thanh Hoa,26.33,26.33,26.33,92.0,26.33,10000.0,0.0,96.0,1.03,1.04,217.0,1001.0,0,804,Clouds,overcast clouds,04n
2025-07-27 21:32:26,Thanh Hoa-Thanh Hoa,Thanh Hoa,26.33,26.33,26.33,92.0,26.33,10000.0,0.0,96.0,1.03,1.04,217.0,1001.0,0,804,Clouds,overcast clouds,04n
2025-07-27 21:36:12,Thanh Hoa-Thanh Hoa,Thanh Hoa,26.09,26.09,26.09,93.0,26.09,10000.0,0.0,97.0,1.03,1.05,263.0,1002.0,0,804,Clouds,overcast clouds,04n
2025-07-27 21:39:58,Thanh Hoa-Thanh Hoa,Thanh Hoa,26.09,26.09,26.09,93.0,26.09,10000.0,0.0,97.0,1.03,1.05,263.0,1002.0,0,804,Clouds,overcast clouds,04n
2025-07-27 21:43:43,Thanh Hoa-Thanh Hoa,Thanh Hoa,26.09,26.09,26.09,93.0,26.09,10000.0,0.0,97.0,1.03,1.05,263.0,1002.0,0,804,Clouds,overcast clouds,04n
2025-07-27 21:47:29,Thanh Hoa-Thanh Hoa,Thanh Hoa,26.09,26.09,26.09,93.0,26.09,10000.0,0.0,97.0,1.03,1.05,263.0,1002.0,0,804,Clouds,overcast clouds,04n
2025-07-27 21:51:14,Thanh Hoa-Thanh Hoa,Thanh Hoa,26.08,26.08,26.08,93.0,26.08,10000.0,0.0,97.0,1.03,1.05,263.0,1002.0,0,804,Clouds,overcast clouds,04n
2025-07-27 21:55:00,Thanh Hoa-Thanh Hoa,Thanh Hoa,26.08,26.08,26.08,93.0,26.08,10000.0,0.0,97.0,1.03,1.05,263.0,1002.0,0,804,Clouds,overcast clouds,04n
2025-07-27 21:58:46,Thanh Hoa-Thanh Hoa,Thanh Hoa,26.08,26.08,26.08,93.0,26.08,10000.0,0.0,97.0,1.03,1.05,263.0,1002.0,0,804,Clouds,overcast clouds,04n
2025-07-27 22:02:31,Thanh Hoa-Thanh Hoa,Thanh Hoa,26.08,26.08,26.08,93.0,26.08,10000.0,0.0,97.0,1.03,1.05,263.0,1002.0,0,804,Clouds,overcast clouds,04n
2025-07-27 22:06:17,Thanh Hoa-Thanh Hoa,Thanh Hoa,26.13,26.13,26.13,93.0,26.13,10000.0,0.0,97.0,1.03,1.05,263.0,1002.0,0,804,Clouds,overcast clouds,04n
2025-07-27 22:10:03,Thanh Hoa-Thanh Hoa,Thanh Hoa,26.13,26.13,26.13,93.0,26.13,10000.0,0.0,97.0,1.03,1.05,263.0,1002.0,0,804,Clouds,overcast clouds,04n
2025-07-27 22:13:49,Thanh Hoa-Thanh Hoa,Thanh Hoa,26.13,26.13,26.13,93.0,26.13,10000.0,0.0,97.0,1.03,1.05,263.0,1002.0,0,804,Clouds,overcast clouds,04n
2025-07-27 22:17:35,Thanh Hoa-Thanh Hoa,Thanh Hoa,26.13,26.13,26.13,93.0,26.13,10000.0,0.0,97.0,1.03,1.05,263.0,1002.0,0,804,Clouds,overcast clouds,04n
2025-07-27 22:21:20,Thanh Hoa-Thanh Hoa,Thanh Hoa,26.13,26.13,26.13,93.0,26.13,10000.0,0.0,97.0,1.03,1.05,263.0,1002.0,0,804,Clouds,overcast clouds,04n
2025-07-27 22:25:06,Thanh Hoa-Thanh Hoa,Thanh Hoa,26.13,26.13,26.13,93.0,26.13,10000.0,0.0,97.0,1.03,1.05,263.0,1002.0,0,804,Clouds,overcast clouds,04n
2025-07-27 22:28:52,Thanh Hoa-Thanh Hoa,Thanh Hoa,26.13,26.13,26.13,93.0,26.13,10000.0,0.0,97.0,1.03,1.05,263.0,1002.0,0,804,Clouds,overcast clouds,04n
2025-07-27 22:32:38,Thanh Hoa-Thanh Hoa,Thanh Hoa,25.9,25.9,25.9,93.0,26.97,10000.0,0.0,98.0,1.04,1.04,301.0,1001.0,0,804,Clouds,overcast clouds,04n
2025-07-27 22:36:24,Thanh Hoa-Thanh Hoa,Thanh Hoa,25.9,25.9,25.9,93.0,26.97,10000.0,0.0,98.0,1.04,1.04,301.0,1001.0,0,804,Clouds,overcast clouds,04n
2025-07-27 22:40:10,Thanh Hoa-Thanh Hoa,Thanh Hoa,25.9,25.9,25.9,93.0,26.97,10000.0,0.0,98.0,1.04,1.04,301.0,1001.0,0,804,Clouds,overcast clouds,04n
2025-07-27 22:43:56,Thanh Hoa-Thanh Hoa,Thanh Hoa,25.9,25.9,25.9,93.0,26.97,10000.0,0.0,98.0,1.04,1.04,301.0,1001.0,0,804,Clouds,overcast clouds,04n
2025-07-27 22:47:41,Thanh Hoa-Thanh Hoa,Thanh Hoa,25.9,25.9,25.9,93.0,26.97,10000.0,0.0,98.0,1.04,1.04,301.0,1001.0,0,804,Clouds,overcast clouds,04n
2025-07-27 22:51:27,Thanh Hoa-Thanh Hoa,Thanh Hoa,25.9,25.9,25.9,93.0,26.97,10000.0,0.0,98.0,1.04,1.04,301.0,1001.0,0,804,Clouds,overcast clouds,04n
2025-07-27 22:55:13,Thanh Hoa-Thanh Hoa,Thanh Hoa,25.9,25.9,25.9,93.0,26.97,10000.0,0.0,98.0,1.04,1.04,301.0,1001.0,0,804,Clouds,overcast clouds,04n
2025-07-27 22:58:59,Thanh Hoa-Thanh Hoa,Thanh Hoa,25.9,25.9,25.9,93.0,26.97,10000.0,0.0,98.0,1.04,1.04,301.0,1001.0,0,804,Clouds,overcast clouds,04n
2025-07-27 23:02:44,Thanh Hoa-Thanh Hoa,Thanh Hoa,25.9,25.9,25.9,93.0,26.97,10000.0,0.0,98.0,1.04,1.04,301.0,1001.0,0,804,Clouds,overcast clouds,04n
2025-07-27 23:06:30,Thanh Hoa-Thanh Hoa,Thanh Hoa,25.94,25.94,25.94,93.0,27.02,10000.0,0.0,98.0,1.04,1.04,301.0,1001.0,0,804,Clouds,overcast clouds,04n
2025-07-27 23:10:17,Thanh Hoa-Thanh Hoa,Thanh Hoa,25.94,25.94,25.94,93.0,27.02,10000.0,0.0,98.0,1.04,1.04,301.0,1001.0,0,804,Clouds,overcast clouds,04n
2025-07-27 23:14:03,Thanh Hoa-Thanh Hoa,Thanh Hoa,25.94,25.94,25.94,93.0,27.02,10000.0,0.0,98.0,1.04,1.04,301.0,1001.0,0,804,Clouds,overcast clouds,04n
2025-07-27 23:17:49,Thanh Hoa-Thanh Hoa,Thanh Hoa,25.94,25.94,25.94,93.0,27.02,10000.0,0.0,98.0,1.04,1.04,301.0,1001.0,0,804,Clouds,overcast clouds,04n
2025-07-27 23:21:35,Thanh Hoa-Thanh Hoa,Thanh Hoa,25.94,25.94,25.94,93.0,27.02,10000.0,0.0,98.0,1.04,1.04,301.0,1001.0,0,804,Clouds,overcast clouds,04n
2025-07-27 23:25:20,Thanh Hoa-Thanh Hoa,Thanh Hoa,25.94,25.94,25.94,93.0,27.02,10000.0,0.0,98.0,1.04,1.04,301.0,1001.0,0,804,Clouds,overcast clouds,04n
2025-07-27 23:29:06,Thanh Hoa-Thanh Hoa,Thanh Hoa,25.94,25.94,25.94,93.0,27.02,10000.0,0.0,98.0,1.04,1.04,301.0,1001.0,0,804,Clouds,overcast clouds,04n
2025-07-27 23:32:52,Thanh Hoa-Thanh Hoa,Thanh Hoa,25.48,25.48,25.48,94.0,26.54,10000.0,0.0,97.0,1.54,1.67,281.0,1001.0,0,804,Clouds,overcast clouds,04n
2025-07-27 23:36:38,Thanh Hoa-Thanh Hoa,Thanh Hoa,25.48,25.48,25.48,94.0,26.54,10000.0,0.0,97.0,1.54,1.67,281.0,1001.0,0,804,Clouds,overcast clouds,04n
2025-07-27 23:40:23,Thanh Hoa-Thanh Hoa,Thanh Hoa,25.48,25.48,25.48,94.0,26.54,10000.0,0.0,97.0,1.54,1.67,281.0,1001.0,0,804,Clouds,overcast clouds,04n
2025-07-27 23:44:09,Thanh Hoa-Thanh Hoa,Thanh Hoa,25.48,25.48,25.48,94.0,26.54,10000.0,0.0,97.0,1.54,1.67,281.0,1001.0,0,804,Clouds,overcast clouds,04n
2025-07-27 23:47:55,Thanh Hoa-Thanh Hoa,Thanh Hoa,25.48,25.48,25.48,94.0,26.54,10000.0,0.0,97.0,1.54,1.67,281.0,1001.0,0,804,Clouds,overcast clouds,04n
2025-07-27 23:51:40,Thanh Hoa-Thanh Hoa,Thanh Hoa,25.48,25.48,25.48,94.0,26.54,10000.0,0.0,97.0,1.54,1.67,281.0,1001.0,0,804,Clouds,overcast clouds,04n
2025-07-27 23:55:26,Thanh Hoa-Thanh Hoa,Thanh Hoa,25.48,25.48,25.48,94.0,26.54,10000.0,0.0,97.0,1.54,1.67,281.0,1001.0,0,804,Clouds,overcast clouds,04n
2025-07-27 23:59:12,Thanh Hoa-Thanh Hoa,Thanh Hoa,25.48,25.48,25.48,94.0,26.54,10000.0,0.0,97.0,1.54,1.67,281.0,1001.0,0,804,Clouds,overcast clouds,04n
2025-07-28 00:02:57,Thanh Hoa-Thanh Hoa,Thanh Hoa,25.48,25.48,25.48,94.0,26.54,10000.0,0.0,97.0,1.54,1.67,281.0,1001.0,0,804,Clouds,overcast clouds,04n
2025-07-28 00:06:43,Thanh Hoa-Thanh Hoa,Thanh Hoa,25.51,25.51,25.51,94.0,26.57,10000.0,0.0,97.0,1.54,1.67,281.0,1001.0,0,804,Clouds,overcast clouds,04n
2025-07-28 00:10:29,Thanh Hoa-Thanh Hoa,Thanh Hoa,25.51,25.51,25.51,94.0,26.57,10000.0,0.0,97.0,1.54,1.67,281.0,1001.0,0,804,Clouds,overcast clouds,04n
2025-07-28 00:14:15,Thanh Hoa-Thanh Hoa,Thanh Hoa,25.51,25.51,25.51,94.0,26.57,10000.0,0.0,97.0,1.54,1.67,281.0,1001.0,0,804,Clouds,overcast clouds,04n
2025-07-28 00:18:01,Thanh Hoa-Thanh Hoa,Thanh Hoa,25.51,25.51,25.51,94.0,26.57,10000.0,0.0,97.0,1.54,1.67,281.0,1001.0,0,804,Clouds,overcast clouds,04n
2025-07-28 00:21:47,Thanh Hoa-Thanh Hoa,Thanh Hoa,25.51,25.51,25.51,94.0,26.57,10000.0,0.0,97.0,1.54,1.67,281.0,1001.0,0,804,Clouds,overcast clouds,04n
2025-07-28 00:25:33,Thanh Hoa-Thanh Hoa,Thanh Hoa,25.51,25.51,25.51,94.0,26.57,10000.0,0.0,97.0,1.54,1.67,281.0,1001.0,0,804,Clouds,overcast clouds,04n
2025-07-28 00:29:19,Thanh Hoa-Thanh Hoa,Thanh Hoa,25.51,25.51,25.51,94.0,26.57,10000.0,0.0,97.0,1.54,1.67,281.0,1001.0,0,804,Clouds,overcast clouds,04n
2025-07-28 00:33:05,Thanh Hoa-Thanh Hoa,Thanh Hoa,25.31,25.31,25.31,95.0,26.38,10000.0,0.0,93.0,1.24,1.44,292.0,1000.0,0,804,Clouds,overcast clouds,04n
2025-07-28 00:36:51,Thanh Hoa-Thanh Hoa,Thanh Hoa,25.31,25.31,25.31,95.0,26.38,10000.0,0.0,93.0,1.24,1.44,292.0,1000.0,0,804,Clouds,overcast clouds,04n
2025-07-28 00:40:37,Thanh Hoa-Thanh Hoa,Thanh Hoa,25.31,25.31,25.31,95.0,26.38,10000.0,0.0,93.0,1.24,1.44,292.0,1000.0,0,804,Clouds,overcast clouds,04n
2025-07-28 00:44:23,Thanh Hoa-Thanh Hoa,Thanh Hoa,25.31,25.31,25.31,95.0,26.38,10000.0,0.0,93.0,1.24,1.44,292.0,1000.0,0,804,Clouds,overcast clouds,04n
2025-07-28 00:48:08,Thanh Hoa-Thanh Hoa,Thanh Hoa,25.31,25.31,25.31,95.0,26.38,10000.0,0.0,93.0,1.24,1.44,292.0,1000.0,0,804,Clouds,overcast clouds,04n
2025-07-28 00:51:54,Thanh Hoa-Thanh Hoa,Thanh Hoa,25.3,25.3,25.3,95.0,26.37,10000.0,0.0,93.0,1.24,1.44,292.0,1000.0,0,804,Clouds,overcast clouds,04n
2025-07-28 00:55:40,Thanh Hoa-Thanh Hoa,Thanh Hoa,25.3,25.3,25.3,95.0,26.37,10000.0,0.0,93.0,1.24,1.44,292.0,1000.0,0,804,Clouds,overcast clouds,04n
2025-07-28 00:59:25,Thanh Hoa-Thanh Hoa,Thanh Hoa,25.3,25.3,25.3,95.0,26.37,10000.0,0.0,93.0,1.24,1.44,292.0,1000.0,0,804,Clouds,overcast clouds,04n
2025-07-28 01:03:11,Thanh Hoa-Thanh Hoa,Thanh Hoa,25.34,25.34,25.34,95.0,26.41,10000.0,0.0,93.0,1.24,1.44,292.0,1000.0,0,804,Clouds,overcast clouds,04n
2025-07-28 01:06:57,Thanh Hoa-Thanh Hoa,Thanh Hoa,25.34,25.34,25.34,95.0,26.41,10000.0,0.0,93.0,1.24,1.44,292.0,1000.0,0,804,Clouds,overcast clouds,04n
2025-07-28 01:10:42,Thanh Hoa-Thanh Hoa,Thanh Hoa,25.34,25.34,25.34,95.0,26.41,10000.0,0.0,93.0,1.24,1.44,292.0,1000.0,0,804,Clouds,overcast clouds,04n
2025-07-28 01:14:28,Thanh Hoa-Thanh Hoa,Thanh Hoa,25.34,25.34,25.34,95.0,26.41,10000.0,0.0,93.0,1.24,1.44,292.0,1000.0,0,804,Clouds,overcast clouds,04n
2025-07-28 01:18:14,Thanh Hoa-Thanh Hoa,Thanh Hoa,25.3,25.3,25.3,95.0,26.37,10000.0,0.0,93.0,1.24,1.44,292.0,1000.0,0,804,Clouds,overcast clouds,04n
2025-07-28 01:21:59,Thanh Hoa-Thanh Hoa,Thanh Hoa,25.34,25.34,25.34,95.0,26.41,10000.0,0.0,93.0,1.24,1.44,292.0,1000.0,0,804,Clouds,overcast clouds,04n
2025-07-28 01:25:45,Thanh Hoa-Thanh Hoa,Thanh Hoa,25.3,25.3,25.3,95.0,26.37,10000.0,0.0,93.0,1.24,1.44,292.0,1000.0,0,804,Clouds,overcast clouds,04n
2025-07-28 01:29:31,Thanh Hoa-Thanh Hoa,Thanh Hoa,25.3,25.3,25.3,95.0,26.37,10000.0,0.0,93.0,1.24,1.44,292.0,1000.0,0,804,Clouds,overcast clouds,04n
2025-07-28 01:33:17,Thanh Hoa-Thanh Hoa,Thanh Hoa,25.3,25.3,25.3,95.0,26.37,10000.0,0.0,93.0,1.24,1.44,292.0,1000.0,0,804,Clouds,overcast clouds,04n
2025-07-28 01:37:03,Thanh Hoa-Thanh Hoa,Thanh Hoa,25.25,25.25,25.25,95.0,26.31,10000.0,0.0,18.0,1.18,1.28,294.0,1000.0,0,801,Clouds,few clouds,02n
2025-07-28 01:40:49,Thanh Hoa-Thanh Hoa,Thanh Hoa,25.25,25.25,25.25,95.0,26.31,10000.0,0.0,18.0,1.18,1.28,294.0,1000.0,0,801,Clouds,few clouds,02n
2025-07-28 01:44:35,Thanh Hoa-Thanh Hoa,Thanh Hoa,25.25,25.25,25.25,95.0,26.31,10000.0,0.0,18.0,1.18,1.28,294.0,1000.0,0,801,Clouds,few clouds,02n
2025-07-28 01:48:21,Thanh Hoa-Thanh Hoa,Thanh Hoa,25.25,25.25,25.25,95.0,26.31,10000.0,0.0,18.0,1.18,1.28,294.0,1000.0,0,801,Clouds,few clouds,02n
2025-07-28 01:52:06,Thanh Hoa-Thanh Hoa,Thanh Hoa,25.25,25.25,25.25,95.0,26.31,10000.0,0.0,18.0,1.18,1.28,294.0,1000.0,0,801,Clouds,few clouds,02n
2025-07-28 01:55:53,Thanh Hoa-Thanh Hoa,Thanh Hoa,25.25,25.25,25.25,95.0,26.31,10000.0,0.0,18.0,1.18,1.28,294.0,1000.0,0,801,Clouds,few clouds,02n
2025-07-28 01:59:38,Thanh Hoa-Thanh Hoa,Thanh Hoa,25.25,25.25,25.25,95.0,26.31,10000.0,0.0,18.0,1.18,1.28,294.0,1000.0,0,801,Clouds,few clouds,02n
2025-07-28 02:03:24,Thanh Hoa-Thanh Hoa,Thanh Hoa,25.25,25.25,25.25,95.0,26.31,10000.0,0.0,18.0,1.18,1.28,294.0,1000.0,0,801,Clouds,few clouds,02n
2025-07-28 02:07:10,Thanh Hoa-Thanh Hoa,Thanh Hoa,25.25,25.25,25.25,95.0,26.31,10000.0,0.0,18.0,1.18,1.28,294.0,1000.0,0,801,Clouds,few clouds,02n
2025-07-28 02:10:57,Thanh Hoa-Thanh Hoa,Thanh Hoa,25.25,25.25,25.25,95.0,26.31,10000.0,0.0,18.0,1.18,1.28,294.0,1000.0,0,801,Clouds,few clouds,02n
2025-07-28 02:14:43,Thanh Hoa-Thanh Hoa,Thanh Hoa,25.43,25.43,25.43,96.0,26.54,10000.0,0.0,18.0,1.18,1.28,294.0,1000.0,0,801,Clouds,few clouds,02n
2025-07-28 02:18:29,Thanh Hoa-Thanh Hoa,Thanh Hoa,25.43,25.43,25.43,96.0,26.54,10000.0,0.0,18.0,1.18,1.28,294.0,1000.0,0,801,Clouds,few clouds,02n
2025-07-28 02:22:14,Thanh Hoa-Thanh Hoa,Thanh Hoa,25.43,25.43,25.43,96.0,26.54,10000.0,0.0,18.0,1.18,1.28,294.0,1000.0,0,801,Clouds,few clouds,02n
2025-07-28 02:26:00,Thanh Hoa-Thanh Hoa,Thanh Hoa,25.43,25.43,25.43,96.0,26.54,10000.0,0.0,18.0,1.18,1.28,294.0,1000.0,0,801,Clouds,few clouds,02n
2025-07-28 02:29:46,Thanh Hoa-Thanh Hoa,Thanh Hoa,25.43,25.43,25.43,96.0,26.54,10000.0,0.0,18.0,1.18,1.28,294.0,1000.0,0,801,Clouds,few clouds,02n
2025-07-28 02:33:31,Thanh Hoa-Thanh Hoa,Thanh Hoa,25.25,25.25,25.25,96.0,26.34,10000.0,0.0,40.0,1.21,1.4,288.0,999.0,0,802,Clouds,scattered clouds,03n
2025-07-28 02:37:18,Thanh Hoa-Thanh Hoa,Thanh Hoa,25.25,25.25,25.25,96.0,26.34,10000.0,0.0,40.0,1.21,1.4,288.0,999.0,0,802,Clouds,scattered clouds,03n
2025-07-28 02:41:04,Thanh Hoa-Thanh Hoa,Thanh Hoa,25.25,25.25,25.25,96.0,26.34,10000.0,0.0,40.0,1.21,1.4,288.0,999.0,0,802,Clouds,scattered clouds,03n
2025-07-28 02:44:50,Thanh Hoa-Thanh Hoa,Thanh Hoa,25.25,25.25,25.25,96.0,26.34,10000.0,0.0,40.0,1.21,1.4,288.0,999.0,0,802,Clouds,scattered clouds,03n
2025-07-28 02:48:36,Thanh Hoa-Thanh Hoa,Thanh Hoa,25.25,25.25,25.25,96.0,26.34,10000.0,0.0,40.0,1.21,1.4,288.0,999.0,0,802,Clouds,scattered clouds,03n
2025-07-28 02:52:21,Thanh Hoa-Thanh Hoa,Thanh Hoa,25.25,25.25,25.25,96.0,26.34,10000.0,0.0,40.0,1.21,1.4,288.0,999.0,0,802,Clouds,scattered clouds,03n
2025-07-28 02:56:07,Thanh Hoa-Thanh Hoa,Thanh Hoa,25.25,25.25,25.25,96.0,26.34,10000.0,0.0,40.0,1.21,1.4,288.0,999.0,0,802,Clouds,scattered clouds,03n
2025-07-28 02:59:53,Thanh Hoa-Thanh Hoa,Thanh Hoa,25.25,25.25,25.25,96.0,26.34,10000.0,0.0,40.0,1.21,1.4,288.0,999.0,0,802,Clouds,scattered clouds,03n
2025-07-28 03:03:38,Thanh Hoa-Thanh Hoa,Thanh Hoa,25.25,25.25,25.25,96.0,26.34,10000.0,0.0,40.0,1.21,1.4,288.0,999.0,0,802,Clouds,scattered clouds,03n
2025-07-28 03:07:25,Thanh Hoa-Thanh Hoa,Thanh Hoa,25.29,25.29,25.29,96.0,26.38,10000.0,0.0,40.0,1.21,1.4,288.0,999.0,0,802,Clouds,scattered clouds,03n
2025-07-28 03:11:13,Thanh Hoa-Thanh Hoa,Thanh Hoa,25.29,25.29,25.29,96.0,26.38,10000.0,0.0,40.0,1.21,1.4,288.0,999.0,0,802,Clouds,scattered clouds,03n
2025-07-28 03:14:59,Thanh Hoa-Thanh Hoa,Thanh Hoa,25.29,25.29,25.29,96.0,26.38,10000.0,0.0,40.0,1.21,1.4,288.0,999.0,0,802,Clouds,scattered clouds,03n
2025-07-28 03:18:45,Thanh Hoa-Thanh Hoa,Thanh Hoa,25.29,25.29,25.29,96.0,26.38,10000.0,0.0,40.0,1.21,1.4,288.0,999.0,0,802,Clouds,scattered clouds,03n
2025-07-28 03:22:30,Thanh Hoa-Thanh Hoa,Thanh Hoa,25.29,25.29,25.29,96.0,26.38,10000.0,0.0,40.0,1.21,1.4,288.0,999.0,0,802,Clouds,scattered clouds,03n
2025-07-28 03:26:16,Thanh Hoa-Thanh Hoa,Thanh Hoa,25.29,25.29,25.29,96.0,26.38,10000.0,0.0,40.0,1.21,1.4,288.0,999.0,0,802,Clouds,scattered clouds,03n
2025-07-28 03:30:02,Thanh Hoa-Thanh Hoa,Thanh Hoa,25.12,25.12,25.12,96.0,26.19,10000.0,0.0,52.0,1.01,1.06,279.0,999.0,0,803,Clouds,broken clouds,04n
2025-07-28 03:33:48,Thanh Hoa-Thanh Hoa,Thanh Hoa,25.29,25.29,25.29,96.0,26.38,10000.0,0.0,40.0,1.21,1.4,288.0,999.0,0,802,Clouds,scattered clouds,03n
2025-07-28 03:37:34,Thanh Hoa-Thanh Hoa,Thanh Hoa,25.11,25.11,25.11,96.0,26.18,10000.0,0.0,52.0,1.01,1.06,279.0,999.0,0,803,Clouds,broken clouds,04n
2025-07-28 03:41:21,Thanh Hoa-Thanh Hoa,Thanh Hoa,25.11,25.11,25.11,96.0,26.18,10000.0,0.0,52.0,1.01,1.06,279.0,999.0,0,803,Clouds,broken clouds,04n
2025-07-28 03:45:08,Thanh Hoa-Thanh Hoa,Thanh Hoa,25.11,25.11,25.11,96.0,26.18,10000.0,0.0,52.0,1.01,1.06,279.0,999.0,0,803,Clouds,broken clouds,04n
2025-07-28 03:48:54,Thanh Hoa-Thanh Hoa,Thanh Hoa,25.11,25.11,25.11,96.0,26.18,10000.0,0.0,52.0,1.01,1.06,279.0,999.0,0,803,Clouds,broken clouds,04n
2025-07-28 03:52:39,Thanh Hoa-Thanh Hoa,Thanh Hoa,25.11,25.11,25.11,96.0,26.18,10000.0,0.0,52.0,1.01,1.06,279.0,999.0,0,803,Clouds,broken clouds,04n
2025-07-28 03:56:25,Thanh Hoa-Thanh Hoa,Thanh Hoa,25.11,25.11,25.11,96.0,26.18,10000.0,0.0,52.0,1.01,1.06,279.0,999.0,0,803,Clouds,broken clouds,04n
2025-07-28 04:00:11,Thanh Hoa-Thanh Hoa,Thanh Hoa,25.11,25.11,25.11,96.0,26.18,10000.0,0.0,52.0,1.01,1.06,279.0,999.0,0,803,Clouds,broken clouds,04n
2025-07-28 04:03:57,Thanh Hoa-Thanh Hoa,Thanh Hoa,25.14,25.14,25.14,96.0,26.22,10000.0,0.0,52.0,1.01,1.06,279.0,999.0,0,803,Clouds,broken clouds,04n
2025-07-28 04:07:42,Thanh Hoa-Thanh Hoa,Thanh Hoa,25.14,25.14,25.14,96.0,26.22,10000.0,0.0,52.0,1.01,1.06,279.0,999.0,0,803,Clouds,broken clouds,04n
2025-07-28 04:11:28,Thanh Hoa-Thanh Hoa,Thanh Hoa,25.14,25.14,25.14,96.0,26.22,10000.0,0.0,52.0,1.01,1.06,279.0,999.0,0,803,Clouds,broken clouds,04n
2025-07-28 04:15:15,Thanh Hoa-Thanh Hoa,Thanh Hoa,25.14,25.14,25.14,96.0,26.22,10000.0,0.0,52.0,1.01,1.06,279.0,999.0,0,803,Clouds,broken clouds,04n
2025-07-28 04:19:01,Thanh Hoa-Thanh Hoa,Thanh Hoa,25.14,25.14,25.14,96.0,26.22,10000.0,0.0,52.0,1.01,1.06,279.0,999.0,0,803,Clouds,broken clouds,04n
2025-07-28 04:22:47,Thanh Hoa-Thanh Hoa,Thanh Hoa,25.14,25.14,25.14,96.0,26.22,10000.0,0.0,52.0,1.01,1.06,279.0,999.0,0,803,Clouds,broken clouds,04n
2025-07-28 04:26:32,Thanh Hoa-Thanh Hoa,Thanh Hoa,25.14,25.14,25.14,96.0,26.22,10000.0,0.0,52.0,1.01,1.06,279.0,999.0,0,803,Clouds,broken clouds,04n
2025-07-28 04:30:18,Thanh Hoa-Thanh Hoa,Thanh Hoa,25.04,25.04,25.04,97.0,26.13,10000.0,0.0,65.0,1.41,1.65,269.0,999.0,0,803,Clouds,broken clouds,04n
2025-07-28 04:34:04,Thanh Hoa-Thanh Hoa,Thanh Hoa,25.01,25.01,25.01,97.0,26.1,10000.0,0.0,65.0,1.41,1.65,269.0,999.0,0,803,Clouds,broken clouds,04n
2025-07-28 04:37:50,Thanh Hoa-Thanh Hoa,Thanh Hoa,25.01,25.01,25.01,97.0,26.1,10000.0,0.0,65.0,1.41,1.65,269.0,999.0,0,803,Clouds,broken clouds,04n
2025-07-28 04:41:36,Thanh Hoa-Thanh Hoa,Thanh Hoa,25.01,25.01,25.01,97.0,26.1,10000.0,0.0,65.0,1.41,1.65,269.0,999.0,0,803,Clouds,broken clouds,04n
2025-07-28 04:45:22,Thanh Hoa-Thanh Hoa,Thanh Hoa,25.01,25.01,25.01,97.0,26.1,10000.0,0.0,65.0,1.41,1.65,269.0,999.0,0,803,Clouds,broken clouds,04n
2025-07-28 04:49:08,Thanh Hoa-Thanh Hoa,Thanh Hoa,25.0,25.0,25.0,97.0,26.09,10000.0,0.0,65.0,1.41,1.65,269.0,999.0,0,803,Clouds,broken clouds,04n
2025-07-28 04:52:54,Thanh Hoa-Thanh Hoa,Thanh Hoa,25.01,25.01,25.01,97.0,26.1,10000.0,0.0,65.0,1.41,1.65,269.0,999.0,0,803,Clouds,broken clouds,04n
2025-07-28 04:56:39,Thanh Hoa-Thanh Hoa,Thanh Hoa,25.0,25.0,25.0,97.0,26.09,10000.0,0.0,65.0,1.41,1.65,269.0,999.0,0,803,Clouds,broken clouds,04n
2025-07-28 05:00:25,Thanh Hoa-Thanh Hoa,Thanh Hoa,25.0,25.0,25.0,97.0,26.09,10000.0,0.0,65.0,1.41,1.65,269.0,999.0,0,803,Clouds,broken clouds,04n
2025-07-28 05:04:10,Thanh Hoa-Thanh Hoa,Thanh Hoa,25.0,25.0,25.0,97.0,26.09,10000.0,0.0,65.0,1.41,1.65,269.0,999.0,0,803,Clouds,broken clouds,04n
2025-07-28 05:07:56,Thanh Hoa-Thanh Hoa,Thanh Hoa,25.03,25.03,25.03,97.0,26.12,10000.0,0.0,65.0,1.41,1.65,269.0,999.0,0,803,Clouds,broken clouds,04n
2025-07-28 05:11:42,Thanh Hoa-Thanh Hoa,Thanh Hoa,25.03,25.03,25.03,97.0,26.12,10000.0,0.0,65.0,1.41,1.65,269.0,999.0,0,803,Clouds,broken clouds,04n
2025-07-28 05:15:27,Thanh Hoa-Thanh Hoa,Thanh Hoa,25.03,25.03,25.03,97.0,26.12,10000.0,0.0,65.0,1.41,1.65,269.0,999.0,0,803,Clouds,broken clouds,04n
2025-07-28 05:19:13,Thanh Hoa-Thanh Hoa,Thanh Hoa,25.03,25.03,25.03,97.0,26.12,10000.0,0.0,65.0,1.41,1.65,269.0,999.0,0,803,Clouds,broken clouds,04n
2025-07-28 05:22:59,Thanh Hoa-Thanh Hoa,Thanh Hoa,25.03,25.03,25.03,97.0,26.12,10000.0,0.0,65.0,1.41,1.65,269.0,999.0,0,803,Clouds,broken clouds,04n
2025-07-28 05:26:45,Thanh Hoa-Thanh Hoa,Thanh Hoa,25.03,25.03,25.03,97.0,26.12,10000.0,0.0,65.0,1.41,1.65,269.0,999.0,0,803,Clouds,broken clouds,04n
2025-07-28 05:30:31,Thanh Hoa-Thanh Hoa,Thanh Hoa,25.03,25.03,25.03,97.0,26.12,10000.0,0.0,65.0,1.41,1.65,269.0,999.0,0,803,Clouds,broken clouds,04n
2025-07-28 05:34:17,Thanh Hoa-Thanh Hoa,Thanh Hoa,25.2,25.2,25.2,96.0,26.28,10000.0,0.0,63.0,1.33,1.66,259.0,999.0,1,803,Clouds,broken clouds,04d
2025-07-28 05:38:03,Thanh Hoa-Thanh Hoa,Thanh Hoa,25.2,25.2,25.2,96.0,26.28,10000.0,0.0,63.0,1.33,1.66,259.0,999.0,1,803,Clouds,broken clouds,04d
2025-07-28 05:41:48,Thanh Hoa-Thanh Hoa,Thanh Hoa,25.2,25.2,25.2,96.0,26.28,10000.0,0.0,63.0,1.33,1.66,259.0,999.0,1,803,Clouds,broken clouds,04d
2025-07-28 05:45:34,Thanh Hoa-Thanh Hoa,Thanh Hoa,25.2,25.2,25.2,96.0,26.28,10000.0,0.0,63.0,1.33,1.66,259.0,999.0,1,803,Clouds,broken clouds,04d
2025-07-28 05:49:19,Thanh Hoa-Thanh Hoa,Thanh Hoa,25.2,25.2,25.2,96.0,26.28,10000.0,0.0,63.0,1.33,1.66,259.0,999.0,1,803,Clouds,broken clouds,04d
2025-07-28 05:53:06,Thanh Hoa-Thanh Hoa,Thanh Hoa,25.2,25.2,25.2,96.0,26.28,10000.0,0.0,63.0,1.33,1.66,259.0,999.0,1,803,Clouds,broken clouds,04d
2025-07-28 05:56:51,Thanh Hoa-Thanh Hoa,Thanh Hoa,25.2,25.2,25.2,96.0,26.28,10000.0,0.0,63.0,1.33,1.66,259.0,999.0,1,803,Clouds,broken clouds,04d
2025-07-28 06:00:37,Thanh Hoa-Thanh Hoa,Thanh Hoa,25.2,25.2,25.2,96.0,26.28,10000.0,0.0,63.0,1.33,1.66,259.0,999.0,1,803,Clouds,broken clouds,04d
2025-07-28 06:04:23,Thanh Hoa-Thanh Hoa,Thanh Hoa,25.2,25.2,25.2,96.0,26.28,10000.0,0.0,63.0,1.33,1.66,259.0,999.0,1,803,Clouds,broken clouds,04d
2025-07-28 06:08:09,Thanh Hoa-Thanh Hoa,Thanh Hoa,25.22,25.22,25.22,96.0,26.3,10000.0,0.0,63.0,1.33,1.66,259.0,999.0,1,803,Clouds,broken clouds,04d
2025-07-28 06:11:54,Thanh Hoa-Thanh Hoa,Thanh Hoa,25.22,25.22,25.22,96.0,26.3,10000.0,0.0,63.0,1.33,1.66,259.0,999.0,1,803,Clouds,broken clouds,04d
2025-07-28 06:15:40,Thanh Hoa-Thanh Hoa,Thanh Hoa,25.22,25.22,25.22,96.0,26.3,10000.0,0.0,63.0,1.33,1.66,259.0,999.0,1,803,Clouds,broken clouds,04d
2025-07-28 06:19:27,Thanh Hoa-Thanh Hoa,Thanh Hoa,25.21,25.21,25.21,96.0,26.29,10000.0,0.0,63.0,1.33,1.66,259.0,999.0,1,803,Clouds,broken clouds,04d
2025-07-28 06:23:13,Thanh Hoa-Thanh Hoa,Thanh Hoa,25.21,25.21,25.21,96.0,26.29,10000.0,0.0,63.0,1.33,1.66,259.0,999.0,1,803,Clouds,broken clouds,04d
2025-07-28 06:26:58,Thanh Hoa-Thanh Hoa,Thanh Hoa,25.21,25.21,25.21,96.0,26.29,10000.0,0.0,63.0,1.33,1.66,259.0,999.0,1,803,Clouds,broken clouds,04d
2025-07-28 06:30:44,Thanh Hoa-Thanh Hoa,Thanh Hoa,25.21,25.21,25.21,96.0,26.29,10000.0,0.0,63.0,1.33,1.66,259.0,999.0,1,803,Clouds,broken clouds,04d
2025-07-28 06:34:29,Thanh Hoa-Thanh Hoa,Thanh Hoa,26.41,26.41,26.41,92.0,26.41,10000.0,0.0,69.0,1.31,1.85,256.0,1000.0,1,803,Clouds,broken clouds,04d
2025-07-28 06:38:15,Thanh Hoa-Thanh Hoa,Thanh Hoa,26.41,26.41,26.41,92.0,26.41,10000.0,0.0,69.0,1.31,1.85,256.0,1000.0,1,803,Clouds,broken clouds,04d
2025-07-28 06:42:01,Thanh Hoa-Thanh Hoa,Thanh Hoa,26.41,26.41,26.41,92.0,26.41,10000.0,0.0,69.0,1.31,1.85,256.0,1000.0,1,803,Clouds,broken clouds,04d
2025-07-28 06:45:47,Thanh Hoa-Thanh Hoa,Thanh Hoa,26.41,26.41,26.41,92.0,26.41,10000.0,0.0,69.0,1.31,1.85,256.0,1000.0,1,803,Clouds,broken clouds,04d
2025-07-28 06:49:32,Thanh Hoa-Thanh Hoa,Thanh Hoa,26.41,26.41,26.41,92.0,26.41,10000.0,0.0,69.0,1.31,1.85,256.0,1000.0,1,803,Clouds,broken clouds,04d
2025-07-28 06:53:18,Thanh Hoa-Thanh Hoa,Thanh Hoa,26.41,26.41,26.41,92.0,26.41,10000.0,0.0,69.0,1.31,1.85,256.0,1000.0,1,803,Clouds,broken clouds,04d
2025-07-28 06:57:05,Thanh Hoa-Thanh Hoa,Thanh Hoa,26.41,26.41,26.41,92.0,26.41,10000.0,0.0,69.0,1.31,1.85,256.0,1000.0,1,803,Clouds,broken clouds,04d
2025-07-28 07:00:51,Thanh Hoa-Thanh Hoa,Thanh Hoa,26.41,26.41,26.41,92.0,26.41,10000.0,0.0,69.0,1.31,1.85,256.0,1000.0,1,803,Clouds,broken clouds,04d
2025-07-28 07:04:36,Thanh Hoa-Thanh Hoa,Thanh Hoa,26.41,26.41,26.41,92.0,26.41,10000.0,0.0,69.0,1.31,1.85,256.0,1000.0,1,803,Clouds,broken clouds,04d
2025-07-28 07:08:22,Thanh Hoa-Thanh Hoa,Thanh Hoa,26.43,26.43,26.43,92.0,26.43,10000.0,0.0,69.0,1.31,1.85,256.0,1000.0,1,803,Clouds,broken clouds,04d
2025-07-28 07:12:08,Thanh Hoa-Thanh Hoa,Thanh Hoa,26.43,26.43,26.43,92.0,26.43,10000.0,0.0,69.0,1.31,1.85,256.0,1000.0,1,803,Clouds,broken clouds,04d
2025-07-28 07:15:54,Thanh Hoa-Thanh Hoa,Thanh Hoa,26.43,26.43,26.43,92.0,26.43,10000.0,0.0,69.0,1.31,1.85,256.0,1000.0,1,803,Clouds,broken clouds,04d
2025-07-28 07:19:40,Thanh Hoa-Thanh Hoa,Thanh Hoa,26.43,26.43,26.43,92.0,26.43,10000.0,0.0,69.0,1.31,1.85,256.0,1000.0,1,803,Clouds,broken clouds,04d
2025-07-28 07:23:26,Thanh Hoa-Thanh Hoa,Thanh Hoa,26.43,26.43,26.43,92.0,26.43,10000.0,0.0,69.0,1.31,1.85,256.0,1000.0,1,803,Clouds,broken clouds,04d
2025-07-28 07:27:12,Thanh Hoa-Thanh Hoa,Thanh Hoa,26.43,26.43,26.43,92.0,26.43,10000.0,0.0,69.0,1.31,1.85,256.0,1000.0,1,803,Clouds,broken clouds,04d
2025-07-28 07:30:58,Thanh Hoa-Thanh Hoa,Thanh Hoa,28.11,28.11,28.11,85.0,33.21,10000.0,0.0,100.0,1.11,1.57,312.0,1001.0,1,804,Clouds,overcast clouds,04d
2025-07-28 07:34:44,Thanh Hoa-Thanh Hoa,Thanh Hoa,28.11,28.11,28.11,85.0,33.21,10000.0,0.0,100.0,1.11,1.57,312.0,1001.0,1,804,Clouds,overcast clouds,04d
2025-07-28 07:38:30,Thanh Hoa-Thanh Hoa,Thanh Hoa,28.11,28.11,28.11,85.0,33.21,10000.0,0.0,100.0,1.11,1.57,312.0,1001.0,1,804,Clouds,overcast clouds,04d
2025-07-28 07:42:16,Thanh Hoa-Thanh Hoa,Thanh Hoa,28.11,28.11,28.11,85.0,33.21,10000.0,0.0,100.0,1.11,1.57,312.0,1001.0,1,804,Clouds,overcast clouds,04d
2025-07-28 07:46:02,Thanh Hoa-Thanh Hoa,Thanh Hoa,28.11,28.11,28.11,85.0,33.21,10000.0,0.0,100.0,1.11,1.57,312.0,1001.0,1,804,Clouds,overcast clouds,04d
2025-07-28 07:49:48,Thanh Hoa-Thanh Hoa,Thanh Hoa,28.11,28.11,28.11,85.0,33.21,10000.0,0.0,100.0,1.11,1.57,312.0,1001.0,1,804,Clouds,overcast clouds,04d
2025-07-28 07:53:34,Thanh Hoa-Thanh Hoa,Thanh Hoa,28.11,28.11,28.11,85.0,33.21,10000.0,0.0,100.0,1.11,1.57,312.0,1001.0,1,804,Clouds,overcast clouds,04d
2025-07-28 07:57:19,Thanh Hoa-Thanh Hoa,Thanh Hoa,28.11,28.11,28.11,85.0,33.21,10000.0,0.0,100.0,1.11,1.57,312.0,1001.0,1,804,Clouds,overcast clouds,04d
2025-07-28 08:01:05,Thanh Hoa-Thanh Hoa,Thanh Hoa,28.11,28.11,28.11,85.0,33.21,10000.0,0.0,100.0,1.11,1.57,312.0,1001.0,1,804,Clouds,overcast clouds,04d
2025-07-28 08:04:50,Thanh Hoa-Thanh Hoa,Thanh Hoa,28.11,28.11,28.11,85.0,33.21,10000.0,0.0,100.0,1.11,1.57,312.0,1001.0,1,804,Clouds,overcast clouds,04d
2025-07-28 08:08:36,Thanh Hoa-Thanh Hoa,Thanh Hoa,27.68,27.68,27.68,87.0,32.3,10000.0,0.0,100.0,1.11,1.57,312.0,1001.0,1,804,Clouds,overcast clouds,04d
2025-07-28 08:12:22,Thanh Hoa-Thanh Hoa,Thanh Hoa,27.68,27.68,27.68,87.0,32.3,10000.0,0.0,100.0,1.11,1.57,312.0,1001.0,1,804,Clouds,overcast clouds,04d
2025-07-28 08:16:08,Thanh Hoa-Thanh Hoa,Thanh Hoa,27.68,27.68,27.68,87.0,32.3,10000.0,0.0,100.0,1.11,1.57,312.0,1001.0,1,804,Clouds,overcast clouds,04d
2025-07-28 08:19:54,Thanh Hoa-Thanh Hoa,Thanh Hoa,27.68,27.68,27.68,87.0,32.3,10000.0,0.0,100.0,1.11,1.57,312.0,1001.0,1,804,Clouds,overcast clouds,04d
2025-07-28 08:23:40,Thanh Hoa-Thanh Hoa,Thanh Hoa,27.68,27.68,27.68,87.0,32.3,10000.0,0.0,100.0,1.11,1.57,312.0,1001.0,1,804,Clouds,overcast clouds,04d
2025-07-28 08:27:26,Thanh Hoa-Thanh Hoa,Thanh Hoa,27.68,27.68,27.68,87.0,32.3,10000.0,0.0,100.0,1.11,1.57,312.0,1001.0,1,804,Clouds,overcast clouds,04d
2025-07-28 08:31:12,Thanh Hoa-Thanh Hoa,Thanh Hoa,27.68,27.68,27.68,87.0,32.3,10000.0,0.0,100.0,1.11,1.57,312.0,1001.0,1,804,Clouds,overcast clouds,04d
2025-07-28 08:34:57,Thanh Hoa-Thanh Hoa,Thanh Hoa,27.68,27.68,27.68,87.0,32.3,10000.0,0.0,100.0,1.11,1.57,312.0,1001.0,1,804,Clouds,overcast clouds,04d
2025-07-28 08:38:43,Thanh Hoa-Thanh Hoa,Thanh Hoa,28.98,28.98,28.98,80.0,34.69,10000.0,0.0,100.0,1.71,2.17,294.0,1001.0,1,804,Clouds,overcast clouds,04d
2025-07-28 08:42:29,Thanh Hoa-Thanh Hoa,Thanh Hoa,28.98,28.98,28.98,80.0,34.69,10000.0,0.0,100.0,1.71,2.17,294.0,1001.0,1,804,Clouds,overcast clouds,04d
2025-07-28 08:46:15,Thanh Hoa-Thanh Hoa,Thanh Hoa,28.98,28.98,28.98,80.0,34.69,10000.0,0.0,100.0,1.71,2.17,294.0,1001.0,1,804,Clouds,overcast clouds,04d
2025-07-28 08:50:01,Thanh Hoa-Thanh Hoa,Thanh Hoa,28.98,28.98,28.98,80.0,34.69,10000.0,0.0,100.0,1.71,2.17,294.0,1001.0,1,804,Clouds,overcast clouds,04d
2025-07-28 08:53:47,Thanh Hoa-Thanh Hoa,Thanh Hoa,28.98,28.98,28.98,80.0,34.69,10000.0,0.0,100.0,1.71,2.17,294.0,1001.0,1,804,Clouds,overcast clouds,04d
2025-07-28 08:57:33,Thanh Hoa-Thanh Hoa,Thanh Hoa,28.98,28.98,28.98,80.0,34.69,10000.0,0.0,100.0,1.71,2.17,294.0,1001.0,1,804,Clouds,overcast clouds,04d
2025-07-28 09:01:18,Thanh Hoa-Thanh Hoa,Thanh Hoa,28.98,28.98,28.98,80.0,34.69,10000.0,0.0,100.0,1.71,2.17,294.0,1001.0,1,804,Clouds,overcast clouds,04d
2025-07-28 09:05:04,Thanh Hoa-Thanh Hoa,Thanh Hoa,28.98,28.98,28.98,80.0,34.69,10000.0,0.0,100.0,1.71,2.17,294.0,1001.0,1,804,Clouds,overcast clouds,04d
2025-07-28 09:08:50,Thanh Hoa-Thanh Hoa,Thanh Hoa,29.0,29.0,29.0,80.0,34.74,10000.0,0.0,100.0,1.71,2.17,294.0,1001.0,1,804,Clouds,overcast clouds,04d
2025-07-28 09:12:36,Thanh Hoa-Thanh Hoa,Thanh Hoa,29.0,29.0,29.0,80.0,34.74,10000.0,0.0,100.0,1.71,2.17,294.0,1001.0,1,804,Clouds,overcast clouds,04d
2025-07-28 09:16:21,Thanh Hoa-Thanh Hoa,Thanh Hoa,29.01,29.01,29.01,80.0,34.77,10000.0,0.0,100.0,1.71,2.17,294.0,1001.0,1,804,Clouds,overcast clouds,04d
2025-07-28 09:20:07,Thanh Hoa-Thanh Hoa,Thanh Hoa,29.01,29.01,29.01,80.0,34.77,10000.0,0.0,100.0,1.71,2.17,294.0,1001.0,1,804,Clouds,overcast clouds,04d
2025-07-28 09:23:53,Thanh Hoa-Thanh Hoa,Thanh Hoa,29.01,29.01,29.01,80.0,34.77,10000.0,0.0,100.0,1.71,2.17,294.0,1001.0,1,804,Clouds,overcast clouds,04d
2025-07-28 09:27:39,Thanh Hoa-Thanh Hoa,Thanh Hoa,29.01,29.01,29.01,80.0,34.77,10000.0,0.0,100.0,1.71,2.17,294.0,1001.0,1,804,Clouds,overcast clouds,04d
2025-07-28 09:31:24,Thanh Hoa-Thanh Hoa,Thanh Hoa,29.01,29.01,29.01,80.0,34.77,10000.0,0.0,100.0,1.71,2.17,294.0,1001.0,1,804,Clouds,overcast clouds,04d
2025-07-28 09:35:10,Thanh Hoa-Thanh Hoa,Thanh Hoa,29.01,29.01,29.01,80.0,34.77,10000.0,0.0,100.0,1.71,2.17,294.0,1001.0,1,804,Clouds,overcast clouds,04d
2025-07-28 09:38:56,Thanh Hoa-Thanh Hoa,Thanh Hoa,30.4,30.4,30.4,74.0,37.13,10000.0,0.0,100.0,1.73,2.31,291.0,1001.0,1,804,Clouds,overcast clouds,04d
2025-07-28 09:42:41,Thanh Hoa-Thanh Hoa,Thanh Hoa,30.4,30.4,30.4,74.0,37.13,10000.0,0.0,100.0,1.73,2.31,291.0,1001.0,1,804,Clouds,overcast clouds,04d
2025-07-28 09:46:27,Thanh Hoa-Thanh Hoa,Thanh Hoa,30.36,30.36,30.36,74.0,37.02,10000.0,0.0,100.0,1.73,2.31,291.0,1001.0,1,804,Clouds,overcast clouds,04d
2025-07-28 09:50:13,Thanh Hoa-Thanh Hoa,Thanh Hoa,30.36,30.36,30.36,74.0,37.02,10000.0,0.0,100.0,1.73,2.31,291.0,1001.0,1,804,Clouds,overcast clouds,04d
2025-07-28 09:53:59,Thanh Hoa-Thanh Hoa,Thanh Hoa,30.36,30.36,30.36,74.0,37.02,10000.0,0.0,100.0,1.73,2.31,291.0,1001.0,1,804,Clouds,overcast clouds,04d
2025-07-28 09:57:45,Thanh Hoa-Thanh Hoa,Thanh Hoa,30.36,30.36,30.36,74.0,37.02,10000.0,0.0,100.0,1.73,2.31,291.0,1001.0,1,804,Clouds,overcast clouds,04d
2025-07-28 10:01:30,Thanh Hoa-Thanh Hoa,Thanh Hoa,30.36,30.36,30.36,74.0,37.02,10000.0,0.0,100.0,1.73,2.31,291.0,1001.0,1,804,Clouds,overcast clouds,04d
2025-07-28 10:05:16,Thanh Hoa-Thanh Hoa,Thanh Hoa,30.36,30.36,30.36,74.0,37.02,10000.0,0.0,100.0,1.73,2.31,291.0,1001.0,1,804,Clouds,overcast clouds,04d
2025-07-28 10:09:02,Thanh Hoa-Thanh Hoa,Thanh Hoa,30.36,30.36,30.36,74.0,37.02,10000.0,0.0,100.0,1.73,2.31,291.0,1001.0,1,804,Clouds,overcast clouds,04d
2025-07-28 10:12:48,Thanh Hoa-Thanh Hoa,Thanh Hoa,30.36,30.36,30.36,74.0,37.02,10000.0,0.0,100.0,1.73,2.31,291.0,1001.0,1,804,Clouds,overcast clouds,04d
2025-07-28 10:16:33,Thanh Hoa-Thanh Hoa,Thanh Hoa,30.37,30.37,30.37,74.0,37.05,10000.0,0.0,100.0,1.73,2.31,291.0,1001.0,1,804,Clouds,overcast clouds,04d
2025-07-28 10:20:19,Thanh Hoa-Thanh Hoa,Thanh Hoa,30.37,30.37,30.37,74.0,37.05,10000.0,0.0,100.0,1.73,2.31,291.0,1001.0,1,804,Clouds,overcast clouds,04d
2025-07-28 10:24:05,Thanh Hoa-Thanh Hoa,Thanh Hoa,30.37,30.37,30.37,74.0,37.05,10000.0,0.0,100.0,1.73,2.31,291.0,1001.0,1,804,Clouds,overcast clouds,04d
2025-07-28 10:27:51,Thanh Hoa-Thanh Hoa,Thanh Hoa,30.37,30.37,30.37,74.0,37.05,10000.0,0.0,100.0,1.73,2.31,291.0,1001.0,1,804,Clouds,overcast clouds,04d
2025-07-28 10:31:37,Thanh Hoa-Thanh Hoa,Thanh Hoa,32.47,32.47,32.47,62.0,38.87,10000.0,0.0,100.0,1.31,1.79,305.0,1000.0,1,804,Clouds,overcast clouds,04d
2025-07-28 10:35:23,Thanh Hoa-Thanh Hoa,Thanh Hoa,30.37,30.37,30.37,74.0,37.05,10000.0,0.0,100.0,1.73,2.31,291.0,1001.0,1,804,Clouds,overcast clouds,04d
2025-07-28 10:39:08,Thanh Hoa-Thanh Hoa,Thanh Hoa,32.47,32.47,32.47,62.0,38.87,10000.0,0.0,100.0,1.31,1.79,305.0,1000.0,1,804,Clouds,overcast clouds,04d
2025-07-28 10:42:54,Thanh Hoa-Thanh Hoa,Thanh Hoa,32.47,32.47,32.47,62.0,38.87,10000.0,0.0,100.0,1.31,1.79,305.0,1000.0,1,804,Clouds,overcast clouds,04d
2025-07-28 10:46:40,Thanh Hoa-Thanh Hoa,Thanh Hoa,32.47,32.47,32.47,62.0,38.87,10000.0,0.0,100.0,1.31,1.79,305.0,1000.0,1,804,Clouds,overcast clouds,04d
2025-07-28 10:50:26,Thanh Hoa-Thanh Hoa,Thanh Hoa,32.47,32.47,32.47,62.0,38.87,10000.0,0.0,100.0,1.31,1.79,305.0,1000.0,1,804,Clouds,overcast clouds,04d
2025-07-28 10:54:11,Thanh Hoa-Thanh Hoa,Thanh Hoa,32.47,32.47,32.47,62.0,38.87,10000.0,0.0,100.0,1.31,1.79,305.0,1000.0,1,804,Clouds,overcast clouds,04d
2025-07-28 10:57:57,Thanh Hoa-Thanh Hoa,Thanh Hoa,32.47,32.47,32.47,62.0,38.87,10000.0,0.0,100.0,1.31,1.79,305.0,1000.0,1,804,Clouds,overcast clouds,04d
2025-07-28 11:01:43,Thanh Hoa-Thanh Hoa,Thanh Hoa,32.46,32.46,32.46,62.0,38.84,10000.0,0.0,100.0,1.31,1.79,305.0,1000.0,1,804,Clouds,overcast clouds,04d
2025-07-28 11:05:29,Thanh Hoa-Thanh Hoa,Thanh Hoa,32.46,32.46,32.46,62.0,38.84,10000.0,0.0,100.0,1.31,1.79,305.0,1000.0,1,804,Clouds,overcast clouds,04d
2025-07-28 11:09:16,Thanh Hoa-Thanh Hoa,Thanh Hoa,32.46,32.46,32.46,62.0,38.84,10000.0,0.0,100.0,1.31,1.79,305.0,1000.0,1,804,Clouds,overcast clouds,04d
2025-07-28 11:13:02,Thanh Hoa-Thanh Hoa,Thanh Hoa,32.46,32.46,32.46,62.0,38.84,10000.0,0.0,100.0,1.31,1.79,305.0,1000.0,1,804,Clouds,overcast clouds,04d
2025-07-28 11:16:48,Thanh Hoa-Thanh Hoa,Thanh Hoa,32.47,32.47,32.47,62.0,38.87,10000.0,0.0,100.0,1.31,1.79,305.0,1000.0,1,804,Clouds,overcast clouds,04d
2025-07-28 11:20:34,Thanh Hoa-Thanh Hoa,Thanh Hoa,32.47,32.47,32.47,62.0,38.87,10000.0,0.0,100.0,1.31,1.79,305.0,1000.0,1,804,Clouds,overcast clouds,04d
2025-07-28 11:24:20,Thanh Hoa-Thanh Hoa,Thanh Hoa,32.47,32.47,32.47,62.0,38.87,10000.0,0.0,100.0,1.31,1.79,305.0,1000.0,1,804,Clouds,overcast clouds,04d
2025-07-28 11:28:07,Thanh Hoa-Thanh Hoa,Thanh Hoa,32.47,32.47,32.47,62.0,38.87,10000.0,0.0,100.0,1.31,1.79,305.0,1000.0,1,804,Clouds,overcast clouds,04d
2025-07-28 11:31:53,Thanh Hoa-Thanh Hoa,Thanh Hoa,34.24,34.24,34.24,55.0,40.78,10000.0,0.0,99.0,0.63,1.13,321.0,999.0,1,804,Clouds,overcast clouds,04d
2025-07-28 11:35:41,Thanh Hoa-Thanh Hoa,Thanh Hoa,34.24,34.24,34.24,55.0,40.78,10000.0,0.0,99.0,0.63,1.13,321.0,999.0,1,804,Clouds,overcast clouds,04d
2025-07-28 11:39:32,Thanh Hoa-Thanh Hoa,Thanh Hoa,34.24,34.24,34.24,55.0,40.78,10000.0,0.0,99.0,0.63,1.13,321.0,999.0,1,804,Clouds,overcast clouds,04d
2025-07-28 11:43:22,Thanh Hoa-Thanh Hoa,Thanh Hoa,34.24,34.24,34.24,55.0,40.78,10000.0,0.0,99.0,0.63,1.13,321.0,999.0,1,804,Clouds,overcast clouds,04d
2025-07-28 11:47:12,Thanh Hoa-Thanh Hoa,Thanh Hoa,34.24,34.24,34.24,55.0,40.78,10000.0,0.0,99.0,0.63,1.13,321.0,999.0,1,804,Clouds,overcast clouds,04d
2025-07-28 11:51:02,Thanh Hoa-Thanh Hoa,Thanh Hoa,34.24,34.24,34.24,55.0,40.78,10000.0,0.0,99.0,0.63,1.13,321.0,999.0,1,804,Clouds,overcast clouds,04d
2025-07-28 11:54:53,Thanh Hoa-Thanh Hoa,Thanh Hoa,34.24,34.24,34.24,55.0,40.78,10000.0,0.0,99.0,0.63,1.13,321.0,999.0,1,804,Clouds,overcast clouds,04d
2025-07-28 11:58:43,Thanh Hoa-Thanh Hoa,Thanh Hoa,34.24,34.24,34.24,55.0,40.78,10000.0,0.0,99.0,0.63,1.13,321.0,999.0,1,804,Clouds,overcast clouds,04d
2025-07-28 12:02:33,Thanh Hoa-Thanh Hoa,Thanh Hoa,34.23,34.23,34.23,55.0,40.75,10000.0,0.0,99.0,0.63,1.13,321.0,999.0,1,804,Clouds,overcast clouds,04d
2025-07-28 12:06:26,Thanh Hoa-Thanh Hoa,Thanh Hoa,34.23,34.23,34.23,55.0,40.75,10000.0,0.0,99.0,0.63,1.13,321.0,999.0,1,804,Clouds,overcast clouds,04d
2025-07-28 12:10:18,Thanh Hoa-Thanh Hoa,Thanh Hoa,34.23,34.23,34.23,55.0,40.75,10000.0,0.0,99.0,0.63,1.13,321.0,999.0,1,804,Clouds,overcast clouds,04d
2025-07-28 12:14:09,Thanh Hoa-Thanh Hoa,Thanh Hoa,34.23,34.23,34.23,55.0,40.75,10000.0,0.0,99.0,0.63,1.13,321.0,999.0,1,804,Clouds,overcast clouds,04d
2025-07-28 12:17:59,Thanh Hoa-Thanh Hoa,Thanh Hoa,34.23,34.23,34.23,55.0,40.75,10000.0,0.0,99.0,0.63,1.13,321.0,999.0,1,804,Clouds,overcast clouds,04d
2025-07-28 12:21:50,Thanh Hoa-Thanh Hoa,Thanh Hoa,34.25,34.25,34.25,55.0,40.81,10000.0,0.0,99.0,0.63,1.13,321.0,999.0,1,804,Clouds,overcast clouds,04d
2025-07-28 12:25:40,Thanh Hoa-Thanh Hoa,Thanh Hoa,34.25,34.25,34.25,55.0,40.81,10000.0,0.0,99.0,0.63,1.13,321.0,999.0,1,804,Clouds,overcast clouds,04d
2025-07-28 12:29:30,Thanh Hoa-Thanh Hoa,Thanh Hoa,34.25,34.25,34.25,55.0,40.81,10000.0,0.0,99.0,0.63,1.13,321.0,999.0,1,804,Clouds,overcast clouds,04d
2025-07-28 12:33:20,Thanh Hoa-Thanh Hoa,Thanh Hoa,35.09,35.09,35.09,51.0,41.29,10000.0,0.0,87.0,0.5,1.25,82.0,998.0,1,804,Clouds,overcast clouds,04d
2025-07-28 12:37:09,Thanh Hoa-Thanh Hoa,Thanh Hoa,35.09,35.09,35.09,51.0,41.29,10000.0,0.0,87.0,0.5,1.25,82.0,998.0,1,804,Clouds,overcast clouds,04d
2025-07-28 12:41:00,Thanh Hoa-Thanh Hoa,Thanh Hoa,35.09,35.09,35.09,51.0,41.29,10000.0,0.0,87.0,0.5,1.25,82.0,998.0,1,804,Clouds,overcast clouds,04d
2025-07-28 12:44:50,Thanh Hoa-Thanh Hoa,Thanh Hoa,35.09,35.09,35.09,51.0,41.29,10000.0,0.0,87.0,0.5,1.25,82.0,998.0,1,804,Clouds,overcast clouds,04d
2025-07-28 12:48:41,Thanh Hoa-Thanh Hoa,Thanh Hoa,35.09,35.09,35.09,51.0,41.29,10000.0,0.0,87.0,0.5,1.25,82.0,998.0,1,804,Clouds,overcast clouds,04d
2025-07-28 12:52:31,Thanh Hoa-Thanh Hoa,Thanh Hoa,35.09,35.09,35.09,51.0,41.29,10000.0,0.0,87.0,0.5,1.25,82.0,998.0,1,804,Clouds,overcast clouds,04d
2025-07-28 12:56:21,Thanh Hoa-Thanh Hoa,Thanh Hoa,35.09,35.09,35.09,51.0,41.29,10000.0,0.0,87.0,0.5,1.25,82.0,998.0,1,804,Clouds,overcast clouds,04d
2025-07-28 13:00:11,Thanh Hoa-Thanh Hoa,Thanh Hoa,35.09,35.09,35.09,51.0,41.29,10000.0,0.0,85.0,0.23,1.07,80.0,998.0,1,804,Clouds,overcast clouds,04d
2025-07-28 13:04:02,Thanh Hoa-Thanh Hoa,Thanh Hoa,35.09,35.09,35.09,51.0,41.29,10000.0,0.0,85.0,0.23,1.07,80.0,998.0,1,804,Clouds,overcast clouds,04d
2025-07-28 13:07:53,Thanh Hoa-Thanh Hoa,Thanh Hoa,35.09,35.09,35.09,51.0,41.29,10000.0,0.0,85.0,0.23,1.07,80.0,998.0,1,804,Clouds,overcast clouds,04d
2025-07-28 13:11:43,Thanh Hoa-Thanh Hoa,Thanh Hoa,35.09,35.09,35.09,51.0,41.29,10000.0,0.0,85.0,0.23,1.07,80.0,998.0,1,804,Clouds,overcast clouds,04d
2025-07-28 13:15:34,Thanh Hoa-Thanh Hoa,Thanh Hoa,35.09,35.09,35.09,51.0,41.29,10000.0,0.0,85.0,0.23,1.07,80.0,998.0,1,804,Clouds,overcast clouds,04d
2025-07-28 13:19:24,Thanh Hoa-Thanh Hoa,Thanh Hoa,35.09,35.09,35.09,51.0,41.29,10000.0,0.0,85.0,0.23,1.07,80.0,998.0,1,804,Clouds,overcast clouds,04d
2025-07-28 13:23:15,Thanh Hoa-Thanh Hoa,Thanh Hoa,35.09,35.09,35.09,51.0,41.29,10000.0,0.0,85.0,0.23,1.07,80.0,998.0,1,804,Clouds,overcast clouds,04d
2025-07-28 13:27:06,Thanh Hoa-Thanh Hoa,Thanh Hoa,35.09,35.09,35.09,51.0,41.29,10000.0,0.0,85.0,0.23,1.07,80.0,998.0,1,804,Clouds,overcast clouds,04d
2025-07-28 13:30:57,Thanh Hoa-Thanh Hoa,Thanh Hoa,35.09,35.09,35.09,51.0,41.29,10000.0,0.0,85.0,0.23,1.07,80.0,998.0,1,804,Clouds,overcast clouds,04d
2025-07-28 13:34:47,Thanh Hoa-Thanh Hoa,Thanh Hoa,34.85,34.85,34.85,52.0,41.11,10000.0,0.0,44.0,1.06,1.68,97.0,997.0,1,802,Clouds,scattered clouds,03d
2025-07-28 13:38:37,Thanh Hoa-Thanh Hoa,Thanh Hoa,34.85,34.85,34.85,52.0,41.11,10000.0,0.0,44.0,1.06,1.68,97.0,997.0,1,802,Clouds,scattered clouds,03d
2025-07-28 13:42:27,Thanh Hoa-Thanh Hoa,Thanh Hoa,34.87,34.87,34.87,51.0,40.76,10000.0,0.0,44.0,1.06,1.68,97.0,997.0,1,802,Clouds,scattered clouds,03d
2025-07-28 13:46:18,Thanh Hoa-Thanh Hoa,Thanh Hoa,34.87,34.87,34.87,51.0,40.76,10000.0,0.0,44.0,1.06,1.68,97.0,997.0,1,802,Clouds,scattered clouds,03d
2025-07-28 13:50:08,Thanh Hoa-Thanh Hoa,Thanh Hoa,34.87,34.87,34.87,51.0,40.76,10000.0,0.0,44.0,1.06,1.68,97.0,997.0,1,802,Clouds,scattered clouds,03d
2025-07-28 13:53:58,Thanh Hoa-Thanh Hoa,Thanh Hoa,34.87,34.87,34.87,51.0,40.76,10000.0,0.0,44.0,1.06,1.68,97.0,997.0,1,802,Clouds,scattered clouds,03d
2025-07-28 13:57:48,Thanh Hoa-Thanh Hoa,Thanh Hoa,34.87,34.87,34.87,51.0,40.76,10000.0,0.0,44.0,1.06,1.68,97.0,997.0,1,802,Clouds,scattered clouds,03d
2025-07-28 14:01:38,Thanh Hoa-Thanh Hoa,Thanh Hoa,34.86,34.86,34.86,51.0,40.73,10000.0,0.0,44.0,1.06,1.68,97.0,997.0,1,802,Clouds,scattered clouds,03d
2025-07-28 14:05:28,Thanh Hoa-Thanh Hoa,Thanh Hoa,34.86,34.86,34.86,51.0,40.73,10000.0,0.0,44.0,1.06,1.68,97.0,997.0,1,802,Clouds,scattered clouds,03d
2025-07-28 14:09:20,Thanh Hoa-Thanh Hoa,Thanh Hoa,34.86,34.86,34.86,51.0,40.73,10000.0,0.0,44.0,1.06,1.68,97.0,997.0,1,802,Clouds,scattered clouds,03d
2025-07-28 14:13:11,Thanh Hoa-Thanh Hoa,Thanh Hoa,34.86,34.86,34.86,51.0,40.73,10000.0,0.0,44.0,1.06,1.68,97.0,997.0,1,802,Clouds,scattered clouds,03d
2025-07-28 14:17:02,Thanh Hoa-Thanh Hoa,Thanh Hoa,34.88,34.88,34.88,51.0,40.78,10000.0,0.0,44.0,1.06,1.68,97.0,997.0,1,802,Clouds,scattered clouds,03d
2025-07-28 14:20:52,Thanh Hoa-Thanh Hoa,Thanh Hoa,34.88,34.88,34.88,51.0,40.78,10000.0,0.0,44.0,1.06,1.68,97.0,997.0,1,802,Clouds,scattered clouds,03d
2025-07-28 14:24:42,Thanh Hoa-Thanh Hoa,Thanh Hoa,34.88,34.88,34.88,51.0,40.78,10000.0,0.0,44.0,1.06,1.68,97.0,997.0,1,802,Clouds,scattered clouds,03d
2025-07-28 14:28:33,Thanh Hoa-Thanh Hoa,Thanh Hoa,34.88,34.88,34.88,51.0,40.78,10000.0,0.0,44.0,1.06,1.68,97.0,997.0,1,802,Clouds,scattered clouds,03d
2025-07-28 14:32:24,Thanh Hoa-Thanh Hoa,Thanh Hoa,34.47,34.47,34.47,53.0,40.57,10000.0,0.0,26.0,1.8,1.6,104.0,997.0,1,802,Clouds,scattered clouds,03d
2025-07-28 14:36:15,Thanh Hoa-Thanh Hoa,Thanh Hoa,34.47,34.47,34.47,53.0,40.57,10000.0,0.0,26.0,1.8,1.6,104.0,997.0,1,802,Clouds,scattered clouds,03d
2025-07-28 14:40:07,Thanh Hoa-Thanh Hoa,Thanh Hoa,34.47,34.47,34.47,53.0,40.57,10000.0,0.0,26.0,1.8,1.6,104.0,997.0,1,802,Clouds,scattered clouds,03d
2025-07-28 14:43:58,Thanh Hoa-Thanh Hoa,Thanh Hoa,34.47,34.47,34.47,53.0,40.57,10000.0,0.0,26.0,1.8,1.6,104.0,997.0,1,802,Clouds,scattered clouds,03d
2025-07-28 14:47:48,Thanh Hoa-Thanh Hoa,Thanh Hoa,34.47,34.47,34.47,53.0,40.57,10000.0,0.0,26.0,1.8,1.6,104.0,997.0,1,802,Clouds,scattered clouds,03d
2025-07-28 14:51:38,Thanh Hoa-Thanh Hoa,Thanh Hoa,34.47,34.47,34.47,53.0,40.57,10000.0,0.0,26.0,1.8,1.6,104.0,997.0,1,802,Clouds,scattered clouds,03d
2025-07-28 14:55:28,Thanh Hoa-Thanh Hoa,Thanh Hoa,34.47,34.47,34.47,53.0,40.57,10000.0,0.0,26.0,1.8,1.6,104.0,997.0,1,802,Clouds,scattered clouds,03d
2025-07-28 14:59:18,Thanh Hoa-Thanh Hoa,Thanh Hoa,34.47,34.47,34.47,53.0,40.57,10000.0,0.0,26.0,1.8,1.6,104.0,997.0,1,802,Clouds,scattered clouds,03d
2025-07-28 15:03:10,Thanh Hoa-Thanh Hoa,Thanh Hoa,34.47,34.47,34.47,53.0,40.57,10000.0,0.0,26.0,1.8,1.6,104.0,997.0,1,802,Clouds,scattered clouds,03d
2025-07-28 15:07:01,Thanh Hoa-Thanh Hoa,Thanh Hoa,34.47,34.47,34.47,53.0,40.57,10000.0,0.0,26.0,1.8,1.6,104.0,997.0,1,802,Clouds,scattered clouds,03d
2025-07-28 15:10:53,Thanh Hoa-Thanh Hoa,Thanh Hoa,34.47,34.47,34.47,53.0,40.57,10000.0,0.0,26.0,1.8,1.6,104.0,997.0,1,802,Clouds,scattered clouds,03d
2025-07-28 15:14:44,Thanh Hoa-Thanh Hoa,Thanh Hoa,34.47,34.47,34.47,53.0,40.57,10000.0,0.0,26.0,1.8,1.6,104.0,997.0,1,802,Clouds,scattered clouds,03d
2025-07-28 15:18:34,Thanh Hoa-Thanh Hoa,Thanh Hoa,34.48,34.48,34.48,53.0,40.59,10000.0,0.0,26.0,1.8,1.6,104.0,997.0,1,802,Clouds,scattered clouds,03d
2025-07-28 15:22:25,Thanh Hoa-Thanh Hoa,Thanh Hoa,34.47,34.47,34.47,53.0,40.57,10000.0,0.0,26.0,1.8,1.6,104.0,997.0,1,802,Clouds,scattered clouds,03d
2025-07-28 15:26:16,Thanh Hoa-Thanh Hoa,Thanh Hoa,34.48,34.48,34.48,53.0,40.59,10000.0,0.0,26.0,1.8,1.6,104.0,997.0,1,802,Clouds,scattered clouds,03d
2025-07-28 15:30:08,Thanh Hoa-Thanh Hoa,Thanh Hoa,33.41,33.41,33.41,58.0,39.83,10000.0,0.0,18.0,3.05,2.29,131.0,996.0,1,801,Clouds,few clouds,02d
2025-07-28 15:33:59,Thanh Hoa-Thanh Hoa,Thanh Hoa,33.41,33.41,33.41,58.0,39.83,10000.0,0.0,18.0,3.05,2.29,131.0,996.0,1,801,Clouds,few clouds,02d
2025-07-28 15:37:50,Thanh Hoa-Thanh Hoa,Thanh Hoa,33.41,33.41,33.41,58.0,39.83,10000.0,0.0,18.0,3.05,2.29,131.0,996.0,1,801,Clouds,few clouds,02d
2025-07-28 15:41:40,Thanh Hoa-Thanh Hoa,Thanh Hoa,33.4,33.4,33.4,58.0,39.81,10000.0,0.0,18.0,3.05,2.29,131.0,996.0,1,801,Clouds,few clouds,02d
2025-07-28 15:45:30,Thanh Hoa-Thanh Hoa,Thanh Hoa,33.4,33.4,33.4,58.0,39.81,10000.0,0.0,18.0,3.05,2.29,131.0,996.0,1,801,Clouds,few clouds,02d
2025-07-28 15:49:20,Thanh Hoa-Thanh Hoa,Thanh Hoa,33.4,33.4,33.4,58.0,39.81,10000.0,0.0,18.0,3.05,2.29,131.0,996.0,1,801,Clouds,few clouds,02d
2025-07-28 15:53:13,Thanh Hoa-Thanh Hoa,Thanh Hoa,33.4,33.4,33.4,58.0,39.81,10000.0,0.0,18.0,3.05,2.29,131.0,996.0,1,801,Clouds,few clouds,02d
2025-07-28 15:57:04,Thanh Hoa-Thanh Hoa,Thanh Hoa,33.4,33.4,33.4,58.0,39.81,10000.0,0.0,18.0,3.05,2.29,131.0,996.0,1,801,Clouds,few clouds,02d
2025-07-28 16:00:55,Thanh Hoa-Thanh Hoa,Thanh Hoa,33.4,33.4,33.4,58.0,39.81,10000.0,0.0,18.0,3.05,2.29,131.0,996.0,1,801,Clouds,few clouds,02d
2025-07-28 16:04:45,Thanh Hoa-Thanh Hoa,Thanh Hoa,33.4,33.4,33.4,58.0,39.81,10000.0,0.0,18.0,3.05,2.29,131.0,996.0,1,801,Clouds,few clouds,02d
2025-07-28 16:08:35,Thanh Hoa-Thanh Hoa,Thanh Hoa,33.4,33.4,33.4,58.0,39.81,10000.0,0.0,18.0,3.05,2.29,131.0,996.0,1,801,Clouds,few clouds,02d
2025-07-28 16:12:26,Thanh Hoa-Thanh Hoa,Thanh Hoa,33.4,33.4,33.4,58.0,39.81,10000.0,0.0,18.0,3.05,2.29,131.0,996.0,1,801,Clouds,few clouds,02d
2025-07-28 16:16:17,Thanh Hoa-Thanh Hoa,Thanh Hoa,33.4,33.4,33.4,58.0,39.81,10000.0,0.0,18.0,3.05,2.29,131.0,996.0,1,801,Clouds,few clouds,02d
2025-07-28 16:20:07,Thanh Hoa-Thanh Hoa,Thanh Hoa,33.41,33.41,33.41,58.0,39.83,10000.0,0.0,18.0,3.05,2.29,131.0,996.0,1,801,Clouds,few clouds,02d
2025-07-28 16:23:58,Thanh Hoa-Thanh Hoa,Thanh Hoa,33.41,33.41,33.41,58.0,39.83,10000.0,0.0,18.0,3.05,2.29,131.0,996.0,1,801,Clouds,few clouds,02d
2025-07-28 16:27:47,Thanh Hoa-Thanh Hoa,Thanh Hoa,33.41,33.41,33.41,58.0,39.83,10000.0,0.0,18.0,3.05,2.29,131.0,996.0,1,801,Clouds,few clouds,02d
2025-07-28 16:31:38,Thanh Hoa-Thanh Hoa,Thanh Hoa,31.17,31.17,31.17,74.0,38.17,10000.0,0.0,15.0,3.76,5.69,147.0,996.0,1,801,Clouds,few clouds,02d
2025-07-28 16:35:28,Thanh Hoa-Thanh Hoa,Thanh Hoa,33.41,33.41,33.41,58.0,39.83,10000.0,0.0,18.0,3.05,2.29,131.0,996.0,1,801,Clouds,few clouds,02d
2025-07-28 16:39:19,Thanh Hoa-Thanh Hoa,Thanh Hoa,31.17,31.17,31.17,74.0,38.17,10000.0,0.0,15.0,3.76,5.69,147.0,996.0,1,801,Clouds,few clouds,02d
2025-07-28 16:43:11,Thanh Hoa-Thanh Hoa,Thanh Hoa,31.17,31.17,31.17,74.0,38.17,10000.0,0.0,15.0,3.76,5.69,147.0,996.0,1,801,Clouds,few clouds,02d
2025-07-28 16:47:01,Thanh Hoa-Thanh Hoa,Thanh Hoa,31.17,31.17,31.17,74.0,38.17,10000.0,0.0,15.0,3.76,5.69,147.0,996.0,1,801,Clouds,few clouds,02d
2025-07-28 16:50:52,Thanh Hoa-Thanh Hoa,Thanh Hoa,31.17,31.17,31.17,74.0,38.17,10000.0,0.0,15.0,3.76,5.69,147.0,996.0,1,801,Clouds,few clouds,02d
2025-07-28 16:54:42,Thanh Hoa-Thanh Hoa,Thanh Hoa,31.17,31.17,31.17,74.0,38.17,10000.0,0.0,15.0,3.76,5.69,147.0,996.0,1,801,Clouds,few clouds,02d
2025-07-28 16:58:33,Thanh Hoa-Thanh Hoa,Thanh Hoa,31.17,31.17,31.17,74.0,38.17,10000.0,0.0,15.0,3.76,5.69,147.0,996.0,1,801,Clouds,few clouds,02d
2025-07-28 17:02:23,Thanh Hoa-Thanh Hoa,Thanh Hoa,31.17,31.17,31.17,74.0,38.17,10000.0,0.0,15.0,3.76,5.69,147.0,996.0,1,801,Clouds,few clouds,02d
2025-07-28 17:06:13,Thanh Hoa-Thanh Hoa,Thanh Hoa,31.17,31.17,31.17,74.0,38.17,10000.0,0.0,15.0,3.76,5.69,147.0,996.0,1,801,Clouds,few clouds,02d
2025-07-28 17:10:05,Thanh Hoa-Thanh Hoa,Thanh Hoa,31.17,31.17,31.17,74.0,38.17,10000.0,0.0,15.0,3.76,5.69,147.0,996.0,1,801,Clouds,few clouds,02d
2025-07-28 17:13:55,Thanh Hoa-Thanh Hoa,Thanh Hoa,31.17,31.17,31.17,74.0,38.17,10000.0,0.0,15.0,3.76,5.69,147.0,996.0,1,801,Clouds,few clouds,02d
2025-07-28 17:17:45,Thanh Hoa-Thanh Hoa,Thanh Hoa,31.17,31.17,31.17,74.0,38.17,10000.0,0.0,15.0,3.76,5.69,147.0,996.0,1,801,Clouds,few clouds,02d
2025-07-28 17:21:35,Thanh Hoa-Thanh Hoa,Thanh Hoa,31.17,31.17,31.17,74.0,38.17,10000.0,0.0,15.0,3.76,5.69,147.0,996.0,1,801,Clouds,few clouds,02d
2025-07-28 17:25:25,Thanh Hoa-Thanh Hoa,Thanh Hoa,31.17,31.17,31.17,74.0,38.17,10000.0,0.0,15.0,3.76,5.69,147.0,996.0,1,801,Clouds,few clouds,02d
2025-07-28 17:29:15,Thanh Hoa-Thanh Hoa,Thanh Hoa,31.17,31.17,31.17,74.0,38.17,10000.0,0.0,15.0,3.76,5.69,147.0,996.0,1,801,Clouds,few clouds,02d
2025-07-28 17:33:07,Thanh Hoa-Thanh Hoa,Thanh Hoa,31.17,31.17,31.17,74.0,38.17,10000.0,0.0,15.0,3.76,5.69,147.0,996.0,1,801,Clouds,few clouds,02d
2025-07-28 17:36:57,Thanh Hoa-Thanh Hoa,Thanh Hoa,29.13,29.13,29.13,85.0,36.13,10000.0,0.0,15.0,3.03,7.73,186.0,997.0,1,801,Clouds,few clouds,02d
2025-07-28 17:40:47,Thanh Hoa-Thanh Hoa,Thanh Hoa,29.13,29.13,29.13,85.0,36.13,10000.0,0.0,15.0,3.03,7.73,186.0,997.0,1,801,Clouds,few clouds,02d
2025-07-28 17:44:37,Thanh Hoa-Thanh Hoa,Thanh Hoa,29.13,29.13,29.13,85.0,36.13,10000.0,0.0,15.0,3.03,7.73,186.0,997.0,1,801,Clouds,few clouds,02d
2025-07-28 17:48:26,Thanh Hoa-Thanh Hoa,Thanh Hoa,29.13,29.13,29.13,85.0,36.13,10000.0,0.0,15.0,3.03,7.73,186.0,997.0,1,801,Clouds,few clouds,02d
2025-07-28 17:52:17,Thanh Hoa-Thanh Hoa,Thanh Hoa,29.13,29.13,29.13,85.0,36.13,10000.0,0.0,15.0,3.03,7.73,186.0,997.0,1,801,Clouds,few clouds,02d
2025-07-28 17:56:08,Thanh Hoa-Thanh Hoa,Thanh Hoa,29.13,29.13,29.13,85.0,36.13,10000.0,0.0,15.0,3.03,7.73,186.0,997.0,1,801,Clouds,few clouds,02d
2025-07-28 17:59:59,Thanh Hoa-Thanh Hoa,Thanh Hoa,29.13,29.13,29.13,85.0,36.13,10000.0,0.0,15.0,3.03,7.73,186.0,997.0,1,801,Clouds,few clouds,02d
2025-07-28 18:03:48,Thanh Hoa-Thanh Hoa,Thanh Hoa,29.14,29.14,29.14,85.0,36.14,10000.0,0.0,15.0,3.03,7.73,186.0,997.0,1,801,Clouds,few clouds,02d
2025-07-28 18:07:38,Thanh Hoa-Thanh Hoa,Thanh Hoa,29.14,29.14,29.14,85.0,36.14,10000.0,0.0,15.0,3.03,7.73,186.0,997.0,1,801,Clouds,few clouds,02d
2025-07-28 18:11:29,Thanh Hoa-Thanh Hoa,Thanh Hoa,29.14,29.14,29.14,85.0,36.14,10000.0,0.0,15.0,3.03,7.73,186.0,997.0,1,801,Clouds,few clouds,02d
2025-07-28 18:15:19,Thanh Hoa-Thanh Hoa,Thanh Hoa,29.14,29.14,29.14,85.0,36.14,10000.0,0.0,15.0,3.03,7.73,186.0,997.0,1,801,Clouds,few clouds,02d
2025-07-28 18:19:10,Thanh Hoa-Thanh Hoa,Thanh Hoa,29.14,29.14,29.14,85.0,36.14,10000.0,0.0,15.0,3.03,7.73,186.0,997.0,1,801,Clouds,few clouds,02d
2025-07-28 18:23:02,Thanh Hoa-Thanh Hoa,Thanh Hoa,29.14,29.14,29.14,85.0,36.14,10000.0,0.0,15.0,3.03,7.73,186.0,997.0,1,801,Clouds,few clouds,02d
2025-07-28 18:26:54,Thanh Hoa-Thanh Hoa,Thanh Hoa,29.14,29.14,29.14,85.0,36.14,10000.0,0.0,15.0,3.03,7.73,186.0,997.0,1,801,Clouds,few clouds,02d
2025-07-28 18:30:44,Thanh Hoa-Thanh Hoa,Thanh Hoa,27.84,27.84,27.84,89.0,33.08,10000.0,0.0,28.0,2.02,3.72,206.0,998.0,1,802,Clouds,scattered clouds,03d
2025-07-28 18:34:34,Thanh Hoa-Thanh Hoa,Thanh Hoa,27.84,27.84,27.84,89.0,33.08,10000.0,0.0,28.0,2.02,3.72,206.0,998.0,1,802,Clouds,scattered clouds,03d
2025-07-28 18:38:24,Thanh Hoa-Thanh Hoa,Thanh Hoa,27.84,27.84,27.84,89.0,33.08,10000.0,0.0,28.0,2.02,3.72,206.0,998.0,0,802,Clouds,scattered clouds,03d
2025-07-28 18:42:14,Thanh Hoa-Thanh Hoa,Thanh Hoa,27.84,27.84,27.84,89.0,33.08,10000.0,0.0,13.0,2.07,3.37,185.0,998.0,0,801,Clouds,few clouds,02n
2025-07-28 18:46:05,Thanh Hoa-Thanh Hoa,Thanh Hoa,27.84,27.84,27.84,89.0,33.08,10000.0,0.0,13.0,2.07,3.37,185.0,998.0,0,801,Clouds,few clouds,02n
2025-07-28 18:49:55,Thanh Hoa-Thanh Hoa,Thanh Hoa,27.84,27.84,27.84,89.0,33.08,10000.0,0.0,13.0,2.07,3.37,185.0,998.0,0,801,Clouds,few clouds,02n
2025-07-28 18:53:46,Thanh Hoa-Thanh Hoa,Thanh Hoa,27.84,27.84,27.84,89.0,33.08,10000.0,0.0,13.0,2.07,3.37,185.0,998.0,0,801,Clouds,few clouds,02n
2025-07-28 18:57:36,Thanh Hoa-Thanh Hoa,Thanh Hoa,27.84,27.84,27.84,89.0,33.08,10000.0,0.0,13.0,2.07,3.37,185.0,998.0,0,801,Clouds,few clouds,02n
2025-07-28 19:01:28,Thanh Hoa-Thanh Hoa,Thanh Hoa,27.84,27.84,27.84,89.0,33.08,10000.0,0.0,13.0,2.07,3.37,185.0,998.0,0,801,Clouds,few clouds,02n
2025-07-28 19:05:18,Thanh Hoa-Thanh Hoa,Thanh Hoa,27.84,27.84,27.84,89.0,33.08,10000.0,0.0,13.0,2.07,3.37,185.0,998.0,0,801,Clouds,few clouds,02n
2025-07-28 19:09:11,Thanh Hoa-Thanh Hoa,Thanh Hoa,27.84,27.84,27.84,89.0,33.08,10000.0,0.0,13.0,2.07,3.37,185.0,998.0,0,801,Clouds,few clouds,02n
2025-07-28 19:13:00,Thanh Hoa-Thanh Hoa,Thanh Hoa,27.84,27.84,27.84,89.0,33.08,10000.0,0.0,13.0,2.07,3.37,185.0,998.0,0,801,Clouds,few clouds,02n
2025-07-28 19:16:46,Thanh Hoa-Thanh Hoa,Thanh Hoa,27.84,27.84,27.84,89.0,33.08,10000.0,0.0,13.0,2.07,3.37,185.0,998.0,0,801,Clouds,few clouds,02n
2025-07-28 19:20:32,Thanh Hoa-Thanh Hoa,Thanh Hoa,27.84,27.84,27.84,89.0,33.08,10000.0,0.0,13.0,2.07,3.37,185.0,998.0,0,801,Clouds,few clouds,02n
2025-07-28 19:24:17,Thanh Hoa-Thanh Hoa,Thanh Hoa,27.84,27.84,27.84,89.0,33.08,10000.0,0.0,13.0,2.07,3.37,185.0,998.0,0,801,Clouds,few clouds,02n
2025-07-28 19:28:03,Thanh Hoa-Thanh Hoa,Thanh Hoa,28.19,28.19,28.19,89.0,34.17,10000.0,0.0,13.0,2.07,3.37,185.0,998.0,0,801,Clouds,few clouds,02n
2025-07-28 19:31:49,Thanh Hoa-Thanh Hoa,Thanh Hoa,28.19,28.19,28.19,89.0,34.17,10000.0,0.0,13.0,2.07,3.37,185.0,998.0,0,801,Clouds,few clouds,02n
2025-07-28 19:35:35,Thanh Hoa-Thanh Hoa,Thanh Hoa,27.82,27.82,27.82,90.0,33.18,10000.0,0.0,73.0,1.94,2.61,198.0,998.0,0,803,Clouds,broken clouds,04n
2025-07-28 19:39:22,Thanh Hoa-Thanh Hoa,Thanh Hoa,27.82,27.82,27.82,90.0,33.18,10000.0,0.0,73.0,1.94,2.61,198.0,998.0,0,803,Clouds,broken clouds,04n
2025-07-28 19:43:08,Thanh Hoa-Thanh Hoa,Thanh Hoa,27.82,27.82,27.82,90.0,33.18,10000.0,0.0,73.0,1.94,2.61,198.0,998.0,0,803,Clouds,broken clouds,04n
2025-07-28 19:46:54,Thanh Hoa-Thanh Hoa,Thanh Hoa,27.81,27.81,27.81,90.0,33.15,10000.0,0.0,73.0,1.94,2.61,198.0,998.0,0,803,Clouds,broken clouds,04n
2025-07-28 19:50:45,Thanh Hoa-Thanh Hoa,Thanh Hoa,27.81,27.81,27.81,90.0,33.15,10000.0,0.0,73.0,1.94,2.61,198.0,998.0,0,803,Clouds,broken clouds,04n
2025-07-28 19:54:34,Thanh Hoa-Thanh Hoa,Thanh Hoa,27.81,27.81,27.81,90.0,33.15,10000.0,0.0,73.0,1.94,2.61,198.0,998.0,0,803,Clouds,broken clouds,04n
2025-07-28 19:58:20,Thanh Hoa-Thanh Hoa,Thanh Hoa,27.81,27.81,27.81,90.0,33.15,10000.0,0.0,73.0,1.94,2.61,198.0,998.0,0,803,Clouds,broken clouds,04n
2025-07-28 20:02:06,Thanh Hoa-Thanh Hoa,Thanh Hoa,27.82,27.82,27.82,90.0,33.18,10000.0,0.0,73.0,1.94,2.61,198.0,998.0,0,803,Clouds,broken clouds,04n
2025-07-28 20:05:52,Thanh Hoa-Thanh Hoa,Thanh Hoa,27.82,27.82,27.82,90.0,33.18,10000.0,0.0,73.0,1.94,2.61,198.0,998.0,0,803,Clouds,broken clouds,04n
2025-07-28 20:09:38,Thanh Hoa-Thanh Hoa,Thanh Hoa,27.82,27.82,27.82,90.0,33.18,10000.0,0.0,73.0,1.94,2.61,198.0,998.0,0,803,Clouds,broken clouds,04n
2025-07-28 20:13:24,Thanh Hoa-Thanh Hoa,Thanh Hoa,27.82,27.82,27.82,90.0,33.18,10000.0,0.0,73.0,1.94,2.61,198.0,998.0,0,803,Clouds,broken clouds,04n
2025-07-28 20:17:11,Thanh Hoa-Thanh Hoa,Thanh Hoa,27.82,27.82,27.82,90.0,33.18,10000.0,0.0,73.0,1.94,2.61,198.0,998.0,0,803,Clouds,broken clouds,04n
2025-07-28 20:20:57,Thanh Hoa-Thanh Hoa,Thanh Hoa,27.82,27.82,27.82,90.0,33.18,10000.0,0.0,73.0,1.94,2.61,198.0,998.0,0,803,Clouds,broken clouds,04n
2025-07-28 20:24:43,Thanh Hoa-Thanh Hoa,Thanh Hoa,27.82,27.82,27.82,90.0,33.18,10000.0,0.0,73.0,1.94,2.61,198.0,998.0,0,803,Clouds,broken clouds,04n
2025-07-28 20:28:29,Thanh Hoa-Thanh Hoa,Thanh Hoa,27.82,27.82,27.82,90.0,33.18,10000.0,0.0,73.0,1.94,2.61,198.0,998.0,0,803,Clouds,broken clouds,04n
2025-07-28 20:32:15,Thanh Hoa-Thanh Hoa,Thanh Hoa,27.56,27.56,27.56,90.0,32.38,10000.0,0.0,83.0,1.48,1.65,207.0,999.0,0,803,Clouds,broken clouds,04n
2025-07-28 20:36:02,Thanh Hoa-Thanh Hoa,Thanh Hoa,27.56,27.56,27.56,90.0,32.38,10000.0,0.0,83.0,1.48,1.65,207.0,999.0,0,803,Clouds,broken clouds,04n
2025-07-28 20:39:48,Thanh Hoa-Thanh Hoa,Thanh Hoa,27.56,27.56,27.56,90.0,32.38,10000.0,0.0,83.0,1.48,1.65,207.0,999.0,0,803,Clouds,broken clouds,04n
2025-07-28 20:43:34,Thanh Hoa-Thanh Hoa,Thanh Hoa,27.56,27.56,27.56,90.0,32.38,10000.0,0.0,83.0,1.48,1.65,207.0,999.0,0,803,Clouds,broken clouds,04n
2025-07-28 20:47:20,Thanh Hoa-Thanh Hoa,Thanh Hoa,27.56,27.56,27.56,90.0,32.38,10000.0,0.0,83.0,1.48,1.65,207.0,999.0,0,803,Clouds,broken clouds,04n
2025-07-28 20:51:08,Thanh Hoa-Thanh Hoa,Thanh Hoa,27.56,27.56,27.56,90.0,32.38,10000.0,0.0,83.0,1.48,1.65,207.0,999.0,0,803,Clouds,broken clouds,04n
2025-07-28 20:54:56,Thanh Hoa-Thanh Hoa,Thanh Hoa,27.56,27.56,27.56,90.0,32.38,10000.0,0.0,83.0,1.48,1.65,207.0,999.0,0,803,Clouds,broken clouds,04n
2025-07-28 20:58:42,Thanh Hoa-Thanh Hoa,Thanh Hoa,27.56,27.56,27.56,90.0,32.38,10000.0,0.0,83.0,1.48,1.65,207.0,999.0,0,803,Clouds,broken clouds,04n
2025-07-28 21:02:29,Thanh Hoa-Thanh Hoa,Thanh Hoa,27.57,27.57,27.57,90.0,32.41,10000.0,0.0,83.0,1.48,1.65,207.0,999.0,0,803,Clouds,broken clouds,04n
2025-07-28 21:06:16,Thanh Hoa-Thanh Hoa,Thanh Hoa,27.57,27.57,27.57,90.0,32.41,10000.0,0.0,83.0,1.48,1.65,207.0,999.0,0,803,Clouds,broken clouds,04n
2025-07-28 21:10:01,Thanh Hoa-Thanh Hoa,Thanh Hoa,27.57,27.57,27.57,90.0,32.41,10000.0,0.0,83.0,1.48,1.65,207.0,999.0,0,803,Clouds,broken clouds,04n
2025-07-28 21:13:47,Thanh Hoa-Thanh Hoa,Thanh Hoa,27.57,27.57,27.57,90.0,32.41,10000.0,0.0,83.0,1.48,1.65,207.0,999.0,0,803,Clouds,broken clouds,04n
2025-07-28 21:17:33,Thanh Hoa-Thanh Hoa,Thanh Hoa,27.57,27.57,27.57,90.0,32.41,10000.0,0.0,83.0,1.48,1.65,207.0,999.0,0,803,Clouds,broken clouds,04n
2025-07-28 21:21:19,Thanh Hoa-Thanh Hoa,Thanh Hoa,27.57,27.57,27.57,90.0,32.41,10000.0,0.0,83.0,1.48,1.65,207.0,999.0,0,803,Clouds,broken clouds,04n
2025-07-28 21:25:06,Thanh Hoa-Thanh Hoa,Thanh Hoa,27.57,27.57,27.57,90.0,32.41,10000.0,0.0,83.0,1.48,1.65,207.0,999.0,0,803,Clouds,broken clouds,04n
2025-07-28 21:28:52,Thanh Hoa-Thanh Hoa,Thanh Hoa,27.57,27.57,27.57,90.0,32.41,10000.0,0.0,83.0,1.48,1.65,207.0,999.0,0,803,Clouds,broken clouds,04n
2025-07-28 21:32:53,Thanh Hoa-Thanh Hoa,Thanh Hoa,27.38,27.38,27.38,90.0,31.84,10000.0,0.0,88.0,1.62,1.79,218.0,1000.0,0,804,Clouds,overcast clouds,04n
2025-07-28 21:36:40,Thanh Hoa-Thanh Hoa,Thanh Hoa,27.38,27.38,27.38,90.0,31.84,10000.0,0.0,88.0,1.62,1.79,218.0,1000.0,0,804,Clouds,overcast clouds,04n
2025-07-28 21:40:26,Thanh Hoa-Thanh Hoa,Thanh Hoa,27.38,27.38,27.38,90.0,31.84,10000.0,0.0,88.0,1.62,1.79,218.0,1000.0,0,804,Clouds,overcast clouds,04n
2025-07-28 21:44:11,Thanh Hoa-Thanh Hoa,Thanh Hoa,27.38,27.38,27.38,90.0,31.84,10000.0,0.0,88.0,1.62,1.79,218.0,1000.0,0,804,Clouds,overcast clouds,04n
2025-07-28 21:47:58,Thanh Hoa-Thanh Hoa,Thanh Hoa,27.38,27.38,27.38,90.0,31.84,10000.0,0.0,88.0,1.62,1.79,218.0,1000.0,0,804,Clouds,overcast clouds,04n
2025-07-28 21:51:43,Thanh Hoa-Thanh Hoa,Thanh Hoa,27.38,27.38,27.38,90.0,31.84,10000.0,0.0,88.0,1.62,1.79,218.0,1000.0,0,804,Clouds,overcast clouds,04n
2025-07-28 21:55:30,Thanh Hoa-Thanh Hoa,Thanh Hoa,27.38,27.38,27.38,90.0,31.84,10000.0,0.0,88.0,1.62,1.79,218.0,1000.0,0,804,Clouds,overcast clouds,04n
2025-07-28 21:59:16,Thanh Hoa-Thanh Hoa,Thanh Hoa,27.38,27.38,27.38,90.0,31.84,10000.0,0.0,88.0,1.62,1.79,218.0,1000.0,0,804,Clouds,overcast clouds,04n
2025-07-28 22:03:01,Thanh Hoa-Thanh Hoa,Thanh Hoa,27.38,27.38,27.38,90.0,31.84,10000.0,0.0,88.0,1.62,1.79,218.0,1000.0,0,804,Clouds,overcast clouds,04n
2025-07-28 22:06:47,Thanh Hoa-Thanh Hoa,Thanh Hoa,27.38,27.38,27.38,90.0,31.84,10000.0,0.0,88.0,1.62,1.79,218.0,1000.0,0,804,Clouds,overcast clouds,04n
2025-07-28 22:10:34,Thanh Hoa-Thanh Hoa,Thanh Hoa,27.38,27.38,27.38,90.0,31.84,10000.0,0.0,88.0,1.62,1.79,218.0,1000.0,0,804,Clouds,overcast clouds,04n
2025-07-28 22:14:20,Thanh Hoa-Thanh Hoa,Thanh Hoa,27.38,27.38,27.38,90.0,31.84,10000.0,0.0,88.0,1.62,1.79,218.0,1000.0,0,804,Clouds,overcast clouds,04n
2025-07-28 22:18:07,Thanh Hoa-Thanh Hoa,Thanh Hoa,27.38,27.38,27.38,90.0,31.84,10000.0,0.0,88.0,1.62,1.79,218.0,1000.0,0,804,Clouds,overcast clouds,04n
2025-07-28 22:21:52,Thanh Hoa-Thanh Hoa,Thanh Hoa,27.38,27.38,27.38,90.0,31.84,10000.0,0.0,88.0,1.62,1.79,218.0,1000.0,0,804,Clouds,overcast clouds,04n
2025-07-28 22:25:38,Thanh Hoa-Thanh Hoa,Thanh Hoa,27.38,27.38,27.38,90.0,31.84,10000.0,0.0,88.0,1.62,1.79,218.0,1000.0,0,804,Clouds,overcast clouds,04n
2025-07-28 22:29:24,Thanh Hoa-Thanh Hoa,Thanh Hoa,27.39,27.39,27.39,90.0,31.87,10000.0,0.0,88.0,1.62,1.79,218.0,1000.0,0,804,Clouds,overcast clouds,04n
2025-07-28 22:33:09,Thanh Hoa-Thanh Hoa,Thanh Hoa,27.39,27.39,27.39,90.0,31.87,10000.0,0.0,88.0,1.62,1.79,218.0,1000.0,0,804,Clouds,overcast clouds,04n
2025-07-28 22:36:55,Thanh Hoa-Thanh Hoa,Thanh Hoa,27.07,27.07,27.07,90.0,30.94,10000.0,0.0,91.0,1.74,2.1,221.0,999.0,0,804,Clouds,overcast clouds,04n
2025-07-28 22:40:41,Thanh Hoa-Thanh Hoa,Thanh Hoa,27.07,27.07,27.07,90.0,30.94,10000.0,0.0,91.0,1.74,2.1,221.0,999.0,0,804,Clouds,overcast clouds,04n
2025-07-28 22:44:27,Thanh Hoa-Thanh Hoa,Thanh Hoa,27.07,27.07,27.07,90.0,30.94,10000.0,0.0,91.0,1.74,2.1,221.0,999.0,0,804,Clouds,overcast clouds,04n
2025-07-28 22:48:13,Thanh Hoa-Thanh Hoa,Thanh Hoa,27.06,27.06,27.06,90.0,30.91,10000.0,0.0,91.0,1.74,2.1,221.0,999.0,0,804,Clouds,overcast clouds,04n
2025-07-28 22:51:59,Thanh Hoa-Thanh Hoa,Thanh Hoa,27.06,27.06,27.06,90.0,30.91,10000.0,0.0,91.0,1.74,2.1,221.0,999.0,0,804,Clouds,overcast clouds,04n
2025-07-28 22:55:45,Thanh Hoa-Thanh Hoa,Thanh Hoa,27.06,27.06,27.06,90.0,30.91,10000.0,0.0,91.0,1.74,2.1,221.0,999.0,0,804,Clouds,overcast clouds,04n
2025-07-28 22:59:31,Thanh Hoa-Thanh Hoa,Thanh Hoa,27.06,27.06,27.06,90.0,30.91,10000.0,0.0,91.0,1.74,2.1,221.0,999.0,0,804,Clouds,overcast clouds,04n
2025-07-28 23:03:17,Thanh Hoa-Thanh Hoa,Thanh Hoa,27.08,27.08,27.08,90.0,30.96,10000.0,0.0,91.0,1.74,2.1,221.0,999.0,0,804,Clouds,overcast clouds,04n
2025-07-28 23:07:03,Thanh Hoa-Thanh Hoa,Thanh Hoa,27.08,27.08,27.08,90.0,30.96,10000.0,0.0,91.0,1.74,2.1,221.0,999.0,0,804,Clouds,overcast clouds,04n
2025-07-28 23:10:49,Thanh Hoa-Thanh Hoa,Thanh Hoa,27.08,27.08,27.08,90.0,30.96,10000.0,0.0,91.0,1.74,2.1,221.0,999.0,0,804,Clouds,overcast clouds,04n
2025-07-28 23:14:34,Thanh Hoa-Thanh Hoa,Thanh Hoa,27.08,27.08,27.08,90.0,30.96,10000.0,0.0,91.0,1.74,2.1,221.0,999.0,0,804,Clouds,overcast clouds,04n
2025-07-28 23:18:20,Thanh Hoa-Thanh Hoa,Thanh Hoa,27.08,27.08,27.08,90.0,30.96,10000.0,0.0,91.0,1.74,2.1,221.0,999.0,0,804,Clouds,overcast clouds,04n
2025-07-28 23:22:06,Thanh Hoa-Thanh Hoa,Thanh Hoa,27.08,27.08,27.08,90.0,30.96,10000.0,0.0,91.0,1.74,2.1,221.0,999.0,0,804,Clouds,overcast clouds,04n
2025-07-28 23:25:52,Thanh Hoa-Thanh Hoa,Thanh Hoa,27.08,27.08,27.08,90.0,30.96,10000.0,0.0,91.0,1.74,2.1,221.0,999.0,0,804,Clouds,overcast clouds,04n
2025-07-28 23:29:37,Thanh Hoa-Thanh Hoa,Thanh Hoa,27.08,27.08,27.08,90.0,30.96,10000.0,0.0,91.0,1.74,2.1,221.0,999.0,0,804,Clouds,overcast clouds,04n
2025-07-28 23:33:23,Thanh Hoa-Thanh Hoa,Thanh Hoa,26.82,26.82,26.82,91.0,30.32,10000.0,0.0,93.0,1.76,2.33,230.0,999.0,0,804,Clouds,overcast clouds,04n
2025-07-28 23:37:09,Thanh Hoa-Thanh Hoa,Thanh Hoa,26.82,26.82,26.82,91.0,30.32,10000.0,0.0,93.0,1.76,2.33,230.0,999.0,0,804,Clouds,overcast clouds,04n
2025-07-28 23:40:55,Thanh Hoa-Thanh Hoa,Thanh Hoa,26.82,26.82,26.82,91.0,30.32,10000.0,0.0,93.0,1.76,2.33,230.0,999.0,0,804,Clouds,overcast clouds,04n
2025-07-28 23:44:41,Thanh Hoa-Thanh Hoa,Thanh Hoa,26.82,26.82,26.82,91.0,30.32,10000.0,0.0,93.0,1.76,2.33,230.0,999.0,0,804,Clouds,overcast clouds,04n
2025-07-28 23:48:27,Thanh Hoa-Thanh Hoa,Thanh Hoa,26.82,26.82,26.82,91.0,30.32,10000.0,0.0,93.0,1.76,2.33,230.0,999.0,0,804,Clouds,overcast clouds,04n
2025-07-28 23:52:14,Thanh Hoa-Thanh Hoa,Thanh Hoa,26.77,26.77,26.77,91.0,30.18,10000.0,0.0,93.0,1.76,2.33,230.0,999.0,0,804,Clouds,overcast clouds,04n
2025-07-28 23:56:03,Thanh Hoa-Thanh Hoa,Thanh Hoa,26.77,26.77,26.77,91.0,30.18,10000.0,0.0,93.0,1.76,2.33,230.0,999.0,0,804,Clouds,overcast clouds,04n
2025-07-28 23:59:49,Thanh Hoa-Thanh Hoa,Thanh Hoa,26.77,26.77,26.77,91.0,30.18,10000.0,0.0,93.0,1.76,2.33,230.0,999.0,0,804,Clouds,overcast clouds,04n
2025-07-29 00:03:35,Thanh Hoa-Thanh Hoa,Thanh Hoa,26.77,26.77,26.77,91.0,30.18,10000.0,0.0,93.0,1.76,2.33,230.0,999.0,0,804,Clouds,overcast clouds,04n
2025-07-29 00:07:21,Thanh Hoa-Thanh Hoa,Thanh Hoa,26.77,26.77,26.77,91.0,30.18,10000.0,0.0,93.0,1.76,2.33,230.0,999.0,0,804,Clouds,overcast clouds,04n
2025-07-29 00:11:09,Thanh Hoa-Thanh Hoa,Thanh Hoa,26.77,26.77,26.77,91.0,30.18,10000.0,0.0,93.0,1.76,2.33,230.0,999.0,0,804,Clouds,overcast clouds,04n
2025-07-29 00:14:55,Thanh Hoa-Thanh Hoa,Thanh Hoa,26.77,26.77,26.77,91.0,30.18,10000.0,0.0,93.0,1.76,2.33,230.0,999.0,0,804,Clouds,overcast clouds,04n
2025-07-29 00:18:40,Thanh Hoa-Thanh Hoa,Thanh Hoa,26.77,26.77,26.77,91.0,30.18,10000.0,0.0,93.0,1.76,2.33,230.0,999.0,0,804,Clouds,overcast clouds,04n
2025-07-29 00:22:26,Thanh Hoa-Thanh Hoa,Thanh Hoa,26.77,26.77,26.77,91.0,30.18,10000.0,0.0,93.0,1.76,2.33,230.0,999.0,0,804,Clouds,overcast clouds,04n
2025-07-29 00:26:12,Thanh Hoa-Thanh Hoa,Thanh Hoa,26.77,26.77,26.77,91.0,30.18,10000.0,0.0,93.0,1.76,2.33,230.0,999.0,0,804,Clouds,overcast clouds,04n
2025-07-29 00:29:58,Thanh Hoa-Thanh Hoa,Thanh Hoa,26.77,26.77,26.77,91.0,30.18,10000.0,0.0,93.0,1.76,2.33,230.0,999.0,0,804,Clouds,overcast clouds,04n
2025-07-29 00:33:45,Thanh Hoa-Thanh Hoa,Thanh Hoa,26.45,26.45,26.45,92.0,26.45,10000.0,0.0,95.0,1.68,2.21,229.0,998.0,0,804,Clouds,overcast clouds,04n
2025-07-29 00:37:31,Thanh Hoa-Thanh Hoa,Thanh Hoa,26.45,26.45,26.45,92.0,26.45,10000.0,0.0,95.0,1.68,2.21,229.0,998.0,0,804,Clouds,overcast clouds,04n
2025-07-29 00:41:16,Thanh Hoa-Thanh Hoa,Thanh Hoa,26.45,26.45,26.45,92.0,26.45,10000.0,0.0,95.0,1.68,2.21,229.0,998.0,0,804,Clouds,overcast clouds,04n
2025-07-29 00:45:02,Thanh Hoa-Thanh Hoa,Thanh Hoa,26.45,26.45,26.45,92.0,26.45,10000.0,0.0,95.0,1.68,2.21,229.0,998.0,0,804,Clouds,overcast clouds,04n
2025-07-29 00:48:49,Thanh Hoa-Thanh Hoa,Thanh Hoa,26.45,26.45,26.45,92.0,26.45,10000.0,0.0,95.0,1.68,2.21,229.0,998.0,0,804,Clouds,overcast clouds,04n
2025-07-29 00:52:36,Thanh Hoa-Thanh Hoa,Thanh Hoa,26.45,26.45,26.45,92.0,26.45,10000.0,0.0,87.0,1.7,2.61,225.0,998.0,0,804,Clouds,overcast clouds,04n
2025-07-29 00:56:21,Thanh Hoa-Thanh Hoa,Thanh Hoa,26.45,26.45,26.45,92.0,26.45,10000.0,0.0,87.0,1.7,2.61,225.0,998.0,0,804,Clouds,overcast clouds,04n
2025-07-29 01:00:08,Thanh Hoa-Thanh Hoa,Thanh Hoa,26.45,26.45,26.45,92.0,26.45,10000.0,0.0,87.0,1.7,2.61,225.0,998.0,0,804,Clouds,overcast clouds,04n
2025-07-29 01:03:54,Thanh Hoa-Thanh Hoa,Thanh Hoa,26.45,26.45,26.45,92.0,26.45,10000.0,0.0,87.0,1.7,2.61,225.0,998.0,0,804,Clouds,overcast clouds,04n
2025-07-29 01:07:40,Thanh Hoa-Thanh Hoa,Thanh Hoa,26.45,26.45,26.45,92.0,26.45,10000.0,0.0,87.0,1.7,2.61,225.0,998.0,0,804,Clouds,overcast clouds,04n
2025-07-29 01:11:26,Thanh Hoa-Thanh Hoa,Thanh Hoa,26.45,26.45,26.45,92.0,26.45,10000.0,0.0,87.0,1.7,2.61,225.0,998.0,0,804,Clouds,overcast clouds,04n
2025-07-29 01:15:12,Thanh Hoa-Thanh Hoa,Thanh Hoa,26.45,26.45,26.45,92.0,26.45,10000.0,0.0,87.0,1.7,2.61,225.0,998.0,0,804,Clouds,overcast clouds,04n
2025-07-29 01:18:58,Thanh Hoa-Thanh Hoa,Thanh Hoa,26.45,26.45,26.45,92.0,26.45,10000.0,0.0,87.0,1.7,2.61,225.0,998.0,0,804,Clouds,overcast clouds,04n
2025-07-29 01:22:44,Thanh Hoa-Thanh Hoa,Thanh Hoa,26.45,26.45,26.45,92.0,26.45,10000.0,0.0,87.0,1.7,2.61,225.0,998.0,0,804,Clouds,overcast clouds,04n
2025-07-29 01:26:30,Thanh Hoa-Thanh Hoa,Thanh Hoa,26.45,26.45,26.45,92.0,26.45,10000.0,0.0,87.0,1.7,2.61,225.0,998.0,0,804,Clouds,overcast clouds,04n
2025-07-29 01:30:16,Thanh Hoa-Thanh Hoa,Thanh Hoa,26.45,26.45,26.45,92.0,26.45,10000.0,0.0,87.0,1.7,2.61,225.0,998.0,0,804,Clouds,overcast clouds,04n
2025-07-29 01:34:02,Thanh Hoa-Thanh Hoa,Thanh Hoa,26.21,26.21,26.21,92.0,26.21,10000.0,0.0,51.0,1.75,2.36,239.0,997.0,0,803,Clouds,broken clouds,04n
2025-07-29 01:37:48,Thanh Hoa-Thanh Hoa,Thanh Hoa,26.21,26.21,26.21,92.0,26.21,10000.0,0.0,51.0,1.75,2.36,239.0,997.0,0,803,Clouds,broken clouds,04n
2025-07-29 01:41:34,Thanh Hoa-Thanh Hoa,Thanh Hoa,26.49,26.49,26.49,93.0,26.49,10000.0,0.0,51.0,1.75,2.36,239.0,997.0,0,803,Clouds,broken clouds,04n
2025-07-29 01:45:20,Thanh Hoa-Thanh Hoa,Thanh Hoa,26.49,26.49,26.49,93.0,26.49,10000.0,0.0,51.0,1.75,2.36,239.0,997.0,0,803,Clouds,broken clouds,04n
2025-07-29 01:49:06,Thanh Hoa-Thanh Hoa,Thanh Hoa,26.49,26.49,26.49,93.0,26.49,10000.0,0.0,51.0,1.75,2.36,239.0,997.0,0,803,Clouds,broken clouds,04n
2025-07-29 01:52:52,Thanh Hoa-Thanh Hoa,Thanh Hoa,26.49,26.49,26.49,93.0,26.49,10000.0,0.0,51.0,1.75,2.36,239.0,997.0,0,803,Clouds,broken clouds,04n
2025-07-29 01:56:38,Thanh Hoa-Thanh Hoa,Thanh Hoa,26.49,26.49,26.49,93.0,26.49,10000.0,0.0,51.0,1.75,2.36,239.0,997.0,0,803,Clouds,broken clouds,04n
2025-07-29 02:00:24,Thanh Hoa-Thanh Hoa,Thanh Hoa,26.49,26.49,26.49,93.0,26.49,10000.0,0.0,51.0,1.75,2.36,239.0,997.0,0,803,Clouds,broken clouds,04n
2025-07-29 02:04:09,Thanh Hoa-Thanh Hoa,Thanh Hoa,26.49,26.49,26.49,93.0,26.49,10000.0,0.0,51.0,1.75,2.36,239.0,997.0,0,803,Clouds,broken clouds,04n
2025-07-29 02:07:55,Thanh Hoa-Thanh Hoa,Thanh Hoa,26.52,26.52,26.52,93.0,26.52,10000.0,0.0,51.0,1.75,2.36,239.0,997.0,0,803,Clouds,broken clouds,04n
2025-07-29 02:11:43,Thanh Hoa-Thanh Hoa,Thanh Hoa,26.52,26.52,26.52,93.0,26.52,10000.0,0.0,51.0,1.75,2.36,239.0,997.0,0,803,Clouds,broken clouds,04n
2025-07-29 02:15:31,Thanh Hoa-Thanh Hoa,Thanh Hoa,26.52,26.52,26.52,93.0,26.52,10000.0,0.0,51.0,1.75,2.36,239.0,997.0,0,803,Clouds,broken clouds,04n
2025-07-29 02:19:16,Thanh Hoa-Thanh Hoa,Thanh Hoa,26.52,26.52,26.52,93.0,26.52,10000.0,0.0,51.0,1.75,2.36,239.0,997.0,0,803,Clouds,broken clouds,04n
2025-07-29 02:23:02,Thanh Hoa-Thanh Hoa,Thanh Hoa,26.51,26.51,26.51,93.0,26.51,10000.0,0.0,51.0,1.75,2.36,239.0,997.0,0,803,Clouds,broken clouds,04n
2025-07-29 02:26:49,Thanh Hoa-Thanh Hoa,Thanh Hoa,26.51,26.51,26.51,93.0,26.51,10000.0,0.0,51.0,1.75,2.36,239.0,997.0,0,803,Clouds,broken clouds,04n
2025-07-29 02:30:36,Thanh Hoa-Thanh Hoa,Thanh Hoa,26.31,26.31,26.31,93.0,26.31,10000.0,0.0,81.0,1.53,1.96,252.0,997.0,0,803,Clouds,broken clouds,04n
2025-07-29 02:34:24,Thanh Hoa-Thanh Hoa,Thanh Hoa,26.31,26.31,26.31,93.0,26.31,10000.0,0.0,81.0,1.53,1.96,252.0,997.0,0,803,Clouds,broken clouds,04n
2025-07-29 02:38:10,Thanh Hoa-Thanh Hoa,Thanh Hoa,26.26,26.26,26.26,93.0,26.26,10000.0,0.0,81.0,1.53,1.96,252.0,997.0,0,803,Clouds,broken clouds,04n
2025-07-29 02:41:56,Thanh Hoa-Thanh Hoa,Thanh Hoa,26.26,26.26,26.26,93.0,26.26,10000.0,0.0,81.0,1.53,1.96,252.0,997.0,0,803,Clouds,broken clouds,04n
2025-07-29 02:45:42,Thanh Hoa-Thanh Hoa,Thanh Hoa,26.26,26.26,26.26,93.0,26.26,10000.0,0.0,81.0,1.53,1.96,252.0,997.0,0,803,Clouds,broken clouds,04n
2025-07-29 02:49:28,Thanh Hoa-Thanh Hoa,Thanh Hoa,26.25,26.25,26.25,93.0,26.25,10000.0,0.0,81.0,1.53,1.96,252.0,997.0,0,803,Clouds,broken clouds,04n
2025-07-29 02:53:17,Thanh Hoa-Thanh Hoa,Thanh Hoa,26.25,26.25,26.25,93.0,26.25,10000.0,0.0,81.0,1.53,1.96,252.0,997.0,0,803,Clouds,broken clouds,04n
2025-07-29 02:57:05,Thanh Hoa-Thanh Hoa,Thanh Hoa,26.25,26.25,26.25,93.0,26.25,10000.0,0.0,81.0,1.53,1.96,252.0,997.0,0,803,Clouds,broken clouds,04n
2025-07-29 03:00:51,Thanh Hoa-Thanh Hoa,Thanh Hoa,26.25,26.25,26.25,93.0,26.25,10000.0,0.0,81.0,1.53,1.96,252.0,997.0,0,803,Clouds,broken clouds,04n
2025-07-29 03:04:37,Thanh Hoa-Thanh Hoa,Thanh Hoa,26.26,26.26,26.26,93.0,26.26,10000.0,0.0,81.0,1.53,1.96,252.0,997.0,0,803,Clouds,broken clouds,04n
2025-07-29 03:08:23,Thanh Hoa-Thanh Hoa,Thanh Hoa,26.26,26.26,26.26,93.0,26.26,10000.0,0.0,81.0,1.53,1.96,252.0,997.0,0,803,Clouds,broken clouds,04n
2025-07-29 03:12:11,Thanh Hoa-Thanh Hoa,Thanh Hoa,26.26,26.26,26.26,93.0,26.26,10000.0,0.0,81.0,1.53,1.96,252.0,997.0,0,803,Clouds,broken clouds,04n
2025-07-29 03:15:58,Thanh Hoa-Thanh Hoa,Thanh Hoa,26.26,26.26,26.26,93.0,26.26,10000.0,0.0,81.0,1.53,1.96,252.0,997.0,0,803,Clouds,broken clouds,04n
2025-07-29 03:19:43,Thanh Hoa-Thanh Hoa,Thanh Hoa,26.26,26.26,26.26,93.0,26.26,10000.0,0.0,81.0,1.53,1.96,252.0,997.0,0,803,Clouds,broken clouds,04n
2025-07-29 03:23:29,Thanh Hoa-Thanh Hoa,Thanh Hoa,26.26,26.26,26.26,93.0,26.26,10000.0,0.0,81.0,1.53,1.96,252.0,997.0,0,803,Clouds,broken clouds,04n
2025-07-29 03:27:15,Thanh Hoa-Thanh Hoa,Thanh Hoa,26.26,26.26,26.26,93.0,26.26,10000.0,0.0,81.0,1.53,1.96,252.0,997.0,0,803,Clouds,broken clouds,04n
2025-07-29 03:31:07,Thanh Hoa-Thanh Hoa,Thanh Hoa,26.06,26.06,26.06,93.0,26.06,10000.0,0.0,87.0,1.42,1.6,276.0,997.0,0,804,Clouds,overcast clouds,04n
2025-07-29 03:34:55,Thanh Hoa-Thanh Hoa,Thanh Hoa,26.1,26.1,26.1,93.0,26.1,10000.0,0.0,87.0,1.42,1.6,276.0,997.0,0,804,Clouds,overcast clouds,04n
2025-07-29 03:38:40,Thanh Hoa-Thanh Hoa,Thanh Hoa,26.06,26.06,26.06,93.0,26.06,10000.0,0.0,87.0,1.42,1.6,276.0,997.0,0,804,Clouds,overcast clouds,04n
2025-07-29 03:42:26,Thanh Hoa-Thanh Hoa,Thanh Hoa,26.1,26.1,26.1,93.0,26.1,10000.0,0.0,87.0,1.42,1.6,276.0,997.0,0,804,Clouds,overcast clouds,04n
2025-07-29 03:46:12,Thanh Hoa-Thanh Hoa,Thanh Hoa,26.1,26.1,26.1,93.0,26.1,10000.0,0.0,87.0,1.42,1.6,276.0,997.0,0,804,Clouds,overcast clouds,04n
2025-07-29 03:49:57,Thanh Hoa-Thanh Hoa,Thanh Hoa,26.1,26.1,26.1,93.0,26.1,10000.0,0.0,87.0,1.42,1.6,276.0,997.0,0,804,Clouds,overcast clouds,04n
2025-07-29 03:53:43,Thanh Hoa-Thanh Hoa,Thanh Hoa,26.1,26.1,26.1,93.0,26.1,10000.0,0.0,87.0,1.42,1.6,276.0,997.0,0,804,Clouds,overcast clouds,04n
2025-07-29 03:57:29,Thanh Hoa-Thanh Hoa,Thanh Hoa,26.1,26.1,26.1,93.0,26.1,10000.0,0.0,87.0,1.42,1.6,276.0,997.0,0,804,Clouds,overcast clouds,04n
2025-07-29 04:01:15,Thanh Hoa-Thanh Hoa,Thanh Hoa,26.1,26.1,26.1,93.0,26.1,10000.0,0.0,87.0,1.42,1.6,276.0,997.0,0,804,Clouds,overcast clouds,04n
2025-07-29 04:05:00,Thanh Hoa-Thanh Hoa,Thanh Hoa,26.11,26.11,26.11,93.0,26.11,10000.0,0.0,87.0,1.42,1.6,276.0,997.0,0,804,Clouds,overcast clouds,04n
2025-07-29 04:08:46,Thanh Hoa-Thanh Hoa,Thanh Hoa,26.11,26.11,26.11,93.0,26.11,10000.0,0.0,87.0,1.42,1.6,276.0,997.0,0,804,Clouds,overcast clouds,04n
2025-07-29 04:12:32,Thanh Hoa-Thanh Hoa,Thanh Hoa,26.11,26.11,26.11,93.0,26.11,10000.0,0.0,87.0,1.42,1.6,276.0,997.0,0,804,Clouds,overcast clouds,04n
2025-07-29 04:16:18,Thanh Hoa-Thanh Hoa,Thanh Hoa,26.11,26.11,26.11,93.0,26.11,10000.0,0.0,87.0,1.42,1.6,276.0,997.0,0,804,Clouds,overcast clouds,04n
2025-07-29 04:20:05,Thanh Hoa-Thanh Hoa,Thanh Hoa,26.11,26.11,26.11,93.0,26.11,10000.0,0.0,87.0,1.42,1.6,276.0,997.0,0,804,Clouds,overcast clouds,04n
2025-07-29 04:23:51,Thanh Hoa-Thanh Hoa,Thanh Hoa,26.11,26.11,26.11,93.0,26.11,10000.0,0.0,87.0,1.42,1.6,276.0,997.0,0,804,Clouds,overcast clouds,04n
2025-07-29 04:27:37,Thanh Hoa-Thanh Hoa,Thanh Hoa,26.11,26.11,26.11,93.0,26.11,10000.0,0.0,87.0,1.42,1.6,276.0,997.0,0,804,Clouds,overcast clouds,04n
2025-07-29 04:31:28,Thanh Hoa-Thanh Hoa,Thanh Hoa,25.87,25.87,25.87,93.0,26.94,10000.0,0.0,68.0,1.34,1.66,283.0,997.0,0,803,Clouds,broken clouds,04n
2025-07-29 04:35:22,Thanh Hoa-Thanh Hoa,Thanh Hoa,25.87,25.87,25.87,93.0,26.94,10000.0,0.0,68.0,1.34,1.66,283.0,997.0,0,803,Clouds,broken clouds,04n
2025-07-29 04:39:08,Thanh Hoa-Thanh Hoa,Thanh Hoa,25.87,25.87,25.87,93.0,26.94,10000.0,0.0,68.0,1.34,1.66,283.0,997.0,0,803,Clouds,broken clouds,04n
2025-07-29 04:42:54,Thanh Hoa-Thanh Hoa,Thanh Hoa,25.87,25.87,25.87,93.0,26.94,10000.0,0.0,68.0,1.34,1.66,283.0,997.0,0,803,Clouds,broken clouds,04n
2025-07-29 04:46:40,Thanh Hoa-Thanh Hoa,Thanh Hoa,25.87,25.87,25.87,93.0,26.94,10000.0,0.0,68.0,1.34,1.66,283.0,997.0,0,803,Clouds,broken clouds,04n
2025-07-29 04:50:25,Thanh Hoa-Thanh Hoa,Thanh Hoa,25.87,25.87,25.87,93.0,26.94,10000.0,0.0,68.0,1.34,1.66,283.0,997.0,0,803,Clouds,broken clouds,04n
2025-07-29 04:54:11,Thanh Hoa-Thanh Hoa,Thanh Hoa,25.91,25.91,25.91,92.0,26.96,10000.0,0.0,68.0,1.34,1.66,283.0,997.0,0,803,Clouds,broken clouds,04n
2025-07-29 04:57:57,Thanh Hoa-Thanh Hoa,Thanh Hoa,25.91,25.91,25.91,92.0,26.96,10000.0,0.0,68.0,1.34,1.66,283.0,997.0,0,803,Clouds,broken clouds,04n
2025-07-29 05:01:43,Thanh Hoa-Thanh Hoa,Thanh Hoa,25.91,25.91,25.91,92.0,26.96,10000.0,0.0,68.0,1.34,1.66,283.0,997.0,0,803,Clouds,broken clouds,04n
2025-07-29 05:05:30,Thanh Hoa-Thanh Hoa,Thanh Hoa,25.94,25.94,25.94,92.0,26.99,10000.0,0.0,68.0,1.34,1.66,283.0,997.0,0,803,Clouds,broken clouds,04n
2025-07-29 05:09:19,Thanh Hoa-Thanh Hoa,Thanh Hoa,25.94,25.94,25.94,92.0,26.99,10000.0,0.0,68.0,1.34,1.66,283.0,997.0,0,803,Clouds,broken clouds,04n
2025-07-29 05:13:06,Thanh Hoa-Thanh Hoa,Thanh Hoa,25.94,25.94,25.94,92.0,26.99,10000.0,0.0,68.0,1.34,1.66,283.0,997.0,0,803,Clouds,broken clouds,04n
2025-07-29 05:16:52,Thanh Hoa-Thanh Hoa,Thanh Hoa,25.94,25.94,25.94,92.0,26.99,10000.0,0.0,68.0,1.34,1.66,283.0,997.0,0,803,Clouds,broken clouds,04n
2025-07-29 05:20:38,Thanh Hoa-Thanh Hoa,Thanh Hoa,25.94,25.94,25.94,92.0,26.99,10000.0,0.0,68.0,1.34,1.66,283.0,997.0,0,803,Clouds,broken clouds,04n
2025-07-29 05:24:24,Thanh Hoa-Thanh Hoa,Thanh Hoa,25.94,25.94,25.94,92.0,26.99,10000.0,0.0,68.0,1.34,1.66,283.0,997.0,0,803,Clouds,broken clouds,04n
2025-07-29 05:28:10,Thanh Hoa-Thanh Hoa,Thanh Hoa,25.94,25.94,25.94,92.0,26.99,10000.0,0.0,68.0,1.34,1.66,283.0,997.0,0,803,Clouds,broken clouds,04n
2025-07-29 05:31:57,Thanh Hoa-Thanh Hoa,Thanh Hoa,26.16,26.16,26.16,92.0,26.16,10000.0,0.0,57.0,1.39,1.73,264.0,997.0,1,803,Clouds,broken clouds,04d
2025-07-29 05:35:44,Thanh Hoa-Thanh Hoa,Thanh Hoa,26.16,26.16,26.16,92.0,26.16,10000.0,0.0,57.0,1.39,1.73,264.0,997.0,1,803,Clouds,broken clouds,04d
2025-07-29 05:39:30,Thanh Hoa-Thanh Hoa,Thanh Hoa,26.16,26.16,26.16,92.0,26.16,10000.0,0.0,57.0,1.39,1.73,264.0,997.0,1,803,Clouds,broken clouds,04d
2025-07-29 05:43:16,Thanh Hoa-Thanh Hoa,Thanh Hoa,26.16,26.16,26.16,92.0,26.16,10000.0,0.0,57.0,1.39,1.73,264.0,997.0,1,803,Clouds,broken clouds,04d
2025-07-29 05:47:02,Thanh Hoa-Thanh Hoa,Thanh Hoa,26.16,26.16,26.16,92.0,26.16,10000.0,0.0,57.0,1.39,1.73,264.0,997.0,1,803,Clouds,broken clouds,04d
2025-07-29 05:50:52,Thanh Hoa-Thanh Hoa,Thanh Hoa,26.16,26.16,26.16,92.0,26.16,10000.0,0.0,57.0,1.39,1.73,264.0,997.0,1,803,Clouds,broken clouds,04d
2025-07-29 05:54:42,Thanh Hoa-Thanh Hoa,Thanh Hoa,26.16,26.16,26.16,92.0,26.16,10000.0,0.0,57.0,1.39,1.73,264.0,997.0,1,803,Clouds,broken clouds,04d
2025-07-29 05:58:28,Thanh Hoa-Thanh Hoa,Thanh Hoa,26.16,26.16,26.16,92.0,26.16,10000.0,0.0,57.0,1.39,1.73,264.0,997.0,1,803,Clouds,broken clouds,04d
2025-07-29 06:02:14,Thanh Hoa-Thanh Hoa,Thanh Hoa,26.16,26.16,26.16,92.0,26.16,10000.0,0.0,57.0,1.39,1.73,264.0,997.0,1,803,Clouds,broken clouds,04d
2025-07-29 06:05:59,Thanh Hoa-Thanh Hoa,Thanh Hoa,26.16,26.16,26.16,92.0,26.16,10000.0,0.0,57.0,1.39,1.73,264.0,997.0,1,803,Clouds,broken clouds,04d
2025-07-29 06:09:45,Thanh Hoa-Thanh Hoa,Thanh Hoa,26.2,26.2,26.2,92.0,26.2,10000.0,0.0,57.0,1.39,1.73,264.0,997.0,1,803,Clouds,broken clouds,04d
2025-07-29 06:13:32,Thanh Hoa-Thanh Hoa,Thanh Hoa,26.2,26.2,26.2,92.0,26.2,10000.0,0.0,57.0,1.39,1.73,264.0,997.0,1,803,Clouds,broken clouds,04d
2025-07-29 06:17:18,Thanh Hoa-Thanh Hoa,Thanh Hoa,26.2,26.2,26.2,92.0,26.2,10000.0,0.0,57.0,1.39,1.73,264.0,997.0,1,803,Clouds,broken clouds,04d
2025-07-29 06:21:04,Thanh Hoa-Thanh Hoa,Thanh Hoa,26.2,26.2,26.2,92.0,26.2,10000.0,0.0,57.0,1.39,1.73,264.0,997.0,1,803,Clouds,broken clouds,04d
2025-07-29 06:24:50,Thanh Hoa-Thanh Hoa,Thanh Hoa,26.19,26.19,26.19,92.0,26.19,10000.0,0.0,57.0,1.39,1.73,264.0,997.0,1,803,Clouds,broken clouds,04d
2025-07-29 06:28:35,Thanh Hoa-Thanh Hoa,Thanh Hoa,26.19,26.19,26.19,92.0,26.19,10000.0,0.0,57.0,1.39,1.73,264.0,997.0,1,803,Clouds,broken clouds,04d
2025-07-29 06:32:21,Thanh Hoa-Thanh Hoa,Thanh Hoa,27.68,27.68,27.68,86.0,32.15,10000.0,0.0,52.0,1.33,2.2,267.0,998.0,1,803,Clouds,broken clouds,04d
2025-07-29 06:36:09,Thanh Hoa-Thanh Hoa,Thanh Hoa,27.68,27.68,27.68,86.0,32.15,10000.0,0.0,52.0,1.33,2.2,267.0,998.0,1,803,Clouds,broken clouds,04d
2025-07-29 06:39:54,Thanh Hoa-Thanh Hoa,Thanh Hoa,27.68,27.68,27.68,86.0,32.15,10000.0,0.0,52.0,1.33,2.2,267.0,998.0,1,803,Clouds,broken clouds,04d
2025-07-29 06:43:41,Thanh Hoa-Thanh Hoa,Thanh Hoa,27.68,27.68,27.68,86.0,32.15,10000.0,0.0,52.0,1.33,2.2,267.0,998.0,1,803,Clouds,broken clouds,04d
2025-07-29 06:47:27,Thanh Hoa-Thanh Hoa,Thanh Hoa,27.68,27.68,27.68,86.0,32.15,10000.0,0.0,69.0,1.29,2.0,259.0,998.0,1,803,Clouds,broken clouds,04d
2025-07-29 06:51:15,Thanh Hoa-Thanh Hoa,Thanh Hoa,27.68,27.68,27.68,86.0,32.15,10000.0,0.0,69.0,1.29,2.0,259.0,998.0,1,803,Clouds,broken clouds,04d
2025-07-29 06:55:06,Thanh Hoa-Thanh Hoa,Thanh Hoa,27.68,27.68,27.68,86.0,32.15,10000.0,0.0,69.0,1.29,2.0,259.0,998.0,1,803,Clouds,broken clouds,04d
2025-07-29 06:58:55,Thanh Hoa-Thanh Hoa,Thanh Hoa,27.68,27.68,27.68,86.0,32.15,10000.0,0.0,69.0,1.29,2.0,259.0,998.0,1,803,Clouds,broken clouds,04d
2025-07-29 07:02:41,Thanh Hoa-Thanh Hoa,Thanh Hoa,27.68,27.68,27.68,86.0,32.15,10000.0,0.0,69.0,1.29,2.0,259.0,998.0,1,803,Clouds,broken clouds,04d
2025-07-29 07:06:30,Thanh Hoa-Thanh Hoa,Thanh Hoa,27.68,27.68,27.68,86.0,32.15,10000.0,0.0,69.0,1.29,2.0,259.0,998.0,1,803,Clouds,broken clouds,04d
2025-07-29 07:10:18,Thanh Hoa-Thanh Hoa,Thanh Hoa,27.68,27.68,27.68,86.0,32.15,10000.0,0.0,69.0,1.29,2.0,259.0,998.0,1,803,Clouds,broken clouds,04d
2025-07-29 07:14:08,Thanh Hoa-Thanh Hoa,Thanh Hoa,27.68,27.68,27.68,86.0,32.15,10000.0,0.0,69.0,1.29,2.0,259.0,998.0,1,803,Clouds,broken clouds,04d
2025-07-29 07:17:56,Thanh Hoa-Thanh Hoa,Thanh Hoa,27.68,27.68,27.68,86.0,32.15,10000.0,0.0,69.0,1.29,2.0,259.0,998.0,1,803,Clouds,broken clouds,04d
2025-07-29 07:21:42,Thanh Hoa-Thanh Hoa,Thanh Hoa,27.68,27.68,27.68,86.0,32.15,10000.0,0.0,69.0,1.29,2.0,259.0,998.0,1,803,Clouds,broken clouds,04d
2025-07-29 07:25:29,Thanh Hoa-Thanh Hoa,Thanh Hoa,27.68,27.68,27.68,86.0,32.15,10000.0,0.0,69.0,1.29,2.0,259.0,998.0,1,803,Clouds,broken clouds,04d
2025-07-29 07:29:15,Thanh Hoa-Thanh Hoa,Thanh Hoa,27.68,27.68,27.68,86.0,32.15,10000.0,0.0,69.0,1.29,2.0,259.0,998.0,1,803,Clouds,broken clouds,04d
2025-07-29 07:33:01,Thanh Hoa-Thanh Hoa,Thanh Hoa,29.69,29.69,29.69,79.0,36.47,10000.0,0.0,80.0,1.0,1.56,272.0,999.0,1,803,Clouds,broken clouds,04d
2025-07-29 07:36:49,Thanh Hoa-Thanh Hoa,Thanh Hoa,29.69,29.69,29.69,79.0,36.47,10000.0,0.0,80.0,1.0,1.56,272.0,999.0,1,803,Clouds,broken clouds,04d
2025-07-29 07:40:35,Thanh Hoa-Thanh Hoa,Thanh Hoa,29.69,29.69,29.69,79.0,36.47,10000.0,0.0,80.0,1.0,1.56,272.0,999.0,1,803,Clouds,broken clouds,04d
2025-07-29 07:44:20,Thanh Hoa-Thanh Hoa,Thanh Hoa,29.69,29.69,29.69,79.0,36.47,10000.0,0.0,80.0,1.0,1.56,272.0,999.0,1,803,Clouds,broken clouds,04d
2025-07-29 07:48:07,Thanh Hoa-Thanh Hoa,Thanh Hoa,29.69,29.69,29.69,79.0,36.47,10000.0,0.0,80.0,1.0,1.56,272.0,999.0,1,803,Clouds,broken clouds,04d
2025-07-29 07:51:52,Thanh Hoa-Thanh Hoa,Thanh Hoa,29.69,29.69,29.69,79.0,36.47,10000.0,0.0,80.0,1.0,1.56,272.0,999.0,1,803,Clouds,broken clouds,04d
2025-07-29 07:55:38,Thanh Hoa-Thanh Hoa,Thanh Hoa,29.69,29.69,29.69,79.0,36.47,10000.0,0.0,80.0,1.0,1.56,272.0,999.0,1,803,Clouds,broken clouds,04d
2025-07-29 07:59:24,Thanh Hoa-Thanh Hoa,Thanh Hoa,29.69,29.69,29.69,79.0,36.47,10000.0,0.0,80.0,1.0,1.56,272.0,999.0,1,803,Clouds,broken clouds,04d
2025-07-29 08:03:10,Thanh Hoa-Thanh Hoa,Thanh Hoa,29.72,29.72,29.72,79.0,36.56,10000.0,0.0,80.0,1.0,1.56,272.0,999.0,1,803,Clouds,broken clouds,04d
2025-07-29 08:06:56,Thanh Hoa-Thanh Hoa,Thanh Hoa,29.72,29.72,29.72,79.0,36.56,10000.0,0.0,80.0,1.0,1.56,272.0,999.0,1,803,Clouds,broken clouds,04d
2025-07-29 08:10:42,Thanh Hoa-Thanh Hoa,Thanh Hoa,29.72,29.72,29.72,79.0,36.56,10000.0,0.0,80.0,1.0,1.56,272.0,999.0,1,803,Clouds,broken clouds,04d
2025-07-29 08:14:28,Thanh Hoa-Thanh Hoa,Thanh Hoa,29.72,29.72,29.72,79.0,36.56,10000.0,0.0,80.0,1.0,1.56,272.0,999.0,1,803,Clouds,broken clouds,04d
2025-07-29 08:18:14,Thanh Hoa-Thanh Hoa,Thanh Hoa,29.72,29.72,29.72,79.0,36.56,10000.0,0.0,80.0,1.0,1.56,272.0,999.0,1,803,Clouds,broken clouds,04d
2025-07-29 08:21:59,Thanh Hoa-Thanh Hoa,Thanh Hoa,29.73,29.73,29.73,79.0,36.59,10000.0,0.0,80.0,1.0,1.56,272.0,999.0,1,803,Clouds,broken clouds,04d
2025-07-29 08:25:45,Thanh Hoa-Thanh Hoa,Thanh Hoa,29.73,29.73,29.73,79.0,36.59,10000.0,0.0,80.0,1.0,1.56,272.0,999.0,1,803,Clouds,broken clouds,04d
2025-07-29 08:29:32,Thanh Hoa-Thanh Hoa,Thanh Hoa,29.73,29.73,29.73,79.0,36.59,10000.0,0.0,80.0,1.0,1.56,272.0,999.0,1,803,Clouds,broken clouds,04d
2025-07-29 08:33:18,Thanh Hoa-Thanh Hoa,Thanh Hoa,29.73,29.73,29.73,79.0,36.59,10000.0,0.0,80.0,1.0,1.56,272.0,999.0,1,803,Clouds,broken clouds,04d
2025-07-29 08:37:04,Thanh Hoa-Thanh Hoa,Thanh Hoa,31.45,31.45,31.45,70.0,38.45,10000.0,0.0,90.0,1.45,1.88,282.0,999.0,1,804,Clouds,overcast clouds,04d
2025-07-29 08:40:50,Thanh Hoa-Thanh Hoa,Thanh Hoa,31.45,31.45,31.45,70.0,38.45,10000.0,0.0,90.0,1.45,1.88,282.0,999.0,1,804,Clouds,overcast clouds,04d
2025-07-29 08:44:35,Thanh Hoa-Thanh Hoa,Thanh Hoa,31.45,31.45,31.45,70.0,38.45,10000.0,0.0,90.0,1.45,1.88,282.0,999.0,1,804,Clouds,overcast clouds,04d
2025-07-29 08:48:21,Thanh Hoa-Thanh Hoa,Thanh Hoa,31.42,31.42,31.42,70.0,38.42,10000.0,0.0,90.0,1.45,1.88,282.0,999.0,1,804,Clouds,overcast clouds,04d
2025-07-29 08:52:07,Thanh Hoa-Thanh Hoa,Thanh Hoa,31.42,31.42,31.42,70.0,38.42,10000.0,0.0,90.0,1.45,1.88,282.0,999.0,1,804,Clouds,overcast clouds,04d
2025-07-29 08:55:53,Thanh Hoa-Thanh Hoa,Thanh Hoa,31.42,31.42,31.42,70.0,38.42,10000.0,0.0,90.0,1.45,1.88,282.0,999.0,1,804,Clouds,overcast clouds,04d
2025-07-29 08:59:40,Thanh Hoa-Thanh Hoa,Thanh Hoa,31.42,31.42,31.42,70.0,38.42,10000.0,0.0,90.0,1.45,1.88,282.0,999.0,1,804,Clouds,overcast clouds,04d
2025-07-29 09:03:26,Thanh Hoa-Thanh Hoa,Thanh Hoa,31.42,31.42,31.42,70.0,38.42,10000.0,0.0,90.0,1.45,1.88,282.0,999.0,1,804,Clouds,overcast clouds,04d
2025-07-29 09:07:11,Thanh Hoa-Thanh Hoa,Thanh Hoa,31.42,31.42,31.42,70.0,38.42,10000.0,0.0,90.0,1.45,1.88,282.0,999.0,1,804,Clouds,overcast clouds,04d
2025-07-29 09:10:57,Thanh Hoa-Thanh Hoa,Thanh Hoa,31.42,31.42,31.42,70.0,38.42,10000.0,0.0,90.0,1.45,1.88,282.0,999.0,1,804,Clouds,overcast clouds,04d
2025-07-29 09:14:43,Thanh Hoa-Thanh Hoa,Thanh Hoa,31.42,31.42,31.42,70.0,38.42,10000.0,0.0,90.0,1.45,1.88,282.0,999.0,1,804,Clouds,overcast clouds,04d
2025-07-29 09:18:29,Thanh Hoa-Thanh Hoa,Thanh Hoa,31.43,31.43,31.43,70.0,38.43,10000.0,0.0,90.0,1.45,1.88,282.0,999.0,1,804,Clouds,overcast clouds,04d
2025-07-29 09:22:15,Thanh Hoa-Thanh Hoa,Thanh Hoa,31.43,31.43,31.43,70.0,38.43,10000.0,0.0,90.0,1.45,1.88,282.0,999.0,1,804,Clouds,overcast clouds,04d
2025-07-29 09:26:00,Thanh Hoa-Thanh Hoa,Thanh Hoa,31.43,31.43,31.43,70.0,38.43,10000.0,0.0,90.0,1.45,1.88,282.0,999.0,1,804,Clouds,overcast clouds,04d
2025-07-29 09:29:47,Thanh Hoa-Thanh Hoa,Thanh Hoa,31.43,31.43,31.43,70.0,38.43,10000.0,0.0,90.0,1.45,1.88,282.0,999.0,1,804,Clouds,overcast clouds,04d
2025-07-29 09:33:36,Thanh Hoa-Thanh Hoa,Thanh Hoa,31.43,31.43,31.43,70.0,38.43,10000.0,0.0,90.0,1.45,1.88,282.0,999.0,1,804,Clouds,overcast clouds,04d
2025-07-29 09:37:26,Thanh Hoa-Thanh Hoa,Thanh Hoa,33.1,33.1,33.1,63.0,40.1,10000.0,0.0,93.0,1.2,1.64,292.0,999.0,1,804,Clouds,overcast clouds,04d
2025-07-29 09:41:17,Thanh Hoa-Thanh Hoa,Thanh Hoa,33.1,33.1,33.1,63.0,40.1,10000.0,0.0,93.0,1.2,1.64,292.0,999.0,1,804,Clouds,overcast clouds,04d
2025-07-29 09:45:08,Thanh Hoa-Thanh Hoa,Thanh Hoa,33.1,33.1,33.1,63.0,40.1,10000.0,0.0,93.0,1.2,1.64,292.0,999.0,1,804,Clouds,overcast clouds,04d
2025-07-29 09:48:59,Thanh Hoa-Thanh Hoa,Thanh Hoa,33.1,33.1,33.1,63.0,40.1,10000.0,0.0,93.0,1.2,1.64,292.0,999.0,1,804,Clouds,overcast clouds,04d
2025-07-29 09:52:49,Thanh Hoa-Thanh Hoa,Thanh Hoa,33.1,33.1,33.1,63.0,40.1,10000.0,0.0,93.0,1.2,1.64,292.0,999.0,1,804,Clouds,overcast clouds,04d
2025-07-29 09:56:39,Thanh Hoa-Thanh Hoa,Thanh Hoa,33.1,33.1,33.1,63.0,40.1,10000.0,0.0,93.0,1.2,1.64,292.0,999.0,1,804,Clouds,overcast clouds,04d
2025-07-29 10:00:30,Thanh Hoa-Thanh Hoa,Thanh Hoa,33.1,33.1,33.1,63.0,40.1,10000.0,0.0,93.0,1.2,1.64,292.0,999.0,1,804,Clouds,overcast clouds,04d
2025-07-29 10:04:20,Thanh Hoa-Thanh Hoa,Thanh Hoa,33.1,33.1,33.1,63.0,40.1,10000.0,0.0,93.0,1.2,1.64,292.0,999.0,1,804,Clouds,overcast clouds,04d
2025-07-29 10:08:11,Thanh Hoa-Thanh Hoa,Thanh Hoa,33.1,33.1,33.1,63.0,40.1,10000.0,0.0,93.0,1.2,1.64,292.0,999.0,1,804,Clouds,overcast clouds,04d
2025-07-29 10:12:03,Thanh Hoa-Thanh Hoa,Thanh Hoa,33.1,33.1,33.1,63.0,40.1,10000.0,0.0,93.0,1.2,1.64,292.0,999.0,1,804,Clouds,overcast clouds,04d
2025-07-29 10:15:56,Thanh Hoa-Thanh Hoa,Thanh Hoa,33.1,33.1,33.1,63.0,40.1,10000.0,0.0,93.0,1.2,1.64,292.0,999.0,1,804,Clouds,overcast clouds,04d
2025-07-29 10:19:48,Thanh Hoa-Thanh Hoa,Thanh Hoa,33.11,33.11,33.11,63.0,40.11,10000.0,0.0,93.0,1.2,1.64,292.0,999.0,1,804,Clouds,overcast clouds,04d
2025-07-29 10:23:39,Thanh Hoa-Thanh Hoa,Thanh Hoa,33.1,33.1,33.1,63.0,40.1,10000.0,0.0,93.0,1.2,1.64,292.0,999.0,1,804,Clouds,overcast clouds,04d
2025-07-29 10:27:31,Thanh Hoa-Thanh Hoa,Thanh Hoa,33.11,33.11,33.11,63.0,40.11,10000.0,0.0,93.0,1.2,1.64,292.0,999.0,1,804,Clouds,overcast clouds,04d
2025-07-29 10:31:23,Thanh Hoa-Thanh Hoa,Thanh Hoa,34.9,34.9,34.9,57.0,41.9,10000.0,0.0,95.0,0.96,1.48,294.0,998.0,1,804,Clouds,overcast clouds,04d
2025-07-29 10:35:15,Thanh Hoa-Thanh Hoa,Thanh Hoa,34.9,34.9,34.9,57.0,41.9,10000.0,0.0,95.0,0.96,1.48,294.0,998.0,1,804,Clouds,overcast clouds,04d
2025-07-29 10:39:08,Thanh Hoa-Thanh Hoa,Thanh Hoa,34.9,34.9,34.9,57.0,41.9,10000.0,0.0,95.0,0.96,1.48,294.0,998.0,1,804,Clouds,overcast clouds,04d
2025-07-29 10:43:00,Thanh Hoa-Thanh Hoa,Thanh Hoa,34.9,34.9,34.9,57.0,41.9,10000.0,0.0,95.0,0.96,1.48,294.0,998.0,1,804,Clouds,overcast clouds,04d
2025-07-29 10:46:54,Thanh Hoa-Thanh Hoa,Thanh Hoa,34.9,34.9,34.9,57.0,41.9,10000.0,0.0,95.0,0.96,1.48,294.0,998.0,1,804,Clouds,overcast clouds,04d
2025-07-29 10:50:46,Thanh Hoa-Thanh Hoa,Thanh Hoa,34.9,34.9,34.9,57.0,41.9,10000.0,0.0,95.0,0.96,1.48,294.0,998.0,1,804,Clouds,overcast clouds,04d
2025-07-29 10:54:37,Thanh Hoa-Thanh Hoa,Thanh Hoa,34.9,34.9,34.9,57.0,41.9,10000.0,0.0,95.0,0.96,1.48,294.0,998.0,1,804,Clouds,overcast clouds,04d
2025-07-29 10:58:28,Thanh Hoa-Thanh Hoa,Thanh Hoa,34.9,34.9,34.9,57.0,41.9,10000.0,0.0,95.0,0.96,1.48,294.0,998.0,1,804,Clouds,overcast clouds,04d
2025-07-29 11:02:18,Thanh Hoa-Thanh Hoa,Thanh Hoa,34.89,34.89,34.89,57.0,41.89,10000.0,0.0,95.0,0.96,1.48,294.0,998.0,1,804,Clouds,overcast clouds,04d
2025-07-29 11:06:10,Thanh Hoa-Thanh Hoa,Thanh Hoa,34.89,34.89,34.89,57.0,41.89,10000.0,0.0,95.0,0.96,1.48,294.0,998.0,1,804,Clouds,overcast clouds,04d
2025-07-29 11:10:01,Thanh Hoa-Thanh Hoa,Thanh Hoa,34.89,34.89,34.89,57.0,41.89,10000.0,0.0,95.0,0.96,1.48,294.0,998.0,1,804,Clouds,overcast clouds,04d
2025-07-29 11:13:52,Thanh Hoa-Thanh Hoa,Thanh Hoa,34.89,34.89,34.89,57.0,41.89,10000.0,0.0,95.0,0.96,1.48,294.0,998.0,1,804,Clouds,overcast clouds,04d
2025-07-29 11:17:43,Thanh Hoa-Thanh Hoa,Thanh Hoa,34.91,34.91,34.91,57.0,41.91,10000.0,0.0,95.0,0.96,1.48,294.0,998.0,1,804,Clouds,overcast clouds,04d
2025-07-29 11:21:34,Thanh Hoa-Thanh Hoa,Thanh Hoa,34.91,34.91,34.91,57.0,41.91,10000.0,0.0,95.0,0.96,1.48,294.0,998.0,1,804,Clouds,overcast clouds,04d
2025-07-29 11:25:24,Thanh Hoa-Thanh Hoa,Thanh Hoa,34.91,34.91,34.91,57.0,41.91,10000.0,0.0,95.0,0.96,1.48,294.0,998.0,1,804,Clouds,overcast clouds,04d
2025-07-29 11:29:15,Thanh Hoa-Thanh Hoa,Thanh Hoa,34.91,34.91,34.91,57.0,41.91,10000.0,0.0,95.0,0.96,1.48,294.0,998.0,1,804,Clouds,overcast clouds,04d
2025-07-29 11:33:06,Thanh Hoa-Thanh Hoa,Thanh Hoa,36.12,36.12,36.12,53.0,43.12,10000.0,0.0,96.0,0.63,1.5,255.0,998.0,1,804,Clouds,overcast clouds,04d
2025-07-29 11:36:57,Thanh Hoa-Thanh Hoa,Thanh Hoa,36.12,36.12,36.12,53.0,43.12,10000.0,0.0,96.0,0.63,1.5,255.0,998.0,1,804,Clouds,overcast clouds,04d
2025-07-29 11:40:47,Thanh Hoa-Thanh Hoa,Thanh Hoa,36.12,36.12,36.12,53.0,43.12,10000.0,0.0,96.0,0.63,1.5,255.0,998.0,1,804,Clouds,overcast clouds,04d
2025-07-29 11:44:38,Thanh Hoa-Thanh Hoa,Thanh Hoa,36.12,36.12,36.12,53.0,43.12,10000.0,0.0,96.0,0.63,1.5,255.0,998.0,1,804,Clouds,overcast clouds,04d
2025-07-29 11:48:28,Thanh Hoa-Thanh Hoa,Thanh Hoa,36.12,36.12,36.12,53.0,43.12,10000.0,0.0,96.0,0.63,1.5,255.0,998.0,1,804,Clouds,overcast clouds,04d
2025-07-29 11:52:19,Thanh Hoa-Thanh Hoa,Thanh Hoa,36.12,36.12,36.12,53.0,43.12,10000.0,0.0,96.0,0.63,1.5,255.0,998.0,1,804,Clouds,overcast clouds,04d
2025-07-29 11:56:10,Thanh Hoa-Thanh Hoa,Thanh Hoa,36.12,36.12,36.12,53.0,43.12,10000.0,0.0,96.0,0.63,1.5,255.0,998.0,1,804,Clouds,overcast clouds,04d
2025-07-29 12:00:01,Thanh Hoa-Thanh Hoa,Thanh Hoa,36.12,36.12,36.12,53.0,43.12,10000.0,0.0,96.0,0.63,1.5,255.0,998.0,1,804,Clouds,overcast clouds,04d
2025-07-29 12:03:53,Thanh Hoa-Thanh Hoa,Thanh Hoa,36.11,36.11,36.11,53.0,43.11,10000.0,0.0,96.0,0.63,1.5,255.0,998.0,1,804,Clouds,overcast clouds,04d
2025-07-29 12:07:43,Thanh Hoa-Thanh Hoa,Thanh Hoa,36.11,36.11,36.11,53.0,43.11,10000.0,0.0,96.0,0.63,1.5,255.0,998.0,1,804,Clouds,overcast clouds,04d
2025-07-29 12:11:33,Thanh Hoa-Thanh Hoa,Thanh Hoa,36.11,36.11,36.11,53.0,43.11,10000.0,0.0,96.0,0.63,1.5,255.0,998.0,1,804,Clouds,overcast clouds,04d
2025-07-29 12:15:25,Thanh Hoa-Thanh Hoa,Thanh Hoa,36.11,36.11,36.11,53.0,43.11,10000.0,0.0,96.0,0.63,1.5,255.0,998.0,1,804,Clouds,overcast clouds,04d
2025-07-29 12:19:16,Thanh Hoa-Thanh Hoa,Thanh Hoa,36.11,36.11,36.11,53.0,43.11,10000.0,0.0,96.0,0.63,1.5,255.0,998.0,1,804,Clouds,overcast clouds,04d
2025-07-29 12:23:07,Thanh Hoa-Thanh Hoa,Thanh Hoa,36.13,36.13,36.13,53.0,43.13,10000.0,0.0,96.0,0.63,1.5,255.0,998.0,1,804,Clouds,overcast clouds,04d
2025-07-29 12:26:59,Thanh Hoa-Thanh Hoa,Thanh Hoa,36.13,36.13,36.13,53.0,43.13,10000.0,0.0,96.0,0.63,1.5,255.0,998.0,1,804,Clouds,overcast clouds,04d
2025-07-29 12:30:50,Thanh Hoa-Thanh Hoa,Thanh Hoa,36.13,36.13,36.13,53.0,43.13,10000.0,0.0,96.0,0.63,1.5,255.0,998.0,1,804,Clouds,overcast clouds,04d
2025-07-29 12:34:41,Thanh Hoa-Thanh Hoa,Thanh Hoa,36.13,36.13,36.13,53.0,43.13,10000.0,0.0,96.0,0.63,1.5,255.0,998.0,1,804,Clouds,overcast clouds,04d
2025-07-29 12:38:32,Thanh Hoa-Thanh Hoa,Thanh Hoa,36.31,36.31,36.31,51.0,43.31,10000.0,0.0,97.0,0.62,1.5,135.0,997.0,1,804,Clouds,overcast clouds,04d
2025-07-29 12:42:22,Thanh Hoa-Thanh Hoa,Thanh Hoa,36.31,36.31,36.31,51.0,43.31,10000.0,0.0,97.0,0.62,1.5,135.0,997.0,1,804,Clouds,overcast clouds,04d
2025-07-29 12:46:14,Thanh Hoa-Thanh Hoa,Thanh Hoa,36.31,36.31,36.31,51.0,43.31,10000.0,0.0,97.0,0.62,1.5,135.0,997.0,1,804,Clouds,overcast clouds,04d
2025-07-29 12:50:05,Thanh Hoa-Thanh Hoa,Thanh Hoa,36.31,36.31,36.31,51.0,43.31,10000.0,0.0,92.0,1.2,1.53,144.0,997.0,1,804,Clouds,overcast clouds,04d
2025-07-29 12:53:56,Thanh Hoa-Thanh Hoa,Thanh Hoa,36.31,36.31,36.31,51.0,43.31,10000.0,0.0,92.0,1.2,1.53,144.0,997.0,1,804,Clouds,overcast clouds,04d
2025-07-29 12:57:47,Thanh Hoa-Thanh Hoa,Thanh Hoa,36.31,36.31,36.31,51.0,43.31,10000.0,0.0,92.0,1.2,1.53,144.0,997.0,1,804,Clouds,overcast clouds,04d
2025-07-29 13:01:38,Thanh Hoa-Thanh Hoa,Thanh Hoa,36.31,36.31,36.31,51.0,43.31,10000.0,0.0,92.0,1.2,1.53,144.0,997.0,1,804,Clouds,overcast clouds,04d
2025-07-29 13:05:29,Thanh Hoa-Thanh Hoa,Thanh Hoa,36.31,36.31,36.31,51.0,43.31,10000.0,0.0,92.0,1.2,1.53,144.0,997.0,1,804,Clouds,overcast clouds,04d
2025-07-29 13:09:20,Thanh Hoa-Thanh Hoa,Thanh Hoa,36.31,36.31,36.31,51.0,43.31,10000.0,0.0,92.0,1.2,1.53,144.0,997.0,1,804,Clouds,overcast clouds,04d
2025-07-29 13:13:11,Thanh Hoa-Thanh Hoa,Thanh Hoa,36.31,36.31,36.31,51.0,43.31,10000.0,0.0,92.0,1.2,1.53,144.0,997.0,1,804,Clouds,overcast clouds,04d
2025-07-29 13:17:02,Thanh Hoa-Thanh Hoa,Thanh Hoa,36.31,36.31,36.31,51.0,43.31,10000.0,0.0,92.0,1.2,1.53,144.0,997.0,1,804,Clouds,overcast clouds,04d
2025-07-29 13:20:53,Thanh Hoa-Thanh Hoa,Thanh Hoa,35.74,35.74,35.74,53.0,42.74,10000.0,0.0,92.0,1.2,1.53,144.0,997.0,1,804,Clouds,overcast clouds,04d
2025-07-29 13:24:45,Thanh Hoa-Thanh Hoa,Thanh Hoa,35.74,35.74,35.74,53.0,42.74,10000.0,0.0,92.0,1.2,1.53,144.0,997.0,1,804,Clouds,overcast clouds,04d
2025-07-29 13:28:35,Thanh Hoa-Thanh Hoa,Thanh Hoa,35.75,35.75,35.75,53.0,42.75,10000.0,0.0,92.0,1.2,1.53,144.0,997.0,1,804,Clouds,overcast clouds,04d
2025-07-29 13:32:26,Thanh Hoa-Thanh Hoa,Thanh Hoa,35.17,35.17,35.17,55.0,42.17,10000.0,0.0,100.0,2.44,1.6,101.0,996.0,1,804,Clouds,overcast clouds,04d
2025-07-29 13:36:17,Thanh Hoa-Thanh Hoa,Thanh Hoa,35.17,35.17,35.17,55.0,42.17,10000.0,0.0,100.0,2.44,1.6,101.0,996.0,1,804,Clouds,overcast clouds,04d
2025-07-29 13:40:09,Thanh Hoa-Thanh Hoa,Thanh Hoa,35.17,35.17,35.17,55.0,42.17,10000.0,0.0,100.0,2.44,1.6,101.0,996.0,1,804,Clouds,overcast clouds,04d
2025-07-29 13:43:59,Thanh Hoa-Thanh Hoa,Thanh Hoa,35.17,35.17,35.17,55.0,42.17,10000.0,0.0,100.0,2.44,1.6,101.0,996.0,1,804,Clouds,overcast clouds,04d
2025-07-29 13:47:51,Thanh Hoa-Thanh Hoa,Thanh Hoa,35.17,35.17,35.17,55.0,42.17,10000.0,0.0,100.0,2.44,1.6,101.0,996.0,1,804,Clouds,overcast clouds,04d
2025-07-29 13:51:41,Thanh Hoa-Thanh Hoa,Thanh Hoa,35.17,35.17,35.17,55.0,42.17,10000.0,0.0,100.0,2.44,1.6,101.0,996.0,1,804,Clouds,overcast clouds,04d
2025-07-29 13:55:32,Thanh Hoa-Thanh Hoa,Thanh Hoa,35.17,35.17,35.17,55.0,42.17,10000.0,0.0,100.0,2.44,1.6,101.0,996.0,1,804,Clouds,overcast clouds,04d
2025-07-29 13:59:23,Thanh Hoa-Thanh Hoa,Thanh Hoa,35.17,35.17,35.17,55.0,42.17,10000.0,0.0,100.0,2.44,1.6,101.0,996.0,1,804,Clouds,overcast clouds,04d
2025-07-29 14:03:14,Thanh Hoa-Thanh Hoa,Thanh Hoa,35.17,35.17,35.17,55.0,42.17,10000.0,0.0,100.0,2.44,1.6,101.0,996.0,1,804,Clouds,overcast clouds,04d
2025-07-29 14:07:05,Thanh Hoa-Thanh Hoa,Thanh Hoa,35.17,35.17,35.17,55.0,42.17,10000.0,0.0,100.0,2.44,1.6,101.0,996.0,1,804,Clouds,overcast clouds,04d
2025-07-29 14:10:56,Thanh Hoa-Thanh Hoa,Thanh Hoa,35.17,35.17,35.17,55.0,42.17,10000.0,0.0,100.0,2.44,1.6,101.0,996.0,1,804,Clouds,overcast clouds,04d
2025-07-29 14:14:47,Thanh Hoa-Thanh Hoa,Thanh Hoa,35.17,35.17,35.17,55.0,42.17,10000.0,0.0,100.0,2.44,1.6,101.0,996.0,1,804,Clouds,overcast clouds,04d
2025-07-29 14:18:37,Thanh Hoa-Thanh Hoa,Thanh Hoa,35.18,35.18,35.18,55.0,42.18,10000.0,0.0,100.0,2.44,1.6,101.0,996.0,1,804,Clouds,overcast clouds,04d
2025-07-29 14:22:27,Thanh Hoa-Thanh Hoa,Thanh Hoa,35.18,35.18,35.18,55.0,42.18,10000.0,0.0,100.0,2.44,1.6,101.0,996.0,1,804,Clouds,overcast clouds,04d
2025-07-29 14:26:18,Thanh Hoa-Thanh Hoa,Thanh Hoa,35.18,35.18,35.18,55.0,42.18,10000.0,0.0,100.0,2.44,1.6,101.0,996.0,1,804,Clouds,overcast clouds,04d
2025-07-29 14:30:09,Thanh Hoa-Thanh Hoa,Thanh Hoa,35.18,35.18,35.18,55.0,42.18,10000.0,0.0,100.0,2.44,1.6,101.0,996.0,1,804,Clouds,overcast clouds,04d
2025-07-29 14:34:01,Thanh Hoa-Thanh Hoa,Thanh Hoa,34.26,34.26,34.26,61.0,41.26,10000.0,0.0,100.0,3.17,2.52,110.0,996.0,1,804,Clouds,overcast clouds,04d
2025-07-29 14:37:53,Thanh Hoa-Thanh Hoa,Thanh Hoa,34.26,34.26,34.26,61.0,41.26,10000.0,0.0,100.0,3.17,2.52,110.0,996.0,1,804,Clouds,overcast clouds,04d
2025-07-29 14:41:44,Thanh Hoa-Thanh Hoa,Thanh Hoa,34.26,34.26,34.26,61.0,41.26,10000.0,0.0,100.0,3.17,2.52,110.0,996.0,1,804,Clouds,overcast clouds,04d
2025-07-29 14:45:35,Thanh Hoa-Thanh Hoa,Thanh Hoa,34.26,34.26,34.26,61.0,41.26,10000.0,0.0,100.0,3.17,2.52,110.0,996.0,1,804,Clouds,overcast clouds,04d
2025-07-29 14:49:26,Thanh Hoa-Thanh Hoa,Thanh Hoa,34.26,34.26,34.26,61.0,41.26,10000.0,0.0,100.0,3.17,2.52,110.0,996.0,1,804,Clouds,overcast clouds,04d
2025-07-29 14:53:18,Thanh Hoa-Thanh Hoa,Thanh Hoa,34.26,34.26,34.26,61.0,41.26,10000.0,0.0,100.0,3.17,2.52,110.0,996.0,1,804,Clouds,overcast clouds,04d
2025-07-29 14:57:09,Thanh Hoa-Thanh Hoa,Thanh Hoa,34.26,34.26,34.26,61.0,41.26,10000.0,0.0,100.0,3.17,2.52,110.0,996.0,1,804,Clouds,overcast clouds,04d
2025-07-29 15:01:01,Thanh Hoa-Thanh Hoa,Thanh Hoa,34.26,34.26,34.26,61.0,41.26,10000.0,0.0,100.0,3.17,2.52,110.0,996.0,1,804,Clouds,overcast clouds,04d
2025-07-29 15:04:52,Thanh Hoa-Thanh Hoa,Thanh Hoa,34.25,34.25,34.25,61.0,41.25,10000.0,0.0,100.0,3.17,2.52,110.0,996.0,1,804,Clouds,overcast clouds,04d
2025-07-29 15:08:42,Thanh Hoa-Thanh Hoa,Thanh Hoa,34.25,34.25,34.25,61.0,41.25,10000.0,0.0,100.0,3.17,2.52,110.0,996.0,1,804,Clouds,overcast clouds,04d
2025-07-29 15:12:33,Thanh Hoa-Thanh Hoa,Thanh Hoa,34.25,34.25,34.25,61.0,41.25,10000.0,0.0,100.0,3.17,2.52,110.0,996.0,1,804,Clouds,overcast clouds,04d
2025-07-29 15:16:24,Thanh Hoa-Thanh Hoa,Thanh Hoa,34.26,34.26,34.26,61.0,41.26,10000.0,0.0,100.0,3.17,2.52,110.0,996.0,1,804,Clouds,overcast clouds,04d
2025-07-29 15:20:15,Thanh Hoa-Thanh Hoa,Thanh Hoa,34.26,34.26,34.26,61.0,41.26,10000.0,0.0,100.0,3.17,2.52,110.0,996.0,1,804,Clouds,overcast clouds,04d
2025-07-29 15:24:17,Thanh Hoa-Thanh Hoa,Thanh Hoa,34.26,34.26,34.26,61.0,41.26,10000.0,0.0,100.0,3.17,2.52,110.0,996.0,1,804,Clouds,overcast clouds,04d
2025-07-29 15:28:09,Thanh Hoa-Thanh Hoa,Thanh Hoa,34.26,34.26,34.26,61.0,41.26,10000.0,0.0,100.0,3.17,2.52,110.0,996.0,1,804,Clouds,overcast clouds,04d
2025-07-29 15:32:05,Thanh Hoa-Thanh Hoa,Thanh Hoa,34.26,34.26,34.26,61.0,41.26,10000.0,0.0,100.0,3.17,2.52,110.0,996.0,1,804,Clouds,overcast clouds,04d
2025-07-29 15:35:57,Thanh Hoa-Thanh Hoa,Thanh Hoa,34.01,34.01,34.01,63.0,41.01,10000.0,0.0,100.0,2.99,3.39,122.0,995.0,1,804,Clouds,overcast clouds,04d
2025-07-29 15:39:50,Thanh Hoa-Thanh Hoa,Thanh Hoa,34.01,34.01,34.01,63.0,41.01,10000.0,0.0,100.0,2.99,3.39,122.0,995.0,1,804,Clouds,overcast clouds,04d
2025-07-29 15:43:40,Thanh Hoa-Thanh Hoa,Thanh Hoa,34.01,34.01,34.01,63.0,41.01,10000.0,0.0,100.0,2.99,3.39,122.0,995.0,1,804,Clouds,overcast clouds,04d
2025-07-29 15:47:31,Thanh Hoa-Thanh Hoa,Thanh Hoa,34.01,34.01,34.01,63.0,41.01,10000.0,0.0,100.0,2.99,3.39,122.0,995.0,1,804,Clouds,overcast clouds,04d
2025-07-29 15:51:23,Thanh Hoa-Thanh Hoa,Thanh Hoa,34.01,34.01,34.01,63.0,41.01,10000.0,0.0,100.0,2.99,3.39,122.0,995.0,1,804,Clouds,overcast clouds,04d
2025-07-29 15:55:15,Thanh Hoa-Thanh Hoa,Thanh Hoa,34.01,34.01,34.01,63.0,41.01,10000.0,0.0,100.0,2.99,3.39,122.0,995.0,1,804,Clouds,overcast clouds,04d
2025-07-29 15:59:07,Thanh Hoa-Thanh Hoa,Thanh Hoa,34.01,34.01,34.01,63.0,41.01,10000.0,0.0,100.0,2.99,3.39,122.0,995.0,1,804,Clouds,overcast clouds,04d
2025-07-29 16:02:57,Thanh Hoa-Thanh Hoa,Thanh Hoa,34.01,34.01,34.01,63.0,41.01,10000.0,0.0,100.0,2.99,3.39,122.0,995.0,1,804,Clouds,overcast clouds,04d
2025-07-29 16:06:48,Thanh Hoa-Thanh Hoa,Thanh Hoa,34.01,34.01,34.01,63.0,41.01,10000.0,0.0,100.0,2.99,3.39,122.0,995.0,1,804,Clouds,overcast clouds,04d
2025-07-29 16:10:39,Thanh Hoa-Thanh Hoa,Thanh Hoa,34.01,34.01,34.01,63.0,41.01,10000.0,0.0,100.0,2.99,3.39,122.0,995.0,1,804,Clouds,overcast clouds,04d
2025-07-29 16:14:30,Thanh Hoa-Thanh Hoa,Thanh Hoa,34.01,34.01,34.01,63.0,41.01,10000.0,0.0,100.0,2.99,3.39,122.0,995.0,1,804,Clouds,overcast clouds,04d
2025-07-29 16:18:21,Thanh Hoa-Thanh Hoa,Thanh Hoa,34.01,34.01,34.01,63.0,41.01,10000.0,0.0,100.0,2.99,3.39,122.0,995.0,1,804,Clouds,overcast clouds,04d
2025-07-29 16:22:12,Thanh Hoa-Thanh Hoa,Thanh Hoa,34.01,34.01,34.01,63.0,41.01,10000.0,0.0,100.0,2.99,3.39,122.0,995.0,1,804,Clouds,overcast clouds,04d
2025-07-29 16:26:03,Thanh Hoa-Thanh Hoa,Thanh Hoa,34.01,34.01,34.01,63.0,41.01,10000.0,0.0,100.0,2.99,3.39,122.0,995.0,1,804,Clouds,overcast clouds,04d
2025-07-29 16:29:55,Thanh Hoa-Thanh Hoa,Thanh Hoa,34.01,34.01,34.01,63.0,41.01,10000.0,0.0,100.0,2.99,3.39,122.0,995.0,1,804,Clouds,overcast clouds,04d
2025-07-29 16:33:46,Thanh Hoa-Thanh Hoa,Thanh Hoa,32.44,32.44,32.44,75.0,39.44,10000.0,0.0,100.0,2.94,4.59,134.0,995.0,1,804,Clouds,overcast clouds,04d
2025-07-29 16:37:36,Thanh Hoa-Thanh Hoa,Thanh Hoa,34.01,34.01,34.01,63.0,41.01,10000.0,0.0,100.0,2.99,3.39,122.0,995.0,1,804,Clouds,overcast clouds,04d
2025-07-29 16:41:26,Thanh Hoa-Thanh Hoa,Thanh Hoa,32.44,32.44,32.44,75.0,39.44,10000.0,0.0,100.0,2.94,4.59,134.0,995.0,1,804,Clouds,overcast clouds,04d
2025-07-29 16:45:18,Thanh Hoa-Thanh Hoa,Thanh Hoa,32.44,32.44,32.44,75.0,39.44,10000.0,0.0,100.0,2.94,4.59,134.0,995.0,1,804,Clouds,overcast clouds,04d
2025-07-29 16:49:09,Thanh Hoa-Thanh Hoa,Thanh Hoa,32.44,32.44,32.44,75.0,39.44,10000.0,0.0,100.0,2.94,4.59,134.0,995.0,1,804,Clouds,overcast clouds,04d
2025-07-29 16:53:01,Thanh Hoa-Thanh Hoa,Thanh Hoa,32.44,32.44,32.44,75.0,39.44,10000.0,0.0,100.0,2.94,4.59,134.0,995.0,1,804,Clouds,overcast clouds,04d
2025-07-29 16:56:54,Thanh Hoa-Thanh Hoa,Thanh Hoa,32.44,32.44,32.44,75.0,39.44,10000.0,0.0,100.0,2.94,4.59,134.0,995.0,1,804,Clouds,overcast clouds,04d
2025-07-29 17:00:44,Thanh Hoa-Thanh Hoa,Thanh Hoa,32.44,32.44,32.44,75.0,39.44,10000.0,0.0,100.0,2.94,4.59,134.0,995.0,1,804,Clouds,overcast clouds,04d
2025-07-29 17:04:35,Thanh Hoa-Thanh Hoa,Thanh Hoa,32.44,32.44,32.44,75.0,39.44,10000.0,0.0,100.0,2.94,4.59,134.0,995.0,1,804,Clouds,overcast clouds,04d
2025-07-29 17:08:27,Thanh Hoa-Thanh Hoa,Thanh Hoa,32.44,32.44,32.44,75.0,39.44,10000.0,0.0,100.0,2.94,4.59,134.0,995.0,1,804,Clouds,overcast clouds,04d
2025-07-29 17:12:19,Thanh Hoa-Thanh Hoa,Thanh Hoa,32.44,32.44,32.44,75.0,39.44,10000.0,0.0,100.0,2.94,4.59,134.0,995.0,1,804,Clouds,overcast clouds,04d
2025-07-29 17:16:11,Thanh Hoa-Thanh Hoa,Thanh Hoa,32.44,32.44,32.44,75.0,39.44,10000.0,0.0,100.0,2.94,4.59,134.0,995.0,1,804,Clouds,overcast clouds,04d
2025-07-29 17:20:03,Thanh Hoa-Thanh Hoa,Thanh Hoa,32.44,32.44,32.44,75.0,39.44,10000.0,0.0,100.0,2.94,4.59,134.0,995.0,1,804,Clouds,overcast clouds,04d
2025-07-29 17:23:54,Thanh Hoa-Thanh Hoa,Thanh Hoa,32.44,32.44,32.44,75.0,39.44,10000.0,0.0,100.0,2.94,4.59,134.0,995.0,1,804,Clouds,overcast clouds,04d
2025-07-29 17:27:45,Thanh Hoa-Thanh Hoa,Thanh Hoa,32.44,32.44,32.44,75.0,39.44,10000.0,0.0,100.0,2.94,4.59,134.0,995.0,1,804,Clouds,overcast clouds,04d
2025-07-29 17:31:35,Thanh Hoa-Thanh Hoa,Thanh Hoa,30.52,30.52,30.52,84.0,37.52,10000.0,0.0,100.0,2.58,5.41,142.0,995.0,1,804,Clouds,overcast clouds,04d
2025-07-29 17:35:27,Thanh Hoa-Thanh Hoa,Thanh Hoa,30.52,30.52,30.52,84.0,37.52,10000.0,0.0,100.0,2.58,5.41,142.0,995.0,1,804,Clouds,overcast clouds,04d
2025-07-29 17:39:19,Thanh Hoa-Thanh Hoa,Thanh Hoa,30.52,30.52,30.52,84.0,37.52,10000.0,0.0,100.0,2.58,5.41,142.0,995.0,1,804,Clouds,overcast clouds,04d
2025-07-29 17:43:10,Thanh Hoa-Thanh Hoa,Thanh Hoa,30.52,30.52,30.52,84.0,37.52,10000.0,0.0,100.0,2.58,5.41,142.0,995.0,1,804,Clouds,overcast clouds,04d
2025-07-29 17:47:02,Thanh Hoa-Thanh Hoa,Thanh Hoa,30.52,30.52,30.52,84.0,37.52,10000.0,0.0,100.0,2.58,5.41,142.0,995.0,1,804,Clouds,overcast clouds,04d
2025-07-29 17:50:55,Thanh Hoa-Thanh Hoa,Thanh Hoa,30.52,30.52,30.52,84.0,37.52,10000.0,0.0,100.0,2.58,5.41,142.0,995.0,1,804,Clouds,overcast clouds,04d
2025-07-29 17:54:47,Thanh Hoa-Thanh Hoa,Thanh Hoa,30.52,30.52,30.52,84.0,37.52,10000.0,0.0,100.0,2.58,5.41,142.0,995.0,1,804,Clouds,overcast clouds,04d
2025-07-29 17:58:40,Thanh Hoa-Thanh Hoa,Thanh Hoa,30.52,30.52,30.52,84.0,37.52,10000.0,0.0,100.0,2.58,5.41,142.0,995.0,1,804,Clouds,overcast clouds,04d
2025-07-29 18:02:35,Thanh Hoa-Thanh Hoa,Thanh Hoa,30.52,30.52,30.52,84.0,37.52,10000.0,0.0,100.0,2.58,5.41,142.0,995.0,1,804,Clouds,overcast clouds,04d
2025-07-29 18:06:30,Thanh Hoa-Thanh Hoa,Thanh Hoa,30.52,30.52,30.52,84.0,37.52,10000.0,0.0,100.0,2.58,5.41,142.0,995.0,1,804,Clouds,overcast clouds,04d
2025-07-29 18:10:22,Thanh Hoa-Thanh Hoa,Thanh Hoa,30.52,30.52,30.52,84.0,37.52,10000.0,0.0,100.0,2.58,5.41,142.0,995.0,1,804,Clouds,overcast clouds,04d
2025-07-29 18:14:14,Thanh Hoa-Thanh Hoa,Thanh Hoa,30.52,30.52,30.52,84.0,37.52,10000.0,0.0,100.0,2.58,5.41,142.0,995.0,1,804,Clouds,overcast clouds,04d
2025-07-29 18:18:09,Thanh Hoa-Thanh Hoa,Thanh Hoa,30.52,30.52,30.52,84.0,37.52,10000.0,0.0,100.0,2.58,5.41,142.0,995.0,1,804,Clouds,overcast clouds,04d
2025-07-29 18:22:03,Thanh Hoa-Thanh Hoa,Thanh Hoa,30.52,30.52,30.52,84.0,37.52,10000.0,0.0,100.0,2.58,5.41,142.0,995.0,1,804,Clouds,overcast clouds,04d
2025-07-29 18:25:57,Thanh Hoa-Thanh Hoa,Thanh Hoa,30.52,30.52,30.52,84.0,37.52,10000.0,0.0,100.0,2.58,5.41,142.0,995.0,1,804,Clouds,overcast clouds,04d
2025-07-29 18:29:53,Thanh Hoa-Thanh Hoa,Thanh Hoa,30.52,30.52,30.52,84.0,37.52,10000.0,0.0,100.0,2.58,5.41,142.0,995.0,1,804,Clouds,overcast clouds,04d
2025-07-29 18:33:45,Thanh Hoa-Thanh Hoa,Thanh Hoa,30.52,30.52,30.52,84.0,37.52,10000.0,0.0,100.0,2.58,5.41,142.0,995.0,1,804,Clouds,overcast clouds,04d
2025-07-29 18:37:37,Thanh Hoa-Thanh Hoa,Thanh Hoa,30.52,30.52,30.52,84.0,37.52,10000.0,0.0,100.0,2.58,5.41,142.0,995.0,0,804,Clouds,overcast clouds,04d
2025-07-29 18:41:31,Thanh Hoa-Thanh Hoa,Thanh Hoa,30.52,30.52,30.52,84.0,37.52,10000.0,0.0,100.0,2.58,5.41,142.0,995.0,0,804,Clouds,overcast clouds,04d
2025-07-29 18:45:28,Thanh Hoa-Thanh Hoa,Thanh Hoa,29.32,29.32,29.32,86.0,36.32,10000.0,0.0,100.0,2.07,3.4,166.0,996.0,0,804,Clouds,overcast clouds,04n
2025-07-29 18:49:23,Thanh Hoa-Thanh Hoa,Thanh Hoa,29.32,29.32,29.32,86.0,36.32,10000.0,0.0,100.0,2.07,3.4,166.0,996.0,0,804,Clouds,overcast clouds,04n
2025-07-29 18:53:17,Thanh Hoa-Thanh Hoa,Thanh Hoa,29.32,29.32,29.32,86.0,36.32,10000.0,0.0,100.0,2.07,3.4,166.0,996.0,0,804,Clouds,overcast clouds,04n
2025-07-29 18:57:12,Thanh Hoa-Thanh Hoa,Thanh Hoa,29.32,29.32,29.32,86.0,36.32,10000.0,0.0,100.0,2.07,3.4,166.0,996.0,0,804,Clouds,overcast clouds,04n
2025-07-29 19:01:11,Thanh Hoa-Thanh Hoa,Thanh Hoa,29.32,29.32,29.32,86.0,36.32,10000.0,0.0,96.0,1.74,2.69,164.0,996.0,0,804,Clouds,overcast clouds,04n
2025-07-29 19:05:17,Thanh Hoa-Thanh Hoa,Thanh Hoa,29.32,29.32,29.32,86.0,36.32,10000.0,0.0,96.0,1.74,2.69,164.0,996.0,0,804,Clouds,overcast clouds,04n
2025-07-29 19:09:13,Thanh Hoa-Thanh Hoa,Thanh Hoa,29.32,29.32,29.32,86.0,36.32,10000.0,0.0,96.0,1.74,2.69,164.0,996.0,0,804,Clouds,overcast clouds,04n
2025-07-29 19:13:03,Thanh Hoa-Thanh Hoa,Thanh Hoa,29.32,29.32,29.32,86.0,36.32,10000.0,0.0,96.0,1.74,2.69,164.0,996.0,0,804,Clouds,overcast clouds,04n
2025-07-29 19:16:53,Thanh Hoa-Thanh Hoa,Thanh Hoa,29.32,29.32,29.32,86.0,36.32,10000.0,0.0,96.0,1.74,2.69,164.0,996.0,0,804,Clouds,overcast clouds,04n
2025-07-29 19:20:39,Thanh Hoa-Thanh Hoa,Thanh Hoa,29.32,29.32,29.32,86.0,36.32,10000.0,0.0,96.0,1.74,2.69,164.0,996.0,0,804,Clouds,overcast clouds,04n
2025-07-29 19:24:25,Thanh Hoa-Thanh Hoa,Thanh Hoa,29.32,29.32,29.32,86.0,36.32,10000.0,0.0,96.0,1.74,2.69,164.0,996.0,0,804,Clouds,overcast clouds,04n
2025-07-29 19:28:12,Thanh Hoa-Thanh Hoa,Thanh Hoa,29.32,29.32,29.32,86.0,36.32,10000.0,0.0,96.0,1.74,2.69,164.0,996.0,0,804,Clouds,overcast clouds,04n
2025-07-29 19:31:59,Thanh Hoa-Thanh Hoa,Thanh Hoa,29.03,29.03,29.03,86.0,36.03,10000.0,0.0,74.0,0.98,1.06,177.0,996.0,0,803,Clouds,broken clouds,04n
2025-07-29 19:35:46,Thanh Hoa-Thanh Hoa,Thanh Hoa,29.03,29.03,29.03,86.0,36.03,10000.0,0.0,74.0,0.98,1.06,177.0,996.0,0,803,Clouds,broken clouds,04n
2025-07-29 19:39:33,Thanh Hoa-Thanh Hoa,Thanh Hoa,29.11,29.11,29.11,84.0,35.97,10000.0,0.0,74.0,0.98,1.06,177.0,997.0,0,803,Clouds,broken clouds,04n
2025-07-29 19:43:19,Thanh Hoa-Thanh Hoa,Thanh Hoa,29.11,29.11,29.11,84.0,35.97,10000.0,0.0,74.0,0.98,1.06,177.0,997.0,0,803,Clouds,broken clouds,04n
2025-07-29 19:47:06,Thanh Hoa-Thanh Hoa,Thanh Hoa,29.11,29.11,29.11,84.0,35.97,10000.0,0.0,74.0,0.98,1.06,177.0,997.0,0,803,Clouds,broken clouds,04n
2025-07-29 19:50:54,Thanh Hoa-Thanh Hoa,Thanh Hoa,29.11,29.11,29.11,84.0,35.97,10000.0,0.0,74.0,0.98,1.06,177.0,997.0,0,803,Clouds,broken clouds,04n
2025-07-29 19:54:41,Thanh Hoa-Thanh Hoa,Thanh Hoa,29.11,29.11,29.11,84.0,35.97,10000.0,0.0,74.0,0.98,1.06,177.0,997.0,0,803,Clouds,broken clouds,04n
2025-07-29 19:58:26,Thanh Hoa-Thanh Hoa,Thanh Hoa,29.11,29.11,29.11,84.0,35.97,10000.0,0.0,74.0,0.98,1.06,177.0,997.0,0,803,Clouds,broken clouds,04n
2025-07-29 20:02:12,Thanh Hoa-Thanh Hoa,Thanh Hoa,29.11,29.11,29.11,84.0,35.97,10000.0,0.0,74.0,0.98,1.06,177.0,997.0,0,803,Clouds,broken clouds,04n
2025-07-29 20:05:58,Thanh Hoa-Thanh Hoa,Thanh Hoa,29.11,29.11,29.11,84.0,35.97,10000.0,0.0,74.0,0.98,1.06,177.0,997.0,0,803,Clouds,broken clouds,04n
2025-07-29 20:09:44,Thanh Hoa-Thanh Hoa,Thanh Hoa,29.11,29.11,29.11,84.0,35.97,10000.0,0.0,74.0,0.98,1.06,177.0,997.0,0,803,Clouds,broken clouds,04n
2025-07-29 20:13:30,Thanh Hoa-Thanh Hoa,Thanh Hoa,29.11,29.11,29.11,84.0,35.97,10000.0,0.0,74.0,0.98,1.06,177.0,997.0,0,803,Clouds,broken clouds,04n
2025-07-29 20:17:16,Thanh Hoa-Thanh Hoa,Thanh Hoa,29.11,29.11,29.11,84.0,35.97,10000.0,0.0,74.0,0.98,1.06,177.0,997.0,0,803,Clouds,broken clouds,04n
2025-07-29 20:21:02,Thanh Hoa-Thanh Hoa,Thanh Hoa,29.11,29.11,29.11,84.0,35.97,10000.0,0.0,74.0,0.98,1.06,177.0,997.0,0,803,Clouds,broken clouds,04n
2025-07-29 20:24:50,Thanh Hoa-Thanh Hoa,Thanh Hoa,29.11,29.11,29.11,84.0,35.97,10000.0,0.0,74.0,0.98,1.06,177.0,997.0,0,803,Clouds,broken clouds,04n
2025-07-29 20:28:36,Thanh Hoa-Thanh Hoa,Thanh Hoa,29.11,29.11,29.11,84.0,35.97,10000.0,0.0,74.0,0.98,1.06,177.0,997.0,0,803,Clouds,broken clouds,04n
2025-07-29 20:32:22,Thanh Hoa-Thanh Hoa,Thanh Hoa,29.11,29.11,29.11,84.0,35.97,10000.0,0.0,74.0,0.98,1.06,177.0,997.0,0,803,Clouds,broken clouds,04n
2025-07-29 20:36:11,Thanh Hoa-Thanh Hoa,Thanh Hoa,29.11,29.11,29.11,84.0,35.97,10000.0,0.0,74.0,0.98,1.06,177.0,997.0,0,803,Clouds,broken clouds,04n
2025-07-29 20:39:58,Thanh Hoa-Thanh Hoa,Thanh Hoa,28.78,28.78,28.78,85.0,35.19,10000.0,0.0,84.0,0.74,1.08,165.0,997.0,0,803,Clouds,broken clouds,04n
2025-07-29 20:43:43,Thanh Hoa-Thanh Hoa,Thanh Hoa,28.78,28.78,28.78,85.0,35.19,10000.0,0.0,84.0,0.74,1.08,165.0,997.0,0,803,Clouds,broken clouds,04n
2025-07-29 20:47:29,Thanh Hoa-Thanh Hoa,Thanh Hoa,28.78,28.78,28.78,85.0,35.19,10000.0,0.0,84.0,0.74,1.08,165.0,997.0,0,803,Clouds,broken clouds,04n
2025-07-29 20:51:16,Thanh Hoa-Thanh Hoa,Thanh Hoa,28.78,28.78,28.78,85.0,35.19,10000.0,0.0,84.0,0.74,1.08,165.0,997.0,0,803,Clouds,broken clouds,04n
2025-07-29 20:55:02,Thanh Hoa-Thanh Hoa,Thanh Hoa,28.78,28.78,28.78,85.0,35.19,10000.0,0.0,84.0,0.74,1.08,165.0,997.0,0,803,Clouds,broken clouds,04n
2025-07-29 20:58:48,Thanh Hoa-Thanh Hoa,Thanh Hoa,28.78,28.78,28.78,85.0,35.19,10000.0,0.0,84.0,0.74,1.08,165.0,997.0,0,803,Clouds,broken clouds,04n
2025-07-29 21:02:34,Thanh Hoa-Thanh Hoa,Thanh Hoa,28.78,28.78,28.78,85.0,35.19,10000.0,0.0,84.0,0.74,1.08,165.0,997.0,0,803,Clouds,broken clouds,04n
2025-07-29 21:06:20,Thanh Hoa-Thanh Hoa,Thanh Hoa,28.78,28.78,28.78,85.0,35.19,10000.0,0.0,84.0,0.74,1.08,165.0,997.0,0,803,Clouds,broken clouds,04n
2025-07-29 21:10:06,Thanh Hoa-Thanh Hoa,Thanh Hoa,28.78,28.78,28.78,85.0,35.19,10000.0,0.0,84.0,0.74,1.08,165.0,997.0,0,803,Clouds,broken clouds,04n
2025-07-29 21:13:52,Thanh Hoa-Thanh Hoa,Thanh Hoa,28.78,28.78,28.78,85.0,35.19,10000.0,0.0,84.0,0.74,1.08,165.0,997.0,0,803,Clouds,broken clouds,04n
2025-07-29 21:17:38,Thanh Hoa-Thanh Hoa,Thanh Hoa,28.78,28.78,28.78,85.0,35.19,10000.0,0.0,84.0,0.74,1.08,165.0,997.0,0,803,Clouds,broken clouds,04n
2025-07-29 21:21:23,Thanh Hoa-Thanh Hoa,Thanh Hoa,28.78,28.78,28.78,85.0,35.19,10000.0,0.0,84.0,0.74,1.08,165.0,997.0,0,803,Clouds,broken clouds,04n
2025-07-29 21:25:10,Thanh Hoa-Thanh Hoa,Thanh Hoa,28.79,28.79,28.79,85.0,35.22,10000.0,0.0,84.0,0.74,1.08,165.0,997.0,0,803,Clouds,broken clouds,04n
2025-07-29 21:28:57,Thanh Hoa-Thanh Hoa,Thanh Hoa,28.79,28.79,28.79,85.0,35.22,10000.0,0.0,84.0,0.74,1.08,165.0,997.0,0,803,Clouds,broken clouds,04n
2025-07-29 21:32:43,Thanh Hoa-Thanh Hoa,Thanh Hoa,28.79,28.79,28.79,85.0,35.22,10000.0,0.0,84.0,0.74,1.08,165.0,997.0,0,803,Clouds,broken clouds,04n
2025-07-29 21:36:31,Thanh Hoa-Thanh Hoa,Thanh Hoa,28.49,28.49,28.49,86.0,34.51,10000.0,0.0,84.0,0.9,0.96,172.0,998.0,0,803,Clouds,broken clouds,04n
2025-07-29 21:40:19,Thanh Hoa-Thanh Hoa,Thanh Hoa,28.49,28.49,28.49,86.0,34.51,10000.0,0.0,84.0,0.9,0.96,172.0,998.0,0,803,Clouds,broken clouds,04n
2025-07-29 21:44:07,Thanh Hoa-Thanh Hoa,Thanh Hoa,28.49,28.49,28.49,86.0,34.51,10000.0,0.0,84.0,0.9,0.96,172.0,998.0,0,803,Clouds,broken clouds,04n
2025-07-29 21:47:54,Thanh Hoa-Thanh Hoa,Thanh Hoa,28.49,28.49,28.49,86.0,34.51,10000.0,0.0,84.0,0.9,0.96,172.0,998.0,0,803,Clouds,broken clouds,04n
2025-07-29 21:51:41,Thanh Hoa-Thanh Hoa,Thanh Hoa,28.49,28.49,28.49,86.0,34.51,10000.0,0.0,84.0,0.9,0.96,172.0,998.0,0,803,Clouds,broken clouds,04n
2025-07-29 21:55:28,Thanh Hoa-Thanh Hoa,Thanh Hoa,28.49,28.49,28.49,86.0,34.51,10000.0,0.0,84.0,0.9,0.96,172.0,998.0,0,803,Clouds,broken clouds,04n
2025-07-29 21:59:14,Thanh Hoa-Thanh Hoa,Thanh Hoa,28.49,28.49,28.49,86.0,34.51,10000.0,0.0,84.0,0.9,0.96,172.0,998.0,0,803,Clouds,broken clouds,04n
2025-07-29 22:03:01,Thanh Hoa-Thanh Hoa,Thanh Hoa,28.49,28.49,28.49,86.0,34.51,10000.0,0.0,84.0,0.9,0.96,172.0,998.0,0,803,Clouds,broken clouds,04n
2025-07-29 22:06:51,Thanh Hoa-Thanh Hoa,Thanh Hoa,28.49,28.49,28.49,86.0,34.51,10000.0,0.0,84.0,0.9,0.96,172.0,998.0,0,803,Clouds,broken clouds,04n
2025-07-29 22:10:37,Thanh Hoa-Thanh Hoa,Thanh Hoa,28.49,28.49,28.49,86.0,34.51,10000.0,0.0,84.0,0.9,0.96,172.0,998.0,0,803,Clouds,broken clouds,04n
2025-07-29 22:14:24,Thanh Hoa-Thanh Hoa,Thanh Hoa,28.49,28.49,28.49,86.0,34.51,10000.0,0.0,84.0,0.9,0.96,172.0,998.0,0,803,Clouds,broken clouds,04n
2025-07-29 22:18:12,Thanh Hoa-Thanh Hoa,Thanh Hoa,28.49,28.49,28.49,86.0,34.51,10000.0,0.0,84.0,0.9,0.96,172.0,998.0,0,803,Clouds,broken clouds,04n
2025-07-29 22:21:59,Thanh Hoa-Thanh Hoa,Thanh Hoa,28.5,28.5,28.5,86.0,34.55,10000.0,0.0,84.0,0.9,0.96,172.0,998.0,0,803,Clouds,broken clouds,04n
2025-07-29 22:25:45,Thanh Hoa-Thanh Hoa,Thanh Hoa,28.5,28.5,28.5,86.0,34.55,10000.0,0.0,84.0,0.9,0.96,172.0,998.0,0,803,Clouds,broken clouds,04n
2025-07-29 22:29:32,Thanh Hoa-Thanh Hoa,Thanh Hoa,28.5,28.5,28.5,86.0,34.55,10000.0,0.0,84.0,0.9,0.96,172.0,998.0,0,803,Clouds,broken clouds,04n
2025-07-29 22:33:18,Thanh Hoa-Thanh Hoa,Thanh Hoa,28.2,28.2,28.2,87.0,33.83,10000.0,0.0,87.0,1.05,1.12,196.0,998.0,0,804,Clouds,overcast clouds,04n
2025-07-29 22:37:06,Thanh Hoa-Thanh Hoa,Thanh Hoa,28.2,28.2,28.2,87.0,33.83,10000.0,0.0,87.0,1.05,1.12,196.0,998.0,0,804,Clouds,overcast clouds,04n
2025-07-29 22:40:52,Thanh Hoa-Thanh Hoa,Thanh Hoa,28.2,28.2,28.2,87.0,33.83,10000.0,0.0,87.0,1.05,1.12,196.0,998.0,0,804,Clouds,overcast clouds,04n
2025-07-29 22:44:38,Thanh Hoa-Thanh Hoa,Thanh Hoa,28.2,28.2,28.2,87.0,33.83,10000.0,0.0,87.0,1.05,1.12,196.0,998.0,0,804,Clouds,overcast clouds,04n
2025-07-29 22:48:26,Thanh Hoa-Thanh Hoa,Thanh Hoa,28.2,28.2,28.2,87.0,33.83,10000.0,0.0,87.0,1.05,1.12,196.0,998.0,0,804,Clouds,overcast clouds,04n
2025-07-29 22:52:14,Thanh Hoa-Thanh Hoa,Thanh Hoa,28.2,28.2,28.2,87.0,33.83,10000.0,0.0,87.0,1.05,1.12,196.0,998.0,0,804,Clouds,overcast clouds,04n
2025-07-29 22:56:01,Thanh Hoa-Thanh Hoa,Thanh Hoa,28.2,28.2,28.2,87.0,33.83,10000.0,0.0,87.0,1.05,1.12,196.0,998.0,0,804,Clouds,overcast clouds,04n
2025-07-29 22:59:47,Thanh Hoa-Thanh Hoa,Thanh Hoa,28.2,28.2,28.2,87.0,33.83,10000.0,0.0,87.0,1.05,1.12,196.0,998.0,0,804,Clouds,overcast clouds,04n
2025-07-29 23:03:34,Thanh Hoa-Thanh Hoa,Thanh Hoa,28.2,28.2,28.2,87.0,33.83,10000.0,0.0,87.0,1.05,1.12,196.0,998.0,0,804,Clouds,overcast clouds,04n
2025-07-29 23:07:21,Thanh Hoa-Thanh Hoa,Thanh Hoa,28.21,28.21,28.21,87.0,33.86,10000.0,0.0,87.0,1.05,1.12,196.0,998.0,0,804,Clouds,overcast clouds,04n
2025-07-29 23:11:09,Thanh Hoa-Thanh Hoa,Thanh Hoa,28.21,28.21,28.21,87.0,33.86,10000.0,0.0,87.0,1.05,1.12,196.0,998.0,0,804,Clouds,overcast clouds,04n
2025-07-29 23:14:55,Thanh Hoa-Thanh Hoa,Thanh Hoa,28.21,28.21,28.21,87.0,33.86,10000.0,0.0,87.0,1.05,1.12,196.0,998.0,0,804,Clouds,overcast clouds,04n
2025-07-29 23:18:42,Thanh Hoa-Thanh Hoa,Thanh Hoa,28.21,28.21,28.21,87.0,33.86,10000.0,0.0,87.0,1.05,1.12,196.0,998.0,0,804,Clouds,overcast clouds,04n
2025-07-29 23:22:28,Thanh Hoa-Thanh Hoa,Thanh Hoa,28.21,28.21,28.21,87.0,33.86,10000.0,0.0,87.0,1.05,1.12,196.0,998.0,0,804,Clouds,overcast clouds,04n
2025-07-29 23:26:15,Thanh Hoa-Thanh Hoa,Thanh Hoa,28.21,28.21,28.21,87.0,33.86,10000.0,0.0,87.0,1.05,1.12,196.0,998.0,0,804,Clouds,overcast clouds,04n
2025-07-29 23:30:02,Thanh Hoa-Thanh Hoa,Thanh Hoa,27.87,27.87,27.87,88.0,33.01,10000.0,0.0,89.0,1.27,1.06,225.0,997.0,0,804,Clouds,overcast clouds,04n
2025-07-29 23:33:50,Thanh Hoa-Thanh Hoa,Thanh Hoa,27.87,27.87,27.87,88.0,33.01,10000.0,0.0,89.0,1.27,1.06,225.0,997.0,0,804,Clouds,overcast clouds,04n
2025-07-29 23:37:40,Thanh Hoa-Thanh Hoa,Thanh Hoa,27.87,27.87,27.87,88.0,33.01,10000.0,0.0,89.0,1.27,1.06,225.0,997.0,0,804,Clouds,overcast clouds,04n
2025-07-29 23:41:30,Thanh Hoa-Thanh Hoa,Thanh Hoa,27.87,27.87,27.87,88.0,33.01,10000.0,0.0,89.0,1.27,1.06,225.0,997.0,0,804,Clouds,overcast clouds,04n
2025-07-29 23:45:16,Thanh Hoa-Thanh Hoa,Thanh Hoa,27.87,27.87,27.87,88.0,33.01,10000.0,0.0,89.0,1.27,1.06,225.0,997.0,0,804,Clouds,overcast clouds,04n
2025-07-29 23:49:03,Thanh Hoa-Thanh Hoa,Thanh Hoa,27.86,27.86,27.86,88.0,32.98,10000.0,0.0,89.0,1.27,1.06,225.0,997.0,0,804,Clouds,overcast clouds,04n
2025-07-29 23:52:50,Thanh Hoa-Thanh Hoa,Thanh Hoa,27.87,27.87,27.87,88.0,33.01,10000.0,0.0,89.0,1.27,1.06,225.0,997.0,0,804,Clouds,overcast clouds,04n
2025-07-29 23:56:37,Thanh Hoa-Thanh Hoa,Thanh Hoa,27.86,27.86,27.86,88.0,32.98,10000.0,0.0,89.0,1.27,1.06,225.0,997.0,0,804,Clouds,overcast clouds,04n
2025-07-30 00:00:24,Thanh Hoa-Thanh Hoa,Thanh Hoa,27.86,27.86,27.86,88.0,32.98,10000.0,0.0,89.0,1.27,1.06,225.0,997.0,0,804,Clouds,overcast clouds,04n
2025-07-30 00:04:11,Thanh Hoa-Thanh Hoa,Thanh Hoa,27.87,27.87,27.87,88.0,33.01,10000.0,0.0,89.0,1.27,1.06,225.0,997.0,0,804,Clouds,overcast clouds,04n
2025-07-30 00:07:57,Thanh Hoa-Thanh Hoa,Thanh Hoa,27.87,27.87,27.87,88.0,33.01,10000.0,0.0,89.0,1.27,1.06,225.0,997.0,0,804,Clouds,overcast clouds,04n
2025-07-30 00:11:43,Thanh Hoa-Thanh Hoa,Thanh Hoa,27.87,27.87,27.87,88.0,33.01,10000.0,0.0,89.0,1.27,1.06,225.0,997.0,0,804,Clouds,overcast clouds,04n
2025-07-30 00:15:29,Thanh Hoa-Thanh Hoa,Thanh Hoa,27.87,27.87,27.87,88.0,33.01,10000.0,0.0,89.0,1.27,1.06,225.0,997.0,0,804,Clouds,overcast clouds,04n
2025-07-30 00:19:16,Thanh Hoa-Thanh Hoa,Thanh Hoa,27.87,27.87,27.87,88.0,33.01,10000.0,0.0,89.0,1.27,1.06,225.0,997.0,0,804,Clouds,overcast clouds,04n
2025-07-30 00:23:04,Thanh Hoa-Thanh Hoa,Thanh Hoa,27.86,27.86,27.86,88.0,32.98,10000.0,0.0,89.0,1.27,1.06,225.0,997.0,0,804,Clouds,overcast clouds,04n
2025-07-30 00:26:51,Thanh Hoa-Thanh Hoa,Thanh Hoa,27.86,27.86,27.86,88.0,32.98,10000.0,0.0,89.0,1.27,1.06,225.0,997.0,0,804,Clouds,overcast clouds,04n
2025-07-30 00:30:37,Thanh Hoa-Thanh Hoa,Thanh Hoa,27.64,27.64,27.64,90.0,32.63,10000.0,0.0,91.0,1.34,1.08,241.0,997.0,0,804,Clouds,overcast clouds,04n
2025-07-30 00:34:23,Thanh Hoa-Thanh Hoa,Thanh Hoa,27.64,27.64,27.64,90.0,32.63,10000.0,0.0,91.0,1.34,1.08,241.0,997.0,0,804,Clouds,overcast clouds,04n
2025-07-30 00:38:09,Thanh Hoa-Thanh Hoa,Thanh Hoa,27.64,27.64,27.64,90.0,32.63,10000.0,0.0,91.0,1.34,1.08,241.0,997.0,0,804,Clouds,overcast clouds,04n
2025-07-30 00:44:07,Thanh Hoa-Thanh Hoa,Thanh Hoa,27.64,27.64,27.64,90.0,32.63,10000.0,0.0,91.0,1.34,1.08,241.0,997.0,0,804,Clouds,overcast clouds,04n
2025-07-30 00:47:54,Thanh Hoa-Thanh Hoa,Thanh Hoa,27.64,27.64,27.64,90.0,32.63,10000.0,0.0,91.0,1.34,1.08,241.0,997.0,0,804,Clouds,overcast clouds,04n
2025-07-30 00:51:40,Thanh Hoa-Thanh Hoa,Thanh Hoa,27.64,27.64,27.64,90.0,32.63,10000.0,0.0,91.0,1.34,1.08,241.0,997.0,0,804,Clouds,overcast clouds,04n
2025-07-30 12:03:45,Thanh Hoa-Thanh Hoa,Thanh Hoa,35.51,35.51,35.51,52.0,42.51,10000.0,0.0,100.0,1.64,2.39,229.0,997.0,1,804,Clouds,overcast clouds,04d
2025-07-30 12:07:31,Thanh Hoa-Thanh Hoa,Thanh Hoa,35.51,35.51,35.51,52.0,42.51,10000.0,0.0,100.0,1.64,2.39,229.0,997.0,1,804,Clouds,overcast clouds,04d
2025-07-30 12:11:16,Thanh Hoa-Thanh Hoa,Thanh Hoa,35.51,35.51,35.51,52.0,42.51,10000.0,0.0,100.0,1.64,2.39,229.0,997.0,1,804,Clouds,overcast clouds,04d
2025-07-30 12:15:02,Thanh Hoa-Thanh Hoa,Thanh Hoa,35.51,35.51,35.51,52.0,42.51,10000.0,0.0,100.0,1.64,2.39,229.0,997.0,1,804,Clouds,overcast clouds,04d
2025-07-30 12:18:48,Thanh Hoa-Thanh Hoa,Thanh Hoa,35.52,35.52,35.52,52.0,42.52,10000.0,0.0,100.0,1.64,2.39,229.0,997.0,1,804,Clouds,overcast clouds,04d
2025-07-30 12:22:34,Thanh Hoa-Thanh Hoa,Thanh Hoa,35.51,35.51,35.51,52.0,42.51,10000.0,0.0,100.0,1.64,2.39,229.0,997.0,1,804,Clouds,overcast clouds,04d
2025-07-30 12:26:20,Thanh Hoa-Thanh Hoa,Thanh Hoa,35.52,35.52,35.52,52.0,42.52,10000.0,0.0,100.0,1.64,2.39,229.0,997.0,1,804,Clouds,overcast clouds,04d
2025-07-30 12:30:06,Thanh Hoa-Thanh Hoa,Thanh Hoa,36.45,36.45,36.45,49.0,43.45,10000.0,0.0,100.0,1.02,2.05,220.0,996.0,1,804,Clouds,overcast clouds,04d
2025-07-30 12:33:52,Thanh Hoa-Thanh Hoa,Thanh Hoa,36.45,36.45,36.45,49.0,43.45,10000.0,0.0,100.0,1.02,2.05,220.0,996.0,1,804,Clouds,overcast clouds,04d
2025-07-30 12:37:37,Thanh Hoa-Thanh Hoa,Thanh Hoa,36.45,36.45,36.45,49.0,43.45,10000.0,0.0,100.0,1.02,2.05,220.0,996.0,1,804,Clouds,overcast clouds,04d
2025-07-30 12:41:24,Thanh Hoa-Thanh Hoa,Thanh Hoa,36.44,36.44,36.44,49.0,43.44,10000.0,0.0,100.0,1.02,2.05,220.0,996.0,1,804,Clouds,overcast clouds,04d
2025-07-30 12:45:10,Thanh Hoa-Thanh Hoa,Thanh Hoa,36.44,36.44,36.44,49.0,43.44,10000.0,0.0,100.0,1.02,2.05,220.0,996.0,1,804,Clouds,overcast clouds,04d
2025-07-30 12:48:56,Thanh Hoa-Thanh Hoa,Thanh Hoa,36.44,36.44,36.44,49.0,43.44,10000.0,0.0,100.0,1.02,2.05,220.0,996.0,1,804,Clouds,overcast clouds,04d
2025-07-30 12:52:42,Thanh Hoa-Thanh Hoa,Thanh Hoa,36.44,36.44,36.44,49.0,43.44,10000.0,0.0,100.0,1.02,2.05,220.0,996.0,1,804,Clouds,overcast clouds,04d
2025-07-30 12:56:28,Thanh Hoa-Thanh Hoa,Thanh Hoa,36.44,36.44,36.44,49.0,43.44,10000.0,0.0,100.0,1.37,2.19,190.0,996.0,1,804,Clouds,overcast clouds,04d
2025-07-30 13:00:14,Thanh Hoa-Thanh Hoa,Thanh Hoa,36.44,36.44,36.44,49.0,43.44,10000.0,0.0,100.0,1.37,2.19,190.0,996.0,1,804,Clouds,overcast clouds,04d
2025-07-30 13:03:59,Thanh Hoa-Thanh Hoa,Thanh Hoa,36.44,36.44,36.44,49.0,43.44,10000.0,0.0,100.0,1.37,2.19,190.0,996.0,1,804,Clouds,overcast clouds,04d
2025-07-30 13:07:45,Thanh Hoa-Thanh Hoa,Thanh Hoa,36.44,36.44,36.44,49.0,43.44,10000.0,0.0,100.0,1.37,2.19,190.0,996.0,1,804,Clouds,overcast clouds,04d
2025-07-30 13:11:31,Thanh Hoa-Thanh Hoa,Thanh Hoa,36.44,36.44,36.44,49.0,43.44,10000.0,0.0,100.0,1.37,2.19,190.0,996.0,1,804,Clouds,overcast clouds,04d
2025-07-30 13:15:17,Thanh Hoa-Thanh Hoa,Thanh Hoa,36.44,36.44,36.44,49.0,43.44,10000.0,0.0,100.0,1.37,2.19,190.0,996.0,1,804,Clouds,overcast clouds,04d
2025-07-30 13:19:03,Thanh Hoa-Thanh Hoa,Thanh Hoa,36.44,36.44,36.44,49.0,43.44,10000.0,0.0,100.0,1.37,2.19,190.0,996.0,1,804,Clouds,overcast clouds,04d
2025-07-30 13:22:49,Thanh Hoa-Thanh Hoa,Thanh Hoa,36.2,36.2,36.2,49.0,43.19,10000.0,0.0,100.0,1.37,2.19,190.0,996.0,1,804,Clouds,overcast clouds,04d
2025-07-30 13:26:35,Thanh Hoa-Thanh Hoa,Thanh Hoa,36.2,36.2,36.2,49.0,43.19,10000.0,0.0,100.0,1.37,2.19,190.0,996.0,1,804,Clouds,overcast clouds,04d
2025-07-30 13:30:20,Thanh Hoa-Thanh Hoa,Thanh Hoa,36.2,36.2,36.2,49.0,43.19,10000.0,0.0,100.0,1.37,2.19,190.0,996.0,1,804,Clouds,overcast clouds,04d
2025-07-30 13:34:07,Thanh Hoa-Thanh Hoa,Thanh Hoa,36.55,36.55,36.55,48.0,43.55,10000.0,0.0,100.0,1.27,2.1,161.0,995.0,1,804,Clouds,overcast clouds,04d
2025-07-30 13:37:53,Thanh Hoa-Thanh Hoa,Thanh Hoa,36.55,36.55,36.55,48.0,43.55,10000.0,0.0,100.0,1.27,2.1,161.0,995.0,1,804,Clouds,overcast clouds,04d
2025-07-30 13:41:39,Thanh Hoa-Thanh Hoa,Thanh Hoa,36.55,36.55,36.55,48.0,43.55,10000.0,0.0,100.0,1.27,2.1,161.0,995.0,1,804,Clouds,overcast clouds,04d
2025-07-30 13:45:24,Thanh Hoa-Thanh Hoa,Thanh Hoa,36.55,36.55,36.55,48.0,43.55,10000.0,0.0,100.0,1.27,2.1,161.0,995.0,1,804,Clouds,overcast clouds,04d
2025-07-30 13:49:10,Thanh Hoa-Thanh Hoa,Thanh Hoa,36.55,36.55,36.55,48.0,43.55,10000.0,0.0,100.0,1.27,2.1,161.0,995.0,1,804,Clouds,overcast clouds,04d
2025-07-30 13:52:57,Thanh Hoa-Thanh Hoa,Thanh Hoa,36.55,36.55,36.55,48.0,43.55,10000.0,0.0,100.0,1.27,2.1,161.0,995.0,1,804,Clouds,overcast clouds,04d
2025-07-30 13:56:44,Thanh Hoa-Thanh Hoa,Thanh Hoa,36.55,36.55,36.55,48.0,43.55,10000.0,0.0,100.0,1.27,2.1,161.0,995.0,1,804,Clouds,overcast clouds,04d
2025-07-30 14:00:31,Thanh Hoa-Thanh Hoa,Thanh Hoa,36.55,36.55,36.55,48.0,43.55,10000.0,0.0,100.0,1.27,2.1,161.0,995.0,1,804,Clouds,overcast clouds,04d
2025-07-30 14:04:19,Thanh Hoa-Thanh Hoa,Thanh Hoa,36.55,36.55,36.55,48.0,43.55,10000.0,0.0,100.0,1.27,2.1,161.0,995.0,1,804,Clouds,overcast clouds,04d
2025-07-30 14:08:08,Thanh Hoa-Thanh Hoa,Thanh Hoa,36.55,36.55,36.55,48.0,43.55,10000.0,0.0,100.0,1.27,2.1,161.0,995.0,1,804,Clouds,overcast clouds,04d
2025-07-30 14:11:55,Thanh Hoa-Thanh Hoa,Thanh Hoa,36.55,36.55,36.55,48.0,43.55,10000.0,0.0,100.0,1.27,2.1,161.0,995.0,1,804,Clouds,overcast clouds,04d
2025-07-30 14:15:41,Thanh Hoa-Thanh Hoa,Thanh Hoa,36.55,36.55,36.55,48.0,43.55,10000.0,0.0,100.0,1.27,2.1,161.0,995.0,1,804,Clouds,overcast clouds,04d
2025-07-30 14:19:27,Thanh Hoa-Thanh Hoa,Thanh Hoa,36.56,36.56,36.56,48.0,43.56,10000.0,0.0,100.0,1.27,2.1,161.0,995.0,1,804,Clouds,overcast clouds,04d
2025-07-30 14:23:14,Thanh Hoa-Thanh Hoa,Thanh Hoa,36.56,36.56,36.56,48.0,43.56,10000.0,0.0,100.0,1.27,2.1,161.0,995.0,1,804,Clouds,overcast clouds,04d
2025-07-30 14:26:59,Thanh Hoa-Thanh Hoa,Thanh Hoa,36.56,36.56,36.56,48.0,43.56,10000.0,0.0,100.0,1.27,2.1,161.0,995.0,1,804,Clouds,overcast clouds,04d
2025-07-30 14:30:45,Thanh Hoa-Thanh Hoa,Thanh Hoa,36.85,36.85,36.85,47.0,43.85,10000.0,0.0,100.0,1.73,2.17,141.0,995.0,1,804,Clouds,overcast clouds,04d
2025-07-30 14:34:32,Thanh Hoa-Thanh Hoa,Thanh Hoa,36.84,36.84,36.84,47.0,43.84,10000.0,0.0,100.0,1.73,2.17,141.0,995.0,1,804,Clouds,overcast clouds,04d
2025-07-30 14:38:18,Thanh Hoa-Thanh Hoa,Thanh Hoa,36.84,36.84,36.84,47.0,43.84,10000.0,0.0,100.0,1.73,2.17,141.0,995.0,1,804,Clouds,overcast clouds,04d
2025-07-30 14:42:05,Thanh Hoa-Thanh Hoa,Thanh Hoa,36.84,36.84,36.84,47.0,43.84,10000.0,0.0,100.0,1.73,2.17,141.0,995.0,1,804,Clouds,overcast clouds,04d
2025-07-30 14:45:52,Thanh Hoa-Thanh Hoa,Thanh Hoa,36.84,36.84,36.84,47.0,43.84,10000.0,0.0,100.0,1.73,2.17,141.0,995.0,1,804,Clouds,overcast clouds,04d
2025-07-30 14:49:38,Thanh Hoa-Thanh Hoa,Thanh Hoa,36.84,36.84,36.84,47.0,43.84,10000.0,0.0,100.0,1.73,2.17,141.0,995.0,1,804,Clouds,overcast clouds,04d
2025-07-30 14:53:24,Thanh Hoa-Thanh Hoa,Thanh Hoa,36.84,36.84,36.84,47.0,43.84,10000.0,0.0,100.0,1.73,2.17,141.0,995.0,1,804,Clouds,overcast clouds,04d
2025-07-30 14:57:10,Thanh Hoa-Thanh Hoa,Thanh Hoa,36.84,36.84,36.84,47.0,43.84,10000.0,0.0,100.0,1.73,2.17,141.0,995.0,1,804,Clouds,overcast clouds,04d
2025-07-30 15:00:55,Thanh Hoa-Thanh Hoa,Thanh Hoa,36.84,36.84,36.84,47.0,43.84,10000.0,0.0,100.0,1.73,2.17,141.0,995.0,1,804,Clouds,overcast clouds,04d
2025-07-30 15:04:41,Thanh Hoa-Thanh Hoa,Thanh Hoa,36.84,36.84,36.84,47.0,43.84,10000.0,0.0,100.0,1.73,2.17,141.0,995.0,1,804,Clouds,overcast clouds,04d
2025-07-30 15:08:27,Thanh Hoa-Thanh Hoa,Thanh Hoa,36.84,36.84,36.84,47.0,43.84,10000.0,0.0,100.0,1.73,2.17,141.0,995.0,1,804,Clouds,overcast clouds,04d
2025-07-30 15:12:14,Thanh Hoa-Thanh Hoa,Thanh Hoa,36.84,36.84,36.84,47.0,43.84,10000.0,0.0,100.0,1.73,2.17,141.0,995.0,1,804,Clouds,overcast clouds,04d
2025-07-30 15:16:01,Thanh Hoa-Thanh Hoa,Thanh Hoa,36.84,36.84,36.84,47.0,43.84,10000.0,0.0,100.0,1.73,2.17,141.0,995.0,1,804,Clouds,overcast clouds,04d
2025-07-30 15:19:47,Thanh Hoa-Thanh Hoa,Thanh Hoa,36.84,36.84,36.84,47.0,43.84,10000.0,0.0,100.0,1.73,2.17,141.0,995.0,1,804,Clouds,overcast clouds,04d
2025-07-30 15:23:33,Thanh Hoa-Thanh Hoa,Thanh Hoa,36.84,36.84,36.84,47.0,43.84,10000.0,0.0,100.0,1.73,2.17,141.0,995.0,1,804,Clouds,overcast clouds,04d
2025-07-30 15:27:19,Thanh Hoa-Thanh Hoa,Thanh Hoa,36.85,36.85,36.85,47.0,43.85,10000.0,0.0,100.0,1.73,2.17,141.0,995.0,1,804,Clouds,overcast clouds,04d
2025-07-30 15:31:05,Thanh Hoa-Thanh Hoa,Thanh Hoa,36.85,36.85,36.85,47.0,43.85,10000.0,0.0,100.0,1.73,2.17,141.0,995.0,1,804,Clouds,overcast clouds,04d
2025-07-30 15:34:50,Thanh Hoa-Thanh Hoa,Thanh Hoa,36.6,36.6,36.6,51.0,43.6,10000.0,0.0,100.0,2.21,2.49,147.0,994.0,1,804,Clouds,overcast clouds,04d
2025-07-30 15:38:36,Thanh Hoa-Thanh Hoa,Thanh Hoa,36.6,36.6,36.6,51.0,43.6,10000.0,0.0,100.0,2.21,2.49,147.0,994.0,1,804,Clouds,overcast clouds,04d
2025-07-30 15:42:22,Thanh Hoa-Thanh Hoa,Thanh Hoa,36.6,36.6,36.6,51.0,43.6,10000.0,0.0,100.0,2.21,2.49,147.0,994.0,1,804,Clouds,overcast clouds,04d
2025-07-30 15:46:08,Thanh Hoa-Thanh Hoa,Thanh Hoa,36.6,36.6,36.6,51.0,43.6,10000.0,0.0,100.0,2.21,2.49,147.0,994.0,1,804,Clouds,overcast clouds,04d
2025-07-30 15:49:54,Thanh Hoa-Thanh Hoa,Thanh Hoa,36.6,36.6,36.6,51.0,43.6,10000.0,0.0,100.0,2.21,2.49,147.0,994.0,1,804,Clouds,overcast clouds,04d
2025-07-30 15:53:41,Thanh Hoa-Thanh Hoa,Thanh Hoa,36.6,36.6,36.6,51.0,43.6,10000.0,0.0,100.0,2.21,2.49,147.0,994.0,1,804,Clouds,overcast clouds,04d
2025-07-30 15:57:26,Thanh Hoa-Thanh Hoa,Thanh Hoa,36.6,36.6,36.6,51.0,43.6,10000.0,0.0,100.0,2.21,2.49,147.0,994.0,1,804,Clouds,overcast clouds,04d
2025-07-30 16:01:12,Thanh Hoa-Thanh Hoa,Thanh Hoa,36.6,36.6,36.6,51.0,43.6,10000.0,0.0,100.0,2.21,2.49,147.0,994.0,1,804,Clouds,overcast clouds,04d
2025-07-30 16:04:58,Thanh Hoa-Thanh Hoa,Thanh Hoa,36.6,36.6,36.6,51.0,43.6,10000.0,0.0,100.0,2.21,2.49,147.0,994.0,1,804,Clouds,overcast clouds,04d
2025-07-30 16:08:44,Thanh Hoa-Thanh Hoa,Thanh Hoa,36.6,36.6,36.6,51.0,43.6,10000.0,0.0,100.0,2.21,2.49,147.0,994.0,1,804,Clouds,overcast clouds,04d
2025-07-30 16:12:30,Thanh Hoa-Thanh Hoa,Thanh Hoa,36.6,36.6,36.6,51.0,43.6,10000.0,0.0,100.0,2.21,2.49,147.0,994.0,1,804,Clouds,overcast clouds,04d
2025-07-30 16:16:16,Thanh Hoa-Thanh Hoa,Thanh Hoa,36.61,36.61,36.61,51.0,43.61,10000.0,0.0,100.0,2.21,2.49,147.0,994.0,1,804,Clouds,overcast clouds,04d
2025-07-30 16:20:02,Thanh Hoa-Thanh Hoa,Thanh Hoa,36.61,36.61,36.61,51.0,43.61,10000.0,0.0,100.0,2.21,2.49,147.0,994.0,1,804,Clouds,overcast clouds,04d
2025-07-30 16:23:49,Thanh Hoa-Thanh Hoa,Thanh Hoa,36.61,36.61,36.61,51.0,43.61,10000.0,0.0,100.0,2.21,2.49,147.0,994.0,1,804,Clouds,overcast clouds,04d
2025-07-30 16:27:34,Thanh Hoa-Thanh Hoa,Thanh Hoa,36.61,36.61,36.61,51.0,43.61,10000.0,0.0,100.0,2.21,2.49,147.0,994.0,1,804,Clouds,overcast clouds,04d
2025-07-30 16:31:21,Thanh Hoa-Thanh Hoa,Thanh Hoa,34.8,34.8,34.8,62.0,41.8,10000.0,0.0,100.0,2.71,4.65,154.0,994.0,1,804,Clouds,overcast clouds,04d
2025-07-30 16:35:07,Thanh Hoa-Thanh Hoa,Thanh Hoa,34.8,34.8,34.8,62.0,41.8,10000.0,0.0,100.0,2.71,4.65,154.0,994.0,1,804,Clouds,overcast clouds,04d
2025-07-30 16:38:53,Thanh Hoa-Thanh Hoa,Thanh Hoa,34.8,34.8,34.8,62.0,41.8,10000.0,0.0,100.0,2.71,4.65,154.0,994.0,1,804,Clouds,overcast clouds,04d
2025-07-30 16:42:39,Thanh Hoa-Thanh Hoa,Thanh Hoa,34.8,34.8,34.8,62.0,41.8,10000.0,0.0,100.0,2.71,4.65,154.0,994.0,1,804,Clouds,overcast clouds,04d
2025-07-30 16:46:25,Thanh Hoa-Thanh Hoa,Thanh Hoa,34.8,34.8,34.8,62.0,41.8,10000.0,0.0,100.0,2.71,4.65,154.0,994.0,1,804,Clouds,overcast clouds,04d
2025-07-30 16:50:11,Thanh Hoa-Thanh Hoa,Thanh Hoa,34.8,34.8,34.8,62.0,41.8,10000.0,0.0,100.0,2.71,4.65,154.0,994.0,1,804,Clouds,overcast clouds,04d
2025-07-30 16:53:56,Thanh Hoa-Thanh Hoa,Thanh Hoa,34.8,34.8,34.8,62.0,41.8,10000.0,0.0,100.0,2.71,4.65,154.0,994.0,1,804,Clouds,overcast clouds,04d
2025-07-30 16:57:42,Thanh Hoa-Thanh Hoa,Thanh Hoa,34.8,34.8,34.8,62.0,41.8,10000.0,0.0,100.0,2.71,4.65,154.0,994.0,1,804,Clouds,overcast clouds,04d
2025-07-30 17:01:38,Thanh Hoa-Thanh Hoa,Thanh Hoa,34.8,34.8,34.8,62.0,41.8,10000.0,0.0,100.0,2.71,4.65,154.0,994.0,1,804,Clouds,overcast clouds,04d
2025-07-30 17:05:31,Thanh Hoa-Thanh Hoa,Thanh Hoa,34.8,34.8,34.8,62.0,41.8,10000.0,0.0,100.0,2.71,4.65,154.0,994.0,1,804,Clouds,overcast clouds,04d
2025-07-30 17:09:17,Thanh Hoa-Thanh Hoa,Thanh Hoa,34.8,34.8,34.8,62.0,41.8,10000.0,0.0,100.0,2.71,4.65,154.0,994.0,1,804,Clouds,overcast clouds,04d
2025-07-30 17:13:05,Thanh Hoa-Thanh Hoa,Thanh Hoa,34.8,34.8,34.8,62.0,41.8,10000.0,0.0,100.0,2.71,4.65,154.0,994.0,1,804,Clouds,overcast clouds,04d
2025-07-30 17:16:52,Thanh Hoa-Thanh Hoa,Thanh Hoa,34.8,34.8,34.8,62.0,41.8,10000.0,0.0,100.0,2.71,4.65,154.0,994.0,1,804,Clouds,overcast clouds,04d
2025-07-30 17:20:38,Thanh Hoa-Thanh Hoa,Thanh Hoa,34.81,34.81,34.81,62.0,41.81,10000.0,0.0,100.0,2.71,4.65,154.0,994.0,1,804,Clouds,overcast clouds,04d
2025-07-30 17:24:24,Thanh Hoa-Thanh Hoa,Thanh Hoa,34.81,34.81,34.81,62.0,41.81,10000.0,0.0,100.0,2.71,4.65,154.0,994.0,1,804,Clouds,overcast clouds,04d
2025-07-30 17:28:10,Thanh Hoa-Thanh Hoa,Thanh Hoa,34.81,34.81,34.81,62.0,41.81,10000.0,0.0,100.0,2.71,4.65,154.0,994.0,1,804,Clouds,overcast clouds,04d
2025-07-30 17:31:56,Thanh Hoa-Thanh Hoa,Thanh Hoa,31.61,31.61,31.61,72.0,38.61,10000.0,0.0,100.0,2.38,5.74,171.0,995.0,1,804,Clouds,overcast clouds,04d
2025-07-30 17:35:42,Thanh Hoa-Thanh Hoa,Thanh Hoa,31.61,31.61,31.61,72.0,38.61,10000.0,0.0,100.0,2.38,5.74,171.0,995.0,1,804,Clouds,overcast clouds,04d
2025-07-30 17:39:51,Thanh Hoa-Thanh Hoa,Thanh Hoa,31.61,31.61,31.61,72.0,38.61,10000.0,0.0,100.0,2.38,5.74,171.0,995.0,1,804,Clouds,overcast clouds,04d
2025-07-30 17:43:56,Thanh Hoa-Thanh Hoa,Thanh Hoa,31.61,31.61,31.61,72.0,38.61,10000.0,0.0,100.0,2.38,5.74,171.0,995.0,1,804,Clouds,overcast clouds,04d
2025-07-30 17:47:41,Thanh Hoa-Thanh Hoa,Thanh Hoa,31.61,31.61,31.61,72.0,38.61,10000.0,0.0,100.0,2.38,5.74,171.0,995.0,1,804,Clouds,overcast clouds,04d
2025-07-30 17:51:27,Thanh Hoa-Thanh Hoa,Thanh Hoa,31.61,31.61,31.61,72.0,38.61,10000.0,0.0,100.0,2.38,5.74,171.0,995.0,1,804,Clouds,overcast clouds,04d
2025-07-30 17:55:13,Thanh Hoa-Thanh Hoa,Thanh Hoa,31.61,31.61,31.61,72.0,38.61,10000.0,0.0,100.0,2.38,5.74,171.0,995.0,1,804,Clouds,overcast clouds,04d
2025-07-30 17:58:59,Thanh Hoa-Thanh Hoa,Thanh Hoa,31.61,31.61,31.61,72.0,38.61,10000.0,0.0,100.0,2.38,5.74,171.0,995.0,1,804,Clouds,overcast clouds,04d
2025-07-30 18:02:45,Thanh Hoa-Thanh Hoa,Thanh Hoa,31.61,31.61,31.61,72.0,38.61,10000.0,0.0,100.0,2.38,5.74,171.0,995.0,1,804,Clouds,overcast clouds,04d
2025-07-30 18:06:33,Thanh Hoa-Thanh Hoa,Thanh Hoa,31.61,31.61,31.61,72.0,38.61,10000.0,0.0,100.0,2.38,5.74,171.0,995.0,1,804,Clouds,overcast clouds,04d
2025-07-30 18:10:25,Thanh Hoa-Thanh Hoa,Thanh Hoa,31.61,31.61,31.61,72.0,38.61,10000.0,0.0,100.0,2.38,5.74,171.0,995.0,1,804,Clouds,overcast clouds,04d
2025-07-30 18:14:13,Thanh Hoa-Thanh Hoa,Thanh Hoa,31.61,31.61,31.61,72.0,38.61,10000.0,0.0,100.0,2.38,5.74,171.0,995.0,1,804,Clouds,overcast clouds,04d
2025-07-30 18:17:59,Thanh Hoa-Thanh Hoa,Thanh Hoa,31.61,31.61,31.61,72.0,38.61,10000.0,0.0,100.0,2.38,5.74,171.0,995.0,1,804,Clouds,overcast clouds,04d
2025-07-30 18:21:45,Thanh Hoa-Thanh Hoa,Thanh Hoa,31.61,31.61,31.61,72.0,38.61,10000.0,0.0,100.0,2.38,5.74,171.0,995.0,1,804,Clouds,overcast clouds,04d
2025-07-30 18:25:31,Thanh Hoa-Thanh Hoa,Thanh Hoa,31.61,31.61,31.61,72.0,38.61,10000.0,0.0,100.0,2.38,5.74,171.0,995.0,1,804,Clouds,overcast clouds,04d
2025-07-30 18:29:17,Thanh Hoa-Thanh Hoa,Thanh Hoa,31.61,31.61,31.61,72.0,38.61,10000.0,0.0,100.0,2.38,5.74,171.0,995.0,1,804,Clouds,overcast clouds,04d
2025-07-30 18:33:03,Thanh Hoa-Thanh Hoa,Thanh Hoa,31.61,31.61,31.61,72.0,38.61,10000.0,0.0,100.0,2.38,5.74,171.0,995.0,1,804,Clouds,overcast clouds,04d
2025-07-30 18:36:49,Thanh Hoa-Thanh Hoa,Thanh Hoa,29.68,29.68,29.68,74.0,35.2,10000.0,0.0,100.0,2.36,6.9,178.0,996.0,0,804,Clouds,overcast clouds,04n
2025-07-30 18:40:35,Thanh Hoa-Thanh Hoa,Thanh Hoa,29.68,29.68,29.68,74.0,35.2,10000.0,0.0,100.0,2.36,6.9,178.0,996.0,0,804,Clouds,overcast clouds,04n
2025-07-30 18:44:21,Thanh Hoa-Thanh Hoa,Thanh Hoa,29.68,29.68,29.68,74.0,35.2,10000.0,0.0,100.0,2.36,6.9,178.0,996.0,0,804,Clouds,overcast clouds,04n
2025-07-30 18:48:06,Thanh Hoa-Thanh Hoa,Thanh Hoa,29.68,29.68,29.68,74.0,35.2,10000.0,0.0,100.0,2.36,6.9,178.0,996.0,0,804,Clouds,overcast clouds,04n
2025-07-30 18:51:52,Thanh Hoa-Thanh Hoa,Thanh Hoa,29.68,29.68,29.68,74.0,35.2,10000.0,0.0,100.0,2.36,6.9,178.0,996.0,0,804,Clouds,overcast clouds,04n
2025-07-30 18:55:38,Thanh Hoa-Thanh Hoa,Thanh Hoa,29.68,29.68,29.68,74.0,35.2,10000.0,0.0,100.0,2.43,6.56,173.0,996.0,0,804,Clouds,overcast clouds,04n
2025-07-30 18:59:24,Thanh Hoa-Thanh Hoa,Thanh Hoa,29.68,29.68,29.68,74.0,35.2,10000.0,0.0,100.0,2.36,6.9,178.0,996.0,0,804,Clouds,overcast clouds,04n
2025-07-30 19:03:09,Thanh Hoa-Thanh Hoa,Thanh Hoa,29.68,29.68,29.68,74.0,35.2,10000.0,0.0,100.0,2.43,6.56,173.0,996.0,0,804,Clouds,overcast clouds,04n
2025-07-30 19:06:55,Thanh Hoa-Thanh Hoa,Thanh Hoa,29.68,29.68,29.68,74.0,35.2,10000.0,0.0,100.0,2.43,6.56,173.0,996.0,0,804,Clouds,overcast clouds,04n
2025-07-30 19:10:41,Thanh Hoa-Thanh Hoa,Thanh Hoa,29.68,29.68,29.68,74.0,35.2,10000.0,0.0,100.0,2.43,6.56,173.0,996.0,0,804,Clouds,overcast clouds,04n
2025-07-30 19:14:27,Thanh Hoa-Thanh Hoa,Thanh Hoa,29.68,29.68,29.68,74.0,35.2,10000.0,0.0,100.0,2.43,6.56,173.0,996.0,0,804,Clouds,overcast clouds,04n
2025-07-30 19:18:12,Thanh Hoa-Thanh Hoa,Thanh Hoa,29.68,29.68,29.68,74.0,35.2,10000.0,0.0,100.0,2.43,6.56,173.0,996.0,0,804,Clouds,overcast clouds,04n
2025-07-30 19:21:58,Thanh Hoa-Thanh Hoa,Thanh Hoa,29.68,29.68,29.68,74.0,35.2,10000.0,0.0,100.0,2.43,6.56,173.0,996.0,0,804,Clouds,overcast clouds,04n
2025-07-30 19:25:44,Thanh Hoa-Thanh Hoa,Thanh Hoa,29.68,29.68,29.68,74.0,35.2,10000.0,0.0,100.0,2.43,6.56,173.0,996.0,0,804,Clouds,overcast clouds,04n
2025-07-30 19:29:30,Thanh Hoa-Thanh Hoa,Thanh Hoa,29.84,29.84,29.84,74.0,35.61,10000.0,0.12,100.0,2.43,6.56,173.0,996.0,0,500,Rain,light rain,10n
2025-07-30 19:33:16,Thanh Hoa-Thanh Hoa,Thanh Hoa,29.84,29.84,29.84,74.0,35.61,10000.0,0.12,100.0,2.43,6.56,173.0,996.0,0,500,Rain,light rain,10n
2025-07-30 19:37:01,Thanh Hoa-Thanh Hoa,Thanh Hoa,27.66,27.66,27.66,83.0,31.67,10000.0,0.11,100.0,1.97,3.13,180.0,997.0,0,500,Rain,light rain,10n
2025-07-30 19:40:47,Thanh Hoa-Thanh Hoa,Thanh Hoa,27.66,27.66,27.66,83.0,31.67,10000.0,0.11,100.0,1.97,3.13,180.0,997.0,0,500,Rain,light rain,10n
2025-07-30 19:44:33,Thanh Hoa-Thanh Hoa,Thanh Hoa,27.66,27.66,27.66,83.0,31.67,10000.0,0.11,100.0,1.97,3.13,180.0,997.0,0,500,Rain,light rain,10n
2025-07-30 19:48:19,Thanh Hoa-Thanh Hoa,Thanh Hoa,27.66,27.66,27.66,83.0,31.67,10000.0,0.16,100.0,1.97,3.13,180.0,997.0,0,500,Rain,light rain,10n
2025-07-30 19:52:05,Thanh Hoa-Thanh Hoa,Thanh Hoa,27.66,27.66,27.66,83.0,31.67,10000.0,1.09,100.0,1.97,3.13,180.0,997.0,0,501,Rain,moderate rain,10n
2025-07-30 19:55:51,Thanh Hoa-Thanh Hoa,Thanh Hoa,27.66,27.66,27.66,83.0,31.67,10000.0,0.16,100.0,1.97,3.13,180.0,997.0,0,500,Rain,light rain,10n
2025-07-30 19:59:36,Thanh Hoa-Thanh Hoa,Thanh Hoa,27.66,27.66,27.66,83.0,31.67,10000.0,0.65,100.0,1.97,3.13,180.0,997.0,0,500,Rain,light rain,10n
2025-07-30 20:03:22,Thanh Hoa-Thanh Hoa,Thanh Hoa,27.66,27.66,27.66,83.0,31.67,10000.0,0.73,100.0,1.97,3.13,180.0,997.0,0,500,Rain,light rain,10n
2025-07-30 20:07:08,Thanh Hoa-Thanh Hoa,Thanh Hoa,27.66,27.66,27.66,83.0,31.67,10000.0,0.65,100.0,1.97,3.13,180.0,997.0,0,500,Rain,light rain,10n
2025-07-30 20:10:53,Thanh Hoa-Thanh Hoa,Thanh Hoa,27.66,27.66,27.66,83.0,31.67,10000.0,0.73,100.0,1.97,3.13,180.0,997.0,0,500,Rain,light rain,10n
2025-07-30 20:14:39,Thanh Hoa-Thanh Hoa,Thanh Hoa,27.66,27.66,27.66,83.0,31.67,10000.0,0.87,100.0,1.97,3.13,180.0,997.0,0,500,Rain,light rain,10n
2025-07-30 20:18:25,Thanh Hoa-Thanh Hoa,Thanh Hoa,27.66,27.66,27.66,83.0,31.67,10000.0,0.27,100.0,1.97,3.13,180.0,997.0,0,500,Rain,light rain,10n
2025-07-30 20:22:11,Thanh Hoa-Thanh Hoa,Thanh Hoa,27.66,27.66,27.66,83.0,31.67,10000.0,0.27,100.0,1.97,3.13,180.0,997.0,0,500,Rain,light rain,10n
2025-07-30 20:25:56,Thanh Hoa-Thanh Hoa,Thanh Hoa,27.66,27.66,27.66,83.0,31.67,10000.0,0.65,100.0,1.97,3.13,180.0,997.0,0,500,Rain,light rain,10n
2025-07-30 20:29:42,Thanh Hoa-Thanh Hoa,Thanh Hoa,27.66,27.66,27.66,83.0,31.67,10000.0,0.65,100.0,1.97,3.13,180.0,997.0,0,500,Rain,light rain,10n
2025-07-30 20:33:28,Thanh Hoa-Thanh Hoa,Thanh Hoa,27.66,27.66,27.66,83.0,31.67,10000.0,0.65,100.0,1.97,3.13,180.0,997.0,0,500,Rain,light rain,10n
2025-07-30 20:37:14,Thanh Hoa-Thanh Hoa,Thanh Hoa,27.3,27.3,27.3,84.0,30.88,10000.0,0.95,100.0,1.61,1.89,182.0,998.0,0,500,Rain,light rain,10n
2025-07-30 20:41:00,Thanh Hoa-Thanh Hoa,Thanh Hoa,27.3,27.3,27.3,84.0,30.88,10000.0,0.87,100.0,1.61,1.89,182.0,998.0,0,500,Rain,light rain,10n
2025-07-30 20:44:45,Thanh Hoa-Thanh Hoa,Thanh Hoa,27.3,27.3,27.3,84.0,30.88,10000.0,0.95,100.0,1.61,1.89,182.0,998.0,0,500,Rain,light rain,10n
2025-07-30 20:48:31,Thanh Hoa-Thanh Hoa,Thanh Hoa,27.3,27.3,27.3,84.0,30.88,10000.0,0.35,100.0,1.61,1.89,182.0,998.0,0,500,Rain,light rain,10n
2025-07-30 20:52:17,Thanh Hoa-Thanh Hoa,Thanh Hoa,27.3,27.3,27.3,84.0,30.88,10000.0,0.82,100.0,1.61,1.89,182.0,998.0,0,500,Rain,light rain,10n
2025-07-30 20:56:03,Thanh Hoa-Thanh Hoa,Thanh Hoa,27.3,27.3,27.3,84.0,30.88,10000.0,0.35,100.0,1.61,1.89,182.0,998.0,0,500,Rain,light rain,10n
2025-07-30 20:59:49,Thanh Hoa-Thanh Hoa,Thanh Hoa,27.3,27.3,27.3,84.0,30.88,10000.0,0.75,100.0,1.61,1.89,182.0,998.0,0,500,Rain,light rain,10n
2025-07-30 21:03:35,Thanh Hoa-Thanh Hoa,Thanh Hoa,27.3,27.3,27.3,84.0,30.88,10000.0,0.75,100.0,1.61,1.89,182.0,998.0,0,500,Rain,light rain,10n
2025-07-30 21:07:21,Thanh Hoa-Thanh Hoa,Thanh Hoa,27.31,27.31,27.31,84.0,30.9,10000.0,0.65,100.0,1.61,1.89,182.0,998.0,0,500,Rain,light rain,10n
2025-07-30 21:11:09,Thanh Hoa-Thanh Hoa,Thanh Hoa,27.31,27.31,27.31,84.0,30.9,10000.0,0.65,100.0,1.61,1.89,182.0,998.0,0,500,Rain,light rain,10n
2025-07-30 21:14:54,Thanh Hoa-Thanh Hoa,Thanh Hoa,27.31,27.31,27.31,84.0,30.9,10000.0,0.42,100.0,1.61,1.89,182.0,998.0,0,500,Rain,light rain,10n
2025-07-30 21:18:40,Thanh Hoa-Thanh Hoa,Thanh Hoa,27.31,27.31,27.31,84.0,30.9,10000.0,0.24,100.0,1.61,1.89,182.0,998.0,0,500,Rain,light rain,10n
2025-07-30 21:22:26,Thanh Hoa-Thanh Hoa,Thanh Hoa,27.31,27.31,27.31,84.0,30.9,10000.0,1.0,100.0,1.61,1.89,182.0,998.0,0,500,Rain,light rain,10n
2025-07-30 21:26:12,Thanh Hoa-Thanh Hoa,Thanh Hoa,27.31,27.31,27.31,84.0,30.9,10000.0,1.0,100.0,1.61,1.89,182.0,998.0,0,500,Rain,light rain,10n
2025-07-30 21:29:58,Thanh Hoa-Thanh Hoa,Thanh Hoa,27.31,27.31,27.31,84.0,30.9,10000.0,1.0,100.0,1.61,1.89,182.0,998.0,0,500,Rain,light rain,10n
2025-07-30 21:33:43,Thanh Hoa-Thanh Hoa,Thanh Hoa,27.07,27.07,27.07,84.0,30.3,10000.0,0.52,95.0,1.68,2.44,201.0,998.0,0,500,Rain,light rain,10n
2025-07-30 21:37:30,Thanh Hoa-Thanh Hoa,Thanh Hoa,27.07,27.07,27.07,84.0,30.3,10000.0,0.52,95.0,1.68,2.44,201.0,998.0,0,500,Rain,light rain,10n
2025-07-30 21:41:16,Thanh Hoa-Thanh Hoa,Thanh Hoa,27.07,27.07,27.07,84.0,30.3,10000.0,0.52,95.0,1.68,2.44,201.0,998.0,0,500,Rain,light rain,10n
2025-07-30 21:45:02,Thanh Hoa-Thanh Hoa,Thanh Hoa,27.07,27.07,27.07,84.0,30.3,10000.0,0.52,95.0,1.68,2.44,201.0,998.0,0,500,Rain,light rain,10n
2025-07-30 21:48:47,Thanh Hoa-Thanh Hoa,Thanh Hoa,27.07,27.07,27.07,84.0,30.3,10000.0,0.58,95.0,1.68,2.44,201.0,998.0,0,500,Rain,light rain,10n
2025-07-30 21:52:33,Thanh Hoa-Thanh Hoa,Thanh Hoa,27.07,27.07,27.07,84.0,30.3,10000.0,1.15,95.0,1.68,2.44,201.0,998.0,0,501,Rain,moderate rain,10n
2025-07-30 21:56:19,Thanh Hoa-Thanh Hoa,Thanh Hoa,27.07,27.07,27.07,84.0,30.3,10000.0,1.0,95.0,1.68,2.44,201.0,998.0,0,500,Rain,light rain,10n
2025-07-30 22:00:05,Thanh Hoa-Thanh Hoa,Thanh Hoa,27.07,27.07,27.07,84.0,30.3,10000.0,1.15,95.0,1.68,2.44,201.0,998.0,0,501,Rain,moderate rain,10n
2025-07-30 22:03:51,Thanh Hoa-Thanh Hoa,Thanh Hoa,27.07,27.07,27.07,84.0,30.3,10000.0,0.89,95.0,1.68,2.44,201.0,998.0,0,500,Rain,light rain,10n
2025-07-30 22:07:38,Thanh Hoa-Thanh Hoa,Thanh Hoa,27.07,27.07,27.07,84.0,30.3,10000.0,0.89,95.0,1.68,2.44,201.0,998.0,0,500,Rain,light rain,10n
2025-07-30 22:11:23,Thanh Hoa-Thanh Hoa,Thanh Hoa,27.07,27.07,27.07,84.0,30.3,10000.0,0.89,95.0,1.68,2.44,201.0,998.0,0,500,Rain,light rain,10n
2025-07-30 22:15:10,Thanh Hoa-Thanh Hoa,Thanh Hoa,27.07,27.07,27.07,84.0,30.3,10000.0,0.87,95.0,1.68,2.44,201.0,998.0,0,500,Rain,light rain,10n
2025-07-30 22:18:56,Thanh Hoa-Thanh Hoa,Thanh Hoa,27.07,27.07,27.07,84.0,30.3,10000.0,0.87,95.0,1.68,2.44,201.0,998.0,0,500,Rain,light rain,10n
2025-07-30 22:22:42,Thanh Hoa-Thanh Hoa,Thanh Hoa,27.07,27.07,27.07,84.0,30.3,10000.0,1.89,95.0,1.68,2.44,201.0,998.0,0,501,Rain,moderate rain,10n
2025-07-30 22:26:28,Thanh Hoa-Thanh Hoa,Thanh Hoa,27.07,27.07,27.07,84.0,30.3,10000.0,2.05,95.0,1.68,2.44,201.0,998.0,0,501,Rain,moderate rain,10n
2025-07-30 22:30:14,Thanh Hoa-Thanh Hoa,Thanh Hoa,27.07,27.07,27.07,84.0,30.3,10000.0,2.05,95.0,1.68,2.44,201.0,998.0,0,501,Rain,moderate rain,10n
2025-07-30 22:34:00,Thanh Hoa-Thanh Hoa,Thanh Hoa,26.73,26.73,26.73,86.0,29.64,10000.0,3.16,96.0,1.86,3.88,218.0,998.0,0,501,Rain,moderate rain,10n
2025-07-30 22:37:46,Thanh Hoa-Thanh Hoa,Thanh Hoa,26.73,26.73,26.73,86.0,29.64,10000.0,3.16,96.0,1.86,3.88,218.0,998.0,0,501,Rain,moderate rain,10n
2025-07-30 22:41:31,Thanh Hoa-Thanh Hoa,Thanh Hoa,26.73,26.73,26.73,86.0,29.64,10000.0,3.16,96.0,1.86,3.88,218.0,998.0,0,501,Rain,moderate rain,10n
2025-07-30 22:45:17,Thanh Hoa-Thanh Hoa,Thanh Hoa,26.73,26.73,26.73,86.0,29.64,10000.0,3.16,96.0,1.86,3.88,218.0,998.0,0,501,Rain,moderate rain,10n
2025-07-30 22:49:03,Thanh Hoa-Thanh Hoa,Thanh Hoa,26.73,26.73,26.73,86.0,29.64,10000.0,3.16,96.0,1.86,3.88,218.0,998.0,0,501,Rain,moderate rain,10n
2025-07-30 22:52:49,Thanh Hoa-Thanh Hoa,Thanh Hoa,26.73,26.73,26.73,86.0,29.64,10000.0,3.16,96.0,1.86,3.88,218.0,998.0,0,501,Rain,moderate rain,10n
2025-07-30 22:56:35,Thanh Hoa-Thanh Hoa,Thanh Hoa,26.73,26.73,26.73,86.0,29.64,10000.0,3.16,96.0,1.86,3.88,218.0,998.0,0,501,Rain,moderate rain,10n
2025-07-30 23:00:21,Thanh Hoa-Thanh Hoa,Thanh Hoa,26.73,26.73,26.73,86.0,29.64,10000.0,2.37,96.0,1.86,3.88,218.0,998.0,0,501,Rain,moderate rain,10n
2025-07-30 23:04:07,Thanh Hoa-Thanh Hoa,Thanh Hoa,26.74,26.74,26.74,86.0,29.66,10000.0,2.66,96.0,1.86,3.88,218.0,998.0,0,501,Rain,moderate rain,10n
2025-07-30 23:07:53,Thanh Hoa-Thanh Hoa,Thanh Hoa,26.74,26.74,26.74,86.0,29.66,10000.0,2.66,96.0,1.86,3.88,218.0,998.0,0,501,Rain,moderate rain,10n
2025-07-30 23:11:38,Thanh Hoa-Thanh Hoa,Thanh Hoa,26.74,26.74,26.74,86.0,29.66,10000.0,2.73,96.0,1.86,3.88,218.0,998.0,0,501,Rain,moderate rain,10n
2025-07-30 23:15:25,Thanh Hoa-Thanh Hoa,Thanh Hoa,26.74,26.74,26.74,86.0,29.66,10000.0,3.16,96.0,1.86,3.88,218.0,998.0,0,501,Rain,moderate rain,10n
2025-07-30 23:19:11,Thanh Hoa-Thanh Hoa,Thanh Hoa,26.74,26.74,26.74,86.0,29.66,10000.0,3.16,96.0,1.86,3.88,218.0,998.0,0,501,Rain,moderate rain,10n
2025-07-30 23:22:57,Thanh Hoa-Thanh Hoa,Thanh Hoa,26.74,26.74,26.74,86.0,29.66,10000.0,2.99,96.0,1.86,3.88,218.0,998.0,0,501,Rain,moderate rain,10n
2025-07-30 23:26:43,Thanh Hoa-Thanh Hoa,Thanh Hoa,26.74,26.74,26.74,86.0,29.66,10000.0,2.99,96.0,1.86,3.88,218.0,998.0,0,501,Rain,moderate rain,10n
2025-07-30 23:30:34,Thanh Hoa-Thanh Hoa,Thanh Hoa,26.53,26.53,26.53,87.0,26.53,10000.0,3.16,97.0,1.93,3.44,235.0,997.0,0,501,Rain,moderate rain,10n
2025-07-30 23:34:36,Thanh Hoa-Thanh Hoa,Thanh Hoa,26.54,26.54,26.54,87.0,26.54,10000.0,2.37,97.0,1.93,3.44,235.0,997.0,0,501,Rain,moderate rain,10n
2025-07-30 23:38:39,Thanh Hoa-Thanh Hoa,Thanh Hoa,26.53,26.53,26.53,87.0,26.53,10000.0,3.16,97.0,1.93,3.44,235.0,997.0,0,501,Rain,moderate rain,10n
2025-07-30 23:42:46,Thanh Hoa-Thanh Hoa,Thanh Hoa,26.54,26.54,26.54,87.0,26.54,10000.0,2.73,97.0,1.93,3.44,235.0,997.0,0,501,Rain,moderate rain,10n
2025-07-30 23:46:43,Thanh Hoa-Thanh Hoa,Thanh Hoa,26.54,26.54,26.54,87.0,26.54,10000.0,2.73,97.0,1.93,3.44,235.0,997.0,0,501,Rain,moderate rain,10n
2025-07-30 23:50:28,Thanh Hoa-Thanh Hoa,Thanh Hoa,26.54,26.54,26.54,87.0,26.54,10000.0,2.73,97.0,1.93,3.44,235.0,997.0,0,501,Rain,moderate rain,10n
2025-07-30 23:54:14,Thanh Hoa-Thanh Hoa,Thanh Hoa,26.54,26.54,26.54,87.0,26.54,10000.0,2.73,97.0,1.93,3.44,235.0,997.0,0,501,Rain,moderate rain,10n
2025-07-30 23:58:00,Thanh Hoa-Thanh Hoa,Thanh Hoa,26.54,26.54,26.54,87.0,26.54,10000.0,2.73,97.0,1.93,3.44,235.0,997.0,0,501,Rain,moderate rain,10n
2025-07-31 00:01:47,Thanh Hoa-Thanh Hoa,Thanh Hoa,26.55,26.55,26.55,87.0,26.55,10000.0,2.59,97.0,1.93,3.44,235.0,997.0,0,501,Rain,moderate rain,10n
2025-07-31 00:05:33,Thanh Hoa-Thanh Hoa,Thanh Hoa,26.54,26.54,26.54,87.0,26.54,10000.0,2.73,97.0,1.93,3.44,235.0,997.0,0,501,Rain,moderate rain,10n
2025-07-31 00:09:18,Thanh Hoa-Thanh Hoa,Thanh Hoa,26.55,26.55,26.55,87.0,26.55,10000.0,2.59,97.0,1.93,3.44,235.0,997.0,0,501,Rain,moderate rain,10n
2025-07-31 00:13:05,Thanh Hoa-Thanh Hoa,Thanh Hoa,26.55,26.55,26.55,87.0,26.55,10000.0,2.37,97.0,1.93,3.44,235.0,997.0,0,501,Rain,moderate rain,10n
2025-07-31 00:16:51,Thanh Hoa-Thanh Hoa,Thanh Hoa,26.54,26.54,26.54,87.0,26.54,10000.0,2.37,97.0,1.93,3.44,235.0,997.0,0,501,Rain,moderate rain,10n
2025-07-31 00:20:38,Thanh Hoa-Thanh Hoa,Thanh Hoa,26.55,26.55,26.55,87.0,26.55,10000.0,2.37,97.0,1.93,3.44,235.0,997.0,0,501,Rain,moderate rain,10n
2025-07-31 00:24:24,Thanh Hoa-Thanh Hoa,Thanh Hoa,26.54,26.54,26.54,87.0,26.54,10000.0,2.37,97.0,1.93,3.44,235.0,997.0,0,501,Rain,moderate rain,10n
2025-07-31 00:28:10,Thanh Hoa-Thanh Hoa,Thanh Hoa,26.54,26.54,26.54,87.0,26.54,10000.0,2.37,97.0,1.93,3.44,235.0,997.0,0,501,Rain,moderate rain,10n
2025-07-31 00:31:56,Thanh Hoa-Thanh Hoa,Thanh Hoa,26.64,26.64,26.64,87.0,26.64,10000.0,2.05,97.0,1.66,1.7,243.0,997.0,0,501,Rain,moderate rain,10n
2025-07-31 00:35:42,Thanh Hoa-Thanh Hoa,Thanh Hoa,26.64,26.64,26.64,87.0,26.64,10000.0,2.05,97.0,1.66,1.7,243.0,997.0,0,501,Rain,moderate rain,10n
2025-07-31 00:39:28,Thanh Hoa-Thanh Hoa,Thanh Hoa,26.64,26.64,26.64,87.0,26.64,10000.0,2.73,97.0,1.66,1.7,243.0,997.0,0,501,Rain,moderate rain,10n
2025-07-31 00:43:14,Thanh Hoa-Thanh Hoa,Thanh Hoa,26.64,26.64,26.64,87.0,26.64,10000.0,2.73,97.0,1.66,1.7,243.0,997.0,0,501,Rain,moderate rain,10n
2025-07-31 00:46:59,Thanh Hoa-Thanh Hoa,Thanh Hoa,26.64,26.64,26.64,87.0,26.64,10000.0,2.73,97.0,1.66,1.7,243.0,997.0,0,501,Rain,moderate rain,10n
2025-07-31 00:50:45,Thanh Hoa-Thanh Hoa,Thanh Hoa,26.51,26.51,26.51,91.0,26.51,10000.0,3.65,100.0,1.77,3.21,229.0,997.0,0,501,Rain,moderate rain,10n
2025-07-31 00:54:31,Thanh Hoa-Thanh Hoa,Thanh Hoa,26.51,26.51,26.51,91.0,26.51,10000.0,3.65,100.0,1.77,3.21,229.0,997.0,0,501,Rain,moderate rain,10n
2025-07-31 00:58:17,Thanh Hoa-Thanh Hoa,Thanh Hoa,26.51,26.51,26.51,91.0,26.51,10000.0,3.65,100.0,1.77,3.21,229.0,997.0,0,501,Rain,moderate rain,10n
2025-07-31 01:02:02,Thanh Hoa-Thanh Hoa,Thanh Hoa,26.51,26.51,26.51,91.0,26.51,10000.0,3.65,100.0,1.77,3.21,229.0,997.0,0,501,Rain,moderate rain,10n
2025-07-31 01:05:48,Thanh Hoa-Thanh Hoa,Thanh Hoa,26.51,26.51,26.51,91.0,26.51,10000.0,4.34,100.0,1.77,3.21,229.0,997.0,0,502,Rain,heavy intensity rain,10n
2025-07-31 01:09:34,Thanh Hoa-Thanh Hoa,Thanh Hoa,26.51,26.51,26.51,91.0,26.51,10000.0,4.34,100.0,1.77,3.21,229.0,997.0,0,502,Rain,heavy intensity rain,10n
2025-07-31 01:13:19,Thanh Hoa-Thanh Hoa,Thanh Hoa,26.51,26.51,26.51,91.0,26.51,10000.0,4.34,100.0,1.77,3.21,229.0,997.0,0,502,Rain,heavy intensity rain,10n
2025-07-31 01:17:06,Thanh Hoa-Thanh Hoa,Thanh Hoa,26.46,26.46,26.46,91.0,26.46,10000.0,4.86,100.0,1.77,3.21,229.0,997.0,0,502,Rain,heavy intensity rain,10n
2025-07-31 01:20:52,Thanh Hoa-Thanh Hoa,Thanh Hoa,26.46,26.46,26.46,91.0,26.46,10000.0,4.21,100.0,1.77,3.21,229.0,997.0,0,502,Rain,heavy intensity rain,10n
2025-07-31 01:24:38,Thanh Hoa-Thanh Hoa,Thanh Hoa,26.46,26.46,26.46,91.0,26.46,10000.0,4.86,100.0,1.77,3.21,229.0,997.0,0,502,Rain,heavy intensity rain,10n
2025-07-31 01:28:24,Thanh Hoa-Thanh Hoa,Thanh Hoa,26.46,26.46,26.46,91.0,26.46,10000.0,4.21,100.0,1.77,3.21,229.0,997.0,0,502,Rain,heavy intensity rain,10n
2025-07-31 01:32:10,Thanh Hoa-Thanh Hoa,Thanh Hoa,26.46,26.46,26.46,91.0,26.46,10000.0,4.21,100.0,1.77,3.21,229.0,997.0,0,502,Rain,heavy intensity rain,10n
2025-07-31 01:35:56,Thanh Hoa-Thanh Hoa,Thanh Hoa,26.61,26.61,26.61,90.0,26.61,10000.0,4.21,100.0,1.67,1.63,254.0,996.0,0,502,Rain,heavy intensity rain,10n
2025-07-31 01:39:43,Thanh Hoa-Thanh Hoa,Thanh Hoa,26.61,26.61,26.61,90.0,26.61,10000.0,0.24,100.0,1.67,1.63,254.0,996.0,0,500,Rain,light rain,10n
2025-07-31 01:43:28,Thanh Hoa-Thanh Hoa,Thanh Hoa,26.61,26.61,26.61,90.0,26.61,10000.0,4.21,100.0,1.67,1.63,254.0,996.0,0,502,Rain,heavy intensity rain,10n
2025-07-31 01:47:14,Thanh Hoa-Thanh Hoa,Thanh Hoa,26.61,26.61,26.61,90.0,26.61,10000.0,0.12,100.0,1.67,1.63,254.0,996.0,0,500,Rain,light rain,10n
2025-07-31 01:51:00,Thanh Hoa-Thanh Hoa,Thanh Hoa,26.61,26.61,26.61,90.0,26.61,10000.0,0.12,100.0,1.67,1.63,254.0,996.0,0,500,Rain,light rain,10n
2025-07-31 01:54:46,Thanh Hoa-Thanh Hoa,Thanh Hoa,26.61,26.61,26.61,90.0,26.61,10000.0,1.54,100.0,1.67,1.63,254.0,996.0,0,501,Rain,moderate rain,10n
2025-07-31 01:58:32,Thanh Hoa-Thanh Hoa,Thanh Hoa,26.61,26.61,26.61,90.0,26.61,10000.0,0.13,100.0,1.67,1.63,254.0,996.0,0,500,Rain,light rain,10n
2025-07-31 02:02:18,Thanh Hoa-Thanh Hoa,Thanh Hoa,26.61,26.61,26.61,90.0,26.61,10000.0,0.13,100.0,1.67,1.63,254.0,996.0,0,500,Rain,light rain,10n
2025-07-31 02:06:04,Thanh Hoa-Thanh Hoa,Thanh Hoa,26.61,26.61,26.61,90.0,26.61,10000.0,0.13,100.0,1.67,1.63,254.0,996.0,0,500,Rain,light rain,10n
2025-07-31 02:09:49,Thanh Hoa-Thanh Hoa,Thanh Hoa,26.62,26.62,26.62,90.0,26.62,10000.0,0.0,100.0,1.67,1.63,254.0,996.0,0,804,Clouds,overcast clouds,04n
2025-07-31 02:13:35,Thanh Hoa-Thanh Hoa,Thanh Hoa,26.62,26.62,26.62,90.0,26.62,10000.0,0.0,100.0,1.67,1.63,254.0,996.0,0,804,Clouds,overcast clouds,04n
2025-07-31 02:17:22,Thanh Hoa-Thanh Hoa,Thanh Hoa,26.62,26.62,26.62,90.0,26.62,10000.0,0.0,100.0,1.67,1.63,254.0,996.0,0,804,Clouds,overcast clouds,04n
2025-07-31 02:21:07,Thanh Hoa-Thanh Hoa,Thanh Hoa,26.62,26.62,26.62,90.0,26.62,10000.0,0.0,100.0,1.67,1.63,254.0,996.0,0,804,Clouds,overcast clouds,04n
2025-07-31 02:24:53,Thanh Hoa-Thanh Hoa,Thanh Hoa,26.62,26.62,26.62,90.0,26.62,10000.0,0.0,100.0,1.67,1.63,254.0,996.0,0,804,Clouds,overcast clouds,04n
2025-07-31 02:28:39,Thanh Hoa-Thanh Hoa,Thanh Hoa,26.62,26.62,26.62,90.0,26.62,10000.0,0.0,100.0,1.67,1.63,254.0,996.0,0,804,Clouds,overcast clouds,04n
2025-07-31 02:32:25,Thanh Hoa-Thanh Hoa,Thanh Hoa,26.62,26.62,26.62,90.0,26.62,10000.0,0.0,100.0,1.67,1.63,254.0,996.0,0,804,Clouds,overcast clouds,04n
2025-07-31 02:36:11,Thanh Hoa-Thanh Hoa,Thanh Hoa,26.62,26.62,26.62,90.0,26.62,10000.0,0.0,100.0,1.67,1.63,254.0,996.0,0,804,Clouds,overcast clouds,04n
2025-07-31 02:39:57,Thanh Hoa-Thanh Hoa,Thanh Hoa,26.79,26.79,26.79,89.0,30.05,10000.0,3.65,100.0,1.6,1.67,228.0,996.0,0,501,Rain,moderate rain,10n
2025-07-31 02:43:43,Thanh Hoa-Thanh Hoa,Thanh Hoa,26.79,26.79,26.79,89.0,30.05,10000.0,3.65,100.0,1.6,1.67,228.0,996.0,0,501,Rain,moderate rain,10n
2025-07-31 02:47:28,Thanh Hoa-Thanh Hoa,Thanh Hoa,26.79,26.79,26.79,89.0,30.05,10000.0,3.65,100.0,1.6,1.67,228.0,996.0,0,501,Rain,moderate rain,10n
2025-07-31 02:51:14,Thanh Hoa-Thanh Hoa,Thanh Hoa,26.76,26.76,26.76,89.0,29.97,10000.0,0.84,100.0,1.6,1.67,228.0,996.0,0,500,Rain,light rain,10n
2025-07-31 02:55:00,Thanh Hoa-Thanh Hoa,Thanh Hoa,26.76,26.76,26.76,89.0,29.97,10000.0,0.75,100.0,1.6,1.67,228.0,996.0,0,500,Rain,light rain,10n
2025-07-31 02:58:46,Thanh Hoa-Thanh Hoa,Thanh Hoa,26.76,26.76,26.76,89.0,29.97,10000.0,0.75,100.0,1.6,1.67,228.0,996.0,0,500,Rain,light rain,10n
2025-07-31 03:02:32,Thanh Hoa-Thanh Hoa,Thanh Hoa,26.75,26.75,26.75,89.0,29.94,10000.0,0.53,100.0,1.6,1.67,228.0,996.0,0,500,Rain,light rain,10n
2025-07-31 03:06:18,Thanh Hoa-Thanh Hoa,Thanh Hoa,26.75,26.75,26.75,89.0,29.94,10000.0,0.52,100.0,1.6,1.67,228.0,996.0,0,500,Rain,light rain,10n
2025-07-31 03:10:04,Thanh Hoa-Thanh Hoa,Thanh Hoa,26.75,26.75,26.75,89.0,29.94,10000.0,0.53,100.0,1.6,1.67,228.0,996.0,0,500,Rain,light rain,10n
2025-07-31 03:13:49,Thanh Hoa-Thanh Hoa,Thanh Hoa,26.75,26.75,26.75,89.0,29.94,10000.0,0.87,100.0,1.6,1.67,228.0,996.0,0,500,Rain,light rain,10n
2025-07-31 03:17:35,Thanh Hoa-Thanh Hoa,Thanh Hoa,26.75,26.75,26.75,89.0,29.94,10000.0,0.87,100.0,1.6,1.67,228.0,996.0,0,500,Rain,light rain,10n
2025-07-31 03:21:21,Thanh Hoa-Thanh Hoa,Thanh Hoa,26.75,26.75,26.75,89.0,29.94,10000.0,0.87,100.0,1.6,1.67,228.0,996.0,0,500,Rain,light rain,10n
2025-07-31 03:25:07,Thanh Hoa-Thanh Hoa,Thanh Hoa,26.75,26.75,26.75,89.0,29.94,10000.0,0.37,100.0,1.6,1.67,228.0,996.0,0,500,Rain,light rain,10n
2025-07-31 03:28:52,Thanh Hoa-Thanh Hoa,Thanh Hoa,26.75,26.75,26.75,89.0,29.94,10000.0,0.37,100.0,1.6,1.67,228.0,996.0,0,500,Rain,light rain,10n
2025-07-31 03:32:38,Thanh Hoa-Thanh Hoa,Thanh Hoa,26.75,26.75,26.75,89.0,29.94,10000.0,0.37,100.0,1.6,1.67,228.0,996.0,0,500,Rain,light rain,10n
2025-07-31 03:36:24,Thanh Hoa-Thanh Hoa,Thanh Hoa,26.58,26.58,26.58,89.0,26.58,10000.0,0.45,100.0,1.66,1.87,238.0,996.0,0,500,Rain,light rain,10n
2025-07-31 03:40:10,Thanh Hoa-Thanh Hoa,Thanh Hoa,26.58,26.58,26.58,89.0,26.58,10000.0,1.0,100.0,1.66,1.87,238.0,996.0,0,500,Rain,light rain,10n
2025-07-31 03:43:56,Thanh Hoa-Thanh Hoa,Thanh Hoa,26.58,26.58,26.58,89.0,26.58,10000.0,0.89,100.0,1.66,1.87,238.0,996.0,0,500,Rain,light rain,10n
2025-07-31 03:47:42,Thanh Hoa-Thanh Hoa,Thanh Hoa,26.58,26.58,26.58,89.0,26.58,10000.0,0.89,100.0,1.66,1.87,238.0,996.0,0,500,Rain,light rain,10n
2025-07-31 03:51:27,Thanh Hoa-Thanh Hoa,Thanh Hoa,26.58,26.58,26.58,89.0,26.58,10000.0,0.89,100.0,1.66,1.87,238.0,996.0,0,500,Rain,light rain,10n
2025-07-31 03:55:13,Thanh Hoa-Thanh Hoa,Thanh Hoa,26.61,26.61,26.61,89.0,26.61,10000.0,1.15,100.0,1.66,1.87,238.0,996.0,0,501,Rain,moderate rain,10n
2025-07-31 03:58:59,Thanh Hoa-Thanh Hoa,Thanh Hoa,26.61,26.61,26.61,89.0,26.61,10000.0,1.15,100.0,1.66,1.87,238.0,996.0,0,501,Rain,moderate rain,10n
2025-07-31 04:02:45,Thanh Hoa-Thanh Hoa,Thanh Hoa,26.61,26.61,26.61,89.0,26.61,10000.0,0.8,100.0,1.66,1.87,238.0,996.0,0,500,Rain,light rain,10n
2025-07-31 04:06:31,Thanh Hoa-Thanh Hoa,Thanh Hoa,26.61,26.61,26.61,89.0,26.61,10000.0,0.8,100.0,1.66,1.87,238.0,996.0,0,500,Rain,light rain,10n
2025-07-31 04:10:18,Thanh Hoa-Thanh Hoa,Thanh Hoa,26.61,26.61,26.61,89.0,26.61,10000.0,1.0,100.0,1.66,1.87,238.0,996.0,0,500,Rain,light rain,10n
2025-07-31 04:14:04,Thanh Hoa-Thanh Hoa,Thanh Hoa,26.61,26.61,26.61,89.0,26.61,10000.0,1.0,100.0,1.66,1.87,238.0,996.0,0,500,Rain,light rain,10n
2025-07-31 04:17:50,Thanh Hoa-Thanh Hoa,Thanh Hoa,26.61,26.61,26.61,89.0,26.61,10000.0,0.75,100.0,1.66,1.87,238.0,996.0,0,500,Rain,light rain,10n
2025-07-31 04:21:37,Thanh Hoa-Thanh Hoa,Thanh Hoa,26.61,26.61,26.61,89.0,26.61,10000.0,0.75,100.0,1.66,1.87,238.0,996.0,0,500,Rain,light rain,10n
2025-07-31 04:25:22,Thanh Hoa-Thanh Hoa,Thanh Hoa,26.61,26.61,26.61,89.0,26.61,10000.0,0.75,100.0,1.66,1.87,238.0,996.0,0,500,Rain,light rain,10n
2025-07-31 04:29:08,Thanh Hoa-Thanh Hoa,Thanh Hoa,26.61,26.61,26.61,89.0,26.61,10000.0,0.87,100.0,1.66,1.87,238.0,996.0,0,500,Rain,light rain,10n
2025-07-31 04:32:54,Thanh Hoa-Thanh Hoa,Thanh Hoa,26.45,26.45,26.45,89.0,26.45,10000.0,0.0,100.0,1.69,1.95,240.0,997.0,0,804,Clouds,overcast clouds,04n
2025-07-31 04:36:40,Thanh Hoa-Thanh Hoa,Thanh Hoa,26.45,26.45,26.45,89.0,26.45,10000.0,0.0,100.0,1.69,1.95,240.0,997.0,0,804,Clouds,overcast clouds,04n
2025-07-31 04:40:26,Thanh Hoa-Thanh Hoa,Thanh Hoa,26.45,26.45,26.45,89.0,26.45,10000.0,0.37,100.0,1.69,1.95,240.0,997.0,0,500,Rain,light rain,10n
2025-07-31 04:44:13,Thanh Hoa-Thanh Hoa,Thanh Hoa,26.45,26.45,26.45,89.0,26.45,10000.0,0.29,100.0,1.69,1.95,240.0,997.0,0,500,Rain,light rain,10n
2025-07-31 04:47:58,Thanh Hoa-Thanh Hoa,Thanh Hoa,26.45,26.45,26.45,89.0,26.45,10000.0,0.29,100.0,1.69,1.95,240.0,997.0,0,500,Rain,light rain,10n
2025-07-31 04:51:44,Thanh Hoa-Thanh Hoa,Thanh Hoa,26.44,26.44,26.44,89.0,26.44,10000.0,0.0,100.0,1.69,1.95,240.0,997.0,0,804,Clouds,overcast clouds,04n
2025-07-31 04:55:30,Thanh Hoa-Thanh Hoa,Thanh Hoa,26.44,26.44,26.44,89.0,26.44,10000.0,0.0,100.0,1.69,1.95,240.0,997.0,0,804,Clouds,overcast clouds,04n
2025-07-31 04:59:16,Thanh Hoa-Thanh Hoa,Thanh Hoa,26.44,26.44,26.44,89.0,26.44,10000.0,0.0,100.0,1.69,1.95,240.0,997.0,0,804,Clouds,overcast clouds,04n
2025-07-31 05:03:01,Thanh Hoa-Thanh Hoa,Thanh Hoa,26.44,26.44,26.44,89.0,26.44,10000.0,0.0,100.0,1.69,1.95,240.0,997.0,0,804,Clouds,overcast clouds,04n
2025-07-31 05:06:48,Thanh Hoa-Thanh Hoa,Thanh Hoa,26.44,26.44,26.44,89.0,26.44,10000.0,0.0,100.0,1.69,1.95,240.0,997.0,0,804,Clouds,overcast clouds,04n
2025-07-31 05:10:33,Thanh Hoa-Thanh Hoa,Thanh Hoa,26.44,26.44,26.44,89.0,26.44,10000.0,0.0,100.0,1.69,1.95,240.0,997.0,0,804,Clouds,overcast clouds,04n
2025-07-31 05:14:19,Thanh Hoa-Thanh Hoa,Thanh Hoa,26.44,26.44,26.44,89.0,26.44,10000.0,0.0,100.0,1.69,1.95,240.0,997.0,0,804,Clouds,overcast clouds,04n
2025-07-31 05:18:06,Thanh Hoa-Thanh Hoa,Thanh Hoa,26.44,26.44,26.44,89.0,26.44,10000.0,0.0,100.0,1.69,1.95,240.0,997.0,0,804,Clouds,overcast clouds,04n
2025-07-31 05:21:52,Thanh Hoa-Thanh Hoa,Thanh Hoa,26.44,26.44,26.44,89.0,26.44,10000.0,0.0,100.0,1.69,1.95,240.0,997.0,0,804,Clouds,overcast clouds,04n
2025-07-31 05:25:38,Thanh Hoa-Thanh Hoa,Thanh Hoa,26.44,26.44,26.44,89.0,26.44,10000.0,0.0,100.0,1.69,1.95,240.0,997.0,0,804,Clouds,overcast clouds,04n
2025-07-31 05:29:23,Thanh Hoa-Thanh Hoa,Thanh Hoa,26.44,26.44,26.44,89.0,26.44,10000.0,0.0,100.0,1.69,1.95,240.0,997.0,0,804,Clouds,overcast clouds,04n
2025-07-31 05:33:09,Thanh Hoa-Thanh Hoa,Thanh Hoa,26.44,26.44,26.44,89.0,26.44,10000.0,0.0,100.0,1.69,1.95,240.0,997.0,1,804,Clouds,overcast clouds,04n
2025-07-31 05:36:54,Thanh Hoa-Thanh Hoa,Thanh Hoa,26.6,26.6,26.6,89.0,26.6,10000.0,0.0,100.0,1.56,1.83,242.0,997.0,1,804,Clouds,overcast clouds,04d
2025-07-31 05:40:40,Thanh Hoa-Thanh Hoa,Thanh Hoa,26.6,26.6,26.6,89.0,26.6,10000.0,0.0,100.0,1.56,1.83,242.0,997.0,1,804,Clouds,overcast clouds,04d
2025-07-31 05:44:26,Thanh Hoa-Thanh Hoa,Thanh Hoa,26.6,26.6,26.6,89.0,26.6,10000.0,0.0,100.0,1.56,1.83,242.0,997.0,1,804,Clouds,overcast clouds,04d
2025-07-31 05:48:12,Thanh Hoa-Thanh Hoa,Thanh Hoa,26.6,26.6,26.6,89.0,26.6,10000.0,0.0,100.0,1.56,1.83,242.0,997.0,1,804,Clouds,overcast clouds,04d
2025-07-31 05:51:58,Thanh Hoa-Thanh Hoa,Thanh Hoa,26.6,26.6,26.6,89.0,26.6,10000.0,0.0,100.0,1.56,1.83,242.0,997.0,1,804,Clouds,overcast clouds,04d
2025-07-31 05:55:44,Thanh Hoa-Thanh Hoa,Thanh Hoa,26.6,26.6,26.6,89.0,26.6,10000.0,0.0,100.0,1.56,1.83,242.0,997.0,1,804,Clouds,overcast clouds,04d
2025-07-31 05:59:30,Thanh Hoa-Thanh Hoa,Thanh Hoa,26.6,26.6,26.6,89.0,26.6,10000.0,0.0,100.0,1.56,1.83,242.0,997.0,1,804,Clouds,overcast clouds,04d
2025-07-31 06:03:16,Thanh Hoa-Thanh Hoa,Thanh Hoa,26.6,26.6,26.6,89.0,26.6,10000.0,0.0,100.0,1.56,1.83,242.0,997.0,1,804,Clouds,overcast clouds,04d
2025-07-31 06:07:02,Thanh Hoa-Thanh Hoa,Thanh Hoa,26.6,26.6,26.6,89.0,26.6,10000.0,0.0,100.0,1.56,1.83,242.0,997.0,1,804,Clouds,overcast clouds,04d
2025-07-31 06:10:47,Thanh Hoa-Thanh Hoa,Thanh Hoa,26.59,26.59,26.59,89.0,26.59,10000.0,0.0,100.0,1.56,1.83,242.0,997.0,1,804,Clouds,overcast clouds,04d
2025-07-31 06:14:34,Thanh Hoa-Thanh Hoa,Thanh Hoa,26.59,26.59,26.59,89.0,26.59,10000.0,0.0,100.0,1.56,1.83,242.0,997.0,1,804,Clouds,overcast clouds,04d
2025-07-31 06:18:20,Thanh Hoa-Thanh Hoa,Thanh Hoa,26.59,26.59,26.59,89.0,26.59,10000.0,0.0,100.0,1.56,1.83,242.0,997.0,1,804,Clouds,overcast clouds,04d
2025-07-31 06:22:06,Thanh Hoa-Thanh Hoa,Thanh Hoa,26.59,26.59,26.59,89.0,26.59,10000.0,0.0,100.0,1.56,1.83,242.0,997.0,1,804,Clouds,overcast clouds,04d
2025-07-31 06:25:51,Thanh Hoa-Thanh Hoa,Thanh Hoa,26.59,26.59,26.59,89.0,26.59,10000.0,0.0,100.0,1.56,1.83,242.0,997.0,1,804,Clouds,overcast clouds,04d
2025-07-31 06:29:37,Thanh Hoa-Thanh Hoa,Thanh Hoa,26.59,26.59,26.59,89.0,26.59,10000.0,0.0,100.0,1.56,1.83,242.0,997.0,1,804,Clouds,overcast clouds,04d
2025-07-31 06:33:23,Thanh Hoa-Thanh Hoa,Thanh Hoa,27.45,27.45,27.45,87.0,31.65,10000.0,0.0,100.0,1.53,2.46,229.0,998.0,1,804,Clouds,overcast clouds,04d
2025-07-31 06:37:09,Thanh Hoa-Thanh Hoa,Thanh Hoa,27.45,27.45,27.45,87.0,31.65,10000.0,0.0,100.0,1.53,2.46,229.0,998.0,1,804,Clouds,overcast clouds,04d
2025-07-31 06:40:55,Thanh Hoa-Thanh Hoa,Thanh Hoa,27.45,27.45,27.45,87.0,31.65,10000.0,0.0,100.0,1.53,2.46,229.0,998.0,1,804,Clouds,overcast clouds,04d
2025-07-31 06:44:41,Thanh Hoa-Thanh Hoa,Thanh Hoa,27.45,27.45,27.45,87.0,31.65,10000.0,0.0,100.0,1.53,2.46,229.0,998.0,1,804,Clouds,overcast clouds,04d
2025-07-31 06:48:27,Thanh Hoa-Thanh Hoa,Thanh Hoa,27.48,27.48,27.48,87.0,31.73,10000.0,0.0,100.0,1.53,2.46,229.0,998.0,1,804,Clouds,overcast clouds,04d
2025-07-31 06:52:13,Thanh Hoa-Thanh Hoa,Thanh Hoa,27.48,27.48,27.48,87.0,31.73,10000.0,0.0,100.0,1.53,2.46,229.0,998.0,1,804,Clouds,overcast clouds,04d
2025-07-31 06:55:59,Thanh Hoa-Thanh Hoa,Thanh Hoa,27.48,27.48,27.48,87.0,31.73,10000.0,0.0,100.0,1.53,2.46,229.0,998.0,1,804,Clouds,overcast clouds,04d
2025-07-31 06:59:45,Thanh Hoa-Thanh Hoa,Thanh Hoa,27.48,27.48,27.48,87.0,31.73,10000.0,0.0,100.0,1.53,2.46,229.0,998.0,1,804,Clouds,overcast clouds,04d
2025-07-31 07:03:31,Thanh Hoa-Thanh Hoa,Thanh Hoa,27.46,27.46,27.46,87.0,31.68,10000.0,0.0,100.0,1.53,2.46,229.0,998.0,1,804,Clouds,overcast clouds,04d
2025-07-31 07:07:17,Thanh Hoa-Thanh Hoa,Thanh Hoa,27.46,27.46,27.46,87.0,31.68,10000.0,0.0,100.0,1.53,2.46,229.0,998.0,1,804,Clouds,overcast clouds,04d
2025-07-31 07:11:03,Thanh Hoa-Thanh Hoa,Thanh Hoa,27.46,27.46,27.46,87.0,31.68,10000.0,0.0,100.0,1.53,2.46,229.0,998.0,1,804,Clouds,overcast clouds,04d
2025-07-31 07:14:49,Thanh Hoa-Thanh Hoa,Thanh Hoa,27.46,27.46,27.46,87.0,31.68,10000.0,0.0,100.0,1.53,2.46,229.0,998.0,1,804,Clouds,overcast clouds,04d
2025-07-31 07:18:35,Thanh Hoa-Thanh Hoa,Thanh Hoa,27.46,27.46,27.46,87.0,31.68,10000.0,0.0,100.0,1.53,2.46,229.0,998.0,1,804,Clouds,overcast clouds,04d
2025-07-31 07:22:22,Thanh Hoa-Thanh Hoa,Thanh Hoa,27.46,27.46,27.46,87.0,31.68,10000.0,0.0,100.0,1.53,2.46,229.0,998.0,1,804,Clouds,overcast clouds,04d
2025-07-31 07:26:09,Thanh Hoa-Thanh Hoa,Thanh Hoa,27.46,27.46,27.46,87.0,31.68,10000.0,0.0,100.0,1.53,2.46,229.0,998.0,1,804,Clouds,overcast clouds,04d
2025-07-31 07:29:55,Thanh Hoa-Thanh Hoa,Thanh Hoa,27.46,27.46,27.46,87.0,31.68,10000.0,0.0,100.0,1.53,2.46,229.0,998.0,1,804,Clouds,overcast clouds,04d
2025-07-31 07:33:41,Thanh Hoa-Thanh Hoa,Thanh Hoa,28.32,28.32,28.32,83.0,33.45,10000.0,0.0,100.0,1.1,1.84,256.0,998.0,1,804,Clouds,overcast clouds,04d
2025-07-31 07:37:27,Thanh Hoa-Thanh Hoa,Thanh Hoa,28.32,28.32,28.32,83.0,33.45,10000.0,0.0,100.0,1.1,1.84,256.0,998.0,1,804,Clouds,overcast clouds,04d
2025-07-31 07:41:13,Thanh Hoa-Thanh Hoa,Thanh Hoa,28.32,28.32,28.32,83.0,33.45,10000.0,0.0,100.0,1.1,1.84,256.0,998.0,1,804,Clouds,overcast clouds,04d
2025-07-31 07:45:00,Thanh Hoa-Thanh Hoa,Thanh Hoa,28.32,28.32,28.32,83.0,33.45,10000.0,0.0,100.0,1.1,1.84,256.0,998.0,1,804,Clouds,overcast clouds,04d
2025-07-31 07:48:46,Thanh Hoa-Thanh Hoa,Thanh Hoa,28.32,28.32,28.32,83.0,33.45,10000.0,0.0,100.0,1.1,1.84,256.0,998.0,1,804,Clouds,overcast clouds,04d
2025-07-31 07:52:32,Thanh Hoa-Thanh Hoa,Thanh Hoa,28.32,28.32,28.32,83.0,33.45,10000.0,0.0,100.0,1.1,1.84,256.0,998.0,1,804,Clouds,overcast clouds,04d
2025-07-31 07:56:18,Thanh Hoa-Thanh Hoa,Thanh Hoa,28.66,28.66,28.66,82.0,34.21,10000.0,0.0,100.0,1.1,1.84,256.0,999.0,1,804,Clouds,overcast clouds,04d
2025-07-31 08:00:03,Thanh Hoa-Thanh Hoa,Thanh Hoa,28.66,28.66,28.66,82.0,34.21,10000.0,0.0,100.0,1.1,1.84,256.0,999.0,1,804,Clouds,overcast clouds,04d
2025-07-31 08:03:49,Thanh Hoa-Thanh Hoa,Thanh Hoa,28.64,28.64,28.64,82.0,34.15,10000.0,0.0,100.0,1.1,1.84,256.0,999.0,1,804,Clouds,overcast clouds,04d
2025-07-31 08:07:35,Thanh Hoa-Thanh Hoa,Thanh Hoa,28.64,28.64,28.64,82.0,34.15,10000.0,0.0,100.0,1.1,1.84,256.0,999.0,1,804,Clouds,overcast clouds,04d
2025-07-31 08:11:22,Thanh Hoa-Thanh Hoa,Thanh Hoa,28.64,28.64,28.64,82.0,34.15,10000.0,0.0,100.0,1.1,1.84,256.0,999.0,1,804,Clouds,overcast clouds,04d
2025-07-31 08:15:07,Thanh Hoa-Thanh Hoa,Thanh Hoa,28.64,28.64,28.64,82.0,34.15,10000.0,0.0,100.0,1.1,1.84,256.0,999.0,1,804,Clouds,overcast clouds,04d
2025-07-31 08:18:53,Thanh Hoa-Thanh Hoa,Thanh Hoa,28.64,28.64,28.64,82.0,34.15,10000.0,0.0,100.0,1.1,1.84,256.0,999.0,1,804,Clouds,overcast clouds,04d
2025-07-31 08:22:39,Thanh Hoa-Thanh Hoa,Thanh Hoa,28.64,28.64,28.64,82.0,34.15,10000.0,0.0,100.0,1.1,1.84,256.0,999.0,1,804,Clouds,overcast clouds,04d
2025-07-31 08:26:25,Thanh Hoa-Thanh Hoa,Thanh Hoa,28.64,28.64,28.64,82.0,34.15,10000.0,0.0,100.0,1.1,1.84,256.0,999.0,1,804,Clouds,overcast clouds,04d
2025-07-31 08:30:11,Thanh Hoa-Thanh Hoa,Thanh Hoa,29.71,29.71,29.71,76.0,35.76,10000.0,0.0,100.0,1.33,2.05,266.0,999.0,1,804,Clouds,overcast clouds,04d
2025-07-31 08:33:57,Thanh Hoa-Thanh Hoa,Thanh Hoa,28.64,28.64,28.64,82.0,34.15,10000.0,0.0,100.0,1.1,1.84,256.0,999.0,1,804,Clouds,overcast clouds,04d
2025-07-31 08:37:42,Thanh Hoa-Thanh Hoa,Thanh Hoa,29.77,29.77,29.77,76.0,35.93,10000.0,0.0,100.0,1.33,2.05,266.0,999.0,1,804,Clouds,overcast clouds,04d
2025-07-31 08:41:28,Thanh Hoa-Thanh Hoa,Thanh Hoa,29.77,29.77,29.77,76.0,35.93,10000.0,0.0,100.0,1.33,2.05,266.0,999.0,1,804,Clouds,overcast clouds,04d
2025-07-31 08:45:14,Thanh Hoa-Thanh Hoa,Thanh Hoa,29.77,29.77,29.77,76.0,35.93,10000.0,0.0,100.0,1.33,2.05,266.0,999.0,1,804,Clouds,overcast clouds,04d
2025-07-31 08:49:00,Thanh Hoa-Thanh Hoa,Thanh Hoa,29.77,29.77,29.77,76.0,35.93,10000.0,0.0,100.0,1.33,2.05,266.0,999.0,1,804,Clouds,overcast clouds,04d
2025-07-31 08:52:46,Thanh Hoa-Thanh Hoa,Thanh Hoa,29.77,29.77,29.77,76.0,35.93,10000.0,0.0,100.0,1.33,2.05,266.0,999.0,1,804,Clouds,overcast clouds,04d
2025-07-31 08:56:32,Thanh Hoa-Thanh Hoa,Thanh Hoa,29.77,29.77,29.77,76.0,35.93,10000.0,0.0,100.0,1.33,2.05,266.0,999.0,1,804,Clouds,overcast clouds,04d
2025-07-31 09:00:17,Thanh Hoa-Thanh Hoa,Thanh Hoa,29.77,29.77,29.77,76.0,35.93,10000.0,0.0,100.0,1.33,2.05,266.0,999.0,1,804,Clouds,overcast clouds,04d
2025-07-31 09:04:03,Thanh Hoa-Thanh Hoa,Thanh Hoa,29.83,29.83,29.83,76.0,36.09,10000.0,0.0,100.0,1.33,2.05,266.0,999.0,1,804,Clouds,overcast clouds,04d
2025-07-31 09:07:49,Thanh Hoa-Thanh Hoa,Thanh Hoa,29.83,29.83,29.83,76.0,36.09,10000.0,0.0,100.0,1.33,2.05,266.0,999.0,1,804,Clouds,overcast clouds,04d
2025-07-31 09:11:35,Thanh Hoa-Thanh Hoa,Thanh Hoa,29.83,29.83,29.83,76.0,36.09,10000.0,0.0,100.0,1.33,2.05,266.0,999.0,1,804,Clouds,overcast clouds,04d
2025-07-31 09:15:21,Thanh Hoa-Thanh Hoa,Thanh Hoa,29.83,29.83,29.83,76.0,36.09,10000.0,0.0,100.0,1.33,2.05,266.0,999.0,1,804,Clouds,overcast clouds,04d
2025-07-31 09:19:07,Thanh Hoa-Thanh Hoa,Thanh Hoa,29.83,29.83,29.83,76.0,36.09,10000.0,0.0,100.0,1.33,2.05,266.0,999.0,1,804,Clouds,overcast clouds,04d
2025-07-31 09:22:53,Thanh Hoa-Thanh Hoa,Thanh Hoa,29.84,29.84,29.84,76.0,36.12,10000.0,0.0,100.0,1.33,2.05,266.0,999.0,1,804,Clouds,overcast clouds,04d
2025-07-31 09:26:39,Thanh Hoa-Thanh Hoa,Thanh Hoa,29.84,29.84,29.84,76.0,36.12,10000.0,0.0,100.0,1.33,2.05,266.0,999.0,1,804,Clouds,overcast clouds,04d
2025-07-31 09:30:25,Thanh Hoa-Thanh Hoa,Thanh Hoa,31.49,31.49,31.49,69.0,38.49,10000.0,0.0,100.0,1.74,2.25,245.0,999.0,1,804,Clouds,overcast clouds,04d
2025-07-31 09:34:10,Thanh Hoa-Thanh Hoa,Thanh Hoa,29.84,29.84,29.84,76.0,36.12,10000.0,0.0,100.0,1.33,2.05,266.0,999.0,1,804,Clouds,overcast clouds,04d
2025-07-31 09:37:56,Thanh Hoa-Thanh Hoa,Thanh Hoa,31.49,31.49,31.49,69.0,38.49,10000.0,0.0,100.0,1.74,2.25,245.0,999.0,1,804,Clouds,overcast clouds,04d
2025-07-31 09:41:42,Thanh Hoa-Thanh Hoa,Thanh Hoa,31.49,31.49,31.49,69.0,38.49,10000.0,0.0,100.0,1.74,2.25,245.0,999.0,1,804,Clouds,overcast clouds,04d
2025-07-31 09:45:28,Thanh Hoa-Thanh Hoa,Thanh Hoa,31.49,31.49,31.49,69.0,38.49,10000.0,0.0,100.0,1.74,2.25,245.0,999.0,1,804,Clouds,overcast clouds,04d
2025-07-31 09:49:14,Thanh Hoa-Thanh Hoa,Thanh Hoa,31.49,31.49,31.49,69.0,38.49,10000.0,0.0,100.0,1.74,2.25,245.0,999.0,1,804,Clouds,overcast clouds,04d
2025-07-31 09:53:00,Thanh Hoa-Thanh Hoa,Thanh Hoa,31.49,31.49,31.49,69.0,38.49,10000.0,0.0,100.0,1.74,2.25,245.0,999.0,1,804,Clouds,overcast clouds,04d
2025-07-31 09:56:46,Thanh Hoa-Thanh Hoa,Thanh Hoa,31.49,31.49,31.49,69.0,38.49,10000.0,0.0,100.0,1.74,2.25,245.0,999.0,1,804,Clouds,overcast clouds,04d
2025-07-31 10:00:32,Thanh Hoa-Thanh Hoa,Thanh Hoa,31.49,31.49,31.49,69.0,38.49,10000.0,0.0,100.0,1.74,2.25,245.0,999.0,1,804,Clouds,overcast clouds,04d
2025-07-31 10:04:18,Thanh Hoa-Thanh Hoa,Thanh Hoa,31.49,31.49,31.49,69.0,38.49,10000.0,0.0,100.0,1.74,2.25,245.0,999.0,1,804,Clouds,overcast clouds,04d
2025-07-31 10:08:04,Thanh Hoa-Thanh Hoa,Thanh Hoa,31.49,31.49,31.49,69.0,38.49,10000.0,0.0,100.0,1.74,2.25,245.0,999.0,1,804,Clouds,overcast clouds,04d
2025-07-31 10:11:50,Thanh Hoa-Thanh Hoa,Thanh Hoa,31.48,31.48,31.48,69.0,38.48,10000.0,0.0,100.0,1.74,2.25,245.0,999.0,1,804,Clouds,overcast clouds,04d
2025-07-31 10:15:36,Thanh Hoa-Thanh Hoa,Thanh Hoa,31.48,31.48,31.48,69.0,38.48,10000.0,0.0,100.0,1.74,2.25,245.0,999.0,1,804,Clouds,overcast clouds,04d
2025-07-31 10:19:21,Thanh Hoa-Thanh Hoa,Thanh Hoa,31.48,31.48,31.48,69.0,38.48,10000.0,0.0,100.0,1.74,2.25,245.0,999.0,1,804,Clouds,overcast clouds,04d
2025-07-31 10:23:07,Thanh Hoa-Thanh Hoa,Thanh Hoa,31.48,31.48,31.48,69.0,38.48,10000.0,0.0,100.0,1.74,2.25,245.0,999.0,1,804,Clouds,overcast clouds,04d
2025-07-31 10:26:53,Thanh Hoa-Thanh Hoa,Thanh Hoa,31.48,31.48,31.48,69.0,38.48,10000.0,0.0,100.0,1.74,2.25,245.0,999.0,1,804,Clouds,overcast clouds,04d
2025-07-31 10:30:39,Thanh Hoa-Thanh Hoa,Thanh Hoa,31.48,31.48,31.48,69.0,38.48,10000.0,0.0,100.0,1.74,2.25,245.0,999.0,1,804,Clouds,overcast clouds,04d
2025-07-31 10:34:24,Thanh Hoa-Thanh Hoa,Thanh Hoa,30.85,30.85,30.85,71.0,37.49,10000.0,0.0,100.0,2.05,2.46,253.0,999.0,1,804,Clouds,overcast clouds,04d
2025-07-31 10:38:10,Thanh Hoa-Thanh Hoa,Thanh Hoa,30.85,30.85,30.85,71.0,37.49,10000.0,0.0,100.0,2.05,2.46,253.0,999.0,1,804,Clouds,overcast clouds,04d
2025-07-31 10:41:56,Thanh Hoa-Thanh Hoa,Thanh Hoa,30.85,30.85,30.85,71.0,37.49,10000.0,0.0,100.0,2.05,2.46,253.0,999.0,1,804,Clouds,overcast clouds,04d
2025-07-31 10:45:42,Thanh Hoa-Thanh Hoa,Thanh Hoa,30.85,30.85,30.85,71.0,37.49,10000.0,0.0,100.0,2.05,2.46,253.0,999.0,1,804,Clouds,overcast clouds,04d
2025-07-31 10:49:31,Thanh Hoa-Thanh Hoa,Thanh Hoa,30.85,30.85,30.85,71.0,37.49,10000.0,0.0,100.0,2.05,2.46,253.0,999.0,1,804,Clouds,overcast clouds,04d
2025-07-31 10:53:22,Thanh Hoa-Thanh Hoa,Thanh Hoa,30.85,30.85,30.85,71.0,37.49,10000.0,0.0,100.0,2.05,2.46,253.0,999.0,1,804,Clouds,overcast clouds,04d
2025-07-31 10:57:12,Thanh Hoa-Thanh Hoa,Thanh Hoa,30.85,30.85,30.85,71.0,37.49,10000.0,0.0,100.0,2.05,2.46,253.0,999.0,1,804,Clouds,overcast clouds,04d
2025-07-31 11:01:02,Thanh Hoa-Thanh Hoa,Thanh Hoa,30.85,30.85,30.85,71.0,37.49,10000.0,0.0,100.0,2.05,2.46,253.0,999.0,1,804,Clouds,overcast clouds,04d
2025-07-31 11:04:53,Thanh Hoa-Thanh Hoa,Thanh Hoa,30.84,30.84,30.84,71.0,37.47,10000.0,0.0,100.0,2.05,2.46,253.0,999.0,1,804,Clouds,overcast clouds,04d
2025-07-31 11:08:44,Thanh Hoa-Thanh Hoa,Thanh Hoa,30.84,30.84,30.84,71.0,37.47,10000.0,0.0,100.0,2.05,2.46,253.0,999.0,1,804,Clouds,overcast clouds,04d
2025-07-31 11:12:34,Thanh Hoa-Thanh Hoa,Thanh Hoa,30.84,30.84,30.84,71.0,37.47,10000.0,0.0,100.0,2.05,2.46,253.0,999.0,1,804,Clouds,overcast clouds,04d
2025-07-31 11:16:24,Thanh Hoa-Thanh Hoa,Thanh Hoa,30.84,30.84,30.84,71.0,37.47,10000.0,0.0,100.0,2.05,2.46,253.0,999.0,1,804,Clouds,overcast clouds,04d
2025-07-31 11:20:15,Thanh Hoa-Thanh Hoa,Thanh Hoa,30.84,30.84,30.84,71.0,37.47,10000.0,0.0,100.0,2.05,2.46,253.0,999.0,1,804,Clouds,overcast clouds,04d
2025-07-31 11:24:05,Thanh Hoa-Thanh Hoa,Thanh Hoa,30.84,30.84,30.84,71.0,37.47,10000.0,0.0,100.0,2.05,2.46,253.0,999.0,1,804,Clouds,overcast clouds,04d
2025-07-31 11:27:56,Thanh Hoa-Thanh Hoa,Thanh Hoa,30.84,30.84,30.84,71.0,37.47,10000.0,0.0,100.0,2.05,2.46,253.0,999.0,1,804,Clouds,overcast clouds,04d
2025-07-31 11:31:46,Thanh Hoa-Thanh Hoa,Thanh Hoa,30.84,30.84,30.84,71.0,37.47,10000.0,0.0,100.0,2.05,2.46,253.0,999.0,1,804,Clouds,overcast clouds,04d
2025-07-31 11:35:36,Thanh Hoa-Thanh Hoa,Thanh Hoa,33.27,33.27,33.27,61.0,40.27,10000.0,0.0,100.0,1.95,2.64,243.0,998.0,1,804,Clouds,overcast clouds,04d
2025-07-31 11:39:26,Thanh Hoa-Thanh Hoa,Thanh Hoa,33.27,33.27,33.27,61.0,40.27,10000.0,0.0,100.0,1.95,2.64,243.0,998.0,1,804,Clouds,overcast clouds,04d
2025-07-31 11:43:18,Thanh Hoa-Thanh Hoa,Thanh Hoa,33.27,33.27,33.27,61.0,40.27,10000.0,0.0,100.0,1.95,2.64,243.0,998.0,1,804,Clouds,overcast clouds,04d
2025-07-31 11:47:08,Thanh Hoa-Thanh Hoa,Thanh Hoa,33.28,33.28,33.28,61.0,40.28,10000.0,0.0,100.0,1.95,2.64,243.0,998.0,1,804,Clouds,overcast clouds,04d
2025-07-31 11:50:59,Thanh Hoa-Thanh Hoa,Thanh Hoa,33.28,33.28,33.28,61.0,40.28,10000.0,0.0,100.0,1.95,2.64,243.0,998.0,1,804,Clouds,overcast clouds,04d
2025-07-31 11:54:49,Thanh Hoa-Thanh Hoa,Thanh Hoa,33.28,33.28,33.28,61.0,40.28,10000.0,0.0,100.0,1.95,2.64,243.0,998.0,1,804,Clouds,overcast clouds,04d
2025-07-31 11:58:40,Thanh Hoa-Thanh Hoa,Thanh Hoa,33.28,33.28,33.28,61.0,40.28,10000.0,0.0,100.0,1.95,2.64,243.0,998.0,1,804,Clouds,overcast clouds,04d
2025-07-31 12:02:30,Thanh Hoa-Thanh Hoa,Thanh Hoa,33.28,33.28,33.28,61.0,40.28,10000.0,0.0,100.0,1.95,2.64,243.0,998.0,1,804,Clouds,overcast clouds,04d
2025-07-31 12:06:22,Thanh Hoa-Thanh Hoa,Thanh Hoa,33.24,33.24,33.24,61.0,40.24,10000.0,0.0,100.0,1.95,2.64,243.0,998.0,1,804,Clouds,overcast clouds,04d
2025-07-31 12:10:13,Thanh Hoa-Thanh Hoa,Thanh Hoa,33.24,33.24,33.24,61.0,40.24,10000.0,0.0,100.0,1.95,2.64,243.0,998.0,1,804,Clouds,overcast clouds,04d
2025-07-31 12:14:04,Thanh Hoa-Thanh Hoa,Thanh Hoa,33.24,33.24,33.24,61.0,40.24,10000.0,0.0,100.0,1.95,2.64,243.0,998.0,1,804,Clouds,overcast clouds,04d
2025-07-31 12:17:55,Thanh Hoa-Thanh Hoa,Thanh Hoa,33.25,33.25,33.25,61.0,40.25,10000.0,0.0,100.0,1.95,2.64,243.0,998.0,1,804,Clouds,overcast clouds,04d
2025-07-31 12:21:45,Thanh Hoa-Thanh Hoa,Thanh Hoa,33.25,33.25,33.25,61.0,40.25,10000.0,0.0,100.0,1.95,2.64,243.0,998.0,1,804,Clouds,overcast clouds,04d
2025-07-31 12:25:35,Thanh Hoa-Thanh Hoa,Thanh Hoa,33.25,33.25,33.25,61.0,40.25,10000.0,0.0,100.0,1.95,2.64,243.0,998.0,1,804,Clouds,overcast clouds,04d
2025-07-31 12:29:26,Thanh Hoa-Thanh Hoa,Thanh Hoa,33.25,33.25,33.25,61.0,40.25,10000.0,0.0,100.0,1.95,2.64,243.0,998.0,1,804,Clouds,overcast clouds,04d
2025-07-31 12:33:17,Thanh Hoa-Thanh Hoa,Thanh Hoa,34.82,34.82,34.82,54.0,41.82,10000.0,0.0,100.0,1.72,2.55,218.0,997.0,1,804,Clouds,overcast clouds,04d
2025-07-31 12:37:09,Thanh Hoa-Thanh Hoa,Thanh Hoa,34.82,34.82,34.82,54.0,41.82,10000.0,0.0,100.0,1.72,2.55,218.0,997.0,1,804,Clouds,overcast clouds,04d
2025-07-31 12:41:00,Thanh Hoa-Thanh Hoa,Thanh Hoa,34.82,34.82,34.82,54.0,41.82,10000.0,0.0,100.0,1.72,2.55,218.0,997.0,1,804,Clouds,overcast clouds,04d
2025-07-31 12:44:50,Thanh Hoa-Thanh Hoa,Thanh Hoa,34.82,34.82,34.82,54.0,41.82,10000.0,0.0,100.0,1.72,2.55,218.0,997.0,1,804,Clouds,overcast clouds,04d
2025-07-31 12:48:41,Thanh Hoa-Thanh Hoa,Thanh Hoa,34.82,34.82,34.82,54.0,41.82,10000.0,0.0,100.0,1.72,2.55,218.0,997.0,1,804,Clouds,overcast clouds,04d
2025-07-31 12:52:33,Thanh Hoa-Thanh Hoa,Thanh Hoa,34.82,34.82,34.82,54.0,41.82,10000.0,0.0,100.0,1.72,2.55,218.0,997.0,1,804,Clouds,overcast clouds,04d
2025-07-31 12:56:23,Thanh Hoa-Thanh Hoa,Thanh Hoa,34.82,34.82,34.82,54.0,41.82,10000.0,0.0,100.0,1.72,2.55,218.0,997.0,1,804,Clouds,overcast clouds,04d
2025-07-31 13:00:14,Thanh Hoa-Thanh Hoa,Thanh Hoa,34.82,34.82,34.82,54.0,41.82,10000.0,0.0,100.0,1.48,1.87,207.0,997.0,1,804,Clouds,overcast clouds,04d
2025-07-31 13:04:07,Thanh Hoa-Thanh Hoa,Thanh Hoa,34.82,34.82,34.82,54.0,41.82,10000.0,0.0,100.0,1.48,1.87,207.0,997.0,1,804,Clouds,overcast clouds,04d
2025-07-31 13:07:59,Thanh Hoa-Thanh Hoa,Thanh Hoa,34.82,34.82,34.82,54.0,41.82,10000.0,0.0,100.0,1.48,1.87,207.0,997.0,1,804,Clouds,overcast clouds,04d
2025-07-31 13:11:52,Thanh Hoa-Thanh Hoa,Thanh Hoa,34.82,34.82,34.82,54.0,41.82,10000.0,0.0,100.0,1.48,1.87,207.0,997.0,1,804,Clouds,overcast clouds,04d
2025-07-31 13:15:42,Thanh Hoa-Thanh Hoa,Thanh Hoa,34.82,34.82,34.82,54.0,41.82,10000.0,0.0,100.0,1.48,1.87,207.0,997.0,1,804,Clouds,overcast clouds,04d
2025-07-31 13:19:33,Thanh Hoa-Thanh Hoa,Thanh Hoa,34.82,34.82,34.82,54.0,41.82,10000.0,0.0,100.0,1.48,1.87,207.0,997.0,1,804,Clouds,overcast clouds,04d
2025-07-31 13:23:23,Thanh Hoa-Thanh Hoa,Thanh Hoa,34.82,34.82,34.82,54.0,41.82,10000.0,0.0,100.0,1.48,1.87,207.0,997.0,1,804,Clouds,overcast clouds,04d
2025-07-31 13:27:12,Thanh Hoa-Thanh Hoa,Thanh Hoa,34.82,34.82,34.82,54.0,41.82,10000.0,0.0,100.0,1.48,1.87,207.0,997.0,1,804,Clouds,overcast clouds,04d
2025-07-31 13:31:03,Thanh Hoa-Thanh Hoa,Thanh Hoa,35.22,35.22,35.22,53.0,42.22,10000.0,0.0,100.0,1.82,2.23,184.0,996.0,1,804,Clouds,overcast clouds,04d
2025-07-31 13:34:54,Thanh Hoa-Thanh Hoa,Thanh Hoa,35.22,35.22,35.22,53.0,42.22,10000.0,0.0,100.0,1.82,2.23,184.0,996.0,1,804,Clouds,overcast clouds,04d
2025-07-31 13:38:44,Thanh Hoa-Thanh Hoa,Thanh Hoa,35.22,35.22,35.22,53.0,42.22,10000.0,0.0,100.0,1.82,2.23,184.0,996.0,1,804,Clouds,overcast clouds,04d
2025-07-31 13:42:34,Thanh Hoa-Thanh Hoa,Thanh Hoa,35.22,35.22,35.22,52.0,42.03,10000.0,0.0,100.0,1.82,2.23,184.0,996.0,1,804,Clouds,overcast clouds,04d
2025-07-31 13:46:25,Thanh Hoa-Thanh Hoa,Thanh Hoa,35.22,35.22,35.22,53.0,42.22,10000.0,0.0,100.0,1.82,2.23,184.0,996.0,1,804,Clouds,overcast clouds,04d
2025-07-31 13:50:16,Thanh Hoa-Thanh Hoa,Thanh Hoa,35.22,35.22,35.22,53.0,42.22,10000.0,0.0,100.0,1.82,2.23,184.0,996.0,1,804,Clouds,overcast clouds,04d
2025-07-31 13:54:07,Thanh Hoa-Thanh Hoa,Thanh Hoa,35.22,35.22,35.22,53.0,42.22,10000.0,0.0,100.0,1.82,2.23,184.0,996.0,1,804,Clouds,overcast clouds,04d
2025-07-31 13:57:57,Thanh Hoa-Thanh Hoa,Thanh Hoa,35.22,35.22,35.22,53.0,42.22,10000.0,0.0,100.0,1.82,2.23,184.0,996.0,1,804,Clouds,overcast clouds,04d
2025-07-31 14:01:47,Thanh Hoa-Thanh Hoa,Thanh Hoa,35.18,35.18,35.18,53.0,42.18,10000.0,0.0,100.0,1.82,2.23,184.0,996.0,1,804,Clouds,overcast clouds,04d
2025-07-31 14:05:39,Thanh Hoa-Thanh Hoa,Thanh Hoa,35.18,35.18,35.18,53.0,42.18,10000.0,0.0,100.0,1.82,2.23,184.0,996.0,1,804,Clouds,overcast clouds,04d
2025-07-31 14:09:29,Thanh Hoa-Thanh Hoa,Thanh Hoa,35.18,35.18,35.18,53.0,42.18,10000.0,0.0,100.0,1.82,2.23,184.0,996.0,1,804,Clouds,overcast clouds,04d
2025-07-31 14:13:19,Thanh Hoa-Thanh Hoa,Thanh Hoa,35.18,35.18,35.18,53.0,42.18,10000.0,0.0,100.0,1.82,2.23,184.0,996.0,1,804,Clouds,overcast clouds,04d
2025-07-31 14:17:10,Thanh Hoa-Thanh Hoa,Thanh Hoa,35.18,35.18,35.18,53.0,42.18,10000.0,0.0,100.0,1.82,2.23,184.0,996.0,1,804,Clouds,overcast clouds,04d
2025-07-31 14:20:59,Thanh Hoa-Thanh Hoa,Thanh Hoa,35.18,35.18,35.18,53.0,42.18,10000.0,0.0,100.0,1.82,2.23,184.0,996.0,1,804,Clouds,overcast clouds,04d
2025-07-31 14:24:49,Thanh Hoa-Thanh Hoa,Thanh Hoa,35.18,35.18,35.18,53.0,42.18,10000.0,0.0,100.0,1.82,2.23,184.0,996.0,1,804,Clouds,overcast clouds,04d
2025-07-31 14:28:39,Thanh Hoa-Thanh Hoa,Thanh Hoa,35.18,35.18,35.18,53.0,42.18,10000.0,0.0,100.0,1.82,2.23,184.0,996.0,1,804,Clouds,overcast clouds,04d
2025-07-31 14:32:29,Thanh Hoa-Thanh Hoa,Thanh Hoa,35.18,35.18,35.18,53.0,42.18,10000.0,0.0,100.0,1.82,2.23,184.0,996.0,1,804,Clouds,overcast clouds,04d
2025-07-31 14:36:19,Thanh Hoa-Thanh Hoa,Thanh Hoa,33.67,33.67,33.67,62.0,40.67,10000.0,0.0,100.0,2.52,3.65,190.0,996.0,1,804,Clouds,overcast clouds,04d
2025-07-31 14:40:10,Thanh Hoa-Thanh Hoa,Thanh Hoa,33.67,33.67,33.67,62.0,40.67,10000.0,0.0,100.0,2.52,3.65,190.0,996.0,1,804,Clouds,overcast clouds,04d
2025-07-31 14:43:59,Thanh Hoa-Thanh Hoa,Thanh Hoa,33.67,33.67,33.67,62.0,40.67,10000.0,0.0,100.0,2.52,3.65,190.0,996.0,1,804,Clouds,overcast clouds,04d
2025-07-31 14:47:50,Thanh Hoa-Thanh Hoa,Thanh Hoa,33.71,33.71,33.71,62.0,40.71,10000.0,0.0,100.0,2.52,3.65,190.0,996.0,1,804,Clouds,overcast clouds,04d
2025-07-31 14:51:40,Thanh Hoa-Thanh Hoa,Thanh Hoa,33.71,33.71,33.71,62.0,40.71,10000.0,0.0,100.0,2.52,3.65,190.0,996.0,1,804,Clouds,overcast clouds,04d
2025-07-31 14:55:31,Thanh Hoa-Thanh Hoa,Thanh Hoa,33.71,33.71,33.71,62.0,40.71,10000.0,0.0,100.0,2.52,3.65,190.0,996.0,1,804,Clouds,overcast clouds,04d
2025-07-31 14:59:21,Thanh Hoa-Thanh Hoa,Thanh Hoa,33.71,33.71,33.71,62.0,40.71,10000.0,0.0,100.0,2.52,3.65,190.0,996.0,1,804,Clouds,overcast clouds,04d
2025-07-31 15:03:12,Thanh Hoa-Thanh Hoa,Thanh Hoa,33.7,33.7,33.7,62.0,40.7,10000.0,0.0,100.0,2.52,3.65,190.0,996.0,1,804,Clouds,overcast clouds,04d
2025-07-31 15:07:02,Thanh Hoa-Thanh Hoa,Thanh Hoa,33.7,33.7,33.7,62.0,40.7,10000.0,0.0,100.0,2.52,3.65,190.0,996.0,1,804,Clouds,overcast clouds,04d
2025-07-31 15:10:53,Thanh Hoa-Thanh Hoa,Thanh Hoa,33.7,33.7,33.7,62.0,40.7,10000.0,0.0,100.0,2.52,3.65,190.0,996.0,1,804,Clouds,overcast clouds,04d
2025-07-31 15:14:47,Thanh Hoa-Thanh Hoa,Thanh Hoa,33.7,33.7,33.7,62.0,40.7,10000.0,0.0,100.0,2.52,3.65,190.0,996.0,1,804,Clouds,overcast clouds,04d
2025-07-31 15:18:38,Thanh Hoa-Thanh Hoa,Thanh Hoa,33.7,33.7,33.7,62.0,40.7,10000.0,0.0,100.0,2.52,3.65,190.0,996.0,1,804,Clouds,overcast clouds,04d
2025-07-31 15:22:28,Thanh Hoa-Thanh Hoa,Thanh Hoa,33.7,33.7,33.7,62.0,40.7,10000.0,0.0,100.0,2.52,3.65,190.0,996.0,1,804,Clouds,overcast clouds,04d
2025-07-31 15:26:20,Thanh Hoa-Thanh Hoa,Thanh Hoa,33.7,33.7,33.7,62.0,40.7,10000.0,0.0,100.0,2.52,3.65,190.0,996.0,1,804,Clouds,overcast clouds,04d
2025-07-31 15:30:12,Thanh Hoa-Thanh Hoa,Thanh Hoa,32.34,32.34,32.34,68.0,39.34,10000.0,0.0,100.0,2.99,4.91,201.0,996.0,1,804,Clouds,overcast clouds,04d
2025-07-31 15:34:04,Thanh Hoa-Thanh Hoa,Thanh Hoa,33.7,33.7,33.7,62.0,40.7,10000.0,0.0,100.0,2.52,3.65,190.0,996.0,1,804,Clouds,overcast clouds,04d
2025-07-31 15:37:56,Thanh Hoa-Thanh Hoa,Thanh Hoa,32.33,32.33,32.33,68.0,39.33,10000.0,0.0,100.0,2.99,4.91,201.0,996.0,1,804,Clouds,overcast clouds,04d
2025-07-31 15:41:46,Thanh Hoa-Thanh Hoa,Thanh Hoa,32.33,32.33,32.33,68.0,39.33,10000.0,0.0,100.0,2.99,4.91,201.0,996.0,1,804,Clouds,overcast clouds,04d
2025-07-31 15:45:37,Thanh Hoa-Thanh Hoa,Thanh Hoa,32.33,32.33,32.33,68.0,39.33,10000.0,0.0,100.0,2.99,4.91,201.0,996.0,1,804,Clouds,overcast clouds,04d
2025-07-31 15:49:27,Thanh Hoa-Thanh Hoa,Thanh Hoa,32.33,32.33,32.33,68.0,39.33,10000.0,0.0,100.0,2.99,4.91,201.0,996.0,1,804,Clouds,overcast clouds,04d
2025-07-31 15:53:19,Thanh Hoa-Thanh Hoa,Thanh Hoa,32.33,32.33,32.33,68.0,39.33,10000.0,0.0,100.0,2.99,4.91,201.0,996.0,1,804,Clouds,overcast clouds,04d
2025-07-31 15:57:10,Thanh Hoa-Thanh Hoa,Thanh Hoa,32.33,32.33,32.33,68.0,39.33,10000.0,0.0,100.0,2.99,4.91,201.0,996.0,1,804,Clouds,overcast clouds,04d
2025-07-31 16:01:01,Thanh Hoa-Thanh Hoa,Thanh Hoa,32.33,32.33,32.33,68.0,39.33,10000.0,0.0,100.0,2.99,4.91,201.0,996.0,1,804,Clouds,overcast clouds,04d
2025-07-31 16:04:53,Thanh Hoa-Thanh Hoa,Thanh Hoa,32.34,32.34,32.34,68.0,39.34,10000.0,0.0,100.0,2.99,4.91,201.0,996.0,1,804,Clouds,overcast clouds,04d
2025-07-31 16:08:43,Thanh Hoa-Thanh Hoa,Thanh Hoa,32.34,32.34,32.34,68.0,39.34,10000.0,0.0,100.0,2.99,4.91,201.0,996.0,1,804,Clouds,overcast clouds,04d
2025-07-31 16:12:34,Thanh Hoa-Thanh Hoa,Thanh Hoa,32.34,32.34,32.34,68.0,39.34,10000.0,0.0,100.0,2.99,4.91,201.0,996.0,1,804,Clouds,overcast clouds,04d
2025-07-31 16:16:24,Thanh Hoa-Thanh Hoa,Thanh Hoa,32.33,32.33,32.33,68.0,39.33,10000.0,0.0,100.0,2.99,4.91,201.0,996.0,1,804,Clouds,overcast clouds,04d
2025-07-31 16:20:15,Thanh Hoa-Thanh Hoa,Thanh Hoa,32.33,32.33,32.33,68.0,39.33,10000.0,0.0,100.0,2.99,4.91,201.0,996.0,1,804,Clouds,overcast clouds,04d
2025-07-31 16:24:06,Thanh Hoa-Thanh Hoa,Thanh Hoa,32.33,32.33,32.33,68.0,39.33,10000.0,0.0,100.0,2.99,4.91,201.0,996.0,1,804,Clouds,overcast clouds,04d
2025-07-31 16:27:57,Thanh Hoa-Thanh Hoa,Thanh Hoa,32.33,32.33,32.33,68.0,39.33,10000.0,0.0,100.0,2.99,4.91,201.0,996.0,1,804,Clouds,overcast clouds,04d
2025-07-31 16:31:47,Thanh Hoa-Thanh Hoa,Thanh Hoa,32.33,32.33,32.33,68.0,39.33,10000.0,0.0,100.0,2.99,4.91,201.0,996.0,1,804,Clouds,overcast clouds,04d
2025-07-31 16:35:37,Thanh Hoa-Thanh Hoa,Thanh Hoa,30.07,30.07,30.07,77.0,37.04,10000.0,0.0,100.0,1.94,3.76,203.0,996.0,1,804,Clouds,overcast clouds,04d
2025-07-31 16:39:28,Thanh Hoa-Thanh Hoa,Thanh Hoa,30.07,30.07,30.07,77.0,37.04,10000.0,0.0,100.0,1.94,3.76,203.0,996.0,1,804,Clouds,overcast clouds,04d
2025-07-31 16:43:18,Thanh Hoa-Thanh Hoa,Thanh Hoa,30.07,30.07,30.07,77.0,37.04,10000.0,0.0,100.0,1.94,3.76,203.0,996.0,1,804,Clouds,overcast clouds,04d
2025-07-31 16:47:09,Thanh Hoa-Thanh Hoa,Thanh Hoa,30.03,30.03,30.03,77.0,36.92,10000.0,0.0,100.0,1.94,3.76,203.0,996.0,1,804,Clouds,overcast clouds,04d
2025-07-31 16:51:01,Thanh Hoa-Thanh Hoa,Thanh Hoa,30.03,30.03,30.03,77.0,36.92,10000.0,0.0,100.0,1.94,3.76,203.0,996.0,1,804,Clouds,overcast clouds,04d
2025-07-31 16:54:52,Thanh Hoa-Thanh Hoa,Thanh Hoa,30.03,30.03,30.03,77.0,36.92,10000.0,0.0,100.0,1.94,3.76,203.0,996.0,1,804,Clouds,overcast clouds,04d
2025-07-31 16:58:43,Thanh Hoa-Thanh Hoa,Thanh Hoa,30.03,30.03,30.03,77.0,36.92,10000.0,0.0,100.0,1.94,3.76,203.0,996.0,1,804,Clouds,overcast clouds,04d
2025-07-31 17:02:33,Thanh Hoa-Thanh Hoa,Thanh Hoa,30.04,30.04,30.04,77.0,36.95,10000.0,0.0,100.0,1.94,3.76,203.0,996.0,1,804,Clouds,overcast clouds,04d
2025-07-31 17:06:24,Thanh Hoa-Thanh Hoa,Thanh Hoa,30.03,30.03,30.03,77.0,36.92,10000.0,0.0,100.0,1.94,3.76,203.0,996.0,1,804,Clouds,overcast clouds,04d
2025-07-31 17:10:15,Thanh Hoa-Thanh Hoa,Thanh Hoa,30.04,30.04,30.04,77.0,36.95,10000.0,0.0,100.0,1.94,3.76,203.0,996.0,1,804,Clouds,overcast clouds,04d
2025-07-31 17:14:07,Thanh Hoa-Thanh Hoa,Thanh Hoa,30.04,30.04,30.04,77.0,36.95,10000.0,0.0,100.0,1.94,3.76,203.0,996.0,1,804,Clouds,overcast clouds,04d
2025-07-31 17:17:58,Thanh Hoa-Thanh Hoa,Thanh Hoa,30.03,30.03,30.03,77.0,36.92,10000.0,0.0,100.0,1.94,3.76,203.0,996.0,1,804,Clouds,overcast clouds,04d
2025-07-31 17:21:48,Thanh Hoa-Thanh Hoa,Thanh Hoa,30.03,30.03,30.03,77.0,36.92,10000.0,0.0,100.0,1.94,3.76,203.0,996.0,1,804,Clouds,overcast clouds,04d
2025-07-31 17:25:38,Thanh Hoa-Thanh Hoa,Thanh Hoa,30.03,30.03,30.03,77.0,36.92,10000.0,0.0,100.0,1.94,3.76,203.0,996.0,1,804,Clouds,overcast clouds,04d
2025-07-31 17:29:28,Thanh Hoa-Thanh Hoa,Thanh Hoa,30.03,30.03,30.03,77.0,36.92,10000.0,0.0,100.0,1.94,3.76,203.0,996.0,1,804,Clouds,overcast clouds,04d
2025-07-31 17:33:19,Thanh Hoa-Thanh Hoa,Thanh Hoa,29.22,29.22,29.22,79.0,35.13,10000.0,0.0,100.0,1.7,2.06,204.0,996.0,1,804,Clouds,overcast clouds,04d
2025-07-31 17:37:10,Thanh Hoa-Thanh Hoa,Thanh Hoa,29.22,29.22,29.22,79.0,35.13,10000.0,0.0,100.0,1.7,2.06,204.0,996.0,1,804,Clouds,overcast clouds,04d
2025-07-31 17:41:01,Thanh Hoa-Thanh Hoa,Thanh Hoa,29.22,29.22,29.22,79.0,35.13,10000.0,0.0,100.0,1.7,2.06,204.0,996.0,1,804,Clouds,overcast clouds,04d
2025-07-31 17:44:52,Thanh Hoa-Thanh Hoa,Thanh Hoa,29.22,29.22,29.22,79.0,35.13,10000.0,0.0,100.0,1.7,2.06,204.0,996.0,1,804,Clouds,overcast clouds,04d
2025-07-31 17:48:42,Thanh Hoa-Thanh Hoa,Thanh Hoa,29.2,29.2,29.2,79.0,35.08,10000.0,0.0,100.0,1.7,2.06,204.0,996.0,1,804,Clouds,overcast clouds,04d
2025-07-31 17:52:32,Thanh Hoa-Thanh Hoa,Thanh Hoa,29.2,29.2,29.2,79.0,35.08,10000.0,0.0,100.0,1.7,2.06,204.0,996.0,1,804,Clouds,overcast clouds,04d
2025-07-31 17:56:22,Thanh Hoa-Thanh Hoa,Thanh Hoa,29.2,29.2,29.2,79.0,35.08,10000.0,0.0,100.0,1.7,2.06,204.0,996.0,1,804,Clouds,overcast clouds,04d
2025-07-31 18:00:13,Thanh Hoa-Thanh Hoa,Thanh Hoa,29.2,29.2,29.2,79.0,35.08,10000.0,0.0,100.0,1.7,2.06,204.0,996.0,1,804,Clouds,overcast clouds,04d
2025-07-31 18:04:04,Thanh Hoa-Thanh Hoa,Thanh Hoa,29.21,29.21,29.21,79.0,35.1,10000.0,0.0,100.0,1.7,2.06,204.0,996.0,1,804,Clouds,overcast clouds,04d
2025-07-31 18:07:54,Thanh Hoa-Thanh Hoa,Thanh Hoa,29.2,29.2,29.2,79.0,35.08,10000.0,0.0,100.0,1.7,2.06,204.0,996.0,1,804,Clouds,overcast clouds,04d
2025-07-31 18:11:44,Thanh Hoa-Thanh Hoa,Thanh Hoa,29.21,29.21,29.21,79.0,35.1,10000.0,0.0,100.0,1.7,2.06,204.0,996.0,1,804,Clouds,overcast clouds,04d
2025-07-31 18:15:34,Thanh Hoa-Thanh Hoa,Thanh Hoa,29.21,29.21,29.21,79.0,35.1,10000.0,0.0,100.0,1.7,2.06,204.0,996.0,1,804,Clouds,overcast clouds,04d
2025-07-31 18:19:24,Thanh Hoa-Thanh Hoa,Thanh Hoa,29.21,29.21,29.21,79.0,35.1,10000.0,0.0,100.0,1.7,2.06,204.0,996.0,1,804,Clouds,overcast clouds,04d
2025-07-31 18:23:15,Thanh Hoa-Thanh Hoa,Thanh Hoa,29.19,29.19,29.19,79.0,35.05,10000.0,6.14,100.0,1.7,2.06,204.0,996.0,1,502,Rain,heavy intensity rain,10d
2025-07-31 18:27:06,Thanh Hoa-Thanh Hoa,Thanh Hoa,29.19,29.19,29.19,79.0,35.05,10000.0,6.89,100.0,1.7,2.06,204.0,996.0,1,502,Rain,heavy intensity rain,10d
2025-07-31 18:30:56,Thanh Hoa-Thanh Hoa,Thanh Hoa,29.19,29.19,29.19,79.0,35.05,10000.0,6.89,100.0,1.7,2.06,204.0,996.0,1,502,Rain,heavy intensity rain,10d
2025-07-31 18:34:46,Thanh Hoa-Thanh Hoa,Thanh Hoa,29.19,29.19,29.19,79.0,35.05,10000.0,6.89,100.0,1.7,2.06,204.0,996.0,0,502,Rain,heavy intensity rain,10d
2025-07-31 18:38:36,Thanh Hoa-Thanh Hoa,Thanh Hoa,28.13,28.13,28.13,83.0,32.92,10000.0,5.62,100.0,1.9,2.15,201.0,997.0,0,502,Rain,heavy intensity rain,10n
2025-07-31 18:42:26,Thanh Hoa-Thanh Hoa,Thanh Hoa,28.13,28.13,28.13,83.0,32.92,10000.0,5.62,100.0,1.9,2.15,201.0,997.0,0,502,Rain,heavy intensity rain,10n
2025-07-31 18:46:16,Thanh Hoa-Thanh Hoa,Thanh Hoa,28.13,28.13,28.13,83.0,32.92,10000.0,5.62,100.0,1.9,2.15,201.0,997.0,0,502,Rain,heavy intensity rain,10n
2025-07-31 18:50:08,Thanh Hoa-Thanh Hoa,Thanh Hoa,28.13,28.13,28.13,83.0,32.92,10000.0,4.21,100.0,1.87,2.35,192.0,997.0,0,502,Rain,heavy intensity rain,10n
2025-07-31 18:53:59,Thanh Hoa-Thanh Hoa,Thanh Hoa,28.13,28.13,28.13,83.0,32.92,10000.0,4.21,100.0,1.87,2.35,192.0,997.0,0,502,Rain,heavy intensity rain,10n
2025-07-31 18:57:50,Thanh Hoa-Thanh Hoa,Thanh Hoa,28.13,28.13,28.13,83.0,32.92,10000.0,3.65,100.0,1.87,2.35,192.0,997.0,0,501,Rain,moderate rain,10n
2025-07-31 19:01:40,Thanh Hoa-Thanh Hoa,Thanh Hoa,28.13,28.13,28.13,83.0,32.92,10000.0,3.65,100.0,1.87,2.35,192.0,997.0,0,501,Rain,moderate rain,10n
2025-07-31 19:05:31,Thanh Hoa-Thanh Hoa,Thanh Hoa,28.13,28.13,28.13,83.0,32.92,10000.0,3.65,100.0,1.87,2.35,192.0,997.0,0,501,Rain,moderate rain,10n
2025-07-31 19:09:22,Thanh Hoa-Thanh Hoa,Thanh Hoa,28.13,28.13,28.13,83.0,32.92,10000.0,3.65,100.0,1.87,2.35,192.0,997.0,0,501,Rain,moderate rain,10n
2025-07-31 19:13:12,Thanh Hoa-Thanh Hoa,Thanh Hoa,29.07,29.07,29.07,79.0,34.72,10000.0,1.41,100.0,1.87,2.35,192.0,997.0,0,501,Rain,moderate rain,10n
2025-07-31 19:17:14,Thanh Hoa-Thanh Hoa,Thanh Hoa,29.06,29.06,29.06,79.0,34.69,10000.0,1.33,100.0,1.87,2.35,192.0,997.0,0,501,Rain,moderate rain,10n
2025-07-31 19:20:59,Thanh Hoa-Thanh Hoa,Thanh Hoa,29.06,29.06,29.06,79.0,34.69,10000.0,1.33,100.0,1.87,2.35,192.0,997.0,0,501,Rain,moderate rain,10n
2025-07-31 19:24:45,Thanh Hoa-Thanh Hoa,Thanh Hoa,29.06,29.06,29.06,79.0,34.69,10000.0,1.54,100.0,1.87,2.35,192.0,997.0,0,501,Rain,moderate rain,10n
2025-07-31 19:28:32,Thanh Hoa-Thanh Hoa,Thanh Hoa,29.06,29.06,29.06,79.0,34.69,10000.0,1.54,100.0,1.87,2.35,192.0,997.0,0,501,Rain,moderate rain,10n
2025-07-31 19:32:18,Thanh Hoa-Thanh Hoa,Thanh Hoa,29.06,29.06,29.06,79.0,34.69,10000.0,1.54,100.0,1.87,2.35,192.0,997.0,0,501,Rain,moderate rain,10n
2025-07-31 19:36:04,Thanh Hoa-Thanh Hoa,Thanh Hoa,29.06,29.06,29.06,79.0,34.69,10000.0,1.54,100.0,1.87,2.35,192.0,997.0,0,501,Rain,moderate rain,10n
2025-07-31 19:39:49,Thanh Hoa-Thanh Hoa,Thanh Hoa,28.63,28.63,28.63,80.0,33.73,10000.0,1.33,100.0,1.79,2.19,208.0,997.0,0,501,Rain,moderate rain,10n
2025-07-31 19:43:35,Thanh Hoa-Thanh Hoa,Thanh Hoa,28.63,28.63,28.63,80.0,33.73,10000.0,1.33,100.0,1.79,2.19,208.0,997.0,0,501,Rain,moderate rain,10n
2025-07-31 19:47:21,Thanh Hoa-Thanh Hoa,Thanh Hoa,28.63,28.63,28.63,80.0,33.73,10000.0,3.99,100.0,1.79,2.19,208.0,997.0,0,501,Rain,moderate rain,10n
2025-07-31 19:51:07,Thanh Hoa-Thanh Hoa,Thanh Hoa,28.63,28.63,28.63,80.0,33.73,10000.0,3.99,100.0,1.79,2.19,208.0,997.0,0,501,Rain,moderate rain,10n
2025-07-31 19:54:53,Thanh Hoa-Thanh Hoa,Thanh Hoa,28.63,28.63,28.63,80.0,33.73,10000.0,3.65,100.0,1.79,2.19,208.0,997.0,0,501,Rain,moderate rain,10n
2025-07-31 19:58:38,Thanh Hoa-Thanh Hoa,Thanh Hoa,28.63,28.63,28.63,80.0,33.73,10000.0,3.65,100.0,1.79,2.19,208.0,997.0,0,501,Rain,moderate rain,10n
2025-07-31 20:02:25,Thanh Hoa-Thanh Hoa,Thanh Hoa,28.64,28.64,28.64,80.0,33.76,10000.0,3.99,100.0,1.79,2.19,208.0,997.0,0,501,Rain,moderate rain,10n
2025-07-31 20:06:11,Thanh Hoa-Thanh Hoa,Thanh Hoa,28.64,28.64,28.64,80.0,33.76,10000.0,3.87,100.0,1.79,2.19,208.0,997.0,0,501,Rain,moderate rain,10n
2025-07-31 20:09:57,Thanh Hoa-Thanh Hoa,Thanh Hoa,28.64,28.64,28.64,80.0,33.76,10000.0,3.99,100.0,1.79,2.19,208.0,997.0,0,501,Rain,moderate rain,10n
2025-07-31 20:13:42,Thanh Hoa-Thanh Hoa,Thanh Hoa,28.64,28.64,28.64,80.0,33.76,10000.0,3.87,100.0,1.79,2.19,208.0,997.0,0,501,Rain,moderate rain,10n
2025-07-31 20:17:28,Thanh Hoa-Thanh Hoa,Thanh Hoa,28.63,28.63,28.63,80.0,33.73,10000.0,1.85,100.0,1.79,2.19,208.0,997.0,0,501,Rain,moderate rain,10n
2025-07-31 20:21:14,Thanh Hoa-Thanh Hoa,Thanh Hoa,28.63,28.63,28.63,80.0,33.73,10000.0,1.85,100.0,1.79,2.19,208.0,997.0,0,501,Rain,moderate rain,10n
2025-07-31 20:25:00,Thanh Hoa-Thanh Hoa,Thanh Hoa,28.63,28.63,28.63,80.0,33.73,10000.0,2.05,100.0,1.79,2.19,208.0,997.0,0,501,Rain,moderate rain,10n
2025-07-31 20:28:46,Thanh Hoa-Thanh Hoa,Thanh Hoa,28.63,28.63,28.63,80.0,33.73,10000.0,1.83,100.0,1.79,2.19,208.0,997.0,0,501,Rain,moderate rain,10n
2025-07-31 20:32:32,Thanh Hoa-Thanh Hoa,Thanh Hoa,28.63,28.63,28.63,80.0,33.73,10000.0,1.83,100.0,1.79,2.19,208.0,997.0,0,501,Rain,moderate rain,10n
2025-07-31 20:36:18,Thanh Hoa-Thanh Hoa,Thanh Hoa,28.36,28.36,28.36,80.0,33.02,10000.0,2.66,100.0,1.42,1.2,191.0,998.0,0,501,Rain,moderate rain,10n
2025-07-31 20:40:04,Thanh Hoa-Thanh Hoa,Thanh Hoa,28.36,28.36,28.36,80.0,33.02,10000.0,2.66,100.0,1.42,1.2,191.0,998.0,0,501,Rain,moderate rain,10n
2025-07-31 20:43:50,Thanh Hoa-Thanh Hoa,Thanh Hoa,28.36,28.36,28.36,80.0,33.02,10000.0,2.19,100.0,1.42,1.2,191.0,998.0,0,501,Rain,moderate rain,10n
2025-07-31 20:47:36,Thanh Hoa-Thanh Hoa,Thanh Hoa,28.38,28.38,28.38,80.0,33.07,10000.0,1.74,100.0,1.42,1.2,191.0,998.0,0,501,Rain,moderate rain,10n
2025-07-31 20:51:22,Thanh Hoa-Thanh Hoa,Thanh Hoa,28.38,28.38,28.38,80.0,33.07,10000.0,1.5,100.0,1.42,1.2,191.0,998.0,0,501,Rain,moderate rain,10n
2025-07-31 20:55:08,Thanh Hoa-Thanh Hoa,Thanh Hoa,28.38,28.38,28.38,80.0,33.07,10000.0,1.74,100.0,1.42,1.2,191.0,998.0,0,501,Rain,moderate rain,10n
2025-07-31 20:58:54,Thanh Hoa-Thanh Hoa,Thanh Hoa,28.38,28.38,28.38,80.0,33.07,10000.0,1.5,100.0,1.42,1.2,191.0,998.0,0,501,Rain,moderate rain,10n
2025-07-31 21:02:39,Thanh Hoa-Thanh Hoa,Thanh Hoa,28.38,28.38,28.38,80.0,33.07,10000.0,0.98,100.0,1.42,1.2,191.0,998.0,0,500,Rain,light rain,10n
2025-07-31 21:06:26,Thanh Hoa-Thanh Hoa,Thanh Hoa,28.38,28.38,28.38,80.0,33.07,10000.0,0.98,100.0,1.42,1.2,191.0,998.0,0,500,Rain,light rain,10n
2025-07-31 21:10:14,Thanh Hoa-Thanh Hoa,Thanh Hoa,28.38,28.38,28.38,80.0,33.07,10000.0,0.98,100.0,1.42,1.2,191.0,998.0,0,500,Rain,light rain,10n
2025-07-31 21:14:00,Thanh Hoa-Thanh Hoa,Thanh Hoa,28.38,28.38,28.38,80.0,33.07,10000.0,0.45,100.0,1.42,1.2,191.0,998.0,0,500,Rain,light rain,10n
2025-07-31 21:17:46,Thanh Hoa-Thanh Hoa,Thanh Hoa,28.38,28.38,28.38,80.0,33.07,10000.0,0.45,100.0,1.42,1.2,191.0,998.0,0,500,Rain,light rain,10n
2025-07-31 21:21:32,Thanh Hoa-Thanh Hoa,Thanh Hoa,28.38,28.38,28.38,80.0,33.07,10000.0,0.45,100.0,1.42,1.2,191.0,998.0,0,500,Rain,light rain,10n
2025-07-31 21:25:17,Thanh Hoa-Thanh Hoa,Thanh Hoa,28.38,28.38,28.38,80.0,33.07,10000.0,0.42,100.0,1.42,1.2,191.0,998.0,0,500,Rain,light rain,10n
2025-07-31 21:29:04,Thanh Hoa-Thanh Hoa,Thanh Hoa,28.38,28.38,28.38,80.0,33.07,10000.0,0.38,100.0,1.42,1.2,191.0,998.0,0,500,Rain,light rain,10n
2025-07-31 21:32:49,Thanh Hoa-Thanh Hoa,Thanh Hoa,28.38,28.38,28.38,80.0,33.07,10000.0,0.42,100.0,1.42,1.2,191.0,998.0,0,500,Rain,light rain,10n
2025-07-31 21:36:35,Thanh Hoa-Thanh Hoa,Thanh Hoa,28.38,28.38,28.38,80.0,33.07,10000.0,0.38,100.0,1.42,1.2,191.0,998.0,0,500,Rain,light rain,10n
2025-07-31 21:40:21,Thanh Hoa-Thanh Hoa,Thanh Hoa,28.78,28.78,28.78,77.0,33.54,10000.0,0.56,100.0,1.48,1.52,220.0,998.0,0,500,Rain,light rain,10n
2025-07-31 22:49:15,Thanh Hoa-Thanh Hoa,Thanh Hoa,28.63,28.63,28.63,77.0,33.16,10000.0,0.0,100.0,1.37,1.17,223.0,998.0,0,804,Clouds,overcast clouds,04n
2025-07-31 22:53:01,Thanh Hoa-Thanh Hoa,Thanh Hoa,28.63,28.63,28.63,77.0,33.16,10000.0,0.0,100.0,1.37,1.17,223.0,998.0,0,804,Clouds,overcast clouds,04n
2025-07-31 22:56:47,Thanh Hoa-Thanh Hoa,Thanh Hoa,28.62,28.62,28.62,77.0,33.14,10000.0,0.0,100.0,1.37,1.17,223.0,998.0,0,804,Clouds,overcast clouds,04n
2025-07-31 23:00:32,Thanh Hoa-Thanh Hoa,Thanh Hoa,28.62,28.62,28.62,77.0,33.14,10000.0,0.0,100.0,1.37,1.17,223.0,998.0,0,804,Clouds,overcast clouds,04n
2025-07-31 23:04:18,Thanh Hoa-Thanh Hoa,Thanh Hoa,28.64,28.64,28.64,77.0,33.19,10000.0,0.0,100.0,1.37,1.17,223.0,998.0,0,804,Clouds,overcast clouds,04n
2025-07-31 23:08:04,Thanh Hoa-Thanh Hoa,Thanh Hoa,28.64,28.64,28.64,77.0,33.19,10000.0,0.0,100.0,1.37,1.17,223.0,998.0,0,804,Clouds,overcast clouds,04n
2025-07-31 23:11:50,Thanh Hoa-Thanh Hoa,Thanh Hoa,28.64,28.64,28.64,77.0,33.19,10000.0,0.0,100.0,1.37,1.17,223.0,998.0,0,804,Clouds,overcast clouds,04n
2025-07-31 23:15:35,Thanh Hoa-Thanh Hoa,Thanh Hoa,28.64,28.64,28.64,77.0,33.19,10000.0,0.0,100.0,1.37,1.17,223.0,998.0,0,804,Clouds,overcast clouds,04n
2025-07-31 23:19:21,Thanh Hoa-Thanh Hoa,Thanh Hoa,28.64,28.64,28.64,77.0,33.19,10000.0,0.0,100.0,1.37,1.17,223.0,998.0,0,804,Clouds,overcast clouds,04n
2025-07-31 23:23:07,Thanh Hoa-Thanh Hoa,Thanh Hoa,28.64,28.64,28.64,77.0,33.19,10000.0,0.0,100.0,1.37,1.17,223.0,998.0,0,804,Clouds,overcast clouds,04n
2025-07-31 23:26:53,Thanh Hoa-Thanh Hoa,Thanh Hoa,28.64,28.64,28.64,77.0,33.19,10000.0,0.0,100.0,1.37,1.17,223.0,998.0,0,804,Clouds,overcast clouds,04n
2025-07-31 23:30:38,Thanh Hoa-Thanh Hoa,Thanh Hoa,28.39,28.39,28.39,77.0,32.57,10000.0,0.0,100.0,1.4,1.77,234.0,998.0,0,804,Clouds,overcast clouds,04n
2025-07-31 23:34:24,Thanh Hoa-Thanh Hoa,Thanh Hoa,28.39,28.39,28.39,77.0,32.57,10000.0,0.0,100.0,1.4,1.77,234.0,998.0,0,804,Clouds,overcast clouds,04n
2025-07-31 23:38:10,Thanh Hoa-Thanh Hoa,Thanh Hoa,28.39,28.39,28.39,77.0,32.57,10000.0,0.0,100.0,1.4,1.77,234.0,998.0,0,804,Clouds,overcast clouds,04n
2025-07-31 23:41:56,Thanh Hoa-Thanh Hoa,Thanh Hoa,28.39,28.39,28.39,77.0,32.57,10000.0,0.0,100.0,1.4,1.77,234.0,998.0,0,804,Clouds,overcast clouds,04n
2025-07-31 23:45:41,Thanh Hoa-Thanh Hoa,Thanh Hoa,28.39,28.39,28.39,77.0,32.57,10000.0,0.0,100.0,1.4,1.77,234.0,998.0,0,804,Clouds,overcast clouds,04n
2025-07-31 23:49:27,Thanh Hoa-Thanh Hoa,Thanh Hoa,28.39,28.39,28.39,77.0,32.57,10000.0,0.0,100.0,1.4,1.77,234.0,998.0,0,804,Clouds,overcast clouds,04n
2025-07-31 23:53:12,Thanh Hoa-Thanh Hoa,Thanh Hoa,28.39,28.39,28.39,77.0,32.57,10000.0,0.0,100.0,1.4,1.77,234.0,998.0,0,804,Clouds,overcast clouds,04n
2025-07-31 23:56:58,Thanh Hoa-Thanh Hoa,Thanh Hoa,28.39,28.39,28.39,77.0,32.57,10000.0,0.4,100.0,1.4,1.77,234.0,998.0,0,500,Rain,light rain,10n
2025-08-01 00:00:44,Thanh Hoa-Thanh Hoa,Thanh Hoa,28.39,28.39,28.39,77.0,32.57,10000.0,0.16,100.0,1.4,1.77,234.0,998.0,0,500,Rain,light rain,10n
2025-08-01 00:04:29,Thanh Hoa-Thanh Hoa,Thanh Hoa,28.39,28.39,28.39,77.0,32.57,10000.0,0.16,100.0,1.4,1.77,234.0,998.0,0,500,Rain,light rain,10n
2025-08-01 00:08:15,Thanh Hoa-Thanh Hoa,Thanh Hoa,28.41,28.41,28.41,77.0,32.62,10000.0,0.0,100.0,1.4,1.77,234.0,998.0,0,804,Clouds,overcast clouds,04n
2025-08-01 00:12:01,Thanh Hoa-Thanh Hoa,Thanh Hoa,28.41,28.41,28.41,77.0,32.62,10000.0,0.13,100.0,1.4,1.77,234.0,998.0,0,500,Rain,light rain,10n
2025-08-01 00:15:47,Thanh Hoa-Thanh Hoa,Thanh Hoa,28.41,28.41,28.41,77.0,32.62,10000.0,0.13,100.0,1.4,1.77,234.0,998.0,0,500,Rain,light rain,10n
2025-08-01 00:19:33,Thanh Hoa-Thanh Hoa,Thanh Hoa,28.41,28.41,28.41,77.0,32.62,10000.0,0.13,100.0,1.4,1.77,234.0,998.0,0,500,Rain,light rain,10n
2025-08-01 00:23:18,Thanh Hoa-Thanh Hoa,Thanh Hoa,28.41,28.41,28.41,77.0,32.62,10000.0,0.13,100.0,1.4,1.77,234.0,998.0,0,500,Rain,light rain,10n
2025-08-01 00:27:04,Thanh Hoa-Thanh Hoa,Thanh Hoa,28.41,28.41,28.41,77.0,32.62,10000.0,0.0,100.0,1.4,1.77,234.0,998.0,0,804,Clouds,overcast clouds,04n
2025-08-01 00:30:50,Thanh Hoa-Thanh Hoa,Thanh Hoa,28.41,28.41,28.41,77.0,32.62,10000.0,0.0,100.0,1.4,1.77,234.0,998.0,0,804,Clouds,overcast clouds,04n
2025-08-01 00:34:35,Thanh Hoa-Thanh Hoa,Thanh Hoa,28.41,28.41,28.41,77.0,32.62,10000.0,0.0,100.0,1.4,1.77,234.0,998.0,0,804,Clouds,overcast clouds,04n
2025-08-01 00:38:20,Thanh Hoa-Thanh Hoa,Thanh Hoa,28.23,28.23,28.23,77.0,32.19,10000.0,0.0,100.0,1.9,2.19,225.0,998.0,0,804,Clouds,overcast clouds,04n
2025-08-01 00:42:07,Thanh Hoa-Thanh Hoa,Thanh Hoa,28.23,28.23,28.23,77.0,32.19,10000.0,0.0,100.0,1.9,2.19,225.0,998.0,0,804,Clouds,overcast clouds,04n
2025-08-01 00:45:52,Thanh Hoa-Thanh Hoa,Thanh Hoa,28.23,28.23,28.23,77.0,32.19,10000.0,0.0,100.0,1.9,2.19,225.0,998.0,0,804,Clouds,overcast clouds,04n
2025-08-01 00:49:38,Thanh Hoa-Thanh Hoa,Thanh Hoa,28.23,28.23,28.23,77.0,32.19,10000.0,0.0,100.0,4.62,9.26,224.0,998.0,0,804,Clouds,overcast clouds,04n
2025-08-01 00:53:24,Thanh Hoa-Thanh Hoa,Thanh Hoa,28.23,28.23,28.23,77.0,32.19,10000.0,0.0,100.0,4.62,9.26,224.0,998.0,0,804,Clouds,overcast clouds,04n
2025-08-01 00:57:09,Thanh Hoa-Thanh Hoa,Thanh Hoa,28.23,28.23,28.23,77.0,32.19,10000.0,0.0,100.0,4.62,9.26,224.0,998.0,0,804,Clouds,overcast clouds,04n
2025-08-01 01:00:55,Thanh Hoa-Thanh Hoa,Thanh Hoa,28.23,28.23,28.23,77.0,32.19,10000.0,0.0,100.0,4.62,9.26,224.0,998.0,0,804,Clouds,overcast clouds,04n
2025-08-01 01:04:41,Thanh Hoa-Thanh Hoa,Thanh Hoa,28.23,28.23,28.23,77.0,32.19,10000.0,0.0,100.0,4.62,9.26,224.0,998.0,0,804,Clouds,overcast clouds,04n
2025-08-01 01:08:26,Thanh Hoa-Thanh Hoa,Thanh Hoa,28.23,28.23,28.23,77.0,32.19,10000.0,0.0,100.0,4.62,9.26,224.0,998.0,0,804,Clouds,overcast clouds,04n
2025-08-01 01:12:12,Thanh Hoa-Thanh Hoa,Thanh Hoa,28.14,28.14,28.14,77.0,31.97,10000.0,0.0,100.0,4.62,9.26,224.0,998.0,0,804,Clouds,overcast clouds,04n
2025-08-01 01:15:58,Thanh Hoa-Thanh Hoa,Thanh Hoa,28.14,28.14,28.14,77.0,31.97,10000.0,0.0,100.0,4.62,9.26,224.0,998.0,0,804,Clouds,overcast clouds,04n
2025-08-01 01:19:44,Thanh Hoa-Thanh Hoa,Thanh Hoa,28.14,28.14,28.14,77.0,31.97,10000.0,0.0,100.0,4.62,9.26,224.0,998.0,0,804,Clouds,overcast clouds,04n
2025-08-01 01:23:29,Thanh Hoa-Thanh Hoa,Thanh Hoa,28.14,28.14,28.14,77.0,31.97,10000.0,0.0,100.0,4.62,9.26,224.0,998.0,0,804,Clouds,overcast clouds,04n
2025-08-01 01:27:15,Thanh Hoa-Thanh Hoa,Thanh Hoa,28.14,28.14,28.14,77.0,31.97,10000.0,0.0,100.0,4.62,9.26,224.0,998.0,0,804,Clouds,overcast clouds,04n
2025-08-01 01:31:01,Thanh Hoa-Thanh Hoa,Thanh Hoa,26.63,26.63,26.63,84.0,26.63,10000.0,0.0,100.0,2.58,8.07,213.0,998.0,0,804,Clouds,overcast clouds,04n
2025-08-01 01:34:47,Thanh Hoa-Thanh Hoa,Thanh Hoa,26.63,26.63,26.63,84.0,26.63,10000.0,0.0,100.0,2.58,8.07,213.0,998.0,0,804,Clouds,overcast clouds,04n
2025-08-01 01:38:32,Thanh Hoa-Thanh Hoa,Thanh Hoa,26.61,26.61,26.61,84.0,26.61,10000.0,0.0,100.0,2.58,8.07,213.0,998.0,0,804,Clouds,overcast clouds,04n
2025-08-01 01:42:18,Thanh Hoa-Thanh Hoa,Thanh Hoa,26.61,26.61,26.61,84.0,26.61,10000.0,0.0,100.0,2.58,8.07,213.0,998.0,0,804,Clouds,overcast clouds,04n
2025-08-01 01:46:04,Thanh Hoa-Thanh Hoa,Thanh Hoa,26.61,26.61,26.61,84.0,26.61,10000.0,0.0,100.0,2.58,8.07,213.0,998.0,0,804,Clouds,overcast clouds,04n
2025-08-01 01:49:49,Thanh Hoa-Thanh Hoa,Thanh Hoa,26.61,26.61,26.61,84.0,26.61,10000.0,0.0,100.0,2.58,8.07,213.0,998.0,0,804,Clouds,overcast clouds,04n
2025-08-01 01:53:35,Thanh Hoa-Thanh Hoa,Thanh Hoa,26.61,26.61,26.61,84.0,26.61,10000.0,0.0,100.0,2.58,8.07,213.0,998.0,0,804,Clouds,overcast clouds,04n
2025-08-01 01:57:20,Thanh Hoa-Thanh Hoa,Thanh Hoa,26.61,26.61,26.61,84.0,26.61,10000.0,0.0,100.0,2.58,8.07,213.0,998.0,0,804,Clouds,overcast clouds,04n
2025-08-01 02:01:06,Thanh Hoa-Thanh Hoa,Thanh Hoa,26.61,26.61,26.61,84.0,26.61,10000.0,0.0,100.0,2.58,8.07,213.0,998.0,0,804,Clouds,overcast clouds,04n
2025-08-01 02:04:51,Thanh Hoa-Thanh Hoa,Thanh Hoa,26.63,26.63,26.63,84.0,26.63,10000.0,0.0,100.0,2.58,8.07,213.0,998.0,0,804,Clouds,overcast clouds,04n
2025-08-01 02:08:37,Thanh Hoa-Thanh Hoa,Thanh Hoa,26.63,26.63,26.63,84.0,26.63,10000.0,0.0,100.0,2.58,8.07,213.0,998.0,0,804,Clouds,overcast clouds,04n
2025-08-01 02:12:23,Thanh Hoa-Thanh Hoa,Thanh Hoa,26.63,26.63,26.63,84.0,26.63,10000.0,0.0,100.0,2.58,8.07,213.0,998.0,0,804,Clouds,overcast clouds,04n
2025-08-01 02:16:09,Thanh Hoa-Thanh Hoa,Thanh Hoa,26.63,26.63,26.63,84.0,26.63,10000.0,0.0,100.0,2.58,8.07,213.0,998.0,0,804,Clouds,overcast clouds,04n
2025-08-01 02:19:54,Thanh Hoa-Thanh Hoa,Thanh Hoa,26.63,26.63,26.63,84.0,26.63,10000.0,0.0,100.0,2.58,8.07,213.0,998.0,0,804,Clouds,overcast clouds,04n
2025-08-01 02:23:40,Thanh Hoa-Thanh Hoa,Thanh Hoa,26.63,26.63,26.63,84.0,26.63,10000.0,0.0,100.0,2.58,8.07,213.0,998.0,0,804,Clouds,overcast clouds,04n
2025-08-01 02:27:26,Thanh Hoa-Thanh Hoa,Thanh Hoa,26.63,26.63,26.63,84.0,26.63,10000.0,0.0,100.0,2.58,8.07,213.0,998.0,0,804,Clouds,overcast clouds,04n
2025-08-01 02:31:12,Thanh Hoa-Thanh Hoa,Thanh Hoa,26.63,26.63,26.63,84.0,26.63,10000.0,0.0,100.0,2.58,8.07,213.0,998.0,0,804,Clouds,overcast clouds,04n
2025-08-01 02:34:58,Thanh Hoa-Thanh Hoa,Thanh Hoa,26.41,26.41,26.41,85.0,26.41,10000.0,0.0,100.0,2.82,9.54,225.0,997.0,0,804,Clouds,overcast clouds,04n
2025-08-01 02:38:44,Thanh Hoa-Thanh Hoa,Thanh Hoa,26.41,26.41,26.41,85.0,26.41,10000.0,0.0,100.0,2.82,9.54,225.0,997.0,0,804,Clouds,overcast clouds,04n
2025-08-01 02:42:30,Thanh Hoa-Thanh Hoa,Thanh Hoa,26.41,26.41,26.41,85.0,26.41,10000.0,0.0,100.0,2.82,9.54,225.0,997.0,0,804,Clouds,overcast clouds,04n
2025-08-01 02:46:16,Thanh Hoa-Thanh Hoa,Thanh Hoa,26.41,26.41,26.41,85.0,26.41,10000.0,0.0,100.0,2.82,9.54,225.0,997.0,0,804,Clouds,overcast clouds,04n
2025-08-01 02:50:02,Thanh Hoa-Thanh Hoa,Thanh Hoa,26.35,26.35,26.35,85.0,26.35,10000.0,0.21,100.0,2.82,9.54,225.0,997.0,0,500,Rain,light rain,10n
2025-08-01 02:53:48,Thanh Hoa-Thanh Hoa,Thanh Hoa,26.35,26.35,26.35,85.0,26.35,10000.0,0.18,100.0,2.82,9.54,225.0,997.0,0,500,Rain,light rain,10n
2025-08-01 02:57:33,Thanh Hoa-Thanh Hoa,Thanh Hoa,26.35,26.35,26.35,85.0,26.35,10000.0,0.18,100.0,2.82,9.54,225.0,997.0,0,500,Rain,light rain,10n
2025-08-01 03:01:19,Thanh Hoa-Thanh Hoa,Thanh Hoa,26.35,26.35,26.35,85.0,26.35,10000.0,0.14,100.0,2.82,9.54,225.0,997.0,0,500,Rain,light rain,10n
2025-08-01 03:05:05,Thanh Hoa-Thanh Hoa,Thanh Hoa,26.35,26.35,26.35,85.0,26.35,10000.0,0.14,100.0,2.82,9.54,225.0,997.0,0,500,Rain,light rain,10n
2025-08-01 03:08:51,Thanh Hoa-Thanh Hoa,Thanh Hoa,26.35,26.35,26.35,85.0,26.35,10000.0,0.0,100.0,2.82,9.54,225.0,997.0,0,804,Clouds,overcast clouds,04n
2025-08-01 03:12:37,Thanh Hoa-Thanh Hoa,Thanh Hoa,26.35,26.35,26.35,85.0,26.35,10000.0,0.14,100.0,2.82,9.54,225.0,997.0,0,500,Rain,light rain,10n
2025-08-01 03:16:23,Thanh Hoa-Thanh Hoa,Thanh Hoa,26.35,26.35,26.35,85.0,26.35,10000.0,0.0,100.0,2.82,9.54,225.0,997.0,0,804,Clouds,overcast clouds,04n
2025-08-01 03:20:09,Thanh Hoa-Thanh Hoa,Thanh Hoa,26.35,26.35,26.35,85.0,26.35,10000.0,0.0,100.0,2.82,9.54,225.0,997.0,0,804,Clouds,overcast clouds,04n
2025-08-01 03:23:54,Thanh Hoa-Thanh Hoa,Thanh Hoa,26.35,26.35,26.35,85.0,26.35,10000.0,0.0,100.0,2.82,9.54,225.0,997.0,0,804,Clouds,overcast clouds,04n
2025-08-01 03:27:40,Thanh Hoa-Thanh Hoa,Thanh Hoa,26.35,26.35,26.35,85.0,26.35,10000.0,0.0,100.0,2.82,9.54,225.0,997.0,0,804,Clouds,overcast clouds,04n
2025-08-01 03:31:27,Thanh Hoa-Thanh Hoa,Thanh Hoa,26.4,26.4,26.4,86.0,26.4,10000.0,0.0,100.0,1.78,3.52,252.0,997.0,0,804,Clouds,overcast clouds,04n
2025-08-01 03:35:13,Thanh Hoa-Thanh Hoa,Thanh Hoa,26.35,26.35,26.35,85.0,26.35,10000.0,0.0,100.0,2.82,9.54,225.0,997.0,0,804,Clouds,overcast clouds,04n
2025-08-01 03:38:59,Thanh Hoa-Thanh Hoa,Thanh Hoa,26.4,26.4,26.4,86.0,26.4,10000.0,0.0,100.0,1.78,3.52,252.0,997.0,0,804,Clouds,overcast clouds,04n
2025-08-01 03:42:45,Thanh Hoa-Thanh Hoa,Thanh Hoa,26.4,26.4,26.4,86.0,26.4,10000.0,0.0,100.0,1.78,3.52,252.0,997.0,0,804,Clouds,overcast clouds,04n
2025-08-01 03:46:31,Thanh Hoa-Thanh Hoa,Thanh Hoa,26.43,26.43,26.43,86.0,26.43,10000.0,0.0,100.0,1.78,3.52,252.0,997.0,0,804,Clouds,overcast clouds,04n
2025-08-01 03:50:16,Thanh Hoa-Thanh Hoa,Thanh Hoa,26.43,26.43,26.43,86.0,26.43,10000.0,0.0,100.0,1.78,3.52,252.0,997.0,0,804,Clouds,overcast clouds,04n
2025-08-01 03:54:02,Thanh Hoa-Thanh Hoa,Thanh Hoa,26.43,26.43,26.43,86.0,26.43,10000.0,0.0,100.0,1.78,3.52,252.0,997.0,0,804,Clouds,overcast clouds,04n
2025-08-01 03:57:48,Thanh Hoa-Thanh Hoa,Thanh Hoa,26.43,26.43,26.43,86.0,26.43,10000.0,0.0,100.0,1.78,3.52,252.0,997.0,0,804,Clouds,overcast clouds,04n
2025-08-01 04:01:33,Thanh Hoa-Thanh Hoa,Thanh Hoa,26.43,26.43,26.43,86.0,26.43,10000.0,0.0,100.0,1.78,3.52,252.0,997.0,0,804,Clouds,overcast clouds,04n
2025-08-01 04:05:19,Thanh Hoa-Thanh Hoa,Thanh Hoa,26.43,26.43,26.43,86.0,26.43,10000.0,0.0,100.0,1.78,3.52,252.0,997.0,0,804,Clouds,overcast clouds,04n
2025-08-01 04:09:05,Thanh Hoa-Thanh Hoa,Thanh Hoa,26.43,26.43,26.43,86.0,26.43,10000.0,0.0,100.0,1.78,3.52,252.0,997.0,0,804,Clouds,overcast clouds,04n
2025-08-01 04:12:51,Thanh Hoa-Thanh Hoa,Thanh Hoa,26.43,26.43,26.43,86.0,26.43,10000.0,0.0,100.0,1.78,3.52,252.0,997.0,0,804,Clouds,overcast clouds,04n
2025-08-01 04:16:37,Thanh Hoa-Thanh Hoa,Thanh Hoa,26.43,26.43,26.43,86.0,26.43,10000.0,0.0,100.0,1.78,3.52,252.0,997.0,0,804,Clouds,overcast clouds,04n
2025-08-01 04:20:22,Thanh Hoa-Thanh Hoa,Thanh Hoa,26.43,26.43,26.43,86.0,26.43,10000.0,0.0,100.0,1.78,3.52,252.0,997.0,0,804,Clouds,overcast clouds,04n
2025-08-01 04:24:08,Thanh Hoa-Thanh Hoa,Thanh Hoa,26.43,26.43,26.43,86.0,26.43,10000.0,0.0,100.0,1.78,3.52,252.0,997.0,0,804,Clouds,overcast clouds,04n
2025-08-01 04:27:54,Thanh Hoa-Thanh Hoa,Thanh Hoa,26.43,26.43,26.43,86.0,26.43,10000.0,0.0,100.0,1.78,3.52,252.0,997.0,0,804,Clouds,overcast clouds,04n
2025-08-01 04:31:40,Thanh Hoa-Thanh Hoa,Thanh Hoa,26.44,26.44,26.44,85.0,26.44,10000.0,0.0,100.0,1.63,2.25,283.0,998.0,0,804,Clouds,overcast clouds,04n
2025-08-01 04:35:26,Thanh Hoa-Thanh Hoa,Thanh Hoa,26.44,26.44,26.44,85.0,26.44,10000.0,0.0,100.0,1.63,2.25,283.0,998.0,0,804,Clouds,overcast clouds,04n
2025-08-01 04:39:12,Thanh Hoa-Thanh Hoa,Thanh Hoa,26.44,26.44,26.44,85.0,26.44,10000.0,0.0,100.0,1.63,2.25,283.0,998.0,0,804,Clouds,overcast clouds,04n
2025-08-01 04:42:58,Thanh Hoa-Thanh Hoa,Thanh Hoa,26.44,26.44,26.44,85.0,26.44,10000.0,0.0,100.0,1.63,2.25,283.0,998.0,0,804,Clouds,overcast clouds,04n
2025-08-01 04:46:44,Thanh Hoa-Thanh Hoa,Thanh Hoa,26.44,26.44,26.44,85.0,26.44,10000.0,0.0,100.0,1.63,2.25,283.0,998.0,0,804,Clouds,overcast clouds,04n
2025-08-01 04:50:30,Thanh Hoa-Thanh Hoa,Thanh Hoa,26.44,26.44,26.44,85.0,26.44,10000.0,0.0,100.0,1.63,2.25,283.0,998.0,0,804,Clouds,overcast clouds,04n
2025-08-01 04:54:15,Thanh Hoa-Thanh Hoa,Thanh Hoa,26.44,26.44,26.44,85.0,26.44,10000.0,0.0,100.0,1.63,2.25,283.0,998.0,0,804,Clouds,overcast clouds,04n
2025-08-01 04:58:01,Thanh Hoa-Thanh Hoa,Thanh Hoa,26.44,26.44,26.44,85.0,26.44,10000.0,0.0,100.0,1.63,2.25,283.0,998.0,0,804,Clouds,overcast clouds,04n
2025-08-01 05:01:47,Thanh Hoa-Thanh Hoa,Thanh Hoa,26.44,26.44,26.44,85.0,26.44,10000.0,0.0,100.0,1.63,2.25,283.0,998.0,0,804,Clouds,overcast clouds,04n
2025-08-01 05:05:33,Thanh Hoa-Thanh Hoa,Thanh Hoa,26.44,26.44,26.44,85.0,26.44,10000.0,0.0,100.0,1.63,2.25,283.0,998.0,0,804,Clouds,overcast clouds,04n
2025-08-01 05:09:19,Thanh Hoa-Thanh Hoa,Thanh Hoa,26.44,26.44,26.44,85.0,26.44,10000.0,0.0,100.0,1.63,2.25,283.0,998.0,0,804,Clouds,overcast clouds,04n
2025-08-01 05:13:04,Thanh Hoa-Thanh Hoa,Thanh Hoa,26.44,26.44,26.44,85.0,26.44,10000.0,0.0,100.0,1.63,2.25,283.0,998.0,0,804,Clouds,overcast clouds,04n
2025-08-01 05:16:50,Thanh Hoa-Thanh Hoa,Thanh Hoa,26.44,26.44,26.44,85.0,26.44,10000.0,0.0,100.0,1.63,2.25,283.0,998.0,0,804,Clouds,overcast clouds,04n
2025-08-01 05:20:36,Thanh Hoa-Thanh Hoa,Thanh Hoa,26.44,26.44,26.44,85.0,26.44,10000.0,0.0,100.0,1.63,2.25,283.0,998.0,0,804,Clouds,overcast clouds,04n
2025-08-01 05:24:22,Thanh Hoa-Thanh Hoa,Thanh Hoa,26.44,26.44,26.44,85.0,26.44,10000.0,0.0,100.0,1.63,2.25,283.0,998.0,0,804,Clouds,overcast clouds,04n
2025-08-01 05:28:08,Thanh Hoa-Thanh Hoa,Thanh Hoa,26.44,26.44,26.44,85.0,26.44,10000.0,0.0,100.0,1.63,2.25,283.0,998.0,0,804,Clouds,overcast clouds,04n
2025-08-01 05:31:53,Thanh Hoa-Thanh Hoa,Thanh Hoa,26.42,26.42,26.42,86.0,26.42,10000.0,0.0,100.0,0.99,1.1,297.0,998.0,0,804,Clouds,overcast clouds,04n
2025-08-01 05:35:39,Thanh Hoa-Thanh Hoa,Thanh Hoa,26.42,26.42,26.42,86.0,26.42,10000.0,0.0,100.0,0.99,1.1,297.0,998.0,1,804,Clouds,overcast clouds,04d
2025-08-01 05:39:25,Thanh Hoa-Thanh Hoa,Thanh Hoa,26.42,26.42,26.42,86.0,26.42,10000.0,0.0,100.0,0.99,1.1,297.0,998.0,1,804,Clouds,overcast clouds,04d
2025-08-01 05:43:10,Thanh Hoa-Thanh Hoa,Thanh Hoa,26.42,26.42,26.42,86.0,26.42,10000.0,0.0,100.0,0.99,1.1,297.0,998.0,1,804,Clouds,overcast clouds,04d
2025-08-01 05:46:56,Thanh Hoa-Thanh Hoa,Thanh Hoa,26.42,26.42,26.42,86.0,26.42,10000.0,0.0,100.0,0.99,1.1,297.0,998.0,1,804,Clouds,overcast clouds,04d
2025-08-01 05:50:42,Thanh Hoa-Thanh Hoa,Thanh Hoa,26.42,26.42,26.42,86.0,26.42,10000.0,0.0,100.0,0.99,1.1,297.0,998.0,1,804,Clouds,overcast clouds,04d
2025-08-01 05:54:28,Thanh Hoa-Thanh Hoa,Thanh Hoa,26.42,26.42,26.42,86.0,26.42,10000.0,0.0,100.0,0.99,1.1,297.0,998.0,1,804,Clouds,overcast clouds,04d
2025-08-01 05:58:13,Thanh Hoa-Thanh Hoa,Thanh Hoa,26.42,26.42,26.42,86.0,26.42,10000.0,0.0,100.0,0.99,1.1,297.0,998.0,1,804,Clouds,overcast clouds,04d
2025-08-01 06:01:59,Thanh Hoa-Thanh Hoa,Thanh Hoa,26.4,26.4,26.4,86.0,26.4,10000.0,0.44,100.0,0.99,1.1,297.0,998.0,1,500,Rain,light rain,10d
2025-08-01 06:05:45,Thanh Hoa-Thanh Hoa,Thanh Hoa,26.42,26.42,26.42,86.0,26.42,10000.0,0.0,100.0,0.99,1.1,297.0,998.0,1,804,Clouds,overcast clouds,04d
2025-08-01 06:09:30,Thanh Hoa-Thanh Hoa,Thanh Hoa,26.4,26.4,26.4,86.0,26.4,10000.0,2.73,100.0,0.99,1.1,297.0,998.0,1,501,Rain,moderate rain,10d
2025-08-01 06:13:16,Thanh Hoa-Thanh Hoa,Thanh Hoa,26.4,26.4,26.4,86.0,26.4,10000.0,2.73,100.0,0.99,1.1,297.0,998.0,1,501,Rain,moderate rain,10d
2025-08-01 06:17:02,Thanh Hoa-Thanh Hoa,Thanh Hoa,26.4,26.4,26.4,86.0,26.4,10000.0,2.18,100.0,0.99,1.1,297.0,998.0,1,501,Rain,moderate rain,10d
2025-08-01 06:20:47,Thanh Hoa-Thanh Hoa,Thanh Hoa,26.4,26.4,26.4,86.0,26.4,10000.0,2.18,100.0,0.99,1.1,297.0,998.0,1,501,Rain,moderate rain,10d
2025-08-01 06:24:33,Thanh Hoa-Thanh Hoa,Thanh Hoa,26.4,26.4,26.4,86.0,26.4,10000.0,2.18,100.0,0.99,1.1,297.0,998.0,1,501,Rain,moderate rain,10d
2025-08-01 06:28:18,Thanh Hoa-Thanh Hoa,Thanh Hoa,26.4,26.4,26.4,86.0,26.4,10000.0,2.16,100.0,0.99,1.1,297.0,998.0,1,501,Rain,moderate rain,10d
2025-08-01 06:32:05,Thanh Hoa-Thanh Hoa,Thanh Hoa,26.37,26.37,26.37,87.0,26.37,10000.0,2.24,100.0,1.43,1.66,301.0,999.0,1,501,Rain,moderate rain,10d
2025-08-01 06:35:50,Thanh Hoa-Thanh Hoa,Thanh Hoa,26.37,26.37,26.37,87.0,26.37,10000.0,2.11,100.0,1.43,1.66,301.0,999.0,1,501,Rain,moderate rain,10d
2025-08-01 06:39:36,Thanh Hoa-Thanh Hoa,Thanh Hoa,26.37,26.37,26.37,87.0,26.37,10000.0,2.11,100.0,1.43,1.66,301.0,999.0,1,501,Rain,moderate rain,10d
2025-08-01 06:43:21,Thanh Hoa-Thanh Hoa,Thanh Hoa,26.37,26.37,26.37,87.0,26.37,10000.0,4.01,100.0,1.43,1.66,301.0,999.0,1,502,Rain,heavy intensity rain,10d
2025-08-01 06:47:07,Thanh Hoa-Thanh Hoa,Thanh Hoa,26.4,26.4,26.4,87.0,26.4,10000.0,4.21,100.0,1.43,1.66,301.0,999.0,1,502,Rain,heavy intensity rain,10d
2025-08-01 06:50:53,Thanh Hoa-Thanh Hoa,Thanh Hoa,26.4,26.4,26.4,87.0,26.4,10000.0,4.86,100.0,0.58,0.51,275.0,999.0,1,502,Rain,heavy intensity rain,10d
2025-08-01 06:54:39,Thanh Hoa-Thanh Hoa,Thanh Hoa,26.4,26.4,26.4,87.0,26.4,10000.0,4.21,100.0,0.58,0.51,275.0,999.0,1,502,Rain,heavy intensity rain,10d
2025-08-01 06:58:25,Thanh Hoa-Thanh Hoa,Thanh Hoa,26.4,26.4,26.4,87.0,26.4,10000.0,4.21,100.0,0.58,0.51,275.0,999.0,1,502,Rain,heavy intensity rain,10d
2025-08-01 07:02:10,Thanh Hoa-Thanh Hoa,Thanh Hoa,26.4,26.4,26.4,87.0,26.4,10000.0,2.51,100.0,0.58,0.51,275.0,999.0,1,501,Rain,moderate rain,10d
2025-08-01 07:05:56,Thanh Hoa-Thanh Hoa,Thanh Hoa,26.4,26.4,26.4,87.0,26.4,10000.0,1.33,100.0,0.58,0.51,275.0,999.0,1,501,Rain,moderate rain,10d
2025-08-01 07:09:42,Thanh Hoa-Thanh Hoa,Thanh Hoa,26.4,26.4,26.4,87.0,26.4,10000.0,1.33,100.0,0.58,0.51,275.0,999.0,1,501,Rain,moderate rain,10d
2025-08-01 07:13:27,Thanh Hoa-Thanh Hoa,Thanh Hoa,26.4,26.4,26.4,87.0,26.4,10000.0,1.33,100.0,0.58,0.51,275.0,999.0,1,501,Rain,moderate rain,10d
2025-08-01 07:17:13,Thanh Hoa-Thanh Hoa,Thanh Hoa,26.4,26.4,26.4,87.0,26.4,10000.0,2.24,100.0,0.58,0.51,275.0,999.0,1,501,Rain,moderate rain,10d
2025-08-01 07:20:59,Thanh Hoa-Thanh Hoa,Thanh Hoa,26.4,26.4,26.4,87.0,26.4,10000.0,2.24,100.0,0.58,0.51,275.0,999.0,1,501,Rain,moderate rain,10d
2025-08-01 07:24:45,Thanh Hoa-Thanh Hoa,Thanh Hoa,25.92,25.92,25.92,92.0,26.97,10000.0,1.54,100.0,0.58,0.51,275.0,1000.0,1,501,Rain,moderate rain,10d
2025-08-01 07:28:31,Thanh Hoa-Thanh Hoa,Thanh Hoa,25.92,25.92,25.92,92.0,26.97,10000.0,1.54,100.0,0.58,0.51,275.0,1000.0,1,501,Rain,moderate rain,10d
2025-08-01 07:32:17,Thanh Hoa-Thanh Hoa,Thanh Hoa,25.92,25.92,25.92,92.0,26.97,10000.0,1.54,100.0,0.58,0.51,275.0,1000.0,1,501,Rain,moderate rain,10d
2025-08-01 07:36:02,Thanh Hoa-Thanh Hoa,Thanh Hoa,25.92,25.92,25.92,92.0,26.97,10000.0,1.54,100.0,0.58,0.51,275.0,1000.0,1,501,Rain,moderate rain,10d
2025-08-01 07:39:48,Thanh Hoa-Thanh Hoa,Thanh Hoa,26.81,26.81,26.81,89.0,30.11,10000.0,1.0,98.0,0.37,0.4,284.0,1000.0,1,500,Rain,light rain,10d
2025-08-01 07:43:34,Thanh Hoa-Thanh Hoa,Thanh Hoa,26.81,26.81,26.81,89.0,30.11,10000.0,0.8,98.0,0.37,0.4,284.0,1000.0,1,500,Rain,light rain,10d
2025-08-01 07:47:20,Thanh Hoa-Thanh Hoa,Thanh Hoa,26.81,26.81,26.81,89.0,30.11,10000.0,0.0,98.0,0.37,0.4,284.0,1000.0,1,804,Clouds,overcast clouds,04d
2025-08-01 07:51:06,Thanh Hoa-Thanh Hoa,Thanh Hoa,26.81,26.81,26.81,89.0,30.11,10000.0,0.0,98.0,0.37,0.4,284.0,1000.0,1,804,Clouds,overcast clouds,04d
2025-08-01 07:54:51,Thanh Hoa-Thanh Hoa,Thanh Hoa,26.81,26.81,26.81,89.0,30.11,10000.0,0.0,98.0,0.37,0.4,284.0,1000.0,1,804,Clouds,overcast clouds,04d
2025-08-01 07:58:37,Thanh Hoa-Thanh Hoa,Thanh Hoa,26.81,26.81,26.81,89.0,30.11,10000.0,0.0,98.0,0.37,0.4,284.0,1000.0,1,804,Clouds,overcast clouds,04d
2025-08-01 08:02:23,Thanh Hoa-Thanh Hoa,Thanh Hoa,26.81,26.81,26.81,89.0,30.11,10000.0,0.0,98.0,0.37,0.4,284.0,1000.0,1,804,Clouds,overcast clouds,04d
2025-08-01 08:06:09,Thanh Hoa-Thanh Hoa,Thanh Hoa,26.8,26.8,26.8,89.0,30.08,10000.0,0.0,98.0,0.37,0.4,284.0,1000.0,1,804,Clouds,overcast clouds,04d
2025-08-01 08:09:55,Thanh Hoa-Thanh Hoa,Thanh Hoa,26.8,26.8,26.8,89.0,30.08,10000.0,0.0,98.0,0.37,0.4,284.0,1000.0,1,804,Clouds,overcast clouds,04d
2025-08-01 08:13:41,Thanh Hoa-Thanh Hoa,Thanh Hoa,26.8,26.8,26.8,89.0,30.08,10000.0,0.0,98.0,0.37,0.4,284.0,1000.0,1,804,Clouds,overcast clouds,04d
2025-08-01 08:17:27,Thanh Hoa-Thanh Hoa,Thanh Hoa,26.8,26.8,26.8,89.0,30.08,10000.0,0.0,98.0,0.37,0.4,284.0,1000.0,1,804,Clouds,overcast clouds,04d
2025-08-01 08:21:12,Thanh Hoa-Thanh Hoa,Thanh Hoa,26.8,26.8,26.8,89.0,30.08,10000.0,0.0,98.0,0.37,0.4,284.0,1000.0,1,804,Clouds,overcast clouds,04d
2025-08-01 08:24:58,Thanh Hoa-Thanh Hoa,Thanh Hoa,26.8,26.8,26.8,89.0,30.08,10000.0,0.0,98.0,0.37,0.4,284.0,1000.0,1,804,Clouds,overcast clouds,04d
2025-08-01 08:28:44,Thanh Hoa-Thanh Hoa,Thanh Hoa,26.8,26.8,26.8,89.0,30.08,10000.0,0.0,98.0,0.37,0.4,284.0,1000.0,1,804,Clouds,overcast clouds,04d
2025-08-01 08:32:29,Thanh Hoa-Thanh Hoa,Thanh Hoa,26.8,26.8,26.8,89.0,30.08,10000.0,0.0,98.0,0.37,0.4,284.0,1000.0,1,804,Clouds,overcast clouds,04d
2025-08-01 08:36:15,Thanh Hoa-Thanh Hoa,Thanh Hoa,28.83,28.83,28.83,81.0,34.48,10000.0,0.0,99.0,0.93,1.01,296.0,1000.0,1,804,Clouds,overcast clouds,04d
2025-08-01 08:40:01,Thanh Hoa-Thanh Hoa,Thanh Hoa,28.83,28.83,28.83,81.0,34.48,10000.0,0.0,99.0,0.93,1.01,296.0,1000.0,1,804,Clouds,overcast clouds,04d
2025-08-01 08:43:48,Thanh Hoa-Thanh Hoa,Thanh Hoa,28.83,28.83,28.83,81.0,34.48,10000.0,0.0,99.0,0.93,1.01,296.0,1000.0,1,804,Clouds,overcast clouds,04d
2025-08-01 08:47:33,Thanh Hoa-Thanh Hoa,Thanh Hoa,28.83,28.83,28.83,81.0,34.48,10000.0,0.0,99.0,0.93,1.01,296.0,1000.0,1,804,Clouds,overcast clouds,04d
2025-08-01 08:51:19,Thanh Hoa-Thanh Hoa,Thanh Hoa,28.87,28.87,28.87,81.0,34.59,10000.0,0.0,99.0,0.93,1.01,296.0,1000.0,1,804,Clouds,overcast clouds,04d
2025-08-01 08:55:05,Thanh Hoa-Thanh Hoa,Thanh Hoa,28.87,28.87,28.87,81.0,34.59,10000.0,0.0,99.0,0.93,1.01,296.0,1000.0,1,804,Clouds,overcast clouds,04d
2025-08-01 08:58:50,Thanh Hoa-Thanh Hoa,Thanh Hoa,28.87,28.87,28.87,81.0,34.59,10000.0,0.0,99.0,0.93,1.01,296.0,1000.0,1,804,Clouds,overcast clouds,04d
2025-08-01 09:02:36,Thanh Hoa-Thanh Hoa,Thanh Hoa,28.87,28.87,28.87,81.0,34.59,10000.0,0.0,99.0,0.93,1.01,296.0,1000.0,1,804,Clouds,overcast clouds,04d
2025-08-01 09:06:21,Thanh Hoa-Thanh Hoa,Thanh Hoa,28.83,28.83,28.83,81.0,34.48,10000.0,0.0,99.0,0.93,1.01,296.0,1000.0,1,804,Clouds,overcast clouds,04d
2025-08-01 09:10:08,Thanh Hoa-Thanh Hoa,Thanh Hoa,28.83,28.83,28.83,81.0,34.48,10000.0,0.0,99.0,0.93,1.01,296.0,1000.0,1,804,Clouds,overcast clouds,04d
2025-08-01 09:13:53,Thanh Hoa-Thanh Hoa,Thanh Hoa,28.83,28.83,28.83,81.0,34.48,10000.0,0.0,99.0,0.93,1.01,296.0,1000.0,1,804,Clouds,overcast clouds,04d
2025-08-01 09:20:09,Thanh Hoa-Thanh Hoa,Thanh Hoa,28.84,28.84,28.84,81.0,34.51,10000.0,0.0,99.0,0.93,1.01,296.0,1000.0,1,804,Clouds,overcast clouds,04d
2025-08-01 09:23:55,Thanh Hoa-Thanh Hoa,Thanh Hoa,28.84,28.84,28.84,81.0,34.51,10000.0,0.0,99.0,0.93,1.01,296.0,1000.0,1,804,Clouds,overcast clouds,04d
2025-08-01 09:27:41,Thanh Hoa-Thanh Hoa,Thanh Hoa,28.84,28.84,28.84,81.0,34.51,10000.0,0.0,99.0,0.93,1.01,296.0,1000.0,1,804,Clouds,overcast clouds,04d
2025-08-01 09:31:26,Thanh Hoa-Thanh Hoa,Thanh Hoa,28.84,28.84,28.84,81.0,34.51,10000.0,0.0,99.0,0.93,1.01,296.0,1000.0,1,804,Clouds,overcast clouds,04d
2025-08-01 09:35:12,Thanh Hoa-Thanh Hoa,Thanh Hoa,31.21,31.21,31.21,70.0,38.17,10000.0,0.0,99.0,0.74,0.88,314.0,1000.0,1,804,Clouds,overcast clouds,04d
2025-08-01 09:38:58,Thanh Hoa-Thanh Hoa,Thanh Hoa,31.21,31.21,31.21,70.0,38.17,10000.0,0.0,99.0,0.74,0.88,314.0,1000.0,1,804,Clouds,overcast clouds,04d
2025-08-01 09:42:43,Thanh Hoa-Thanh Hoa,Thanh Hoa,31.21,31.21,31.21,70.0,38.17,10000.0,0.0,99.0,0.74,0.88,314.0,1000.0,1,804,Clouds,overcast clouds,04d
2025-08-01 09:46:29,Thanh Hoa-Thanh Hoa,Thanh Hoa,31.27,31.27,31.27,70.0,38.27,10000.0,0.0,99.0,0.74,0.88,314.0,1000.0,1,804,Clouds,overcast clouds,04d
2025-08-01 09:50:15,Thanh Hoa-Thanh Hoa,Thanh Hoa,31.27,31.27,31.27,70.0,38.27,10000.0,0.0,99.0,0.74,0.88,314.0,1000.0,1,804,Clouds,overcast clouds,04d
2025-08-01 09:54:01,Thanh Hoa-Thanh Hoa,Thanh Hoa,31.27,31.27,31.27,70.0,38.27,10000.0,0.0,99.0,0.74,0.88,314.0,1000.0,1,804,Clouds,overcast clouds,04d
2025-08-01 09:57:46,Thanh Hoa-Thanh Hoa,Thanh Hoa,31.27,31.27,31.27,70.0,38.27,10000.0,0.0,99.0,0.74,0.88,314.0,1000.0,1,804,Clouds,overcast clouds,04d
2025-08-01 10:01:32,Thanh Hoa-Thanh Hoa,Thanh Hoa,31.22,31.22,31.22,70.0,38.2,10000.0,0.0,99.0,0.74,0.88,314.0,1000.0,1,804,Clouds,overcast clouds,04d
2025-08-01 10:05:18,Thanh Hoa-Thanh Hoa,Thanh Hoa,31.22,31.22,31.22,70.0,38.2,10000.0,0.0,99.0,0.74,0.88,314.0,1000.0,1,804,Clouds,overcast clouds,04d
2025-08-01 10:09:04,Thanh Hoa-Thanh Hoa,Thanh Hoa,31.22,31.22,31.22,70.0,38.2,10000.0,0.0,99.0,0.74,0.88,314.0,1000.0,1,804,Clouds,overcast clouds,04d
2025-08-01 10:12:49,Thanh Hoa-Thanh Hoa,Thanh Hoa,31.22,31.22,31.22,70.0,38.2,10000.0,0.0,99.0,0.74,0.88,314.0,1000.0,1,804,Clouds,overcast clouds,04d
2025-08-01 10:16:34,Thanh Hoa-Thanh Hoa,Thanh Hoa,31.22,31.22,31.22,70.0,38.2,10000.0,0.0,99.0,0.74,0.88,314.0,1000.0,1,804,Clouds,overcast clouds,04d
2025-08-01 10:20:20,Thanh Hoa-Thanh Hoa,Thanh Hoa,31.23,31.23,31.23,70.0,38.22,10000.0,0.0,99.0,0.74,0.88,314.0,1000.0,1,804,Clouds,overcast clouds,04d
2025-08-01 10:24:06,Thanh Hoa-Thanh Hoa,Thanh Hoa,31.23,31.23,31.23,70.0,38.22,10000.0,0.0,99.0,0.74,0.88,314.0,1000.0,1,804,Clouds,overcast clouds,04d
2025-08-01 10:27:52,Thanh Hoa-Thanh Hoa,Thanh Hoa,31.23,31.23,31.23,70.0,38.22,10000.0,0.0,99.0,0.74,0.88,314.0,1000.0,1,804,Clouds,overcast clouds,04d
2025-08-01 10:31:38,Thanh Hoa-Thanh Hoa,Thanh Hoa,30.83,30.83,30.83,71.0,37.44,10000.0,0.0,99.0,0.96,0.91,307.0,1000.0,1,804,Clouds,overcast clouds,04d
2025-08-01 10:35:24,Thanh Hoa-Thanh Hoa,Thanh Hoa,30.83,30.83,30.83,71.0,37.44,10000.0,0.0,99.0,0.96,0.91,307.0,1000.0,1,804,Clouds,overcast clouds,04d
2025-08-01 10:39:09,Thanh Hoa-Thanh Hoa,Thanh Hoa,30.83,30.83,30.83,71.0,37.44,10000.0,0.0,99.0,0.96,0.91,307.0,1000.0,1,804,Clouds,overcast clouds,04d
2025-08-01 10:42:55,Thanh Hoa-Thanh Hoa,Thanh Hoa,30.83,30.83,30.83,71.0,37.44,10000.0,0.0,99.0,0.96,0.91,307.0,1000.0,1,804,Clouds,overcast clouds,04d
2025-08-01 10:46:41,Thanh Hoa-Thanh Hoa,Thanh Hoa,30.86,30.86,30.86,71.0,37.52,10000.0,0.0,99.0,0.96,0.91,307.0,1000.0,1,804,Clouds,overcast clouds,04d
2025-08-01 10:50:27,Thanh Hoa-Thanh Hoa,Thanh Hoa,30.86,30.86,30.86,71.0,37.52,10000.0,0.0,99.0,0.96,0.91,307.0,1000.0,1,804,Clouds,overcast clouds,04d
2025-08-01 10:54:12,Thanh Hoa-Thanh Hoa,Thanh Hoa,30.86,30.86,30.86,71.0,37.52,10000.0,0.0,99.0,0.96,0.91,307.0,1000.0,1,804,Clouds,overcast clouds,04d
2025-08-01 10:57:58,Thanh Hoa-Thanh Hoa,Thanh Hoa,30.86,30.86,30.86,71.0,37.52,10000.0,0.0,99.0,0.96,0.91,307.0,1000.0,1,804,Clouds,overcast clouds,04d
2025-08-01 11:01:44,Thanh Hoa-Thanh Hoa,Thanh Hoa,30.86,30.86,30.86,71.0,37.52,10000.0,0.0,99.0,0.96,0.91,307.0,1000.0,1,804,Clouds,overcast clouds,04d
2025-08-01 11:05:32,Thanh Hoa-Thanh Hoa,Thanh Hoa,30.84,30.84,30.84,71.0,37.47,10000.0,0.0,99.0,0.96,0.91,307.0,1000.0,1,804,Clouds,overcast clouds,04d
2025-08-01 11:09:18,Thanh Hoa-Thanh Hoa,Thanh Hoa,30.86,30.86,30.86,71.0,37.52,10000.0,0.0,99.0,0.96,0.91,307.0,1000.0,1,804,Clouds,overcast clouds,04d
2025-08-01 11:13:04,Thanh Hoa-Thanh Hoa,Thanh Hoa,30.84,30.84,30.84,71.0,37.47,10000.0,0.0,99.0,0.96,0.91,307.0,1000.0,1,804,Clouds,overcast clouds,04d
2025-08-01 11:16:50,Thanh Hoa-Thanh Hoa,Thanh Hoa,30.84,30.84,30.84,71.0,37.47,10000.0,0.0,99.0,0.96,0.91,307.0,1000.0,1,804,Clouds,overcast clouds,04d
2025-08-01 11:20:36,Thanh Hoa-Thanh Hoa,Thanh Hoa,30.84,30.84,30.84,71.0,37.47,10000.0,0.0,99.0,0.96,0.91,307.0,1000.0,1,804,Clouds,overcast clouds,04d
2025-08-01 11:24:21,Thanh Hoa-Thanh Hoa,Thanh Hoa,30.84,30.84,30.84,71.0,37.47,10000.0,0.0,99.0,0.96,0.91,307.0,1000.0,1,804,Clouds,overcast clouds,04d
2025-08-01 11:28:07,Thanh Hoa-Thanh Hoa,Thanh Hoa,30.84,30.84,30.84,71.0,37.47,10000.0,0.0,99.0,0.96,0.91,307.0,1000.0,1,804,Clouds,overcast clouds,04d
2025-08-01 11:31:53,Thanh Hoa-Thanh Hoa,Thanh Hoa,31.51,31.51,31.51,69.0,38.51,10000.0,0.0,99.0,1.01,1.21,345.0,999.0,1,804,Clouds,overcast clouds,04d
2025-08-01 11:35:39,Thanh Hoa-Thanh Hoa,Thanh Hoa,31.51,31.51,31.51,69.0,38.51,10000.0,0.0,99.0,1.01,1.21,345.0,999.0,1,804,Clouds,overcast clouds,04d
2025-08-01 11:39:25,Thanh Hoa-Thanh Hoa,Thanh Hoa,31.51,31.51,31.51,69.0,38.51,10000.0,0.0,99.0,1.01,1.21,345.0,999.0,1,804,Clouds,overcast clouds,04d
2025-08-01 11:43:11,Thanh Hoa-Thanh Hoa,Thanh Hoa,31.51,31.51,31.51,69.0,38.51,10000.0,0.0,99.0,1.01,1.21,345.0,999.0,1,804,Clouds,overcast clouds,04d
2025-08-01 11:46:57,Thanh Hoa-Thanh Hoa,Thanh Hoa,31.48,31.48,31.48,69.0,38.48,10000.0,0.0,99.0,1.01,1.21,345.0,999.0,1,804,Clouds,overcast clouds,04d
2025-08-01 11:50:42,Thanh Hoa-Thanh Hoa,Thanh Hoa,31.48,31.48,31.48,69.0,38.48,10000.0,0.0,99.0,1.01,1.21,345.0,999.0,1,804,Clouds,overcast clouds,04d
2025-08-01 11:54:28,Thanh Hoa-Thanh Hoa,Thanh Hoa,31.48,31.48,31.48,69.0,38.48,10000.0,0.0,99.0,1.01,1.21,345.0,999.0,1,804,Clouds,overcast clouds,04d
2025-08-01 11:58:14,Thanh Hoa-Thanh Hoa,Thanh Hoa,31.48,31.48,31.48,69.0,38.48,10000.0,0.0,99.0,1.01,1.21,345.0,999.0,1,804,Clouds,overcast clouds,04d
2025-08-01 12:01:59,Thanh Hoa-Thanh Hoa,Thanh Hoa,31.48,31.48,31.48,69.0,38.48,10000.0,0.0,99.0,1.01,1.21,345.0,999.0,1,804,Clouds,overcast clouds,04d
2025-08-01 12:05:44,Thanh Hoa-Thanh Hoa,Thanh Hoa,31.48,31.48,31.48,69.0,38.48,10000.0,0.0,99.0,1.01,1.21,345.0,999.0,1,804,Clouds,overcast clouds,04d
2025-08-01 12:09:30,Thanh Hoa-Thanh Hoa,Thanh Hoa,31.47,31.47,31.47,69.0,38.47,10000.0,0.0,99.0,1.01,1.21,345.0,999.0,1,804,Clouds,overcast clouds,04d
2025-08-01 12:13:16,Thanh Hoa-Thanh Hoa,Thanh Hoa,31.47,31.47,31.47,69.0,38.47,10000.0,0.0,99.0,1.01,1.21,345.0,999.0,1,804,Clouds,overcast clouds,04d
2025-08-01 12:17:01,Thanh Hoa-Thanh Hoa,Thanh Hoa,31.47,31.47,31.47,69.0,38.47,10000.0,0.0,99.0,1.01,1.21,345.0,999.0,1,804,Clouds,overcast clouds,04d
2025-08-01 12:20:47,Thanh Hoa-Thanh Hoa,Thanh Hoa,31.47,31.47,31.47,69.0,38.47,10000.0,0.0,99.0,1.01,1.21,345.0,999.0,1,804,Clouds,overcast clouds,04d
2025-08-01 12:24:32,Thanh Hoa-Thanh Hoa,Thanh Hoa,31.47,31.47,31.47,69.0,38.47,10000.0,0.0,99.0,1.01,1.21,345.0,999.0,1,804,Clouds,overcast clouds,04d
2025-08-01 12:28:18,Thanh Hoa-Thanh Hoa,Thanh Hoa,31.47,31.47,31.47,69.0,38.47,10000.0,0.0,99.0,1.01,1.21,345.0,999.0,1,804,Clouds,overcast clouds,04d
2025-08-01 12:32:04,Thanh Hoa-Thanh Hoa,Thanh Hoa,31.47,31.47,31.47,69.0,38.47,10000.0,0.0,99.0,1.01,1.21,345.0,999.0,1,804,Clouds,overcast clouds,04d
2025-08-01 12:35:50,Thanh Hoa-Thanh Hoa,Thanh Hoa,33.66,33.66,33.66,61.0,40.66,10000.0,0.0,98.0,1.14,1.36,19.0,999.0,1,804,Clouds,overcast clouds,04d
2025-08-01 12:39:36,Thanh Hoa-Thanh Hoa,Thanh Hoa,33.66,33.66,33.66,61.0,40.66,10000.0,0.0,98.0,1.14,1.36,19.0,999.0,1,804,Clouds,overcast clouds,04d
2025-08-01 12:43:21,Thanh Hoa-Thanh Hoa,Thanh Hoa,33.66,33.66,33.66,61.0,40.66,10000.0,0.0,98.0,1.14,1.36,19.0,999.0,1,804,Clouds,overcast clouds,04d
2025-08-01 12:47:07,Thanh Hoa-Thanh Hoa,Thanh Hoa,33.66,33.66,33.66,61.0,40.66,10000.0,0.0,98.0,1.14,1.36,19.0,999.0,1,804,Clouds,overcast clouds,04d
2025-08-01 12:50:52,Thanh Hoa-Thanh Hoa,Thanh Hoa,33.66,33.66,33.66,61.0,40.66,10000.0,0.0,98.0,1.08,1.07,106.0,999.0,1,804,Clouds,overcast clouds,04d
2025-08-01 12:54:38,Thanh Hoa-Thanh Hoa,Thanh Hoa,33.66,33.66,33.66,61.0,40.66,10000.0,0.0,98.0,1.08,1.07,106.0,999.0,1,804,Clouds,overcast clouds,04d
2025-08-01 12:58:24,Thanh Hoa-Thanh Hoa,Thanh Hoa,33.66,33.66,33.66,61.0,40.66,10000.0,0.0,98.0,1.08,1.07,106.0,999.0,1,804,Clouds,overcast clouds,04d
2025-08-01 13:02:10,Thanh Hoa-Thanh Hoa,Thanh Hoa,33.66,33.66,33.66,61.0,40.66,10000.0,0.0,98.0,1.08,1.07,106.0,999.0,1,804,Clouds,overcast clouds,04d
2025-08-01 13:05:55,Thanh Hoa-Thanh Hoa,Thanh Hoa,33.66,33.66,33.66,61.0,40.66,10000.0,0.0,98.0,1.08,1.07,106.0,999.0,1,804,Clouds,overcast clouds,04d
2025-08-01 13:09:41,Thanh Hoa-Thanh Hoa,Thanh Hoa,33.85,33.85,33.85,61.0,40.85,10000.0,0.0,98.0,1.08,1.07,106.0,998.0,1,804,Clouds,overcast clouds,04d
2025-08-01 13:13:27,Thanh Hoa-Thanh Hoa,Thanh Hoa,33.85,33.85,33.85,61.0,40.85,10000.0,0.0,98.0,1.08,1.07,106.0,998.0,1,804,Clouds,overcast clouds,04d
2025-08-01 13:17:15,Thanh Hoa-Thanh Hoa,Thanh Hoa,33.86,33.86,33.86,61.0,40.86,10000.0,0.0,98.0,1.08,1.07,106.0,998.0,1,804,Clouds,overcast clouds,04d
2025-08-01 13:21:05,Thanh Hoa-Thanh Hoa,Thanh Hoa,33.85,33.85,33.85,61.0,40.85,10000.0,0.0,98.0,1.08,1.07,106.0,998.0,1,804,Clouds,overcast clouds,04d
2025-08-01 13:24:56,Thanh Hoa-Thanh Hoa,Thanh Hoa,33.86,33.86,33.86,61.0,40.86,10000.0,0.0,98.0,1.08,1.07,106.0,998.0,1,804,Clouds,overcast clouds,04d
2025-08-01 13:28:45,Thanh Hoa-Thanh Hoa,Thanh Hoa,33.86,33.86,33.86,61.0,40.86,10000.0,0.0,98.0,1.08,1.07,106.0,998.0,1,804,Clouds,overcast clouds,04d
2025-08-01 13:32:35,Thanh Hoa-Thanh Hoa,Thanh Hoa,33.2,33.2,33.2,68.0,40.2,2803.0,0.0,97.0,1.05,1.36,95.0,997.0,1,804,Clouds,overcast clouds,04d
2025-08-01 13:36:24,Thanh Hoa-Thanh Hoa,Thanh Hoa,33.2,33.2,33.2,68.0,40.2,2803.0,0.0,97.0,1.05,1.36,95.0,997.0,1,804,Clouds,overcast clouds,04d
2025-08-01 13:40:13,Thanh Hoa-Thanh Hoa,Thanh Hoa,33.2,33.2,33.2,68.0,40.2,2803.0,0.0,97.0,1.05,1.36,95.0,997.0,1,804,Clouds,overcast clouds,04d
2025-08-01 13:44:03,Thanh Hoa-Thanh Hoa,Thanh Hoa,33.2,33.2,33.2,68.0,40.2,2803.0,0.0,97.0,1.05,1.36,95.0,997.0,1,804,Clouds,overcast clouds,04d
2025-08-01 13:47:53,Thanh Hoa-Thanh Hoa,Thanh Hoa,33.2,33.2,33.2,68.0,40.2,2803.0,0.0,97.0,1.05,1.36,95.0,997.0,1,804,Clouds,overcast clouds,04d
2025-08-01 13:51:42,Thanh Hoa-Thanh Hoa,Thanh Hoa,33.2,33.2,33.2,68.0,40.2,2803.0,0.0,97.0,1.05,1.36,95.0,997.0,1,804,Clouds,overcast clouds,04d
2025-08-01 13:55:31,Thanh Hoa-Thanh Hoa,Thanh Hoa,33.2,33.2,33.2,68.0,40.2,2803.0,0.0,97.0,1.05,1.36,95.0,997.0,1,804,Clouds,overcast clouds,04d
2025-08-01 13:59:20,Thanh Hoa-Thanh Hoa,Thanh Hoa,33.2,33.2,33.2,68.0,40.2,2803.0,0.0,97.0,1.05,1.36,95.0,997.0,1,804,Clouds,overcast clouds,04d
2025-08-01 14:03:10,Thanh Hoa-Thanh Hoa,Thanh Hoa,33.19,33.19,33.19,68.0,40.19,2803.0,0.0,97.0,1.05,1.36,95.0,997.0,1,804,Clouds,overcast clouds,04d
2025-08-01 14:07:00,Thanh Hoa-Thanh Hoa,Thanh Hoa,33.19,33.19,33.19,68.0,40.19,2803.0,0.0,97.0,1.05,1.36,95.0,997.0,1,804,Clouds,overcast clouds,04d
2025-08-01 14:10:50,Thanh Hoa-Thanh Hoa,Thanh Hoa,33.19,33.19,33.19,68.0,40.19,2803.0,0.0,97.0,1.05,1.36,95.0,997.0,1,804,Clouds,overcast clouds,04d
2025-08-01 14:14:39,Thanh Hoa-Thanh Hoa,Thanh Hoa,33.19,33.19,33.19,68.0,40.19,2803.0,0.0,97.0,1.05,1.36,95.0,997.0,1,804,Clouds,overcast clouds,04d
2025-08-01 14:18:28,Thanh Hoa-Thanh Hoa,Thanh Hoa,33.19,33.19,33.19,68.0,40.19,2803.0,0.0,97.0,1.05,1.36,95.0,997.0,1,804,Clouds,overcast clouds,04d
2025-08-01 14:22:18,Thanh Hoa-Thanh Hoa,Thanh Hoa,33.19,33.19,33.19,68.0,40.19,2803.0,0.0,97.0,1.05,1.36,95.0,997.0,1,804,Clouds,overcast clouds,04d
2025-08-01 14:26:08,Thanh Hoa-Thanh Hoa,Thanh Hoa,33.19,33.19,33.19,68.0,40.19,2803.0,0.0,97.0,1.05,1.36,95.0,997.0,1,804,Clouds,overcast clouds,04d
2025-08-01 14:29:57,Thanh Hoa-Thanh Hoa,Thanh Hoa,33.19,33.19,33.19,68.0,40.19,2803.0,0.0,97.0,1.05,1.36,95.0,997.0,1,804,Clouds,overcast clouds,04d
2025-08-01 14:33:46,Thanh Hoa-Thanh Hoa,Thanh Hoa,31.75,31.75,31.75,76.0,38.75,7815.0,0.0,99.0,2.73,1.38,44.0,997.0,1,804,Clouds,overcast clouds,04d
2025-08-01 14:37:34,Thanh Hoa-Thanh Hoa,Thanh Hoa,31.75,31.75,31.75,76.0,38.75,7815.0,0.0,99.0,2.73,1.38,44.0,997.0,1,804,Clouds,overcast clouds,04d
2025-08-01 14:41:24,Thanh Hoa-Thanh Hoa,Thanh Hoa,31.75,31.75,31.75,76.0,38.75,7815.0,0.0,99.0,2.73,1.38,44.0,997.0,1,804,Clouds,overcast clouds,04d
2025-08-01 14:45:14,Thanh Hoa-Thanh Hoa,Thanh Hoa,31.75,31.75,31.75,76.0,38.75,7815.0,0.0,99.0,2.73,1.38,44.0,997.0,1,804,Clouds,overcast clouds,04d
2025-08-01 14:49:03,Thanh Hoa-Thanh Hoa,Thanh Hoa,31.75,31.75,31.75,76.0,38.75,7815.0,0.0,99.0,2.73,1.38,44.0,997.0,1,804,Clouds,overcast clouds,04d
2025-08-01 14:52:53,Thanh Hoa-Thanh Hoa,Thanh Hoa,31.75,31.75,31.75,76.0,38.75,7815.0,0.0,99.0,2.73,1.38,44.0,997.0,1,804,Clouds,overcast clouds,04d
2025-08-01 14:56:42,Thanh Hoa-Thanh Hoa,Thanh Hoa,31.75,31.75,31.75,76.0,38.75,7815.0,0.0,99.0,2.73,1.38,44.0,997.0,1,804,Clouds,overcast clouds,04d
2025-08-01 15:00:31,Thanh Hoa-Thanh Hoa,Thanh Hoa,31.75,31.75,31.75,76.0,38.75,7815.0,0.0,99.0,2.73,1.38,44.0,997.0,1,804,Clouds,overcast clouds,04d
2025-08-01 15:04:20,Thanh Hoa-Thanh Hoa,Thanh Hoa,31.75,31.75,31.75,76.0,38.75,7815.0,0.0,99.0,2.73,1.38,44.0,997.0,1,804,Clouds,overcast clouds,04d
2025-08-01 15:08:09,Thanh Hoa-Thanh Hoa,Thanh Hoa,31.75,31.75,31.75,76.0,38.75,7815.0,0.0,99.0,2.73,1.38,44.0,997.0,1,804,Clouds,overcast clouds,04d
2025-08-01 15:12:00,Thanh Hoa-Thanh Hoa,Thanh Hoa,31.75,31.75,31.75,76.0,38.75,7815.0,0.0,99.0,2.73,1.38,44.0,997.0,1,804,Clouds,overcast clouds,04d
2025-08-01 15:15:50,Thanh Hoa-Thanh Hoa,Thanh Hoa,31.75,31.75,31.75,76.0,38.75,7815.0,0.0,99.0,2.73,1.38,44.0,997.0,1,804,Clouds,overcast clouds,04d
2025-08-01 15:19:40,Thanh Hoa-Thanh Hoa,Thanh Hoa,31.75,31.75,31.75,76.0,38.75,7815.0,0.0,99.0,2.73,1.38,44.0,997.0,1,804,Clouds,overcast clouds,04d
2025-08-01 15:23:30,Thanh Hoa-Thanh Hoa,Thanh Hoa,31.75,31.75,31.75,76.0,38.75,7815.0,0.0,99.0,2.73,1.38,44.0,997.0,1,804,Clouds,overcast clouds,04d
2025-08-01 15:27:20,Thanh Hoa-Thanh Hoa,Thanh Hoa,31.75,31.75,31.75,76.0,38.75,7815.0,0.0,99.0,2.73,1.38,44.0,997.0,1,804,Clouds,overcast clouds,04d
2025-08-01 15:31:10,Thanh Hoa-Thanh Hoa,Thanh Hoa,28.87,28.87,28.87,90.0,35.87,583.0,0.13,100.0,1.73,3.64,348.0,997.0,1,500,Rain,light rain,10d
2025-08-01 15:35:01,Thanh Hoa-Thanh Hoa,Thanh Hoa,28.87,28.87,28.87,90.0,35.87,583.0,0.13,100.0,1.73,3.64,348.0,997.0,1,500,Rain,light rain,10d
2025-08-01 15:38:51,Thanh Hoa-Thanh Hoa,Thanh Hoa,28.87,28.87,28.87,90.0,35.87,583.0,0.21,100.0,1.73,3.64,348.0,997.0,1,500,Rain,light rain,10d
2025-08-01 15:42:40,Thanh Hoa-Thanh Hoa,Thanh Hoa,28.87,28.87,28.87,90.0,35.87,583.0,0.18,100.0,1.73,3.64,348.0,997.0,1,500,Rain,light rain,10d
2025-08-01 15:46:30,Thanh Hoa-Thanh Hoa,Thanh Hoa,28.87,28.87,28.87,90.0,35.87,583.0,0.18,100.0,1.73,3.64,348.0,997.0,1,500,Rain,light rain,10d
2025-08-01 15:50:20,Thanh Hoa-Thanh Hoa,Thanh Hoa,28.83,28.83,28.83,90.0,35.83,583.0,0.0,100.0,1.73,3.64,348.0,997.0,1,804,Clouds,overcast clouds,04d
2025-08-01 15:54:09,Thanh Hoa-Thanh Hoa,Thanh Hoa,28.83,28.83,28.83,90.0,35.83,583.0,0.0,100.0,1.73,3.64,348.0,997.0,1,804,Clouds,overcast clouds,04d
2025-08-01 15:57:59,Thanh Hoa-Thanh Hoa,Thanh Hoa,28.83,28.83,28.83,90.0,35.83,583.0,0.0,100.0,1.73,3.64,348.0,997.0,1,804,Clouds,overcast clouds,04d
2025-08-01 16:01:49,Thanh Hoa-Thanh Hoa,Thanh Hoa,28.84,28.84,28.84,90.0,35.84,583.0,0.0,100.0,1.73,3.64,348.0,997.0,1,804,Clouds,overcast clouds,04d
2025-08-01 16:05:38,Thanh Hoa-Thanh Hoa,Thanh Hoa,28.84,28.84,28.84,90.0,35.84,583.0,0.0,100.0,1.73,3.64,348.0,997.0,1,804,Clouds,overcast clouds,04d
2025-08-01 16:09:28,Thanh Hoa-Thanh Hoa,Thanh Hoa,28.84,28.84,28.84,90.0,35.84,583.0,0.0,100.0,1.73,3.64,348.0,997.0,1,804,Clouds,overcast clouds,04d
2025-08-01 16:13:17,Thanh Hoa-Thanh Hoa,Thanh Hoa,28.84,28.84,28.84,90.0,35.84,583.0,0.0,100.0,1.73,3.64,348.0,997.0,1,804,Clouds,overcast clouds,04d
2025-08-01 16:17:07,Thanh Hoa-Thanh Hoa,Thanh Hoa,28.84,28.84,28.84,90.0,35.84,583.0,0.0,100.0,1.73,3.64,348.0,997.0,1,804,Clouds,overcast clouds,04d
2025-08-01 16:20:56,Thanh Hoa-Thanh Hoa,Thanh Hoa,28.83,28.83,28.83,90.0,35.83,583.0,0.0,100.0,1.73,3.64,348.0,997.0,1,804,Clouds,overcast clouds,04d
2025-08-01 16:24:45,Thanh Hoa-Thanh Hoa,Thanh Hoa,28.83,28.83,28.83,90.0,35.83,583.0,0.0,100.0,1.73,3.64,348.0,997.0,1,804,Clouds,overcast clouds,04d
2025-08-01 16:28:34,Thanh Hoa-Thanh Hoa,Thanh Hoa,28.83,28.83,28.83,90.0,35.83,583.0,0.0,100.0,1.73,3.64,348.0,997.0,1,804,Clouds,overcast clouds,04d
2025-08-01 16:32:24,Thanh Hoa-Thanh Hoa,Thanh Hoa,28.83,28.83,28.83,90.0,35.83,583.0,0.0,100.0,1.73,3.64,348.0,997.0,1,804,Clouds,overcast clouds,04d
2025-08-01 16:36:12,Thanh Hoa-Thanh Hoa,Thanh Hoa,26.28,26.28,26.28,99.0,26.28,1698.0,0.0,100.0,1.19,3.7,294.0,995.0,1,804,Clouds,overcast clouds,04d
2025-08-01 16:40:01,Thanh Hoa-Thanh Hoa,Thanh Hoa,26.28,26.28,26.28,99.0,26.28,1698.0,0.0,100.0,1.19,3.7,294.0,995.0,1,804,Clouds,overcast clouds,04d
2025-08-01 16:43:52,Thanh Hoa-Thanh Hoa,Thanh Hoa,26.28,26.28,26.28,99.0,26.28,1698.0,0.0,100.0,1.19,3.7,294.0,995.0,1,804,Clouds,overcast clouds,04d
2025-08-01 16:47:43,Thanh Hoa-Thanh Hoa,Thanh Hoa,26.28,26.28,26.28,99.0,26.28,1698.0,0.0,100.0,1.19,3.7,294.0,995.0,1,804,Clouds,overcast clouds,04d
2025-08-01 16:51:32,Thanh Hoa-Thanh Hoa,Thanh Hoa,26.28,26.28,26.28,99.0,26.28,1698.0,0.0,100.0,1.19,3.7,294.0,995.0,1,804,Clouds,overcast clouds,04d
2025-08-01 16:55:22,Thanh Hoa-Thanh Hoa,Thanh Hoa,26.28,26.28,26.28,99.0,26.28,1698.0,0.0,100.0,1.19,3.7,294.0,995.0,1,804,Clouds,overcast clouds,04d
2025-08-01 16:59:11,Thanh Hoa-Thanh Hoa,Thanh Hoa,26.28,26.28,26.28,99.0,26.28,1698.0,0.0,100.0,1.19,3.7,294.0,995.0,1,804,Clouds,overcast clouds,04d
2025-08-01 17:03:01,Thanh Hoa-Thanh Hoa,Thanh Hoa,26.28,26.28,26.28,99.0,26.28,1698.0,0.0,100.0,1.19,3.7,294.0,995.0,1,804,Clouds,overcast clouds,04d
2025-08-01 17:06:52,Thanh Hoa-Thanh Hoa,Thanh Hoa,26.29,26.29,26.29,99.0,26.29,1698.0,0.0,100.0,1.19,3.7,294.0,995.0,1,804,Clouds,overcast clouds,04d
2025-08-01 17:10:41,Thanh Hoa-Thanh Hoa,Thanh Hoa,26.29,26.29,26.29,99.0,26.29,1698.0,0.0,100.0,1.19,3.7,294.0,995.0,1,804,Clouds,overcast clouds,04d
2025-08-01 17:14:30,Thanh Hoa-Thanh Hoa,Thanh Hoa,26.29,26.29,26.29,99.0,26.29,1698.0,0.0,100.0,1.19,3.7,294.0,995.0,1,804,Clouds,overcast clouds,04d
2025-08-01 17:18:21,Thanh Hoa-Thanh Hoa,Thanh Hoa,26.29,26.29,26.29,99.0,26.29,1698.0,0.0,100.0,1.19,3.7,294.0,995.0,1,804,Clouds,overcast clouds,04d
2025-08-01 17:22:12,Thanh Hoa-Thanh Hoa,Thanh Hoa,26.29,26.29,26.29,99.0,26.29,1698.0,0.0,100.0,1.19,3.7,294.0,995.0,1,804,Clouds,overcast clouds,04d
2025-08-01 17:26:01,Thanh Hoa-Thanh Hoa,Thanh Hoa,26.27,26.27,26.27,99.0,26.27,1698.0,0.0,100.0,1.19,3.7,294.0,995.0,1,804,Clouds,overcast clouds,04d
2025-08-01 17:29:51,Thanh Hoa-Thanh Hoa,Thanh Hoa,26.27,26.27,26.27,99.0,26.27,1698.0,0.0,100.0,1.19,3.7,294.0,995.0,1,804,Clouds,overcast clouds,04d
2025-08-01 17:33:40,Thanh Hoa-Thanh Hoa,Thanh Hoa,26.27,26.27,26.27,99.0,26.27,1698.0,0.0,100.0,1.19,3.7,294.0,995.0,1,804,Clouds,overcast clouds,04d
2025-08-01 17:37:29,Thanh Hoa-Thanh Hoa,Thanh Hoa,26.08,26.08,26.08,96.0,26.08,7210.0,0.11,100.0,3.51,5.76,71.0,998.0,1,500,Rain,light rain,10d
2025-08-01 17:41:19,Thanh Hoa-Thanh Hoa,Thanh Hoa,26.08,26.08,26.08,96.0,26.08,7210.0,0.15,100.0,3.51,5.76,71.0,998.0,1,500,Rain,light rain,10d
2025-08-01 17:45:08,Thanh Hoa-Thanh Hoa,Thanh Hoa,26.08,26.08,26.08,96.0,26.08,7210.0,0.15,100.0,3.51,5.76,71.0,998.0,1,500,Rain,light rain,10d
2025-08-01 17:48:58,Thanh Hoa-Thanh Hoa,Thanh Hoa,26.08,26.08,26.08,96.0,26.08,7210.0,0.15,100.0,3.51,5.76,71.0,998.0,1,500,Rain,light rain,10d
2025-08-01 17:52:48,Thanh Hoa-Thanh Hoa,Thanh Hoa,26.08,26.08,26.08,96.0,26.08,7210.0,0.15,100.0,3.51,5.76,71.0,998.0,1,500,Rain,light rain,10d
2025-08-01 17:56:38,Thanh Hoa-Thanh Hoa,Thanh Hoa,26.08,26.08,26.08,96.0,26.08,7210.0,0.0,100.0,3.51,5.76,71.0,998.0,1,804,Clouds,overcast clouds,04d
2025-08-01 18:00:27,Thanh Hoa-Thanh Hoa,Thanh Hoa,26.08,26.08,26.08,96.0,26.08,7210.0,0.0,100.0,3.51,5.76,71.0,998.0,1,804,Clouds,overcast clouds,04d
2025-08-01 18:04:16,Thanh Hoa-Thanh Hoa,Thanh Hoa,26.09,26.09,26.09,96.0,26.09,7210.0,0.0,100.0,3.51,5.76,71.0,998.0,1,804,Clouds,overcast clouds,04d
2025-08-01 18:08:06,Thanh Hoa-Thanh Hoa,Thanh Hoa,26.09,26.09,26.09,96.0,26.09,7210.0,0.0,100.0,3.51,5.76,71.0,998.0,1,804,Clouds,overcast clouds,04d
2025-08-01 18:11:55,Thanh Hoa-Thanh Hoa,Thanh Hoa,26.09,26.09,26.09,96.0,26.09,7210.0,0.0,100.0,3.51,5.76,71.0,998.0,1,804,Clouds,overcast clouds,04d
2025-08-01 18:15:43,Thanh Hoa-Thanh Hoa,Thanh Hoa,26.09,26.09,26.09,96.0,26.09,7210.0,0.0,100.0,3.51,5.76,71.0,998.0,1,804,Clouds,overcast clouds,04d
2025-08-01 18:19:33,Thanh Hoa-Thanh Hoa,Thanh Hoa,26.07,26.07,26.07,96.0,26.07,7210.0,5.62,100.0,3.51,5.76,71.0,998.0,1,502,Rain,heavy intensity rain,10d
2025-08-01 18:23:22,Thanh Hoa-Thanh Hoa,Thanh Hoa,26.07,26.07,26.07,96.0,26.07,7210.0,6.14,100.0,3.51,5.76,71.0,998.0,1,502,Rain,heavy intensity rain,10d
2025-08-01 18:27:11,Thanh Hoa-Thanh Hoa,Thanh Hoa,26.07,26.07,26.07,96.0,26.07,7210.0,5.62,100.0,3.51,5.76,71.0,998.0,1,502,Rain,heavy intensity rain,10d
2025-08-01 18:31:01,Thanh Hoa-Thanh Hoa,Thanh Hoa,25.14,25.14,25.14,96.0,26.22,10000.0,6.68,100.0,1.54,2.82,104.0,999.0,1,502,Rain,heavy intensity rain,10d
2025-08-01 18:34:52,Thanh Hoa-Thanh Hoa,Thanh Hoa,25.16,25.16,25.16,96.0,26.24,10000.0,7.49,100.0,1.54,2.82,104.0,999.0,0,502,Rain,heavy intensity rain,10n
2025-08-01 18:38:45,Thanh Hoa-Thanh Hoa,Thanh Hoa,25.16,25.16,25.16,96.0,26.24,10000.0,7.49,100.0,1.54,2.82,104.0,999.0,0,502,Rain,heavy intensity rain,10n
2025-08-01 18:42:37,Thanh Hoa-Thanh Hoa,Thanh Hoa,25.16,25.16,25.16,96.0,26.24,10000.0,4.21,100.0,1.1,1.97,148.0,999.0,0,502,Rain,heavy intensity rain,10n
2025-08-01 18:46:28,Thanh Hoa-Thanh Hoa,Thanh Hoa,25.16,25.16,25.16,96.0,26.24,10000.0,3.65,100.0,1.1,1.97,148.0,999.0,0,501,Rain,moderate rain,10n
2025-08-01 18:50:18,Thanh Hoa-Thanh Hoa,Thanh Hoa,25.16,25.16,25.16,96.0,26.24,10000.0,3.65,100.0,1.1,1.97,148.0,999.0,0,501,Rain,moderate rain,10n
2025-08-01 18:54:09,Thanh Hoa-Thanh Hoa,Thanh Hoa,25.16,25.16,25.16,96.0,26.24,10000.0,3.65,100.0,1.1,1.97,148.0,999.0,0,501,Rain,moderate rain,10n
2025-08-01 18:57:59,Thanh Hoa-Thanh Hoa,Thanh Hoa,25.16,25.16,25.16,96.0,26.24,10000.0,3.16,100.0,1.1,1.97,148.0,999.0,0,501,Rain,moderate rain,10n
2025-08-01 19:01:48,Thanh Hoa-Thanh Hoa,Thanh Hoa,25.16,25.16,25.16,96.0,26.24,10000.0,3.16,100.0,1.1,1.97,148.0,999.0,0,501,Rain,moderate rain,10n
2025-08-01 19:05:38,Thanh Hoa-Thanh Hoa,Thanh Hoa,25.16,25.16,25.16,96.0,26.24,10000.0,3.16,100.0,1.1,1.97,148.0,999.0,0,501,Rain,moderate rain,10n
2025-08-01 19:09:27,Thanh Hoa-Thanh Hoa,Thanh Hoa,25.16,25.16,25.16,96.0,26.24,10000.0,3.16,100.0,1.1,1.97,148.0,999.0,0,501,Rain,moderate rain,10n
2025-08-01 19:13:17,Thanh Hoa-Thanh Hoa,Thanh Hoa,25.16,25.16,25.16,96.0,26.24,10000.0,3.16,100.0,1.1,1.97,148.0,999.0,0,501,Rain,moderate rain,10n
2025-08-01 19:17:08,Thanh Hoa-Thanh Hoa,Thanh Hoa,26.15,26.15,26.15,96.0,26.15,10000.0,2.73,100.0,1.1,1.97,148.0,1000.0,0,501,Rain,moderate rain,10n
2025-08-01 19:20:56,Thanh Hoa-Thanh Hoa,Thanh Hoa,26.15,26.15,26.15,96.0,26.15,10000.0,2.73,100.0,1.1,1.97,148.0,1000.0,0,501,Rain,moderate rain,10n
2025-08-01 19:24:41,Thanh Hoa-Thanh Hoa,Thanh Hoa,26.15,26.15,26.15,96.0,26.15,10000.0,2.73,100.0,1.1,1.97,148.0,1000.0,0,501,Rain,moderate rain,10n
2025-08-01 19:30:33,Thanh Hoa-Thanh Hoa,Thanh Hoa,26.15,26.15,26.15,96.0,26.15,10000.0,2.73,100.0,1.1,1.97,148.0,1000.0,0,501,Rain,moderate rain,10n
2025-08-01 19:34:19,Thanh Hoa-Thanh Hoa,Thanh Hoa,26.09,26.09,26.09,95.0,26.09,10000.0,1.78,100.0,0.75,0.93,268.0,1000.0,0,501,Rain,moderate rain,10n
2025-08-01 19:38:05,Thanh Hoa-Thanh Hoa,Thanh Hoa,26.09,26.09,26.09,95.0,26.09,10000.0,1.78,100.0,0.75,0.93,268.0,1000.0,0,501,Rain,moderate rain,10n
2025-08-01 19:41:50,Thanh Hoa-Thanh Hoa,Thanh Hoa,26.09,26.09,26.09,95.0,26.09,10000.0,1.78,100.0,0.75,0.93,268.0,1000.0,0,501,Rain,moderate rain,10n
2025-08-01 19:45:36,Thanh Hoa-Thanh Hoa,Thanh Hoa,26.09,26.09,26.09,95.0,26.09,10000.0,0.87,100.0,0.75,0.93,268.0,1000.0,0,500,Rain,light rain,10n
2025-08-01 19:49:22,Thanh Hoa-Thanh Hoa,Thanh Hoa,26.09,26.09,26.09,95.0,26.09,10000.0,0.87,100.0,0.75,0.93,268.0,1000.0,0,500,Rain,light rain,10n
2025-08-01 19:53:07,Thanh Hoa-Thanh Hoa,Thanh Hoa,26.09,26.09,26.09,95.0,26.09,10000.0,0.75,100.0,0.75,0.93,268.0,1000.0,0,500,Rain,light rain,10n
2025-08-01 19:56:53,Thanh Hoa-Thanh Hoa,Thanh Hoa,26.09,26.09,26.09,95.0,26.09,10000.0,0.75,100.0,0.75,0.93,268.0,1000.0,0,500,Rain,light rain,10n
2025-08-01 20:00:39,Thanh Hoa-Thanh Hoa,Thanh Hoa,26.09,26.09,26.09,95.0,26.09,10000.0,0.75,100.0,0.75,0.93,268.0,1000.0,0,500,Rain,light rain,10n
2025-08-01 20:04:25,Thanh Hoa-Thanh Hoa,Thanh Hoa,26.11,26.11,26.11,95.0,26.11,10000.0,0.56,100.0,0.75,0.93,268.0,1000.0,0,500,Rain,light rain,10n
2025-08-01 20:08:11,Thanh Hoa-Thanh Hoa,Thanh Hoa,26.11,26.11,26.11,95.0,26.11,10000.0,0.56,100.0,0.75,0.93,268.0,1000.0,0,500,Rain,light rain,10n
2025-08-01 20:11:57,Thanh Hoa-Thanh Hoa,Thanh Hoa,26.11,26.11,26.11,95.0,26.11,10000.0,0.19,100.0,0.75,0.93,268.0,1000.0,0,500,Rain,light rain,10n
2025-08-01 20:15:42,Thanh Hoa-Thanh Hoa,Thanh Hoa,26.11,26.11,26.11,95.0,26.11,10000.0,0.19,100.0,0.75,0.93,268.0,1000.0,0,500,Rain,light rain,10n
2025-08-01 20:19:28,Thanh Hoa-Thanh Hoa,Thanh Hoa,26.1,26.1,26.1,95.0,26.1,10000.0,0.26,100.0,0.75,0.93,268.0,1000.0,0,500,Rain,light rain,10n
2025-08-01 20:23:14,Thanh Hoa-Thanh Hoa,Thanh Hoa,26.1,26.1,26.1,95.0,26.1,10000.0,0.26,100.0,0.75,0.93,268.0,1000.0,0,500,Rain,light rain,10n
2025-08-01 20:27:00,Thanh Hoa-Thanh Hoa,Thanh Hoa,26.1,26.1,26.1,95.0,26.1,10000.0,0.36,100.0,0.75,0.93,268.0,1000.0,0,500,Rain,light rain,10n
2025-08-01 20:30:46,Thanh Hoa-Thanh Hoa,Thanh Hoa,26.04,26.04,26.04,95.0,26.04,10000.0,0.35,100.0,1.04,1.08,251.0,1001.0,0,500,Rain,light rain,10n
2025-08-01 20:34:32,Thanh Hoa-Thanh Hoa,Thanh Hoa,26.04,26.04,26.04,95.0,26.04,10000.0,0.35,100.0,1.04,1.08,251.0,1001.0,0,500,Rain,light rain,10n
2025-08-01 20:38:17,Thanh Hoa-Thanh Hoa,Thanh Hoa,26.04,26.04,26.04,95.0,26.04,10000.0,0.35,100.0,1.04,1.08,251.0,1001.0,0,500,Rain,light rain,10n
2025-08-01 20:42:03,Thanh Hoa-Thanh Hoa,Thanh Hoa,26.05,26.05,26.05,95.0,26.05,10000.0,0.0,100.0,1.04,1.08,251.0,1001.0,0,804,Clouds,overcast clouds,04n
2025-08-01 20:45:49,Thanh Hoa-Thanh Hoa,Thanh Hoa,26.05,26.05,26.05,95.0,26.05,10000.0,0.0,100.0,1.04,1.08,251.0,1001.0,0,804,Clouds,overcast clouds,04n
2025-08-01 20:49:34,Thanh Hoa-Thanh Hoa,Thanh Hoa,26.05,26.05,26.05,95.0,26.05,10000.0,0.0,100.0,1.04,1.08,251.0,1001.0,0,804,Clouds,overcast clouds,04n
2025-08-01 20:53:20,Thanh Hoa-Thanh Hoa,Thanh Hoa,26.11,26.11,26.11,95.0,26.11,10000.0,0.0,100.0,1.04,1.08,251.0,1001.0,0,804,Clouds,overcast clouds,04n
2025-08-01 20:57:06,Thanh Hoa-Thanh Hoa,Thanh Hoa,26.11,26.11,26.11,95.0,26.11,10000.0,0.0,100.0,1.04,1.08,251.0,1001.0,0,804,Clouds,overcast clouds,04n
2025-08-01 21:00:51,Thanh Hoa-Thanh Hoa,Thanh Hoa,26.11,26.11,26.11,95.0,26.11,10000.0,0.0,100.0,1.04,1.08,251.0,1001.0,0,804,Clouds,overcast clouds,04n
2025-08-01 21:04:37,Thanh Hoa-Thanh Hoa,Thanh Hoa,26.15,26.15,26.15,94.0,26.15,10000.0,0.0,100.0,1.04,1.08,251.0,1001.0,0,804,Clouds,overcast clouds,04n
2025-08-01 21:08:23,Thanh Hoa-Thanh Hoa,Thanh Hoa,26.15,26.15,26.15,94.0,26.15,10000.0,0.0,100.0,1.04,1.08,251.0,1001.0,0,804,Clouds,overcast clouds,04n
2025-08-01 21:12:08,Thanh Hoa-Thanh Hoa,Thanh Hoa,26.15,26.15,26.15,94.0,26.15,10000.0,0.0,100.0,1.04,1.08,251.0,1001.0,0,804,Clouds,overcast clouds,04n
2025-08-01 21:15:54,Thanh Hoa-Thanh Hoa,Thanh Hoa,26.15,26.15,26.15,94.0,26.15,10000.0,0.0,100.0,1.04,1.08,251.0,1001.0,0,804,Clouds,overcast clouds,04n
2025-08-01 21:19:40,Thanh Hoa-Thanh Hoa,Thanh Hoa,26.15,26.15,26.15,94.0,26.15,10000.0,0.0,100.0,1.04,1.08,251.0,1001.0,0,804,Clouds,overcast clouds,04n
2025-08-01 21:23:26,Thanh Hoa-Thanh Hoa,Thanh Hoa,26.15,26.15,26.15,94.0,26.15,10000.0,0.0,100.0,1.04,1.08,251.0,1001.0,0,804,Clouds,overcast clouds,04n
2025-08-01 21:27:12,Thanh Hoa-Thanh Hoa,Thanh Hoa,26.15,26.15,26.15,94.0,26.15,10000.0,0.0,100.0,1.04,1.08,251.0,1001.0,0,804,Clouds,overcast clouds,04n
2025-08-01 21:30:58,Thanh Hoa-Thanh Hoa,Thanh Hoa,26.09,26.09,26.09,94.0,26.09,10000.0,0.0,100.0,0.81,0.86,279.0,1002.0,0,804,Clouds,overcast clouds,04n
2025-08-01 21:34:44,Thanh Hoa-Thanh Hoa,Thanh Hoa,26.08,26.08,26.08,94.0,26.08,10000.0,0.0,100.0,0.81,0.86,279.0,1002.0,0,804,Clouds,overcast clouds,04n
2025-08-01 21:38:30,Thanh Hoa-Thanh Hoa,Thanh Hoa,26.08,26.08,26.08,94.0,26.08,10000.0,0.0,100.0,0.81,0.86,279.0,1002.0,0,804,Clouds,overcast clouds,04n
2025-08-01 21:42:15,Thanh Hoa-Thanh Hoa,Thanh Hoa,26.08,26.08,26.08,94.0,26.08,10000.0,0.0,100.0,0.81,0.86,279.0,1002.0,0,804,Clouds,overcast clouds,04n
2025-08-01 21:46:01,Thanh Hoa-Thanh Hoa,Thanh Hoa,26.08,26.08,26.08,94.0,26.08,10000.0,0.0,100.0,0.81,0.86,279.0,1002.0,0,804,Clouds,overcast clouds,04n
2025-08-01 21:49:47,Thanh Hoa-Thanh Hoa,Thanh Hoa,26.08,26.08,26.08,94.0,26.08,10000.0,0.0,100.0,0.81,0.86,279.0,1002.0,0,804,Clouds,overcast clouds,04n
2025-08-01 21:53:33,Thanh Hoa-Thanh Hoa,Thanh Hoa,26.08,26.08,26.08,94.0,26.08,10000.0,0.0,100.0,0.81,0.86,279.0,1002.0,0,804,Clouds,overcast clouds,04n
2025-08-01 21:57:18,Thanh Hoa-Thanh Hoa,Thanh Hoa,26.08,26.08,26.08,94.0,26.08,10000.0,0.0,100.0,0.81,0.86,279.0,1002.0,0,804,Clouds,overcast clouds,04n
2025-08-01 22:01:04,Thanh Hoa-Thanh Hoa,Thanh Hoa,26.08,26.08,26.08,94.0,26.08,10000.0,0.0,100.0,0.81,0.86,279.0,1002.0,0,804,Clouds,overcast clouds,04n
2025-08-01 22:04:50,Thanh Hoa-Thanh Hoa,Thanh Hoa,26.12,26.12,26.12,94.0,26.12,10000.0,0.0,100.0,0.81,0.86,279.0,1002.0,0,804,Clouds,overcast clouds,04n
2025-08-01 22:08:35,Thanh Hoa-Thanh Hoa,Thanh Hoa,26.08,26.08,26.08,94.0,26.08,10000.0,0.0,100.0,0.81,0.86,279.0,1002.0,0,804,Clouds,overcast clouds,04n
2025-08-01 22:12:21,Thanh Hoa-Thanh Hoa,Thanh Hoa,26.12,26.12,26.12,94.0,26.12,10000.0,0.0,100.0,0.81,0.86,279.0,1002.0,0,804,Clouds,overcast clouds,04n
2025-08-01 22:16:07,Thanh Hoa-Thanh Hoa,Thanh Hoa,26.12,26.12,26.12,94.0,26.12,10000.0,0.0,100.0,0.81,0.86,279.0,1002.0,0,804,Clouds,overcast clouds,04n
2025-08-01 22:19:53,Thanh Hoa-Thanh Hoa,Thanh Hoa,26.12,26.12,26.12,94.0,26.12,10000.0,0.0,100.0,0.81,0.86,279.0,1002.0,0,804,Clouds,overcast clouds,04n
2025-08-01 22:23:38,Thanh Hoa-Thanh Hoa,Thanh Hoa,26.12,26.12,26.12,94.0,26.12,10000.0,0.0,100.0,0.81,0.86,279.0,1002.0,0,804,Clouds,overcast clouds,04n
2025-08-01 22:27:25,Thanh Hoa-Thanh Hoa,Thanh Hoa,26.12,26.12,26.12,94.0,26.12,10000.0,0.0,100.0,0.81,0.86,279.0,1002.0,0,804,Clouds,overcast clouds,04n
2025-08-01 22:31:12,Thanh Hoa-Thanh Hoa,Thanh Hoa,26.03,26.03,26.03,94.0,26.03,10000.0,0.0,100.0,1.06,1.19,288.0,1002.0,0,804,Clouds,overcast clouds,04n
2025-08-01 22:34:59,Thanh Hoa-Thanh Hoa,Thanh Hoa,26.12,26.12,26.12,94.0,26.12,10000.0,0.0,100.0,0.81,0.86,279.0,1002.0,0,804,Clouds,overcast clouds,04n
2025-08-01 22:38:47,Thanh Hoa-Thanh Hoa,Thanh Hoa,26.03,26.03,26.03,94.0,26.03,10000.0,0.0,100.0,1.06,1.19,288.0,1002.0,0,804,Clouds,overcast clouds,04n
2025-08-01 22:42:34,Thanh Hoa-Thanh Hoa,Thanh Hoa,26.03,26.03,26.03,94.0,26.03,10000.0,0.0,100.0,1.06,1.19,288.0,1002.0,0,804,Clouds,overcast clouds,04n
2025-08-01 22:46:21,Thanh Hoa-Thanh Hoa,Thanh Hoa,26.03,26.03,26.03,94.0,26.03,10000.0,0.0,100.0,1.06,1.19,288.0,1002.0,0,804,Clouds,overcast clouds,04n
2025-08-01 22:50:09,Thanh Hoa-Thanh Hoa,Thanh Hoa,26.03,26.03,26.03,94.0,26.03,10000.0,0.0,100.0,1.06,1.19,288.0,1002.0,0,804,Clouds,overcast clouds,04n
2025-08-01 22:53:56,Thanh Hoa-Thanh Hoa,Thanh Hoa,26.03,26.03,26.03,94.0,26.03,10000.0,0.0,100.0,1.06,1.19,288.0,1002.0,0,804,Clouds,overcast clouds,04n
2025-08-01 22:57:43,Thanh Hoa-Thanh Hoa,Thanh Hoa,26.03,26.03,26.03,94.0,26.03,10000.0,0.0,100.0,1.06,1.19,288.0,1002.0,0,804,Clouds,overcast clouds,04n
2025-08-01 23:01:29,Thanh Hoa-Thanh Hoa,Thanh Hoa,26.03,26.03,26.03,94.0,26.03,10000.0,0.0,100.0,1.06,1.19,288.0,1002.0,0,804,Clouds,overcast clouds,04n
2025-08-01 23:05:15,Thanh Hoa-Thanh Hoa,Thanh Hoa,26.07,26.07,26.07,94.0,26.07,10000.0,0.0,100.0,1.06,1.19,288.0,1002.0,0,804,Clouds,overcast clouds,04n
2025-08-01 23:09:01,Thanh Hoa-Thanh Hoa,Thanh Hoa,26.07,26.07,26.07,94.0,26.07,10000.0,0.0,100.0,1.06,1.19,288.0,1002.0,0,804,Clouds,overcast clouds,04n
2025-08-01 23:12:47,Thanh Hoa-Thanh Hoa,Thanh Hoa,26.07,26.07,26.07,94.0,26.07,10000.0,0.0,100.0,1.06,1.19,288.0,1002.0,0,804,Clouds,overcast clouds,04n
2025-08-01 23:16:33,Thanh Hoa-Thanh Hoa,Thanh Hoa,26.07,26.07,26.07,94.0,26.07,10000.0,0.0,100.0,1.06,1.19,288.0,1002.0,0,804,Clouds,overcast clouds,04n
2025-08-01 23:20:19,Thanh Hoa-Thanh Hoa,Thanh Hoa,26.07,26.07,26.07,94.0,26.07,10000.0,0.0,100.0,1.06,1.19,288.0,1002.0,0,804,Clouds,overcast clouds,04n
2025-08-01 23:24:05,Thanh Hoa-Thanh Hoa,Thanh Hoa,26.07,26.07,26.07,94.0,26.07,10000.0,0.0,100.0,1.06,1.19,288.0,1002.0,0,804,Clouds,overcast clouds,04n
2025-08-01 23:27:51,Thanh Hoa-Thanh Hoa,Thanh Hoa,26.07,26.07,26.07,94.0,26.07,10000.0,0.0,100.0,1.06,1.19,288.0,1002.0,0,804,Clouds,overcast clouds,04n
2025-08-01 23:31:36,Thanh Hoa-Thanh Hoa,Thanh Hoa,26.07,26.07,26.07,94.0,26.07,10000.0,0.0,100.0,1.06,1.19,288.0,1002.0,0,804,Clouds,overcast clouds,04n
2025-08-01 23:35:23,Thanh Hoa-Thanh Hoa,Thanh Hoa,25.99,25.99,25.99,94.0,25.99,10000.0,0.0,100.0,1.27,1.4,284.0,1001.0,0,804,Clouds,overcast clouds,04n
2025-08-01 23:39:09,Thanh Hoa-Thanh Hoa,Thanh Hoa,25.99,25.99,25.99,94.0,25.99,10000.0,0.0,100.0,1.27,1.4,284.0,1001.0,0,804,Clouds,overcast clouds,04n
2025-08-01 23:42:55,Thanh Hoa-Thanh Hoa,Thanh Hoa,25.99,25.99,25.99,94.0,25.99,10000.0,0.0,100.0,1.27,1.4,284.0,1001.0,0,804,Clouds,overcast clouds,04n
2025-08-01 23:46:42,Thanh Hoa-Thanh Hoa,Thanh Hoa,25.99,25.99,25.99,94.0,25.99,10000.0,0.0,100.0,1.27,1.4,284.0,1001.0,0,804,Clouds,overcast clouds,04n
2025-08-01 23:50:27,Thanh Hoa-Thanh Hoa,Thanh Hoa,25.99,25.99,25.99,94.0,25.99,10000.0,0.0,100.0,1.27,1.4,284.0,1001.0,0,804,Clouds,overcast clouds,04n
2025-08-01 23:54:13,Thanh Hoa-Thanh Hoa,Thanh Hoa,25.99,25.99,25.99,94.0,25.99,10000.0,0.0,100.0,1.27,1.4,284.0,1001.0,0,804,Clouds,overcast clouds,04n
2025-08-01 23:57:59,Thanh Hoa-Thanh Hoa,Thanh Hoa,25.99,25.99,25.99,94.0,25.99,10000.0,0.0,100.0,1.27,1.4,284.0,1001.0,0,804,Clouds,overcast clouds,04n
2025-08-02 00:01:45,Thanh Hoa-Thanh Hoa,Thanh Hoa,26.03,26.03,26.03,94.0,26.03,10000.0,0.0,100.0,1.27,1.4,284.0,1001.0,0,804,Clouds,overcast clouds,04n
2025-08-02 00:05:33,Thanh Hoa-Thanh Hoa,Thanh Hoa,26.03,26.03,26.03,94.0,26.03,10000.0,0.0,100.0,1.27,1.4,284.0,1001.0,0,804,Clouds,overcast clouds,04n
2025-08-02 00:09:20,Thanh Hoa-Thanh Hoa,Thanh Hoa,26.03,26.03,26.03,94.0,26.03,10000.0,0.0,100.0,1.27,1.4,284.0,1001.0,0,804,Clouds,overcast clouds,04n
2025-08-02 00:13:06,Thanh Hoa-Thanh Hoa,Thanh Hoa,26.03,26.03,26.03,94.0,26.03,10000.0,0.0,100.0,1.27,1.4,284.0,1001.0,0,804,Clouds,overcast clouds,04n
2025-08-02 00:16:52,Thanh Hoa-Thanh Hoa,Thanh Hoa,26.03,26.03,26.03,94.0,26.03,10000.0,0.0,100.0,1.27,1.4,284.0,1001.0,0,804,Clouds,overcast clouds,04n
2025-08-02 00:20:37,Thanh Hoa-Thanh Hoa,Thanh Hoa,26.03,26.03,26.03,94.0,26.03,10000.0,0.0,100.0,1.27,1.4,284.0,1001.0,0,804,Clouds,overcast clouds,04n
2025-08-02 00:24:23,Thanh Hoa-Thanh Hoa,Thanh Hoa,26.03,26.03,26.03,94.0,26.03,10000.0,0.0,100.0,1.27,1.4,284.0,1001.0,0,804,Clouds,overcast clouds,04n
2025-08-02 00:28:09,Thanh Hoa-Thanh Hoa,Thanh Hoa,26.03,26.03,26.03,94.0,26.03,10000.0,0.0,100.0,1.27,1.4,284.0,1001.0,0,804,Clouds,overcast clouds,04n
2025-08-02 00:31:55,Thanh Hoa-Thanh Hoa,Thanh Hoa,26.03,26.03,26.03,94.0,26.03,10000.0,0.0,100.0,1.27,1.4,284.0,1001.0,0,804,Clouds,overcast clouds,04n
2025-08-02 00:35:41,Thanh Hoa-Thanh Hoa,Thanh Hoa,25.87,25.87,25.87,94.0,26.97,10000.0,0.0,100.0,0.82,0.84,289.0,1001.0,0,804,Clouds,overcast clouds,04n
2025-08-02 00:39:27,Thanh Hoa-Thanh Hoa,Thanh Hoa,25.87,25.87,25.87,94.0,26.97,10000.0,0.0,100.0,0.82,0.84,289.0,1001.0,0,804,Clouds,overcast clouds,04n
2025-08-02 00:43:13,Thanh Hoa-Thanh Hoa,Thanh Hoa,25.87,25.87,25.87,94.0,26.97,10000.0,0.0,91.0,1.19,1.37,276.0,1001.0,0,804,Clouds,overcast clouds,04n
2025-08-02 00:46:59,Thanh Hoa-Thanh Hoa,Thanh Hoa,25.87,25.87,25.87,94.0,26.97,10000.0,0.0,91.0,1.19,1.37,276.0,1001.0,0,804,Clouds,overcast clouds,04n
2025-08-02 00:50:44,Thanh Hoa-Thanh Hoa,Thanh Hoa,25.87,25.87,25.87,94.0,26.97,10000.0,0.0,91.0,1.19,1.37,276.0,1001.0,0,804,Clouds,overcast clouds,04n
2025-08-02 00:54:30,Thanh Hoa-Thanh Hoa,Thanh Hoa,25.87,25.87,25.87,94.0,26.97,10000.0,0.0,91.0,1.19,1.37,276.0,1001.0,0,804,Clouds,overcast clouds,04n
2025-08-02 00:58:16,Thanh Hoa-Thanh Hoa,Thanh Hoa,25.87,25.87,25.87,94.0,26.97,10000.0,0.0,91.0,1.19,1.37,276.0,1001.0,0,804,Clouds,overcast clouds,04n
2025-08-02 01:02:02,Thanh Hoa-Thanh Hoa,Thanh Hoa,25.87,25.87,25.87,94.0,26.97,10000.0,0.0,91.0,1.19,1.37,276.0,1001.0,0,804,Clouds,overcast clouds,04n
2025-08-02 01:05:49,Thanh Hoa-Thanh Hoa,Thanh Hoa,25.87,25.87,25.87,94.0,26.97,10000.0,0.0,91.0,1.19,1.37,276.0,1001.0,0,804,Clouds,overcast clouds,04n
2025-08-02 01:09:35,Thanh Hoa-Thanh Hoa,Thanh Hoa,25.58,25.58,25.58,95.0,26.67,10000.0,0.0,91.0,1.19,1.37,276.0,1000.0,0,804,Clouds,overcast clouds,04n
2025-08-02 01:13:21,Thanh Hoa-Thanh Hoa,Thanh Hoa,25.58,25.58,25.58,95.0,26.67,10000.0,0.0,91.0,1.19,1.37,276.0,1000.0,0,804,Clouds,overcast clouds,04n
2025-08-02 01:17:07,Thanh Hoa-Thanh Hoa,Thanh Hoa,25.58,25.58,25.58,95.0,26.67,10000.0,0.0,91.0,1.19,1.37,276.0,1000.0,0,804,Clouds,overcast clouds,04n
2025-08-02 01:20:53,Thanh Hoa-Thanh Hoa,Thanh Hoa,25.58,25.58,25.58,95.0,26.67,10000.0,0.0,91.0,1.19,1.37,276.0,1000.0,0,804,Clouds,overcast clouds,04n
2025-08-02 01:24:38,Thanh Hoa-Thanh Hoa,Thanh Hoa,25.58,25.58,25.58,95.0,26.67,10000.0,0.0,91.0,1.19,1.37,276.0,1000.0,0,804,Clouds,overcast clouds,04n
2025-08-02 01:28:24,Thanh Hoa-Thanh Hoa,Thanh Hoa,25.58,25.58,25.58,95.0,26.67,10000.0,0.0,91.0,1.19,1.37,276.0,1000.0,0,804,Clouds,overcast clouds,04n
2025-08-02 01:32:10,Thanh Hoa-Thanh Hoa,Thanh Hoa,25.58,25.58,25.58,95.0,26.67,10000.0,0.0,91.0,1.19,1.37,276.0,1000.0,0,804,Clouds,overcast clouds,04n
2025-08-02 01:35:55,Thanh Hoa-Thanh Hoa,Thanh Hoa,25.52,25.52,25.52,95.0,26.61,10000.0,0.0,97.0,1.11,1.25,271.0,1000.0,0,804,Clouds,overcast clouds,04n
2025-08-02 01:39:41,Thanh Hoa-Thanh Hoa,Thanh Hoa,25.52,25.52,25.52,95.0,26.61,10000.0,0.0,97.0,1.11,1.25,271.0,1000.0,0,804,Clouds,overcast clouds,04n
2025-08-02 01:43:26,Thanh Hoa-Thanh Hoa,Thanh Hoa,25.52,25.52,25.52,95.0,26.61,10000.0,0.0,97.0,1.11,1.25,271.0,1000.0,0,804,Clouds,overcast clouds,04n
2025-08-02 01:47:12,Thanh Hoa-Thanh Hoa,Thanh Hoa,25.51,25.51,25.51,95.0,26.6,10000.0,0.0,97.0,1.11,1.25,271.0,1000.0,0,804,Clouds,overcast clouds,04n
2025-08-02 01:50:58,Thanh Hoa-Thanh Hoa,Thanh Hoa,25.51,25.51,25.51,95.0,26.6,10000.0,0.0,97.0,1.11,1.25,271.0,1000.0,0,804,Clouds,overcast clouds,04n
2025-08-02 01:54:44,Thanh Hoa-Thanh Hoa,Thanh Hoa,25.51,25.51,25.51,95.0,26.6,10000.0,0.0,97.0,1.11,1.25,271.0,1000.0,0,804,Clouds,overcast clouds,04n
2025-08-02 01:58:30,Thanh Hoa-Thanh Hoa,Thanh Hoa,25.51,25.51,25.51,95.0,26.6,10000.0,0.0,97.0,1.11,1.25,271.0,1000.0,0,804,Clouds,overcast clouds,04n
2025-08-02 02:02:16,Thanh Hoa-Thanh Hoa,Thanh Hoa,25.51,25.51,25.51,95.0,26.6,10000.0,0.0,97.0,1.11,1.25,271.0,1000.0,0,804,Clouds,overcast clouds,04n
2025-08-02 02:06:02,Thanh Hoa-Thanh Hoa,Thanh Hoa,25.56,25.56,25.56,95.0,26.65,10000.0,0.0,97.0,1.11,1.25,271.0,1000.0,0,804,Clouds,overcast clouds,04n
2025-08-02 02:09:48,Thanh Hoa-Thanh Hoa,Thanh Hoa,25.56,25.56,25.56,95.0,26.65,10000.0,0.0,97.0,1.11,1.25,271.0,1000.0,0,804,Clouds,overcast clouds,04n
2025-08-02 02:13:34,Thanh Hoa-Thanh Hoa,Thanh Hoa,25.56,25.56,25.56,95.0,26.65,10000.0,0.0,97.0,1.11,1.25,271.0,1000.0,0,804,Clouds,overcast clouds,04n
2025-08-02 02:17:20,Thanh Hoa-Thanh Hoa,Thanh Hoa,25.56,25.56,25.56,95.0,26.65,10000.0,0.0,97.0,1.11,1.25,271.0,1000.0,0,804,Clouds,overcast clouds,04n
2025-08-02 02:21:06,Thanh Hoa-Thanh Hoa,Thanh Hoa,25.56,25.56,25.56,95.0,26.65,10000.0,0.0,97.0,1.11,1.25,271.0,1000.0,0,804,Clouds,overcast clouds,04n
2025-08-02 02:24:52,Thanh Hoa-Thanh Hoa,Thanh Hoa,25.56,25.56,25.56,95.0,26.65,10000.0,0.0,97.0,1.11,1.25,271.0,1000.0,0,804,Clouds,overcast clouds,04n
2025-08-02 02:28:38,Thanh Hoa-Thanh Hoa,Thanh Hoa,25.56,25.56,25.56,95.0,26.65,10000.0,0.0,97.0,1.11,1.25,271.0,1000.0,0,804,Clouds,overcast clouds,04n
2025-08-02 02:32:24,Thanh Hoa-Thanh Hoa,Thanh Hoa,25.56,25.56,25.56,95.0,26.65,10000.0,0.0,97.0,1.11,1.25,271.0,1000.0,0,804,Clouds,overcast clouds,04n
2025-08-02 02:36:12,Thanh Hoa-Thanh Hoa,Thanh Hoa,25.41,25.41,25.41,95.0,26.49,10000.0,0.0,93.0,1.33,1.48,272.0,1000.0,0,804,Clouds,overcast clouds,04n
2025-08-02 02:39:59,Thanh Hoa-Thanh Hoa,Thanh Hoa,25.41,25.41,25.41,95.0,26.49,10000.0,0.0,93.0,1.33,1.48,272.0,1000.0,0,804,Clouds,overcast clouds,04n
2025-08-02 02:43:46,Thanh Hoa-Thanh Hoa,Thanh Hoa,25.41,25.41,25.41,95.0,26.49,10000.0,0.0,93.0,1.33,1.48,272.0,1000.0,0,804,Clouds,overcast clouds,04n
2025-08-02 02:47:33,Thanh Hoa-Thanh Hoa,Thanh Hoa,25.4,25.4,25.4,95.0,26.48,10000.0,0.0,93.0,1.33,1.48,272.0,1000.0,0,804,Clouds,overcast clouds,04n
2025-08-02 02:51:21,Thanh Hoa-Thanh Hoa,Thanh Hoa,25.4,25.4,25.4,95.0,26.48,10000.0,0.0,93.0,1.33,1.48,272.0,1000.0,0,804,Clouds,overcast clouds,04n
2025-08-02 02:55:09,Thanh Hoa-Thanh Hoa,Thanh Hoa,25.4,25.4,25.4,95.0,26.48,10000.0,0.0,93.0,1.33,1.48,272.0,1000.0,0,804,Clouds,overcast clouds,04n
2025-08-02 02:58:56,Thanh Hoa-Thanh Hoa,Thanh Hoa,25.4,25.4,25.4,95.0,26.48,10000.0,0.0,93.0,1.33,1.48,272.0,1000.0,0,804,Clouds,overcast clouds,04n
2025-08-02 03:02:42,Thanh Hoa-Thanh Hoa,Thanh Hoa,25.44,25.44,25.44,95.0,26.52,10000.0,0.0,93.0,1.33,1.48,272.0,1000.0,0,804,Clouds,overcast clouds,04n
2025-08-02 03:06:31,Thanh Hoa-Thanh Hoa,Thanh Hoa,25.44,25.44,25.44,95.0,26.52,10000.0,0.0,93.0,1.33,1.48,272.0,1000.0,0,804,Clouds,overcast clouds,04n
2025-08-02 03:10:18,Thanh Hoa-Thanh Hoa,Thanh Hoa,25.44,25.44,25.44,95.0,26.52,10000.0,0.0,93.0,1.33,1.48,272.0,1000.0,0,804,Clouds,overcast clouds,04n
2025-08-02 03:14:06,Thanh Hoa-Thanh Hoa,Thanh Hoa,25.44,25.44,25.44,95.0,26.52,10000.0,0.0,93.0,1.33,1.48,272.0,1000.0,0,804,Clouds,overcast clouds,04n
2025-08-02 03:17:54,Thanh Hoa-Thanh Hoa,Thanh Hoa,25.44,25.44,25.44,95.0,26.52,10000.0,0.0,93.0,1.33,1.48,272.0,1000.0,0,804,Clouds,overcast clouds,04n
2025-08-02 03:21:40,Thanh Hoa-Thanh Hoa,Thanh Hoa,25.44,25.44,25.44,95.0,26.52,10000.0,0.0,93.0,1.33,1.48,272.0,1000.0,0,804,Clouds,overcast clouds,04n
2025-08-02 03:25:28,Thanh Hoa-Thanh Hoa,Thanh Hoa,25.44,25.44,25.44,95.0,26.52,10000.0,0.0,93.0,1.33,1.48,272.0,1000.0,0,804,Clouds,overcast clouds,04n
2025-08-02 03:29:15,Thanh Hoa-Thanh Hoa,Thanh Hoa,25.44,25.44,25.44,95.0,26.52,10000.0,0.0,93.0,1.33,1.48,272.0,1000.0,0,804,Clouds,overcast clouds,04n
2025-08-02 03:33:03,Thanh Hoa-Thanh Hoa,Thanh Hoa,25.44,25.44,25.44,95.0,26.52,10000.0,0.0,93.0,1.33,1.48,272.0,1000.0,0,804,Clouds,overcast clouds,04n
2025-08-02 03:36:51,Thanh Hoa-Thanh Hoa,Thanh Hoa,25.24,25.24,25.24,95.0,26.3,10000.0,0.0,93.0,1.01,1.0,273.0,1000.0,0,804,Clouds,overcast clouds,04n
2025-08-02 03:40:38,Thanh Hoa-Thanh Hoa,Thanh Hoa,25.24,25.24,25.24,95.0,26.3,10000.0,0.0,93.0,1.01,1.0,273.0,1000.0,0,804,Clouds,overcast clouds,04n
2025-08-02 03:44:26,Thanh Hoa-Thanh Hoa,Thanh Hoa,25.24,25.24,25.24,95.0,26.3,10000.0,0.0,93.0,1.01,1.0,273.0,1000.0,0,804,Clouds,overcast clouds,04n
2025-08-02 03:48:13,Thanh Hoa-Thanh Hoa,Thanh Hoa,25.23,25.23,25.23,95.0,26.29,10000.0,0.0,93.0,1.01,1.0,273.0,1000.0,0,804,Clouds,overcast clouds,04n
2025-08-02 03:52:00,Thanh Hoa-Thanh Hoa,Thanh Hoa,25.23,25.23,25.23,95.0,26.29,10000.0,0.0,93.0,1.01,1.0,273.0,1000.0,0,804,Clouds,overcast clouds,04n
2025-08-02 03:55:46,Thanh Hoa-Thanh Hoa,Thanh Hoa,25.23,25.23,25.23,95.0,26.29,10000.0,0.0,93.0,1.01,1.0,273.0,1000.0,0,804,Clouds,overcast clouds,04n
2025-08-02 03:59:31,Thanh Hoa-Thanh Hoa,Thanh Hoa,25.23,25.23,25.23,95.0,26.29,10000.0,0.0,93.0,1.01,1.0,273.0,1000.0,0,804,Clouds,overcast clouds,04n
2025-08-02 04:03:18,Thanh Hoa-Thanh Hoa,Thanh Hoa,25.23,25.23,25.23,95.0,26.29,10000.0,0.0,93.0,1.01,1.0,273.0,1000.0,0,804,Clouds,overcast clouds,04n
2025-08-02 04:07:04,Thanh Hoa-Thanh Hoa,Thanh Hoa,25.23,25.23,25.23,95.0,26.29,10000.0,0.0,93.0,1.01,1.0,273.0,1000.0,0,804,Clouds,overcast clouds,04n
2025-08-02 04:10:50,Thanh Hoa-Thanh Hoa,Thanh Hoa,25.27,25.27,25.27,95.0,26.33,10000.0,0.0,93.0,1.01,1.0,273.0,1000.0,0,804,Clouds,overcast clouds,04n
2025-08-02 04:14:36,Thanh Hoa-Thanh Hoa,Thanh Hoa,25.27,25.27,25.27,95.0,26.33,10000.0,0.0,93.0,1.01,1.0,273.0,1000.0,0,804,Clouds,overcast clouds,04n
2025-08-02 04:18:22,Thanh Hoa-Thanh Hoa,Thanh Hoa,25.27,25.27,25.27,95.0,26.33,10000.0,0.0,93.0,1.01,1.0,273.0,1000.0,0,804,Clouds,overcast clouds,04n
2025-08-02 04:22:07,Thanh Hoa-Thanh Hoa,Thanh Hoa,25.27,25.27,25.27,95.0,26.33,10000.0,0.0,93.0,1.01,1.0,273.0,1000.0,0,804,Clouds,overcast clouds,04n
2025-08-02 04:25:53,Thanh Hoa-Thanh Hoa,Thanh Hoa,25.27,25.27,25.27,95.0,26.33,10000.0,0.0,93.0,1.01,1.0,273.0,1000.0,0,804,Clouds,overcast clouds,04n
2025-08-02 04:29:40,Thanh Hoa-Thanh Hoa,Thanh Hoa,25.27,25.27,25.27,95.0,26.33,10000.0,0.0,93.0,1.01,1.0,273.0,1000.0,0,804,Clouds,overcast clouds,04n
2025-08-02 04:33:26,Thanh Hoa-Thanh Hoa,Thanh Hoa,25.27,25.27,25.27,95.0,26.33,10000.0,0.0,93.0,1.01,1.0,273.0,1000.0,0,804,Clouds,overcast clouds,04n
2025-08-02 04:37:12,Thanh Hoa-Thanh Hoa,Thanh Hoa,25.19,25.19,25.19,95.0,26.25,10000.0,0.0,93.0,0.77,0.76,257.0,1000.0,0,804,Clouds,overcast clouds,04n
2025-08-02 04:40:57,Thanh Hoa-Thanh Hoa,Thanh Hoa,25.19,25.19,25.19,95.0,26.25,10000.0,0.0,93.0,0.77,0.76,257.0,1000.0,0,804,Clouds,overcast clouds,04n
2025-08-02 04:44:43,Thanh Hoa-Thanh Hoa,Thanh Hoa,25.19,25.19,25.19,95.0,26.25,10000.0,0.0,93.0,0.77,0.76,257.0,1000.0,0,804,Clouds,overcast clouds,04n
2025-08-02 04:48:29,Thanh Hoa-Thanh Hoa,Thanh Hoa,25.19,25.19,25.19,95.0,26.25,10000.0,0.0,93.0,0.77,0.76,257.0,1000.0,0,804,Clouds,overcast clouds,04n
2025-08-02 04:52:15,Thanh Hoa-Thanh Hoa,Thanh Hoa,25.19,25.19,25.19,95.0,26.25,10000.0,0.0,93.0,0.77,0.76,257.0,1000.0,0,804,Clouds,overcast clouds,04n
2025-08-02 04:56:00,Thanh Hoa-Thanh Hoa,Thanh Hoa,25.19,25.19,25.19,95.0,26.25,10000.0,0.0,93.0,0.77,0.76,257.0,1000.0,0,804,Clouds,overcast clouds,04n
2025-08-02 04:59:46,Thanh Hoa-Thanh Hoa,Thanh Hoa,25.19,25.19,25.19,95.0,26.25,10000.0,0.0,93.0,0.77,0.76,257.0,1000.0,0,804,Clouds,overcast clouds,04n
2025-08-02 05:03:32,Thanh Hoa-Thanh Hoa,Thanh Hoa,25.22,25.22,25.22,94.0,26.25,10000.0,0.0,93.0,0.77,0.76,257.0,1000.0,0,804,Clouds,overcast clouds,04n
2025-08-02 05:07:17,Thanh Hoa-Thanh Hoa,Thanh Hoa,25.22,25.22,25.22,94.0,26.25,10000.0,0.0,93.0,0.77,0.76,257.0,1000.0,0,804,Clouds,overcast clouds,04n
2025-08-02 05:11:03,Thanh Hoa-Thanh Hoa,Thanh Hoa,25.22,25.22,25.22,94.0,26.25,10000.0,0.0,93.0,0.77,0.76,257.0,1000.0,0,804,Clouds,overcast clouds,04n
2025-08-02 05:14:49,Thanh Hoa-Thanh Hoa,Thanh Hoa,25.22,25.22,25.22,94.0,26.25,10000.0,0.0,93.0,0.77,0.76,257.0,1000.0,0,804,Clouds,overcast clouds,04n
2025-08-02 05:18:35,Thanh Hoa-Thanh Hoa,Thanh Hoa,25.22,25.22,25.22,94.0,26.25,10000.0,0.0,93.0,0.77,0.76,257.0,1000.0,0,804,Clouds,overcast clouds,04n
2025-08-02 05:22:21,Thanh Hoa-Thanh Hoa,Thanh Hoa,25.22,25.22,25.22,94.0,26.25,10000.0,0.0,93.0,0.77,0.76,257.0,1000.0,0,804,Clouds,overcast clouds,04n
2025-08-02 05:26:06,Thanh Hoa-Thanh Hoa,Thanh Hoa,25.22,25.22,25.22,94.0,26.25,10000.0,0.0,93.0,0.77,0.76,257.0,1000.0,0,804,Clouds,overcast clouds,04n
2025-08-02 05:29:52,Thanh Hoa-Thanh Hoa,Thanh Hoa,25.22,25.22,25.22,94.0,26.25,10000.0,0.0,93.0,0.77,0.76,257.0,1000.0,0,804,Clouds,overcast clouds,04n
2025-08-02 05:33:38,Thanh Hoa-Thanh Hoa,Thanh Hoa,25.22,25.22,25.22,94.0,26.25,10000.0,0.0,93.0,0.77,0.76,257.0,1000.0,1,804,Clouds,overcast clouds,04n
2025-08-02 05:37:24,Thanh Hoa-Thanh Hoa,Thanh Hoa,25.52,25.52,25.52,94.0,26.58,10000.0,0.0,90.0,0.86,0.98,265.0,1000.0,1,804,Clouds,overcast clouds,04n
2025-08-02 05:41:10,Thanh Hoa-Thanh Hoa,Thanh Hoa,25.52,25.52,25.52,94.0,26.58,10000.0,0.0,90.0,0.86,0.98,265.0,1000.0,1,804,Clouds,overcast clouds,04n
2025-08-02 05:44:56,Thanh Hoa-Thanh Hoa,Thanh Hoa,25.52,25.52,25.52,94.0,26.58,10000.0,0.0,90.0,0.86,0.98,265.0,1000.0,1,804,Clouds,overcast clouds,04d
2025-08-02 05:48:41,Thanh Hoa-Thanh Hoa,Thanh Hoa,25.52,25.52,25.52,94.0,26.58,10000.0,0.0,90.0,0.86,0.98,265.0,1000.0,1,804,Clouds,overcast clouds,04d
2025-08-02 05:52:27,Thanh Hoa-Thanh Hoa,Thanh Hoa,25.52,25.52,25.52,94.0,26.58,10000.0,0.0,90.0,0.86,0.98,265.0,1000.0,1,804,Clouds,overcast clouds,04d
2025-08-02 05:56:12,Thanh Hoa-Thanh Hoa,Thanh Hoa,25.52,25.52,25.52,94.0,26.58,10000.0,0.0,90.0,0.86,0.98,265.0,1000.0,1,804,Clouds,overcast clouds,04d
2025-08-02 05:59:58,Thanh Hoa-Thanh Hoa,Thanh Hoa,25.52,25.52,25.52,94.0,26.58,10000.0,0.0,90.0,0.86,0.98,265.0,1000.0,1,804,Clouds,overcast clouds,04d
2025-08-02 06:03:44,Thanh Hoa-Thanh Hoa,Thanh Hoa,25.55,25.55,25.55,94.0,26.62,10000.0,0.0,90.0,0.86,0.98,265.0,1000.0,1,804,Clouds,overcast clouds,04d
2025-08-02 06:07:33,Thanh Hoa-Thanh Hoa,Thanh Hoa,25.55,25.55,25.55,94.0,26.62,10000.0,0.0,90.0,0.86,0.98,265.0,1000.0,1,804,Clouds,overcast clouds,04d
2025-08-02 06:11:24,Thanh Hoa-Thanh Hoa,Thanh Hoa,25.55,25.55,25.55,94.0,26.62,10000.0,0.0,90.0,0.86,0.98,265.0,1000.0,1,804,Clouds,overcast clouds,04d
2025-08-02 06:15:10,Thanh Hoa-Thanh Hoa,Thanh Hoa,25.55,25.55,25.55,94.0,26.62,10000.0,0.0,90.0,0.86,0.98,265.0,1000.0,1,804,Clouds,overcast clouds,04d
2025-08-02 06:18:56,Thanh Hoa-Thanh Hoa,Thanh Hoa,25.54,25.54,25.54,94.0,26.6,10000.0,0.0,90.0,0.86,0.98,265.0,1000.0,1,804,Clouds,overcast clouds,04d
2025-08-02 06:22:41,Thanh Hoa-Thanh Hoa,Thanh Hoa,25.55,25.55,25.55,94.0,26.62,10000.0,0.0,90.0,0.86,0.98,265.0,1000.0,1,804,Clouds,overcast clouds,04d
2025-08-02 06:26:27,Thanh Hoa-Thanh Hoa,Thanh Hoa,25.54,25.54,25.54,94.0,26.6,10000.0,0.0,90.0,0.86,0.98,265.0,1000.0,1,804,Clouds,overcast clouds,04d
2025-08-02 06:30:13,Thanh Hoa-Thanh Hoa,Thanh Hoa,25.54,25.54,25.54,94.0,26.6,10000.0,0.0,90.0,0.86,0.98,265.0,1000.0,1,804,Clouds,overcast clouds,04d
2025-08-02 06:33:59,Thanh Hoa-Thanh Hoa,Thanh Hoa,26.78,26.78,26.78,90.0,30.11,10000.0,0.0,91.0,0.75,1.06,271.0,1001.0,1,804,Clouds,overcast clouds,04d
2025-08-02 06:37:45,Thanh Hoa-Thanh Hoa,Thanh Hoa,26.78,26.78,26.78,90.0,30.11,10000.0,0.0,91.0,0.75,1.06,271.0,1001.0,1,804,Clouds,overcast clouds,04d
2025-08-02 06:41:31,Thanh Hoa-Thanh Hoa,Thanh Hoa,26.78,26.78,26.78,90.0,30.11,10000.0,0.0,82.0,0.65,0.88,283.0,1001.0,1,803,Clouds,broken clouds,04d
2025-08-02 06:45:17,Thanh Hoa-Thanh Hoa,Thanh Hoa,26.78,26.78,26.78,90.0,30.11,10000.0,0.0,91.0,0.75,1.06,271.0,1001.0,1,804,Clouds,overcast clouds,04d
2025-08-02 06:49:03,Thanh Hoa-Thanh Hoa,Thanh Hoa,26.78,26.78,26.78,90.0,30.11,10000.0,0.0,82.0,0.65,0.88,283.0,1001.0,1,803,Clouds,broken clouds,04d
2025-08-02 06:52:49,Thanh Hoa-Thanh Hoa,Thanh Hoa,26.78,26.78,26.78,90.0,30.11,10000.0,0.0,82.0,0.65,0.88,283.0,1001.0,1,803,Clouds,broken clouds,04d
2025-08-02 06:56:34,Thanh Hoa-Thanh Hoa,Thanh Hoa,26.78,26.78,26.78,90.0,30.11,10000.0,0.0,82.0,0.65,0.88,283.0,1001.0,1,803,Clouds,broken clouds,04d
2025-08-02 07:00:21,Thanh Hoa-Thanh Hoa,Thanh Hoa,26.78,26.78,26.78,90.0,30.11,10000.0,0.0,82.0,0.65,0.88,283.0,1001.0,1,803,Clouds,broken clouds,04d
2025-08-02 07:04:07,Thanh Hoa-Thanh Hoa,Thanh Hoa,26.78,26.78,26.78,90.0,30.11,10000.0,0.0,82.0,0.65,0.88,283.0,1001.0,1,803,Clouds,broken clouds,04d
2025-08-02 07:07:52,Thanh Hoa-Thanh Hoa,Thanh Hoa,26.9,26.9,26.9,90.0,30.45,10000.0,0.0,82.0,0.65,0.88,283.0,1001.0,1,803,Clouds,broken clouds,04d
2025-08-02 07:11:38,Thanh Hoa-Thanh Hoa,Thanh Hoa,26.9,26.9,26.9,90.0,30.45,10000.0,0.0,82.0,0.65,0.88,283.0,1001.0,1,803,Clouds,broken clouds,04d
2025-08-02 07:15:25,Thanh Hoa-Thanh Hoa,Thanh Hoa,26.9,26.9,26.9,90.0,30.45,10000.0,0.0,82.0,0.65,0.88,283.0,1001.0,1,803,Clouds,broken clouds,04d
2025-08-02 07:19:13,Thanh Hoa-Thanh Hoa,Thanh Hoa,26.9,26.9,26.9,90.0,30.45,10000.0,0.0,82.0,0.65,0.88,283.0,1001.0,1,803,Clouds,broken clouds,04d
2025-08-02 07:22:58,Thanh Hoa-Thanh Hoa,Thanh Hoa,26.9,26.9,26.9,90.0,30.45,10000.0,0.0,82.0,0.65,0.88,283.0,1001.0,1,803,Clouds,broken clouds,04d
2025-08-02 07:26:44,Thanh Hoa-Thanh Hoa,Thanh Hoa,26.9,26.9,26.9,90.0,30.45,10000.0,0.0,82.0,0.65,0.88,283.0,1001.0,1,803,Clouds,broken clouds,04d
2025-08-02 07:30:30,Thanh Hoa-Thanh Hoa,Thanh Hoa,26.9,26.9,26.9,90.0,30.45,10000.0,0.0,82.0,0.65,0.88,283.0,1001.0,1,803,Clouds,broken clouds,04d
2025-08-02 07:34:16,Thanh Hoa-Thanh Hoa,Thanh Hoa,28.63,28.63,28.63,84.0,34.53,10000.0,0.0,63.0,0.87,1.18,261.0,1002.0,1,803,Clouds,broken clouds,04d
2025-08-02 07:38:02,Thanh Hoa-Thanh Hoa,Thanh Hoa,28.63,28.63,28.63,84.0,34.53,10000.0,0.0,63.0,0.87,1.18,261.0,1002.0,1,803,Clouds,broken clouds,04d
2025-08-02 07:41:47,Thanh Hoa-Thanh Hoa,Thanh Hoa,28.63,28.63,28.63,84.0,34.53,10000.0,0.0,63.0,0.87,1.18,261.0,1002.0,1,803,Clouds,broken clouds,04d
2025-08-02 07:45:33,Thanh Hoa-Thanh Hoa,Thanh Hoa,28.63,28.63,28.63,84.0,34.53,10000.0,0.0,63.0,0.87,1.18,261.0,1002.0,1,803,Clouds,broken clouds,04d
2025-08-02 07:49:19,Thanh Hoa-Thanh Hoa,Thanh Hoa,28.67,28.67,28.67,84.0,34.65,10000.0,0.0,63.0,0.87,1.18,261.0,1002.0,1,803,Clouds,broken clouds,04d
2025-08-02 07:53:05,Thanh Hoa-Thanh Hoa,Thanh Hoa,28.63,28.63,28.63,84.0,34.53,10000.0,0.0,63.0,0.87,1.18,261.0,1002.0,1,803,Clouds,broken clouds,04d
2025-08-02 07:56:51,Thanh Hoa-Thanh Hoa,Thanh Hoa,28.67,28.67,28.67,84.0,34.65,10000.0,0.0,63.0,0.87,1.18,261.0,1002.0,1,803,Clouds,broken clouds,04d
2025-08-02 08:00:37,Thanh Hoa-Thanh Hoa,Thanh Hoa,28.67,28.67,28.67,84.0,34.65,10000.0,0.0,63.0,0.87,1.18,261.0,1002.0,1,803,Clouds,broken clouds,04d
2025-08-02 08:04:23,Thanh Hoa-Thanh Hoa,Thanh Hoa,28.7,28.7,28.7,84.0,34.73,10000.0,0.0,63.0,0.87,1.18,261.0,1002.0,1,803,Clouds,broken clouds,04d
2025-08-02 08:08:08,Thanh Hoa-Thanh Hoa,Thanh Hoa,28.7,28.7,28.7,84.0,34.73,10000.0,0.0,63.0,0.87,1.18,261.0,1002.0,1,803,Clouds,broken clouds,04d
2025-08-02 08:11:54,Thanh Hoa-Thanh Hoa,Thanh Hoa,28.7,28.7,28.7,84.0,34.73,10000.0,0.0,63.0,0.87,1.18,261.0,1002.0,1,803,Clouds,broken clouds,04d
2025-08-02 08:15:39,Thanh Hoa-Thanh Hoa,Thanh Hoa,28.7,28.7,28.7,84.0,34.73,10000.0,0.0,63.0,0.87,1.18,261.0,1002.0,1,803,Clouds,broken clouds,04d
2025-08-02 08:19:25,Thanh Hoa-Thanh Hoa,Thanh Hoa,28.7,28.7,28.7,84.0,34.73,10000.0,0.0,63.0,0.87,1.18,261.0,1002.0,1,803,Clouds,broken clouds,04d
2025-08-02 08:23:11,Thanh Hoa-Thanh Hoa,Thanh Hoa,28.7,28.7,28.7,84.0,34.73,10000.0,0.0,63.0,0.87,1.18,261.0,1002.0,1,803,Clouds,broken clouds,04d
2025-08-02 08:26:57,Thanh Hoa-Thanh Hoa,Thanh Hoa,28.7,28.7,28.7,84.0,34.73,10000.0,0.0,63.0,0.87,1.18,261.0,1002.0,1,803,Clouds,broken clouds,04d
2025-08-02 08:30:42,Thanh Hoa-Thanh Hoa,Thanh Hoa,30.72,30.72,30.72,74.0,37.72,10000.0,0.0,50.0,0.73,1.05,245.0,1002.0,1,802,Clouds,scattered clouds,03d
2025-08-02 08:34:28,Thanh Hoa-Thanh Hoa,Thanh Hoa,30.72,30.72,30.72,74.0,37.72,10000.0,0.0,50.0,0.73,1.05,245.0,1002.0,1,802,Clouds,scattered clouds,03d
2025-08-02 08:38:14,Thanh Hoa-Thanh Hoa,Thanh Hoa,30.72,30.72,30.72,74.0,37.72,10000.0,0.0,50.0,0.73,1.05,245.0,1002.0,1,802,Clouds,scattered clouds,03d
2025-08-02 08:41:59,Thanh Hoa-Thanh Hoa,Thanh Hoa,30.72,30.72,30.72,74.0,37.72,10000.0,0.0,50.0,0.73,1.05,245.0,1002.0,1,802,Clouds,scattered clouds,03d
2025-08-02 08:45:45,Thanh Hoa-Thanh Hoa,Thanh Hoa,30.72,30.72,30.72,74.0,37.72,10000.0,0.0,50.0,0.73,1.05,245.0,1002.0,1,802,Clouds,scattered clouds,03d
2025-08-02 08:49:31,Thanh Hoa-Thanh Hoa,Thanh Hoa,30.72,30.72,30.72,74.0,37.72,10000.0,0.0,50.0,0.73,1.05,245.0,1002.0,1,802,Clouds,scattered clouds,03d
2025-08-02 08:53:17,Thanh Hoa-Thanh Hoa,Thanh Hoa,30.72,30.72,30.72,74.0,37.72,10000.0,0.0,50.0,0.73,1.05,245.0,1002.0,1,802,Clouds,scattered clouds,03d
2025-08-02 08:57:02,Thanh Hoa-Thanh Hoa,Thanh Hoa,30.72,30.72,30.72,74.0,37.72,10000.0,0.0,50.0,0.73,1.05,245.0,1002.0,1,802,Clouds,scattered clouds,03d
2025-08-02 09:00:50,Thanh Hoa-Thanh Hoa,Thanh Hoa,30.72,30.72,30.72,74.0,37.72,10000.0,0.0,50.0,0.73,1.05,245.0,1002.0,1,802,Clouds,scattered clouds,03d
2025-08-02 09:04:35,Thanh Hoa-Thanh Hoa,Thanh Hoa,30.72,30.72,30.72,74.0,37.72,10000.0,0.0,50.0,0.73,1.05,245.0,1002.0,1,802,Clouds,scattered clouds,03d
2025-08-02 09:08:21,Thanh Hoa-Thanh Hoa,Thanh Hoa,30.72,30.72,30.72,74.0,37.72,10000.0,0.0,50.0,0.73,1.05,245.0,1002.0,1,802,Clouds,scattered clouds,03d
2025-08-02 09:12:07,Thanh Hoa-Thanh Hoa,Thanh Hoa,30.72,30.72,30.72,74.0,37.72,10000.0,0.0,50.0,0.73,1.05,245.0,1002.0,1,802,Clouds,scattered clouds,03d
2025-08-02 09:15:53,Thanh Hoa-Thanh Hoa,Thanh Hoa,30.72,30.72,30.72,74.0,37.72,10000.0,0.0,50.0,0.73,1.05,245.0,1002.0,1,802,Clouds,scattered clouds,03d
2025-08-02 09:19:39,Thanh Hoa-Thanh Hoa,Thanh Hoa,30.73,30.73,30.73,74.0,37.73,10000.0,0.0,50.0,0.73,1.05,245.0,1002.0,1,802,Clouds,scattered clouds,03d
2025-08-02 09:23:25,Thanh Hoa-Thanh Hoa,Thanh Hoa,30.72,30.72,30.72,74.0,37.72,10000.0,0.0,50.0,0.73,1.05,245.0,1002.0,1,802,Clouds,scattered clouds,03d
2025-08-02 09:27:11,Thanh Hoa-Thanh Hoa,Thanh Hoa,30.73,30.73,30.73,74.0,37.73,10000.0,0.0,50.0,0.73,1.05,245.0,1002.0,1,802,Clouds,scattered clouds,03d
2025-08-02 09:30:57,Thanh Hoa-Thanh Hoa,Thanh Hoa,30.73,30.73,30.73,74.0,37.73,10000.0,0.0,50.0,0.73,1.05,245.0,1002.0,1,802,Clouds,scattered clouds,03d
2025-08-02 09:34:42,Thanh Hoa-Thanh Hoa,Thanh Hoa,32.64,32.64,32.64,66.0,39.64,10000.0,0.0,67.0,0.92,1.31,222.0,1002.0,1,803,Clouds,broken clouds,04d
2025-08-02 09:38:29,Thanh Hoa-Thanh Hoa,Thanh Hoa,32.64,32.64,32.64,66.0,39.64,10000.0,0.0,67.0,0.92,1.31,222.0,1002.0,1,803,Clouds,broken clouds,04d
2025-08-02 09:42:15,Thanh Hoa-Thanh Hoa,Thanh Hoa,32.64,32.64,32.64,66.0,39.64,10000.0,0.0,67.0,0.92,1.31,222.0,1002.0,1,803,Clouds,broken clouds,04d
2025-08-02 09:46:00,Thanh Hoa-Thanh Hoa,Thanh Hoa,32.64,32.64,32.64,66.0,39.64,10000.0,0.0,67.0,0.92,1.31,222.0,1002.0,1,803,Clouds,broken clouds,04d
2025-08-02 09:49:46,Thanh Hoa-Thanh Hoa,Thanh Hoa,32.64,32.64,32.64,66.0,39.64,10000.0,0.0,67.0,0.92,1.31,222.0,1002.0,1,803,Clouds,broken clouds,04d
2025-08-02 09:53:32,Thanh Hoa-Thanh Hoa,Thanh Hoa,32.64,32.64,32.64,66.0,39.64,10000.0,0.0,67.0,0.92,1.31,222.0,1002.0,1,803,Clouds,broken clouds,04d
2025-08-02 09:57:18,Thanh Hoa-Thanh Hoa,Thanh Hoa,32.64,32.64,32.64,66.0,39.64,10000.0,0.0,67.0,0.92,1.31,222.0,1002.0,1,803,Clouds,broken clouds,04d
2025-08-02 10:01:04,Thanh Hoa-Thanh Hoa,Thanh Hoa,32.64,32.64,32.64,66.0,39.64,10000.0,0.0,67.0,0.92,1.31,222.0,1002.0,1,803,Clouds,broken clouds,04d
2025-08-02 10:04:49,Thanh Hoa-Thanh Hoa,Thanh Hoa,32.63,32.63,32.63,66.0,39.63,10000.0,0.0,67.0,0.92,1.31,222.0,1002.0,1,803,Clouds,broken clouds,04d
2025-08-02 10:08:35,Thanh Hoa-Thanh Hoa,Thanh Hoa,32.63,32.63,32.63,66.0,39.63,10000.0,0.0,67.0,0.92,1.31,222.0,1002.0,1,803,Clouds,broken clouds,04d
2025-08-02 10:12:20,Thanh Hoa-Thanh Hoa,Thanh Hoa,32.63,32.63,32.63,66.0,39.63,10000.0,0.0,67.0,0.92,1.31,222.0,1002.0,1,803,Clouds,broken clouds,04d
2025-08-02 10:16:06,Thanh Hoa-Thanh Hoa,Thanh Hoa,32.63,32.63,32.63,66.0,39.63,10000.0,0.0,67.0,0.92,1.31,222.0,1002.0,1,803,Clouds,broken clouds,04d
2025-08-02 10:19:52,Thanh Hoa-Thanh Hoa,Thanh Hoa,32.64,32.64,32.64,66.0,39.64,10000.0,0.0,67.0,0.92,1.31,222.0,1002.0,1,803,Clouds,broken clouds,04d
2025-08-02 10:23:38,Thanh Hoa-Thanh Hoa,Thanh Hoa,32.63,32.63,32.63,66.0,39.63,10000.0,0.0,67.0,0.92,1.31,222.0,1002.0,1,803,Clouds,broken clouds,04d
2025-08-02 10:27:23,Thanh Hoa-Thanh Hoa,Thanh Hoa,32.64,32.64,32.64,66.0,39.64,10000.0,0.0,67.0,0.92,1.31,222.0,1002.0,1,803,Clouds,broken clouds,04d
2025-08-02 10:31:09,Thanh Hoa-Thanh Hoa,Thanh Hoa,33.95,33.95,33.95,60.0,40.95,10000.0,0.0,74.0,1.04,1.38,187.0,1002.0,1,803,Clouds,broken clouds,04d
2025-08-02 10:34:55,Thanh Hoa-Thanh Hoa,Thanh Hoa,33.95,33.95,33.95,60.0,40.95,10000.0,0.0,74.0,1.04,1.38,187.0,1002.0,1,803,Clouds,broken clouds,04d
2025-08-02 10:38:40,Thanh Hoa-Thanh Hoa,Thanh Hoa,33.95,33.95,33.95,60.0,40.95,10000.0,0.0,74.0,1.04,1.38,187.0,1002.0,1,803,Clouds,broken clouds,04d
2025-08-02 10:42:26,Thanh Hoa-Thanh Hoa,Thanh Hoa,33.95,33.95,33.95,60.0,40.95,10000.0,0.0,74.0,1.04,1.38,187.0,1002.0,1,803,Clouds,broken clouds,04d
2025-08-02 10:46:12,Thanh Hoa-Thanh Hoa,Thanh Hoa,33.95,33.95,33.95,60.0,40.95,10000.0,0.0,74.0,1.04,1.38,187.0,1002.0,1,803,Clouds,broken clouds,04d
2025-08-02 10:49:58,Thanh Hoa-Thanh Hoa,Thanh Hoa,33.95,33.95,33.95,60.0,40.95,10000.0,0.0,74.0,1.04,1.38,187.0,1002.0,1,803,Clouds,broken clouds,04d
2025-08-02 10:53:46,Thanh Hoa-Thanh Hoa,Thanh Hoa,33.95,33.95,33.95,60.0,40.95,10000.0,0.0,74.0,1.04,1.38,187.0,1002.0,1,803,Clouds,broken clouds,04d
2025-08-02 10:57:35,Thanh Hoa-Thanh Hoa,Thanh Hoa,33.95,33.95,33.95,60.0,40.95,10000.0,0.0,74.0,1.04,1.38,187.0,1002.0,1,803,Clouds,broken clouds,04d
2025-08-02 11:01:28,Thanh Hoa-Thanh Hoa,Thanh Hoa,33.93,33.93,33.93,60.0,40.93,10000.0,0.0,74.0,1.04,1.38,187.0,1002.0,1,803,Clouds,broken clouds,04d
2025-08-02 11:05:17,Thanh Hoa-Thanh Hoa,Thanh Hoa,33.93,33.93,33.93,60.0,40.93,10000.0,0.0,74.0,1.04,1.38,187.0,1002.0,1,803,Clouds,broken clouds,04d
2025-08-02 11:09:08,Thanh Hoa-Thanh Hoa,Thanh Hoa,33.93,33.93,33.93,60.0,40.93,10000.0,0.0,74.0,1.04,1.38,187.0,1002.0,1,803,Clouds,broken clouds,04d
2025-08-02 11:12:58,Thanh Hoa-Thanh Hoa,Thanh Hoa,33.93,33.93,33.93,60.0,40.93,10000.0,0.0,74.0,1.04,1.38,187.0,1002.0,1,803,Clouds,broken clouds,04d
2025-08-02 11:16:47,Thanh Hoa-Thanh Hoa,Thanh Hoa,33.93,33.93,33.93,60.0,40.93,10000.0,0.0,74.0,1.04,1.38,187.0,1002.0,1,803,Clouds,broken clouds,04d
2025-08-02 11:20:37,Thanh Hoa-Thanh Hoa,Thanh Hoa,33.94,33.94,33.94,60.0,40.94,10000.0,0.0,74.0,1.04,1.38,187.0,1002.0,1,803,Clouds,broken clouds,04d
2025-08-02 11:24:27,Thanh Hoa-Thanh Hoa,Thanh Hoa,33.94,33.94,33.94,60.0,40.94,10000.0,0.0,74.0,1.04,1.38,187.0,1002.0,1,803,Clouds,broken clouds,04d
2025-08-02 11:28:19,Thanh Hoa-Thanh Hoa,Thanh Hoa,33.94,33.94,33.94,60.0,40.94,10000.0,0.0,74.0,1.04,1.38,187.0,1002.0,1,803,Clouds,broken clouds,04d
2025-08-02 11:32:10,Thanh Hoa-Thanh Hoa,Thanh Hoa,34.94,34.94,34.94,57.0,41.94,10000.0,0.0,77.0,1.02,1.55,177.0,1001.0,1,803,Clouds,broken clouds,04d
2025-08-02 11:36:01,Thanh Hoa-Thanh Hoa,Thanh Hoa,34.94,34.94,34.94,57.0,41.94,10000.0,0.0,77.0,1.02,1.55,177.0,1001.0,1,803,Clouds,broken clouds,04d
2025-08-02 11:39:52,Thanh Hoa-Thanh Hoa,Thanh Hoa,34.94,34.94,34.94,57.0,41.94,10000.0,0.0,77.0,1.02,1.55,177.0,1001.0,1,803,Clouds,broken clouds,04d
2025-08-02 11:43:42,Thanh Hoa-Thanh Hoa,Thanh Hoa,34.94,34.94,34.94,57.0,41.94,10000.0,0.0,77.0,1.02,1.55,177.0,1001.0,1,803,Clouds,broken clouds,04d
2025-08-02 11:47:32,Thanh Hoa-Thanh Hoa,Thanh Hoa,34.97,34.97,34.97,56.0,41.97,10000.0,0.0,77.0,1.02,1.55,177.0,1001.0,1,803,Clouds,broken clouds,04d
2025-08-02 11:51:21,Thanh Hoa-Thanh Hoa,Thanh Hoa,34.97,34.97,34.97,56.0,41.97,10000.0,0.0,77.0,1.02,1.55,177.0,1001.0,1,803,Clouds,broken clouds,04d
2025-08-02 11:55:11,Thanh Hoa-Thanh Hoa,Thanh Hoa,34.97,34.97,34.97,56.0,41.97,10000.0,0.0,77.0,1.02,1.55,177.0,1001.0,1,803,Clouds,broken clouds,04d
2025-08-02 11:59:01,Thanh Hoa-Thanh Hoa,Thanh Hoa,34.97,34.97,34.97,56.0,41.97,10000.0,0.0,77.0,1.02,1.55,177.0,1001.0,1,803,Clouds,broken clouds,04d
2025-08-02 12:02:52,Thanh Hoa-Thanh Hoa,Thanh Hoa,34.95,34.95,34.95,57.0,41.95,10000.0,0.0,77.0,1.02,1.55,177.0,1001.0,1,803,Clouds,broken clouds,04d
2025-08-02 12:06:42,Thanh Hoa-Thanh Hoa,Thanh Hoa,34.95,34.95,34.95,57.0,41.95,10000.0,0.0,77.0,1.02,1.55,177.0,1001.0,1,803,Clouds,broken clouds,04d
2025-08-02 12:10:33,Thanh Hoa-Thanh Hoa,Thanh Hoa,34.95,34.95,34.95,57.0,41.95,10000.0,0.0,77.0,1.02,1.55,177.0,1001.0,1,803,Clouds,broken clouds,04d
2025-08-02 12:14:23,Thanh Hoa-Thanh Hoa,Thanh Hoa,34.95,34.95,34.95,57.0,41.95,10000.0,0.0,77.0,1.02,1.55,177.0,1001.0,1,803,Clouds,broken clouds,04d
2025-08-02 12:18:13,Thanh Hoa-Thanh Hoa,Thanh Hoa,34.95,34.95,34.95,57.0,41.95,10000.0,0.0,77.0,1.02,1.55,177.0,1001.0,1,803,Clouds,broken clouds,04d
2025-08-02 12:22:04,Thanh Hoa-Thanh Hoa,Thanh Hoa,34.96,34.96,34.96,57.0,41.96,10000.0,0.0,77.0,1.02,1.55,177.0,1001.0,1,803,Clouds,broken clouds,04d
2025-08-02 12:25:55,Thanh Hoa-Thanh Hoa,Thanh Hoa,34.96,34.96,34.96,57.0,41.96,10000.0,0.0,77.0,1.02,1.55,177.0,1001.0,1,803,Clouds,broken clouds,04d
2025-08-02 12:30:05,Thanh Hoa-Thanh Hoa,Thanh Hoa,35.79,35.79,35.79,53.0,42.79,10000.0,0.0,72.0,1.43,1.78,140.0,1000.0,1,803,Clouds,broken clouds,04d
2025-08-02 12:33:56,Thanh Hoa-Thanh Hoa,Thanh Hoa,35.8,35.8,35.8,53.0,42.8,10000.0,0.0,72.0,1.43,1.78,140.0,1000.0,1,803,Clouds,broken clouds,04d
2025-08-02 12:37:46,Thanh Hoa-Thanh Hoa,Thanh Hoa,35.8,35.8,35.8,53.0,42.8,10000.0,0.0,72.0,1.43,1.78,140.0,1000.0,1,803,Clouds,broken clouds,04d
2025-08-02 12:41:36,Thanh Hoa-Thanh Hoa,Thanh Hoa,35.8,35.8,35.8,53.0,42.8,10000.0,0.0,72.0,1.43,1.78,140.0,1000.0,1,803,Clouds,broken clouds,04d
2025-08-02 12:45:26,Thanh Hoa-Thanh Hoa,Thanh Hoa,35.8,35.8,35.8,53.0,42.8,10000.0,0.0,76.0,1.83,2.04,137.0,1000.0,1,803,Clouds,broken clouds,04d
2025-08-02 12:49:15,Thanh Hoa-Thanh Hoa,Thanh Hoa,35.8,35.8,35.8,53.0,42.8,10000.0,0.0,76.0,1.83,2.04,137.0,1000.0,1,803,Clouds,broken clouds,04d
2025-08-02 12:53:07,Thanh Hoa-Thanh Hoa,Thanh Hoa,35.8,35.8,35.8,53.0,42.8,10000.0,0.0,76.0,1.83,2.04,137.0,1000.0,1,803,Clouds,broken clouds,04d
2025-08-02 12:56:57,Thanh Hoa-Thanh Hoa,Thanh Hoa,35.8,35.8,35.8,53.0,42.8,10000.0,0.0,76.0,1.83,2.04,137.0,1000.0,1,803,Clouds,broken clouds,04d
2025-08-02 13:00:59,Thanh Hoa-Thanh Hoa,Thanh Hoa,35.8,35.8,35.8,53.0,42.8,10000.0,0.0,76.0,1.83,2.04,137.0,1000.0,1,803,Clouds,broken clouds,04d
2025-08-02 13:04:49,Thanh Hoa-Thanh Hoa,Thanh Hoa,35.8,35.8,35.8,53.0,42.8,10000.0,0.0,76.0,1.83,2.04,137.0,1000.0,1,803,Clouds,broken clouds,04d
2025-08-02 13:08:39,Thanh Hoa-Thanh Hoa,Thanh Hoa,35.8,35.8,35.8,53.0,42.8,10000.0,0.0,76.0,1.83,2.04,137.0,1000.0,1,803,Clouds,broken clouds,04d
2025-08-02 13:12:30,Thanh Hoa-Thanh Hoa,Thanh Hoa,35.8,35.8,35.8,53.0,42.8,10000.0,0.0,76.0,1.83,2.04,137.0,1000.0,1,803,Clouds,broken clouds,04d
2025-08-02 13:16:23,Thanh Hoa-Thanh Hoa,Thanh Hoa,35.8,35.8,35.8,53.0,42.8,10000.0,0.0,76.0,1.83,2.04,137.0,1000.0,1,803,Clouds,broken clouds,04d
2025-08-02 13:20:16,Thanh Hoa-Thanh Hoa,Thanh Hoa,35.7,35.7,35.7,55.0,42.7,10000.0,0.0,76.0,1.83,2.04,137.0,1000.0,1,803,Clouds,broken clouds,04d
2025-08-02 13:24:07,Thanh Hoa-Thanh Hoa,Thanh Hoa,35.8,35.8,35.8,53.0,42.8,10000.0,0.0,76.0,1.83,2.04,137.0,1000.0,1,803,Clouds,broken clouds,04d
2025-08-02 13:27:57,Thanh Hoa-Thanh Hoa,Thanh Hoa,35.7,35.7,35.7,55.0,42.7,10000.0,0.0,76.0,1.83,2.04,137.0,1000.0,1,803,Clouds,broken clouds,04d
2025-08-02 13:31:48,Thanh Hoa-Thanh Hoa,Thanh Hoa,35.86,35.86,35.86,54.0,42.86,10000.0,0.0,81.0,2.62,2.51,122.0,999.0,1,803,Clouds,broken clouds,04d
2025-08-02 13:35:39,Thanh Hoa-Thanh Hoa,Thanh Hoa,35.86,35.86,35.86,54.0,42.86,10000.0,0.0,81.0,2.62,2.51,122.0,999.0,1,803,Clouds,broken clouds,04d
2025-08-02 13:39:29,Thanh Hoa-Thanh Hoa,Thanh Hoa,35.86,35.86,35.86,54.0,42.86,10000.0,0.0,81.0,2.62,2.51,122.0,999.0,1,803,Clouds,broken clouds,04d
2025-08-02 13:43:19,Thanh Hoa-Thanh Hoa,Thanh Hoa,35.86,35.86,35.86,54.0,42.86,10000.0,0.0,81.0,2.62,2.51,122.0,999.0,1,803,Clouds,broken clouds,04d
2025-08-02 13:47:10,Thanh Hoa-Thanh Hoa,Thanh Hoa,35.84,35.84,35.84,54.0,42.84,10000.0,0.0,81.0,2.62,2.51,122.0,999.0,1,803,Clouds,broken clouds,04d
2025-08-02 13:51:00,Thanh Hoa-Thanh Hoa,Thanh Hoa,35.84,35.84,35.84,54.0,42.84,10000.0,0.0,81.0,2.62,2.51,122.0,999.0,1,803,Clouds,broken clouds,04d
2025-08-02 13:54:51,Thanh Hoa-Thanh Hoa,Thanh Hoa,35.84,35.84,35.84,54.0,42.84,10000.0,0.0,81.0,2.62,2.51,122.0,999.0,1,803,Clouds,broken clouds,04d
2025-08-02 13:58:41,Thanh Hoa-Thanh Hoa,Thanh Hoa,35.84,35.84,35.84,54.0,42.84,10000.0,0.0,81.0,2.62,2.51,122.0,999.0,1,803,Clouds,broken clouds,04d
2025-08-02 14:02:31,Thanh Hoa-Thanh Hoa,Thanh Hoa,35.84,35.84,35.84,54.0,42.84,10000.0,0.0,81.0,2.62,2.51,122.0,999.0,1,803,Clouds,broken clouds,04d
2025-08-02 14:06:21,Thanh Hoa-Thanh Hoa,Thanh Hoa,35.82,35.82,35.82,54.0,42.82,10000.0,0.0,81.0,2.62,2.51,122.0,999.0,1,803,Clouds,broken clouds,04d
2025-08-02 14:10:13,Thanh Hoa-Thanh Hoa,Thanh Hoa,35.82,35.82,35.82,54.0,42.82,10000.0,0.0,81.0,2.62,2.51,122.0,999.0,1,803,Clouds,broken clouds,04d
2025-08-02 14:14:05,Thanh Hoa-Thanh Hoa,Thanh Hoa,35.82,35.82,35.82,54.0,42.82,10000.0,0.0,81.0,2.62,2.51,122.0,999.0,1,803,Clouds,broken clouds,04d
2025-08-02 14:17:55,Thanh Hoa-Thanh Hoa,Thanh Hoa,35.82,35.82,35.82,54.0,42.82,10000.0,0.0,81.0,2.62,2.51,122.0,999.0,1,803,Clouds,broken clouds,04d
2025-08-02 14:21:46,Thanh Hoa-Thanh Hoa,Thanh Hoa,35.83,35.83,35.83,54.0,42.83,10000.0,0.0,81.0,2.62,2.51,122.0,999.0,1,803,Clouds,broken clouds,04d
2025-08-02 14:25:36,Thanh Hoa-Thanh Hoa,Thanh Hoa,35.83,35.83,35.83,54.0,42.83,10000.0,0.0,81.0,2.62,2.51,122.0,999.0,1,803,Clouds,broken clouds,04d
2025-08-02 14:29:26,Thanh Hoa-Thanh Hoa,Thanh Hoa,35.83,35.83,35.83,54.0,42.83,10000.0,0.0,81.0,2.62,2.51,122.0,999.0,1,803,Clouds,broken clouds,04d
2025-08-02 14:33:16,Thanh Hoa-Thanh Hoa,Thanh Hoa,35.83,35.83,35.83,54.0,42.83,10000.0,0.0,81.0,2.62,2.51,122.0,999.0,1,803,Clouds,broken clouds,04d
2025-08-02 14:37:07,Thanh Hoa-Thanh Hoa,Thanh Hoa,35.13,35.13,35.13,58.0,42.13,10000.0,0.0,65.0,3.41,2.82,113.0,999.0,1,803,Clouds,broken clouds,04d
2025-08-02 14:40:57,Thanh Hoa-Thanh Hoa,Thanh Hoa,35.13,35.13,35.13,58.0,42.13,10000.0,0.0,65.0,3.41,2.82,113.0,999.0,1,803,Clouds,broken clouds,04d
2025-08-02 14:44:46,Thanh Hoa-Thanh Hoa,Thanh Hoa,35.13,35.13,35.13,58.0,42.13,10000.0,0.0,65.0,3.41,2.82,113.0,999.0,1,803,Clouds,broken clouds,04d
2025-08-02 14:48:37,Thanh Hoa-Thanh Hoa,Thanh Hoa,35.13,35.13,35.13,58.0,42.13,10000.0,0.0,65.0,3.41,2.82,113.0,999.0,1,803,Clouds,broken clouds,04d
2025-08-02 14:52:28,Thanh Hoa-Thanh Hoa,Thanh Hoa,35.13,35.13,35.13,58.0,42.13,10000.0,0.0,65.0,3.41,2.82,113.0,999.0,1,803,Clouds,broken clouds,04d
2025-08-02 14:56:18,Thanh Hoa-Thanh Hoa,Thanh Hoa,35.13,35.13,35.13,58.0,42.13,10000.0,0.0,65.0,3.41,2.82,113.0,999.0,1,803,Clouds,broken clouds,04d
2025-08-02 15:00:10,Thanh Hoa-Thanh Hoa,Thanh Hoa,35.13,35.13,35.13,58.0,42.13,10000.0,0.0,65.0,3.41,2.82,113.0,999.0,1,803,Clouds,broken clouds,04d
2025-08-02 15:04:00,Thanh Hoa-Thanh Hoa,Thanh Hoa,35.13,35.13,35.13,58.0,42.13,10000.0,0.0,65.0,3.41,2.82,113.0,999.0,1,803,Clouds,broken clouds,04d
2025-08-02 15:07:51,Thanh Hoa-Thanh Hoa,Thanh Hoa,35.12,35.12,35.12,58.0,42.12,10000.0,0.0,65.0,3.41,2.82,113.0,999.0,1,803,Clouds,broken clouds,04d
2025-08-02 15:11:41,Thanh Hoa-Thanh Hoa,Thanh Hoa,35.12,35.12,35.12,58.0,42.12,10000.0,0.0,65.0,3.41,2.82,113.0,999.0,1,803,Clouds,broken clouds,04d
2025-08-02 15:15:31,Thanh Hoa-Thanh Hoa,Thanh Hoa,35.12,35.12,35.12,58.0,42.12,10000.0,0.0,65.0,3.41,2.82,113.0,999.0,1,803,Clouds,broken clouds,04d
2025-08-02 15:19:22,Thanh Hoa-Thanh Hoa,Thanh Hoa,35.12,35.12,35.12,58.0,42.12,10000.0,0.0,65.0,3.41,2.82,113.0,999.0,1,803,Clouds,broken clouds,04d
2025-08-02 15:23:12,Thanh Hoa-Thanh Hoa,Thanh Hoa,35.12,35.12,35.12,58.0,42.12,10000.0,0.0,65.0,3.41,2.82,113.0,999.0,1,803,Clouds,broken clouds,04d
2025-08-02 15:27:02,Thanh Hoa-Thanh Hoa,Thanh Hoa,35.12,35.12,35.12,58.0,42.12,10000.0,0.0,65.0,3.41,2.82,113.0,999.0,1,803,Clouds,broken clouds,04d
2025-08-02 15:30:53,Thanh Hoa-Thanh Hoa,Thanh Hoa,33.68,33.68,33.68,66.0,40.68,10000.0,0.0,73.0,3.51,3.68,113.0,998.0,1,803,Clouds,broken clouds,04d
2025-08-02 15:34:42,Thanh Hoa-Thanh Hoa,Thanh Hoa,33.68,33.68,33.68,66.0,40.68,10000.0,0.0,73.0,3.51,3.68,113.0,998.0,1,803,Clouds,broken clouds,04d
2025-08-02 15:38:32,Thanh Hoa-Thanh Hoa,Thanh Hoa,33.68,33.68,33.68,66.0,40.68,10000.0,0.0,73.0,3.51,3.68,113.0,998.0,1,803,Clouds,broken clouds,04d
2025-08-02 15:42:22,Thanh Hoa-Thanh Hoa,Thanh Hoa,33.68,33.68,33.68,66.0,40.68,10000.0,0.0,73.0,3.51,3.68,113.0,998.0,1,803,Clouds,broken clouds,04d
2025-08-02 15:46:12,Thanh Hoa-Thanh Hoa,Thanh Hoa,33.71,33.71,33.71,66.0,40.71,10000.0,0.0,73.0,3.51,3.68,113.0,998.0,1,803,Clouds,broken clouds,04d
2025-08-02 15:50:03,Thanh Hoa-Thanh Hoa,Thanh Hoa,33.71,33.71,33.71,66.0,40.71,10000.0,0.0,73.0,3.51,3.68,113.0,998.0,1,803,Clouds,broken clouds,04d
2025-08-02 15:53:54,Thanh Hoa-Thanh Hoa,Thanh Hoa,33.71,33.71,33.71,66.0,40.71,10000.0,0.0,73.0,3.51,3.68,113.0,998.0,1,803,Clouds,broken clouds,04d
2025-08-02 15:57:44,Thanh Hoa-Thanh Hoa,Thanh Hoa,33.71,33.71,33.71,66.0,40.71,10000.0,0.0,73.0,3.51,3.68,113.0,998.0,1,803,Clouds,broken clouds,04d
2025-08-02 16:01:34,Thanh Hoa-Thanh Hoa,Thanh Hoa,33.71,33.71,33.71,66.0,40.71,10000.0,0.0,73.0,3.51,3.68,113.0,998.0,1,803,Clouds,broken clouds,04d
2025-08-02 16:05:28,Thanh Hoa-Thanh Hoa,Thanh Hoa,33.73,33.73,33.73,66.0,40.73,10000.0,0.0,73.0,3.51,3.68,113.0,998.0,1,803,Clouds,broken clouds,04d
2025-08-02 16:09:18,Thanh Hoa-Thanh Hoa,Thanh Hoa,33.71,33.71,33.71,66.0,40.71,10000.0,0.0,73.0,3.51,3.68,113.0,998.0,1,803,Clouds,broken clouds,04d
2025-08-02 16:13:10,Thanh Hoa-Thanh Hoa,Thanh Hoa,33.73,33.73,33.73,66.0,40.73,10000.0,0.0,73.0,3.51,3.68,113.0,998.0,1,803,Clouds,broken clouds,04d
2025-08-02 16:17:01,Thanh Hoa-Thanh Hoa,Thanh Hoa,33.73,33.73,33.73,66.0,40.73,10000.0,0.0,73.0,3.51,3.68,113.0,998.0,1,803,Clouds,broken clouds,04d
2025-08-02 16:20:52,Thanh Hoa-Thanh Hoa,Thanh Hoa,33.73,33.73,33.73,66.0,40.73,10000.0,0.0,73.0,3.51,3.68,113.0,998.0,1,803,Clouds,broken clouds,04d
2025-08-02 16:24:43,Thanh Hoa-Thanh Hoa,Thanh Hoa,33.73,33.73,33.73,66.0,40.73,10000.0,0.0,73.0,3.51,3.68,113.0,998.0,1,803,Clouds,broken clouds,04d
2025-08-02 16:28:32,Thanh Hoa-Thanh Hoa,Thanh Hoa,33.73,33.73,33.73,66.0,40.73,10000.0,0.0,73.0,3.51,3.68,113.0,998.0,1,803,Clouds,broken clouds,04d
2025-08-02 16:32:22,Thanh Hoa-Thanh Hoa,Thanh Hoa,31.5,31.5,31.5,77.0,38.5,10000.0,0.0,77.0,2.95,4.95,118.0,998.0,1,803,Clouds,broken clouds,04d
2025-08-02 16:36:13,Thanh Hoa-Thanh Hoa,Thanh Hoa,33.73,33.73,33.73,66.0,40.73,10000.0,0.0,73.0,3.51,3.68,113.0,998.0,1,803,Clouds,broken clouds,04d
2025-08-02 16:40:04,Thanh Hoa-Thanh Hoa,Thanh Hoa,31.5,31.5,31.5,77.0,38.5,10000.0,0.0,77.0,2.95,4.95,118.0,998.0,1,803,Clouds,broken clouds,04d
2025-08-02 16:43:55,Thanh Hoa-Thanh Hoa,Thanh Hoa,31.5,31.5,31.5,77.0,38.5,10000.0,0.0,77.0,2.95,4.95,118.0,998.0,1,803,Clouds,broken clouds,04d
2025-08-02 16:47:45,Thanh Hoa-Thanh Hoa,Thanh Hoa,31.47,31.47,31.47,77.0,38.47,10000.0,0.0,77.0,2.95,4.95,118.0,998.0,1,803,Clouds,broken clouds,04d
2025-08-02 16:51:36,Thanh Hoa-Thanh Hoa,Thanh Hoa,31.47,31.47,31.47,77.0,38.47,10000.0,0.0,77.0,2.95,4.95,118.0,998.0,1,803,Clouds,broken clouds,04d
2025-08-02 16:55:28,Thanh Hoa-Thanh Hoa,Thanh Hoa,31.47,31.47,31.47,77.0,38.47,10000.0,0.0,77.0,2.95,4.95,118.0,998.0,1,803,Clouds,broken clouds,04d
2025-08-02 16:59:18,Thanh Hoa-Thanh Hoa,Thanh Hoa,31.47,31.47,31.47,77.0,38.47,10000.0,0.0,77.0,2.95,4.95,118.0,998.0,1,803,Clouds,broken clouds,04d
2025-08-02 17:03:10,Thanh Hoa-Thanh Hoa,Thanh Hoa,31.48,31.48,31.48,77.0,38.48,10000.0,0.0,77.0,2.95,4.95,118.0,998.0,1,803,Clouds,broken clouds,04d
2025-08-02 17:07:00,Thanh Hoa-Thanh Hoa,Thanh Hoa,31.48,31.48,31.48,77.0,38.48,10000.0,0.0,77.0,2.95,4.95,118.0,998.0,1,803,Clouds,broken clouds,04d
2025-08-02 17:10:53,Thanh Hoa-Thanh Hoa,Thanh Hoa,31.48,31.48,31.48,77.0,38.48,10000.0,0.0,77.0,2.95,4.95,118.0,998.0,1,803,Clouds,broken clouds,04d
2025-08-02 17:14:43,Thanh Hoa-Thanh Hoa,Thanh Hoa,31.48,31.48,31.48,77.0,38.48,10000.0,0.0,77.0,2.95,4.95,118.0,998.0,1,803,Clouds,broken clouds,04d
2025-08-02 17:18:34,Thanh Hoa-Thanh Hoa,Thanh Hoa,31.49,31.49,31.49,77.0,38.49,10000.0,0.0,77.0,2.95,4.95,118.0,998.0,1,803,Clouds,broken clouds,04d
2025-08-02 17:22:24,Thanh Hoa-Thanh Hoa,Thanh Hoa,31.49,31.49,31.49,77.0,38.49,10000.0,0.0,77.0,2.95,4.95,118.0,998.0,1,803,Clouds,broken clouds,04d
2025-08-02 17:26:14,Thanh Hoa-Thanh Hoa,Thanh Hoa,31.49,31.49,31.49,77.0,38.49,10000.0,0.0,77.0,2.95,4.95,118.0,998.0,1,803,Clouds,broken clouds,04d
2025-08-02 17:30:05,Thanh Hoa-Thanh Hoa,Thanh Hoa,31.49,31.49,31.49,77.0,38.49,10000.0,0.0,77.0,2.95,4.95,118.0,998.0,1,803,Clouds,broken clouds,04d
2025-08-02 17:33:56,Thanh Hoa-Thanh Hoa,Thanh Hoa,30.46,30.46,30.46,83.0,37.46,10000.0,0.0,76.0,2.51,5.01,118.0,999.0,1,803,Clouds,broken clouds,04d
2025-08-02 17:37:47,Thanh Hoa-Thanh Hoa,Thanh Hoa,30.46,30.46,30.46,83.0,37.46,10000.0,0.0,76.0,2.51,5.01,118.0,999.0,1,803,Clouds,broken clouds,04d
2025-08-02 17:41:37,Thanh Hoa-Thanh Hoa,Thanh Hoa,30.46,30.46,30.46,83.0,37.46,10000.0,0.0,76.0,2.51,5.01,118.0,999.0,1,803,Clouds,broken clouds,04d
2025-08-02 17:45:27,Thanh Hoa-Thanh Hoa,Thanh Hoa,30.46,30.46,30.46,83.0,37.46,10000.0,0.0,76.0,2.51,5.01,118.0,999.0,1,803,Clouds,broken clouds,04d
2025-08-02 17:49:18,Thanh Hoa-Thanh Hoa,Thanh Hoa,30.43,30.43,30.43,83.0,37.43,10000.0,0.0,76.0,2.51,5.01,118.0,999.0,1,803,Clouds,broken clouds,04d
2025-08-02 17:53:10,Thanh Hoa-Thanh Hoa,Thanh Hoa,30.43,30.43,30.43,83.0,37.43,10000.0,0.0,76.0,2.51,5.01,118.0,999.0,1,803,Clouds,broken clouds,04d
2025-08-02 17:57:02,Thanh Hoa-Thanh Hoa,Thanh Hoa,30.43,30.43,30.43,83.0,37.43,10000.0,0.0,76.0,2.51,5.01,118.0,999.0,1,803,Clouds,broken clouds,04d
2025-08-02 18:00:53,Thanh Hoa-Thanh Hoa,Thanh Hoa,30.43,30.43,30.43,83.0,37.43,10000.0,0.0,76.0,2.51,5.01,118.0,999.0,1,803,Clouds,broken clouds,04d
2025-08-02 18:04:42,Thanh Hoa-Thanh Hoa,Thanh Hoa,30.43,30.43,30.43,83.0,37.43,10000.0,0.0,76.0,2.51,5.01,118.0,999.0,1,803,Clouds,broken clouds,04d
2025-08-02 18:08:32,Thanh Hoa-Thanh Hoa,Thanh Hoa,30.43,30.43,30.43,83.0,37.43,10000.0,0.0,76.0,2.51,5.01,118.0,999.0,1,803,Clouds,broken clouds,04d
2025-08-02 18:12:23,Thanh Hoa-Thanh Hoa,Thanh Hoa,30.45,30.45,30.45,83.0,37.45,10000.0,0.0,76.0,2.51,5.01,118.0,999.0,1,803,Clouds,broken clouds,04d
2025-08-02 18:16:14,Thanh Hoa-Thanh Hoa,Thanh Hoa,30.45,30.45,30.45,83.0,37.45,10000.0,0.0,76.0,2.51,5.01,118.0,999.0,1,803,Clouds,broken clouds,04d
2025-08-02 18:20:05,Thanh Hoa-Thanh Hoa,Thanh Hoa,30.45,30.45,30.45,83.0,37.45,10000.0,0.0,76.0,2.51,5.01,118.0,999.0,1,803,Clouds,broken clouds,04d
2025-08-02 18:23:55,Thanh Hoa-Thanh Hoa,Thanh Hoa,30.45,30.45,30.45,83.0,37.45,10000.0,0.0,76.0,2.51,5.01,118.0,999.0,1,803,Clouds,broken clouds,04d
2025-08-02 18:27:46,Thanh Hoa-Thanh Hoa,Thanh Hoa,30.45,30.45,30.45,83.0,37.45,10000.0,0.0,76.0,2.51,5.01,118.0,999.0,1,803,Clouds,broken clouds,04d
2025-08-02 18:31:36,Thanh Hoa-Thanh Hoa,Thanh Hoa,28.99,28.99,28.99,87.0,35.99,10000.0,0.0,77.0,2.4,4.86,126.0,999.0,1,803,Clouds,broken clouds,04d
2025-08-02 18:35:27,Thanh Hoa-Thanh Hoa,Thanh Hoa,28.99,28.99,28.99,87.0,35.99,10000.0,0.0,77.0,2.4,4.86,126.0,999.0,0,803,Clouds,broken clouds,04n
2025-08-02 18:39:17,Thanh Hoa-Thanh Hoa,Thanh Hoa,28.99,28.99,28.99,87.0,35.99,10000.0,0.0,77.0,2.4,4.86,126.0,999.0,0,803,Clouds,broken clouds,04n
2025-08-02 18:43:08,Thanh Hoa-Thanh Hoa,Thanh Hoa,28.99,28.99,28.99,87.0,35.99,10000.0,0.0,70.0,2.16,5.08,136.0,999.0,0,803,Clouds,broken clouds,04n
2025-08-02 18:46:59,Thanh Hoa-Thanh Hoa,Thanh Hoa,28.99,28.99,28.99,87.0,35.99,10000.0,0.0,70.0,2.16,5.08,136.0,999.0,0,803,Clouds,broken clouds,04n
2025-08-02 18:50:49,Thanh Hoa-Thanh Hoa,Thanh Hoa,28.99,28.99,28.99,87.0,35.99,10000.0,0.0,70.0,2.16,5.08,136.0,999.0,0,803,Clouds,broken clouds,04n
2025-08-02 18:54:40,Thanh Hoa-Thanh Hoa,Thanh Hoa,28.99,28.99,28.99,87.0,35.99,10000.0,0.0,70.0,2.16,5.08,136.0,999.0,0,803,Clouds,broken clouds,04n
2025-08-02 18:58:31,Thanh Hoa-Thanh Hoa,Thanh Hoa,28.99,28.99,28.99,87.0,35.99,10000.0,0.0,70.0,2.16,5.08,136.0,999.0,0,803,Clouds,broken clouds,04n
2025-08-02 19:02:22,Thanh Hoa-Thanh Hoa,Thanh Hoa,28.99,28.99,28.99,87.0,35.99,10000.0,0.0,70.0,2.16,5.08,136.0,999.0,0,803,Clouds,broken clouds,04n
2025-08-02 19:06:13,Thanh Hoa-Thanh Hoa,Thanh Hoa,28.99,28.99,28.99,87.0,35.99,10000.0,0.0,70.0,2.16,5.08,136.0,999.0,0,803,Clouds,broken clouds,04n
2025-08-02 19:10:05,Thanh Hoa-Thanh Hoa,Thanh Hoa,28.99,28.99,28.99,87.0,35.99,10000.0,0.0,70.0,2.16,5.08,136.0,999.0,0,803,Clouds,broken clouds,04n
2025-08-02 19:13:56,Thanh Hoa-Thanh Hoa,Thanh Hoa,28.99,28.99,28.99,87.0,35.99,10000.0,0.0,70.0,2.16,5.08,136.0,999.0,0,803,Clouds,broken clouds,04n
2025-08-02 19:17:46,Thanh Hoa-Thanh Hoa,Thanh Hoa,29.76,29.76,29.76,83.0,36.76,10000.0,0.0,70.0,2.16,5.08,136.0,1000.0,0,803,Clouds,broken clouds,04n
2025-08-02 19:21:35,Thanh Hoa-Thanh Hoa,Thanh Hoa,29.76,29.76,29.76,83.0,36.76,10000.0,0.0,70.0,2.16,5.08,136.0,1000.0,0,803,Clouds,broken clouds,04n
2025-08-02 19:25:20,Thanh Hoa-Thanh Hoa,Thanh Hoa,29.76,29.76,29.76,83.0,36.76,10000.0,0.0,70.0,2.16,5.08,136.0,1000.0,0,803,Clouds,broken clouds,04n
2025-08-02 19:29:06,Thanh Hoa-Thanh Hoa,Thanh Hoa,29.76,29.76,29.76,83.0,36.76,10000.0,0.0,70.0,2.16,5.08,136.0,1000.0,0,803,Clouds,broken clouds,04n
2025-08-02 19:32:52,Thanh Hoa-Thanh Hoa,Thanh Hoa,29.0,29.0,29.0,85.0,35.87,10000.0,0.0,100.0,2.33,5.76,132.0,1001.0,0,804,Clouds,overcast clouds,04n
2025-08-02 19:36:37,Thanh Hoa-Thanh Hoa,Thanh Hoa,29.0,29.0,29.0,85.0,35.87,10000.0,0.0,100.0,2.33,5.76,132.0,1001.0,0,804,Clouds,overcast clouds,04n
2025-08-02 19:40:23,Thanh Hoa-Thanh Hoa,Thanh Hoa,29.0,29.0,29.0,85.0,35.87,10000.0,0.0,100.0,2.33,5.76,132.0,1001.0,0,804,Clouds,overcast clouds,04n
2025-08-02 19:44:09,Thanh Hoa-Thanh Hoa,Thanh Hoa,29.0,29.0,29.0,85.0,35.87,10000.0,0.0,100.0,2.33,5.76,132.0,1001.0,0,804,Clouds,overcast clouds,04n
2025-08-02 19:47:55,Thanh Hoa-Thanh Hoa,Thanh Hoa,29.0,29.0,29.0,85.0,35.87,10000.0,0.0,100.0,2.33,5.76,132.0,1001.0,0,804,Clouds,overcast clouds,04n
2025-08-02 19:51:41,Thanh Hoa-Thanh Hoa,Thanh Hoa,29.0,29.0,29.0,85.0,35.87,10000.0,0.0,100.0,2.33,5.76,132.0,1001.0,0,804,Clouds,overcast clouds,04n
2025-08-02 19:55:27,Thanh Hoa-Thanh Hoa,Thanh Hoa,29.0,29.0,29.0,85.0,35.87,10000.0,0.0,100.0,2.33,5.76,132.0,1001.0,0,804,Clouds,overcast clouds,04n
2025-08-02 19:59:13,Thanh Hoa-Thanh Hoa,Thanh Hoa,29.0,29.0,29.0,85.0,35.87,10000.0,0.0,100.0,2.33,5.76,132.0,1001.0,0,804,Clouds,overcast clouds,04n
2025-08-02 20:03:00,Thanh Hoa-Thanh Hoa,Thanh Hoa,29.0,29.0,29.0,85.0,35.87,10000.0,0.0,100.0,2.33,5.76,132.0,1001.0,0,804,Clouds,overcast clouds,04n
2025-08-02 20:06:46,Thanh Hoa-Thanh Hoa,Thanh Hoa,29.03,29.03,29.03,85.0,35.96,10000.0,0.0,100.0,2.33,5.76,132.0,1001.0,0,804,Clouds,overcast clouds,04n
2025-08-02 20:10:33,Thanh Hoa-Thanh Hoa,Thanh Hoa,29.03,29.03,29.03,85.0,35.96,10000.0,0.0,100.0,2.33,5.76,132.0,1001.0,0,804,Clouds,overcast clouds,04n
2025-08-02 20:14:19,Thanh Hoa-Thanh Hoa,Thanh Hoa,29.03,29.03,29.03,85.0,35.96,10000.0,0.0,100.0,2.33,5.76,132.0,1001.0,0,804,Clouds,overcast clouds,04n
2025-08-02 20:18:05,Thanh Hoa-Thanh Hoa,Thanh Hoa,29.03,29.03,29.03,85.0,35.96,10000.0,0.0,100.0,2.33,5.76,132.0,1001.0,0,804,Clouds,overcast clouds,04n
2025-08-02 20:21:51,Thanh Hoa-Thanh Hoa,Thanh Hoa,29.03,29.03,29.03,85.0,35.96,10000.0,0.0,100.0,2.33,5.76,132.0,1001.0,0,804,Clouds,overcast clouds,04n
2025-08-02 20:25:37,Thanh Hoa-Thanh Hoa,Thanh Hoa,29.03,29.03,29.03,85.0,35.96,10000.0,0.0,100.0,2.33,5.76,132.0,1001.0,0,804,Clouds,overcast clouds,04n
2025-08-02 20:29:24,Thanh Hoa-Thanh Hoa,Thanh Hoa,29.03,29.03,29.03,85.0,35.96,10000.0,0.0,100.0,2.33,5.76,132.0,1001.0,0,804,Clouds,overcast clouds,04n
2025-08-02 20:33:12,Thanh Hoa-Thanh Hoa,Thanh Hoa,28.65,28.65,28.65,87.0,35.22,10000.0,0.0,100.0,1.8,4.09,135.0,1001.0,0,804,Clouds,overcast clouds,04n
2025-08-02 20:36:59,Thanh Hoa-Thanh Hoa,Thanh Hoa,28.65,28.65,28.65,87.0,35.22,10000.0,0.0,100.0,1.8,4.09,135.0,1001.0,0,804,Clouds,overcast clouds,04n
2025-08-02 20:40:45,Thanh Hoa-Thanh Hoa,Thanh Hoa,28.65,28.65,28.65,87.0,35.22,10000.0,0.0,100.0,1.8,4.09,135.0,1001.0,0,804,Clouds,overcast clouds,04n
2025-08-02 20:44:31,Thanh Hoa-Thanh Hoa,Thanh Hoa,28.65,28.65,28.65,87.0,35.22,10000.0,0.0,100.0,1.8,4.09,135.0,1001.0,0,804,Clouds,overcast clouds,04n
2025-08-02 20:48:16,Thanh Hoa-Thanh Hoa,Thanh Hoa,28.65,28.65,28.65,87.0,35.22,10000.0,0.0,100.0,1.8,4.09,135.0,1001.0,0,804,Clouds,overcast clouds,04n
2025-08-02 20:52:02,Thanh Hoa-Thanh Hoa,Thanh Hoa,28.65,28.65,28.65,87.0,35.22,10000.0,0.0,100.0,1.8,4.09,135.0,1001.0,0,804,Clouds,overcast clouds,04n
2025-08-02 20:55:49,Thanh Hoa-Thanh Hoa,Thanh Hoa,28.65,28.65,28.65,87.0,35.22,10000.0,0.0,100.0,1.8,4.09,135.0,1001.0,0,804,Clouds,overcast clouds,04n
2025-08-02 20:59:34,Thanh Hoa-Thanh Hoa,Thanh Hoa,28.65,28.65,28.65,87.0,35.22,10000.0,0.0,100.0,1.8,4.09,135.0,1001.0,0,804,Clouds,overcast clouds,04n
2025-08-02 21:03:21,Thanh Hoa-Thanh Hoa,Thanh Hoa,28.68,28.68,28.68,87.0,35.31,10000.0,0.0,100.0,1.8,4.09,135.0,1001.0,0,804,Clouds,overcast clouds,04n
2025-08-02 21:07:07,Thanh Hoa-Thanh Hoa,Thanh Hoa,28.68,28.68,28.68,87.0,35.31,10000.0,0.0,100.0,1.8,4.09,135.0,1001.0,0,804,Clouds,overcast clouds,04n
2025-08-02 21:10:53,Thanh Hoa-Thanh Hoa,Thanh Hoa,28.68,28.68,28.68,87.0,35.31,10000.0,0.0,100.0,1.8,4.09,135.0,1001.0,0,804,Clouds,overcast clouds,04n
2025-08-02 21:14:38,Thanh Hoa-Thanh Hoa,Thanh Hoa,28.68,28.68,28.68,87.0,35.31,10000.0,0.0,100.0,1.8,4.09,135.0,1001.0,0,804,Clouds,overcast clouds,04n
2025-08-02 21:18:24,Thanh Hoa-Thanh Hoa,Thanh Hoa,28.68,28.68,28.68,87.0,35.31,10000.0,0.0,100.0,1.8,4.09,135.0,1001.0,0,804,Clouds,overcast clouds,04n
2025-08-02 21:22:10,Thanh Hoa-Thanh Hoa,Thanh Hoa,28.68,28.68,28.68,87.0,35.31,10000.0,0.0,100.0,1.8,4.09,135.0,1001.0,0,804,Clouds,overcast clouds,04n
2025-08-02 21:25:56,Thanh Hoa-Thanh Hoa,Thanh Hoa,28.68,28.68,28.68,87.0,35.31,10000.0,0.0,100.0,1.8,4.09,135.0,1001.0,0,804,Clouds,overcast clouds,04n
2025-08-02 21:29:42,Thanh Hoa-Thanh Hoa,Thanh Hoa,28.68,28.68,28.68,87.0,35.31,10000.0,0.0,100.0,1.8,4.09,135.0,1001.0,0,804,Clouds,overcast clouds,04n
2025-08-02 21:33:28,Thanh Hoa-Thanh Hoa,Thanh Hoa,28.68,28.68,28.68,87.0,35.31,10000.0,0.0,100.0,1.8,4.09,135.0,1001.0,0,804,Clouds,overcast clouds,04n
2025-08-02 21:37:14,Thanh Hoa-Thanh Hoa,Thanh Hoa,28.37,28.37,28.37,89.0,34.74,10000.0,0.0,100.0,1.15,1.55,193.0,1001.0,0,804,Clouds,overcast clouds,04n
2025-08-02 21:41:00,Thanh Hoa-Thanh Hoa,Thanh Hoa,28.37,28.37,28.37,89.0,34.74,10000.0,0.0,100.0,1.15,1.55,193.0,1001.0,0,804,Clouds,overcast clouds,04n
2025-08-02 21:44:47,Thanh Hoa-Thanh Hoa,Thanh Hoa,28.37,28.37,28.37,89.0,34.74,10000.0,0.0,100.0,1.15,1.55,193.0,1001.0,0,804,Clouds,overcast clouds,04n
2025-08-02 21:48:33,Thanh Hoa-Thanh Hoa,Thanh Hoa,28.37,28.37,28.37,89.0,34.74,10000.0,0.0,100.0,1.15,1.55,193.0,1001.0,0,804,Clouds,overcast clouds,04n
2025-08-02 21:52:18,Thanh Hoa-Thanh Hoa,Thanh Hoa,28.37,28.37,28.37,89.0,34.74,10000.0,0.0,100.0,1.15,1.55,193.0,1001.0,0,804,Clouds,overcast clouds,04n
2025-08-02 21:56:04,Thanh Hoa-Thanh Hoa,Thanh Hoa,28.37,28.37,28.37,89.0,34.74,10000.0,0.0,100.0,1.15,1.55,193.0,1001.0,0,804,Clouds,overcast clouds,04n
2025-08-02 21:59:50,Thanh Hoa-Thanh Hoa,Thanh Hoa,28.37,28.37,28.37,89.0,34.74,10000.0,0.0,100.0,1.15,1.55,193.0,1001.0,0,804,Clouds,overcast clouds,04n
2025-08-02 22:03:36,Thanh Hoa-Thanh Hoa,Thanh Hoa,28.37,28.37,28.37,89.0,34.74,10000.0,0.0,100.0,1.15,1.55,193.0,1001.0,0,804,Clouds,overcast clouds,04n
2025-08-02 22:07:21,Thanh Hoa-Thanh Hoa,Thanh Hoa,28.37,28.37,28.37,89.0,34.74,10000.0,0.0,100.0,1.15,1.55,193.0,1001.0,0,804,Clouds,overcast clouds,04n
2025-08-02 22:11:07,Thanh Hoa-Thanh Hoa,Thanh Hoa,28.4,28.4,28.4,89.0,34.84,10000.0,0.0,100.0,1.15,1.55,193.0,1001.0,0,804,Clouds,overcast clouds,04n
2025-08-02 22:14:53,Thanh Hoa-Thanh Hoa,Thanh Hoa,28.4,28.4,28.4,89.0,34.84,10000.0,0.0,100.0,1.15,1.55,193.0,1001.0,0,804,Clouds,overcast clouds,04n
2025-08-02 22:18:38,Thanh Hoa-Thanh Hoa,Thanh Hoa,28.4,28.4,28.4,89.0,34.84,10000.0,0.0,100.0,1.15,1.55,193.0,1001.0,0,804,Clouds,overcast clouds,04n
2025-08-02 22:22:25,Thanh Hoa-Thanh Hoa,Thanh Hoa,28.4,28.4,28.4,89.0,34.84,10000.0,0.0,100.0,1.15,1.55,193.0,1001.0,0,804,Clouds,overcast clouds,04n
2025-08-02 22:26:10,Thanh Hoa-Thanh Hoa,Thanh Hoa,28.4,28.4,28.4,89.0,34.84,10000.0,0.0,100.0,1.15,1.55,193.0,1001.0,0,804,Clouds,overcast clouds,04n
2025-08-02 22:29:56,Thanh Hoa-Thanh Hoa,Thanh Hoa,28.4,28.4,28.4,89.0,34.84,10000.0,0.0,100.0,1.15,1.55,193.0,1001.0,0,804,Clouds,overcast clouds,04n
2025-08-02 22:33:42,Thanh Hoa-Thanh Hoa,Thanh Hoa,28.4,28.4,28.4,89.0,34.84,10000.0,0.0,100.0,1.15,1.55,193.0,1001.0,0,804,Clouds,overcast clouds,04n
2025-08-02 22:37:28,Thanh Hoa-Thanh Hoa,Thanh Hoa,28.08,28.08,28.08,90.0,34.0,10000.0,0.0,86.0,1.49,1.62,261.0,1001.0,0,804,Clouds,overcast clouds,04n
2025-08-02 22:41:14,Thanh Hoa-Thanh Hoa,Thanh Hoa,28.08,28.08,28.08,90.0,34.0,10000.0,0.0,86.0,1.49,1.62,261.0,1001.0,0,804,Clouds,overcast clouds,04n
2025-08-02 22:45:00,Thanh Hoa-Thanh Hoa,Thanh Hoa,28.08,28.08,28.08,90.0,34.0,10000.0,0.0,86.0,1.49,1.62,261.0,1001.0,0,804,Clouds,overcast clouds,04n
2025-08-02 22:48:45,Thanh Hoa-Thanh Hoa,Thanh Hoa,28.08,28.08,28.08,90.0,34.0,10000.0,0.0,86.0,1.49,1.62,261.0,1001.0,0,804,Clouds,overcast clouds,04n
2025-08-02 22:52:31,Thanh Hoa-Thanh Hoa,Thanh Hoa,28.07,28.07,28.07,90.0,33.97,10000.0,0.0,86.0,1.49,1.62,261.0,1001.0,0,804,Clouds,overcast clouds,04n
2025-08-02 22:56:17,Thanh Hoa-Thanh Hoa,Thanh Hoa,28.07,28.07,28.07,90.0,33.97,10000.0,0.0,86.0,1.49,1.62,261.0,1001.0,0,804,Clouds,overcast clouds,04n
2025-08-02 23:00:04,Thanh Hoa-Thanh Hoa,Thanh Hoa,28.07,28.07,28.07,90.0,33.97,10000.0,0.0,86.0,1.49,1.62,261.0,1001.0,0,804,Clouds,overcast clouds,04n
2025-08-02 23:03:50,Thanh Hoa-Thanh Hoa,Thanh Hoa,28.07,28.07,28.07,90.0,33.97,10000.0,0.0,86.0,1.49,1.62,261.0,1001.0,0,804,Clouds,overcast clouds,04n
2025-08-02 23:07:35,Thanh Hoa-Thanh Hoa,Thanh Hoa,28.11,28.11,28.11,90.0,34.1,10000.0,0.0,86.0,1.49,1.62,261.0,1001.0,0,804,Clouds,overcast clouds,04n
2025-08-02 23:11:23,Thanh Hoa-Thanh Hoa,Thanh Hoa,28.11,28.11,28.11,90.0,34.1,10000.0,0.0,86.0,1.49,1.62,261.0,1001.0,0,804,Clouds,overcast clouds,04n
2025-08-02 23:15:11,Thanh Hoa-Thanh Hoa,Thanh Hoa,28.11,28.11,28.11,90.0,34.1,10000.0,0.0,86.0,1.49,1.62,261.0,1001.0,0,804,Clouds,overcast clouds,04n
2025-08-02 23:18:56,Thanh Hoa-Thanh Hoa,Thanh Hoa,28.11,28.11,28.11,90.0,34.1,10000.0,0.0,86.0,1.49,1.62,261.0,1001.0,0,804,Clouds,overcast clouds,04n
2025-08-02 23:22:42,Thanh Hoa-Thanh Hoa,Thanh Hoa,28.11,28.11,28.11,90.0,34.1,10000.0,0.0,86.0,1.49,1.62,261.0,1001.0,0,804,Clouds,overcast clouds,04n
2025-08-02 23:26:28,Thanh Hoa-Thanh Hoa,Thanh Hoa,28.11,28.11,28.11,90.0,34.1,10000.0,0.0,86.0,1.49,1.62,261.0,1001.0,0,804,Clouds,overcast clouds,04n
2025-08-02 23:30:14,Thanh Hoa-Thanh Hoa,Thanh Hoa,28.11,28.11,28.11,90.0,34.1,10000.0,0.0,86.0,1.49,1.62,261.0,1001.0,0,804,Clouds,overcast clouds,04n
2025-08-02 23:34:00,Thanh Hoa-Thanh Hoa,Thanh Hoa,27.75,27.75,27.75,91.0,33.12,10000.0,0.0,90.0,1.44,1.78,268.0,1001.0,0,804,Clouds,overcast clouds,04n
2025-08-02 23:37:46,Thanh Hoa-Thanh Hoa,Thanh Hoa,27.75,27.75,27.75,91.0,33.12,10000.0,0.0,90.0,1.44,1.78,268.0,1001.0,0,804,Clouds,overcast clouds,04n
2025-08-02 23:41:32,Thanh Hoa-Thanh Hoa,Thanh Hoa,27.75,27.75,27.75,91.0,33.12,10000.0,0.0,90.0,1.44,1.78,268.0,1001.0,0,804,Clouds,overcast clouds,04n
2025-08-02 23:45:18,Thanh Hoa-Thanh Hoa,Thanh Hoa,27.75,27.75,27.75,91.0,33.12,10000.0,0.0,90.0,1.44,1.78,268.0,1001.0,0,804,Clouds,overcast clouds,04n
2025-08-02 23:49:04,Thanh Hoa-Thanh Hoa,Thanh Hoa,27.75,27.75,27.75,91.0,33.12,10000.0,0.0,90.0,1.44,1.78,268.0,1001.0,0,804,Clouds,overcast clouds,04n
2025-08-02 23:52:50,Thanh Hoa-Thanh Hoa,Thanh Hoa,27.75,27.75,27.75,91.0,33.12,10000.0,0.0,90.0,1.44,1.78,268.0,1001.0,0,804,Clouds,overcast clouds,04n
2025-08-02 23:56:36,Thanh Hoa-Thanh Hoa,Thanh Hoa,27.75,27.75,27.75,91.0,33.12,10000.0,0.0,90.0,1.44,1.78,268.0,1001.0,0,804,Clouds,overcast clouds,04n
2025-08-03 00:00:22,Thanh Hoa-Thanh Hoa,Thanh Hoa,27.75,27.75,27.75,91.0,33.12,10000.0,0.0,90.0,1.44,1.78,268.0,1001.0,0,804,Clouds,overcast clouds,04n
2025-08-03 00:04:07,Thanh Hoa-Thanh Hoa,Thanh Hoa,27.75,27.75,27.75,91.0,33.12,10000.0,0.0,90.0,1.44,1.78,268.0,1001.0,0,804,Clouds,overcast clouds,04n
2025-08-03 00:07:53,Thanh Hoa-Thanh Hoa,Thanh Hoa,27.78,27.78,27.78,91.0,33.22,10000.0,0.0,90.0,1.44,1.78,268.0,1001.0,0,804,Clouds,overcast clouds,04n
2025-08-03 00:11:39,Thanh Hoa-Thanh Hoa,Thanh Hoa,27.78,27.78,27.78,91.0,33.22,10000.0,0.0,90.0,1.44,1.78,268.0,1001.0,0,804,Clouds,overcast clouds,04n
2025-08-03 00:15:25,Thanh Hoa-Thanh Hoa,Thanh Hoa,27.78,27.78,27.78,91.0,33.22,10000.0,0.0,90.0,1.44,1.78,268.0,1001.0,0,804,Clouds,overcast clouds,04n
2025-08-03 00:19:11,Thanh Hoa-Thanh Hoa,Thanh Hoa,27.78,27.78,27.78,91.0,33.22,10000.0,0.0,90.0,1.44,1.78,268.0,1001.0,0,804,Clouds,overcast clouds,04n
2025-08-03 00:22:57,Thanh Hoa-Thanh Hoa,Thanh Hoa,27.78,27.78,27.78,91.0,33.22,10000.0,0.0,90.0,1.44,1.78,268.0,1001.0,0,804,Clouds,overcast clouds,04n
2025-08-03 00:26:42,Thanh Hoa-Thanh Hoa,Thanh Hoa,27.78,27.78,27.78,91.0,33.22,10000.0,0.0,90.0,1.44,1.78,268.0,1001.0,0,804,Clouds,overcast clouds,04n
2025-08-03 00:30:28,Thanh Hoa-Thanh Hoa,Thanh Hoa,27.57,27.57,27.57,92.0,32.71,10000.0,0.0,91.0,1.6,1.86,251.0,1000.0,0,804,Clouds,overcast clouds,04n
2025-08-03 00:34:14,Thanh Hoa-Thanh Hoa,Thanh Hoa,27.54,27.54,27.54,92.0,32.61,10000.0,0.0,91.0,1.6,1.86,251.0,1000.0,0,804,Clouds,overcast clouds,04n
2025-08-03 00:38:00,Thanh Hoa-Thanh Hoa,Thanh Hoa,27.54,27.54,27.54,92.0,32.61,10000.0,0.0,91.0,1.6,1.86,251.0,1000.0,0,804,Clouds,overcast clouds,04n
2025-08-03 00:41:46,Thanh Hoa-Thanh Hoa,Thanh Hoa,27.54,27.54,27.54,92.0,32.61,10000.0,0.0,91.0,1.6,1.86,251.0,1000.0,0,804,Clouds,overcast clouds,04n
2025-08-03 00:45:32,Thanh Hoa-Thanh Hoa,Thanh Hoa,27.54,27.54,27.54,92.0,32.61,10000.0,0.0,91.0,1.6,1.86,251.0,1000.0,0,804,Clouds,overcast clouds,04n
2025-08-03 00:49:18,Thanh Hoa-Thanh Hoa,Thanh Hoa,27.54,27.54,27.54,92.0,32.61,10000.0,0.0,91.0,1.6,1.86,251.0,1000.0,0,804,Clouds,overcast clouds,04n
2025-08-03 00:53:04,Thanh Hoa-Thanh Hoa,Thanh Hoa,27.54,27.54,27.54,92.0,32.61,10000.0,0.0,91.0,1.6,1.86,251.0,1000.0,0,804,Clouds,overcast clouds,04n
2025-08-03 00:56:50,Thanh Hoa-Thanh Hoa,Thanh Hoa,27.54,27.54,27.54,92.0,32.61,10000.0,0.0,81.0,1.5,1.53,243.0,1000.0,0,803,Clouds,broken clouds,04n
2025-08-03 01:00:36,Thanh Hoa-Thanh Hoa,Thanh Hoa,27.54,27.54,27.54,92.0,32.61,10000.0,0.0,81.0,1.5,1.53,243.0,1000.0,0,803,Clouds,broken clouds,04n
2025-08-03 01:04:22,Thanh Hoa-Thanh Hoa,Thanh Hoa,27.54,27.54,27.54,92.0,32.61,10000.0,0.0,81.0,1.5,1.53,243.0,1000.0,0,803,Clouds,broken clouds,04n
2025-08-03 01:08:08,Thanh Hoa-Thanh Hoa,Thanh Hoa,27.54,27.54,27.54,92.0,32.61,10000.0,0.0,81.0,1.5,1.53,243.0,1000.0,0,803,Clouds,broken clouds,04n
2025-08-03 01:11:53,Thanh Hoa-Thanh Hoa,Thanh Hoa,27.54,27.54,27.54,92.0,32.61,10000.0,0.0,81.0,1.5,1.53,243.0,1000.0,0,803,Clouds,broken clouds,04n
2025-08-03 01:15:39,Thanh Hoa-Thanh Hoa,Thanh Hoa,27.54,27.54,27.54,92.0,32.61,10000.0,0.0,81.0,1.5,1.53,243.0,1000.0,0,803,Clouds,broken clouds,04n
2025-08-03 01:19:26,Thanh Hoa-Thanh Hoa,Thanh Hoa,27.54,27.54,27.54,92.0,32.61,10000.0,0.0,81.0,1.5,1.53,243.0,1000.0,0,803,Clouds,broken clouds,04n
2025-08-03 01:23:12,Thanh Hoa-Thanh Hoa,Thanh Hoa,27.54,27.54,27.54,92.0,32.61,10000.0,0.0,81.0,1.5,1.53,243.0,1000.0,0,803,Clouds,broken clouds,04n
2025-08-03 01:26:57,Thanh Hoa-Thanh Hoa,Thanh Hoa,27.52,27.52,27.52,90.0,32.26,10000.0,0.0,81.0,1.5,1.53,243.0,1000.0,0,803,Clouds,broken clouds,04n
2025-08-03 01:30:43,Thanh Hoa-Thanh Hoa,Thanh Hoa,27.52,27.52,27.52,90.0,32.26,10000.0,0.0,81.0,1.5,1.53,243.0,1000.0,0,803,Clouds,broken clouds,04n
2025-08-03 01:34:29,Thanh Hoa-Thanh Hoa,Thanh Hoa,27.52,27.52,27.52,90.0,32.26,10000.0,0.0,81.0,1.5,1.53,243.0,1000.0,0,803,Clouds,broken clouds,04n
2025-08-03 01:38:15,Thanh Hoa-Thanh Hoa,Thanh Hoa,27.27,27.27,27.27,91.0,31.64,10000.0,0.0,100.0,1.51,1.61,248.0,999.0,0,804,Clouds,overcast clouds,04n
2025-08-03 01:42:00,Thanh Hoa-Thanh Hoa,Thanh Hoa,27.27,27.27,27.27,91.0,31.64,10000.0,0.0,100.0,1.51,1.61,248.0,999.0,0,804,Clouds,overcast clouds,04n
2025-08-03 01:45:46,Thanh Hoa-Thanh Hoa,Thanh Hoa,27.27,27.27,27.27,91.0,31.64,10000.0,0.0,100.0,1.51,1.61,248.0,999.0,0,804,Clouds,overcast clouds,04n
2025-08-03 01:49:32,Thanh Hoa-Thanh Hoa,Thanh Hoa,27.3,27.3,27.3,91.0,31.73,10000.0,0.0,100.0,1.51,1.61,248.0,999.0,0,804,Clouds,overcast clouds,04n
2025-08-03 01:53:18,Thanh Hoa-Thanh Hoa,Thanh Hoa,27.3,27.3,27.3,91.0,31.73,10000.0,0.0,100.0,1.51,1.61,248.0,999.0,0,804,Clouds,overcast clouds,04n
2025-08-03 01:57:04,Thanh Hoa-Thanh Hoa,Thanh Hoa,27.3,27.3,27.3,91.0,31.73,10000.0,0.0,100.0,1.51,1.61,248.0,999.0,0,804,Clouds,overcast clouds,04n
2025-08-03 02:00:50,Thanh Hoa-Thanh Hoa,Thanh Hoa,27.3,27.3,27.3,91.0,31.73,10000.0,0.0,100.0,1.51,1.61,248.0,999.0,0,804,Clouds,overcast clouds,04n
2025-08-03 02:04:36,Thanh Hoa-Thanh Hoa,Thanh Hoa,27.3,27.3,27.3,91.0,31.73,10000.0,0.0,100.0,1.51,1.61,248.0,999.0,0,804,Clouds,overcast clouds,04n
2025-08-03 02:08:22,Thanh Hoa-Thanh Hoa,Thanh Hoa,27.35,27.35,27.35,91.0,31.88,10000.0,0.0,100.0,1.51,1.61,248.0,999.0,0,804,Clouds,overcast clouds,04n
2025-08-03 02:12:08,Thanh Hoa-Thanh Hoa,Thanh Hoa,27.35,27.35,27.35,91.0,31.88,10000.0,0.0,100.0,1.51,1.61,248.0,999.0,0,804,Clouds,overcast clouds,04n
2025-08-03 02:15:54,Thanh Hoa-Thanh Hoa,Thanh Hoa,27.35,27.35,27.35,91.0,31.88,10000.0,0.0,100.0,1.51,1.61,248.0,999.0,0,804,Clouds,overcast clouds,04n
2025-08-03 02:19:40,Thanh Hoa-Thanh Hoa,Thanh Hoa,27.35,27.35,27.35,91.0,31.88,10000.0,0.0,100.0,1.51,1.61,248.0,999.0,0,804,Clouds,overcast clouds,04n
2025-08-03 02:23:25,Thanh Hoa-Thanh Hoa,Thanh Hoa,27.35,27.35,27.35,91.0,31.88,10000.0,0.0,100.0,1.51,1.61,248.0,999.0,0,804,Clouds,overcast clouds,04n
2025-08-03 02:27:11,Thanh Hoa-Thanh Hoa,Thanh Hoa,27.35,27.35,27.35,91.0,31.88,10000.0,0.0,100.0,1.51,1.61,248.0,999.0,0,804,Clouds,overcast clouds,04n
2025-08-03 02:30:57,Thanh Hoa-Thanh Hoa,Thanh Hoa,27.35,27.35,27.35,91.0,31.88,10000.0,0.0,100.0,1.51,1.61,248.0,999.0,0,804,Clouds,overcast clouds,04n
2025-08-03 02:34:43,Thanh Hoa-Thanh Hoa,Thanh Hoa,27.35,27.35,27.35,91.0,31.88,10000.0,0.0,100.0,1.51,1.61,248.0,999.0,0,804,Clouds,overcast clouds,04n
2025-08-03 02:38:28,Thanh Hoa-Thanh Hoa,Thanh Hoa,27.04,27.04,27.04,91.0,30.96,10000.0,0.0,99.0,1.49,1.6,242.0,999.0,0,804,Clouds,overcast clouds,04n
2025-08-03 02:42:14,Thanh Hoa-Thanh Hoa,Thanh Hoa,27.04,27.04,27.04,91.0,30.96,10000.0,0.0,99.0,1.49,1.6,242.0,999.0,0,804,Clouds,overcast clouds,04n
2025-08-03 02:46:00,Thanh Hoa-Thanh Hoa,Thanh Hoa,27.04,27.04,27.04,91.0,30.96,10000.0,0.0,99.0,1.49,1.6,242.0,999.0,0,804,Clouds,overcast clouds,04n
2025-08-03 02:49:46,Thanh Hoa-Thanh Hoa,Thanh Hoa,27.02,27.02,27.02,91.0,30.9,10000.0,0.0,99.0,1.49,1.6,242.0,999.0,0,804,Clouds,overcast clouds,04n
2025-08-03 02:53:32,Thanh Hoa-Thanh Hoa,Thanh Hoa,27.02,27.02,27.02,91.0,30.9,10000.0,0.0,99.0,1.49,1.6,242.0,999.0,0,804,Clouds,overcast clouds,04n
2025-08-03 02:57:18,Thanh Hoa-Thanh Hoa,Thanh Hoa,27.02,27.02,27.02,91.0,30.9,10000.0,0.0,99.0,1.49,1.6,242.0,999.0,0,804,Clouds,overcast clouds,04n
2025-08-03 03:01:05,Thanh Hoa-Thanh Hoa,Thanh Hoa,27.02,27.02,27.02,91.0,30.9,10000.0,0.0,99.0,1.49,1.6,242.0,999.0,0,804,Clouds,overcast clouds,04n
2025-08-03 03:04:51,Thanh Hoa-Thanh Hoa,Thanh Hoa,27.02,27.02,27.02,91.0,30.9,10000.0,0.0,99.0,1.49,1.6,242.0,999.0,0,804,Clouds,overcast clouds,04n
2025-08-03 03:08:37,Thanh Hoa-Thanh Hoa,Thanh Hoa,27.04,27.04,27.04,91.0,30.96,10000.0,0.0,99.0,1.49,1.6,242.0,999.0,0,804,Clouds,overcast clouds,04n
2025-08-03 03:12:23,Thanh Hoa-Thanh Hoa,Thanh Hoa,27.04,27.04,27.04,91.0,30.96,10000.0,0.0,99.0,1.49,1.6,242.0,999.0,0,804,Clouds,overcast clouds,04n
2025-08-03 03:16:09,Thanh Hoa-Thanh Hoa,Thanh Hoa,27.04,27.04,27.04,91.0,30.96,10000.0,0.0,99.0,1.49,1.6,242.0,999.0,0,804,Clouds,overcast clouds,04n
2025-08-03 03:19:54,Thanh Hoa-Thanh Hoa,Thanh Hoa,27.04,27.04,27.04,91.0,30.96,10000.0,0.0,99.0,1.49,1.6,242.0,999.0,0,804,Clouds,overcast clouds,04n
2025-08-03 03:23:40,Thanh Hoa-Thanh Hoa,Thanh Hoa,27.04,27.04,27.04,91.0,30.96,10000.0,0.0,99.0,1.49,1.6,242.0,999.0,0,804,Clouds,overcast clouds,04n
2025-08-03 03:27:26,Thanh Hoa-Thanh Hoa,Thanh Hoa,27.04,27.04,27.04,91.0,30.96,10000.0,0.0,99.0,1.49,1.6,242.0,999.0,0,804,Clouds,overcast clouds,04n
2025-08-03 03:31:12,Thanh Hoa-Thanh Hoa,Thanh Hoa,26.83,26.83,26.83,90.0,30.25,10000.0,0.0,100.0,1.45,1.06,241.0,999.0,0,804,Clouds,overcast clouds,04n
2025-08-03 03:34:58,Thanh Hoa-Thanh Hoa,Thanh Hoa,26.83,26.83,26.83,90.0,30.25,10000.0,0.0,100.0,1.45,1.06,241.0,999.0,0,804,Clouds,overcast clouds,04n
2025-08-03 03:38:44,Thanh Hoa-Thanh Hoa,Thanh Hoa,26.83,26.83,26.83,90.0,30.25,10000.0,0.0,100.0,1.45,1.06,241.0,999.0,0,804,Clouds,overcast clouds,04n
2025-08-03 03:42:30,Thanh Hoa-Thanh Hoa,Thanh Hoa,26.83,26.83,26.83,90.0,30.25,10000.0,0.0,100.0,1.45,1.06,241.0,999.0,0,804,Clouds,overcast clouds,04n
2025-08-03 03:46:15,Thanh Hoa-Thanh Hoa,Thanh Hoa,26.83,26.83,26.83,90.0,30.25,10000.0,0.0,100.0,1.45,1.06,241.0,999.0,0,804,Clouds,overcast clouds,04n
2025-08-03 03:50:01,Thanh Hoa-Thanh Hoa,Thanh Hoa,26.83,26.83,26.83,90.0,30.25,10000.0,0.0,100.0,1.45,1.06,241.0,999.0,0,804,Clouds,overcast clouds,04n
2025-08-03 03:53:48,Thanh Hoa-Thanh Hoa,Thanh Hoa,26.83,26.83,26.83,90.0,30.25,10000.0,0.0,100.0,1.45,1.06,241.0,999.0,0,804,Clouds,overcast clouds,04n
2025-08-03 03:57:33,Thanh Hoa-Thanh Hoa,Thanh Hoa,26.83,26.83,26.83,90.0,30.25,10000.0,0.0,100.0,1.45,1.06,241.0,999.0,0,804,Clouds,overcast clouds,04n
2025-08-03 04:01:19,Thanh Hoa-Thanh Hoa,Thanh Hoa,26.92,26.92,26.92,90.0,30.51,10000.0,0.0,100.0,1.45,1.06,241.0,999.0,0,804,Clouds,overcast clouds,04n
2025-08-03 04:05:06,Thanh Hoa-Thanh Hoa,Thanh Hoa,26.92,26.92,26.92,90.0,30.51,10000.0,0.0,100.0,1.45,1.06,241.0,999.0,0,804,Clouds,overcast clouds,04n
2025-08-03 04:08:52,Thanh Hoa-Thanh Hoa,Thanh Hoa,26.92,26.92,26.92,90.0,30.51,10000.0,0.0,100.0,1.45,1.06,241.0,999.0,0,804,Clouds,overcast clouds,04n
2025-08-03 04:12:38,Thanh Hoa-Thanh Hoa,Thanh Hoa,26.92,26.92,26.92,90.0,30.51,10000.0,0.0,100.0,1.45,1.06,241.0,999.0,0,804,Clouds,overcast clouds,04n
2025-08-03 04:16:24,Thanh Hoa-Thanh Hoa,Thanh Hoa,26.92,26.92,26.92,90.0,30.51,10000.0,0.0,100.0,1.45,1.06,241.0,999.0,0,804,Clouds,overcast clouds,04n
2025-08-03 04:20:10,Thanh Hoa-Thanh Hoa,Thanh Hoa,26.92,26.92,26.92,90.0,30.51,10000.0,0.0,100.0,1.45,1.06,241.0,999.0,0,804,Clouds,overcast clouds,04n
2025-08-03 04:23:56,Thanh Hoa-Thanh Hoa,Thanh Hoa,26.92,26.92,26.92,90.0,30.51,10000.0,0.0,100.0,1.45,1.06,241.0,999.0,0,804,Clouds,overcast clouds,04n
2025-08-03 04:27:41,Thanh Hoa-Thanh Hoa,Thanh Hoa,26.92,26.92,26.92,90.0,30.51,10000.0,0.0,100.0,1.45,1.06,241.0,999.0,0,804,Clouds,overcast clouds,04n
2025-08-03 04:31:30,Thanh Hoa-Thanh Hoa,Thanh Hoa,26.56,26.56,26.56,89.0,26.56,10000.0,0.0,100.0,1.24,0.98,231.0,1000.0,0,804,Clouds,overcast clouds,04n
2025-08-03 04:35:16,Thanh Hoa-Thanh Hoa,Thanh Hoa,26.56,26.56,26.56,89.0,26.56,10000.0,0.0,100.0,1.24,0.98,231.0,1000.0,0,804,Clouds,overcast clouds,04n
2025-08-03 04:39:02,Thanh Hoa-Thanh Hoa,Thanh Hoa,26.56,26.56,26.56,89.0,26.56,10000.0,0.0,100.0,1.24,0.98,231.0,1000.0,0,804,Clouds,overcast clouds,04n
2025-08-03 04:42:48,Thanh Hoa-Thanh Hoa,Thanh Hoa,26.56,26.56,26.56,89.0,26.56,10000.0,0.0,100.0,1.24,0.98,231.0,1000.0,0,804,Clouds,overcast clouds,04n
2025-08-03 04:46:34,Thanh Hoa-Thanh Hoa,Thanh Hoa,26.56,26.56,26.56,89.0,26.56,10000.0,0.0,100.0,1.24,0.98,231.0,1000.0,0,804,Clouds,overcast clouds,04n
2025-08-03 04:50:20,Thanh Hoa-Thanh Hoa,Thanh Hoa,26.56,26.56,26.56,89.0,26.56,10000.0,0.0,100.0,1.24,0.98,231.0,1000.0,0,804,Clouds,overcast clouds,04n
2025-08-03 04:54:06,Thanh Hoa-Thanh Hoa,Thanh Hoa,26.56,26.56,26.56,89.0,26.56,10000.0,0.0,100.0,1.24,0.98,231.0,1000.0,0,804,Clouds,overcast clouds,04n
2025-08-03 04:57:52,Thanh Hoa-Thanh Hoa,Thanh Hoa,26.56,26.56,26.56,89.0,26.56,10000.0,0.0,100.0,1.24,0.98,231.0,1000.0,0,804,Clouds,overcast clouds,04n
2025-08-03 05:01:38,Thanh Hoa-Thanh Hoa,Thanh Hoa,26.59,26.59,26.59,89.0,26.59,10000.0,0.0,100.0,1.24,0.98,231.0,1000.0,0,804,Clouds,overcast clouds,04n
2025-08-03 05:05:25,Thanh Hoa-Thanh Hoa,Thanh Hoa,26.59,26.59,26.59,89.0,26.59,10000.0,0.0,100.0,1.24,0.98,231.0,1000.0,0,804,Clouds,overcast clouds,04n
2025-08-03 05:09:15,Thanh Hoa-Thanh Hoa,Thanh Hoa,26.59,26.59,26.59,89.0,26.59,10000.0,0.0,100.0,1.24,0.98,231.0,1000.0,0,804,Clouds,overcast clouds,04n
2025-08-03 05:13:01,Thanh Hoa-Thanh Hoa,Thanh Hoa,26.59,26.59,26.59,89.0,26.59,10000.0,0.0,100.0,1.24,0.98,231.0,1000.0,0,804,Clouds,overcast clouds,04n
2025-08-03 05:16:47,Thanh Hoa-Thanh Hoa,Thanh Hoa,26.59,26.59,26.59,89.0,26.59,10000.0,0.0,100.0,1.24,0.98,231.0,1000.0,0,804,Clouds,overcast clouds,04n
2025-08-03 05:20:32,Thanh Hoa-Thanh Hoa,Thanh Hoa,26.59,26.59,26.59,89.0,26.59,10000.0,0.0,100.0,1.24,0.98,231.0,1000.0,0,804,Clouds,overcast clouds,04n
2025-08-03 05:24:18,Thanh Hoa-Thanh Hoa,Thanh Hoa,26.59,26.59,26.59,89.0,26.59,10000.0,0.0,100.0,1.24,0.98,231.0,1000.0,0,804,Clouds,overcast clouds,04n
2025-08-03 05:28:04,Thanh Hoa-Thanh Hoa,Thanh Hoa,26.59,26.59,26.59,89.0,26.59,10000.0,0.0,100.0,1.24,0.98,231.0,1000.0,0,804,Clouds,overcast clouds,04n
2025-08-03 05:31:50,Thanh Hoa-Thanh Hoa,Thanh Hoa,26.59,26.59,26.59,89.0,26.59,10000.0,0.0,100.0,1.24,0.98,231.0,1000.0,0,804,Clouds,overcast clouds,04n
2025-08-03 05:35:36,Thanh Hoa-Thanh Hoa,Thanh Hoa,26.67,26.67,26.67,89.0,29.73,10000.0,0.0,99.0,1.33,1.4,235.0,1000.0,1,804,Clouds,overcast clouds,04d
2025-08-03 05:39:22,Thanh Hoa-Thanh Hoa,Thanh Hoa,26.67,26.67,26.67,89.0,29.73,10000.0,0.0,99.0,1.33,1.4,235.0,1000.0,1,804,Clouds,overcast clouds,04d
2025-08-03 05:43:07,Thanh Hoa-Thanh Hoa,Thanh Hoa,26.67,26.67,26.67,89.0,29.73,10000.0,0.0,99.0,1.33,1.4,235.0,1000.0,1,804,Clouds,overcast clouds,04d
2025-08-03 05:46:54,Thanh Hoa-Thanh Hoa,Thanh Hoa,26.67,26.67,26.67,89.0,29.73,10000.0,0.0,99.0,1.33,1.4,235.0,1000.0,1,804,Clouds,overcast clouds,04d
2025-08-03 05:50:40,Thanh Hoa-Thanh Hoa,Thanh Hoa,26.67,26.67,26.67,89.0,29.73,10000.0,0.0,99.0,1.33,1.4,235.0,1000.0,1,804,Clouds,overcast clouds,04d
2025-08-03 05:54:26,Thanh Hoa-Thanh Hoa,Thanh Hoa,26.67,26.67,26.67,89.0,29.73,10000.0,0.0,99.0,1.33,1.4,235.0,1000.0,1,804,Clouds,overcast clouds,04d
2025-08-03 05:58:12,Thanh Hoa-Thanh Hoa,Thanh Hoa,26.67,26.67,26.67,89.0,29.73,10000.0,0.0,99.0,1.33,1.4,235.0,1000.0,1,804,Clouds,overcast clouds,04d
2025-08-03 06:01:58,Thanh Hoa-Thanh Hoa,Thanh Hoa,26.67,26.67,26.67,89.0,29.73,10000.0,0.0,99.0,1.33,1.4,235.0,1000.0,1,804,Clouds,overcast clouds,04d
2025-08-03 06:05:43,Thanh Hoa-Thanh Hoa,Thanh Hoa,26.7,26.7,26.7,89.0,29.81,10000.0,0.0,99.0,1.33,1.4,235.0,1000.0,1,804,Clouds,overcast clouds,04d
2025-08-03 06:09:29,Thanh Hoa-Thanh Hoa,Thanh Hoa,26.7,26.7,26.7,89.0,29.81,10000.0,0.0,99.0,1.33,1.4,235.0,1000.0,1,804,Clouds,overcast clouds,04d
2025-08-03 06:13:15,Thanh Hoa-Thanh Hoa,Thanh Hoa,26.7,26.7,26.7,89.0,29.81,10000.0,0.0,99.0,1.33,1.4,235.0,1000.0,1,804,Clouds,overcast clouds,04d
2025-08-03 06:17:01,Thanh Hoa-Thanh Hoa,Thanh Hoa,26.7,26.7,26.7,89.0,29.81,10000.0,0.0,99.0,1.33,1.4,235.0,1000.0,1,804,Clouds,overcast clouds,04d
2025-08-03 06:20:48,Thanh Hoa-Thanh Hoa,Thanh Hoa,26.7,26.7,26.7,89.0,29.81,10000.0,0.0,99.0,1.33,1.4,235.0,1000.0,1,804,Clouds,overcast clouds,04d
2025-08-03 06:24:33,Thanh Hoa-Thanh Hoa,Thanh Hoa,26.7,26.7,26.7,89.0,29.81,10000.0,0.0,99.0,1.33,1.4,235.0,1000.0,1,804,Clouds,overcast clouds,04d
2025-08-03 06:28:19,Thanh Hoa-Thanh Hoa,Thanh Hoa,26.7,26.7,26.7,89.0,29.81,10000.0,0.0,99.0,1.33,1.4,235.0,1000.0,1,804,Clouds,overcast clouds,04d
2025-08-03 06:32:05,Thanh Hoa-Thanh Hoa,Thanh Hoa,27.8,27.8,27.8,84.0,32.19,10000.0,0.0,99.0,1.58,2.55,246.0,1001.0,1,804,Clouds,overcast clouds,04d
2025-08-03 06:35:51,Thanh Hoa-Thanh Hoa,Thanh Hoa,26.7,26.7,26.7,89.0,29.81,10000.0,0.0,99.0,1.33,1.4,235.0,1000.0,1,804,Clouds,overcast clouds,04d
2025-08-03 06:39:36,Thanh Hoa-Thanh Hoa,Thanh Hoa,27.8,27.8,27.8,84.0,32.19,10000.0,0.0,99.0,1.58,2.55,246.0,1001.0,1,804,Clouds,overcast clouds,04d
2025-08-03 06:43:23,Thanh Hoa-Thanh Hoa,Thanh Hoa,27.8,27.8,27.8,84.0,32.19,10000.0,0.0,99.0,1.58,2.55,246.0,1001.0,1,804,Clouds,overcast clouds,04d
2025-08-03 06:47:08,Thanh Hoa-Thanh Hoa,Thanh Hoa,27.8,27.8,27.8,84.0,32.19,10000.0,0.0,99.0,1.58,2.55,246.0,1001.0,1,804,Clouds,overcast clouds,04d
2025-08-03 06:50:54,Thanh Hoa-Thanh Hoa,Thanh Hoa,27.8,27.8,27.8,84.0,32.19,10000.0,0.0,99.0,1.58,2.55,246.0,1001.0,1,804,Clouds,overcast clouds,04d
2025-08-03 06:54:40,Thanh Hoa-Thanh Hoa,Thanh Hoa,27.8,27.8,27.8,84.0,32.19,10000.0,0.0,99.0,1.58,2.55,246.0,1001.0,1,804,Clouds,overcast clouds,04d
2025-08-03 06:58:26,Thanh Hoa-Thanh Hoa,Thanh Hoa,27.8,27.8,27.8,84.0,32.19,10000.0,0.0,99.0,1.55,2.59,247.0,1001.0,1,804,Clouds,overcast clouds,04d
2025-08-03 07:02:12,Thanh Hoa-Thanh Hoa,Thanh Hoa,27.8,27.8,27.8,84.0,32.19,10000.0,0.0,99.0,1.55,2.59,247.0,1001.0,1,804,Clouds,overcast clouds,04d
2025-08-03 07:05:58,Thanh Hoa-Thanh Hoa,Thanh Hoa,27.8,27.8,27.8,84.0,32.19,10000.0,0.0,99.0,1.55,2.59,247.0,1001.0,1,804,Clouds,overcast clouds,04d
2025-08-03 07:09:43,Thanh Hoa-Thanh Hoa,Thanh Hoa,27.8,27.8,27.8,84.0,32.19,10000.0,0.0,99.0,1.55,2.59,247.0,1001.0,1,804,Clouds,overcast clouds,04d
2025-08-03 07:13:29,Thanh Hoa-Thanh Hoa,Thanh Hoa,27.8,27.8,27.8,84.0,32.19,10000.0,0.0,99.0,1.55,2.59,247.0,1001.0,1,804,Clouds,overcast clouds,04d
2025-08-03 07:17:16,Thanh Hoa-Thanh Hoa,Thanh Hoa,27.8,27.8,27.8,84.0,32.19,10000.0,0.0,99.0,1.55,2.59,247.0,1001.0,1,804,Clouds,overcast clouds,04d
2025-08-03 07:21:02,Thanh Hoa-Thanh Hoa,Thanh Hoa,27.8,27.8,27.8,84.0,32.19,10000.0,0.0,99.0,1.55,2.59,247.0,1001.0,1,804,Clouds,overcast clouds,04d
2025-08-03 07:24:48,Thanh Hoa-Thanh Hoa,Thanh Hoa,27.8,27.8,27.8,84.0,32.19,10000.0,0.0,99.0,1.55,2.59,247.0,1001.0,1,804,Clouds,overcast clouds,04d
2025-08-03 07:28:33,Thanh Hoa-Thanh Hoa,Thanh Hoa,27.8,27.8,27.8,84.0,32.19,10000.0,0.0,99.0,1.55,2.59,247.0,1001.0,1,804,Clouds,overcast clouds,04d
2025-08-03 07:32:19,Thanh Hoa-Thanh Hoa,Thanh Hoa,29.56,29.56,29.56,75.0,35.12,10000.0,0.0,100.0,1.85,3.57,252.0,1001.0,1,804,Clouds,overcast clouds,04d
2025-08-03 07:36:06,Thanh Hoa-Thanh Hoa,Thanh Hoa,29.56,29.56,29.56,75.0,35.12,10000.0,0.0,100.0,1.85,3.57,252.0,1001.0,1,804,Clouds,overcast clouds,04d
2025-08-03 07:39:51,Thanh Hoa-Thanh Hoa,Thanh Hoa,29.56,29.56,29.56,75.0,35.12,10000.0,0.0,100.0,1.85,3.57,252.0,1001.0,1,804,Clouds,overcast clouds,04d
2025-08-03 07:43:37,Thanh Hoa-Thanh Hoa,Thanh Hoa,29.56,29.56,29.56,75.0,35.12,10000.0,0.0,100.0,1.85,3.57,252.0,1001.0,1,804,Clouds,overcast clouds,04d
2025-08-03 07:47:23,Thanh Hoa-Thanh Hoa,Thanh Hoa,29.56,29.56,29.56,75.0,35.12,10000.0,0.0,100.0,1.85,3.57,252.0,1001.0,1,804,Clouds,overcast clouds,04d
2025-08-03 07:51:09,Thanh Hoa-Thanh Hoa,Thanh Hoa,29.56,29.56,29.56,75.0,35.12,10000.0,0.0,100.0,1.85,3.57,252.0,1001.0,1,804,Clouds,overcast clouds,04d
2025-08-03 07:54:55,Thanh Hoa-Thanh Hoa,Thanh Hoa,29.56,29.56,29.56,75.0,35.12,10000.0,0.0,100.0,1.85,3.57,252.0,1001.0,1,804,Clouds,overcast clouds,04d
2025-08-03 07:58:41,Thanh Hoa-Thanh Hoa,Thanh Hoa,29.56,29.56,29.56,75.0,35.12,10000.0,0.0,100.0,1.85,3.57,252.0,1001.0,1,804,Clouds,overcast clouds,04d
2025-08-03 08:02:28,Thanh Hoa-Thanh Hoa,Thanh Hoa,29.59,29.59,29.59,75.0,35.2,10000.0,0.0,100.0,1.85,3.57,252.0,1001.0,1,804,Clouds,overcast clouds,04d
2025-08-03 08:06:14,Thanh Hoa-Thanh Hoa,Thanh Hoa,29.59,29.59,29.59,75.0,35.2,10000.0,0.0,100.0,1.85,3.57,252.0,1001.0,1,804,Clouds,overcast clouds,04d
2025-08-03 08:10:00,Thanh Hoa-Thanh Hoa,Thanh Hoa,29.59,29.59,29.59,75.0,35.2,10000.0,0.0,100.0,1.85,3.57,252.0,1001.0,1,804,Clouds,overcast clouds,04d
2025-08-03 08:13:46,Thanh Hoa-Thanh Hoa,Thanh Hoa,29.59,29.59,29.59,75.0,35.2,10000.0,0.0,100.0,1.85,3.57,252.0,1001.0,1,804,Clouds,overcast clouds,04d
2025-08-03 08:17:32,Thanh Hoa-Thanh Hoa,Thanh Hoa,29.6,29.6,29.6,75.0,35.23,10000.0,0.0,100.0,1.85,3.57,252.0,1001.0,1,804,Clouds,overcast clouds,04d
2025-08-03 08:21:18,Thanh Hoa-Thanh Hoa,Thanh Hoa,29.6,29.6,29.6,75.0,35.23,10000.0,0.0,100.0,1.85,3.57,252.0,1001.0,1,804,Clouds,overcast clouds,04d
2025-08-03 08:25:04,Thanh Hoa-Thanh Hoa,Thanh Hoa,29.6,29.6,29.6,75.0,35.23,10000.0,0.0,100.0,1.85,3.57,252.0,1001.0,1,804,Clouds,overcast clouds,04d
2025-08-03 08:28:50,Thanh Hoa-Thanh Hoa,Thanh Hoa,29.6,29.6,29.6,75.0,35.23,10000.0,0.0,100.0,1.85,3.57,252.0,1001.0,1,804,Clouds,overcast clouds,04d
2025-08-03 08:32:36,Thanh Hoa-Thanh Hoa,Thanh Hoa,31.69,31.69,31.69,67.0,38.5,10000.0,0.0,100.0,2.28,4.18,249.0,1001.0,1,804,Clouds,overcast clouds,04d
2025-08-03 08:36:22,Thanh Hoa-Thanh Hoa,Thanh Hoa,29.6,29.6,29.6,75.0,35.23,10000.0,0.0,100.0,1.85,3.57,252.0,1001.0,1,804,Clouds,overcast clouds,04d
2025-08-03 08:40:07,Thanh Hoa-Thanh Hoa,Thanh Hoa,31.69,31.69,31.69,67.0,38.5,10000.0,0.0,100.0,2.28,4.18,249.0,1001.0,1,804,Clouds,overcast clouds,04d
2025-08-03 08:43:58,Thanh Hoa-Thanh Hoa,Thanh Hoa,31.69,31.69,31.69,67.0,38.5,10000.0,0.0,100.0,2.28,4.18,249.0,1001.0,1,804,Clouds,overcast clouds,04d
2025-08-03 08:47:43,Thanh Hoa-Thanh Hoa,Thanh Hoa,31.69,31.69,31.69,67.0,38.5,10000.0,0.0,100.0,2.28,4.18,249.0,1001.0,1,804,Clouds,overcast clouds,04d
2025-08-03 08:51:29,Thanh Hoa-Thanh Hoa,Thanh Hoa,31.73,31.73,31.73,66.0,38.28,10000.0,0.0,100.0,2.28,4.18,249.0,1001.0,1,804,Clouds,overcast clouds,04d
2025-08-03 08:55:15,Thanh Hoa-Thanh Hoa,Thanh Hoa,31.73,31.73,31.73,66.0,38.28,10000.0,0.0,100.0,2.28,4.18,249.0,1001.0,1,804,Clouds,overcast clouds,04d
2025-08-03 08:59:01,Thanh Hoa-Thanh Hoa,Thanh Hoa,31.73,31.73,31.73,66.0,38.28,10000.0,0.0,100.0,2.28,4.18,249.0,1001.0,1,804,Clouds,overcast clouds,04d
2025-08-03 09:02:48,Thanh Hoa-Thanh Hoa,Thanh Hoa,31.76,31.76,31.76,66.0,38.36,10000.0,0.0,100.0,2.28,4.18,249.0,1001.0,1,804,Clouds,overcast clouds,04d
2025-08-03 09:06:33,Thanh Hoa-Thanh Hoa,Thanh Hoa,31.73,31.73,31.73,66.0,38.28,10000.0,0.0,100.0,2.28,4.18,249.0,1001.0,1,804,Clouds,overcast clouds,04d
2025-08-03 09:10:19,Thanh Hoa-Thanh Hoa,Thanh Hoa,31.76,31.76,31.76,66.0,38.36,10000.0,0.0,100.0,2.28,4.18,249.0,1001.0,1,804,Clouds,overcast clouds,04d
2025-08-03 09:14:05,Thanh Hoa-Thanh Hoa,Thanh Hoa,31.76,31.76,31.76,66.0,38.36,10000.0,0.0,100.0,2.28,4.18,249.0,1001.0,1,804,Clouds,overcast clouds,04d
2025-08-03 09:17:51,Thanh Hoa-Thanh Hoa,Thanh Hoa,31.76,31.76,31.76,66.0,38.36,10000.0,0.0,100.0,2.28,4.18,249.0,1001.0,1,804,Clouds,overcast clouds,04d
2025-08-03 09:21:37,Thanh Hoa-Thanh Hoa,Thanh Hoa,31.76,31.76,31.76,66.0,38.36,10000.0,0.0,100.0,2.28,4.18,249.0,1001.0,1,804,Clouds,overcast clouds,04d
2025-08-03 09:25:23,Thanh Hoa-Thanh Hoa,Thanh Hoa,31.76,31.76,31.76,66.0,38.36,10000.0,0.0,100.0,2.28,4.18,249.0,1001.0,1,804,Clouds,overcast clouds,04d
2025-08-03 09:29:09,Thanh Hoa-Thanh Hoa,Thanh Hoa,31.76,31.76,31.76,66.0,38.36,10000.0,0.0,100.0,2.28,4.18,249.0,1001.0,1,804,Clouds,overcast clouds,04d
2025-08-03 09:32:55,Thanh Hoa-Thanh Hoa,Thanh Hoa,31.76,31.76,31.76,66.0,38.36,10000.0,0.0,100.0,2.28,4.18,249.0,1001.0,1,804,Clouds,overcast clouds,04d
2025-08-03 09:36:41,Thanh Hoa-Thanh Hoa,Thanh Hoa,31.76,31.76,31.76,66.0,38.36,10000.0,0.0,100.0,2.28,4.18,249.0,1001.0,1,804,Clouds,overcast clouds,04d
2025-08-03 09:40:26,Thanh Hoa-Thanh Hoa,Thanh Hoa,31.76,31.76,31.76,66.0,38.36,10000.0,0.0,100.0,2.28,4.18,249.0,1001.0,1,804,Clouds,overcast clouds,04d
2025-08-03 09:44:12,Thanh Hoa-Thanh Hoa,Thanh Hoa,33.79,33.79,33.79,58.0,40.79,10000.0,0.0,100.0,2.64,4.24,239.0,1001.0,1,804,Clouds,overcast clouds,04d
2025-08-03 09:47:58,Thanh Hoa-Thanh Hoa,Thanh Hoa,33.8,33.8,33.8,58.0,40.8,10000.0,0.0,100.0,2.64,4.24,239.0,1001.0,1,804,Clouds,overcast clouds,04d
2025-08-03 09:51:44,Thanh Hoa-Thanh Hoa,Thanh Hoa,33.8,33.8,33.8,58.0,40.8,10000.0,0.0,100.0,2.64,4.24,239.0,1001.0,1,804,Clouds,overcast clouds,04d
2025-08-03 09:55:29,Thanh Hoa-Thanh Hoa,Thanh Hoa,33.8,33.8,33.8,58.0,40.8,10000.0,0.0,100.0,2.64,4.24,239.0,1001.0,1,804,Clouds,overcast clouds,04d
2025-08-03 09:59:15,Thanh Hoa-Thanh Hoa,Thanh Hoa,33.8,33.8,33.8,58.0,40.8,10000.0,0.0,100.0,2.64,4.24,239.0,1001.0,1,804,Clouds,overcast clouds,04d
2025-08-03 10:03:04,Thanh Hoa-Thanh Hoa,Thanh Hoa,33.81,33.81,33.81,58.0,40.81,10000.0,0.0,100.0,2.64,4.24,239.0,1001.0,1,804,Clouds,overcast clouds,04d
2025-08-03 10:06:55,Thanh Hoa-Thanh Hoa,Thanh Hoa,33.81,33.81,33.81,58.0,40.81,10000.0,0.0,100.0,2.64,4.24,239.0,1001.0,1,804,Clouds,overcast clouds,04d
2025-08-03 10:10:45,Thanh Hoa-Thanh Hoa,Thanh Hoa,33.81,33.81,33.81,58.0,40.81,10000.0,0.0,100.0,2.64,4.24,239.0,1001.0,1,804,Clouds,overcast clouds,04d
2025-08-03 10:14:36,Thanh Hoa-Thanh Hoa,Thanh Hoa,33.81,33.81,33.81,58.0,40.81,10000.0,0.0,100.0,2.64,4.24,239.0,1001.0,1,804,Clouds,overcast clouds,04d
2025-08-03 10:18:27,Thanh Hoa-Thanh Hoa,Thanh Hoa,33.81,33.81,33.81,58.0,40.81,10000.0,0.0,100.0,2.64,4.24,239.0,1001.0,1,804,Clouds,overcast clouds,04d
2025-08-03 10:22:17,Thanh Hoa-Thanh Hoa,Thanh Hoa,33.82,33.82,33.82,58.0,40.82,10000.0,0.0,100.0,2.64,4.24,239.0,1001.0,1,804,Clouds,overcast clouds,04d
2025-08-03 10:26:08,Thanh Hoa-Thanh Hoa,Thanh Hoa,33.82,33.82,33.82,58.0,40.82,10000.0,0.0,100.0,2.64,4.24,239.0,1001.0,1,804,Clouds,overcast clouds,04d
2025-08-03 10:29:59,Thanh Hoa-Thanh Hoa,Thanh Hoa,33.82,33.82,33.82,58.0,40.82,10000.0,0.0,100.0,2.64,4.24,239.0,1001.0,1,804,Clouds,overcast clouds,04d
2025-08-03 10:33:50,Thanh Hoa-Thanh Hoa,Thanh Hoa,35.6,35.6,35.6,52.0,42.6,10000.0,0.0,98.0,2.81,3.73,236.0,1001.0,1,804,Clouds,overcast clouds,04d
2025-08-03 10:37:41,Thanh Hoa-Thanh Hoa,Thanh Hoa,35.6,35.6,35.6,52.0,42.6,10000.0,0.0,98.0,2.81,3.73,236.0,1001.0,1,804,Clouds,overcast clouds,04d
2025-08-03 10:41:32,Thanh Hoa-Thanh Hoa,Thanh Hoa,35.6,35.6,35.6,52.0,42.6,10000.0,0.0,98.0,2.81,3.73,236.0,1001.0,1,804,Clouds,overcast clouds,04d
2025-08-03 10:45:22,Thanh Hoa-Thanh Hoa,Thanh Hoa,35.6,35.6,35.6,52.0,42.6,10000.0,0.0,98.0,2.81,3.73,236.0,1001.0,1,804,Clouds,overcast clouds,04d
2025-08-03 10:49:13,Thanh Hoa-Thanh Hoa,Thanh Hoa,35.6,35.6,35.6,52.0,42.6,10000.0,0.0,98.0,2.81,3.73,236.0,1001.0,1,804,Clouds,overcast clouds,04d
2025-08-03 10:53:04,Thanh Hoa-Thanh Hoa,Thanh Hoa,35.6,35.6,35.6,52.0,42.6,10000.0,0.0,98.0,2.81,3.73,236.0,1001.0,1,804,Clouds,overcast clouds,04d
2025-08-03 10:56:55,Thanh Hoa-Thanh Hoa,Thanh Hoa,35.6,35.6,35.6,52.0,42.6,10000.0,0.0,98.0,2.81,3.73,236.0,1001.0,1,804,Clouds,overcast clouds,04d
2025-08-03 11:00:47,Thanh Hoa-Thanh Hoa,Thanh Hoa,35.6,35.6,35.6,52.0,42.6,10000.0,0.0,98.0,2.81,3.73,236.0,1001.0,1,804,Clouds,overcast clouds,04d
2025-08-03 11:04:37,Thanh Hoa-Thanh Hoa,Thanh Hoa,35.6,35.6,35.6,52.0,42.6,10000.0,0.0,98.0,2.81,3.73,236.0,1001.0,1,804,Clouds,overcast clouds,04d
2025-08-03 11:08:28,Thanh Hoa-Thanh Hoa,Thanh Hoa,35.6,35.6,35.6,52.0,42.6,10000.0,0.0,98.0,2.81,3.73,236.0,1001.0,1,804,Clouds,overcast clouds,04d
2025-08-03 11:12:18,Thanh Hoa-Thanh Hoa,Thanh Hoa,35.6,35.6,35.6,52.0,42.6,10000.0,0.0,98.0,2.81,3.73,236.0,1001.0,1,804,Clouds,overcast clouds,04d
2025-08-03 11:16:10,Thanh Hoa-Thanh Hoa,Thanh Hoa,35.6,35.6,35.6,52.0,42.6,10000.0,0.0,98.0,2.81,3.73,236.0,1001.0,1,804,Clouds,overcast clouds,04d
2025-08-03 11:20:01,Thanh Hoa-Thanh Hoa,Thanh Hoa,35.6,35.6,35.6,52.0,42.6,10000.0,0.0,98.0,2.81,3.73,236.0,1001.0,1,804,Clouds,overcast clouds,04d
2025-08-03 11:23:53,Thanh Hoa-Thanh Hoa,Thanh Hoa,35.61,35.61,35.61,52.0,42.61,10000.0,0.0,98.0,2.81,3.73,236.0,1001.0,1,804,Clouds,overcast clouds,04d
2025-08-03 11:27:44,Thanh Hoa-Thanh Hoa,Thanh Hoa,35.61,35.61,35.61,52.0,42.61,10000.0,0.0,98.0,2.81,3.73,236.0,1001.0,1,804,Clouds,overcast clouds,04d
2025-08-03 11:31:35,Thanh Hoa-Thanh Hoa,Thanh Hoa,36.97,36.97,36.97,47.0,43.97,10000.0,0.0,98.0,2.18,3.22,258.0,1000.0,1,804,Clouds,overcast clouds,04d
2025-08-03 11:35:26,Thanh Hoa-Thanh Hoa,Thanh Hoa,36.97,36.97,36.97,47.0,43.97,10000.0,0.0,98.0,2.18,3.22,258.0,1000.0,1,804,Clouds,overcast clouds,04d
2025-08-03 11:39:17,Thanh Hoa-Thanh Hoa,Thanh Hoa,36.97,36.97,36.97,47.0,43.97,10000.0,0.0,98.0,2.18,3.22,258.0,1000.0,1,804,Clouds,overcast clouds,04d
2025-08-03 11:43:09,Thanh Hoa-Thanh Hoa,Thanh Hoa,36.97,36.97,36.97,47.0,43.97,10000.0,0.0,98.0,2.18,3.22,258.0,1000.0,1,804,Clouds,overcast clouds,04d
2025-08-03 11:46:59,Thanh Hoa-Thanh Hoa,Thanh Hoa,37.01,37.01,37.01,47.0,44.01,10000.0,0.0,98.0,2.18,3.22,258.0,1000.0,1,804,Clouds,overcast clouds,04d
2025-08-03 11:50:52,Thanh Hoa-Thanh Hoa,Thanh Hoa,37.01,37.01,37.01,47.0,44.01,10000.0,0.0,98.0,2.18,3.22,258.0,1000.0,1,804,Clouds,overcast clouds,04d
2025-08-03 11:54:43,Thanh Hoa-Thanh Hoa,Thanh Hoa,37.01,37.01,37.01,47.0,44.01,10000.0,0.0,98.0,2.18,3.22,258.0,1000.0,1,804,Clouds,overcast clouds,04d
2025-08-03 11:58:35,Thanh Hoa-Thanh Hoa,Thanh Hoa,37.01,37.01,37.01,47.0,44.01,10000.0,0.0,98.0,2.18,3.22,258.0,1000.0,1,804,Clouds,overcast clouds,04d
2025-08-03 12:02:26,Thanh Hoa-Thanh Hoa,Thanh Hoa,37.01,37.01,37.01,47.0,44.01,10000.0,0.0,98.0,2.18,3.22,258.0,1000.0,1,804,Clouds,overcast clouds,04d
2025-08-03 12:06:18,Thanh Hoa-Thanh Hoa,Thanh Hoa,37.01,37.01,37.01,47.0,44.01,10000.0,0.0,98.0,2.18,3.22,258.0,1000.0,1,804,Clouds,overcast clouds,04d
2025-08-03 12:10:13,Thanh Hoa-Thanh Hoa,Thanh Hoa,37.01,37.01,37.01,47.0,44.01,10000.0,0.0,98.0,2.18,3.22,258.0,1000.0,1,804,Clouds,overcast clouds,04d
2025-08-03 12:14:04,Thanh Hoa-Thanh Hoa,Thanh Hoa,37.01,37.01,37.01,47.0,44.01,10000.0,0.0,98.0,2.18,3.22,258.0,1000.0,1,804,Clouds,overcast clouds,04d
2025-08-03 12:17:55,Thanh Hoa-Thanh Hoa,Thanh Hoa,37.02,37.02,37.02,47.0,44.02,10000.0,0.0,98.0,2.18,3.22,258.0,1000.0,1,804,Clouds,overcast clouds,04d
2025-08-03 12:21:46,Thanh Hoa-Thanh Hoa,Thanh Hoa,37.02,37.02,37.02,47.0,44.02,10000.0,0.0,98.0,2.18,3.22,258.0,1000.0,1,804,Clouds,overcast clouds,04d
2025-08-03 12:25:37,Thanh Hoa-Thanh Hoa,Thanh Hoa,37.02,37.02,37.02,47.0,44.02,10000.0,0.0,98.0,2.18,3.22,258.0,1000.0,1,804,Clouds,overcast clouds,04d
2025-08-03 12:29:30,Thanh Hoa-Thanh Hoa,Thanh Hoa,37.02,37.02,37.02,47.0,44.02,10000.0,0.0,98.0,2.18,3.22,258.0,1000.0,1,804,Clouds,overcast clouds,04d
2025-08-03 12:33:20,Thanh Hoa-Thanh Hoa,Thanh Hoa,37.99,37.99,37.99,43.0,44.82,10000.0,0.0,98.0,1.45,3.1,225.0,999.0,1,804,Clouds,overcast clouds,04d
2025-08-03 12:37:12,Thanh Hoa-Thanh Hoa,Thanh Hoa,37.99,37.99,37.99,43.0,44.82,10000.0,0.0,98.0,1.45,3.1,225.0,999.0,1,804,Clouds,overcast clouds,04d
2025-08-03 12:41:04,Thanh Hoa-Thanh Hoa,Thanh Hoa,37.99,37.99,37.99,43.0,44.82,10000.0,0.0,98.0,1.45,3.1,225.0,999.0,1,804,Clouds,overcast clouds,04d
2025-08-03 12:44:56,Thanh Hoa-Thanh Hoa,Thanh Hoa,37.99,37.99,37.99,43.0,44.82,10000.0,0.0,93.0,1.59,3.46,235.0,999.0,1,804,Clouds,overcast clouds,04d
2025-08-03 12:48:47,Thanh Hoa-Thanh Hoa,Thanh Hoa,37.99,37.99,37.99,43.0,44.82,10000.0,0.0,93.0,1.59,3.46,235.0,999.0,1,804,Clouds,overcast clouds,04d
2025-08-03 12:52:38,Thanh Hoa-Thanh Hoa,Thanh Hoa,37.99,37.99,37.99,43.0,44.82,10000.0,0.0,93.0,1.59,3.46,235.0,999.0,1,804,Clouds,overcast clouds,04d
2025-08-03 12:56:30,Thanh Hoa-Thanh Hoa,Thanh Hoa,37.99,37.99,37.99,43.0,44.82,10000.0,0.0,93.0,1.59,3.46,235.0,999.0,1,804,Clouds,overcast clouds,04d
2025-08-03 13:00:22,Thanh Hoa-Thanh Hoa,Thanh Hoa,37.99,37.99,37.99,43.0,44.82,10000.0,0.0,93.0,1.59,3.46,235.0,999.0,1,804,Clouds,overcast clouds,04d
2025-08-03 13:04:12,Thanh Hoa-Thanh Hoa,Thanh Hoa,37.99,37.99,37.99,43.0,44.82,10000.0,0.0,93.0,1.59,3.46,235.0,999.0,1,804,Clouds,overcast clouds,04d
2025-08-03 13:08:04,Thanh Hoa-Thanh Hoa,Thanh Hoa,37.99,37.99,37.99,43.0,44.82,10000.0,0.0,93.0,1.59,3.46,235.0,999.0,1,804,Clouds,overcast clouds,04d
2025-08-03 13:11:55,Thanh Hoa-Thanh Hoa,Thanh Hoa,38.18,38.18,38.18,42.0,44.8,10000.0,0.0,93.0,1.59,3.46,235.0,999.0,1,804,Clouds,overcast clouds,04d
2025-08-03 13:15:46,Thanh Hoa-Thanh Hoa,Thanh Hoa,38.18,38.18,38.18,42.0,44.8,10000.0,0.0,93.0,1.59,3.46,235.0,999.0,1,804,Clouds,overcast clouds,04d
2025-08-03 13:19:37,Thanh Hoa-Thanh Hoa,Thanh Hoa,38.19,38.19,38.19,42.0,44.82,10000.0,0.0,93.0,1.59,3.46,235.0,999.0,1,804,Clouds,overcast clouds,04d
2025-08-03 13:23:28,Thanh Hoa-Thanh Hoa,Thanh Hoa,38.19,38.19,38.19,42.0,44.82,10000.0,0.0,93.0,1.59,3.46,235.0,999.0,1,804,Clouds,overcast clouds,04d
2025-08-03 13:27:20,Thanh Hoa-Thanh Hoa,Thanh Hoa,38.19,38.19,38.19,42.0,44.82,10000.0,0.0,93.0,1.59,3.46,235.0,999.0,1,804,Clouds,overcast clouds,04d
2025-08-03 13:31:13,Thanh Hoa-Thanh Hoa,Thanh Hoa,38.58,38.58,38.58,41.0,45.27,10000.0,0.0,100.0,2.52,4.41,195.0,998.0,1,804,Clouds,overcast clouds,04d
2025-08-03 13:35:05,Thanh Hoa-Thanh Hoa,Thanh Hoa,38.58,38.58,38.58,41.0,45.27,10000.0,0.0,100.0,2.52,4.41,195.0,998.0,1,804,Clouds,overcast clouds,04d
2025-08-03 13:38:56,Thanh Hoa-Thanh Hoa,Thanh Hoa,38.58,38.58,38.58,41.0,45.27,10000.0,0.0,100.0,2.52,4.41,195.0,998.0,1,804,Clouds,overcast clouds,04d
2025-08-03 13:42:47,Thanh Hoa-Thanh Hoa,Thanh Hoa,38.58,38.58,38.58,41.0,45.27,10000.0,0.0,100.0,2.52,4.41,195.0,998.0,1,804,Clouds,overcast clouds,04d
2025-08-03 13:46:38,Thanh Hoa-Thanh Hoa,Thanh Hoa,38.58,38.58,38.58,41.0,45.27,10000.0,0.0,100.0,2.52,4.41,195.0,998.0,1,804,Clouds,overcast clouds,04d
2025-08-03 13:50:30,Thanh Hoa-Thanh Hoa,Thanh Hoa,38.58,38.58,38.58,41.0,45.27,10000.0,0.0,100.0,2.52,4.41,195.0,998.0,1,804,Clouds,overcast clouds,04d
2025-08-03 13:54:22,Thanh Hoa-Thanh Hoa,Thanh Hoa,38.58,38.58,38.58,41.0,45.27,10000.0,0.0,100.0,2.52,4.41,195.0,998.0,1,804,Clouds,overcast clouds,04d
2025-08-03 13:58:15,Thanh Hoa-Thanh Hoa,Thanh Hoa,38.58,38.58,38.58,41.0,45.27,10000.0,0.0,100.0,2.52,4.41,195.0,998.0,1,804,Clouds,overcast clouds,04d
2025-08-03 14:02:07,Thanh Hoa-Thanh Hoa,Thanh Hoa,38.58,38.58,38.58,41.0,45.27,10000.0,0.0,100.0,2.52,4.41,195.0,998.0,1,804,Clouds,overcast clouds,04d
2025-08-03 14:05:58,Thanh Hoa-Thanh Hoa,Thanh Hoa,38.56,38.56,38.56,41.0,45.22,10000.0,0.0,100.0,2.52,4.41,195.0,998.0,1,804,Clouds,overcast clouds,04d
2025-08-03 14:09:50,Thanh Hoa-Thanh Hoa,Thanh Hoa,38.56,38.56,38.56,41.0,45.22,10000.0,0.0,100.0,2.52,4.41,195.0,998.0,1,804,Clouds,overcast clouds,04d
2025-08-03 14:13:41,Thanh Hoa-Thanh Hoa,Thanh Hoa,38.56,38.56,38.56,41.0,45.22,10000.0,0.0,100.0,2.52,4.41,195.0,998.0,1,804,Clouds,overcast clouds,04d
2025-08-03 14:17:34,Thanh Hoa-Thanh Hoa,Thanh Hoa,38.57,38.57,38.57,41.0,45.24,10000.0,0.0,100.0,2.52,4.41,195.0,998.0,1,804,Clouds,overcast clouds,04d
2025-08-03 14:21:25,Thanh Hoa-Thanh Hoa,Thanh Hoa,38.56,38.56,38.56,41.0,45.22,10000.0,0.0,100.0,2.52,4.41,195.0,998.0,1,804,Clouds,overcast clouds,04d
2025-08-03 14:25:17,Thanh Hoa-Thanh Hoa,Thanh Hoa,38.57,38.57,38.57,41.0,45.24,10000.0,0.0,100.0,2.52,4.41,195.0,998.0,1,804,Clouds,overcast clouds,04d
2025-08-03 14:29:09,Thanh Hoa-Thanh Hoa,Thanh Hoa,38.57,38.57,38.57,41.0,45.24,10000.0,0.0,100.0,2.52,4.41,195.0,998.0,1,804,Clouds,overcast clouds,04d
2025-08-03 14:33:00,Thanh Hoa-Thanh Hoa,Thanh Hoa,38.57,38.57,38.57,41.0,45.24,10000.0,0.0,100.0,2.52,4.41,195.0,998.0,1,804,Clouds,overcast clouds,04d
2025-08-03 14:36:52,Thanh Hoa-Thanh Hoa,Thanh Hoa,38.57,38.57,38.57,42.0,45.57,10000.0,0.0,100.0,3.67,5.05,187.0,997.0,1,804,Clouds,overcast clouds,04d
2025-08-03 14:40:43,Thanh Hoa-Thanh Hoa,Thanh Hoa,38.57,38.57,38.57,42.0,45.57,10000.0,0.0,100.0,3.67,5.05,187.0,997.0,1,804,Clouds,overcast clouds,04d
2025-08-03 14:44:34,Thanh Hoa-Thanh Hoa,Thanh Hoa,38.57,38.57,38.57,42.0,45.57,10000.0,0.0,100.0,3.67,5.05,187.0,997.0,1,804,Clouds,overcast clouds,04d
2025-08-03 14:48:25,Thanh Hoa-Thanh Hoa,Thanh Hoa,38.58,38.58,38.58,42.0,45.58,10000.0,0.0,100.0,3.67,5.05,187.0,997.0,1,804,Clouds,overcast clouds,04d
2025-08-03 14:52:16,Thanh Hoa-Thanh Hoa,Thanh Hoa,38.58,38.58,38.58,42.0,45.58,10000.0,0.0,100.0,3.67,5.05,187.0,997.0,1,804,Clouds,overcast clouds,04d
2025-08-03 14:56:10,Thanh Hoa-Thanh Hoa,Thanh Hoa,38.58,38.58,38.58,42.0,45.58,10000.0,0.0,100.0,3.67,5.05,187.0,997.0,1,804,Clouds,overcast clouds,04d
2025-08-03 15:00:01,Thanh Hoa-Thanh Hoa,Thanh Hoa,38.58,38.58,38.58,42.0,45.58,10000.0,0.0,100.0,3.67,5.05,187.0,997.0,1,804,Clouds,overcast clouds,04d
2025-08-03 15:03:53,Thanh Hoa-Thanh Hoa,Thanh Hoa,38.58,38.58,38.58,42.0,45.58,10000.0,0.0,100.0,3.67,5.05,187.0,997.0,1,804,Clouds,overcast clouds,04d
2025-08-03 15:07:45,Thanh Hoa-Thanh Hoa,Thanh Hoa,38.57,38.57,38.57,42.0,45.57,10000.0,0.0,100.0,3.67,5.05,187.0,997.0,1,804,Clouds,overcast clouds,04d
2025-08-03 15:11:37,Thanh Hoa-Thanh Hoa,Thanh Hoa,38.57,38.57,38.57,42.0,45.57,10000.0,0.0,100.0,3.67,5.05,187.0,997.0,1,804,Clouds,overcast clouds,04d
2025-08-03 15:15:28,Thanh Hoa-Thanh Hoa,Thanh Hoa,38.57,38.57,38.57,42.0,45.57,10000.0,0.0,100.0,3.67,5.05,187.0,997.0,1,804,Clouds,overcast clouds,04d
2025-08-03 15:19:21,Thanh Hoa-Thanh Hoa,Thanh Hoa,38.58,38.58,38.58,42.0,45.58,10000.0,0.0,100.0,3.67,5.05,187.0,997.0,1,804,Clouds,overcast clouds,04d
2025-08-03 15:23:13,Thanh Hoa-Thanh Hoa,Thanh Hoa,38.58,38.58,38.58,42.0,45.58,10000.0,0.0,100.0,3.67,5.05,187.0,997.0,1,804,Clouds,overcast clouds,04d
2025-08-03 15:27:05,Thanh Hoa-Thanh Hoa,Thanh Hoa,38.58,38.58,38.58,42.0,45.58,10000.0,0.0,100.0,3.67,5.05,187.0,997.0,1,804,Clouds,overcast clouds,04d
2025-08-03 15:30:57,Thanh Hoa-Thanh Hoa,Thanh Hoa,38.58,38.58,38.58,42.0,45.58,10000.0,0.0,100.0,3.67,5.05,187.0,997.0,1,804,Clouds,overcast clouds,04d
2025-08-03 15:34:48,Thanh Hoa-Thanh Hoa,Thanh Hoa,35.93,35.93,35.93,54.0,42.93,10000.0,0.0,100.0,4.39,7.89,178.0,997.0,1,804,Clouds,overcast clouds,04d
2025-08-03 15:38:39,Thanh Hoa-Thanh Hoa,Thanh Hoa,35.93,35.93,35.93,54.0,42.93,10000.0,0.0,100.0,4.39,7.89,178.0,997.0,1,804,Clouds,overcast clouds,04d
2025-08-03 15:42:31,Thanh Hoa-Thanh Hoa,Thanh Hoa,35.93,35.93,35.93,54.0,42.93,10000.0,0.0,100.0,4.39,7.89,178.0,997.0,1,804,Clouds,overcast clouds,04d
2025-08-03 15:46:24,Thanh Hoa-Thanh Hoa,Thanh Hoa,35.93,35.93,35.93,54.0,42.93,10000.0,0.0,100.0,4.39,7.89,178.0,997.0,1,804,Clouds,overcast clouds,04d
2025-08-03 15:50:16,Thanh Hoa-Thanh Hoa,Thanh Hoa,35.93,35.93,35.93,54.0,42.93,10000.0,0.0,100.0,4.39,7.89,178.0,997.0,1,804,Clouds,overcast clouds,04d
2025-08-03 15:54:09,Thanh Hoa-Thanh Hoa,Thanh Hoa,35.93,35.93,35.93,54.0,42.93,10000.0,0.0,100.0,4.39,7.89,178.0,997.0,1,804,Clouds,overcast clouds,04d
2025-08-03 15:58:01,Thanh Hoa-Thanh Hoa,Thanh Hoa,35.93,35.93,35.93,54.0,42.93,10000.0,0.0,100.0,4.39,7.89,178.0,997.0,1,804,Clouds,overcast clouds,04d
2025-08-03 16:01:53,Thanh Hoa-Thanh Hoa,Thanh Hoa,35.92,35.92,35.92,54.0,42.92,10000.0,0.0,100.0,4.39,7.89,178.0,997.0,1,804,Clouds,overcast clouds,04d
2025-08-03 16:05:45,Thanh Hoa-Thanh Hoa,Thanh Hoa,35.92,35.92,35.92,54.0,42.92,10000.0,0.0,100.0,4.39,7.89,178.0,997.0,1,804,Clouds,overcast clouds,04d
2025-08-03 16:09:36,Thanh Hoa-Thanh Hoa,Thanh Hoa,35.92,35.92,35.92,54.0,42.92,10000.0,0.0,100.0,4.39,7.89,178.0,997.0,1,804,Clouds,overcast clouds,04d
2025-08-03 16:13:29,Thanh Hoa-Thanh Hoa,Thanh Hoa,35.92,35.92,35.92,54.0,42.92,10000.0,0.0,100.0,4.39,7.89,178.0,997.0,1,804,Clouds,overcast clouds,04d
2025-08-03 16:17:21,Thanh Hoa-Thanh Hoa,Thanh Hoa,35.93,35.93,35.93,54.0,42.93,10000.0,0.0,100.0,4.39,7.89,178.0,997.0,1,804,Clouds,overcast clouds,04d
2025-08-03 16:21:13,Thanh Hoa-Thanh Hoa,Thanh Hoa,35.93,35.93,35.93,54.0,42.93,10000.0,0.0,100.0,4.39,7.89,178.0,997.0,1,804,Clouds,overcast clouds,04d
2025-08-03 16:25:05,Thanh Hoa-Thanh Hoa,Thanh Hoa,35.93,35.93,35.93,54.0,42.93,10000.0,0.0,100.0,4.39,7.89,178.0,997.0,1,804,Clouds,overcast clouds,04d
2025-08-03 16:28:58,Thanh Hoa-Thanh Hoa,Thanh Hoa,35.93,35.93,35.93,54.0,42.93,10000.0,0.0,100.0,4.39,7.89,178.0,997.0,1,804,Clouds,overcast clouds,04d
2025-08-03 16:32:51,Thanh Hoa-Thanh Hoa,Thanh Hoa,33.21,33.21,33.21,61.0,40.21,10000.0,0.0,100.0,4.04,9.86,187.0,997.0,1,804,Clouds,overcast clouds,04d
2025-08-03 16:36:47,Thanh Hoa-Thanh Hoa,Thanh Hoa,33.21,33.21,33.21,61.0,40.21,10000.0,0.0,100.0,4.04,9.86,187.0,997.0,1,804,Clouds,overcast clouds,04d
2025-08-03 16:40:38,Thanh Hoa-Thanh Hoa,Thanh Hoa,33.21,33.21,33.21,61.0,40.21,10000.0,0.0,100.0,4.04,9.86,187.0,997.0,1,804,Clouds,overcast clouds,04d
2025-08-03 16:44:30,Thanh Hoa-Thanh Hoa,Thanh Hoa,33.21,33.21,33.21,61.0,40.21,10000.0,0.0,100.0,4.04,9.86,187.0,997.0,1,804,Clouds,overcast clouds,04d
2025-08-03 16:48:22,Thanh Hoa-Thanh Hoa,Thanh Hoa,33.21,33.21,33.21,61.0,40.21,10000.0,0.0,100.0,4.04,9.86,187.0,997.0,1,804,Clouds,overcast clouds,04d
2025-08-03 16:52:16,Thanh Hoa-Thanh Hoa,Thanh Hoa,33.21,33.21,33.21,61.0,40.21,10000.0,0.0,100.0,4.04,9.86,187.0,997.0,1,804,Clouds,overcast clouds,04d
2025-08-03 16:56:09,Thanh Hoa-Thanh Hoa,Thanh Hoa,33.2,33.2,33.2,61.0,40.2,10000.0,0.0,100.0,4.04,9.86,187.0,997.0,1,804,Clouds,overcast clouds,04d
2025-08-03 17:00:04,Thanh Hoa-Thanh Hoa,Thanh Hoa,33.2,33.2,33.2,61.0,40.2,10000.0,0.0,100.0,4.04,9.86,187.0,997.0,1,804,Clouds,overcast clouds,04d
2025-08-03 17:03:57,Thanh Hoa-Thanh Hoa,Thanh Hoa,33.2,33.2,33.2,61.0,40.2,10000.0,0.0,100.0,4.04,9.86,187.0,997.0,1,804,Clouds,overcast clouds,04d
2025-08-03 17:07:49,Thanh Hoa-Thanh Hoa,Thanh Hoa,33.2,33.2,33.2,61.0,40.2,10000.0,0.0,100.0,4.04,9.86,187.0,997.0,1,804,Clouds,overcast clouds,04d
2025-08-03 17:11:40,Thanh Hoa-Thanh Hoa,Thanh Hoa,33.21,33.21,33.21,61.0,40.21,10000.0,0.0,100.0,4.04,9.86,187.0,997.0,1,804,Clouds,overcast clouds,04d
2025-08-03 17:15:33,Thanh Hoa-Thanh Hoa,Thanh Hoa,33.21,33.21,33.21,61.0,40.21,10000.0,0.0,100.0,4.04,9.86,187.0,997.0,1,804,Clouds,overcast clouds,04d
2025-08-03 17:19:26,Thanh Hoa-Thanh Hoa,Thanh Hoa,33.21,33.21,33.21,61.0,40.21,10000.0,0.0,100.0,4.04,9.86,187.0,997.0,1,804,Clouds,overcast clouds,04d
2025-08-03 17:23:19,Thanh Hoa-Thanh Hoa,Thanh Hoa,33.2,33.2,33.2,61.0,40.2,10000.0,0.0,100.0,4.04,9.86,187.0,997.0,1,804,Clouds,overcast clouds,04d
2025-08-03 17:27:11,Thanh Hoa-Thanh Hoa,Thanh Hoa,33.2,33.2,33.2,61.0,40.2,10000.0,0.0,100.0,4.04,9.86,187.0,997.0,1,804,Clouds,overcast clouds,04d
2025-08-03 17:31:04,Thanh Hoa-Thanh Hoa,Thanh Hoa,31.88,31.88,31.88,64.0,38.03,10000.0,0.0,100.0,4.47,10.56,196.0,997.0,1,804,Clouds,overcast clouds,04d
2025-08-03 17:34:57,Thanh Hoa-Thanh Hoa,Thanh Hoa,31.88,31.88,31.88,64.0,38.03,10000.0,0.0,100.0,4.47,10.56,196.0,997.0,1,804,Clouds,overcast clouds,04d
2025-08-03 17:38:54,Thanh Hoa-Thanh Hoa,Thanh Hoa,31.88,31.88,31.88,64.0,38.03,10000.0,0.0,100.0,4.47,10.56,196.0,997.0,1,804,Clouds,overcast clouds,04d
2025-08-03 17:42:45,Thanh Hoa-Thanh Hoa,Thanh Hoa,31.89,31.89,31.89,64.0,38.05,10000.0,0.0,100.0,4.47,10.56,196.0,997.0,1,804,Clouds,overcast clouds,04d
2025-08-03 17:46:39,Thanh Hoa-Thanh Hoa,Thanh Hoa,31.89,31.89,31.89,64.0,38.05,10000.0,0.0,100.0,4.47,10.56,196.0,997.0,1,804,Clouds,overcast clouds,04d
2025-08-03 17:50:31,Thanh Hoa-Thanh Hoa,Thanh Hoa,31.89,31.89,31.89,64.0,38.05,10000.0,0.0,100.0,4.47,10.56,196.0,997.0,1,804,Clouds,overcast clouds,04d
2025-08-03 17:54:23,Thanh Hoa-Thanh Hoa,Thanh Hoa,31.89,31.89,31.89,64.0,38.05,10000.0,0.0,100.0,4.47,10.56,196.0,997.0,1,804,Clouds,overcast clouds,04d
2025-08-03 17:58:14,Thanh Hoa-Thanh Hoa,Thanh Hoa,31.89,31.89,31.89,64.0,38.05,10000.0,0.0,100.0,4.47,10.56,196.0,997.0,1,804,Clouds,overcast clouds,04d
2025-08-03 18:02:07,Thanh Hoa-Thanh Hoa,Thanh Hoa,31.89,31.89,31.89,64.0,38.05,10000.0,0.0,100.0,4.47,10.56,196.0,997.0,1,804,Clouds,overcast clouds,04d
2025-08-03 18:05:58,Thanh Hoa-Thanh Hoa,Thanh Hoa,31.89,31.89,31.89,64.0,38.05,10000.0,0.0,100.0,4.47,10.56,196.0,997.0,1,804,Clouds,overcast clouds,04d
2025-08-03 18:09:50,Thanh Hoa-Thanh Hoa,Thanh Hoa,31.89,31.89,31.89,64.0,38.05,10000.0,0.0,100.0,4.47,10.56,196.0,997.0,1,804,Clouds,overcast clouds,04d
2025-08-03 18:13:43,Thanh Hoa-Thanh Hoa,Thanh Hoa,31.89,31.89,31.89,64.0,38.05,10000.0,0.0,100.0,4.47,10.56,196.0,997.0,1,804,Clouds,overcast clouds,04d
2025-08-03 18:17:34,Thanh Hoa-Thanh Hoa,Thanh Hoa,31.89,31.89,31.89,64.0,38.05,10000.0,0.0,100.0,4.47,10.56,196.0,997.0,1,804,Clouds,overcast clouds,04d
2025-08-03 18:21:25,Thanh Hoa-Thanh Hoa,Thanh Hoa,31.88,31.88,31.88,64.0,38.03,10000.0,0.0,100.0,4.47,10.56,196.0,997.0,1,804,Clouds,overcast clouds,04d
2025-08-03 18:26:20,Thanh Hoa-Thanh Hoa,Thanh Hoa,31.88,31.88,31.88,64.0,38.03,10000.0,0.0,100.0,4.47,10.56,196.0,997.0,1,804,Clouds,overcast clouds,04d
2025-08-03 18:30:13,Thanh Hoa-Thanh Hoa,Thanh Hoa,28.84,28.84,28.84,75.0,33.3,10000.0,0.0,100.0,4.85,12.7,190.0,998.0,1,804,Clouds,overcast clouds,04d
2025-08-03 18:34:06,Thanh Hoa-Thanh Hoa,Thanh Hoa,28.84,28.84,28.84,75.0,33.3,10000.0,0.0,100.0,4.85,12.7,190.0,998.0,0,804,Clouds,overcast clouds,04d
2025-08-03 18:37:58,Thanh Hoa-Thanh Hoa,Thanh Hoa,28.86,28.86,28.86,75.0,33.35,10000.0,0.0,100.0,4.85,12.7,190.0,998.0,0,804,Clouds,overcast clouds,04n
2025-08-03 18:41:50,Thanh Hoa-Thanh Hoa,Thanh Hoa,28.84,28.84,28.84,75.0,33.3,10000.0,0.0,100.0,4.85,12.7,190.0,998.0,0,804,Clouds,overcast clouds,04d
2025-08-03 18:45:41,Thanh Hoa-Thanh Hoa,Thanh Hoa,28.86,28.86,28.86,75.0,33.35,10000.0,0.0,100.0,4.98,12.11,193.0,998.0,0,804,Clouds,overcast clouds,04n
2025-08-03 18:49:33,Thanh Hoa-Thanh Hoa,Thanh Hoa,28.86,28.86,28.86,75.0,33.35,10000.0,0.0,100.0,4.98,12.11,193.0,998.0,0,804,Clouds,overcast clouds,04n
2025-08-03 18:53:25,Thanh Hoa-Thanh Hoa,Thanh Hoa,28.86,28.86,28.86,75.0,33.35,10000.0,0.0,100.0,4.98,12.11,193.0,998.0,0,804,Clouds,overcast clouds,04n
2025-08-03 18:57:17,Thanh Hoa-Thanh Hoa,Thanh Hoa,28.86,28.86,28.86,75.0,33.35,10000.0,0.0,100.0,4.98,12.11,193.0,998.0,0,804,Clouds,overcast clouds,04n
2025-08-03 19:01:09,Thanh Hoa-Thanh Hoa,Thanh Hoa,28.86,28.86,28.86,75.0,33.35,10000.0,0.0,100.0,4.98,12.11,193.0,998.0,0,804,Clouds,overcast clouds,04n
2025-08-03 19:05:01,Thanh Hoa-Thanh Hoa,Thanh Hoa,28.86,28.86,28.86,75.0,33.35,10000.0,0.0,100.0,4.98,12.11,193.0,998.0,0,804,Clouds,overcast clouds,04n
2025-08-03 19:08:54,Thanh Hoa-Thanh Hoa,Thanh Hoa,28.86,28.86,28.86,75.0,33.35,10000.0,0.0,100.0,4.98,12.11,193.0,998.0,0,804,Clouds,overcast clouds,04n
2025-08-03 19:12:47,Thanh Hoa-Thanh Hoa,Thanh Hoa,30.64,30.64,30.64,65.0,35.31,10000.0,0.0,100.0,4.98,12.11,193.0,998.0,0,804,Clouds,overcast clouds,04n
2025-08-03 19:16:39,Thanh Hoa-Thanh Hoa,Thanh Hoa,30.64,30.64,30.64,65.0,35.31,10000.0,0.0,100.0,4.98,12.11,193.0,998.0,0,804,Clouds,overcast clouds,04n
2025-08-03 19:20:29,Thanh Hoa-Thanh Hoa,Thanh Hoa,30.64,30.64,30.64,65.0,35.31,10000.0,0.0,100.0,4.98,12.11,193.0,998.0,0,804,Clouds,overcast clouds,04n
2025-08-03 19:24:18,Thanh Hoa-Thanh Hoa,Thanh Hoa,30.62,30.62,30.62,65.0,35.26,10000.0,0.0,100.0,4.98,12.11,193.0,998.0,0,804,Clouds,overcast clouds,04n
2025-08-03 19:28:04,Thanh Hoa-Thanh Hoa,Thanh Hoa,30.62,30.62,30.62,65.0,35.26,10000.0,0.0,100.0,4.98,12.11,193.0,998.0,0,804,Clouds,overcast clouds,04n
2025-08-03 19:31:51,Thanh Hoa-Thanh Hoa,Thanh Hoa,29.72,29.72,29.72,68.0,33.92,10000.0,0.0,87.0,4.96,11.7,200.0,999.0,0,804,Clouds,overcast clouds,04n
2025-08-03 19:35:37,Thanh Hoa-Thanh Hoa,Thanh Hoa,29.72,29.72,29.72,68.0,33.92,10000.0,0.0,87.0,4.96,11.7,200.0,999.0,0,804,Clouds,overcast clouds,04n
2025-08-03 19:39:23,Thanh Hoa-Thanh Hoa,Thanh Hoa,29.72,29.72,29.72,68.0,33.92,10000.0,0.0,87.0,4.96,11.7,200.0,999.0,0,804,Clouds,overcast clouds,04n
2025-08-03 19:43:10,Thanh Hoa-Thanh Hoa,Thanh Hoa,29.72,29.72,29.72,68.0,33.92,10000.0,0.0,87.0,4.96,11.7,200.0,999.0,0,804,Clouds,overcast clouds,04n
2025-08-03 19:46:56,Thanh Hoa-Thanh Hoa,Thanh Hoa,29.72,29.72,29.72,68.0,33.92,10000.0,0.0,87.0,4.96,11.7,200.0,999.0,0,804,Clouds,overcast clouds,04n
2025-08-03 19:50:43,Thanh Hoa-Thanh Hoa,Thanh Hoa,29.72,29.72,29.72,68.0,33.92,10000.0,0.0,87.0,4.96,11.7,200.0,999.0,0,804,Clouds,overcast clouds,04n
2025-08-03 19:54:30,Thanh Hoa-Thanh Hoa,Thanh Hoa,29.72,29.72,29.72,68.0,33.92,10000.0,0.0,87.0,4.96,11.7,200.0,999.0,0,804,Clouds,overcast clouds,04n
2025-08-03 19:58:15,Thanh Hoa-Thanh Hoa,Thanh Hoa,29.72,29.72,29.72,68.0,33.92,10000.0,0.0,87.0,4.96,11.7,200.0,999.0,0,804,Clouds,overcast clouds,04n
2025-08-03 20:02:01,Thanh Hoa-Thanh Hoa,Thanh Hoa,29.72,29.72,29.72,68.0,33.92,10000.0,0.0,87.0,4.96,11.7,200.0,999.0,0,804,Clouds,overcast clouds,04n
2025-08-03 20:05:47,Thanh Hoa-Thanh Hoa,Thanh Hoa,29.72,29.72,29.72,68.0,33.92,10000.0,0.0,87.0,4.96,11.7,200.0,999.0,0,804,Clouds,overcast clouds,04n
2025-08-03 20:09:34,Thanh Hoa-Thanh Hoa,Thanh Hoa,29.72,29.72,29.72,68.0,33.92,10000.0,0.0,87.0,4.96,11.7,200.0,999.0,0,804,Clouds,overcast clouds,04n
2025-08-03 20:13:20,Thanh Hoa-Thanh Hoa,Thanh Hoa,29.72,29.72,29.72,68.0,33.92,10000.0,0.0,87.0,4.96,11.7,200.0,999.0,0,804,Clouds,overcast clouds,04n
2025-08-03 20:17:07,Thanh Hoa-Thanh Hoa,Thanh Hoa,29.71,29.71,29.71,68.0,33.9,10000.0,0.0,87.0,4.96,11.7,200.0,999.0,0,804,Clouds,overcast clouds,04n
2025-08-03 20:20:52,Thanh Hoa-Thanh Hoa,Thanh Hoa,29.72,29.72,29.72,68.0,33.92,10000.0,0.0,87.0,4.96,11.7,200.0,999.0,0,804,Clouds,overcast clouds,04n
2025-08-03 20:24:38,Thanh Hoa-Thanh Hoa,Thanh Hoa,29.71,29.71,29.71,68.0,33.9,10000.0,0.0,87.0,4.96,11.7,200.0,999.0,0,804,Clouds,overcast clouds,04n
2025-08-03 20:28:25,Thanh Hoa-Thanh Hoa,Thanh Hoa,29.71,29.71,29.71,68.0,33.9,10000.0,0.0,87.0,4.96,11.7,200.0,999.0,0,804,Clouds,overcast clouds,04n
2025-08-03 20:32:11,Thanh Hoa-Thanh Hoa,Thanh Hoa,29.04,29.04,29.04,72.0,33.2,10000.0,0.0,72.0,4.14,11.14,203.0,1000.0,0,803,Clouds,broken clouds,04n
2025-08-03 20:35:57,Thanh Hoa-Thanh Hoa,Thanh Hoa,29.04,29.04,29.04,72.0,33.2,10000.0,0.0,72.0,4.14,11.14,203.0,1000.0,0,803,Clouds,broken clouds,04n
2025-08-03 20:39:42,Thanh Hoa-Thanh Hoa,Thanh Hoa,29.04,29.04,29.04,72.0,33.2,10000.0,0.0,72.0,4.14,11.14,203.0,1000.0,0,803,Clouds,broken clouds,04n
2025-08-03 20:43:28,Thanh Hoa-Thanh Hoa,Thanh Hoa,29.04,29.04,29.04,72.0,33.2,10000.0,0.0,72.0,4.14,11.14,203.0,1000.0,0,803,Clouds,broken clouds,04n
2025-08-03 20:47:15,Thanh Hoa-Thanh Hoa,Thanh Hoa,29.04,29.04,29.04,72.0,33.2,10000.0,0.0,72.0,4.14,11.14,203.0,1000.0,0,803,Clouds,broken clouds,04n
2025-08-03 20:51:03,Thanh Hoa-Thanh Hoa,Thanh Hoa,29.04,29.04,29.04,72.0,33.2,10000.0,0.0,72.0,4.14,11.14,203.0,1000.0,0,803,Clouds,broken clouds,04n
2025-08-03 20:54:52,Thanh Hoa-Thanh Hoa,Thanh Hoa,29.04,29.04,29.04,72.0,33.2,10000.0,0.0,72.0,4.14,11.14,203.0,1000.0,0,803,Clouds,broken clouds,04n
2025-08-03 20:58:38,Thanh Hoa-Thanh Hoa,Thanh Hoa,29.04,29.04,29.04,72.0,33.2,10000.0,0.0,72.0,4.14,11.14,203.0,1000.0,0,803,Clouds,broken clouds,04n
2025-08-03 21:02:26,Thanh Hoa-Thanh Hoa,Thanh Hoa,29.04,29.04,29.04,72.0,33.2,10000.0,0.0,72.0,4.14,11.14,203.0,1000.0,0,803,Clouds,broken clouds,04n
2025-08-03 21:06:13,Thanh Hoa-Thanh Hoa,Thanh Hoa,29.04,29.04,29.04,72.0,33.2,10000.0,0.0,72.0,4.14,11.14,203.0,1000.0,0,803,Clouds,broken clouds,04n
2025-08-03 21:09:59,Thanh Hoa-Thanh Hoa,Thanh Hoa,29.04,29.04,29.04,72.0,33.2,10000.0,0.0,72.0,4.14,11.14,203.0,1000.0,0,803,Clouds,broken clouds,04n
2025-08-03 21:13:46,Thanh Hoa-Thanh Hoa,Thanh Hoa,29.04,29.04,29.04,72.0,33.2,10000.0,0.0,72.0,4.14,11.14,203.0,1000.0,0,803,Clouds,broken clouds,04n
2025-08-03 21:17:33,Thanh Hoa-Thanh Hoa,Thanh Hoa,29.03,29.03,29.03,72.0,33.17,10000.0,0.0,72.0,4.14,11.14,203.0,1000.0,0,803,Clouds,broken clouds,04n
2025-08-03 21:21:20,Thanh Hoa-Thanh Hoa,Thanh Hoa,29.03,29.03,29.03,72.0,33.17,10000.0,0.0,72.0,4.14,11.14,203.0,1000.0,0,803,Clouds,broken clouds,04n
2025-08-03 21:25:08,Thanh Hoa-Thanh Hoa,Thanh Hoa,29.03,29.03,29.03,72.0,33.17,10000.0,0.0,72.0,4.14,11.14,203.0,1000.0,0,803,Clouds,broken clouds,04n
2025-08-03 21:28:54,Thanh Hoa-Thanh Hoa,Thanh Hoa,29.03,29.03,29.03,72.0,33.17,10000.0,0.0,72.0,4.14,11.14,203.0,1000.0,0,803,Clouds,broken clouds,04n
2025-08-03 21:32:41,Thanh Hoa-Thanh Hoa,Thanh Hoa,28.41,28.41,28.41,76.0,32.45,10000.0,0.0,53.0,3.23,10.42,203.0,1001.0,0,803,Clouds,broken clouds,04n
2025-08-03 21:36:27,Thanh Hoa-Thanh Hoa,Thanh Hoa,28.41,28.41,28.41,76.0,32.45,10000.0,0.0,53.0,3.23,10.42,203.0,1001.0,0,803,Clouds,broken clouds,04n
2025-08-03 21:40:14,Thanh Hoa-Thanh Hoa,Thanh Hoa,28.41,28.41,28.41,76.0,32.45,10000.0,0.0,53.0,3.23,10.42,203.0,1001.0,0,803,Clouds,broken clouds,04n
2025-08-03 21:44:01,Thanh Hoa-Thanh Hoa,Thanh Hoa,28.41,28.41,28.41,76.0,32.45,10000.0,0.0,53.0,3.23,10.42,203.0,1001.0,0,803,Clouds,broken clouds,04n
2025-08-03 21:47:50,Thanh Hoa-Thanh Hoa,Thanh Hoa,28.41,28.41,28.41,76.0,32.45,10000.0,0.0,53.0,3.23,10.42,203.0,1001.0,0,803,Clouds,broken clouds,04n
2025-08-03 21:51:39,Thanh Hoa-Thanh Hoa,Thanh Hoa,28.41,28.41,28.41,76.0,32.45,10000.0,0.0,53.0,3.23,10.42,203.0,1001.0,0,803,Clouds,broken clouds,04n
2025-08-03 21:55:27,Thanh Hoa-Thanh Hoa,Thanh Hoa,28.41,28.41,28.41,76.0,32.45,10000.0,0.0,53.0,3.23,10.42,203.0,1001.0,0,803,Clouds,broken clouds,04n
2025-08-03 21:59:15,Thanh Hoa-Thanh Hoa,Thanh Hoa,28.41,28.41,28.41,76.0,32.45,10000.0,0.0,53.0,3.23,10.42,203.0,1001.0,0,803,Clouds,broken clouds,04n
2025-08-03 22:03:01,Thanh Hoa-Thanh Hoa,Thanh Hoa,28.42,28.42,28.42,76.0,32.47,10000.0,0.0,53.0,3.23,10.42,203.0,1001.0,0,803,Clouds,broken clouds,04n
2025-08-03 22:06:49,Thanh Hoa-Thanh Hoa,Thanh Hoa,28.41,28.41,28.41,76.0,32.45,10000.0,0.0,53.0,3.23,10.42,203.0,1001.0,0,803,Clouds,broken clouds,04n
2025-08-03 22:10:35,Thanh Hoa-Thanh Hoa,Thanh Hoa,28.42,28.42,28.42,76.0,32.47,10000.0,0.0,53.0,3.23,10.42,203.0,1001.0,0,803,Clouds,broken clouds,04n
2025-08-03 22:14:21,Thanh Hoa-Thanh Hoa,Thanh Hoa,28.42,28.42,28.42,76.0,32.47,10000.0,0.0,53.0,3.23,10.42,203.0,1001.0,0,803,Clouds,broken clouds,04n
2025-08-03 22:18:08,Thanh Hoa-Thanh Hoa,Thanh Hoa,28.41,28.41,28.41,76.0,32.45,10000.0,0.0,53.0,3.23,10.42,203.0,1001.0,0,803,Clouds,broken clouds,04n
2025-08-03 22:21:54,Thanh Hoa-Thanh Hoa,Thanh Hoa,28.41,28.41,28.41,76.0,32.45,10000.0,0.0,53.0,3.23,10.42,203.0,1001.0,0,803,Clouds,broken clouds,04n
2025-08-03 22:25:40,Thanh Hoa-Thanh Hoa,Thanh Hoa,28.41,28.41,28.41,76.0,32.45,10000.0,0.0,53.0,3.23,10.42,203.0,1001.0,0,803,Clouds,broken clouds,04n
2025-08-03 22:29:26,Thanh Hoa-Thanh Hoa,Thanh Hoa,28.41,28.41,28.41,76.0,32.45,10000.0,0.0,53.0,3.23,10.42,203.0,1001.0,0,803,Clouds,broken clouds,04n
2025-08-03 22:33:12,Thanh Hoa-Thanh Hoa,Thanh Hoa,28.22,28.22,28.22,77.0,32.16,10000.0,0.0,45.0,2.79,9.9,210.0,1001.0,0,802,Clouds,scattered clouds,03n
2025-08-03 22:36:58,Thanh Hoa-Thanh Hoa,Thanh Hoa,28.22,28.22,28.22,77.0,32.16,10000.0,0.0,45.0,2.79,9.9,210.0,1001.0,0,802,Clouds,scattered clouds,03n
2025-08-03 22:40:44,Thanh Hoa-Thanh Hoa,Thanh Hoa,28.22,28.22,28.22,77.0,32.16,10000.0,0.0,45.0,2.79,9.9,210.0,1001.0,0,802,Clouds,scattered clouds,03n
2025-08-03 22:44:31,Thanh Hoa-Thanh Hoa,Thanh Hoa,28.22,28.22,28.22,77.0,32.16,10000.0,0.0,45.0,2.79,9.9,210.0,1001.0,0,802,Clouds,scattered clouds,03n
2025-08-03 22:48:18,Thanh Hoa-Thanh Hoa,Thanh Hoa,28.22,28.22,28.22,77.0,32.16,10000.0,0.0,45.0,2.79,9.9,210.0,1001.0,0,802,Clouds,scattered clouds,03n
2025-08-03 22:52:04,Thanh Hoa-Thanh Hoa,Thanh Hoa,28.22,28.22,28.22,77.0,32.16,10000.0,0.0,45.0,2.79,9.9,210.0,1001.0,0,802,Clouds,scattered clouds,03n
2025-08-03 22:55:50,Thanh Hoa-Thanh Hoa,Thanh Hoa,28.22,28.22,28.22,77.0,32.16,10000.0,0.0,45.0,2.79,9.9,210.0,1001.0,0,802,Clouds,scattered clouds,03n
2025-08-03 22:59:36,Thanh Hoa-Thanh Hoa,Thanh Hoa,28.22,28.22,28.22,77.0,32.16,10000.0,0.0,45.0,2.79,9.9,210.0,1001.0,0,802,Clouds,scattered clouds,03n
2025-08-03 23:03:22,Thanh Hoa-Thanh Hoa,Thanh Hoa,28.22,28.22,28.22,77.0,32.16,10000.0,0.0,45.0,2.79,9.9,210.0,1001.0,0,802,Clouds,scattered clouds,03n
2025-08-03 23:07:08,Thanh Hoa-Thanh Hoa,Thanh Hoa,28.23,28.23,28.23,77.0,32.19,10000.0,0.0,45.0,2.79,9.9,210.0,1001.0,0,802,Clouds,scattered clouds,03n
2025-08-03 23:10:54,Thanh Hoa-Thanh Hoa,Thanh Hoa,28.23,28.23,28.23,77.0,32.19,10000.0,0.0,45.0,2.79,9.9,210.0,1001.0,0,802,Clouds,scattered clouds,03n
2025-08-03 23:14:40,Thanh Hoa-Thanh Hoa,Thanh Hoa,28.23,28.23,28.23,77.0,32.19,10000.0,0.0,45.0,2.79,9.9,210.0,1001.0,0,802,Clouds,scattered clouds,03n
2025-08-03 23:18:27,Thanh Hoa-Thanh Hoa,Thanh Hoa,28.23,28.23,28.23,77.0,32.19,10000.0,0.0,45.0,2.79,9.9,210.0,1001.0,0,802,Clouds,scattered clouds,03n
2025-08-03 23:22:14,Thanh Hoa-Thanh Hoa,Thanh Hoa,28.22,28.22,28.22,77.0,32.16,10000.0,0.0,45.0,2.79,9.9,210.0,1001.0,0,802,Clouds,scattered clouds,03n
2025-08-03 23:26:00,Thanh Hoa-Thanh Hoa,Thanh Hoa,28.22,28.22,28.22,77.0,32.16,10000.0,0.0,45.0,2.79,9.9,210.0,1001.0,0,802,Clouds,scattered clouds,03n
2025-08-03 23:29:45,Thanh Hoa-Thanh Hoa,Thanh Hoa,28.22,28.22,28.22,77.0,32.16,10000.0,0.0,45.0,2.79,9.9,210.0,1001.0,0,802,Clouds,scattered clouds,03n
2025-08-03 23:33:31,Thanh Hoa-Thanh Hoa,Thanh Hoa,28.07,28.07,28.07,77.0,31.81,10000.0,0.0,43.0,2.84,9.48,212.0,1000.0,0,802,Clouds,scattered clouds,03n
2025-08-03 23:37:17,Thanh Hoa-Thanh Hoa,Thanh Hoa,28.07,28.07,28.07,77.0,31.81,10000.0,0.0,43.0,2.84,9.48,212.0,1000.0,0,802,Clouds,scattered clouds,03n
2025-08-03 23:41:03,Thanh Hoa-Thanh Hoa,Thanh Hoa,28.07,28.07,28.07,77.0,31.81,10000.0,0.0,43.0,2.84,9.48,212.0,1000.0,0,802,Clouds,scattered clouds,03n
2025-08-03 23:44:49,Thanh Hoa-Thanh Hoa,Thanh Hoa,28.07,28.07,28.07,77.0,31.81,10000.0,0.0,43.0,2.84,9.48,212.0,1000.0,0,802,Clouds,scattered clouds,03n
2025-08-03 23:48:35,Thanh Hoa-Thanh Hoa,Thanh Hoa,28.07,28.07,28.07,77.0,31.81,10000.0,0.0,43.0,2.84,9.48,212.0,1000.0,0,802,Clouds,scattered clouds,03n
2025-08-03 23:52:21,Thanh Hoa-Thanh Hoa,Thanh Hoa,28.07,28.07,28.07,77.0,31.81,10000.0,0.0,43.0,2.84,9.48,212.0,1000.0,0,802,Clouds,scattered clouds,03n
2025-08-03 23:56:08,Thanh Hoa-Thanh Hoa,Thanh Hoa,28.07,28.07,28.07,77.0,31.81,10000.0,0.0,43.0,2.84,9.48,212.0,1000.0,0,802,Clouds,scattered clouds,03n
2025-08-03 23:59:54,Thanh Hoa-Thanh Hoa,Thanh Hoa,28.07,28.07,28.07,77.0,31.81,10000.0,0.0,43.0,2.84,9.48,212.0,1000.0,0,802,Clouds,scattered clouds,03n
2025-08-04 00:03:39,Thanh Hoa-Thanh Hoa,Thanh Hoa,28.07,28.07,28.07,77.0,31.81,10000.0,0.0,43.0,2.84,9.48,212.0,1000.0,0,802,Clouds,scattered clouds,03n
2025-08-04 00:07:25,Thanh Hoa-Thanh Hoa,Thanh Hoa,28.07,28.07,28.07,77.0,31.81,10000.0,0.0,43.0,2.84,9.48,212.0,1000.0,0,802,Clouds,scattered clouds,03n
2025-08-04 00:11:11,Thanh Hoa-Thanh Hoa,Thanh Hoa,28.07,28.07,28.07,77.0,31.81,10000.0,0.0,43.0,2.84,9.48,212.0,1000.0,0,802,Clouds,scattered clouds,03n
2025-08-04 00:14:57,Thanh Hoa-Thanh Hoa,Thanh Hoa,28.07,28.07,28.07,77.0,31.81,10000.0,0.0,43.0,2.84,9.48,212.0,1000.0,0,802,Clouds,scattered clouds,03n
2025-08-04 00:18:43,Thanh Hoa-Thanh Hoa,Thanh Hoa,28.07,28.07,28.07,77.0,31.81,10000.0,0.0,43.0,2.84,9.48,212.0,1000.0,0,802,Clouds,scattered clouds,03n
