time,province,city,temperature,temp_min,temp_max,humidity,feels_like,visibility,precipitation,cloudcover,wind_speed,wind_gust,wind_direction,pressure,is_day,weather_code,weather_main,weather_description,weather_icon
2025-07-18 01:20:47,Vinh Long,Vinh Long,26.02,26.02,26.02,90.0,26.02,10000.0,0.12,100.0,3.81,10.7,254.0,1008.0,0,500,Rain,light rain,10n
2025-07-18 01:22:41,Vinh Long,Vinh Long,26.02,26.02,26.02,90.0,26.02,10000.0,0.12,100.0,3.81,10.7,254.0,1008.0,0,500,Rain,light rain,10n
2025-07-18 01:24:36,Vinh Long,Vinh Long,26.02,26.02,26.02,90.0,26.02,10000.0,0.12,100.0,3.81,10.7,254.0,1008.0,0,500,Rain,light rain,10n
2025-07-18 01:26:33,Vinh Long,Vinh Long,26.23,26.23,26.23,92.0,26.23,10000.0,0.12,100.0,3.81,10.7,254.0,1008.0,0,500,Rain,light rain,10n
2025-07-18 01:28:28,Vinh Long,Vinh Long,26.23,26.23,26.23,92.0,26.23,10000.0,0.12,100.0,3.81,10.7,254.0,1008.0,0,500,Rain,light rain,10n
2025-07-18 01:30:23,Vinh Long,Vinh Long,26.23,26.23,26.23,92.0,26.23,10000.0,0.12,100.0,3.81,10.7,254.0,1008.0,0,500,Rain,light rain,10n
2025-07-18 01:32:22,Vinh Long,Vinh Long,26.38,26.38,26.38,88.0,26.38,10000.0,0.0,100.0,3.68,10.98,257.0,1007.0,0,804,Clouds,overcast clouds,04n
2025-07-18 01:34:16,Vinh Long,Vinh Long,26.38,26.38,26.38,88.0,26.38,10000.0,0.0,100.0,3.68,10.98,257.0,1007.0,0,804,Clouds,overcast clouds,04n
2025-07-18 01:36:11,Vinh Long,Vinh Long,26.23,26.23,26.23,92.0,26.23,10000.0,0.12,100.0,3.81,10.7,254.0,1008.0,0,500,Rain,light rain,10n
2025-07-18 01:38:07,Vinh Long,Vinh Long,26.38,26.38,26.38,88.0,26.38,10000.0,0.0,100.0,3.68,10.98,257.0,1007.0,0,804,Clouds,overcast clouds,04n
2025-07-18 01:40:05,Vinh Long,Vinh Long,26.38,26.38,26.38,88.0,26.38,10000.0,0.0,100.0,3.68,10.98,257.0,1007.0,0,804,Clouds,overcast clouds,04n
2025-07-18 01:42:00,Vinh Long,Vinh Long,26.38,26.38,26.38,88.0,26.38,10000.0,0.0,100.0,3.68,10.98,257.0,1007.0,0,804,Clouds,overcast clouds,04n
2025-07-18 01:43:54,Vinh Long,Vinh Long,26.38,26.38,26.38,88.0,26.38,10000.0,0.0,100.0,3.68,10.98,257.0,1007.0,0,804,Clouds,overcast clouds,04n
2025-07-18 01:45:50,Vinh Long,Vinh Long,26.38,26.38,26.38,88.0,26.38,10000.0,0.0,100.0,3.68,10.98,257.0,1007.0,0,804,Clouds,overcast clouds,04n
2025-07-18 01:47:46,Vinh Long,Vinh Long,26.36,26.36,26.36,88.0,26.36,10000.0,0.0,100.0,3.68,10.98,257.0,1007.0,0,804,Clouds,overcast clouds,04n
2025-07-18 01:49:42,Vinh Long,Vinh Long,26.36,26.36,26.36,88.0,26.36,10000.0,0.0,100.0,3.68,10.98,257.0,1007.0,0,804,Clouds,overcast clouds,04n
2025-07-18 01:51:36,Vinh Long,Vinh Long,26.36,26.36,26.36,88.0,26.36,10000.0,0.0,100.0,3.68,10.98,257.0,1007.0,0,804,Clouds,overcast clouds,04n
2025-07-18 01:53:31,Vinh Long,Vinh Long,26.36,26.36,26.36,88.0,26.36,10000.0,0.0,100.0,3.68,10.98,257.0,1007.0,0,804,Clouds,overcast clouds,04n
2025-07-18 01:55:25,Vinh Long,Vinh Long,26.36,26.36,26.36,88.0,26.36,10000.0,0.0,100.0,3.68,10.98,257.0,1007.0,0,804,Clouds,overcast clouds,04n
2025-07-18 01:57:20,Vinh Long,Vinh Long,26.36,26.36,26.36,88.0,26.36,10000.0,0.0,100.0,3.68,10.98,257.0,1007.0,0,804,Clouds,overcast clouds,04n
2025-07-18 01:59:15,Vinh Long,Vinh Long,26.36,26.36,26.36,88.0,26.36,10000.0,0.0,100.0,3.68,10.98,257.0,1007.0,0,804,Clouds,overcast clouds,04n
2025-07-18 02:03:02,Vinh Long,Vinh Long,26.36,26.36,26.36,88.0,26.36,10000.0,0.0,100.0,3.68,10.98,257.0,1007.0,0,804,Clouds,overcast clouds,04n
2025-07-18 02:04:57,Vinh Long,Vinh Long,26.36,26.36,26.36,88.0,26.36,10000.0,0.0,100.0,3.68,10.98,257.0,1007.0,0,804,Clouds,overcast clouds,04n
2025-07-18 02:06:55,Vinh Long,Vinh Long,26.38,26.38,26.38,92.0,26.38,10000.0,0.0,100.0,3.68,10.98,257.0,1007.0,0,804,Clouds,overcast clouds,04n
2025-07-18 02:08:51,Vinh Long,Vinh Long,26.38,26.38,26.38,92.0,26.38,10000.0,0.0,100.0,3.68,10.98,257.0,1007.0,0,804,Clouds,overcast clouds,04n
2025-07-18 02:10:46,Vinh Long,Vinh Long,26.38,26.38,26.38,92.0,26.38,10000.0,0.0,100.0,3.68,10.98,257.0,1007.0,0,804,Clouds,overcast clouds,04n
2025-07-18 02:12:41,Vinh Long,Vinh Long,26.38,26.38,26.38,92.0,26.38,10000.0,0.0,100.0,3.68,10.98,257.0,1007.0,0,804,Clouds,overcast clouds,04n
2025-07-18 02:14:37,Vinh Long,Vinh Long,26.38,26.38,26.38,92.0,26.38,10000.0,0.27,100.0,3.68,10.98,257.0,1007.0,0,500,Rain,light rain,10n
2025-07-18 02:16:31,Vinh Long,Vinh Long,26.38,26.38,26.38,92.0,26.38,10000.0,0.0,100.0,3.68,10.98,257.0,1007.0,0,804,Clouds,overcast clouds,04n
2025-07-18 02:18:27,Vinh Long,Vinh Long,26.38,26.38,26.38,92.0,26.38,10000.0,0.27,100.0,3.68,10.98,257.0,1007.0,0,500,Rain,light rain,10n
2025-07-18 02:20:22,Vinh Long,Vinh Long,26.38,26.38,26.38,92.0,26.38,10000.0,0.27,100.0,3.68,10.98,257.0,1007.0,0,500,Rain,light rain,10n
2025-07-18 02:22:17,Vinh Long,Vinh Long,26.38,26.38,26.38,92.0,26.38,10000.0,0.27,100.0,3.68,10.98,257.0,1007.0,0,500,Rain,light rain,10n
2025-07-18 02:24:12,Vinh Long,Vinh Long,26.38,26.38,26.38,92.0,26.38,10000.0,0.27,100.0,3.68,10.98,257.0,1007.0,0,500,Rain,light rain,10n
2025-07-18 02:26:09,Vinh Long,Vinh Long,26.38,26.38,26.38,92.0,26.38,10000.0,0.15,100.0,3.68,10.98,257.0,1007.0,0,500,Rain,light rain,10n
2025-07-18 02:28:03,Vinh Long,Vinh Long,26.38,26.38,26.38,92.0,26.38,10000.0,0.15,100.0,3.68,10.98,257.0,1007.0,0,500,Rain,light rain,10n
2025-07-18 02:29:58,Vinh Long,Vinh Long,26.38,26.38,26.38,92.0,26.38,10000.0,0.15,100.0,3.68,10.98,257.0,1007.0,0,500,Rain,light rain,10n
2025-07-18 02:31:54,Vinh Long,Vinh Long,26.31,26.31,26.31,86.0,26.31,10000.0,0.11,100.0,3.83,10.85,257.0,1007.0,0,500,Rain,light rain,10n
2025-07-18 02:33:48,Vinh Long,Vinh Long,26.38,26.38,26.38,92.0,26.38,10000.0,0.15,100.0,3.68,10.98,257.0,1007.0,0,500,Rain,light rain,10n
2025-07-18 02:35:42,Vinh Long,Vinh Long,26.38,26.38,26.38,92.0,26.38,10000.0,0.15,100.0,3.68,10.98,257.0,1007.0,0,500,Rain,light rain,10n
2025-07-18 02:37:37,Vinh Long,Vinh Long,26.38,26.38,26.38,92.0,26.38,10000.0,0.15,100.0,3.68,10.98,257.0,1007.0,0,500,Rain,light rain,10n
2025-07-18 02:39:32,Vinh Long,Vinh Long,26.38,26.38,26.38,92.0,26.38,10000.0,0.15,100.0,3.68,10.98,257.0,1007.0,0,500,Rain,light rain,10n
2025-07-18 02:41:28,Vinh Long,Vinh Long,26.31,26.31,26.31,86.0,26.31,10000.0,0.0,100.0,3.83,10.85,257.0,1007.0,0,804,Clouds,overcast clouds,04n
2025-07-18 02:43:22,Vinh Long,Vinh Long,26.31,26.31,26.31,86.0,26.31,10000.0,0.0,100.0,3.83,10.85,257.0,1007.0,0,804,Clouds,overcast clouds,04n
2025-07-18 02:45:18,Vinh Long,Vinh Long,26.31,26.31,26.31,86.0,26.31,10000.0,0.0,100.0,3.83,10.85,257.0,1007.0,0,804,Clouds,overcast clouds,04n
2025-07-18 02:47:14,Vinh Long,Vinh Long,26.31,26.31,26.31,86.0,26.31,10000.0,0.0,100.0,3.83,10.85,257.0,1007.0,0,804,Clouds,overcast clouds,04n
2025-07-18 02:49:09,Vinh Long,Vinh Long,26.26,26.26,26.26,86.0,26.26,10000.0,0.0,100.0,3.83,10.85,257.0,1007.0,0,804,Clouds,overcast clouds,04n
2025-07-18 02:51:05,Vinh Long,Vinh Long,26.26,26.26,26.26,86.0,26.26,10000.0,0.0,100.0,3.83,10.85,257.0,1007.0,0,804,Clouds,overcast clouds,04n
2025-07-18 02:53:01,Vinh Long,Vinh Long,26.26,26.26,26.26,86.0,26.26,10000.0,0.0,100.0,3.83,10.85,257.0,1007.0,0,804,Clouds,overcast clouds,04n
2025-07-18 02:54:55,Vinh Long,Vinh Long,26.26,26.26,26.26,86.0,26.26,10000.0,0.0,100.0,3.83,10.85,257.0,1007.0,0,804,Clouds,overcast clouds,04n
2025-07-18 02:56:51,Vinh Long,Vinh Long,26.26,26.26,26.26,86.0,26.26,10000.0,0.0,100.0,3.83,10.85,257.0,1007.0,0,804,Clouds,overcast clouds,04n
2025-07-18 02:58:45,Vinh Long,Vinh Long,26.26,26.26,26.26,86.0,26.26,10000.0,0.0,100.0,3.83,10.85,257.0,1007.0,0,804,Clouds,overcast clouds,04n
2025-07-18 03:02:33,Vinh Long,Vinh Long,26.3,26.3,26.3,91.0,26.3,10000.0,0.0,100.0,3.83,10.85,257.0,1007.0,0,804,Clouds,overcast clouds,04n
2025-07-18 03:04:27,Vinh Long,Vinh Long,26.3,26.3,26.3,91.0,26.3,10000.0,0.0,100.0,3.83,10.85,257.0,1007.0,0,804,Clouds,overcast clouds,04n
2025-07-18 03:06:22,Vinh Long,Vinh Long,26.3,26.3,26.3,91.0,26.3,10000.0,0.0,100.0,3.83,10.85,257.0,1007.0,0,804,Clouds,overcast clouds,04n
2025-07-18 03:08:17,Vinh Long,Vinh Long,26.3,26.3,26.3,91.0,26.3,10000.0,0.0,100.0,3.83,10.85,257.0,1007.0,0,804,Clouds,overcast clouds,04n
2025-07-18 03:10:13,Vinh Long,Vinh Long,26.3,26.3,26.3,91.0,26.3,10000.0,0.0,100.0,3.83,10.85,257.0,1007.0,0,804,Clouds,overcast clouds,04n
2025-07-18 03:12:09,Vinh Long,Vinh Long,26.3,26.3,26.3,91.0,26.3,10000.0,0.0,100.0,3.83,10.85,257.0,1007.0,0,804,Clouds,overcast clouds,04n
2025-07-18 03:14:04,Vinh Long,Vinh Long,26.3,26.3,26.3,91.0,26.3,10000.0,0.0,100.0,3.83,10.85,257.0,1007.0,0,804,Clouds,overcast clouds,04n
2025-07-18 03:16:02,Vinh Long,Vinh Long,26.3,26.3,26.3,91.0,26.3,10000.0,0.0,100.0,3.83,10.85,257.0,1007.0,0,804,Clouds,overcast clouds,04n
2025-07-18 03:18:03,Vinh Long,Vinh Long,26.3,26.3,26.3,91.0,26.3,10000.0,0.0,100.0,3.83,10.85,257.0,1007.0,0,804,Clouds,overcast clouds,04n
2025-07-18 03:20:09,Vinh Long,Vinh Long,26.3,26.3,26.3,91.0,26.3,10000.0,0.0,100.0,3.83,10.85,257.0,1007.0,0,804,Clouds,overcast clouds,04n
2025-07-18 03:22:16,Vinh Long,Vinh Long,26.26,26.26,26.26,91.0,26.26,10000.0,0.0,100.0,3.83,10.85,257.0,1007.0,0,804,Clouds,overcast clouds,04n
2025-07-18 03:24:15,Vinh Long,Vinh Long,26.26,26.26,26.26,91.0,26.26,10000.0,0.0,100.0,3.83,10.85,257.0,1007.0,0,804,Clouds,overcast clouds,04n
2025-07-18 03:26:19,Vinh Long,Vinh Long,26.26,26.26,26.26,91.0,26.26,10000.0,0.0,100.0,3.83,10.85,257.0,1007.0,0,804,Clouds,overcast clouds,04n
2025-07-18 03:28:19,Vinh Long,Vinh Long,26.26,26.26,26.26,91.0,26.26,10000.0,0.0,100.0,3.83,10.85,257.0,1007.0,0,804,Clouds,overcast clouds,04n
2025-07-18 03:34:06,Vinh Long,Vinh Long,26.25,26.25,26.25,87.0,26.25,10000.0,0.0,100.0,3.8,10.63,253.0,1006.0,0,804,Clouds,overcast clouds,04n
2025-07-18 03:36:06,Vinh Long,Vinh Long,26.25,26.25,26.25,87.0,26.25,10000.0,0.0,100.0,3.8,10.63,253.0,1006.0,0,804,Clouds,overcast clouds,04n
2025-07-18 03:38:18,Vinh Long,Vinh Long,26.25,26.25,26.25,87.0,26.25,10000.0,0.0,100.0,3.8,10.63,253.0,1006.0,0,804,Clouds,overcast clouds,04n
2025-07-18 03:40:27,Vinh Long,Vinh Long,26.25,26.25,26.25,87.0,26.25,10000.0,0.0,100.0,3.8,10.63,253.0,1006.0,0,804,Clouds,overcast clouds,04n
2025-07-18 03:42:27,Vinh Long,Vinh Long,26.25,26.25,26.25,87.0,26.25,10000.0,0.0,100.0,3.8,10.63,253.0,1006.0,0,804,Clouds,overcast clouds,04n
2025-07-18 03:44:26,Vinh Long,Vinh Long,26.25,26.25,26.25,87.0,26.25,10000.0,0.0,100.0,3.8,10.63,253.0,1006.0,0,804,Clouds,overcast clouds,04n
2025-07-18 03:46:24,Vinh Long,Vinh Long,26.25,26.25,26.25,87.0,26.25,10000.0,0.0,100.0,3.8,10.63,253.0,1006.0,0,804,Clouds,overcast clouds,04n
2025-07-18 03:48:21,Vinh Long,Vinh Long,26.25,26.25,26.25,87.0,26.25,10000.0,0.0,100.0,3.8,10.63,253.0,1006.0,0,804,Clouds,overcast clouds,04n
2025-07-18 03:50:36,Vinh Long,Vinh Long,26.25,26.25,26.25,86.0,26.25,10000.0,0.0,100.0,3.8,10.63,253.0,1006.0,0,804,Clouds,overcast clouds,04n
2025-07-18 03:52:38,Vinh Long,Vinh Long,26.25,26.25,26.25,87.0,26.25,10000.0,0.0,100.0,3.8,10.63,253.0,1006.0,0,804,Clouds,overcast clouds,04n
2025-07-18 03:54:37,Vinh Long,Vinh Long,26.25,26.25,26.25,86.0,26.25,10000.0,0.0,100.0,3.8,10.63,253.0,1006.0,0,804,Clouds,overcast clouds,04n
2025-07-18 03:56:34,Vinh Long,Vinh Long,26.25,26.25,26.25,86.0,26.25,10000.0,0.0,100.0,3.8,10.63,253.0,1006.0,0,804,Clouds,overcast clouds,04n
2025-07-18 03:58:31,Vinh Long,Vinh Long,26.25,26.25,26.25,86.0,26.25,10000.0,0.0,100.0,3.8,10.63,253.0,1006.0,0,804,Clouds,overcast clouds,04n
2025-07-18 04:03:41,Vinh Long,Vinh Long,26.25,26.25,26.25,91.0,26.25,10000.0,0.0,100.0,3.8,10.63,253.0,1007.0,0,804,Clouds,overcast clouds,04n
2025-07-18 04:06:01,Vinh Long,Vinh Long,26.25,26.25,26.25,91.0,26.25,10000.0,0.0,100.0,3.8,10.63,253.0,1007.0,0,804,Clouds,overcast clouds,04n
2025-07-18 04:07:58,Vinh Long,Vinh Long,26.25,26.25,26.25,91.0,26.25,10000.0,0.0,100.0,3.8,10.63,253.0,1007.0,0,804,Clouds,overcast clouds,04n
2025-07-18 04:12:30,Vinh Long,Vinh Long,26.25,26.25,26.25,91.0,26.25,10000.0,0.0,100.0,3.8,10.63,253.0,1007.0,0,804,Clouds,overcast clouds,04n
2025-07-18 04:14:46,Vinh Long,Vinh Long,26.25,26.25,26.25,91.0,26.25,10000.0,0.0,100.0,3.8,10.63,253.0,1007.0,0,804,Clouds,overcast clouds,04n
2025-07-18 04:16:49,Vinh Long,Vinh Long,26.25,26.25,26.25,91.0,26.25,10000.0,0.0,100.0,3.8,10.63,253.0,1007.0,0,804,Clouds,overcast clouds,04n
2025-07-18 04:19:10,Vinh Long,Vinh Long,26.25,26.25,26.25,91.0,26.25,10000.0,0.0,100.0,3.8,10.63,253.0,1007.0,0,804,Clouds,overcast clouds,04n
2025-07-18 04:21:36,Vinh Long,Vinh Long,26.25,26.25,26.25,91.0,26.25,10000.0,0.0,100.0,3.8,10.63,253.0,1007.0,0,804,Clouds,overcast clouds,04n
2025-07-18 04:23:36,Vinh Long,Vinh Long,26.25,26.25,26.25,91.0,26.25,10000.0,0.0,100.0,3.8,10.63,253.0,1007.0,0,804,Clouds,overcast clouds,04n
2025-07-18 04:25:46,Vinh Long,Vinh Long,26.25,26.25,26.25,91.0,26.25,10000.0,0.0,100.0,3.8,10.63,253.0,1007.0,0,804,Clouds,overcast clouds,04n
2025-07-18 04:27:43,Vinh Long,Vinh Long,26.25,26.25,26.25,91.0,26.25,10000.0,0.0,100.0,3.8,10.63,253.0,1007.0,0,804,Clouds,overcast clouds,04n
2025-07-18 04:29:41,Vinh Long,Vinh Long,26.25,26.25,26.25,91.0,26.25,10000.0,0.0,100.0,3.8,10.63,253.0,1007.0,0,804,Clouds,overcast clouds,04n
2025-07-18 04:31:40,Vinh Long,Vinh Long,26.44,26.44,26.44,88.0,26.44,10000.0,0.0,100.0,3.7,10.69,255.0,1006.0,0,804,Clouds,overcast clouds,04n
2025-07-18 04:33:56,Vinh Long,Vinh Long,26.25,26.25,26.25,91.0,26.25,10000.0,0.0,100.0,3.8,10.63,253.0,1007.0,0,804,Clouds,overcast clouds,04n
2025-07-18 04:36:21,Vinh Long,Vinh Long,26.25,26.25,26.25,91.0,26.25,10000.0,0.0,100.0,3.8,10.63,253.0,1007.0,0,804,Clouds,overcast clouds,04n
2025-07-18 04:38:21,Vinh Long,Vinh Long,26.44,26.44,26.44,88.0,26.44,10000.0,0.0,100.0,3.7,10.69,255.0,1006.0,0,804,Clouds,overcast clouds,04n
2025-07-18 04:40:21,Vinh Long,Vinh Long,26.44,26.44,26.44,88.0,26.44,10000.0,0.0,100.0,3.7,10.69,255.0,1006.0,0,804,Clouds,overcast clouds,04n
2025-07-18 04:42:20,Vinh Long,Vinh Long,26.44,26.44,26.44,88.0,26.44,10000.0,0.0,100.0,3.7,10.69,255.0,1006.0,0,804,Clouds,overcast clouds,04n
2025-07-18 04:44:27,Vinh Long,Vinh Long,26.44,26.44,26.44,88.0,26.44,10000.0,0.0,100.0,3.7,10.69,255.0,1006.0,0,804,Clouds,overcast clouds,04n
2025-07-18 04:46:26,Vinh Long,Vinh Long,26.46,26.46,26.46,88.0,26.46,10000.0,0.0,100.0,3.7,10.69,255.0,1006.0,0,804,Clouds,overcast clouds,04n
2025-07-18 04:48:25,Vinh Long,Vinh Long,26.46,26.46,26.46,88.0,26.46,10000.0,0.0,100.0,3.7,10.69,255.0,1006.0,0,804,Clouds,overcast clouds,04n
2025-07-18 04:50:35,Vinh Long,Vinh Long,26.46,26.46,26.46,88.0,26.46,10000.0,0.0,100.0,3.7,10.69,255.0,1006.0,0,804,Clouds,overcast clouds,04n
2025-07-18 04:52:38,Vinh Long,Vinh Long,26.46,26.46,26.46,88.0,26.46,10000.0,0.0,100.0,3.7,10.69,255.0,1006.0,0,804,Clouds,overcast clouds,04n
2025-07-18 04:54:59,Vinh Long,Vinh Long,26.46,26.46,26.46,88.0,26.46,10000.0,0.0,100.0,3.7,10.69,255.0,1006.0,0,804,Clouds,overcast clouds,04n
2025-07-18 05:10:56,Vinh Long,Vinh Long,26.45,26.45,26.45,92.0,26.45,10000.0,0.15,100.0,3.7,10.69,255.0,1007.0,0,500,Rain,light rain,10n
2025-07-18 05:15:21,Vinh Long,Vinh Long,26.45,26.45,26.45,92.0,26.45,10000.0,0.15,100.0,3.7,10.69,255.0,1007.0,0,500,Rain,light rain,10n
2025-07-18 05:17:20,Vinh Long,Vinh Long,26.45,26.45,26.45,92.0,26.45,10000.0,0.15,100.0,3.7,10.69,255.0,1007.0,0,500,Rain,light rain,10n
2025-07-18 05:19:42,Vinh Long,Vinh Long,26.46,26.46,26.46,92.0,26.46,10000.0,0.14,100.0,3.7,10.69,255.0,1007.0,0,500,Rain,light rain,10n
2025-07-18 05:21:59,Vinh Long,Vinh Long,26.46,26.46,26.46,92.0,26.46,10000.0,0.14,100.0,3.7,10.69,255.0,1007.0,0,500,Rain,light rain,10n
2025-07-18 05:23:56,Vinh Long,Vinh Long,26.46,26.46,26.46,92.0,26.46,10000.0,0.12,100.0,3.7,10.69,255.0,1007.0,0,500,Rain,light rain,10n
2025-07-18 05:25:54,Vinh Long,Vinh Long,26.46,26.46,26.46,92.0,26.46,10000.0,0.12,100.0,3.7,10.69,255.0,1007.0,0,500,Rain,light rain,10n
2025-07-18 05:27:55,Vinh Long,Vinh Long,26.46,26.46,26.46,92.0,26.46,10000.0,0.14,100.0,3.7,10.69,255.0,1007.0,0,500,Rain,light rain,10n
2025-07-18 05:29:55,Vinh Long,Vinh Long,26.46,26.46,26.46,92.0,26.46,10000.0,0.0,100.0,3.7,10.69,255.0,1007.0,0,804,Clouds,overcast clouds,04n
2025-07-18 05:31:53,Vinh Long,Vinh Long,26.46,26.46,26.46,92.0,26.46,10000.0,0.12,100.0,3.7,10.69,255.0,1007.0,0,500,Rain,light rain,10n
2025-07-18 05:33:51,Vinh Long,Vinh Long,26.54,26.54,26.54,90.0,26.54,10000.0,0.0,100.0,3.52,10.36,258.0,1007.0,0,804,Clouds,overcast clouds,04n
2025-07-18 05:35:48,Vinh Long,Vinh Long,26.46,26.46,26.46,92.0,26.46,10000.0,0.0,100.0,3.7,10.69,255.0,1007.0,0,804,Clouds,overcast clouds,04n
2025-07-18 05:37:48,Vinh Long,Vinh Long,26.46,26.46,26.46,92.0,26.46,10000.0,0.0,100.0,3.7,10.69,255.0,1007.0,0,804,Clouds,overcast clouds,04n
2025-07-18 05:39:46,Vinh Long,Vinh Long,26.46,26.46,26.46,92.0,26.46,10000.0,0.0,100.0,3.7,10.69,255.0,1007.0,0,804,Clouds,overcast clouds,04n
2025-07-18 05:41:44,Vinh Long,Vinh Long,26.54,26.54,26.54,90.0,26.54,10000.0,0.0,100.0,3.52,10.36,258.0,1007.0,0,804,Clouds,overcast clouds,04n
2025-07-18 05:43:42,Vinh Long,Vinh Long,26.54,26.54,26.54,90.0,26.54,10000.0,0.0,100.0,3.52,10.36,258.0,1007.0,1,804,Clouds,overcast clouds,04n
2025-07-18 05:45:40,Vinh Long,Vinh Long,26.54,26.54,26.54,90.0,26.54,10000.0,0.0,100.0,3.52,10.36,258.0,1007.0,1,804,Clouds,overcast clouds,04d
2025-07-18 08:23:12,Vinh Long,Vinh Long,28.94,28.94,28.94,88.0,35.94,10000.0,0.0,100.0,5.22,9.54,256.0,1008.0,1,804,Clouds,overcast clouds,04d
2025-07-18 08:44:40,Vinh Long,Vinh Long,30.5,30.5,30.5,74.0,37.41,10000.0,0.0,100.0,6.22,9.38,268.0,1008.0,1,804,Clouds,overcast clouds,04d
2025-07-18 08:49:21,Vinh Long,Vinh Long,30.5,30.5,30.5,74.0,37.41,10000.0,0.0,100.0,6.22,9.38,268.0,1008.0,1,804,Clouds,overcast clouds,04d
2025-07-18 08:51:47,Vinh Long,Vinh Long,30.5,30.5,30.5,74.0,37.41,10000.0,0.0,100.0,6.22,9.38,268.0,1008.0,1,804,Clouds,overcast clouds,04d
2025-07-18 08:56:43,Vinh Long,Vinh Long,30.8,30.8,30.8,72.0,37.66,10000.0,0.0,100.0,6.22,9.38,268.0,1008.0,1,804,Clouds,overcast clouds,04d
2025-07-18 08:58:53,Vinh Long,Vinh Long,30.8,30.8,30.8,72.0,37.66,10000.0,0.0,100.0,6.22,9.38,268.0,1008.0,1,804,Clouds,overcast clouds,04d
2025-07-18 09:01:25,Vinh Long,Vinh Long,30.8,30.8,30.8,72.0,37.66,10000.0,0.0,100.0,6.22,9.38,268.0,1008.0,1,804,Clouds,overcast clouds,04d
2025-07-18 09:21:50,Vinh Long,Vinh Long,30.68,30.68,30.68,79.0,37.68,10000.0,0.0,100.0,6.22,9.38,268.0,1009.0,1,804,Clouds,overcast clouds,04d
2025-07-18 09:34:13,Vinh Long,Vinh Long,31.41,31.41,31.41,70.0,38.41,10000.0,0.0,77.0,6.69,9.39,271.0,1008.0,1,803,Clouds,broken clouds,04d
2025-07-18 09:37:11,Vinh Long,Vinh Long,31.38,31.38,31.38,71.0,38.38,10000.0,0.0,77.0,6.69,9.39,271.0,1008.0,1,803,Clouds,broken clouds,04d
2025-07-18 09:41:52,Vinh Long,Vinh Long,31.41,31.41,31.41,70.0,38.41,10000.0,0.0,77.0,6.69,9.39,271.0,1008.0,1,803,Clouds,broken clouds,04d
2025-07-18 09:43:51,Vinh Long,Vinh Long,31.41,31.41,31.41,70.0,38.41,10000.0,0.0,77.0,6.69,9.39,271.0,1008.0,1,803,Clouds,broken clouds,04d
2025-07-18 09:45:52,Vinh Long,Vinh Long,31.41,31.41,31.41,70.0,38.41,10000.0,0.0,77.0,6.69,9.39,271.0,1008.0,1,803,Clouds,broken clouds,04d
2025-07-18 09:48:43,Vinh Long,Vinh Long,31.46,31.46,31.46,70.0,38.46,10000.0,0.0,77.0,6.69,9.39,271.0,1008.0,1,803,Clouds,broken clouds,04d
2025-07-18 09:50:46,Vinh Long,Vinh Long,31.41,31.41,31.41,70.0,38.41,10000.0,0.0,77.0,6.69,9.39,271.0,1008.0,1,803,Clouds,broken clouds,04d
2025-07-18 09:52:47,Vinh Long,Vinh Long,31.41,31.41,31.41,70.0,38.41,10000.0,0.0,77.0,6.69,9.39,271.0,1008.0,1,803,Clouds,broken clouds,04d
2025-07-18 09:54:48,Vinh Long,Vinh Long,31.41,31.41,31.41,70.0,38.41,10000.0,0.0,77.0,6.69,9.39,271.0,1008.0,1,803,Clouds,broken clouds,04d
2025-07-18 09:56:49,Vinh Long,Vinh Long,31.46,31.46,31.46,70.0,38.46,10000.0,0.0,77.0,6.69,9.39,271.0,1008.0,1,803,Clouds,broken clouds,04d
2025-07-18 09:58:46,Vinh Long,Vinh Long,31.46,31.46,31.46,70.0,38.46,10000.0,0.0,77.0,6.69,9.39,271.0,1008.0,1,803,Clouds,broken clouds,04d
2025-07-18 10:00:46,Vinh Long,Vinh Long,31.46,31.46,31.46,70.0,38.46,10000.0,0.0,77.0,6.69,9.39,271.0,1008.0,1,803,Clouds,broken clouds,04d
2025-07-18 10:02:48,Vinh Long,Vinh Long,31.29,31.29,31.29,78.0,38.29,10000.0,0.0,77.0,6.69,9.39,271.0,1008.0,1,803,Clouds,broken clouds,04d
2025-07-18 10:05:31,Vinh Long,Vinh Long,31.29,31.29,31.29,78.0,38.29,10000.0,0.0,77.0,6.69,9.39,271.0,1008.0,1,803,Clouds,broken clouds,04d
2025-07-18 10:07:29,Vinh Long,Vinh Long,31.29,31.29,31.29,78.0,38.29,10000.0,0.0,77.0,6.69,9.39,271.0,1008.0,1,803,Clouds,broken clouds,04d
2025-07-18 10:09:28,Vinh Long,Vinh Long,31.29,31.29,31.29,78.0,38.29,10000.0,0.0,77.0,6.69,9.39,271.0,1008.0,1,803,Clouds,broken clouds,04d
2025-07-18 10:11:50,Vinh Long,Vinh Long,31.29,31.29,31.29,78.0,38.29,10000.0,0.0,77.0,6.69,9.39,271.0,1008.0,1,803,Clouds,broken clouds,04d
2025-07-18 10:13:52,Vinh Long,Vinh Long,31.29,31.29,31.29,78.0,38.29,10000.0,0.0,77.0,6.69,9.39,271.0,1008.0,1,803,Clouds,broken clouds,04d
2025-07-18 10:15:54,Vinh Long,Vinh Long,31.29,31.29,31.29,78.0,38.29,10000.0,0.0,77.0,6.69,9.39,271.0,1008.0,1,803,Clouds,broken clouds,04d
2025-07-18 10:17:56,Vinh Long,Vinh Long,31.32,31.32,31.32,78.0,38.32,10000.0,0.0,77.0,6.69,9.39,271.0,1008.0,1,803,Clouds,broken clouds,04d
2025-07-18 10:19:56,Vinh Long,Vinh Long,31.32,31.32,31.32,78.0,38.32,10000.0,0.0,77.0,6.69,9.39,271.0,1008.0,1,803,Clouds,broken clouds,04d
2025-07-18 10:21:56,Vinh Long,Vinh Long,31.32,31.32,31.32,78.0,38.32,10000.0,0.0,77.0,6.69,9.39,271.0,1008.0,1,803,Clouds,broken clouds,04d
2025-07-18 10:23:57,Vinh Long,Vinh Long,31.32,31.32,31.32,78.0,38.32,10000.0,0.0,77.0,6.69,9.39,271.0,1008.0,1,803,Clouds,broken clouds,04d
2025-07-18 10:25:55,Vinh Long,Vinh Long,31.32,31.32,31.32,78.0,38.32,10000.0,0.0,77.0,6.69,9.39,271.0,1008.0,1,803,Clouds,broken clouds,04d
2025-07-18 10:27:54,Vinh Long,Vinh Long,31.32,31.32,31.32,78.0,38.32,10000.0,0.0,77.0,6.69,9.39,271.0,1008.0,1,803,Clouds,broken clouds,04d
2025-07-18 10:29:53,Vinh Long,Vinh Long,31.32,31.32,31.32,78.0,38.32,10000.0,0.0,77.0,6.69,9.39,271.0,1008.0,1,803,Clouds,broken clouds,04d
2025-07-18 10:31:52,Vinh Long,Vinh Long,31.32,31.32,31.32,78.0,38.32,10000.0,0.0,77.0,6.69,9.39,271.0,1008.0,1,803,Clouds,broken clouds,04d
2025-07-18 10:33:56,Vinh Long,Vinh Long,31.32,31.32,31.32,78.0,38.32,10000.0,0.0,77.0,6.69,9.39,271.0,1008.0,1,803,Clouds,broken clouds,04d
2025-07-18 10:35:56,Vinh Long,Vinh Long,31.67,31.67,31.67,67.0,38.45,10000.0,0.0,67.0,6.7,9.63,276.0,1008.0,1,803,Clouds,broken clouds,04d
2025-07-18 10:37:56,Vinh Long,Vinh Long,31.67,31.67,31.67,67.0,38.45,10000.0,0.0,67.0,6.7,9.63,276.0,1008.0,1,803,Clouds,broken clouds,04d
2025-07-18 10:39:57,Vinh Long,Vinh Long,31.67,31.67,31.67,67.0,38.45,10000.0,0.0,67.0,6.7,9.63,276.0,1008.0,1,803,Clouds,broken clouds,04d
2025-07-18 10:41:56,Vinh Long,Vinh Long,31.67,31.67,31.67,67.0,38.45,10000.0,0.0,67.0,6.7,9.63,276.0,1008.0,1,803,Clouds,broken clouds,04d
2025-07-18 10:43:54,Vinh Long,Vinh Long,31.67,31.67,31.67,67.0,38.45,10000.0,0.0,67.0,6.7,9.63,276.0,1008.0,1,803,Clouds,broken clouds,04d
2025-07-18 10:45:55,Vinh Long,Vinh Long,31.67,31.67,31.67,67.0,38.45,10000.0,0.0,67.0,6.7,9.63,276.0,1008.0,1,803,Clouds,broken clouds,04d
2025-07-18 10:47:57,Vinh Long,Vinh Long,31.7,31.7,31.7,68.0,38.7,10000.0,0.0,67.0,6.7,9.63,276.0,1008.0,1,803,Clouds,broken clouds,04d
2025-07-18 10:49:58,Vinh Long,Vinh Long,31.7,31.7,31.7,68.0,38.7,10000.0,0.0,67.0,6.7,9.63,276.0,1008.0,1,803,Clouds,broken clouds,04d
2025-07-18 10:51:57,Vinh Long,Vinh Long,31.67,31.67,31.67,67.0,38.45,10000.0,0.0,67.0,6.7,9.63,276.0,1008.0,1,803,Clouds,broken clouds,04d
2025-07-18 10:54:00,Vinh Long,Vinh Long,31.7,31.7,31.7,68.0,38.7,10000.0,0.0,67.0,6.7,9.63,276.0,1008.0,1,803,Clouds,broken clouds,04d
2025-07-18 10:56:03,Vinh Long,Vinh Long,31.7,31.7,31.7,68.0,38.7,10000.0,0.0,67.0,6.7,9.63,276.0,1008.0,1,803,Clouds,broken clouds,04d
2025-07-18 10:58:06,Vinh Long,Vinh Long,31.7,31.7,31.7,68.0,38.7,10000.0,0.0,67.0,6.7,9.63,276.0,1008.0,1,803,Clouds,broken clouds,04d
2025-07-18 11:00:19,Vinh Long,Vinh Long,31.7,31.7,31.7,68.0,38.7,10000.0,0.0,67.0,6.7,9.63,276.0,1008.0,1,803,Clouds,broken clouds,04d
2025-07-18 11:02:21,Vinh Long,Vinh Long,31.7,31.7,31.7,68.0,38.7,10000.0,0.0,67.0,6.7,9.63,276.0,1008.0,1,803,Clouds,broken clouds,04d
2025-07-18 11:04:23,Vinh Long,Vinh Long,31.59,31.59,31.59,75.0,38.59,10000.0,0.0,67.0,6.7,9.63,276.0,1008.0,1,803,Clouds,broken clouds,04d
2025-07-18 11:06:26,Vinh Long,Vinh Long,31.59,31.59,31.59,75.0,38.59,10000.0,0.0,67.0,6.7,9.63,276.0,1008.0,1,803,Clouds,broken clouds,04d
2025-07-18 11:08:29,Vinh Long,Vinh Long,31.59,31.59,31.59,75.0,38.59,10000.0,0.0,67.0,6.7,9.63,276.0,1008.0,1,803,Clouds,broken clouds,04d
2025-07-18 11:10:28,Vinh Long,Vinh Long,31.59,31.59,31.59,75.0,38.59,10000.0,0.0,67.0,6.7,9.63,276.0,1008.0,1,803,Clouds,broken clouds,04d
2025-07-18 11:12:26,Vinh Long,Vinh Long,31.59,31.59,31.59,75.0,38.59,10000.0,0.0,67.0,6.7,9.63,276.0,1008.0,1,803,Clouds,broken clouds,04d
2025-07-18 11:14:27,Vinh Long,Vinh Long,31.59,31.59,31.59,75.0,38.59,10000.0,0.0,67.0,6.7,9.63,276.0,1008.0,1,803,Clouds,broken clouds,04d
2025-07-18 11:16:29,Vinh Long,Vinh Long,31.59,31.59,31.59,75.0,38.59,10000.0,0.0,67.0,6.7,9.63,276.0,1008.0,1,803,Clouds,broken clouds,04d
2025-07-18 11:18:30,Vinh Long,Vinh Long,31.59,31.59,31.59,75.0,38.59,10000.0,0.0,67.0,6.7,9.63,276.0,1008.0,1,803,Clouds,broken clouds,04d
2025-07-18 11:20:32,Vinh Long,Vinh Long,31.62,31.62,31.62,75.0,38.62,10000.0,0.0,67.0,6.7,9.63,276.0,1008.0,1,803,Clouds,broken clouds,04d
2025-07-18 11:22:34,Vinh Long,Vinh Long,31.62,31.62,31.62,75.0,38.62,10000.0,0.0,67.0,6.7,9.63,276.0,1008.0,1,803,Clouds,broken clouds,04d
2025-07-18 11:24:33,Vinh Long,Vinh Long,31.62,31.62,31.62,75.0,38.62,10000.0,0.0,67.0,6.7,9.63,276.0,1008.0,1,803,Clouds,broken clouds,04d
2025-07-18 11:26:34,Vinh Long,Vinh Long,31.62,31.62,31.62,75.0,38.62,10000.0,0.0,67.0,6.7,9.63,276.0,1008.0,1,803,Clouds,broken clouds,04d
2025-07-18 11:28:35,Vinh Long,Vinh Long,31.62,31.62,31.62,75.0,38.62,10000.0,0.0,67.0,6.7,9.63,276.0,1008.0,1,803,Clouds,broken clouds,04d
2025-07-18 11:30:37,Vinh Long,Vinh Long,31.62,31.62,31.62,75.0,38.62,10000.0,0.0,67.0,6.7,9.63,276.0,1008.0,1,803,Clouds,broken clouds,04d
2025-07-18 11:32:39,Vinh Long,Vinh Long,31.62,31.62,31.62,75.0,38.62,10000.0,0.0,67.0,6.7,9.63,276.0,1008.0,1,803,Clouds,broken clouds,04d
2025-07-18 11:34:38,Vinh Long,Vinh Long,31.63,31.63,31.63,67.0,38.34,10000.0,0.37,64.0,6.41,9.98,280.0,1007.0,1,500,Rain,light rain,10d
2025-07-18 11:36:38,Vinh Long,Vinh Long,31.63,31.63,31.63,67.0,38.34,10000.0,0.37,64.0,6.41,9.98,280.0,1007.0,1,500,Rain,light rain,10d
2025-07-18 11:38:39,Vinh Long,Vinh Long,31.63,31.63,31.63,67.0,38.34,10000.0,0.37,64.0,6.41,9.98,280.0,1007.0,1,500,Rain,light rain,10d
2025-07-18 11:40:42,Vinh Long,Vinh Long,31.63,31.63,31.63,67.0,38.34,10000.0,0.18,64.0,6.41,9.98,280.0,1007.0,1,500,Rain,light rain,10d
2025-07-18 11:42:43,Vinh Long,Vinh Long,31.63,31.63,31.63,67.0,38.34,10000.0,0.18,64.0,6.41,9.98,280.0,1007.0,1,500,Rain,light rain,10d
2025-07-18 11:44:45,Vinh Long,Vinh Long,31.63,31.63,31.63,67.0,38.34,10000.0,0.18,64.0,6.41,9.98,280.0,1007.0,1,500,Rain,light rain,10d
2025-07-18 11:46:45,Vinh Long,Vinh Long,31.71,31.71,31.71,64.0,37.6,10000.0,0.24,64.0,6.41,9.98,280.0,1007.0,1,500,Rain,light rain,10d
2025-07-18 11:48:45,Vinh Long,Vinh Long,31.71,31.71,31.71,64.0,37.6,10000.0,0.24,64.0,6.41,9.98,280.0,1007.0,1,500,Rain,light rain,10d
2025-07-18 11:50:45,Vinh Long,Vinh Long,31.71,31.71,31.71,64.0,37.6,10000.0,0.24,64.0,6.41,9.98,280.0,1007.0,1,500,Rain,light rain,10d
2025-07-18 11:52:48,Vinh Long,Vinh Long,31.71,31.71,31.71,64.0,37.6,10000.0,0.24,64.0,6.41,9.98,280.0,1007.0,1,500,Rain,light rain,10d
2025-07-18 11:54:50,Vinh Long,Vinh Long,31.71,31.71,31.71,64.0,37.6,10000.0,0.24,64.0,6.41,9.98,280.0,1007.0,1,500,Rain,light rain,10d
2025-07-18 11:56:52,Vinh Long,Vinh Long,31.71,31.71,31.71,64.0,37.6,10000.0,0.24,64.0,6.41,9.98,280.0,1007.0,1,500,Rain,light rain,10d
2025-07-18 11:58:53,Vinh Long,Vinh Long,31.71,31.71,31.71,64.0,37.6,10000.0,0.0,64.0,6.41,9.98,280.0,1007.0,1,803,Clouds,broken clouds,04d
2025-07-18 12:00:53,Vinh Long,Vinh Long,31.71,31.71,31.71,64.0,37.6,10000.0,0.53,64.0,6.41,9.98,280.0,1007.0,1,500,Rain,light rain,10d
2025-07-18 12:02:54,Vinh Long,Vinh Long,31.71,31.71,31.71,64.0,37.6,10000.0,0.0,64.0,6.41,9.98,280.0,1007.0,1,803,Clouds,broken clouds,04d
2025-07-18 12:04:57,Vinh Long,Vinh Long,31.71,31.71,31.71,64.0,37.6,10000.0,0.0,64.0,6.41,9.98,280.0,1007.0,1,803,Clouds,broken clouds,04d
2025-07-18 12:06:59,Vinh Long,Vinh Long,31.64,31.64,31.64,70.0,38.64,10000.0,0.26,64.0,6.41,9.98,280.0,1007.0,1,500,Rain,light rain,10d
2025-07-18 12:09:01,Vinh Long,Vinh Long,31.64,31.64,31.64,70.0,38.64,10000.0,0.26,64.0,6.41,9.98,280.0,1007.0,1,500,Rain,light rain,10d
2025-07-18 12:11:05,Vinh Long,Vinh Long,31.64,31.64,31.64,70.0,38.64,10000.0,0.26,64.0,6.41,9.98,280.0,1007.0,1,500,Rain,light rain,10d
2025-07-18 12:13:05,Vinh Long,Vinh Long,31.64,31.64,31.64,70.0,38.64,10000.0,0.98,64.0,6.41,9.98,280.0,1007.0,1,500,Rain,light rain,10d
2025-07-18 12:15:10,Vinh Long,Vinh Long,31.64,31.64,31.64,70.0,38.64,10000.0,0.26,64.0,6.41,9.98,280.0,1007.0,1,500,Rain,light rain,10d
2025-07-18 12:17:15,Vinh Long,Vinh Long,31.64,31.64,31.64,70.0,38.64,10000.0,0.26,64.0,6.41,9.98,280.0,1007.0,1,500,Rain,light rain,10d
2025-07-18 12:19:18,Vinh Long,Vinh Long,31.63,31.63,31.63,70.0,38.63,10000.0,0.6,64.0,6.41,9.98,280.0,1007.0,1,500,Rain,light rain,10d
2025-07-18 12:21:22,Vinh Long,Vinh Long,31.63,31.63,31.63,70.0,38.63,10000.0,0.6,64.0,6.41,9.98,280.0,1007.0,1,500,Rain,light rain,10d
2025-07-18 12:23:23,Vinh Long,Vinh Long,31.63,31.63,31.63,70.0,38.63,10000.0,0.6,64.0,6.41,9.98,280.0,1007.0,1,500,Rain,light rain,10d
2025-07-18 12:25:23,Vinh Long,Vinh Long,31.63,31.63,31.63,70.0,38.63,10000.0,0.27,64.0,6.41,9.98,280.0,1007.0,1,500,Rain,light rain,10d
2025-07-18 12:27:22,Vinh Long,Vinh Long,31.63,31.63,31.63,70.0,38.63,10000.0,0.27,64.0,6.41,9.98,280.0,1007.0,1,500,Rain,light rain,10d
2025-07-18 12:29:25,Vinh Long,Vinh Long,31.63,31.63,31.63,70.0,38.63,10000.0,0.27,64.0,6.41,9.98,280.0,1007.0,1,500,Rain,light rain,10d
2025-07-18 12:31:25,Vinh Long,Vinh Long,31.63,31.63,31.63,70.0,38.63,10000.0,0.27,64.0,6.41,9.98,280.0,1007.0,1,500,Rain,light rain,10d
2025-07-18 12:33:26,Vinh Long,Vinh Long,31.63,31.63,31.63,70.0,38.63,10000.0,0.27,64.0,6.41,9.98,280.0,1007.0,1,500,Rain,light rain,10d
2025-07-18 12:35:28,Vinh Long,Vinh Long,31.63,31.63,31.63,70.0,38.63,10000.0,0.27,64.0,6.41,9.98,280.0,1007.0,1,500,Rain,light rain,10d
2025-07-18 12:37:28,Vinh Long,Vinh Long,31.78,31.78,31.78,66.0,38.42,10000.0,0.26,68.0,6.29,10.76,259.0,1006.0,1,500,Rain,light rain,10d
2025-07-18 12:39:30,Vinh Long,Vinh Long,31.78,31.78,31.78,66.0,38.42,10000.0,0.26,68.0,6.29,10.76,259.0,1006.0,1,500,Rain,light rain,10d
2025-07-18 12:41:35,Vinh Long,Vinh Long,31.78,31.78,31.78,66.0,38.42,10000.0,0.32,68.0,6.29,10.76,259.0,1006.0,1,500,Rain,light rain,10d
2025-07-18 12:43:38,Vinh Long,Vinh Long,31.78,31.78,31.78,66.0,38.42,10000.0,0.32,68.0,6.29,10.76,259.0,1006.0,1,500,Rain,light rain,10d
2025-07-18 12:45:39,Vinh Long,Vinh Long,31.78,31.78,31.78,66.0,38.42,10000.0,0.32,68.0,6.29,10.76,259.0,1006.0,1,500,Rain,light rain,10d
2025-07-18 12:47:42,Vinh Long,Vinh Long,31.78,31.78,31.78,66.0,38.42,10000.0,0.32,68.0,6.29,10.76,259.0,1006.0,1,500,Rain,light rain,10d
2025-07-18 12:49:43,Vinh Long,Vinh Long,31.78,31.78,31.78,66.0,38.42,10000.0,0.32,68.0,6.29,10.76,259.0,1006.0,1,500,Rain,light rain,10d
2025-07-18 12:51:45,Vinh Long,Vinh Long,31.76,31.76,31.76,62.0,37.11,10000.0,0.13,68.0,6.29,10.76,259.0,1006.0,1,500,Rain,light rain,10d
2025-07-18 12:53:49,Vinh Long,Vinh Long,31.76,31.76,31.76,62.0,37.11,10000.0,0.13,68.0,6.29,10.76,259.0,1006.0,1,500,Rain,light rain,10d
2025-07-18 12:55:51,Vinh Long,Vinh Long,31.76,31.76,31.76,62.0,37.11,10000.0,0.0,68.0,6.29,10.76,259.0,1006.0,1,803,Clouds,broken clouds,04d
2025-07-18 12:57:52,Vinh Long,Vinh Long,31.76,31.76,31.76,62.0,37.11,10000.0,0.0,68.0,6.29,10.76,259.0,1006.0,1,803,Clouds,broken clouds,04d
2025-07-18 12:59:51,Vinh Long,Vinh Long,31.76,31.76,31.76,62.0,37.11,10000.0,0.0,68.0,6.29,10.76,259.0,1006.0,1,803,Clouds,broken clouds,04d
2025-07-18 13:01:49,Vinh Long,Vinh Long,31.76,31.76,31.76,62.0,37.11,10000.0,0.0,68.0,6.29,10.76,259.0,1006.0,1,803,Clouds,broken clouds,04d
2025-07-18 13:03:47,Vinh Long,Vinh Long,31.76,31.76,31.76,62.0,37.11,10000.0,0.0,90.0,3.96,8.55,248.0,1006.0,1,804,Clouds,overcast clouds,04d
2025-07-18 13:05:45,Vinh Long,Vinh Long,31.76,31.76,31.76,62.0,37.11,10000.0,0.0,90.0,3.96,8.55,248.0,1006.0,1,804,Clouds,overcast clouds,04d
2025-07-18 13:07:48,Vinh Long,Vinh Long,31.76,31.76,31.76,62.0,37.11,10000.0,0.0,90.0,3.96,8.55,248.0,1006.0,1,804,Clouds,overcast clouds,04d
2025-07-18 13:09:49,Vinh Long,Vinh Long,31.76,31.76,31.76,62.0,37.11,10000.0,0.0,90.0,3.96,8.55,248.0,1006.0,1,804,Clouds,overcast clouds,04d
2025-07-18 13:11:49,Vinh Long,Vinh Long,31.76,31.76,31.76,62.0,37.11,10000.0,0.0,90.0,3.96,8.55,248.0,1006.0,1,804,Clouds,overcast clouds,04d
2025-07-18 13:13:50,Vinh Long,Vinh Long,31.76,31.76,31.76,62.0,37.11,10000.0,0.0,90.0,3.96,8.55,248.0,1006.0,1,804,Clouds,overcast clouds,04d
2025-07-18 13:15:51,Vinh Long,Vinh Long,31.76,31.76,31.76,62.0,37.11,10000.0,0.0,90.0,3.96,8.55,248.0,1006.0,1,804,Clouds,overcast clouds,04d
2025-07-18 13:17:51,Vinh Long,Vinh Long,31.76,31.76,31.76,62.0,37.11,10000.0,0.0,90.0,3.96,8.55,248.0,1006.0,1,804,Clouds,overcast clouds,04d
2025-07-18 13:19:51,Vinh Long,Vinh Long,31.76,31.76,31.76,62.0,37.11,10000.0,0.0,90.0,3.96,8.55,248.0,1006.0,1,804,Clouds,overcast clouds,04d
2025-07-18 13:21:51,Vinh Long,Vinh Long,31.76,31.76,31.76,62.0,37.11,10000.0,0.0,90.0,3.96,8.55,248.0,1006.0,1,804,Clouds,overcast clouds,04d
2025-07-18 13:23:50,Vinh Long,Vinh Long,31.76,31.76,31.76,62.0,37.11,10000.0,0.0,90.0,3.96,8.55,248.0,1006.0,1,804,Clouds,overcast clouds,04d
2025-07-18 13:25:51,Vinh Long,Vinh Long,31.76,31.76,31.76,62.0,37.11,10000.0,0.0,90.0,3.96,8.55,248.0,1006.0,1,804,Clouds,overcast clouds,04d
2025-07-18 13:27:52,Vinh Long,Vinh Long,31.76,31.76,31.76,62.0,37.11,10000.0,0.0,90.0,3.96,8.55,248.0,1006.0,1,804,Clouds,overcast clouds,04d
2025-07-18 13:29:53,Vinh Long,Vinh Long,31.76,31.76,31.76,62.0,37.11,10000.0,0.0,90.0,3.96,8.55,248.0,1006.0,1,804,Clouds,overcast clouds,04d
2025-07-18 13:31:54,Vinh Long,Vinh Long,31.76,31.76,31.76,62.0,37.11,10000.0,0.0,90.0,3.96,8.55,248.0,1006.0,1,804,Clouds,overcast clouds,04d
2025-07-18 13:33:55,Vinh Long,Vinh Long,31.76,31.76,31.76,62.0,37.11,10000.0,0.0,90.0,3.96,8.55,248.0,1006.0,1,804,Clouds,overcast clouds,04d
2025-07-18 13:35:55,Vinh Long,Vinh Long,31.76,31.76,31.76,62.0,37.11,10000.0,0.0,90.0,3.96,8.55,248.0,1006.0,1,804,Clouds,overcast clouds,04d
2025-07-18 13:37:57,Vinh Long,Vinh Long,29.5,29.5,29.5,66.0,33.03,10000.0,0.11,96.0,5.87,9.65,246.0,1005.0,1,500,Rain,light rain,10d
2025-07-18 13:39:56,Vinh Long,Vinh Long,29.5,29.5,29.5,66.0,33.03,10000.0,0.11,96.0,5.87,9.65,246.0,1005.0,1,500,Rain,light rain,10d
2025-07-18 13:41:58,Vinh Long,Vinh Long,29.5,29.5,29.5,66.0,33.03,10000.0,0.11,96.0,5.87,9.65,246.0,1005.0,1,500,Rain,light rain,10d
2025-07-18 13:43:58,Vinh Long,Vinh Long,29.5,29.5,29.5,66.0,33.03,10000.0,0.11,96.0,5.87,9.65,246.0,1005.0,1,500,Rain,light rain,10d
2025-07-18 13:45:56,Vinh Long,Vinh Long,29.5,29.5,29.5,66.0,33.03,10000.0,0.15,96.0,5.87,9.65,246.0,1005.0,1,500,Rain,light rain,10d
2025-07-18 13:47:54,Vinh Long,Vinh Long,29.68,29.68,29.68,65.0,33.2,10000.0,0.15,96.0,5.87,9.65,246.0,1005.0,1,500,Rain,light rain,10d
2025-07-18 13:49:55,Vinh Long,Vinh Long,29.68,29.68,29.68,65.0,33.2,10000.0,0.15,96.0,5.87,9.65,246.0,1005.0,1,500,Rain,light rain,10d
2025-07-18 13:51:58,Vinh Long,Vinh Long,29.68,29.68,29.68,65.0,33.2,10000.0,0.15,96.0,5.87,9.65,246.0,1005.0,1,500,Rain,light rain,10d
2025-07-18 13:54:00,Vinh Long,Vinh Long,29.5,29.5,29.5,66.0,33.03,10000.0,0.15,96.0,5.87,9.65,246.0,1005.0,1,500,Rain,light rain,10d
2025-07-18 13:55:58,Vinh Long,Vinh Long,29.68,29.68,29.68,65.0,33.2,10000.0,0.15,96.0,5.87,9.65,246.0,1005.0,1,500,Rain,light rain,10d
2025-07-18 13:57:59,Vinh Long,Vinh Long,29.68,29.68,29.68,65.0,33.2,10000.0,0.64,96.0,5.87,9.65,246.0,1005.0,1,500,Rain,light rain,10d
2025-07-18 13:59:58,Vinh Long,Vinh Long,29.68,29.68,29.68,65.0,33.2,10000.0,0.64,96.0,5.87,9.65,246.0,1005.0,1,500,Rain,light rain,10d
2025-07-18 14:02:01,Vinh Long,Vinh Long,29.68,29.68,29.68,65.0,33.2,10000.0,0.64,96.0,5.87,9.65,246.0,1005.0,1,500,Rain,light rain,10d
2025-07-18 14:04:02,Vinh Long,Vinh Long,29.68,29.68,29.68,65.0,33.2,10000.0,0.64,96.0,5.87,9.65,246.0,1005.0,1,500,Rain,light rain,10d
2025-07-18 14:06:04,Vinh Long,Vinh Long,29.68,29.68,29.68,65.0,33.2,10000.0,0.64,96.0,5.87,9.65,246.0,1005.0,1,500,Rain,light rain,10d
2025-07-18 14:08:06,Vinh Long,Vinh Long,29.85,29.85,29.85,71.0,34.91,10000.0,1.76,96.0,5.87,9.65,246.0,1005.0,1,501,Rain,moderate rain,10d
2025-07-18 14:10:06,Vinh Long,Vinh Long,29.85,29.85,29.85,71.0,34.91,10000.0,1.76,96.0,5.87,9.65,246.0,1005.0,1,501,Rain,moderate rain,10d
2025-07-18 14:12:06,Vinh Long,Vinh Long,29.85,29.85,29.85,71.0,34.91,10000.0,1.76,96.0,5.87,9.65,246.0,1005.0,1,501,Rain,moderate rain,10d
2025-07-18 14:14:06,Vinh Long,Vinh Long,29.85,29.85,29.85,71.0,34.91,10000.0,2.94,96.0,5.87,9.65,246.0,1005.0,1,501,Rain,moderate rain,10d
2025-07-18 14:16:11,Vinh Long,Vinh Long,29.85,29.85,29.85,71.0,34.91,10000.0,2.94,96.0,5.87,9.65,246.0,1005.0,1,501,Rain,moderate rain,10d
2025-07-18 14:18:15,Vinh Long,Vinh Long,29.85,29.85,29.85,71.0,34.91,10000.0,2.94,96.0,5.87,9.65,246.0,1005.0,1,501,Rain,moderate rain,10d
2025-07-18 14:20:18,Vinh Long,Vinh Long,29.85,29.85,29.85,71.0,34.91,10000.0,2.94,96.0,5.87,9.65,246.0,1005.0,1,501,Rain,moderate rain,10d
2025-07-18 14:22:21,Vinh Long,Vinh Long,29.85,29.85,29.85,71.0,34.91,10000.0,2.94,96.0,5.87,9.65,246.0,1005.0,1,501,Rain,moderate rain,10d
2025-07-18 14:24:25,Vinh Long,Vinh Long,29.81,29.81,29.81,71.0,34.81,10000.0,1.5,96.0,5.87,9.65,246.0,1005.0,1,501,Rain,moderate rain,10d
2025-07-18 14:26:25,Vinh Long,Vinh Long,29.81,29.81,29.81,71.0,34.81,10000.0,1.5,96.0,5.87,9.65,246.0,1005.0,1,501,Rain,moderate rain,10d
2025-07-18 14:28:26,Vinh Long,Vinh Long,29.81,29.81,29.81,71.0,34.81,10000.0,1.5,96.0,5.87,9.65,246.0,1005.0,1,501,Rain,moderate rain,10d
2025-07-18 14:30:27,Vinh Long,Vinh Long,29.81,29.81,29.81,71.0,34.81,10000.0,1.5,96.0,5.87,9.65,246.0,1005.0,1,501,Rain,moderate rain,10d
2025-07-18 14:32:30,Vinh Long,Vinh Long,29.81,29.81,29.81,71.0,34.81,10000.0,1.5,96.0,5.87,9.65,246.0,1005.0,1,501,Rain,moderate rain,10d
2025-07-18 14:34:32,Vinh Long,Vinh Long,30.35,30.35,30.35,60.0,33.51,10000.0,0.5,96.0,8.22,10.44,269.0,1004.0,1,500,Rain,light rain,10d
2025-07-18 14:36:38,Vinh Long,Vinh Long,30.35,30.35,30.35,60.0,33.51,10000.0,0.5,96.0,8.22,10.44,269.0,1004.0,1,500,Rain,light rain,10d
2025-07-18 14:38:38,Vinh Long,Vinh Long,30.48,30.48,30.48,59.0,33.55,10000.0,0.5,96.0,8.22,10.44,269.0,1004.0,1,500,Rain,light rain,10d
2025-07-18 14:40:39,Vinh Long,Vinh Long,30.35,30.35,30.35,60.0,33.51,10000.0,0.5,96.0,8.22,10.44,269.0,1004.0,1,500,Rain,light rain,10d
2025-07-18 14:42:39,Vinh Long,Vinh Long,30.35,30.35,30.35,60.0,33.51,10000.0,0.5,96.0,8.22,10.44,269.0,1004.0,1,500,Rain,light rain,10d
2025-07-18 14:44:40,Vinh Long,Vinh Long,30.48,30.48,30.48,59.0,33.55,10000.0,0.15,96.0,8.22,10.44,269.0,1004.0,1,500,Rain,light rain,10d
2025-07-18 14:46:40,Vinh Long,Vinh Long,30.55,30.55,30.55,56.0,33.05,10000.0,0.0,96.0,8.22,10.44,269.0,1004.0,1,804,Clouds,overcast clouds,04d
2025-07-18 14:48:40,Vinh Long,Vinh Long,30.55,30.55,30.55,56.0,33.05,10000.0,0.0,96.0,8.22,10.44,269.0,1004.0,1,804,Clouds,overcast clouds,04d
2025-07-18 14:50:39,Vinh Long,Vinh Long,30.55,30.55,30.55,56.0,33.05,10000.0,0.0,96.0,8.22,10.44,269.0,1004.0,1,804,Clouds,overcast clouds,04d
2025-07-18 14:52:40,Vinh Long,Vinh Long,30.55,30.55,30.55,56.0,33.05,10000.0,0.0,96.0,8.22,10.44,269.0,1004.0,1,804,Clouds,overcast clouds,04d
2025-07-18 14:54:39,Vinh Long,Vinh Long,30.55,30.55,30.55,56.0,33.05,10000.0,0.0,96.0,8.22,10.44,269.0,1004.0,1,804,Clouds,overcast clouds,04d
2025-07-18 14:56:37,Vinh Long,Vinh Long,30.55,30.55,30.55,56.0,33.05,10000.0,0.0,96.0,8.22,10.44,269.0,1004.0,1,804,Clouds,overcast clouds,04d
2025-07-18 15:01:15,Vinh Long,Vinh Long,30.55,30.55,30.55,56.0,33.05,10000.0,0.0,96.0,8.22,10.44,269.0,1004.0,1,804,Clouds,overcast clouds,04d
2025-07-18 15:03:13,Vinh Long,Vinh Long,30.55,30.55,30.55,56.0,33.05,10000.0,0.0,96.0,8.22,10.44,269.0,1004.0,1,804,Clouds,overcast clouds,04d
2025-07-18 15:05:18,Vinh Long,Vinh Long,30.64,30.64,30.64,62.0,34.57,10000.0,0.0,96.0,8.22,10.44,269.0,1004.0,1,804,Clouds,overcast clouds,04d
2025-07-18 15:07:17,Vinh Long,Vinh Long,30.64,30.64,30.64,62.0,34.57,10000.0,0.0,96.0,8.22,10.44,269.0,1004.0,1,804,Clouds,overcast clouds,04d
2025-07-18 15:09:19,Vinh Long,Vinh Long,30.64,30.64,30.64,62.0,34.57,10000.0,0.0,96.0,8.22,10.44,269.0,1004.0,1,804,Clouds,overcast clouds,04d
2025-07-18 15:11:20,Vinh Long,Vinh Long,30.64,30.64,30.64,62.0,34.57,10000.0,0.0,96.0,8.22,10.44,269.0,1004.0,1,804,Clouds,overcast clouds,04d
2025-07-18 15:13:19,Vinh Long,Vinh Long,30.64,30.64,30.64,62.0,34.57,10000.0,0.0,96.0,8.22,10.44,269.0,1004.0,1,804,Clouds,overcast clouds,04d
2025-07-18 15:15:17,Vinh Long,Vinh Long,30.64,30.64,30.64,62.0,34.57,10000.0,0.0,96.0,8.22,10.44,269.0,1004.0,1,804,Clouds,overcast clouds,04d
2025-07-18 15:17:16,Vinh Long,Vinh Long,30.64,30.64,30.64,62.0,34.57,10000.0,0.0,96.0,8.22,10.44,269.0,1004.0,1,804,Clouds,overcast clouds,04d
2025-07-18 15:19:15,Vinh Long,Vinh Long,30.64,30.64,30.64,62.0,34.57,10000.0,0.0,96.0,8.22,10.44,269.0,1004.0,1,804,Clouds,overcast clouds,04d
2025-07-18 15:21:16,Vinh Long,Vinh Long,30.63,30.63,30.63,62.0,34.55,10000.0,0.12,96.0,8.22,10.44,269.0,1004.0,1,500,Rain,light rain,10d
2025-07-18 15:23:15,Vinh Long,Vinh Long,30.63,30.63,30.63,62.0,34.55,10000.0,0.12,96.0,8.22,10.44,269.0,1004.0,1,500,Rain,light rain,10d
2025-07-18 15:25:15,Vinh Long,Vinh Long,30.63,30.63,30.63,62.0,34.55,10000.0,0.12,96.0,8.22,10.44,269.0,1004.0,1,500,Rain,light rain,10d
2025-07-18 15:27:13,Vinh Long,Vinh Long,30.63,30.63,30.63,62.0,34.55,10000.0,0.41,96.0,8.22,10.44,269.0,1004.0,1,500,Rain,light rain,10d
2025-07-18 15:29:12,Vinh Long,Vinh Long,30.63,30.63,30.63,62.0,34.55,10000.0,0.12,96.0,8.22,10.44,269.0,1004.0,1,500,Rain,light rain,10d
2025-07-18 15:31:10,Vinh Long,Vinh Long,30.63,30.63,30.63,62.0,34.55,10000.0,0.41,96.0,8.22,10.44,269.0,1004.0,1,500,Rain,light rain,10d
2025-07-18 15:33:09,Vinh Long,Vinh Long,30.51,30.51,30.51,61.0,34.06,10000.0,0.46,97.0,7.31,9.79,262.0,1004.0,1,500,Rain,light rain,10d
2025-07-18 15:35:09,Vinh Long,Vinh Long,30.51,30.51,30.51,61.0,34.06,10000.0,0.46,97.0,7.31,9.79,262.0,1004.0,1,500,Rain,light rain,10d
2025-07-18 15:37:10,Vinh Long,Vinh Long,30.51,30.51,30.51,61.0,34.06,10000.0,0.35,97.0,7.31,9.79,262.0,1004.0,1,500,Rain,light rain,10d
2025-07-18 15:39:09,Vinh Long,Vinh Long,30.51,30.51,30.51,61.0,34.06,10000.0,0.46,97.0,7.31,9.79,262.0,1004.0,1,500,Rain,light rain,10d
2025-07-18 15:41:09,Vinh Long,Vinh Long,30.51,30.51,30.51,61.0,34.06,10000.0,0.29,97.0,7.31,9.79,262.0,1004.0,1,500,Rain,light rain,10d
2025-07-18 15:43:07,Vinh Long,Vinh Long,30.51,30.51,30.51,61.0,34.06,10000.0,0.35,97.0,7.31,9.79,262.0,1004.0,1,500,Rain,light rain,10d
2025-07-18 15:45:07,Vinh Long,Vinh Long,30.51,30.51,30.51,61.0,34.06,10000.0,0.65,97.0,7.31,9.79,262.0,1004.0,1,500,Rain,light rain,10d
2025-07-18 15:47:08,Vinh Long,Vinh Long,30.51,30.51,30.51,61.0,34.06,10000.0,0.29,97.0,7.31,9.79,262.0,1004.0,1,500,Rain,light rain,10d
2025-07-18 15:49:11,Vinh Long,Vinh Long,30.51,30.51,30.51,61.0,34.06,10000.0,0.65,97.0,7.31,9.79,262.0,1004.0,1,500,Rain,light rain,10d
2025-07-18 15:51:14,Vinh Long,Vinh Long,30.35,30.35,30.35,60.0,33.51,10000.0,0.73,97.0,7.31,9.79,262.0,1004.0,1,500,Rain,light rain,10d
2025-07-18 15:53:16,Vinh Long,Vinh Long,30.35,30.35,30.35,60.0,33.51,10000.0,0.73,97.0,7.31,9.79,262.0,1004.0,1,500,Rain,light rain,10d
2025-07-18 15:55:16,Vinh Long,Vinh Long,30.35,30.35,30.35,60.0,33.51,10000.0,0.73,97.0,7.31,9.79,262.0,1004.0,1,500,Rain,light rain,10d
2025-07-18 15:57:18,Vinh Long,Vinh Long,30.35,30.35,30.35,60.0,33.51,10000.0,0.73,97.0,7.31,9.79,262.0,1004.0,1,500,Rain,light rain,10d
2025-07-18 15:59:17,Vinh Long,Vinh Long,30.35,30.35,30.35,60.0,33.51,10000.0,0.73,97.0,7.31,9.79,262.0,1004.0,1,500,Rain,light rain,10d
2025-07-18 16:01:17,Vinh Long,Vinh Long,30.35,30.35,30.35,60.0,33.51,10000.0,0.73,97.0,7.31,9.79,262.0,1004.0,1,500,Rain,light rain,10d
2025-07-18 16:03:15,Vinh Long,Vinh Long,30.35,30.35,30.35,60.0,33.51,10000.0,0.73,97.0,7.31,9.79,262.0,1004.0,1,500,Rain,light rain,10d
2025-07-18 16:05:15,Vinh Long,Vinh Long,30.38,30.38,30.38,68.0,35.46,10000.0,0.75,97.0,7.31,9.79,262.0,1004.0,1,500,Rain,light rain,10d
2025-07-18 16:07:16,Vinh Long,Vinh Long,30.38,30.38,30.38,68.0,35.46,10000.0,0.75,97.0,7.31,9.79,262.0,1004.0,1,500,Rain,light rain,10d
2025-07-18 16:09:17,Vinh Long,Vinh Long,30.38,30.38,30.38,68.0,35.46,10000.0,0.69,97.0,7.31,9.79,262.0,1004.0,1,500,Rain,light rain,10d
2025-07-18 16:11:19,Vinh Long,Vinh Long,30.38,30.38,30.38,68.0,35.46,10000.0,0.69,97.0,7.31,9.79,262.0,1004.0,1,500,Rain,light rain,10d
2025-07-18 16:13:20,Vinh Long,Vinh Long,30.38,30.38,30.38,68.0,35.46,10000.0,0.6,97.0,7.31,9.79,262.0,1004.0,1,500,Rain,light rain,10d
2025-07-18 16:15:23,Vinh Long,Vinh Long,30.38,30.38,30.38,68.0,35.46,10000.0,0.6,97.0,7.31,9.79,262.0,1004.0,1,500,Rain,light rain,10d
2025-07-18 16:17:22,Vinh Long,Vinh Long,30.4,30.4,30.4,68.0,35.51,10000.0,0.32,97.0,7.31,9.79,262.0,1004.0,1,500,Rain,light rain,10d
2025-07-18 16:19:22,Vinh Long,Vinh Long,30.4,30.4,30.4,68.0,35.51,10000.0,0.32,97.0,7.31,9.79,262.0,1004.0,1,500,Rain,light rain,10d
2025-07-18 16:21:23,Vinh Long,Vinh Long,30.4,30.4,30.4,68.0,35.51,10000.0,0.32,97.0,7.31,9.79,262.0,1004.0,1,500,Rain,light rain,10d
2025-07-18 16:23:23,Vinh Long,Vinh Long,30.4,30.4,30.4,68.0,35.51,10000.0,0.32,97.0,7.31,9.79,262.0,1004.0,1,500,Rain,light rain,10d
2025-07-18 16:25:23,Vinh Long,Vinh Long,30.4,30.4,30.4,68.0,35.51,10000.0,0.32,97.0,7.31,9.79,262.0,1004.0,1,500,Rain,light rain,10d
2025-07-18 16:27:22,Vinh Long,Vinh Long,30.4,30.4,30.4,68.0,35.51,10000.0,0.32,97.0,7.31,9.79,262.0,1004.0,1,500,Rain,light rain,10d
2025-07-18 16:29:22,Vinh Long,Vinh Long,30.4,30.4,30.4,68.0,35.51,10000.0,0.37,97.0,7.31,9.79,262.0,1004.0,1,500,Rain,light rain,10d
2025-07-18 16:31:21,Vinh Long,Vinh Long,30.4,30.4,30.4,68.0,35.51,10000.0,0.37,97.0,7.31,9.79,262.0,1004.0,1,500,Rain,light rain,10d
2025-07-18 16:33:20,Vinh Long,Vinh Long,30.4,30.4,30.4,68.0,35.51,10000.0,0.37,97.0,7.31,9.79,262.0,1004.0,1,500,Rain,light rain,10d
2025-07-18 16:35:21,Vinh Long,Vinh Long,30.4,30.4,30.4,68.0,35.51,10000.0,0.37,97.0,7.31,9.79,262.0,1004.0,1,500,Rain,light rain,10d
2025-07-18 16:37:22,Vinh Long,Vinh Long,30.4,30.4,30.4,68.0,35.51,10000.0,0.37,97.0,7.31,9.79,262.0,1004.0,1,500,Rain,light rain,10d
2025-07-18 16:39:22,Vinh Long,Vinh Long,29.13,29.13,29.13,64.0,31.92,10000.0,0.14,97.0,5.96,9.2,247.0,1004.0,1,500,Rain,light rain,10d
2025-07-18 16:41:23,Vinh Long,Vinh Long,29.13,29.13,29.13,64.0,31.92,10000.0,0.14,97.0,5.96,9.2,247.0,1004.0,1,500,Rain,light rain,10d
2025-07-18 16:43:22,Vinh Long,Vinh Long,29.13,29.13,29.13,64.0,31.92,10000.0,0.15,97.0,5.96,9.2,247.0,1004.0,1,500,Rain,light rain,10d
2025-07-18 16:45:22,Vinh Long,Vinh Long,29.13,29.13,29.13,64.0,31.92,10000.0,0.15,97.0,5.96,9.2,247.0,1004.0,1,500,Rain,light rain,10d
2025-07-18 16:47:21,Vinh Long,Vinh Long,29.13,29.13,29.13,64.0,31.92,10000.0,0.14,97.0,5.96,9.2,247.0,1004.0,1,500,Rain,light rain,10d
2025-07-18 16:49:20,Vinh Long,Vinh Long,29.13,29.13,29.13,64.0,31.92,10000.0,0.14,97.0,5.96,9.2,247.0,1004.0,1,500,Rain,light rain,10d
2025-07-18 16:51:20,Vinh Long,Vinh Long,29.07,29.07,29.07,66.0,32.15,10000.0,0.23,97.0,5.96,9.2,247.0,1004.0,1,500,Rain,light rain,10d
2025-07-18 16:53:20,Vinh Long,Vinh Long,29.07,29.07,29.07,66.0,32.15,10000.0,0.23,97.0,5.96,9.2,247.0,1004.0,1,500,Rain,light rain,10d
2025-07-18 16:55:22,Vinh Long,Vinh Long,29.07,29.07,29.07,66.0,32.15,10000.0,0.23,97.0,5.96,9.2,247.0,1004.0,1,500,Rain,light rain,10d
2025-07-18 16:57:24,Vinh Long,Vinh Long,29.07,29.07,29.07,66.0,32.15,10000.0,0.23,97.0,5.96,9.2,247.0,1004.0,1,500,Rain,light rain,10d
2025-07-18 16:59:27,Vinh Long,Vinh Long,29.07,29.07,29.07,66.0,32.15,10000.0,0.0,97.0,5.96,9.2,247.0,1004.0,1,804,Clouds,overcast clouds,04d
2025-07-18 17:01:28,Vinh Long,Vinh Long,29.13,29.13,29.13,73.0,33.61,10000.0,0.0,97.0,5.96,9.2,247.0,1004.0,1,804,Clouds,overcast clouds,04d
2025-07-18 17:03:28,Vinh Long,Vinh Long,29.13,29.13,29.13,73.0,33.61,10000.0,0.0,97.0,5.96,9.2,247.0,1004.0,1,804,Clouds,overcast clouds,04d
2025-07-18 17:05:28,Vinh Long,Vinh Long,29.13,29.13,29.13,73.0,33.61,10000.0,0.0,97.0,5.96,9.2,247.0,1004.0,1,804,Clouds,overcast clouds,04d
2025-07-18 17:07:27,Vinh Long,Vinh Long,29.13,29.13,29.13,73.0,33.61,10000.0,0.0,97.0,5.96,9.2,247.0,1004.0,1,804,Clouds,overcast clouds,04d
2025-07-18 17:09:27,Vinh Long,Vinh Long,29.13,29.13,29.13,73.0,33.61,10000.0,0.0,97.0,5.96,9.2,247.0,1004.0,1,804,Clouds,overcast clouds,04d
2025-07-18 17:11:27,Vinh Long,Vinh Long,29.13,29.13,29.13,73.0,33.61,10000.0,0.0,97.0,5.96,9.2,247.0,1004.0,1,804,Clouds,overcast clouds,04d
2025-07-18 17:13:26,Vinh Long,Vinh Long,29.13,29.13,29.13,73.0,33.61,10000.0,0.0,97.0,5.96,9.2,247.0,1004.0,1,804,Clouds,overcast clouds,04d
2025-07-18 17:15:25,Vinh Long,Vinh Long,29.13,29.13,29.13,73.0,33.61,10000.0,0.0,97.0,5.96,9.2,247.0,1004.0,1,804,Clouds,overcast clouds,04d
2025-07-18 17:17:23,Vinh Long,Vinh Long,29.13,29.13,29.13,73.0,33.61,10000.0,0.0,97.0,5.96,9.2,247.0,1004.0,1,804,Clouds,overcast clouds,04d
2025-07-18 17:19:21,Vinh Long,Vinh Long,29.13,29.13,29.13,73.0,33.61,10000.0,0.0,97.0,5.96,9.2,247.0,1004.0,1,804,Clouds,overcast clouds,04d
2025-07-18 17:21:19,Vinh Long,Vinh Long,29.13,29.13,29.13,73.0,33.61,10000.0,0.0,97.0,5.96,9.2,247.0,1004.0,1,804,Clouds,overcast clouds,04d
2025-07-18 17:23:17,Vinh Long,Vinh Long,29.13,29.13,29.13,73.0,33.61,10000.0,0.0,97.0,5.96,9.2,247.0,1004.0,1,804,Clouds,overcast clouds,04d
2025-07-18 17:25:15,Vinh Long,Vinh Long,29.13,29.13,29.13,73.0,33.61,10000.0,0.0,97.0,5.96,9.2,247.0,1004.0,1,804,Clouds,overcast clouds,04d
2025-07-18 17:27:12,Vinh Long,Vinh Long,29.13,29.13,29.13,73.0,33.61,10000.0,0.0,97.0,5.96,9.2,247.0,1004.0,1,804,Clouds,overcast clouds,04d
2025-07-18 17:29:11,Vinh Long,Vinh Long,29.13,29.13,29.13,73.0,33.61,10000.0,0.0,97.0,5.96,9.2,247.0,1004.0,1,804,Clouds,overcast clouds,04d
2025-07-18 17:31:11,Vinh Long,Vinh Long,29.13,29.13,29.13,73.0,33.61,10000.0,0.0,97.0,5.96,9.2,247.0,1004.0,1,804,Clouds,overcast clouds,04d
2025-07-18 17:33:11,Vinh Long,Vinh Long,29.13,29.13,29.13,73.0,33.61,10000.0,0.0,97.0,5.96,9.2,247.0,1004.0,1,804,Clouds,overcast clouds,04d
2025-07-18 17:35:11,Vinh Long,Vinh Long,29.13,29.13,29.13,73.0,33.61,10000.0,0.0,97.0,5.96,9.2,247.0,1004.0,1,804,Clouds,overcast clouds,04d
2025-07-18 17:37:10,Vinh Long,Vinh Long,28.45,28.45,28.45,73.0,32.04,10000.0,0.0,90.0,5.93,10.45,243.0,1005.0,1,804,Clouds,overcast clouds,04d
2025-07-18 17:39:09,Vinh Long,Vinh Long,29.13,29.13,29.13,73.0,33.61,10000.0,0.0,97.0,5.96,9.2,247.0,1004.0,1,804,Clouds,overcast clouds,04d
2025-07-18 17:41:09,Vinh Long,Vinh Long,28.45,28.45,28.45,73.0,32.04,10000.0,0.0,90.0,5.93,10.45,243.0,1005.0,1,804,Clouds,overcast clouds,04d
2025-07-18 17:43:07,Vinh Long,Vinh Long,28.45,28.45,28.45,73.0,32.04,10000.0,0.0,90.0,5.93,10.45,243.0,1005.0,1,804,Clouds,overcast clouds,04d
2025-07-18 17:45:07,Vinh Long,Vinh Long,28.45,28.45,28.45,73.0,32.04,10000.0,0.0,90.0,5.93,10.45,243.0,1005.0,1,804,Clouds,overcast clouds,04d
2025-07-18 17:47:06,Vinh Long,Vinh Long,28.41,28.41,28.41,72.0,31.79,10000.0,0.0,90.0,5.93,10.45,243.0,1005.0,1,804,Clouds,overcast clouds,04d
2025-07-18 17:49:07,Vinh Long,Vinh Long,28.41,28.41,28.41,72.0,31.79,10000.0,0.0,90.0,5.93,10.45,243.0,1005.0,1,804,Clouds,overcast clouds,04d
2025-07-18 17:51:09,Vinh Long,Vinh Long,28.41,28.41,28.41,72.0,31.79,10000.0,0.0,90.0,5.93,10.45,243.0,1005.0,1,804,Clouds,overcast clouds,04d
2025-07-18 17:53:11,Vinh Long,Vinh Long,28.41,28.41,28.41,72.0,31.79,10000.0,0.0,90.0,5.93,10.45,243.0,1005.0,1,804,Clouds,overcast clouds,04d
2025-07-18 17:55:11,Vinh Long,Vinh Long,28.41,28.41,28.41,72.0,31.79,10000.0,0.0,90.0,5.93,10.45,243.0,1005.0,1,804,Clouds,overcast clouds,04d
2025-07-18 17:57:10,Vinh Long,Vinh Long,28.41,28.41,28.41,72.0,31.79,10000.0,0.0,90.0,5.93,10.45,243.0,1005.0,1,804,Clouds,overcast clouds,04d
2025-07-18 17:59:08,Vinh Long,Vinh Long,28.41,28.41,28.41,72.0,31.79,10000.0,0.0,90.0,5.93,10.45,243.0,1005.0,1,804,Clouds,overcast clouds,04d
2025-07-18 18:01:11,Vinh Long,Vinh Long,28.49,28.49,28.49,77.0,32.82,10000.0,0.0,90.0,5.93,10.45,243.0,1005.0,1,804,Clouds,overcast clouds,04d
2025-07-18 18:03:10,Vinh Long,Vinh Long,28.49,28.49,28.49,77.0,32.82,10000.0,0.0,90.0,5.93,10.45,243.0,1005.0,1,804,Clouds,overcast clouds,04d
2025-07-18 18:05:09,Vinh Long,Vinh Long,28.49,28.49,28.49,77.0,32.82,10000.0,0.0,90.0,5.93,10.45,243.0,1005.0,1,804,Clouds,overcast clouds,04d
2025-07-18 18:07:11,Vinh Long,Vinh Long,28.49,28.49,28.49,77.0,32.82,10000.0,0.0,90.0,5.93,10.45,243.0,1005.0,1,804,Clouds,overcast clouds,04d
2025-07-18 18:09:12,Vinh Long,Vinh Long,28.49,28.49,28.49,77.0,32.82,10000.0,0.0,90.0,5.93,10.45,243.0,1005.0,1,804,Clouds,overcast clouds,04d
2025-07-18 18:11:11,Vinh Long,Vinh Long,28.49,28.49,28.49,77.0,32.82,10000.0,0.0,90.0,5.93,10.45,243.0,1005.0,1,804,Clouds,overcast clouds,04d
2025-07-18 18:13:10,Vinh Long,Vinh Long,28.49,28.49,28.49,77.0,32.82,10000.0,0.0,90.0,5.93,10.45,243.0,1005.0,1,804,Clouds,overcast clouds,04d
2025-07-18 18:15:10,Vinh Long,Vinh Long,28.49,28.49,28.49,77.0,32.82,10000.0,0.0,90.0,5.93,10.45,243.0,1005.0,1,804,Clouds,overcast clouds,04d
2025-07-18 18:17:09,Vinh Long,Vinh Long,28.49,28.49,28.49,77.0,32.82,10000.0,0.0,90.0,5.93,10.45,243.0,1005.0,1,804,Clouds,overcast clouds,04d
2025-07-18 18:19:09,Vinh Long,Vinh Long,28.49,28.49,28.49,77.0,32.82,10000.0,0.0,90.0,5.93,10.45,243.0,1005.0,1,804,Clouds,overcast clouds,04d
2025-07-18 18:21:08,Vinh Long,Vinh Long,28.49,28.49,28.49,77.0,32.82,10000.0,0.0,90.0,5.93,10.45,243.0,1005.0,1,804,Clouds,overcast clouds,04d
2025-07-18 18:23:07,Vinh Long,Vinh Long,28.49,28.49,28.49,77.0,32.82,10000.0,0.0,90.0,5.93,10.45,243.0,1005.0,0,804,Clouds,overcast clouds,04d
2025-07-18 18:25:08,Vinh Long,Vinh Long,28.49,28.49,28.49,77.0,32.82,10000.0,0.0,90.0,5.93,10.45,243.0,1005.0,0,804,Clouds,overcast clouds,04n
2025-07-18 18:27:07,Vinh Long,Vinh Long,28.49,28.49,28.49,77.0,32.82,10000.0,0.0,90.0,5.93,10.45,243.0,1005.0,0,804,Clouds,overcast clouds,04n
2025-07-18 18:29:08,Vinh Long,Vinh Long,28.49,28.49,28.49,77.0,32.82,10000.0,0.0,90.0,5.93,10.45,243.0,1005.0,0,804,Clouds,overcast clouds,04n
2025-07-18 18:31:09,Vinh Long,Vinh Long,28.49,28.49,28.49,77.0,32.82,10000.0,0.0,90.0,5.93,10.45,243.0,1005.0,0,804,Clouds,overcast clouds,04n
2025-07-18 18:33:09,Vinh Long,Vinh Long,28.49,28.49,28.49,77.0,32.82,10000.0,0.0,90.0,5.93,10.45,243.0,1005.0,0,804,Clouds,overcast clouds,04n
2025-07-18 18:35:10,Vinh Long,Vinh Long,28.49,28.49,28.49,77.0,32.82,10000.0,0.0,90.0,5.93,10.45,243.0,1005.0,0,804,Clouds,overcast clouds,04n
2025-07-18 18:37:08,Vinh Long,Vinh Long,28.49,28.49,28.49,77.0,32.82,10000.0,0.0,90.0,5.93,10.45,243.0,1005.0,0,804,Clouds,overcast clouds,04n
2025-07-18 18:39:08,Vinh Long,Vinh Long,28.49,28.49,28.49,77.0,32.82,10000.0,0.0,90.0,5.93,10.45,243.0,1005.0,0,804,Clouds,overcast clouds,04n
2025-07-18 18:41:07,Vinh Long,Vinh Long,27.86,27.86,27.86,77.0,31.32,10000.0,0.0,91.0,5.82,11.59,249.0,1005.0,0,804,Clouds,overcast clouds,04n
2025-07-18 18:43:05,Vinh Long,Vinh Long,27.86,27.86,27.86,77.0,31.32,10000.0,0.0,91.0,5.82,11.59,249.0,1005.0,0,804,Clouds,overcast clouds,04n
2025-07-18 18:45:05,Vinh Long,Vinh Long,27.86,27.86,27.86,77.0,31.32,10000.0,0.0,91.0,5.82,11.59,249.0,1005.0,0,804,Clouds,overcast clouds,04n
2025-07-18 18:47:06,Vinh Long,Vinh Long,27.81,27.81,27.81,78.0,31.35,10000.0,0.0,91.0,5.82,11.59,249.0,1005.0,0,804,Clouds,overcast clouds,04n
2025-07-18 18:49:08,Vinh Long,Vinh Long,27.81,27.81,27.81,78.0,31.35,10000.0,0.0,91.0,5.82,11.59,249.0,1005.0,0,804,Clouds,overcast clouds,04n
2025-07-18 18:51:02,Vinh Long,Vinh Long,27.81,27.81,27.81,78.0,31.35,10000.0,0.0,91.0,5.82,11.59,249.0,1005.0,0,804,Clouds,overcast clouds,04n
2025-07-18 18:52:57,Vinh Long,Vinh Long,27.81,27.81,27.81,78.0,31.35,10000.0,0.0,91.0,5.82,11.59,249.0,1005.0,0,804,Clouds,overcast clouds,04n
2025-07-18 18:54:52,Vinh Long,Vinh Long,27.81,27.81,27.81,78.0,31.35,10000.0,0.0,91.0,5.82,11.59,249.0,1005.0,0,804,Clouds,overcast clouds,04n
2025-07-18 18:56:46,Vinh Long,Vinh Long,27.81,27.81,27.81,78.0,31.35,10000.0,0.0,91.0,5.82,11.59,249.0,1005.0,0,804,Clouds,overcast clouds,04n
2025-07-18 18:58:41,Vinh Long,Vinh Long,27.81,27.81,27.81,78.0,31.35,10000.0,0.0,91.0,5.82,11.59,249.0,1005.0,0,804,Clouds,overcast clouds,04n
2025-07-18 19:02:31,Vinh Long,Vinh Long,27.81,27.81,27.81,78.0,31.35,10000.0,0.0,91.0,5.82,11.59,249.0,1005.0,0,804,Clouds,overcast clouds,04n
2025-07-18 19:04:26,Vinh Long,Vinh Long,27.88,27.88,27.88,83.0,32.25,10000.0,0.0,91.0,5.82,11.59,249.0,1006.0,0,804,Clouds,overcast clouds,04n
2025-07-18 19:06:22,Vinh Long,Vinh Long,27.88,27.88,27.88,83.0,32.25,10000.0,0.0,91.0,5.82,11.59,249.0,1006.0,0,804,Clouds,overcast clouds,04n
2025-07-18 19:08:16,Vinh Long,Vinh Long,27.88,27.88,27.88,83.0,32.25,10000.0,0.0,91.0,5.82,11.59,249.0,1006.0,0,804,Clouds,overcast clouds,04n
2025-07-18 19:10:12,Vinh Long,Vinh Long,27.88,27.88,27.88,83.0,32.25,10000.0,0.0,91.0,5.82,11.59,249.0,1006.0,0,804,Clouds,overcast clouds,04n
2025-07-18 19:12:07,Vinh Long,Vinh Long,27.88,27.88,27.88,83.0,32.25,10000.0,0.0,91.0,5.82,11.59,249.0,1006.0,0,804,Clouds,overcast clouds,04n
2025-07-18 19:14:02,Vinh Long,Vinh Long,27.88,27.88,27.88,83.0,32.25,10000.0,0.0,91.0,5.82,11.59,249.0,1006.0,0,804,Clouds,overcast clouds,04n
2025-07-18 19:15:57,Vinh Long,Vinh Long,27.88,27.88,27.88,83.0,32.25,10000.0,0.0,91.0,5.82,11.59,249.0,1006.0,0,804,Clouds,overcast clouds,04n
2025-07-18 19:17:51,Vinh Long,Vinh Long,27.88,27.88,27.88,83.0,32.25,10000.0,0.0,91.0,5.82,11.59,249.0,1006.0,0,804,Clouds,overcast clouds,04n
2025-07-18 19:19:46,Vinh Long,Vinh Long,27.88,27.88,27.88,83.0,32.25,10000.0,0.0,91.0,5.82,11.59,249.0,1006.0,0,804,Clouds,overcast clouds,04n
2025-07-18 19:21:41,Vinh Long,Vinh Long,27.88,27.88,27.88,83.0,32.25,10000.0,0.0,91.0,5.82,11.59,249.0,1006.0,0,804,Clouds,overcast clouds,04n
2025-07-18 19:23:36,Vinh Long,Vinh Long,27.88,27.88,27.88,83.0,32.25,10000.0,0.0,91.0,5.82,11.59,249.0,1006.0,0,804,Clouds,overcast clouds,04n
2025-07-18 19:25:31,Vinh Long,Vinh Long,27.88,27.88,27.88,83.0,32.25,10000.0,0.0,91.0,5.82,11.59,249.0,1006.0,0,804,Clouds,overcast clouds,04n
2025-07-18 19:27:25,Vinh Long,Vinh Long,27.88,27.88,27.88,83.0,32.25,10000.0,0.0,91.0,5.82,11.59,249.0,1006.0,0,804,Clouds,overcast clouds,04n
2025-07-18 19:29:20,Vinh Long,Vinh Long,27.88,27.88,27.88,83.0,32.25,10000.0,0.0,91.0,5.82,11.59,249.0,1006.0,0,804,Clouds,overcast clouds,04n
2025-07-18 19:31:14,Vinh Long,Vinh Long,27.88,27.88,27.88,83.0,32.25,10000.0,0.0,91.0,5.82,11.59,249.0,1006.0,0,804,Clouds,overcast clouds,04n
2025-07-18 19:33:09,Vinh Long,Vinh Long,27.97,27.97,27.97,81.0,32.18,10000.0,0.0,68.0,3.7,10.53,250.0,1006.0,0,803,Clouds,broken clouds,04n
2025-07-18 19:35:06,Vinh Long,Vinh Long,27.97,27.97,27.97,81.0,32.18,10000.0,0.0,68.0,3.7,10.53,250.0,1006.0,0,803,Clouds,broken clouds,04n
2025-07-18 19:37:01,Vinh Long,Vinh Long,27.97,27.97,27.97,81.0,32.18,10000.0,0.0,68.0,3.7,10.53,250.0,1006.0,0,803,Clouds,broken clouds,04n
2025-07-18 19:38:55,Vinh Long,Vinh Long,27.97,27.97,27.97,81.0,32.18,10000.0,0.0,68.0,3.7,10.53,250.0,1006.0,0,803,Clouds,broken clouds,04n
2025-07-18 19:40:50,Vinh Long,Vinh Long,27.97,27.97,27.97,81.0,32.18,10000.0,0.0,68.0,3.7,10.53,250.0,1006.0,0,803,Clouds,broken clouds,04n
2025-07-18 19:42:46,Vinh Long,Vinh Long,27.97,27.97,27.97,81.0,32.18,10000.0,0.0,68.0,3.7,10.53,250.0,1006.0,0,803,Clouds,broken clouds,04n
2025-07-18 19:44:41,Vinh Long,Vinh Long,27.97,27.97,27.97,81.0,32.18,10000.0,0.0,68.0,3.7,10.53,250.0,1006.0,0,803,Clouds,broken clouds,04n
2025-07-18 19:46:35,Vinh Long,Vinh Long,27.97,27.97,27.97,81.0,32.18,10000.0,0.0,68.0,3.7,10.53,250.0,1006.0,0,803,Clouds,broken clouds,04n
2025-07-18 19:48:30,Vinh Long,Vinh Long,27.97,27.97,27.97,81.0,32.18,10000.0,0.0,68.0,3.7,10.53,250.0,1006.0,0,803,Clouds,broken clouds,04n
2025-07-18 19:50:27,Vinh Long,Vinh Long,27.97,27.97,27.97,81.0,32.18,10000.0,0.0,68.0,3.7,10.53,250.0,1006.0,0,803,Clouds,broken clouds,04n
2025-07-18 19:52:21,Vinh Long,Vinh Long,27.97,27.97,27.97,81.0,32.18,10000.0,0.0,68.0,3.7,10.53,250.0,1006.0,0,803,Clouds,broken clouds,04n
2025-07-18 19:54:16,Vinh Long,Vinh Long,27.97,27.97,27.97,81.0,32.18,10000.0,0.0,68.0,3.7,10.53,250.0,1006.0,0,803,Clouds,broken clouds,04n
2025-07-18 19:56:10,Vinh Long,Vinh Long,27.97,27.97,27.97,81.0,32.18,10000.0,0.0,68.0,3.7,10.53,250.0,1006.0,0,803,Clouds,broken clouds,04n
2025-07-18 19:58:05,Vinh Long,Vinh Long,27.97,27.97,27.97,81.0,32.18,10000.0,0.0,68.0,3.7,10.53,250.0,1006.0,0,803,Clouds,broken clouds,04n
2025-07-18 19:59:59,Vinh Long,Vinh Long,27.97,27.97,27.97,81.0,32.18,10000.0,0.0,68.0,3.7,10.53,250.0,1006.0,0,803,Clouds,broken clouds,04n
2025-07-18 20:01:54,Vinh Long,Vinh Long,27.97,27.97,27.97,81.0,32.18,10000.0,0.0,68.0,3.7,10.53,250.0,1006.0,0,803,Clouds,broken clouds,04n
2025-07-18 20:03:48,Vinh Long,Vinh Long,27.97,27.97,27.97,81.0,32.18,10000.0,0.0,68.0,3.7,10.53,250.0,1006.0,0,803,Clouds,broken clouds,04n
2025-07-18 20:05:47,Vinh Long,Vinh Long,27.97,27.97,27.97,81.0,32.18,10000.0,0.0,68.0,3.7,10.53,250.0,1006.0,0,803,Clouds,broken clouds,04n
2025-07-18 20:07:49,Vinh Long,Vinh Long,27.97,27.97,27.97,81.0,32.18,10000.0,0.0,68.0,3.7,10.53,250.0,1006.0,0,803,Clouds,broken clouds,04n
2025-07-18 20:09:43,Vinh Long,Vinh Long,27.97,27.97,27.97,81.0,32.18,10000.0,0.0,68.0,3.7,10.53,250.0,1006.0,0,803,Clouds,broken clouds,04n
2025-07-18 20:11:38,Vinh Long,Vinh Long,27.97,27.97,27.97,81.0,32.18,10000.0,0.0,68.0,3.7,10.53,250.0,1006.0,0,803,Clouds,broken clouds,04n
2025-07-18 20:13:33,Vinh Long,Vinh Long,27.97,27.97,27.97,81.0,32.18,10000.0,0.0,68.0,3.7,10.53,250.0,1006.0,0,803,Clouds,broken clouds,04n
2025-07-18 20:15:28,Vinh Long,Vinh Long,27.97,27.97,27.97,81.0,32.18,10000.0,0.0,68.0,3.7,10.53,250.0,1006.0,0,803,Clouds,broken clouds,04n
2025-07-18 20:19:17,Vinh Long,Vinh Long,27.97,27.97,27.97,81.0,32.18,10000.0,0.0,68.0,3.7,10.53,250.0,1006.0,0,803,Clouds,broken clouds,04n
2025-07-18 20:21:13,Vinh Long,Vinh Long,27.97,27.97,27.97,81.0,32.18,10000.0,0.0,68.0,3.7,10.53,250.0,1006.0,0,803,Clouds,broken clouds,04n
2025-07-18 20:23:08,Vinh Long,Vinh Long,27.97,27.97,27.97,81.0,32.18,10000.0,0.0,68.0,3.7,10.53,250.0,1006.0,0,803,Clouds,broken clouds,04n
2025-07-18 20:25:02,Vinh Long,Vinh Long,27.97,27.97,27.97,81.0,32.18,10000.0,0.0,68.0,3.7,10.53,250.0,1006.0,0,803,Clouds,broken clouds,04n
2025-07-18 20:26:59,Vinh Long,Vinh Long,27.97,27.97,27.97,81.0,32.18,10000.0,0.0,68.0,3.7,10.53,250.0,1006.0,0,803,Clouds,broken clouds,04n
2025-07-18 20:28:53,Vinh Long,Vinh Long,27.97,27.97,27.97,81.0,32.18,10000.0,0.0,68.0,3.7,10.53,250.0,1006.0,0,803,Clouds,broken clouds,04n
2025-07-18 20:30:48,Vinh Long,Vinh Long,27.6,27.6,27.6,82.0,31.38,10000.0,0.0,84.0,4.01,10.93,254.0,1007.0,0,803,Clouds,broken clouds,04n
2025-07-18 20:32:43,Vinh Long,Vinh Long,27.6,27.6,27.6,82.0,31.38,10000.0,0.0,84.0,4.01,10.93,254.0,1007.0,0,803,Clouds,broken clouds,04n
2025-07-18 20:34:38,Vinh Long,Vinh Long,27.6,27.6,27.6,82.0,31.38,10000.0,0.0,84.0,4.01,10.93,254.0,1007.0,0,803,Clouds,broken clouds,04n
2025-07-18 20:36:35,Vinh Long,Vinh Long,27.49,27.49,27.49,85.0,31.5,10000.0,0.0,84.0,4.01,10.93,254.0,1007.0,0,803,Clouds,broken clouds,04n
2025-07-18 20:38:29,Vinh Long,Vinh Long,27.49,27.49,27.49,85.0,31.5,10000.0,0.0,84.0,4.01,10.93,254.0,1007.0,0,803,Clouds,broken clouds,04n
2025-07-18 20:40:24,Vinh Long,Vinh Long,27.49,27.49,27.49,85.0,31.5,10000.0,0.0,84.0,4.01,10.93,254.0,1007.0,0,803,Clouds,broken clouds,04n
2025-07-18 20:42:20,Vinh Long,Vinh Long,27.49,27.49,27.49,85.0,31.5,10000.0,0.0,84.0,4.01,10.93,254.0,1007.0,0,803,Clouds,broken clouds,04n
2025-07-18 20:44:16,Vinh Long,Vinh Long,27.49,27.49,27.49,85.0,31.5,10000.0,0.0,84.0,4.01,10.93,254.0,1007.0,0,803,Clouds,broken clouds,04n
2025-07-18 20:46:10,Vinh Long,Vinh Long,27.49,27.49,27.49,85.0,31.5,10000.0,0.0,84.0,4.01,10.93,254.0,1007.0,0,803,Clouds,broken clouds,04n
2025-07-18 20:48:06,Vinh Long,Vinh Long,27.49,27.49,27.49,85.0,31.5,10000.0,0.0,84.0,4.01,10.93,254.0,1007.0,0,803,Clouds,broken clouds,04n
2025-07-18 20:50:01,Vinh Long,Vinh Long,27.49,27.49,27.49,85.0,31.5,10000.0,0.0,84.0,4.01,10.93,254.0,1007.0,0,803,Clouds,broken clouds,04n
2025-07-18 20:51:57,Vinh Long,Vinh Long,27.57,27.57,27.57,82.0,31.31,10000.0,0.0,84.0,4.01,10.93,254.0,1007.0,0,803,Clouds,broken clouds,04n
2025-07-18 20:53:55,Vinh Long,Vinh Long,27.57,27.57,27.57,82.0,31.31,10000.0,0.0,84.0,4.01,10.93,254.0,1007.0,0,803,Clouds,broken clouds,04n
2025-07-18 20:55:52,Vinh Long,Vinh Long,27.57,27.57,27.57,82.0,31.31,10000.0,0.0,84.0,4.01,10.93,254.0,1007.0,0,803,Clouds,broken clouds,04n
2025-07-18 20:57:46,Vinh Long,Vinh Long,27.57,27.57,27.57,82.0,31.31,10000.0,0.0,84.0,4.01,10.93,254.0,1007.0,0,803,Clouds,broken clouds,04n
2025-07-18 20:59:41,Vinh Long,Vinh Long,27.57,27.57,27.57,82.0,31.31,10000.0,0.0,84.0,4.01,10.93,254.0,1007.0,0,803,Clouds,broken clouds,04n
2025-07-18 21:01:36,Vinh Long,Vinh Long,27.57,27.57,27.57,82.0,31.31,10000.0,0.0,84.0,4.01,10.93,254.0,1007.0,0,803,Clouds,broken clouds,04n
2025-07-18 21:03:31,Vinh Long,Vinh Long,27.57,27.57,27.57,82.0,31.31,10000.0,0.0,84.0,4.01,10.93,254.0,1007.0,0,803,Clouds,broken clouds,04n
2025-07-18 21:05:34,Vinh Long,Vinh Long,27.63,27.63,27.63,86.0,32.01,10000.0,0.0,84.0,4.01,10.93,254.0,1007.0,0,803,Clouds,broken clouds,04n
2025-07-18 21:07:30,Vinh Long,Vinh Long,27.63,27.63,27.63,86.0,32.01,10000.0,0.0,84.0,4.01,10.93,254.0,1007.0,0,803,Clouds,broken clouds,04n
2025-07-18 21:09:24,Vinh Long,Vinh Long,27.63,27.63,27.63,86.0,32.01,10000.0,0.0,84.0,4.01,10.93,254.0,1007.0,0,803,Clouds,broken clouds,04n
2025-07-18 21:11:22,Vinh Long,Vinh Long,27.63,27.63,27.63,86.0,32.01,10000.0,0.0,84.0,4.01,10.93,254.0,1007.0,0,803,Clouds,broken clouds,04n
2025-07-18 21:15:21,Vinh Long,Vinh Long,27.63,27.63,27.63,86.0,32.01,10000.0,0.0,84.0,4.01,10.93,254.0,1007.0,0,803,Clouds,broken clouds,04n
2025-07-18 21:17:19,Vinh Long,Vinh Long,27.63,27.63,27.63,86.0,32.01,10000.0,0.0,84.0,4.01,10.93,254.0,1007.0,0,803,Clouds,broken clouds,04n
2025-07-18 21:19:17,Vinh Long,Vinh Long,27.63,27.63,27.63,86.0,32.01,10000.0,0.0,84.0,4.01,10.93,254.0,1007.0,0,803,Clouds,broken clouds,04n
2025-07-18 21:21:15,Vinh Long,Vinh Long,27.63,27.63,27.63,86.0,32.01,10000.0,0.0,84.0,4.01,10.93,254.0,1007.0,0,803,Clouds,broken clouds,04n
2025-07-18 21:23:18,Vinh Long,Vinh Long,27.63,27.63,27.63,86.0,32.01,10000.0,0.0,84.0,4.01,10.93,254.0,1007.0,0,803,Clouds,broken clouds,04n
2025-07-18 21:25:13,Vinh Long,Vinh Long,27.63,27.63,27.63,86.0,32.01,10000.0,0.0,84.0,4.01,10.93,254.0,1007.0,0,803,Clouds,broken clouds,04n
2025-07-18 21:27:09,Vinh Long,Vinh Long,27.63,27.63,27.63,86.0,32.01,10000.0,0.0,84.0,4.01,10.93,254.0,1007.0,0,803,Clouds,broken clouds,04n
2025-07-18 21:29:06,Vinh Long,Vinh Long,27.63,27.63,27.63,86.0,32.01,10000.0,0.0,84.0,4.01,10.93,254.0,1007.0,0,803,Clouds,broken clouds,04n
2025-07-18 21:31:01,Vinh Long,Vinh Long,27.59,27.59,27.59,81.0,31.23,10000.0,0.0,89.0,3.94,10.5,265.0,1007.0,0,804,Clouds,overcast clouds,04n
2025-07-18 21:32:55,Vinh Long,Vinh Long,27.59,27.59,27.59,81.0,31.23,10000.0,0.0,89.0,3.94,10.5,265.0,1007.0,0,804,Clouds,overcast clouds,04n
2025-07-18 21:34:51,Vinh Long,Vinh Long,27.59,27.59,27.59,81.0,31.23,10000.0,0.0,89.0,3.94,10.5,265.0,1007.0,0,804,Clouds,overcast clouds,04n
2025-07-18 21:36:48,Vinh Long,Vinh Long,27.54,27.54,27.54,82.0,31.23,10000.0,0.0,89.0,3.94,10.5,265.0,1007.0,0,804,Clouds,overcast clouds,04n
2025-07-18 21:38:45,Vinh Long,Vinh Long,27.54,27.54,27.54,82.0,31.23,10000.0,0.0,89.0,3.94,10.5,265.0,1007.0,0,804,Clouds,overcast clouds,04n
2025-07-18 21:42:38,Vinh Long,Vinh Long,27.54,27.54,27.54,82.0,31.23,10000.0,0.0,89.0,3.94,10.5,265.0,1007.0,0,804,Clouds,overcast clouds,04n
2025-07-18 21:44:32,Vinh Long,Vinh Long,27.54,27.54,27.54,82.0,31.23,10000.0,0.0,89.0,3.94,10.5,265.0,1007.0,0,804,Clouds,overcast clouds,04n
2025-07-18 21:46:32,Vinh Long,Vinh Long,27.54,27.54,27.54,82.0,31.23,10000.0,0.0,89.0,3.94,10.5,265.0,1007.0,0,804,Clouds,overcast clouds,04n
2025-07-18 21:48:32,Vinh Long,Vinh Long,27.5,27.5,27.5,81.0,31.01,10000.0,0.0,89.0,3.94,10.5,265.0,1007.0,0,804,Clouds,overcast clouds,04n
2025-07-18 21:50:37,Vinh Long,Vinh Long,27.54,27.54,27.54,82.0,31.23,10000.0,0.0,89.0,3.94,10.5,265.0,1007.0,0,804,Clouds,overcast clouds,04n
2025-07-18 21:52:32,Vinh Long,Vinh Long,27.5,27.5,27.5,81.0,31.01,10000.0,0.0,89.0,3.94,10.5,265.0,1007.0,0,804,Clouds,overcast clouds,04n
2025-07-18 21:54:28,Vinh Long,Vinh Long,27.5,27.5,27.5,81.0,31.01,10000.0,0.0,89.0,3.94,10.5,265.0,1007.0,0,804,Clouds,overcast clouds,04n
2025-07-18 21:56:23,Vinh Long,Vinh Long,27.5,27.5,27.5,81.0,31.01,10000.0,0.0,89.0,3.94,10.5,265.0,1007.0,0,804,Clouds,overcast clouds,04n
2025-07-18 21:58:18,Vinh Long,Vinh Long,27.5,27.5,27.5,81.0,31.01,10000.0,0.0,89.0,3.94,10.5,265.0,1007.0,0,804,Clouds,overcast clouds,04n
2025-07-18 22:04:54,Vinh Long,Vinh Long,27.53,27.53,27.53,85.0,31.6,10000.0,0.0,89.0,3.94,10.5,265.0,1007.0,0,804,Clouds,overcast clouds,04n
2025-07-18 22:06:50,Vinh Long,Vinh Long,27.53,27.53,27.53,85.0,31.6,10000.0,0.21,89.0,3.94,10.5,265.0,1007.0,0,500,Rain,light rain,10n
2025-07-18 22:18:27,Vinh Long,Vinh Long,27.53,27.53,27.53,85.0,31.6,10000.0,0.32,89.0,3.94,10.5,265.0,1007.0,0,500,Rain,light rain,10n
2025-07-18 22:20:23,Vinh Long,Vinh Long,27.53,27.53,27.53,85.0,31.6,10000.0,0.32,89.0,3.94,10.5,265.0,1007.0,0,500,Rain,light rain,10n
2025-07-18 22:27:48,Vinh Long,Vinh Long,27.53,27.53,27.53,85.0,31.6,10000.0,0.32,89.0,3.94,10.5,265.0,1007.0,0,500,Rain,light rain,10n
2025-07-19 10:27:02,Vinh Long,Vinh Long,31.61,31.61,31.61,81.0,38.61,10000.0,0.82,71.0,6.99,9.92,256.0,1006.0,1,500,Rain,light rain,10d
2025-07-19 10:31:42,Vinh Long,Vinh Long,31.77,31.77,31.77,74.0,38.77,10000.0,0.6,66.0,6.88,10.18,255.0,1005.0,1,500,Rain,light rain,10d
2025-07-19 10:35:41,Vinh Long,Vinh Long,31.77,31.77,31.77,74.0,38.77,10000.0,0.6,66.0,6.88,10.18,255.0,1005.0,1,500,Rain,light rain,10d
2025-07-19 10:39:30,Vinh Long,Vinh Long,31.77,31.77,31.77,74.0,38.77,10000.0,0.74,66.0,6.88,10.18,255.0,1005.0,1,500,Rain,light rain,10d
2025-07-19 10:43:36,Vinh Long,Vinh Long,31.77,31.77,31.77,74.0,38.77,10000.0,0.23,66.0,6.88,10.18,255.0,1005.0,1,500,Rain,light rain,10d
2025-07-19 10:47:26,Vinh Long,Vinh Long,31.84,31.84,31.84,73.0,38.84,10000.0,0.19,66.0,6.88,10.18,255.0,1005.0,1,500,Rain,light rain,10d
2025-07-19 10:51:36,Vinh Long,Vinh Long,31.77,31.77,31.77,74.0,38.77,10000.0,0.23,66.0,6.88,10.18,255.0,1005.0,1,500,Rain,light rain,10d
2025-07-19 10:59:22,Vinh Long,Vinh Long,31.84,31.84,31.84,73.0,38.84,10000.0,0.0,66.0,6.88,10.18,255.0,1005.0,1,803,Clouds,broken clouds,04d
2025-07-19 11:07:17,Vinh Long,Vinh Long,31.68,31.68,31.68,82.0,38.68,10000.0,0.0,66.0,6.88,10.18,255.0,1006.0,1,803,Clouds,broken clouds,04d
2025-07-19 11:15:48,Vinh Long,Vinh Long,31.68,31.68,31.68,82.0,38.68,10000.0,0.0,66.0,6.88,10.18,255.0,1006.0,1,803,Clouds,broken clouds,04d
2025-07-19 11:19:33,Vinh Long,Vinh Long,31.68,31.68,31.68,82.0,38.68,10000.0,0.0,66.0,6.88,10.18,255.0,1006.0,1,803,Clouds,broken clouds,04d
2025-07-19 11:23:22,Vinh Long,Vinh Long,31.69,31.69,31.69,82.0,38.69,10000.0,0.0,66.0,6.88,10.18,255.0,1006.0,1,803,Clouds,broken clouds,04d
2025-07-19 11:27:11,Vinh Long,Vinh Long,31.69,31.69,31.69,82.0,38.69,10000.0,0.0,66.0,6.88,10.18,255.0,1006.0,1,803,Clouds,broken clouds,04d
2025-07-19 11:30:56,Vinh Long,Vinh Long,31.69,31.69,31.69,82.0,38.69,10000.0,0.0,66.0,6.88,10.18,255.0,1006.0,1,803,Clouds,broken clouds,04d
2025-07-19 11:34:42,Vinh Long,Vinh Long,31.69,31.69,31.69,82.0,38.69,10000.0,0.0,66.0,6.88,10.18,255.0,1006.0,1,803,Clouds,broken clouds,04d
2025-07-19 11:38:28,Vinh Long,Vinh Long,32.35,32.35,32.35,74.0,39.35,10000.0,0.0,66.0,7.85,10.87,253.0,1005.0,1,803,Clouds,broken clouds,04d
2025-07-19 11:42:17,Vinh Long,Vinh Long,32.35,32.35,32.35,74.0,39.35,10000.0,0.0,66.0,7.85,10.87,253.0,1005.0,1,803,Clouds,broken clouds,04d
2025-07-19 11:46:12,Vinh Long,Vinh Long,32.35,32.35,32.35,74.0,39.35,10000.0,0.0,66.0,7.85,10.87,253.0,1005.0,1,803,Clouds,broken clouds,04d
2025-07-19 11:49:58,Vinh Long,Vinh Long,31.97,31.97,31.97,73.0,38.97,10000.0,0.0,66.0,7.85,10.87,253.0,1005.0,1,803,Clouds,broken clouds,04d
2025-07-19 11:53:43,Vinh Long,Vinh Long,31.97,31.97,31.97,73.0,38.97,10000.0,0.0,66.0,7.85,10.87,253.0,1005.0,1,803,Clouds,broken clouds,04d
2025-07-19 11:57:32,Vinh Long,Vinh Long,31.97,31.97,31.97,73.0,38.97,10000.0,0.0,66.0,7.85,10.87,253.0,1005.0,1,803,Clouds,broken clouds,04d
2025-07-19 12:01:28,Vinh Long,Vinh Long,31.97,31.97,31.97,73.0,38.97,10000.0,0.0,66.0,7.85,10.87,253.0,1005.0,1,803,Clouds,broken clouds,04d
2025-07-19 12:05:13,Vinh Long,Vinh Long,31.97,31.97,31.97,73.0,38.97,10000.0,0.0,66.0,7.85,10.87,253.0,1005.0,1,803,Clouds,broken clouds,04d
2025-07-19 12:09:00,Vinh Long,Vinh Long,31.89,31.89,31.89,82.0,38.89,10000.0,0.0,66.0,7.85,10.87,253.0,1005.0,1,803,Clouds,broken clouds,04d
2025-07-19 12:12:46,Vinh Long,Vinh Long,31.89,31.89,31.89,82.0,38.89,10000.0,0.0,66.0,7.85,10.87,253.0,1005.0,1,803,Clouds,broken clouds,04d
2025-07-19 12:16:31,Vinh Long,Vinh Long,31.89,31.89,31.89,82.0,38.89,10000.0,0.0,66.0,7.85,10.87,253.0,1005.0,1,803,Clouds,broken clouds,04d
2025-07-19 12:20:17,Vinh Long,Vinh Long,31.88,31.88,31.88,82.0,38.88,10000.0,0.0,66.0,7.85,10.87,253.0,1005.0,1,803,Clouds,broken clouds,04d
2025-07-19 12:24:03,Vinh Long,Vinh Long,31.88,31.88,31.88,82.0,38.88,10000.0,0.0,66.0,7.85,10.87,253.0,1005.0,1,803,Clouds,broken clouds,04d
2025-07-19 12:27:50,Vinh Long,Vinh Long,31.88,31.88,31.88,82.0,38.88,10000.0,0.0,66.0,7.85,10.87,253.0,1005.0,1,803,Clouds,broken clouds,04d
2025-07-19 12:31:35,Vinh Long,Vinh Long,31.88,31.88,31.88,82.0,38.88,10000.0,0.0,66.0,7.85,10.87,253.0,1005.0,1,803,Clouds,broken clouds,04d
2025-07-19 12:35:20,Vinh Long,Vinh Long,31.08,31.08,31.08,67.0,36.92,10000.0,0.0,62.0,7.65,11.8,260.0,1004.0,1,803,Clouds,broken clouds,04d
2025-07-19 12:39:07,Vinh Long,Vinh Long,31.08,31.08,31.08,67.0,36.92,10000.0,0.0,62.0,7.65,11.8,260.0,1004.0,1,803,Clouds,broken clouds,04d
2025-07-19 12:42:52,Vinh Long,Vinh Long,31.08,31.08,31.08,67.0,36.92,10000.0,0.0,62.0,7.65,11.8,260.0,1004.0,1,803,Clouds,broken clouds,04d
2025-07-19 12:46:37,Vinh Long,Vinh Long,31.18,31.18,31.18,64.0,36.31,10000.0,0.0,62.0,7.65,11.8,260.0,1004.0,1,803,Clouds,broken clouds,04d
2025-07-19 12:50:24,Vinh Long,Vinh Long,31.18,31.18,31.18,64.0,36.31,10000.0,0.0,62.0,7.65,11.8,260.0,1004.0,1,803,Clouds,broken clouds,04d
2025-07-19 12:54:10,Vinh Long,Vinh Long,31.18,31.18,31.18,64.0,36.31,10000.0,0.0,62.0,7.65,11.8,260.0,1004.0,1,803,Clouds,broken clouds,04d
2025-07-19 12:57:55,Vinh Long,Vinh Long,31.18,31.18,31.18,64.0,36.31,10000.0,0.0,62.0,7.65,11.8,260.0,1004.0,1,803,Clouds,broken clouds,04d
2025-07-19 13:01:41,Vinh Long,Vinh Long,31.06,31.06,31.06,73.0,38.06,10000.0,0.0,62.0,7.65,11.8,260.0,1004.0,1,803,Clouds,broken clouds,04d
2025-07-19 13:05:27,Vinh Long,Vinh Long,31.06,31.06,31.06,73.0,38.06,10000.0,0.0,62.0,7.65,11.8,260.0,1004.0,1,803,Clouds,broken clouds,04d
2025-07-19 13:09:12,Vinh Long,Vinh Long,31.06,31.06,31.06,73.0,38.06,10000.0,0.0,62.0,7.65,11.8,260.0,1004.0,1,803,Clouds,broken clouds,04d
2025-07-19 13:12:58,Vinh Long,Vinh Long,31.06,31.06,31.06,73.0,38.06,10000.0,0.17,62.0,7.65,11.8,260.0,1004.0,1,500,Rain,light rain,10d
2025-07-19 13:16:43,Vinh Long,Vinh Long,31.06,31.06,31.06,73.0,38.06,10000.0,0.17,62.0,7.65,11.8,260.0,1004.0,1,500,Rain,light rain,10d
2025-07-19 13:20:28,Vinh Long,Vinh Long,31.06,31.06,31.06,73.0,38.06,10000.0,0.17,62.0,7.65,11.8,260.0,1004.0,1,500,Rain,light rain,10d
2025-07-19 13:24:13,Vinh Long,Vinh Long,31.06,31.06,31.06,73.0,38.06,10000.0,0.18,62.0,7.65,11.8,260.0,1004.0,1,500,Rain,light rain,10d
2025-07-19 13:27:59,Vinh Long,Vinh Long,31.06,31.06,31.06,73.0,38.06,10000.0,0.18,62.0,7.65,11.8,260.0,1004.0,1,500,Rain,light rain,10d
2025-07-19 13:31:46,Vinh Long,Vinh Long,31.06,31.06,31.06,73.0,38.06,10000.0,0.22,62.0,7.65,11.8,260.0,1004.0,1,500,Rain,light rain,10d
2025-07-19 13:35:31,Vinh Long,Vinh Long,31.06,31.06,31.06,73.0,38.06,10000.0,0.22,62.0,7.65,11.8,260.0,1004.0,1,500,Rain,light rain,10d
2025-07-19 13:39:16,Vinh Long,Vinh Long,33.24,33.24,33.24,64.0,40.24,10000.0,0.25,82.0,7.2,11.33,258.0,1003.0,1,500,Rain,light rain,10d
2025-07-19 13:43:02,Vinh Long,Vinh Long,31.35,31.35,31.35,68.0,37.92,10000.0,0.22,82.0,7.2,11.33,258.0,1003.0,1,500,Rain,light rain,10d
2025-07-19 13:46:48,Vinh Long,Vinh Long,33.24,33.24,33.24,64.0,40.24,10000.0,0.22,82.0,7.2,11.33,258.0,1003.0,1,500,Rain,light rain,10d
2025-07-19 13:50:34,Vinh Long,Vinh Long,31.35,31.35,31.35,68.0,37.92,10000.0,0.22,82.0,7.2,11.33,258.0,1003.0,1,500,Rain,light rain,10d
2025-07-19 13:54:25,Vinh Long,Vinh Long,31.2,31.2,31.2,68.0,37.52,10000.0,0.12,82.0,7.2,11.33,258.0,1003.0,1,500,Rain,light rain,10d
2025-07-19 13:58:15,Vinh Long,Vinh Long,31.2,31.2,31.2,68.0,37.52,10000.0,0.12,82.0,7.2,11.33,258.0,1003.0,1,500,Rain,light rain,10d
2025-07-19 14:02:07,Vinh Long,Vinh Long,31.2,31.2,31.2,68.0,37.52,10000.0,0.12,82.0,7.2,11.33,258.0,1003.0,1,500,Rain,light rain,10d
2025-07-19 14:05:57,Vinh Long,Vinh Long,30.93,30.93,30.93,77.0,37.93,10000.0,0.0,82.0,7.2,11.33,258.0,1004.0,1,803,Clouds,broken clouds,04d
2025-07-19 14:09:46,Vinh Long,Vinh Long,30.93,30.93,30.93,77.0,37.93,10000.0,0.0,82.0,7.2,11.33,258.0,1004.0,1,803,Clouds,broken clouds,04d
2025-07-19 14:13:36,Vinh Long,Vinh Long,30.93,30.93,30.93,77.0,37.93,10000.0,0.0,82.0,7.2,11.33,258.0,1004.0,1,803,Clouds,broken clouds,04d
2025-07-19 14:17:27,Vinh Long,Vinh Long,30.93,30.93,30.93,77.0,37.93,10000.0,0.0,82.0,7.2,11.33,258.0,1004.0,1,803,Clouds,broken clouds,04d
2025-07-19 14:21:20,Vinh Long,Vinh Long,30.97,30.97,30.97,77.0,37.97,10000.0,0.19,82.0,7.2,11.33,258.0,1004.0,1,500,Rain,light rain,10d
2025-07-19 14:25:14,Vinh Long,Vinh Long,30.97,30.97,30.97,77.0,37.97,10000.0,0.18,82.0,7.2,11.33,258.0,1004.0,1,500,Rain,light rain,10d
2025-07-19 14:29:06,Vinh Long,Vinh Long,30.97,30.97,30.97,77.0,37.97,10000.0,0.19,82.0,7.2,11.33,258.0,1004.0,1,500,Rain,light rain,10d
2025-07-19 14:32:56,Vinh Long,Vinh Long,31.22,31.22,31.22,71.0,38.22,10000.0,0.36,61.0,8.03,11.34,253.0,1003.0,1,500,Rain,light rain,10d
2025-07-19 14:36:46,Vinh Long,Vinh Long,31.22,31.22,31.22,71.0,38.22,10000.0,0.53,61.0,8.03,11.34,253.0,1003.0,1,500,Rain,light rain,10d
2025-07-19 14:40:38,Vinh Long,Vinh Long,31.22,31.22,31.22,71.0,38.22,10000.0,0.53,61.0,8.03,11.34,253.0,1003.0,1,500,Rain,light rain,10d
2025-07-19 14:44:27,Vinh Long,Vinh Long,31.22,31.22,31.22,71.0,38.22,10000.0,0.65,61.0,8.03,11.34,253.0,1003.0,1,500,Rain,light rain,10d
2025-07-19 14:48:18,Vinh Long,Vinh Long,31.22,31.22,31.22,71.0,38.22,10000.0,0.65,61.0,8.03,11.34,253.0,1003.0,1,500,Rain,light rain,10d
2025-07-19 14:52:09,Vinh Long,Vinh Long,31.22,31.22,31.22,71.0,38.22,10000.0,0.56,61.0,8.03,11.34,253.0,1003.0,1,500,Rain,light rain,10d
2025-07-19 14:55:59,Vinh Long,Vinh Long,31.35,31.35,31.35,70.0,38.35,10000.0,1.0,61.0,8.03,11.34,253.0,1003.0,1,500,Rain,light rain,10d
2025-07-19 14:59:49,Vinh Long,Vinh Long,31.35,31.35,31.35,70.0,38.35,10000.0,0.18,61.0,8.03,11.34,253.0,1003.0,1,500,Rain,light rain,10d
2025-07-19 15:03:38,Vinh Long,Vinh Long,31.35,31.35,31.35,70.0,38.35,10000.0,0.18,61.0,8.03,11.34,253.0,1003.0,1,500,Rain,light rain,10d
2025-07-19 15:07:31,Vinh Long,Vinh Long,31.35,31.35,31.35,70.0,38.35,10000.0,0.18,61.0,8.03,11.34,253.0,1003.0,1,500,Rain,light rain,10d
2025-07-19 15:11:22,Vinh Long,Vinh Long,31.12,31.12,31.12,79.0,38.12,10000.0,0.0,61.0,8.03,11.34,253.0,1003.0,1,803,Clouds,broken clouds,04d
2025-07-19 15:15:12,Vinh Long,Vinh Long,31.12,31.12,31.12,79.0,38.12,10000.0,0.0,61.0,8.03,11.34,253.0,1003.0,1,803,Clouds,broken clouds,04d
2025-07-19 15:19:02,Vinh Long,Vinh Long,31.12,31.12,31.12,79.0,38.12,10000.0,0.0,61.0,8.03,11.34,253.0,1003.0,1,803,Clouds,broken clouds,04d
2025-07-19 15:22:51,Vinh Long,Vinh Long,31.15,31.15,31.15,79.0,38.15,10000.0,0.11,61.0,8.03,11.34,253.0,1003.0,1,500,Rain,light rain,10d
2025-07-19 15:26:41,Vinh Long,Vinh Long,31.15,31.15,31.15,79.0,38.15,10000.0,0.11,61.0,8.03,11.34,253.0,1003.0,1,500,Rain,light rain,10d
2025-07-19 15:30:32,Vinh Long,Vinh Long,31.15,31.15,31.15,79.0,38.15,10000.0,0.11,61.0,8.03,11.34,253.0,1003.0,1,500,Rain,light rain,10d
2025-07-19 15:34:21,Vinh Long,Vinh Long,30.78,30.78,30.78,73.0,37.78,10000.0,0.15,74.0,7.25,10.78,256.0,1003.0,1,500,Rain,light rain,10d
2025-07-19 15:38:11,Vinh Long,Vinh Long,30.78,30.78,30.78,73.0,37.78,10000.0,0.15,74.0,7.25,10.78,256.0,1003.0,1,500,Rain,light rain,10d
2025-07-19 15:42:01,Vinh Long,Vinh Long,30.78,30.78,30.78,73.0,37.78,10000.0,0.26,74.0,7.25,10.78,256.0,1003.0,1,500,Rain,light rain,10d
2025-07-19 15:45:51,Vinh Long,Vinh Long,30.78,30.78,30.78,73.0,37.78,10000.0,0.23,74.0,7.25,10.78,256.0,1003.0,1,500,Rain,light rain,10d
2025-07-19 15:49:41,Vinh Long,Vinh Long,30.78,30.78,30.78,73.0,37.78,10000.0,0.23,74.0,7.25,10.78,256.0,1003.0,1,500,Rain,light rain,10d
2025-07-19 15:53:31,Vinh Long,Vinh Long,30.88,30.88,30.88,72.0,37.88,10000.0,0.29,74.0,7.25,10.78,256.0,1003.0,1,500,Rain,light rain,10d
2025-07-19 15:57:21,Vinh Long,Vinh Long,30.88,30.88,30.88,72.0,37.88,10000.0,0.2,74.0,7.25,10.78,256.0,1003.0,1,500,Rain,light rain,10d
2025-07-19 16:01:11,Vinh Long,Vinh Long,30.88,30.88,30.88,72.0,37.88,10000.0,0.2,74.0,7.25,10.78,256.0,1003.0,1,500,Rain,light rain,10d
2025-07-19 16:05:01,Vinh Long,Vinh Long,30.78,30.78,30.78,80.0,37.78,10000.0,0.0,74.0,7.25,10.78,256.0,1003.0,1,803,Clouds,broken clouds,04d
2025-07-19 16:08:50,Vinh Long,Vinh Long,30.78,30.78,30.78,80.0,37.78,10000.0,0.0,74.0,7.25,10.78,256.0,1003.0,1,803,Clouds,broken clouds,04d
2025-07-19 16:12:41,Vinh Long,Vinh Long,30.78,30.78,30.78,80.0,37.78,10000.0,0.1,74.0,7.25,10.78,256.0,1003.0,1,500,Rain,light rain,10d
2025-07-19 16:16:31,Vinh Long,Vinh Long,30.78,30.78,30.78,80.0,37.78,10000.0,0.38,74.0,7.25,10.78,256.0,1003.0,1,500,Rain,light rain,10d
2025-07-19 16:20:21,Vinh Long,Vinh Long,30.78,30.78,30.78,80.0,37.78,10000.0,0.1,74.0,7.25,10.78,256.0,1003.0,1,500,Rain,light rain,10d
2025-07-19 16:24:13,Vinh Long,Vinh Long,30.75,30.75,30.75,80.0,37.75,10000.0,0.53,74.0,7.25,10.78,256.0,1003.0,1,500,Rain,light rain,10d
2025-07-19 16:28:03,Vinh Long,Vinh Long,30.75,30.75,30.75,80.0,37.75,10000.0,0.53,74.0,7.25,10.78,256.0,1003.0,1,500,Rain,light rain,10d
2025-07-19 16:31:52,Vinh Long,Vinh Long,29.16,29.16,29.16,76.0,34.31,10000.0,0.67,81.0,6.14,10.04,255.0,1003.0,1,500,Rain,light rain,10d
2025-07-19 16:35:42,Vinh Long,Vinh Long,29.16,29.16,29.16,76.0,34.31,10000.0,0.67,81.0,6.14,10.04,255.0,1003.0,1,500,Rain,light rain,10d
2025-07-19 16:39:32,Vinh Long,Vinh Long,29.16,29.16,29.16,77.0,34.52,10000.0,0.9,81.0,6.14,10.04,255.0,1003.0,1,500,Rain,light rain,10d
2025-07-19 16:43:22,Vinh Long,Vinh Long,29.16,29.16,29.16,77.0,34.52,10000.0,0.9,81.0,6.14,10.04,255.0,1003.0,1,500,Rain,light rain,10d
2025-07-19 16:47:13,Vinh Long,Vinh Long,29.16,29.16,29.16,77.0,34.52,10000.0,1.12,81.0,6.14,10.04,255.0,1003.0,1,501,Rain,moderate rain,10d
2025-07-19 16:51:02,Vinh Long,Vinh Long,29.16,29.16,29.16,77.0,34.52,10000.0,0.9,81.0,6.14,10.04,255.0,1003.0,1,500,Rain,light rain,10d
2025-07-19 16:54:52,Vinh Long,Vinh Long,29.16,29.16,29.16,77.0,34.52,10000.0,1.12,81.0,6.14,10.04,255.0,1003.0,1,501,Rain,moderate rain,10d
2025-07-19 16:58:41,Vinh Long,Vinh Long,29.1,29.1,29.1,76.0,34.15,10000.0,0.9,81.0,6.14,10.04,255.0,1003.0,1,500,Rain,light rain,10d
2025-07-19 17:02:31,Vinh Long,Vinh Long,29.1,29.1,29.1,76.0,34.15,10000.0,0.9,81.0,6.14,10.04,255.0,1003.0,1,500,Rain,light rain,10d
2025-07-19 17:06:22,Vinh Long,Vinh Long,29.06,29.06,29.06,83.0,35.59,10000.0,0.65,81.0,6.14,10.04,255.0,1003.0,1,500,Rain,light rain,10d
2025-07-19 17:10:13,Vinh Long,Vinh Long,29.06,29.06,29.06,83.0,35.59,10000.0,0.65,81.0,6.14,10.04,255.0,1003.0,1,500,Rain,light rain,10d
2025-07-19 17:14:04,Vinh Long,Vinh Long,29.06,29.06,29.06,83.0,35.59,10000.0,0.65,81.0,6.14,10.04,255.0,1003.0,1,500,Rain,light rain,10d
2025-07-19 17:17:53,Vinh Long,Vinh Long,29.06,29.06,29.06,83.0,35.59,10000.0,0.73,81.0,6.14,10.04,255.0,1003.0,1,500,Rain,light rain,10d
2025-07-19 17:21:45,Vinh Long,Vinh Long,29.06,29.06,29.06,83.0,35.59,10000.0,0.73,81.0,6.14,10.04,255.0,1003.0,1,500,Rain,light rain,10d
2025-07-19 17:25:35,Vinh Long,Vinh Long,29.06,29.06,29.06,83.0,35.59,10000.0,0.73,81.0,6.14,10.04,255.0,1003.0,1,500,Rain,light rain,10d
2025-07-19 17:29:26,Vinh Long,Vinh Long,29.06,29.06,29.06,83.0,35.59,10000.0,0.95,81.0,6.14,10.04,255.0,1003.0,1,500,Rain,light rain,10d
2025-07-19 17:33:16,Vinh Long,Vinh Long,29.06,29.06,29.06,83.0,35.59,10000.0,0.95,81.0,6.14,10.04,255.0,1003.0,1,500,Rain,light rain,10d
2025-07-19 17:37:07,Vinh Long,Vinh Long,29.06,29.06,29.06,83.0,35.59,10000.0,0.95,81.0,6.14,10.04,255.0,1003.0,1,500,Rain,light rain,10d
2025-07-19 17:40:57,Vinh Long,Vinh Long,27.89,27.89,27.89,82.0,32.12,10000.0,2.11,85.0,5.13,10.85,257.0,1004.0,1,501,Rain,moderate rain,10d
2025-07-19 17:44:47,Vinh Long,Vinh Long,27.89,27.89,27.89,82.0,32.12,10000.0,2.11,85.0,5.13,10.85,257.0,1004.0,1,501,Rain,moderate rain,10d
2025-07-19 17:48:38,Vinh Long,Vinh Long,27.89,27.89,27.89,82.0,32.12,10000.0,2.11,85.0,5.13,10.85,257.0,1004.0,1,501,Rain,moderate rain,10d
2025-07-19 17:52:27,Vinh Long,Vinh Long,27.89,27.89,27.89,82.0,32.12,10000.0,2.11,85.0,5.13,10.85,257.0,1004.0,1,501,Rain,moderate rain,10d
2025-07-19 17:56:17,Vinh Long,Vinh Long,27.89,27.89,27.89,81.0,31.97,10000.0,1.73,85.0,5.13,10.85,257.0,1004.0,1,501,Rain,moderate rain,10d
2025-07-19 18:00:10,Vinh Long,Vinh Long,27.89,27.89,27.89,81.0,31.97,10000.0,1.64,85.0,5.13,10.85,257.0,1004.0,1,501,Rain,moderate rain,10d
2025-07-19 18:04:00,Vinh Long,Vinh Long,27.89,27.89,27.89,81.0,31.97,10000.0,1.64,85.0,5.13,10.85,257.0,1004.0,1,501,Rain,moderate rain,10d
2025-07-19 18:07:53,Vinh Long,Vinh Long,27.89,27.89,27.89,86.0,32.75,10000.0,0.55,85.0,5.13,10.85,257.0,1004.0,1,500,Rain,light rain,10d
2025-07-19 18:11:45,Vinh Long,Vinh Long,27.89,27.89,27.89,86.0,32.75,10000.0,0.55,85.0,5.13,10.85,257.0,1004.0,1,500,Rain,light rain,10d
2025-07-19 18:15:36,Vinh Long,Vinh Long,27.89,27.89,27.89,86.0,32.75,10000.0,0.78,85.0,5.13,10.85,257.0,1004.0,1,500,Rain,light rain,10d
2025-07-19 18:19:29,Vinh Long,Vinh Long,27.89,27.89,27.89,86.0,32.75,10000.0,0.55,85.0,5.13,10.85,257.0,1004.0,1,500,Rain,light rain,10d
2025-07-19 18:23:25,Vinh Long,Vinh Long,27.85,27.85,27.85,86.0,32.63,10000.0,1.69,85.0,5.13,10.85,257.0,1004.0,0,501,Rain,moderate rain,10n
2025-07-19 18:27:18,Vinh Long,Vinh Long,27.85,27.85,27.85,86.0,32.63,10000.0,1.69,85.0,5.13,10.85,257.0,1004.0,0,501,Rain,moderate rain,10n
2025-07-19 18:31:14,Vinh Long,Vinh Long,27.85,27.85,27.85,86.0,32.63,10000.0,1.69,85.0,5.13,10.85,257.0,1004.0,0,501,Rain,moderate rain,10n
2025-07-19 18:35:10,Vinh Long,Vinh Long,27.52,27.52,27.52,83.0,31.31,10000.0,2.51,87.0,4.75,11.16,258.0,1005.0,0,501,Rain,moderate rain,10n
2025-07-19 18:39:06,Vinh Long,Vinh Long,27.52,27.52,27.52,83.0,31.31,10000.0,2.51,87.0,4.75,11.16,258.0,1005.0,0,501,Rain,moderate rain,10n
2025-07-19 18:43:02,Vinh Long,Vinh Long,27.52,27.52,27.52,83.0,31.31,10000.0,1.46,85.0,4.77,10.57,256.0,1005.0,0,501,Rain,moderate rain,10n
2025-07-19 18:46:55,Vinh Long,Vinh Long,27.52,27.52,27.52,83.0,31.31,10000.0,0.97,85.0,4.77,10.57,256.0,1005.0,0,500,Rain,light rain,10n
2025-07-19 18:50:48,Vinh Long,Vinh Long,27.52,27.52,27.52,83.0,31.31,10000.0,1.46,85.0,4.77,10.57,256.0,1005.0,0,501,Rain,moderate rain,10n
2025-07-19 18:54:33,Vinh Long,Vinh Long,27.52,27.52,27.52,83.0,31.31,10000.0,0.77,85.0,4.77,10.57,256.0,1005.0,0,500,Rain,light rain,10n
2025-07-19 18:58:20,Vinh Long,Vinh Long,27.52,27.52,27.52,83.0,31.31,10000.0,0.45,85.0,4.77,10.57,256.0,1005.0,0,500,Rain,light rain,10n
2025-07-19 19:02:08,Vinh Long,Vinh Long,27.52,27.52,27.52,83.0,31.31,10000.0,0.77,85.0,4.77,10.57,256.0,1005.0,0,500,Rain,light rain,10n
2025-07-19 19:05:54,Vinh Long,Vinh Long,27.52,27.52,27.52,83.0,31.31,10000.0,0.45,85.0,4.77,10.57,256.0,1005.0,0,500,Rain,light rain,10n
2025-07-19 19:09:40,Vinh Long,Vinh Long,27.52,27.52,27.52,83.0,31.31,10000.0,0.47,85.0,4.77,10.57,256.0,1005.0,0,500,Rain,light rain,10n
2025-07-19 19:13:25,Vinh Long,Vinh Long,27.52,27.52,27.52,83.0,31.31,10000.0,0.47,85.0,4.77,10.57,256.0,1005.0,0,500,Rain,light rain,10n
2025-07-19 19:17:11,Vinh Long,Vinh Long,27.52,27.52,27.52,83.0,31.31,10000.0,0.47,85.0,4.77,10.57,256.0,1005.0,0,500,Rain,light rain,10n
2025-07-19 19:20:56,Vinh Long,Vinh Long,27.52,27.52,27.52,83.0,31.31,10000.0,0.47,85.0,4.77,10.57,256.0,1005.0,0,500,Rain,light rain,10n
2025-07-19 19:24:42,Vinh Long,Vinh Long,27.52,27.52,27.52,83.0,31.31,10000.0,0.14,85.0,4.77,10.57,256.0,1005.0,0,500,Rain,light rain,10n
2025-07-19 19:28:28,Vinh Long,Vinh Long,27.52,27.52,27.52,83.0,31.31,10000.0,0.14,85.0,4.77,10.57,256.0,1005.0,0,500,Rain,light rain,10n
2025-07-19 19:32:13,Vinh Long,Vinh Long,26.13,26.13,26.13,84.0,26.13,10000.0,0.0,100.0,4.47,10.64,255.0,1005.0,0,804,Clouds,overcast clouds,04n
2025-07-19 19:35:59,Vinh Long,Vinh Long,27.52,27.52,27.52,83.0,31.31,10000.0,0.14,85.0,4.77,10.57,256.0,1005.0,0,500,Rain,light rain,10n
2025-07-19 19:39:44,Vinh Long,Vinh Long,26.13,26.13,26.13,84.0,26.13,10000.0,0.0,100.0,4.47,10.64,255.0,1005.0,0,804,Clouds,overcast clouds,04n
2025-07-19 19:43:30,Vinh Long,Vinh Long,26.13,26.13,26.13,84.0,26.13,10000.0,0.0,100.0,4.47,10.64,255.0,1005.0,0,804,Clouds,overcast clouds,04n
2025-07-19 19:47:16,Vinh Long,Vinh Long,26.13,26.13,26.13,84.0,26.13,10000.0,0.0,100.0,4.47,10.64,255.0,1005.0,0,804,Clouds,overcast clouds,04n
2025-07-19 19:51:02,Vinh Long,Vinh Long,26.13,26.13,26.13,84.0,26.13,10000.0,0.0,100.0,4.47,10.64,255.0,1005.0,0,804,Clouds,overcast clouds,04n
2025-07-19 19:54:48,Vinh Long,Vinh Long,26.13,26.13,26.13,84.0,26.13,10000.0,0.0,100.0,4.47,10.64,255.0,1005.0,0,804,Clouds,overcast clouds,04n
2025-07-19 19:58:33,Vinh Long,Vinh Long,26.13,26.13,26.13,84.0,26.13,10000.0,0.0,100.0,4.47,10.64,255.0,1005.0,0,804,Clouds,overcast clouds,04n
2025-07-19 20:02:19,Vinh Long,Vinh Long,26.13,26.13,26.13,84.0,26.13,10000.0,0.0,100.0,4.47,10.64,255.0,1005.0,0,804,Clouds,overcast clouds,04n
2025-07-19 20:06:07,Vinh Long,Vinh Long,26.13,26.13,26.13,84.0,26.13,10000.0,0.0,100.0,4.47,10.64,255.0,1005.0,0,804,Clouds,overcast clouds,04n
2025-07-19 20:09:53,Vinh Long,Vinh Long,26.2,26.2,26.2,88.0,26.2,10000.0,0.0,100.0,4.47,10.64,255.0,1005.0,0,804,Clouds,overcast clouds,04n
2025-07-19 20:13:39,Vinh Long,Vinh Long,26.2,26.2,26.2,88.0,26.2,10000.0,0.0,100.0,4.47,10.64,255.0,1005.0,0,804,Clouds,overcast clouds,04n
2025-07-19 20:17:26,Vinh Long,Vinh Long,26.19,26.19,26.19,88.0,26.19,10000.0,0.0,100.0,4.47,10.64,255.0,1005.0,0,804,Clouds,overcast clouds,04n
2025-07-19 20:21:12,Vinh Long,Vinh Long,26.19,26.19,26.19,88.0,26.19,10000.0,0.0,100.0,4.47,10.64,255.0,1005.0,0,804,Clouds,overcast clouds,04n
2025-07-19 20:24:57,Vinh Long,Vinh Long,26.19,26.19,26.19,88.0,26.19,10000.0,0.0,100.0,4.47,10.64,255.0,1005.0,0,804,Clouds,overcast clouds,04n
2025-07-19 20:28:43,Vinh Long,Vinh Long,26.19,26.19,26.19,88.0,26.19,10000.0,0.0,100.0,4.47,10.64,255.0,1005.0,0,804,Clouds,overcast clouds,04n
2025-07-19 20:32:28,Vinh Long,Vinh Long,26.19,26.19,26.19,88.0,26.19,10000.0,0.0,100.0,4.47,10.64,255.0,1005.0,0,804,Clouds,overcast clouds,04n
2025-07-19 20:36:16,Vinh Long,Vinh Long,26.19,26.19,26.19,88.0,26.19,10000.0,0.0,100.0,4.47,10.64,255.0,1005.0,0,804,Clouds,overcast clouds,04n
2025-07-19 20:40:01,Vinh Long,Vinh Long,26.2,26.2,26.2,86.0,26.2,10000.0,0.0,100.0,3.71,9.92,251.0,1006.0,0,804,Clouds,overcast clouds,04n
2025-07-19 20:43:47,Vinh Long,Vinh Long,26.2,26.2,26.2,86.0,26.2,10000.0,0.0,100.0,3.71,9.92,251.0,1006.0,0,804,Clouds,overcast clouds,04n
2025-07-19 20:47:35,Vinh Long,Vinh Long,26.21,26.21,26.21,85.0,26.21,10000.0,0.0,100.0,3.71,9.92,251.0,1006.0,0,804,Clouds,overcast clouds,04n
2025-07-19 20:55:21,Vinh Long,Vinh Long,26.21,26.21,26.21,85.0,26.21,10000.0,0.0,100.0,3.71,9.92,251.0,1006.0,0,804,Clouds,overcast clouds,04n
2025-07-19 20:59:08,Vinh Long,Vinh Long,26.21,26.21,26.21,85.0,26.21,10000.0,0.0,100.0,3.71,9.92,251.0,1006.0,0,804,Clouds,overcast clouds,04n
2025-07-19 21:02:53,Vinh Long,Vinh Long,26.21,26.21,26.21,85.0,26.21,10000.0,0.0,100.0,3.71,9.92,251.0,1006.0,0,804,Clouds,overcast clouds,04n
2025-07-19 21:06:40,Vinh Long,Vinh Long,26.24,26.24,26.24,89.0,26.24,10000.0,0.0,100.0,3.71,9.92,251.0,1006.0,0,804,Clouds,overcast clouds,04n
2025-07-19 21:10:37,Vinh Long,Vinh Long,26.24,26.24,26.24,89.0,26.24,10000.0,0.0,100.0,3.71,9.92,251.0,1006.0,0,804,Clouds,overcast clouds,04n
2025-07-19 21:14:26,Vinh Long,Vinh Long,26.24,26.24,26.24,89.0,26.24,10000.0,0.0,100.0,3.71,9.92,251.0,1006.0,0,804,Clouds,overcast clouds,04n
2025-07-19 21:18:15,Vinh Long,Vinh Long,26.24,26.24,26.24,89.0,26.24,10000.0,0.0,100.0,3.71,9.92,251.0,1006.0,0,804,Clouds,overcast clouds,04n
2025-07-19 21:22:06,Vinh Long,Vinh Long,26.24,26.24,26.24,89.0,26.24,10000.0,0.0,100.0,3.71,9.92,251.0,1006.0,0,804,Clouds,overcast clouds,04n
2025-07-19 21:25:55,Vinh Long,Vinh Long,26.24,26.24,26.24,89.0,26.24,10000.0,0.0,100.0,3.71,9.92,251.0,1006.0,0,804,Clouds,overcast clouds,04n
2025-07-19 21:33:24,Vinh Long,Vinh Long,25.6,25.6,25.6,87.0,26.49,10000.0,0.0,100.0,3.61,10.71,258.0,1006.0,0,804,Clouds,overcast clouds,04n
2025-07-19 21:37:14,Vinh Long,Vinh Long,25.6,25.6,25.6,87.0,26.49,10000.0,0.0,100.0,3.61,10.71,258.0,1006.0,0,804,Clouds,overcast clouds,04n
2025-07-19 21:40:59,Vinh Long,Vinh Long,25.6,25.6,25.6,87.0,26.49,10000.0,0.0,100.0,3.61,10.71,258.0,1006.0,0,804,Clouds,overcast clouds,04n
2025-07-19 21:44:49,Vinh Long,Vinh Long,25.6,25.6,25.6,87.0,26.49,10000.0,0.0,100.0,3.61,10.71,258.0,1006.0,0,804,Clouds,overcast clouds,04n
2025-07-19 21:48:35,Vinh Long,Vinh Long,25.6,25.6,25.6,86.0,26.46,10000.0,0.0,100.0,3.61,10.71,258.0,1006.0,0,804,Clouds,overcast clouds,04n
2025-07-19 21:56:06,Vinh Long,Vinh Long,25.6,25.6,25.6,86.0,26.46,10000.0,0.0,100.0,3.61,10.71,258.0,1006.0,0,804,Clouds,overcast clouds,04n
2025-07-19 21:59:52,Vinh Long,Vinh Long,25.6,25.6,25.6,86.0,26.46,10000.0,0.0,100.0,3.61,10.71,258.0,1006.0,0,804,Clouds,overcast clouds,04n
2025-07-19 22:51:08,Vinh Long,Vinh Long,25.8,25.8,25.8,86.0,26.68,10000.0,0.0,100.0,3.83,12.37,252.0,1006.0,0,804,Clouds,overcast clouds,04n
2025-07-20 17:46:42,Vinh Long,Vinh Long,25.31,25.31,25.31,86.0,26.14,10000.0,0.33,100.0,4.43,9.64,257.0,1004.0,1,500,Rain,light rain,10d
2025-07-20 17:50:27,Vinh Long,Vinh Long,25.31,25.31,25.31,86.0,26.14,10000.0,0.4,100.0,4.43,9.64,257.0,1004.0,1,500,Rain,light rain,10d
2025-07-20 17:54:13,Vinh Long,Vinh Long,25.3,25.3,25.3,86.0,26.13,10000.0,0.24,100.0,4.43,9.64,257.0,1004.0,1,500,Rain,light rain,10d
2025-07-20 17:57:58,Vinh Long,Vinh Long,25.3,25.3,25.3,86.0,26.13,10000.0,0.25,100.0,4.43,9.64,257.0,1004.0,1,500,Rain,light rain,10d
2025-07-20 18:01:43,Vinh Long,Vinh Long,25.3,25.3,25.3,86.0,26.13,10000.0,0.24,100.0,4.43,9.64,257.0,1004.0,1,500,Rain,light rain,10d
2025-07-20 18:05:33,Vinh Long,Vinh Long,25.4,25.4,25.4,90.0,26.35,10000.0,0.17,100.0,4.43,9.64,257.0,1004.0,1,500,Rain,light rain,10d
2025-07-20 18:09:18,Vinh Long,Vinh Long,25.4,25.4,25.4,90.0,26.35,10000.0,0.17,100.0,4.43,9.64,257.0,1004.0,1,500,Rain,light rain,10d
2025-07-20 18:13:05,Vinh Long,Vinh Long,25.4,25.4,25.4,90.0,26.35,10000.0,0.17,100.0,4.43,9.64,257.0,1004.0,1,500,Rain,light rain,10d
2025-07-20 18:16:51,Vinh Long,Vinh Long,25.39,25.39,25.39,90.0,26.33,10000.0,0.19,100.0,4.43,9.64,257.0,1004.0,1,500,Rain,light rain,10d
2025-07-20 18:20:37,Vinh Long,Vinh Long,25.39,25.39,25.39,90.0,26.33,10000.0,0.15,100.0,4.43,9.64,257.0,1004.0,1,500,Rain,light rain,10d
2025-07-20 18:24:22,Vinh Long,Vinh Long,25.39,25.39,25.39,90.0,26.33,10000.0,0.15,100.0,4.43,9.64,257.0,1004.0,0,500,Rain,light rain,10d
2025-07-20 18:28:08,Vinh Long,Vinh Long,25.39,25.39,25.39,90.0,26.33,10000.0,0.12,100.0,4.43,9.64,257.0,1004.0,0,500,Rain,light rain,10n
2025-07-20 18:31:55,Vinh Long,Vinh Long,24.47,24.47,24.47,88.0,25.27,10000.0,0.15,100.0,3.87,9.94,253.0,1005.0,0,500,Rain,light rain,10n
2025-07-20 18:35:40,Vinh Long,Vinh Long,24.47,24.47,24.47,88.0,25.27,10000.0,0.15,100.0,3.87,9.94,253.0,1005.0,0,500,Rain,light rain,10n
2025-07-20 18:39:26,Vinh Long,Vinh Long,24.47,24.47,24.47,88.0,25.27,10000.0,0.15,100.0,3.87,9.94,253.0,1005.0,0,500,Rain,light rain,10n
2025-07-20 18:43:12,Vinh Long,Vinh Long,24.47,24.47,24.47,88.0,25.27,10000.0,0.22,100.0,3.5,9.5,250.0,1005.0,0,500,Rain,light rain,10n
2025-07-20 18:46:57,Vinh Long,Vinh Long,24.47,24.47,24.47,88.0,25.27,10000.0,0.29,100.0,3.5,9.5,250.0,1005.0,0,500,Rain,light rain,10n
2025-07-20 18:50:42,Vinh Long,Vinh Long,24.47,24.47,24.47,88.0,25.27,10000.0,0.22,100.0,3.5,9.5,250.0,1005.0,0,500,Rain,light rain,10n
2025-07-20 18:54:28,Vinh Long,Vinh Long,24.47,24.47,24.47,88.0,25.27,10000.0,0.32,100.0,3.5,9.5,250.0,1005.0,0,500,Rain,light rain,10n
2025-07-20 18:58:13,Vinh Long,Vinh Long,24.47,24.47,24.47,88.0,25.27,10000.0,0.4,100.0,3.5,9.5,250.0,1005.0,0,500,Rain,light rain,10n
2025-07-20 19:01:58,Vinh Long,Vinh Long,24.47,24.47,24.47,88.0,25.27,10000.0,0.4,100.0,3.5,9.5,250.0,1005.0,0,500,Rain,light rain,10n
2025-07-20 19:05:46,Vinh Long,Vinh Long,24.47,24.47,24.47,88.0,25.27,10000.0,0.58,100.0,3.5,9.5,250.0,1005.0,0,500,Rain,light rain,10n
2025-07-20 19:09:31,Vinh Long,Vinh Long,24.47,24.47,24.47,88.0,25.27,10000.0,0.58,100.0,3.5,9.5,250.0,1005.0,0,500,Rain,light rain,10n
2025-07-20 19:13:16,Vinh Long,Vinh Long,24.47,24.47,24.47,88.0,25.27,10000.0,0.58,100.0,3.5,9.5,250.0,1005.0,0,500,Rain,light rain,10n
2025-07-20 19:17:06,Vinh Long,Vinh Long,24.47,24.47,24.47,88.0,25.27,10000.0,0.65,100.0,3.5,9.5,250.0,1005.0,0,500,Rain,light rain,10n
2025-07-20 19:20:52,Vinh Long,Vinh Long,24.47,24.47,24.47,88.0,25.27,10000.0,0.7,100.0,3.5,9.5,250.0,1005.0,0,500,Rain,light rain,10n
2025-07-20 19:24:37,Vinh Long,Vinh Long,24.47,24.47,24.47,88.0,25.27,10000.0,0.7,100.0,3.5,9.5,250.0,1005.0,0,500,Rain,light rain,10n
2025-07-20 19:28:22,Vinh Long,Vinh Long,24.47,24.47,24.47,88.0,25.27,10000.0,0.7,100.0,3.5,9.5,250.0,1005.0,0,500,Rain,light rain,10n
2025-07-20 19:32:09,Vinh Long,Vinh Long,24.79,24.79,24.79,88.0,25.62,10000.0,0.23,100.0,3.23,9.9,242.0,1005.0,0,500,Rain,light rain,10n
2025-07-20 19:35:55,Vinh Long,Vinh Long,24.79,24.79,24.79,88.0,25.62,10000.0,0.0,100.0,3.23,9.9,242.0,1005.0,0,804,Clouds,overcast clouds,04n
2025-07-20 19:39:41,Vinh Long,Vinh Long,24.99,24.99,24.99,89.0,25.87,10000.0,0.0,100.0,3.23,9.9,242.0,1006.0,0,804,Clouds,overcast clouds,04n
2025-07-20 19:43:26,Vinh Long,Vinh Long,24.99,24.99,24.99,89.0,25.87,10000.0,0.0,100.0,3.23,9.9,242.0,1006.0,0,804,Clouds,overcast clouds,04n
2025-07-20 19:47:12,Vinh Long,Vinh Long,24.99,24.99,24.99,89.0,25.87,10000.0,0.0,100.0,3.23,9.9,242.0,1006.0,0,804,Clouds,overcast clouds,04n
2025-07-20 19:51:00,Vinh Long,Vinh Long,24.97,24.97,24.97,89.0,25.85,10000.0,0.0,100.0,3.23,9.9,242.0,1006.0,0,804,Clouds,overcast clouds,04n
2025-07-20 19:54:46,Vinh Long,Vinh Long,24.97,24.97,24.97,89.0,25.85,10000.0,0.0,100.0,3.23,9.9,242.0,1006.0,0,804,Clouds,overcast clouds,04n
2025-07-20 19:58:31,Vinh Long,Vinh Long,24.97,24.97,24.97,89.0,25.85,10000.0,0.0,100.0,3.23,9.9,242.0,1006.0,0,804,Clouds,overcast clouds,04n
2025-07-20 20:02:18,Vinh Long,Vinh Long,25.08,25.08,25.08,92.0,26.05,10000.0,0.0,100.0,3.23,9.9,242.0,1005.0,0,804,Clouds,overcast clouds,04n
2025-07-20 20:06:05,Vinh Long,Vinh Long,25.08,25.08,25.08,92.0,26.05,10000.0,0.0,100.0,3.23,9.9,242.0,1005.0,0,804,Clouds,overcast clouds,04n
2025-07-20 20:09:52,Vinh Long,Vinh Long,25.08,25.08,25.08,92.0,26.05,10000.0,0.0,100.0,3.23,9.9,242.0,1005.0,0,804,Clouds,overcast clouds,04n
2025-07-20 20:13:38,Vinh Long,Vinh Long,25.08,25.08,25.08,92.0,26.05,10000.0,0.0,100.0,3.23,9.9,242.0,1005.0,0,804,Clouds,overcast clouds,04n
2025-07-20 20:17:23,Vinh Long,Vinh Long,25.08,25.08,25.08,92.0,26.05,10000.0,0.0,100.0,3.23,9.9,242.0,1005.0,0,804,Clouds,overcast clouds,04n
2025-07-20 20:21:09,Vinh Long,Vinh Long,25.07,25.07,25.07,92.0,26.03,10000.0,0.0,100.0,3.23,9.9,242.0,1005.0,0,804,Clouds,overcast clouds,04n
2025-07-20 20:24:55,Vinh Long,Vinh Long,25.07,25.07,25.07,92.0,26.03,10000.0,0.0,100.0,3.23,9.9,242.0,1005.0,0,804,Clouds,overcast clouds,04n
2025-07-20 20:28:41,Vinh Long,Vinh Long,25.07,25.07,25.07,92.0,26.03,10000.0,0.0,100.0,3.23,9.9,242.0,1005.0,0,804,Clouds,overcast clouds,04n
2025-07-20 20:32:29,Vinh Long,Vinh Long,25.2,25.2,25.2,91.0,26.15,10000.0,0.0,100.0,3.27,11.27,241.0,1006.0,0,804,Clouds,overcast clouds,04n
2025-07-20 20:36:15,Vinh Long,Vinh Long,25.2,25.2,25.2,91.0,26.15,10000.0,0.0,100.0,3.27,11.27,241.0,1006.0,0,804,Clouds,overcast clouds,04n
2025-07-20 20:40:03,Vinh Long,Vinh Long,25.2,25.2,25.2,91.0,26.15,10000.0,0.0,100.0,3.27,11.27,241.0,1006.0,0,804,Clouds,overcast clouds,04n
2025-07-20 20:43:48,Vinh Long,Vinh Long,25.2,25.2,25.2,91.0,26.15,10000.0,0.0,100.0,3.27,11.27,241.0,1006.0,0,804,Clouds,overcast clouds,04n
2025-07-20 20:47:35,Vinh Long,Vinh Long,25.15,25.15,25.15,90.0,26.07,10000.0,0.0,100.0,3.27,11.27,241.0,1007.0,0,804,Clouds,overcast clouds,04n
2025-07-20 20:51:23,Vinh Long,Vinh Long,25.15,25.15,25.15,90.0,26.07,10000.0,0.0,100.0,3.27,11.27,241.0,1007.0,0,804,Clouds,overcast clouds,04n
2025-07-20 20:55:11,Vinh Long,Vinh Long,25.15,25.15,25.15,90.0,26.07,10000.0,0.0,100.0,3.27,11.27,241.0,1007.0,0,804,Clouds,overcast clouds,04n
2025-07-20 20:58:57,Vinh Long,Vinh Long,25.15,25.15,25.15,90.0,26.07,10000.0,0.0,100.0,3.27,11.27,241.0,1007.0,0,804,Clouds,overcast clouds,04n
2025-07-20 21:02:43,Vinh Long,Vinh Long,25.15,25.15,25.15,90.0,26.07,10000.0,0.0,100.0,3.27,11.27,241.0,1007.0,0,804,Clouds,overcast clouds,04n
2025-07-20 21:06:30,Vinh Long,Vinh Long,25.15,25.15,25.15,90.0,26.07,10000.0,0.0,100.0,3.27,11.27,241.0,1007.0,0,804,Clouds,overcast clouds,04n
2025-07-20 21:10:16,Vinh Long,Vinh Long,25.21,25.21,25.21,93.0,26.21,10000.0,1.78,100.0,3.27,11.27,241.0,1007.0,0,501,Rain,moderate rain,10n
2025-07-20 21:14:31,Vinh Long,Vinh Long,25.21,25.21,25.21,93.0,26.21,10000.0,0.56,100.0,3.27,11.27,241.0,1007.0,0,500,Rain,light rain,10n
2025-07-20 21:18:19,Vinh Long,Vinh Long,25.21,25.21,25.21,93.0,26.21,10000.0,0.56,100.0,3.27,11.27,241.0,1007.0,0,500,Rain,light rain,10n
2025-07-20 21:22:06,Vinh Long,Vinh Long,25.2,25.2,25.2,93.0,26.2,10000.0,0.36,100.0,3.27,11.27,241.0,1007.0,0,500,Rain,light rain,10n
2025-07-20 21:25:55,Vinh Long,Vinh Long,25.2,25.2,25.2,93.0,26.2,10000.0,0.3,100.0,3.27,11.27,241.0,1007.0,0,500,Rain,light rain,10n
2025-07-20 21:29:42,Vinh Long,Vinh Long,25.2,25.2,25.2,93.0,26.2,10000.0,0.36,100.0,3.27,11.27,241.0,1007.0,0,500,Rain,light rain,10n
2025-07-20 21:33:31,Vinh Long,Vinh Long,24.91,24.91,24.91,91.0,25.83,10000.0,0.67,100.0,3.85,12.0,240.0,1007.0,0,500,Rain,light rain,10n
2025-07-20 21:40:59,Vinh Long,Vinh Long,24.91,24.91,24.91,91.0,25.83,10000.0,0.67,100.0,3.85,12.0,240.0,1007.0,0,500,Rain,light rain,10n
2025-07-20 21:44:46,Vinh Long,Vinh Long,24.91,24.91,24.91,91.0,25.83,10000.0,0.75,100.0,3.85,12.0,240.0,1007.0,0,500,Rain,light rain,10n
2025-07-20 21:48:32,Vinh Long,Vinh Long,24.91,24.91,24.91,91.0,25.83,10000.0,0.75,100.0,3.85,12.0,240.0,1007.0,0,500,Rain,light rain,10n
2025-07-20 21:52:18,Vinh Long,Vinh Long,24.91,24.91,24.91,91.0,25.83,10000.0,0.75,100.0,3.85,12.0,240.0,1007.0,0,500,Rain,light rain,10n
2025-07-20 21:59:54,Vinh Long,Vinh Long,24.92,24.92,24.92,90.0,25.82,10000.0,0.87,100.0,3.85,12.0,240.0,1007.0,0,500,Rain,light rain,10n
2025-07-20 22:03:40,Vinh Long,Vinh Long,24.92,24.92,24.92,90.0,25.82,10000.0,0.87,100.0,3.85,12.0,240.0,1007.0,0,500,Rain,light rain,10n
2025-07-20 22:07:42,Vinh Long,Vinh Long,24.93,24.93,24.93,93.0,25.91,10000.0,1.32,100.0,3.85,12.0,240.0,1008.0,0,501,Rain,moderate rain,10n
2025-07-20 22:11:36,Vinh Long,Vinh Long,24.93,24.93,24.93,93.0,25.91,10000.0,1.32,100.0,3.85,12.0,240.0,1008.0,0,501,Rain,moderate rain,10n
2025-07-20 22:20:01,Vinh Long,Vinh Long,24.9,24.9,24.9,93.0,25.87,10000.0,0.65,100.0,3.85,12.0,240.0,1008.0,0,500,Rain,light rain,10n
2025-07-20 22:28:04,Vinh Long,Vinh Long,24.9,24.9,24.9,93.0,25.87,10000.0,0.65,100.0,3.85,12.0,240.0,1008.0,0,500,Rain,light rain,10n
2025-07-20 22:55:41,Vinh Long,Vinh Long,24.32,24.32,24.32,94.0,25.26,5357.0,0.39,100.0,4.01,12.18,244.0,1007.0,0,500,Rain,light rain,10n
2025-07-20 22:59:38,Vinh Long,Vinh Long,24.32,24.32,24.32,94.0,25.26,5357.0,0.39,100.0,4.01,12.18,244.0,1007.0,0,500,Rain,light rain,10n
2025-07-20 23:38:00,Vinh Long,Vinh Long,24.47,24.47,24.47,94.0,25.43,10000.0,0.21,100.0,3.96,11.99,247.0,1007.0,0,500,Rain,light rain,10n
2025-07-21 08:38:58,Vinh Long,Vinh Long,27.2,27.2,27.2,86.0,30.85,10000.0,0.17,100.0,5.88,12.74,258.0,1008.0,1,500,Rain,light rain,10d
2025-07-21 09:20:50,Vinh Long,Vinh Long,27.32,27.32,27.32,87.0,31.29,10000.0,0.0,100.0,5.88,12.74,258.0,1008.0,1,804,Clouds,overcast clouds,04d
2025-07-21 09:25:33,Vinh Long,Vinh Long,27.32,27.32,27.32,87.0,31.29,10000.0,0.0,100.0,5.88,12.74,258.0,1008.0,1,804,Clouds,overcast clouds,04d
2025-07-21 09:37:14,Vinh Long,Vinh Long,28.27,28.27,28.27,82.0,33.13,10000.0,0.0,100.0,6.63,14.69,256.0,1008.0,1,804,Clouds,overcast clouds,04d
2025-07-21 09:41:08,Vinh Long,Vinh Long,28.27,28.27,28.27,82.0,33.13,10000.0,0.0,100.0,6.63,14.69,256.0,1008.0,1,804,Clouds,overcast clouds,04d
2025-07-21 09:44:56,Vinh Long,Vinh Long,28.27,28.27,28.27,82.0,33.13,10000.0,0.0,100.0,6.63,14.69,256.0,1008.0,1,804,Clouds,overcast clouds,04d
2025-07-21 09:48:57,Vinh Long,Vinh Long,28.48,28.48,28.48,79.0,33.15,10000.0,0.0,100.0,6.63,14.69,256.0,1008.0,1,804,Clouds,overcast clouds,04d
2025-07-21 09:53:11,Vinh Long,Vinh Long,28.48,28.48,28.48,79.0,33.15,10000.0,0.0,100.0,6.63,14.69,256.0,1008.0,1,804,Clouds,overcast clouds,04d
2025-07-21 09:57:27,Vinh Long,Vinh Long,28.48,28.48,28.48,79.0,33.15,10000.0,0.0,100.0,6.63,14.69,256.0,1008.0,1,804,Clouds,overcast clouds,04d
2025-07-21 10:05:11,Vinh Long,Vinh Long,28.53,28.53,28.53,83.0,34.04,10000.0,0.0,100.0,6.63,14.69,256.0,1008.0,1,804,Clouds,overcast clouds,04d
2025-07-21 10:08:57,Vinh Long,Vinh Long,28.53,28.53,28.53,83.0,34.04,10000.0,0.0,100.0,6.63,14.69,256.0,1008.0,1,804,Clouds,overcast clouds,04d
2025-07-21 10:12:43,Vinh Long,Vinh Long,28.53,28.53,28.53,83.0,34.04,10000.0,0.0,100.0,6.63,14.69,256.0,1008.0,1,804,Clouds,overcast clouds,04d
2025-07-21 10:16:30,Vinh Long,Vinh Long,28.52,28.52,28.52,83.0,34.01,10000.0,0.0,100.0,6.63,14.69,256.0,1008.0,1,804,Clouds,overcast clouds,04d
2025-07-21 10:20:16,Vinh Long,Vinh Long,28.52,28.52,28.52,83.0,34.01,10000.0,0.0,100.0,6.63,14.69,256.0,1008.0,1,804,Clouds,overcast clouds,04d
2025-07-21 10:24:03,Vinh Long,Vinh Long,28.52,28.52,28.52,83.0,34.01,10000.0,0.0,100.0,6.63,14.69,256.0,1008.0,1,804,Clouds,overcast clouds,04d
2025-07-21 10:27:49,Vinh Long,Vinh Long,28.52,28.52,28.52,83.0,34.01,10000.0,0.0,100.0,6.63,14.69,256.0,1008.0,1,804,Clouds,overcast clouds,04d
2025-07-21 10:31:36,Vinh Long,Vinh Long,29.25,29.25,29.25,76.0,34.54,10000.0,0.0,100.0,7.14,15.16,254.0,1007.0,1,804,Clouds,overcast clouds,04d
2025-07-21 10:35:22,Vinh Long,Vinh Long,29.25,29.25,29.25,76.0,34.54,10000.0,0.0,100.0,7.14,15.16,254.0,1007.0,1,804,Clouds,overcast clouds,04d
2025-07-21 10:39:07,Vinh Long,Vinh Long,29.25,29.25,29.25,76.0,34.54,10000.0,0.0,100.0,7.14,15.16,254.0,1007.0,1,804,Clouds,overcast clouds,04d
2025-07-21 10:43:10,Vinh Long,Vinh Long,29.25,29.25,29.25,76.0,34.54,10000.0,0.0,100.0,7.14,15.16,254.0,1007.0,1,804,Clouds,overcast clouds,04d
2025-07-21 10:46:58,Vinh Long,Vinh Long,29.25,29.25,29.25,76.0,34.54,10000.0,0.0,100.0,7.14,15.16,254.0,1007.0,1,804,Clouds,overcast clouds,04d
2025-07-21 10:50:43,Vinh Long,Vinh Long,29.25,29.25,29.25,76.0,34.54,10000.0,0.0,100.0,7.14,15.16,254.0,1007.0,1,804,Clouds,overcast clouds,04d
2025-07-21 10:54:30,Vinh Long,Vinh Long,29.33,29.33,29.33,72.0,33.88,10000.0,0.0,100.0,7.14,15.16,254.0,1007.0,1,804,Clouds,overcast clouds,04d
2025-07-21 10:58:18,Vinh Long,Vinh Long,29.33,29.33,29.33,72.0,33.88,10000.0,0.0,100.0,7.14,15.16,254.0,1007.0,1,804,Clouds,overcast clouds,04d
2025-07-21 11:02:05,Vinh Long,Vinh Long,29.33,29.33,29.33,72.0,33.88,10000.0,0.0,100.0,7.14,15.16,254.0,1007.0,1,804,Clouds,overcast clouds,04d
2025-07-21 11:05:51,Vinh Long,Vinh Long,29.36,29.36,29.36,74.0,34.38,10000.0,0.0,100.0,7.14,15.16,254.0,1007.0,1,804,Clouds,overcast clouds,04d
2025-07-21 11:09:38,Vinh Long,Vinh Long,29.36,29.36,29.36,74.0,34.38,10000.0,0.0,100.0,7.14,15.16,254.0,1007.0,1,804,Clouds,overcast clouds,04d
2025-07-21 11:13:24,Vinh Long,Vinh Long,29.36,29.36,29.36,74.0,34.38,10000.0,0.0,100.0,7.14,15.16,254.0,1007.0,1,804,Clouds,overcast clouds,04d
2025-07-21 11:17:09,Vinh Long,Vinh Long,29.39,29.39,29.39,74.0,34.46,10000.0,0.0,100.0,7.14,15.16,254.0,1007.0,1,804,Clouds,overcast clouds,04d
2025-07-21 11:20:56,Vinh Long,Vinh Long,29.39,29.39,29.39,74.0,34.46,10000.0,0.0,100.0,7.14,15.16,254.0,1007.0,1,804,Clouds,overcast clouds,04d
2025-07-21 11:24:42,Vinh Long,Vinh Long,29.39,29.39,29.39,74.0,34.46,10000.0,0.0,100.0,7.14,15.16,254.0,1007.0,1,804,Clouds,overcast clouds,04d
2025-07-21 11:28:27,Vinh Long,Vinh Long,29.39,29.39,29.39,74.0,34.46,10000.0,0.0,100.0,7.14,15.16,254.0,1007.0,1,804,Clouds,overcast clouds,04d
2025-07-21 11:32:14,Vinh Long,Vinh Long,30.04,30.04,30.04,69.0,34.89,10000.0,0.0,100.0,7.95,15.22,258.0,1007.0,1,804,Clouds,overcast clouds,04d
2025-07-21 11:36:00,Vinh Long,Vinh Long,30.04,30.04,30.04,69.0,34.89,10000.0,0.0,100.0,7.95,15.22,258.0,1007.0,1,804,Clouds,overcast clouds,04d
2025-07-21 11:39:46,Vinh Long,Vinh Long,30.04,30.04,30.04,69.0,34.89,10000.0,0.0,100.0,7.95,15.22,258.0,1007.0,1,804,Clouds,overcast clouds,04d
2025-07-21 11:43:32,Vinh Long,Vinh Long,30.04,30.04,30.04,69.0,34.89,10000.0,0.0,100.0,7.95,15.22,258.0,1007.0,1,804,Clouds,overcast clouds,04d
2025-07-21 11:47:18,Vinh Long,Vinh Long,30.04,30.04,30.04,69.0,34.89,10000.0,0.0,100.0,7.95,15.22,258.0,1007.0,1,804,Clouds,overcast clouds,04d
2025-07-21 11:51:04,Vinh Long,Vinh Long,30.04,30.04,30.04,69.0,34.89,10000.0,0.0,100.0,7.95,15.22,258.0,1007.0,1,804,Clouds,overcast clouds,04d
2025-07-21 11:54:50,Vinh Long,Vinh Long,29.99,29.99,29.99,67.0,34.31,10000.0,0.0,100.0,7.95,15.22,258.0,1007.0,1,804,Clouds,overcast clouds,04d
2025-07-21 11:58:35,Vinh Long,Vinh Long,29.99,29.99,29.99,67.0,34.31,10000.0,0.0,100.0,7.95,15.22,258.0,1007.0,1,804,Clouds,overcast clouds,04d
2025-07-21 12:02:22,Vinh Long,Vinh Long,30.02,30.02,30.02,70.0,35.09,10000.0,0.0,100.0,7.95,15.22,258.0,1007.0,1,804,Clouds,overcast clouds,04d
2025-07-21 12:06:08,Vinh Long,Vinh Long,30.02,30.02,30.02,70.0,35.09,10000.0,0.0,100.0,7.95,15.22,258.0,1007.0,1,804,Clouds,overcast clouds,04d
2025-07-21 12:09:53,Vinh Long,Vinh Long,30.02,30.02,30.02,70.0,35.09,10000.0,0.0,100.0,7.95,15.22,258.0,1007.0,1,804,Clouds,overcast clouds,04d
2025-07-21 12:13:38,Vinh Long,Vinh Long,30.02,30.02,30.02,70.0,35.09,10000.0,0.0,100.0,7.95,15.22,258.0,1007.0,1,804,Clouds,overcast clouds,04d
2025-07-21 12:17:24,Vinh Long,Vinh Long,30.04,30.04,30.04,70.0,35.14,10000.0,0.0,100.0,7.95,15.22,258.0,1007.0,1,804,Clouds,overcast clouds,04d
2025-07-21 12:21:10,Vinh Long,Vinh Long,30.04,30.04,30.04,70.0,35.14,10000.0,0.16,100.0,7.95,15.22,258.0,1007.0,1,500,Rain,light rain,10d
2025-07-21 12:24:55,Vinh Long,Vinh Long,30.04,30.04,30.04,70.0,35.14,10000.0,0.16,100.0,7.95,15.22,258.0,1007.0,1,500,Rain,light rain,10d
2025-07-21 12:28:41,Vinh Long,Vinh Long,30.04,30.04,30.04,70.0,35.14,10000.0,0.35,100.0,7.95,15.22,258.0,1007.0,1,500,Rain,light rain,10d
2025-07-21 12:32:27,Vinh Long,Vinh Long,30.66,30.66,30.66,66.0,35.62,10000.0,0.37,100.0,8.2,14.56,252.0,1006.0,1,500,Rain,light rain,10d
2025-07-21 12:36:13,Vinh Long,Vinh Long,30.66,30.66,30.66,66.0,35.62,10000.0,0.37,100.0,8.2,14.56,252.0,1006.0,1,500,Rain,light rain,10d
2025-07-21 12:39:58,Vinh Long,Vinh Long,30.66,30.66,30.66,66.0,35.62,10000.0,0.37,100.0,8.2,14.56,252.0,1006.0,1,500,Rain,light rain,10d
2025-07-21 12:43:44,Vinh Long,Vinh Long,30.66,30.66,30.66,66.0,35.62,10000.0,0.65,100.0,8.2,14.56,252.0,1006.0,1,500,Rain,light rain,10d
2025-07-21 12:47:30,Vinh Long,Vinh Long,30.62,30.62,30.62,65.0,35.26,10000.0,0.75,100.0,8.2,14.56,252.0,1006.0,1,500,Rain,light rain,10d
2025-07-21 12:51:15,Vinh Long,Vinh Long,30.62,30.62,30.62,65.0,35.26,10000.0,0.75,100.0,8.2,14.56,252.0,1006.0,1,500,Rain,light rain,10d
2025-07-21 12:55:01,Vinh Long,Vinh Long,30.62,30.62,30.62,65.0,35.26,10000.0,0.87,100.0,8.2,14.56,252.0,1006.0,1,500,Rain,light rain,10d
2025-07-21 12:58:46,Vinh Long,Vinh Long,30.62,30.62,30.62,65.0,35.26,10000.0,0.87,100.0,8.2,14.56,252.0,1006.0,1,500,Rain,light rain,10d
2025-07-21 13:02:32,Vinh Long,Vinh Long,30.62,30.62,30.62,65.0,35.26,10000.0,1.33,100.0,7.9,13.8,246.0,1006.0,1,501,Rain,moderate rain,10d
2025-07-21 13:06:17,Vinh Long,Vinh Long,30.62,30.62,30.62,65.0,35.26,10000.0,1.33,100.0,7.9,13.8,246.0,1006.0,1,501,Rain,moderate rain,10d
2025-07-21 13:10:05,Vinh Long,Vinh Long,30.62,30.62,30.62,65.0,35.26,10000.0,1.15,100.0,7.9,13.8,246.0,1006.0,1,501,Rain,moderate rain,10d
2025-07-21 13:13:50,Vinh Long,Vinh Long,30.62,30.62,30.62,65.0,35.26,10000.0,1.15,100.0,7.9,13.8,246.0,1006.0,1,501,Rain,moderate rain,10d
2025-07-21 13:17:36,Vinh Long,Vinh Long,30.62,30.62,30.62,65.0,35.26,10000.0,1.15,100.0,7.9,13.8,246.0,1006.0,1,501,Rain,moderate rain,10d
2025-07-21 13:21:22,Vinh Long,Vinh Long,30.62,30.62,30.62,65.0,35.26,10000.0,1.12,100.0,7.9,13.8,246.0,1006.0,1,501,Rain,moderate rain,10d
2025-07-21 13:25:08,Vinh Long,Vinh Long,30.62,30.62,30.62,65.0,35.26,10000.0,1.12,100.0,7.9,13.8,246.0,1006.0,1,501,Rain,moderate rain,10d
2025-07-21 13:28:53,Vinh Long,Vinh Long,30.62,30.62,30.62,65.0,35.26,10000.0,1.07,100.0,7.9,13.8,246.0,1006.0,1,501,Rain,moderate rain,10d
2025-07-21 13:32:39,Vinh Long,Vinh Long,31.42,31.42,31.42,62.0,36.31,10000.0,0.98,99.0,8.21,14.02,253.0,1006.0,1,500,Rain,light rain,10d
2025-07-21 13:36:24,Vinh Long,Vinh Long,31.42,31.42,31.42,62.0,36.31,10000.0,0.98,99.0,8.21,14.02,253.0,1006.0,1,500,Rain,light rain,10d
2025-07-21 13:40:10,Vinh Long,Vinh Long,31.42,31.42,31.42,62.0,36.31,10000.0,0.75,99.0,8.21,14.02,253.0,1006.0,1,500,Rain,light rain,10d
2025-07-21 13:43:56,Vinh Long,Vinh Long,31.42,31.42,31.42,62.0,36.31,10000.0,0.75,99.0,8.21,14.02,253.0,1006.0,1,500,Rain,light rain,10d
2025-07-21 13:47:41,Vinh Long,Vinh Long,31.42,31.42,31.42,62.0,36.31,10000.0,0.75,99.0,8.21,14.02,253.0,1006.0,1,500,Rain,light rain,10d
2025-07-21 13:51:26,Vinh Long,Vinh Long,31.42,31.42,31.42,62.0,36.31,10000.0,0.75,99.0,8.21,14.02,253.0,1006.0,1,500,Rain,light rain,10d
2025-07-21 13:55:12,Vinh Long,Vinh Long,31.93,31.93,31.93,63.0,37.83,10000.0,0.37,99.0,8.21,14.02,253.0,1005.0,1,500,Rain,light rain,10d
2025-07-21 13:58:58,Vinh Long,Vinh Long,31.93,31.93,31.93,63.0,37.83,10000.0,0.16,99.0,8.21,14.02,253.0,1005.0,1,500,Rain,light rain,10d
2025-07-21 14:02:43,Vinh Long,Vinh Long,31.93,31.93,31.93,63.0,37.83,10000.0,0.16,99.0,8.21,14.02,253.0,1005.0,1,500,Rain,light rain,10d
2025-07-21 14:06:32,Vinh Long,Vinh Long,31.81,31.81,31.81,68.0,38.81,10000.0,0.13,99.0,8.21,14.02,253.0,1005.0,1,500,Rain,light rain,10d
2025-07-21 14:10:17,Vinh Long,Vinh Long,31.81,31.81,31.81,68.0,38.81,10000.0,0.13,99.0,8.21,14.02,253.0,1005.0,1,500,Rain,light rain,10d
2025-07-21 14:14:03,Vinh Long,Vinh Long,31.81,31.81,31.81,68.0,38.81,10000.0,0.15,99.0,8.21,14.02,253.0,1005.0,1,500,Rain,light rain,10d
2025-07-21 14:17:48,Vinh Long,Vinh Long,31.81,31.81,31.81,68.0,38.81,10000.0,0.15,99.0,8.21,14.02,253.0,1005.0,1,500,Rain,light rain,10d
2025-07-21 14:21:34,Vinh Long,Vinh Long,31.79,31.79,31.79,68.0,38.79,10000.0,0.0,99.0,8.21,14.02,253.0,1005.0,1,804,Clouds,overcast clouds,04d
2025-07-21 14:25:20,Vinh Long,Vinh Long,31.79,31.79,31.79,68.0,38.79,10000.0,0.0,99.0,8.21,14.02,253.0,1005.0,1,804,Clouds,overcast clouds,04d
2025-07-21 14:29:05,Vinh Long,Vinh Long,31.79,31.79,31.79,68.0,38.79,10000.0,0.0,99.0,8.21,14.02,253.0,1005.0,1,804,Clouds,overcast clouds,04d
2025-07-21 14:32:50,Vinh Long,Vinh Long,31.79,31.79,31.79,68.0,38.79,10000.0,0.0,99.0,8.21,14.02,253.0,1005.0,1,804,Clouds,overcast clouds,04d
2025-07-21 14:36:37,Vinh Long,Vinh Long,31.41,31.41,31.41,65.0,37.16,10000.0,0.0,100.0,7.86,14.31,253.0,1005.0,1,804,Clouds,overcast clouds,04d
2025-07-21 14:40:22,Vinh Long,Vinh Long,31.41,31.41,31.41,65.0,37.16,10000.0,0.0,100.0,7.86,14.31,253.0,1005.0,1,804,Clouds,overcast clouds,04d
2025-07-21 14:44:07,Vinh Long,Vinh Long,31.41,31.41,31.41,65.0,37.16,10000.0,0.0,100.0,7.86,14.31,253.0,1005.0,1,804,Clouds,overcast clouds,04d
2025-07-21 14:47:53,Vinh Long,Vinh Long,31.4,31.4,31.4,64.0,36.84,10000.0,0.0,100.0,7.86,14.31,253.0,1005.0,1,804,Clouds,overcast clouds,04d
2025-07-21 14:51:38,Vinh Long,Vinh Long,31.4,31.4,31.4,64.0,36.84,10000.0,0.0,100.0,7.86,14.31,253.0,1005.0,1,804,Clouds,overcast clouds,04d
2025-07-21 14:55:24,Vinh Long,Vinh Long,31.4,31.4,31.4,64.0,36.84,10000.0,0.0,100.0,7.86,14.31,253.0,1005.0,1,804,Clouds,overcast clouds,04d
2025-07-21 14:59:09,Vinh Long,Vinh Long,31.4,31.4,31.4,64.0,36.84,10000.0,0.0,100.0,7.86,14.31,253.0,1005.0,1,804,Clouds,overcast clouds,04d
2025-07-21 15:02:55,Vinh Long,Vinh Long,31.35,31.35,31.35,69.0,38.23,10000.0,0.0,100.0,7.86,14.31,253.0,1005.0,1,804,Clouds,overcast clouds,04d
2025-07-21 15:06:41,Vinh Long,Vinh Long,31.35,31.35,31.35,69.0,38.23,10000.0,0.13,100.0,7.86,14.31,253.0,1005.0,1,500,Rain,light rain,10d
2025-07-21 15:10:27,Vinh Long,Vinh Long,31.35,31.35,31.35,69.0,38.23,10000.0,0.12,100.0,7.86,14.31,253.0,1005.0,1,500,Rain,light rain,10d
2025-07-21 15:14:13,Vinh Long,Vinh Long,31.35,31.35,31.35,69.0,38.23,10000.0,0.12,100.0,7.86,14.31,253.0,1005.0,1,500,Rain,light rain,10d
2025-07-21 15:17:58,Vinh Long,Vinh Long,31.35,31.35,31.35,69.0,38.23,10000.0,0.12,100.0,7.86,14.31,253.0,1005.0,1,500,Rain,light rain,10d
2025-07-21 15:21:44,Vinh Long,Vinh Long,31.31,31.31,31.31,69.0,38.13,10000.0,0.11,100.0,7.86,14.31,253.0,1005.0,1,500,Rain,light rain,10d
2025-07-21 15:25:29,Vinh Long,Vinh Long,31.31,31.31,31.31,69.0,38.13,10000.0,0.13,100.0,7.86,14.31,253.0,1005.0,1,500,Rain,light rain,10d
2025-07-21 15:29:15,Vinh Long,Vinh Long,31.31,31.31,31.31,69.0,38.13,10000.0,0.11,100.0,7.86,14.31,253.0,1005.0,1,500,Rain,light rain,10d
2025-07-21 15:33:01,Vinh Long,Vinh Long,30.98,30.98,30.98,66.0,36.39,10000.0,0.0,100.0,7.31,14.41,252.0,1004.0,1,804,Clouds,overcast clouds,04d
2025-07-21 15:36:47,Vinh Long,Vinh Long,30.98,30.98,30.98,66.0,36.39,10000.0,0.0,100.0,7.31,14.41,252.0,1004.0,1,804,Clouds,overcast clouds,04d
2025-07-21 15:40:32,Vinh Long,Vinh Long,30.98,30.98,30.98,66.0,36.39,10000.0,0.0,100.0,7.31,14.41,252.0,1004.0,1,804,Clouds,overcast clouds,04d
2025-07-21 15:44:18,Vinh Long,Vinh Long,30.98,30.98,30.98,66.0,36.39,10000.0,0.0,100.0,7.31,14.41,252.0,1004.0,1,804,Clouds,overcast clouds,04d
2025-07-21 15:48:03,Vinh Long,Vinh Long,30.91,30.91,30.91,66.0,36.22,10000.0,0.0,100.0,7.31,14.41,252.0,1004.0,1,804,Clouds,overcast clouds,04d
2025-07-21 15:51:49,Vinh Long,Vinh Long,30.98,30.98,30.98,66.0,36.39,10000.0,0.0,100.0,7.31,14.41,252.0,1004.0,1,804,Clouds,overcast clouds,04d
2025-07-21 15:55:35,Vinh Long,Vinh Long,30.91,30.91,30.91,66.0,36.22,10000.0,0.0,100.0,7.31,14.41,252.0,1004.0,1,804,Clouds,overcast clouds,04d
2025-07-21 15:59:20,Vinh Long,Vinh Long,30.91,30.91,30.91,66.0,36.22,10000.0,0.0,100.0,7.31,14.41,252.0,1004.0,1,804,Clouds,overcast clouds,04d
2025-07-21 16:03:06,Vinh Long,Vinh Long,30.91,30.91,30.91,66.0,36.22,10000.0,0.0,100.0,7.31,14.41,252.0,1004.0,1,804,Clouds,overcast clouds,04d
2025-07-21 16:06:53,Vinh Long,Vinh Long,30.8,30.8,30.8,71.0,37.36,10000.0,0.0,100.0,7.31,14.41,252.0,1005.0,1,804,Clouds,overcast clouds,04d
2025-07-21 16:10:39,Vinh Long,Vinh Long,30.8,30.8,30.8,71.0,37.36,10000.0,0.0,100.0,7.31,14.41,252.0,1005.0,1,804,Clouds,overcast clouds,04d
2025-07-21 16:14:24,Vinh Long,Vinh Long,30.8,30.8,30.8,71.0,37.36,10000.0,0.0,100.0,7.31,14.41,252.0,1005.0,1,804,Clouds,overcast clouds,04d
2025-07-21 16:18:10,Vinh Long,Vinh Long,30.8,30.8,30.8,71.0,37.36,10000.0,0.0,100.0,7.31,14.41,252.0,1005.0,1,804,Clouds,overcast clouds,04d
2025-07-21 16:21:56,Vinh Long,Vinh Long,30.8,30.8,30.8,71.0,37.36,10000.0,0.0,100.0,7.31,14.41,252.0,1005.0,1,804,Clouds,overcast clouds,04d
2025-07-21 16:25:42,Vinh Long,Vinh Long,30.8,30.8,30.8,71.0,37.36,10000.0,0.0,100.0,7.31,14.41,252.0,1005.0,1,804,Clouds,overcast clouds,04d
2025-07-21 16:29:28,Vinh Long,Vinh Long,30.8,30.8,30.8,71.0,37.36,10000.0,0.0,100.0,7.31,14.41,252.0,1005.0,1,804,Clouds,overcast clouds,04d
2025-07-21 16:33:13,Vinh Long,Vinh Long,30.8,30.8,30.8,71.0,37.36,10000.0,0.0,100.0,7.31,14.41,252.0,1005.0,1,804,Clouds,overcast clouds,04d
2025-07-21 16:36:58,Vinh Long,Vinh Long,30.8,30.8,30.8,71.0,37.36,10000.0,0.0,100.0,7.31,14.41,252.0,1005.0,1,804,Clouds,overcast clouds,04d
2025-07-21 16:40:43,Vinh Long,Vinh Long,29.5,29.5,29.5,70.0,33.85,10000.0,0.0,100.0,6.85,12.33,250.0,1005.0,1,804,Clouds,overcast clouds,04d
2025-07-21 16:44:29,Vinh Long,Vinh Long,29.5,29.5,29.5,70.0,33.85,10000.0,0.0,100.0,6.85,12.33,250.0,1005.0,1,804,Clouds,overcast clouds,04d
2025-07-21 16:48:15,Vinh Long,Vinh Long,29.5,29.5,29.5,70.0,33.85,10000.0,0.0,100.0,6.85,12.33,250.0,1005.0,1,804,Clouds,overcast clouds,04d
2025-07-21 16:52:01,Vinh Long,Vinh Long,29.45,29.45,29.45,70.0,33.74,10000.0,0.0,100.0,6.85,12.33,250.0,1005.0,1,804,Clouds,overcast clouds,04d
2025-07-21 16:55:47,Vinh Long,Vinh Long,29.45,29.45,29.45,70.0,33.74,10000.0,0.0,100.0,6.85,12.33,250.0,1005.0,1,804,Clouds,overcast clouds,04d
2025-07-21 16:59:32,Vinh Long,Vinh Long,29.45,29.45,29.45,70.0,33.74,10000.0,0.0,100.0,6.85,12.33,250.0,1005.0,1,804,Clouds,overcast clouds,04d
2025-07-21 17:03:17,Vinh Long,Vinh Long,29.45,29.45,29.45,70.0,33.74,10000.0,0.0,100.0,6.85,12.33,250.0,1005.0,1,804,Clouds,overcast clouds,04d
2025-07-21 17:07:03,Vinh Long,Vinh Long,29.41,29.41,29.41,73.0,34.29,10000.0,0.0,100.0,6.85,12.33,250.0,1005.0,1,804,Clouds,overcast clouds,04d
2025-07-21 17:10:48,Vinh Long,Vinh Long,29.41,29.41,29.41,73.0,34.29,10000.0,0.0,100.0,6.85,12.33,250.0,1005.0,1,804,Clouds,overcast clouds,04d
2025-07-21 17:14:33,Vinh Long,Vinh Long,29.41,29.41,29.41,73.0,34.29,10000.0,0.0,100.0,6.85,12.33,250.0,1005.0,1,804,Clouds,overcast clouds,04d
2025-07-21 17:18:20,Vinh Long,Vinh Long,29.38,29.38,29.38,73.0,34.21,10000.0,0.0,100.0,6.85,12.33,250.0,1005.0,1,804,Clouds,overcast clouds,04d
2025-07-21 17:22:06,Vinh Long,Vinh Long,29.38,29.38,29.38,73.0,34.21,10000.0,0.0,100.0,6.85,12.33,250.0,1005.0,1,804,Clouds,overcast clouds,04d
2025-07-21 17:25:52,Vinh Long,Vinh Long,29.38,29.38,29.38,73.0,34.21,10000.0,0.0,100.0,6.85,12.33,250.0,1005.0,1,804,Clouds,overcast clouds,04d
2025-07-21 17:29:37,Vinh Long,Vinh Long,29.38,29.38,29.38,73.0,34.21,10000.0,0.0,100.0,6.85,12.33,250.0,1005.0,1,804,Clouds,overcast clouds,04d
2025-07-21 17:33:23,Vinh Long,Vinh Long,29.38,29.38,29.38,73.0,34.21,10000.0,0.0,100.0,6.85,12.33,250.0,1005.0,1,804,Clouds,overcast clouds,04d
2025-07-21 17:37:09,Vinh Long,Vinh Long,28.11,28.11,28.11,75.0,31.6,10000.0,0.0,100.0,6.26,11.54,250.0,1005.0,1,804,Clouds,overcast clouds,04d
2025-07-21 17:40:54,Vinh Long,Vinh Long,28.11,28.11,28.11,75.0,31.6,10000.0,0.0,100.0,6.26,11.54,250.0,1005.0,1,804,Clouds,overcast clouds,04d
2025-07-21 17:44:40,Vinh Long,Vinh Long,28.11,28.11,28.11,75.0,31.6,10000.0,0.0,100.0,6.26,11.54,250.0,1005.0,1,804,Clouds,overcast clouds,04d
2025-07-21 17:48:25,Vinh Long,Vinh Long,28.11,28.11,28.11,75.0,31.6,10000.0,0.0,100.0,6.26,11.54,250.0,1005.0,1,804,Clouds,overcast clouds,04d
2025-07-21 17:52:11,Vinh Long,Vinh Long,28.05,28.05,28.05,76.0,31.61,10000.0,0.0,100.0,6.26,11.54,250.0,1005.0,1,804,Clouds,overcast clouds,04d
2025-07-21 17:55:56,Vinh Long,Vinh Long,28.05,28.05,28.05,76.0,31.61,10000.0,0.0,100.0,6.26,11.54,250.0,1005.0,1,804,Clouds,overcast clouds,04d
2025-07-21 17:59:42,Vinh Long,Vinh Long,28.05,28.05,28.05,76.0,31.61,10000.0,0.0,100.0,6.26,11.54,250.0,1005.0,1,804,Clouds,overcast clouds,04d
2025-07-21 18:03:28,Vinh Long,Vinh Long,28.03,28.03,28.03,79.0,32.02,10000.0,0.0,100.0,6.26,11.54,250.0,1005.0,1,804,Clouds,overcast clouds,04d
2025-07-21 18:07:14,Vinh Long,Vinh Long,28.03,28.03,28.03,79.0,32.02,10000.0,0.0,100.0,6.26,11.54,250.0,1005.0,1,804,Clouds,overcast clouds,04d
2025-07-21 18:11:02,Vinh Long,Vinh Long,28.03,28.03,28.03,79.0,32.02,10000.0,0.0,100.0,6.26,11.54,250.0,1005.0,1,804,Clouds,overcast clouds,04d
2025-07-21 18:14:50,Vinh Long,Vinh Long,28.03,28.03,28.03,79.0,32.02,10000.0,0.15,100.0,6.26,11.54,250.0,1005.0,1,500,Rain,light rain,10d
2025-07-21 18:18:35,Vinh Long,Vinh Long,28.03,28.03,28.03,79.0,32.02,10000.0,0.15,100.0,6.26,11.54,250.0,1005.0,1,500,Rain,light rain,10d
2025-07-21 18:22:21,Vinh Long,Vinh Long,28.03,28.03,28.03,79.0,32.02,10000.0,0.15,100.0,6.26,11.54,250.0,1005.0,0,500,Rain,light rain,10d
2025-07-21 18:26:08,Vinh Long,Vinh Long,28.01,28.01,28.01,79.0,31.97,10000.0,3.46,100.0,6.26,11.54,250.0,1005.0,0,501,Rain,moderate rain,10n
2025-07-21 18:29:53,Vinh Long,Vinh Long,28.01,28.01,28.01,79.0,31.97,10000.0,2.05,100.0,6.26,11.54,250.0,1005.0,0,501,Rain,moderate rain,10n
2025-07-21 18:33:38,Vinh Long,Vinh Long,28.01,28.01,28.01,79.0,31.97,10000.0,2.05,100.0,6.26,11.54,250.0,1005.0,0,501,Rain,moderate rain,10n
2025-07-21 18:37:25,Vinh Long,Vinh Long,27.09,27.09,27.09,81.0,30.04,10000.0,2.3,100.0,5.61,12.5,250.0,1006.0,0,501,Rain,moderate rain,10n
2025-07-21 18:41:10,Vinh Long,Vinh Long,27.09,27.09,27.09,81.0,30.04,10000.0,2.3,100.0,5.61,12.5,250.0,1006.0,0,501,Rain,moderate rain,10n
2025-07-21 18:44:56,Vinh Long,Vinh Long,27.09,27.09,27.09,81.0,30.04,10000.0,0.27,100.0,5.61,12.5,250.0,1006.0,0,500,Rain,light rain,10n
2025-07-21 18:48:42,Vinh Long,Vinh Long,27.09,27.09,27.09,81.0,30.04,10000.0,0.27,100.0,5.61,12.5,250.0,1006.0,0,500,Rain,light rain,10n
2025-07-21 18:56:10,Vinh Long,Vinh Long,26.8,26.8,26.8,86.0,29.81,10000.0,0.38,100.0,5.61,12.5,250.0,1006.0,0,500,Rain,light rain,10n
2025-07-21 18:59:55,Vinh Long,Vinh Long,26.8,26.8,26.8,86.0,29.81,10000.0,0.49,100.0,5.61,12.5,250.0,1006.0,0,500,Rain,light rain,10n
2025-07-21 19:03:40,Vinh Long,Vinh Long,26.8,26.8,26.8,86.0,29.81,10000.0,0.38,100.0,5.61,12.5,250.0,1006.0,0,500,Rain,light rain,10n
2025-07-21 19:07:31,Vinh Long,Vinh Long,26.62,26.62,26.62,91.0,26.62,10000.0,0.55,100.0,5.61,12.5,250.0,1007.0,0,500,Rain,light rain,10n
2025-07-21 19:11:17,Vinh Long,Vinh Long,26.62,26.62,26.62,91.0,26.62,10000.0,0.67,100.0,5.61,12.5,250.0,1007.0,0,500,Rain,light rain,10n
2025-07-21 19:15:03,Vinh Long,Vinh Long,26.62,26.62,26.62,91.0,26.62,10000.0,0.75,100.0,5.61,12.5,250.0,1007.0,0,500,Rain,light rain,10n
2025-07-21 19:18:49,Vinh Long,Vinh Long,26.62,26.62,26.62,91.0,26.62,10000.0,0.73,100.0,5.61,12.5,250.0,1007.0,0,500,Rain,light rain,10n
2025-07-21 19:22:34,Vinh Long,Vinh Long,26.62,26.62,26.62,91.0,26.62,10000.0,0.75,100.0,5.61,12.5,250.0,1007.0,0,500,Rain,light rain,10n
2025-07-21 19:26:19,Vinh Long,Vinh Long,26.62,26.62,26.62,91.0,26.62,10000.0,0.73,100.0,5.61,12.5,250.0,1007.0,0,500,Rain,light rain,10n
2025-07-21 19:30:06,Vinh Long,Vinh Long,26.37,26.37,26.37,88.0,26.37,10000.0,1.15,100.0,5.21,12.48,244.0,1007.0,0,501,Rain,moderate rain,10n
2025-07-21 19:33:52,Vinh Long,Vinh Long,26.37,26.37,26.37,88.0,26.37,10000.0,1.15,100.0,5.21,12.48,244.0,1007.0,0,501,Rain,moderate rain,10n
2025-07-21 19:37:37,Vinh Long,Vinh Long,26.37,26.37,26.37,88.0,26.37,10000.0,1.15,100.0,5.21,12.48,244.0,1007.0,0,501,Rain,moderate rain,10n
2025-07-21 19:41:23,Vinh Long,Vinh Long,26.37,26.37,26.37,88.0,26.37,10000.0,0.82,100.0,5.21,12.48,244.0,1007.0,0,500,Rain,light rain,10n
2025-07-21 19:45:09,Vinh Long,Vinh Long,26.36,26.36,26.36,88.0,26.36,10000.0,0.87,100.0,5.21,12.48,244.0,1007.0,0,500,Rain,light rain,10n
2025-07-21 19:48:55,Vinh Long,Vinh Long,26.4,26.4,26.4,88.0,26.4,10000.0,0.69,100.0,5.21,12.48,244.0,1007.0,0,500,Rain,light rain,10n
2025-07-21 19:52:40,Vinh Long,Vinh Long,26.4,26.4,26.4,88.0,26.4,10000.0,0.73,100.0,5.21,12.48,244.0,1007.0,0,500,Rain,light rain,10n
2025-07-21 19:56:27,Vinh Long,Vinh Long,26.4,26.4,26.4,88.0,26.4,10000.0,0.63,100.0,5.21,12.48,244.0,1007.0,0,500,Rain,light rain,10n
2025-07-21 20:00:13,Vinh Long,Vinh Long,26.4,26.4,26.4,88.0,26.4,10000.0,0.63,100.0,5.21,12.48,244.0,1007.0,0,500,Rain,light rain,10n
2025-07-21 20:03:59,Vinh Long,Vinh Long,26.17,26.17,26.17,92.0,26.17,10000.0,0.52,100.0,5.21,12.48,244.0,1007.0,0,500,Rain,light rain,10n
2025-07-21 20:07:44,Vinh Long,Vinh Long,26.17,26.17,26.17,92.0,26.17,10000.0,0.52,100.0,5.21,12.48,244.0,1007.0,0,500,Rain,light rain,10n
2025-07-21 20:11:30,Vinh Long,Vinh Long,26.17,26.17,26.17,92.0,26.17,10000.0,0.44,100.0,5.21,12.48,244.0,1007.0,0,500,Rain,light rain,10n
2025-07-21 20:15:16,Vinh Long,Vinh Long,26.17,26.17,26.17,92.0,26.17,10000.0,0.32,100.0,5.21,12.48,244.0,1007.0,0,500,Rain,light rain,10n
2025-07-21 20:19:02,Vinh Long,Vinh Long,26.17,26.17,26.17,92.0,26.17,10000.0,0.32,100.0,5.21,12.48,244.0,1007.0,0,500,Rain,light rain,10n
2025-07-21 20:22:50,Vinh Long,Vinh Long,26.21,26.21,26.21,92.0,26.21,10000.0,0.23,100.0,5.21,12.48,244.0,1007.0,0,500,Rain,light rain,10n
2025-07-21 20:26:36,Vinh Long,Vinh Long,26.21,26.21,26.21,92.0,26.21,10000.0,0.19,100.0,5.21,12.48,244.0,1007.0,0,500,Rain,light rain,10n
2025-07-21 20:30:22,Vinh Long,Vinh Long,26.21,26.21,26.21,92.0,26.21,10000.0,0.19,100.0,5.21,12.48,244.0,1007.0,0,500,Rain,light rain,10n
2025-07-21 20:34:08,Vinh Long,Vinh Long,26.22,26.22,26.22,86.0,26.22,10000.0,0.18,100.0,5.3,12.68,241.0,1007.0,0,500,Rain,light rain,10n
2025-07-21 20:38:03,Vinh Long,Vinh Long,26.22,26.22,26.22,86.0,26.22,10000.0,0.18,100.0,5.3,12.68,241.0,1007.0,0,500,Rain,light rain,10n
2025-07-21 20:41:49,Vinh Long,Vinh Long,26.22,26.22,26.22,86.0,26.22,10000.0,0.21,100.0,5.3,12.68,241.0,1007.0,0,500,Rain,light rain,10n
2025-07-21 20:45:36,Vinh Long,Vinh Long,26.22,26.22,26.22,86.0,26.22,10000.0,0.23,100.0,5.3,12.68,241.0,1007.0,0,500,Rain,light rain,10n
2025-07-21 20:49:22,Vinh Long,Vinh Long,26.24,26.24,26.24,86.0,26.24,10000.0,0.21,100.0,5.3,12.68,241.0,1007.0,0,500,Rain,light rain,10n
2025-07-21 20:53:08,Vinh Long,Vinh Long,26.24,26.24,26.24,86.0,26.24,10000.0,0.21,100.0,5.3,12.68,241.0,1007.0,0,500,Rain,light rain,10n
2025-07-21 20:56:54,Vinh Long,Vinh Long,26.24,26.24,26.24,86.0,26.24,10000.0,0.12,100.0,5.3,12.68,241.0,1007.0,0,500,Rain,light rain,10n
2025-07-21 21:00:39,Vinh Long,Vinh Long,26.24,26.24,26.24,86.0,26.24,10000.0,0.12,100.0,5.3,12.68,241.0,1007.0,0,500,Rain,light rain,10n
2025-07-21 21:04:25,Vinh Long,Vinh Long,26.24,26.24,26.24,86.0,26.24,10000.0,0.12,100.0,5.3,12.68,241.0,1007.0,0,500,Rain,light rain,10n
2025-07-21 21:08:11,Vinh Long,Vinh Long,26.15,26.15,26.15,89.0,26.15,10000.0,0.13,100.0,5.3,12.68,241.0,1007.0,0,500,Rain,light rain,10n
2025-07-21 21:11:57,Vinh Long,Vinh Long,26.15,26.15,26.15,89.0,26.15,10000.0,0.13,100.0,5.3,12.68,241.0,1007.0,0,500,Rain,light rain,10n
2025-07-21 21:15:43,Vinh Long,Vinh Long,26.15,26.15,26.15,89.0,26.15,10000.0,0.1,100.0,5.3,12.68,241.0,1007.0,0,500,Rain,light rain,10n
2025-07-21 21:19:28,Vinh Long,Vinh Long,26.15,26.15,26.15,89.0,26.15,10000.0,0.1,100.0,5.3,12.68,241.0,1007.0,0,500,Rain,light rain,10n
2025-07-21 21:23:14,Vinh Long,Vinh Long,26.15,26.15,26.15,89.0,26.15,10000.0,0.0,100.0,5.3,12.68,241.0,1007.0,0,804,Clouds,overcast clouds,04n
2025-07-21 21:27:00,Vinh Long,Vinh Long,26.15,26.15,26.15,89.0,26.15,10000.0,0.11,100.0,5.3,12.68,241.0,1007.0,0,500,Rain,light rain,10n
2025-07-21 21:30:46,Vinh Long,Vinh Long,26.03,26.03,26.03,86.0,26.03,10000.0,0.12,100.0,4.59,12.39,246.0,1008.0,0,500,Rain,light rain,10n
2025-07-21 21:34:31,Vinh Long,Vinh Long,26.03,26.03,26.03,86.0,26.03,10000.0,0.12,100.0,4.59,12.39,246.0,1008.0,0,500,Rain,light rain,10n
2025-07-21 21:38:18,Vinh Long,Vinh Long,26.04,26.04,26.04,89.0,26.04,10000.0,0.12,100.0,4.59,12.39,246.0,1008.0,0,500,Rain,light rain,10n
2025-07-21 21:42:05,Vinh Long,Vinh Long,26.04,26.04,26.04,89.0,26.04,10000.0,0.0,100.0,4.59,12.39,246.0,1008.0,0,804,Clouds,overcast clouds,04n
2025-07-21 21:45:52,Vinh Long,Vinh Long,26.04,26.04,26.04,89.0,26.04,10000.0,0.12,100.0,4.59,12.39,246.0,1008.0,0,500,Rain,light rain,10n
2025-07-21 21:49:38,Vinh Long,Vinh Long,25.99,25.99,25.99,88.0,25.99,10000.0,0.0,100.0,4.59,12.39,246.0,1008.0,0,804,Clouds,overcast clouds,04n
2025-07-21 21:53:24,Vinh Long,Vinh Long,25.99,25.99,25.99,88.0,25.99,10000.0,0.0,100.0,4.59,12.39,246.0,1008.0,0,804,Clouds,overcast clouds,04n
2025-07-21 21:57:10,Vinh Long,Vinh Long,25.99,25.99,25.99,88.0,25.99,10000.0,0.0,100.0,4.59,12.39,246.0,1008.0,0,804,Clouds,overcast clouds,04n
2025-07-21 22:00:56,Vinh Long,Vinh Long,25.99,25.99,25.99,88.0,25.99,10000.0,0.0,100.0,4.59,12.39,246.0,1008.0,0,804,Clouds,overcast clouds,04n
2025-07-21 22:04:41,Vinh Long,Vinh Long,25.99,25.99,25.99,88.0,25.99,10000.0,0.0,100.0,4.59,12.39,246.0,1008.0,0,804,Clouds,overcast clouds,04n
2025-07-21 22:08:26,Vinh Long,Vinh Long,25.99,25.99,25.99,88.0,25.99,10000.0,0.0,100.0,4.59,12.39,246.0,1008.0,0,804,Clouds,overcast clouds,04n
2025-07-21 22:12:13,Vinh Long,Vinh Long,25.91,25.91,25.91,92.0,26.96,10000.0,0.0,100.0,4.59,12.39,246.0,1008.0,0,804,Clouds,overcast clouds,04n
2025-07-21 22:15:59,Vinh Long,Vinh Long,25.91,25.91,25.91,92.0,26.96,10000.0,0.0,100.0,4.59,12.39,246.0,1008.0,0,804,Clouds,overcast clouds,04n
2025-07-21 22:19:45,Vinh Long,Vinh Long,25.91,25.91,25.91,92.0,26.96,10000.0,0.0,100.0,4.59,12.39,246.0,1008.0,0,804,Clouds,overcast clouds,04n
2025-07-21 22:23:30,Vinh Long,Vinh Long,25.91,25.91,25.91,92.0,26.96,10000.0,0.0,100.0,4.59,12.39,246.0,1008.0,0,804,Clouds,overcast clouds,04n
2025-07-21 22:27:21,Vinh Long,Vinh Long,25.91,25.91,25.91,92.0,26.96,10000.0,0.0,100.0,4.59,12.39,246.0,1008.0,0,804,Clouds,overcast clouds,04n
2025-07-21 22:31:51,Vinh Long,Vinh Long,25.93,25.93,25.93,89.0,26.9,10000.0,0.0,100.0,4.07,11.97,237.0,1008.0,0,804,Clouds,overcast clouds,04n
2025-07-21 22:35:41,Vinh Long,Vinh Long,25.93,25.93,25.93,89.0,26.9,10000.0,0.0,100.0,4.07,11.97,237.0,1008.0,0,804,Clouds,overcast clouds,04n
2025-07-21 22:39:33,Vinh Long,Vinh Long,25.93,25.93,25.93,89.0,26.9,10000.0,0.0,100.0,4.07,11.97,237.0,1008.0,0,804,Clouds,overcast clouds,04n
2025-07-21 22:43:19,Vinh Long,Vinh Long,25.93,25.93,25.93,89.0,26.9,10000.0,0.0,100.0,4.07,11.97,237.0,1008.0,0,804,Clouds,overcast clouds,04n
2025-07-21 22:47:05,Vinh Long,Vinh Long,25.93,25.93,25.93,89.0,26.9,10000.0,0.0,100.0,4.07,11.97,237.0,1008.0,0,804,Clouds,overcast clouds,04n
2025-07-21 22:50:51,Vinh Long,Vinh Long,25.93,25.93,25.93,89.0,26.9,10000.0,0.0,100.0,4.07,11.97,237.0,1008.0,0,804,Clouds,overcast clouds,04n
2025-07-21 22:54:36,Vinh Long,Vinh Long,25.93,25.93,25.93,89.0,26.9,10000.0,0.0,100.0,4.07,11.97,237.0,1008.0,0,804,Clouds,overcast clouds,04n
2025-07-21 22:58:23,Vinh Long,Vinh Long,25.93,25.93,25.93,89.0,26.9,10000.0,0.0,100.0,4.07,11.97,237.0,1008.0,0,804,Clouds,overcast clouds,04n
2025-07-21 23:02:09,Vinh Long,Vinh Long,25.87,25.87,25.87,92.0,26.91,10000.0,0.11,100.0,4.07,11.97,237.0,1008.0,0,500,Rain,light rain,10n
2025-07-21 23:05:55,Vinh Long,Vinh Long,25.87,25.87,25.87,92.0,26.91,10000.0,0.12,100.0,4.07,11.97,237.0,1008.0,0,500,Rain,light rain,10n
2025-07-21 23:09:41,Vinh Long,Vinh Long,25.87,25.87,25.87,92.0,26.91,10000.0,0.12,100.0,4.07,11.97,237.0,1008.0,0,500,Rain,light rain,10n
2025-07-21 23:13:28,Vinh Long,Vinh Long,25.87,25.87,25.87,92.0,26.91,10000.0,0.12,100.0,4.07,11.97,237.0,1008.0,0,500,Rain,light rain,10n
2025-07-21 23:17:14,Vinh Long,Vinh Long,25.87,25.87,25.87,92.0,26.91,10000.0,0.12,100.0,4.07,11.97,237.0,1008.0,0,500,Rain,light rain,10n
2025-07-21 23:20:59,Vinh Long,Vinh Long,25.87,25.87,25.87,92.0,26.91,10000.0,0.12,100.0,4.07,11.97,237.0,1008.0,0,500,Rain,light rain,10n
2025-07-21 23:24:46,Vinh Long,Vinh Long,25.87,25.87,25.87,92.0,26.91,10000.0,0.0,100.0,4.07,11.97,237.0,1008.0,0,804,Clouds,overcast clouds,04n
2025-07-21 23:28:32,Vinh Long,Vinh Long,25.87,25.87,25.87,92.0,26.91,10000.0,0.0,100.0,4.07,11.97,237.0,1008.0,0,804,Clouds,overcast clouds,04n
2025-07-21 23:32:20,Vinh Long,Vinh Long,25.82,25.82,25.82,90.0,26.81,10000.0,0.0,100.0,3.93,11.83,233.0,1007.0,0,804,Clouds,overcast clouds,04n
2025-07-21 23:36:07,Vinh Long,Vinh Long,25.82,25.82,25.82,90.0,26.81,10000.0,0.0,100.0,3.93,11.83,233.0,1007.0,0,804,Clouds,overcast clouds,04n
2025-07-21 23:39:52,Vinh Long,Vinh Long,25.82,25.82,25.82,90.0,26.81,10000.0,0.0,100.0,3.93,11.83,233.0,1007.0,0,804,Clouds,overcast clouds,04n
2025-07-21 23:43:38,Vinh Long,Vinh Long,25.82,25.82,25.82,90.0,26.81,10000.0,0.0,100.0,3.93,11.83,233.0,1007.0,0,804,Clouds,overcast clouds,04n
2025-07-21 23:47:24,Vinh Long,Vinh Long,25.83,25.83,25.83,89.0,26.79,10000.0,0.0,100.0,3.93,11.83,233.0,1007.0,0,804,Clouds,overcast clouds,04n
2025-07-21 23:51:10,Vinh Long,Vinh Long,25.83,25.83,25.83,89.0,26.79,10000.0,0.0,100.0,3.93,11.83,233.0,1007.0,0,804,Clouds,overcast clouds,04n
2025-07-21 23:54:56,Vinh Long,Vinh Long,25.83,25.83,25.83,89.0,26.79,10000.0,0.0,100.0,3.93,11.83,233.0,1007.0,0,804,Clouds,overcast clouds,04n
2025-07-22 00:02:39,Vinh Long,Vinh Long,25.83,25.83,25.83,89.0,26.79,10000.0,0.0,100.0,3.93,11.83,233.0,1007.0,0,804,Clouds,overcast clouds,04n
2025-07-22 00:06:28,Vinh Long,Vinh Long,25.79,25.79,25.79,92.0,26.83,10000.0,0.11,100.0,3.93,11.83,233.0,1007.0,0,500,Rain,light rain,10n
2025-07-22 00:10:14,Vinh Long,Vinh Long,25.79,25.79,25.79,92.0,26.83,10000.0,0.11,100.0,3.93,11.83,233.0,1007.0,0,500,Rain,light rain,10n
2025-07-22 01:39:42,Vinh Long,Vinh Long,25.58,25.58,25.58,89.0,26.52,10000.0,0.0,100.0,3.54,11.83,231.0,1006.0,0,804,Clouds,overcast clouds,04n
2025-07-22 01:43:28,Vinh Long,Vinh Long,25.58,25.58,25.58,89.0,26.52,10000.0,0.13,100.0,3.54,11.83,231.0,1006.0,0,500,Rain,light rain,10n
2025-07-22 01:47:13,Vinh Long,Vinh Long,25.58,25.58,25.58,89.0,26.52,10000.0,0.13,100.0,3.54,11.83,231.0,1006.0,0,500,Rain,light rain,10n
2025-07-22 01:50:58,Vinh Long,Vinh Long,25.27,25.27,25.27,92.0,26.25,10000.0,0.14,100.0,3.54,11.83,231.0,1006.0,0,500,Rain,light rain,10n
2025-07-22 01:54:44,Vinh Long,Vinh Long,25.27,25.27,25.27,92.0,26.25,10000.0,0.13,100.0,3.54,11.83,231.0,1006.0,0,500,Rain,light rain,10n
2025-07-22 01:58:29,Vinh Long,Vinh Long,25.27,25.27,25.27,92.0,26.25,10000.0,0.14,100.0,3.54,11.83,231.0,1006.0,0,500,Rain,light rain,10n
2025-07-22 02:02:15,Vinh Long,Vinh Long,25.22,25.22,25.22,94.0,26.25,10000.0,0.15,100.0,3.54,11.83,231.0,1006.0,0,500,Rain,light rain,10n
2025-07-22 02:06:01,Vinh Long,Vinh Long,25.22,25.22,25.22,94.0,26.25,10000.0,0.18,100.0,3.54,11.83,231.0,1006.0,0,500,Rain,light rain,10n
2025-07-22 02:09:46,Vinh Long,Vinh Long,25.22,25.22,25.22,94.0,26.25,10000.0,0.18,100.0,3.54,11.83,231.0,1006.0,0,500,Rain,light rain,10n
2025-07-22 02:13:32,Vinh Long,Vinh Long,25.22,25.22,25.22,94.0,26.25,10000.0,0.17,100.0,3.54,11.83,231.0,1006.0,0,500,Rain,light rain,10n
2025-07-22 02:17:18,Vinh Long,Vinh Long,25.22,25.22,25.22,94.0,26.25,10000.0,0.17,100.0,3.54,11.83,231.0,1006.0,0,500,Rain,light rain,10n
2025-07-22 02:21:03,Vinh Long,Vinh Long,25.22,25.22,25.22,94.0,26.25,10000.0,0.17,100.0,3.54,11.83,231.0,1006.0,0,500,Rain,light rain,10n
2025-07-22 02:24:49,Vinh Long,Vinh Long,25.22,25.22,25.22,94.0,26.25,10000.0,0.15,100.0,3.54,11.83,231.0,1006.0,0,500,Rain,light rain,10n
2025-07-22 02:28:34,Vinh Long,Vinh Long,25.22,25.22,25.22,94.0,26.25,10000.0,0.15,100.0,3.54,11.83,231.0,1006.0,0,500,Rain,light rain,10n
2025-07-22 02:32:20,Vinh Long,Vinh Long,25.22,25.22,25.22,94.0,26.25,10000.0,0.15,100.0,3.54,11.83,231.0,1006.0,0,500,Rain,light rain,10n
2025-07-22 02:36:06,Vinh Long,Vinh Long,25.13,25.13,25.13,93.0,26.13,10000.0,0.0,100.0,3.17,10.58,214.0,1006.0,0,804,Clouds,overcast clouds,04n
2025-07-22 02:39:51,Vinh Long,Vinh Long,25.13,25.13,25.13,93.0,26.13,10000.0,0.0,100.0,3.17,10.58,214.0,1006.0,0,804,Clouds,overcast clouds,04n
2025-07-22 02:43:37,Vinh Long,Vinh Long,25.13,25.13,25.13,93.0,26.13,10000.0,0.0,100.0,3.17,10.58,214.0,1006.0,0,804,Clouds,overcast clouds,04n
2025-07-22 02:47:22,Vinh Long,Vinh Long,25.13,25.13,25.13,93.0,26.13,10000.0,0.0,100.0,3.17,10.58,214.0,1006.0,0,804,Clouds,overcast clouds,04n
2025-07-22 02:51:08,Vinh Long,Vinh Long,25.18,25.18,25.18,90.0,26.1,10000.0,0.0,100.0,3.17,10.58,214.0,1006.0,0,804,Clouds,overcast clouds,04n
2025-07-22 02:54:53,Vinh Long,Vinh Long,25.18,25.18,25.18,90.0,26.1,10000.0,0.0,100.0,3.17,10.58,214.0,1006.0,0,804,Clouds,overcast clouds,04n
2025-07-22 02:58:38,Vinh Long,Vinh Long,25.18,25.18,25.18,90.0,26.1,10000.0,0.0,100.0,3.17,10.58,214.0,1006.0,0,804,Clouds,overcast clouds,04n
2025-07-22 03:02:31,Vinh Long,Vinh Long,25.18,25.18,25.18,90.0,26.1,10000.0,0.0,100.0,3.17,10.58,214.0,1006.0,0,804,Clouds,overcast clouds,04n
2025-07-22 03:06:17,Vinh Long,Vinh Long,25.18,25.18,25.18,90.0,26.1,10000.0,0.0,100.0,3.17,10.58,214.0,1006.0,0,804,Clouds,overcast clouds,04n
2025-07-22 03:10:02,Vinh Long,Vinh Long,25.18,25.18,25.18,90.0,26.1,10000.0,0.0,100.0,3.17,10.58,214.0,1006.0,0,804,Clouds,overcast clouds,04n
2025-07-22 03:13:49,Vinh Long,Vinh Long,25.18,25.18,25.18,90.0,26.1,10000.0,0.0,100.0,3.17,10.58,214.0,1006.0,0,804,Clouds,overcast clouds,04n
2025-07-22 03:17:34,Vinh Long,Vinh Long,25.18,25.18,25.18,90.0,26.1,10000.0,0.0,100.0,3.17,10.58,214.0,1006.0,0,804,Clouds,overcast clouds,04n
2025-07-22 03:21:19,Vinh Long,Vinh Long,25.18,25.18,25.18,90.0,26.1,10000.0,0.0,100.0,3.17,10.58,214.0,1006.0,0,804,Clouds,overcast clouds,04n
2025-07-22 03:25:05,Vinh Long,Vinh Long,25.18,25.18,25.18,90.0,26.1,10000.0,0.0,100.0,3.17,10.58,214.0,1006.0,0,804,Clouds,overcast clouds,04n
2025-07-22 03:28:51,Vinh Long,Vinh Long,25.18,25.18,25.18,90.0,26.1,10000.0,0.0,100.0,3.17,10.58,214.0,1006.0,0,804,Clouds,overcast clouds,04n
2025-07-22 03:32:36,Vinh Long,Vinh Long,25.18,25.18,25.18,90.0,26.1,10000.0,0.0,100.0,3.17,10.58,214.0,1006.0,0,804,Clouds,overcast clouds,04n
2025-07-22 03:36:22,Vinh Long,Vinh Long,24.76,24.76,24.76,92.0,25.69,10000.0,0.0,100.0,2.52,9.21,215.0,1006.0,0,804,Clouds,overcast clouds,04n
2025-07-22 03:40:09,Vinh Long,Vinh Long,24.76,24.76,24.76,92.0,25.69,10000.0,0.0,100.0,2.52,9.21,215.0,1006.0,0,804,Clouds,overcast clouds,04n
2025-07-22 03:43:54,Vinh Long,Vinh Long,24.76,24.76,24.76,92.0,25.69,10000.0,0.0,100.0,2.52,9.21,215.0,1006.0,0,804,Clouds,overcast clouds,04n
2025-07-22 03:47:40,Vinh Long,Vinh Long,24.76,24.76,24.76,92.0,25.69,10000.0,0.0,100.0,2.52,9.21,215.0,1006.0,0,804,Clouds,overcast clouds,04n
2025-07-22 03:51:26,Vinh Long,Vinh Long,24.76,24.76,24.76,92.0,25.69,10000.0,0.0,100.0,2.52,9.21,215.0,1006.0,0,804,Clouds,overcast clouds,04n
2025-07-22 03:55:11,Vinh Long,Vinh Long,24.76,24.76,24.76,92.0,25.69,10000.0,0.0,100.0,2.52,9.21,215.0,1006.0,0,804,Clouds,overcast clouds,04n
2025-07-22 03:58:57,Vinh Long,Vinh Long,24.76,24.76,24.76,92.0,25.69,10000.0,0.0,100.0,2.52,9.21,215.0,1006.0,0,804,Clouds,overcast clouds,04n
2025-07-22 04:02:43,Vinh Long,Vinh Long,24.93,24.93,24.93,96.0,25.99,10000.0,0.0,100.0,2.52,9.21,215.0,1005.0,0,804,Clouds,overcast clouds,04n
2025-07-22 04:06:35,Vinh Long,Vinh Long,24.93,24.93,24.93,96.0,25.99,10000.0,0.0,100.0,2.52,9.21,215.0,1005.0,0,804,Clouds,overcast clouds,04n
2025-07-22 04:10:20,Vinh Long,Vinh Long,24.93,24.93,24.93,96.0,25.99,10000.0,0.0,100.0,2.52,9.21,215.0,1005.0,0,804,Clouds,overcast clouds,04n
2025-07-22 04:14:06,Vinh Long,Vinh Long,24.93,24.93,24.93,96.0,25.99,10000.0,0.0,100.0,2.52,9.21,215.0,1005.0,0,804,Clouds,overcast clouds,04n
2025-07-22 04:17:53,Vinh Long,Vinh Long,24.93,24.93,24.93,96.0,25.99,10000.0,0.0,100.0,2.52,9.21,215.0,1005.0,0,804,Clouds,overcast clouds,04n
2025-07-22 04:21:38,Vinh Long,Vinh Long,24.93,24.93,24.93,96.0,25.99,10000.0,0.0,100.0,2.52,9.21,215.0,1005.0,0,804,Clouds,overcast clouds,04n
2025-07-22 04:25:24,Vinh Long,Vinh Long,24.93,24.93,24.93,96.0,25.99,10000.0,0.0,100.0,2.52,9.21,215.0,1005.0,0,804,Clouds,overcast clouds,04n
2025-07-22 04:29:10,Vinh Long,Vinh Long,24.93,24.93,24.93,96.0,25.99,10000.0,0.0,100.0,2.52,9.21,215.0,1005.0,0,804,Clouds,overcast clouds,04n
2025-07-22 04:32:55,Vinh Long,Vinh Long,24.93,24.93,24.93,96.0,25.99,10000.0,0.0,100.0,2.52,9.21,215.0,1005.0,0,804,Clouds,overcast clouds,04n
2025-07-22 04:36:42,Vinh Long,Vinh Long,24.84,24.84,24.84,95.0,25.86,10000.0,0.0,95.0,2.71,9.99,209.0,1006.0,0,804,Clouds,overcast clouds,04n
2025-07-22 04:40:28,Vinh Long,Vinh Long,24.84,24.84,24.84,95.0,25.86,10000.0,0.0,95.0,2.71,9.99,209.0,1006.0,0,804,Clouds,overcast clouds,04n
2025-07-22 04:44:13,Vinh Long,Vinh Long,24.84,24.84,24.84,95.0,25.86,10000.0,0.0,95.0,2.71,9.99,209.0,1006.0,0,804,Clouds,overcast clouds,04n
2025-07-22 04:47:58,Vinh Long,Vinh Long,24.84,24.84,24.84,95.0,25.86,10000.0,0.0,95.0,2.71,9.99,209.0,1006.0,0,804,Clouds,overcast clouds,04n
2025-07-22 04:51:44,Vinh Long,Vinh Long,24.82,24.82,24.82,95.0,25.84,10000.0,0.0,95.0,2.71,9.99,209.0,1006.0,0,804,Clouds,overcast clouds,04n
2025-07-22 04:55:32,Vinh Long,Vinh Long,24.82,24.82,24.82,95.0,25.84,10000.0,0.0,95.0,2.71,9.99,209.0,1006.0,0,804,Clouds,overcast clouds,04n
2025-07-22 04:59:17,Vinh Long,Vinh Long,24.82,24.82,24.82,95.0,25.84,10000.0,0.0,95.0,2.71,9.99,209.0,1006.0,0,804,Clouds,overcast clouds,04n
2025-07-22 05:03:03,Vinh Long,Vinh Long,24.88,24.88,24.88,96.0,25.93,10000.0,0.0,95.0,2.71,9.99,209.0,1005.0,0,804,Clouds,overcast clouds,04n
2025-07-22 05:06:49,Vinh Long,Vinh Long,24.88,24.88,24.88,96.0,25.93,10000.0,0.0,95.0,2.71,9.99,209.0,1005.0,0,804,Clouds,overcast clouds,04n
2025-07-22 05:10:34,Vinh Long,Vinh Long,24.88,24.88,24.88,96.0,25.93,10000.0,0.0,95.0,2.71,9.99,209.0,1005.0,0,804,Clouds,overcast clouds,04n
2025-07-22 05:14:19,Vinh Long,Vinh Long,24.88,24.88,24.88,96.0,25.93,10000.0,0.0,95.0,2.71,9.99,209.0,1005.0,0,804,Clouds,overcast clouds,04n
2025-07-22 05:18:05,Vinh Long,Vinh Long,24.88,24.88,24.88,96.0,25.93,10000.0,0.0,95.0,2.71,9.99,209.0,1005.0,0,804,Clouds,overcast clouds,04n
2025-07-22 05:21:51,Vinh Long,Vinh Long,24.88,24.88,24.88,96.0,25.93,10000.0,0.0,95.0,2.71,9.99,209.0,1005.0,0,804,Clouds,overcast clouds,04n
2025-07-22 05:25:37,Vinh Long,Vinh Long,24.88,24.88,24.88,96.0,25.93,10000.0,0.0,95.0,2.71,9.99,209.0,1005.0,0,804,Clouds,overcast clouds,04n
2025-07-22 05:29:22,Vinh Long,Vinh Long,24.88,24.88,24.88,96.0,25.93,10000.0,0.0,95.0,2.71,9.99,209.0,1005.0,0,804,Clouds,overcast clouds,04n
2025-07-22 05:33:08,Vinh Long,Vinh Long,24.88,24.88,24.88,96.0,25.93,10000.0,0.0,95.0,2.71,9.99,209.0,1005.0,0,804,Clouds,overcast clouds,04n
2025-07-22 05:36:53,Vinh Long,Vinh Long,24.78,24.78,24.78,95.0,25.79,10000.0,0.0,95.0,2.77,10.17,218.0,1006.0,0,804,Clouds,overcast clouds,04n
2025-07-22 05:40:39,Vinh Long,Vinh Long,24.78,24.78,24.78,95.0,25.79,10000.0,0.0,95.0,2.77,10.17,218.0,1006.0,0,804,Clouds,overcast clouds,04n
2025-07-22 05:44:24,Vinh Long,Vinh Long,24.78,24.78,24.78,95.0,25.79,10000.0,0.0,95.0,2.77,10.17,218.0,1006.0,1,804,Clouds,overcast clouds,04n
2025-07-22 05:48:10,Vinh Long,Vinh Long,24.88,24.88,24.88,95.0,25.9,10000.0,0.0,95.0,2.77,10.17,218.0,1006.0,1,804,Clouds,overcast clouds,04d
2025-07-22 05:51:56,Vinh Long,Vinh Long,24.88,24.88,24.88,95.0,25.9,10000.0,0.0,95.0,2.77,10.17,218.0,1006.0,1,804,Clouds,overcast clouds,04d
2025-07-22 05:55:41,Vinh Long,Vinh Long,24.88,24.88,24.88,95.0,25.9,10000.0,0.0,95.0,2.77,10.17,218.0,1006.0,1,804,Clouds,overcast clouds,04d
2025-07-22 05:59:27,Vinh Long,Vinh Long,24.88,24.88,24.88,95.0,25.9,10000.0,0.0,95.0,2.77,10.17,218.0,1006.0,1,804,Clouds,overcast clouds,04d
2025-07-22 06:03:13,Vinh Long,Vinh Long,24.88,24.88,24.88,95.0,25.9,10000.0,0.0,95.0,2.77,10.17,218.0,1006.0,1,804,Clouds,overcast clouds,04d
2025-07-22 06:06:58,Vinh Long,Vinh Long,24.88,24.88,24.88,95.0,25.9,10000.0,0.0,95.0,2.77,10.17,218.0,1006.0,1,804,Clouds,overcast clouds,04d
2025-07-22 06:10:43,Vinh Long,Vinh Long,24.94,24.94,24.94,96.0,26.0,10000.0,0.0,95.0,2.77,10.17,218.0,1006.0,1,804,Clouds,overcast clouds,04d
2025-07-22 06:14:29,Vinh Long,Vinh Long,24.94,24.94,24.94,96.0,26.0,10000.0,0.0,95.0,2.77,10.17,218.0,1006.0,1,804,Clouds,overcast clouds,04d
2025-07-22 06:18:15,Vinh Long,Vinh Long,24.94,24.94,24.94,96.0,26.0,10000.0,0.0,95.0,2.77,10.17,218.0,1006.0,1,804,Clouds,overcast clouds,04d
2025-07-22 06:22:00,Vinh Long,Vinh Long,24.94,24.94,24.94,96.0,26.0,10000.0,0.0,95.0,2.77,10.17,218.0,1006.0,1,804,Clouds,overcast clouds,04d
2025-07-22 06:25:45,Vinh Long,Vinh Long,24.94,24.94,24.94,96.0,26.0,10000.0,0.0,95.0,2.77,10.17,218.0,1006.0,1,804,Clouds,overcast clouds,04d
2025-07-22 06:29:31,Vinh Long,Vinh Long,24.94,24.94,24.94,96.0,26.0,10000.0,0.0,95.0,2.77,10.17,218.0,1006.0,1,804,Clouds,overcast clouds,04d
2025-07-22 06:33:16,Vinh Long,Vinh Long,24.94,24.94,24.94,96.0,26.0,10000.0,0.0,95.0,2.77,10.17,218.0,1006.0,1,804,Clouds,overcast clouds,04d
2025-07-22 06:37:01,Vinh Long,Vinh Long,24.94,24.94,24.94,96.0,26.0,10000.0,0.0,95.0,2.77,10.17,218.0,1006.0,1,804,Clouds,overcast clouds,04d
2025-07-22 06:40:47,Vinh Long,Vinh Long,26.31,26.31,26.31,91.0,26.31,10000.0,0.0,95.0,3.42,9.76,227.0,1007.0,1,804,Clouds,overcast clouds,04d
2025-07-22 06:44:33,Vinh Long,Vinh Long,26.31,26.31,26.31,91.0,26.31,10000.0,0.0,95.0,3.42,9.76,227.0,1007.0,1,804,Clouds,overcast clouds,04d
2025-07-22 06:48:18,Vinh Long,Vinh Long,26.31,26.31,26.31,91.0,26.31,10000.0,0.0,95.0,3.42,9.76,227.0,1007.0,1,804,Clouds,overcast clouds,04d
2025-07-22 06:52:04,Vinh Long,Vinh Long,26.32,26.32,26.32,90.0,26.32,10000.0,0.0,95.0,3.42,9.76,227.0,1007.0,1,804,Clouds,overcast clouds,04d
2025-07-22 06:55:49,Vinh Long,Vinh Long,26.32,26.32,26.32,90.0,26.32,10000.0,0.0,95.0,3.42,9.76,227.0,1007.0,1,804,Clouds,overcast clouds,04d
2025-07-22 06:59:34,Vinh Long,Vinh Long,26.32,26.32,26.32,90.0,26.32,10000.0,0.0,95.0,3.42,9.76,227.0,1007.0,1,804,Clouds,overcast clouds,04d
2025-07-22 07:03:20,Vinh Long,Vinh Long,26.33,26.33,26.33,93.0,26.33,10000.0,0.0,95.0,3.42,9.76,227.0,1007.0,1,804,Clouds,overcast clouds,04d
2025-07-22 07:07:05,Vinh Long,Vinh Long,26.33,26.33,26.33,93.0,26.33,10000.0,0.0,95.0,3.42,9.76,227.0,1007.0,1,804,Clouds,overcast clouds,04d
2025-07-22 07:10:51,Vinh Long,Vinh Long,26.33,26.33,26.33,93.0,26.33,10000.0,0.0,95.0,3.42,9.76,227.0,1007.0,1,804,Clouds,overcast clouds,04d
2025-07-22 07:14:36,Vinh Long,Vinh Long,26.33,26.33,26.33,93.0,26.33,10000.0,0.0,95.0,3.42,9.76,227.0,1007.0,1,804,Clouds,overcast clouds,04d
2025-07-22 07:18:22,Vinh Long,Vinh Long,26.33,26.33,26.33,93.0,26.33,10000.0,0.0,95.0,3.42,9.76,227.0,1007.0,1,804,Clouds,overcast clouds,04d
2025-07-22 07:22:07,Vinh Long,Vinh Long,26.33,26.33,26.33,93.0,26.33,10000.0,0.0,95.0,3.42,9.76,227.0,1007.0,1,804,Clouds,overcast clouds,04d
2025-07-22 07:25:54,Vinh Long,Vinh Long,26.33,26.33,26.33,93.0,26.33,10000.0,0.0,95.0,3.42,9.76,227.0,1007.0,1,804,Clouds,overcast clouds,04d
2025-07-22 07:29:39,Vinh Long,Vinh Long,26.33,26.33,26.33,93.0,26.33,10000.0,0.0,95.0,3.42,9.76,227.0,1007.0,1,804,Clouds,overcast clouds,04d
2025-07-22 07:33:25,Vinh Long,Vinh Long,26.33,26.33,26.33,93.0,26.33,10000.0,0.0,95.0,3.42,9.76,227.0,1007.0,1,804,Clouds,overcast clouds,04d
2025-07-22 07:37:10,Vinh Long,Vinh Long,28.16,28.16,28.16,84.0,33.18,10000.0,0.0,100.0,5.16,9.78,238.0,1007.0,1,804,Clouds,overcast clouds,04d
2025-07-22 07:40:55,Vinh Long,Vinh Long,28.16,28.16,28.16,84.0,33.18,10000.0,0.0,100.0,5.16,9.78,238.0,1007.0,1,804,Clouds,overcast clouds,04d
2025-07-22 07:44:41,Vinh Long,Vinh Long,28.16,28.16,28.16,84.0,33.18,10000.0,0.0,100.0,5.16,9.78,238.0,1007.0,1,804,Clouds,overcast clouds,04d
2025-07-22 07:48:27,Vinh Long,Vinh Long,28.06,28.06,28.06,84.0,32.9,10000.0,0.0,100.0,5.16,9.78,238.0,1008.0,1,804,Clouds,overcast clouds,04d
2025-07-22 07:52:12,Vinh Long,Vinh Long,28.16,28.16,28.16,84.0,33.18,10000.0,0.0,100.0,5.16,9.78,238.0,1007.0,1,804,Clouds,overcast clouds,04d
2025-07-22 07:55:58,Vinh Long,Vinh Long,28.06,28.06,28.06,84.0,32.9,10000.0,0.0,100.0,5.16,9.78,238.0,1008.0,1,804,Clouds,overcast clouds,04d
2025-07-22 07:59:43,Vinh Long,Vinh Long,28.06,28.06,28.06,84.0,32.9,10000.0,0.0,100.0,5.16,9.78,238.0,1008.0,1,804,Clouds,overcast clouds,04d
2025-07-22 08:03:29,Vinh Long,Vinh Long,28.02,28.02,28.02,89.0,33.64,10000.0,0.0,100.0,5.16,9.78,238.0,1007.0,1,804,Clouds,overcast clouds,04d
2025-07-22 08:07:15,Vinh Long,Vinh Long,28.06,28.06,28.06,84.0,32.9,10000.0,0.0,100.0,5.16,9.78,238.0,1008.0,1,804,Clouds,overcast clouds,04d
2025-07-22 08:11:01,Vinh Long,Vinh Long,28.02,28.02,28.02,89.0,33.64,10000.0,0.0,100.0,5.16,9.78,238.0,1007.0,1,804,Clouds,overcast clouds,04d
2025-07-22 08:14:46,Vinh Long,Vinh Long,28.02,28.02,28.02,89.0,33.64,10000.0,0.0,100.0,5.16,9.78,238.0,1007.0,1,804,Clouds,overcast clouds,04d
2025-07-22 08:18:32,Vinh Long,Vinh Long,28.02,28.02,28.02,89.0,33.64,10000.0,0.0,100.0,5.16,9.78,238.0,1007.0,1,804,Clouds,overcast clouds,04d
2025-07-22 08:22:18,Vinh Long,Vinh Long,28.02,28.02,28.02,89.0,33.64,10000.0,0.0,100.0,5.16,9.78,238.0,1007.0,1,804,Clouds,overcast clouds,04d
2025-07-22 08:26:03,Vinh Long,Vinh Long,28.02,28.02,28.02,89.0,33.64,10000.0,0.0,100.0,5.16,9.78,238.0,1007.0,1,804,Clouds,overcast clouds,04d
2025-07-22 08:29:49,Vinh Long,Vinh Long,28.02,28.02,28.02,89.0,33.64,10000.0,0.0,100.0,5.16,9.78,238.0,1007.0,1,804,Clouds,overcast clouds,04d
2025-07-22 08:33:34,Vinh Long,Vinh Long,28.02,28.02,28.02,89.0,33.64,10000.0,0.0,100.0,5.16,9.78,238.0,1007.0,1,804,Clouds,overcast clouds,04d
2025-07-22 08:37:20,Vinh Long,Vinh Long,29.9,29.9,29.9,77.0,36.55,10000.0,0.0,97.0,6.57,13.15,250.0,1008.0,1,804,Clouds,overcast clouds,04d
2025-07-22 08:41:05,Vinh Long,Vinh Long,29.9,29.9,29.9,77.0,36.55,10000.0,0.0,97.0,6.57,13.15,250.0,1008.0,1,804,Clouds,overcast clouds,04d
2025-07-22 08:44:51,Vinh Long,Vinh Long,29.9,29.9,29.9,77.0,36.55,10000.0,0.0,97.0,6.57,13.15,250.0,1008.0,1,804,Clouds,overcast clouds,04d
2025-07-22 08:48:37,Vinh Long,Vinh Long,30.13,30.13,30.13,72.0,35.86,10000.0,0.0,97.0,6.57,13.15,250.0,1008.0,1,804,Clouds,overcast clouds,04d
2025-07-22 08:52:22,Vinh Long,Vinh Long,30.13,30.13,30.13,72.0,35.86,10000.0,0.0,97.0,6.57,13.15,250.0,1008.0,1,804,Clouds,overcast clouds,04d
2025-07-22 08:56:07,Vinh Long,Vinh Long,30.13,30.13,30.13,72.0,35.86,10000.0,0.0,97.0,6.57,13.15,250.0,1008.0,1,804,Clouds,overcast clouds,04d
2025-07-22 08:59:53,Vinh Long,Vinh Long,30.13,30.13,30.13,72.0,35.86,10000.0,0.0,97.0,6.57,13.15,250.0,1008.0,1,804,Clouds,overcast clouds,04d
2025-07-22 09:03:39,Vinh Long,Vinh Long,30.13,30.13,30.13,72.0,35.86,10000.0,0.0,97.0,6.57,13.15,250.0,1008.0,1,804,Clouds,overcast clouds,04d
2025-07-22 09:07:28,Vinh Long,Vinh Long,30.11,30.11,30.11,78.0,37.11,10000.0,0.0,97.0,6.57,13.15,250.0,1007.0,1,804,Clouds,overcast clouds,04d
2025-07-22 09:11:13,Vinh Long,Vinh Long,30.11,30.11,30.11,78.0,37.11,10000.0,0.0,97.0,6.57,13.15,250.0,1007.0,1,804,Clouds,overcast clouds,04d
2025-07-22 09:14:58,Vinh Long,Vinh Long,30.11,30.11,30.11,78.0,37.11,10000.0,0.0,97.0,6.57,13.15,250.0,1007.0,1,804,Clouds,overcast clouds,04d
2025-07-22 09:18:44,Vinh Long,Vinh Long,30.11,30.11,30.11,78.0,37.11,10000.0,0.0,97.0,6.57,13.15,250.0,1007.0,1,804,Clouds,overcast clouds,04d
2025-07-22 09:22:30,Vinh Long,Vinh Long,30.07,30.07,30.07,78.0,37.07,10000.0,0.0,97.0,6.57,13.15,250.0,1007.0,1,804,Clouds,overcast clouds,04d
2025-07-22 09:26:15,Vinh Long,Vinh Long,30.07,30.07,30.07,78.0,37.07,10000.0,0.0,97.0,6.57,13.15,250.0,1007.0,1,804,Clouds,overcast clouds,04d
2025-07-22 09:30:02,Vinh Long,Vinh Long,30.07,30.07,30.07,78.0,37.07,10000.0,0.0,97.0,6.57,13.15,250.0,1007.0,1,804,Clouds,overcast clouds,04d
2025-07-22 09:33:47,Vinh Long,Vinh Long,31.24,31.24,31.24,69.0,37.94,10000.0,0.0,98.0,7.93,13.47,261.0,1007.0,1,804,Clouds,overcast clouds,04d
2025-07-22 09:37:33,Vinh Long,Vinh Long,31.24,31.24,31.24,69.0,37.94,10000.0,0.0,98.0,7.93,13.47,261.0,1007.0,1,804,Clouds,overcast clouds,04d
2025-07-22 09:41:18,Vinh Long,Vinh Long,31.24,31.24,31.24,69.0,37.94,10000.0,0.0,98.0,7.93,13.47,261.0,1007.0,1,804,Clouds,overcast clouds,04d
2025-07-22 09:45:04,Vinh Long,Vinh Long,31.24,31.24,31.24,69.0,37.94,10000.0,0.0,98.0,7.93,13.47,261.0,1007.0,1,804,Clouds,overcast clouds,04d
2025-07-22 09:48:50,Vinh Long,Vinh Long,31.26,31.26,31.26,67.0,37.38,10000.0,0.0,98.0,7.93,13.47,261.0,1007.0,1,804,Clouds,overcast clouds,04d
2025-07-22 09:52:36,Vinh Long,Vinh Long,31.26,31.26,31.26,67.0,37.38,10000.0,0.0,98.0,7.93,13.47,261.0,1007.0,1,804,Clouds,overcast clouds,04d
2025-07-22 09:56:22,Vinh Long,Vinh Long,31.26,31.26,31.26,67.0,37.38,10000.0,0.0,98.0,7.93,13.47,261.0,1007.0,1,804,Clouds,overcast clouds,04d
2025-07-22 10:00:07,Vinh Long,Vinh Long,31.26,31.26,31.26,67.0,37.38,10000.0,0.0,98.0,7.93,13.47,261.0,1007.0,1,804,Clouds,overcast clouds,04d
2025-07-22 10:03:53,Vinh Long,Vinh Long,31.22,31.22,31.22,72.0,38.22,10000.0,0.0,98.0,7.93,13.47,261.0,1007.0,1,804,Clouds,overcast clouds,04d
2025-07-22 10:07:39,Vinh Long,Vinh Long,31.22,31.22,31.22,72.0,38.22,10000.0,0.0,98.0,7.93,13.47,261.0,1007.0,1,804,Clouds,overcast clouds,04d
2025-07-22 10:11:24,Vinh Long,Vinh Long,31.22,31.22,31.22,72.0,38.22,10000.0,0.0,98.0,7.93,13.47,261.0,1007.0,1,804,Clouds,overcast clouds,04d
2025-07-22 10:15:09,Vinh Long,Vinh Long,31.22,31.22,31.22,72.0,38.22,10000.0,0.0,98.0,7.93,13.47,261.0,1007.0,1,804,Clouds,overcast clouds,04d
2025-07-22 10:18:55,Vinh Long,Vinh Long,31.22,31.22,31.22,72.0,38.22,10000.0,0.0,98.0,7.93,13.47,261.0,1007.0,1,804,Clouds,overcast clouds,04d
2025-07-22 10:22:42,Vinh Long,Vinh Long,31.22,31.22,31.22,72.0,38.22,10000.0,0.0,98.0,7.93,13.47,261.0,1007.0,1,804,Clouds,overcast clouds,04d
2025-07-22 10:26:27,Vinh Long,Vinh Long,31.22,31.22,31.22,72.0,38.22,10000.0,0.0,98.0,7.93,13.47,261.0,1007.0,1,804,Clouds,overcast clouds,04d
2025-07-22 10:30:13,Vinh Long,Vinh Long,32.57,32.57,32.57,62.0,39.12,10000.0,0.0,96.0,8.46,14.41,261.0,1007.0,1,804,Clouds,overcast clouds,04d
2025-07-22 10:33:59,Vinh Long,Vinh Long,32.67,32.67,32.67,63.0,39.67,10000.0,0.0,96.0,8.46,14.41,261.0,1007.0,1,804,Clouds,overcast clouds,04d
2025-07-22 10:37:45,Vinh Long,Vinh Long,32.67,32.67,32.67,63.0,39.67,10000.0,0.0,96.0,8.46,14.41,261.0,1007.0,1,804,Clouds,overcast clouds,04d
2025-07-22 10:41:30,Vinh Long,Vinh Long,32.67,32.67,32.67,63.0,39.67,10000.0,0.0,96.0,8.46,14.41,261.0,1007.0,1,804,Clouds,overcast clouds,04d
2025-07-22 10:45:16,Vinh Long,Vinh Long,32.67,32.67,32.67,63.0,39.67,10000.0,0.0,96.0,8.46,14.41,261.0,1007.0,1,804,Clouds,overcast clouds,04d
2025-07-22 10:49:03,Vinh Long,Vinh Long,32.8,32.8,32.8,59.0,38.67,10000.0,0.0,96.0,8.46,14.41,261.0,1007.0,1,804,Clouds,overcast clouds,04d
2025-07-22 10:52:48,Vinh Long,Vinh Long,32.8,32.8,32.8,59.0,38.67,10000.0,0.0,96.0,8.46,14.41,261.0,1007.0,1,804,Clouds,overcast clouds,04d
2025-07-22 10:56:34,Vinh Long,Vinh Long,32.8,32.8,32.8,59.0,38.67,10000.0,0.0,96.0,8.46,14.41,261.0,1007.0,1,804,Clouds,overcast clouds,04d
2025-07-22 11:00:20,Vinh Long,Vinh Long,32.8,32.8,32.8,59.0,38.67,10000.0,0.0,96.0,8.46,14.41,261.0,1007.0,1,804,Clouds,overcast clouds,04d
2025-07-22 11:04:06,Vinh Long,Vinh Long,32.72,32.72,32.72,64.0,39.72,10000.0,0.0,96.0,8.46,14.41,261.0,1007.0,1,804,Clouds,overcast clouds,04d
2025-07-22 11:07:52,Vinh Long,Vinh Long,32.72,32.72,32.72,64.0,39.72,10000.0,0.0,96.0,8.46,14.41,261.0,1007.0,1,804,Clouds,overcast clouds,04d
2025-07-22 11:11:37,Vinh Long,Vinh Long,32.72,32.72,32.72,64.0,39.72,10000.0,0.0,96.0,8.46,14.41,261.0,1007.0,1,804,Clouds,overcast clouds,04d
2025-07-22 11:15:23,Vinh Long,Vinh Long,32.72,32.72,32.72,64.0,39.72,10000.0,0.0,96.0,8.46,14.41,261.0,1007.0,1,804,Clouds,overcast clouds,04d
2025-07-22 11:19:08,Vinh Long,Vinh Long,32.72,32.72,32.72,64.0,39.72,10000.0,0.0,96.0,8.46,14.41,261.0,1007.0,1,804,Clouds,overcast clouds,04d
2025-07-22 11:22:54,Vinh Long,Vinh Long,32.85,32.85,32.85,63.0,39.85,10000.0,0.0,96.0,8.46,14.41,261.0,1007.0,1,804,Clouds,overcast clouds,04d
2025-07-22 11:26:40,Vinh Long,Vinh Long,32.85,32.85,32.85,63.0,39.85,10000.0,0.0,96.0,8.46,14.41,261.0,1007.0,1,804,Clouds,overcast clouds,04d
2025-07-22 11:30:26,Vinh Long,Vinh Long,32.85,32.85,32.85,63.0,39.85,10000.0,0.0,96.0,8.46,14.41,261.0,1007.0,1,804,Clouds,overcast clouds,04d
2025-07-22 11:34:11,Vinh Long,Vinh Long,33.32,33.32,33.32,56.0,38.89,10000.0,0.0,97.0,9.04,14.59,262.0,1006.0,1,804,Clouds,overcast clouds,04d
2025-07-22 11:37:57,Vinh Long,Vinh Long,33.32,33.32,33.32,56.0,38.89,10000.0,0.0,97.0,9.04,14.59,262.0,1006.0,1,804,Clouds,overcast clouds,04d
2025-07-22 11:41:43,Vinh Long,Vinh Long,33.32,33.32,33.32,56.0,38.89,10000.0,0.0,97.0,9.04,14.59,262.0,1006.0,1,804,Clouds,overcast clouds,04d
2025-07-22 11:45:29,Vinh Long,Vinh Long,33.32,33.32,33.32,56.0,38.89,10000.0,0.0,97.0,9.04,14.59,262.0,1006.0,1,804,Clouds,overcast clouds,04d
2025-07-22 11:49:14,Vinh Long,Vinh Long,33.32,33.32,33.32,56.0,38.89,10000.0,0.0,97.0,9.04,14.59,262.0,1006.0,1,804,Clouds,overcast clouds,04d
2025-07-22 11:53:01,Vinh Long,Vinh Long,33.39,33.39,33.39,54.0,38.37,10000.0,0.0,97.0,9.04,14.59,262.0,1006.0,1,804,Clouds,overcast clouds,04d
2025-07-22 11:56:46,Vinh Long,Vinh Long,33.39,33.39,33.39,54.0,38.37,10000.0,0.0,97.0,9.04,14.59,262.0,1006.0,1,804,Clouds,overcast clouds,04d
2025-07-22 12:00:32,Vinh Long,Vinh Long,33.39,33.39,33.39,54.0,38.37,10000.0,0.0,97.0,9.04,14.59,262.0,1006.0,1,804,Clouds,overcast clouds,04d
2025-07-22 12:04:17,Vinh Long,Vinh Long,33.39,33.39,33.39,54.0,38.37,10000.0,0.0,97.0,9.04,14.59,262.0,1006.0,1,804,Clouds,overcast clouds,04d
2025-07-22 12:08:08,Vinh Long,Vinh Long,33.23,33.23,33.23,59.0,39.74,10000.0,0.0,97.0,9.04,14.59,262.0,1007.0,1,804,Clouds,overcast clouds,04d
2025-07-22 12:11:56,Vinh Long,Vinh Long,33.23,33.23,33.23,59.0,39.74,10000.0,0.0,97.0,9.04,14.59,262.0,1007.0,1,804,Clouds,overcast clouds,04d
2025-07-22 12:15:45,Vinh Long,Vinh Long,33.23,33.23,33.23,59.0,39.74,10000.0,0.0,97.0,9.04,14.59,262.0,1007.0,1,804,Clouds,overcast clouds,04d
2025-07-22 12:19:34,Vinh Long,Vinh Long,33.27,33.27,33.27,59.0,39.84,10000.0,0.0,97.0,9.04,14.59,262.0,1007.0,1,804,Clouds,overcast clouds,04d
2025-07-22 12:23:23,Vinh Long,Vinh Long,33.27,33.27,33.27,59.0,39.84,10000.0,0.0,97.0,9.04,14.59,262.0,1007.0,1,804,Clouds,overcast clouds,04d
2025-07-22 12:27:13,Vinh Long,Vinh Long,33.27,33.27,33.27,59.0,39.84,10000.0,0.0,97.0,9.04,14.59,262.0,1007.0,1,804,Clouds,overcast clouds,04d
2025-07-22 12:31:04,Vinh Long,Vinh Long,33.51,33.51,33.51,54.0,38.65,10000.0,0.0,93.0,8.84,14.45,262.0,1006.0,1,804,Clouds,overcast clouds,04d
2025-07-22 12:34:52,Vinh Long,Vinh Long,33.51,33.51,33.51,54.0,38.65,10000.0,0.0,93.0,8.84,14.45,262.0,1006.0,1,804,Clouds,overcast clouds,04d
2025-07-22 12:38:41,Vinh Long,Vinh Long,33.51,33.51,33.51,54.0,38.65,10000.0,0.0,93.0,8.84,14.45,262.0,1006.0,1,804,Clouds,overcast clouds,04d
2025-07-22 12:42:30,Vinh Long,Vinh Long,33.57,33.57,33.57,55.0,39.14,10000.0,0.0,93.0,8.84,14.45,262.0,1006.0,1,804,Clouds,overcast clouds,04d
2025-07-22 12:46:20,Vinh Long,Vinh Long,33.58,33.58,33.58,54.0,38.81,10000.0,0.0,93.0,8.84,14.45,262.0,1006.0,1,804,Clouds,overcast clouds,04d
2025-07-22 12:50:10,Vinh Long,Vinh Long,33.57,33.57,33.57,55.0,39.14,10000.0,0.0,93.0,8.84,14.45,262.0,1006.0,1,804,Clouds,overcast clouds,04d
2025-07-22 12:54:00,Vinh Long,Vinh Long,33.58,33.58,33.58,54.0,38.81,10000.0,0.0,93.0,8.84,14.45,262.0,1006.0,1,804,Clouds,overcast clouds,04d
2025-07-22 12:57:50,Vinh Long,Vinh Long,33.58,33.58,33.58,54.0,38.81,10000.0,0.0,87.0,8.91,14.84,262.0,1006.0,1,804,Clouds,overcast clouds,04d
2025-07-22 13:01:39,Vinh Long,Vinh Long,33.58,33.58,33.58,54.0,38.81,10000.0,0.0,87.0,8.91,14.84,262.0,1006.0,1,804,Clouds,overcast clouds,04d
2025-07-22 13:05:34,Vinh Long,Vinh Long,33.58,33.58,33.58,54.0,38.81,10000.0,0.0,87.0,8.91,14.84,262.0,1006.0,1,804,Clouds,overcast clouds,04d
2025-07-22 13:09:22,Vinh Long,Vinh Long,33.58,33.58,33.58,54.0,38.81,10000.0,0.0,87.0,8.91,14.84,262.0,1006.0,1,804,Clouds,overcast clouds,04d
2025-07-22 13:13:12,Vinh Long,Vinh Long,33.58,33.58,33.58,54.0,38.81,10000.0,0.0,87.0,8.91,14.84,262.0,1006.0,1,804,Clouds,overcast clouds,04d
2025-07-22 13:17:02,Vinh Long,Vinh Long,33.58,33.58,33.58,54.0,38.81,10000.0,0.0,87.0,8.91,14.84,262.0,1006.0,1,804,Clouds,overcast clouds,04d
2025-07-22 13:20:51,Vinh Long,Vinh Long,33.58,33.58,33.58,54.0,38.81,10000.0,0.0,87.0,8.91,14.84,262.0,1006.0,1,804,Clouds,overcast clouds,04d
2025-07-22 13:24:40,Vinh Long,Vinh Long,33.58,33.58,33.58,54.0,38.81,10000.0,0.0,87.0,8.91,14.84,262.0,1006.0,1,804,Clouds,overcast clouds,04d
2025-07-22 13:28:30,Vinh Long,Vinh Long,33.58,33.58,33.58,54.0,38.81,10000.0,0.0,87.0,8.91,14.84,262.0,1006.0,1,804,Clouds,overcast clouds,04d
2025-07-22 13:32:20,Vinh Long,Vinh Long,33.5,33.5,33.5,53.0,38.29,10000.0,0.0,100.0,8.45,13.91,259.0,1005.0,1,804,Clouds,overcast clouds,04d
2025-07-22 13:36:11,Vinh Long,Vinh Long,33.58,33.58,33.58,54.0,38.81,10000.0,0.0,87.0,8.91,14.84,262.0,1006.0,1,804,Clouds,overcast clouds,04d
2025-07-22 13:40:01,Vinh Long,Vinh Long,33.5,33.5,33.5,53.0,38.29,10000.0,0.0,100.0,8.45,13.91,259.0,1005.0,1,804,Clouds,overcast clouds,04d
2025-07-22 13:43:50,Vinh Long,Vinh Long,33.03,33.03,33.03,57.0,38.54,10000.0,0.0,100.0,8.45,13.91,259.0,1005.0,1,804,Clouds,overcast clouds,04d
2025-07-22 13:47:40,Vinh Long,Vinh Long,33.05,33.05,33.05,58.0,38.94,10000.0,0.0,100.0,8.45,13.91,259.0,1005.0,1,804,Clouds,overcast clouds,04d
2025-07-22 13:51:29,Vinh Long,Vinh Long,33.05,33.05,33.05,58.0,38.94,10000.0,0.0,100.0,8.45,13.91,259.0,1005.0,1,804,Clouds,overcast clouds,04d
2025-07-22 13:55:18,Vinh Long,Vinh Long,33.05,33.05,33.05,58.0,38.94,10000.0,0.0,100.0,8.45,13.91,259.0,1005.0,1,804,Clouds,overcast clouds,04d
2025-07-22 13:59:09,Vinh Long,Vinh Long,33.05,33.05,33.05,58.0,38.94,10000.0,0.0,100.0,8.45,13.91,259.0,1005.0,1,804,Clouds,overcast clouds,04d
2025-07-22 14:02:58,Vinh Long,Vinh Long,32.81,32.81,32.81,57.0,38.02,10000.0,0.0,100.0,8.45,13.91,259.0,1005.0,1,804,Clouds,overcast clouds,04d
2025-07-22 14:06:48,Vinh Long,Vinh Long,32.81,32.81,32.81,57.0,38.02,10000.0,0.0,100.0,8.45,13.91,259.0,1005.0,1,804,Clouds,overcast clouds,04d
2025-07-22 14:10:37,Vinh Long,Vinh Long,32.81,32.81,32.81,57.0,38.02,10000.0,0.0,100.0,8.45,13.91,259.0,1005.0,1,804,Clouds,overcast clouds,04d
2025-07-22 14:14:27,Vinh Long,Vinh Long,32.81,32.81,32.81,57.0,38.02,10000.0,0.0,100.0,8.45,13.91,259.0,1005.0,1,804,Clouds,overcast clouds,04d
2025-07-22 14:18:16,Vinh Long,Vinh Long,32.81,32.81,32.81,57.0,38.02,10000.0,0.0,100.0,8.45,13.91,259.0,1005.0,1,804,Clouds,overcast clouds,04d
2025-07-22 14:22:07,Vinh Long,Vinh Long,32.79,32.79,32.79,57.0,37.98,10000.0,0.0,100.0,8.45,13.91,259.0,1005.0,1,804,Clouds,overcast clouds,04d
2025-07-22 14:25:58,Vinh Long,Vinh Long,32.79,32.79,32.79,57.0,37.98,10000.0,0.0,100.0,8.45,13.91,259.0,1005.0,1,804,Clouds,overcast clouds,04d
2025-07-22 14:29:48,Vinh Long,Vinh Long,32.79,32.79,32.79,57.0,37.98,10000.0,0.0,100.0,8.45,13.91,259.0,1005.0,1,804,Clouds,overcast clouds,04d
2025-07-22 14:33:37,Vinh Long,Vinh Long,32.65,32.65,32.65,58.0,37.97,10000.0,0.0,100.0,8.34,13.29,259.0,1004.0,1,804,Clouds,overcast clouds,04d
2025-07-22 14:37:27,Vinh Long,Vinh Long,32.65,32.65,32.65,58.0,37.97,10000.0,0.0,100.0,8.34,13.29,259.0,1004.0,1,804,Clouds,overcast clouds,04d
2025-07-22 14:41:16,Vinh Long,Vinh Long,32.65,32.65,32.65,58.0,37.97,10000.0,0.0,100.0,8.34,13.29,259.0,1004.0,1,804,Clouds,overcast clouds,04d
2025-07-22 14:45:06,Vinh Long,Vinh Long,32.65,32.65,32.65,58.0,37.97,10000.0,0.0,100.0,8.34,13.29,259.0,1004.0,1,804,Clouds,overcast clouds,04d
2025-07-22 14:48:55,Vinh Long,Vinh Long,32.69,32.69,32.69,57.0,37.75,10000.0,0.0,100.0,8.34,13.29,259.0,1004.0,1,804,Clouds,overcast clouds,04d
2025-07-22 14:52:43,Vinh Long,Vinh Long,32.65,32.65,32.65,58.0,37.97,10000.0,0.0,100.0,8.34,13.29,259.0,1004.0,1,804,Clouds,overcast clouds,04d
2025-07-22 14:56:33,Vinh Long,Vinh Long,32.69,32.69,32.69,57.0,37.75,10000.0,0.0,100.0,8.34,13.29,259.0,1004.0,1,804,Clouds,overcast clouds,04d
2025-07-22 15:00:22,Vinh Long,Vinh Long,32.69,32.69,32.69,57.0,37.75,10000.0,0.0,100.0,8.34,13.29,259.0,1004.0,1,804,Clouds,overcast clouds,04d
2025-07-22 15:04:14,Vinh Long,Vinh Long,32.69,32.69,32.69,57.0,37.75,10000.0,0.0,100.0,8.34,13.29,259.0,1004.0,1,804,Clouds,overcast clouds,04d
2025-07-22 15:08:04,Vinh Long,Vinh Long,32.69,32.69,32.69,57.0,37.75,10000.0,0.0,100.0,8.34,13.29,259.0,1004.0,1,804,Clouds,overcast clouds,04d
2025-07-22 15:11:54,Vinh Long,Vinh Long,32.65,32.65,32.65,60.0,38.64,10000.0,0.0,100.0,8.34,13.29,259.0,1004.0,1,804,Clouds,overcast clouds,04d
2025-07-22 15:15:44,Vinh Long,Vinh Long,32.65,32.65,32.65,60.0,38.64,10000.0,0.0,100.0,8.34,13.29,259.0,1004.0,1,804,Clouds,overcast clouds,04d
2025-07-22 15:19:35,Vinh Long,Vinh Long,32.66,32.66,32.66,61.0,39.01,10000.0,0.0,100.0,8.34,13.29,259.0,1004.0,1,804,Clouds,overcast clouds,04d
2025-07-22 15:23:24,Vinh Long,Vinh Long,32.66,32.66,32.66,61.0,39.01,10000.0,0.0,100.0,8.34,13.29,259.0,1004.0,1,804,Clouds,overcast clouds,04d
2025-07-22 15:27:14,Vinh Long,Vinh Long,32.66,32.66,32.66,61.0,39.01,10000.0,0.0,100.0,8.34,13.29,259.0,1004.0,1,804,Clouds,overcast clouds,04d
2025-07-22 15:31:05,Vinh Long,Vinh Long,31.96,31.96,31.96,59.0,36.68,10000.0,0.0,100.0,8.01,13.53,254.0,1004.0,1,804,Clouds,overcast clouds,04d
2025-07-22 15:34:55,Vinh Long,Vinh Long,31.96,31.96,31.96,59.0,36.68,10000.0,0.0,100.0,8.01,13.53,254.0,1004.0,1,804,Clouds,overcast clouds,04d
2025-07-22 15:38:45,Vinh Long,Vinh Long,31.96,31.96,31.96,59.0,36.68,10000.0,0.0,100.0,8.01,13.53,254.0,1004.0,1,804,Clouds,overcast clouds,04d
2025-07-22 15:42:35,Vinh Long,Vinh Long,31.96,31.96,31.96,60.0,36.98,10000.0,0.0,100.0,8.01,13.53,254.0,1004.0,1,804,Clouds,overcast clouds,04d
2025-07-22 15:46:30,Vinh Long,Vinh Long,31.96,31.96,31.96,60.0,36.98,10000.0,0.0,100.0,8.01,13.53,254.0,1004.0,1,804,Clouds,overcast clouds,04d
2025-07-22 15:50:21,Vinh Long,Vinh Long,31.96,31.96,31.96,60.0,36.98,10000.0,0.0,100.0,8.01,13.53,254.0,1004.0,1,804,Clouds,overcast clouds,04d
2025-07-22 15:54:11,Vinh Long,Vinh Long,31.96,31.96,31.96,60.0,36.98,10000.0,0.0,100.0,8.01,13.53,254.0,1004.0,1,804,Clouds,overcast clouds,04d
2025-07-22 15:58:01,Vinh Long,Vinh Long,31.96,31.96,31.96,59.0,36.68,10000.0,0.0,100.0,8.01,13.53,254.0,1004.0,1,804,Clouds,overcast clouds,04d
2025-07-22 16:01:51,Vinh Long,Vinh Long,31.96,31.96,31.96,59.0,36.68,10000.0,0.0,100.0,8.01,13.53,254.0,1004.0,1,804,Clouds,overcast clouds,04d
2025-07-22 16:05:40,Vinh Long,Vinh Long,31.98,31.98,31.98,62.0,37.64,10000.0,0.0,100.0,8.01,13.53,254.0,1004.0,1,804,Clouds,overcast clouds,04d
2025-07-22 16:09:29,Vinh Long,Vinh Long,31.98,31.98,31.98,62.0,37.64,10000.0,0.0,100.0,8.01,13.53,254.0,1004.0,1,804,Clouds,overcast clouds,04d
2025-07-22 16:13:19,Vinh Long,Vinh Long,31.98,31.98,31.98,62.0,37.64,10000.0,0.0,100.0,8.01,13.53,254.0,1004.0,1,804,Clouds,overcast clouds,04d
2025-07-22 16:17:09,Vinh Long,Vinh Long,31.98,31.98,31.98,62.0,37.64,10000.0,0.0,100.0,8.01,13.53,254.0,1004.0,1,804,Clouds,overcast clouds,04d
2025-07-22 16:20:59,Vinh Long,Vinh Long,31.98,31.98,31.98,62.0,37.64,10000.0,0.0,100.0,8.01,13.53,254.0,1004.0,1,804,Clouds,overcast clouds,04d
2025-07-22 16:24:48,Vinh Long,Vinh Long,31.98,31.98,31.98,62.0,37.64,10000.0,0.0,100.0,8.01,13.53,254.0,1004.0,1,804,Clouds,overcast clouds,04d
2025-07-22 16:28:36,Vinh Long,Vinh Long,31.98,31.98,31.98,62.0,37.64,10000.0,0.0,100.0,8.01,13.53,254.0,1004.0,1,804,Clouds,overcast clouds,04d
2025-07-22 16:32:27,Vinh Long,Vinh Long,30.61,30.61,30.61,66.0,35.5,10000.0,0.0,100.0,6.93,12.16,249.0,1004.0,1,804,Clouds,overcast clouds,04d
2025-07-22 16:36:18,Vinh Long,Vinh Long,30.61,30.61,30.61,66.0,35.5,10000.0,0.0,100.0,6.93,12.16,249.0,1004.0,1,804,Clouds,overcast clouds,04d
2025-07-22 16:40:11,Vinh Long,Vinh Long,30.61,30.61,30.61,66.0,35.5,10000.0,0.0,100.0,6.93,12.16,249.0,1004.0,1,804,Clouds,overcast clouds,04d
2025-07-22 16:43:59,Vinh Long,Vinh Long,30.61,30.61,30.61,66.0,35.5,10000.0,0.0,100.0,6.93,12.16,249.0,1004.0,1,804,Clouds,overcast clouds,04d
2025-07-22 16:47:48,Vinh Long,Vinh Long,30.61,30.61,30.61,66.0,35.5,10000.0,0.0,100.0,6.93,12.16,249.0,1004.0,1,804,Clouds,overcast clouds,04d
2025-07-22 16:51:37,Vinh Long,Vinh Long,30.51,30.51,30.51,66.0,35.26,10000.0,0.0,100.0,6.93,12.16,249.0,1004.0,1,804,Clouds,overcast clouds,04d
2025-07-22 16:55:26,Vinh Long,Vinh Long,30.51,30.51,30.51,66.0,35.26,10000.0,0.0,100.0,6.93,12.16,249.0,1004.0,1,804,Clouds,overcast clouds,04d
2025-07-22 16:59:16,Vinh Long,Vinh Long,30.51,30.51,30.51,66.0,35.26,10000.0,0.0,100.0,6.93,12.16,249.0,1004.0,1,804,Clouds,overcast clouds,04d
2025-07-22 17:03:08,Vinh Long,Vinh Long,30.57,30.57,30.57,67.0,35.66,10000.0,0.0,100.0,6.93,12.16,249.0,1004.0,1,804,Clouds,overcast clouds,04d
2025-07-22 17:06:59,Vinh Long,Vinh Long,30.51,30.51,30.51,66.0,35.26,10000.0,0.0,100.0,6.93,12.16,249.0,1004.0,1,804,Clouds,overcast clouds,04d
2025-07-22 17:10:49,Vinh Long,Vinh Long,30.57,30.57,30.57,67.0,35.66,10000.0,0.0,100.0,6.93,12.16,249.0,1004.0,1,804,Clouds,overcast clouds,04d
2025-07-22 17:14:38,Vinh Long,Vinh Long,30.57,30.57,30.57,67.0,35.66,10000.0,0.0,100.0,6.93,12.16,249.0,1004.0,1,804,Clouds,overcast clouds,04d
2025-07-22 17:18:27,Vinh Long,Vinh Long,30.57,30.57,30.57,67.0,35.66,10000.0,0.0,100.0,6.93,12.16,249.0,1004.0,1,804,Clouds,overcast clouds,04d
2025-07-22 17:22:16,Vinh Long,Vinh Long,30.57,30.57,30.57,67.0,35.66,10000.0,0.0,100.0,6.93,12.16,249.0,1004.0,1,804,Clouds,overcast clouds,04d
2025-07-22 17:26:06,Vinh Long,Vinh Long,30.57,30.57,30.57,67.0,35.66,10000.0,0.0,100.0,6.93,12.16,249.0,1004.0,1,804,Clouds,overcast clouds,04d
2025-07-22 17:29:56,Vinh Long,Vinh Long,30.57,30.57,30.57,67.0,35.66,10000.0,0.0,100.0,6.93,12.16,249.0,1004.0,1,804,Clouds,overcast clouds,04d
2025-07-22 17:33:47,Vinh Long,Vinh Long,28.78,28.78,28.78,70.0,32.25,10000.0,0.0,100.0,6.27,11.09,249.0,1004.0,1,804,Clouds,overcast clouds,04d
2025-07-22 17:37:37,Vinh Long,Vinh Long,30.57,30.57,30.57,67.0,35.66,10000.0,0.0,100.0,6.93,12.16,249.0,1004.0,1,804,Clouds,overcast clouds,04d
2025-07-22 17:41:28,Vinh Long,Vinh Long,28.78,28.78,28.78,70.0,32.25,10000.0,0.0,100.0,6.27,11.09,249.0,1004.0,1,804,Clouds,overcast clouds,04d
2025-07-22 17:45:17,Vinh Long,Vinh Long,28.78,28.78,28.78,70.0,32.25,10000.0,0.0,100.0,6.27,11.09,249.0,1004.0,1,804,Clouds,overcast clouds,04d
2025-07-22 17:49:10,Vinh Long,Vinh Long,28.78,28.78,28.78,70.0,32.25,10000.0,0.0,100.0,6.27,11.09,249.0,1004.0,1,804,Clouds,overcast clouds,04d
2025-07-22 17:53:01,Vinh Long,Vinh Long,28.65,28.65,28.65,73.0,32.49,10000.0,0.0,100.0,6.27,11.09,249.0,1004.0,1,804,Clouds,overcast clouds,04d
2025-07-22 17:56:52,Vinh Long,Vinh Long,28.65,28.65,28.65,73.0,32.49,10000.0,0.0,100.0,6.27,11.09,249.0,1004.0,1,804,Clouds,overcast clouds,04d
2025-07-22 18:00:44,Vinh Long,Vinh Long,28.65,28.65,28.65,73.0,32.49,10000.0,0.0,100.0,6.27,11.09,249.0,1004.0,1,804,Clouds,overcast clouds,04d
2025-07-22 18:04:34,Vinh Long,Vinh Long,28.65,28.65,28.65,73.0,32.49,10000.0,0.0,100.0,6.27,11.09,249.0,1004.0,1,804,Clouds,overcast clouds,04d
2025-07-22 18:08:24,Vinh Long,Vinh Long,28.65,28.65,28.65,73.0,32.49,10000.0,0.0,100.0,6.27,11.09,249.0,1004.0,1,804,Clouds,overcast clouds,04d
2025-07-22 18:12:15,Vinh Long,Vinh Long,28.75,28.75,28.75,75.0,33.08,10000.0,0.0,100.0,6.27,11.09,249.0,1004.0,1,804,Clouds,overcast clouds,04d
2025-07-22 18:16:05,Vinh Long,Vinh Long,28.75,28.75,28.75,75.0,33.08,10000.0,0.0,100.0,6.27,11.09,249.0,1004.0,1,804,Clouds,overcast clouds,04d
2025-07-22 18:19:54,Vinh Long,Vinh Long,28.72,28.72,28.72,75.0,33.01,10000.0,0.0,100.0,6.27,11.09,249.0,1004.0,1,804,Clouds,overcast clouds,04d
2025-07-22 18:23:43,Vinh Long,Vinh Long,28.72,28.72,28.72,75.0,33.01,10000.0,0.0,100.0,6.27,11.09,249.0,1004.0,0,804,Clouds,overcast clouds,04d
2025-07-22 18:27:33,Vinh Long,Vinh Long,28.72,28.72,28.72,75.0,33.01,10000.0,0.0,100.0,6.27,11.09,249.0,1004.0,0,804,Clouds,overcast clouds,04n
2025-07-22 18:31:24,Vinh Long,Vinh Long,27.8,27.8,27.8,76.0,31.05,10000.0,0.0,100.0,5.8,11.74,252.0,1005.0,0,804,Clouds,overcast clouds,04n
2025-07-22 18:35:14,Vinh Long,Vinh Long,27.8,27.8,27.8,76.0,31.05,10000.0,0.0,100.0,5.8,11.74,252.0,1005.0,0,804,Clouds,overcast clouds,04n
2025-07-22 18:39:03,Vinh Long,Vinh Long,27.8,27.8,27.8,76.0,31.05,10000.0,0.0,100.0,5.8,11.74,252.0,1005.0,0,804,Clouds,overcast clouds,04n
2025-07-22 18:42:52,Vinh Long,Vinh Long,27.8,27.8,27.8,76.0,31.05,10000.0,0.0,100.0,5.8,11.74,252.0,1005.0,0,804,Clouds,overcast clouds,04n
2025-07-22 18:46:41,Vinh Long,Vinh Long,27.8,27.8,27.8,76.0,31.05,10000.0,0.0,100.0,5.8,11.74,252.0,1005.0,0,804,Clouds,overcast clouds,04n
2025-07-22 18:50:31,Vinh Long,Vinh Long,27.82,27.82,27.82,80.0,31.65,10000.0,0.0,96.0,4.55,10.37,263.0,1005.0,0,804,Clouds,overcast clouds,04n
2025-07-22 18:54:20,Vinh Long,Vinh Long,27.82,27.82,27.82,80.0,31.65,10000.0,0.0,96.0,4.55,10.37,263.0,1005.0,0,804,Clouds,overcast clouds,04n
2025-07-22 18:58:10,Vinh Long,Vinh Long,27.82,27.82,27.82,80.0,31.65,10000.0,0.0,96.0,4.55,10.37,263.0,1005.0,0,804,Clouds,overcast clouds,04n
2025-07-22 19:01:57,Vinh Long,Vinh Long,27.82,27.82,27.82,80.0,31.65,10000.0,0.0,96.0,4.55,10.37,263.0,1005.0,0,804,Clouds,overcast clouds,04n
2025-07-22 19:05:43,Vinh Long,Vinh Long,27.82,27.82,27.82,80.0,31.65,10000.0,0.0,96.0,4.55,10.37,263.0,1005.0,0,804,Clouds,overcast clouds,04n
2025-07-22 19:09:28,Vinh Long,Vinh Long,27.82,27.82,27.82,80.0,31.65,10000.0,0.0,96.0,4.55,10.37,263.0,1005.0,0,804,Clouds,overcast clouds,04n
2025-07-22 19:13:14,Vinh Long,Vinh Long,27.82,27.82,27.82,80.0,31.65,10000.0,0.0,96.0,4.55,10.37,263.0,1005.0,0,804,Clouds,overcast clouds,04n
2025-07-22 19:16:59,Vinh Long,Vinh Long,27.82,27.82,27.82,80.0,31.65,10000.0,0.0,96.0,4.55,10.37,263.0,1005.0,0,804,Clouds,overcast clouds,04n
2025-07-22 19:20:45,Vinh Long,Vinh Long,27.82,27.82,27.82,80.0,31.65,10000.0,0.0,96.0,4.55,10.37,263.0,1005.0,0,804,Clouds,overcast clouds,04n
2025-07-22 19:24:32,Vinh Long,Vinh Long,27.82,27.82,27.82,80.0,31.65,10000.0,0.0,96.0,4.55,10.37,263.0,1005.0,0,804,Clouds,overcast clouds,04n
2025-07-22 19:28:18,Vinh Long,Vinh Long,27.82,27.82,27.82,80.0,31.65,10000.0,0.0,96.0,4.55,10.37,263.0,1005.0,0,804,Clouds,overcast clouds,04n
2025-07-22 19:32:04,Vinh Long,Vinh Long,27.04,27.04,27.04,84.0,30.22,10000.0,0.0,100.0,3.58,9.43,254.0,1006.0,0,804,Clouds,overcast clouds,04n
2025-07-22 19:35:49,Vinh Long,Vinh Long,27.04,27.04,27.04,84.0,30.22,10000.0,0.0,100.0,3.58,9.43,254.0,1006.0,0,804,Clouds,overcast clouds,04n
2025-07-22 19:39:35,Vinh Long,Vinh Long,27.04,27.04,27.04,84.0,30.22,10000.0,0.0,100.0,3.58,9.43,254.0,1006.0,0,804,Clouds,overcast clouds,04n
2025-07-22 19:43:21,Vinh Long,Vinh Long,27.17,27.17,27.17,85.0,30.66,10000.0,0.0,100.0,3.58,9.43,254.0,1006.0,0,804,Clouds,overcast clouds,04n
2025-07-22 19:47:06,Vinh Long,Vinh Long,27.04,27.04,27.04,84.0,30.22,10000.0,0.0,100.0,3.58,9.43,254.0,1006.0,0,804,Clouds,overcast clouds,04n
2025-07-22 19:50:52,Vinh Long,Vinh Long,26.96,26.96,26.96,86.0,30.22,10000.0,0.0,100.0,3.58,9.43,254.0,1006.0,0,804,Clouds,overcast clouds,04n
2025-07-22 19:54:38,Vinh Long,Vinh Long,26.96,26.96,26.96,86.0,30.22,10000.0,0.0,100.0,3.58,9.43,254.0,1006.0,0,804,Clouds,overcast clouds,04n
2025-07-22 19:58:24,Vinh Long,Vinh Long,26.96,26.96,26.96,86.0,30.22,10000.0,0.0,100.0,3.58,9.43,254.0,1006.0,0,804,Clouds,overcast clouds,04n
2025-07-22 20:02:09,Vinh Long,Vinh Long,27.07,27.07,27.07,88.0,30.72,10000.0,0.0,100.0,3.58,9.43,254.0,1006.0,0,804,Clouds,overcast clouds,04n
2025-07-22 20:05:55,Vinh Long,Vinh Long,27.07,27.07,27.07,88.0,30.72,10000.0,0.0,100.0,3.58,9.43,254.0,1006.0,0,804,Clouds,overcast clouds,04n
2025-07-22 20:09:41,Vinh Long,Vinh Long,27.07,27.07,27.07,88.0,30.72,10000.0,0.0,100.0,3.58,9.43,254.0,1006.0,0,804,Clouds,overcast clouds,04n
2025-07-22 20:13:26,Vinh Long,Vinh Long,27.07,27.07,27.07,88.0,30.72,10000.0,0.0,100.0,3.58,9.43,254.0,1006.0,0,804,Clouds,overcast clouds,04n
2025-07-22 20:17:12,Vinh Long,Vinh Long,27.06,27.06,27.06,88.0,30.69,10000.0,0.0,100.0,3.58,9.43,254.0,1006.0,0,804,Clouds,overcast clouds,04n
2025-07-22 20:20:58,Vinh Long,Vinh Long,27.06,27.06,27.06,88.0,30.69,10000.0,0.0,100.0,3.58,9.43,254.0,1006.0,0,804,Clouds,overcast clouds,04n
2025-07-22 20:24:44,Vinh Long,Vinh Long,27.06,27.06,27.06,88.0,30.69,10000.0,0.0,100.0,3.58,9.43,254.0,1006.0,0,804,Clouds,overcast clouds,04n
2025-07-22 20:28:29,Vinh Long,Vinh Long,27.06,27.06,27.06,88.0,30.69,10000.0,0.0,100.0,3.58,9.43,254.0,1006.0,0,804,Clouds,overcast clouds,04n
2025-07-22 20:32:15,Vinh Long,Vinh Long,26.65,26.65,26.65,89.0,26.65,10000.0,0.0,100.0,4.43,10.87,240.0,1006.0,0,804,Clouds,overcast clouds,04n
2025-07-22 20:36:01,Vinh Long,Vinh Long,26.65,26.65,26.65,89.0,26.65,10000.0,0.0,100.0,4.43,10.87,240.0,1006.0,0,804,Clouds,overcast clouds,04n
2025-07-22 20:39:47,Vinh Long,Vinh Long,26.65,26.65,26.65,89.0,26.65,10000.0,0.0,100.0,4.43,10.87,240.0,1006.0,0,804,Clouds,overcast clouds,04n
2025-07-22 20:43:33,Vinh Long,Vinh Long,26.65,26.65,26.65,89.0,26.65,10000.0,0.0,100.0,4.43,10.87,240.0,1006.0,0,804,Clouds,overcast clouds,04n
2025-07-22 20:47:19,Vinh Long,Vinh Long,26.61,26.61,26.61,88.0,26.61,10000.0,0.0,100.0,4.43,10.87,240.0,1007.0,0,804,Clouds,overcast clouds,04n
2025-07-22 20:51:04,Vinh Long,Vinh Long,26.65,26.65,26.65,89.0,26.65,10000.0,0.0,100.0,4.43,10.87,240.0,1006.0,0,804,Clouds,overcast clouds,04n
2025-07-22 20:54:50,Vinh Long,Vinh Long,26.61,26.61,26.61,88.0,26.61,10000.0,0.0,100.0,4.43,10.87,240.0,1007.0,0,804,Clouds,overcast clouds,04n
2025-07-22 20:58:36,Vinh Long,Vinh Long,26.61,26.61,26.61,88.0,26.61,10000.0,0.0,100.0,4.43,10.87,240.0,1007.0,0,804,Clouds,overcast clouds,04n
2025-07-22 21:02:24,Vinh Long,Vinh Long,26.72,26.72,26.72,89.0,29.86,10000.0,0.0,100.0,4.43,10.87,240.0,1006.0,0,804,Clouds,overcast clouds,04n
2025-07-22 21:06:10,Vinh Long,Vinh Long,26.72,26.72,26.72,89.0,29.86,10000.0,0.0,100.0,4.43,10.87,240.0,1006.0,0,804,Clouds,overcast clouds,04n
2025-07-22 21:09:56,Vinh Long,Vinh Long,26.72,26.72,26.72,89.0,29.86,10000.0,0.0,100.0,4.43,10.87,240.0,1006.0,0,804,Clouds,overcast clouds,04n
2025-07-22 21:13:42,Vinh Long,Vinh Long,26.72,26.72,26.72,89.0,29.86,10000.0,0.0,100.0,4.43,10.87,240.0,1006.0,0,804,Clouds,overcast clouds,04n
2025-07-22 21:17:30,Vinh Long,Vinh Long,26.72,26.72,26.72,89.0,29.86,10000.0,0.0,100.0,4.43,10.87,240.0,1006.0,0,804,Clouds,overcast clouds,04n
2025-07-22 21:21:16,Vinh Long,Vinh Long,26.72,26.72,26.72,89.0,29.86,10000.0,0.0,100.0,4.43,10.87,240.0,1006.0,0,804,Clouds,overcast clouds,04n
2025-07-22 21:25:01,Vinh Long,Vinh Long,26.72,26.72,26.72,89.0,29.86,10000.0,0.0,100.0,4.43,10.87,240.0,1006.0,0,804,Clouds,overcast clouds,04n
2025-07-22 21:28:47,Vinh Long,Vinh Long,26.72,26.72,26.72,89.0,29.86,10000.0,0.0,100.0,4.43,10.87,240.0,1006.0,0,804,Clouds,overcast clouds,04n
2025-07-22 21:32:33,Vinh Long,Vinh Long,26.72,26.72,26.72,89.0,29.86,10000.0,0.0,100.0,4.43,10.87,240.0,1006.0,0,804,Clouds,overcast clouds,04n
2025-07-22 21:36:18,Vinh Long,Vinh Long,26.72,26.72,26.72,89.0,29.86,10000.0,0.0,100.0,4.43,10.87,240.0,1006.0,0,804,Clouds,overcast clouds,04n
2025-07-22 21:40:04,Vinh Long,Vinh Long,26.72,26.72,26.72,89.0,29.86,10000.0,0.0,100.0,4.43,10.87,240.0,1006.0,0,804,Clouds,overcast clouds,04n
2025-07-22 21:43:50,Vinh Long,Vinh Long,26.76,26.76,26.76,87.0,29.8,10000.0,0.0,100.0,3.99,10.32,234.0,1007.0,0,804,Clouds,overcast clouds,04n
2025-07-22 21:47:36,Vinh Long,Vinh Long,26.76,26.76,26.76,87.0,29.8,10000.0,0.0,100.0,3.99,10.32,234.0,1007.0,0,804,Clouds,overcast clouds,04n
2025-07-22 21:51:25,Vinh Long,Vinh Long,26.76,26.76,26.76,87.0,29.8,10000.0,0.0,100.0,3.99,10.32,234.0,1007.0,0,804,Clouds,overcast clouds,04n
2025-07-22 21:55:11,Vinh Long,Vinh Long,26.74,26.74,26.74,87.0,29.75,10000.0,0.0,100.0,3.99,10.32,234.0,1007.0,0,804,Clouds,overcast clouds,04n
2025-07-22 21:58:56,Vinh Long,Vinh Long,26.74,26.74,26.74,87.0,29.75,10000.0,0.0,100.0,3.99,10.32,234.0,1007.0,0,804,Clouds,overcast clouds,04n
2025-07-22 22:02:42,Vinh Long,Vinh Long,26.74,26.74,26.74,87.0,29.75,10000.0,0.0,100.0,3.99,10.32,234.0,1007.0,0,804,Clouds,overcast clouds,04n
2025-07-22 22:06:32,Vinh Long,Vinh Long,26.82,26.82,26.82,89.0,30.13,10000.0,0.0,100.0,3.99,10.32,234.0,1007.0,0,804,Clouds,overcast clouds,04n
2025-07-22 22:10:18,Vinh Long,Vinh Long,26.82,26.82,26.82,89.0,30.13,10000.0,0.0,100.0,3.99,10.32,234.0,1007.0,0,804,Clouds,overcast clouds,04n
2025-07-22 22:14:03,Vinh Long,Vinh Long,26.82,26.82,26.82,89.0,30.13,10000.0,0.0,100.0,3.99,10.32,234.0,1007.0,0,804,Clouds,overcast clouds,04n
2025-07-22 22:17:49,Vinh Long,Vinh Long,26.82,26.82,26.82,89.0,30.13,10000.0,0.0,100.0,3.99,10.32,234.0,1007.0,0,804,Clouds,overcast clouds,04n
2025-07-22 22:21:35,Vinh Long,Vinh Long,26.82,26.82,26.82,89.0,30.13,10000.0,0.0,100.0,3.99,10.32,234.0,1007.0,0,804,Clouds,overcast clouds,04n
2025-07-22 22:25:20,Vinh Long,Vinh Long,26.82,26.82,26.82,89.0,30.13,10000.0,0.0,100.0,3.99,10.32,234.0,1007.0,0,804,Clouds,overcast clouds,04n
2025-07-22 22:29:07,Vinh Long,Vinh Long,26.82,26.82,26.82,89.0,30.13,10000.0,0.0,100.0,3.99,10.32,234.0,1007.0,0,804,Clouds,overcast clouds,04n
2025-07-22 22:32:52,Vinh Long,Vinh Long,26.82,26.82,26.82,89.0,30.13,10000.0,0.0,100.0,3.99,10.32,234.0,1007.0,0,804,Clouds,overcast clouds,04n
2025-07-22 22:36:37,Vinh Long,Vinh Long,26.82,26.82,26.82,89.0,30.13,10000.0,0.0,100.0,3.99,10.32,234.0,1007.0,0,804,Clouds,overcast clouds,04n
2025-07-22 22:40:23,Vinh Long,Vinh Long,26.48,26.48,26.48,89.0,26.48,10000.0,0.0,100.0,2.99,9.13,233.0,1007.0,0,804,Clouds,overcast clouds,04n
2025-07-22 22:44:09,Vinh Long,Vinh Long,26.48,26.48,26.48,89.0,26.48,10000.0,0.0,100.0,2.99,9.13,233.0,1007.0,0,804,Clouds,overcast clouds,04n
2025-07-22 22:47:54,Vinh Long,Vinh Long,26.48,26.48,26.48,89.0,26.48,10000.0,0.0,100.0,2.99,9.13,233.0,1007.0,0,804,Clouds,overcast clouds,04n
2025-07-22 22:51:41,Vinh Long,Vinh Long,26.41,26.41,26.41,90.0,26.41,10000.0,0.0,100.0,2.99,9.13,233.0,1007.0,0,804,Clouds,overcast clouds,04n
2025-07-22 22:55:27,Vinh Long,Vinh Long,26.41,26.41,26.41,90.0,26.41,10000.0,0.0,100.0,2.99,9.13,233.0,1007.0,0,804,Clouds,overcast clouds,04n
2025-07-22 22:59:12,Vinh Long,Vinh Long,26.41,26.41,26.41,90.0,26.41,10000.0,0.0,100.0,2.99,9.13,233.0,1007.0,0,804,Clouds,overcast clouds,04n
2025-07-22 23:02:58,Vinh Long,Vinh Long,26.48,26.48,26.48,93.0,26.48,10000.0,0.0,100.0,2.99,9.13,233.0,1007.0,0,804,Clouds,overcast clouds,04n
2025-07-22 23:06:44,Vinh Long,Vinh Long,26.48,26.48,26.48,93.0,26.48,10000.0,0.0,100.0,2.99,9.13,233.0,1007.0,0,804,Clouds,overcast clouds,04n
2025-07-22 23:10:34,Vinh Long,Vinh Long,26.48,26.48,26.48,93.0,26.48,10000.0,0.0,100.0,2.99,9.13,233.0,1007.0,0,804,Clouds,overcast clouds,04n
2025-07-22 23:14:21,Vinh Long,Vinh Long,26.48,26.48,26.48,93.0,26.48,10000.0,0.0,100.0,2.99,9.13,233.0,1007.0,0,804,Clouds,overcast clouds,04n
2025-07-22 23:18:07,Vinh Long,Vinh Long,26.48,26.48,26.48,93.0,26.48,10000.0,0.0,100.0,2.99,9.13,233.0,1007.0,0,804,Clouds,overcast clouds,04n
2025-07-22 23:21:54,Vinh Long,Vinh Long,26.48,26.48,26.48,93.0,26.48,10000.0,0.0,100.0,2.99,9.13,233.0,1007.0,0,804,Clouds,overcast clouds,04n
2025-07-22 23:25:41,Vinh Long,Vinh Long,26.48,26.48,26.48,93.0,26.48,10000.0,0.0,100.0,2.99,9.13,233.0,1007.0,0,804,Clouds,overcast clouds,04n
2025-07-22 23:29:27,Vinh Long,Vinh Long,26.48,26.48,26.48,93.0,26.48,10000.0,0.0,100.0,2.99,9.13,233.0,1007.0,0,804,Clouds,overcast clouds,04n
2025-07-22 23:33:12,Vinh Long,Vinh Long,26.48,26.48,26.48,93.0,26.48,10000.0,0.0,100.0,2.99,9.13,233.0,1007.0,0,804,Clouds,overcast clouds,04n
2025-07-22 23:36:57,Vinh Long,Vinh Long,26.48,26.48,26.48,93.0,26.48,10000.0,0.0,100.0,2.99,9.13,233.0,1007.0,0,804,Clouds,overcast clouds,04n
2025-07-22 23:40:44,Vinh Long,Vinh Long,26.14,26.14,26.14,91.0,26.14,10000.0,0.0,100.0,3.33,9.73,233.0,1007.0,0,804,Clouds,overcast clouds,04n
2025-07-22 23:44:36,Vinh Long,Vinh Long,26.14,26.14,26.14,91.0,26.14,10000.0,0.0,100.0,3.33,9.73,233.0,1007.0,0,804,Clouds,overcast clouds,04n
2025-07-22 23:48:29,Vinh Long,Vinh Long,26.14,26.14,26.14,91.0,26.14,10000.0,0.0,100.0,3.33,9.73,233.0,1007.0,0,804,Clouds,overcast clouds,04n
2025-07-22 23:52:23,Vinh Long,Vinh Long,26.01,26.01,26.01,87.0,26.01,10000.0,0.0,100.0,3.33,9.73,233.0,1007.0,0,804,Clouds,overcast clouds,04n
2025-07-22 23:56:08,Vinh Long,Vinh Long,26.01,26.01,26.01,87.0,26.01,10000.0,0.0,100.0,3.33,9.73,233.0,1007.0,0,804,Clouds,overcast clouds,04n
2025-07-23 00:00:02,Vinh Long,Vinh Long,26.01,26.01,26.01,87.0,26.01,10000.0,0.0,100.0,3.33,9.73,233.0,1007.0,0,804,Clouds,overcast clouds,04n
2025-07-23 00:03:48,Vinh Long,Vinh Long,26.04,26.04,26.04,87.0,26.04,10000.0,0.0,100.0,3.33,9.73,233.0,1007.0,0,804,Clouds,overcast clouds,04n
2025-07-23 00:07:40,Vinh Long,Vinh Long,26.04,26.04,26.04,87.0,26.04,10000.0,0.0,100.0,3.33,9.73,233.0,1007.0,0,804,Clouds,overcast clouds,04n
2025-07-23 00:11:25,Vinh Long,Vinh Long,26.04,26.04,26.04,87.0,26.04,10000.0,0.0,100.0,3.33,9.73,233.0,1007.0,0,804,Clouds,overcast clouds,04n
2025-07-23 00:15:12,Vinh Long,Vinh Long,26.04,26.04,26.04,87.0,26.04,10000.0,0.0,100.0,3.33,9.73,233.0,1007.0,0,804,Clouds,overcast clouds,04n
2025-07-23 00:18:57,Vinh Long,Vinh Long,26.04,26.04,26.04,87.0,26.04,10000.0,0.0,100.0,3.33,9.73,233.0,1007.0,0,804,Clouds,overcast clouds,04n
2025-07-23 00:22:42,Vinh Long,Vinh Long,26.04,26.04,26.04,87.0,26.04,10000.0,0.0,100.0,3.33,9.73,233.0,1007.0,0,804,Clouds,overcast clouds,04n
2025-07-23 00:26:30,Vinh Long,Vinh Long,26.04,26.04,26.04,87.0,26.04,10000.0,0.0,100.0,3.33,9.73,233.0,1007.0,0,804,Clouds,overcast clouds,04n
2025-07-23 00:30:15,Vinh Long,Vinh Long,26.04,26.04,26.04,87.0,26.04,10000.0,0.0,100.0,3.33,9.73,233.0,1007.0,0,804,Clouds,overcast clouds,04n
2025-07-23 00:34:01,Vinh Long,Vinh Long,25.97,25.97,25.97,93.0,25.97,10000.0,0.0,100.0,2.52,8.53,233.0,1006.0,0,804,Clouds,overcast clouds,04n
2025-07-23 00:37:47,Vinh Long,Vinh Long,25.97,25.97,25.97,93.0,25.97,10000.0,0.0,100.0,2.52,8.53,233.0,1006.0,0,804,Clouds,overcast clouds,04n
2025-07-23 00:41:33,Vinh Long,Vinh Long,25.97,25.97,25.97,93.0,25.97,10000.0,0.0,100.0,2.52,8.53,233.0,1006.0,0,804,Clouds,overcast clouds,04n
2025-07-23 00:45:20,Vinh Long,Vinh Long,25.97,25.97,25.97,93.0,25.97,10000.0,0.0,100.0,2.52,8.53,233.0,1006.0,0,804,Clouds,overcast clouds,04n
2025-07-23 00:49:07,Vinh Long,Vinh Long,25.96,25.96,25.96,93.0,25.96,10000.0,0.0,100.0,2.52,8.53,233.0,1006.0,0,804,Clouds,overcast clouds,04n
2025-07-23 00:52:53,Vinh Long,Vinh Long,25.96,25.96,25.96,93.0,25.96,10000.0,0.0,100.0,3.49,9.96,235.0,1006.0,0,804,Clouds,overcast clouds,04n
2025-07-23 00:56:39,Vinh Long,Vinh Long,25.96,25.96,25.96,93.0,25.96,10000.0,0.0,100.0,3.49,9.96,235.0,1006.0,0,804,Clouds,overcast clouds,04n
2025-07-23 01:00:24,Vinh Long,Vinh Long,25.96,25.96,25.96,93.0,25.96,10000.0,0.0,100.0,3.49,9.96,235.0,1006.0,0,804,Clouds,overcast clouds,04n
2025-07-23 01:04:10,Vinh Long,Vinh Long,25.96,25.96,25.96,93.0,25.96,10000.0,0.0,100.0,3.49,9.96,235.0,1006.0,0,804,Clouds,overcast clouds,04n
2025-07-23 01:07:57,Vinh Long,Vinh Long,25.96,25.96,25.96,93.0,25.96,10000.0,0.0,100.0,3.49,9.96,235.0,1006.0,0,804,Clouds,overcast clouds,04n
2025-07-23 01:11:44,Vinh Long,Vinh Long,25.96,25.96,25.96,93.0,25.96,10000.0,0.0,100.0,3.49,9.96,235.0,1006.0,0,804,Clouds,overcast clouds,04n
2025-07-23 01:15:31,Vinh Long,Vinh Long,25.96,25.96,25.96,93.0,25.96,10000.0,0.0,100.0,3.49,9.96,235.0,1006.0,0,804,Clouds,overcast clouds,04n
2025-07-23 01:19:19,Vinh Long,Vinh Long,25.96,25.96,25.96,93.0,25.96,10000.0,0.0,100.0,3.49,9.96,235.0,1006.0,0,804,Clouds,overcast clouds,04n
2025-07-23 01:23:06,Vinh Long,Vinh Long,25.96,25.96,25.96,93.0,25.96,10000.0,0.0,100.0,3.49,9.96,235.0,1006.0,0,804,Clouds,overcast clouds,04n
2025-07-23 01:26:52,Vinh Long,Vinh Long,25.96,25.96,25.96,93.0,25.96,10000.0,0.0,100.0,3.49,9.96,235.0,1006.0,0,804,Clouds,overcast clouds,04n
2025-07-23 01:30:47,Vinh Long,Vinh Long,25.62,25.62,25.62,93.0,26.67,10000.0,0.0,100.0,2.86,9.05,233.0,1006.0,0,804,Clouds,overcast clouds,04n
2025-07-23 01:34:33,Vinh Long,Vinh Long,25.62,25.62,25.62,93.0,26.67,10000.0,0.0,100.0,2.86,9.05,233.0,1006.0,0,804,Clouds,overcast clouds,04n
2025-07-23 01:38:18,Vinh Long,Vinh Long,25.62,25.62,25.62,93.0,26.67,10000.0,0.0,100.0,2.86,9.05,233.0,1006.0,0,804,Clouds,overcast clouds,04n
2025-07-23 01:42:04,Vinh Long,Vinh Long,26.05,26.05,26.05,92.0,26.05,10000.0,0.0,100.0,2.86,9.05,233.0,1006.0,0,804,Clouds,overcast clouds,04n
2025-07-23 01:45:50,Vinh Long,Vinh Long,26.05,26.05,26.05,92.0,26.05,10000.0,0.0,100.0,2.86,9.05,233.0,1006.0,0,804,Clouds,overcast clouds,04n
2025-07-23 01:49:36,Vinh Long,Vinh Long,26.05,26.05,26.05,92.0,26.05,10000.0,0.0,100.0,2.86,9.05,233.0,1006.0,0,804,Clouds,overcast clouds,04n
2025-07-23 01:53:21,Vinh Long,Vinh Long,26.05,26.05,26.05,92.0,26.05,10000.0,0.0,100.0,2.86,9.05,233.0,1006.0,0,804,Clouds,overcast clouds,04n
2025-07-23 01:57:08,Vinh Long,Vinh Long,26.05,26.05,26.05,92.0,26.05,10000.0,0.0,100.0,2.86,9.05,233.0,1006.0,0,804,Clouds,overcast clouds,04n
2025-07-23 02:00:54,Vinh Long,Vinh Long,26.05,26.05,26.05,92.0,26.05,10000.0,0.0,100.0,2.86,9.05,233.0,1006.0,0,804,Clouds,overcast clouds,04n
2025-07-23 02:04:39,Vinh Long,Vinh Long,26.05,26.05,26.05,92.0,26.05,10000.0,0.0,100.0,2.86,9.05,233.0,1006.0,0,804,Clouds,overcast clouds,04n
2025-07-23 02:08:25,Vinh Long,Vinh Long,26.06,26.06,26.06,94.0,26.06,10000.0,0.0,100.0,2.86,9.05,233.0,1006.0,0,804,Clouds,overcast clouds,04n
2025-07-23 02:12:12,Vinh Long,Vinh Long,26.06,26.06,26.06,94.0,26.06,10000.0,0.0,100.0,2.86,9.05,233.0,1006.0,0,804,Clouds,overcast clouds,04n
2025-07-23 02:15:58,Vinh Long,Vinh Long,26.06,26.06,26.06,94.0,26.06,10000.0,0.0,100.0,2.86,9.05,233.0,1006.0,0,804,Clouds,overcast clouds,04n
2025-07-23 02:19:44,Vinh Long,Vinh Long,26.06,26.06,26.06,94.0,26.06,10000.0,0.0,100.0,2.86,9.05,233.0,1006.0,0,804,Clouds,overcast clouds,04n
2025-07-23 02:23:30,Vinh Long,Vinh Long,26.06,26.06,26.06,94.0,26.06,10000.0,0.0,100.0,2.86,9.05,233.0,1006.0,0,804,Clouds,overcast clouds,04n
2025-07-23 02:27:16,Vinh Long,Vinh Long,26.06,26.06,26.06,94.0,26.06,10000.0,0.0,100.0,2.86,9.05,233.0,1006.0,0,804,Clouds,overcast clouds,04n
2025-07-23 02:31:02,Vinh Long,Vinh Long,25.65,25.65,25.65,93.0,26.7,10000.0,0.0,95.0,2.57,8.87,225.0,1006.0,0,804,Clouds,overcast clouds,04n
2025-07-23 02:34:48,Vinh Long,Vinh Long,25.65,25.65,25.65,93.0,26.7,10000.0,0.0,95.0,2.57,8.87,225.0,1006.0,0,804,Clouds,overcast clouds,04n
2025-07-23 02:38:33,Vinh Long,Vinh Long,25.65,25.65,25.65,93.0,26.7,10000.0,0.0,95.0,2.57,8.87,225.0,1006.0,0,804,Clouds,overcast clouds,04n
2025-07-23 02:42:21,Vinh Long,Vinh Long,25.61,25.61,25.61,93.0,26.65,10000.0,0.0,95.0,2.57,8.87,225.0,1005.0,0,804,Clouds,overcast clouds,04n
2025-07-23 02:46:07,Vinh Long,Vinh Long,25.61,25.61,25.61,93.0,26.65,10000.0,0.0,95.0,2.57,8.87,225.0,1005.0,0,804,Clouds,overcast clouds,04n
2025-07-23 02:49:53,Vinh Long,Vinh Long,25.61,25.61,25.61,93.0,26.65,10000.0,0.0,95.0,2.57,8.87,225.0,1005.0,0,804,Clouds,overcast clouds,04n
2025-07-23 02:53:39,Vinh Long,Vinh Long,25.59,25.59,25.59,93.0,26.63,10000.0,0.0,95.0,2.57,8.87,225.0,1005.0,0,804,Clouds,overcast clouds,04n
2025-07-23 02:57:25,Vinh Long,Vinh Long,25.59,25.59,25.59,93.0,26.63,10000.0,0.0,95.0,2.57,8.87,225.0,1005.0,0,804,Clouds,overcast clouds,04n
2025-07-23 03:01:11,Vinh Long,Vinh Long,25.59,25.59,25.59,93.0,26.63,10000.0,0.0,95.0,2.57,8.87,225.0,1005.0,0,804,Clouds,overcast clouds,04n
2025-07-23 03:04:57,Vinh Long,Vinh Long,25.69,25.69,25.69,95.0,26.8,10000.0,0.0,95.0,2.57,8.87,225.0,1005.0,0,804,Clouds,overcast clouds,04n
2025-07-23 03:08:44,Vinh Long,Vinh Long,25.69,25.69,25.69,95.0,26.8,10000.0,0.0,95.0,2.57,8.87,225.0,1005.0,0,804,Clouds,overcast clouds,04n
2025-07-23 03:12:30,Vinh Long,Vinh Long,25.69,25.69,25.69,95.0,26.8,10000.0,0.0,95.0,2.57,8.87,225.0,1005.0,0,804,Clouds,overcast clouds,04n
2025-07-23 03:16:16,Vinh Long,Vinh Long,25.68,25.68,25.68,95.0,26.78,10000.0,0.0,95.0,2.57,8.87,225.0,1005.0,0,804,Clouds,overcast clouds,04n
2025-07-23 03:20:03,Vinh Long,Vinh Long,25.68,25.68,25.68,95.0,26.78,10000.0,0.0,95.0,2.57,8.87,225.0,1005.0,0,804,Clouds,overcast clouds,04n
2025-07-23 03:23:48,Vinh Long,Vinh Long,25.68,25.68,25.68,95.0,26.78,10000.0,0.0,95.0,2.57,8.87,225.0,1005.0,0,804,Clouds,overcast clouds,04n
2025-07-23 03:27:35,Vinh Long,Vinh Long,25.68,25.68,25.68,95.0,26.78,10000.0,0.0,95.0,2.57,8.87,225.0,1005.0,0,804,Clouds,overcast clouds,04n
2025-07-23 03:31:21,Vinh Long,Vinh Long,25.68,25.68,25.68,95.0,26.78,10000.0,0.0,95.0,2.57,8.87,225.0,1005.0,0,804,Clouds,overcast clouds,04n
2025-07-23 03:35:08,Vinh Long,Vinh Long,25.49,25.49,25.49,93.0,26.52,10000.0,0.0,92.0,2.76,9.9,222.0,1005.0,0,804,Clouds,overcast clouds,04n
2025-07-23 03:38:54,Vinh Long,Vinh Long,25.49,25.49,25.49,93.0,26.52,10000.0,0.0,92.0,2.76,9.9,222.0,1005.0,0,804,Clouds,overcast clouds,04n
2025-07-23 03:42:40,Vinh Long,Vinh Long,25.49,25.49,25.49,93.0,26.52,10000.0,0.0,92.0,2.76,9.9,222.0,1005.0,0,804,Clouds,overcast clouds,04n
2025-07-23 03:46:27,Vinh Long,Vinh Long,25.47,25.47,25.47,93.0,26.5,10000.0,0.0,92.0,2.76,9.9,222.0,1005.0,0,804,Clouds,overcast clouds,04n
2025-07-23 03:50:13,Vinh Long,Vinh Long,25.47,25.47,25.47,93.0,26.5,10000.0,0.0,92.0,2.76,9.9,222.0,1005.0,0,804,Clouds,overcast clouds,04n
2025-07-23 03:53:59,Vinh Long,Vinh Long,25.47,25.47,25.47,93.0,26.5,10000.0,0.0,92.0,2.76,9.9,222.0,1005.0,0,804,Clouds,overcast clouds,04n
2025-07-23 03:57:45,Vinh Long,Vinh Long,25.47,25.47,25.47,93.0,26.5,10000.0,0.0,92.0,2.76,9.9,222.0,1005.0,0,804,Clouds,overcast clouds,04n
2025-07-23 04:01:30,Vinh Long,Vinh Long,25.47,25.47,25.47,93.0,26.5,10000.0,0.0,92.0,2.76,9.9,222.0,1005.0,0,804,Clouds,overcast clouds,04n
2025-07-23 04:05:16,Vinh Long,Vinh Long,25.47,25.47,25.47,93.0,26.5,10000.0,0.0,92.0,2.76,9.9,222.0,1005.0,0,804,Clouds,overcast clouds,04n
2025-07-23 04:09:02,Vinh Long,Vinh Long,25.55,25.55,25.55,95.0,26.64,10000.0,0.0,92.0,2.76,9.9,222.0,1005.0,0,804,Clouds,overcast clouds,04n
2025-07-23 04:12:48,Vinh Long,Vinh Long,25.55,25.55,25.55,95.0,26.64,10000.0,0.0,92.0,2.76,9.9,222.0,1005.0,0,804,Clouds,overcast clouds,04n
2025-07-23 04:16:34,Vinh Long,Vinh Long,25.56,25.56,25.56,95.0,26.65,10000.0,0.0,92.0,2.76,9.9,222.0,1005.0,0,804,Clouds,overcast clouds,04n
2025-07-23 04:20:19,Vinh Long,Vinh Long,25.56,25.56,25.56,95.0,26.65,10000.0,0.0,92.0,2.76,9.9,222.0,1005.0,0,804,Clouds,overcast clouds,04n
2025-07-23 04:24:06,Vinh Long,Vinh Long,25.56,25.56,25.56,95.0,26.65,10000.0,0.0,92.0,2.76,9.9,222.0,1005.0,0,804,Clouds,overcast clouds,04n
2025-07-23 04:27:52,Vinh Long,Vinh Long,25.56,25.56,25.56,95.0,26.65,10000.0,0.0,92.0,2.76,9.9,222.0,1005.0,0,804,Clouds,overcast clouds,04n
2025-07-23 04:31:39,Vinh Long,Vinh Long,25.51,25.51,25.51,92.0,26.52,10000.0,0.0,94.0,3.03,10.02,225.0,1006.0,0,804,Clouds,overcast clouds,04n
2025-07-23 04:35:24,Vinh Long,Vinh Long,25.51,25.51,25.51,92.0,26.52,10000.0,0.0,94.0,3.03,10.02,225.0,1006.0,0,804,Clouds,overcast clouds,04n
2025-07-23 04:39:10,Vinh Long,Vinh Long,25.51,25.51,25.51,92.0,26.52,10000.0,0.0,94.0,3.03,10.02,225.0,1006.0,0,804,Clouds,overcast clouds,04n
2025-07-23 04:42:57,Vinh Long,Vinh Long,25.51,25.51,25.51,92.0,26.52,10000.0,0.0,94.0,3.03,10.02,225.0,1006.0,0,804,Clouds,overcast clouds,04n
2025-07-23 04:46:42,Vinh Long,Vinh Long,25.51,25.51,25.51,92.0,26.52,10000.0,0.0,94.0,3.03,10.02,225.0,1006.0,0,804,Clouds,overcast clouds,04n
2025-07-23 04:50:28,Vinh Long,Vinh Long,25.5,25.5,25.5,92.0,26.51,10000.0,0.0,94.0,3.03,10.02,225.0,1006.0,0,804,Clouds,overcast clouds,04n
2025-07-23 04:54:14,Vinh Long,Vinh Long,25.5,25.5,25.5,92.0,26.51,10000.0,0.0,94.0,3.03,10.02,225.0,1006.0,0,804,Clouds,overcast clouds,04n
2025-07-23 04:58:00,Vinh Long,Vinh Long,25.5,25.5,25.5,92.0,26.51,10000.0,0.0,94.0,3.03,10.02,225.0,1006.0,0,804,Clouds,overcast clouds,04n
2025-07-23 05:01:45,Vinh Long,Vinh Long,25.58,25.58,25.58,94.0,26.65,10000.0,0.0,94.0,3.03,10.02,225.0,1005.0,0,804,Clouds,overcast clouds,04n
2025-07-23 05:05:34,Vinh Long,Vinh Long,25.58,25.58,25.58,94.0,26.65,10000.0,0.0,94.0,3.03,10.02,225.0,1005.0,0,804,Clouds,overcast clouds,04n
2025-07-23 05:09:21,Vinh Long,Vinh Long,25.58,25.58,25.58,94.0,26.65,10000.0,0.0,94.0,3.03,10.02,225.0,1005.0,0,804,Clouds,overcast clouds,04n
2025-07-23 05:13:07,Vinh Long,Vinh Long,25.58,25.58,25.58,94.0,26.65,10000.0,0.0,94.0,3.03,10.02,225.0,1005.0,0,804,Clouds,overcast clouds,04n
2025-07-23 05:16:53,Vinh Long,Vinh Long,25.58,25.58,25.58,94.0,26.65,10000.0,0.0,94.0,3.03,10.02,225.0,1005.0,0,804,Clouds,overcast clouds,04n
2025-07-23 05:20:39,Vinh Long,Vinh Long,25.58,25.58,25.58,94.0,26.65,10000.0,0.0,94.0,3.03,10.02,225.0,1005.0,0,804,Clouds,overcast clouds,04n
2025-07-23 05:24:25,Vinh Long,Vinh Long,25.58,25.58,25.58,94.0,26.65,10000.0,0.0,94.0,3.03,10.02,225.0,1005.0,0,804,Clouds,overcast clouds,04n
2025-07-23 05:28:10,Vinh Long,Vinh Long,25.58,25.58,25.58,94.0,26.65,10000.0,0.0,94.0,3.03,10.02,225.0,1005.0,0,804,Clouds,overcast clouds,04n
2025-07-23 05:31:57,Vinh Long,Vinh Long,25.55,25.55,25.55,92.0,26.56,10000.0,0.0,96.0,2.88,9.36,219.0,1006.0,0,804,Clouds,overcast clouds,04n
2025-07-23 05:35:43,Vinh Long,Vinh Long,25.55,25.55,25.55,92.0,26.56,10000.0,0.0,96.0,2.88,9.36,219.0,1006.0,0,804,Clouds,overcast clouds,04n
2025-07-23 05:39:29,Vinh Long,Vinh Long,25.55,25.55,25.55,92.0,26.56,10000.0,0.0,96.0,2.88,9.36,219.0,1006.0,0,804,Clouds,overcast clouds,04n
2025-07-23 05:43:14,Vinh Long,Vinh Long,25.55,25.55,25.55,92.0,26.56,10000.0,0.0,96.0,2.88,9.36,219.0,1006.0,0,804,Clouds,overcast clouds,04n
2025-07-23 05:47:00,Vinh Long,Vinh Long,25.55,25.55,25.55,92.0,26.56,10000.0,0.0,96.0,2.88,9.36,219.0,1006.0,1,804,Clouds,overcast clouds,04n
2025-07-23 05:50:46,Vinh Long,Vinh Long,25.52,25.52,25.52,92.0,26.53,10000.0,0.0,96.0,2.88,9.36,219.0,1006.0,1,804,Clouds,overcast clouds,04d
2025-07-23 05:54:32,Vinh Long,Vinh Long,25.52,25.52,25.52,92.0,26.53,10000.0,0.0,96.0,2.88,9.36,219.0,1006.0,1,804,Clouds,overcast clouds,04d
2025-07-23 05:58:17,Vinh Long,Vinh Long,25.52,25.52,25.52,92.0,26.53,10000.0,0.0,96.0,2.88,9.36,219.0,1006.0,1,804,Clouds,overcast clouds,04d
2025-07-23 06:02:04,Vinh Long,Vinh Long,25.55,25.55,25.55,94.0,26.62,10000.0,0.0,96.0,2.88,9.36,219.0,1006.0,1,804,Clouds,overcast clouds,04d
2025-07-23 06:05:49,Vinh Long,Vinh Long,25.55,25.55,25.55,94.0,26.62,10000.0,0.0,96.0,2.88,9.36,219.0,1006.0,1,804,Clouds,overcast clouds,04d
2025-07-23 06:09:35,Vinh Long,Vinh Long,25.55,25.55,25.55,94.0,26.62,10000.0,0.0,96.0,2.88,9.36,219.0,1006.0,1,804,Clouds,overcast clouds,04d
2025-07-23 06:13:21,Vinh Long,Vinh Long,25.55,25.55,25.55,94.0,26.62,10000.0,0.0,96.0,2.88,9.36,219.0,1006.0,1,804,Clouds,overcast clouds,04d
2025-07-23 06:17:07,Vinh Long,Vinh Long,25.55,25.55,25.55,94.0,26.62,10000.0,0.0,96.0,2.88,9.36,219.0,1006.0,1,804,Clouds,overcast clouds,04d
2025-07-23 06:20:53,Vinh Long,Vinh Long,25.55,25.55,25.55,95.0,26.64,10000.0,0.0,96.0,2.88,9.36,219.0,1006.0,1,804,Clouds,overcast clouds,04d
2025-07-23 06:24:38,Vinh Long,Vinh Long,25.55,25.55,25.55,95.0,26.64,10000.0,0.0,96.0,2.88,9.36,219.0,1006.0,1,804,Clouds,overcast clouds,04d
2025-07-23 06:28:24,Vinh Long,Vinh Long,25.55,25.55,25.55,95.0,26.64,10000.0,0.0,96.0,2.88,9.36,219.0,1006.0,1,804,Clouds,overcast clouds,04d
2025-07-23 06:32:10,Vinh Long,Vinh Long,26.71,26.71,26.71,89.0,29.84,10000.0,0.0,87.0,3.49,9.07,227.0,1006.0,1,804,Clouds,overcast clouds,04d
2025-07-23 06:35:55,Vinh Long,Vinh Long,26.71,26.71,26.71,89.0,29.84,10000.0,0.0,87.0,3.49,9.07,227.0,1006.0,1,804,Clouds,overcast clouds,04d
2025-07-23 06:39:41,Vinh Long,Vinh Long,26.73,26.73,26.73,89.0,29.89,10000.0,0.0,87.0,3.49,9.07,227.0,1006.0,1,804,Clouds,overcast clouds,04d
2025-07-23 06:43:28,Vinh Long,Vinh Long,26.73,26.73,26.73,89.0,29.89,10000.0,0.0,76.0,3.7,9.18,219.0,1006.0,1,803,Clouds,broken clouds,04d
2025-07-23 06:47:13,Vinh Long,Vinh Long,26.73,26.73,26.73,89.0,29.89,10000.0,0.0,87.0,3.49,9.07,227.0,1006.0,1,804,Clouds,overcast clouds,04d
2025-07-23 06:50:59,Vinh Long,Vinh Long,26.73,26.73,26.73,89.0,29.89,10000.0,0.0,76.0,3.7,9.18,219.0,1006.0,1,803,Clouds,broken clouds,04d
2025-07-23 06:54:46,Vinh Long,Vinh Long,26.73,26.73,26.73,89.0,29.89,10000.0,0.0,76.0,3.7,9.18,219.0,1006.0,1,803,Clouds,broken clouds,04d
2025-07-23 06:58:31,Vinh Long,Vinh Long,26.73,26.73,26.73,89.0,29.89,10000.0,0.0,76.0,3.7,9.18,219.0,1006.0,1,803,Clouds,broken clouds,04d
2025-07-23 07:02:18,Vinh Long,Vinh Long,26.73,26.73,26.73,89.0,29.89,10000.0,0.0,76.0,3.7,9.18,219.0,1006.0,1,803,Clouds,broken clouds,04d
2025-07-23 07:06:04,Vinh Long,Vinh Long,26.73,26.73,26.73,89.0,29.89,10000.0,0.0,76.0,3.7,9.18,219.0,1006.0,1,803,Clouds,broken clouds,04d
2025-07-23 07:09:50,Vinh Long,Vinh Long,26.73,26.73,26.73,89.0,29.89,10000.0,0.0,76.0,3.7,9.18,219.0,1006.0,1,803,Clouds,broken clouds,04d
2025-07-23 07:13:36,Vinh Long,Vinh Long,26.73,26.73,26.73,89.0,29.89,10000.0,0.0,76.0,3.7,9.18,219.0,1006.0,1,803,Clouds,broken clouds,04d
2025-07-23 07:17:22,Vinh Long,Vinh Long,26.73,26.73,26.73,89.0,29.89,10000.0,0.0,76.0,3.7,9.18,219.0,1006.0,1,803,Clouds,broken clouds,04d
2025-07-23 07:21:08,Vinh Long,Vinh Long,26.73,26.73,26.73,89.0,29.89,10000.0,0.0,76.0,3.7,9.18,219.0,1006.0,1,803,Clouds,broken clouds,04d
2025-07-23 07:24:54,Vinh Long,Vinh Long,26.73,26.73,26.73,89.0,29.89,10000.0,0.0,76.0,3.7,9.18,219.0,1006.0,1,803,Clouds,broken clouds,04d
2025-07-23 07:28:40,Vinh Long,Vinh Long,26.73,26.73,26.73,89.0,29.89,10000.0,0.0,76.0,3.7,9.18,219.0,1006.0,1,803,Clouds,broken clouds,04d
2025-07-23 07:32:25,Vinh Long,Vinh Long,26.73,26.73,26.73,89.0,29.89,10000.0,0.0,76.0,3.7,9.18,219.0,1006.0,1,803,Clouds,broken clouds,04d
2025-07-23 07:36:11,Vinh Long,Vinh Long,28.18,28.18,28.18,84.0,33.23,10000.0,0.0,100.0,4.9,9.15,235.0,1007.0,1,804,Clouds,overcast clouds,04d
2025-07-23 07:39:57,Vinh Long,Vinh Long,28.18,28.18,28.18,84.0,33.23,10000.0,0.0,100.0,4.9,9.15,235.0,1007.0,1,804,Clouds,overcast clouds,04d
2025-07-23 07:43:42,Vinh Long,Vinh Long,28.18,28.18,28.18,84.0,33.23,10000.0,0.0,100.0,4.9,9.15,235.0,1007.0,1,804,Clouds,overcast clouds,04d
2025-07-23 07:47:28,Vinh Long,Vinh Long,28.18,28.18,28.18,84.0,33.23,10000.0,0.0,100.0,4.9,9.15,235.0,1007.0,1,804,Clouds,overcast clouds,04d
2025-07-23 07:51:14,Vinh Long,Vinh Long,28.29,28.29,28.29,81.0,33.01,10000.0,0.0,100.0,4.9,9.15,235.0,1007.0,1,804,Clouds,overcast clouds,04d
2025-07-23 07:54:59,Vinh Long,Vinh Long,28.29,28.29,28.29,81.0,33.01,10000.0,0.0,100.0,4.9,9.15,235.0,1007.0,1,804,Clouds,overcast clouds,04d
2025-07-23 07:58:44,Vinh Long,Vinh Long,28.29,28.29,28.29,81.0,33.01,10000.0,0.0,100.0,4.9,9.15,235.0,1007.0,1,804,Clouds,overcast clouds,04d
2025-07-23 08:02:31,Vinh Long,Vinh Long,28.28,28.28,28.28,85.0,33.7,10000.0,0.0,100.0,4.9,9.15,235.0,1006.0,1,804,Clouds,overcast clouds,04d
2025-07-23 08:06:16,Vinh Long,Vinh Long,28.28,28.28,28.28,85.0,33.7,10000.0,0.0,100.0,4.9,9.15,235.0,1006.0,1,804,Clouds,overcast clouds,04d
2025-07-23 08:10:03,Vinh Long,Vinh Long,28.28,28.28,28.28,85.0,33.7,10000.0,0.0,100.0,4.9,9.15,235.0,1006.0,1,804,Clouds,overcast clouds,04d
2025-07-23 08:13:49,Vinh Long,Vinh Long,28.28,28.28,28.28,85.0,33.7,10000.0,0.0,100.0,4.9,9.15,235.0,1006.0,1,804,Clouds,overcast clouds,04d
2025-07-23 08:17:35,Vinh Long,Vinh Long,28.28,28.28,28.28,85.0,33.7,10000.0,0.0,100.0,4.9,9.15,235.0,1006.0,1,804,Clouds,overcast clouds,04d
2025-07-23 08:21:20,Vinh Long,Vinh Long,28.28,28.28,28.28,85.0,33.7,10000.0,0.0,100.0,4.9,9.15,235.0,1006.0,1,804,Clouds,overcast clouds,04d
2025-07-23 08:25:07,Vinh Long,Vinh Long,28.28,28.28,28.28,85.0,33.7,10000.0,0.0,100.0,4.9,9.15,235.0,1006.0,1,804,Clouds,overcast clouds,04d
2025-07-23 08:28:53,Vinh Long,Vinh Long,28.28,28.28,28.28,85.0,33.7,10000.0,0.0,100.0,4.9,9.15,235.0,1006.0,1,804,Clouds,overcast clouds,04d
2025-07-23 08:32:38,Vinh Long,Vinh Long,28.28,28.28,28.28,85.0,33.7,10000.0,0.0,100.0,4.9,9.15,235.0,1006.0,1,804,Clouds,overcast clouds,04d
2025-07-23 08:36:24,Vinh Long,Vinh Long,29.86,29.86,29.86,77.0,36.44,10000.0,0.0,98.0,5.62,8.83,243.0,1007.0,1,804,Clouds,overcast clouds,04d
2025-07-23 08:40:13,Vinh Long,Vinh Long,29.86,29.86,29.86,77.0,36.44,10000.0,0.12,98.0,5.62,8.83,243.0,1007.0,1,500,Rain,light rain,10d
2025-07-23 08:43:58,Vinh Long,Vinh Long,29.86,29.86,29.86,77.0,36.44,10000.0,0.0,98.0,5.62,8.83,243.0,1007.0,1,804,Clouds,overcast clouds,04d
2025-07-23 08:47:44,Vinh Long,Vinh Long,29.99,29.99,29.99,75.0,36.27,10000.0,0.0,98.0,5.62,8.83,243.0,1007.0,1,804,Clouds,overcast clouds,04d
2025-07-23 08:51:31,Vinh Long,Vinh Long,29.99,29.99,29.99,75.0,36.27,10000.0,0.0,98.0,5.62,8.83,243.0,1007.0,1,804,Clouds,overcast clouds,04d
2025-07-23 08:55:17,Vinh Long,Vinh Long,29.99,29.99,29.99,75.0,36.27,10000.0,0.0,98.0,5.62,8.83,243.0,1007.0,1,804,Clouds,overcast clouds,04d
2025-07-23 08:59:02,Vinh Long,Vinh Long,29.99,29.99,29.99,75.0,36.27,10000.0,0.0,98.0,5.62,8.83,243.0,1007.0,1,804,Clouds,overcast clouds,04d
2025-07-23 09:02:48,Vinh Long,Vinh Long,29.97,29.97,29.97,80.0,36.97,10000.0,0.0,98.0,5.62,8.83,243.0,1007.0,1,804,Clouds,overcast clouds,04d
2025-07-23 09:06:34,Vinh Long,Vinh Long,29.97,29.97,29.97,80.0,36.97,10000.0,0.0,98.0,5.62,8.83,243.0,1007.0,1,804,Clouds,overcast clouds,04d
2025-07-23 09:10:20,Vinh Long,Vinh Long,29.97,29.97,29.97,80.0,36.97,10000.0,0.12,98.0,5.62,8.83,243.0,1007.0,1,500,Rain,light rain,10d
2025-07-23 09:14:06,Vinh Long,Vinh Long,29.97,29.97,29.97,80.0,36.97,10000.0,0.15,98.0,5.62,8.83,243.0,1007.0,1,500,Rain,light rain,10d
2025-07-23 09:17:52,Vinh Long,Vinh Long,29.97,29.97,29.97,79.0,36.97,10000.0,0.12,98.0,5.62,8.83,243.0,1007.0,1,500,Rain,light rain,10d
2025-07-23 09:21:38,Vinh Long,Vinh Long,29.97,29.97,29.97,79.0,36.97,10000.0,0.0,98.0,5.62,8.83,243.0,1007.0,1,804,Clouds,overcast clouds,04d
2025-07-23 09:25:23,Vinh Long,Vinh Long,29.97,29.97,29.97,79.0,36.97,10000.0,0.0,98.0,5.62,8.83,243.0,1007.0,1,804,Clouds,overcast clouds,04d
2025-07-23 09:29:09,Vinh Long,Vinh Long,29.97,29.97,29.97,79.0,36.97,10000.0,0.0,98.0,5.62,8.83,243.0,1007.0,1,804,Clouds,overcast clouds,04d
2025-07-23 09:32:55,Vinh Long,Vinh Long,29.97,29.97,29.97,79.0,36.97,10000.0,0.0,98.0,5.62,8.83,243.0,1007.0,1,804,Clouds,overcast clouds,04d
2025-07-23 09:36:41,Vinh Long,Vinh Long,31.23,31.23,31.23,69.0,37.91,10000.0,0.0,96.0,6.16,10.67,253.0,1007.0,1,804,Clouds,overcast clouds,04d
2025-07-23 09:40:27,Vinh Long,Vinh Long,31.23,31.23,31.23,69.0,37.91,10000.0,0.0,96.0,6.16,10.67,253.0,1007.0,1,804,Clouds,overcast clouds,04d
2025-07-23 09:44:12,Vinh Long,Vinh Long,31.23,31.23,31.23,69.0,37.91,10000.0,0.0,96.0,6.16,10.67,253.0,1007.0,1,804,Clouds,overcast clouds,04d
2025-07-23 09:47:59,Vinh Long,Vinh Long,31.23,31.23,31.23,69.0,37.91,10000.0,0.0,96.0,6.16,10.67,253.0,1007.0,1,804,Clouds,overcast clouds,04d
2025-07-23 09:51:44,Vinh Long,Vinh Long,31.23,31.23,31.23,69.0,37.91,10000.0,0.0,96.0,6.16,10.67,253.0,1007.0,1,804,Clouds,overcast clouds,04d
2025-07-23 09:55:30,Vinh Long,Vinh Long,31.39,31.39,31.39,66.0,37.41,10000.0,0.0,96.0,6.16,10.67,253.0,1007.0,1,804,Clouds,overcast clouds,04d
2025-07-23 09:59:15,Vinh Long,Vinh Long,31.39,31.39,31.39,66.0,37.41,10000.0,0.0,96.0,6.16,10.67,253.0,1007.0,1,804,Clouds,overcast clouds,04d
2025-07-23 10:03:01,Vinh Long,Vinh Long,31.39,31.39,31.39,66.0,37.41,10000.0,0.0,96.0,6.16,10.67,253.0,1007.0,1,804,Clouds,overcast clouds,04d
2025-07-23 10:06:47,Vinh Long,Vinh Long,31.36,31.36,31.36,71.0,38.36,10000.0,0.0,96.0,6.16,10.67,253.0,1006.0,1,804,Clouds,overcast clouds,04d
2025-07-23 10:10:33,Vinh Long,Vinh Long,31.36,31.36,31.36,71.0,38.36,10000.0,0.0,96.0,6.16,10.67,253.0,1006.0,1,804,Clouds,overcast clouds,04d
2025-07-23 10:14:19,Vinh Long,Vinh Long,31.36,31.36,31.36,71.0,38.36,10000.0,0.0,96.0,6.16,10.67,253.0,1006.0,1,804,Clouds,overcast clouds,04d
2025-07-23 10:18:04,Vinh Long,Vinh Long,31.36,31.36,31.36,71.0,38.36,10000.0,0.0,96.0,6.16,10.67,253.0,1006.0,1,804,Clouds,overcast clouds,04d
2025-07-23 10:21:57,Vinh Long,Vinh Long,31.43,31.43,31.43,71.0,38.43,10000.0,0.0,96.0,6.16,10.67,253.0,1006.0,1,804,Clouds,overcast clouds,04d
2025-07-23 10:25:52,Vinh Long,Vinh Long,31.43,31.43,31.43,71.0,38.43,10000.0,0.0,96.0,6.16,10.67,253.0,1006.0,1,804,Clouds,overcast clouds,04d
2025-07-23 10:29:43,Vinh Long,Vinh Long,31.43,31.43,31.43,71.0,38.43,10000.0,0.0,96.0,6.16,10.67,253.0,1006.0,1,804,Clouds,overcast clouds,04d
2025-07-23 10:33:33,Vinh Long,Vinh Long,32.32,32.32,32.32,65.0,39.32,10000.0,0.0,98.0,6.7,11.2,254.0,1006.0,1,804,Clouds,overcast clouds,04d
2025-07-23 10:37:25,Vinh Long,Vinh Long,32.32,32.32,32.32,65.0,39.32,10000.0,0.0,98.0,6.7,11.2,254.0,1006.0,1,804,Clouds,overcast clouds,04d
2025-07-23 10:41:15,Vinh Long,Vinh Long,32.32,32.32,32.32,65.0,39.32,10000.0,0.0,98.0,6.7,11.2,254.0,1006.0,1,804,Clouds,overcast clouds,04d
2025-07-23 10:45:08,Vinh Long,Vinh Long,32.32,32.32,32.32,65.0,39.32,10000.0,0.0,98.0,6.7,11.2,254.0,1006.0,1,804,Clouds,overcast clouds,04d
2025-07-23 10:48:58,Vinh Long,Vinh Long,32.45,32.45,32.45,60.0,38.15,10000.0,0.0,98.0,6.7,11.2,254.0,1006.0,1,804,Clouds,overcast clouds,04d
2025-07-23 10:52:49,Vinh Long,Vinh Long,32.45,32.45,32.45,60.0,38.15,10000.0,0.0,98.0,6.7,11.2,254.0,1006.0,1,804,Clouds,overcast clouds,04d
2025-07-23 10:56:39,Vinh Long,Vinh Long,32.45,32.45,32.45,60.0,38.15,10000.0,0.0,98.0,6.7,11.2,254.0,1006.0,1,804,Clouds,overcast clouds,04d
2025-07-23 11:00:30,Vinh Long,Vinh Long,32.45,32.45,32.45,60.0,38.15,10000.0,0.0,98.0,6.7,11.2,254.0,1006.0,1,804,Clouds,overcast clouds,04d
2025-07-23 11:04:19,Vinh Long,Vinh Long,32.45,32.45,32.45,60.0,38.15,10000.0,0.0,98.0,6.7,11.2,254.0,1006.0,1,804,Clouds,overcast clouds,04d
2025-07-23 11:08:11,Vinh Long,Vinh Long,32.46,32.46,32.46,63.0,39.19,10000.0,0.0,98.0,6.7,11.2,254.0,1006.0,1,804,Clouds,overcast clouds,04d
2025-07-23 11:12:01,Vinh Long,Vinh Long,32.46,32.46,32.46,63.0,39.19,10000.0,0.0,98.0,6.7,11.2,254.0,1006.0,1,804,Clouds,overcast clouds,04d
2025-07-23 11:15:51,Vinh Long,Vinh Long,32.46,32.46,32.46,63.0,39.19,10000.0,0.0,98.0,6.7,11.2,254.0,1006.0,1,804,Clouds,overcast clouds,04d
2025-07-23 11:19:41,Vinh Long,Vinh Long,32.46,32.46,32.46,63.0,39.19,10000.0,0.0,98.0,6.7,11.2,254.0,1006.0,1,804,Clouds,overcast clouds,04d
2025-07-23 11:23:30,Vinh Long,Vinh Long,32.46,32.46,32.46,63.0,39.19,10000.0,0.0,98.0,6.7,11.2,254.0,1006.0,1,804,Clouds,overcast clouds,04d
2025-07-23 11:27:21,Vinh Long,Vinh Long,32.5,32.5,32.5,64.0,39.5,10000.0,0.0,98.0,6.7,11.2,254.0,1006.0,1,804,Clouds,overcast clouds,04d
2025-07-23 11:31:11,Vinh Long,Vinh Long,32.5,32.5,32.5,64.0,39.5,10000.0,0.0,98.0,6.7,11.2,254.0,1006.0,1,804,Clouds,overcast clouds,04d
2025-07-23 11:35:01,Vinh Long,Vinh Long,32.5,32.5,32.5,64.0,39.5,10000.0,0.0,98.0,6.7,11.2,254.0,1006.0,1,804,Clouds,overcast clouds,04d
2025-07-23 11:38:51,Vinh Long,Vinh Long,33.42,33.42,33.42,58.0,39.86,10000.0,0.0,99.0,7.23,11.15,256.0,1005.0,1,804,Clouds,overcast clouds,04d
2025-07-23 11:42:41,Vinh Long,Vinh Long,33.42,33.42,33.42,58.0,39.86,10000.0,0.0,99.0,7.23,11.15,256.0,1005.0,1,804,Clouds,overcast clouds,04d
2025-07-23 11:46:31,Vinh Long,Vinh Long,33.42,33.42,33.42,58.0,39.86,10000.0,0.0,99.0,7.23,11.15,256.0,1005.0,1,804,Clouds,overcast clouds,04d
2025-07-23 11:50:22,Vinh Long,Vinh Long,33.46,33.46,33.46,56.0,39.23,10000.0,0.0,99.0,7.23,11.15,256.0,1005.0,1,804,Clouds,overcast clouds,04d
2025-07-23 11:54:12,Vinh Long,Vinh Long,33.46,33.46,33.46,56.0,39.23,10000.0,0.0,99.0,7.23,11.15,256.0,1005.0,1,804,Clouds,overcast clouds,04d
2025-07-23 11:58:02,Vinh Long,Vinh Long,33.46,33.46,33.46,56.0,39.23,10000.0,0.0,99.0,7.23,11.15,256.0,1005.0,1,804,Clouds,overcast clouds,04d
2025-07-23 12:01:51,Vinh Long,Vinh Long,33.42,33.42,33.42,59.0,40.23,10000.0,0.0,99.0,7.23,11.15,256.0,1006.0,1,804,Clouds,overcast clouds,04d
2025-07-23 12:05:41,Vinh Long,Vinh Long,33.42,33.42,33.42,59.0,40.23,10000.0,0.0,99.0,7.23,11.15,256.0,1006.0,1,804,Clouds,overcast clouds,04d
2025-07-23 12:09:32,Vinh Long,Vinh Long,33.42,33.42,33.42,59.0,40.23,10000.0,0.0,99.0,7.23,11.15,256.0,1006.0,1,804,Clouds,overcast clouds,04d
2025-07-23 12:13:23,Vinh Long,Vinh Long,33.42,33.42,33.42,59.0,40.23,10000.0,0.0,99.0,7.23,11.15,256.0,1006.0,1,804,Clouds,overcast clouds,04d
2025-07-23 12:17:13,Vinh Long,Vinh Long,33.43,33.43,33.43,60.0,40.43,10000.0,0.0,99.0,7.23,11.15,256.0,1006.0,1,804,Clouds,overcast clouds,04d
2025-07-23 12:21:04,Vinh Long,Vinh Long,33.43,33.43,33.43,60.0,40.43,10000.0,0.0,99.0,7.23,11.15,256.0,1006.0,1,804,Clouds,overcast clouds,04d
2025-07-23 12:24:54,Vinh Long,Vinh Long,33.43,33.43,33.43,60.0,40.43,10000.0,0.0,99.0,7.23,11.15,256.0,1006.0,1,804,Clouds,overcast clouds,04d
2025-07-23 12:28:44,Vinh Long,Vinh Long,33.43,33.43,33.43,60.0,40.43,10000.0,0.0,99.0,7.23,11.15,256.0,1006.0,1,804,Clouds,overcast clouds,04d
2025-07-23 12:32:34,Vinh Long,Vinh Long,33.09,33.09,33.09,59.0,39.39,10000.0,0.0,99.0,6.98,11.32,256.0,1004.0,1,804,Clouds,overcast clouds,04d
2025-07-23 12:36:25,Vinh Long,Vinh Long,33.09,33.09,33.09,59.0,39.39,10000.0,0.0,99.0,6.98,11.32,256.0,1004.0,1,804,Clouds,overcast clouds,04d
2025-07-23 12:40:15,Vinh Long,Vinh Long,33.09,33.09,33.09,59.0,39.39,10000.0,0.0,99.0,6.98,11.32,256.0,1004.0,1,804,Clouds,overcast clouds,04d
2025-07-23 12:44:06,Vinh Long,Vinh Long,33.09,33.09,33.09,59.0,39.39,10000.0,0.0,99.0,6.98,11.32,256.0,1004.0,1,804,Clouds,overcast clouds,04d
2025-07-23 12:47:56,Vinh Long,Vinh Long,33.04,33.04,33.04,58.0,38.91,10000.0,0.0,99.0,6.98,11.32,256.0,1004.0,1,804,Clouds,overcast clouds,04d
2025-07-23 12:51:46,Vinh Long,Vinh Long,33.04,33.04,33.04,58.0,38.91,10000.0,0.0,74.0,7.97,11.61,255.0,1004.0,1,803,Clouds,broken clouds,04d
2025-07-23 12:55:36,Vinh Long,Vinh Long,33.04,33.04,33.04,58.0,38.91,10000.0,0.0,74.0,7.97,11.61,255.0,1004.0,1,803,Clouds,broken clouds,04d
2025-07-23 12:59:26,Vinh Long,Vinh Long,33.04,33.04,33.04,58.0,38.91,10000.0,0.0,74.0,7.97,11.61,255.0,1004.0,1,803,Clouds,broken clouds,04d
2025-07-23 13:03:16,Vinh Long,Vinh Long,33.04,33.04,33.04,58.0,38.91,10000.0,0.0,74.0,7.97,11.61,255.0,1004.0,1,803,Clouds,broken clouds,04d
2025-07-23 13:07:07,Vinh Long,Vinh Long,33.04,33.04,33.04,58.0,38.91,10000.0,0.0,74.0,7.97,11.61,255.0,1004.0,1,803,Clouds,broken clouds,04d
2025-07-23 13:10:57,Vinh Long,Vinh Long,33.04,33.04,33.04,58.0,38.91,10000.0,0.0,74.0,7.97,11.61,255.0,1004.0,1,803,Clouds,broken clouds,04d
2025-07-23 13:14:47,Vinh Long,Vinh Long,33.04,33.04,33.04,58.0,38.91,10000.0,0.0,74.0,7.97,11.61,255.0,1004.0,1,803,Clouds,broken clouds,04d
2025-07-23 13:18:37,Vinh Long,Vinh Long,33.04,33.04,33.04,58.0,38.91,10000.0,0.0,74.0,7.97,11.61,255.0,1004.0,1,803,Clouds,broken clouds,04d
2025-07-23 13:22:27,Vinh Long,Vinh Long,33.04,33.04,33.04,58.0,38.91,10000.0,0.0,74.0,7.97,11.61,255.0,1004.0,1,803,Clouds,broken clouds,04d
2025-07-23 13:26:17,Vinh Long,Vinh Long,33.04,33.04,33.04,58.0,38.91,10000.0,0.0,74.0,7.97,11.61,255.0,1004.0,1,803,Clouds,broken clouds,04d
2025-07-23 13:30:09,Vinh Long,Vinh Long,33.02,33.02,33.02,56.0,38.19,10000.0,0.0,97.0,7.91,11.29,255.0,1004.0,1,804,Clouds,overcast clouds,04d
2025-07-23 13:34:02,Vinh Long,Vinh Long,33.02,33.02,33.02,56.0,38.19,10000.0,0.0,97.0,7.91,11.29,255.0,1004.0,1,804,Clouds,overcast clouds,04d
2025-07-23 13:37:53,Vinh Long,Vinh Long,33.02,33.02,33.02,56.0,38.19,10000.0,0.0,97.0,7.91,11.29,255.0,1004.0,1,804,Clouds,overcast clouds,04d
2025-07-23 13:41:46,Vinh Long,Vinh Long,33.02,33.02,33.02,56.0,38.19,10000.0,0.0,97.0,7.91,11.29,255.0,1004.0,1,804,Clouds,overcast clouds,04d
2025-07-23 13:45:39,Vinh Long,Vinh Long,33.02,33.02,33.02,56.0,38.19,10000.0,0.0,97.0,7.91,11.29,255.0,1004.0,1,804,Clouds,overcast clouds,04d
2025-07-23 13:49:29,Vinh Long,Vinh Long,33.3,33.3,33.3,56.0,38.85,10000.0,0.0,97.0,7.91,11.29,255.0,1003.0,1,804,Clouds,overcast clouds,04d
2025-07-23 13:53:19,Vinh Long,Vinh Long,33.3,33.3,33.3,56.0,38.85,10000.0,0.0,97.0,7.91,11.29,255.0,1003.0,1,804,Clouds,overcast clouds,04d
2025-07-23 13:57:10,Vinh Long,Vinh Long,33.3,33.3,33.3,56.0,38.85,10000.0,0.0,97.0,7.91,11.29,255.0,1003.0,1,804,Clouds,overcast clouds,04d
2025-07-23 14:01:00,Vinh Long,Vinh Long,33.3,33.3,33.3,56.0,38.85,10000.0,0.0,97.0,7.91,11.29,255.0,1003.0,1,804,Clouds,overcast clouds,04d
2025-07-23 14:04:50,Vinh Long,Vinh Long,33.31,33.31,33.31,59.0,39.95,10000.0,0.0,97.0,7.91,11.29,255.0,1003.0,1,804,Clouds,overcast clouds,04d
2025-07-23 14:08:40,Vinh Long,Vinh Long,33.31,33.31,33.31,59.0,39.95,10000.0,0.0,97.0,7.91,11.29,255.0,1003.0,1,804,Clouds,overcast clouds,04d
2025-07-23 14:12:31,Vinh Long,Vinh Long,33.31,33.31,33.31,59.0,39.95,10000.0,0.0,97.0,7.91,11.29,255.0,1003.0,1,804,Clouds,overcast clouds,04d
2025-07-23 14:16:21,Vinh Long,Vinh Long,33.31,33.31,33.31,59.0,39.95,10000.0,0.0,97.0,7.91,11.29,255.0,1003.0,1,804,Clouds,overcast clouds,04d
2025-07-23 14:20:12,Vinh Long,Vinh Long,33.23,33.23,33.23,59.0,39.74,10000.0,0.0,97.0,7.91,11.29,255.0,1003.0,1,804,Clouds,overcast clouds,04d
2025-07-23 14:24:01,Vinh Long,Vinh Long,33.23,33.23,33.23,59.0,39.74,10000.0,0.0,97.0,7.91,11.29,255.0,1003.0,1,804,Clouds,overcast clouds,04d
2025-07-23 14:27:52,Vinh Long,Vinh Long,33.23,33.23,33.23,59.0,39.74,10000.0,0.0,97.0,7.91,11.29,255.0,1003.0,1,804,Clouds,overcast clouds,04d
2025-07-23 14:31:42,Vinh Long,Vinh Long,32.24,32.24,32.24,61.0,37.96,10000.0,0.0,99.0,7.32,10.41,256.0,1003.0,1,804,Clouds,overcast clouds,04d
2025-07-23 14:35:32,Vinh Long,Vinh Long,32.24,32.24,32.24,61.0,37.96,10000.0,0.0,99.0,7.32,10.41,256.0,1003.0,1,804,Clouds,overcast clouds,04d
2025-07-23 14:39:22,Vinh Long,Vinh Long,32.24,32.24,32.24,61.0,37.96,10000.0,0.0,99.0,7.32,10.41,256.0,1003.0,1,804,Clouds,overcast clouds,04d
2025-07-23 14:43:12,Vinh Long,Vinh Long,32.24,32.24,32.24,61.0,37.96,10000.0,0.0,99.0,7.32,10.41,256.0,1003.0,1,804,Clouds,overcast clouds,04d
2025-07-23 14:47:03,Vinh Long,Vinh Long,32.28,32.28,32.28,59.0,37.42,10000.0,0.0,99.0,7.32,10.41,256.0,1003.0,1,804,Clouds,overcast clouds,04d
2025-07-23 14:50:53,Vinh Long,Vinh Long,32.28,32.28,32.28,59.0,37.42,10000.0,0.0,99.0,7.32,10.41,256.0,1003.0,1,804,Clouds,overcast clouds,04d
2025-07-23 14:54:44,Vinh Long,Vinh Long,32.28,32.28,32.28,59.0,37.42,10000.0,0.0,99.0,7.32,10.41,256.0,1003.0,1,804,Clouds,overcast clouds,04d
2025-07-23 14:58:34,Vinh Long,Vinh Long,32.28,32.28,32.28,59.0,37.42,10000.0,0.0,99.0,7.32,10.41,256.0,1003.0,1,804,Clouds,overcast clouds,04d
2025-07-23 15:02:24,Vinh Long,Vinh Long,32.16,32.16,32.16,62.0,38.09,10000.0,0.0,99.0,7.32,10.41,256.0,1003.0,1,804,Clouds,overcast clouds,04d
2025-07-23 15:06:15,Vinh Long,Vinh Long,32.16,32.16,32.16,62.0,38.09,10000.0,0.0,99.0,7.32,10.41,256.0,1003.0,1,804,Clouds,overcast clouds,04d
2025-07-23 15:10:06,Vinh Long,Vinh Long,32.16,32.16,32.16,62.0,38.09,10000.0,0.0,99.0,7.32,10.41,256.0,1003.0,1,804,Clouds,overcast clouds,04d
2025-07-23 15:13:56,Vinh Long,Vinh Long,32.16,32.16,32.16,62.0,38.09,10000.0,0.0,99.0,7.32,10.41,256.0,1003.0,1,804,Clouds,overcast clouds,04d
2025-07-23 15:17:46,Vinh Long,Vinh Long,32.19,32.19,32.19,62.0,38.16,10000.0,0.0,99.0,7.32,10.41,256.0,1003.0,1,804,Clouds,overcast clouds,04d
2025-07-23 15:21:36,Vinh Long,Vinh Long,32.19,32.19,32.19,62.0,38.16,10000.0,0.0,99.0,7.32,10.41,256.0,1003.0,1,804,Clouds,overcast clouds,04d
2025-07-23 15:25:27,Vinh Long,Vinh Long,32.19,32.19,32.19,62.0,38.16,10000.0,0.0,99.0,7.32,10.41,256.0,1003.0,1,804,Clouds,overcast clouds,04d
2025-07-23 15:29:17,Vinh Long,Vinh Long,32.19,32.19,32.19,62.0,38.16,10000.0,0.0,99.0,7.32,10.41,256.0,1003.0,1,804,Clouds,overcast clouds,04d
2025-07-23 15:33:09,Vinh Long,Vinh Long,31.61,31.61,31.61,63.0,37.05,10000.0,0.0,96.0,7.12,10.48,258.0,1003.0,1,804,Clouds,overcast clouds,04d
2025-07-23 15:36:59,Vinh Long,Vinh Long,31.61,31.61,31.61,63.0,37.05,10000.0,0.0,96.0,7.12,10.48,258.0,1003.0,1,804,Clouds,overcast clouds,04d
2025-07-23 15:40:49,Vinh Long,Vinh Long,31.61,31.61,31.61,63.0,37.05,10000.0,0.0,96.0,7.12,10.48,258.0,1003.0,1,804,Clouds,overcast clouds,04d
2025-07-23 15:44:39,Vinh Long,Vinh Long,31.61,31.61,31.61,63.0,37.05,10000.0,0.0,96.0,7.12,10.48,258.0,1003.0,1,804,Clouds,overcast clouds,04d
2025-07-23 15:48:29,Vinh Long,Vinh Long,31.61,31.61,31.61,63.0,37.05,10000.0,0.0,96.0,7.12,10.48,258.0,1003.0,1,804,Clouds,overcast clouds,04d
2025-07-23 15:52:19,Vinh Long,Vinh Long,31.78,31.78,31.78,62.0,37.16,10000.0,0.0,96.0,7.12,10.48,258.0,1003.0,1,804,Clouds,overcast clouds,04d
2025-07-23 15:56:11,Vinh Long,Vinh Long,31.78,31.78,31.78,62.0,37.16,10000.0,0.0,96.0,7.12,10.48,258.0,1003.0,1,804,Clouds,overcast clouds,04d
2025-07-23 16:00:01,Vinh Long,Vinh Long,31.78,31.78,31.78,62.0,37.16,10000.0,0.0,96.0,7.12,10.48,258.0,1003.0,1,804,Clouds,overcast clouds,04d
2025-07-23 16:03:52,Vinh Long,Vinh Long,31.78,31.78,31.78,62.0,37.16,10000.0,0.0,96.0,7.12,10.48,258.0,1003.0,1,804,Clouds,overcast clouds,04d
2025-07-23 16:07:42,Vinh Long,Vinh Long,31.78,31.78,31.78,62.0,37.16,10000.0,0.0,96.0,7.12,10.48,258.0,1003.0,1,804,Clouds,overcast clouds,04d
2025-07-23 16:11:33,Vinh Long,Vinh Long,31.8,31.8,31.8,65.0,38.14,10000.0,0.0,96.0,7.12,10.48,258.0,1003.0,1,804,Clouds,overcast clouds,04d
2025-07-23 16:15:24,Vinh Long,Vinh Long,31.8,31.8,31.8,65.0,38.14,10000.0,0.0,96.0,7.12,10.48,258.0,1003.0,1,804,Clouds,overcast clouds,04d
2025-07-23 16:19:16,Vinh Long,Vinh Long,31.8,31.8,31.8,65.0,38.14,10000.0,0.0,96.0,7.12,10.48,258.0,1003.0,1,804,Clouds,overcast clouds,04d
2025-07-23 16:23:12,Vinh Long,Vinh Long,31.79,31.79,31.79,65.0,38.12,10000.0,0.0,96.0,7.12,10.48,258.0,1003.0,1,804,Clouds,overcast clouds,04d
2025-07-23 16:27:04,Vinh Long,Vinh Long,31.79,31.79,31.79,65.0,38.12,10000.0,0.0,96.0,7.12,10.48,258.0,1003.0,1,804,Clouds,overcast clouds,04d
2025-07-23 16:30:55,Vinh Long,Vinh Long,31.79,31.79,31.79,65.0,38.12,10000.0,0.0,96.0,7.12,10.48,258.0,1003.0,1,804,Clouds,overcast clouds,04d
2025-07-23 16:34:46,Vinh Long,Vinh Long,30.97,30.97,30.97,66.0,36.36,10000.0,0.0,90.0,6.24,9.96,249.0,1003.0,1,804,Clouds,overcast clouds,04d
2025-07-23 16:38:38,Vinh Long,Vinh Long,30.97,30.97,30.97,66.0,36.36,10000.0,0.0,90.0,6.24,9.96,249.0,1003.0,1,804,Clouds,overcast clouds,04d
2025-07-23 16:42:29,Vinh Long,Vinh Long,30.97,30.97,30.97,66.0,36.36,10000.0,0.0,90.0,6.24,9.96,249.0,1003.0,1,804,Clouds,overcast clouds,04d
2025-07-23 16:46:19,Vinh Long,Vinh Long,30.97,30.97,30.97,66.0,36.36,10000.0,0.0,90.0,6.24,9.96,249.0,1003.0,1,804,Clouds,overcast clouds,04d
2025-07-23 16:50:12,Vinh Long,Vinh Long,30.97,30.97,30.97,66.0,36.36,10000.0,0.0,90.0,6.24,9.96,249.0,1003.0,1,804,Clouds,overcast clouds,04d
2025-07-23 16:54:05,Vinh Long,Vinh Long,30.96,30.96,30.96,65.0,36.06,10000.0,0.0,90.0,6.24,9.96,249.0,1003.0,1,804,Clouds,overcast clouds,04d
2025-07-23 16:57:57,Vinh Long,Vinh Long,30.96,30.96,30.96,65.0,36.06,10000.0,0.0,90.0,6.24,9.96,249.0,1003.0,1,804,Clouds,overcast clouds,04d
2025-07-23 17:01:47,Vinh Long,Vinh Long,31.01,31.01,31.01,67.0,36.74,10000.0,0.0,90.0,6.24,9.96,249.0,1003.0,1,804,Clouds,overcast clouds,04d
2025-07-23 17:05:40,Vinh Long,Vinh Long,31.01,31.01,31.01,67.0,36.74,10000.0,0.0,90.0,6.24,9.96,249.0,1003.0,1,804,Clouds,overcast clouds,04d
2025-07-23 17:09:31,Vinh Long,Vinh Long,31.01,31.01,31.01,67.0,36.74,10000.0,0.0,90.0,6.24,9.96,249.0,1003.0,1,804,Clouds,overcast clouds,04d
2025-07-23 17:13:23,Vinh Long,Vinh Long,31.01,31.01,31.01,67.0,36.74,10000.0,0.0,90.0,6.24,9.96,249.0,1003.0,1,804,Clouds,overcast clouds,04d
2025-07-23 17:17:14,Vinh Long,Vinh Long,31.01,31.01,31.01,67.0,36.74,10000.0,0.0,90.0,6.24,9.96,249.0,1003.0,1,804,Clouds,overcast clouds,04d
2025-07-23 17:21:05,Vinh Long,Vinh Long,31.01,31.01,31.01,67.0,36.74,10000.0,0.0,90.0,6.24,9.96,249.0,1003.0,1,804,Clouds,overcast clouds,04d
2025-07-23 17:24:56,Vinh Long,Vinh Long,31.0,31.0,31.0,67.0,36.72,10000.0,0.0,90.0,6.24,9.96,249.0,1003.0,1,804,Clouds,overcast clouds,04d
2025-07-23 17:28:46,Vinh Long,Vinh Long,31.0,31.0,31.0,67.0,36.72,10000.0,0.0,90.0,6.24,9.96,249.0,1003.0,1,804,Clouds,overcast clouds,04d
2025-07-23 17:32:37,Vinh Long,Vinh Long,31.0,31.0,31.0,67.0,36.72,10000.0,0.0,90.0,6.24,9.96,249.0,1003.0,1,804,Clouds,overcast clouds,04d
2025-07-23 17:36:28,Vinh Long,Vinh Long,29.21,29.21,29.21,70.0,33.19,10000.0,0.0,77.0,5.56,9.4,246.0,1004.0,1,803,Clouds,broken clouds,04d
2025-07-23 17:40:20,Vinh Long,Vinh Long,29.21,29.21,29.21,70.0,33.19,10000.0,0.0,77.0,5.56,9.4,246.0,1004.0,1,803,Clouds,broken clouds,04d
2025-07-23 17:44:11,Vinh Long,Vinh Long,29.21,29.21,29.21,70.0,33.19,10000.0,0.0,77.0,5.56,9.4,246.0,1004.0,1,803,Clouds,broken clouds,04d
2025-07-23 17:48:01,Vinh Long,Vinh Long,29.15,29.15,29.15,70.0,33.06,10000.0,0.0,77.0,5.56,9.4,246.0,1004.0,1,803,Clouds,broken clouds,04d
2025-07-23 17:51:52,Vinh Long,Vinh Long,29.15,29.15,29.15,70.0,33.06,10000.0,0.0,77.0,5.56,9.4,246.0,1004.0,1,803,Clouds,broken clouds,04d
2025-07-23 17:55:43,Vinh Long,Vinh Long,29.15,29.15,29.15,70.0,33.06,10000.0,0.0,77.0,5.56,9.4,246.0,1004.0,1,803,Clouds,broken clouds,04d
2025-07-23 17:59:34,Vinh Long,Vinh Long,29.15,29.15,29.15,70.0,33.06,10000.0,0.0,77.0,5.56,9.4,246.0,1004.0,1,803,Clouds,broken clouds,04d
2025-07-23 18:03:25,Vinh Long,Vinh Long,29.15,29.15,29.15,70.0,33.06,10000.0,0.0,77.0,5.56,9.4,246.0,1004.0,1,803,Clouds,broken clouds,04d
2025-07-23 18:07:19,Vinh Long,Vinh Long,29.24,29.24,29.24,70.0,33.26,10000.0,0.0,77.0,5.56,9.4,246.0,1004.0,1,803,Clouds,broken clouds,04d
2025-07-23 18:11:15,Vinh Long,Vinh Long,29.15,29.15,29.15,70.0,33.06,10000.0,0.0,77.0,5.56,9.4,246.0,1004.0,1,803,Clouds,broken clouds,04d
2025-07-23 18:15:09,Vinh Long,Vinh Long,29.24,29.24,29.24,70.0,33.26,10000.0,0.0,77.0,5.56,9.4,246.0,1004.0,1,803,Clouds,broken clouds,04d
2025-07-23 18:19:00,Vinh Long,Vinh Long,29.23,29.23,29.23,70.0,33.24,10000.0,0.0,77.0,5.56,9.4,246.0,1004.0,1,803,Clouds,broken clouds,04d
2025-07-23 18:22:53,Vinh Long,Vinh Long,29.23,29.23,29.23,70.0,33.24,10000.0,0.0,77.0,5.56,9.4,246.0,1004.0,0,803,Clouds,broken clouds,04n
2025-07-23 18:26:44,Vinh Long,Vinh Long,29.23,29.23,29.23,70.0,33.24,10000.0,0.0,77.0,5.56,9.4,246.0,1004.0,0,803,Clouds,broken clouds,04n
2025-07-23 18:30:36,Vinh Long,Vinh Long,28.3,28.3,28.3,72.0,31.56,10000.0,0.0,67.0,5.04,10.2,242.0,1005.0,0,803,Clouds,broken clouds,04n
2025-07-23 18:34:31,Vinh Long,Vinh Long,28.3,28.3,28.3,72.0,31.56,10000.0,0.0,67.0,5.04,10.2,242.0,1005.0,0,803,Clouds,broken clouds,04n
2025-07-23 18:38:23,Vinh Long,Vinh Long,28.3,28.3,28.3,72.0,31.56,10000.0,0.0,67.0,5.04,10.2,242.0,1005.0,0,803,Clouds,broken clouds,04n
2025-07-23 18:42:15,Vinh Long,Vinh Long,28.13,28.13,28.13,75.0,31.64,10000.0,0.0,66.0,5.0,10.02,249.0,1005.0,0,803,Clouds,broken clouds,04n
2025-07-23 18:46:07,Vinh Long,Vinh Long,28.13,28.13,28.13,75.0,31.64,10000.0,0.0,66.0,5.0,10.02,249.0,1005.0,0,803,Clouds,broken clouds,04n
2025-07-23 18:49:58,Vinh Long,Vinh Long,28.13,28.13,28.13,75.0,31.64,10000.0,0.0,66.0,5.0,10.02,249.0,1005.0,0,803,Clouds,broken clouds,04n
2025-07-23 18:53:48,Vinh Long,Vinh Long,28.13,28.13,28.13,75.0,31.64,10000.0,0.0,66.0,5.0,10.02,249.0,1005.0,0,803,Clouds,broken clouds,04n
2025-07-23 18:57:39,Vinh Long,Vinh Long,28.13,28.13,28.13,75.0,31.64,10000.0,0.0,66.0,5.0,10.02,249.0,1005.0,0,803,Clouds,broken clouds,04n
2025-07-23 19:01:31,Vinh Long,Vinh Long,28.13,28.13,28.13,75.0,31.64,10000.0,0.0,66.0,5.0,10.02,249.0,1005.0,0,803,Clouds,broken clouds,04n
2025-07-23 19:05:16,Vinh Long,Vinh Long,28.13,28.13,28.13,75.0,31.64,10000.0,0.0,66.0,5.0,10.02,249.0,1005.0,0,803,Clouds,broken clouds,04n
2025-07-23 19:09:02,Vinh Long,Vinh Long,28.13,28.13,28.13,75.0,31.64,10000.0,0.0,66.0,5.0,10.02,249.0,1005.0,0,803,Clouds,broken clouds,04n
2025-07-23 19:12:48,Vinh Long,Vinh Long,28.13,28.13,28.13,75.0,31.64,10000.0,0.0,66.0,5.0,10.02,249.0,1005.0,0,803,Clouds,broken clouds,04n
2025-07-23 19:16:35,Vinh Long,Vinh Long,28.13,28.13,28.13,75.0,31.64,10000.0,0.0,66.0,5.0,10.02,249.0,1005.0,0,803,Clouds,broken clouds,04n
2025-07-23 19:20:20,Vinh Long,Vinh Long,28.13,28.13,28.13,75.0,31.64,10000.0,0.0,66.0,5.0,10.02,249.0,1005.0,0,803,Clouds,broken clouds,04n
2025-07-23 19:24:07,Vinh Long,Vinh Long,28.48,28.48,28.48,78.0,32.97,10000.0,0.0,66.0,5.0,10.02,249.0,1005.0,0,803,Clouds,broken clouds,04n
2025-07-23 19:27:54,Vinh Long,Vinh Long,28.48,28.48,28.48,78.0,32.97,10000.0,0.0,66.0,5.0,10.02,249.0,1005.0,0,803,Clouds,broken clouds,04n
2025-07-23 19:31:41,Vinh Long,Vinh Long,28.48,28.48,28.48,78.0,32.97,10000.0,0.0,66.0,5.0,10.02,249.0,1005.0,0,803,Clouds,broken clouds,04n
2025-07-23 19:35:29,Vinh Long,Vinh Long,27.98,27.98,27.98,80.0,32.05,10000.0,0.0,32.0,4.88,10.35,246.0,1006.0,0,802,Clouds,scattered clouds,03n
2025-07-23 19:39:15,Vinh Long,Vinh Long,27.98,27.98,27.98,80.0,32.05,10000.0,0.0,32.0,4.88,10.35,246.0,1006.0,0,802,Clouds,scattered clouds,03n
2025-07-23 19:43:02,Vinh Long,Vinh Long,27.98,27.98,27.98,80.0,32.05,10000.0,0.0,32.0,4.88,10.35,246.0,1006.0,0,802,Clouds,scattered clouds,03n
2025-07-23 19:46:48,Vinh Long,Vinh Long,27.98,27.98,27.98,80.0,32.05,10000.0,0.0,32.0,4.88,10.35,246.0,1006.0,0,802,Clouds,scattered clouds,03n
2025-07-23 19:50:36,Vinh Long,Vinh Long,27.97,27.97,27.97,80.0,32.02,10000.0,0.0,32.0,4.88,10.35,246.0,1006.0,0,802,Clouds,scattered clouds,03n
2025-07-23 19:54:22,Vinh Long,Vinh Long,27.97,27.97,27.97,80.0,32.02,10000.0,0.0,32.0,4.88,10.35,246.0,1006.0,0,802,Clouds,scattered clouds,03n
2025-07-23 19:58:09,Vinh Long,Vinh Long,27.97,27.97,27.97,80.0,32.02,10000.0,0.0,32.0,4.88,10.35,246.0,1006.0,0,802,Clouds,scattered clouds,03n
2025-07-23 20:01:56,Vinh Long,Vinh Long,27.96,27.96,27.96,85.0,32.78,10000.0,0.0,32.0,4.88,10.35,246.0,1006.0,0,802,Clouds,scattered clouds,03n
2025-07-23 20:05:42,Vinh Long,Vinh Long,27.96,27.96,27.96,85.0,32.78,10000.0,0.0,32.0,4.88,10.35,246.0,1006.0,0,802,Clouds,scattered clouds,03n
2025-07-23 20:09:27,Vinh Long,Vinh Long,27.96,27.96,27.96,85.0,32.78,10000.0,0.0,32.0,4.88,10.35,246.0,1006.0,0,802,Clouds,scattered clouds,03n
2025-07-23 20:13:22,Vinh Long,Vinh Long,27.96,27.96,27.96,85.0,32.78,10000.0,0.0,32.0,4.88,10.35,246.0,1006.0,0,802,Clouds,scattered clouds,03n
2025-07-23 20:17:15,Vinh Long,Vinh Long,27.92,27.92,27.92,85.0,32.67,10000.0,0.0,32.0,4.88,10.35,246.0,1006.0,0,802,Clouds,scattered clouds,03n
2025-07-23 20:21:01,Vinh Long,Vinh Long,27.92,27.92,27.92,85.0,32.67,10000.0,0.0,32.0,4.88,10.35,246.0,1006.0,0,802,Clouds,scattered clouds,03n
2025-07-23 20:24:47,Vinh Long,Vinh Long,27.92,27.92,27.92,85.0,32.67,10000.0,0.0,32.0,4.88,10.35,246.0,1006.0,0,802,Clouds,scattered clouds,03n
2025-07-23 20:28:33,Vinh Long,Vinh Long,27.92,27.92,27.92,85.0,32.67,10000.0,0.0,32.0,4.88,10.35,246.0,1006.0,0,802,Clouds,scattered clouds,03n
2025-07-23 20:32:19,Vinh Long,Vinh Long,27.35,27.35,27.35,85.0,31.13,10000.0,0.0,50.0,4.12,10.1,245.0,1007.0,0,802,Clouds,scattered clouds,03n
2025-07-23 20:36:06,Vinh Long,Vinh Long,27.35,27.35,27.35,85.0,31.13,10000.0,0.0,50.0,4.12,10.1,245.0,1007.0,0,802,Clouds,scattered clouds,03n
2025-07-23 20:39:58,Vinh Long,Vinh Long,27.35,27.35,27.35,85.0,31.13,10000.0,0.0,50.0,4.12,10.1,245.0,1007.0,0,802,Clouds,scattered clouds,03n
2025-07-23 20:43:55,Vinh Long,Vinh Long,27.35,27.35,27.35,85.0,31.13,10000.0,0.0,50.0,4.12,10.1,245.0,1007.0,0,802,Clouds,scattered clouds,03n
2025-07-23 20:47:50,Vinh Long,Vinh Long,27.33,27.33,27.33,84.0,30.95,10000.0,0.0,50.0,4.12,10.1,245.0,1007.0,0,802,Clouds,scattered clouds,03n
2025-07-23 20:51:44,Vinh Long,Vinh Long,27.33,27.33,27.33,84.0,30.95,10000.0,0.0,50.0,4.12,10.1,245.0,1007.0,0,802,Clouds,scattered clouds,03n
2025-07-23 20:55:38,Vinh Long,Vinh Long,27.33,27.33,27.33,84.0,30.95,10000.0,0.0,50.0,4.12,10.1,245.0,1007.0,0,802,Clouds,scattered clouds,03n
2025-07-23 20:59:28,Vinh Long,Vinh Long,27.33,27.33,27.33,84.0,30.95,10000.0,0.0,50.0,4.12,10.1,245.0,1007.0,0,802,Clouds,scattered clouds,03n
2025-07-23 21:03:22,Vinh Long,Vinh Long,27.43,27.43,27.43,87.0,31.59,10000.0,0.0,50.0,4.12,10.1,245.0,1007.0,0,802,Clouds,scattered clouds,03n
2025-07-23 21:07:20,Vinh Long,Vinh Long,27.43,27.43,27.43,87.0,31.59,10000.0,0.0,50.0,4.12,10.1,245.0,1007.0,0,802,Clouds,scattered clouds,03n
2025-07-23 21:11:11,Vinh Long,Vinh Long,27.43,27.43,27.43,87.0,31.59,10000.0,0.0,50.0,4.12,10.1,245.0,1007.0,0,802,Clouds,scattered clouds,03n
2025-07-23 21:15:06,Vinh Long,Vinh Long,27.43,27.43,27.43,87.0,31.59,10000.0,0.0,50.0,4.12,10.1,245.0,1007.0,0,802,Clouds,scattered clouds,03n
2025-07-23 21:19:04,Vinh Long,Vinh Long,27.42,27.42,27.42,87.0,31.57,10000.0,0.0,50.0,4.12,10.1,245.0,1007.0,0,802,Clouds,scattered clouds,03n
2025-07-23 21:22:58,Vinh Long,Vinh Long,27.42,27.42,27.42,87.0,31.57,10000.0,0.0,50.0,4.12,10.1,245.0,1007.0,0,802,Clouds,scattered clouds,03n
2025-07-23 21:26:52,Vinh Long,Vinh Long,27.42,27.42,27.42,87.0,31.57,10000.0,0.0,50.0,4.12,10.1,245.0,1007.0,0,802,Clouds,scattered clouds,03n
2025-07-23 21:30:38,Vinh Long,Vinh Long,27.42,27.42,27.42,87.0,31.57,10000.0,0.0,50.0,4.12,10.1,245.0,1007.0,0,802,Clouds,scattered clouds,03n
2025-07-23 21:34:25,Vinh Long,Vinh Long,26.83,26.83,26.83,88.0,30.07,10000.0,0.0,64.0,3.6,9.6,238.0,1007.0,0,803,Clouds,broken clouds,04n
2025-07-23 21:38:12,Vinh Long,Vinh Long,26.83,26.83,26.83,88.0,30.07,10000.0,0.0,64.0,3.6,9.6,238.0,1007.0,0,803,Clouds,broken clouds,04n
2025-07-23 21:41:58,Vinh Long,Vinh Long,26.83,26.83,26.83,88.0,30.07,10000.0,0.0,64.0,3.6,9.6,238.0,1007.0,0,803,Clouds,broken clouds,04n
2025-07-23 21:45:44,Vinh Long,Vinh Long,26.83,26.83,26.83,88.0,30.07,10000.0,0.0,64.0,3.6,9.6,238.0,1007.0,0,803,Clouds,broken clouds,04n
2025-07-23 21:49:30,Vinh Long,Vinh Long,26.72,26.72,26.72,89.0,29.86,10000.0,0.0,64.0,3.6,9.6,238.0,1008.0,0,803,Clouds,broken clouds,04n
2025-07-23 21:53:18,Vinh Long,Vinh Long,26.72,26.72,26.72,89.0,29.86,10000.0,0.0,64.0,3.6,9.6,238.0,1008.0,0,803,Clouds,broken clouds,04n
2025-07-23 21:57:05,Vinh Long,Vinh Long,26.72,26.72,26.72,89.0,29.86,10000.0,0.0,64.0,3.6,9.6,238.0,1008.0,0,803,Clouds,broken clouds,04n
2025-07-23 22:00:51,Vinh Long,Vinh Long,26.72,26.72,26.72,89.0,29.86,10000.0,0.0,64.0,3.6,9.6,238.0,1008.0,0,803,Clouds,broken clouds,04n
2025-07-23 22:04:36,Vinh Long,Vinh Long,26.72,26.72,26.72,89.0,29.86,10000.0,0.0,64.0,3.6,9.6,238.0,1008.0,0,803,Clouds,broken clouds,04n
2025-07-23 22:08:25,Vinh Long,Vinh Long,26.81,26.81,26.81,92.0,30.38,10000.0,0.0,64.0,3.6,9.6,238.0,1007.0,0,803,Clouds,broken clouds,04n
2025-07-23 22:12:12,Vinh Long,Vinh Long,26.81,26.81,26.81,92.0,30.38,10000.0,0.0,64.0,3.6,9.6,238.0,1007.0,0,803,Clouds,broken clouds,04n
2025-07-23 22:15:58,Vinh Long,Vinh Long,26.81,26.81,26.81,92.0,30.38,10000.0,0.0,64.0,3.6,9.6,238.0,1007.0,0,803,Clouds,broken clouds,04n
2025-07-23 22:19:44,Vinh Long,Vinh Long,26.81,26.81,26.81,92.0,30.38,10000.0,0.0,64.0,3.6,9.6,238.0,1007.0,0,803,Clouds,broken clouds,04n
2025-07-23 22:23:30,Vinh Long,Vinh Long,26.81,26.81,26.81,92.0,30.38,10000.0,0.0,64.0,3.6,9.6,238.0,1007.0,0,803,Clouds,broken clouds,04n
2025-07-23 22:27:16,Vinh Long,Vinh Long,26.81,26.81,26.81,92.0,30.38,10000.0,0.0,64.0,3.6,9.6,238.0,1007.0,0,803,Clouds,broken clouds,04n
2025-07-23 22:31:04,Vinh Long,Vinh Long,26.4,26.4,26.4,91.0,26.4,10000.0,0.0,73.0,3.31,9.05,236.0,1008.0,0,803,Clouds,broken clouds,04n
2025-07-23 22:34:49,Vinh Long,Vinh Long,26.4,26.4,26.4,91.0,26.4,10000.0,0.0,73.0,3.31,9.05,236.0,1008.0,0,803,Clouds,broken clouds,04n
2025-07-23 22:38:35,Vinh Long,Vinh Long,26.39,26.39,26.39,91.0,26.39,10000.0,0.0,73.0,3.31,9.05,236.0,1008.0,0,803,Clouds,broken clouds,04n
2025-07-23 22:42:21,Vinh Long,Vinh Long,26.39,26.39,26.39,91.0,26.39,10000.0,0.0,73.0,3.31,9.05,236.0,1008.0,0,803,Clouds,broken clouds,04n
2025-07-23 22:46:08,Vinh Long,Vinh Long,26.39,26.39,26.39,91.0,26.39,10000.0,0.0,73.0,3.31,9.05,236.0,1008.0,0,803,Clouds,broken clouds,04n
2025-07-23 22:49:56,Vinh Long,Vinh Long,26.39,26.39,26.39,91.0,26.39,10000.0,0.0,73.0,3.31,9.05,236.0,1008.0,0,803,Clouds,broken clouds,04n
2025-07-23 22:53:42,Vinh Long,Vinh Long,26.39,26.39,26.39,91.0,26.39,10000.0,0.0,73.0,3.31,9.05,236.0,1008.0,0,803,Clouds,broken clouds,04n
2025-07-23 22:57:28,Vinh Long,Vinh Long,26.37,26.37,26.37,91.0,26.37,10000.0,0.0,73.0,3.31,9.05,236.0,1008.0,0,803,Clouds,broken clouds,04n
2025-07-23 23:01:15,Vinh Long,Vinh Long,26.46,26.46,26.46,93.0,26.46,10000.0,0.0,73.0,3.31,9.05,236.0,1007.0,0,803,Clouds,broken clouds,04n
2025-07-23 23:05:01,Vinh Long,Vinh Long,26.37,26.37,26.37,91.0,26.37,10000.0,0.0,73.0,3.31,9.05,236.0,1008.0,0,803,Clouds,broken clouds,04n
2025-07-23 23:08:47,Vinh Long,Vinh Long,26.46,26.46,26.46,93.0,26.46,10000.0,0.0,73.0,3.31,9.05,236.0,1007.0,0,803,Clouds,broken clouds,04n
2025-07-23 23:12:33,Vinh Long,Vinh Long,26.46,26.46,26.46,93.0,26.46,10000.0,0.0,73.0,3.31,9.05,236.0,1007.0,0,803,Clouds,broken clouds,04n
2025-07-23 23:16:19,Vinh Long,Vinh Long,26.46,26.46,26.46,93.0,26.46,10000.0,0.0,73.0,3.31,9.05,236.0,1007.0,0,803,Clouds,broken clouds,04n
2025-07-23 23:20:06,Vinh Long,Vinh Long,26.46,26.46,26.46,93.0,26.46,10000.0,0.0,73.0,3.31,9.05,236.0,1007.0,0,803,Clouds,broken clouds,04n
2025-07-23 23:23:51,Vinh Long,Vinh Long,26.46,26.46,26.46,93.0,26.46,10000.0,0.0,73.0,3.31,9.05,236.0,1007.0,0,803,Clouds,broken clouds,04n
2025-07-23 23:27:39,Vinh Long,Vinh Long,26.46,26.46,26.46,93.0,26.46,10000.0,0.0,73.0,3.31,9.05,236.0,1007.0,0,803,Clouds,broken clouds,04n
2025-07-23 23:31:27,Vinh Long,Vinh Long,26.09,26.09,26.09,92.0,26.09,10000.0,0.0,79.0,3.43,8.93,238.0,1007.0,0,803,Clouds,broken clouds,04n
2025-07-23 23:35:13,Vinh Long,Vinh Long,26.09,26.09,26.09,92.0,26.09,10000.0,0.0,79.0,3.43,8.93,238.0,1007.0,0,803,Clouds,broken clouds,04n
2025-07-23 23:38:58,Vinh Long,Vinh Long,26.09,26.09,26.09,92.0,26.09,10000.0,0.0,79.0,3.43,8.93,238.0,1007.0,0,803,Clouds,broken clouds,04n
2025-07-23 23:42:46,Vinh Long,Vinh Long,26.09,26.09,26.09,92.0,26.09,10000.0,0.0,79.0,3.43,8.93,238.0,1007.0,0,803,Clouds,broken clouds,04n
2025-07-23 23:46:32,Vinh Long,Vinh Long,26.09,26.09,26.09,92.0,26.09,10000.0,0.0,79.0,3.43,8.93,238.0,1007.0,0,803,Clouds,broken clouds,04n
2025-07-23 23:50:18,Vinh Long,Vinh Long,26.09,26.09,26.09,92.0,26.09,10000.0,0.0,79.0,3.43,8.93,238.0,1007.0,0,803,Clouds,broken clouds,04n
2025-07-23 23:54:09,Vinh Long,Vinh Long,26.09,26.09,26.09,92.0,26.09,10000.0,0.0,79.0,3.43,8.93,238.0,1007.0,0,803,Clouds,broken clouds,04n
2025-07-23 23:57:55,Vinh Long,Vinh Long,26.09,26.09,26.09,92.0,26.09,10000.0,0.0,79.0,3.43,8.93,238.0,1007.0,0,803,Clouds,broken clouds,04n
2025-07-24 00:01:41,Vinh Long,Vinh Long,26.17,26.17,26.17,93.0,26.17,10000.0,0.0,79.0,3.43,8.93,238.0,1007.0,0,803,Clouds,broken clouds,04n
2025-07-24 00:05:34,Vinh Long,Vinh Long,26.17,26.17,26.17,93.0,26.17,10000.0,0.0,79.0,3.43,8.93,238.0,1007.0,0,803,Clouds,broken clouds,04n
2025-07-24 00:09:20,Vinh Long,Vinh Long,26.17,26.17,26.17,93.0,26.17,10000.0,0.0,79.0,3.43,8.93,238.0,1007.0,0,803,Clouds,broken clouds,04n
2025-07-24 00:13:06,Vinh Long,Vinh Long,26.17,26.17,26.17,93.0,26.17,10000.0,0.0,79.0,3.43,8.93,238.0,1007.0,0,803,Clouds,broken clouds,04n
2025-07-24 00:16:53,Vinh Long,Vinh Long,26.16,26.16,26.16,94.0,26.16,10000.0,0.0,79.0,3.43,8.93,238.0,1007.0,0,803,Clouds,broken clouds,04n
2025-07-24 00:20:38,Vinh Long,Vinh Long,26.16,26.16,26.16,94.0,26.16,10000.0,0.0,79.0,3.43,8.93,238.0,1007.0,0,803,Clouds,broken clouds,04n
2025-07-24 00:24:24,Vinh Long,Vinh Long,26.16,26.16,26.16,94.0,26.16,10000.0,0.0,79.0,3.43,8.93,238.0,1007.0,0,803,Clouds,broken clouds,04n
2025-07-24 00:28:10,Vinh Long,Vinh Long,26.16,26.16,26.16,94.0,26.16,10000.0,0.0,79.0,3.43,8.93,238.0,1007.0,0,803,Clouds,broken clouds,04n
2025-07-24 00:31:56,Vinh Long,Vinh Long,26.16,26.16,26.16,94.0,26.16,10000.0,0.0,79.0,3.43,8.93,238.0,1007.0,0,803,Clouds,broken clouds,04n
2025-07-24 00:35:41,Vinh Long,Vinh Long,26.16,26.16,26.16,94.0,26.16,10000.0,0.0,79.0,3.43,8.93,238.0,1007.0,0,803,Clouds,broken clouds,04n
2025-07-24 00:40:23,Vinh Long,Vinh Long,25.87,25.87,25.87,92.0,26.91,10000.0,0.0,67.0,3.47,9.52,244.0,1007.0,0,803,Clouds,broken clouds,04n
2025-07-24 00:44:10,Vinh Long,Vinh Long,25.87,25.87,25.87,92.0,26.91,10000.0,0.0,67.0,3.47,9.52,244.0,1007.0,0,803,Clouds,broken clouds,04n
2025-07-24 00:47:57,Vinh Long,Vinh Long,25.87,25.87,25.87,92.0,26.91,10000.0,0.0,67.0,3.47,9.52,244.0,1007.0,0,803,Clouds,broken clouds,04n
2025-07-24 00:51:43,Vinh Long,Vinh Long,25.87,25.87,25.87,92.0,26.91,10000.0,0.33,67.0,3.47,9.52,244.0,1007.0,0,500,Rain,light rain,10n
2025-07-24 00:55:29,Vinh Long,Vinh Long,25.87,25.87,25.87,92.0,26.91,10000.0,0.32,67.0,3.47,9.52,244.0,1007.0,0,500,Rain,light rain,10n
2025-07-24 00:59:15,Vinh Long,Vinh Long,25.87,25.87,25.87,92.0,26.91,10000.0,0.19,67.0,3.47,9.52,244.0,1007.0,0,500,Rain,light rain,10n
2025-07-24 01:03:00,Vinh Long,Vinh Long,25.87,25.87,25.87,92.0,26.91,10000.0,0.32,67.0,3.47,9.52,244.0,1007.0,0,500,Rain,light rain,10n
2025-07-24 01:06:47,Vinh Long,Vinh Long,25.87,25.87,25.87,92.0,26.91,10000.0,0.0,67.0,3.47,9.52,244.0,1007.0,0,803,Clouds,broken clouds,04n
2025-07-24 01:10:42,Vinh Long,Vinh Long,25.87,25.87,25.87,92.0,26.91,10000.0,0.0,67.0,3.47,9.52,244.0,1007.0,0,803,Clouds,broken clouds,04n
2025-07-24 01:14:27,Vinh Long,Vinh Long,25.87,25.87,25.87,92.0,26.91,10000.0,0.0,67.0,3.47,9.52,244.0,1007.0,0,803,Clouds,broken clouds,04n
2025-07-24 01:18:13,Vinh Long,Vinh Long,25.87,25.87,25.87,92.0,26.91,10000.0,0.0,67.0,3.47,9.52,244.0,1007.0,0,803,Clouds,broken clouds,04n
2025-07-24 01:22:00,Vinh Long,Vinh Long,25.87,25.87,25.87,92.0,26.91,10000.0,0.0,67.0,3.47,9.52,244.0,1007.0,0,803,Clouds,broken clouds,04n
2025-07-24 01:25:46,Vinh Long,Vinh Long,25.87,25.87,25.87,92.0,26.91,10000.0,0.0,67.0,3.47,9.52,244.0,1007.0,0,803,Clouds,broken clouds,04n
2025-07-24 01:29:32,Vinh Long,Vinh Long,25.87,25.87,25.87,92.0,26.91,10000.0,0.0,67.0,3.47,9.52,244.0,1007.0,0,803,Clouds,broken clouds,04n
2025-07-24 01:33:18,Vinh Long,Vinh Long,25.87,25.87,25.87,92.0,26.91,10000.0,0.0,67.0,3.47,9.52,244.0,1007.0,0,803,Clouds,broken clouds,04n
2025-07-24 01:37:05,Vinh Long,Vinh Long,25.67,25.67,25.67,91.0,26.67,10000.0,0.0,99.0,2.97,9.52,248.0,1006.0,0,804,Clouds,overcast clouds,04n
2025-07-24 01:40:51,Vinh Long,Vinh Long,25.67,25.67,25.67,91.0,26.67,10000.0,0.0,99.0,2.97,9.52,248.0,1006.0,0,804,Clouds,overcast clouds,04n
2025-07-24 01:44:36,Vinh Long,Vinh Long,25.67,25.67,25.67,91.0,26.67,10000.0,0.0,99.0,2.97,9.52,248.0,1006.0,0,804,Clouds,overcast clouds,04n
2025-07-24 01:48:23,Vinh Long,Vinh Long,25.88,25.88,25.88,92.0,26.93,10000.0,0.0,99.0,2.97,9.52,248.0,1006.0,0,804,Clouds,overcast clouds,04n
2025-07-24 01:52:09,Vinh Long,Vinh Long,25.88,25.88,25.88,92.0,26.93,10000.0,0.0,99.0,2.97,9.52,248.0,1006.0,0,804,Clouds,overcast clouds,04n
2025-07-24 01:55:55,Vinh Long,Vinh Long,25.88,25.88,25.88,92.0,26.93,10000.0,0.0,99.0,2.97,9.52,248.0,1006.0,0,804,Clouds,overcast clouds,04n
2025-07-24 01:59:41,Vinh Long,Vinh Long,25.88,25.88,25.88,92.0,26.93,10000.0,0.0,99.0,2.97,9.52,248.0,1006.0,0,804,Clouds,overcast clouds,04n
2025-07-24 02:03:27,Vinh Long,Vinh Long,25.88,25.88,25.88,92.0,26.93,10000.0,0.0,99.0,2.97,9.52,248.0,1006.0,0,804,Clouds,overcast clouds,04n
2025-07-24 02:07:13,Vinh Long,Vinh Long,25.88,25.88,25.88,92.0,26.93,10000.0,0.0,99.0,2.97,9.52,248.0,1006.0,0,804,Clouds,overcast clouds,04n
2025-07-24 02:10:59,Vinh Long,Vinh Long,25.88,25.88,25.88,92.0,26.93,10000.0,0.0,99.0,2.97,9.52,248.0,1006.0,0,804,Clouds,overcast clouds,04n
2025-07-24 02:14:47,Vinh Long,Vinh Long,25.99,25.99,25.99,94.0,25.99,10000.0,0.0,99.0,2.97,9.52,248.0,1006.0,0,804,Clouds,overcast clouds,04n
2025-07-24 02:18:33,Vinh Long,Vinh Long,25.99,25.99,25.99,94.0,25.99,10000.0,0.0,99.0,2.97,9.52,248.0,1006.0,0,804,Clouds,overcast clouds,04n
2025-07-24 02:22:19,Vinh Long,Vinh Long,25.99,25.99,25.99,94.0,25.99,10000.0,0.0,99.0,2.97,9.52,248.0,1006.0,0,804,Clouds,overcast clouds,04n
2025-07-24 02:26:12,Vinh Long,Vinh Long,25.99,25.99,25.99,94.0,25.99,10000.0,0.0,99.0,2.97,9.52,248.0,1006.0,0,804,Clouds,overcast clouds,04n
2025-07-24 02:29:58,Vinh Long,Vinh Long,25.99,25.99,25.99,94.0,25.99,10000.0,0.0,99.0,2.97,9.52,248.0,1006.0,0,804,Clouds,overcast clouds,04n
2025-07-24 02:33:48,Vinh Long,Vinh Long,25.99,25.99,25.99,94.0,25.99,10000.0,0.0,99.0,2.97,9.52,248.0,1006.0,0,804,Clouds,overcast clouds,04n
2025-07-24 02:37:41,Vinh Long,Vinh Long,25.99,25.99,25.99,94.0,25.99,10000.0,0.0,99.0,2.97,9.52,248.0,1006.0,0,804,Clouds,overcast clouds,04n
2025-07-24 02:41:28,Vinh Long,Vinh Long,25.99,25.99,25.99,94.0,25.99,10000.0,0.0,99.0,2.97,9.52,248.0,1006.0,0,804,Clouds,overcast clouds,04n
2025-07-24 02:45:15,Vinh Long,Vinh Long,25.67,25.67,25.67,93.0,26.72,10000.0,0.0,99.0,2.8,9.62,254.0,1006.0,0,804,Clouds,overcast clouds,04n
2025-07-24 02:49:02,Vinh Long,Vinh Long,25.67,25.67,25.67,93.0,26.72,10000.0,0.0,99.0,2.8,9.62,254.0,1006.0,0,804,Clouds,overcast clouds,04n
2025-07-24 02:52:48,Vinh Long,Vinh Long,25.66,25.66,25.66,93.0,26.71,10000.0,0.0,99.0,2.8,9.62,254.0,1006.0,0,804,Clouds,overcast clouds,04n
2025-07-24 02:56:35,Vinh Long,Vinh Long,25.66,25.66,25.66,93.0,26.71,10000.0,0.0,99.0,2.8,9.62,254.0,1006.0,0,804,Clouds,overcast clouds,04n
2025-07-24 03:00:21,Vinh Long,Vinh Long,25.66,25.66,25.66,93.0,26.71,10000.0,0.0,99.0,2.8,9.62,254.0,1006.0,0,804,Clouds,overcast clouds,04n
2025-07-24 03:04:08,Vinh Long,Vinh Long,25.66,25.66,25.66,93.0,26.71,10000.0,0.0,99.0,2.8,9.62,254.0,1006.0,0,804,Clouds,overcast clouds,04n
2025-07-24 03:07:55,Vinh Long,Vinh Long,25.77,25.77,25.77,94.0,26.86,10000.0,0.0,99.0,2.8,9.62,254.0,1006.0,0,804,Clouds,overcast clouds,04n
2025-07-24 03:11:44,Vinh Long,Vinh Long,25.77,25.77,25.77,94.0,26.86,10000.0,0.0,99.0,2.8,9.62,254.0,1006.0,0,804,Clouds,overcast clouds,04n
2025-07-24 03:15:30,Vinh Long,Vinh Long,25.77,25.77,25.77,94.0,26.86,10000.0,0.0,99.0,2.8,9.62,254.0,1006.0,0,804,Clouds,overcast clouds,04n
2025-07-24 03:19:16,Vinh Long,Vinh Long,25.77,25.77,25.77,94.0,26.86,10000.0,0.0,99.0,2.8,9.62,254.0,1006.0,0,804,Clouds,overcast clouds,04n
2025-07-24 03:23:02,Vinh Long,Vinh Long,25.77,25.77,25.77,94.0,26.86,10000.0,0.0,99.0,2.8,9.62,254.0,1006.0,0,804,Clouds,overcast clouds,04n
2025-07-24 03:26:50,Vinh Long,Vinh Long,25.77,25.77,25.77,94.0,26.86,10000.0,0.0,99.0,2.8,9.62,254.0,1006.0,0,804,Clouds,overcast clouds,04n
2025-07-24 03:30:35,Vinh Long,Vinh Long,25.77,25.77,25.77,94.0,26.86,10000.0,0.0,99.0,2.8,9.62,254.0,1006.0,0,804,Clouds,overcast clouds,04n
2025-07-24 03:34:21,Vinh Long,Vinh Long,25.77,25.77,25.77,94.0,26.86,10000.0,0.0,99.0,2.8,9.62,254.0,1006.0,0,804,Clouds,overcast clouds,04n
2025-07-24 03:38:10,Vinh Long,Vinh Long,25.5,25.5,25.5,93.0,26.53,10000.0,0.0,99.0,2.62,9.25,252.0,1006.0,0,804,Clouds,overcast clouds,04n
2025-07-24 03:41:56,Vinh Long,Vinh Long,25.5,25.5,25.5,93.0,26.53,10000.0,0.0,99.0,2.62,9.25,252.0,1006.0,0,804,Clouds,overcast clouds,04n
2025-07-24 03:45:42,Vinh Long,Vinh Long,25.5,25.5,25.5,93.0,26.53,10000.0,0.0,99.0,2.62,9.25,252.0,1006.0,0,804,Clouds,overcast clouds,04n
2025-07-24 03:49:28,Vinh Long,Vinh Long,25.48,25.48,25.48,93.0,26.51,10000.0,0.0,99.0,2.62,9.25,252.0,1006.0,0,804,Clouds,overcast clouds,04n
2025-07-24 03:53:14,Vinh Long,Vinh Long,25.48,25.48,25.48,93.0,26.51,10000.0,0.0,99.0,2.62,9.25,252.0,1006.0,0,804,Clouds,overcast clouds,04n
2025-07-24 03:57:00,Vinh Long,Vinh Long,25.48,25.48,25.48,93.0,26.51,10000.0,0.0,99.0,2.62,9.25,252.0,1006.0,0,804,Clouds,overcast clouds,04n
2025-07-24 04:00:46,Vinh Long,Vinh Long,25.48,25.48,25.48,93.0,26.51,10000.0,0.0,99.0,2.62,9.25,252.0,1006.0,0,804,Clouds,overcast clouds,04n
2025-07-24 04:04:32,Vinh Long,Vinh Long,25.48,25.48,25.48,93.0,26.51,10000.0,0.0,99.0,2.62,9.25,252.0,1006.0,0,804,Clouds,overcast clouds,04n
2025-07-24 04:08:18,Vinh Long,Vinh Long,25.57,25.57,25.57,95.0,26.66,10000.0,0.0,99.0,2.62,9.25,252.0,1006.0,0,804,Clouds,overcast clouds,04n
2025-07-24 04:12:05,Vinh Long,Vinh Long,25.57,25.57,25.57,95.0,26.66,10000.0,0.0,99.0,2.62,9.25,252.0,1006.0,0,804,Clouds,overcast clouds,04n
2025-07-24 04:15:51,Vinh Long,Vinh Long,25.57,25.57,25.57,95.0,26.66,10000.0,0.0,99.0,2.62,9.25,252.0,1006.0,0,804,Clouds,overcast clouds,04n
2025-07-24 04:19:37,Vinh Long,Vinh Long,25.56,25.56,25.56,95.0,26.65,10000.0,0.0,99.0,2.62,9.25,252.0,1006.0,0,804,Clouds,overcast clouds,04n
2025-07-24 04:23:24,Vinh Long,Vinh Long,25.56,25.56,25.56,95.0,26.65,10000.0,0.0,99.0,2.62,9.25,252.0,1006.0,0,804,Clouds,overcast clouds,04n
2025-07-24 04:27:09,Vinh Long,Vinh Long,25.56,25.56,25.56,95.0,26.65,10000.0,0.0,99.0,2.62,9.25,252.0,1006.0,0,804,Clouds,overcast clouds,04n
2025-07-24 04:30:55,Vinh Long,Vinh Long,25.56,25.56,25.56,95.0,26.65,10000.0,0.0,99.0,2.62,9.25,252.0,1006.0,0,804,Clouds,overcast clouds,04n
2025-07-24 04:34:41,Vinh Long,Vinh Long,25.39,25.39,25.39,94.0,26.44,10000.0,0.0,99.0,2.67,9.67,251.0,1006.0,0,804,Clouds,overcast clouds,04n
2025-07-24 04:38:27,Vinh Long,Vinh Long,25.39,25.39,25.39,94.0,26.44,10000.0,0.0,99.0,2.67,9.67,251.0,1006.0,0,804,Clouds,overcast clouds,04n
2025-07-24 04:42:13,Vinh Long,Vinh Long,25.39,25.39,25.39,94.0,26.44,10000.0,0.0,99.0,2.67,9.67,251.0,1006.0,0,804,Clouds,overcast clouds,04n
2025-07-24 04:45:59,Vinh Long,Vinh Long,25.39,25.39,25.39,94.0,26.44,10000.0,0.0,99.0,2.67,9.67,251.0,1006.0,0,804,Clouds,overcast clouds,04n
2025-07-24 04:49:45,Vinh Long,Vinh Long,25.38,25.38,25.38,94.0,26.43,10000.0,0.0,99.0,2.67,9.67,251.0,1006.0,0,804,Clouds,overcast clouds,04n
2025-07-24 04:53:31,Vinh Long,Vinh Long,25.38,25.38,25.38,94.0,26.43,10000.0,0.0,99.0,2.67,9.67,251.0,1006.0,0,804,Clouds,overcast clouds,04n
2025-07-24 04:57:17,Vinh Long,Vinh Long,25.38,25.38,25.38,94.0,26.43,10000.0,0.0,99.0,2.67,9.67,251.0,1006.0,0,804,Clouds,overcast clouds,04n
2025-07-24 05:01:08,Vinh Long,Vinh Long,25.38,25.38,25.38,94.0,26.43,10000.0,0.0,99.0,2.67,9.67,251.0,1006.0,0,804,Clouds,overcast clouds,04n
2025-07-24 05:04:54,Vinh Long,Vinh Long,25.38,25.38,25.38,94.0,26.43,10000.0,0.0,99.0,2.67,9.67,251.0,1006.0,0,804,Clouds,overcast clouds,04n
2025-07-24 05:08:39,Vinh Long,Vinh Long,25.38,25.38,25.38,94.0,26.43,10000.0,0.0,99.0,2.67,9.67,251.0,1006.0,0,804,Clouds,overcast clouds,04n
2025-07-24 05:12:26,Vinh Long,Vinh Long,25.46,25.46,25.46,95.0,26.54,10000.0,0.0,99.0,2.67,9.67,251.0,1006.0,0,804,Clouds,overcast clouds,04n
2025-07-24 05:16:12,Vinh Long,Vinh Long,25.46,25.46,25.46,95.0,26.54,10000.0,0.0,99.0,2.67,9.67,251.0,1006.0,0,804,Clouds,overcast clouds,04n
2025-07-24 05:19:58,Vinh Long,Vinh Long,25.46,25.46,25.46,95.0,26.54,10000.0,0.0,99.0,2.67,9.67,251.0,1006.0,0,804,Clouds,overcast clouds,04n
2025-07-24 05:23:45,Vinh Long,Vinh Long,25.46,25.46,25.46,95.0,26.54,10000.0,0.0,99.0,2.67,9.67,251.0,1006.0,0,804,Clouds,overcast clouds,04n
2025-07-24 05:27:31,Vinh Long,Vinh Long,25.46,25.46,25.46,95.0,26.54,10000.0,0.0,99.0,2.67,9.67,251.0,1006.0,0,804,Clouds,overcast clouds,04n
2025-07-24 05:31:17,Vinh Long,Vinh Long,25.71,25.71,25.71,93.0,26.76,10000.0,0.0,99.0,2.81,9.59,246.0,1007.0,0,804,Clouds,overcast clouds,04n
2025-07-24 05:35:05,Vinh Long,Vinh Long,25.71,25.71,25.71,93.0,26.76,10000.0,0.0,99.0,2.81,9.59,246.0,1007.0,0,804,Clouds,overcast clouds,04n
2025-07-24 05:38:51,Vinh Long,Vinh Long,25.71,25.71,25.71,93.0,26.76,10000.0,0.0,99.0,2.81,9.59,246.0,1007.0,0,804,Clouds,overcast clouds,04n
2025-07-24 05:42:36,Vinh Long,Vinh Long,25.71,25.71,25.71,93.0,26.76,10000.0,0.0,99.0,2.81,9.59,246.0,1007.0,0,804,Clouds,overcast clouds,04n
2025-07-24 05:46:23,Vinh Long,Vinh Long,25.7,25.7,25.7,92.0,26.73,10000.0,0.0,99.0,2.81,9.59,246.0,1007.0,1,804,Clouds,overcast clouds,04d
2025-07-24 05:50:09,Vinh Long,Vinh Long,25.7,25.7,25.7,92.0,26.73,10000.0,0.0,99.0,2.81,9.59,246.0,1007.0,1,804,Clouds,overcast clouds,04d
2025-07-24 05:53:55,Vinh Long,Vinh Long,25.7,25.7,25.7,92.0,26.73,10000.0,0.0,99.0,2.81,9.59,246.0,1007.0,1,804,Clouds,overcast clouds,04d
2025-07-24 05:57:41,Vinh Long,Vinh Long,25.7,25.7,25.7,92.0,26.73,10000.0,0.0,99.0,2.81,9.59,246.0,1007.0,1,804,Clouds,overcast clouds,04d
2025-07-24 06:01:28,Vinh Long,Vinh Long,25.7,25.7,25.7,92.0,26.73,10000.0,0.0,99.0,2.81,9.59,246.0,1007.0,1,804,Clouds,overcast clouds,04d
2025-07-24 06:05:16,Vinh Long,Vinh Long,25.76,25.76,25.76,94.0,26.85,10000.0,0.0,99.0,2.81,9.59,246.0,1006.0,1,804,Clouds,overcast clouds,04d
2025-07-24 06:09:02,Vinh Long,Vinh Long,25.76,25.76,25.76,94.0,26.85,10000.0,0.0,99.0,2.81,9.59,246.0,1006.0,1,804,Clouds,overcast clouds,04d
2025-07-24 06:12:48,Vinh Long,Vinh Long,25.76,25.76,25.76,94.0,26.85,10000.0,0.0,99.0,2.81,9.59,246.0,1006.0,1,804,Clouds,overcast clouds,04d
2025-07-24 06:16:33,Vinh Long,Vinh Long,25.76,25.76,25.76,94.0,26.85,10000.0,0.0,99.0,2.81,9.59,246.0,1006.0,1,804,Clouds,overcast clouds,04d
2025-07-24 06:20:20,Vinh Long,Vinh Long,25.73,25.73,25.73,94.0,26.81,10000.0,0.0,99.0,2.81,9.59,246.0,1006.0,1,804,Clouds,overcast clouds,04d
2025-07-24 06:24:09,Vinh Long,Vinh Long,25.73,25.73,25.73,94.0,26.81,10000.0,0.0,99.0,2.81,9.59,246.0,1006.0,1,804,Clouds,overcast clouds,04d
2025-07-24 06:27:54,Vinh Long,Vinh Long,25.73,25.73,25.73,94.0,26.81,10000.0,0.0,99.0,2.81,9.59,246.0,1006.0,1,804,Clouds,overcast clouds,04d
2025-07-24 06:31:41,Vinh Long,Vinh Long,26.84,26.84,26.84,89.0,30.19,10000.0,0.0,99.0,3.9,10.87,250.0,1007.0,1,804,Clouds,overcast clouds,04d
2025-07-24 06:35:26,Vinh Long,Vinh Long,26.84,26.84,26.84,89.0,30.19,10000.0,0.0,99.0,3.9,10.87,250.0,1007.0,1,804,Clouds,overcast clouds,04d
2025-07-24 06:39:12,Vinh Long,Vinh Long,26.87,26.87,26.87,89.0,30.27,10000.0,0.0,99.0,3.9,10.87,250.0,1007.0,1,804,Clouds,overcast clouds,04d
2025-07-24 06:42:58,Vinh Long,Vinh Long,26.87,26.87,26.87,89.0,30.27,10000.0,0.0,99.0,3.9,10.87,250.0,1007.0,1,804,Clouds,overcast clouds,04d
2025-07-24 06:46:43,Vinh Long,Vinh Long,26.87,26.87,26.87,89.0,30.27,10000.0,0.0,99.0,3.9,10.87,250.0,1007.0,1,804,Clouds,overcast clouds,04d
2025-07-24 06:50:30,Vinh Long,Vinh Long,26.87,26.87,26.87,89.0,30.27,10000.0,0.0,99.0,3.9,10.87,250.0,1007.0,1,804,Clouds,overcast clouds,04d
2025-07-24 06:54:16,Vinh Long,Vinh Long,26.87,26.87,26.87,89.0,30.27,10000.0,0.0,99.0,3.9,10.87,250.0,1007.0,1,804,Clouds,overcast clouds,04d
2025-07-24 06:58:01,Vinh Long,Vinh Long,26.87,26.87,26.87,89.0,30.27,10000.0,0.0,99.0,3.9,10.87,250.0,1007.0,1,804,Clouds,overcast clouds,04d
2025-07-24 07:01:48,Vinh Long,Vinh Long,26.87,26.87,26.87,92.0,30.56,10000.0,0.0,99.0,3.9,10.87,250.0,1007.0,1,804,Clouds,overcast clouds,04d
2025-07-24 07:05:37,Vinh Long,Vinh Long,26.87,26.87,26.87,92.0,30.56,10000.0,0.0,99.0,3.9,10.87,250.0,1007.0,1,804,Clouds,overcast clouds,04d
2025-07-24 07:09:27,Vinh Long,Vinh Long,26.87,26.87,26.87,92.0,30.56,10000.0,0.0,99.0,3.9,10.87,250.0,1007.0,1,804,Clouds,overcast clouds,04d
2025-07-24 07:13:12,Vinh Long,Vinh Long,26.87,26.87,26.87,92.0,30.56,10000.0,0.0,99.0,3.9,10.87,250.0,1007.0,1,804,Clouds,overcast clouds,04d
2025-07-24 07:16:59,Vinh Long,Vinh Long,26.87,26.87,26.87,92.0,30.56,10000.0,0.0,99.0,3.9,10.87,250.0,1007.0,1,804,Clouds,overcast clouds,04d
2025-07-24 07:20:45,Vinh Long,Vinh Long,26.87,26.87,26.87,92.0,30.56,10000.0,0.0,99.0,3.9,10.87,250.0,1007.0,1,804,Clouds,overcast clouds,04d
2025-07-24 07:24:30,Vinh Long,Vinh Long,26.87,26.87,26.87,92.0,30.56,10000.0,0.0,99.0,3.9,10.87,250.0,1007.0,1,804,Clouds,overcast clouds,04d
2025-07-24 07:28:17,Vinh Long,Vinh Long,26.87,26.87,26.87,92.0,30.56,10000.0,0.0,99.0,3.9,10.87,250.0,1007.0,1,804,Clouds,overcast clouds,04d
2025-07-24 07:32:03,Vinh Long,Vinh Long,26.87,26.87,26.87,92.0,30.56,10000.0,0.0,99.0,3.9,10.87,250.0,1007.0,1,804,Clouds,overcast clouds,04d
2025-07-24 07:35:49,Vinh Long,Vinh Long,28.73,28.73,28.73,82.0,34.41,10000.0,0.0,100.0,5.03,11.64,252.0,1008.0,1,804,Clouds,overcast clouds,04d
2025-07-24 07:39:35,Vinh Long,Vinh Long,28.73,28.73,28.73,82.0,34.41,10000.0,0.0,100.0,5.03,11.64,252.0,1008.0,1,804,Clouds,overcast clouds,04d
2025-07-24 07:43:21,Vinh Long,Vinh Long,28.73,28.73,28.73,82.0,34.41,10000.0,0.0,100.0,5.03,11.64,252.0,1008.0,1,804,Clouds,overcast clouds,04d
2025-07-24 07:47:09,Vinh Long,Vinh Long,28.73,28.73,28.73,82.0,34.41,10000.0,0.0,100.0,5.03,11.64,252.0,1008.0,1,804,Clouds,overcast clouds,04d
2025-07-24 07:50:55,Vinh Long,Vinh Long,28.73,28.73,28.73,82.0,34.41,10000.0,0.0,100.0,5.03,11.64,252.0,1008.0,1,804,Clouds,overcast clouds,04d
2025-07-24 07:54:43,Vinh Long,Vinh Long,28.73,28.73,28.73,82.0,34.41,10000.0,0.0,100.0,5.03,11.64,252.0,1008.0,1,804,Clouds,overcast clouds,04d
2025-07-24 07:58:28,Vinh Long,Vinh Long,28.73,28.73,28.73,82.0,34.41,10000.0,0.0,100.0,5.03,11.64,252.0,1008.0,1,804,Clouds,overcast clouds,04d
2025-07-24 08:02:14,Vinh Long,Vinh Long,28.73,28.73,28.73,82.0,34.41,10000.0,0.0,100.0,5.03,11.64,252.0,1008.0,1,804,Clouds,overcast clouds,04d
2025-07-24 08:06:00,Vinh Long,Vinh Long,28.73,28.73,28.73,88.0,35.69,10000.0,0.0,100.0,5.03,11.64,252.0,1007.0,1,804,Clouds,overcast clouds,04d
2025-07-24 08:09:47,Vinh Long,Vinh Long,28.73,28.73,28.73,88.0,35.69,10000.0,0.0,100.0,5.03,11.64,252.0,1007.0,1,804,Clouds,overcast clouds,04d
2025-07-24 08:13:33,Vinh Long,Vinh Long,28.73,28.73,28.73,88.0,35.69,10000.0,0.0,100.0,5.03,11.64,252.0,1007.0,1,804,Clouds,overcast clouds,04d
2025-07-24 08:17:19,Vinh Long,Vinh Long,28.73,28.73,28.73,88.0,35.69,10000.0,0.0,100.0,5.03,11.64,252.0,1007.0,1,804,Clouds,overcast clouds,04d
2025-07-24 08:21:08,Vinh Long,Vinh Long,28.73,28.73,28.73,88.0,35.69,10000.0,0.0,100.0,5.03,11.64,252.0,1007.0,1,804,Clouds,overcast clouds,04d
2025-07-24 08:24:53,Vinh Long,Vinh Long,28.73,28.73,28.73,88.0,35.69,10000.0,0.0,100.0,5.03,11.64,252.0,1007.0,1,804,Clouds,overcast clouds,04d
2025-07-24 08:28:40,Vinh Long,Vinh Long,28.73,28.73,28.73,88.0,35.69,10000.0,0.0,100.0,5.03,11.64,252.0,1007.0,1,804,Clouds,overcast clouds,04d
2025-07-24 08:32:26,Vinh Long,Vinh Long,30.23,30.23,30.23,74.0,36.66,10000.0,0.0,100.0,6.46,11.98,264.0,1008.0,1,804,Clouds,overcast clouds,04d
2025-07-24 08:36:12,Vinh Long,Vinh Long,28.73,28.73,28.73,88.0,35.69,10000.0,0.0,100.0,5.03,11.64,252.0,1007.0,1,804,Clouds,overcast clouds,04d
2025-07-24 08:39:58,Vinh Long,Vinh Long,30.23,30.23,30.23,74.0,36.66,10000.0,0.0,100.0,6.46,11.98,264.0,1008.0,1,804,Clouds,overcast clouds,04d
2025-07-24 08:43:44,Vinh Long,Vinh Long,30.23,30.23,30.23,74.0,36.66,10000.0,0.0,100.0,6.46,11.98,264.0,1008.0,1,804,Clouds,overcast clouds,04d
2025-07-24 08:47:30,Vinh Long,Vinh Long,30.23,30.23,30.23,74.0,36.66,10000.0,0.0,100.0,6.46,11.98,264.0,1008.0,1,804,Clouds,overcast clouds,04d
2025-07-24 08:51:17,Vinh Long,Vinh Long,30.37,30.37,30.37,71.0,36.22,10000.0,0.0,100.0,6.46,11.98,264.0,1008.0,1,804,Clouds,overcast clouds,04d
2025-07-24 08:55:03,Vinh Long,Vinh Long,30.37,30.37,30.37,71.0,36.22,10000.0,0.0,100.0,6.46,11.98,264.0,1008.0,1,804,Clouds,overcast clouds,04d
2025-07-24 08:58:49,Vinh Long,Vinh Long,30.37,30.37,30.37,71.0,36.22,10000.0,0.0,100.0,6.46,11.98,264.0,1008.0,1,804,Clouds,overcast clouds,04d
2025-07-24 09:02:35,Vinh Long,Vinh Long,30.3,30.3,30.3,77.0,37.3,10000.0,0.0,100.0,6.46,11.98,264.0,1008.0,1,804,Clouds,overcast clouds,04d
2025-07-24 09:06:26,Vinh Long,Vinh Long,30.3,30.3,30.3,77.0,37.3,10000.0,0.0,100.0,6.46,11.98,264.0,1008.0,1,804,Clouds,overcast clouds,04d
2025-07-24 09:10:12,Vinh Long,Vinh Long,30.3,30.3,30.3,77.0,37.3,10000.0,0.0,100.0,6.46,11.98,264.0,1008.0,1,804,Clouds,overcast clouds,04d
2025-07-24 09:13:58,Vinh Long,Vinh Long,30.3,30.3,30.3,77.0,37.3,10000.0,0.0,100.0,6.46,11.98,264.0,1008.0,1,804,Clouds,overcast clouds,04d
2025-07-24 09:17:43,Vinh Long,Vinh Long,30.3,30.3,30.3,77.0,37.3,10000.0,0.0,100.0,6.46,11.98,264.0,1008.0,1,804,Clouds,overcast clouds,04d
2025-07-24 09:21:29,Vinh Long,Vinh Long,30.3,30.3,30.3,77.0,37.3,10000.0,0.0,100.0,6.46,11.98,264.0,1008.0,1,804,Clouds,overcast clouds,04d
2025-07-24 09:25:16,Vinh Long,Vinh Long,30.34,30.34,30.34,77.0,37.34,10000.0,0.0,100.0,6.46,11.98,264.0,1008.0,1,804,Clouds,overcast clouds,04d
2025-07-24 09:29:01,Vinh Long,Vinh Long,30.34,30.34,30.34,77.0,37.34,10000.0,0.0,100.0,6.46,11.98,264.0,1008.0,1,804,Clouds,overcast clouds,04d
2025-07-24 09:32:47,Vinh Long,Vinh Long,31.22,31.22,31.22,69.0,37.88,10000.0,0.0,100.0,7.31,12.13,272.0,1008.0,1,804,Clouds,overcast clouds,04d
2025-07-24 09:36:34,Vinh Long,Vinh Long,31.22,31.22,31.22,69.0,37.88,10000.0,0.0,100.0,7.31,12.13,272.0,1008.0,1,804,Clouds,overcast clouds,04d
2025-07-24 09:40:19,Vinh Long,Vinh Long,31.22,31.22,31.22,69.0,37.88,10000.0,0.0,100.0,7.31,12.13,272.0,1008.0,1,804,Clouds,overcast clouds,04d
2025-07-24 09:44:06,Vinh Long,Vinh Long,31.22,31.22,31.22,69.0,37.88,10000.0,0.0,100.0,7.31,12.13,272.0,1008.0,1,804,Clouds,overcast clouds,04d
2025-07-24 09:47:52,Vinh Long,Vinh Long,31.36,31.36,31.36,65.0,37.03,10000.0,0.0,100.0,7.31,12.13,272.0,1008.0,1,804,Clouds,overcast clouds,04d
2025-07-24 09:51:38,Vinh Long,Vinh Long,31.36,31.36,31.36,65.0,37.03,10000.0,0.0,100.0,7.31,12.13,272.0,1008.0,1,804,Clouds,overcast clouds,04d
2025-07-24 09:55:23,Vinh Long,Vinh Long,31.36,31.36,31.36,65.0,37.03,10000.0,0.0,100.0,7.31,12.13,272.0,1008.0,1,804,Clouds,overcast clouds,04d
2025-07-24 09:59:09,Vinh Long,Vinh Long,31.36,31.36,31.36,65.0,37.03,10000.0,0.0,100.0,7.31,12.13,272.0,1008.0,1,804,Clouds,overcast clouds,04d
2025-07-24 10:02:55,Vinh Long,Vinh Long,31.36,31.36,31.36,65.0,37.03,10000.0,0.0,100.0,7.31,12.13,272.0,1008.0,1,804,Clouds,overcast clouds,04d
2025-07-24 10:06:41,Vinh Long,Vinh Long,31.41,31.41,31.41,69.0,38.4,10000.0,0.0,100.0,7.31,12.13,272.0,1008.0,1,804,Clouds,overcast clouds,04d
2025-07-24 10:10:28,Vinh Long,Vinh Long,31.41,31.41,31.41,69.0,38.4,10000.0,0.0,100.0,7.31,12.13,272.0,1008.0,1,804,Clouds,overcast clouds,04d
2025-07-24 10:14:14,Vinh Long,Vinh Long,31.41,31.41,31.41,69.0,38.4,10000.0,0.0,100.0,7.31,12.13,272.0,1008.0,1,804,Clouds,overcast clouds,04d
2025-07-24 10:18:01,Vinh Long,Vinh Long,31.41,31.41,31.41,69.0,38.4,10000.0,0.0,100.0,7.31,12.13,272.0,1008.0,1,804,Clouds,overcast clouds,04d
2025-07-24 10:21:47,Vinh Long,Vinh Long,31.38,31.38,31.38,69.0,38.31,10000.0,0.0,100.0,7.31,12.13,272.0,1008.0,1,804,Clouds,overcast clouds,04d
2025-07-24 10:25:33,Vinh Long,Vinh Long,31.38,31.38,31.38,69.0,38.31,10000.0,0.0,100.0,7.31,12.13,272.0,1008.0,1,804,Clouds,overcast clouds,04d
2025-07-24 10:29:20,Vinh Long,Vinh Long,31.38,31.38,31.38,69.0,38.31,10000.0,0.0,100.0,7.31,12.13,272.0,1008.0,1,804,Clouds,overcast clouds,04d
2025-07-24 10:33:08,Vinh Long,Vinh Long,31.38,31.38,31.38,69.0,38.31,10000.0,0.0,100.0,7.31,12.13,272.0,1008.0,1,804,Clouds,overcast clouds,04d
2025-07-24 10:36:54,Vinh Long,Vinh Long,32.37,32.37,32.37,62.0,38.61,10000.0,0.0,100.0,7.57,11.69,271.0,1007.0,1,804,Clouds,overcast clouds,04d
2025-07-24 10:40:41,Vinh Long,Vinh Long,32.37,32.37,32.37,62.0,38.61,10000.0,0.0,100.0,7.57,11.69,271.0,1007.0,1,804,Clouds,overcast clouds,04d
2025-07-24 10:44:27,Vinh Long,Vinh Long,32.37,32.37,32.37,62.0,38.61,10000.0,0.0,100.0,7.57,11.69,271.0,1007.0,1,804,Clouds,overcast clouds,04d
2025-07-24 10:48:13,Vinh Long,Vinh Long,32.37,32.37,32.37,62.0,38.61,10000.0,0.0,100.0,7.57,11.69,271.0,1007.0,1,804,Clouds,overcast clouds,04d
2025-07-24 10:51:59,Vinh Long,Vinh Long,32.45,32.45,32.45,59.0,37.82,10000.0,0.0,100.0,7.57,11.69,271.0,1007.0,1,804,Clouds,overcast clouds,04d
2025-07-24 10:55:45,Vinh Long,Vinh Long,32.45,32.45,32.45,59.0,37.82,10000.0,0.0,100.0,7.57,11.69,271.0,1007.0,1,804,Clouds,overcast clouds,04d
2025-07-24 10:59:31,Vinh Long,Vinh Long,32.45,32.45,32.45,59.0,37.82,10000.0,0.0,100.0,7.57,11.69,271.0,1007.0,1,804,Clouds,overcast clouds,04d
2025-07-24 11:03:17,Vinh Long,Vinh Long,32.4,32.4,32.4,62.0,38.69,10000.0,0.0,100.0,7.57,11.69,271.0,1007.0,1,804,Clouds,overcast clouds,04d
2025-07-24 11:07:03,Vinh Long,Vinh Long,32.4,32.4,32.4,62.0,38.69,10000.0,0.0,100.0,7.57,11.69,271.0,1007.0,1,804,Clouds,overcast clouds,04d
2025-07-24 11:10:49,Vinh Long,Vinh Long,32.4,32.4,32.4,62.0,38.69,10000.0,0.0,100.0,7.57,11.69,271.0,1007.0,1,804,Clouds,overcast clouds,04d
2025-07-24 11:14:35,Vinh Long,Vinh Long,32.4,32.4,32.4,62.0,38.69,10000.0,0.0,100.0,7.57,11.69,271.0,1007.0,1,804,Clouds,overcast clouds,04d
2025-07-24 11:18:21,Vinh Long,Vinh Long,32.43,32.43,32.43,62.0,38.76,10000.0,0.0,100.0,7.57,11.69,271.0,1007.0,1,804,Clouds,overcast clouds,04d
2025-07-24 11:22:07,Vinh Long,Vinh Long,32.43,32.43,32.43,62.0,38.76,10000.0,0.0,100.0,7.57,11.69,271.0,1007.0,1,804,Clouds,overcast clouds,04d
2025-07-24 11:25:53,Vinh Long,Vinh Long,32.43,32.43,32.43,62.0,38.76,10000.0,0.0,100.0,7.57,11.69,271.0,1007.0,1,804,Clouds,overcast clouds,04d
2025-07-24 11:29:39,Vinh Long,Vinh Long,32.43,32.43,32.43,62.0,38.76,10000.0,0.0,100.0,7.57,11.69,271.0,1007.0,1,804,Clouds,overcast clouds,04d
2025-07-24 11:33:25,Vinh Long,Vinh Long,33.59,33.59,33.59,55.0,39.19,10000.0,0.0,93.0,8.0,11.77,269.0,1006.0,1,804,Clouds,overcast clouds,04d
2025-07-24 11:37:15,Vinh Long,Vinh Long,33.59,33.59,33.59,55.0,39.19,10000.0,0.0,93.0,8.0,11.77,269.0,1006.0,1,804,Clouds,overcast clouds,04d
2025-07-24 11:41:02,Vinh Long,Vinh Long,33.59,33.59,33.59,55.0,39.19,10000.0,0.0,93.0,8.0,11.77,269.0,1006.0,1,804,Clouds,overcast clouds,04d
2025-07-24 11:44:48,Vinh Long,Vinh Long,33.59,33.59,33.59,55.0,39.19,10000.0,0.0,93.0,8.0,11.77,269.0,1006.0,1,804,Clouds,overcast clouds,04d
2025-07-24 11:48:33,Vinh Long,Vinh Long,33.59,33.59,33.59,55.0,39.19,10000.0,0.0,93.0,8.0,11.77,269.0,1006.0,1,804,Clouds,overcast clouds,04d
2025-07-24 11:52:20,Vinh Long,Vinh Long,33.66,33.66,33.66,56.0,39.72,10000.0,0.0,93.0,8.0,11.77,269.0,1006.0,1,804,Clouds,overcast clouds,04d
2025-07-24 11:56:06,Vinh Long,Vinh Long,33.66,33.66,33.66,56.0,39.72,10000.0,0.0,93.0,8.0,11.77,269.0,1006.0,1,804,Clouds,overcast clouds,04d
2025-07-24 11:59:52,Vinh Long,Vinh Long,33.66,33.66,33.66,56.0,39.72,10000.0,0.0,93.0,8.0,11.77,269.0,1006.0,1,804,Clouds,overcast clouds,04d
2025-07-24 12:03:39,Vinh Long,Vinh Long,33.6,33.6,33.6,61.0,40.6,10000.0,0.0,93.0,8.0,11.77,269.0,1007.0,1,804,Clouds,overcast clouds,04d
2025-07-24 12:07:30,Vinh Long,Vinh Long,33.6,33.6,33.6,61.0,40.6,10000.0,0.0,93.0,8.0,11.77,269.0,1007.0,1,804,Clouds,overcast clouds,04d
2025-07-24 12:11:16,Vinh Long,Vinh Long,33.6,33.6,33.6,61.0,40.6,10000.0,0.0,93.0,8.0,11.77,269.0,1007.0,1,804,Clouds,overcast clouds,04d
2025-07-24 12:15:02,Vinh Long,Vinh Long,33.6,33.6,33.6,61.0,40.6,10000.0,0.0,93.0,8.0,11.77,269.0,1007.0,1,804,Clouds,overcast clouds,04d
2025-07-24 12:18:47,Vinh Long,Vinh Long,33.6,33.6,33.6,61.0,40.6,10000.0,0.0,93.0,8.0,11.77,269.0,1007.0,1,804,Clouds,overcast clouds,04d
2025-07-24 12:22:35,Vinh Long,Vinh Long,33.6,33.6,33.6,61.0,40.6,10000.0,0.0,93.0,8.0,11.77,269.0,1007.0,1,804,Clouds,overcast clouds,04d
2025-07-24 12:26:21,Vinh Long,Vinh Long,33.6,33.6,33.6,61.0,40.6,10000.0,0.0,93.0,8.0,11.77,269.0,1007.0,1,804,Clouds,overcast clouds,04d
2025-07-24 12:30:08,Vinh Long,Vinh Long,34.46,34.46,34.46,55.0,41.34,10000.0,0.0,95.0,8.44,12.27,264.0,1006.0,1,804,Clouds,overcast clouds,04d
2025-07-24 12:33:56,Vinh Long,Vinh Long,34.46,34.46,34.46,55.0,41.34,10000.0,0.0,95.0,8.44,12.27,264.0,1006.0,1,804,Clouds,overcast clouds,04d
2025-07-24 12:37:42,Vinh Long,Vinh Long,34.51,34.51,34.51,56.0,41.51,10000.0,0.0,95.0,8.44,12.27,264.0,1006.0,1,804,Clouds,overcast clouds,04d
2025-07-24 12:41:28,Vinh Long,Vinh Long,34.51,34.51,34.51,56.0,41.51,10000.0,0.0,95.0,8.44,12.27,264.0,1006.0,1,804,Clouds,overcast clouds,04d
2025-07-24 12:45:14,Vinh Long,Vinh Long,34.51,34.51,34.51,56.0,41.51,10000.0,0.0,95.0,8.44,12.27,264.0,1006.0,1,804,Clouds,overcast clouds,04d
2025-07-24 12:49:01,Vinh Long,Vinh Long,34.53,34.53,34.53,52.0,40.33,10000.0,0.0,95.0,8.44,12.27,264.0,1005.0,1,804,Clouds,overcast clouds,04d
2025-07-24 12:52:46,Vinh Long,Vinh Long,34.53,34.53,34.53,52.0,40.33,10000.0,0.0,95.0,8.44,12.27,264.0,1005.0,1,804,Clouds,overcast clouds,04d
2025-07-24 12:56:32,Vinh Long,Vinh Long,34.53,34.53,34.53,52.0,40.33,10000.0,0.0,100.0,8.14,12.74,262.0,1005.0,1,804,Clouds,overcast clouds,04d
2025-07-24 13:00:18,Vinh Long,Vinh Long,34.53,34.53,34.53,52.0,40.33,10000.0,0.0,100.0,8.14,12.74,262.0,1005.0,1,804,Clouds,overcast clouds,04d
2025-07-24 13:04:04,Vinh Long,Vinh Long,34.53,34.53,34.53,52.0,40.33,10000.0,0.0,100.0,8.14,12.74,262.0,1005.0,1,804,Clouds,overcast clouds,04d
2025-07-24 13:07:50,Vinh Long,Vinh Long,34.53,34.53,34.53,52.0,40.33,10000.0,0.0,100.0,8.14,12.74,262.0,1005.0,1,804,Clouds,overcast clouds,04d
2025-07-24 13:11:36,Vinh Long,Vinh Long,34.53,34.53,34.53,52.0,40.33,10000.0,0.0,100.0,8.14,12.74,262.0,1005.0,1,804,Clouds,overcast clouds,04d
2025-07-24 13:15:22,Vinh Long,Vinh Long,34.53,34.53,34.53,52.0,40.33,10000.0,0.0,100.0,8.14,12.74,262.0,1005.0,1,804,Clouds,overcast clouds,04d
2025-07-24 13:19:11,Vinh Long,Vinh Long,34.53,34.53,34.53,52.0,40.33,10000.0,0.0,100.0,8.14,12.74,262.0,1005.0,1,804,Clouds,overcast clouds,04d
2025-07-24 13:23:04,Vinh Long,Vinh Long,33.62,33.62,33.62,56.0,39.62,10000.0,0.0,100.0,8.14,12.74,262.0,1005.0,1,804,Clouds,overcast clouds,04d
2025-07-24 13:26:56,Vinh Long,Vinh Long,33.62,33.62,33.62,56.0,39.62,10000.0,0.0,100.0,8.14,12.74,262.0,1005.0,1,804,Clouds,overcast clouds,04d
2025-07-24 13:30:42,Vinh Long,Vinh Long,33.62,33.62,33.62,56.0,39.62,10000.0,0.0,100.0,8.14,12.74,262.0,1005.0,1,804,Clouds,overcast clouds,04d
2025-07-24 13:34:28,Vinh Long,Vinh Long,34.05,34.05,34.05,54.0,39.93,10000.0,0.0,75.0,8.7,12.33,265.0,1004.0,1,803,Clouds,broken clouds,04d
2025-07-24 13:38:14,Vinh Long,Vinh Long,34.05,34.05,34.05,54.0,39.93,10000.0,0.0,75.0,8.7,12.33,265.0,1004.0,1,803,Clouds,broken clouds,04d
2025-07-24 13:41:59,Vinh Long,Vinh Long,34.05,34.05,34.05,54.0,39.93,10000.0,0.0,75.0,8.7,12.33,265.0,1004.0,1,803,Clouds,broken clouds,04d
2025-07-24 13:45:46,Vinh Long,Vinh Long,34.05,34.05,34.05,54.0,39.93,10000.0,0.0,75.0,8.7,12.33,265.0,1004.0,1,803,Clouds,broken clouds,04d
2025-07-24 13:49:33,Vinh Long,Vinh Long,34.1,34.1,34.1,52.0,39.31,10000.0,0.0,75.0,8.7,12.33,265.0,1004.0,1,803,Clouds,broken clouds,04d
2025-07-24 13:53:19,Vinh Long,Vinh Long,34.05,34.05,34.05,54.0,39.93,10000.0,0.0,75.0,8.7,12.33,265.0,1004.0,1,803,Clouds,broken clouds,04d
2025-07-24 13:57:05,Vinh Long,Vinh Long,34.1,34.1,34.1,52.0,39.31,10000.0,0.0,75.0,8.7,12.33,265.0,1004.0,1,803,Clouds,broken clouds,04d
2025-07-24 14:00:51,Vinh Long,Vinh Long,34.1,34.1,34.1,52.0,39.31,10000.0,0.0,75.0,8.7,12.33,265.0,1004.0,1,803,Clouds,broken clouds,04d
2025-07-24 14:04:38,Vinh Long,Vinh Long,34.06,34.06,34.06,56.0,40.72,10000.0,0.0,75.0,8.7,12.33,265.0,1004.0,1,803,Clouds,broken clouds,04d
2025-07-24 14:08:23,Vinh Long,Vinh Long,34.06,34.06,34.06,56.0,40.72,10000.0,0.0,75.0,8.7,12.33,265.0,1004.0,1,803,Clouds,broken clouds,04d
2025-07-24 14:12:10,Vinh Long,Vinh Long,34.06,34.06,34.06,56.0,40.72,10000.0,0.0,75.0,8.7,12.33,265.0,1004.0,1,803,Clouds,broken clouds,04d
2025-07-24 14:15:57,Vinh Long,Vinh Long,34.06,34.06,34.06,56.0,40.72,10000.0,0.0,75.0,8.7,12.33,265.0,1004.0,1,803,Clouds,broken clouds,04d
2025-07-24 14:19:42,Vinh Long,Vinh Long,34.06,34.06,34.06,56.0,40.72,10000.0,0.0,75.0,8.7,12.33,265.0,1004.0,1,803,Clouds,broken clouds,04d
2025-07-24 14:23:29,Vinh Long,Vinh Long,33.96,33.96,33.96,61.0,40.96,10000.0,0.0,75.0,8.7,12.33,265.0,1004.0,1,803,Clouds,broken clouds,04d
2025-07-24 14:27:16,Vinh Long,Vinh Long,33.96,33.96,33.96,61.0,40.96,10000.0,0.0,75.0,8.7,12.33,265.0,1004.0,1,803,Clouds,broken clouds,04d
2025-07-24 14:31:03,Vinh Long,Vinh Long,33.5,33.5,33.5,56.0,39.33,10000.0,0.0,84.0,8.59,11.3,261.0,1004.0,1,803,Clouds,broken clouds,04d
2025-07-24 14:34:50,Vinh Long,Vinh Long,33.42,33.42,33.42,57.0,39.49,10000.0,0.0,84.0,8.59,11.3,261.0,1004.0,1,803,Clouds,broken clouds,04d
2025-07-24 14:38:35,Vinh Long,Vinh Long,33.42,33.42,33.42,57.0,39.49,10000.0,0.0,84.0,8.59,11.3,261.0,1004.0,1,803,Clouds,broken clouds,04d
2025-07-24 14:42:21,Vinh Long,Vinh Long,33.42,33.42,33.42,57.0,39.49,10000.0,0.0,84.0,8.59,11.3,261.0,1004.0,1,803,Clouds,broken clouds,04d
2025-07-24 14:46:07,Vinh Long,Vinh Long,33.42,33.42,33.42,57.0,39.49,10000.0,0.0,84.0,8.59,11.3,261.0,1004.0,1,803,Clouds,broken clouds,04d
2025-07-24 14:50:00,Vinh Long,Vinh Long,33.42,33.42,33.42,57.0,39.49,10000.0,0.0,84.0,8.59,11.3,261.0,1004.0,1,803,Clouds,broken clouds,04d
2025-07-24 14:53:50,Vinh Long,Vinh Long,33.44,33.44,33.44,56.0,39.18,10000.0,0.0,84.0,8.59,11.3,261.0,1004.0,1,803,Clouds,broken clouds,04d
2025-07-24 14:57:37,Vinh Long,Vinh Long,33.44,33.44,33.44,56.0,39.18,10000.0,0.0,84.0,8.59,11.3,261.0,1004.0,1,803,Clouds,broken clouds,04d
2025-07-24 15:01:23,Vinh Long,Vinh Long,33.36,33.36,33.36,61.0,40.36,10000.0,0.0,84.0,8.59,11.3,261.0,1004.0,1,803,Clouds,broken clouds,04d
2025-07-24 15:05:09,Vinh Long,Vinh Long,33.36,33.36,33.36,61.0,40.36,10000.0,0.0,84.0,8.59,11.3,261.0,1004.0,1,803,Clouds,broken clouds,04d
2025-07-24 15:08:55,Vinh Long,Vinh Long,33.36,33.36,33.36,61.0,40.36,10000.0,0.0,84.0,8.59,11.3,261.0,1004.0,1,803,Clouds,broken clouds,04d
2025-07-24 15:12:41,Vinh Long,Vinh Long,33.36,33.36,33.36,61.0,40.36,10000.0,0.0,84.0,8.59,11.3,261.0,1004.0,1,803,Clouds,broken clouds,04d
2025-07-24 15:16:28,Vinh Long,Vinh Long,33.39,33.39,33.39,61.0,40.39,10000.0,0.0,84.0,8.59,11.3,261.0,1004.0,1,803,Clouds,broken clouds,04d
2025-07-24 15:20:14,Vinh Long,Vinh Long,33.39,33.39,33.39,61.0,40.39,10000.0,0.0,84.0,8.59,11.3,261.0,1004.0,1,803,Clouds,broken clouds,04d
2025-07-24 15:24:00,Vinh Long,Vinh Long,33.39,33.39,33.39,61.0,40.39,10000.0,0.0,84.0,8.59,11.3,261.0,1004.0,1,803,Clouds,broken clouds,04d
2025-07-24 15:27:48,Vinh Long,Vinh Long,33.39,33.39,33.39,61.0,40.39,10000.0,0.0,84.0,8.59,11.3,261.0,1004.0,1,803,Clouds,broken clouds,04d
2025-07-24 15:31:34,Vinh Long,Vinh Long,32.7,32.7,32.7,59.0,38.42,10000.0,0.0,78.0,8.03,10.98,257.0,1004.0,1,803,Clouds,broken clouds,04d
2025-07-24 15:35:21,Vinh Long,Vinh Long,32.7,32.7,32.7,59.0,38.42,10000.0,0.0,78.0,8.03,10.98,257.0,1004.0,1,803,Clouds,broken clouds,04d
2025-07-24 15:39:07,Vinh Long,Vinh Long,32.7,32.7,32.7,59.0,38.42,10000.0,0.0,78.0,8.03,10.98,257.0,1004.0,1,803,Clouds,broken clouds,04d
2025-07-24 15:42:54,Vinh Long,Vinh Long,32.7,32.7,32.7,59.0,38.42,10000.0,0.0,78.0,8.03,10.98,257.0,1004.0,1,803,Clouds,broken clouds,04d
2025-07-24 15:46:40,Vinh Long,Vinh Long,32.66,32.66,32.66,60.0,38.66,10000.0,0.0,78.0,8.03,10.98,257.0,1004.0,1,803,Clouds,broken clouds,04d
2025-07-24 15:50:26,Vinh Long,Vinh Long,32.66,32.66,32.66,60.0,38.66,10000.0,0.0,78.0,8.03,10.98,257.0,1004.0,1,803,Clouds,broken clouds,04d
2025-07-24 15:54:13,Vinh Long,Vinh Long,32.66,32.66,32.66,60.0,38.66,10000.0,0.0,78.0,8.03,10.98,257.0,1004.0,1,803,Clouds,broken clouds,04d
2025-07-24 15:57:59,Vinh Long,Vinh Long,32.66,32.66,32.66,60.0,38.66,10000.0,0.0,78.0,8.03,10.98,257.0,1004.0,1,803,Clouds,broken clouds,04d
2025-07-24 16:01:48,Vinh Long,Vinh Long,32.66,32.66,32.66,60.0,38.66,10000.0,0.0,78.0,8.03,10.98,257.0,1004.0,1,803,Clouds,broken clouds,04d
2025-07-24 16:05:39,Vinh Long,Vinh Long,32.64,32.64,32.64,63.0,39.64,10000.0,0.0,78.0,8.03,10.98,257.0,1004.0,1,803,Clouds,broken clouds,04d
2025-07-24 16:09:26,Vinh Long,Vinh Long,32.64,32.64,32.64,63.0,39.64,10000.0,0.0,78.0,8.03,10.98,257.0,1004.0,1,803,Clouds,broken clouds,04d
2025-07-24 16:13:12,Vinh Long,Vinh Long,32.64,32.64,32.64,63.0,39.64,10000.0,0.0,78.0,8.03,10.98,257.0,1004.0,1,803,Clouds,broken clouds,04d
2025-07-24 16:17:05,Vinh Long,Vinh Long,32.64,32.64,32.64,63.0,39.64,10000.0,0.0,78.0,8.03,10.98,257.0,1004.0,1,803,Clouds,broken clouds,04d
2025-07-24 16:20:51,Vinh Long,Vinh Long,32.64,32.64,32.64,63.0,39.64,10000.0,0.0,78.0,8.03,10.98,257.0,1004.0,1,803,Clouds,broken clouds,04d
2025-07-24 16:24:37,Vinh Long,Vinh Long,32.63,32.63,32.63,63.0,39.63,10000.0,0.0,78.0,8.03,10.98,257.0,1004.0,1,803,Clouds,broken clouds,04d
2025-07-24 16:28:23,Vinh Long,Vinh Long,32.63,32.63,32.63,63.0,39.63,10000.0,0.0,78.0,8.03,10.98,257.0,1004.0,1,803,Clouds,broken clouds,04d
2025-07-24 16:32:10,Vinh Long,Vinh Long,32.63,32.63,32.63,63.0,39.63,10000.0,0.0,78.0,8.03,10.98,257.0,1004.0,1,803,Clouds,broken clouds,04d
2025-07-24 16:35:57,Vinh Long,Vinh Long,31.14,31.14,31.14,65.0,36.49,10000.0,0.0,71.0,7.55,11.17,250.0,1004.0,1,803,Clouds,broken clouds,04d
2025-07-24 16:39:43,Vinh Long,Vinh Long,31.14,31.14,31.14,65.0,36.49,10000.0,0.0,71.0,7.55,11.17,250.0,1004.0,1,803,Clouds,broken clouds,04d
2025-07-24 16:43:30,Vinh Long,Vinh Long,31.14,31.14,31.14,65.0,36.49,10000.0,0.0,71.0,7.55,11.17,250.0,1004.0,1,803,Clouds,broken clouds,04d
2025-07-24 16:47:16,Vinh Long,Vinh Long,31.14,31.14,31.14,65.0,36.49,10000.0,0.0,71.0,7.55,11.17,250.0,1004.0,1,803,Clouds,broken clouds,04d
2025-07-24 16:51:01,Vinh Long,Vinh Long,31.14,31.14,31.14,65.0,36.49,10000.0,0.0,71.0,7.55,11.17,250.0,1004.0,1,803,Clouds,broken clouds,04d
2025-07-24 16:54:47,Vinh Long,Vinh Long,31.08,31.08,31.08,65.0,36.35,10000.0,0.0,71.0,7.55,11.17,250.0,1004.0,1,803,Clouds,broken clouds,04d
2025-07-24 16:58:33,Vinh Long,Vinh Long,31.08,31.08,31.08,65.0,36.35,10000.0,0.0,71.0,7.55,11.17,250.0,1004.0,1,803,Clouds,broken clouds,04d
2025-07-24 17:02:20,Vinh Long,Vinh Long,31.08,31.08,31.08,65.0,36.35,10000.0,0.0,71.0,7.55,11.17,250.0,1004.0,1,803,Clouds,broken clouds,04d
2025-07-24 17:06:06,Vinh Long,Vinh Long,31.08,31.08,31.08,65.0,36.35,10000.0,0.0,71.0,7.55,11.17,250.0,1004.0,1,803,Clouds,broken clouds,04d
2025-07-24 17:09:53,Vinh Long,Vinh Long,31.16,31.16,31.16,66.0,36.83,10000.0,0.0,71.0,7.55,11.17,250.0,1004.0,1,803,Clouds,broken clouds,04d
2025-07-24 17:13:39,Vinh Long,Vinh Long,31.16,31.16,31.16,66.0,36.83,10000.0,0.0,71.0,7.55,11.17,250.0,1004.0,1,803,Clouds,broken clouds,04d
2025-07-24 17:17:25,Vinh Long,Vinh Long,31.16,31.16,31.16,66.0,36.83,10000.0,0.0,71.0,7.55,11.17,250.0,1004.0,1,803,Clouds,broken clouds,04d
2025-07-24 17:21:15,Vinh Long,Vinh Long,31.18,31.18,31.18,66.0,36.88,10000.0,0.0,71.0,7.55,11.17,250.0,1004.0,1,803,Clouds,broken clouds,04d
2025-07-24 17:25:00,Vinh Long,Vinh Long,31.18,31.18,31.18,66.0,36.88,10000.0,0.0,71.0,7.55,11.17,250.0,1004.0,1,803,Clouds,broken clouds,04d
2025-07-24 17:28:47,Vinh Long,Vinh Long,31.18,31.18,31.18,66.0,36.88,10000.0,0.0,71.0,7.55,11.17,250.0,1004.0,1,803,Clouds,broken clouds,04d
2025-07-24 17:32:33,Vinh Long,Vinh Long,31.18,31.18,31.18,66.0,36.88,10000.0,0.0,71.0,7.55,11.17,250.0,1004.0,1,803,Clouds,broken clouds,04d
2025-07-24 17:36:21,Vinh Long,Vinh Long,31.18,31.18,31.18,66.0,36.88,10000.0,0.0,71.0,7.55,11.17,250.0,1004.0,1,803,Clouds,broken clouds,04d
2025-07-24 17:40:11,Vinh Long,Vinh Long,29.26,29.26,29.26,70.0,33.3,10000.0,0.0,77.0,7.11,12.89,247.0,1004.0,1,803,Clouds,broken clouds,04d
2025-07-24 17:43:58,Vinh Long,Vinh Long,29.26,29.26,29.26,70.0,33.3,10000.0,0.0,77.0,7.11,12.89,247.0,1004.0,1,803,Clouds,broken clouds,04d
2025-07-24 17:47:43,Vinh Long,Vinh Long,29.26,29.26,29.26,70.0,33.3,10000.0,0.0,77.0,7.11,12.89,247.0,1004.0,1,803,Clouds,broken clouds,04d
2025-07-24 17:51:30,Vinh Long,Vinh Long,29.23,29.23,29.23,70.0,33.24,10000.0,0.0,77.0,7.11,12.89,247.0,1004.0,1,803,Clouds,broken clouds,04d
2025-07-24 17:55:16,Vinh Long,Vinh Long,29.23,29.23,29.23,70.0,33.24,10000.0,0.0,77.0,7.11,12.89,247.0,1004.0,1,803,Clouds,broken clouds,04d
2025-07-24 17:59:04,Vinh Long,Vinh Long,29.23,29.23,29.23,70.0,33.24,10000.0,0.0,77.0,7.11,12.89,247.0,1004.0,1,803,Clouds,broken clouds,04d
2025-07-24 18:02:50,Vinh Long,Vinh Long,29.23,29.23,29.23,70.0,33.24,10000.0,0.0,77.0,7.11,12.89,247.0,1004.0,1,803,Clouds,broken clouds,04d
2025-07-24 18:06:37,Vinh Long,Vinh Long,29.28,29.28,29.28,74.0,34.18,10000.0,0.0,77.0,7.11,12.89,247.0,1005.0,1,803,Clouds,broken clouds,04d
2025-07-24 18:10:25,Vinh Long,Vinh Long,29.28,29.28,29.28,74.0,34.18,10000.0,0.0,77.0,7.11,12.89,247.0,1005.0,1,803,Clouds,broken clouds,04d
2025-07-24 18:14:12,Vinh Long,Vinh Long,29.28,29.28,29.28,74.0,34.18,10000.0,0.0,77.0,7.11,12.89,247.0,1005.0,1,803,Clouds,broken clouds,04d
2025-07-24 18:17:58,Vinh Long,Vinh Long,29.28,29.28,29.28,74.0,34.18,10000.0,0.0,77.0,7.11,12.89,247.0,1005.0,1,803,Clouds,broken clouds,04d
2025-07-24 18:21:49,Vinh Long,Vinh Long,29.28,29.28,29.28,74.0,34.18,10000.0,0.0,77.0,7.11,12.89,247.0,1005.0,0,803,Clouds,broken clouds,04n
2025-07-24 18:26:54,Vinh Long,Vinh Long,29.28,29.28,29.28,74.0,34.18,10000.0,0.0,77.0,7.11,12.89,247.0,1005.0,0,803,Clouds,broken clouds,04d
2025-07-24 18:30:41,Vinh Long,Vinh Long,28.59,28.59,28.59,74.0,32.53,10000.0,0.0,80.0,6.93,13.27,248.0,1005.0,0,803,Clouds,broken clouds,04n
2025-07-24 18:34:27,Vinh Long,Vinh Long,28.59,28.59,28.59,74.0,32.53,10000.0,0.0,80.0,6.93,13.27,248.0,1005.0,0,803,Clouds,broken clouds,04n
2025-07-24 18:38:14,Vinh Long,Vinh Long,28.49,28.49,28.49,76.0,32.64,10000.0,0.0,80.0,6.93,13.27,248.0,1005.0,0,803,Clouds,broken clouds,04n
2025-07-24 18:42:00,Vinh Long,Vinh Long,28.49,28.49,28.49,76.0,32.64,10000.0,0.0,80.0,6.93,13.27,248.0,1005.0,0,803,Clouds,broken clouds,04n
2025-07-24 18:45:46,Vinh Long,Vinh Long,28.49,28.49,28.49,76.0,32.64,10000.0,0.0,80.0,6.93,13.27,248.0,1005.0,0,803,Clouds,broken clouds,04n
2025-07-24 18:49:34,Vinh Long,Vinh Long,28.44,28.44,28.44,76.0,32.52,10000.0,0.0,80.0,6.93,13.27,248.0,1005.0,0,803,Clouds,broken clouds,04n
2025-07-24 18:53:20,Vinh Long,Vinh Long,28.44,28.44,28.44,76.0,32.52,10000.0,0.0,80.0,6.93,13.27,248.0,1005.0,0,803,Clouds,broken clouds,04n
2025-07-24 18:57:06,Vinh Long,Vinh Long,28.44,28.44,28.44,76.0,32.52,10000.0,0.0,80.0,6.93,13.27,248.0,1005.0,0,803,Clouds,broken clouds,04n
2025-07-24 19:00:52,Vinh Long,Vinh Long,28.44,28.44,28.44,76.0,32.52,10000.0,0.0,80.0,6.93,13.27,248.0,1005.0,0,803,Clouds,broken clouds,04n
2025-07-24 19:04:38,Vinh Long,Vinh Long,28.44,28.44,28.44,76.0,32.52,10000.0,0.0,80.0,6.93,13.27,248.0,1005.0,0,803,Clouds,broken clouds,04n
2025-07-24 19:08:24,Vinh Long,Vinh Long,28.53,28.53,28.53,78.0,33.1,10000.0,0.0,80.0,6.93,13.27,248.0,1006.0,0,803,Clouds,broken clouds,04n
2025-07-24 19:12:11,Vinh Long,Vinh Long,28.53,28.53,28.53,78.0,33.1,10000.0,0.0,80.0,6.93,13.27,248.0,1006.0,0,803,Clouds,broken clouds,04n
2025-07-24 19:15:57,Vinh Long,Vinh Long,28.53,28.53,28.53,78.0,33.1,10000.0,0.0,80.0,6.93,13.27,248.0,1006.0,0,803,Clouds,broken clouds,04n
2025-07-24 19:19:44,Vinh Long,Vinh Long,28.52,28.52,28.52,78.0,33.07,10000.0,0.0,80.0,6.93,13.27,248.0,1006.0,0,803,Clouds,broken clouds,04n
2025-07-24 19:23:30,Vinh Long,Vinh Long,28.52,28.52,28.52,78.0,33.07,10000.0,0.0,80.0,6.93,13.27,248.0,1006.0,0,803,Clouds,broken clouds,04n
2025-07-24 19:27:17,Vinh Long,Vinh Long,28.52,28.52,28.52,78.0,33.07,10000.0,0.0,80.0,6.93,13.27,248.0,1006.0,0,803,Clouds,broken clouds,04n
2025-07-24 19:31:04,Vinh Long,Vinh Long,28.27,28.27,28.27,77.0,32.28,10000.0,0.0,100.0,6.89,13.17,248.0,1006.0,0,804,Clouds,overcast clouds,04n
2025-07-24 19:34:49,Vinh Long,Vinh Long,28.52,28.52,28.52,78.0,33.07,10000.0,0.0,80.0,6.93,13.27,248.0,1006.0,0,803,Clouds,broken clouds,04n
2025-07-24 19:38:37,Vinh Long,Vinh Long,28.27,28.27,28.27,77.0,32.28,10000.0,0.0,100.0,6.89,13.17,248.0,1006.0,0,804,Clouds,overcast clouds,04n
2025-07-24 19:42:23,Vinh Long,Vinh Long,28.27,28.27,28.27,77.0,32.28,10000.0,0.0,100.0,6.89,13.17,248.0,1006.0,0,804,Clouds,overcast clouds,04n
2025-07-24 19:46:11,Vinh Long,Vinh Long,28.27,28.27,28.27,77.0,32.28,10000.0,0.0,100.0,6.89,13.17,248.0,1006.0,0,804,Clouds,overcast clouds,04n
2025-07-24 19:49:58,Vinh Long,Vinh Long,28.27,28.27,28.27,77.0,32.28,10000.0,0.0,100.0,6.89,13.17,248.0,1006.0,0,804,Clouds,overcast clouds,04n
2025-07-24 19:53:47,Vinh Long,Vinh Long,28.27,28.27,28.27,77.0,32.28,10000.0,0.0,100.0,6.89,13.17,248.0,1006.0,0,804,Clouds,overcast clouds,04n
2025-07-24 19:57:32,Vinh Long,Vinh Long,28.27,28.27,28.27,77.0,32.28,10000.0,0.0,100.0,6.89,13.17,248.0,1006.0,0,804,Clouds,overcast clouds,04n
2025-07-24 20:01:22,Vinh Long,Vinh Long,28.27,28.27,28.27,77.0,32.28,10000.0,0.0,100.0,6.89,13.17,248.0,1006.0,0,804,Clouds,overcast clouds,04n
2025-07-24 20:05:08,Vinh Long,Vinh Long,28.27,28.27,28.27,77.0,32.28,10000.0,0.0,100.0,6.89,13.17,248.0,1006.0,0,804,Clouds,overcast clouds,04n
2025-07-24 20:08:56,Vinh Long,Vinh Long,28.89,28.89,28.89,83.0,35.08,10000.0,0.0,100.0,6.89,13.17,248.0,1006.0,0,804,Clouds,overcast clouds,04n
2025-07-24 20:12:43,Vinh Long,Vinh Long,28.89,28.89,28.89,83.0,35.08,10000.0,0.0,100.0,6.89,13.17,248.0,1006.0,0,804,Clouds,overcast clouds,04n
2025-07-24 20:16:30,Vinh Long,Vinh Long,28.89,28.89,28.89,83.0,35.08,10000.0,0.0,100.0,6.89,13.17,248.0,1006.0,0,804,Clouds,overcast clouds,04n
2025-07-24 20:20:20,Vinh Long,Vinh Long,28.89,28.89,28.89,83.0,35.08,10000.0,0.0,100.0,6.89,13.17,248.0,1006.0,0,804,Clouds,overcast clouds,04n
2025-07-24 20:24:07,Vinh Long,Vinh Long,28.89,28.89,28.89,83.0,35.08,10000.0,0.0,100.0,6.89,13.17,248.0,1006.0,0,804,Clouds,overcast clouds,04n
2025-07-24 20:27:54,Vinh Long,Vinh Long,28.89,28.89,28.89,83.0,35.08,10000.0,0.0,100.0,6.89,13.17,248.0,1006.0,0,804,Clouds,overcast clouds,04n
2025-07-24 20:31:40,Vinh Long,Vinh Long,28.89,28.89,28.89,83.0,35.08,10000.0,0.0,100.0,6.89,13.17,248.0,1006.0,0,804,Clouds,overcast clouds,04n
2025-07-24 20:35:26,Vinh Long,Vinh Long,28.7,28.7,28.7,79.0,33.72,10000.0,0.0,100.0,6.85,13.17,253.0,1007.0,0,804,Clouds,overcast clouds,04n
2025-07-24 20:39:12,Vinh Long,Vinh Long,28.7,28.7,28.7,79.0,33.72,10000.0,0.0,100.0,6.85,13.17,253.0,1007.0,0,804,Clouds,overcast clouds,04n
2025-07-24 20:42:58,Vinh Long,Vinh Long,28.7,28.7,28.7,79.0,33.72,10000.0,0.0,100.0,6.85,13.17,253.0,1007.0,0,804,Clouds,overcast clouds,04n
2025-07-24 20:46:44,Vinh Long,Vinh Long,28.7,28.7,28.7,79.0,33.72,10000.0,0.0,100.0,6.85,13.17,253.0,1007.0,0,804,Clouds,overcast clouds,04n
2025-07-24 20:50:33,Vinh Long,Vinh Long,28.7,28.7,28.7,79.0,33.72,10000.0,0.0,100.0,6.85,13.17,253.0,1007.0,0,804,Clouds,overcast clouds,04n
2025-07-24 20:54:18,Vinh Long,Vinh Long,28.7,28.7,28.7,79.0,33.72,10000.0,0.0,100.0,6.85,13.17,253.0,1007.0,0,804,Clouds,overcast clouds,04n
2025-07-24 20:58:09,Vinh Long,Vinh Long,28.7,28.7,28.7,79.0,33.72,10000.0,0.0,100.0,6.85,13.17,253.0,1007.0,0,804,Clouds,overcast clouds,04n
2025-07-24 21:01:56,Vinh Long,Vinh Long,28.73,28.73,28.73,83.0,34.61,10000.0,0.0,100.0,6.85,13.17,253.0,1007.0,0,804,Clouds,overcast clouds,04n
2025-07-24 21:05:47,Vinh Long,Vinh Long,28.73,28.73,28.73,83.0,34.61,10000.0,0.0,100.0,6.85,13.17,253.0,1007.0,0,804,Clouds,overcast clouds,04n
2025-07-24 21:09:33,Vinh Long,Vinh Long,28.73,28.73,28.73,83.0,34.61,10000.0,0.0,100.0,6.85,13.17,253.0,1007.0,0,804,Clouds,overcast clouds,04n
2025-07-24 21:13:19,Vinh Long,Vinh Long,28.73,28.73,28.73,83.0,34.61,10000.0,0.0,100.0,6.85,13.17,253.0,1007.0,0,804,Clouds,overcast clouds,04n
2025-07-24 21:17:06,Vinh Long,Vinh Long,28.72,28.72,28.72,83.0,34.58,10000.0,0.0,100.0,6.85,13.17,253.0,1007.0,0,804,Clouds,overcast clouds,04n
2025-07-24 21:20:51,Vinh Long,Vinh Long,28.72,28.72,28.72,83.0,34.58,10000.0,0.0,100.0,6.85,13.17,253.0,1007.0,0,804,Clouds,overcast clouds,04n
2025-07-24 21:24:38,Vinh Long,Vinh Long,28.72,28.72,28.72,83.0,34.58,10000.0,0.0,100.0,6.85,13.17,253.0,1007.0,0,804,Clouds,overcast clouds,04n
2025-07-24 21:28:25,Vinh Long,Vinh Long,28.72,28.72,28.72,83.0,34.58,10000.0,0.0,100.0,6.85,13.17,253.0,1007.0,0,804,Clouds,overcast clouds,04n
2025-07-24 21:32:11,Vinh Long,Vinh Long,28.72,28.72,28.72,83.0,34.58,10000.0,0.0,100.0,6.85,13.17,253.0,1007.0,0,804,Clouds,overcast clouds,04n
2025-07-24 21:35:57,Vinh Long,Vinh Long,28.45,28.45,28.45,79.0,33.07,10000.0,0.0,100.0,6.48,13.56,258.0,1007.0,0,804,Clouds,overcast clouds,04n
2025-07-24 21:39:44,Vinh Long,Vinh Long,28.45,28.45,28.45,79.0,33.07,10000.0,0.0,100.0,6.48,13.56,258.0,1007.0,0,804,Clouds,overcast clouds,04n
2025-07-24 21:43:30,Vinh Long,Vinh Long,28.45,28.45,28.45,79.0,33.07,10000.0,0.0,100.0,6.48,13.56,258.0,1007.0,0,804,Clouds,overcast clouds,04n
2025-07-24 21:47:18,Vinh Long,Vinh Long,28.45,28.45,28.45,79.0,33.07,10000.0,0.0,100.0,6.48,13.56,258.0,1007.0,0,804,Clouds,overcast clouds,04n
2025-07-24 21:51:06,Vinh Long,Vinh Long,28.45,28.45,28.45,78.0,32.89,10000.0,0.0,100.0,6.48,13.56,258.0,1007.0,0,804,Clouds,overcast clouds,04n
2025-07-24 21:54:52,Vinh Long,Vinh Long,28.45,28.45,28.45,78.0,32.89,10000.0,0.0,100.0,6.48,13.56,258.0,1007.0,0,804,Clouds,overcast clouds,04n
2025-07-24 21:58:39,Vinh Long,Vinh Long,28.45,28.45,28.45,78.0,32.89,10000.0,0.0,100.0,6.48,13.56,258.0,1007.0,0,804,Clouds,overcast clouds,04n
2025-07-24 22:02:26,Vinh Long,Vinh Long,28.43,28.43,28.43,83.0,33.75,10000.0,0.0,100.0,6.48,13.56,258.0,1008.0,0,804,Clouds,overcast clouds,04n
2025-07-24 22:06:13,Vinh Long,Vinh Long,28.43,28.43,28.43,83.0,33.75,10000.0,0.0,100.0,6.48,13.56,258.0,1008.0,0,804,Clouds,overcast clouds,04n
2025-07-24 22:09:59,Vinh Long,Vinh Long,28.43,28.43,28.43,83.0,33.75,10000.0,0.0,100.0,6.48,13.56,258.0,1008.0,0,804,Clouds,overcast clouds,04n
2025-07-24 22:13:48,Vinh Long,Vinh Long,28.43,28.43,28.43,83.0,33.75,10000.0,0.0,100.0,6.48,13.56,258.0,1008.0,0,804,Clouds,overcast clouds,04n
2025-07-24 22:17:35,Vinh Long,Vinh Long,28.43,28.43,28.43,83.0,33.75,10000.0,0.0,100.0,6.48,13.56,258.0,1008.0,0,804,Clouds,overcast clouds,04n
2025-07-24 22:21:22,Vinh Long,Vinh Long,28.43,28.43,28.43,83.0,33.75,10000.0,0.0,100.0,6.48,13.56,258.0,1008.0,0,804,Clouds,overcast clouds,04n
2025-07-24 22:25:10,Vinh Long,Vinh Long,28.43,28.43,28.43,83.0,33.75,10000.0,0.0,100.0,6.48,13.56,258.0,1008.0,0,804,Clouds,overcast clouds,04n
2025-07-24 22:28:58,Vinh Long,Vinh Long,28.43,28.43,28.43,83.0,33.75,10000.0,0.0,100.0,6.48,13.56,258.0,1008.0,0,804,Clouds,overcast clouds,04n
2025-07-24 22:32:44,Vinh Long,Vinh Long,28.43,28.43,28.43,83.0,33.75,10000.0,0.0,100.0,6.48,13.56,258.0,1008.0,0,804,Clouds,overcast clouds,04n
2025-07-24 22:36:32,Vinh Long,Vinh Long,28.43,28.43,28.43,83.0,33.75,10000.0,0.0,100.0,6.48,13.56,258.0,1008.0,0,804,Clouds,overcast clouds,04n
2025-07-24 22:40:24,Vinh Long,Vinh Long,28.43,28.43,28.43,83.0,33.75,10000.0,0.0,100.0,6.48,13.56,258.0,1008.0,0,804,Clouds,overcast clouds,04n
2025-07-24 22:44:11,Vinh Long,Vinh Long,28.0,28.0,28.0,82.0,32.41,10000.0,0.0,100.0,6.03,13.34,264.0,1007.0,0,804,Clouds,overcast clouds,04n
2025-07-25 11:54:53,Vinh Long,Vinh Long,35.26,35.26,35.26,48.0,40.5,10000.0,0.0,76.0,7.54,11.05,269.0,1006.0,1,803,Clouds,broken clouds,04d
2025-07-25 11:58:39,Vinh Long,Vinh Long,35.26,35.26,35.26,48.0,40.5,10000.0,0.0,76.0,7.54,11.05,269.0,1006.0,1,803,Clouds,broken clouds,04d
2025-07-25 12:02:24,Vinh Long,Vinh Long,35.26,35.26,35.26,48.0,40.5,10000.0,0.0,76.0,7.54,11.05,269.0,1006.0,1,803,Clouds,broken clouds,04d
2025-07-25 12:06:10,Vinh Long,Vinh Long,35.15,35.15,35.15,54.0,42.15,10000.0,0.0,76.0,7.54,11.05,269.0,1006.0,1,803,Clouds,broken clouds,04d
2025-07-25 12:09:55,Vinh Long,Vinh Long,35.15,35.15,35.15,54.0,42.15,10000.0,0.0,76.0,7.54,11.05,269.0,1006.0,1,803,Clouds,broken clouds,04d
2025-07-25 12:13:41,Vinh Long,Vinh Long,35.15,35.15,35.15,54.0,42.15,10000.0,0.0,76.0,7.54,11.05,269.0,1006.0,1,803,Clouds,broken clouds,04d
2025-07-25 12:17:27,Vinh Long,Vinh Long,35.17,35.17,35.17,54.0,42.17,10000.0,0.0,76.0,7.54,11.05,269.0,1006.0,1,803,Clouds,broken clouds,04d
2025-07-25 12:21:12,Vinh Long,Vinh Long,35.17,35.17,35.17,54.0,42.17,10000.0,0.0,76.0,7.54,11.05,269.0,1006.0,1,803,Clouds,broken clouds,04d
2025-07-25 12:24:58,Vinh Long,Vinh Long,35.17,35.17,35.17,54.0,42.17,10000.0,0.0,76.0,7.54,11.05,269.0,1006.0,1,803,Clouds,broken clouds,04d
2025-07-25 12:28:44,Vinh Long,Vinh Long,35.17,35.17,35.17,54.0,42.17,10000.0,0.0,76.0,7.54,11.05,269.0,1006.0,1,803,Clouds,broken clouds,04d
2025-07-25 12:32:29,Vinh Long,Vinh Long,35.41,35.41,35.41,51.0,42.08,10000.0,0.0,74.0,8.19,10.89,262.0,1006.0,1,803,Clouds,broken clouds,04d
2025-07-25 12:36:15,Vinh Long,Vinh Long,35.41,35.41,35.41,51.0,42.08,10000.0,0.0,74.0,8.19,10.89,262.0,1006.0,1,803,Clouds,broken clouds,04d
2025-07-25 12:40:01,Vinh Long,Vinh Long,35.41,35.41,35.41,51.0,42.08,10000.0,0.0,74.0,8.19,10.89,262.0,1006.0,1,803,Clouds,broken clouds,04d
2025-07-25 12:43:46,Vinh Long,Vinh Long,35.41,35.41,35.41,51.0,42.08,10000.0,0.0,74.0,8.19,10.89,262.0,1006.0,1,803,Clouds,broken clouds,04d
2025-07-25 12:47:32,Vinh Long,Vinh Long,35.51,35.51,35.51,48.0,41.09,10000.0,0.0,74.0,8.19,10.89,262.0,1006.0,1,803,Clouds,broken clouds,04d
2025-07-25 12:51:18,Vinh Long,Vinh Long,35.51,35.51,35.51,48.0,41.09,10000.0,0.0,74.0,8.19,10.89,262.0,1006.0,1,803,Clouds,broken clouds,04d
2025-07-25 12:55:03,Vinh Long,Vinh Long,35.51,35.51,35.51,48.0,41.09,10000.0,0.0,74.0,8.19,10.89,262.0,1006.0,1,803,Clouds,broken clouds,04d
2025-07-25 12:58:49,Vinh Long,Vinh Long,35.51,35.51,35.51,48.0,41.09,10000.0,0.0,81.0,7.19,10.77,262.0,1006.0,1,803,Clouds,broken clouds,04d
2025-07-25 13:02:35,Vinh Long,Vinh Long,35.51,35.51,35.51,48.0,41.09,10000.0,0.0,81.0,7.19,10.77,262.0,1006.0,1,803,Clouds,broken clouds,04d
2025-07-25 13:06:20,Vinh Long,Vinh Long,35.51,35.51,35.51,48.0,41.09,10000.0,0.0,81.0,7.19,10.77,262.0,1006.0,1,803,Clouds,broken clouds,04d
2025-07-25 13:10:06,Vinh Long,Vinh Long,35.51,35.51,35.51,48.0,41.09,10000.0,0.0,81.0,7.19,10.77,262.0,1006.0,1,803,Clouds,broken clouds,04d
2025-07-25 13:13:52,Vinh Long,Vinh Long,35.51,35.51,35.51,48.0,41.09,10000.0,0.0,81.0,7.19,10.77,262.0,1006.0,1,803,Clouds,broken clouds,04d
2025-07-25 13:17:38,Vinh Long,Vinh Long,35.51,35.51,35.51,48.0,41.09,10000.0,0.0,81.0,7.19,10.77,262.0,1006.0,1,803,Clouds,broken clouds,04d
2025-07-25 13:21:23,Vinh Long,Vinh Long,35.51,35.51,35.51,48.0,41.09,10000.0,0.0,81.0,7.19,10.77,262.0,1006.0,1,803,Clouds,broken clouds,04d
2025-07-25 13:25:09,Vinh Long,Vinh Long,35.51,35.51,35.51,48.0,41.09,10000.0,0.0,81.0,7.19,10.77,262.0,1006.0,1,803,Clouds,broken clouds,04d
2025-07-25 13:28:55,Vinh Long,Vinh Long,35.51,35.51,35.51,48.0,41.09,10000.0,0.0,81.0,7.19,10.77,262.0,1006.0,1,803,Clouds,broken clouds,04d
2025-07-25 13:32:41,Vinh Long,Vinh Long,35.51,35.51,35.51,48.0,41.09,10000.0,0.0,81.0,7.19,10.77,262.0,1006.0,1,803,Clouds,broken clouds,04d
2025-07-25 13:36:26,Vinh Long,Vinh Long,35.51,35.51,35.51,48.0,41.09,10000.0,0.0,81.0,7.19,10.77,262.0,1006.0,1,803,Clouds,broken clouds,04d
2025-07-25 13:40:12,Vinh Long,Vinh Long,35.58,35.58,35.58,49.0,41.66,10000.0,0.0,71.0,8.32,11.66,254.0,1004.0,1,803,Clouds,broken clouds,04d
2025-07-25 13:43:58,Vinh Long,Vinh Long,35.58,35.58,35.58,49.0,41.66,10000.0,0.0,71.0,8.32,11.66,254.0,1004.0,1,803,Clouds,broken clouds,04d
2025-07-25 13:47:43,Vinh Long,Vinh Long,35.58,35.58,35.58,49.0,41.66,10000.0,0.0,71.0,8.32,11.66,254.0,1004.0,1,803,Clouds,broken clouds,04d
2025-07-25 13:51:29,Vinh Long,Vinh Long,35.58,35.58,35.58,49.0,41.66,10000.0,0.0,71.0,8.32,11.66,254.0,1004.0,1,803,Clouds,broken clouds,04d
2025-07-25 13:55:15,Vinh Long,Vinh Long,35.58,35.58,35.58,49.0,41.66,10000.0,0.0,71.0,8.32,11.66,254.0,1004.0,1,803,Clouds,broken clouds,04d
2025-07-25 13:59:00,Vinh Long,Vinh Long,35.58,35.58,35.58,49.0,41.66,10000.0,0.0,71.0,8.32,11.66,254.0,1004.0,1,803,Clouds,broken clouds,04d
2025-07-25 14:02:46,Vinh Long,Vinh Long,35.58,35.58,35.58,49.0,41.66,10000.0,0.0,71.0,8.32,11.66,254.0,1004.0,1,803,Clouds,broken clouds,04d
2025-07-25 14:06:34,Vinh Long,Vinh Long,35.43,35.43,35.43,53.0,42.43,10000.0,0.0,71.0,8.32,11.66,254.0,1005.0,1,803,Clouds,broken clouds,04d
2025-07-25 14:10:19,Vinh Long,Vinh Long,35.43,35.43,35.43,53.0,42.43,10000.0,0.0,71.0,8.32,11.66,254.0,1005.0,1,803,Clouds,broken clouds,04d
2025-07-25 14:14:05,Vinh Long,Vinh Long,35.43,35.43,35.43,53.0,42.43,10000.0,0.0,71.0,8.32,11.66,254.0,1005.0,1,803,Clouds,broken clouds,04d
2025-07-25 14:17:51,Vinh Long,Vinh Long,35.39,35.39,35.39,56.0,42.39,10000.0,0.0,71.0,8.32,11.66,254.0,1005.0,1,803,Clouds,broken clouds,04d
2025-07-25 14:21:38,Vinh Long,Vinh Long,35.39,35.39,35.39,56.0,42.39,10000.0,0.0,71.0,8.32,11.66,254.0,1005.0,1,803,Clouds,broken clouds,04d
2025-07-25 14:25:23,Vinh Long,Vinh Long,35.39,35.39,35.39,56.0,42.39,10000.0,0.0,71.0,8.32,11.66,254.0,1005.0,1,803,Clouds,broken clouds,04d
2025-07-25 14:29:09,Vinh Long,Vinh Long,35.39,35.39,35.39,56.0,42.39,10000.0,0.0,71.0,8.32,11.66,254.0,1005.0,1,803,Clouds,broken clouds,04d
2025-07-25 14:32:55,Vinh Long,Vinh Long,34.14,34.14,34.14,54.0,40.15,10000.0,0.0,80.0,8.92,11.25,249.0,1004.0,1,803,Clouds,broken clouds,04d
2025-07-25 14:36:41,Vinh Long,Vinh Long,34.14,34.14,34.14,54.0,40.15,10000.0,0.0,80.0,8.92,11.25,249.0,1004.0,1,803,Clouds,broken clouds,04d
2025-07-25 14:40:27,Vinh Long,Vinh Long,34.14,34.14,34.14,54.0,40.15,10000.0,0.0,80.0,8.92,11.25,249.0,1004.0,1,803,Clouds,broken clouds,04d
2025-07-25 14:44:13,Vinh Long,Vinh Long,34.14,34.14,34.14,54.0,40.15,10000.0,0.0,80.0,8.92,11.25,249.0,1004.0,1,803,Clouds,broken clouds,04d
2025-07-25 14:47:58,Vinh Long,Vinh Long,34.14,34.14,34.14,54.0,40.15,10000.0,0.0,80.0,8.92,11.25,249.0,1004.0,1,803,Clouds,broken clouds,04d
2025-07-25 14:51:44,Vinh Long,Vinh Long,34.08,34.08,34.08,55.0,40.38,10000.0,0.0,80.0,8.92,11.25,249.0,1004.0,1,803,Clouds,broken clouds,04d
2025-07-25 14:55:30,Vinh Long,Vinh Long,34.08,34.08,34.08,55.0,40.38,10000.0,0.0,80.0,8.92,11.25,249.0,1004.0,1,803,Clouds,broken clouds,04d
2025-07-25 14:59:15,Vinh Long,Vinh Long,34.08,34.08,34.08,55.0,40.38,10000.0,0.0,80.0,8.92,11.25,249.0,1004.0,1,803,Clouds,broken clouds,04d
2025-07-25 15:03:01,Vinh Long,Vinh Long,34.08,34.08,34.08,60.0,41.08,10000.0,0.0,80.0,8.92,11.25,249.0,1004.0,1,803,Clouds,broken clouds,04d
2025-07-25 15:06:47,Vinh Long,Vinh Long,34.08,34.08,34.08,60.0,41.08,10000.0,0.0,80.0,8.92,11.25,249.0,1004.0,1,803,Clouds,broken clouds,04d
2025-07-25 15:10:32,Vinh Long,Vinh Long,34.08,34.08,34.08,60.0,41.08,10000.0,0.0,80.0,8.92,11.25,249.0,1004.0,1,803,Clouds,broken clouds,04d
2025-07-25 15:14:18,Vinh Long,Vinh Long,34.08,34.08,34.08,60.0,41.08,10000.0,0.0,80.0,8.92,11.25,249.0,1004.0,1,803,Clouds,broken clouds,04d
2025-07-25 15:18:04,Vinh Long,Vinh Long,34.04,34.04,34.04,60.0,41.04,10000.0,0.0,80.0,8.92,11.25,249.0,1004.0,1,803,Clouds,broken clouds,04d
2025-07-25 15:21:50,Vinh Long,Vinh Long,34.04,34.04,34.04,60.0,41.04,10000.0,0.0,80.0,8.92,11.25,249.0,1004.0,1,803,Clouds,broken clouds,04d
2025-07-25 15:25:35,Vinh Long,Vinh Long,34.04,34.04,34.04,60.0,41.04,10000.0,0.0,80.0,8.92,11.25,249.0,1004.0,1,803,Clouds,broken clouds,04d
2025-07-25 15:29:21,Vinh Long,Vinh Long,34.04,34.04,34.04,60.0,41.04,10000.0,0.0,80.0,8.92,11.25,249.0,1004.0,1,803,Clouds,broken clouds,04d
2025-07-25 15:33:07,Vinh Long,Vinh Long,33.63,33.63,33.63,59.0,40.63,10000.0,0.0,74.0,9.2,11.89,248.0,1004.0,1,803,Clouds,broken clouds,04d
2025-07-25 15:36:53,Vinh Long,Vinh Long,33.63,33.63,33.63,59.0,40.63,10000.0,0.0,74.0,9.2,11.89,248.0,1004.0,1,803,Clouds,broken clouds,04d
2025-07-25 15:40:38,Vinh Long,Vinh Long,33.63,33.63,33.63,59.0,40.63,10000.0,0.0,74.0,9.2,11.89,248.0,1004.0,1,803,Clouds,broken clouds,04d
2025-07-25 15:44:24,Vinh Long,Vinh Long,33.63,33.63,33.63,59.0,40.63,10000.0,0.0,74.0,9.2,11.89,248.0,1004.0,1,803,Clouds,broken clouds,04d
2025-07-25 15:48:10,Vinh Long,Vinh Long,33.63,33.63,33.63,59.0,40.63,10000.0,0.0,74.0,9.2,11.89,248.0,1004.0,1,803,Clouds,broken clouds,04d
2025-07-25 15:51:55,Vinh Long,Vinh Long,33.63,33.63,33.63,59.0,40.63,10000.0,0.0,74.0,9.2,11.89,248.0,1004.0,1,803,Clouds,broken clouds,04d
2025-07-25 15:55:40,Vinh Long,Vinh Long,33.63,33.63,33.63,59.0,40.63,10000.0,0.0,74.0,9.2,11.89,248.0,1004.0,1,803,Clouds,broken clouds,04d
2025-07-25 15:59:26,Vinh Long,Vinh Long,33.63,33.63,33.63,59.0,40.63,10000.0,0.0,74.0,9.2,11.89,248.0,1004.0,1,803,Clouds,broken clouds,04d
2025-07-25 16:03:12,Vinh Long,Vinh Long,33.63,33.63,33.63,59.0,40.63,10000.0,0.0,74.0,9.2,11.89,248.0,1004.0,1,803,Clouds,broken clouds,04d
2025-07-25 16:06:58,Vinh Long,Vinh Long,33.61,33.61,33.61,61.0,40.61,10000.0,0.0,74.0,9.2,11.89,248.0,1004.0,1,803,Clouds,broken clouds,04d
2025-07-25 16:10:43,Vinh Long,Vinh Long,33.61,33.61,33.61,61.0,40.61,10000.0,0.0,74.0,9.2,11.89,248.0,1004.0,1,803,Clouds,broken clouds,04d
2025-07-25 16:14:29,Vinh Long,Vinh Long,33.61,33.61,33.61,61.0,40.61,10000.0,0.0,74.0,9.2,11.89,248.0,1004.0,1,803,Clouds,broken clouds,04d
2025-07-25 16:18:15,Vinh Long,Vinh Long,33.63,33.63,33.63,61.0,40.63,10000.0,0.0,74.0,9.2,11.89,248.0,1004.0,1,803,Clouds,broken clouds,04d
2025-07-25 16:22:00,Vinh Long,Vinh Long,33.63,33.63,33.63,61.0,40.63,10000.0,0.0,74.0,9.2,11.89,248.0,1004.0,1,803,Clouds,broken clouds,04d
2025-07-25 16:25:46,Vinh Long,Vinh Long,33.63,33.63,33.63,61.0,40.63,10000.0,0.0,74.0,9.2,11.89,248.0,1004.0,1,803,Clouds,broken clouds,04d
2025-07-25 16:29:32,Vinh Long,Vinh Long,33.63,33.63,33.63,61.0,40.63,10000.0,0.0,74.0,9.2,11.89,248.0,1004.0,1,803,Clouds,broken clouds,04d
2025-07-25 16:33:17,Vinh Long,Vinh Long,33.63,33.63,33.63,61.0,40.63,10000.0,0.0,74.0,9.2,11.89,248.0,1004.0,1,803,Clouds,broken clouds,04d
2025-07-25 16:37:03,Vinh Long,Vinh Long,32.02,32.02,32.02,63.0,38.06,10000.0,0.0,70.0,8.67,12.3,248.0,1004.0,1,803,Clouds,broken clouds,04d
2025-07-25 16:40:49,Vinh Long,Vinh Long,32.02,32.02,32.02,63.0,38.06,10000.0,0.0,70.0,8.67,12.3,248.0,1004.0,1,803,Clouds,broken clouds,04d
2025-07-25 16:44:34,Vinh Long,Vinh Long,32.02,32.02,32.02,63.0,38.06,10000.0,0.0,70.0,8.67,12.3,248.0,1004.0,1,803,Clouds,broken clouds,04d
2025-07-25 16:48:20,Vinh Long,Vinh Long,32.01,32.01,32.01,63.0,38.03,10000.0,0.0,70.0,8.67,12.3,248.0,1004.0,1,803,Clouds,broken clouds,04d
2025-07-25 16:52:06,Vinh Long,Vinh Long,32.01,32.01,32.01,63.0,38.03,10000.0,0.0,70.0,8.67,12.3,248.0,1004.0,1,803,Clouds,broken clouds,04d
2025-07-25 16:55:52,Vinh Long,Vinh Long,32.01,32.01,32.01,63.0,38.03,10000.0,0.0,70.0,8.67,12.3,248.0,1004.0,1,803,Clouds,broken clouds,04d
2025-07-25 16:59:38,Vinh Long,Vinh Long,32.01,32.01,32.01,63.0,38.03,10000.0,0.0,70.0,8.67,12.3,248.0,1004.0,1,803,Clouds,broken clouds,04d
2025-07-25 17:03:23,Vinh Long,Vinh Long,32.01,32.01,32.01,63.0,38.03,10000.0,0.0,70.0,8.67,12.3,248.0,1004.0,1,803,Clouds,broken clouds,04d
2025-07-25 17:07:09,Vinh Long,Vinh Long,32.05,32.05,32.05,65.0,38.8,10000.0,0.0,70.0,8.67,12.3,248.0,1005.0,1,803,Clouds,broken clouds,04d
2025-07-25 17:10:55,Vinh Long,Vinh Long,32.05,32.05,32.05,65.0,38.8,10000.0,0.0,70.0,8.67,12.3,248.0,1005.0,1,803,Clouds,broken clouds,04d
2025-07-25 17:14:40,Vinh Long,Vinh Long,32.05,32.05,32.05,65.0,38.8,10000.0,0.0,70.0,8.67,12.3,248.0,1005.0,1,803,Clouds,broken clouds,04d
2025-07-25 17:18:26,Vinh Long,Vinh Long,32.07,32.07,32.07,65.0,38.85,10000.0,0.0,70.0,8.67,12.3,248.0,1005.0,1,803,Clouds,broken clouds,04d
2025-07-25 17:22:12,Vinh Long,Vinh Long,32.07,32.07,32.07,65.0,38.85,10000.0,0.0,70.0,8.67,12.3,248.0,1005.0,1,803,Clouds,broken clouds,04d
2025-07-25 17:25:58,Vinh Long,Vinh Long,32.07,32.07,32.07,65.0,38.85,10000.0,0.0,70.0,8.67,12.3,248.0,1005.0,1,803,Clouds,broken clouds,04d
2025-07-25 17:29:44,Vinh Long,Vinh Long,32.07,32.07,32.07,65.0,38.85,10000.0,0.18,70.0,8.67,12.3,248.0,1005.0,1,500,Rain,light rain,10d
2025-07-25 17:33:29,Vinh Long,Vinh Long,32.07,32.07,32.07,65.0,38.85,10000.0,0.18,70.0,8.67,12.3,248.0,1005.0,1,500,Rain,light rain,10d
2025-07-25 17:37:15,Vinh Long,Vinh Long,30.06,30.06,30.06,70.0,35.18,10000.0,0.15,70.0,8.22,13.36,249.0,1005.0,1,500,Rain,light rain,10d
2025-07-25 17:41:01,Vinh Long,Vinh Long,30.06,30.06,30.06,70.0,35.18,10000.0,0.15,70.0,8.22,13.36,249.0,1005.0,1,500,Rain,light rain,10d
2025-07-25 17:44:47,Vinh Long,Vinh Long,30.06,30.06,30.06,70.0,35.18,10000.0,0.15,70.0,8.22,13.36,249.0,1005.0,1,500,Rain,light rain,10d
2025-07-25 17:48:32,Vinh Long,Vinh Long,30.06,30.06,30.06,70.0,35.18,10000.0,0.15,70.0,8.22,13.36,249.0,1005.0,1,500,Rain,light rain,10d
2025-07-25 17:52:19,Vinh Long,Vinh Long,29.96,29.96,29.96,71.0,35.18,10000.0,0.0,70.0,8.22,13.36,249.0,1005.0,1,803,Clouds,broken clouds,04d
2025-07-25 17:56:05,Vinh Long,Vinh Long,29.96,29.96,29.96,71.0,35.18,10000.0,0.14,70.0,8.22,13.36,249.0,1005.0,1,500,Rain,light rain,10d
2025-07-25 17:59:51,Vinh Long,Vinh Long,29.96,29.96,29.96,71.0,35.18,10000.0,0.18,70.0,8.22,13.36,249.0,1005.0,1,500,Rain,light rain,10d
2025-07-25 18:03:37,Vinh Long,Vinh Long,29.96,29.96,29.96,71.0,35.18,10000.0,0.14,70.0,8.22,13.36,249.0,1005.0,1,500,Rain,light rain,10d
2025-07-25 18:07:25,Vinh Long,Vinh Long,30.06,30.06,30.06,73.0,35.94,10000.0,0.25,70.0,8.22,13.36,249.0,1005.0,1,500,Rain,light rain,10d
2025-07-25 18:11:10,Vinh Long,Vinh Long,30.06,30.06,30.06,73.0,35.94,10000.0,0.25,70.0,8.22,13.36,249.0,1005.0,1,500,Rain,light rain,10d
2025-07-25 18:14:55,Vinh Long,Vinh Long,30.06,30.06,30.06,73.0,35.94,10000.0,0.25,70.0,8.22,13.36,249.0,1005.0,1,500,Rain,light rain,10d
2025-07-25 18:18:41,Vinh Long,Vinh Long,30.0,30.0,30.0,73.0,35.78,10000.0,0.49,70.0,8.22,13.36,249.0,1005.0,1,500,Rain,light rain,10d
2025-07-25 18:22:27,Vinh Long,Vinh Long,30.0,30.0,30.0,73.0,35.78,10000.0,0.49,70.0,8.22,13.36,249.0,1005.0,0,500,Rain,light rain,10n
2025-07-25 18:26:13,Vinh Long,Vinh Long,30.0,30.0,30.0,73.0,35.78,10000.0,0.49,70.0,8.22,13.36,249.0,1005.0,0,500,Rain,light rain,10d
2025-07-25 18:29:58,Vinh Long,Vinh Long,30.0,30.0,30.0,73.0,35.78,10000.0,0.37,70.0,8.22,13.36,249.0,1005.0,0,500,Rain,light rain,10n
2025-07-25 18:33:44,Vinh Long,Vinh Long,30.0,30.0,30.0,73.0,35.78,10000.0,0.37,70.0,8.22,13.36,249.0,1005.0,0,500,Rain,light rain,10n
2025-07-25 18:37:30,Vinh Long,Vinh Long,29.08,29.08,29.08,74.0,33.69,10000.0,0.2,75.0,7.79,13.63,251.0,1006.0,0,500,Rain,light rain,10n
2025-07-25 18:41:16,Vinh Long,Vinh Long,29.08,29.08,29.08,74.0,33.69,10000.0,0.16,75.0,7.79,13.63,251.0,1006.0,0,500,Rain,light rain,10n
2025-07-25 18:45:01,Vinh Long,Vinh Long,29.08,29.08,29.08,74.0,33.69,10000.0,0.2,75.0,7.79,13.63,251.0,1006.0,0,500,Rain,light rain,10n
2025-07-25 18:48:47,Vinh Long,Vinh Long,29.08,29.08,29.08,74.0,33.69,10000.0,0.0,81.0,8.01,13.97,251.0,1006.0,0,803,Clouds,broken clouds,04n
2025-07-25 18:52:33,Vinh Long,Vinh Long,29.08,29.08,29.08,74.0,33.69,10000.0,0.0,81.0,8.01,13.97,251.0,1006.0,0,803,Clouds,broken clouds,04n
2025-07-25 18:56:18,Vinh Long,Vinh Long,29.08,29.08,29.08,74.0,33.69,10000.0,0.0,81.0,8.01,13.97,251.0,1006.0,0,803,Clouds,broken clouds,04n
2025-07-25 19:00:06,Vinh Long,Vinh Long,29.08,29.08,29.08,74.0,33.69,10000.0,0.0,81.0,8.01,13.97,251.0,1006.0,0,803,Clouds,broken clouds,04n
2025-07-25 19:03:53,Vinh Long,Vinh Long,29.08,29.08,29.08,74.0,33.69,10000.0,0.0,81.0,8.01,13.97,251.0,1006.0,0,803,Clouds,broken clouds,04n
2025-07-25 19:07:38,Vinh Long,Vinh Long,29.08,29.08,29.08,74.0,33.69,10000.0,0.0,81.0,8.01,13.97,251.0,1006.0,0,803,Clouds,broken clouds,04n
2025-07-25 19:11:24,Vinh Long,Vinh Long,29.08,29.08,29.08,74.0,33.69,10000.0,0.0,81.0,8.01,13.97,251.0,1006.0,0,803,Clouds,broken clouds,04n
2025-07-25 19:15:10,Vinh Long,Vinh Long,29.08,29.08,29.08,74.0,33.69,10000.0,0.0,81.0,8.01,13.97,251.0,1006.0,0,803,Clouds,broken clouds,04n
2025-07-25 19:18:55,Vinh Long,Vinh Long,29.08,29.08,29.08,74.0,33.69,10000.0,0.0,81.0,8.01,13.97,251.0,1006.0,0,803,Clouds,broken clouds,04n
2025-07-25 19:22:42,Vinh Long,Vinh Long,29.08,29.08,29.08,74.0,33.69,10000.0,0.0,81.0,8.01,13.97,251.0,1006.0,0,803,Clouds,broken clouds,04n
2025-07-25 19:26:28,Vinh Long,Vinh Long,29.08,29.08,29.08,74.0,33.69,10000.0,0.0,81.0,8.01,13.97,251.0,1006.0,0,803,Clouds,broken clouds,04n
2025-07-25 19:30:13,Vinh Long,Vinh Long,28.43,28.43,28.43,77.0,32.67,10000.0,0.0,100.0,7.43,13.75,254.0,1007.0,0,804,Clouds,overcast clouds,04n
2025-07-25 19:33:59,Vinh Long,Vinh Long,28.43,28.43,28.43,77.0,32.67,10000.0,0.0,100.0,7.43,13.75,254.0,1007.0,0,804,Clouds,overcast clouds,04n
2025-07-25 19:37:45,Vinh Long,Vinh Long,28.43,28.43,28.43,77.0,32.67,10000.0,0.0,100.0,7.43,13.75,254.0,1007.0,0,804,Clouds,overcast clouds,04n
2025-07-25 19:41:31,Vinh Long,Vinh Long,28.35,28.35,28.35,77.0,32.48,10000.0,0.0,100.0,7.43,13.75,254.0,1007.0,0,804,Clouds,overcast clouds,04n
2025-07-25 19:45:17,Vinh Long,Vinh Long,28.35,28.35,28.35,77.0,32.48,10000.0,0.0,100.0,7.43,13.75,254.0,1007.0,0,804,Clouds,overcast clouds,04n
2025-07-25 19:49:03,Vinh Long,Vinh Long,28.35,28.35,28.35,77.0,32.48,10000.0,0.0,100.0,7.43,13.75,254.0,1007.0,0,804,Clouds,overcast clouds,04n
2025-07-25 19:52:48,Vinh Long,Vinh Long,28.35,28.35,28.35,77.0,32.48,10000.0,0.0,100.0,7.43,13.75,254.0,1007.0,0,804,Clouds,overcast clouds,04n
2025-07-25 19:56:34,Vinh Long,Vinh Long,28.34,28.34,28.34,77.0,32.45,10000.0,0.0,100.0,7.43,13.75,254.0,1007.0,0,804,Clouds,overcast clouds,04n
2025-07-25 20:00:23,Vinh Long,Vinh Long,28.34,28.34,28.34,77.0,32.45,10000.0,0.0,100.0,7.43,13.75,254.0,1007.0,0,804,Clouds,overcast clouds,04n
2025-07-25 20:04:08,Vinh Long,Vinh Long,28.34,28.34,28.34,77.0,32.45,10000.0,0.0,100.0,7.43,13.75,254.0,1007.0,0,804,Clouds,overcast clouds,04n
2025-07-25 20:07:53,Vinh Long,Vinh Long,28.34,28.34,28.34,77.0,32.45,10000.0,0.0,100.0,7.43,13.75,254.0,1007.0,0,804,Clouds,overcast clouds,04n
2025-07-25 20:11:39,Vinh Long,Vinh Long,28.32,28.32,28.32,82.0,33.27,10000.0,0.0,100.0,7.43,13.75,254.0,1007.0,0,804,Clouds,overcast clouds,04n
2025-07-25 20:15:25,Vinh Long,Vinh Long,28.32,28.32,28.32,82.0,33.27,10000.0,0.0,100.0,7.43,13.75,254.0,1007.0,0,804,Clouds,overcast clouds,04n
2025-07-25 20:19:11,Vinh Long,Vinh Long,28.32,28.32,28.32,82.0,33.27,10000.0,0.0,100.0,7.43,13.75,254.0,1007.0,0,804,Clouds,overcast clouds,04n
2025-07-25 20:22:57,Vinh Long,Vinh Long,28.32,28.32,28.32,82.0,33.27,10000.0,0.0,100.0,7.43,13.75,254.0,1007.0,0,804,Clouds,overcast clouds,04n
2025-07-25 20:26:43,Vinh Long,Vinh Long,28.32,28.32,28.32,82.0,33.27,10000.0,0.0,100.0,7.43,13.75,254.0,1007.0,0,804,Clouds,overcast clouds,04n
2025-07-25 20:30:29,Vinh Long,Vinh Long,28.15,28.15,28.15,79.0,32.32,10000.0,0.0,100.0,7.08,12.99,258.0,1007.0,0,804,Clouds,overcast clouds,04n
2025-07-25 20:34:14,Vinh Long,Vinh Long,28.15,28.15,28.15,79.0,32.32,10000.0,0.0,100.0,7.08,12.99,258.0,1007.0,0,804,Clouds,overcast clouds,04n
2025-07-25 20:38:01,Vinh Long,Vinh Long,28.14,28.14,28.14,79.0,32.29,10000.0,0.0,100.0,7.08,12.99,258.0,1007.0,0,804,Clouds,overcast clouds,04n
2025-07-25 20:41:47,Vinh Long,Vinh Long,28.14,28.14,28.14,79.0,32.29,10000.0,0.0,100.0,7.08,12.99,258.0,1007.0,0,804,Clouds,overcast clouds,04n
2025-07-25 20:45:32,Vinh Long,Vinh Long,28.14,28.14,28.14,79.0,32.29,10000.0,0.0,100.0,7.08,12.99,258.0,1007.0,0,804,Clouds,overcast clouds,04n
2025-07-25 20:49:18,Vinh Long,Vinh Long,28.09,28.09,28.09,79.0,32.17,10000.0,0.0,100.0,7.08,12.99,258.0,1007.0,0,804,Clouds,overcast clouds,04n
2025-07-25 20:53:05,Vinh Long,Vinh Long,28.09,28.09,28.09,79.0,32.17,10000.0,0.0,100.0,7.08,12.99,258.0,1007.0,0,804,Clouds,overcast clouds,04n
2025-07-25 20:56:51,Vinh Long,Vinh Long,28.09,28.09,28.09,79.0,32.17,10000.0,0.0,100.0,7.08,12.99,258.0,1007.0,0,804,Clouds,overcast clouds,04n
2025-07-25 21:00:37,Vinh Long,Vinh Long,28.09,28.09,28.09,79.0,32.17,10000.0,0.0,100.0,7.08,12.99,258.0,1007.0,0,804,Clouds,overcast clouds,04n
2025-07-25 21:04:23,Vinh Long,Vinh Long,28.16,28.16,28.16,82.0,32.84,10000.0,0.0,100.0,7.08,12.99,258.0,1007.0,0,804,Clouds,overcast clouds,04n
2025-07-25 21:08:09,Vinh Long,Vinh Long,28.16,28.16,28.16,82.0,32.84,10000.0,0.0,100.0,7.08,12.99,258.0,1007.0,0,804,Clouds,overcast clouds,04n
2025-07-25 21:11:55,Vinh Long,Vinh Long,28.16,28.16,28.16,82.0,32.84,10000.0,0.0,100.0,7.08,12.99,258.0,1007.0,0,804,Clouds,overcast clouds,04n
2025-07-25 21:15:41,Vinh Long,Vinh Long,28.16,28.16,28.16,82.0,32.84,10000.0,0.0,100.0,7.08,12.99,258.0,1007.0,0,804,Clouds,overcast clouds,04n
2025-07-25 21:19:27,Vinh Long,Vinh Long,28.16,28.16,28.16,82.0,32.84,10000.0,0.0,100.0,7.08,12.99,258.0,1007.0,0,804,Clouds,overcast clouds,04n
2025-07-25 21:23:13,Vinh Long,Vinh Long,28.14,28.14,28.14,82.0,32.78,10000.0,0.0,100.0,7.08,12.99,258.0,1007.0,0,804,Clouds,overcast clouds,04n
2025-07-25 21:26:59,Vinh Long,Vinh Long,28.14,28.14,28.14,82.0,32.78,10000.0,0.0,100.0,7.08,12.99,258.0,1007.0,0,804,Clouds,overcast clouds,04n
2025-07-25 21:30:45,Vinh Long,Vinh Long,27.91,27.91,27.91,80.0,31.88,10000.0,0.0,100.0,6.26,12.4,258.0,1008.0,0,804,Clouds,overcast clouds,04n
2025-07-25 21:34:31,Vinh Long,Vinh Long,27.82,27.82,27.82,82.0,31.94,10000.0,0.0,100.0,6.26,12.4,258.0,1008.0,0,804,Clouds,overcast clouds,04n
2025-07-25 21:38:18,Vinh Long,Vinh Long,27.82,27.82,27.82,82.0,31.94,10000.0,0.0,100.0,6.26,12.4,258.0,1008.0,0,804,Clouds,overcast clouds,04n
2025-07-25 21:42:04,Vinh Long,Vinh Long,27.82,27.82,27.82,82.0,31.94,10000.0,0.0,100.0,6.26,12.4,258.0,1008.0,0,804,Clouds,overcast clouds,04n
2025-07-25 21:45:50,Vinh Long,Vinh Long,27.82,27.82,27.82,82.0,31.94,10000.0,0.0,100.0,6.26,12.4,258.0,1008.0,0,804,Clouds,overcast clouds,04n
2025-07-25 21:49:36,Vinh Long,Vinh Long,27.82,27.82,27.82,82.0,31.94,10000.0,0.0,100.0,6.26,12.4,258.0,1008.0,0,804,Clouds,overcast clouds,04n
2025-07-25 21:53:22,Vinh Long,Vinh Long,27.82,27.82,27.82,82.0,31.94,10000.0,0.0,100.0,6.26,12.4,258.0,1008.0,0,804,Clouds,overcast clouds,04n
2025-07-25 21:57:08,Vinh Long,Vinh Long,27.82,27.82,27.82,82.0,31.94,10000.0,0.0,100.0,6.26,12.4,258.0,1008.0,0,804,Clouds,overcast clouds,04n
2025-07-25 22:00:54,Vinh Long,Vinh Long,27.82,27.82,27.82,82.0,31.94,10000.0,0.0,100.0,6.26,12.4,258.0,1008.0,0,804,Clouds,overcast clouds,04n
2025-07-25 22:04:39,Vinh Long,Vinh Long,27.82,27.82,27.82,82.0,31.94,10000.0,0.0,100.0,6.26,12.4,258.0,1008.0,0,804,Clouds,overcast clouds,04n
2025-07-25 22:08:25,Vinh Long,Vinh Long,27.86,27.86,27.86,85.0,32.5,10000.0,0.0,100.0,6.26,12.4,258.0,1008.0,0,804,Clouds,overcast clouds,04n
2025-07-25 22:12:11,Vinh Long,Vinh Long,27.86,27.86,27.86,85.0,32.5,10000.0,0.0,100.0,6.26,12.4,258.0,1008.0,0,804,Clouds,overcast clouds,04n
2025-07-25 22:15:57,Vinh Long,Vinh Long,27.86,27.86,27.86,85.0,32.5,10000.0,0.0,100.0,6.26,12.4,258.0,1008.0,0,804,Clouds,overcast clouds,04n
2025-07-25 22:19:43,Vinh Long,Vinh Long,27.82,27.82,27.82,85.0,32.39,10000.0,0.0,100.0,6.26,12.4,258.0,1008.0,0,804,Clouds,overcast clouds,04n
2025-07-25 22:23:29,Vinh Long,Vinh Long,27.82,27.82,27.82,85.0,32.39,10000.0,0.0,100.0,6.26,12.4,258.0,1008.0,0,804,Clouds,overcast clouds,04n
2025-07-25 22:27:15,Vinh Long,Vinh Long,27.82,27.82,27.82,85.0,32.39,10000.0,0.0,100.0,6.26,12.4,258.0,1008.0,0,804,Clouds,overcast clouds,04n
2025-07-25 22:31:01,Vinh Long,Vinh Long,27.59,27.59,27.59,83.0,31.49,10000.0,0.0,100.0,5.63,11.64,261.0,1008.0,0,804,Clouds,overcast clouds,04n
2025-07-25 22:34:47,Vinh Long,Vinh Long,27.59,27.59,27.59,83.0,31.49,10000.0,0.0,100.0,5.63,11.64,261.0,1008.0,0,804,Clouds,overcast clouds,04n
2025-07-25 22:38:33,Vinh Long,Vinh Long,27.59,27.59,27.59,83.0,31.49,10000.0,0.0,100.0,5.63,11.64,261.0,1008.0,0,804,Clouds,overcast clouds,04n
2025-07-25 22:42:19,Vinh Long,Vinh Long,27.59,27.59,27.59,83.0,31.49,10000.0,0.0,100.0,5.63,11.64,261.0,1008.0,0,804,Clouds,overcast clouds,04n
2025-07-25 22:46:04,Vinh Long,Vinh Long,27.59,27.59,27.59,83.0,31.49,10000.0,0.0,100.0,5.63,11.64,261.0,1008.0,0,804,Clouds,overcast clouds,04n
2025-07-25 22:49:50,Vinh Long,Vinh Long,27.59,27.59,27.59,83.0,31.49,10000.0,0.0,100.0,5.63,11.64,261.0,1008.0,0,804,Clouds,overcast clouds,04n
2025-07-25 22:53:36,Vinh Long,Vinh Long,27.59,27.59,27.59,83.0,31.49,10000.0,0.0,100.0,5.63,11.64,261.0,1008.0,0,804,Clouds,overcast clouds,04n
2025-07-25 22:57:22,Vinh Long,Vinh Long,27.59,27.59,27.59,83.0,31.49,10000.0,0.0,100.0,5.63,11.64,261.0,1008.0,0,804,Clouds,overcast clouds,04n
2025-07-25 23:01:08,Vinh Long,Vinh Long,27.59,27.59,27.59,83.0,31.49,10000.0,0.0,100.0,5.63,11.64,261.0,1008.0,0,804,Clouds,overcast clouds,04n
2025-07-25 23:04:54,Vinh Long,Vinh Long,27.63,27.63,27.63,86.0,32.01,10000.0,0.0,100.0,5.63,11.64,261.0,1008.0,0,804,Clouds,overcast clouds,04n
2025-07-25 23:08:40,Vinh Long,Vinh Long,27.63,27.63,27.63,86.0,32.01,10000.0,0.0,100.0,5.63,11.64,261.0,1008.0,0,804,Clouds,overcast clouds,04n
2025-07-25 23:12:26,Vinh Long,Vinh Long,27.63,27.63,27.63,86.0,32.01,10000.0,0.0,100.0,5.63,11.64,261.0,1008.0,0,804,Clouds,overcast clouds,04n
2025-07-25 23:16:12,Vinh Long,Vinh Long,27.63,27.63,27.63,86.0,32.01,10000.0,0.0,100.0,5.63,11.64,261.0,1008.0,0,804,Clouds,overcast clouds,04n
2025-07-25 23:19:58,Vinh Long,Vinh Long,27.63,27.63,27.63,86.0,32.01,10000.0,0.0,100.0,5.63,11.64,261.0,1008.0,0,804,Clouds,overcast clouds,04n
2025-07-25 23:23:44,Vinh Long,Vinh Long,27.63,27.63,27.63,86.0,32.01,10000.0,0.0,100.0,5.63,11.64,261.0,1008.0,0,804,Clouds,overcast clouds,04n
2025-07-25 23:27:30,Vinh Long,Vinh Long,27.63,27.63,27.63,86.0,32.01,10000.0,0.0,100.0,5.63,11.64,261.0,1008.0,0,804,Clouds,overcast clouds,04n
2025-07-25 23:31:16,Vinh Long,Vinh Long,27.63,27.63,27.63,86.0,32.01,10000.0,0.0,100.0,5.63,11.64,261.0,1008.0,0,804,Clouds,overcast clouds,04n
2025-07-25 23:35:02,Vinh Long,Vinh Long,27.29,27.29,27.29,86.0,31.09,10000.0,0.0,100.0,4.89,10.9,268.0,1008.0,0,804,Clouds,overcast clouds,04n
2025-07-25 23:38:48,Vinh Long,Vinh Long,27.29,27.29,27.29,86.0,31.09,10000.0,0.0,100.0,4.89,10.9,268.0,1008.0,0,804,Clouds,overcast clouds,04n
2025-07-25 23:42:34,Vinh Long,Vinh Long,27.29,27.29,27.29,86.0,31.09,10000.0,0.0,100.0,4.89,10.9,268.0,1008.0,0,804,Clouds,overcast clouds,04n
2025-07-25 23:46:20,Vinh Long,Vinh Long,27.29,27.29,27.29,86.0,31.09,10000.0,0.0,100.0,4.89,10.9,268.0,1008.0,0,804,Clouds,overcast clouds,04n
2025-07-25 23:50:06,Vinh Long,Vinh Long,27.29,27.29,27.29,86.0,31.09,10000.0,0.0,100.0,4.89,10.9,268.0,1008.0,0,804,Clouds,overcast clouds,04n
2025-07-25 23:53:52,Vinh Long,Vinh Long,27.29,27.29,27.29,86.0,31.09,10000.0,0.0,100.0,4.89,10.9,268.0,1008.0,0,804,Clouds,overcast clouds,04n
2025-07-25 23:57:38,Vinh Long,Vinh Long,27.29,27.29,27.29,86.0,31.09,10000.0,0.0,100.0,4.89,10.9,268.0,1008.0,0,804,Clouds,overcast clouds,04n
2025-07-26 00:01:24,Vinh Long,Vinh Long,27.32,27.32,27.32,90.0,31.66,10000.0,0.0,100.0,4.89,10.9,268.0,1008.0,0,804,Clouds,overcast clouds,04n
2025-07-26 00:05:09,Vinh Long,Vinh Long,27.32,27.32,27.32,90.0,31.66,10000.0,0.0,100.0,4.89,10.9,268.0,1008.0,0,804,Clouds,overcast clouds,04n
2025-07-26 00:08:55,Vinh Long,Vinh Long,27.32,27.32,27.32,90.0,31.66,10000.0,0.0,100.0,4.89,10.9,268.0,1008.0,0,804,Clouds,overcast clouds,04n
2025-07-26 00:12:41,Vinh Long,Vinh Long,27.32,27.32,27.32,90.0,31.66,10000.0,0.0,100.0,4.89,10.9,268.0,1008.0,0,804,Clouds,overcast clouds,04n
2025-07-26 00:16:27,Vinh Long,Vinh Long,27.32,27.32,27.32,90.0,31.66,10000.0,0.0,100.0,4.89,10.9,268.0,1008.0,0,804,Clouds,overcast clouds,04n
2025-07-26 00:20:13,Vinh Long,Vinh Long,27.32,27.32,27.32,90.0,31.66,10000.0,0.0,100.0,4.89,10.9,268.0,1008.0,0,804,Clouds,overcast clouds,04n
2025-07-26 00:23:58,Vinh Long,Vinh Long,27.32,27.32,27.32,90.0,31.66,10000.0,0.0,100.0,4.89,10.9,268.0,1008.0,0,804,Clouds,overcast clouds,04n
2025-07-26 00:27:44,Vinh Long,Vinh Long,27.32,27.32,27.32,90.0,31.66,10000.0,0.0,100.0,4.89,10.9,268.0,1008.0,0,804,Clouds,overcast clouds,04n
2025-07-26 00:31:31,Vinh Long,Vinh Long,26.99,26.99,26.99,86.0,30.3,10000.0,0.0,92.0,4.04,9.99,268.0,1007.0,0,804,Clouds,overcast clouds,04n
2025-07-26 00:35:17,Vinh Long,Vinh Long,27.32,27.32,27.32,90.0,31.66,10000.0,0.0,100.0,4.89,10.9,268.0,1008.0,0,804,Clouds,overcast clouds,04n
2025-07-26 00:39:06,Vinh Long,Vinh Long,26.99,26.99,26.99,86.0,30.3,10000.0,0.0,92.0,4.04,9.99,268.0,1007.0,0,804,Clouds,overcast clouds,04n
2025-07-26 00:42:53,Vinh Long,Vinh Long,26.99,26.99,26.99,86.0,30.3,10000.0,0.0,92.0,4.04,9.99,268.0,1007.0,0,804,Clouds,overcast clouds,04n
2025-07-26 00:46:39,Vinh Long,Vinh Long,26.99,26.99,26.99,86.0,30.3,10000.0,0.0,92.0,4.04,9.99,268.0,1007.0,0,804,Clouds,overcast clouds,04n
2025-07-26 00:50:25,Vinh Long,Vinh Long,26.99,26.99,26.99,86.0,30.3,10000.0,0.0,94.0,3.75,10.36,260.0,1007.0,0,804,Clouds,overcast clouds,04n
2025-07-26 00:54:10,Vinh Long,Vinh Long,26.99,26.99,26.99,86.0,30.3,10000.0,0.0,94.0,3.75,10.36,260.0,1007.0,0,804,Clouds,overcast clouds,04n
2025-07-26 00:57:56,Vinh Long,Vinh Long,26.99,26.99,26.99,86.0,30.3,10000.0,0.0,94.0,3.75,10.36,260.0,1007.0,0,804,Clouds,overcast clouds,04n
2025-07-26 01:01:42,Vinh Long,Vinh Long,26.99,26.99,26.99,86.0,30.3,10000.0,0.0,94.0,3.75,10.36,260.0,1007.0,0,804,Clouds,overcast clouds,04n
2025-07-26 01:05:30,Vinh Long,Vinh Long,26.99,26.99,26.99,86.0,30.3,10000.0,0.0,94.0,3.75,10.36,260.0,1007.0,0,804,Clouds,overcast clouds,04n
2025-07-26 01:09:16,Vinh Long,Vinh Long,26.99,26.99,26.99,86.0,30.3,10000.0,0.0,94.0,3.75,10.36,260.0,1007.0,0,804,Clouds,overcast clouds,04n
2025-07-26 01:13:02,Vinh Long,Vinh Long,26.99,26.99,26.99,86.0,30.3,10000.0,0.0,94.0,3.75,10.36,260.0,1007.0,0,804,Clouds,overcast clouds,04n
2025-07-26 01:16:48,Vinh Long,Vinh Long,26.99,26.99,26.99,86.0,30.3,10000.0,0.0,94.0,3.75,10.36,260.0,1007.0,0,804,Clouds,overcast clouds,04n
2025-07-26 01:20:33,Vinh Long,Vinh Long,26.99,26.99,26.99,86.0,30.3,10000.0,0.0,94.0,3.75,10.36,260.0,1007.0,0,804,Clouds,overcast clouds,04n
2025-07-26 01:24:20,Vinh Long,Vinh Long,26.99,26.99,26.99,86.0,30.3,10000.0,0.0,94.0,3.75,10.36,260.0,1007.0,0,804,Clouds,overcast clouds,04n
2025-07-26 01:28:07,Vinh Long,Vinh Long,26.99,26.99,26.99,86.0,30.3,10000.0,0.0,94.0,3.75,10.36,260.0,1007.0,0,804,Clouds,overcast clouds,04n
2025-07-26 01:31:52,Vinh Long,Vinh Long,26.99,26.99,26.99,86.0,30.3,10000.0,0.0,94.0,3.75,10.36,260.0,1007.0,0,804,Clouds,overcast clouds,04n
2025-07-26 01:35:38,Vinh Long,Vinh Long,26.96,26.96,26.96,88.0,30.42,10000.0,0.0,100.0,3.91,10.52,265.0,1007.0,0,804,Clouds,overcast clouds,04n
2025-07-26 01:39:24,Vinh Long,Vinh Long,26.96,26.96,26.96,88.0,30.42,10000.0,0.0,100.0,3.91,10.52,265.0,1007.0,0,804,Clouds,overcast clouds,04n
2025-07-26 01:43:10,Vinh Long,Vinh Long,26.96,26.96,26.96,88.0,30.42,10000.0,0.0,100.0,3.91,10.52,265.0,1007.0,0,804,Clouds,overcast clouds,04n
2025-07-26 01:46:55,Vinh Long,Vinh Long,26.96,26.96,26.96,88.0,30.42,10000.0,0.0,100.0,3.91,10.52,265.0,1007.0,0,804,Clouds,overcast clouds,04n
2025-07-26 01:50:41,Vinh Long,Vinh Long,26.93,26.93,26.93,87.0,30.24,10000.0,0.0,100.0,3.91,10.52,265.0,1007.0,0,804,Clouds,overcast clouds,04n
2025-07-26 01:54:27,Vinh Long,Vinh Long,26.93,26.93,26.93,87.0,30.24,10000.0,0.0,100.0,3.91,10.52,265.0,1007.0,0,804,Clouds,overcast clouds,04n
2025-07-26 01:58:14,Vinh Long,Vinh Long,26.93,26.93,26.93,87.0,30.24,10000.0,0.0,100.0,3.91,10.52,265.0,1007.0,0,804,Clouds,overcast clouds,04n
2025-07-26 02:02:00,Vinh Long,Vinh Long,27.01,27.01,27.01,91.0,30.87,10000.0,0.0,100.0,3.91,10.52,265.0,1007.0,0,804,Clouds,overcast clouds,04n
2025-07-26 02:05:45,Vinh Long,Vinh Long,27.01,27.01,27.01,91.0,30.87,10000.0,0.0,100.0,3.91,10.52,265.0,1007.0,0,804,Clouds,overcast clouds,04n
2025-07-26 02:09:31,Vinh Long,Vinh Long,27.01,27.01,27.01,91.0,30.87,10000.0,0.0,100.0,3.91,10.52,265.0,1007.0,0,804,Clouds,overcast clouds,04n
2025-07-26 02:13:18,Vinh Long,Vinh Long,27.01,27.01,27.01,91.0,30.87,10000.0,0.0,100.0,3.91,10.52,265.0,1007.0,0,804,Clouds,overcast clouds,04n
2025-07-26 02:17:04,Vinh Long,Vinh Long,27.01,27.01,27.01,91.0,30.87,10000.0,0.0,100.0,3.91,10.52,265.0,1007.0,0,804,Clouds,overcast clouds,04n
2025-07-26 02:20:49,Vinh Long,Vinh Long,27.01,27.01,27.01,91.0,30.87,10000.0,0.0,100.0,3.91,10.52,265.0,1007.0,0,804,Clouds,overcast clouds,04n
2025-07-26 02:24:35,Vinh Long,Vinh Long,27.01,27.01,27.01,91.0,30.87,10000.0,0.0,100.0,3.91,10.52,265.0,1007.0,0,804,Clouds,overcast clouds,04n
2025-07-26 02:28:22,Vinh Long,Vinh Long,27.01,27.01,27.01,91.0,30.87,10000.0,0.0,100.0,3.91,10.52,265.0,1007.0,0,804,Clouds,overcast clouds,04n
2025-07-26 02:32:08,Vinh Long,Vinh Long,27.01,27.01,27.01,91.0,30.87,10000.0,0.0,100.0,3.91,10.52,265.0,1007.0,0,804,Clouds,overcast clouds,04n
2025-07-26 02:35:54,Vinh Long,Vinh Long,26.79,26.79,26.79,88.0,29.96,10000.0,0.0,100.0,3.74,10.08,264.0,1006.0,0,804,Clouds,overcast clouds,04n
2025-07-26 02:39:40,Vinh Long,Vinh Long,26.79,26.79,26.79,88.0,29.96,10000.0,0.0,100.0,3.74,10.08,264.0,1006.0,0,804,Clouds,overcast clouds,04n
2025-07-26 02:43:26,Vinh Long,Vinh Long,26.79,26.79,26.79,88.0,29.96,10000.0,0.0,100.0,3.74,10.08,264.0,1006.0,0,804,Clouds,overcast clouds,04n
2025-07-26 02:47:12,Vinh Long,Vinh Long,26.77,26.77,26.77,88.0,29.91,10000.0,0.0,100.0,3.74,10.08,264.0,1006.0,0,804,Clouds,overcast clouds,04n
2025-07-26 02:50:57,Vinh Long,Vinh Long,26.77,26.77,26.77,88.0,29.91,10000.0,0.0,100.0,3.74,10.08,264.0,1006.0,0,804,Clouds,overcast clouds,04n
2025-07-26 02:54:44,Vinh Long,Vinh Long,26.77,26.77,26.77,88.0,29.91,10000.0,0.0,100.0,3.74,10.08,264.0,1006.0,0,804,Clouds,overcast clouds,04n
2025-07-26 02:58:29,Vinh Long,Vinh Long,26.77,26.77,26.77,88.0,29.91,10000.0,0.0,100.0,3.74,10.08,264.0,1006.0,0,804,Clouds,overcast clouds,04n
2025-07-26 03:02:15,Vinh Long,Vinh Long,26.82,26.82,26.82,91.0,30.32,10000.0,0.0,100.0,3.74,10.08,264.0,1007.0,0,804,Clouds,overcast clouds,04n
2025-07-26 03:06:01,Vinh Long,Vinh Long,26.82,26.82,26.82,91.0,30.32,10000.0,0.0,100.0,3.74,10.08,264.0,1007.0,0,804,Clouds,overcast clouds,04n
2025-07-26 03:09:46,Vinh Long,Vinh Long,26.82,26.82,26.82,91.0,30.32,10000.0,0.0,100.0,3.74,10.08,264.0,1007.0,0,804,Clouds,overcast clouds,04n
2025-07-26 03:13:32,Vinh Long,Vinh Long,26.82,26.82,26.82,91.0,30.32,10000.0,0.0,100.0,3.74,10.08,264.0,1007.0,0,804,Clouds,overcast clouds,04n
2025-07-26 03:17:18,Vinh Long,Vinh Long,26.82,26.82,26.82,91.0,30.32,10000.0,0.0,100.0,3.74,10.08,264.0,1007.0,0,804,Clouds,overcast clouds,04n
2025-07-26 03:21:04,Vinh Long,Vinh Long,26.79,26.79,26.79,91.0,30.23,10000.0,0.0,100.0,3.74,10.08,264.0,1007.0,0,804,Clouds,overcast clouds,04n
2025-07-26 03:24:50,Vinh Long,Vinh Long,26.79,26.79,26.79,91.0,30.23,10000.0,0.0,100.0,3.74,10.08,264.0,1007.0,0,804,Clouds,overcast clouds,04n
2025-07-26 03:28:35,Vinh Long,Vinh Long,26.79,26.79,26.79,91.0,30.23,10000.0,0.0,100.0,3.74,10.08,264.0,1007.0,0,804,Clouds,overcast clouds,04n
2025-07-26 03:32:25,Vinh Long,Vinh Long,26.74,26.74,26.74,88.0,29.83,10000.0,0.0,100.0,3.73,9.39,258.0,1006.0,0,804,Clouds,overcast clouds,04n
2025-07-26 03:36:12,Vinh Long,Vinh Long,26.74,26.74,26.74,88.0,29.83,10000.0,0.0,100.0,3.73,9.39,258.0,1006.0,0,804,Clouds,overcast clouds,04n
2025-07-26 03:39:57,Vinh Long,Vinh Long,26.74,26.74,26.74,88.0,29.83,10000.0,0.0,100.0,3.73,9.39,258.0,1006.0,0,804,Clouds,overcast clouds,04n
2025-07-26 03:43:43,Vinh Long,Vinh Long,26.74,26.74,26.74,88.0,29.83,10000.0,0.0,100.0,3.73,9.39,258.0,1006.0,0,804,Clouds,overcast clouds,04n
2025-07-26 03:47:29,Vinh Long,Vinh Long,26.72,26.72,26.72,88.0,29.78,10000.0,0.0,100.0,3.73,9.39,258.0,1006.0,0,804,Clouds,overcast clouds,04n
2025-07-26 03:51:15,Vinh Long,Vinh Long,26.72,26.72,26.72,88.0,29.78,10000.0,0.0,100.0,3.73,9.39,258.0,1006.0,0,804,Clouds,overcast clouds,04n
2025-07-26 03:55:01,Vinh Long,Vinh Long,26.72,26.72,26.72,88.0,29.78,10000.0,0.0,100.0,3.73,9.39,258.0,1006.0,0,804,Clouds,overcast clouds,04n
2025-07-26 03:58:47,Vinh Long,Vinh Long,26.72,26.72,26.72,88.0,29.78,10000.0,0.0,100.0,3.73,9.39,258.0,1006.0,0,804,Clouds,overcast clouds,04n
2025-07-26 04:02:33,Vinh Long,Vinh Long,26.74,26.74,26.74,91.0,30.09,10000.0,0.0,100.0,3.73,9.39,258.0,1006.0,0,804,Clouds,overcast clouds,04n
2025-07-26 04:06:19,Vinh Long,Vinh Long,26.74,26.74,26.74,91.0,30.09,10000.0,0.0,100.0,3.73,9.39,258.0,1006.0,0,804,Clouds,overcast clouds,04n
2025-07-26 04:10:06,Vinh Long,Vinh Long,26.74,26.74,26.74,91.0,30.09,10000.0,0.0,100.0,3.73,9.39,258.0,1006.0,0,804,Clouds,overcast clouds,04n
2025-07-26 04:13:51,Vinh Long,Vinh Long,26.74,26.74,26.74,91.0,30.09,10000.0,0.0,100.0,3.73,9.39,258.0,1006.0,0,804,Clouds,overcast clouds,04n
2025-07-26 04:17:37,Vinh Long,Vinh Long,26.74,26.74,26.74,91.0,30.09,10000.0,0.0,100.0,3.73,9.39,258.0,1006.0,0,804,Clouds,overcast clouds,04n
2025-07-26 04:21:23,Vinh Long,Vinh Long,26.74,26.74,26.74,91.0,30.09,10000.0,0.0,100.0,3.73,9.39,258.0,1006.0,0,804,Clouds,overcast clouds,04n
2025-07-26 04:25:09,Vinh Long,Vinh Long,26.74,26.74,26.74,91.0,30.09,10000.0,0.0,100.0,3.73,9.39,258.0,1006.0,0,804,Clouds,overcast clouds,04n
2025-07-26 04:28:55,Vinh Long,Vinh Long,26.74,26.74,26.74,91.0,30.09,10000.0,0.0,100.0,3.73,9.39,258.0,1006.0,0,804,Clouds,overcast clouds,04n
2025-07-26 04:32:41,Vinh Long,Vinh Long,26.5,26.5,26.5,89.0,26.5,10000.0,0.0,100.0,3.79,9.66,257.0,1006.0,0,804,Clouds,overcast clouds,04n
2025-07-26 04:36:27,Vinh Long,Vinh Long,26.5,26.5,26.5,89.0,26.5,10000.0,0.0,100.0,3.79,9.66,257.0,1006.0,0,804,Clouds,overcast clouds,04n
2025-07-26 04:40:12,Vinh Long,Vinh Long,26.5,26.5,26.5,89.0,26.5,10000.0,0.0,100.0,3.79,9.66,257.0,1006.0,0,804,Clouds,overcast clouds,04n
2025-07-26 04:43:58,Vinh Long,Vinh Long,26.5,26.5,26.5,89.0,26.5,10000.0,0.0,100.0,3.79,9.66,257.0,1006.0,0,804,Clouds,overcast clouds,04n
2025-07-26 04:47:44,Vinh Long,Vinh Long,26.5,26.5,26.5,89.0,26.5,10000.0,0.0,100.0,3.79,9.66,257.0,1006.0,0,804,Clouds,overcast clouds,04n
2025-07-26 04:51:30,Vinh Long,Vinh Long,26.5,26.5,26.5,89.0,26.5,10000.0,0.0,100.0,3.79,9.66,257.0,1006.0,0,804,Clouds,overcast clouds,04n
2025-07-26 04:55:16,Vinh Long,Vinh Long,26.5,26.5,26.5,89.0,26.5,10000.0,0.0,100.0,3.79,9.66,257.0,1006.0,0,804,Clouds,overcast clouds,04n
2025-07-26 04:59:02,Vinh Long,Vinh Long,26.5,26.5,26.5,89.0,26.5,10000.0,0.0,100.0,3.79,9.66,257.0,1006.0,0,804,Clouds,overcast clouds,04n
2025-07-26 05:02:48,Vinh Long,Vinh Long,26.5,26.5,26.5,89.0,26.5,10000.0,0.0,100.0,3.79,9.66,257.0,1006.0,0,804,Clouds,overcast clouds,04n
2025-07-26 05:06:36,Vinh Long,Vinh Long,26.53,26.53,26.53,92.0,26.53,10000.0,0.0,100.0,3.79,9.66,257.0,1007.0,0,804,Clouds,overcast clouds,04n
2025-07-26 05:10:22,Vinh Long,Vinh Long,26.53,26.53,26.53,92.0,26.53,10000.0,0.0,100.0,3.79,9.66,257.0,1007.0,0,804,Clouds,overcast clouds,04n
2025-07-26 05:14:08,Vinh Long,Vinh Long,26.53,26.53,26.53,92.0,26.53,10000.0,0.0,100.0,3.79,9.66,257.0,1007.0,0,804,Clouds,overcast clouds,04n
2025-07-26 05:17:54,Vinh Long,Vinh Long,26.53,26.53,26.53,92.0,26.53,10000.0,0.0,100.0,3.79,9.66,257.0,1007.0,0,804,Clouds,overcast clouds,04n
2025-07-26 05:21:40,Vinh Long,Vinh Long,26.53,26.53,26.53,92.0,26.53,10000.0,0.0,100.0,3.79,9.66,257.0,1007.0,0,804,Clouds,overcast clouds,04n
2025-07-26 05:25:26,Vinh Long,Vinh Long,26.53,26.53,26.53,92.0,26.53,10000.0,0.0,100.0,3.79,9.66,257.0,1007.0,0,804,Clouds,overcast clouds,04n
2025-07-26 05:29:13,Vinh Long,Vinh Long,26.53,26.53,26.53,92.0,26.53,10000.0,0.0,100.0,3.79,9.66,257.0,1007.0,0,804,Clouds,overcast clouds,04n
2025-07-26 05:32:58,Vinh Long,Vinh Long,26.53,26.53,26.53,92.0,26.53,10000.0,0.0,100.0,3.79,9.66,257.0,1007.0,0,804,Clouds,overcast clouds,04n
2025-07-26 05:36:44,Vinh Long,Vinh Long,26.94,26.94,26.94,88.0,30.36,10000.0,0.0,100.0,3.59,9.06,253.0,1007.0,0,804,Clouds,overcast clouds,04n
2025-07-26 05:40:29,Vinh Long,Vinh Long,26.94,26.94,26.94,88.0,30.36,10000.0,0.0,100.0,3.59,9.06,253.0,1007.0,0,804,Clouds,overcast clouds,04n
2025-07-26 05:44:15,Vinh Long,Vinh Long,26.94,26.94,26.94,88.0,30.36,10000.0,0.0,100.0,3.59,9.06,253.0,1007.0,1,804,Clouds,overcast clouds,04d
2025-07-26 05:48:01,Vinh Long,Vinh Long,26.94,26.94,26.94,88.0,30.36,10000.0,0.0,100.0,3.59,9.06,253.0,1007.0,1,804,Clouds,overcast clouds,04d
2025-07-26 05:51:47,Vinh Long,Vinh Long,26.94,26.94,26.94,88.0,30.36,10000.0,0.0,100.0,3.59,9.06,253.0,1007.0,1,804,Clouds,overcast clouds,04d
2025-07-26 05:55:33,Vinh Long,Vinh Long,26.94,26.94,26.94,88.0,30.36,10000.0,0.0,100.0,3.59,9.06,253.0,1007.0,1,804,Clouds,overcast clouds,04d
2025-07-26 05:59:19,Vinh Long,Vinh Long,26.94,26.94,26.94,88.0,30.36,10000.0,0.0,100.0,3.59,9.06,253.0,1007.0,1,804,Clouds,overcast clouds,04d
2025-07-26 06:03:06,Vinh Long,Vinh Long,26.94,26.94,26.94,88.0,30.36,10000.0,0.0,100.0,3.59,9.06,253.0,1007.0,1,804,Clouds,overcast clouds,04d
2025-07-26 06:06:52,Vinh Long,Vinh Long,26.95,26.95,26.95,91.0,30.69,10000.0,0.0,100.0,3.59,9.06,253.0,1007.0,1,804,Clouds,overcast clouds,04d
2025-07-26 06:10:38,Vinh Long,Vinh Long,26.95,26.95,26.95,91.0,30.69,10000.0,0.0,100.0,3.59,9.06,253.0,1007.0,1,804,Clouds,overcast clouds,04d
2025-07-26 06:14:23,Vinh Long,Vinh Long,26.95,26.95,26.95,91.0,30.69,10000.0,0.0,100.0,3.59,9.06,253.0,1007.0,1,804,Clouds,overcast clouds,04d
2025-07-26 06:18:10,Vinh Long,Vinh Long,26.95,26.95,26.95,91.0,30.69,10000.0,0.0,100.0,3.59,9.06,253.0,1007.0,1,804,Clouds,overcast clouds,04d
2025-07-26 06:21:56,Vinh Long,Vinh Long,26.95,26.95,26.95,91.0,30.69,10000.0,0.0,100.0,3.59,9.06,253.0,1007.0,1,804,Clouds,overcast clouds,04d
2025-07-26 06:25:42,Vinh Long,Vinh Long,26.95,26.95,26.95,91.0,30.69,10000.0,0.0,100.0,3.59,9.06,253.0,1007.0,1,804,Clouds,overcast clouds,04d
2025-07-26 06:29:27,Vinh Long,Vinh Long,26.95,26.95,26.95,91.0,30.69,10000.0,0.0,100.0,3.59,9.06,253.0,1007.0,1,804,Clouds,overcast clouds,04d
2025-07-26 06:33:13,Vinh Long,Vinh Long,27.31,27.31,27.31,88.0,31.38,10000.0,0.0,100.0,3.71,8.88,253.0,1008.0,1,804,Clouds,overcast clouds,04d
2025-07-26 06:36:59,Vinh Long,Vinh Long,27.31,27.31,27.31,88.0,31.38,10000.0,0.0,100.0,3.71,8.88,253.0,1008.0,1,804,Clouds,overcast clouds,04d
2025-07-26 06:40:45,Vinh Long,Vinh Long,27.31,27.31,27.31,88.0,31.38,10000.0,0.0,100.0,3.71,8.88,253.0,1008.0,1,804,Clouds,overcast clouds,04d
2025-07-26 06:44:31,Vinh Long,Vinh Long,27.31,27.31,27.31,88.0,31.38,10000.0,0.0,100.0,3.71,8.88,253.0,1008.0,1,804,Clouds,overcast clouds,04d
2025-07-26 06:48:17,Vinh Long,Vinh Long,27.31,27.31,27.31,88.0,31.38,10000.0,0.0,100.0,3.77,9.47,255.0,1008.0,1,804,Clouds,overcast clouds,04d
2025-07-26 06:52:02,Vinh Long,Vinh Long,27.31,27.31,27.31,88.0,31.38,10000.0,0.0,100.0,3.71,8.88,253.0,1008.0,1,804,Clouds,overcast clouds,04d
2025-07-26 06:55:48,Vinh Long,Vinh Long,27.31,27.31,27.31,88.0,31.38,10000.0,0.0,100.0,3.77,9.47,255.0,1008.0,1,804,Clouds,overcast clouds,04d
2025-07-26 06:59:34,Vinh Long,Vinh Long,27.31,27.31,27.31,88.0,31.38,10000.0,0.0,100.0,3.77,9.47,255.0,1008.0,1,804,Clouds,overcast clouds,04d
2025-07-26 07:03:20,Vinh Long,Vinh Long,27.31,27.31,27.31,88.0,31.38,10000.0,0.0,100.0,3.77,9.47,255.0,1008.0,1,804,Clouds,overcast clouds,04d
2025-07-26 07:07:05,Vinh Long,Vinh Long,27.31,27.31,27.31,88.0,31.38,10000.0,0.0,100.0,3.77,9.47,255.0,1008.0,1,804,Clouds,overcast clouds,04d
2025-07-26 07:10:50,Vinh Long,Vinh Long,27.31,27.31,27.31,88.0,31.38,10000.0,0.0,100.0,3.77,9.47,255.0,1008.0,1,804,Clouds,overcast clouds,04d
2025-07-26 07:14:37,Vinh Long,Vinh Long,27.31,27.31,27.31,88.0,31.38,10000.0,0.0,100.0,3.77,9.47,255.0,1008.0,1,804,Clouds,overcast clouds,04d
2025-07-26 07:18:23,Vinh Long,Vinh Long,27.31,27.31,27.31,88.0,31.38,10000.0,0.0,100.0,3.77,9.47,255.0,1008.0,1,804,Clouds,overcast clouds,04d
2025-07-26 07:22:09,Vinh Long,Vinh Long,27.31,27.31,27.31,88.0,31.38,10000.0,0.0,100.0,3.77,9.47,255.0,1008.0,1,804,Clouds,overcast clouds,04d
2025-07-26 07:25:55,Vinh Long,Vinh Long,27.31,27.31,27.31,88.0,31.38,10000.0,0.0,100.0,3.77,9.47,255.0,1008.0,1,804,Clouds,overcast clouds,04d
2025-07-26 07:29:41,Vinh Long,Vinh Long,27.31,27.31,27.31,88.0,31.38,10000.0,0.0,100.0,3.77,9.47,255.0,1008.0,1,804,Clouds,overcast clouds,04d
2025-07-26 07:33:27,Vinh Long,Vinh Long,28.32,28.32,28.32,81.0,33.09,10000.0,0.0,100.0,5.23,9.08,264.0,1008.0,1,804,Clouds,overcast clouds,04d
2025-07-26 07:37:12,Vinh Long,Vinh Long,27.31,27.31,27.31,88.0,31.38,10000.0,0.0,100.0,3.77,9.47,255.0,1008.0,1,804,Clouds,overcast clouds,04d
2025-07-26 07:40:57,Vinh Long,Vinh Long,28.32,28.32,28.32,81.0,33.09,10000.0,0.0,100.0,5.23,9.08,264.0,1008.0,1,804,Clouds,overcast clouds,04d
2025-07-26 07:44:43,Vinh Long,Vinh Long,28.32,28.32,28.32,81.0,33.09,10000.0,0.0,100.0,5.23,9.08,264.0,1008.0,1,804,Clouds,overcast clouds,04d
2025-07-26 07:48:29,Vinh Long,Vinh Long,28.6,28.6,28.6,79.0,33.46,10000.0,0.0,100.0,5.23,9.08,264.0,1008.0,1,804,Clouds,overcast clouds,04d
2025-07-26 07:52:15,Vinh Long,Vinh Long,28.32,28.32,28.32,81.0,33.09,10000.0,0.0,100.0,5.23,9.08,264.0,1008.0,1,804,Clouds,overcast clouds,04d
2025-07-26 07:56:01,Vinh Long,Vinh Long,28.6,28.6,28.6,79.0,33.46,10000.0,0.0,100.0,5.23,9.08,264.0,1008.0,1,804,Clouds,overcast clouds,04d
2025-07-26 07:59:47,Vinh Long,Vinh Long,28.6,28.6,28.6,79.0,33.46,10000.0,0.0,100.0,5.23,9.08,264.0,1008.0,1,804,Clouds,overcast clouds,04d
2025-07-26 08:03:33,Vinh Long,Vinh Long,28.62,28.62,28.62,82.0,34.1,10000.0,0.0,100.0,5.23,9.08,264.0,1008.0,1,804,Clouds,overcast clouds,04d
2025-07-26 08:07:18,Vinh Long,Vinh Long,28.6,28.6,28.6,79.0,33.46,10000.0,0.0,100.0,5.23,9.08,264.0,1008.0,1,804,Clouds,overcast clouds,04d
2025-07-26 08:11:04,Vinh Long,Vinh Long,28.62,28.62,28.62,82.0,34.1,10000.0,0.0,100.0,5.23,9.08,264.0,1008.0,1,804,Clouds,overcast clouds,04d
2025-07-26 08:14:50,Vinh Long,Vinh Long,28.62,28.62,28.62,82.0,34.1,10000.0,0.0,100.0,5.23,9.08,264.0,1008.0,1,804,Clouds,overcast clouds,04d
2025-07-26 08:18:36,Vinh Long,Vinh Long,28.63,28.63,28.63,82.0,34.12,10000.0,0.0,100.0,5.23,9.08,264.0,1008.0,1,804,Clouds,overcast clouds,04d
2025-07-26 08:22:22,Vinh Long,Vinh Long,28.63,28.63,28.63,82.0,34.12,10000.0,0.0,100.0,5.23,9.08,264.0,1008.0,1,804,Clouds,overcast clouds,04d
2025-07-26 08:26:07,Vinh Long,Vinh Long,28.63,28.63,28.63,82.0,34.12,10000.0,0.0,100.0,5.23,9.08,264.0,1008.0,1,804,Clouds,overcast clouds,04d
2025-07-26 08:29:53,Vinh Long,Vinh Long,28.63,28.63,28.63,82.0,34.12,10000.0,0.0,100.0,5.23,9.08,264.0,1008.0,1,804,Clouds,overcast clouds,04d
2025-07-26 08:33:39,Vinh Long,Vinh Long,30.41,30.41,30.41,72.0,36.6,10000.0,0.0,100.0,6.54,9.73,270.0,1009.0,1,804,Clouds,overcast clouds,04d
2025-07-26 08:37:24,Vinh Long,Vinh Long,30.41,30.41,30.41,72.0,36.6,10000.0,0.0,100.0,6.54,9.73,270.0,1009.0,1,804,Clouds,overcast clouds,04d
2025-07-26 08:41:10,Vinh Long,Vinh Long,30.41,30.41,30.41,72.0,36.6,10000.0,0.0,100.0,6.54,9.73,270.0,1009.0,1,804,Clouds,overcast clouds,04d
2025-07-26 08:44:56,Vinh Long,Vinh Long,30.41,30.41,30.41,72.0,36.6,10000.0,0.0,100.0,6.54,9.73,270.0,1009.0,1,804,Clouds,overcast clouds,04d
2025-07-26 08:48:42,Vinh Long,Vinh Long,30.42,30.42,30.42,72.0,36.63,10000.0,0.0,100.0,6.54,9.73,270.0,1009.0,1,804,Clouds,overcast clouds,04d
2025-07-26 08:52:27,Vinh Long,Vinh Long,30.42,30.42,30.42,72.0,36.63,10000.0,0.0,100.0,6.54,9.73,270.0,1009.0,1,804,Clouds,overcast clouds,04d
2025-07-26 08:56:13,Vinh Long,Vinh Long,30.42,30.42,30.42,72.0,36.63,10000.0,0.0,100.0,6.54,9.73,270.0,1009.0,1,804,Clouds,overcast clouds,04d
2025-07-26 08:59:59,Vinh Long,Vinh Long,30.42,30.42,30.42,72.0,36.63,10000.0,0.0,100.0,6.54,9.73,270.0,1009.0,1,804,Clouds,overcast clouds,04d
2025-07-26 09:03:44,Vinh Long,Vinh Long,30.42,30.42,30.42,72.0,36.63,10000.0,0.0,100.0,6.54,9.73,270.0,1009.0,1,804,Clouds,overcast clouds,04d
2025-07-26 09:07:33,Vinh Long,Vinh Long,30.32,30.32,30.32,78.0,37.32,10000.0,0.0,100.0,6.54,9.73,270.0,1008.0,1,804,Clouds,overcast clouds,04d
2025-07-26 09:11:20,Vinh Long,Vinh Long,30.32,30.32,30.32,78.0,37.32,10000.0,0.0,100.0,6.54,9.73,270.0,1008.0,1,804,Clouds,overcast clouds,04d
2025-07-26 09:15:05,Vinh Long,Vinh Long,30.32,30.32,30.32,78.0,37.32,10000.0,0.0,100.0,6.54,9.73,270.0,1008.0,1,804,Clouds,overcast clouds,04d
2025-07-26 09:18:50,Vinh Long,Vinh Long,30.32,30.32,30.32,78.0,37.32,10000.0,0.0,100.0,6.54,9.73,270.0,1008.0,1,804,Clouds,overcast clouds,04d
2025-07-26 09:22:36,Vinh Long,Vinh Long,30.51,30.51,30.51,77.0,37.51,10000.0,0.0,100.0,6.54,9.73,270.0,1008.0,1,804,Clouds,overcast clouds,04d
2025-07-26 09:26:22,Vinh Long,Vinh Long,30.51,30.51,30.51,77.0,37.51,10000.0,0.0,100.0,6.54,9.73,270.0,1008.0,1,804,Clouds,overcast clouds,04d
2025-07-26 09:30:08,Vinh Long,Vinh Long,30.51,30.51,30.51,77.0,37.51,10000.0,0.0,100.0,6.54,9.73,270.0,1008.0,1,804,Clouds,overcast clouds,04d
2025-07-26 09:33:54,Vinh Long,Vinh Long,30.93,30.93,30.93,66.0,36.26,10000.0,0.0,100.0,7.47,11.1,274.0,1008.0,1,804,Clouds,overcast clouds,04d
2025-07-26 09:37:40,Vinh Long,Vinh Long,30.93,30.93,30.93,66.0,36.26,10000.0,0.0,100.0,7.47,11.1,274.0,1008.0,1,804,Clouds,overcast clouds,04d
2025-07-26 09:41:26,Vinh Long,Vinh Long,30.93,30.93,30.93,66.0,36.26,10000.0,0.0,100.0,7.47,11.1,274.0,1008.0,1,804,Clouds,overcast clouds,04d
2025-07-26 09:45:11,Vinh Long,Vinh Long,30.93,30.93,30.93,66.0,36.26,10000.0,0.0,100.0,7.47,11.1,274.0,1008.0,1,804,Clouds,overcast clouds,04d
2025-07-26 09:48:57,Vinh Long,Vinh Long,30.95,30.95,30.95,64.0,35.77,10000.0,0.0,100.0,7.47,11.1,274.0,1008.0,1,804,Clouds,overcast clouds,04d
2025-07-26 09:52:43,Vinh Long,Vinh Long,30.95,30.95,30.95,64.0,35.77,10000.0,0.0,100.0,7.47,11.1,274.0,1008.0,1,804,Clouds,overcast clouds,04d
2025-07-26 09:56:29,Vinh Long,Vinh Long,30.95,30.95,30.95,64.0,35.77,10000.0,0.0,100.0,7.47,11.1,274.0,1008.0,1,804,Clouds,overcast clouds,04d
2025-07-26 10:00:14,Vinh Long,Vinh Long,30.95,30.95,30.95,64.0,35.77,10000.0,0.0,100.0,7.47,11.1,274.0,1008.0,1,804,Clouds,overcast clouds,04d
2025-07-26 10:04:00,Vinh Long,Vinh Long,30.95,30.95,30.95,64.0,35.77,10000.0,0.0,100.0,7.47,11.1,274.0,1008.0,1,804,Clouds,overcast clouds,04d
2025-07-26 10:07:46,Vinh Long,Vinh Long,30.93,30.93,30.93,69.0,37.12,10000.0,0.0,100.0,7.47,11.1,274.0,1008.0,1,804,Clouds,overcast clouds,04d
2025-07-26 10:11:32,Vinh Long,Vinh Long,30.93,30.93,30.93,69.0,37.12,10000.0,0.0,100.0,7.47,11.1,274.0,1008.0,1,804,Clouds,overcast clouds,04d
2025-07-26 10:15:18,Vinh Long,Vinh Long,30.93,30.93,30.93,69.0,37.12,10000.0,0.0,100.0,7.47,11.1,274.0,1008.0,1,804,Clouds,overcast clouds,04d
2025-07-26 10:19:03,Vinh Long,Vinh Long,30.93,30.93,30.93,69.0,37.12,10000.0,0.0,100.0,7.47,11.1,274.0,1008.0,1,804,Clouds,overcast clouds,04d
2025-07-26 10:22:48,Vinh Long,Vinh Long,30.93,30.93,30.93,69.0,37.12,10000.0,0.0,100.0,7.47,11.1,274.0,1008.0,1,804,Clouds,overcast clouds,04d
2025-07-26 10:26:35,Vinh Long,Vinh Long,30.93,30.93,30.93,69.0,37.12,10000.0,0.0,100.0,7.47,11.1,274.0,1008.0,1,804,Clouds,overcast clouds,04d
2025-07-26 10:30:21,Vinh Long,Vinh Long,30.89,30.89,30.89,63.0,35.37,10000.0,0.0,100.0,7.76,10.96,270.0,1008.0,1,804,Clouds,overcast clouds,04d
2025-07-26 10:34:06,Vinh Long,Vinh Long,30.89,30.89,30.89,63.0,35.37,10000.0,0.0,100.0,7.76,10.96,270.0,1008.0,1,804,Clouds,overcast clouds,04d
2025-07-26 10:37:56,Vinh Long,Vinh Long,31.04,31.04,31.04,62.0,35.44,10000.0,0.0,100.0,7.76,10.96,270.0,1008.0,1,804,Clouds,overcast clouds,04d
2025-07-26 10:41:45,Vinh Long,Vinh Long,31.04,31.04,31.04,62.0,35.44,10000.0,0.0,100.0,7.76,10.96,270.0,1008.0,1,804,Clouds,overcast clouds,04d
2025-07-26 10:45:35,Vinh Long,Vinh Long,31.04,31.04,31.04,62.0,35.44,10000.0,0.0,100.0,7.76,10.96,270.0,1008.0,1,804,Clouds,overcast clouds,04d
2025-07-26 10:49:24,Vinh Long,Vinh Long,31.13,31.13,31.13,60.0,35.12,10000.0,0.0,100.0,7.76,10.96,270.0,1008.0,1,804,Clouds,overcast clouds,04d
2025-07-26 10:53:14,Vinh Long,Vinh Long,31.13,31.13,31.13,60.0,35.12,10000.0,0.0,100.0,7.76,10.96,270.0,1008.0,1,804,Clouds,overcast clouds,04d
2025-07-26 10:57:04,Vinh Long,Vinh Long,31.13,31.13,31.13,60.0,35.12,10000.0,0.0,100.0,7.76,10.96,270.0,1008.0,1,804,Clouds,overcast clouds,04d
2025-07-26 11:00:53,Vinh Long,Vinh Long,31.13,31.13,31.13,60.0,35.12,10000.0,0.0,100.0,7.76,10.96,270.0,1008.0,1,804,Clouds,overcast clouds,04d
2025-07-26 11:04:42,Vinh Long,Vinh Long,31.13,31.13,31.13,60.0,35.12,10000.0,0.0,100.0,7.76,10.96,270.0,1008.0,1,804,Clouds,overcast clouds,04d
2025-07-26 11:08:32,Vinh Long,Vinh Long,31.16,31.16,31.16,63.0,35.98,10000.0,0.0,100.0,7.76,10.96,270.0,1008.0,1,804,Clouds,overcast clouds,04d
2025-07-26 11:12:22,Vinh Long,Vinh Long,31.16,31.16,31.16,63.0,35.98,10000.0,0.0,100.0,7.76,10.96,270.0,1008.0,1,804,Clouds,overcast clouds,04d
2025-07-26 11:16:12,Vinh Long,Vinh Long,31.19,31.19,31.19,63.0,36.05,10000.0,0.0,100.0,7.76,10.96,270.0,1008.0,1,804,Clouds,overcast clouds,04d
2025-07-26 11:20:02,Vinh Long,Vinh Long,31.19,31.19,31.19,63.0,36.05,10000.0,0.0,100.0,7.76,10.96,270.0,1008.0,1,804,Clouds,overcast clouds,04d
2025-07-26 11:23:52,Vinh Long,Vinh Long,31.19,31.19,31.19,63.0,36.05,10000.0,0.0,100.0,7.76,10.96,270.0,1008.0,1,804,Clouds,overcast clouds,04d
2025-07-26 11:27:41,Vinh Long,Vinh Long,31.19,31.19,31.19,63.0,36.05,10000.0,0.0,100.0,7.76,10.96,270.0,1008.0,1,804,Clouds,overcast clouds,04d
2025-07-26 11:31:31,Vinh Long,Vinh Long,31.19,31.19,31.19,63.0,36.05,10000.0,0.0,100.0,7.76,10.96,270.0,1008.0,1,804,Clouds,overcast clouds,04d
2025-07-26 11:35:22,Vinh Long,Vinh Long,31.19,31.19,31.19,63.0,36.05,10000.0,0.0,100.0,7.76,10.96,270.0,1008.0,1,804,Clouds,overcast clouds,04d
2025-07-26 11:39:11,Vinh Long,Vinh Long,31.19,31.19,31.19,63.0,36.05,10000.0,0.0,100.0,7.76,10.96,270.0,1008.0,1,804,Clouds,overcast clouds,04d
2025-07-26 11:43:01,Vinh Long,Vinh Long,32.19,32.19,32.19,56.0,36.32,10000.0,0.0,100.0,7.75,11.15,269.0,1008.0,1,804,Clouds,overcast clouds,04d
2025-07-26 11:46:50,Vinh Long,Vinh Long,32.19,32.19,32.19,56.0,36.32,10000.0,0.0,100.0,7.75,11.15,269.0,1008.0,1,804,Clouds,overcast clouds,04d
2025-07-26 11:50:39,Vinh Long,Vinh Long,32.23,32.23,32.23,56.0,36.41,10000.0,0.0,100.0,7.75,11.15,269.0,1008.0,1,804,Clouds,overcast clouds,04d
2025-07-26 11:54:28,Vinh Long,Vinh Long,32.19,32.19,32.19,56.0,36.32,10000.0,0.0,100.0,7.75,11.15,269.0,1008.0,1,804,Clouds,overcast clouds,04d
2025-07-26 11:58:19,Vinh Long,Vinh Long,32.23,32.23,32.23,56.0,36.41,10000.0,0.0,100.0,7.75,11.15,269.0,1008.0,1,804,Clouds,overcast clouds,04d
2025-07-26 12:02:10,Vinh Long,Vinh Long,32.26,32.26,32.26,62.0,38.34,10000.0,0.0,100.0,7.75,11.15,269.0,1008.0,1,804,Clouds,overcast clouds,04d
2025-07-26 12:05:59,Vinh Long,Vinh Long,32.26,32.26,32.26,62.0,38.34,10000.0,0.0,100.0,7.75,11.15,269.0,1008.0,1,804,Clouds,overcast clouds,04d
2025-07-26 12:09:48,Vinh Long,Vinh Long,32.26,32.26,32.26,62.0,38.34,10000.0,0.0,100.0,7.75,11.15,269.0,1008.0,1,804,Clouds,overcast clouds,04d
2025-07-26 12:13:38,Vinh Long,Vinh Long,32.26,32.26,32.26,62.0,38.34,10000.0,0.0,100.0,7.75,11.15,269.0,1008.0,1,804,Clouds,overcast clouds,04d
2025-07-26 12:17:27,Vinh Long,Vinh Long,32.26,32.26,32.26,62.0,38.34,10000.0,0.0,100.0,7.75,11.15,269.0,1008.0,1,804,Clouds,overcast clouds,04d
2025-07-26 12:21:18,Vinh Long,Vinh Long,32.25,32.25,32.25,62.0,38.31,10000.0,0.0,100.0,7.75,11.15,269.0,1008.0,1,804,Clouds,overcast clouds,04d
2025-07-26 12:25:08,Vinh Long,Vinh Long,32.25,32.25,32.25,62.0,38.31,10000.0,0.0,100.0,7.75,11.15,269.0,1008.0,1,804,Clouds,overcast clouds,04d
2025-07-26 12:28:58,Vinh Long,Vinh Long,32.25,32.25,32.25,62.0,38.31,10000.0,0.0,100.0,7.75,11.15,269.0,1008.0,1,804,Clouds,overcast clouds,04d
2025-07-26 12:32:47,Vinh Long,Vinh Long,32.25,32.25,32.25,62.0,38.31,10000.0,0.0,100.0,7.75,11.15,269.0,1008.0,1,804,Clouds,overcast clouds,04d
2025-07-26 12:36:37,Vinh Long,Vinh Long,32.25,32.25,32.25,62.0,38.31,10000.0,0.0,100.0,7.75,11.15,269.0,1008.0,1,804,Clouds,overcast clouds,04d
2025-07-26 12:40:26,Vinh Long,Vinh Long,33.04,33.04,33.04,57.0,38.57,10000.0,0.0,100.0,8.37,11.19,265.0,1007.0,1,804,Clouds,overcast clouds,04d
2025-07-26 12:44:16,Vinh Long,Vinh Long,33.04,33.04,33.04,57.0,38.57,10000.0,0.0,100.0,8.37,11.19,265.0,1007.0,1,804,Clouds,overcast clouds,04d
2025-07-26 12:48:07,Vinh Long,Vinh Long,33.04,33.04,33.04,57.0,38.57,10000.0,0.0,100.0,8.37,11.19,265.0,1007.0,1,804,Clouds,overcast clouds,04d
2025-07-26 12:51:56,Vinh Long,Vinh Long,33.04,33.04,33.04,57.0,38.57,10000.0,0.0,100.0,8.37,11.19,265.0,1007.0,1,804,Clouds,overcast clouds,04d
2025-07-26 12:55:47,Vinh Long,Vinh Long,33.03,33.03,33.03,56.0,38.21,10000.0,0.0,100.0,8.37,11.19,265.0,1007.0,1,804,Clouds,overcast clouds,04d
2025-07-26 12:59:37,Vinh Long,Vinh Long,33.03,33.03,33.03,56.0,38.21,10000.0,0.0,100.0,8.37,11.19,265.0,1007.0,1,804,Clouds,overcast clouds,04d
2025-07-26 13:03:27,Vinh Long,Vinh Long,33.03,33.03,33.03,56.0,38.21,10000.0,0.0,100.0,8.37,11.19,265.0,1007.0,1,804,Clouds,overcast clouds,04d
2025-07-26 13:07:19,Vinh Long,Vinh Long,33.03,33.03,33.03,56.0,38.21,10000.0,0.0,100.0,8.37,11.19,265.0,1007.0,1,804,Clouds,overcast clouds,04d
2025-07-26 13:11:11,Vinh Long,Vinh Long,33.03,33.03,33.03,56.0,38.21,10000.0,0.0,100.0,8.37,11.19,265.0,1007.0,1,804,Clouds,overcast clouds,04d
2025-07-26 13:15:00,Vinh Long,Vinh Long,33.03,33.03,33.03,56.0,38.21,10000.0,0.0,100.0,8.37,11.19,265.0,1007.0,1,804,Clouds,overcast clouds,04d
2025-07-26 13:18:50,Vinh Long,Vinh Long,33.03,33.03,33.03,56.0,38.21,10000.0,0.0,100.0,8.37,11.19,265.0,1007.0,1,804,Clouds,overcast clouds,04d
2025-07-26 13:22:40,Vinh Long,Vinh Long,33.03,33.03,33.03,56.0,38.21,10000.0,0.0,100.0,8.37,11.19,265.0,1007.0,1,804,Clouds,overcast clouds,04d
2025-07-26 13:26:30,Vinh Long,Vinh Long,33.03,33.03,33.03,56.0,38.21,10000.0,0.0,100.0,8.37,11.19,265.0,1007.0,1,804,Clouds,overcast clouds,04d
2025-07-26 13:30:21,Vinh Long,Vinh Long,32.51,32.51,32.51,54.0,36.43,10000.0,0.0,99.0,8.49,10.91,271.0,1007.0,1,804,Clouds,overcast clouds,04d
2025-07-26 13:34:10,Vinh Long,Vinh Long,32.51,32.51,32.51,54.0,36.43,10000.0,0.0,99.0,8.49,10.91,271.0,1007.0,1,804,Clouds,overcast clouds,04d
2025-07-26 13:38:00,Vinh Long,Vinh Long,32.51,32.51,32.51,54.0,36.43,10000.0,0.0,99.0,8.49,10.91,271.0,1007.0,1,804,Clouds,overcast clouds,04d
2025-07-26 13:41:50,Vinh Long,Vinh Long,32.64,32.64,32.64,54.0,36.71,10000.0,0.0,99.0,8.49,10.91,271.0,1006.0,1,804,Clouds,overcast clouds,04d
2025-07-26 13:45:39,Vinh Long,Vinh Long,32.64,32.64,32.64,54.0,36.71,10000.0,0.0,99.0,8.49,10.91,271.0,1006.0,1,804,Clouds,overcast clouds,04d
2025-07-26 13:49:29,Vinh Long,Vinh Long,32.64,32.64,32.64,54.0,36.71,10000.0,0.0,99.0,8.49,10.91,271.0,1006.0,1,804,Clouds,overcast clouds,04d
2025-07-26 13:53:19,Vinh Long,Vinh Long,32.68,32.68,32.68,56.0,37.41,10000.0,0.0,99.0,8.49,10.91,271.0,1006.0,1,804,Clouds,overcast clouds,04d
2025-07-26 13:57:10,Vinh Long,Vinh Long,32.68,32.68,32.68,56.0,37.41,10000.0,0.0,99.0,8.49,10.91,271.0,1006.0,1,804,Clouds,overcast clouds,04d
2025-07-26 14:00:59,Vinh Long,Vinh Long,32.68,32.68,32.68,56.0,37.41,10000.0,0.0,99.0,8.49,10.91,271.0,1006.0,1,804,Clouds,overcast clouds,04d
2025-07-26 14:04:48,Vinh Long,Vinh Long,32.71,32.71,32.71,63.0,39.71,10000.0,0.0,99.0,8.49,10.91,271.0,1006.0,1,804,Clouds,overcast clouds,04d
2025-07-26 14:08:38,Vinh Long,Vinh Long,32.71,32.71,32.71,63.0,39.71,10000.0,0.0,99.0,8.49,10.91,271.0,1006.0,1,804,Clouds,overcast clouds,04d
2025-07-26 14:12:30,Vinh Long,Vinh Long,32.71,32.71,32.71,63.0,39.71,10000.0,0.0,99.0,8.49,10.91,271.0,1006.0,1,804,Clouds,overcast clouds,04d
2025-07-26 14:16:20,Vinh Long,Vinh Long,32.67,32.67,32.67,63.0,39.67,10000.0,0.0,99.0,8.49,10.91,271.0,1006.0,1,804,Clouds,overcast clouds,04d
2025-07-26 14:20:11,Vinh Long,Vinh Long,32.67,32.67,32.67,63.0,39.67,10000.0,0.0,99.0,8.49,10.91,271.0,1006.0,1,804,Clouds,overcast clouds,04d
2025-07-26 14:24:01,Vinh Long,Vinh Long,32.67,32.67,32.67,63.0,39.67,10000.0,0.0,99.0,8.49,10.91,271.0,1006.0,1,804,Clouds,overcast clouds,04d
2025-07-26 14:27:51,Vinh Long,Vinh Long,32.67,32.67,32.67,63.0,39.67,10000.0,0.0,99.0,8.49,10.91,271.0,1006.0,1,804,Clouds,overcast clouds,04d
2025-07-26 14:31:40,Vinh Long,Vinh Long,32.67,32.67,32.67,63.0,39.67,10000.0,0.0,99.0,8.49,10.91,271.0,1006.0,1,804,Clouds,overcast clouds,04d
2025-07-26 14:35:30,Vinh Long,Vinh Long,32.67,32.67,32.67,63.0,39.67,10000.0,0.0,99.0,8.49,10.91,271.0,1006.0,1,804,Clouds,overcast clouds,04d
2025-07-26 14:39:20,Vinh Long,Vinh Long,31.0,31.0,31.0,61.0,35.1,10000.0,0.0,99.0,8.63,11.48,274.0,1006.0,1,804,Clouds,overcast clouds,04d
2025-07-26 14:43:12,Vinh Long,Vinh Long,31.0,31.0,31.0,61.0,35.1,10000.0,0.0,99.0,8.63,11.48,274.0,1006.0,1,804,Clouds,overcast clouds,04d
2025-07-26 14:47:01,Vinh Long,Vinh Long,31.0,31.0,31.0,61.0,35.1,10000.0,0.0,99.0,8.63,11.48,274.0,1006.0,1,804,Clouds,overcast clouds,04d
2025-07-26 14:50:52,Vinh Long,Vinh Long,30.96,30.96,30.96,62.0,35.27,10000.0,0.0,99.0,8.63,11.48,274.0,1006.0,1,804,Clouds,overcast clouds,04d
2025-07-26 14:54:41,Vinh Long,Vinh Long,30.96,30.96,30.96,62.0,35.27,10000.0,0.0,99.0,8.63,11.48,274.0,1006.0,1,804,Clouds,overcast clouds,04d
2025-07-26 14:58:31,Vinh Long,Vinh Long,30.96,30.96,30.96,62.0,35.27,10000.0,0.0,99.0,8.63,11.48,274.0,1006.0,1,804,Clouds,overcast clouds,04d
2025-07-26 15:02:23,Vinh Long,Vinh Long,31.09,31.09,31.09,66.0,36.66,10000.0,0.0,99.0,8.63,11.48,274.0,1006.0,1,804,Clouds,overcast clouds,04d
2025-07-26 15:06:15,Vinh Long,Vinh Long,31.09,31.09,31.09,66.0,36.66,10000.0,0.0,99.0,8.63,11.48,274.0,1006.0,1,804,Clouds,overcast clouds,04d
2025-07-26 15:10:06,Vinh Long,Vinh Long,31.09,31.09,31.09,66.0,36.66,10000.0,0.0,99.0,8.63,11.48,274.0,1006.0,1,804,Clouds,overcast clouds,04d
2025-07-26 15:13:57,Vinh Long,Vinh Long,31.09,31.09,31.09,66.0,36.66,10000.0,0.0,99.0,8.63,11.48,274.0,1006.0,1,804,Clouds,overcast clouds,04d
2025-07-26 15:17:48,Vinh Long,Vinh Long,31.05,31.05,31.05,66.0,36.56,10000.0,0.0,99.0,8.63,11.48,274.0,1006.0,1,804,Clouds,overcast clouds,04d
2025-07-26 15:21:37,Vinh Long,Vinh Long,31.05,31.05,31.05,66.0,36.56,10000.0,0.0,99.0,8.63,11.48,274.0,1006.0,1,804,Clouds,overcast clouds,04d
2025-07-26 15:25:27,Vinh Long,Vinh Long,31.05,31.05,31.05,66.0,36.56,10000.0,0.0,99.0,8.63,11.48,274.0,1006.0,1,804,Clouds,overcast clouds,04d
2025-07-26 15:29:18,Vinh Long,Vinh Long,31.05,31.05,31.05,66.0,36.56,10000.0,0.0,99.0,8.63,11.48,274.0,1006.0,1,804,Clouds,overcast clouds,04d
2025-07-26 15:33:10,Vinh Long,Vinh Long,30.79,30.79,30.79,65.0,35.66,10000.0,0.0,93.0,7.5,11.22,265.0,1006.0,1,804,Clouds,overcast clouds,04d
2025-07-26 15:36:59,Vinh Long,Vinh Long,30.79,30.79,30.79,65.0,35.66,10000.0,0.0,93.0,7.5,11.22,265.0,1006.0,1,804,Clouds,overcast clouds,04d
2025-07-26 15:40:49,Vinh Long,Vinh Long,30.79,30.79,30.79,65.0,35.66,10000.0,0.0,93.0,7.5,11.22,265.0,1006.0,1,804,Clouds,overcast clouds,04d
2025-07-26 15:44:39,Vinh Long,Vinh Long,30.79,30.79,30.79,65.0,35.66,10000.0,0.0,93.0,7.5,11.22,265.0,1006.0,1,804,Clouds,overcast clouds,04d
2025-07-26 15:48:29,Vinh Long,Vinh Long,30.79,30.79,30.79,65.0,35.66,10000.0,0.0,93.0,7.5,11.22,265.0,1006.0,1,804,Clouds,overcast clouds,04d
2025-07-26 15:52:18,Vinh Long,Vinh Long,30.68,30.68,30.68,64.0,35.15,10000.0,0.0,93.0,7.5,11.22,265.0,1006.0,1,804,Clouds,overcast clouds,04d
2025-07-26 15:56:10,Vinh Long,Vinh Long,30.68,30.68,30.68,64.0,35.15,10000.0,0.0,93.0,7.5,11.22,265.0,1006.0,1,804,Clouds,overcast clouds,04d
2025-07-26 15:59:59,Vinh Long,Vinh Long,30.68,30.68,30.68,64.0,35.15,10000.0,0.0,93.0,7.5,11.22,265.0,1006.0,1,804,Clouds,overcast clouds,04d
2025-07-26 16:03:49,Vinh Long,Vinh Long,30.77,30.77,30.77,67.0,36.15,10000.0,0.0,93.0,7.5,11.22,265.0,1006.0,1,804,Clouds,overcast clouds,04d
2025-07-26 16:07:38,Vinh Long,Vinh Long,30.77,30.77,30.77,67.0,36.15,10000.0,0.0,93.0,7.5,11.22,265.0,1006.0,1,804,Clouds,overcast clouds,04d
2025-07-26 16:11:29,Vinh Long,Vinh Long,30.77,30.77,30.77,67.0,36.15,10000.0,0.0,93.0,7.5,11.22,265.0,1006.0,1,804,Clouds,overcast clouds,04d
2025-07-26 16:15:19,Vinh Long,Vinh Long,30.77,30.77,30.77,67.0,36.15,10000.0,0.0,93.0,7.5,11.22,265.0,1006.0,1,804,Clouds,overcast clouds,04d
2025-07-26 16:19:10,Vinh Long,Vinh Long,30.77,30.77,30.77,67.0,36.15,10000.0,0.0,93.0,7.5,11.22,265.0,1006.0,1,804,Clouds,overcast clouds,04d
2025-07-26 16:22:59,Vinh Long,Vinh Long,30.77,30.77,30.77,67.0,36.15,10000.0,0.0,93.0,7.5,11.22,265.0,1006.0,1,804,Clouds,overcast clouds,04d
2025-07-26 16:26:49,Vinh Long,Vinh Long,30.76,30.76,30.76,67.0,36.12,10000.0,0.0,93.0,7.5,11.22,265.0,1006.0,1,804,Clouds,overcast clouds,04d
2025-07-26 16:30:39,Vinh Long,Vinh Long,31.07,31.07,31.07,68.0,37.19,10000.0,0.0,91.0,7.11,10.38,252.0,1006.0,1,804,Clouds,overcast clouds,04d
2025-07-26 16:34:29,Vinh Long,Vinh Long,31.06,31.06,31.06,68.0,37.16,10000.0,0.0,91.0,7.11,10.38,252.0,1006.0,1,804,Clouds,overcast clouds,04d
2025-07-26 16:38:20,Vinh Long,Vinh Long,31.06,31.06,31.06,68.0,37.16,10000.0,0.0,91.0,7.11,10.38,252.0,1006.0,1,804,Clouds,overcast clouds,04d
2025-07-26 16:42:10,Vinh Long,Vinh Long,31.06,31.06,31.06,68.0,37.16,10000.0,0.0,91.0,7.11,10.38,252.0,1006.0,1,804,Clouds,overcast clouds,04d
2025-07-26 16:46:00,Vinh Long,Vinh Long,31.06,31.06,31.06,68.0,37.16,10000.0,0.0,91.0,7.11,10.38,252.0,1006.0,1,804,Clouds,overcast clouds,04d
2025-07-26 16:49:50,Vinh Long,Vinh Long,30.99,30.99,30.99,71.0,37.88,10000.0,0.0,91.0,7.11,10.38,252.0,1006.0,1,804,Clouds,overcast clouds,04d
2025-07-26 16:53:39,Vinh Long,Vinh Long,30.99,30.99,30.99,71.0,37.88,10000.0,0.0,91.0,7.11,10.38,252.0,1006.0,1,804,Clouds,overcast clouds,04d
2025-07-26 16:57:29,Vinh Long,Vinh Long,30.99,30.99,30.99,71.0,37.88,10000.0,0.0,91.0,7.11,10.38,252.0,1006.0,1,804,Clouds,overcast clouds,04d
2025-07-26 17:01:19,Vinh Long,Vinh Long,30.99,30.99,30.99,71.0,37.88,10000.0,0.0,91.0,7.11,10.38,252.0,1006.0,1,804,Clouds,overcast clouds,04d
2025-07-26 17:05:10,Vinh Long,Vinh Long,31.0,31.0,31.0,75.0,38.0,10000.0,0.0,91.0,7.11,10.38,252.0,1006.0,1,804,Clouds,overcast clouds,04d
2025-07-26 17:09:00,Vinh Long,Vinh Long,31.0,31.0,31.0,75.0,38.0,10000.0,0.0,91.0,7.11,10.38,252.0,1006.0,1,804,Clouds,overcast clouds,04d
2025-07-26 17:12:50,Vinh Long,Vinh Long,31.0,31.0,31.0,75.0,38.0,10000.0,0.0,91.0,7.11,10.38,252.0,1006.0,1,804,Clouds,overcast clouds,04d
2025-07-26 17:16:40,Vinh Long,Vinh Long,31.0,31.0,31.0,75.0,38.0,10000.0,0.0,91.0,7.11,10.38,252.0,1006.0,1,804,Clouds,overcast clouds,04d
2025-07-26 17:20:29,Vinh Long,Vinh Long,31.0,31.0,31.0,75.0,38.0,10000.0,0.0,91.0,7.11,10.38,252.0,1006.0,1,804,Clouds,overcast clouds,04d
2025-07-26 17:24:19,Vinh Long,Vinh Long,31.0,31.0,31.0,75.0,38.0,10000.0,0.0,91.0,7.11,10.38,252.0,1006.0,1,804,Clouds,overcast clouds,04d
2025-07-26 17:28:10,Vinh Long,Vinh Long,31.0,31.0,31.0,75.0,38.0,10000.0,0.0,91.0,7.11,10.38,252.0,1006.0,1,804,Clouds,overcast clouds,04d
2025-07-26 17:31:59,Vinh Long,Vinh Long,29.98,29.98,29.98,76.0,36.51,10000.0,0.0,92.0,6.32,11.18,247.0,1006.0,1,804,Clouds,overcast clouds,04d
2025-07-26 17:35:49,Vinh Long,Vinh Long,29.98,29.98,29.98,76.0,36.51,10000.0,0.0,92.0,6.32,11.18,247.0,1006.0,1,804,Clouds,overcast clouds,04d
2025-07-26 17:39:38,Vinh Long,Vinh Long,29.98,29.98,29.98,76.0,36.51,10000.0,0.0,92.0,6.32,11.18,247.0,1006.0,1,804,Clouds,overcast clouds,04d
2025-07-26 17:43:28,Vinh Long,Vinh Long,29.98,29.98,29.98,76.0,36.51,10000.0,0.0,92.0,6.32,11.18,247.0,1006.0,1,804,Clouds,overcast clouds,04d
2025-07-26 17:47:20,Vinh Long,Vinh Long,29.98,29.98,29.98,76.0,36.51,10000.0,0.0,92.0,6.32,11.18,247.0,1006.0,1,804,Clouds,overcast clouds,04d
2025-07-26 17:51:10,Vinh Long,Vinh Long,29.96,29.96,29.96,74.0,35.93,10000.0,0.0,92.0,6.32,11.18,247.0,1006.0,1,804,Clouds,overcast clouds,04d
2025-07-26 17:55:00,Vinh Long,Vinh Long,29.96,29.96,29.96,74.0,35.93,10000.0,0.0,92.0,6.32,11.18,247.0,1006.0,1,804,Clouds,overcast clouds,04d
2025-07-26 17:58:50,Vinh Long,Vinh Long,29.96,29.96,29.96,74.0,35.93,10000.0,0.0,92.0,6.32,11.18,247.0,1006.0,1,804,Clouds,overcast clouds,04d
2025-07-26 18:02:40,Vinh Long,Vinh Long,29.96,29.96,29.96,74.0,35.93,10000.0,0.0,92.0,6.32,11.18,247.0,1006.0,1,804,Clouds,overcast clouds,04d
2025-07-26 18:06:30,Vinh Long,Vinh Long,29.96,29.96,29.96,74.0,35.93,10000.0,0.0,92.0,6.32,11.18,247.0,1006.0,1,804,Clouds,overcast clouds,04d
2025-07-26 18:10:20,Vinh Long,Vinh Long,29.99,29.99,29.99,75.0,36.27,10000.0,0.0,92.0,6.32,11.18,247.0,1006.0,1,804,Clouds,overcast clouds,04d
2025-07-26 18:14:10,Vinh Long,Vinh Long,29.99,29.99,29.99,75.0,36.27,10000.0,0.0,92.0,6.32,11.18,247.0,1006.0,1,804,Clouds,overcast clouds,04d
2025-07-26 18:18:00,Vinh Long,Vinh Long,29.99,29.99,29.99,75.0,36.27,10000.0,0.0,92.0,6.32,11.18,247.0,1006.0,1,804,Clouds,overcast clouds,04d
2025-07-26 18:21:50,Vinh Long,Vinh Long,29.99,29.99,29.99,75.0,36.27,10000.0,0.0,92.0,6.32,11.18,247.0,1006.0,0,804,Clouds,overcast clouds,04d
2025-07-26 18:25:39,Vinh Long,Vinh Long,29.99,29.99,29.99,75.0,36.27,10000.0,0.0,92.0,6.32,11.18,247.0,1006.0,0,804,Clouds,overcast clouds,04n
2025-07-26 18:29:29,Vinh Long,Vinh Long,29.99,29.99,29.99,75.0,36.27,10000.0,0.0,92.0,6.32,11.18,247.0,1006.0,0,804,Clouds,overcast clouds,04n
2025-07-26 18:33:20,Vinh Long,Vinh Long,29.99,29.99,29.99,75.0,36.27,10000.0,0.0,92.0,6.32,11.18,247.0,1006.0,0,804,Clouds,overcast clouds,04n
2025-07-26 18:37:11,Vinh Long,Vinh Long,29.99,29.99,29.99,75.0,36.27,10000.0,0.0,92.0,6.32,11.18,247.0,1006.0,0,804,Clouds,overcast clouds,04n
2025-07-26 18:41:02,Vinh Long,Vinh Long,29.03,29.03,29.03,77.0,34.18,10000.0,0.0,93.0,6.11,12.16,247.0,1007.0,0,804,Clouds,overcast clouds,04n
2025-07-26 18:44:53,Vinh Long,Vinh Long,29.03,29.03,29.03,77.0,34.18,10000.0,0.0,93.0,6.11,12.16,247.0,1007.0,0,804,Clouds,overcast clouds,04n
2025-07-26 18:48:43,Vinh Long,Vinh Long,29.03,29.03,29.03,77.0,34.18,10000.0,0.0,93.0,6.11,12.16,247.0,1007.0,0,804,Clouds,overcast clouds,04n
2025-07-26 18:52:33,Vinh Long,Vinh Long,29.02,29.02,29.02,77.0,34.16,10000.0,0.0,93.0,6.11,12.16,247.0,1007.0,0,804,Clouds,overcast clouds,04n
2025-07-26 18:56:23,Vinh Long,Vinh Long,29.02,29.02,29.02,77.0,34.16,10000.0,0.0,100.0,6.04,11.92,243.0,1007.0,0,804,Clouds,overcast clouds,04n
2025-07-26 19:00:14,Vinh Long,Vinh Long,29.02,29.02,29.02,77.0,34.16,10000.0,0.0,93.0,6.11,12.16,247.0,1007.0,0,804,Clouds,overcast clouds,04n
2025-07-26 19:04:05,Vinh Long,Vinh Long,29.02,29.02,29.02,77.0,34.16,10000.0,0.0,100.0,6.04,11.92,243.0,1007.0,0,804,Clouds,overcast clouds,04n
2025-07-26 19:07:51,Vinh Long,Vinh Long,29.02,29.02,29.02,77.0,34.16,10000.0,0.0,100.0,6.04,11.92,243.0,1007.0,0,804,Clouds,overcast clouds,04n
2025-07-26 19:11:37,Vinh Long,Vinh Long,29.02,29.02,29.02,77.0,34.16,10000.0,0.0,100.0,6.04,11.92,243.0,1007.0,0,804,Clouds,overcast clouds,04n
2025-07-26 19:15:23,Vinh Long,Vinh Long,29.02,29.02,29.02,77.0,34.16,10000.0,0.0,100.0,6.04,11.92,243.0,1007.0,0,804,Clouds,overcast clouds,04n
2025-07-26 19:19:09,Vinh Long,Vinh Long,29.02,29.02,29.02,77.0,34.16,10000.0,0.0,100.0,6.04,11.92,243.0,1007.0,0,804,Clouds,overcast clouds,04n
2025-07-26 19:22:55,Vinh Long,Vinh Long,29.02,29.02,29.02,77.0,34.16,10000.0,0.0,100.0,6.04,11.92,243.0,1007.0,0,804,Clouds,overcast clouds,04n
2025-07-26 19:26:40,Vinh Long,Vinh Long,29.02,29.02,29.02,77.0,34.16,10000.0,0.0,100.0,6.04,11.92,243.0,1007.0,0,804,Clouds,overcast clouds,04n
2025-07-26 19:30:26,Vinh Long,Vinh Long,28.04,28.04,28.04,77.0,31.74,10000.0,0.0,100.0,5.84,12.43,245.0,1008.0,0,804,Clouds,overcast clouds,04n
2025-07-26 19:34:12,Vinh Long,Vinh Long,28.04,28.04,28.04,77.0,31.74,10000.0,0.0,100.0,5.84,12.43,245.0,1008.0,0,804,Clouds,overcast clouds,04n
2025-07-26 19:37:58,Vinh Long,Vinh Long,28.04,28.04,28.04,77.0,31.74,10000.0,0.0,100.0,5.84,12.43,245.0,1008.0,0,804,Clouds,overcast clouds,04n
2025-07-26 19:41:44,Vinh Long,Vinh Long,28.04,28.04,28.04,77.0,31.74,10000.0,0.0,100.0,5.84,12.43,245.0,1008.0,0,804,Clouds,overcast clouds,04n
2025-07-26 19:45:29,Vinh Long,Vinh Long,28.04,28.04,28.04,77.0,31.74,10000.0,0.0,100.0,5.84,12.43,245.0,1008.0,0,804,Clouds,overcast clouds,04n
2025-07-26 19:49:15,Vinh Long,Vinh Long,28.01,28.01,28.01,81.0,32.28,10000.0,0.0,100.0,5.84,12.43,245.0,1008.0,0,804,Clouds,overcast clouds,04n
2025-07-26 19:53:01,Vinh Long,Vinh Long,28.01,28.01,28.01,81.0,32.28,10000.0,0.0,100.0,5.84,12.43,245.0,1008.0,0,804,Clouds,overcast clouds,04n
2025-07-26 19:56:47,Vinh Long,Vinh Long,28.01,28.01,28.01,81.0,32.28,10000.0,0.0,100.0,5.84,12.43,245.0,1008.0,0,804,Clouds,overcast clouds,04n
2025-07-26 20:00:33,Vinh Long,Vinh Long,28.01,28.01,28.01,81.0,32.28,10000.0,0.0,100.0,5.84,12.43,245.0,1008.0,0,804,Clouds,overcast clouds,04n
2025-07-26 20:04:19,Vinh Long,Vinh Long,28.11,28.11,28.11,83.0,32.87,10000.0,0.0,100.0,5.84,12.43,245.0,1007.0,0,804,Clouds,overcast clouds,04n
2025-07-26 20:08:05,Vinh Long,Vinh Long,28.11,28.11,28.11,83.0,32.87,10000.0,0.0,100.0,5.84,12.43,245.0,1007.0,0,804,Clouds,overcast clouds,04n
2025-07-26 20:11:51,Vinh Long,Vinh Long,28.11,28.11,28.11,83.0,32.87,10000.0,0.0,100.0,5.84,12.43,245.0,1007.0,0,804,Clouds,overcast clouds,04n
2025-07-26 20:15:36,Vinh Long,Vinh Long,28.11,28.11,28.11,83.0,32.87,10000.0,0.0,100.0,5.84,12.43,245.0,1007.0,0,804,Clouds,overcast clouds,04n
2025-07-26 20:19:22,Vinh Long,Vinh Long,28.1,28.1,28.1,83.0,32.84,10000.0,0.0,100.0,5.84,12.43,245.0,1007.0,0,804,Clouds,overcast clouds,04n
2025-07-26 20:23:09,Vinh Long,Vinh Long,28.1,28.1,28.1,83.0,32.84,10000.0,0.0,100.0,5.84,12.43,245.0,1007.0,0,804,Clouds,overcast clouds,04n
2025-07-26 20:26:55,Vinh Long,Vinh Long,28.1,28.1,28.1,83.0,32.84,10000.0,0.0,100.0,5.84,12.43,245.0,1007.0,0,804,Clouds,overcast clouds,04n
2025-07-26 20:30:41,Vinh Long,Vinh Long,28.1,28.1,28.1,83.0,32.84,10000.0,0.0,100.0,5.84,12.43,245.0,1007.0,0,804,Clouds,overcast clouds,04n
2025-07-26 20:34:27,Vinh Long,Vinh Long,27.83,27.83,27.83,83.0,32.12,10000.0,0.0,100.0,5.53,12.21,248.0,1008.0,0,804,Clouds,overcast clouds,04n
2025-07-26 20:38:13,Vinh Long,Vinh Long,27.83,27.83,27.83,83.0,32.12,10000.0,0.0,100.0,5.53,12.21,248.0,1008.0,0,804,Clouds,overcast clouds,04n
2025-07-26 20:41:58,Vinh Long,Vinh Long,27.83,27.83,27.83,83.0,32.12,10000.0,0.0,100.0,5.53,12.21,248.0,1008.0,0,804,Clouds,overcast clouds,04n
2025-07-26 20:45:43,Vinh Long,Vinh Long,27.83,27.83,27.83,83.0,32.12,10000.0,0.0,100.0,5.53,12.21,248.0,1008.0,0,804,Clouds,overcast clouds,04n
2025-07-26 20:49:29,Vinh Long,Vinh Long,27.82,27.82,27.82,83.0,32.09,10000.0,0.0,100.0,5.53,12.21,248.0,1008.0,0,804,Clouds,overcast clouds,04n
2025-07-26 20:53:15,Vinh Long,Vinh Long,27.82,27.82,27.82,83.0,32.09,10000.0,0.0,100.0,5.53,12.21,248.0,1008.0,0,804,Clouds,overcast clouds,04n
2025-07-26 20:57:02,Vinh Long,Vinh Long,27.82,27.82,27.82,83.0,32.09,10000.0,0.0,100.0,5.53,12.21,248.0,1008.0,0,804,Clouds,overcast clouds,04n
2025-07-26 21:00:47,Vinh Long,Vinh Long,27.82,27.82,27.82,83.0,32.09,10000.0,0.0,100.0,5.53,12.21,248.0,1008.0,0,804,Clouds,overcast clouds,04n
2025-07-26 21:04:33,Vinh Long,Vinh Long,27.88,27.88,27.88,86.0,32.72,10000.0,0.0,100.0,5.53,12.21,248.0,1008.0,0,804,Clouds,overcast clouds,04n
2025-07-26 21:08:18,Vinh Long,Vinh Long,27.88,27.88,27.88,86.0,32.72,10000.0,0.0,100.0,5.53,12.21,248.0,1008.0,0,804,Clouds,overcast clouds,04n
2025-07-26 21:12:04,Vinh Long,Vinh Long,27.88,27.88,27.88,86.0,32.72,10000.0,0.0,100.0,5.53,12.21,248.0,1008.0,0,804,Clouds,overcast clouds,04n
2025-07-26 21:15:50,Vinh Long,Vinh Long,27.88,27.88,27.88,86.0,32.72,10000.0,0.0,100.0,5.53,12.21,248.0,1008.0,0,804,Clouds,overcast clouds,04n
2025-07-26 21:19:36,Vinh Long,Vinh Long,27.88,27.88,27.88,86.0,32.72,10000.0,0.0,100.0,5.53,12.21,248.0,1008.0,0,804,Clouds,overcast clouds,04n
2025-07-26 21:23:23,Vinh Long,Vinh Long,27.88,27.88,27.88,86.0,32.72,10000.0,0.0,100.0,5.53,12.21,248.0,1008.0,0,804,Clouds,overcast clouds,04n
2025-07-26 21:27:10,Vinh Long,Vinh Long,27.88,27.88,27.88,86.0,32.72,10000.0,0.0,100.0,5.53,12.21,248.0,1008.0,0,804,Clouds,overcast clouds,04n
2025-07-26 21:30:56,Vinh Long,Vinh Long,27.61,27.61,27.61,84.0,31.68,10000.0,0.0,100.0,4.47,10.97,251.0,1009.0,0,804,Clouds,overcast clouds,04n
2025-07-26 21:34:41,Vinh Long,Vinh Long,27.61,27.61,27.61,84.0,31.68,10000.0,0.0,100.0,4.47,10.97,251.0,1009.0,0,804,Clouds,overcast clouds,04n
2025-07-26 21:38:27,Vinh Long,Vinh Long,27.48,27.48,27.48,87.0,31.73,10000.0,0.0,100.0,4.47,10.97,251.0,1009.0,0,804,Clouds,overcast clouds,04n
2025-07-26 21:42:13,Vinh Long,Vinh Long,27.48,27.48,27.48,87.0,31.73,10000.0,0.0,100.0,4.47,10.97,251.0,1009.0,0,804,Clouds,overcast clouds,04n
2025-07-26 21:45:59,Vinh Long,Vinh Long,27.48,27.48,27.48,87.0,31.73,10000.0,0.0,100.0,4.47,10.97,251.0,1009.0,0,804,Clouds,overcast clouds,04n
2025-07-26 21:49:45,Vinh Long,Vinh Long,27.47,27.47,27.47,86.0,31.57,10000.0,0.0,100.0,4.47,10.97,251.0,1009.0,0,804,Clouds,overcast clouds,04n
2025-07-26 21:53:31,Vinh Long,Vinh Long,27.47,27.47,27.47,86.0,31.57,10000.0,0.0,100.0,4.47,10.97,251.0,1009.0,0,804,Clouds,overcast clouds,04n
2025-07-26 21:57:18,Vinh Long,Vinh Long,27.47,27.47,27.47,86.0,31.57,10000.0,0.0,100.0,4.47,10.97,251.0,1009.0,0,804,Clouds,overcast clouds,04n
2025-07-26 22:01:05,Vinh Long,Vinh Long,27.47,27.47,27.47,86.0,31.57,10000.0,0.0,100.0,4.47,10.97,251.0,1009.0,0,804,Clouds,overcast clouds,04n
2025-07-26 22:04:50,Vinh Long,Vinh Long,27.47,27.47,27.47,86.0,31.57,10000.0,0.0,100.0,4.47,10.97,251.0,1009.0,0,804,Clouds,overcast clouds,04n
2025-07-26 22:08:36,Vinh Long,Vinh Long,27.47,27.47,27.47,86.0,31.57,10000.0,0.0,100.0,4.47,10.97,251.0,1009.0,0,804,Clouds,overcast clouds,04n
2025-07-26 22:12:22,Vinh Long,Vinh Long,27.54,27.54,27.54,90.0,32.32,10000.0,0.0,100.0,4.47,10.97,251.0,1009.0,0,804,Clouds,overcast clouds,04n
2025-07-26 22:16:07,Vinh Long,Vinh Long,27.54,27.54,27.54,90.0,32.32,10000.0,0.0,100.0,4.47,10.97,251.0,1009.0,0,804,Clouds,overcast clouds,04n
2025-07-26 22:19:54,Vinh Long,Vinh Long,27.51,27.51,27.51,90.0,32.23,10000.0,0.0,100.0,4.47,10.97,251.0,1009.0,0,804,Clouds,overcast clouds,04n
2025-07-26 22:23:39,Vinh Long,Vinh Long,27.51,27.51,27.51,90.0,32.23,10000.0,0.0,100.0,4.47,10.97,251.0,1009.0,0,804,Clouds,overcast clouds,04n
2025-07-26 22:27:24,Vinh Long,Vinh Long,27.51,27.51,27.51,90.0,32.23,10000.0,0.0,100.0,4.47,10.97,251.0,1009.0,0,804,Clouds,overcast clouds,04n
2025-07-26 22:31:10,Vinh Long,Vinh Long,27.12,27.12,27.12,88.0,30.86,10000.0,0.0,100.0,4.02,11.08,242.0,1009.0,0,804,Clouds,overcast clouds,04n
2025-07-26 22:34:57,Vinh Long,Vinh Long,27.12,27.12,27.12,88.0,30.86,10000.0,0.0,100.0,4.02,11.08,242.0,1009.0,0,804,Clouds,overcast clouds,04n
2025-07-26 22:38:42,Vinh Long,Vinh Long,27.12,27.12,27.12,88.0,30.86,10000.0,0.0,100.0,4.02,11.08,242.0,1009.0,0,804,Clouds,overcast clouds,04n
2025-07-26 22:42:27,Vinh Long,Vinh Long,27.12,27.12,27.12,88.0,30.86,10000.0,0.0,100.0,4.02,11.08,242.0,1009.0,0,804,Clouds,overcast clouds,04n
2025-07-26 22:46:13,Vinh Long,Vinh Long,27.11,27.11,27.11,87.0,30.72,10000.0,0.0,100.0,4.02,11.08,242.0,1009.0,0,804,Clouds,overcast clouds,04n
2025-07-26 22:50:00,Vinh Long,Vinh Long,27.11,27.11,27.11,87.0,30.72,10000.0,0.0,100.0,4.02,11.08,242.0,1009.0,0,804,Clouds,overcast clouds,04n
2025-07-26 22:53:46,Vinh Long,Vinh Long,27.11,27.11,27.11,87.0,30.72,10000.0,0.0,100.0,4.02,11.08,242.0,1009.0,0,804,Clouds,overcast clouds,04n
2025-07-26 22:57:32,Vinh Long,Vinh Long,27.11,27.11,27.11,87.0,30.72,10000.0,0.0,100.0,4.02,11.08,242.0,1009.0,0,804,Clouds,overcast clouds,04n
2025-07-26 23:01:18,Vinh Long,Vinh Long,27.19,27.19,27.19,91.0,31.4,10000.0,0.0,100.0,4.02,11.08,242.0,1009.0,0,804,Clouds,overcast clouds,04n
2025-07-26 23:05:03,Vinh Long,Vinh Long,27.19,27.19,27.19,91.0,31.4,10000.0,0.0,100.0,4.02,11.08,242.0,1009.0,0,804,Clouds,overcast clouds,04n
2025-07-26 23:08:50,Vinh Long,Vinh Long,27.19,27.19,27.19,91.0,31.4,10000.0,0.0,100.0,4.02,11.08,242.0,1009.0,0,804,Clouds,overcast clouds,04n
2025-07-26 23:12:35,Vinh Long,Vinh Long,27.19,27.19,27.19,91.0,31.4,10000.0,0.0,100.0,4.02,11.08,242.0,1009.0,0,804,Clouds,overcast clouds,04n
2025-07-26 23:16:20,Vinh Long,Vinh Long,27.19,27.19,27.19,91.0,31.4,10000.0,0.0,100.0,4.02,11.08,242.0,1009.0,0,804,Clouds,overcast clouds,04n
2025-07-26 23:20:07,Vinh Long,Vinh Long,27.19,27.19,27.19,91.0,31.4,10000.0,0.0,100.0,4.02,11.08,242.0,1009.0,0,804,Clouds,overcast clouds,04n
2025-07-26 23:23:53,Vinh Long,Vinh Long,27.19,27.19,27.19,91.0,31.4,10000.0,0.0,100.0,4.02,11.08,242.0,1009.0,0,804,Clouds,overcast clouds,04n
2025-07-26 23:27:38,Vinh Long,Vinh Long,27.19,27.19,27.19,91.0,31.4,10000.0,0.0,100.0,4.02,11.08,242.0,1009.0,0,804,Clouds,overcast clouds,04n
2025-07-26 23:31:25,Vinh Long,Vinh Long,27.19,27.19,27.19,91.0,31.4,10000.0,0.0,100.0,4.02,11.08,242.0,1009.0,0,804,Clouds,overcast clouds,04n
2025-07-26 23:35:11,Vinh Long,Vinh Long,27.0,27.0,27.0,89.0,30.63,10000.0,0.0,100.0,3.72,11.06,236.0,1008.0,0,804,Clouds,overcast clouds,04n
2025-07-26 23:38:57,Vinh Long,Vinh Long,27.0,27.0,27.0,89.0,30.63,10000.0,0.0,100.0,3.72,11.06,236.0,1008.0,0,804,Clouds,overcast clouds,04n
2025-07-26 23:42:43,Vinh Long,Vinh Long,27.0,27.0,27.0,89.0,30.63,10000.0,0.0,100.0,3.72,11.06,236.0,1008.0,0,804,Clouds,overcast clouds,04n
2025-07-26 23:46:29,Vinh Long,Vinh Long,26.91,26.91,26.91,89.0,30.38,10000.0,0.0,100.0,3.72,11.06,236.0,1008.0,0,804,Clouds,overcast clouds,04n
2025-07-26 23:50:14,Vinh Long,Vinh Long,26.91,26.91,26.91,89.0,30.38,10000.0,0.0,100.0,3.72,11.06,236.0,1008.0,0,804,Clouds,overcast clouds,04n
2025-07-26 23:54:00,Vinh Long,Vinh Long,26.91,26.91,26.91,89.0,30.38,10000.0,0.0,100.0,3.72,11.06,236.0,1008.0,0,804,Clouds,overcast clouds,04n
2025-07-26 23:57:46,Vinh Long,Vinh Long,26.91,26.91,26.91,89.0,30.38,10000.0,0.0,100.0,3.72,11.06,236.0,1008.0,0,804,Clouds,overcast clouds,04n
2025-07-27 00:01:32,Vinh Long,Vinh Long,26.95,26.95,26.95,92.0,30.8,10000.0,0.0,100.0,3.72,11.06,236.0,1008.0,0,804,Clouds,overcast clouds,04n
2025-07-27 00:05:18,Vinh Long,Vinh Long,26.95,26.95,26.95,92.0,30.8,10000.0,0.0,100.0,3.72,11.06,236.0,1008.0,0,804,Clouds,overcast clouds,04n
2025-07-27 00:09:03,Vinh Long,Vinh Long,26.95,26.95,26.95,92.0,30.8,10000.0,0.0,100.0,3.72,11.06,236.0,1008.0,0,804,Clouds,overcast clouds,04n
2025-07-27 00:16:16,Vinh Long,Vinh Long,26.95,26.95,26.95,92.0,30.8,10000.0,0.0,100.0,3.72,11.06,236.0,1008.0,0,804,Clouds,overcast clouds,04n
2025-07-27 00:20:02,Vinh Long,Vinh Long,26.95,26.95,26.95,92.0,30.8,10000.0,0.0,100.0,3.72,11.06,236.0,1008.0,0,804,Clouds,overcast clouds,04n
2025-07-27 00:23:48,Vinh Long,Vinh Long,26.95,26.95,26.95,92.0,30.8,10000.0,0.0,100.0,3.72,11.06,236.0,1008.0,0,804,Clouds,overcast clouds,04n
2025-07-27 00:28:42,Vinh Long,Vinh Long,26.95,26.95,26.95,92.0,30.8,10000.0,0.0,100.0,3.72,11.06,236.0,1008.0,0,804,Clouds,overcast clouds,04n
2025-07-27 00:32:28,Vinh Long,Vinh Long,26.95,26.95,26.95,92.0,30.8,10000.0,0.0,100.0,3.72,11.06,236.0,1008.0,0,804,Clouds,overcast clouds,04n
2025-07-27 00:36:14,Vinh Long,Vinh Long,26.6,26.6,26.6,90.0,26.6,10000.0,0.0,100.0,3.7,11.59,239.0,1007.0,0,804,Clouds,overcast clouds,04n
2025-07-27 00:40:00,Vinh Long,Vinh Long,26.6,26.6,26.6,90.0,26.6,10000.0,0.0,100.0,3.7,11.59,239.0,1007.0,0,804,Clouds,overcast clouds,04n
2025-07-27 00:43:46,Vinh Long,Vinh Long,26.6,26.6,26.6,90.0,26.6,10000.0,0.0,100.0,3.7,11.59,239.0,1007.0,0,804,Clouds,overcast clouds,04n
2025-07-27 00:47:31,Vinh Long,Vinh Long,26.6,26.6,26.6,90.0,26.6,10000.0,0.0,100.0,3.7,11.59,239.0,1007.0,0,804,Clouds,overcast clouds,04n
2025-07-27 00:51:18,Vinh Long,Vinh Long,26.6,26.6,26.6,90.0,26.6,10000.0,0.0,100.0,3.55,10.58,234.0,1007.0,0,804,Clouds,overcast clouds,04n
2025-07-27 00:55:05,Vinh Long,Vinh Long,26.6,26.6,26.6,90.0,26.6,10000.0,0.0,100.0,3.55,10.58,234.0,1007.0,0,804,Clouds,overcast clouds,04n
2025-07-27 00:58:50,Vinh Long,Vinh Long,26.6,26.6,26.6,90.0,26.6,10000.0,0.0,100.0,3.55,10.58,234.0,1007.0,0,804,Clouds,overcast clouds,04n
2025-07-27 01:02:36,Vinh Long,Vinh Long,26.6,26.6,26.6,90.0,26.6,10000.0,0.0,100.0,3.55,10.58,234.0,1007.0,0,804,Clouds,overcast clouds,04n
2025-07-27 01:06:22,Vinh Long,Vinh Long,26.6,26.6,26.6,90.0,26.6,10000.0,0.0,100.0,3.55,10.58,234.0,1007.0,0,804,Clouds,overcast clouds,04n
2025-07-27 01:10:08,Vinh Long,Vinh Long,26.6,26.6,26.6,90.0,26.6,10000.0,0.0,100.0,3.55,10.58,234.0,1007.0,0,804,Clouds,overcast clouds,04n
2025-07-27 01:13:53,Vinh Long,Vinh Long,26.6,26.6,26.6,90.0,26.6,10000.0,0.0,100.0,3.55,10.58,234.0,1007.0,0,804,Clouds,overcast clouds,04n
2025-07-27 01:17:39,Vinh Long,Vinh Long,26.6,26.6,26.6,90.0,26.6,10000.0,0.0,100.0,3.55,10.58,234.0,1007.0,0,804,Clouds,overcast clouds,04n
2025-07-27 01:21:25,Vinh Long,Vinh Long,26.6,26.6,26.6,90.0,26.6,10000.0,0.0,100.0,3.55,10.58,234.0,1007.0,0,804,Clouds,overcast clouds,04n
2025-07-27 01:25:10,Vinh Long,Vinh Long,26.6,26.6,26.6,90.0,26.6,10000.0,0.0,100.0,3.55,10.58,234.0,1007.0,0,804,Clouds,overcast clouds,04n
2025-07-27 01:28:57,Vinh Long,Vinh Long,26.6,26.6,26.6,90.0,26.6,10000.0,0.0,100.0,3.55,10.58,234.0,1007.0,0,804,Clouds,overcast clouds,04n
2025-07-27 01:32:43,Vinh Long,Vinh Long,26.5,26.5,26.5,91.0,26.5,10000.0,0.0,100.0,3.4,10.22,232.0,1007.0,0,804,Clouds,overcast clouds,04n
2025-07-27 01:36:29,Vinh Long,Vinh Long,26.5,26.5,26.5,91.0,26.5,10000.0,0.0,100.0,3.4,10.22,232.0,1007.0,0,804,Clouds,overcast clouds,04n
2025-07-27 01:40:14,Vinh Long,Vinh Long,26.5,26.5,26.5,91.0,26.5,10000.0,0.0,100.0,3.4,10.22,232.0,1007.0,0,804,Clouds,overcast clouds,04n
2025-07-27 01:44:00,Vinh Long,Vinh Long,26.5,26.5,26.5,91.0,26.5,10000.0,0.0,100.0,3.4,10.22,232.0,1007.0,0,804,Clouds,overcast clouds,04n
2025-07-27 01:47:46,Vinh Long,Vinh Long,26.49,26.49,26.49,91.0,26.49,10000.0,0.0,100.0,3.4,10.22,232.0,1007.0,0,804,Clouds,overcast clouds,04n
2025-07-27 01:51:32,Vinh Long,Vinh Long,26.5,26.5,26.5,91.0,26.5,10000.0,0.0,100.0,3.4,10.22,232.0,1007.0,0,804,Clouds,overcast clouds,04n
2025-07-27 01:55:18,Vinh Long,Vinh Long,26.49,26.49,26.49,91.0,26.49,10000.0,0.0,100.0,3.4,10.22,232.0,1007.0,0,804,Clouds,overcast clouds,04n
2025-07-27 01:59:04,Vinh Long,Vinh Long,26.49,26.49,26.49,91.0,26.49,10000.0,0.0,100.0,3.4,10.22,232.0,1007.0,0,804,Clouds,overcast clouds,04n
2025-07-27 02:02:50,Vinh Long,Vinh Long,26.56,26.56,26.56,93.0,26.56,10000.0,0.0,100.0,3.4,10.22,232.0,1007.0,0,804,Clouds,overcast clouds,04n
2025-07-27 02:06:37,Vinh Long,Vinh Long,26.56,26.56,26.56,93.0,26.56,10000.0,0.0,100.0,3.4,10.22,232.0,1007.0,0,804,Clouds,overcast clouds,04n
2025-07-27 02:10:24,Vinh Long,Vinh Long,26.56,26.56,26.56,93.0,26.56,10000.0,0.0,100.0,3.4,10.22,232.0,1007.0,0,804,Clouds,overcast clouds,04n
2025-07-27 02:14:09,Vinh Long,Vinh Long,26.56,26.56,26.56,93.0,26.56,10000.0,0.0,100.0,3.4,10.22,232.0,1007.0,0,804,Clouds,overcast clouds,04n
2025-07-27 02:17:55,Vinh Long,Vinh Long,26.56,26.56,26.56,93.0,26.56,10000.0,0.0,100.0,3.4,10.22,232.0,1007.0,0,804,Clouds,overcast clouds,04n
2025-07-27 02:21:40,Vinh Long,Vinh Long,26.56,26.56,26.56,93.0,26.56,10000.0,0.0,100.0,3.4,10.22,232.0,1007.0,0,804,Clouds,overcast clouds,04n
2025-07-27 02:25:27,Vinh Long,Vinh Long,26.56,26.56,26.56,93.0,26.56,10000.0,0.0,100.0,3.4,10.22,232.0,1007.0,0,804,Clouds,overcast clouds,04n
2025-07-27 02:29:13,Vinh Long,Vinh Long,26.56,26.56,26.56,93.0,26.56,10000.0,0.0,100.0,3.4,10.22,232.0,1007.0,0,804,Clouds,overcast clouds,04n
2025-07-27 02:32:59,Vinh Long,Vinh Long,26.31,26.31,26.31,92.0,26.31,10000.0,0.0,100.0,3.01,9.98,232.0,1007.0,0,804,Clouds,overcast clouds,04n
2025-07-27 02:36:45,Vinh Long,Vinh Long,26.31,26.31,26.31,92.0,26.31,10000.0,0.0,100.0,3.01,9.98,232.0,1007.0,0,804,Clouds,overcast clouds,04n
2025-07-27 02:40:31,Vinh Long,Vinh Long,26.31,26.31,26.31,92.0,26.31,10000.0,0.0,100.0,3.01,9.98,232.0,1007.0,0,804,Clouds,overcast clouds,04n
2025-07-27 02:44:18,Vinh Long,Vinh Long,26.31,26.31,26.31,92.0,26.31,10000.0,0.0,100.0,3.01,9.98,232.0,1007.0,0,804,Clouds,overcast clouds,04n
2025-07-27 02:48:04,Vinh Long,Vinh Long,26.3,26.3,26.3,91.0,26.3,10000.0,0.0,100.0,3.01,9.98,232.0,1007.0,0,804,Clouds,overcast clouds,04n
2025-07-27 02:51:50,Vinh Long,Vinh Long,26.3,26.3,26.3,91.0,26.3,10000.0,0.0,100.0,3.01,9.98,232.0,1007.0,0,804,Clouds,overcast clouds,04n
2025-07-27 02:55:36,Vinh Long,Vinh Long,26.3,26.3,26.3,91.0,26.3,10000.0,0.0,100.0,3.01,9.98,232.0,1007.0,0,804,Clouds,overcast clouds,04n
2025-07-27 02:59:21,Vinh Long,Vinh Long,26.3,26.3,26.3,91.0,26.3,10000.0,0.0,100.0,3.01,9.98,232.0,1007.0,0,804,Clouds,overcast clouds,04n
2025-07-27 03:03:13,Vinh Long,Vinh Long,26.37,26.37,26.37,94.0,26.37,10000.0,0.0,100.0,3.01,9.98,232.0,1007.0,0,804,Clouds,overcast clouds,04n
2025-07-27 03:06:59,Vinh Long,Vinh Long,26.37,26.37,26.37,94.0,26.37,10000.0,0.0,100.0,3.01,9.98,232.0,1007.0,0,804,Clouds,overcast clouds,04n
2025-07-27 03:10:45,Vinh Long,Vinh Long,26.37,26.37,26.37,94.0,26.37,10000.0,0.0,100.0,3.01,9.98,232.0,1007.0,0,804,Clouds,overcast clouds,04n
2025-07-27 03:14:31,Vinh Long,Vinh Long,26.37,26.37,26.37,94.0,26.37,10000.0,0.0,100.0,3.01,9.98,232.0,1007.0,0,804,Clouds,overcast clouds,04n
2025-07-27 03:18:18,Vinh Long,Vinh Long,26.37,26.37,26.37,94.0,26.37,10000.0,0.0,100.0,3.01,9.98,232.0,1007.0,0,804,Clouds,overcast clouds,04n
2025-07-27 03:22:04,Vinh Long,Vinh Long,26.37,26.37,26.37,94.0,26.37,10000.0,0.0,100.0,3.01,9.98,232.0,1007.0,0,804,Clouds,overcast clouds,04n
2025-07-27 03:25:50,Vinh Long,Vinh Long,26.37,26.37,26.37,94.0,26.37,10000.0,0.0,100.0,3.01,9.98,232.0,1007.0,0,804,Clouds,overcast clouds,04n
2025-07-27 03:29:35,Vinh Long,Vinh Long,26.37,26.37,26.37,94.0,26.37,10000.0,0.0,100.0,3.01,9.98,232.0,1007.0,0,804,Clouds,overcast clouds,04n
2025-07-27 03:33:21,Vinh Long,Vinh Long,25.7,25.7,25.7,94.0,26.78,10000.0,0.0,100.0,2.71,9.49,230.0,1007.0,0,804,Clouds,overcast clouds,04n
2025-07-27 03:37:07,Vinh Long,Vinh Long,25.7,25.7,25.7,94.0,26.78,10000.0,0.0,100.0,2.71,9.49,230.0,1007.0,0,804,Clouds,overcast clouds,04n
2025-07-27 03:40:53,Vinh Long,Vinh Long,25.7,25.7,25.7,94.0,26.78,10000.0,0.0,100.0,2.71,9.49,230.0,1007.0,0,804,Clouds,overcast clouds,04n
2025-07-27 03:44:38,Vinh Long,Vinh Long,25.7,25.7,25.7,94.0,26.78,10000.0,0.0,100.0,2.71,9.49,230.0,1007.0,0,804,Clouds,overcast clouds,04n
2025-07-27 03:48:24,Vinh Long,Vinh Long,25.7,25.7,25.7,94.0,26.78,10000.0,0.0,100.0,2.71,9.49,230.0,1007.0,0,804,Clouds,overcast clouds,04n
2025-07-27 03:52:12,Vinh Long,Vinh Long,25.7,25.7,25.7,94.0,26.78,10000.0,0.0,100.0,2.71,9.49,230.0,1007.0,0,804,Clouds,overcast clouds,04n
2025-07-27 03:55:58,Vinh Long,Vinh Long,25.7,25.7,25.7,94.0,26.78,10000.0,0.0,100.0,2.71,9.49,230.0,1007.0,0,804,Clouds,overcast clouds,04n
2025-07-27 03:59:44,Vinh Long,Vinh Long,25.7,25.7,25.7,94.0,26.78,10000.0,0.0,100.0,2.71,9.49,230.0,1007.0,0,804,Clouds,overcast clouds,04n
2025-07-27 04:03:30,Vinh Long,Vinh Long,25.79,25.79,25.79,95.0,26.91,10000.0,0.0,100.0,2.71,9.49,230.0,1007.0,0,804,Clouds,overcast clouds,04n
2025-07-27 04:07:16,Vinh Long,Vinh Long,25.7,25.7,25.7,94.0,26.78,10000.0,0.0,100.0,2.71,9.49,230.0,1007.0,0,804,Clouds,overcast clouds,04n
2025-07-27 04:11:02,Vinh Long,Vinh Long,25.79,25.79,25.79,95.0,26.91,10000.0,0.0,100.0,2.71,9.49,230.0,1007.0,0,804,Clouds,overcast clouds,04n
2025-07-27 09:00:54,Vinh Long,Vinh Long,30.16,30.16,30.16,73.0,36.2,10000.0,0.0,100.0,5.92,8.89,246.0,1009.0,1,804,Clouds,overcast clouds,04d
2025-07-27 09:04:39,Vinh Long,Vinh Long,30.16,30.16,30.16,73.0,36.2,10000.0,0.0,100.0,5.92,8.89,246.0,1009.0,1,804,Clouds,overcast clouds,04d
2025-07-27 09:08:25,Vinh Long,Vinh Long,30.08,30.08,30.08,79.0,37.08,10000.0,0.0,100.0,5.92,8.89,246.0,1009.0,1,804,Clouds,overcast clouds,04d
2025-07-27 09:12:10,Vinh Long,Vinh Long,30.08,30.08,30.08,79.0,37.08,10000.0,0.0,100.0,5.92,8.89,246.0,1009.0,1,804,Clouds,overcast clouds,04d
2025-07-27 09:15:56,Vinh Long,Vinh Long,30.08,30.08,30.08,79.0,37.08,10000.0,0.0,100.0,5.92,8.89,246.0,1009.0,1,804,Clouds,overcast clouds,04d
2025-07-27 09:19:42,Vinh Long,Vinh Long,30.08,30.08,30.08,78.0,37.08,10000.0,0.0,100.0,5.92,8.89,246.0,1009.0,1,804,Clouds,overcast clouds,04d
2025-07-27 09:23:28,Vinh Long,Vinh Long,30.08,30.08,30.08,78.0,37.08,10000.0,0.0,100.0,5.92,8.89,246.0,1009.0,1,804,Clouds,overcast clouds,04d
2025-07-27 09:27:14,Vinh Long,Vinh Long,30.08,30.08,30.08,78.0,37.08,10000.0,0.0,100.0,5.92,8.89,246.0,1009.0,1,804,Clouds,overcast clouds,04d
2025-07-27 09:30:59,Vinh Long,Vinh Long,30.08,30.08,30.08,78.0,37.08,10000.0,0.0,100.0,5.92,8.89,246.0,1009.0,1,804,Clouds,overcast clouds,04d
2025-07-27 09:34:44,Vinh Long,Vinh Long,30.08,30.08,30.08,78.0,37.08,10000.0,0.0,100.0,5.92,8.89,246.0,1009.0,1,804,Clouds,overcast clouds,04d
2025-07-27 09:38:30,Vinh Long,Vinh Long,31.29,31.29,31.29,69.0,38.07,10000.0,0.0,100.0,6.44,9.49,252.0,1009.0,1,804,Clouds,overcast clouds,04d
2025-07-27 09:42:15,Vinh Long,Vinh Long,31.29,31.29,31.29,69.0,38.07,10000.0,0.0,100.0,6.44,9.49,252.0,1009.0,1,804,Clouds,overcast clouds,04d
2025-07-27 09:46:01,Vinh Long,Vinh Long,31.29,31.29,31.29,69.0,38.07,10000.0,0.0,100.0,6.44,9.49,252.0,1009.0,1,804,Clouds,overcast clouds,04d
2025-07-27 09:49:47,Vinh Long,Vinh Long,31.36,31.36,31.36,68.0,37.95,10000.0,0.0,100.0,6.44,9.49,252.0,1009.0,1,804,Clouds,overcast clouds,04d
2025-07-27 09:53:33,Vinh Long,Vinh Long,31.36,31.36,31.36,68.0,37.95,10000.0,0.0,100.0,6.44,9.49,252.0,1009.0,1,804,Clouds,overcast clouds,04d
2025-07-27 09:57:19,Vinh Long,Vinh Long,31.36,31.36,31.36,68.0,37.95,10000.0,0.0,100.0,6.44,9.49,252.0,1009.0,1,804,Clouds,overcast clouds,04d
2025-07-27 10:01:04,Vinh Long,Vinh Long,31.36,31.36,31.36,68.0,37.95,10000.0,0.0,100.0,6.44,9.49,252.0,1009.0,1,804,Clouds,overcast clouds,04d
2025-07-27 10:04:50,Vinh Long,Vinh Long,31.3,31.3,31.3,75.0,38.3,10000.0,0.0,100.0,6.44,9.49,252.0,1009.0,1,804,Clouds,overcast clouds,04d
2025-07-27 10:08:36,Vinh Long,Vinh Long,31.3,31.3,31.3,75.0,38.3,10000.0,0.0,100.0,6.44,9.49,252.0,1009.0,1,804,Clouds,overcast clouds,04d
2025-07-27 10:12:21,Vinh Long,Vinh Long,31.3,31.3,31.3,75.0,38.3,10000.0,0.0,100.0,6.44,9.49,252.0,1009.0,1,804,Clouds,overcast clouds,04d
2025-07-27 10:16:06,Vinh Long,Vinh Long,31.3,31.3,31.3,75.0,38.3,10000.0,0.0,100.0,6.44,9.49,252.0,1009.0,1,804,Clouds,overcast clouds,04d
2025-07-27 10:19:52,Vinh Long,Vinh Long,31.31,31.31,31.31,75.0,38.31,10000.0,0.0,100.0,6.44,9.49,252.0,1009.0,1,804,Clouds,overcast clouds,04d
2025-07-27 10:23:38,Vinh Long,Vinh Long,31.31,31.31,31.31,75.0,38.31,10000.0,0.0,100.0,6.44,9.49,252.0,1009.0,1,804,Clouds,overcast clouds,04d
2025-07-27 10:27:24,Vinh Long,Vinh Long,31.31,31.31,31.31,75.0,38.31,10000.0,0.0,100.0,6.44,9.49,252.0,1009.0,1,804,Clouds,overcast clouds,04d
2025-07-27 10:31:09,Vinh Long,Vinh Long,31.31,31.31,31.31,75.0,38.31,10000.0,0.0,100.0,6.44,9.49,252.0,1009.0,1,804,Clouds,overcast clouds,04d
2025-07-27 10:34:55,Vinh Long,Vinh Long,32.43,32.43,32.43,62.0,38.76,10000.0,0.0,100.0,6.95,9.84,254.0,1008.0,1,804,Clouds,overcast clouds,04d
2025-07-27 10:38:41,Vinh Long,Vinh Long,32.43,32.43,32.43,62.0,38.76,10000.0,0.0,100.0,6.95,9.84,254.0,1008.0,1,804,Clouds,overcast clouds,04d
2025-07-27 10:42:27,Vinh Long,Vinh Long,32.43,32.43,32.43,62.0,38.76,10000.0,0.0,100.0,6.95,9.84,254.0,1008.0,1,804,Clouds,overcast clouds,04d
2025-07-27 10:46:12,Vinh Long,Vinh Long,32.43,32.43,32.43,62.0,38.76,10000.0,0.0,100.0,6.95,9.84,254.0,1008.0,1,804,Clouds,overcast clouds,04d
2025-07-27 10:49:58,Vinh Long,Vinh Long,32.5,32.5,32.5,61.0,38.6,10000.0,0.0,100.0,6.95,9.84,254.0,1008.0,1,804,Clouds,overcast clouds,04d
2025-07-27 10:53:43,Vinh Long,Vinh Long,32.5,32.5,32.5,61.0,38.6,10000.0,0.0,100.0,6.95,9.84,254.0,1008.0,1,804,Clouds,overcast clouds,04d
2025-07-27 10:57:29,Vinh Long,Vinh Long,32.5,32.5,32.5,61.0,38.6,10000.0,0.0,100.0,6.95,9.84,254.0,1008.0,1,804,Clouds,overcast clouds,04d
2025-07-27 11:01:15,Vinh Long,Vinh Long,32.5,32.5,32.5,61.0,38.6,10000.0,0.0,100.0,6.95,9.84,254.0,1008.0,1,804,Clouds,overcast clouds,04d
2025-07-27 11:05:00,Vinh Long,Vinh Long,32.4,32.4,32.4,67.0,39.4,10000.0,0.0,100.0,6.95,9.84,254.0,1008.0,1,804,Clouds,overcast clouds,04d
2025-07-27 11:08:45,Vinh Long,Vinh Long,32.4,32.4,32.4,67.0,39.4,10000.0,0.0,100.0,6.95,9.84,254.0,1008.0,1,804,Clouds,overcast clouds,04d
2025-07-27 11:12:31,Vinh Long,Vinh Long,32.4,32.4,32.4,67.0,39.4,10000.0,0.0,100.0,6.95,9.84,254.0,1008.0,1,804,Clouds,overcast clouds,04d
2025-07-27 11:16:17,Vinh Long,Vinh Long,32.4,32.4,32.4,67.0,39.4,10000.0,0.0,100.0,6.95,9.84,254.0,1008.0,1,804,Clouds,overcast clouds,04d
2025-07-27 11:20:03,Vinh Long,Vinh Long,32.4,32.4,32.4,67.0,39.4,10000.0,0.0,100.0,6.95,9.84,254.0,1008.0,1,804,Clouds,overcast clouds,04d
2025-07-27 11:23:49,Vinh Long,Vinh Long,32.4,32.4,32.4,67.0,39.4,10000.0,0.0,100.0,6.95,9.84,254.0,1008.0,1,804,Clouds,overcast clouds,04d
2025-07-27 11:27:34,Vinh Long,Vinh Long,32.4,32.4,32.4,67.0,39.4,10000.0,0.0,100.0,6.95,9.84,254.0,1008.0,1,804,Clouds,overcast clouds,04d
2025-07-27 11:31:20,Vinh Long,Vinh Long,32.99,32.99,32.99,60.0,39.49,10000.0,0.0,100.0,7.75,10.45,255.0,1008.0,1,804,Clouds,overcast clouds,04d
2025-07-27 11:35:06,Vinh Long,Vinh Long,32.99,32.99,32.99,60.0,39.49,10000.0,0.0,100.0,7.75,10.45,255.0,1008.0,1,804,Clouds,overcast clouds,04d
2025-07-27 11:38:51,Vinh Long,Vinh Long,32.99,32.99,32.99,60.0,39.49,10000.0,0.0,100.0,7.75,10.45,255.0,1008.0,1,804,Clouds,overcast clouds,04d
2025-07-27 11:42:36,Vinh Long,Vinh Long,32.99,32.99,32.99,60.0,39.49,10000.0,0.0,100.0,7.75,10.45,255.0,1008.0,1,804,Clouds,overcast clouds,04d
2025-07-27 11:46:22,Vinh Long,Vinh Long,33.15,33.15,33.15,58.0,39.18,10000.0,0.0,100.0,7.75,10.45,255.0,1008.0,1,804,Clouds,overcast clouds,04d
2025-07-27 11:50:08,Vinh Long,Vinh Long,33.15,33.15,33.15,58.0,39.18,10000.0,0.0,100.0,7.75,10.45,255.0,1008.0,1,804,Clouds,overcast clouds,04d
2025-07-27 11:53:54,Vinh Long,Vinh Long,33.15,33.15,33.15,58.0,39.18,10000.0,0.0,100.0,7.75,10.45,255.0,1008.0,1,804,Clouds,overcast clouds,04d
2025-07-27 11:57:39,Vinh Long,Vinh Long,33.15,33.15,33.15,58.0,39.18,10000.0,0.0,100.0,7.75,10.45,255.0,1008.0,1,804,Clouds,overcast clouds,04d
2025-07-27 12:01:25,Vinh Long,Vinh Long,33.11,33.11,33.11,64.0,40.11,10000.0,0.0,100.0,7.75,10.45,255.0,1008.0,1,804,Clouds,overcast clouds,04d
2025-07-27 12:05:10,Vinh Long,Vinh Long,33.11,33.11,33.11,64.0,40.11,10000.0,0.0,100.0,7.75,10.45,255.0,1008.0,1,804,Clouds,overcast clouds,04d
2025-07-27 12:08:56,Vinh Long,Vinh Long,33.11,33.11,33.11,64.0,40.11,10000.0,0.0,100.0,7.75,10.45,255.0,1008.0,1,804,Clouds,overcast clouds,04d
2025-07-27 12:12:42,Vinh Long,Vinh Long,33.11,33.11,33.11,64.0,40.11,10000.0,0.0,100.0,7.75,10.45,255.0,1008.0,1,804,Clouds,overcast clouds,04d
2025-07-27 12:16:27,Vinh Long,Vinh Long,33.11,33.11,33.11,64.0,40.11,10000.0,0.0,100.0,7.75,10.45,255.0,1008.0,1,804,Clouds,overcast clouds,04d
2025-07-27 12:20:13,Vinh Long,Vinh Long,33.11,33.11,33.11,64.0,40.11,10000.0,0.0,100.0,7.75,10.45,255.0,1008.0,1,804,Clouds,overcast clouds,04d
2025-07-27 12:23:59,Vinh Long,Vinh Long,33.11,33.11,33.11,64.0,40.11,10000.0,0.0,100.0,7.75,10.45,255.0,1008.0,1,804,Clouds,overcast clouds,04d
2025-07-27 12:27:45,Vinh Long,Vinh Long,33.11,33.11,33.11,64.0,40.11,10000.0,0.0,100.0,7.75,10.45,255.0,1008.0,1,804,Clouds,overcast clouds,04d
2025-07-27 12:31:30,Vinh Long,Vinh Long,33.11,33.11,33.11,64.0,40.11,10000.0,0.0,100.0,7.75,10.45,255.0,1008.0,1,804,Clouds,overcast clouds,04d
2025-07-27 12:35:16,Vinh Long,Vinh Long,33.17,33.17,33.17,58.0,39.23,10000.0,0.0,100.0,8.18,11.08,257.0,1007.0,1,804,Clouds,overcast clouds,04d
2025-07-27 12:39:01,Vinh Long,Vinh Long,33.17,33.17,33.17,58.0,39.23,10000.0,0.0,100.0,8.18,11.08,257.0,1007.0,1,804,Clouds,overcast clouds,04d
2025-07-27 12:42:46,Vinh Long,Vinh Long,33.17,33.17,33.17,58.0,39.23,10000.0,0.0,100.0,8.18,11.08,257.0,1007.0,1,804,Clouds,overcast clouds,04d
2025-07-27 12:46:32,Vinh Long,Vinh Long,33.17,33.17,33.17,58.0,39.23,10000.0,0.12,100.0,7.34,10.4,255.0,1007.0,1,500,Rain,light rain,10d
2025-07-27 12:50:18,Vinh Long,Vinh Long,33.17,33.17,33.17,58.0,39.23,10000.0,0.15,100.0,7.34,10.4,255.0,1007.0,1,500,Rain,light rain,10d
2025-07-27 12:54:03,Vinh Long,Vinh Long,33.17,33.17,33.17,58.0,39.23,10000.0,0.15,100.0,7.34,10.4,255.0,1007.0,1,500,Rain,light rain,10d
2025-07-27 12:57:49,Vinh Long,Vinh Long,33.17,33.17,33.17,58.0,39.23,10000.0,0.31,100.0,7.34,10.4,255.0,1007.0,1,500,Rain,light rain,10d
2025-07-27 13:01:35,Vinh Long,Vinh Long,33.17,33.17,33.17,58.0,39.23,10000.0,0.39,100.0,7.34,10.4,255.0,1007.0,1,500,Rain,light rain,10d
2025-07-27 13:05:20,Vinh Long,Vinh Long,33.17,33.17,33.17,58.0,39.23,10000.0,0.31,100.0,7.34,10.4,255.0,1007.0,1,500,Rain,light rain,10d
2025-07-27 13:09:06,Vinh Long,Vinh Long,33.17,33.17,33.17,58.0,39.23,10000.0,0.4,100.0,7.34,10.4,255.0,1007.0,1,500,Rain,light rain,10d
2025-07-27 13:12:52,Vinh Long,Vinh Long,33.17,33.17,33.17,58.0,39.23,10000.0,0.42,100.0,7.34,10.4,255.0,1007.0,1,500,Rain,light rain,10d
2025-07-27 13:16:37,Vinh Long,Vinh Long,33.17,33.17,33.17,58.0,39.23,10000.0,0.4,100.0,7.34,10.4,255.0,1007.0,1,500,Rain,light rain,10d
2025-07-27 13:20:23,Vinh Long,Vinh Long,33.17,33.17,33.17,58.0,39.23,10000.0,0.32,100.0,7.34,10.4,255.0,1007.0,1,500,Rain,light rain,10d
2025-07-27 13:24:09,Vinh Long,Vinh Long,31.61,31.61,31.61,65.0,37.66,10000.0,0.28,100.0,7.34,10.4,255.0,1007.0,1,500,Rain,light rain,10d
2025-07-27 13:27:54,Vinh Long,Vinh Long,31.61,31.61,31.61,65.0,37.66,10000.0,0.28,100.0,7.34,10.4,255.0,1007.0,1,500,Rain,light rain,10d
2025-07-27 13:31:40,Vinh Long,Vinh Long,32.02,32.02,32.02,61.0,37.43,10000.0,0.21,100.0,7.78,10.44,256.0,1006.0,1,500,Rain,light rain,10d
2025-07-27 13:35:26,Vinh Long,Vinh Long,32.02,32.02,32.02,61.0,37.43,10000.0,0.21,100.0,7.78,10.44,256.0,1006.0,1,500,Rain,light rain,10d
2025-07-27 13:39:11,Vinh Long,Vinh Long,32.02,32.02,32.02,61.0,37.43,10000.0,0.21,100.0,7.78,10.44,256.0,1006.0,1,500,Rain,light rain,10d
2025-07-27 13:42:57,Vinh Long,Vinh Long,32.02,32.02,32.02,61.0,37.43,10000.0,0.0,100.0,7.78,10.44,256.0,1006.0,1,804,Clouds,overcast clouds,04d
2025-07-27 13:46:42,Vinh Long,Vinh Long,32.02,32.02,32.02,61.0,37.43,10000.0,0.0,100.0,7.78,10.44,256.0,1006.0,1,804,Clouds,overcast clouds,04d
2025-07-27 13:50:27,Vinh Long,Vinh Long,32.02,32.02,32.02,61.0,37.43,10000.0,0.0,100.0,7.78,10.44,256.0,1006.0,1,804,Clouds,overcast clouds,04d
2025-07-27 13:54:13,Vinh Long,Vinh Long,32.17,32.17,32.17,61.0,37.79,10000.0,0.15,100.0,7.78,10.44,256.0,1006.0,1,500,Rain,light rain,10d
2025-07-27 13:57:58,Vinh Long,Vinh Long,32.17,32.17,32.17,61.0,37.79,10000.0,0.15,100.0,7.78,10.44,256.0,1006.0,1,500,Rain,light rain,10d
2025-07-27 14:01:44,Vinh Long,Vinh Long,32.17,32.17,32.17,61.0,37.79,10000.0,0.15,100.0,7.78,10.44,256.0,1006.0,1,500,Rain,light rain,10d
2025-07-27 14:05:31,Vinh Long,Vinh Long,31.87,31.87,31.87,68.0,38.87,10000.0,0.52,100.0,7.78,10.44,256.0,1006.0,1,500,Rain,light rain,10d
2025-07-27 14:09:16,Vinh Long,Vinh Long,31.87,31.87,31.87,68.0,38.87,10000.0,0.52,100.0,7.78,10.44,256.0,1006.0,1,500,Rain,light rain,10d
2025-07-27 14:13:02,Vinh Long,Vinh Long,31.87,31.87,31.87,68.0,38.87,10000.0,0.27,100.0,7.78,10.44,256.0,1006.0,1,500,Rain,light rain,10d
2025-07-27 14:16:48,Vinh Long,Vinh Long,31.92,31.92,31.92,68.0,38.92,10000.0,0.19,100.0,7.78,10.44,256.0,1006.0,1,500,Rain,light rain,10d
2025-07-27 14:20:34,Vinh Long,Vinh Long,31.92,31.92,31.92,68.0,38.92,10000.0,0.18,100.0,7.78,10.44,256.0,1006.0,1,500,Rain,light rain,10d
2025-07-27 14:24:20,Vinh Long,Vinh Long,31.92,31.92,31.92,68.0,38.92,10000.0,0.2,100.0,7.78,10.44,256.0,1006.0,1,500,Rain,light rain,10d
2025-07-27 14:28:06,Vinh Long,Vinh Long,31.92,31.92,31.92,68.0,38.92,10000.0,0.25,100.0,7.78,10.44,256.0,1006.0,1,500,Rain,light rain,10d
2025-07-27 14:31:51,Vinh Long,Vinh Long,31.92,31.92,31.92,68.0,38.92,10000.0,0.25,100.0,7.78,10.44,256.0,1006.0,1,500,Rain,light rain,10d
2025-07-27 14:35:37,Vinh Long,Vinh Long,31.58,31.58,31.58,67.0,38.21,10000.0,0.42,100.0,7.76,10.75,254.0,1006.0,1,500,Rain,light rain,10d
2025-07-27 14:39:23,Vinh Long,Vinh Long,31.58,31.58,31.58,67.0,38.21,10000.0,0.42,100.0,7.76,10.75,254.0,1006.0,1,500,Rain,light rain,10d
2025-07-27 14:43:09,Vinh Long,Vinh Long,31.58,31.58,31.58,67.0,38.21,10000.0,0.49,100.0,7.76,10.75,254.0,1006.0,1,500,Rain,light rain,10d
2025-07-27 14:46:55,Vinh Long,Vinh Long,31.58,31.58,31.58,67.0,38.21,10000.0,0.49,100.0,7.76,10.75,254.0,1006.0,1,500,Rain,light rain,10d
2025-07-27 14:50:40,Vinh Long,Vinh Long,32.21,32.21,32.21,67.0,39.21,10000.0,0.58,100.0,7.76,10.75,254.0,1006.0,1,500,Rain,light rain,10d
2025-07-27 14:54:26,Vinh Long,Vinh Long,32.21,32.21,32.21,67.0,39.21,10000.0,0.63,100.0,7.76,10.75,254.0,1006.0,1,500,Rain,light rain,10d
2025-07-27 14:58:13,Vinh Long,Vinh Long,32.21,32.21,32.21,67.0,39.21,10000.0,0.95,100.0,7.76,10.75,254.0,1006.0,1,500,Rain,light rain,10d
2025-07-27 15:01:58,Vinh Long,Vinh Long,32.21,32.21,32.21,67.0,39.21,10000.0,0.95,100.0,7.76,10.75,254.0,1006.0,1,500,Rain,light rain,10d
2025-07-27 15:05:44,Vinh Long,Vinh Long,31.99,31.99,31.99,78.0,38.99,10000.0,1.78,100.0,7.76,10.75,254.0,1006.0,1,501,Rain,moderate rain,10d
2025-07-27 15:09:30,Vinh Long,Vinh Long,31.99,31.99,31.99,78.0,38.99,10000.0,1.78,100.0,7.76,10.75,254.0,1006.0,1,501,Rain,moderate rain,10d
2025-07-27 15:13:15,Vinh Long,Vinh Long,31.99,31.99,31.99,78.0,38.99,10000.0,1.0,100.0,7.76,10.75,254.0,1006.0,1,500,Rain,light rain,10d
2025-07-27 15:17:01,Vinh Long,Vinh Long,31.93,31.93,31.93,78.0,38.93,10000.0,1.22,100.0,7.76,10.75,254.0,1006.0,1,501,Rain,moderate rain,10d
2025-07-27 15:20:47,Vinh Long,Vinh Long,31.93,31.93,31.93,78.0,38.93,10000.0,1.37,100.0,7.76,10.75,254.0,1006.0,1,501,Rain,moderate rain,10d
2025-07-27 15:24:33,Vinh Long,Vinh Long,31.93,31.93,31.93,78.0,38.93,10000.0,1.54,100.0,7.76,10.75,254.0,1006.0,1,501,Rain,moderate rain,10d
2025-07-27 15:28:18,Vinh Long,Vinh Long,31.93,31.93,31.93,78.0,38.93,10000.0,1.54,100.0,7.76,10.75,254.0,1006.0,1,501,Rain,moderate rain,10d
2025-07-27 15:32:04,Vinh Long,Vinh Long,31.93,31.93,31.93,78.0,38.93,10000.0,1.54,100.0,7.76,10.75,254.0,1006.0,1,501,Rain,moderate rain,10d
2025-07-27 15:35:50,Vinh Long,Vinh Long,31.1,31.1,31.1,72.0,38.1,10000.0,1.19,100.0,7.7,10.65,256.0,1005.0,1,501,Rain,moderate rain,10d
2025-07-27 15:39:36,Vinh Long,Vinh Long,31.1,31.1,31.1,72.0,38.1,10000.0,1.33,100.0,7.7,10.65,256.0,1005.0,1,501,Rain,moderate rain,10d
2025-07-27 15:43:22,Vinh Long,Vinh Long,31.1,31.1,31.1,72.0,38.1,10000.0,1.09,100.0,7.7,10.65,256.0,1005.0,1,501,Rain,moderate rain,10d
2025-07-27 15:47:11,Vinh Long,Vinh Long,31.04,31.04,31.04,70.0,37.71,10000.0,1.15,100.0,7.7,10.65,256.0,1005.0,1,501,Rain,moderate rain,10d
2025-07-27 15:51:00,Vinh Long,Vinh Long,31.04,31.04,31.04,70.0,37.71,10000.0,1.0,100.0,7.7,10.65,256.0,1005.0,1,500,Rain,light rain,10d
2025-07-27 15:54:49,Vinh Long,Vinh Long,31.04,31.04,31.04,70.0,37.71,10000.0,1.0,100.0,7.7,10.65,256.0,1005.0,1,500,Rain,light rain,10d
2025-07-27 15:58:37,Vinh Long,Vinh Long,31.04,31.04,31.04,70.0,37.71,10000.0,1.0,100.0,7.7,10.65,256.0,1005.0,1,500,Rain,light rain,10d
2025-07-27 16:02:27,Vinh Long,Vinh Long,30.91,30.91,30.91,80.0,37.91,10000.0,0.87,100.0,7.7,10.65,256.0,1005.0,1,500,Rain,light rain,10d
2025-07-27 16:06:16,Vinh Long,Vinh Long,30.91,30.91,30.91,80.0,37.91,10000.0,0.87,100.0,7.7,10.65,256.0,1005.0,1,500,Rain,light rain,10d
2025-07-27 16:10:05,Vinh Long,Vinh Long,30.91,30.91,30.91,80.0,37.91,10000.0,0.87,100.0,7.7,10.65,256.0,1005.0,1,500,Rain,light rain,10d
2025-07-27 16:13:54,Vinh Long,Vinh Long,30.91,30.91,30.91,80.0,37.91,10000.0,0.87,100.0,7.7,10.65,256.0,1005.0,1,500,Rain,light rain,10d
2025-07-27 16:17:43,Vinh Long,Vinh Long,30.91,30.91,30.91,80.0,37.91,10000.0,2.37,100.0,7.7,10.65,256.0,1005.0,1,501,Rain,moderate rain,10d
2025-07-27 16:21:32,Vinh Long,Vinh Long,30.91,30.91,30.91,80.0,37.91,10000.0,2.24,100.0,7.7,10.65,256.0,1005.0,1,501,Rain,moderate rain,10d
2025-07-27 16:25:20,Vinh Long,Vinh Long,30.91,30.91,30.91,80.0,37.91,10000.0,2.05,100.0,7.7,10.65,256.0,1005.0,1,501,Rain,moderate rain,10d
2025-07-27 16:29:10,Vinh Long,Vinh Long,30.91,30.91,30.91,80.0,37.91,10000.0,2.24,100.0,7.7,10.65,256.0,1005.0,1,501,Rain,moderate rain,10d
2025-07-27 16:33:00,Vinh Long,Vinh Long,29.67,29.67,29.67,75.0,35.41,10000.0,0.75,100.0,6.63,10.81,256.0,1005.0,1,500,Rain,light rain,10d
2025-07-27 16:36:48,Vinh Long,Vinh Long,29.67,29.67,29.67,75.0,35.41,10000.0,0.75,100.0,6.63,10.81,256.0,1005.0,1,500,Rain,light rain,10d
2025-07-27 16:40:37,Vinh Long,Vinh Long,29.67,29.67,29.67,75.0,35.41,10000.0,0.75,100.0,6.63,10.81,256.0,1005.0,1,500,Rain,light rain,10d
2025-07-27 16:44:26,Vinh Long,Vinh Long,29.67,29.67,29.67,75.0,35.41,10000.0,1.3,100.0,6.63,10.81,256.0,1005.0,1,501,Rain,moderate rain,10d
2025-07-27 16:48:15,Vinh Long,Vinh Long,29.82,29.82,29.82,74.0,35.56,10000.0,0.95,100.0,6.63,10.81,256.0,1005.0,1,500,Rain,light rain,10d
2025-07-27 16:52:05,Vinh Long,Vinh Long,29.82,29.82,29.82,74.0,35.56,10000.0,0.61,100.0,6.63,10.81,256.0,1005.0,1,500,Rain,light rain,10d
2025-07-27 16:55:53,Vinh Long,Vinh Long,29.82,29.82,29.82,74.0,35.56,10000.0,0.71,100.0,6.63,10.81,256.0,1005.0,1,500,Rain,light rain,10d
2025-07-27 16:59:42,Vinh Long,Vinh Long,29.82,29.82,29.82,74.0,35.56,10000.0,0.71,100.0,6.63,10.81,256.0,1005.0,1,500,Rain,light rain,10d
2025-07-27 17:03:32,Vinh Long,Vinh Long,29.65,29.65,29.65,82.0,36.65,10000.0,0.6,100.0,6.63,10.81,256.0,1006.0,1,500,Rain,light rain,10d
2025-07-27 17:07:21,Vinh Long,Vinh Long,29.82,29.82,29.82,74.0,35.56,10000.0,0.67,100.0,6.63,10.81,256.0,1005.0,1,500,Rain,light rain,10d
2025-07-27 17:11:10,Vinh Long,Vinh Long,29.65,29.65,29.65,82.0,36.65,10000.0,0.46,100.0,6.63,10.81,256.0,1006.0,1,500,Rain,light rain,10d
2025-07-27 17:14:58,Vinh Long,Vinh Long,29.65,29.65,29.65,82.0,36.65,10000.0,0.42,100.0,6.63,10.81,256.0,1006.0,1,500,Rain,light rain,10d
2025-07-27 17:18:47,Vinh Long,Vinh Long,29.62,29.62,29.62,82.0,36.62,10000.0,0.42,100.0,6.63,10.81,256.0,1006.0,1,500,Rain,light rain,10d
2025-07-27 17:22:36,Vinh Long,Vinh Long,29.65,29.65,29.65,82.0,36.65,10000.0,0.42,100.0,6.63,10.81,256.0,1006.0,1,500,Rain,light rain,10d
2025-07-27 17:26:25,Vinh Long,Vinh Long,29.62,29.62,29.62,82.0,36.62,10000.0,0.32,100.0,6.63,10.81,256.0,1006.0,1,500,Rain,light rain,10d
2025-07-27 17:30:15,Vinh Long,Vinh Long,29.62,29.62,29.62,82.0,36.62,10000.0,0.32,100.0,6.63,10.81,256.0,1006.0,1,500,Rain,light rain,10d
2025-07-27 17:34:06,Vinh Long,Vinh Long,28.56,28.56,28.56,78.0,33.17,10000.0,0.24,100.0,6.19,10.9,256.0,1006.0,1,500,Rain,light rain,10d
2025-07-27 17:37:55,Vinh Long,Vinh Long,28.56,28.56,28.56,78.0,33.17,10000.0,0.24,100.0,6.19,10.9,256.0,1006.0,1,500,Rain,light rain,10d
2025-07-27 17:41:44,Vinh Long,Vinh Long,28.56,28.56,28.56,78.0,33.17,10000.0,0.67,100.0,6.19,10.9,256.0,1006.0,1,500,Rain,light rain,10d
2025-07-27 17:45:33,Vinh Long,Vinh Long,28.56,28.56,28.56,78.0,33.17,10000.0,0.42,100.0,6.19,10.9,256.0,1006.0,1,500,Rain,light rain,10d
2025-07-27 17:49:22,Vinh Long,Vinh Long,28.53,28.53,28.53,78.0,33.1,10000.0,0.42,100.0,6.19,10.9,256.0,1006.0,1,500,Rain,light rain,10d
2025-07-27 17:53:11,Vinh Long,Vinh Long,28.56,28.56,28.56,78.0,33.17,10000.0,0.42,100.0,6.19,10.9,256.0,1006.0,1,500,Rain,light rain,10d
2025-07-27 17:57:00,Vinh Long,Vinh Long,28.53,28.53,28.53,78.0,33.1,10000.0,0.24,100.0,6.19,10.9,256.0,1006.0,1,500,Rain,light rain,10d
2025-07-27 18:00:49,Vinh Long,Vinh Long,28.53,28.53,28.53,78.0,33.1,10000.0,0.24,100.0,6.19,10.9,256.0,1006.0,1,500,Rain,light rain,10d
2025-07-27 18:04:38,Vinh Long,Vinh Long,28.38,28.38,28.38,85.0,33.99,10000.0,0.15,100.0,6.19,10.9,256.0,1006.0,1,500,Rain,light rain,10d
2025-07-27 18:08:27,Vinh Long,Vinh Long,28.38,28.38,28.38,85.0,33.99,10000.0,0.0,100.0,6.19,10.9,256.0,1006.0,1,804,Clouds,overcast clouds,04d
2025-07-27 18:12:16,Vinh Long,Vinh Long,28.38,28.38,28.38,85.0,33.99,10000.0,0.0,100.0,6.19,10.9,256.0,1006.0,1,804,Clouds,overcast clouds,04d
2025-07-27 18:16:05,Vinh Long,Vinh Long,28.38,28.38,28.38,85.0,33.99,10000.0,0.0,100.0,6.19,10.9,256.0,1006.0,1,804,Clouds,overcast clouds,04d
2025-07-27 18:19:54,Vinh Long,Vinh Long,28.38,28.38,28.38,85.0,33.99,10000.0,0.0,100.0,6.19,10.9,256.0,1006.0,1,804,Clouds,overcast clouds,04d
2025-07-27 18:23:42,Vinh Long,Vinh Long,28.38,28.38,28.38,85.0,33.99,10000.0,0.0,100.0,6.19,10.9,256.0,1006.0,0,804,Clouds,overcast clouds,04d
2025-07-27 18:27:31,Vinh Long,Vinh Long,28.38,28.38,28.38,85.0,33.99,10000.0,0.0,100.0,6.19,10.9,256.0,1006.0,0,804,Clouds,overcast clouds,04d
2025-07-27 18:31:20,Vinh Long,Vinh Long,27.74,27.74,27.74,81.0,31.6,10000.0,0.13,100.0,5.62,11.12,250.0,1007.0,0,500,Rain,light rain,10n
2025-07-27 18:35:10,Vinh Long,Vinh Long,27.74,27.74,27.74,81.0,31.6,10000.0,0.15,100.0,5.62,11.12,250.0,1007.0,0,500,Rain,light rain,10n
2025-07-27 18:38:59,Vinh Long,Vinh Long,27.74,27.74,27.74,81.0,31.6,10000.0,0.15,100.0,5.62,11.12,250.0,1007.0,0,500,Rain,light rain,10n
2025-07-27 18:42:47,Vinh Long,Vinh Long,27.74,27.74,27.74,81.0,31.6,10000.0,0.15,100.0,5.62,11.12,250.0,1007.0,0,500,Rain,light rain,10n
2025-07-27 18:46:37,Vinh Long,Vinh Long,27.74,27.74,27.74,81.0,31.6,10000.0,0.15,100.0,5.62,11.12,250.0,1007.0,0,500,Rain,light rain,10n
2025-07-27 18:50:26,Vinh Long,Vinh Long,27.74,27.74,27.74,81.0,31.6,10000.0,0.15,100.0,5.62,11.12,250.0,1007.0,0,500,Rain,light rain,10n
2025-07-27 18:54:16,Vinh Long,Vinh Long,27.77,27.77,27.77,80.0,31.53,10000.0,0.21,100.0,5.62,11.12,250.0,1007.0,0,500,Rain,light rain,10n
2025-07-27 18:58:05,Vinh Long,Vinh Long,27.77,27.77,27.77,80.0,31.53,10000.0,0.27,100.0,5.59,10.77,251.0,1007.0,0,500,Rain,light rain,10n
2025-07-27 19:01:54,Vinh Long,Vinh Long,27.77,27.77,27.77,80.0,31.53,10000.0,0.21,100.0,5.62,11.12,250.0,1007.0,0,500,Rain,light rain,10n
2025-07-27 19:05:43,Vinh Long,Vinh Long,27.77,27.77,27.77,80.0,31.53,10000.0,0.24,100.0,5.59,10.77,251.0,1007.0,0,500,Rain,light rain,10n
2025-07-27 19:09:29,Vinh Long,Vinh Long,27.77,27.77,27.77,80.0,31.53,10000.0,0.27,100.0,5.59,10.77,251.0,1007.0,0,500,Rain,light rain,10n
2025-07-27 19:13:14,Vinh Long,Vinh Long,27.77,27.77,27.77,80.0,31.53,10000.0,0.27,100.0,5.59,10.77,251.0,1007.0,0,500,Rain,light rain,10n
2025-07-27 19:17:00,Vinh Long,Vinh Long,27.77,27.77,27.77,80.0,31.53,10000.0,0.27,100.0,5.59,10.77,251.0,1007.0,0,500,Rain,light rain,10n
2025-07-27 19:20:46,Vinh Long,Vinh Long,27.77,27.77,27.77,80.0,31.53,10000.0,0.28,100.0,5.59,10.77,251.0,1007.0,0,500,Rain,light rain,10n
2025-07-27 19:24:31,Vinh Long,Vinh Long,27.77,27.77,27.77,80.0,31.53,10000.0,0.28,100.0,5.59,10.77,251.0,1007.0,0,500,Rain,light rain,10n
2025-07-27 19:28:17,Vinh Long,Vinh Long,27.77,27.77,27.77,80.0,31.53,10000.0,0.32,100.0,5.59,10.77,251.0,1007.0,0,500,Rain,light rain,10n
2025-07-27 19:32:04,Vinh Long,Vinh Long,27.77,27.77,27.77,80.0,31.53,10000.0,0.32,100.0,5.59,10.77,251.0,1007.0,0,500,Rain,light rain,10n
2025-07-27 19:35:50,Vinh Long,Vinh Long,27.31,27.31,27.31,80.0,30.44,10000.0,0.37,97.0,5.5,11.55,249.0,1008.0,0,500,Rain,light rain,10n
2025-07-27 19:39:35,Vinh Long,Vinh Long,27.31,27.31,27.31,80.0,30.44,10000.0,0.37,97.0,5.5,11.55,249.0,1008.0,0,500,Rain,light rain,10n
2025-07-27 19:43:21,Vinh Long,Vinh Long,27.07,27.07,27.07,83.0,30.2,10000.0,0.37,97.0,5.5,11.55,249.0,1007.0,0,500,Rain,light rain,10n
2025-07-27 19:47:07,Vinh Long,Vinh Long,27.07,27.07,27.07,83.0,30.2,10000.0,0.37,97.0,5.5,11.55,249.0,1007.0,0,500,Rain,light rain,10n
2025-07-27 19:50:53,Vinh Long,Vinh Long,27.07,27.07,27.07,83.0,30.2,10000.0,0.37,97.0,5.5,11.55,249.0,1007.0,0,500,Rain,light rain,10n
2025-07-27 19:54:38,Vinh Long,Vinh Long,27.07,27.07,27.07,83.0,30.2,10000.0,0.37,97.0,5.5,11.55,249.0,1007.0,0,500,Rain,light rain,10n
2025-07-27 19:58:24,Vinh Long,Vinh Long,27.13,27.13,27.13,83.0,30.34,10000.0,0.46,97.0,5.5,11.55,249.0,1007.0,0,500,Rain,light rain,10n
2025-07-27 20:02:10,Vinh Long,Vinh Long,27.04,27.04,27.04,88.0,30.64,10000.0,0.49,97.0,5.5,11.55,249.0,1007.0,0,500,Rain,light rain,10n
2025-07-27 20:05:56,Vinh Long,Vinh Long,27.04,27.04,27.04,88.0,30.64,10000.0,0.49,97.0,5.5,11.55,249.0,1007.0,0,500,Rain,light rain,10n
2025-07-27 20:09:41,Vinh Long,Vinh Long,27.04,27.04,27.04,88.0,30.64,10000.0,0.49,97.0,5.5,11.55,249.0,1007.0,0,500,Rain,light rain,10n
2025-07-27 20:13:27,Vinh Long,Vinh Long,27.04,27.04,27.04,88.0,30.64,10000.0,0.4,97.0,5.5,11.55,249.0,1007.0,0,500,Rain,light rain,10n
2025-07-27 20:17:13,Vinh Long,Vinh Long,27.04,27.04,27.04,88.0,30.64,10000.0,0.21,97.0,5.5,11.55,249.0,1007.0,0,500,Rain,light rain,10n
2025-07-27 20:20:59,Vinh Long,Vinh Long,27.04,27.04,27.04,88.0,30.64,10000.0,0.21,97.0,5.5,11.55,249.0,1007.0,0,500,Rain,light rain,10n
2025-07-27 20:24:45,Vinh Long,Vinh Long,27.04,27.04,27.04,88.0,30.64,10000.0,0.21,97.0,5.5,11.55,249.0,1007.0,0,500,Rain,light rain,10n
2025-07-27 20:28:30,Vinh Long,Vinh Long,27.04,27.04,27.04,88.0,30.64,10000.0,0.21,97.0,5.5,11.55,249.0,1007.0,0,500,Rain,light rain,10n
2025-07-27 20:32:15,Vinh Long,Vinh Long,27.04,27.04,27.04,88.0,30.64,10000.0,0.21,97.0,5.5,11.55,249.0,1007.0,0,500,Rain,light rain,10n
2025-07-27 20:36:01,Vinh Long,Vinh Long,26.91,26.91,26.91,85.0,30.0,10000.0,0.14,99.0,5.0,11.52,247.0,1008.0,0,500,Rain,light rain,10n
2025-07-27 20:39:47,Vinh Long,Vinh Long,26.91,26.91,26.91,85.0,30.0,10000.0,0.1,99.0,5.0,11.52,247.0,1008.0,0,500,Rain,light rain,10n
2025-07-27 20:43:32,Vinh Long,Vinh Long,26.91,26.91,26.91,85.0,30.0,10000.0,0.1,99.0,5.0,11.52,247.0,1008.0,0,500,Rain,light rain,10n
2025-07-27 20:47:18,Vinh Long,Vinh Long,26.91,26.91,26.91,85.0,30.0,10000.0,0.1,99.0,5.0,11.52,247.0,1008.0,0,500,Rain,light rain,10n
2025-07-27 20:51:04,Vinh Long,Vinh Long,26.93,26.93,26.93,85.0,30.05,10000.0,0.16,99.0,5.0,11.52,247.0,1008.0,0,500,Rain,light rain,10n
2025-07-27 20:54:50,Vinh Long,Vinh Long,26.93,26.93,26.93,85.0,30.05,10000.0,0.21,99.0,5.0,11.52,247.0,1008.0,0,500,Rain,light rain,10n
2025-07-27 20:58:35,Vinh Long,Vinh Long,26.93,26.93,26.93,85.0,30.05,10000.0,0.21,99.0,5.0,11.52,247.0,1008.0,0,500,Rain,light rain,10n
2025-07-27 21:02:21,Vinh Long,Vinh Long,26.93,26.93,26.93,85.0,30.05,10000.0,0.21,99.0,5.0,11.52,247.0,1008.0,0,500,Rain,light rain,10n
2025-07-27 21:06:07,Vinh Long,Vinh Long,26.85,26.85,26.85,89.0,30.22,10000.0,0.0,99.0,5.0,11.52,247.0,1008.0,0,804,Clouds,overcast clouds,04n
2025-07-27 21:09:53,Vinh Long,Vinh Long,26.85,26.85,26.85,89.0,30.22,10000.0,0.0,99.0,5.0,11.52,247.0,1008.0,0,804,Clouds,overcast clouds,04n
2025-07-27 21:13:39,Vinh Long,Vinh Long,26.85,26.85,26.85,89.0,30.22,10000.0,0.0,99.0,5.0,11.52,247.0,1008.0,0,804,Clouds,overcast clouds,04n
2025-07-27 21:17:25,Vinh Long,Vinh Long,26.85,26.85,26.85,89.0,30.22,10000.0,0.0,99.0,5.0,11.52,247.0,1008.0,0,804,Clouds,overcast clouds,04n
2025-07-27 21:21:11,Vinh Long,Vinh Long,26.85,26.85,26.85,89.0,30.22,10000.0,0.0,99.0,5.0,11.52,247.0,1008.0,0,804,Clouds,overcast clouds,04n
2025-07-27 21:24:56,Vinh Long,Vinh Long,26.85,26.85,26.85,89.0,30.22,10000.0,0.0,99.0,5.0,11.52,247.0,1008.0,0,804,Clouds,overcast clouds,04n
2025-07-27 21:28:42,Vinh Long,Vinh Long,26.85,26.85,26.85,89.0,30.22,10000.0,0.0,99.0,5.0,11.52,247.0,1008.0,0,804,Clouds,overcast clouds,04n
2025-07-27 21:32:28,Vinh Long,Vinh Long,26.85,26.85,26.85,89.0,30.22,10000.0,0.0,99.0,5.0,11.52,247.0,1008.0,0,804,Clouds,overcast clouds,04n
2025-07-27 21:36:14,Vinh Long,Vinh Long,26.78,26.78,26.78,86.0,29.76,10000.0,0.0,91.0,3.97,10.72,246.0,1009.0,0,804,Clouds,overcast clouds,04n
2025-07-27 21:39:59,Vinh Long,Vinh Long,26.78,26.78,26.78,86.0,29.76,10000.0,0.0,91.0,3.97,10.72,246.0,1009.0,0,804,Clouds,overcast clouds,04n
2025-07-27 21:43:45,Vinh Long,Vinh Long,26.78,26.78,26.78,86.0,29.76,10000.0,0.0,91.0,3.97,10.72,246.0,1009.0,0,804,Clouds,overcast clouds,04n
2025-07-27 21:47:30,Vinh Long,Vinh Long,26.78,26.78,26.78,86.0,29.76,10000.0,0.0,91.0,3.97,10.72,246.0,1009.0,0,804,Clouds,overcast clouds,04n
2025-07-27 21:51:16,Vinh Long,Vinh Long,26.78,26.78,26.78,86.0,29.76,10000.0,0.0,91.0,3.97,10.72,246.0,1009.0,0,804,Clouds,overcast clouds,04n
2025-07-27 21:55:02,Vinh Long,Vinh Long,26.78,26.78,26.78,86.0,29.76,10000.0,0.0,91.0,3.97,10.72,246.0,1009.0,0,804,Clouds,overcast clouds,04n
2025-07-27 21:58:48,Vinh Long,Vinh Long,26.78,26.78,26.78,86.0,29.76,10000.0,0.0,91.0,3.97,10.72,246.0,1009.0,0,804,Clouds,overcast clouds,04n
2025-07-27 22:02:33,Vinh Long,Vinh Long,26.78,26.78,26.78,86.0,29.76,10000.0,0.0,91.0,3.97,10.72,246.0,1009.0,0,804,Clouds,overcast clouds,04n
2025-07-27 22:06:19,Vinh Long,Vinh Long,26.72,26.72,26.72,90.0,29.95,10000.0,0.0,91.0,3.97,10.72,246.0,1008.0,0,804,Clouds,overcast clouds,04n
2025-07-27 22:10:05,Vinh Long,Vinh Long,26.72,26.72,26.72,90.0,29.95,10000.0,0.0,91.0,3.97,10.72,246.0,1008.0,0,804,Clouds,overcast clouds,04n
2025-07-27 22:13:51,Vinh Long,Vinh Long,26.72,26.72,26.72,90.0,29.95,10000.0,0.0,91.0,3.97,10.72,246.0,1008.0,0,804,Clouds,overcast clouds,04n
2025-07-27 22:17:37,Vinh Long,Vinh Long,26.75,26.75,26.75,90.0,30.03,10000.0,0.0,91.0,3.97,10.72,246.0,1008.0,0,804,Clouds,overcast clouds,04n
2025-07-27 22:21:22,Vinh Long,Vinh Long,26.75,26.75,26.75,90.0,30.03,10000.0,0.0,91.0,3.97,10.72,246.0,1008.0,0,804,Clouds,overcast clouds,04n
2025-07-27 22:25:08,Vinh Long,Vinh Long,26.75,26.75,26.75,90.0,30.03,10000.0,0.0,91.0,3.97,10.72,246.0,1008.0,0,804,Clouds,overcast clouds,04n
2025-07-27 22:28:54,Vinh Long,Vinh Long,26.75,26.75,26.75,90.0,30.03,10000.0,0.0,91.0,3.97,10.72,246.0,1008.0,0,804,Clouds,overcast clouds,04n
2025-07-27 22:32:40,Vinh Long,Vinh Long,26.48,26.48,26.48,88.0,26.48,10000.0,0.0,93.0,3.3,10.04,237.0,1009.0,0,804,Clouds,overcast clouds,04n
2025-07-27 22:36:26,Vinh Long,Vinh Long,26.48,26.48,26.48,88.0,26.48,10000.0,0.0,93.0,3.3,10.04,237.0,1009.0,0,804,Clouds,overcast clouds,04n
2025-07-27 22:40:12,Vinh Long,Vinh Long,26.48,26.48,26.48,88.0,26.48,10000.0,0.0,93.0,3.3,10.04,237.0,1009.0,0,804,Clouds,overcast clouds,04n
2025-07-27 22:43:57,Vinh Long,Vinh Long,26.48,26.48,26.48,88.0,26.48,10000.0,0.0,93.0,3.3,10.04,237.0,1009.0,0,804,Clouds,overcast clouds,04n
2025-07-27 22:47:43,Vinh Long,Vinh Long,26.48,26.48,26.48,88.0,26.48,10000.0,0.0,93.0,3.3,10.04,237.0,1009.0,0,804,Clouds,overcast clouds,04n
2025-07-27 22:51:29,Vinh Long,Vinh Long,26.48,26.48,26.48,88.0,26.48,10000.0,0.0,93.0,3.3,10.04,237.0,1009.0,0,804,Clouds,overcast clouds,04n
2025-07-27 22:55:15,Vinh Long,Vinh Long,26.48,26.48,26.48,88.0,26.48,10000.0,0.0,93.0,3.3,10.04,237.0,1009.0,0,804,Clouds,overcast clouds,04n
2025-07-27 22:59:00,Vinh Long,Vinh Long,26.48,26.48,26.48,88.0,26.48,10000.0,0.0,93.0,3.3,10.04,237.0,1009.0,0,804,Clouds,overcast clouds,04n
2025-07-27 23:02:46,Vinh Long,Vinh Long,26.48,26.48,26.48,88.0,26.48,10000.0,0.0,93.0,3.3,10.04,237.0,1009.0,0,804,Clouds,overcast clouds,04n
2025-07-27 23:06:32,Vinh Long,Vinh Long,26.44,26.44,26.44,91.0,26.44,10000.0,0.0,93.0,3.3,10.04,237.0,1008.0,0,804,Clouds,overcast clouds,04n
2025-07-27 23:10:18,Vinh Long,Vinh Long,26.44,26.44,26.44,91.0,26.44,10000.0,0.0,93.0,3.3,10.04,237.0,1008.0,0,804,Clouds,overcast clouds,04n
2025-07-27 23:14:05,Vinh Long,Vinh Long,26.44,26.44,26.44,91.0,26.44,10000.0,0.0,93.0,3.3,10.04,237.0,1008.0,0,804,Clouds,overcast clouds,04n
2025-07-27 23:17:51,Vinh Long,Vinh Long,26.44,26.44,26.44,91.0,26.44,10000.0,0.0,93.0,3.3,10.04,237.0,1008.0,0,804,Clouds,overcast clouds,04n
2025-07-27 23:21:37,Vinh Long,Vinh Long,26.44,26.44,26.44,91.0,26.44,10000.0,0.0,93.0,3.3,10.04,237.0,1008.0,0,804,Clouds,overcast clouds,04n
2025-07-27 23:25:22,Vinh Long,Vinh Long,26.44,26.44,26.44,91.0,26.44,10000.0,0.0,93.0,3.3,10.04,237.0,1008.0,0,804,Clouds,overcast clouds,04n
2025-07-27 23:29:08,Vinh Long,Vinh Long,26.44,26.44,26.44,91.0,26.44,10000.0,0.0,93.0,3.3,10.04,237.0,1008.0,0,804,Clouds,overcast clouds,04n
2025-07-27 23:32:54,Vinh Long,Vinh Long,26.44,26.44,26.44,91.0,26.44,10000.0,0.0,93.0,3.3,10.04,237.0,1008.0,0,804,Clouds,overcast clouds,04n
2025-07-27 23:36:39,Vinh Long,Vinh Long,26.44,26.44,26.44,91.0,26.44,10000.0,0.0,93.0,3.3,10.04,237.0,1008.0,0,804,Clouds,overcast clouds,04n
2025-07-27 23:40:25,Vinh Long,Vinh Long,26.44,26.44,26.44,91.0,26.44,10000.0,0.0,93.0,3.3,10.04,237.0,1008.0,0,804,Clouds,overcast clouds,04n
2025-07-27 23:44:11,Vinh Long,Vinh Long,26.1,26.1,26.1,90.0,26.1,10000.0,0.0,94.0,2.86,9.56,235.0,1008.0,0,804,Clouds,overcast clouds,04n
2025-07-27 23:47:57,Vinh Long,Vinh Long,26.12,26.12,26.12,90.0,26.12,10000.0,0.0,94.0,2.86,9.56,235.0,1008.0,0,804,Clouds,overcast clouds,04n
2025-07-27 23:51:42,Vinh Long,Vinh Long,26.1,26.1,26.1,90.0,26.1,10000.0,0.0,94.0,2.86,9.56,235.0,1008.0,0,804,Clouds,overcast clouds,04n
2025-07-27 23:55:28,Vinh Long,Vinh Long,26.12,26.12,26.12,90.0,26.12,10000.0,0.0,94.0,2.86,9.56,235.0,1008.0,0,804,Clouds,overcast clouds,04n
2025-07-27 23:59:13,Vinh Long,Vinh Long,26.12,26.12,26.12,90.0,26.12,10000.0,0.0,94.0,2.86,9.56,235.0,1008.0,0,804,Clouds,overcast clouds,04n
2025-07-28 00:02:59,Vinh Long,Vinh Long,26.12,26.12,26.12,90.0,26.12,10000.0,0.0,94.0,2.86,9.56,235.0,1008.0,0,804,Clouds,overcast clouds,04n
2025-07-28 00:06:45,Vinh Long,Vinh Long,26.12,26.12,26.12,93.0,26.12,10000.0,0.0,94.0,2.86,9.56,235.0,1008.0,0,804,Clouds,overcast clouds,04n
2025-07-28 00:10:31,Vinh Long,Vinh Long,26.12,26.12,26.12,93.0,26.12,10000.0,0.0,94.0,2.86,9.56,235.0,1008.0,0,804,Clouds,overcast clouds,04n
2025-07-28 00:14:17,Vinh Long,Vinh Long,26.12,26.12,26.12,93.0,26.12,10000.0,0.1,94.0,2.86,9.56,235.0,1008.0,0,500,Rain,light rain,10n
2025-07-28 00:18:03,Vinh Long,Vinh Long,26.12,26.12,26.12,93.0,26.12,10000.0,0.1,94.0,2.86,9.56,235.0,1008.0,0,500,Rain,light rain,10n
2025-07-28 00:21:49,Vinh Long,Vinh Long,26.12,26.12,26.12,93.0,26.12,10000.0,0.17,94.0,2.86,9.56,235.0,1008.0,0,500,Rain,light rain,10n
2025-07-28 00:25:35,Vinh Long,Vinh Long,26.12,26.12,26.12,93.0,26.12,10000.0,0.17,94.0,2.86,9.56,235.0,1008.0,0,500,Rain,light rain,10n
2025-07-28 00:29:21,Vinh Long,Vinh Long,26.12,26.12,26.12,93.0,26.12,10000.0,0.17,94.0,2.86,9.56,235.0,1008.0,0,500,Rain,light rain,10n
2025-07-28 00:33:07,Vinh Long,Vinh Long,25.81,25.81,25.81,92.0,26.85,10000.0,0.37,95.0,2.73,9.64,232.0,1008.0,0,500,Rain,light rain,10n
2025-07-28 00:36:53,Vinh Long,Vinh Long,25.81,25.81,25.81,92.0,26.85,10000.0,0.37,95.0,2.73,9.64,232.0,1008.0,0,500,Rain,light rain,10n
2025-07-28 00:40:38,Vinh Long,Vinh Long,25.81,25.81,25.81,92.0,26.85,10000.0,0.37,95.0,2.73,9.64,232.0,1008.0,0,500,Rain,light rain,10n
2025-07-28 00:44:24,Vinh Long,Vinh Long,25.81,25.81,25.81,92.0,26.85,10000.0,0.65,95.0,2.73,9.64,232.0,1008.0,0,500,Rain,light rain,10n
2025-07-28 00:48:10,Vinh Long,Vinh Long,25.81,25.81,25.81,92.0,26.85,10000.0,0.65,95.0,2.73,9.64,232.0,1008.0,0,500,Rain,light rain,10n
2025-07-28 00:51:56,Vinh Long,Vinh Long,25.81,25.81,25.81,92.0,26.85,10000.0,0.56,95.0,2.73,9.64,232.0,1008.0,0,500,Rain,light rain,10n
2025-07-28 00:55:41,Vinh Long,Vinh Long,25.81,25.81,25.81,92.0,26.85,10000.0,0.56,95.0,2.73,9.64,232.0,1008.0,0,500,Rain,light rain,10n
2025-07-28 00:59:26,Vinh Long,Vinh Long,25.81,25.81,25.81,92.0,26.85,10000.0,0.56,95.0,2.73,9.64,232.0,1008.0,0,500,Rain,light rain,10n
2025-07-28 01:03:13,Vinh Long,Vinh Long,25.82,25.82,25.82,93.0,26.89,10000.0,0.49,95.0,2.73,9.64,232.0,1008.0,0,500,Rain,light rain,10n
2025-07-28 01:06:58,Vinh Long,Vinh Long,25.82,25.82,25.82,93.0,26.89,10000.0,0.19,95.0,2.73,9.64,232.0,1008.0,0,500,Rain,light rain,10n
2025-07-28 01:10:44,Vinh Long,Vinh Long,25.82,25.82,25.82,93.0,26.89,10000.0,0.49,95.0,2.73,9.64,232.0,1008.0,0,500,Rain,light rain,10n
2025-07-28 01:14:30,Vinh Long,Vinh Long,25.82,25.82,25.82,93.0,26.89,10000.0,0.18,95.0,2.73,9.64,232.0,1008.0,0,500,Rain,light rain,10n
2025-07-28 01:18:16,Vinh Long,Vinh Long,25.83,25.83,25.83,94.0,26.92,10000.0,0.27,95.0,2.73,9.64,232.0,1008.0,0,500,Rain,light rain,10n
2025-07-28 01:22:01,Vinh Long,Vinh Long,25.83,25.83,25.83,94.0,26.92,10000.0,0.27,95.0,2.73,9.64,232.0,1008.0,0,500,Rain,light rain,10n
2025-07-28 01:25:47,Vinh Long,Vinh Long,25.83,25.83,25.83,94.0,26.92,10000.0,0.21,95.0,2.73,9.64,232.0,1008.0,0,500,Rain,light rain,10n
2025-07-28 01:29:33,Vinh Long,Vinh Long,25.83,25.83,25.83,94.0,26.92,10000.0,0.21,95.0,2.73,9.64,232.0,1008.0,0,500,Rain,light rain,10n
2025-07-28 01:33:19,Vinh Long,Vinh Long,25.83,25.83,25.83,94.0,26.92,10000.0,0.21,95.0,2.73,9.64,232.0,1008.0,0,500,Rain,light rain,10n
2025-07-28 01:37:05,Vinh Long,Vinh Long,25.03,25.03,25.03,95.0,26.07,5734.0,0.18,99.0,2.99,10.71,227.0,1007.0,0,500,Rain,light rain,10n
2025-07-28 01:40:51,Vinh Long,Vinh Long,25.03,25.03,25.03,95.0,26.07,5734.0,0.18,99.0,2.99,10.71,227.0,1007.0,0,500,Rain,light rain,10n
2025-07-28 01:44:37,Vinh Long,Vinh Long,25.03,25.03,25.03,95.0,26.07,5734.0,0.15,99.0,2.99,10.71,227.0,1007.0,0,500,Rain,light rain,10n
2025-07-28 01:48:22,Vinh Long,Vinh Long,25.03,25.03,25.03,95.0,26.07,5734.0,0.15,99.0,2.99,10.71,227.0,1007.0,0,500,Rain,light rain,10n
2025-07-28 01:52:08,Vinh Long,Vinh Long,25.03,25.03,25.03,95.0,26.07,5734.0,0.24,99.0,2.99,10.71,227.0,1007.0,0,500,Rain,light rain,10n
2025-07-28 01:55:55,Vinh Long,Vinh Long,25.03,25.03,25.03,95.0,26.07,5734.0,0.24,99.0,2.99,10.71,227.0,1007.0,0,500,Rain,light rain,10n
2025-07-28 01:59:40,Vinh Long,Vinh Long,25.03,25.03,25.03,95.0,26.07,5734.0,0.24,99.0,2.99,10.71,227.0,1007.0,0,500,Rain,light rain,10n
2025-07-28 02:03:26,Vinh Long,Vinh Long,25.03,25.03,25.03,95.0,26.07,5734.0,0.15,99.0,2.99,10.71,227.0,1007.0,0,500,Rain,light rain,10n
2025-07-28 02:07:13,Vinh Long,Vinh Long,25.03,25.03,25.03,95.0,26.07,5734.0,0.15,99.0,2.99,10.71,227.0,1007.0,0,500,Rain,light rain,10n
2025-07-28 02:10:59,Vinh Long,Vinh Long,25.03,25.03,25.03,95.0,26.07,5734.0,0.13,99.0,2.99,10.71,227.0,1007.0,0,500,Rain,light rain,10n
2025-07-28 02:14:45,Vinh Long,Vinh Long,25.52,25.52,25.52,96.0,26.63,5734.0,0.13,99.0,2.99,10.71,227.0,1007.0,0,500,Rain,light rain,10n
2025-07-28 02:18:31,Vinh Long,Vinh Long,25.52,25.52,25.52,96.0,26.63,5734.0,0.12,99.0,2.99,10.71,227.0,1007.0,0,500,Rain,light rain,10n
2025-07-28 02:22:16,Vinh Long,Vinh Long,25.52,25.52,25.52,96.0,26.63,5734.0,0.13,99.0,2.99,10.71,227.0,1007.0,0,500,Rain,light rain,10n
2025-07-28 02:26:02,Vinh Long,Vinh Long,25.52,25.52,25.52,96.0,26.63,5734.0,0.1,99.0,2.99,10.71,227.0,1007.0,0,500,Rain,light rain,10n
2025-07-28 02:29:47,Vinh Long,Vinh Long,25.52,25.52,25.52,96.0,26.63,5734.0,0.1,99.0,2.99,10.71,227.0,1007.0,0,500,Rain,light rain,10n
2025-07-28 02:33:33,Vinh Long,Vinh Long,25.38,25.38,25.38,96.0,26.48,10000.0,0.0,99.0,2.81,10.88,222.0,1007.0,0,804,Clouds,overcast clouds,04n
2025-07-28 02:37:20,Vinh Long,Vinh Long,25.38,25.38,25.38,96.0,26.48,10000.0,0.0,99.0,2.81,10.88,222.0,1007.0,0,804,Clouds,overcast clouds,04n
2025-07-28 02:41:06,Vinh Long,Vinh Long,25.38,25.38,25.38,96.0,26.48,10000.0,0.0,99.0,2.81,10.88,222.0,1007.0,0,804,Clouds,overcast clouds,04n
2025-07-28 02:44:52,Vinh Long,Vinh Long,25.38,25.38,25.38,96.0,26.48,10000.0,0.0,99.0,2.81,10.88,222.0,1007.0,0,804,Clouds,overcast clouds,04n
2025-07-28 02:48:38,Vinh Long,Vinh Long,25.37,25.37,25.37,96.0,26.47,10000.0,0.0,99.0,2.81,10.88,222.0,1007.0,0,804,Clouds,overcast clouds,04n
2025-07-28 02:52:23,Vinh Long,Vinh Long,25.37,25.37,25.37,96.0,26.47,10000.0,0.0,99.0,2.81,10.88,222.0,1007.0,0,804,Clouds,overcast clouds,04n
2025-07-28 02:56:09,Vinh Long,Vinh Long,25.37,25.37,25.37,96.0,26.47,10000.0,0.0,99.0,2.81,10.88,222.0,1007.0,0,804,Clouds,overcast clouds,04n
2025-07-28 02:59:55,Vinh Long,Vinh Long,25.37,25.37,25.37,96.0,26.47,10000.0,0.0,99.0,2.81,10.88,222.0,1007.0,0,804,Clouds,overcast clouds,04n
2025-07-28 03:03:40,Vinh Long,Vinh Long,25.37,25.37,25.37,96.0,26.47,10000.0,0.0,99.0,2.81,10.88,222.0,1007.0,0,804,Clouds,overcast clouds,04n
2025-07-28 03:07:29,Vinh Long,Vinh Long,25.45,25.45,25.45,96.0,26.56,10000.0,0.0,99.0,2.81,10.88,222.0,1007.0,0,804,Clouds,overcast clouds,04n
2025-07-28 03:11:15,Vinh Long,Vinh Long,25.45,25.45,25.45,96.0,26.56,10000.0,0.0,99.0,2.81,10.88,222.0,1007.0,0,804,Clouds,overcast clouds,04n
2025-07-28 03:15:01,Vinh Long,Vinh Long,25.45,25.45,25.45,96.0,26.56,10000.0,0.0,99.0,2.81,10.88,222.0,1007.0,0,804,Clouds,overcast clouds,04n
2025-07-28 03:18:46,Vinh Long,Vinh Long,25.45,25.45,25.45,96.0,26.56,10000.0,0.0,99.0,2.81,10.88,222.0,1007.0,0,804,Clouds,overcast clouds,04n
2025-07-28 03:22:32,Vinh Long,Vinh Long,25.45,25.45,25.45,96.0,26.56,10000.0,0.0,99.0,2.81,10.88,222.0,1007.0,0,804,Clouds,overcast clouds,04n
2025-07-28 03:26:18,Vinh Long,Vinh Long,25.45,25.45,25.45,96.0,26.56,10000.0,1.27,99.0,2.81,10.88,222.0,1007.0,0,501,Rain,moderate rain,10n
2025-07-28 03:30:04,Vinh Long,Vinh Long,25.48,25.48,25.48,95.0,26.56,10000.0,6.48,99.0,3.0,10.24,220.0,1007.0,0,502,Rain,heavy intensity rain,10n
2025-07-28 03:33:50,Vinh Long,Vinh Long,25.45,25.45,25.45,96.0,26.56,10000.0,1.27,99.0,2.81,10.88,222.0,1007.0,0,501,Rain,moderate rain,10n
2025-07-28 03:37:36,Vinh Long,Vinh Long,25.47,25.47,25.47,95.0,26.55,10000.0,6.89,99.0,3.0,10.24,220.0,1007.0,0,502,Rain,heavy intensity rain,10n
2025-07-28 03:41:24,Vinh Long,Vinh Long,25.47,25.47,25.47,95.0,26.55,10000.0,0.79,99.0,3.0,10.24,220.0,1007.0,0,500,Rain,light rain,10n
2025-07-28 03:45:10,Vinh Long,Vinh Long,25.47,25.47,25.47,95.0,26.55,10000.0,0.79,99.0,3.0,10.24,220.0,1007.0,0,500,Rain,light rain,10n
2025-07-28 03:48:56,Vinh Long,Vinh Long,25.46,25.46,25.46,95.0,26.54,10000.0,2.27,99.0,3.0,10.24,220.0,1007.0,0,501,Rain,moderate rain,10n
2025-07-28 03:52:41,Vinh Long,Vinh Long,25.46,25.46,25.46,95.0,26.54,10000.0,2.27,99.0,3.0,10.24,220.0,1007.0,0,501,Rain,moderate rain,10n
2025-07-28 03:56:26,Vinh Long,Vinh Long,25.46,25.46,25.46,95.0,26.54,10000.0,2.27,99.0,3.0,10.24,220.0,1007.0,0,501,Rain,moderate rain,10n
2025-07-28 04:00:13,Vinh Long,Vinh Long,25.46,25.46,25.46,95.0,26.54,10000.0,1.33,99.0,3.0,10.24,220.0,1007.0,0,501,Rain,moderate rain,10n
2025-07-28 04:03:59,Vinh Long,Vinh Long,25.53,25.53,25.53,96.0,26.65,10000.0,1.78,99.0,3.0,10.24,220.0,1007.0,0,501,Rain,moderate rain,10n
2025-07-28 04:07:44,Vinh Long,Vinh Long,25.53,25.53,25.53,96.0,26.65,10000.0,1.78,99.0,3.0,10.24,220.0,1007.0,0,501,Rain,moderate rain,10n
2025-07-28 04:11:31,Vinh Long,Vinh Long,25.53,25.53,25.53,96.0,26.65,10000.0,1.54,99.0,3.0,10.24,220.0,1007.0,0,501,Rain,moderate rain,10n
2025-07-28 04:15:17,Vinh Long,Vinh Long,25.53,25.53,25.53,96.0,26.65,10000.0,1.54,99.0,3.0,10.24,220.0,1007.0,0,501,Rain,moderate rain,10n
2025-07-28 04:19:03,Vinh Long,Vinh Long,25.53,25.53,25.53,96.0,26.65,10000.0,1.73,99.0,3.0,10.24,220.0,1007.0,0,501,Rain,moderate rain,10n
2025-07-28 04:22:49,Vinh Long,Vinh Long,25.53,25.53,25.53,96.0,26.65,10000.0,2.05,99.0,3.0,10.24,220.0,1007.0,0,501,Rain,moderate rain,10n
2025-07-28 04:26:34,Vinh Long,Vinh Long,25.53,25.53,25.53,96.0,26.65,10000.0,2.05,99.0,3.0,10.24,220.0,1007.0,0,501,Rain,moderate rain,10n
2025-07-28 04:30:20,Vinh Long,Vinh Long,25.65,25.65,25.65,94.0,26.73,10000.0,1.78,78.0,3.18,10.09,217.0,1007.0,0,501,Rain,moderate rain,10n
2025-07-28 04:34:06,Vinh Long,Vinh Long,25.6,25.6,25.6,95.0,26.7,10000.0,2.25,78.0,3.18,10.09,217.0,1007.0,0,501,Rain,moderate rain,10n
2025-07-28 04:37:52,Vinh Long,Vinh Long,25.6,25.6,25.6,95.0,26.7,10000.0,2.13,78.0,3.18,10.09,217.0,1007.0,0,501,Rain,moderate rain,10n
2025-07-28 04:41:38,Vinh Long,Vinh Long,25.6,25.6,25.6,95.0,26.7,10000.0,2.25,78.0,3.18,10.09,217.0,1007.0,0,501,Rain,moderate rain,10n
2025-07-28 04:45:24,Vinh Long,Vinh Long,25.6,25.6,25.6,95.0,26.7,10000.0,2.73,78.0,3.18,10.09,217.0,1007.0,0,501,Rain,moderate rain,10n
2025-07-28 04:49:10,Vinh Long,Vinh Long,25.64,25.64,25.64,94.0,26.71,10000.0,2.05,78.0,3.18,10.09,217.0,1007.0,0,501,Rain,moderate rain,10n
2025-07-28 04:52:55,Vinh Long,Vinh Long,25.6,25.6,25.6,95.0,26.7,10000.0,2.73,78.0,3.18,10.09,217.0,1007.0,0,501,Rain,moderate rain,10n
2025-07-28 04:56:41,Vinh Long,Vinh Long,25.64,25.64,25.64,94.0,26.71,10000.0,2.51,78.0,3.18,10.09,217.0,1007.0,0,501,Rain,moderate rain,10n
2025-07-28 05:00:26,Vinh Long,Vinh Long,25.64,25.64,25.64,94.0,26.71,10000.0,2.51,78.0,3.18,10.09,217.0,1007.0,0,501,Rain,moderate rain,10n
2025-07-28 05:04:12,Vinh Long,Vinh Long,25.64,25.64,25.64,94.0,26.71,10000.0,2.51,78.0,3.18,10.09,217.0,1007.0,0,501,Rain,moderate rain,10n
2025-07-28 05:07:58,Vinh Long,Vinh Long,25.69,25.69,25.69,96.0,26.82,10000.0,2.51,78.0,3.18,10.09,217.0,1007.0,0,501,Rain,moderate rain,10n
2025-07-28 05:11:43,Vinh Long,Vinh Long,25.69,25.69,25.69,96.0,26.82,10000.0,2.51,78.0,3.18,10.09,217.0,1007.0,0,501,Rain,moderate rain,10n
2025-07-28 05:15:29,Vinh Long,Vinh Long,25.69,25.69,25.69,96.0,26.82,10000.0,1.33,78.0,3.18,10.09,217.0,1007.0,0,501,Rain,moderate rain,10n
2025-07-28 05:19:15,Vinh Long,Vinh Long,25.69,25.69,25.69,96.0,26.82,10000.0,1.22,78.0,3.18,10.09,217.0,1007.0,0,501,Rain,moderate rain,10n
2025-07-28 05:23:01,Vinh Long,Vinh Long,25.69,25.69,25.69,96.0,26.82,10000.0,1.22,78.0,3.18,10.09,217.0,1007.0,0,501,Rain,moderate rain,10n
2025-07-28 05:26:47,Vinh Long,Vinh Long,25.69,25.69,25.69,96.0,26.82,10000.0,0.95,78.0,3.18,10.09,217.0,1007.0,0,500,Rain,light rain,10n
2025-07-28 05:30:32,Vinh Long,Vinh Long,25.69,25.69,25.69,96.0,26.82,10000.0,0.95,78.0,3.18,10.09,217.0,1007.0,0,500,Rain,light rain,10n
2025-07-28 05:34:18,Vinh Long,Vinh Long,25.8,25.8,25.8,94.0,26.89,10000.0,0.77,65.0,2.98,10.33,226.0,1007.0,0,500,Rain,light rain,10n
2025-07-28 05:38:05,Vinh Long,Vinh Long,25.8,25.8,25.8,94.0,26.89,10000.0,0.77,65.0,2.98,10.33,226.0,1007.0,0,500,Rain,light rain,10n
2025-07-28 05:41:50,Vinh Long,Vinh Long,25.8,25.8,25.8,94.0,26.89,10000.0,0.77,65.0,2.98,10.33,226.0,1007.0,0,500,Rain,light rain,10n
2025-07-28 05:45:35,Vinh Long,Vinh Long,25.8,25.8,25.8,94.0,26.89,10000.0,0.77,65.0,2.98,10.33,226.0,1007.0,1,500,Rain,light rain,10n
2025-07-28 05:49:21,Vinh Long,Vinh Long,25.84,25.84,25.84,94.0,26.93,10000.0,0.21,65.0,2.98,10.33,226.0,1007.0,1,500,Rain,light rain,10d
2025-07-28 05:53:07,Vinh Long,Vinh Long,25.84,25.84,25.84,94.0,26.93,10000.0,0.21,65.0,2.98,10.33,226.0,1007.0,1,500,Rain,light rain,10d
2025-07-28 05:56:53,Vinh Long,Vinh Long,25.84,25.84,25.84,94.0,26.93,10000.0,0.21,65.0,2.98,10.33,226.0,1007.0,1,500,Rain,light rain,10d
2025-07-28 06:00:39,Vinh Long,Vinh Long,25.84,25.84,25.84,94.0,26.93,10000.0,0.17,65.0,2.98,10.33,226.0,1007.0,1,500,Rain,light rain,10d
2025-07-28 06:04:25,Vinh Long,Vinh Long,25.84,25.84,25.84,94.0,26.93,10000.0,0.17,65.0,2.98,10.33,226.0,1007.0,1,500,Rain,light rain,10d
2025-07-28 06:08:11,Vinh Long,Vinh Long,25.88,25.88,25.88,95.0,27.0,10000.0,0.11,65.0,2.98,10.33,226.0,1007.0,1,500,Rain,light rain,10d
2025-07-28 06:11:56,Vinh Long,Vinh Long,25.88,25.88,25.88,95.0,27.0,10000.0,0.11,65.0,2.98,10.33,226.0,1007.0,1,500,Rain,light rain,10d
2025-07-28 06:15:42,Vinh Long,Vinh Long,25.88,25.88,25.88,95.0,27.0,10000.0,0.0,65.0,2.98,10.33,226.0,1007.0,1,803,Clouds,broken clouds,04d
2025-07-28 06:19:28,Vinh Long,Vinh Long,25.88,25.88,25.88,95.0,27.0,10000.0,0.0,65.0,2.98,10.33,226.0,1007.0,1,803,Clouds,broken clouds,04d
2025-07-28 06:23:14,Vinh Long,Vinh Long,25.88,25.88,25.88,95.0,27.0,10000.0,0.0,65.0,2.98,10.33,226.0,1007.0,1,803,Clouds,broken clouds,04d
2025-07-28 06:27:00,Vinh Long,Vinh Long,25.88,25.88,25.88,95.0,27.0,10000.0,0.0,65.0,2.98,10.33,226.0,1007.0,1,803,Clouds,broken clouds,04d
2025-07-28 06:30:45,Vinh Long,Vinh Long,25.88,25.88,25.88,95.0,27.0,10000.0,0.0,65.0,2.98,10.33,226.0,1007.0,1,803,Clouds,broken clouds,04d
2025-07-28 06:34:31,Vinh Long,Vinh Long,26.99,26.99,26.99,89.0,30.6,10000.0,0.0,57.0,4.03,10.96,239.0,1008.0,1,803,Clouds,broken clouds,04d
2025-07-28 06:38:17,Vinh Long,Vinh Long,26.99,26.99,26.99,89.0,30.6,10000.0,0.0,57.0,4.03,10.96,239.0,1008.0,1,803,Clouds,broken clouds,04d
2025-07-28 06:42:03,Vinh Long,Vinh Long,26.99,26.99,26.99,89.0,30.6,10000.0,0.0,57.0,4.03,10.96,239.0,1008.0,1,803,Clouds,broken clouds,04d
2025-07-28 06:45:48,Vinh Long,Vinh Long,26.99,26.99,26.99,89.0,30.6,10000.0,0.0,57.0,4.03,10.96,239.0,1008.0,1,803,Clouds,broken clouds,04d
2025-07-28 06:49:34,Vinh Long,Vinh Long,26.99,26.99,26.99,89.0,30.6,10000.0,0.0,57.0,4.03,10.96,239.0,1008.0,1,803,Clouds,broken clouds,04d
2025-07-28 06:53:20,Vinh Long,Vinh Long,27.0,27.0,27.0,89.0,30.63,10000.0,0.21,57.0,4.03,10.96,239.0,1008.0,1,500,Rain,light rain,10d
2025-07-28 06:57:07,Vinh Long,Vinh Long,27.0,27.0,27.0,89.0,30.63,10000.0,0.23,57.0,4.03,10.96,239.0,1008.0,1,500,Rain,light rain,10d
2025-07-28 07:00:53,Vinh Long,Vinh Long,27.0,27.0,27.0,89.0,30.63,10000.0,0.33,57.0,4.03,10.96,239.0,1008.0,1,500,Rain,light rain,10d
2025-07-28 07:04:38,Vinh Long,Vinh Long,27.0,27.0,27.0,89.0,30.63,10000.0,0.23,57.0,4.03,10.96,239.0,1008.0,1,500,Rain,light rain,10d
2025-07-28 07:08:25,Vinh Long,Vinh Long,26.99,26.99,26.99,92.0,30.92,10000.0,1.22,57.0,4.03,10.96,239.0,1007.0,1,501,Rain,moderate rain,10d
2025-07-28 07:12:10,Vinh Long,Vinh Long,26.99,26.99,26.99,92.0,30.92,10000.0,1.22,57.0,4.03,10.96,239.0,1007.0,1,501,Rain,moderate rain,10d
2025-07-28 07:15:56,Vinh Long,Vinh Long,26.99,26.99,26.99,92.0,30.92,10000.0,1.22,57.0,4.03,10.96,239.0,1007.0,1,501,Rain,moderate rain,10d
2025-07-28 07:19:42,Vinh Long,Vinh Long,26.99,26.99,26.99,92.0,30.92,10000.0,6.48,57.0,4.03,10.96,239.0,1007.0,1,502,Rain,heavy intensity rain,10d
2025-07-28 07:23:28,Vinh Long,Vinh Long,26.99,26.99,26.99,92.0,30.92,10000.0,9.91,57.0,4.03,10.96,239.0,1007.0,1,502,Rain,heavy intensity rain,10d
2025-07-28 07:27:13,Vinh Long,Vinh Long,26.99,26.99,26.99,92.0,30.92,10000.0,6.48,57.0,4.03,10.96,239.0,1007.0,1,502,Rain,heavy intensity rain,10d
2025-07-28 07:31:00,Vinh Long,Vinh Long,28.51,28.51,28.51,82.0,33.79,10000.0,13.73,5.0,4.99,9.61,235.0,1008.0,1,502,Rain,heavy intensity rain,10d
2025-07-28 07:34:46,Vinh Long,Vinh Long,28.51,28.51,28.51,82.0,33.79,10000.0,15.38,5.0,4.99,9.61,235.0,1008.0,1,502,Rain,heavy intensity rain,10d
2025-07-28 07:38:32,Vinh Long,Vinh Long,28.51,28.51,28.51,82.0,33.79,10000.0,15.38,5.0,4.99,9.61,235.0,1008.0,1,502,Rain,heavy intensity rain,10d
2025-07-28 07:42:18,Vinh Long,Vinh Long,28.51,28.51,28.51,82.0,33.79,10000.0,15.38,5.0,4.99,9.61,235.0,1008.0,1,502,Rain,heavy intensity rain,10d
2025-07-28 07:46:04,Vinh Long,Vinh Long,28.51,28.51,28.51,82.0,33.79,10000.0,2.0,5.0,4.99,9.61,235.0,1008.0,1,501,Rain,moderate rain,10d
2025-07-28 07:49:50,Vinh Long,Vinh Long,28.51,28.51,28.51,82.0,33.79,10000.0,2.0,5.0,4.99,9.61,235.0,1008.0,1,501,Rain,moderate rain,10d
2025-07-28 07:53:35,Vinh Long,Vinh Long,28.51,28.51,28.51,82.0,33.79,10000.0,2.0,5.0,4.99,9.61,235.0,1008.0,1,501,Rain,moderate rain,10d
2025-07-28 07:57:21,Vinh Long,Vinh Long,28.51,28.51,28.51,82.0,33.79,10000.0,1.54,5.0,4.99,9.61,235.0,1008.0,1,501,Rain,moderate rain,10d
2025-07-28 08:01:07,Vinh Long,Vinh Long,28.51,28.51,28.51,82.0,33.79,10000.0,1.54,5.0,4.99,9.61,235.0,1008.0,1,501,Rain,moderate rain,10d
2025-07-28 08:04:52,Vinh Long,Vinh Long,28.51,28.51,28.51,82.0,33.79,10000.0,1.54,5.0,4.99,9.61,235.0,1008.0,1,501,Rain,moderate rain,10d
2025-07-28 08:08:38,Vinh Long,Vinh Long,28.1,28.1,28.1,87.0,33.53,10000.0,1.0,5.0,4.99,9.61,235.0,1008.0,1,500,Rain,light rain,10d
2025-07-28 08:12:24,Vinh Long,Vinh Long,28.1,28.1,28.1,87.0,33.53,10000.0,1.33,5.0,4.99,9.61,235.0,1008.0,1,501,Rain,moderate rain,10d
2025-07-28 08:16:10,Vinh Long,Vinh Long,28.1,28.1,28.1,87.0,33.53,10000.0,1.33,5.0,4.99,9.61,235.0,1008.0,1,501,Rain,moderate rain,10d
2025-07-28 08:19:56,Vinh Long,Vinh Long,28.1,28.1,28.1,87.0,33.53,10000.0,1.33,5.0,4.99,9.61,235.0,1008.0,1,501,Rain,moderate rain,10d
2025-07-28 08:23:42,Vinh Long,Vinh Long,28.1,28.1,28.1,87.0,33.53,10000.0,3.0,5.0,4.99,9.61,235.0,1008.0,1,501,Rain,moderate rain,10d
2025-07-28 08:27:28,Vinh Long,Vinh Long,28.1,28.1,28.1,87.0,33.53,10000.0,2.9,5.0,4.99,9.61,235.0,1008.0,1,501,Rain,moderate rain,10d
2025-07-28 08:31:14,Vinh Long,Vinh Long,28.1,28.1,28.1,87.0,33.53,10000.0,2.9,5.0,4.99,9.61,235.0,1008.0,1,501,Rain,moderate rain,10d
2025-07-28 08:34:59,Vinh Long,Vinh Long,28.1,28.1,28.1,87.0,33.53,10000.0,2.9,5.0,4.99,9.61,235.0,1008.0,1,501,Rain,moderate rain,10d
2025-07-28 08:38:45,Vinh Long,Vinh Long,29.39,29.39,29.39,77.0,35.14,10000.0,2.37,5.0,5.85,9.04,241.0,1009.0,1,501,Rain,moderate rain,10d
2025-07-28 08:42:31,Vinh Long,Vinh Long,29.39,29.39,29.39,77.0,35.14,10000.0,2.37,5.0,5.85,9.04,241.0,1009.0,1,501,Rain,moderate rain,10d
2025-07-28 08:46:16,Vinh Long,Vinh Long,29.39,29.39,29.39,77.0,35.14,10000.0,2.37,5.0,5.85,9.04,241.0,1009.0,1,501,Rain,moderate rain,10d
2025-07-28 08:50:03,Vinh Long,Vinh Long,29.39,29.39,29.39,77.0,35.14,10000.0,2.73,5.0,5.85,9.04,241.0,1009.0,1,501,Rain,moderate rain,10d
2025-07-28 08:53:49,Vinh Long,Vinh Long,29.39,29.39,29.39,77.0,35.14,10000.0,2.05,5.0,5.85,9.04,241.0,1009.0,1,501,Rain,moderate rain,10d
2025-07-28 08:57:35,Vinh Long,Vinh Long,29.39,29.39,29.39,77.0,35.14,10000.0,1.89,5.0,5.85,9.04,241.0,1009.0,1,501,Rain,moderate rain,10d
2025-07-28 09:01:20,Vinh Long,Vinh Long,29.39,29.39,29.39,77.0,35.14,10000.0,1.89,5.0,5.85,9.04,241.0,1009.0,1,501,Rain,moderate rain,10d
2025-07-28 09:05:06,Vinh Long,Vinh Long,29.39,29.39,29.39,77.0,35.14,10000.0,1.89,5.0,5.85,9.04,241.0,1009.0,1,501,Rain,moderate rain,10d
2025-07-28 09:08:52,Vinh Long,Vinh Long,29.16,29.16,29.16,84.0,36.13,10000.0,1.23,5.0,5.85,9.04,241.0,1009.0,1,501,Rain,moderate rain,10d
2025-07-28 09:12:37,Vinh Long,Vinh Long,29.16,29.16,29.16,84.0,36.13,10000.0,1.23,5.0,5.85,9.04,241.0,1009.0,1,501,Rain,moderate rain,10d
2025-07-28 09:16:23,Vinh Long,Vinh Long,29.16,29.16,29.16,84.0,36.13,10000.0,2.11,5.0,5.85,9.04,241.0,1009.0,1,501,Rain,moderate rain,10d
2025-07-28 09:20:09,Vinh Long,Vinh Long,29.16,29.16,29.16,84.0,36.13,10000.0,1.78,5.0,5.85,9.04,241.0,1009.0,1,501,Rain,moderate rain,10d
2025-07-28 09:23:54,Vinh Long,Vinh Long,29.16,29.16,29.16,84.0,36.13,10000.0,1.78,5.0,5.85,9.04,241.0,1009.0,1,501,Rain,moderate rain,10d
2025-07-28 09:27:41,Vinh Long,Vinh Long,29.16,29.16,29.16,84.0,36.13,10000.0,2.99,5.0,5.85,9.04,241.0,1009.0,1,501,Rain,moderate rain,10d
2025-07-28 09:31:26,Vinh Long,Vinh Long,29.16,29.16,29.16,84.0,36.13,10000.0,2.99,5.0,5.85,9.04,241.0,1009.0,1,501,Rain,moderate rain,10d
2025-07-28 09:35:12,Vinh Long,Vinh Long,29.16,29.16,29.16,84.0,36.13,10000.0,2.99,5.0,5.85,9.04,241.0,1009.0,1,501,Rain,moderate rain,10d
2025-07-28 09:38:58,Vinh Long,Vinh Long,31.09,31.09,31.09,73.0,38.09,10000.0,4.62,37.0,6.31,9.41,246.0,1008.0,1,502,Rain,heavy intensity rain,10d
2025-07-28 09:42:43,Vinh Long,Vinh Long,31.09,31.09,31.09,73.0,38.09,10000.0,4.62,37.0,6.31,9.41,246.0,1008.0,1,502,Rain,heavy intensity rain,10d
2025-07-28 09:46:29,Vinh Long,Vinh Long,31.19,31.19,31.19,72.0,38.19,10000.0,3.76,37.0,6.31,9.41,246.0,1008.0,1,501,Rain,moderate rain,10d
2025-07-28 09:50:15,Vinh Long,Vinh Long,31.19,31.19,31.19,72.0,38.19,10000.0,3.76,37.0,6.31,9.41,246.0,1008.0,1,501,Rain,moderate rain,10d
2025-07-28 09:54:01,Vinh Long,Vinh Long,31.19,31.19,31.19,72.0,38.19,10000.0,4.62,37.0,6.31,9.41,246.0,1008.0,1,502,Rain,heavy intensity rain,10d
2025-07-28 09:57:46,Vinh Long,Vinh Long,31.19,31.19,31.19,72.0,38.19,10000.0,4.62,37.0,6.31,9.41,246.0,1008.0,1,502,Rain,heavy intensity rain,10d
2025-07-28 10:01:32,Vinh Long,Vinh Long,31.19,31.19,31.19,72.0,38.19,10000.0,4.62,37.0,6.31,9.41,246.0,1008.0,1,502,Rain,heavy intensity rain,10d
2025-07-28 10:05:18,Vinh Long,Vinh Long,31.1,31.1,31.1,81.0,38.1,10000.0,1.78,37.0,6.31,9.41,246.0,1009.0,1,501,Rain,moderate rain,10d
2025-07-28 10:09:04,Vinh Long,Vinh Long,31.19,31.19,31.19,72.0,38.19,10000.0,1.78,37.0,6.31,9.41,246.0,1008.0,1,501,Rain,moderate rain,10d
2025-07-28 10:12:50,Vinh Long,Vinh Long,31.1,31.1,31.1,81.0,38.1,10000.0,0.58,37.0,6.31,9.41,246.0,1009.0,1,500,Rain,light rain,10d
2025-07-28 10:16:35,Vinh Long,Vinh Long,31.07,31.07,31.07,81.0,38.07,10000.0,0.69,37.0,6.31,9.41,246.0,1009.0,1,500,Rain,light rain,10d
2025-07-28 10:20:21,Vinh Long,Vinh Long,31.07,31.07,31.07,81.0,38.07,10000.0,0.69,37.0,6.31,9.41,246.0,1009.0,1,500,Rain,light rain,10d
2025-07-28 10:24:07,Vinh Long,Vinh Long,31.07,31.07,31.07,81.0,38.07,10000.0,0.27,37.0,6.31,9.41,246.0,1009.0,1,500,Rain,light rain,10d
2025-07-28 10:27:53,Vinh Long,Vinh Long,31.07,31.07,31.07,81.0,38.07,10000.0,0.3,37.0,6.31,9.41,246.0,1009.0,1,500,Rain,light rain,10d
2025-07-28 10:31:39,Vinh Long,Vinh Long,32.04,32.04,32.04,70.0,39.04,10000.0,0.44,48.0,6.72,9.54,251.0,1008.0,1,500,Rain,light rain,10d
2025-07-28 10:35:24,Vinh Long,Vinh Long,31.07,31.07,31.07,81.0,38.07,10000.0,0.3,37.0,6.31,9.41,246.0,1009.0,1,500,Rain,light rain,10d
2025-07-28 10:39:10,Vinh Long,Vinh Long,32.04,32.04,32.04,70.0,39.04,10000.0,0.93,48.0,6.72,9.54,251.0,1008.0,1,500,Rain,light rain,10d
2025-07-28 10:42:56,Vinh Long,Vinh Long,32.04,32.04,32.04,70.0,39.04,10000.0,0.93,48.0,6.72,9.54,251.0,1008.0,1,500,Rain,light rain,10d
2025-07-28 10:46:42,Vinh Long,Vinh Long,32.02,32.02,32.02,69.0,39.02,10000.0,2.01,48.0,6.72,9.54,251.0,1008.0,1,501,Rain,moderate rain,10d
2025-07-28 10:50:28,Vinh Long,Vinh Long,32.02,32.02,32.02,69.0,39.02,10000.0,2.01,48.0,6.72,9.54,251.0,1008.0,1,501,Rain,moderate rain,10d
2025-07-28 10:54:13,Vinh Long,Vinh Long,32.02,32.02,32.02,69.0,39.02,10000.0,2.01,48.0,6.72,9.54,251.0,1008.0,1,501,Rain,moderate rain,10d
2025-07-28 10:57:59,Vinh Long,Vinh Long,32.02,32.02,32.02,69.0,39.02,10000.0,3.28,48.0,6.72,9.54,251.0,1008.0,1,501,Rain,moderate rain,10d
2025-07-28 11:01:45,Vinh Long,Vinh Long,31.94,31.94,31.94,79.0,38.94,10000.0,3.87,48.0,6.72,9.54,251.0,1008.0,1,501,Rain,moderate rain,10d
2025-07-28 11:05:32,Vinh Long,Vinh Long,31.94,31.94,31.94,79.0,38.94,10000.0,3.65,48.0,6.72,9.54,251.0,1008.0,1,501,Rain,moderate rain,10d
2025-07-28 11:09:18,Vinh Long,Vinh Long,31.94,31.94,31.94,79.0,38.94,10000.0,3.87,48.0,6.72,9.54,251.0,1008.0,1,501,Rain,moderate rain,10d
2025-07-28 11:13:04,Vinh Long,Vinh Long,31.94,31.94,31.94,79.0,38.94,10000.0,3.65,48.0,6.72,9.54,251.0,1008.0,1,501,Rain,moderate rain,10d
2025-07-28 11:16:50,Vinh Long,Vinh Long,31.94,31.94,31.94,79.0,38.94,10000.0,3.16,48.0,6.72,9.54,251.0,1008.0,1,501,Rain,moderate rain,10d
2025-07-28 11:20:36,Vinh Long,Vinh Long,31.94,31.94,31.94,79.0,38.94,10000.0,3.16,48.0,6.72,9.54,251.0,1008.0,1,501,Rain,moderate rain,10d
2025-07-28 11:24:22,Vinh Long,Vinh Long,31.94,31.94,31.94,79.0,38.94,10000.0,3.16,48.0,6.72,9.54,251.0,1008.0,1,501,Rain,moderate rain,10d
2025-07-28 11:28:09,Vinh Long,Vinh Long,31.94,31.94,31.94,79.0,38.94,10000.0,3.16,48.0,6.72,9.54,251.0,1008.0,1,501,Rain,moderate rain,10d
2025-07-28 11:31:55,Vinh Long,Vinh Long,31.2,31.2,31.2,71.0,38.2,10000.0,1.94,58.0,6.33,9.46,253.0,1007.0,1,501,Rain,moderate rain,10d
2025-07-28 11:35:45,Vinh Long,Vinh Long,31.2,31.2,31.2,71.0,38.2,10000.0,1.94,58.0,6.33,9.46,253.0,1007.0,1,501,Rain,moderate rain,10d
2025-07-28 11:39:36,Vinh Long,Vinh Long,31.2,31.2,31.2,71.0,38.2,10000.0,1.94,58.0,6.33,9.46,253.0,1007.0,1,501,Rain,moderate rain,10d
2025-07-28 11:43:26,Vinh Long,Vinh Long,31.2,31.2,31.2,71.0,38.2,10000.0,1.0,58.0,6.33,9.46,253.0,1007.0,1,500,Rain,light rain,10d
2025-07-28 11:47:16,Vinh Long,Vinh Long,31.2,31.2,31.2,70.0,38.14,10000.0,0.69,58.0,6.33,9.46,253.0,1007.0,1,500,Rain,light rain,10d
2025-07-28 11:51:06,Vinh Long,Vinh Long,31.2,31.2,31.2,70.0,38.14,10000.0,0.69,58.0,6.33,9.46,253.0,1007.0,1,500,Rain,light rain,10d
2025-07-28 11:54:57,Vinh Long,Vinh Long,31.2,31.2,31.2,70.0,38.14,10000.0,0.69,58.0,6.33,9.46,253.0,1007.0,1,500,Rain,light rain,10d
2025-07-28 11:58:47,Vinh Long,Vinh Long,31.2,31.2,31.2,70.0,38.14,10000.0,0.84,58.0,6.33,9.46,253.0,1007.0,1,500,Rain,light rain,10d
2025-07-28 12:02:37,Vinh Long,Vinh Long,31.09,31.09,31.09,79.0,38.09,10000.0,0.87,58.0,6.33,9.46,253.0,1007.0,1,500,Rain,light rain,10d
2025-07-28 12:06:32,Vinh Long,Vinh Long,31.09,31.09,31.09,79.0,38.09,10000.0,0.87,58.0,6.33,9.46,253.0,1007.0,1,500,Rain,light rain,10d
2025-07-28 12:10:22,Vinh Long,Vinh Long,31.09,31.09,31.09,79.0,38.09,10000.0,0.65,58.0,6.33,9.46,253.0,1007.0,1,500,Rain,light rain,10d
2025-07-28 12:14:13,Vinh Long,Vinh Long,31.09,31.09,31.09,79.0,38.09,10000.0,0.65,58.0,6.33,9.46,253.0,1007.0,1,500,Rain,light rain,10d
2025-07-28 12:18:04,Vinh Long,Vinh Long,31.09,31.09,31.09,79.0,38.09,10000.0,0.65,58.0,6.33,9.46,253.0,1007.0,1,500,Rain,light rain,10d
2025-07-28 12:21:53,Vinh Long,Vinh Long,31.1,31.1,31.1,79.0,38.1,10000.0,0.53,58.0,6.33,9.46,253.0,1007.0,1,500,Rain,light rain,10d
2025-07-28 12:25:44,Vinh Long,Vinh Long,31.1,31.1,31.1,79.0,38.1,10000.0,0.53,58.0,6.33,9.46,253.0,1007.0,1,500,Rain,light rain,10d
2025-07-28 12:29:34,Vinh Long,Vinh Long,31.1,31.1,31.1,79.0,38.1,10000.0,0.53,58.0,6.33,9.46,253.0,1007.0,1,500,Rain,light rain,10d
2025-07-28 12:33:23,Vinh Long,Vinh Long,30.1,30.1,30.1,69.0,35.04,10000.0,0.48,65.0,6.53,9.61,257.0,1006.0,1,500,Rain,light rain,10d
2025-07-28 12:37:14,Vinh Long,Vinh Long,30.1,30.1,30.1,69.0,35.04,10000.0,0.48,65.0,6.53,9.61,257.0,1006.0,1,500,Rain,light rain,10d
2025-07-28 12:41:04,Vinh Long,Vinh Long,30.1,30.1,30.1,69.0,35.04,10000.0,0.48,65.0,6.53,9.61,257.0,1006.0,1,500,Rain,light rain,10d
2025-07-28 12:44:54,Vinh Long,Vinh Long,30.1,30.1,30.1,69.0,35.04,10000.0,0.37,65.0,6.53,9.61,257.0,1006.0,1,500,Rain,light rain,10d
2025-07-28 12:48:45,Vinh Long,Vinh Long,30.1,30.1,30.1,69.0,35.04,10000.0,0.37,65.0,6.53,9.61,257.0,1006.0,1,500,Rain,light rain,10d
2025-07-28 12:52:35,Vinh Long,Vinh Long,30.14,30.14,30.14,67.0,34.65,10000.0,0.29,65.0,6.53,9.61,257.0,1006.0,1,500,Rain,light rain,10d
2025-07-28 12:56:25,Vinh Long,Vinh Long,30.14,30.14,30.14,67.0,34.65,10000.0,0.29,65.0,6.53,9.61,257.0,1006.0,1,500,Rain,light rain,10d
2025-07-28 13:00:16,Vinh Long,Vinh Long,30.14,30.14,30.14,67.0,34.65,10000.0,0.37,71.0,5.94,9.14,245.0,1006.0,1,500,Rain,light rain,10d
2025-07-28 13:04:06,Vinh Long,Vinh Long,30.14,30.14,30.14,67.0,34.65,10000.0,0.37,71.0,5.94,9.14,245.0,1006.0,1,500,Rain,light rain,10d
2025-07-28 13:07:56,Vinh Long,Vinh Long,30.14,30.14,30.14,67.0,34.65,10000.0,0.37,71.0,5.94,9.14,245.0,1006.0,1,500,Rain,light rain,10d
2025-07-28 13:11:47,Vinh Long,Vinh Long,30.14,30.14,30.14,67.0,34.65,10000.0,0.73,71.0,5.94,9.14,245.0,1006.0,1,500,Rain,light rain,10d
2025-07-28 13:15:38,Vinh Long,Vinh Long,30.14,30.14,30.14,67.0,34.65,10000.0,0.73,71.0,5.94,9.14,245.0,1006.0,1,500,Rain,light rain,10d
2025-07-28 13:19:28,Vinh Long,Vinh Long,30.14,30.14,30.14,67.0,34.65,10000.0,0.73,71.0,5.94,9.14,245.0,1006.0,1,500,Rain,light rain,10d
2025-07-28 13:23:19,Vinh Long,Vinh Long,30.14,30.14,30.14,67.0,34.65,10000.0,1.53,71.0,5.94,9.14,245.0,1006.0,1,501,Rain,moderate rain,10d
2025-07-28 13:27:11,Vinh Long,Vinh Long,30.14,30.14,30.14,67.0,34.65,10000.0,1.53,71.0,5.94,9.14,245.0,1006.0,1,501,Rain,moderate rain,10d
2025-07-28 13:31:01,Vinh Long,Vinh Long,30.14,30.14,30.14,67.0,34.65,10000.0,1.53,71.0,5.94,9.14,245.0,1006.0,1,501,Rain,moderate rain,10d
2025-07-28 13:34:51,Vinh Long,Vinh Long,30.25,30.25,30.25,63.0,33.97,10000.0,2.73,100.0,7.14,10.04,250.0,1006.0,1,501,Rain,moderate rain,10d
2025-07-28 13:38:41,Vinh Long,Vinh Long,30.25,30.25,30.25,63.0,33.97,10000.0,3.0,100.0,7.14,10.04,250.0,1006.0,1,501,Rain,moderate rain,10d
2025-07-28 13:42:31,Vinh Long,Vinh Long,30.25,30.25,30.25,63.0,33.97,10000.0,3.0,100.0,7.14,10.04,250.0,1006.0,1,501,Rain,moderate rain,10d
2025-07-28 13:46:22,Vinh Long,Vinh Long,30.25,30.25,30.25,63.0,33.97,10000.0,3.0,100.0,7.14,10.04,250.0,1006.0,1,501,Rain,moderate rain,10d
2025-07-28 13:50:12,Vinh Long,Vinh Long,30.25,30.25,30.25,63.0,33.97,10000.0,3.0,100.0,7.14,10.04,250.0,1006.0,1,501,Rain,moderate rain,10d
2025-07-28 13:54:02,Vinh Long,Vinh Long,30.65,30.65,30.65,67.0,35.86,10000.0,3.1,100.0,7.14,10.04,250.0,1005.0,1,501,Rain,moderate rain,10d
2025-07-28 13:57:52,Vinh Long,Vinh Long,30.65,30.65,30.65,67.0,35.86,10000.0,3.1,100.0,7.14,10.04,250.0,1005.0,1,501,Rain,moderate rain,10d
2025-07-28 14:01:42,Vinh Long,Vinh Long,30.5,30.5,30.5,75.0,37.5,10000.0,2.26,100.0,7.14,10.04,250.0,1006.0,1,501,Rain,moderate rain,10d
2025-07-28 14:05:32,Vinh Long,Vinh Long,30.5,30.5,30.5,75.0,37.5,10000.0,2.26,100.0,7.14,10.04,250.0,1006.0,1,501,Rain,moderate rain,10d
2025-07-28 14:09:24,Vinh Long,Vinh Long,30.5,30.5,30.5,75.0,37.5,10000.0,2.19,100.0,7.14,10.04,250.0,1006.0,1,501,Rain,moderate rain,10d
2025-07-28 14:13:15,Vinh Long,Vinh Long,30.5,30.5,30.5,75.0,37.5,10000.0,2.19,100.0,7.14,10.04,250.0,1006.0,1,501,Rain,moderate rain,10d
2025-07-28 14:17:06,Vinh Long,Vinh Long,30.46,30.46,30.46,76.0,37.46,10000.0,0.75,100.0,7.14,10.04,250.0,1006.0,1,500,Rain,light rain,10d
2025-07-28 14:20:56,Vinh Long,Vinh Long,30.46,30.46,30.46,76.0,37.46,10000.0,0.75,100.0,7.14,10.04,250.0,1006.0,1,500,Rain,light rain,10d
2025-07-28 14:24:46,Vinh Long,Vinh Long,30.46,30.46,30.46,76.0,37.46,10000.0,0.75,100.0,7.14,10.04,250.0,1006.0,1,500,Rain,light rain,10d
2025-07-28 14:28:37,Vinh Long,Vinh Long,30.46,30.46,30.46,76.0,37.46,10000.0,0.77,100.0,7.14,10.04,250.0,1006.0,1,500,Rain,light rain,10d
2025-07-28 14:32:28,Vinh Long,Vinh Long,30.46,30.46,30.46,76.0,37.46,10000.0,0.77,100.0,7.14,10.04,250.0,1006.0,1,500,Rain,light rain,10d
2025-07-28 14:36:20,Vinh Long,Vinh Long,29.26,29.26,29.26,71.0,33.51,10000.0,0.75,98.0,7.56,10.0,252.0,1005.0,1,500,Rain,light rain,10d
2025-07-28 14:40:11,Vinh Long,Vinh Long,29.26,29.26,29.26,71.0,33.51,10000.0,0.75,98.0,7.56,10.0,252.0,1005.0,1,500,Rain,light rain,10d
2025-07-28 14:44:02,Vinh Long,Vinh Long,29.26,29.26,29.26,71.0,33.51,10000.0,0.75,98.0,7.56,10.0,252.0,1005.0,1,500,Rain,light rain,10d
2025-07-28 14:47:52,Vinh Long,Vinh Long,29.26,29.26,29.26,71.0,33.51,10000.0,0.75,98.0,7.56,10.0,252.0,1005.0,1,500,Rain,light rain,10d
2025-07-28 14:51:42,Vinh Long,Vinh Long,29.2,29.2,29.2,70.0,33.17,10000.0,1.15,98.0,7.56,10.0,252.0,1005.0,1,501,Rain,moderate rain,10d
2025-07-28 14:55:32,Vinh Long,Vinh Long,29.2,29.2,29.2,70.0,33.17,10000.0,1.15,98.0,7.56,10.0,252.0,1005.0,1,501,Rain,moderate rain,10d
2025-07-28 14:59:22,Vinh Long,Vinh Long,29.2,29.2,29.2,70.0,33.17,10000.0,1.15,98.0,7.56,10.0,252.0,1005.0,1,501,Rain,moderate rain,10d
2025-07-28 15:03:14,Vinh Long,Vinh Long,29.15,29.15,29.15,78.0,34.71,10000.0,1.15,98.0,7.56,10.0,252.0,1005.0,1,501,Rain,moderate rain,10d
2025-07-28 15:07:07,Vinh Long,Vinh Long,29.15,29.15,29.15,78.0,34.71,10000.0,1.15,98.0,7.56,10.0,252.0,1005.0,1,501,Rain,moderate rain,10d
2025-07-28 15:10:57,Vinh Long,Vinh Long,29.15,29.15,29.15,78.0,34.71,10000.0,0.56,98.0,7.56,10.0,252.0,1005.0,1,500,Rain,light rain,10d
2025-07-28 15:14:48,Vinh Long,Vinh Long,29.15,29.15,29.15,78.0,34.71,10000.0,0.56,98.0,7.56,10.0,252.0,1005.0,1,500,Rain,light rain,10d
2025-07-28 15:18:39,Vinh Long,Vinh Long,29.14,29.14,29.14,78.0,34.69,10000.0,0.18,98.0,7.56,10.0,252.0,1005.0,1,500,Rain,light rain,10d
2025-07-28 15:22:29,Vinh Long,Vinh Long,29.15,29.15,29.15,78.0,34.71,10000.0,0.56,98.0,7.56,10.0,252.0,1005.0,1,500,Rain,light rain,10d
2025-07-28 15:26:20,Vinh Long,Vinh Long,29.14,29.14,29.14,78.0,34.69,10000.0,0.18,98.0,7.56,10.0,252.0,1005.0,1,500,Rain,light rain,10d
2025-07-28 15:30:13,Vinh Long,Vinh Long,29.04,29.04,29.04,69.0,32.63,10000.0,0.0,73.0,7.51,10.63,255.0,1005.0,1,803,Clouds,broken clouds,04d
2025-07-28 15:34:04,Vinh Long,Vinh Long,29.13,29.13,29.13,70.0,33.01,10000.0,0.0,73.0,7.51,10.63,255.0,1005.0,1,803,Clouds,broken clouds,04d
2025-07-28 15:37:54,Vinh Long,Vinh Long,29.04,29.04,29.04,69.0,32.63,10000.0,0.0,73.0,7.51,10.63,255.0,1005.0,1,803,Clouds,broken clouds,04d
2025-07-28 15:41:44,Vinh Long,Vinh Long,29.13,29.13,29.13,70.0,33.01,10000.0,0.0,73.0,7.51,10.63,255.0,1005.0,1,803,Clouds,broken clouds,04d
2025-07-28 15:45:34,Vinh Long,Vinh Long,29.13,29.13,29.13,70.0,33.01,10000.0,0.0,73.0,7.51,10.63,255.0,1005.0,1,803,Clouds,broken clouds,04d
2025-07-28 15:49:25,Vinh Long,Vinh Long,29.05,29.05,29.05,69.0,32.65,10000.0,0.0,73.0,7.51,10.63,255.0,1005.0,1,803,Clouds,broken clouds,04d
2025-07-28 15:53:17,Vinh Long,Vinh Long,29.05,29.05,29.05,69.0,32.65,10000.0,0.0,73.0,7.51,10.63,255.0,1005.0,1,803,Clouds,broken clouds,04d
2025-07-28 15:57:08,Vinh Long,Vinh Long,29.05,29.05,29.05,69.0,32.65,10000.0,0.0,73.0,7.51,10.63,255.0,1005.0,1,803,Clouds,broken clouds,04d
2025-07-28 16:00:59,Vinh Long,Vinh Long,29.05,29.05,29.05,69.0,32.65,10000.0,0.0,73.0,7.51,10.63,255.0,1005.0,1,803,Clouds,broken clouds,04d
2025-07-28 16:04:49,Vinh Long,Vinh Long,29.05,29.05,29.05,69.0,32.65,10000.0,0.0,73.0,7.51,10.63,255.0,1005.0,1,803,Clouds,broken clouds,04d
2025-07-28 16:08:39,Vinh Long,Vinh Long,29.01,29.01,29.01,77.0,34.13,10000.0,0.15,73.0,7.51,10.63,255.0,1005.0,1,500,Rain,light rain,10d
2025-07-28 16:12:31,Vinh Long,Vinh Long,29.01,29.01,29.01,77.0,34.13,10000.0,0.15,73.0,7.51,10.63,255.0,1005.0,1,500,Rain,light rain,10d
2025-07-28 16:16:21,Vinh Long,Vinh Long,29.01,29.01,29.01,77.0,34.13,10000.0,0.15,73.0,7.51,10.63,255.0,1005.0,1,500,Rain,light rain,10d
2025-07-28 16:20:12,Vinh Long,Vinh Long,29.01,29.01,29.01,77.0,34.13,10000.0,0.32,73.0,7.51,10.63,255.0,1005.0,1,500,Rain,light rain,10d
2025-07-28 16:24:02,Vinh Long,Vinh Long,29.01,29.01,29.01,77.0,34.13,10000.0,0.36,73.0,7.51,10.63,255.0,1005.0,1,500,Rain,light rain,10d
2025-07-28 16:27:52,Vinh Long,Vinh Long,29.01,29.01,29.01,77.0,34.13,10000.0,0.3,73.0,7.51,10.63,255.0,1005.0,1,500,Rain,light rain,10d
2025-07-28 16:31:42,Vinh Long,Vinh Long,28.98,28.98,28.98,74.0,33.45,10000.0,0.29,63.0,6.4,9.73,257.0,1005.0,1,500,Rain,light rain,10d
2025-07-28 16:35:32,Vinh Long,Vinh Long,29.01,29.01,29.01,77.0,34.13,10000.0,0.3,73.0,7.51,10.63,255.0,1005.0,1,500,Rain,light rain,10d
2025-07-28 16:39:23,Vinh Long,Vinh Long,28.98,28.98,28.98,74.0,33.45,10000.0,0.29,63.0,6.4,9.73,257.0,1005.0,1,500,Rain,light rain,10d
2025-07-28 16:43:15,Vinh Long,Vinh Long,28.98,28.98,28.98,74.0,33.45,10000.0,0.3,63.0,6.4,9.73,257.0,1005.0,1,500,Rain,light rain,10d
2025-07-28 16:47:06,Vinh Long,Vinh Long,28.99,28.99,28.99,73.0,33.27,10000.0,0.36,63.0,6.4,9.73,257.0,1005.0,1,500,Rain,light rain,10d
2025-07-28 16:50:56,Vinh Long,Vinh Long,28.98,28.98,28.98,74.0,33.45,10000.0,0.3,63.0,6.4,9.73,257.0,1005.0,1,500,Rain,light rain,10d
2025-07-28 16:54:47,Vinh Long,Vinh Long,28.99,28.99,28.99,73.0,33.27,10000.0,0.49,63.0,6.4,9.73,257.0,1005.0,1,500,Rain,light rain,10d
2025-07-28 16:58:37,Vinh Long,Vinh Long,28.99,28.99,28.99,73.0,33.27,10000.0,0.46,63.0,6.4,9.73,257.0,1005.0,1,500,Rain,light rain,10d
2025-07-28 17:02:27,Vinh Long,Vinh Long,28.99,28.99,28.99,73.0,33.27,10000.0,0.46,63.0,6.4,9.73,257.0,1005.0,1,500,Rain,light rain,10d
2025-07-28 17:06:18,Vinh Long,Vinh Long,28.94,28.94,28.94,79.0,34.36,10000.0,0.69,63.0,6.4,9.73,257.0,1005.0,1,500,Rain,light rain,10d
2025-07-28 17:10:09,Vinh Long,Vinh Long,28.94,28.94,28.94,79.0,34.36,10000.0,0.69,63.0,6.4,9.73,257.0,1005.0,1,500,Rain,light rain,10d
2025-07-28 17:13:59,Vinh Long,Vinh Long,28.94,28.94,28.94,79.0,34.36,10000.0,0.69,63.0,6.4,9.73,257.0,1005.0,1,500,Rain,light rain,10d
2025-07-28 17:17:49,Vinh Long,Vinh Long,28.94,28.94,28.94,79.0,34.36,10000.0,0.95,63.0,6.4,9.73,257.0,1005.0,1,500,Rain,light rain,10d
2025-07-28 17:21:39,Vinh Long,Vinh Long,28.94,28.94,28.94,79.0,34.36,10000.0,1.4,63.0,6.4,9.73,257.0,1005.0,1,501,Rain,moderate rain,10d
2025-07-28 17:25:29,Vinh Long,Vinh Long,28.94,28.94,28.94,79.0,34.36,10000.0,0.95,63.0,6.4,9.73,257.0,1005.0,1,500,Rain,light rain,10d
2025-07-28 17:29:19,Vinh Long,Vinh Long,28.94,28.94,28.94,79.0,34.36,10000.0,1.24,63.0,6.4,9.73,257.0,1005.0,1,501,Rain,moderate rain,10d
2025-07-28 17:33:11,Vinh Long,Vinh Long,28.94,28.94,28.94,79.0,34.36,10000.0,1.24,63.0,6.4,9.73,257.0,1005.0,1,501,Rain,moderate rain,10d
2025-07-28 17:37:00,Vinh Long,Vinh Long,28.94,28.94,28.94,79.0,34.36,10000.0,1.24,63.0,6.4,9.73,257.0,1005.0,1,501,Rain,moderate rain,10d
2025-07-28 17:40:51,Vinh Long,Vinh Long,27.85,27.85,27.85,78.0,31.44,10000.0,1.28,52.0,5.48,9.5,259.0,1005.0,1,501,Rain,moderate rain,10d
2025-07-28 17:44:40,Vinh Long,Vinh Long,27.85,27.85,27.85,78.0,31.44,10000.0,1.28,52.0,5.48,9.5,259.0,1005.0,1,501,Rain,moderate rain,10d
2025-07-28 17:48:30,Vinh Long,Vinh Long,27.81,27.81,27.81,78.0,31.35,10000.0,1.12,52.0,5.48,9.5,259.0,1005.0,1,501,Rain,moderate rain,10d
2025-07-28 17:52:22,Vinh Long,Vinh Long,27.81,27.81,27.81,78.0,31.35,10000.0,0.92,52.0,5.48,9.5,259.0,1005.0,1,500,Rain,light rain,10d
2025-07-28 17:56:12,Vinh Long,Vinh Long,27.81,27.81,27.81,78.0,31.35,10000.0,1.12,52.0,5.48,9.5,259.0,1005.0,1,501,Rain,moderate rain,10d
2025-07-28 18:00:02,Vinh Long,Vinh Long,27.81,27.81,27.81,78.0,31.35,10000.0,0.92,52.0,5.48,9.5,259.0,1005.0,1,500,Rain,light rain,10d
2025-07-28 18:03:52,Vinh Long,Vinh Long,27.81,27.81,27.81,83.0,32.07,10000.0,0.32,52.0,5.48,9.5,259.0,1006.0,1,500,Rain,light rain,10d
2025-07-28 18:07:42,Vinh Long,Vinh Long,27.81,27.81,27.81,83.0,32.07,10000.0,0.32,52.0,5.48,9.5,259.0,1006.0,1,500,Rain,light rain,10d
2025-07-28 18:11:33,Vinh Long,Vinh Long,27.81,27.81,27.81,83.0,32.07,10000.0,0.13,52.0,5.48,9.5,259.0,1006.0,1,500,Rain,light rain,10d
2025-07-28 18:15:23,Vinh Long,Vinh Long,27.81,27.81,27.81,83.0,32.07,10000.0,0.0,52.0,5.48,9.5,259.0,1006.0,1,803,Clouds,broken clouds,04d
2025-07-28 18:19:15,Vinh Long,Vinh Long,27.81,27.81,27.81,83.0,32.07,10000.0,0.0,52.0,5.48,9.5,259.0,1006.0,1,803,Clouds,broken clouds,04d
2025-07-28 18:23:07,Vinh Long,Vinh Long,27.81,27.81,27.81,83.0,32.07,10000.0,0.0,52.0,5.48,9.5,259.0,1006.0,0,803,Clouds,broken clouds,04d
2025-07-28 18:26:57,Vinh Long,Vinh Long,27.81,27.81,27.81,83.0,32.07,10000.0,0.0,52.0,5.48,9.5,259.0,1006.0,0,803,Clouds,broken clouds,04d
2025-07-28 18:30:48,Vinh Long,Vinh Long,27.39,27.39,27.39,81.0,30.74,10000.0,0.0,46.0,5.02,9.88,253.0,1006.0,0,802,Clouds,scattered clouds,03n
2025-07-28 18:34:38,Vinh Long,Vinh Long,27.39,27.39,27.39,81.0,30.74,10000.0,0.0,46.0,5.02,9.88,253.0,1006.0,0,802,Clouds,scattered clouds,03n
2025-07-28 18:38:28,Vinh Long,Vinh Long,27.39,27.39,27.39,81.0,30.74,10000.0,0.0,46.0,5.02,9.88,253.0,1006.0,0,802,Clouds,scattered clouds,03n
2025-07-28 18:42:18,Vinh Long,Vinh Long,27.35,27.35,27.35,81.0,30.65,10000.0,0.0,71.0,4.91,9.83,252.0,1006.0,0,803,Clouds,broken clouds,04n
2025-07-28 18:46:09,Vinh Long,Vinh Long,27.35,27.35,27.35,81.0,30.65,10000.0,0.0,71.0,4.91,9.83,252.0,1006.0,0,803,Clouds,broken clouds,04n
2025-07-28 18:49:59,Vinh Long,Vinh Long,27.35,27.35,27.35,81.0,30.65,10000.0,0.0,71.0,4.91,9.83,252.0,1006.0,0,803,Clouds,broken clouds,04n
2025-07-28 18:53:50,Vinh Long,Vinh Long,27.35,27.35,27.35,81.0,30.65,10000.0,0.12,71.0,4.91,9.83,252.0,1006.0,0,500,Rain,light rain,10n
2025-07-28 18:57:40,Vinh Long,Vinh Long,27.35,27.35,27.35,81.0,30.65,10000.0,0.12,71.0,4.91,9.83,252.0,1006.0,0,500,Rain,light rain,10n
2025-07-28 19:01:31,Vinh Long,Vinh Long,27.35,27.35,27.35,81.0,30.65,10000.0,0.12,71.0,4.91,9.83,252.0,1006.0,0,500,Rain,light rain,10n
2025-07-28 19:05:25,Vinh Long,Vinh Long,27.35,27.35,27.35,81.0,30.65,10000.0,0.0,71.0,4.91,9.83,252.0,1006.0,0,803,Clouds,broken clouds,04n
2025-07-28 19:09:15,Vinh Long,Vinh Long,27.35,27.35,27.35,81.0,30.65,10000.0,0.0,71.0,4.91,9.83,252.0,1006.0,0,803,Clouds,broken clouds,04n
2025-07-28 19:13:02,Vinh Long,Vinh Long,27.35,27.35,27.35,81.0,30.65,10000.0,0.0,71.0,4.91,9.83,252.0,1006.0,0,803,Clouds,broken clouds,04n
2025-07-28 19:16:48,Vinh Long,Vinh Long,27.35,27.35,27.35,81.0,30.65,10000.0,0.0,71.0,4.91,9.83,252.0,1006.0,0,803,Clouds,broken clouds,04n
2025-07-28 19:20:33,Vinh Long,Vinh Long,27.35,27.35,27.35,81.0,30.65,10000.0,0.0,71.0,4.91,9.83,252.0,1006.0,0,803,Clouds,broken clouds,04n
2025-07-28 19:24:19,Vinh Long,Vinh Long,27.35,27.35,27.35,81.0,30.65,10000.0,0.0,71.0,4.91,9.83,252.0,1006.0,0,803,Clouds,broken clouds,04n
2025-07-28 19:28:06,Vinh Long,Vinh Long,26.6,26.6,26.6,83.0,26.6,10000.0,0.0,71.0,4.91,9.83,252.0,1006.0,0,803,Clouds,broken clouds,04n
2025-07-28 19:31:51,Vinh Long,Vinh Long,26.6,26.6,26.6,83.0,26.6,10000.0,0.0,71.0,4.91,9.83,252.0,1006.0,0,803,Clouds,broken clouds,04n
2025-07-28 19:35:38,Vinh Long,Vinh Long,26.33,26.33,26.33,84.0,26.33,10000.0,0.0,20.0,4.64,9.88,247.0,1006.0,0,801,Clouds,few clouds,02n
2025-07-28 19:39:24,Vinh Long,Vinh Long,26.33,26.33,26.33,84.0,26.33,10000.0,0.0,20.0,4.64,9.88,247.0,1006.0,0,801,Clouds,few clouds,02n
2025-07-28 19:43:10,Vinh Long,Vinh Long,26.33,26.33,26.33,84.0,26.33,10000.0,0.0,20.0,4.64,9.88,247.0,1006.0,0,801,Clouds,few clouds,02n
2025-07-28 19:46:56,Vinh Long,Vinh Long,26.43,26.43,26.43,83.0,26.43,10000.0,0.0,20.0,4.64,9.88,247.0,1007.0,0,801,Clouds,few clouds,02n
2025-07-28 19:50:50,Vinh Long,Vinh Long,26.43,26.43,26.43,83.0,26.43,10000.0,0.0,20.0,4.64,9.88,247.0,1007.0,0,801,Clouds,few clouds,02n
2025-07-28 19:54:36,Vinh Long,Vinh Long,26.43,26.43,26.43,83.0,26.43,10000.0,0.0,20.0,4.64,9.88,247.0,1007.0,0,801,Clouds,few clouds,02n
2025-07-28 19:58:22,Vinh Long,Vinh Long,26.43,26.43,26.43,83.0,26.43,10000.0,0.0,20.0,4.64,9.88,247.0,1007.0,0,801,Clouds,few clouds,02n
2025-07-28 20:02:08,Vinh Long,Vinh Long,26.43,26.43,26.43,83.0,26.43,10000.0,0.0,20.0,4.64,9.88,247.0,1007.0,0,801,Clouds,few clouds,02n
2025-07-28 20:05:54,Vinh Long,Vinh Long,26.5,26.5,26.5,88.0,26.5,10000.0,0.0,20.0,4.64,9.88,247.0,1006.0,0,801,Clouds,few clouds,02n
2025-07-28 20:09:40,Vinh Long,Vinh Long,26.5,26.5,26.5,88.0,26.5,10000.0,0.0,20.0,4.64,9.88,247.0,1006.0,0,801,Clouds,few clouds,02n
2025-07-28 20:13:27,Vinh Long,Vinh Long,26.5,26.5,26.5,88.0,26.5,10000.0,0.0,20.0,4.64,9.88,247.0,1006.0,0,801,Clouds,few clouds,02n
2025-07-28 20:17:13,Vinh Long,Vinh Long,26.5,26.5,26.5,88.0,26.5,10000.0,0.0,20.0,4.64,9.88,247.0,1006.0,0,801,Clouds,few clouds,02n
2025-07-28 20:20:58,Vinh Long,Vinh Long,26.5,26.5,26.5,88.0,26.5,10000.0,0.0,20.0,4.64,9.88,247.0,1006.0,0,801,Clouds,few clouds,02n
2025-07-28 20:24:45,Vinh Long,Vinh Long,26.5,26.5,26.5,88.0,26.5,10000.0,0.0,20.0,4.64,9.88,247.0,1006.0,0,801,Clouds,few clouds,02n
2025-07-28 20:28:31,Vinh Long,Vinh Long,26.5,26.5,26.5,88.0,26.5,10000.0,0.0,20.0,4.64,9.88,247.0,1006.0,0,801,Clouds,few clouds,02n
2025-07-28 20:32:18,Vinh Long,Vinh Long,26.21,26.21,26.21,86.0,26.21,10000.0,0.0,22.0,4.13,9.82,239.0,1007.0,0,801,Clouds,few clouds,02n
2025-07-28 20:36:04,Vinh Long,Vinh Long,26.21,26.21,26.21,86.0,26.21,10000.0,0.0,22.0,4.13,9.82,239.0,1007.0,0,801,Clouds,few clouds,02n
2025-07-28 20:39:50,Vinh Long,Vinh Long,26.21,26.21,26.21,86.0,26.21,10000.0,0.0,22.0,4.13,9.82,239.0,1007.0,0,801,Clouds,few clouds,02n
2025-07-28 20:43:35,Vinh Long,Vinh Long,26.21,26.21,26.21,86.0,26.21,10000.0,0.0,22.0,4.13,9.82,239.0,1007.0,0,801,Clouds,few clouds,02n
2025-07-28 20:47:22,Vinh Long,Vinh Long,26.14,26.14,26.14,86.0,26.14,10000.0,0.0,22.0,4.13,9.82,239.0,1007.0,0,801,Clouds,few clouds,02n
2025-07-28 20:51:12,Vinh Long,Vinh Long,26.14,26.14,26.14,86.0,26.14,10000.0,0.0,22.0,4.13,9.82,239.0,1007.0,0,801,Clouds,few clouds,02n
2025-07-28 20:54:58,Vinh Long,Vinh Long,26.14,26.14,26.14,86.0,26.14,10000.0,0.0,22.0,4.13,9.82,239.0,1007.0,0,801,Clouds,few clouds,02n
2025-07-28 20:58:45,Vinh Long,Vinh Long,26.14,26.14,26.14,86.0,26.14,10000.0,0.0,22.0,4.13,9.82,239.0,1007.0,0,801,Clouds,few clouds,02n
2025-07-28 21:02:31,Vinh Long,Vinh Long,26.17,26.17,26.17,88.0,26.17,10000.0,0.0,22.0,4.13,9.82,239.0,1007.0,0,801,Clouds,few clouds,02n
2025-07-28 21:06:18,Vinh Long,Vinh Long,26.17,26.17,26.17,88.0,26.17,10000.0,0.0,22.0,4.13,9.82,239.0,1007.0,0,801,Clouds,few clouds,02n
2025-07-28 21:10:03,Vinh Long,Vinh Long,26.17,26.17,26.17,88.0,26.17,10000.0,0.0,22.0,4.13,9.82,239.0,1007.0,0,801,Clouds,few clouds,02n
2025-07-28 21:13:49,Vinh Long,Vinh Long,26.17,26.17,26.17,88.0,26.17,10000.0,0.0,22.0,4.13,9.82,239.0,1007.0,0,801,Clouds,few clouds,02n
2025-07-28 21:17:35,Vinh Long,Vinh Long,26.17,26.17,26.17,90.0,26.17,10000.0,0.0,22.0,4.13,9.82,239.0,1007.0,0,801,Clouds,few clouds,02n
2025-07-28 21:21:22,Vinh Long,Vinh Long,26.17,26.17,26.17,90.0,26.17,10000.0,0.0,22.0,4.13,9.82,239.0,1007.0,0,801,Clouds,few clouds,02n
2025-07-28 21:25:08,Vinh Long,Vinh Long,26.17,26.17,26.17,90.0,26.17,10000.0,0.0,22.0,4.13,9.82,239.0,1007.0,0,801,Clouds,few clouds,02n
2025-07-28 21:28:54,Vinh Long,Vinh Long,26.17,26.17,26.17,90.0,26.17,10000.0,0.0,22.0,4.13,9.82,239.0,1007.0,0,801,Clouds,few clouds,02n
2025-07-28 21:32:57,Vinh Long,Vinh Long,26.09,26.09,26.09,88.0,26.09,10000.0,0.0,30.0,3.84,9.94,234.0,1008.0,0,802,Clouds,scattered clouds,03n
2025-07-28 21:36:42,Vinh Long,Vinh Long,26.09,26.09,26.09,88.0,26.09,10000.0,0.0,30.0,3.84,9.94,234.0,1008.0,0,802,Clouds,scattered clouds,03n
2025-07-28 21:40:27,Vinh Long,Vinh Long,26.09,26.09,26.09,88.0,26.09,10000.0,0.0,30.0,3.84,9.94,234.0,1008.0,0,802,Clouds,scattered clouds,03n
2025-07-28 21:44:13,Vinh Long,Vinh Long,26.09,26.09,26.09,88.0,26.09,10000.0,0.0,30.0,3.84,9.94,234.0,1008.0,0,802,Clouds,scattered clouds,03n
2025-07-28 21:48:00,Vinh Long,Vinh Long,26.13,26.13,26.13,87.0,26.13,10000.0,0.0,30.0,3.84,9.94,234.0,1008.0,0,802,Clouds,scattered clouds,03n
2025-07-28 21:51:45,Vinh Long,Vinh Long,26.09,26.09,26.09,88.0,26.09,10000.0,0.0,30.0,3.84,9.94,234.0,1008.0,0,802,Clouds,scattered clouds,03n
2025-07-28 21:55:31,Vinh Long,Vinh Long,26.13,26.13,26.13,87.0,26.13,10000.0,0.0,30.0,3.84,9.94,234.0,1008.0,0,802,Clouds,scattered clouds,03n
2025-07-28 21:59:17,Vinh Long,Vinh Long,26.13,26.13,26.13,87.0,26.13,10000.0,0.0,30.0,3.84,9.94,234.0,1008.0,0,802,Clouds,scattered clouds,03n
2025-07-28 22:03:03,Vinh Long,Vinh Long,26.13,26.13,26.13,87.0,26.13,10000.0,0.0,30.0,3.84,9.94,234.0,1008.0,0,802,Clouds,scattered clouds,03n
2025-07-28 22:06:49,Vinh Long,Vinh Long,26.23,26.23,26.23,91.0,26.23,10000.0,0.0,30.0,3.84,9.94,234.0,1008.0,0,802,Clouds,scattered clouds,03n
2025-07-28 22:10:36,Vinh Long,Vinh Long,26.23,26.23,26.23,91.0,26.23,10000.0,0.0,30.0,3.84,9.94,234.0,1008.0,0,802,Clouds,scattered clouds,03n
2025-07-28 22:14:22,Vinh Long,Vinh Long,26.23,26.23,26.23,91.0,26.23,10000.0,0.0,30.0,3.84,9.94,234.0,1008.0,0,802,Clouds,scattered clouds,03n
2025-07-28 22:18:09,Vinh Long,Vinh Long,26.19,26.19,26.19,91.0,26.19,10000.0,0.0,30.0,3.84,9.94,234.0,1008.0,0,802,Clouds,scattered clouds,03n
2025-07-28 22:21:54,Vinh Long,Vinh Long,26.23,26.23,26.23,91.0,26.23,10000.0,0.0,30.0,3.84,9.94,234.0,1008.0,0,802,Clouds,scattered clouds,03n
2025-07-28 22:25:39,Vinh Long,Vinh Long,26.19,26.19,26.19,91.0,26.19,10000.0,0.0,30.0,3.84,9.94,234.0,1008.0,0,802,Clouds,scattered clouds,03n
2025-07-28 22:29:26,Vinh Long,Vinh Long,26.19,26.19,26.19,91.0,26.19,10000.0,0.1,30.0,3.84,9.94,234.0,1008.0,0,500,Rain,light rain,10n
2025-07-28 22:33:11,Vinh Long,Vinh Long,26.19,26.19,26.19,91.0,26.19,10000.0,0.1,30.0,3.84,9.94,234.0,1008.0,0,500,Rain,light rain,10n
2025-07-28 22:36:57,Vinh Long,Vinh Long,26.06,26.06,26.06,89.0,26.06,10000.0,0.0,30.0,3.6,9.81,229.0,1008.0,0,802,Clouds,scattered clouds,03n
2025-07-28 22:40:43,Vinh Long,Vinh Long,26.06,26.06,26.06,89.0,26.06,10000.0,0.12,30.0,3.6,9.81,229.0,1008.0,0,500,Rain,light rain,10n
2025-07-28 22:44:29,Vinh Long,Vinh Long,26.06,26.06,26.06,89.0,26.06,10000.0,0.12,30.0,3.6,9.81,229.0,1008.0,0,500,Rain,light rain,10n
2025-07-28 22:48:15,Vinh Long,Vinh Long,26.01,26.01,26.01,88.0,26.01,10000.0,0.0,30.0,3.6,9.81,229.0,1008.0,0,802,Clouds,scattered clouds,03n
2025-07-28 22:52:01,Vinh Long,Vinh Long,26.01,26.01,26.01,88.0,26.01,10000.0,0.0,30.0,3.6,9.81,229.0,1008.0,0,802,Clouds,scattered clouds,03n
2025-07-28 22:55:46,Vinh Long,Vinh Long,26.01,26.01,26.01,88.0,26.01,10000.0,0.0,30.0,3.6,9.81,229.0,1008.0,0,802,Clouds,scattered clouds,03n
2025-07-28 22:59:33,Vinh Long,Vinh Long,26.01,26.01,26.01,88.0,26.01,10000.0,0.0,30.0,3.6,9.81,229.0,1008.0,0,802,Clouds,scattered clouds,03n
2025-07-28 23:03:19,Vinh Long,Vinh Long,26.06,26.06,26.06,92.0,26.06,10000.0,0.0,30.0,3.6,9.81,229.0,1008.0,0,802,Clouds,scattered clouds,03n
2025-07-28 23:07:05,Vinh Long,Vinh Long,26.06,26.06,26.06,92.0,26.06,10000.0,0.0,30.0,3.6,9.81,229.0,1008.0,0,802,Clouds,scattered clouds,03n
2025-07-28 23:10:51,Vinh Long,Vinh Long,26.06,26.06,26.06,92.0,26.06,10000.0,0.0,30.0,3.6,9.81,229.0,1008.0,0,802,Clouds,scattered clouds,03n
2025-07-28 23:14:36,Vinh Long,Vinh Long,26.06,26.06,26.06,92.0,26.06,10000.0,0.0,30.0,3.6,9.81,229.0,1008.0,0,802,Clouds,scattered clouds,03n
2025-07-28 23:18:22,Vinh Long,Vinh Long,26.06,26.06,26.06,92.0,26.06,10000.0,0.0,30.0,3.6,9.81,229.0,1008.0,0,802,Clouds,scattered clouds,03n
2025-07-28 23:22:08,Vinh Long,Vinh Long,26.06,26.06,26.06,92.0,26.06,10000.0,0.0,30.0,3.6,9.81,229.0,1008.0,0,802,Clouds,scattered clouds,03n
2025-07-28 23:25:54,Vinh Long,Vinh Long,26.06,26.06,26.06,92.0,26.06,10000.0,0.0,30.0,3.6,9.81,229.0,1008.0,0,802,Clouds,scattered clouds,03n
2025-07-28 23:29:39,Vinh Long,Vinh Long,26.06,26.06,26.06,92.0,26.06,10000.0,0.0,30.0,3.6,9.81,229.0,1008.0,0,802,Clouds,scattered clouds,03n
2025-07-28 23:33:25,Vinh Long,Vinh Long,26.0,26.0,26.0,90.0,26.0,10000.0,0.0,33.0,3.79,10.27,227.0,1007.0,0,802,Clouds,scattered clouds,03n
2025-07-28 23:37:11,Vinh Long,Vinh Long,26.0,26.0,26.0,90.0,26.0,10000.0,0.0,33.0,3.79,10.27,227.0,1007.0,0,802,Clouds,scattered clouds,03n
2025-07-28 23:40:57,Vinh Long,Vinh Long,26.0,26.0,26.0,90.0,26.0,10000.0,0.0,33.0,3.79,10.27,227.0,1007.0,0,802,Clouds,scattered clouds,03n
2025-07-28 23:44:43,Vinh Long,Vinh Long,26.0,26.0,26.0,90.0,26.0,10000.0,0.0,33.0,3.79,10.27,227.0,1007.0,0,802,Clouds,scattered clouds,03n
2025-07-28 23:48:28,Vinh Long,Vinh Long,26.0,26.0,26.0,90.0,26.0,10000.0,0.0,33.0,3.79,10.27,227.0,1007.0,0,802,Clouds,scattered clouds,03n
2025-07-28 23:52:18,Vinh Long,Vinh Long,25.99,25.99,25.99,89.0,25.99,10000.0,0.0,33.0,3.79,10.27,227.0,1007.0,0,802,Clouds,scattered clouds,03n
2025-07-28 23:56:05,Vinh Long,Vinh Long,25.99,25.99,25.99,89.0,25.99,10000.0,0.0,33.0,3.79,10.27,227.0,1007.0,0,802,Clouds,scattered clouds,03n
2025-07-28 23:59:51,Vinh Long,Vinh Long,25.99,25.99,25.99,89.0,25.99,10000.0,0.0,33.0,3.79,10.27,227.0,1007.0,0,802,Clouds,scattered clouds,03n
2025-07-29 00:03:37,Vinh Long,Vinh Long,26.03,26.03,26.03,92.0,26.03,10000.0,0.0,33.0,3.79,10.27,227.0,1007.0,0,802,Clouds,scattered clouds,03n
2025-07-29 00:07:25,Vinh Long,Vinh Long,26.03,26.03,26.03,92.0,26.03,10000.0,0.0,33.0,3.79,10.27,227.0,1007.0,0,802,Clouds,scattered clouds,03n
2025-07-29 00:11:10,Vinh Long,Vinh Long,26.03,26.03,26.03,92.0,26.03,10000.0,0.0,33.0,3.79,10.27,227.0,1007.0,0,802,Clouds,scattered clouds,03n
2025-07-29 00:14:56,Vinh Long,Vinh Long,26.03,26.03,26.03,92.0,26.03,10000.0,0.0,33.0,3.79,10.27,227.0,1007.0,0,802,Clouds,scattered clouds,03n
2025-07-29 00:18:42,Vinh Long,Vinh Long,26.03,26.03,26.03,92.0,26.03,10000.0,0.0,33.0,3.79,10.27,227.0,1007.0,0,802,Clouds,scattered clouds,03n
2025-07-29 00:22:28,Vinh Long,Vinh Long,26.03,26.03,26.03,92.0,26.03,10000.0,0.0,33.0,3.79,10.27,227.0,1007.0,0,802,Clouds,scattered clouds,03n
2025-07-29 00:26:14,Vinh Long,Vinh Long,26.03,26.03,26.03,92.0,26.03,10000.0,0.0,33.0,3.79,10.27,227.0,1007.0,0,802,Clouds,scattered clouds,03n
2025-07-29 00:30:00,Vinh Long,Vinh Long,26.03,26.03,26.03,92.0,26.03,10000.0,0.0,33.0,3.79,10.27,227.0,1007.0,0,802,Clouds,scattered clouds,03n
2025-07-29 00:33:46,Vinh Long,Vinh Long,25.94,25.94,25.94,91.0,26.97,10000.0,0.0,40.0,3.37,10.0,228.0,1007.0,0,802,Clouds,scattered clouds,03n
2025-07-29 00:37:33,Vinh Long,Vinh Long,25.94,25.94,25.94,91.0,26.97,10000.0,0.0,40.0,3.37,10.0,228.0,1007.0,0,802,Clouds,scattered clouds,03n
2025-07-29 00:41:18,Vinh Long,Vinh Long,25.94,25.94,25.94,91.0,26.97,10000.0,0.0,40.0,3.37,10.0,228.0,1007.0,0,802,Clouds,scattered clouds,03n
2025-07-29 00:45:04,Vinh Long,Vinh Long,25.94,25.94,25.94,91.0,26.97,10000.0,0.0,40.0,3.37,10.0,228.0,1007.0,0,802,Clouds,scattered clouds,03n
2025-07-29 00:48:52,Vinh Long,Vinh Long,25.94,25.94,25.94,91.0,26.97,10000.0,0.0,40.0,3.37,10.0,228.0,1007.0,0,802,Clouds,scattered clouds,03n
2025-07-29 00:52:38,Vinh Long,Vinh Long,25.94,25.94,25.94,91.0,26.97,10000.0,0.0,85.0,3.35,9.81,225.0,1007.0,0,804,Clouds,overcast clouds,04n
2025-07-29 00:56:23,Vinh Long,Vinh Long,25.94,25.94,25.94,91.0,26.97,10000.0,0.0,85.0,3.35,9.81,225.0,1007.0,0,804,Clouds,overcast clouds,04n
2025-07-29 01:00:10,Vinh Long,Vinh Long,25.94,25.94,25.94,91.0,26.97,10000.0,0.0,85.0,3.35,9.81,225.0,1007.0,0,804,Clouds,overcast clouds,04n
2025-07-29 01:03:56,Vinh Long,Vinh Long,25.94,25.94,25.94,91.0,26.97,10000.0,0.0,85.0,3.35,9.81,225.0,1007.0,0,804,Clouds,overcast clouds,04n
2025-07-29 01:07:42,Vinh Long,Vinh Long,25.94,25.94,25.94,91.0,26.97,10000.0,0.0,85.0,3.35,9.81,225.0,1007.0,0,804,Clouds,overcast clouds,04n
2025-07-29 01:11:28,Vinh Long,Vinh Long,25.94,25.94,25.94,91.0,26.97,10000.0,0.0,85.0,3.35,9.81,225.0,1007.0,0,804,Clouds,overcast clouds,04n
2025-07-29 01:15:14,Vinh Long,Vinh Long,25.94,25.94,25.94,91.0,26.97,10000.0,0.0,85.0,3.35,9.81,225.0,1007.0,0,804,Clouds,overcast clouds,04n
2025-07-29 01:19:00,Vinh Long,Vinh Long,25.94,25.94,25.94,91.0,26.97,10000.0,0.0,85.0,3.35,9.81,225.0,1007.0,0,804,Clouds,overcast clouds,04n
2025-07-29 01:22:46,Vinh Long,Vinh Long,25.94,25.94,25.94,91.0,26.97,10000.0,0.0,85.0,3.35,9.81,225.0,1007.0,0,804,Clouds,overcast clouds,04n
2025-07-29 01:26:32,Vinh Long,Vinh Long,25.94,25.94,25.94,91.0,26.97,10000.0,0.0,85.0,3.35,9.81,225.0,1007.0,0,804,Clouds,overcast clouds,04n
2025-07-29 01:30:18,Vinh Long,Vinh Long,25.94,25.94,25.94,91.0,26.97,10000.0,0.0,85.0,3.35,9.81,225.0,1007.0,0,804,Clouds,overcast clouds,04n
2025-07-29 01:34:04,Vinh Long,Vinh Long,26.28,26.28,26.28,91.0,26.28,10000.0,0.0,12.0,3.18,10.14,229.0,1006.0,0,801,Clouds,few clouds,02n
2025-07-29 01:37:50,Vinh Long,Vinh Long,26.28,26.28,26.28,91.0,26.28,10000.0,0.0,12.0,3.18,10.14,229.0,1006.0,0,801,Clouds,few clouds,02n
2025-07-29 01:41:36,Vinh Long,Vinh Long,26.13,26.13,26.13,92.0,26.13,10000.0,0.0,12.0,3.18,10.14,229.0,1006.0,0,801,Clouds,few clouds,02n
2025-07-29 01:45:22,Vinh Long,Vinh Long,26.13,26.13,26.13,92.0,26.13,10000.0,0.0,12.0,3.18,10.14,229.0,1006.0,0,801,Clouds,few clouds,02n
2025-07-29 01:49:08,Vinh Long,Vinh Long,26.13,26.13,26.13,92.0,26.13,10000.0,0.0,12.0,3.18,10.14,229.0,1006.0,0,801,Clouds,few clouds,02n
2025-07-29 01:52:54,Vinh Long,Vinh Long,26.13,26.13,26.13,92.0,26.13,10000.0,0.0,12.0,3.18,10.14,229.0,1006.0,0,801,Clouds,few clouds,02n
2025-07-29 01:56:40,Vinh Long,Vinh Long,26.13,26.13,26.13,92.0,26.13,10000.0,0.0,12.0,3.18,10.14,229.0,1006.0,0,801,Clouds,few clouds,02n
2025-07-29 02:00:25,Vinh Long,Vinh Long,26.13,26.13,26.13,92.0,26.13,10000.0,0.0,12.0,3.18,10.14,229.0,1006.0,0,801,Clouds,few clouds,02n
2025-07-29 02:04:11,Vinh Long,Vinh Long,26.13,26.13,26.13,92.0,26.13,10000.0,0.0,12.0,3.18,10.14,229.0,1006.0,0,801,Clouds,few clouds,02n
2025-07-29 02:07:57,Vinh Long,Vinh Long,26.17,26.17,26.17,94.0,26.17,10000.0,0.0,12.0,3.18,10.14,229.0,1007.0,0,801,Clouds,few clouds,02n
2025-07-29 02:11:47,Vinh Long,Vinh Long,26.17,26.17,26.17,94.0,26.17,10000.0,0.0,12.0,3.18,10.14,229.0,1007.0,0,801,Clouds,few clouds,02n
2025-07-29 02:15:33,Vinh Long,Vinh Long,26.17,26.17,26.17,94.0,26.17,10000.0,0.0,12.0,3.18,10.14,229.0,1007.0,0,801,Clouds,few clouds,02n
2025-07-29 02:19:18,Vinh Long,Vinh Long,26.17,26.17,26.17,94.0,26.17,10000.0,0.0,12.0,3.18,10.14,229.0,1007.0,0,801,Clouds,few clouds,02n
2025-07-29 02:23:05,Vinh Long,Vinh Long,26.17,26.17,26.17,94.0,26.17,10000.0,0.15,12.0,3.18,10.14,229.0,1007.0,0,500,Rain,light rain,10n
2025-07-29 02:26:51,Vinh Long,Vinh Long,26.17,26.17,26.17,94.0,26.17,10000.0,0.24,12.0,3.18,10.14,229.0,1007.0,0,500,Rain,light rain,10n
2025-07-29 02:30:40,Vinh Long,Vinh Long,26.17,26.17,26.17,94.0,26.17,10000.0,0.24,12.0,3.18,10.14,229.0,1007.0,0,500,Rain,light rain,10n
2025-07-29 02:34:26,Vinh Long,Vinh Long,25.87,25.87,25.87,93.0,26.94,10000.0,0.21,17.0,2.97,9.66,219.0,1006.0,0,500,Rain,light rain,10n
2025-07-29 02:38:12,Vinh Long,Vinh Long,25.87,25.87,25.87,93.0,26.94,10000.0,0.21,17.0,2.97,9.66,219.0,1006.0,0,500,Rain,light rain,10n
2025-07-29 02:41:58,Vinh Long,Vinh Long,25.87,25.87,25.87,93.0,26.94,10000.0,0.21,17.0,2.97,9.66,219.0,1006.0,0,500,Rain,light rain,10n
2025-07-29 02:45:44,Vinh Long,Vinh Long,25.87,25.87,25.87,93.0,26.94,10000.0,0.13,17.0,2.97,9.66,219.0,1006.0,0,500,Rain,light rain,10n
2025-07-29 02:49:30,Vinh Long,Vinh Long,25.87,25.87,25.87,93.0,26.94,10000.0,0.1,17.0,2.97,9.66,219.0,1006.0,0,500,Rain,light rain,10n
2025-07-29 02:53:21,Vinh Long,Vinh Long,25.87,25.87,25.87,93.0,26.94,10000.0,0.1,17.0,2.97,9.66,219.0,1006.0,0,500,Rain,light rain,10n
2025-07-29 02:57:07,Vinh Long,Vinh Long,25.87,25.87,25.87,93.0,26.94,10000.0,0.0,17.0,2.97,9.66,219.0,1006.0,0,801,Clouds,few clouds,02n
2025-07-29 03:00:53,Vinh Long,Vinh Long,25.87,25.87,25.87,93.0,26.94,10000.0,0.0,17.0,2.97,9.66,219.0,1006.0,0,801,Clouds,few clouds,02n
2025-07-29 03:04:39,Vinh Long,Vinh Long,25.93,25.93,25.93,95.0,27.06,10000.0,0.0,17.0,2.97,9.66,219.0,1006.0,0,801,Clouds,few clouds,02n
2025-07-29 03:08:24,Vinh Long,Vinh Long,25.93,25.93,25.93,95.0,27.06,10000.0,0.0,17.0,2.97,9.66,219.0,1006.0,0,801,Clouds,few clouds,02n
2025-07-29 03:12:14,Vinh Long,Vinh Long,25.93,25.93,25.93,95.0,27.06,10000.0,0.0,17.0,2.97,9.66,219.0,1006.0,0,801,Clouds,few clouds,02n
2025-07-29 03:15:59,Vinh Long,Vinh Long,25.93,25.93,25.93,95.0,27.06,10000.0,0.0,17.0,2.97,9.66,219.0,1006.0,0,801,Clouds,few clouds,02n
2025-07-29 03:19:45,Vinh Long,Vinh Long,25.93,25.93,25.93,95.0,27.06,10000.0,0.0,17.0,2.97,9.66,219.0,1006.0,0,801,Clouds,few clouds,02n
2025-07-29 03:23:31,Vinh Long,Vinh Long,25.92,25.92,25.92,95.0,27.05,10000.0,0.0,17.0,2.97,9.66,219.0,1006.0,0,801,Clouds,few clouds,02n
2025-07-29 03:27:16,Vinh Long,Vinh Long,25.92,25.92,25.92,95.0,27.05,10000.0,0.0,17.0,2.97,9.66,219.0,1006.0,0,801,Clouds,few clouds,02n
2025-07-29 03:31:10,Vinh Long,Vinh Long,25.68,25.68,25.68,94.0,26.76,10000.0,0.0,15.0,2.78,9.34,215.0,1006.0,0,801,Clouds,few clouds,02n
2025-07-29 03:34:57,Vinh Long,Vinh Long,25.68,25.68,25.68,94.0,26.76,10000.0,0.0,15.0,2.78,9.34,215.0,1006.0,0,801,Clouds,few clouds,02n
2025-07-29 03:38:42,Vinh Long,Vinh Long,25.68,25.68,25.68,94.0,26.76,10000.0,0.0,15.0,2.78,9.34,215.0,1006.0,0,801,Clouds,few clouds,02n
2025-07-29 03:42:28,Vinh Long,Vinh Long,25.68,25.68,25.68,94.0,26.76,10000.0,0.0,15.0,2.78,9.34,215.0,1006.0,0,801,Clouds,few clouds,02n
2025-07-29 03:46:14,Vinh Long,Vinh Long,25.68,25.68,25.68,94.0,26.76,10000.0,0.0,15.0,2.78,9.34,215.0,1006.0,0,801,Clouds,few clouds,02n
2025-07-29 03:49:59,Vinh Long,Vinh Long,25.68,25.68,25.68,94.0,26.76,10000.0,0.0,15.0,2.78,9.34,215.0,1006.0,0,801,Clouds,few clouds,02n
2025-07-29 03:53:45,Vinh Long,Vinh Long,25.68,25.68,25.68,94.0,26.76,10000.0,0.0,15.0,2.78,9.34,215.0,1006.0,0,801,Clouds,few clouds,02n
2025-07-29 03:57:31,Vinh Long,Vinh Long,25.68,25.68,25.68,94.0,26.76,10000.0,0.0,15.0,2.78,9.34,215.0,1006.0,0,801,Clouds,few clouds,02n
2025-07-29 04:01:16,Vinh Long,Vinh Long,25.68,25.68,25.68,94.0,26.76,10000.0,0.0,15.0,2.78,9.34,215.0,1006.0,0,801,Clouds,few clouds,02n
2025-07-29 04:05:02,Vinh Long,Vinh Long,25.74,25.74,25.74,95.0,26.85,10000.0,0.0,15.0,2.78,9.34,215.0,1006.0,0,801,Clouds,few clouds,02n
2025-07-29 04:08:48,Vinh Long,Vinh Long,25.74,25.74,25.74,95.0,26.85,10000.0,0.0,15.0,2.78,9.34,215.0,1006.0,0,801,Clouds,few clouds,02n
2025-07-29 04:12:33,Vinh Long,Vinh Long,25.74,25.74,25.74,95.0,26.85,10000.0,0.0,15.0,2.78,9.34,215.0,1006.0,0,801,Clouds,few clouds,02n
2025-07-29 04:16:20,Vinh Long,Vinh Long,25.74,25.74,25.74,95.0,26.85,10000.0,0.0,15.0,2.78,9.34,215.0,1006.0,0,801,Clouds,few clouds,02n
2025-07-29 04:20:07,Vinh Long,Vinh Long,25.74,25.74,25.74,95.0,26.85,10000.0,0.0,15.0,2.78,9.34,215.0,1006.0,0,801,Clouds,few clouds,02n
2025-07-29 04:23:52,Vinh Long,Vinh Long,25.74,25.74,25.74,95.0,26.85,10000.0,0.0,15.0,2.78,9.34,215.0,1006.0,0,801,Clouds,few clouds,02n
2025-07-29 04:27:40,Vinh Long,Vinh Long,25.74,25.74,25.74,95.0,26.85,10000.0,0.0,15.0,2.78,9.34,215.0,1006.0,0,801,Clouds,few clouds,02n
2025-07-29 04:31:38,Vinh Long,Vinh Long,25.68,25.68,25.68,94.0,26.76,10000.0,0.0,15.0,2.99,9.66,214.0,1006.0,0,801,Clouds,few clouds,02n
2025-07-29 04:35:23,Vinh Long,Vinh Long,25.68,25.68,25.68,94.0,26.76,10000.0,0.0,15.0,2.99,9.66,214.0,1006.0,0,801,Clouds,few clouds,02n
2025-07-29 04:39:10,Vinh Long,Vinh Long,25.68,25.68,25.68,94.0,26.76,10000.0,0.0,15.0,2.99,9.66,214.0,1006.0,0,801,Clouds,few clouds,02n
2025-07-29 04:42:56,Vinh Long,Vinh Long,25.68,25.68,25.68,94.0,26.76,10000.0,0.0,15.0,2.99,9.66,214.0,1006.0,0,801,Clouds,few clouds,02n
2025-07-29 04:46:42,Vinh Long,Vinh Long,25.68,25.68,25.68,94.0,26.76,10000.0,0.0,15.0,2.99,9.66,214.0,1006.0,0,801,Clouds,few clouds,02n
2025-07-29 04:50:27,Vinh Long,Vinh Long,25.68,25.68,25.68,94.0,26.76,10000.0,0.0,15.0,2.99,9.66,214.0,1006.0,0,801,Clouds,few clouds,02n
2025-07-29 04:54:13,Vinh Long,Vinh Long,25.67,25.67,25.67,94.0,26.75,10000.0,0.0,15.0,2.99,9.66,214.0,1006.0,0,801,Clouds,few clouds,02n
2025-07-29 04:57:59,Vinh Long,Vinh Long,25.67,25.67,25.67,94.0,26.75,10000.0,0.0,15.0,2.99,9.66,214.0,1006.0,0,801,Clouds,few clouds,02n
2025-07-29 05:01:45,Vinh Long,Vinh Long,25.67,25.67,25.67,94.0,26.75,10000.0,0.0,15.0,2.99,9.66,214.0,1006.0,0,801,Clouds,few clouds,02n
2025-07-29 05:05:35,Vinh Long,Vinh Long,25.73,25.73,25.73,96.0,26.87,10000.0,0.0,15.0,2.99,9.66,214.0,1006.0,0,801,Clouds,few clouds,02n
2025-07-29 05:09:21,Vinh Long,Vinh Long,25.73,25.73,25.73,96.0,26.87,10000.0,0.0,15.0,2.99,9.66,214.0,1006.0,0,801,Clouds,few clouds,02n
2025-07-29 05:13:08,Vinh Long,Vinh Long,25.73,25.73,25.73,96.0,26.87,10000.0,0.0,15.0,2.99,9.66,214.0,1006.0,0,801,Clouds,few clouds,02n
2025-07-29 05:16:54,Vinh Long,Vinh Long,25.73,25.73,25.73,96.0,26.87,10000.0,0.0,15.0,2.99,9.66,214.0,1006.0,0,801,Clouds,few clouds,02n
2025-07-29 05:20:40,Vinh Long,Vinh Long,25.73,25.73,25.73,96.0,26.87,10000.0,0.0,15.0,2.99,9.66,214.0,1006.0,0,801,Clouds,few clouds,02n
2025-07-29 05:24:26,Vinh Long,Vinh Long,25.73,25.73,25.73,96.0,26.87,10000.0,0.0,15.0,2.99,9.66,214.0,1006.0,0,801,Clouds,few clouds,02n
2025-07-29 05:28:13,Vinh Long,Vinh Long,25.73,25.73,25.73,96.0,26.87,10000.0,0.0,15.0,2.99,9.66,214.0,1006.0,0,801,Clouds,few clouds,02n
2025-07-29 05:32:00,Vinh Long,Vinh Long,25.73,25.73,25.73,96.0,26.87,10000.0,0.0,15.0,2.99,9.66,214.0,1006.0,0,801,Clouds,few clouds,02n
2025-07-29 05:35:46,Vinh Long,Vinh Long,25.8,25.8,25.8,94.0,26.89,10000.0,0.0,16.0,2.78,9.55,216.0,1007.0,0,801,Clouds,few clouds,02n
2025-07-29 05:39:32,Vinh Long,Vinh Long,25.73,25.73,25.73,96.0,26.87,10000.0,0.0,15.0,2.99,9.66,214.0,1006.0,0,801,Clouds,few clouds,02n
2025-07-29 05:43:18,Vinh Long,Vinh Long,25.8,25.8,25.8,94.0,26.89,10000.0,0.0,16.0,2.78,9.55,216.0,1007.0,0,801,Clouds,few clouds,02n
2025-07-29 05:47:05,Vinh Long,Vinh Long,25.8,25.8,25.8,94.0,26.89,10000.0,0.0,16.0,2.78,9.55,216.0,1007.0,1,801,Clouds,few clouds,02n
2025-07-29 05:50:58,Vinh Long,Vinh Long,25.85,25.85,25.85,94.0,26.95,10000.0,0.0,16.0,2.78,9.55,216.0,1007.0,1,801,Clouds,few clouds,02d
2025-07-29 05:54:44,Vinh Long,Vinh Long,25.85,25.85,25.85,94.0,26.95,10000.0,0.0,16.0,2.78,9.55,216.0,1007.0,1,801,Clouds,few clouds,02d
2025-07-29 05:58:30,Vinh Long,Vinh Long,25.85,25.85,25.85,94.0,26.95,10000.0,0.0,16.0,2.78,9.55,216.0,1007.0,1,801,Clouds,few clouds,02d
2025-07-29 06:02:16,Vinh Long,Vinh Long,25.85,25.85,25.85,94.0,26.95,10000.0,0.0,16.0,2.78,9.55,216.0,1007.0,1,801,Clouds,few clouds,02d
2025-07-29 06:06:01,Vinh Long,Vinh Long,25.85,25.85,25.85,94.0,26.95,10000.0,0.0,16.0,2.78,9.55,216.0,1007.0,1,801,Clouds,few clouds,02d
2025-07-29 06:09:47,Vinh Long,Vinh Long,25.92,25.92,25.92,95.0,27.05,10000.0,0.0,16.0,2.78,9.55,216.0,1007.0,1,801,Clouds,few clouds,02d
2025-07-29 06:13:34,Vinh Long,Vinh Long,25.92,25.92,25.92,95.0,27.05,10000.0,0.0,16.0,2.78,9.55,216.0,1007.0,1,801,Clouds,few clouds,02d
2025-07-29 06:17:20,Vinh Long,Vinh Long,25.92,25.92,25.92,95.0,27.05,10000.0,0.0,16.0,2.78,9.55,216.0,1007.0,1,801,Clouds,few clouds,02d
2025-07-29 06:21:05,Vinh Long,Vinh Long,25.92,25.92,25.92,95.0,27.05,10000.0,0.0,16.0,2.78,9.55,216.0,1007.0,1,801,Clouds,few clouds,02d
2025-07-29 06:24:51,Vinh Long,Vinh Long,25.92,25.92,25.92,95.0,27.05,10000.0,0.0,16.0,2.78,9.55,216.0,1007.0,1,801,Clouds,few clouds,02d
2025-07-29 06:28:37,Vinh Long,Vinh Long,25.92,25.92,25.92,95.0,27.05,10000.0,0.0,16.0,2.78,9.55,216.0,1007.0,1,801,Clouds,few clouds,02d
2025-07-29 06:32:25,Vinh Long,Vinh Long,25.47,25.47,25.47,89.0,26.4,10000.0,0.0,22.0,4.17,10.74,221.0,1007.0,1,801,Clouds,few clouds,02d
2025-07-29 06:36:10,Vinh Long,Vinh Long,25.47,25.47,25.47,89.0,26.4,10000.0,0.0,22.0,4.17,10.74,221.0,1007.0,1,801,Clouds,few clouds,02d
2025-07-29 06:39:56,Vinh Long,Vinh Long,25.47,25.47,25.47,89.0,26.4,10000.0,0.0,22.0,4.17,10.74,221.0,1007.0,1,801,Clouds,few clouds,02d
2025-07-29 06:43:43,Vinh Long,Vinh Long,25.47,25.47,25.47,89.0,26.4,10000.0,0.0,55.0,3.93,10.07,217.0,1007.0,1,803,Clouds,broken clouds,04d
2025-07-29 06:47:29,Vinh Long,Vinh Long,25.47,25.47,25.47,89.0,26.4,10000.0,0.0,55.0,3.93,10.07,217.0,1007.0,1,803,Clouds,broken clouds,04d
2025-07-29 06:51:19,Vinh Long,Vinh Long,25.47,25.47,25.47,89.0,26.4,10000.0,0.0,55.0,3.93,10.07,217.0,1007.0,1,803,Clouds,broken clouds,04d
2025-07-29 06:55:12,Vinh Long,Vinh Long,25.47,25.47,25.47,89.0,26.4,10000.0,0.0,55.0,3.93,10.07,217.0,1007.0,1,803,Clouds,broken clouds,04d
2025-07-29 06:58:57,Vinh Long,Vinh Long,25.47,25.47,25.47,89.0,26.4,10000.0,0.0,55.0,3.93,10.07,217.0,1007.0,1,803,Clouds,broken clouds,04d
2025-07-29 07:02:43,Vinh Long,Vinh Long,25.47,25.47,25.47,89.0,26.4,10000.0,0.0,55.0,3.93,10.07,217.0,1007.0,1,803,Clouds,broken clouds,04d
2025-07-29 07:06:34,Vinh Long,Vinh Long,25.47,25.47,25.47,89.0,26.4,10000.0,0.0,55.0,3.93,10.07,217.0,1007.0,1,803,Clouds,broken clouds,04d
2025-07-29 07:10:20,Vinh Long,Vinh Long,25.47,25.47,25.47,89.0,26.4,10000.0,0.0,55.0,3.93,10.07,217.0,1007.0,1,803,Clouds,broken clouds,04d
2025-07-29 07:14:12,Vinh Long,Vinh Long,25.47,25.47,25.47,89.0,26.4,10000.0,0.0,55.0,3.93,10.07,217.0,1007.0,1,803,Clouds,broken clouds,04d
2025-07-29 07:17:58,Vinh Long,Vinh Long,25.47,25.47,25.47,89.0,26.4,10000.0,0.0,55.0,3.93,10.07,217.0,1007.0,1,803,Clouds,broken clouds,04d
2025-07-29 07:21:45,Vinh Long,Vinh Long,25.47,25.47,25.47,89.0,26.4,10000.0,0.0,55.0,3.93,10.07,217.0,1007.0,1,803,Clouds,broken clouds,04d
2025-07-29 07:25:31,Vinh Long,Vinh Long,25.47,25.47,25.47,89.0,26.4,10000.0,0.0,55.0,3.93,10.07,217.0,1007.0,1,803,Clouds,broken clouds,04d
2025-07-29 07:29:17,Vinh Long,Vinh Long,25.47,25.47,25.47,89.0,26.4,10000.0,0.0,55.0,3.93,10.07,217.0,1007.0,1,803,Clouds,broken clouds,04d
2025-07-29 07:33:05,Vinh Long,Vinh Long,26.21,26.21,26.21,79.0,26.21,10000.0,0.0,84.0,5.85,9.93,239.0,1008.0,1,803,Clouds,broken clouds,04d
2025-07-29 07:36:51,Vinh Long,Vinh Long,26.21,26.21,26.21,79.0,26.21,10000.0,0.0,84.0,5.85,9.93,239.0,1008.0,1,803,Clouds,broken clouds,04d
2025-07-29 07:40:36,Vinh Long,Vinh Long,26.21,26.21,26.21,79.0,26.21,10000.0,0.0,84.0,5.85,9.93,239.0,1008.0,1,803,Clouds,broken clouds,04d
2025-07-29 07:44:22,Vinh Long,Vinh Long,26.21,26.21,26.21,79.0,26.21,10000.0,0.0,84.0,5.85,9.93,239.0,1008.0,1,803,Clouds,broken clouds,04d
2025-07-29 07:48:09,Vinh Long,Vinh Long,26.21,26.21,26.21,79.0,26.21,10000.0,0.0,84.0,5.85,9.93,239.0,1008.0,1,803,Clouds,broken clouds,04d
2025-07-29 07:51:54,Vinh Long,Vinh Long,26.21,26.21,26.21,79.0,26.21,10000.0,0.0,84.0,5.85,9.93,239.0,1008.0,1,803,Clouds,broken clouds,04d
2025-07-29 07:55:40,Vinh Long,Vinh Long,26.21,26.21,26.21,79.0,26.21,10000.0,0.0,84.0,5.85,9.93,239.0,1008.0,1,803,Clouds,broken clouds,04d
2025-07-29 07:59:26,Vinh Long,Vinh Long,26.21,26.21,26.21,79.0,26.21,10000.0,0.0,84.0,5.85,9.93,239.0,1008.0,1,803,Clouds,broken clouds,04d
2025-07-29 08:03:12,Vinh Long,Vinh Long,26.56,26.56,26.56,86.0,26.56,10000.0,0.0,84.0,5.85,9.93,239.0,1007.0,1,803,Clouds,broken clouds,04d
2025-07-29 08:06:58,Vinh Long,Vinh Long,26.56,26.56,26.56,86.0,26.56,10000.0,0.0,84.0,5.85,9.93,239.0,1007.0,1,803,Clouds,broken clouds,04d
2025-07-29 08:10:44,Vinh Long,Vinh Long,26.56,26.56,26.56,86.0,26.56,10000.0,0.0,84.0,5.85,9.93,239.0,1007.0,1,803,Clouds,broken clouds,04d
2025-07-29 08:14:30,Vinh Long,Vinh Long,26.56,26.56,26.56,86.0,26.56,10000.0,0.0,84.0,5.85,9.93,239.0,1007.0,1,803,Clouds,broken clouds,04d
2025-07-29 08:18:15,Vinh Long,Vinh Long,26.56,26.56,26.56,86.0,26.56,10000.0,0.0,84.0,5.85,9.93,239.0,1007.0,1,803,Clouds,broken clouds,04d
2025-07-29 08:22:02,Vinh Long,Vinh Long,26.59,26.59,26.59,86.0,26.59,10000.0,0.0,84.0,5.85,9.93,239.0,1007.0,1,803,Clouds,broken clouds,04d
2025-07-29 08:25:47,Vinh Long,Vinh Long,26.59,26.59,26.59,86.0,26.59,10000.0,0.0,84.0,5.85,9.93,239.0,1007.0,1,803,Clouds,broken clouds,04d
2025-07-29 08:29:34,Vinh Long,Vinh Long,26.59,26.59,26.59,86.0,26.59,10000.0,0.0,84.0,5.85,9.93,239.0,1007.0,1,803,Clouds,broken clouds,04d
2025-07-29 08:33:20,Vinh Long,Vinh Long,26.59,26.59,26.59,86.0,26.59,10000.0,0.0,84.0,5.85,9.93,239.0,1007.0,1,803,Clouds,broken clouds,04d
2025-07-29 08:37:06,Vinh Long,Vinh Long,26.84,26.84,26.84,73.0,28.82,10000.0,0.0,72.0,6.36,9.13,241.0,1008.0,1,803,Clouds,broken clouds,04d
2025-07-29 08:40:51,Vinh Long,Vinh Long,26.84,26.84,26.84,73.0,28.82,10000.0,0.0,72.0,6.36,9.13,241.0,1008.0,1,803,Clouds,broken clouds,04d
2025-07-29 08:44:37,Vinh Long,Vinh Long,26.84,26.84,26.84,73.0,28.82,10000.0,0.0,72.0,6.36,9.13,241.0,1008.0,1,803,Clouds,broken clouds,04d
2025-07-29 08:48:23,Vinh Long,Vinh Long,26.95,26.95,26.95,71.0,28.85,10000.0,0.0,72.0,6.36,9.13,241.0,1008.0,1,803,Clouds,broken clouds,04d
2025-07-29 08:52:09,Vinh Long,Vinh Long,26.95,26.95,26.95,71.0,28.85,10000.0,0.0,72.0,6.36,9.13,241.0,1008.0,1,803,Clouds,broken clouds,04d
2025-07-29 08:55:55,Vinh Long,Vinh Long,26.95,26.95,26.95,71.0,28.85,10000.0,0.0,72.0,6.36,9.13,241.0,1008.0,1,803,Clouds,broken clouds,04d
2025-07-29 08:59:41,Vinh Long,Vinh Long,26.95,26.95,26.95,71.0,28.85,10000.0,0.0,72.0,6.36,9.13,241.0,1008.0,1,803,Clouds,broken clouds,04d
2025-07-29 09:03:27,Vinh Long,Vinh Long,27.19,27.19,27.19,77.0,29.86,10000.0,0.0,72.0,6.36,9.13,241.0,1008.0,1,803,Clouds,broken clouds,04d
2025-07-29 09:07:13,Vinh Long,Vinh Long,26.95,26.95,26.95,71.0,28.85,10000.0,0.0,72.0,6.36,9.13,241.0,1008.0,1,803,Clouds,broken clouds,04d
2025-07-29 09:10:59,Vinh Long,Vinh Long,27.19,27.19,27.19,77.0,29.86,10000.0,0.0,72.0,6.36,9.13,241.0,1008.0,1,803,Clouds,broken clouds,04d
2025-07-29 09:14:45,Vinh Long,Vinh Long,27.19,27.19,27.19,77.0,29.86,10000.0,0.0,72.0,6.36,9.13,241.0,1008.0,1,803,Clouds,broken clouds,04d
2025-07-29 09:18:31,Vinh Long,Vinh Long,27.19,27.19,27.19,77.0,29.86,10000.0,0.0,72.0,6.36,9.13,241.0,1008.0,1,803,Clouds,broken clouds,04d
2025-07-29 09:22:16,Vinh Long,Vinh Long,27.19,27.19,27.19,77.0,29.86,10000.0,0.0,72.0,6.36,9.13,241.0,1008.0,1,803,Clouds,broken clouds,04d
2025-07-29 09:26:03,Vinh Long,Vinh Long,27.19,27.19,27.19,77.0,29.86,10000.0,0.0,72.0,6.36,9.13,241.0,1008.0,1,803,Clouds,broken clouds,04d
2025-07-29 09:29:49,Vinh Long,Vinh Long,27.19,27.19,27.19,77.0,29.86,10000.0,0.0,72.0,6.36,9.13,241.0,1008.0,1,803,Clouds,broken clouds,04d
2025-07-29 09:33:40,Vinh Long,Vinh Long,27.19,27.19,27.19,77.0,29.86,10000.0,0.0,72.0,6.36,9.13,241.0,1008.0,1,803,Clouds,broken clouds,04d
2025-07-29 09:37:30,Vinh Long,Vinh Long,27.86,27.86,27.86,65.0,29.8,10000.0,0.0,66.0,6.79,9.32,242.0,1008.0,1,803,Clouds,broken clouds,04d
2025-07-29 09:41:22,Vinh Long,Vinh Long,27.86,27.86,27.86,65.0,29.8,10000.0,0.0,66.0,6.79,9.32,242.0,1008.0,1,803,Clouds,broken clouds,04d
2025-07-29 09:45:13,Vinh Long,Vinh Long,27.86,27.86,27.86,65.0,29.8,10000.0,0.0,66.0,6.79,9.32,242.0,1008.0,1,803,Clouds,broken clouds,04d
2025-07-29 09:49:03,Vinh Long,Vinh Long,27.86,27.86,27.86,65.0,29.8,10000.0,0.0,66.0,6.79,9.32,242.0,1008.0,1,803,Clouds,broken clouds,04d
2025-07-29 09:52:53,Vinh Long,Vinh Long,27.84,27.84,27.84,65.0,29.76,10000.0,0.0,66.0,6.79,9.32,242.0,1008.0,1,803,Clouds,broken clouds,04d
2025-07-29 09:56:43,Vinh Long,Vinh Long,27.84,27.84,27.84,65.0,29.76,10000.0,0.0,66.0,6.79,9.32,242.0,1008.0,1,803,Clouds,broken clouds,04d
2025-07-29 10:00:34,Vinh Long,Vinh Long,27.84,27.84,27.84,65.0,29.76,10000.0,0.0,66.0,6.79,9.32,242.0,1008.0,1,803,Clouds,broken clouds,04d
2025-07-29 10:04:25,Vinh Long,Vinh Long,28.01,28.01,28.01,70.0,30.69,10000.0,0.0,66.0,6.79,9.32,242.0,1008.0,1,803,Clouds,broken clouds,04d
2025-07-29 10:08:15,Vinh Long,Vinh Long,28.01,28.01,28.01,70.0,30.69,10000.0,0.0,66.0,6.79,9.32,242.0,1008.0,1,803,Clouds,broken clouds,04d
2025-07-29 10:12:10,Vinh Long,Vinh Long,28.01,28.01,28.01,70.0,30.69,10000.0,0.0,66.0,6.79,9.32,242.0,1008.0,1,803,Clouds,broken clouds,04d
2025-07-29 10:16:01,Vinh Long,Vinh Long,28.01,28.01,28.01,70.0,30.69,10000.0,0.0,66.0,6.79,9.32,242.0,1008.0,1,803,Clouds,broken clouds,04d
2025-07-29 10:19:52,Vinh Long,Vinh Long,28.04,28.04,28.04,70.0,30.74,10000.0,0.0,66.0,6.79,9.32,242.0,1008.0,1,803,Clouds,broken clouds,04d
2025-07-29 10:23:44,Vinh Long,Vinh Long,28.01,28.01,28.01,70.0,30.69,10000.0,0.0,66.0,6.79,9.32,242.0,1008.0,1,803,Clouds,broken clouds,04d
2025-07-29 10:27:36,Vinh Long,Vinh Long,28.04,28.04,28.04,70.0,30.74,10000.0,0.0,66.0,6.79,9.32,242.0,1008.0,1,803,Clouds,broken clouds,04d
2025-07-29 10:31:28,Vinh Long,Vinh Long,28.62,28.62,28.62,64.0,30.98,10000.0,0.0,71.0,7.18,9.75,244.0,1007.0,1,803,Clouds,broken clouds,04d
2025-07-29 10:35:20,Vinh Long,Vinh Long,28.62,28.62,28.62,64.0,30.98,10000.0,0.0,71.0,7.18,9.75,244.0,1007.0,1,803,Clouds,broken clouds,04d
2025-07-29 10:39:13,Vinh Long,Vinh Long,28.62,28.62,28.62,64.0,30.98,10000.0,0.0,71.0,7.18,9.75,244.0,1007.0,1,803,Clouds,broken clouds,04d
2025-07-29 10:43:07,Vinh Long,Vinh Long,28.62,28.62,28.62,64.0,30.98,10000.0,0.0,71.0,7.18,9.75,244.0,1007.0,1,803,Clouds,broken clouds,04d
2025-07-29 10:46:58,Vinh Long,Vinh Long,28.62,28.62,28.62,64.0,30.98,10000.0,0.0,71.0,7.18,9.75,244.0,1007.0,1,803,Clouds,broken clouds,04d
2025-07-29 10:50:50,Vinh Long,Vinh Long,28.65,28.65,28.65,63.0,30.88,10000.0,0.0,71.0,7.18,9.75,244.0,1007.0,1,803,Clouds,broken clouds,04d
2025-07-29 10:54:41,Vinh Long,Vinh Long,28.65,28.65,28.65,63.0,30.88,10000.0,0.0,71.0,7.18,9.75,244.0,1007.0,1,803,Clouds,broken clouds,04d
2025-07-29 10:58:32,Vinh Long,Vinh Long,28.65,28.65,28.65,63.0,30.88,10000.0,0.0,71.0,7.18,9.75,244.0,1007.0,1,803,Clouds,broken clouds,04d
2025-07-29 11:02:23,Vinh Long,Vinh Long,28.85,28.85,28.85,68.0,32.05,10000.0,0.0,71.0,7.18,9.75,244.0,1008.0,1,803,Clouds,broken clouds,04d
2025-07-29 11:06:15,Vinh Long,Vinh Long,28.85,28.85,28.85,68.0,32.05,10000.0,0.0,71.0,7.18,9.75,244.0,1008.0,1,803,Clouds,broken clouds,04d
2025-07-29 11:10:06,Vinh Long,Vinh Long,28.85,28.85,28.85,68.0,32.05,10000.0,0.0,71.0,7.18,9.75,244.0,1008.0,1,803,Clouds,broken clouds,04d
2025-07-29 11:13:56,Vinh Long,Vinh Long,28.85,28.85,28.85,68.0,32.05,10000.0,0.0,71.0,7.18,9.75,244.0,1008.0,1,803,Clouds,broken clouds,04d
2025-07-29 11:17:47,Vinh Long,Vinh Long,28.8,28.8,28.8,68.0,31.95,10000.0,0.0,71.0,7.18,9.75,244.0,1008.0,1,803,Clouds,broken clouds,04d
2025-07-29 11:21:38,Vinh Long,Vinh Long,28.8,28.8,28.8,68.0,31.95,10000.0,0.0,71.0,7.18,9.75,244.0,1008.0,1,803,Clouds,broken clouds,04d
2025-07-29 11:25:28,Vinh Long,Vinh Long,28.8,28.8,28.8,68.0,31.95,10000.0,0.0,71.0,7.18,9.75,244.0,1008.0,1,803,Clouds,broken clouds,04d
2025-07-29 11:29:19,Vinh Long,Vinh Long,28.8,28.8,28.8,68.0,31.95,10000.0,0.0,71.0,7.18,9.75,244.0,1008.0,1,803,Clouds,broken clouds,04d
2025-07-29 11:33:10,Vinh Long,Vinh Long,28.79,28.79,28.79,62.0,30.98,10000.0,0.0,77.0,7.09,9.9,245.0,1007.0,1,803,Clouds,broken clouds,04d
2025-07-29 11:37:01,Vinh Long,Vinh Long,28.79,28.79,28.79,62.0,30.98,10000.0,0.0,77.0,7.09,9.9,245.0,1007.0,1,803,Clouds,broken clouds,04d
2025-07-29 11:40:51,Vinh Long,Vinh Long,28.79,28.79,28.79,62.0,30.98,10000.0,0.0,77.0,7.09,9.9,245.0,1007.0,1,803,Clouds,broken clouds,04d
2025-07-29 11:44:42,Vinh Long,Vinh Long,28.79,28.79,28.79,62.0,30.98,10000.0,0.0,77.0,7.09,9.9,245.0,1007.0,1,803,Clouds,broken clouds,04d
2025-07-29 11:48:32,Vinh Long,Vinh Long,28.78,28.78,28.78,63.0,31.11,10000.0,0.0,77.0,7.09,9.9,245.0,1007.0,1,803,Clouds,broken clouds,04d
2025-07-29 11:52:23,Vinh Long,Vinh Long,28.78,28.78,28.78,63.0,31.11,10000.0,0.0,77.0,7.09,9.9,245.0,1007.0,1,803,Clouds,broken clouds,04d
2025-07-29 11:56:14,Vinh Long,Vinh Long,28.78,28.78,28.78,63.0,31.11,10000.0,0.0,77.0,7.09,9.9,245.0,1007.0,1,803,Clouds,broken clouds,04d
2025-07-29 12:00:06,Vinh Long,Vinh Long,28.78,28.78,28.78,63.0,31.11,10000.0,0.0,77.0,7.09,9.9,245.0,1007.0,1,803,Clouds,broken clouds,04d
2025-07-29 12:03:56,Vinh Long,Vinh Long,29.03,29.03,29.03,68.0,32.43,10000.0,0.0,77.0,7.09,9.9,245.0,1007.0,1,803,Clouds,broken clouds,04d
2025-07-29 12:07:47,Vinh Long,Vinh Long,29.03,29.03,29.03,68.0,32.43,10000.0,0.0,77.0,7.09,9.9,245.0,1007.0,1,803,Clouds,broken clouds,04d
2025-07-29 12:11:37,Vinh Long,Vinh Long,29.03,29.03,29.03,68.0,32.43,10000.0,0.0,77.0,7.09,9.9,245.0,1007.0,1,803,Clouds,broken clouds,04d
2025-07-29 12:15:29,Vinh Long,Vinh Long,29.03,29.03,29.03,68.0,32.43,10000.0,0.0,77.0,7.09,9.9,245.0,1007.0,1,803,Clouds,broken clouds,04d
2025-07-29 12:19:20,Vinh Long,Vinh Long,29.03,29.03,29.03,68.0,32.43,10000.0,0.0,77.0,7.09,9.9,245.0,1007.0,1,803,Clouds,broken clouds,04d
2025-07-29 12:23:12,Vinh Long,Vinh Long,28.97,28.97,28.97,68.0,32.3,10000.0,0.0,77.0,7.09,9.9,245.0,1007.0,1,803,Clouds,broken clouds,04d
2025-07-29 12:27:03,Vinh Long,Vinh Long,28.97,28.97,28.97,68.0,32.3,10000.0,0.0,77.0,7.09,9.9,245.0,1007.0,1,803,Clouds,broken clouds,04d
2025-07-29 12:30:54,Vinh Long,Vinh Long,28.97,28.97,28.97,68.0,32.3,10000.0,0.0,77.0,7.09,9.9,245.0,1007.0,1,803,Clouds,broken clouds,04d
2025-07-29 12:34:45,Vinh Long,Vinh Long,28.97,28.97,28.97,68.0,32.3,10000.0,0.0,77.0,7.09,9.9,245.0,1007.0,1,803,Clouds,broken clouds,04d
2025-07-29 12:38:36,Vinh Long,Vinh Long,29.31,29.31,29.31,61.0,31.74,10000.0,0.0,80.0,7.17,10.02,247.0,1006.0,1,803,Clouds,broken clouds,04d
2025-07-29 12:42:27,Vinh Long,Vinh Long,29.31,29.31,29.31,61.0,31.74,10000.0,0.0,80.0,7.17,10.02,247.0,1006.0,1,803,Clouds,broken clouds,04d
2025-07-29 12:46:18,Vinh Long,Vinh Long,29.31,29.31,29.31,61.0,31.74,10000.0,0.0,80.0,7.17,10.02,247.0,1006.0,1,803,Clouds,broken clouds,04d
2025-07-29 12:50:10,Vinh Long,Vinh Long,29.31,29.31,29.31,61.0,31.74,10000.0,0.0,63.0,6.99,9.82,245.0,1006.0,1,803,Clouds,broken clouds,04d
2025-07-29 12:54:00,Vinh Long,Vinh Long,29.31,29.31,29.31,61.0,31.74,10000.0,0.0,63.0,6.99,9.82,245.0,1006.0,1,803,Clouds,broken clouds,04d
2025-07-29 12:57:51,Vinh Long,Vinh Long,29.31,29.31,29.31,61.0,31.74,10000.0,0.0,63.0,6.99,9.82,245.0,1006.0,1,803,Clouds,broken clouds,04d
2025-07-29 13:01:42,Vinh Long,Vinh Long,29.31,29.31,29.31,61.0,31.74,10000.0,0.0,63.0,6.99,9.82,245.0,1006.0,1,803,Clouds,broken clouds,04d
2025-07-29 13:05:34,Vinh Long,Vinh Long,29.31,29.31,29.31,61.0,31.74,10000.0,0.0,63.0,6.99,9.82,245.0,1006.0,1,803,Clouds,broken clouds,04d
2025-07-29 13:09:24,Vinh Long,Vinh Long,29.31,29.31,29.31,61.0,31.74,10000.0,0.0,63.0,6.99,9.82,245.0,1006.0,1,803,Clouds,broken clouds,04d
2025-07-29 13:13:15,Vinh Long,Vinh Long,29.31,29.31,29.31,61.0,31.74,10000.0,0.0,63.0,6.99,9.82,245.0,1006.0,1,803,Clouds,broken clouds,04d
2025-07-29 13:17:07,Vinh Long,Vinh Long,29.31,29.31,29.31,61.0,31.74,10000.0,0.0,63.0,6.99,9.82,245.0,1006.0,1,803,Clouds,broken clouds,04d
2025-07-29 13:20:58,Vinh Long,Vinh Long,29.31,29.31,29.31,61.0,31.74,10000.0,0.0,63.0,6.99,9.82,245.0,1006.0,1,803,Clouds,broken clouds,04d
2025-07-29 13:24:49,Vinh Long,Vinh Long,29.31,29.31,29.31,61.0,31.74,10000.0,0.0,63.0,6.99,9.82,245.0,1006.0,1,803,Clouds,broken clouds,04d
2025-07-29 13:28:39,Vinh Long,Vinh Long,29.52,29.52,29.52,64.0,32.68,10000.0,0.0,63.0,6.99,9.82,245.0,1006.0,1,803,Clouds,broken clouds,04d
2025-07-29 13:32:31,Vinh Long,Vinh Long,28.89,28.89,28.89,63.0,31.31,10000.0,0.0,100.0,6.93,10.22,249.0,1005.0,1,804,Clouds,overcast clouds,04d
2025-07-29 13:36:22,Vinh Long,Vinh Long,28.89,28.89,28.89,63.0,31.31,10000.0,0.0,100.0,6.93,10.22,249.0,1005.0,1,804,Clouds,overcast clouds,04d
2025-07-29 13:40:13,Vinh Long,Vinh Long,28.89,28.89,28.89,63.0,31.31,10000.0,0.0,100.0,6.93,10.22,249.0,1005.0,1,804,Clouds,overcast clouds,04d
2025-07-29 13:44:04,Vinh Long,Vinh Long,28.89,28.89,28.89,63.0,31.31,10000.0,0.0,100.0,6.93,10.22,249.0,1005.0,1,804,Clouds,overcast clouds,04d
2025-07-29 13:47:55,Vinh Long,Vinh Long,28.89,28.89,28.89,63.0,31.31,10000.0,0.0,100.0,6.93,10.22,249.0,1005.0,1,804,Clouds,overcast clouds,04d
2025-07-29 13:51:45,Vinh Long,Vinh Long,28.84,28.84,28.84,62.0,31.06,10000.0,0.0,100.0,6.93,10.22,249.0,1005.0,1,804,Clouds,overcast clouds,04d
2025-07-29 13:55:37,Vinh Long,Vinh Long,28.84,28.84,28.84,62.0,31.06,10000.0,0.0,100.0,6.93,10.22,249.0,1005.0,1,804,Clouds,overcast clouds,04d
2025-07-29 13:59:28,Vinh Long,Vinh Long,28.84,28.84,28.84,62.0,31.06,10000.0,0.0,100.0,6.93,10.22,249.0,1005.0,1,804,Clouds,overcast clouds,04d
2025-07-29 14:03:18,Vinh Long,Vinh Long,28.84,28.84,28.84,62.0,31.06,10000.0,0.0,100.0,6.93,10.22,249.0,1005.0,1,804,Clouds,overcast clouds,04d
2025-07-29 14:07:10,Vinh Long,Vinh Long,29.16,29.16,29.16,64.0,31.98,10000.0,0.0,100.0,6.93,10.22,249.0,1005.0,1,804,Clouds,overcast clouds,04d
2025-07-29 14:11:00,Vinh Long,Vinh Long,29.16,29.16,29.16,64.0,31.98,10000.0,0.0,100.0,6.93,10.22,249.0,1005.0,1,804,Clouds,overcast clouds,04d
2025-07-29 14:14:51,Vinh Long,Vinh Long,29.16,29.16,29.16,64.0,31.98,10000.0,0.0,100.0,6.93,10.22,249.0,1005.0,1,804,Clouds,overcast clouds,04d
2025-07-29 14:18:41,Vinh Long,Vinh Long,29.19,29.19,29.19,64.0,32.03,10000.0,0.0,100.0,6.93,10.22,249.0,1005.0,1,804,Clouds,overcast clouds,04d
2025-07-29 14:22:31,Vinh Long,Vinh Long,29.19,29.19,29.19,64.0,32.03,10000.0,0.0,100.0,6.93,10.22,249.0,1005.0,1,804,Clouds,overcast clouds,04d
2025-07-29 14:26:22,Vinh Long,Vinh Long,29.19,29.19,29.19,64.0,32.03,10000.0,0.0,100.0,6.93,10.22,249.0,1005.0,1,804,Clouds,overcast clouds,04d
2025-07-29 14:30:14,Vinh Long,Vinh Long,29.19,29.19,29.19,64.0,32.03,10000.0,0.0,100.0,6.93,10.22,249.0,1005.0,1,804,Clouds,overcast clouds,04d
2025-07-29 14:34:06,Vinh Long,Vinh Long,29.03,29.03,29.03,62.0,31.4,10000.0,0.0,100.0,7.65,10.96,256.0,1005.0,1,804,Clouds,overcast clouds,04d
2025-07-29 14:37:58,Vinh Long,Vinh Long,29.03,29.03,29.03,62.0,31.4,10000.0,0.0,100.0,7.65,10.96,256.0,1005.0,1,804,Clouds,overcast clouds,04d
2025-07-29 14:41:48,Vinh Long,Vinh Long,29.03,29.03,29.03,62.0,31.4,10000.0,0.0,100.0,7.65,10.96,256.0,1005.0,1,804,Clouds,overcast clouds,04d
2025-07-29 14:45:39,Vinh Long,Vinh Long,29.03,29.03,29.03,62.0,31.4,10000.0,0.0,100.0,7.65,10.96,256.0,1005.0,1,804,Clouds,overcast clouds,04d
2025-07-29 14:49:30,Vinh Long,Vinh Long,29.03,29.03,29.03,62.0,31.4,10000.0,0.0,100.0,7.65,10.96,256.0,1005.0,1,804,Clouds,overcast clouds,04d
2025-07-29 14:53:22,Vinh Long,Vinh Long,29.03,29.03,29.03,62.0,31.4,10000.0,0.0,100.0,7.65,10.96,256.0,1005.0,1,804,Clouds,overcast clouds,04d
2025-07-29 14:57:14,Vinh Long,Vinh Long,28.99,28.99,28.99,60.0,31.02,10000.0,0.0,100.0,7.65,10.96,256.0,1005.0,1,804,Clouds,overcast clouds,04d
2025-07-29 15:01:05,Vinh Long,Vinh Long,28.99,28.99,28.99,60.0,31.02,10000.0,0.0,100.0,7.65,10.96,256.0,1005.0,1,804,Clouds,overcast clouds,04d
2025-07-29 15:04:56,Vinh Long,Vinh Long,29.31,29.31,29.31,63.0,32.09,10000.0,0.0,100.0,7.65,10.96,256.0,1005.0,1,804,Clouds,overcast clouds,04d
2025-07-29 15:08:47,Vinh Long,Vinh Long,29.31,29.31,29.31,63.0,32.09,10000.0,0.0,100.0,7.65,10.96,256.0,1005.0,1,804,Clouds,overcast clouds,04d
2025-07-29 15:12:37,Vinh Long,Vinh Long,29.31,29.31,29.31,63.0,32.09,10000.0,0.0,100.0,7.65,10.96,256.0,1005.0,1,804,Clouds,overcast clouds,04d
2025-07-29 15:16:28,Vinh Long,Vinh Long,29.27,29.27,29.27,63.0,32.01,10000.0,0.0,100.0,7.65,10.96,256.0,1005.0,1,804,Clouds,overcast clouds,04d
2025-07-29 15:20:20,Vinh Long,Vinh Long,29.27,29.27,29.27,63.0,32.01,10000.0,0.0,100.0,7.65,10.96,256.0,1005.0,1,804,Clouds,overcast clouds,04d
2025-07-29 15:24:21,Vinh Long,Vinh Long,29.27,29.27,29.27,63.0,32.01,10000.0,0.0,100.0,7.65,10.96,256.0,1005.0,1,804,Clouds,overcast clouds,04d
2025-07-29 15:28:13,Vinh Long,Vinh Long,29.27,29.27,29.27,63.0,32.01,10000.0,0.0,100.0,7.65,10.96,256.0,1005.0,1,804,Clouds,overcast clouds,04d
2025-07-29 15:32:10,Vinh Long,Vinh Long,29.27,29.27,29.27,63.0,32.01,10000.0,0.0,100.0,7.65,10.96,256.0,1005.0,1,804,Clouds,overcast clouds,04d
2025-07-29 15:36:03,Vinh Long,Vinh Long,28.91,28.91,28.91,62.0,31.19,10000.0,0.0,100.0,7.76,11.27,257.0,1005.0,1,804,Clouds,overcast clouds,04d
2025-07-29 15:39:54,Vinh Long,Vinh Long,28.91,28.91,28.91,62.0,31.19,10000.0,0.0,100.0,7.76,11.27,257.0,1005.0,1,804,Clouds,overcast clouds,04d
2025-07-29 15:43:44,Vinh Long,Vinh Long,28.91,28.91,28.91,62.0,31.19,10000.0,0.0,100.0,7.76,11.27,257.0,1005.0,1,804,Clouds,overcast clouds,04d
2025-07-29 15:47:37,Vinh Long,Vinh Long,28.91,28.91,28.91,62.0,31.19,10000.0,0.0,100.0,7.76,11.27,257.0,1005.0,1,804,Clouds,overcast clouds,04d
2025-07-29 15:51:28,Vinh Long,Vinh Long,28.8,28.8,28.8,62.0,30.99,10000.0,0.0,100.0,7.76,11.27,257.0,1005.0,1,804,Clouds,overcast clouds,04d
2025-07-29 15:55:20,Vinh Long,Vinh Long,28.8,28.8,28.8,62.0,30.99,10000.0,0.0,100.0,7.76,11.27,257.0,1005.0,1,804,Clouds,overcast clouds,04d
2025-07-29 15:59:11,Vinh Long,Vinh Long,28.8,28.8,28.8,62.0,30.99,10000.0,0.0,100.0,7.76,11.27,257.0,1005.0,1,804,Clouds,overcast clouds,04d
2025-07-29 16:03:02,Vinh Long,Vinh Long,28.8,28.8,28.8,62.0,30.99,10000.0,0.0,100.0,7.76,11.27,257.0,1005.0,1,804,Clouds,overcast clouds,04d
2025-07-29 16:06:52,Vinh Long,Vinh Long,28.98,28.98,28.98,65.0,31.8,10000.0,0.0,100.0,7.76,11.27,257.0,1005.0,1,804,Clouds,overcast clouds,04d
2025-07-29 16:10:43,Vinh Long,Vinh Long,28.98,28.98,28.98,65.0,31.8,10000.0,0.0,100.0,7.76,11.27,257.0,1005.0,1,804,Clouds,overcast clouds,04d
2025-07-29 16:14:35,Vinh Long,Vinh Long,28.98,28.98,28.98,65.0,31.8,10000.0,0.0,100.0,7.76,11.27,257.0,1005.0,1,804,Clouds,overcast clouds,04d
2025-07-29 16:18:25,Vinh Long,Vinh Long,28.98,28.98,28.98,65.0,31.8,10000.0,0.0,100.0,7.76,11.27,257.0,1005.0,1,804,Clouds,overcast clouds,04d
2025-07-29 16:22:17,Vinh Long,Vinh Long,28.98,28.98,28.98,65.0,31.8,10000.0,0.0,100.0,7.76,11.27,257.0,1005.0,1,804,Clouds,overcast clouds,04d
2025-07-29 16:26:09,Vinh Long,Vinh Long,28.98,28.98,28.98,65.0,31.8,10000.0,0.0,100.0,7.76,11.27,257.0,1005.0,1,804,Clouds,overcast clouds,04d
2025-07-29 16:29:59,Vinh Long,Vinh Long,28.98,28.98,28.98,65.0,31.8,10000.0,0.0,100.0,7.76,11.27,257.0,1005.0,1,804,Clouds,overcast clouds,04d
2025-07-29 16:33:50,Vinh Long,Vinh Long,28.09,28.09,28.09,66.0,30.31,10000.0,0.0,100.0,7.47,11.86,256.0,1005.0,1,804,Clouds,overcast clouds,04d
2025-07-29 16:37:40,Vinh Long,Vinh Long,28.98,28.98,28.98,65.0,31.8,10000.0,0.0,100.0,7.76,11.27,257.0,1005.0,1,804,Clouds,overcast clouds,04d
2025-07-29 16:41:31,Vinh Long,Vinh Long,28.09,28.09,28.09,66.0,30.31,10000.0,0.0,100.0,7.47,11.86,256.0,1005.0,1,804,Clouds,overcast clouds,04d
2025-07-29 16:45:22,Vinh Long,Vinh Long,28.09,28.09,28.09,66.0,30.31,10000.0,0.0,100.0,7.47,11.86,256.0,1005.0,1,804,Clouds,overcast clouds,04d
2025-07-29 16:49:14,Vinh Long,Vinh Long,28.06,28.06,28.06,65.0,30.13,10000.0,0.0,100.0,7.47,11.86,256.0,1005.0,1,804,Clouds,overcast clouds,04d
2025-07-29 16:53:07,Vinh Long,Vinh Long,28.06,28.06,28.06,65.0,30.13,10000.0,0.0,100.0,7.47,11.86,256.0,1005.0,1,804,Clouds,overcast clouds,04d
2025-07-29 16:56:58,Vinh Long,Vinh Long,28.06,28.06,28.06,65.0,30.13,10000.0,0.0,100.0,7.47,11.86,256.0,1005.0,1,804,Clouds,overcast clouds,04d
2025-07-29 17:00:48,Vinh Long,Vinh Long,28.06,28.06,28.06,65.0,30.13,10000.0,0.0,100.0,7.47,11.86,256.0,1005.0,1,804,Clouds,overcast clouds,04d
2025-07-29 17:04:40,Vinh Long,Vinh Long,28.24,28.24,28.24,68.0,30.85,10000.0,0.0,100.0,7.47,11.86,256.0,1005.0,1,804,Clouds,overcast clouds,04d
2025-07-29 17:08:32,Vinh Long,Vinh Long,28.24,28.24,28.24,68.0,30.85,10000.0,0.0,100.0,7.47,11.86,256.0,1005.0,1,804,Clouds,overcast clouds,04d
2025-07-29 17:12:25,Vinh Long,Vinh Long,28.24,28.24,28.24,68.0,30.85,10000.0,0.0,100.0,7.47,11.86,256.0,1005.0,1,804,Clouds,overcast clouds,04d
2025-07-29 17:16:16,Vinh Long,Vinh Long,28.24,28.24,28.24,68.0,30.85,10000.0,0.0,100.0,7.47,11.86,256.0,1005.0,1,804,Clouds,overcast clouds,04d
2025-07-29 17:20:07,Vinh Long,Vinh Long,28.24,28.24,28.24,68.0,30.85,10000.0,0.0,100.0,7.47,11.86,256.0,1005.0,1,804,Clouds,overcast clouds,04d
2025-07-29 17:23:58,Vinh Long,Vinh Long,28.24,28.24,28.24,68.0,30.85,10000.0,0.0,100.0,7.47,11.86,256.0,1005.0,1,804,Clouds,overcast clouds,04d
2025-07-29 17:27:49,Vinh Long,Vinh Long,28.24,28.24,28.24,68.0,30.85,10000.0,0.0,100.0,7.47,11.86,256.0,1005.0,1,804,Clouds,overcast clouds,04d
2025-07-29 17:31:40,Vinh Long,Vinh Long,27.35,27.35,27.35,71.0,29.56,10000.0,0.0,100.0,6.81,11.43,255.0,1005.0,1,804,Clouds,overcast clouds,04d
2025-07-29 17:35:32,Vinh Long,Vinh Long,27.35,27.35,27.35,71.0,29.56,10000.0,0.0,100.0,6.81,11.43,255.0,1005.0,1,804,Clouds,overcast clouds,04d
2025-07-29 17:39:23,Vinh Long,Vinh Long,27.35,27.35,27.35,71.0,29.56,10000.0,0.0,100.0,6.81,11.43,255.0,1005.0,1,804,Clouds,overcast clouds,04d
2025-07-29 17:43:15,Vinh Long,Vinh Long,27.35,27.35,27.35,71.0,29.56,10000.0,0.0,100.0,6.81,11.43,255.0,1005.0,1,804,Clouds,overcast clouds,04d
2025-07-29 17:47:07,Vinh Long,Vinh Long,27.3,27.3,27.3,71.0,29.47,10000.0,0.0,100.0,6.81,11.43,255.0,1005.0,1,804,Clouds,overcast clouds,04d
2025-07-29 17:50:59,Vinh Long,Vinh Long,27.3,27.3,27.3,71.0,29.47,10000.0,0.0,100.0,6.81,11.43,255.0,1005.0,1,804,Clouds,overcast clouds,04d
2025-07-29 17:54:51,Vinh Long,Vinh Long,27.3,27.3,27.3,71.0,29.47,10000.0,0.0,100.0,6.81,11.43,255.0,1005.0,1,804,Clouds,overcast clouds,04d
2025-07-29 17:58:45,Vinh Long,Vinh Long,27.3,27.3,27.3,71.0,29.47,10000.0,0.0,100.0,6.81,11.43,255.0,1005.0,1,804,Clouds,overcast clouds,04d
2025-07-29 18:02:42,Vinh Long,Vinh Long,27.3,27.3,27.3,71.0,29.47,10000.0,0.0,100.0,6.81,11.43,255.0,1005.0,1,804,Clouds,overcast clouds,04d
2025-07-29 18:06:35,Vinh Long,Vinh Long,27.49,27.49,27.49,73.0,30.04,10000.0,0.0,100.0,6.81,11.43,255.0,1005.0,1,804,Clouds,overcast clouds,04d
2025-07-29 18:10:26,Vinh Long,Vinh Long,27.49,27.49,27.49,73.0,30.04,10000.0,0.0,100.0,6.81,11.43,255.0,1005.0,1,804,Clouds,overcast clouds,04d
2025-07-29 18:14:19,Vinh Long,Vinh Long,27.49,27.49,27.49,73.0,30.04,10000.0,0.0,100.0,6.81,11.43,255.0,1005.0,1,804,Clouds,overcast clouds,04d
2025-07-29 18:18:15,Vinh Long,Vinh Long,27.48,27.48,27.48,73.0,30.02,10000.0,0.0,100.0,6.81,11.43,255.0,1005.0,1,804,Clouds,overcast clouds,04d
2025-07-29 18:22:08,Vinh Long,Vinh Long,27.48,27.48,27.48,73.0,30.02,10000.0,0.0,100.0,6.81,11.43,255.0,1005.0,0,804,Clouds,overcast clouds,04d
2025-07-29 18:26:04,Vinh Long,Vinh Long,27.48,27.48,27.48,73.0,30.02,10000.0,0.0,100.0,6.81,11.43,255.0,1005.0,0,804,Clouds,overcast clouds,04d
2025-07-29 18:29:58,Vinh Long,Vinh Long,27.48,27.48,27.48,73.0,30.02,10000.0,0.0,100.0,6.81,11.43,255.0,1005.0,0,804,Clouds,overcast clouds,04n
2025-07-29 18:33:50,Vinh Long,Vinh Long,26.38,26.38,26.38,75.0,26.38,10000.0,0.0,100.0,5.62,11.48,255.0,1006.0,0,804,Clouds,overcast clouds,04n
2025-07-29 18:37:43,Vinh Long,Vinh Long,26.38,26.38,26.38,75.0,26.38,10000.0,0.0,100.0,5.62,11.48,255.0,1006.0,0,804,Clouds,overcast clouds,04n
2025-07-29 18:41:37,Vinh Long,Vinh Long,26.38,26.38,26.38,75.0,26.38,10000.0,0.0,100.0,5.62,11.48,255.0,1006.0,0,804,Clouds,overcast clouds,04n
2025-07-29 18:45:36,Vinh Long,Vinh Long,26.38,26.38,26.38,75.0,26.38,10000.0,0.0,100.0,5.62,11.48,255.0,1006.0,0,804,Clouds,overcast clouds,04n
2025-07-29 18:49:29,Vinh Long,Vinh Long,26.31,26.31,26.31,75.0,26.31,10000.0,0.0,100.0,5.62,11.48,255.0,1006.0,0,804,Clouds,overcast clouds,04n
2025-07-29 18:53:25,Vinh Long,Vinh Long,26.31,26.31,26.31,75.0,26.31,10000.0,0.0,100.0,5.62,11.48,255.0,1006.0,0,804,Clouds,overcast clouds,04n
2025-07-29 18:57:17,Vinh Long,Vinh Long,26.31,26.31,26.31,75.0,26.31,10000.0,0.0,100.0,5.62,11.48,255.0,1006.0,0,804,Clouds,overcast clouds,04n
2025-07-29 19:01:21,Vinh Long,Vinh Long,26.31,26.31,26.31,75.0,26.31,10000.0,0.0,100.0,5.69,10.85,256.0,1006.0,0,804,Clouds,overcast clouds,04n
2025-07-29 19:05:25,Vinh Long,Vinh Long,26.31,26.31,26.31,75.0,26.31,10000.0,0.0,100.0,5.69,10.85,256.0,1006.0,0,804,Clouds,overcast clouds,04n
2025-07-29 19:09:18,Vinh Long,Vinh Long,26.31,26.31,26.31,75.0,26.31,10000.0,0.0,100.0,5.69,10.85,256.0,1006.0,0,804,Clouds,overcast clouds,04n
2025-07-29 19:13:09,Vinh Long,Vinh Long,26.31,26.31,26.31,75.0,26.31,10000.0,0.0,100.0,5.69,10.85,256.0,1006.0,0,804,Clouds,overcast clouds,04n
2025-07-29 19:16:55,Vinh Long,Vinh Long,26.31,26.31,26.31,75.0,26.31,10000.0,0.0,100.0,5.69,10.85,256.0,1006.0,0,804,Clouds,overcast clouds,04n
2025-07-29 19:20:41,Vinh Long,Vinh Long,26.31,26.31,26.31,75.0,26.31,10000.0,0.0,100.0,5.69,10.85,256.0,1006.0,0,804,Clouds,overcast clouds,04n
2025-07-29 19:24:28,Vinh Long,Vinh Long,26.31,26.31,26.31,75.0,26.31,10000.0,0.0,100.0,5.69,10.85,256.0,1006.0,0,804,Clouds,overcast clouds,04n
2025-07-29 19:28:14,Vinh Long,Vinh Long,26.31,26.31,26.31,75.0,26.31,10000.0,0.0,100.0,5.69,10.85,256.0,1006.0,0,804,Clouds,overcast clouds,04n
2025-07-29 19:32:01,Vinh Long,Vinh Long,26.89,26.89,26.89,76.0,29.16,10000.0,0.0,63.0,5.13,11.34,246.0,1007.0,0,803,Clouds,broken clouds,04n
2025-07-29 19:35:48,Vinh Long,Vinh Long,26.89,26.89,26.89,76.0,29.16,10000.0,0.0,63.0,5.13,11.34,246.0,1007.0,0,803,Clouds,broken clouds,04n
2025-07-29 19:39:35,Vinh Long,Vinh Long,28.04,28.04,28.04,80.0,32.2,10000.0,0.0,63.0,5.13,11.34,246.0,1007.0,0,803,Clouds,broken clouds,04n
2025-07-29 19:43:22,Vinh Long,Vinh Long,28.04,28.04,28.04,80.0,32.2,10000.0,0.0,63.0,5.13,11.34,246.0,1007.0,0,803,Clouds,broken clouds,04n
2025-07-29 19:47:08,Vinh Long,Vinh Long,28.04,28.04,28.04,80.0,32.2,10000.0,0.0,63.0,5.13,11.34,246.0,1007.0,0,803,Clouds,broken clouds,04n
2025-07-29 19:50:56,Vinh Long,Vinh Long,28.03,28.03,28.03,82.0,32.49,10000.0,0.0,63.0,5.13,11.34,246.0,1007.0,0,803,Clouds,broken clouds,04n
2025-07-29 19:54:42,Vinh Long,Vinh Long,28.03,28.03,28.03,82.0,32.49,10000.0,0.0,63.0,5.13,11.34,246.0,1007.0,0,803,Clouds,broken clouds,04n
2025-07-29 19:58:28,Vinh Long,Vinh Long,28.03,28.03,28.03,82.0,32.49,10000.0,0.0,63.0,5.13,11.34,246.0,1007.0,0,803,Clouds,broken clouds,04n
2025-07-29 20:02:13,Vinh Long,Vinh Long,28.03,28.03,28.03,82.0,32.49,10000.0,0.0,63.0,5.13,11.34,246.0,1007.0,0,803,Clouds,broken clouds,04n
2025-07-29 20:06:00,Vinh Long,Vinh Long,28.13,28.13,28.13,85.0,33.27,10000.0,0.0,63.0,5.13,11.34,246.0,1007.0,0,803,Clouds,broken clouds,04n
2025-07-29 20:09:46,Vinh Long,Vinh Long,28.13,28.13,28.13,85.0,33.27,10000.0,0.0,63.0,5.13,11.34,246.0,1007.0,0,803,Clouds,broken clouds,04n
2025-07-29 20:13:32,Vinh Long,Vinh Long,28.13,28.13,28.13,85.0,33.27,10000.0,0.0,63.0,5.13,11.34,246.0,1007.0,0,803,Clouds,broken clouds,04n
2025-07-29 20:17:17,Vinh Long,Vinh Long,28.13,28.13,28.13,85.0,33.27,10000.0,0.0,63.0,5.13,11.34,246.0,1007.0,0,803,Clouds,broken clouds,04n
2025-07-29 20:21:04,Vinh Long,Vinh Long,28.12,28.12,28.12,86.0,33.41,10000.0,0.0,63.0,5.13,11.34,246.0,1007.0,0,803,Clouds,broken clouds,04n
2025-07-29 20:24:52,Vinh Long,Vinh Long,28.12,28.12,28.12,86.0,33.41,10000.0,0.0,63.0,5.13,11.34,246.0,1007.0,0,803,Clouds,broken clouds,04n
2025-07-29 20:28:38,Vinh Long,Vinh Long,28.12,28.12,28.12,86.0,33.41,10000.0,0.0,63.0,5.13,11.34,246.0,1007.0,0,803,Clouds,broken clouds,04n
2025-07-29 20:32:24,Vinh Long,Vinh Long,28.12,28.12,28.12,86.0,33.41,10000.0,0.0,63.0,5.13,11.34,246.0,1007.0,0,803,Clouds,broken clouds,04n
2025-07-29 20:36:13,Vinh Long,Vinh Long,28.12,28.12,28.12,86.0,33.41,10000.0,0.0,63.0,5.13,11.34,246.0,1007.0,0,803,Clouds,broken clouds,04n
2025-07-29 20:40:00,Vinh Long,Vinh Long,27.73,27.73,27.73,84.0,32.0,10000.0,0.0,66.0,4.82,11.27,242.0,1008.0,0,803,Clouds,broken clouds,04n
2025-07-29 20:43:45,Vinh Long,Vinh Long,27.73,27.73,27.73,84.0,32.0,10000.0,0.0,66.0,4.82,11.27,242.0,1008.0,0,803,Clouds,broken clouds,04n
2025-07-29 20:47:31,Vinh Long,Vinh Long,27.72,27.72,27.72,84.0,31.97,10000.0,0.0,66.0,4.82,11.27,242.0,1008.0,0,803,Clouds,broken clouds,04n
2025-07-29 20:51:17,Vinh Long,Vinh Long,27.72,27.72,27.72,84.0,31.97,10000.0,0.0,66.0,4.82,11.27,242.0,1008.0,0,803,Clouds,broken clouds,04n
2025-07-29 20:55:04,Vinh Long,Vinh Long,27.72,27.72,27.72,84.0,31.97,10000.0,0.0,66.0,4.82,11.27,242.0,1008.0,0,803,Clouds,broken clouds,04n
2025-07-29 20:58:50,Vinh Long,Vinh Long,27.72,27.72,27.72,84.0,31.97,10000.0,0.0,66.0,4.82,11.27,242.0,1008.0,0,803,Clouds,broken clouds,04n
2025-07-29 21:02:36,Vinh Long,Vinh Long,27.7,27.7,27.7,86.0,32.21,10000.0,0.0,66.0,4.82,11.27,242.0,1008.0,0,803,Clouds,broken clouds,04n
2025-07-29 21:06:21,Vinh Long,Vinh Long,27.7,27.7,27.7,86.0,32.21,10000.0,0.0,66.0,4.82,11.27,242.0,1008.0,0,803,Clouds,broken clouds,04n
2025-07-29 21:10:08,Vinh Long,Vinh Long,27.7,27.7,27.7,86.0,32.21,10000.0,0.0,66.0,4.82,11.27,242.0,1008.0,0,803,Clouds,broken clouds,04n
2025-07-29 21:13:54,Vinh Long,Vinh Long,27.7,27.7,27.7,86.0,32.21,10000.0,0.0,66.0,4.82,11.27,242.0,1008.0,0,803,Clouds,broken clouds,04n
2025-07-29 21:17:39,Vinh Long,Vinh Long,27.7,27.7,27.7,86.0,32.21,10000.0,0.0,66.0,4.82,11.27,242.0,1008.0,0,803,Clouds,broken clouds,04n
2025-07-29 21:21:25,Vinh Long,Vinh Long,27.7,27.7,27.7,86.0,32.21,10000.0,0.0,66.0,4.82,11.27,242.0,1008.0,0,803,Clouds,broken clouds,04n
2025-07-29 21:25:13,Vinh Long,Vinh Long,27.7,27.7,27.7,86.0,32.21,10000.0,0.0,66.0,4.82,11.27,242.0,1008.0,0,803,Clouds,broken clouds,04n
2025-07-29 21:28:59,Vinh Long,Vinh Long,27.7,27.7,27.7,86.0,32.21,10000.0,0.0,66.0,4.82,11.27,242.0,1008.0,0,803,Clouds,broken clouds,04n
2025-07-29 21:32:45,Vinh Long,Vinh Long,27.7,27.7,27.7,86.0,32.21,10000.0,0.0,66.0,4.82,11.27,242.0,1008.0,0,803,Clouds,broken clouds,04n
2025-07-29 21:36:34,Vinh Long,Vinh Long,27.33,27.33,27.33,85.0,31.07,10000.0,0.0,48.0,3.98,10.5,238.0,1009.0,0,802,Clouds,scattered clouds,03n
2025-07-29 21:40:22,Vinh Long,Vinh Long,27.33,27.33,27.33,85.0,31.07,10000.0,0.0,48.0,3.98,10.5,238.0,1009.0,0,802,Clouds,scattered clouds,03n
2025-07-29 21:44:09,Vinh Long,Vinh Long,27.33,27.33,27.33,85.0,31.07,10000.0,0.0,48.0,3.98,10.5,238.0,1009.0,0,802,Clouds,scattered clouds,03n
2025-07-29 21:47:56,Vinh Long,Vinh Long,27.32,27.32,27.32,85.0,31.05,10000.0,0.0,48.0,3.98,10.5,238.0,1009.0,0,802,Clouds,scattered clouds,03n
2025-07-29 21:51:43,Vinh Long,Vinh Long,27.32,27.32,27.32,85.0,31.05,10000.0,0.0,48.0,3.98,10.5,238.0,1009.0,0,802,Clouds,scattered clouds,03n
2025-07-29 21:55:30,Vinh Long,Vinh Long,27.32,27.32,27.32,85.0,31.05,10000.0,0.0,48.0,3.98,10.5,238.0,1009.0,0,802,Clouds,scattered clouds,03n
2025-07-29 21:59:16,Vinh Long,Vinh Long,27.32,27.32,27.32,85.0,31.05,10000.0,0.0,48.0,3.98,10.5,238.0,1009.0,0,802,Clouds,scattered clouds,03n
2025-07-29 22:03:07,Vinh Long,Vinh Long,27.39,27.39,27.39,87.0,31.48,10000.0,0.0,48.0,3.98,10.5,238.0,1008.0,0,802,Clouds,scattered clouds,03n
2025-07-29 22:06:53,Vinh Long,Vinh Long,27.39,27.39,27.39,87.0,31.48,10000.0,0.0,48.0,3.98,10.5,238.0,1008.0,0,802,Clouds,scattered clouds,03n
2025-07-29 22:10:39,Vinh Long,Vinh Long,27.39,27.39,27.39,87.0,31.48,10000.0,0.0,48.0,3.98,10.5,238.0,1008.0,0,802,Clouds,scattered clouds,03n
2025-07-29 22:14:27,Vinh Long,Vinh Long,27.39,27.39,27.39,87.0,31.48,10000.0,0.0,48.0,3.98,10.5,238.0,1008.0,0,802,Clouds,scattered clouds,03n
2025-07-29 22:18:14,Vinh Long,Vinh Long,27.39,27.39,27.39,87.0,31.48,10000.0,0.0,48.0,3.98,10.5,238.0,1008.0,0,802,Clouds,scattered clouds,03n
2025-07-29 22:22:01,Vinh Long,Vinh Long,27.39,27.39,27.39,87.0,31.48,10000.0,0.0,48.0,3.98,10.5,238.0,1008.0,0,802,Clouds,scattered clouds,03n
2025-07-29 22:25:47,Vinh Long,Vinh Long,27.39,27.39,27.39,87.0,31.48,10000.0,0.0,48.0,3.98,10.5,238.0,1008.0,0,802,Clouds,scattered clouds,03n
2025-07-29 22:29:34,Vinh Long,Vinh Long,27.39,27.39,27.39,87.0,31.48,10000.0,0.0,48.0,3.98,10.5,238.0,1008.0,0,802,Clouds,scattered clouds,03n
2025-07-29 22:33:21,Vinh Long,Vinh Long,27.03,27.03,27.03,87.0,30.5,10000.0,0.0,39.0,3.76,10.46,227.0,1008.0,0,802,Clouds,scattered clouds,03n
2025-07-29 22:37:08,Vinh Long,Vinh Long,27.03,27.03,27.03,87.0,30.5,10000.0,0.0,39.0,3.76,10.46,227.0,1008.0,0,802,Clouds,scattered clouds,03n
2025-07-29 22:40:54,Vinh Long,Vinh Long,27.03,27.03,27.03,87.0,30.5,10000.0,0.0,39.0,3.76,10.46,227.0,1008.0,0,802,Clouds,scattered clouds,03n
2025-07-29 22:44:41,Vinh Long,Vinh Long,27.03,27.03,27.03,87.0,30.5,10000.0,0.0,39.0,3.76,10.46,227.0,1008.0,0,802,Clouds,scattered clouds,03n
2025-07-29 22:48:29,Vinh Long,Vinh Long,27.03,27.03,27.03,87.0,30.5,10000.0,0.0,39.0,3.76,10.46,227.0,1008.0,0,802,Clouds,scattered clouds,03n
2025-07-29 22:52:16,Vinh Long,Vinh Long,27.03,27.03,27.03,87.0,30.5,10000.0,0.0,39.0,3.76,10.46,227.0,1008.0,0,802,Clouds,scattered clouds,03n
2025-07-29 22:56:03,Vinh Long,Vinh Long,27.02,27.02,27.02,86.0,30.38,10000.0,0.0,39.0,3.76,10.46,227.0,1008.0,0,802,Clouds,scattered clouds,03n
2025-07-29 22:59:49,Vinh Long,Vinh Long,27.02,27.02,27.02,86.0,30.38,10000.0,0.0,39.0,3.76,10.46,227.0,1008.0,0,802,Clouds,scattered clouds,03n
2025-07-29 23:03:36,Vinh Long,Vinh Long,27.02,27.02,27.02,86.0,30.38,10000.0,0.0,39.0,3.76,10.46,227.0,1008.0,0,802,Clouds,scattered clouds,03n
2025-07-29 23:07:25,Vinh Long,Vinh Long,27.1,27.1,27.1,88.0,30.8,10000.0,0.0,39.0,3.76,10.46,227.0,1008.0,0,802,Clouds,scattered clouds,03n
2025-07-29 23:11:11,Vinh Long,Vinh Long,27.1,27.1,27.1,88.0,30.8,10000.0,0.0,39.0,3.76,10.46,227.0,1008.0,0,802,Clouds,scattered clouds,03n
2025-07-29 23:14:57,Vinh Long,Vinh Long,27.1,27.1,27.1,88.0,30.8,10000.0,0.0,39.0,3.76,10.46,227.0,1008.0,0,802,Clouds,scattered clouds,03n
2025-07-29 23:18:44,Vinh Long,Vinh Long,27.1,27.1,27.1,88.0,30.8,10000.0,0.0,39.0,3.76,10.46,227.0,1008.0,0,802,Clouds,scattered clouds,03n
2025-07-29 23:22:30,Vinh Long,Vinh Long,27.1,27.1,27.1,88.0,30.8,10000.0,0.0,39.0,3.76,10.46,227.0,1008.0,0,802,Clouds,scattered clouds,03n
2025-07-29 23:26:17,Vinh Long,Vinh Long,27.1,27.1,27.1,88.0,30.8,10000.0,0.0,39.0,3.76,10.46,227.0,1008.0,0,802,Clouds,scattered clouds,03n
2025-07-29 23:30:05,Vinh Long,Vinh Long,26.81,26.81,26.81,87.0,29.93,10000.0,0.0,42.0,3.58,10.17,222.0,1008.0,0,802,Clouds,scattered clouds,03n
2025-07-29 23:33:53,Vinh Long,Vinh Long,26.73,26.73,26.73,90.0,29.98,10000.0,0.0,42.0,3.58,10.17,222.0,1008.0,0,802,Clouds,scattered clouds,03n
2025-07-29 23:37:44,Vinh Long,Vinh Long,26.81,26.81,26.81,87.0,29.93,10000.0,0.0,42.0,3.58,10.17,222.0,1008.0,0,802,Clouds,scattered clouds,03n
2025-07-29 23:41:32,Vinh Long,Vinh Long,26.73,26.73,26.73,90.0,29.98,10000.0,0.0,42.0,3.58,10.17,222.0,1008.0,0,802,Clouds,scattered clouds,03n
2025-07-29 23:45:18,Vinh Long,Vinh Long,26.73,26.73,26.73,90.0,29.98,10000.0,0.0,42.0,3.58,10.17,222.0,1008.0,0,802,Clouds,scattered clouds,03n
2025-07-29 23:49:06,Vinh Long,Vinh Long,26.73,26.73,26.73,89.0,29.89,10000.0,0.0,42.0,3.58,10.17,222.0,1008.0,0,802,Clouds,scattered clouds,03n
2025-07-29 23:52:53,Vinh Long,Vinh Long,26.73,26.73,26.73,90.0,29.98,10000.0,0.0,42.0,3.58,10.17,222.0,1008.0,0,802,Clouds,scattered clouds,03n
2025-07-29 23:56:39,Vinh Long,Vinh Long,26.73,26.73,26.73,89.0,29.89,10000.0,0.0,42.0,3.58,10.17,222.0,1008.0,0,802,Clouds,scattered clouds,03n
2025-07-30 00:00:26,Vinh Long,Vinh Long,26.73,26.73,26.73,89.0,29.89,10000.0,0.0,42.0,3.58,10.17,222.0,1008.0,0,802,Clouds,scattered clouds,03n
2025-07-30 00:04:13,Vinh Long,Vinh Long,26.79,26.79,26.79,92.0,30.33,10000.0,0.0,42.0,3.58,10.17,222.0,1009.0,0,802,Clouds,scattered clouds,03n
2025-07-30 00:07:59,Vinh Long,Vinh Long,26.79,26.79,26.79,92.0,30.33,10000.0,0.0,42.0,3.58,10.17,222.0,1009.0,0,802,Clouds,scattered clouds,03n
2025-07-30 00:11:45,Vinh Long,Vinh Long,26.79,26.79,26.79,92.0,30.33,10000.0,0.0,42.0,3.58,10.17,222.0,1009.0,0,802,Clouds,scattered clouds,03n
2025-07-30 00:15:31,Vinh Long,Vinh Long,26.79,26.79,26.79,92.0,30.33,10000.0,0.0,42.0,3.58,10.17,222.0,1009.0,0,802,Clouds,scattered clouds,03n
2025-07-30 00:19:19,Vinh Long,Vinh Long,26.79,26.79,26.79,92.0,30.33,10000.0,0.0,42.0,3.58,10.17,222.0,1009.0,0,802,Clouds,scattered clouds,03n
2025-07-30 00:23:06,Vinh Long,Vinh Long,26.79,26.79,26.79,92.0,30.33,10000.0,0.0,42.0,3.58,10.17,222.0,1009.0,0,802,Clouds,scattered clouds,03n
2025-07-30 00:26:53,Vinh Long,Vinh Long,26.79,26.79,26.79,92.0,30.33,10000.0,0.0,42.0,3.58,10.17,222.0,1009.0,0,802,Clouds,scattered clouds,03n
2025-07-30 00:30:39,Vinh Long,Vinh Long,26.66,26.66,26.66,90.0,26.66,10000.0,0.0,50.0,3.61,10.18,226.0,1008.0,0,802,Clouds,scattered clouds,03n
2025-07-30 00:34:25,Vinh Long,Vinh Long,26.64,26.64,26.64,90.0,26.64,10000.0,0.0,50.0,3.61,10.18,226.0,1008.0,0,802,Clouds,scattered clouds,03n
2025-07-30 00:38:11,Vinh Long,Vinh Long,26.64,26.64,26.64,90.0,26.64,10000.0,0.0,50.0,3.61,10.18,226.0,1008.0,0,802,Clouds,scattered clouds,03n
2025-07-30 00:44:10,Vinh Long,Vinh Long,26.64,26.64,26.64,90.0,26.64,10000.0,0.0,50.0,3.61,10.18,226.0,1008.0,0,802,Clouds,scattered clouds,03n
2025-07-30 00:47:56,Vinh Long,Vinh Long,26.63,26.63,26.63,90.0,26.63,10000.0,0.0,50.0,3.61,10.18,226.0,1008.0,0,802,Clouds,scattered clouds,03n
2025-07-30 00:51:43,Vinh Long,Vinh Long,26.63,26.63,26.63,90.0,26.63,10000.0,0.0,50.0,3.61,10.18,226.0,1008.0,0,802,Clouds,scattered clouds,03n
2025-07-30 12:03:47,Vinh Long,Vinh Long,33.91,33.91,33.91,65.0,40.91,10000.0,0.0,50.0,8.13,10.7,256.0,1008.0,1,802,Clouds,scattered clouds,03d
2025-07-30 12:07:32,Vinh Long,Vinh Long,33.91,33.91,33.91,65.0,40.91,10000.0,0.0,50.0,8.13,10.7,256.0,1008.0,1,802,Clouds,scattered clouds,03d
2025-07-30 12:11:18,Vinh Long,Vinh Long,33.91,33.91,33.91,65.0,40.91,10000.0,0.0,50.0,8.13,10.7,256.0,1008.0,1,802,Clouds,scattered clouds,03d
2025-07-30 12:15:04,Vinh Long,Vinh Long,33.91,33.91,33.91,65.0,40.91,10000.0,0.0,50.0,8.13,10.7,256.0,1008.0,1,802,Clouds,scattered clouds,03d
2025-07-30 12:18:50,Vinh Long,Vinh Long,33.94,33.94,33.94,65.0,40.94,10000.0,0.0,50.0,8.13,10.7,256.0,1008.0,1,802,Clouds,scattered clouds,03d
2025-07-30 12:22:36,Vinh Long,Vinh Long,33.91,33.91,33.91,65.0,40.91,10000.0,0.0,50.0,8.13,10.7,256.0,1008.0,1,802,Clouds,scattered clouds,03d
2025-07-30 12:26:22,Vinh Long,Vinh Long,33.94,33.94,33.94,65.0,40.94,10000.0,0.0,50.0,8.13,10.7,256.0,1008.0,1,802,Clouds,scattered clouds,03d
2025-07-30 12:30:08,Vinh Long,Vinh Long,34.41,34.41,34.41,57.0,41.41,10000.0,0.0,58.0,8.36,10.75,254.0,1007.0,1,803,Clouds,broken clouds,04d
2025-07-30 12:33:53,Vinh Long,Vinh Long,34.41,34.41,34.41,57.0,41.41,10000.0,0.0,58.0,8.36,10.75,254.0,1007.0,1,803,Clouds,broken clouds,04d
2025-07-30 12:37:39,Vinh Long,Vinh Long,34.41,34.41,34.41,57.0,41.41,10000.0,0.0,58.0,8.36,10.75,254.0,1007.0,1,803,Clouds,broken clouds,04d
2025-07-30 12:41:26,Vinh Long,Vinh Long,34.38,34.38,34.38,58.0,41.38,10000.0,0.0,58.0,8.36,10.75,254.0,1007.0,1,803,Clouds,broken clouds,04d
2025-07-30 12:45:12,Vinh Long,Vinh Long,34.38,34.38,34.38,58.0,41.38,10000.0,0.0,58.0,8.36,10.75,254.0,1007.0,1,803,Clouds,broken clouds,04d
2025-07-30 12:48:58,Vinh Long,Vinh Long,34.46,34.46,34.46,57.0,41.46,10000.0,0.0,58.0,8.36,10.75,254.0,1007.0,1,803,Clouds,broken clouds,04d
2025-07-30 12:52:44,Vinh Long,Vinh Long,34.46,34.46,34.46,57.0,41.46,10000.0,0.0,58.0,8.36,10.75,254.0,1007.0,1,803,Clouds,broken clouds,04d
2025-07-30 12:56:30,Vinh Long,Vinh Long,34.46,34.46,34.46,57.0,41.46,10000.0,0.0,48.0,8.35,10.66,255.0,1007.0,1,802,Clouds,scattered clouds,03d
2025-07-30 13:00:15,Vinh Long,Vinh Long,34.46,34.46,34.46,57.0,41.46,10000.0,0.0,48.0,8.35,10.66,255.0,1007.0,1,802,Clouds,scattered clouds,03d
2025-07-30 13:04:01,Vinh Long,Vinh Long,34.46,34.46,34.46,57.0,41.46,10000.0,0.0,48.0,8.35,10.66,255.0,1007.0,1,802,Clouds,scattered clouds,03d
2025-07-30 13:07:47,Vinh Long,Vinh Long,34.46,34.46,34.46,57.0,41.46,10000.0,0.0,48.0,8.35,10.66,255.0,1007.0,1,802,Clouds,scattered clouds,03d
2025-07-30 13:11:33,Vinh Long,Vinh Long,34.46,34.46,34.46,57.0,41.46,10000.0,0.0,48.0,8.35,10.66,255.0,1007.0,1,802,Clouds,scattered clouds,03d
2025-07-30 13:15:18,Vinh Long,Vinh Long,34.46,34.46,34.46,57.0,41.46,10000.0,0.0,48.0,8.35,10.66,255.0,1007.0,1,802,Clouds,scattered clouds,03d
2025-07-30 13:19:05,Vinh Long,Vinh Long,34.46,34.46,34.46,57.0,41.46,10000.0,0.0,48.0,8.35,10.66,255.0,1007.0,1,802,Clouds,scattered clouds,03d
2025-07-30 13:22:51,Vinh Long,Vinh Long,33.97,33.97,33.97,64.0,40.97,10000.0,0.0,48.0,8.35,10.66,255.0,1007.0,1,802,Clouds,scattered clouds,03d
2025-07-30 13:26:37,Vinh Long,Vinh Long,33.97,33.97,33.97,64.0,40.97,10000.0,0.0,48.0,8.35,10.66,255.0,1007.0,1,802,Clouds,scattered clouds,03d
2025-07-30 13:30:22,Vinh Long,Vinh Long,33.97,33.97,33.97,64.0,40.97,10000.0,0.0,48.0,8.35,10.66,255.0,1007.0,1,802,Clouds,scattered clouds,03d
2025-07-30 13:34:09,Vinh Long,Vinh Long,34.14,34.14,34.14,58.0,41.14,10000.0,0.0,100.0,8.35,10.83,254.0,1006.0,1,804,Clouds,overcast clouds,04d
2025-07-30 13:37:55,Vinh Long,Vinh Long,34.14,34.14,34.14,58.0,41.14,10000.0,0.0,100.0,8.35,10.83,254.0,1006.0,1,804,Clouds,overcast clouds,04d
2025-07-30 13:41:40,Vinh Long,Vinh Long,34.14,34.14,34.14,58.0,41.14,10000.0,0.0,100.0,8.35,10.83,254.0,1006.0,1,804,Clouds,overcast clouds,04d
2025-07-30 13:45:26,Vinh Long,Vinh Long,34.14,34.14,34.14,58.0,41.14,10000.0,0.0,100.0,8.35,10.83,254.0,1006.0,1,804,Clouds,overcast clouds,04d
2025-07-30 13:49:13,Vinh Long,Vinh Long,34.31,34.31,34.31,54.0,40.56,10000.0,0.0,100.0,8.35,10.83,254.0,1006.0,1,804,Clouds,overcast clouds,04d
2025-07-30 13:52:59,Vinh Long,Vinh Long,34.31,34.31,34.31,54.0,40.56,10000.0,0.0,100.0,8.35,10.83,254.0,1006.0,1,804,Clouds,overcast clouds,04d
2025-07-30 13:56:46,Vinh Long,Vinh Long,34.31,34.31,34.31,54.0,40.56,10000.0,0.21,100.0,8.35,10.83,254.0,1006.0,1,500,Rain,light rain,10d
2025-07-30 14:00:34,Vinh Long,Vinh Long,34.31,34.31,34.31,54.0,40.56,10000.0,0.0,100.0,8.35,10.83,254.0,1006.0,1,804,Clouds,overcast clouds,04d
2025-07-30 14:04:22,Vinh Long,Vinh Long,34.3,34.3,34.3,59.0,41.3,10000.0,0.15,100.0,8.35,10.83,254.0,1006.0,1,500,Rain,light rain,10d
2025-07-30 14:08:11,Vinh Long,Vinh Long,34.3,34.3,34.3,59.0,41.3,10000.0,0.0,100.0,8.35,10.83,254.0,1006.0,1,804,Clouds,overcast clouds,04d
2025-07-30 14:11:57,Vinh Long,Vinh Long,34.3,34.3,34.3,59.0,41.3,10000.0,0.15,100.0,8.35,10.83,254.0,1006.0,1,500,Rain,light rain,10d
2025-07-30 14:15:43,Vinh Long,Vinh Long,34.3,34.3,34.3,59.0,41.3,10000.0,0.0,100.0,8.35,10.83,254.0,1006.0,1,804,Clouds,overcast clouds,04d
2025-07-30 14:19:29,Vinh Long,Vinh Long,34.23,34.23,34.23,59.0,41.23,10000.0,0.0,100.0,8.35,10.83,254.0,1006.0,1,804,Clouds,overcast clouds,04d
2025-07-30 14:23:15,Vinh Long,Vinh Long,34.23,34.23,34.23,59.0,41.23,10000.0,0.0,100.0,8.35,10.83,254.0,1006.0,1,804,Clouds,overcast clouds,04d
2025-07-30 14:27:01,Vinh Long,Vinh Long,34.23,34.23,34.23,59.0,41.23,10000.0,0.0,100.0,8.35,10.83,254.0,1006.0,1,804,Clouds,overcast clouds,04d
2025-07-30 14:30:48,Vinh Long,Vinh Long,33.59,33.59,33.59,55.0,39.19,10000.0,0.0,84.0,8.48,10.98,255.0,1006.0,1,803,Clouds,broken clouds,04d
2025-07-30 14:34:34,Vinh Long,Vinh Long,33.62,33.62,33.62,56.0,39.62,10000.0,0.0,84.0,8.48,10.98,255.0,1006.0,1,803,Clouds,broken clouds,04d
2025-07-30 14:38:19,Vinh Long,Vinh Long,33.62,33.62,33.62,56.0,39.62,10000.0,0.0,84.0,8.48,10.98,255.0,1006.0,1,803,Clouds,broken clouds,04d
2025-07-30 14:42:07,Vinh Long,Vinh Long,33.62,33.62,33.62,56.0,39.62,10000.0,0.0,84.0,8.48,10.98,255.0,1006.0,1,803,Clouds,broken clouds,04d
2025-07-30 14:45:54,Vinh Long,Vinh Long,33.62,33.62,33.62,56.0,39.62,10000.0,0.0,84.0,8.48,10.98,255.0,1006.0,1,803,Clouds,broken clouds,04d
2025-07-30 14:49:40,Vinh Long,Vinh Long,33.44,33.44,33.44,55.0,38.83,10000.0,0.0,84.0,8.48,10.98,255.0,1006.0,1,803,Clouds,broken clouds,04d
2025-07-30 14:53:26,Vinh Long,Vinh Long,33.62,33.62,33.62,56.0,39.62,10000.0,0.0,84.0,8.48,10.98,255.0,1006.0,1,803,Clouds,broken clouds,04d
2025-07-30 14:57:11,Vinh Long,Vinh Long,33.44,33.44,33.44,55.0,38.83,10000.0,0.0,84.0,8.48,10.98,255.0,1006.0,1,803,Clouds,broken clouds,04d
2025-07-30 15:00:57,Vinh Long,Vinh Long,33.44,33.44,33.44,55.0,38.83,10000.0,0.0,84.0,8.48,10.98,255.0,1006.0,1,803,Clouds,broken clouds,04d
2025-07-30 15:04:43,Vinh Long,Vinh Long,33.38,33.38,33.38,60.0,40.38,10000.0,0.0,84.0,8.48,10.98,255.0,1006.0,1,803,Clouds,broken clouds,04d
2025-07-30 15:08:29,Vinh Long,Vinh Long,33.38,33.38,33.38,60.0,40.38,10000.0,0.0,84.0,8.48,10.98,255.0,1006.0,1,803,Clouds,broken clouds,04d
2025-07-30 15:12:16,Vinh Long,Vinh Long,33.38,33.38,33.38,60.0,40.38,10000.0,0.0,84.0,8.48,10.98,255.0,1006.0,1,803,Clouds,broken clouds,04d
2025-07-30 15:16:03,Vinh Long,Vinh Long,33.38,33.38,33.38,60.0,40.38,10000.0,0.0,84.0,8.48,10.98,255.0,1006.0,1,803,Clouds,broken clouds,04d
2025-07-30 15:19:49,Vinh Long,Vinh Long,33.38,33.38,33.38,60.0,40.38,10000.0,0.0,84.0,8.48,10.98,255.0,1006.0,1,803,Clouds,broken clouds,04d
2025-07-30 15:23:34,Vinh Long,Vinh Long,33.38,33.38,33.38,60.0,40.38,10000.0,0.0,84.0,8.48,10.98,255.0,1006.0,1,803,Clouds,broken clouds,04d
2025-07-30 15:27:21,Vinh Long,Vinh Long,33.38,33.38,33.38,60.0,40.38,10000.0,0.0,84.0,8.48,10.98,255.0,1006.0,1,803,Clouds,broken clouds,04d
2025-07-30 15:31:06,Vinh Long,Vinh Long,33.38,33.38,33.38,60.0,40.38,10000.0,0.0,84.0,8.48,10.98,255.0,1006.0,1,803,Clouds,broken clouds,04d
2025-07-30 15:34:52,Vinh Long,Vinh Long,32.43,32.43,32.43,58.0,37.46,10000.0,0.0,64.0,8.06,11.04,256.0,1005.0,1,803,Clouds,broken clouds,04d
2025-07-30 15:38:38,Vinh Long,Vinh Long,32.43,32.43,32.43,58.0,37.46,10000.0,0.0,64.0,8.06,11.04,256.0,1005.0,1,803,Clouds,broken clouds,04d
2025-07-30 15:42:24,Vinh Long,Vinh Long,32.43,32.43,32.43,58.0,37.46,10000.0,0.0,64.0,8.06,11.04,256.0,1005.0,1,803,Clouds,broken clouds,04d
2025-07-30 15:46:10,Vinh Long,Vinh Long,32.37,32.37,32.37,58.0,37.32,10000.0,0.0,64.0,8.06,11.04,256.0,1005.0,1,803,Clouds,broken clouds,04d
2025-07-30 15:49:56,Vinh Long,Vinh Long,32.37,32.37,32.37,58.0,37.32,10000.0,0.0,64.0,8.06,11.04,256.0,1005.0,1,803,Clouds,broken clouds,04d
2025-07-30 15:53:42,Vinh Long,Vinh Long,32.37,32.37,32.37,58.0,37.32,10000.0,0.0,64.0,8.06,11.04,256.0,1005.0,1,803,Clouds,broken clouds,04d
2025-07-30 15:57:28,Vinh Long,Vinh Long,32.37,32.37,32.37,58.0,37.32,10000.0,0.0,64.0,8.06,11.04,256.0,1005.0,1,803,Clouds,broken clouds,04d
2025-07-30 16:01:14,Vinh Long,Vinh Long,32.37,32.37,32.37,62.0,38.61,10000.0,0.0,64.0,8.06,11.04,256.0,1006.0,1,803,Clouds,broken clouds,04d
2025-07-30 16:05:00,Vinh Long,Vinh Long,32.37,32.37,32.37,62.0,38.61,10000.0,0.0,64.0,8.06,11.04,256.0,1006.0,1,803,Clouds,broken clouds,04d
2025-07-30 16:08:46,Vinh Long,Vinh Long,32.37,32.37,32.37,62.0,38.61,10000.0,0.0,64.0,8.06,11.04,256.0,1006.0,1,803,Clouds,broken clouds,04d
2025-07-30 16:12:32,Vinh Long,Vinh Long,32.37,32.37,32.37,62.0,38.61,10000.0,0.0,64.0,8.06,11.04,256.0,1006.0,1,803,Clouds,broken clouds,04d
2025-07-30 16:16:18,Vinh Long,Vinh Long,32.34,32.34,32.34,62.0,38.54,10000.0,0.0,64.0,8.06,11.04,256.0,1006.0,1,803,Clouds,broken clouds,04d
2025-07-30 16:20:05,Vinh Long,Vinh Long,32.34,32.34,32.34,62.0,38.54,10000.0,0.0,64.0,8.06,11.04,256.0,1006.0,1,803,Clouds,broken clouds,04d
2025-07-30 16:23:50,Vinh Long,Vinh Long,32.34,32.34,32.34,62.0,38.54,10000.0,0.0,64.0,8.06,11.04,256.0,1006.0,1,803,Clouds,broken clouds,04d
2025-07-30 16:27:36,Vinh Long,Vinh Long,32.34,32.34,32.34,62.0,38.54,10000.0,0.0,64.0,8.06,11.04,256.0,1006.0,1,803,Clouds,broken clouds,04d
2025-07-30 16:31:23,Vinh Long,Vinh Long,31.44,31.44,31.44,62.0,36.36,10000.0,0.0,56.0,6.85,10.42,253.0,1006.0,1,803,Clouds,broken clouds,04d
2025-07-30 16:35:09,Vinh Long,Vinh Long,31.44,31.44,31.44,62.0,36.36,10000.0,0.0,56.0,6.85,10.42,253.0,1006.0,1,803,Clouds,broken clouds,04d
2025-07-30 16:38:55,Vinh Long,Vinh Long,31.44,31.44,31.44,62.0,36.36,10000.0,0.0,56.0,6.85,10.42,253.0,1006.0,1,803,Clouds,broken clouds,04d
2025-07-30 16:42:40,Vinh Long,Vinh Long,31.44,31.44,31.44,62.0,36.36,10000.0,0.0,56.0,6.85,10.42,253.0,1006.0,1,803,Clouds,broken clouds,04d
2025-07-30 16:46:27,Vinh Long,Vinh Long,31.37,31.37,31.37,63.0,36.48,10000.0,0.0,56.0,6.85,10.42,253.0,1006.0,1,803,Clouds,broken clouds,04d
2025-07-30 16:50:13,Vinh Long,Vinh Long,31.37,31.37,31.37,63.0,36.48,10000.0,0.0,56.0,6.85,10.42,253.0,1006.0,1,803,Clouds,broken clouds,04d
2025-07-30 16:53:58,Vinh Long,Vinh Long,31.37,31.37,31.37,63.0,36.48,10000.0,0.0,56.0,6.85,10.42,253.0,1006.0,1,803,Clouds,broken clouds,04d
2025-07-30 16:57:44,Vinh Long,Vinh Long,31.37,31.37,31.37,63.0,36.48,10000.0,0.0,56.0,6.85,10.42,253.0,1006.0,1,803,Clouds,broken clouds,04d
2025-07-30 17:01:43,Vinh Long,Vinh Long,31.39,31.39,31.39,67.0,37.71,10000.0,0.0,56.0,6.85,10.42,253.0,1006.0,1,803,Clouds,broken clouds,04d
2025-07-30 17:05:33,Vinh Long,Vinh Long,31.39,31.39,31.39,67.0,37.71,10000.0,0.0,56.0,6.85,10.42,253.0,1006.0,1,803,Clouds,broken clouds,04d
2025-07-30 17:09:19,Vinh Long,Vinh Long,31.39,31.39,31.39,67.0,37.71,10000.0,0.0,56.0,6.85,10.42,253.0,1006.0,1,803,Clouds,broken clouds,04d
2025-07-30 17:13:08,Vinh Long,Vinh Long,31.39,31.39,31.39,67.0,37.71,10000.0,0.0,56.0,6.85,10.42,253.0,1006.0,1,803,Clouds,broken clouds,04d
2025-07-30 17:16:53,Vinh Long,Vinh Long,31.39,31.39,31.39,67.0,37.71,10000.0,0.0,56.0,6.85,10.42,253.0,1006.0,1,803,Clouds,broken clouds,04d
2025-07-30 17:20:40,Vinh Long,Vinh Long,31.39,31.39,31.39,67.0,37.71,10000.0,0.0,56.0,6.85,10.42,253.0,1006.0,1,803,Clouds,broken clouds,04d
2025-07-30 17:24:25,Vinh Long,Vinh Long,31.39,31.39,31.39,67.0,37.71,10000.0,0.0,56.0,6.85,10.42,253.0,1006.0,1,803,Clouds,broken clouds,04d
2025-07-30 17:28:12,Vinh Long,Vinh Long,31.39,31.39,31.39,67.0,37.71,10000.0,0.0,56.0,6.85,10.42,253.0,1006.0,1,803,Clouds,broken clouds,04d
2025-07-30 17:31:58,Vinh Long,Vinh Long,29.8,29.8,29.8,68.0,34.1,10000.0,0.0,57.0,6.24,10.36,253.0,1006.0,1,803,Clouds,broken clouds,04d
2025-07-30 17:35:44,Vinh Long,Vinh Long,29.8,29.8,29.8,68.0,34.1,10000.0,0.0,57.0,6.24,10.36,253.0,1006.0,1,803,Clouds,broken clouds,04d
2025-07-30 17:40:12,Vinh Long,Vinh Long,29.73,29.73,29.73,68.0,33.94,10000.0,0.0,57.0,6.24,10.36,253.0,1006.0,1,803,Clouds,broken clouds,04d
2025-07-30 17:43:57,Vinh Long,Vinh Long,29.73,29.73,29.73,68.0,33.94,10000.0,0.0,57.0,6.24,10.36,253.0,1006.0,1,803,Clouds,broken clouds,04d
2025-07-30 17:47:43,Vinh Long,Vinh Long,29.73,29.73,29.73,68.0,33.94,10000.0,0.0,57.0,6.24,10.36,253.0,1006.0,1,803,Clouds,broken clouds,04d
2025-07-30 17:51:29,Vinh Long,Vinh Long,29.63,29.63,29.63,69.0,33.94,10000.0,0.0,57.0,6.24,10.36,253.0,1006.0,1,803,Clouds,broken clouds,04d
2025-07-30 17:55:15,Vinh Long,Vinh Long,29.63,29.63,29.63,69.0,33.94,10000.0,0.0,57.0,6.24,10.36,253.0,1006.0,1,803,Clouds,broken clouds,04d
2025-07-30 17:59:01,Vinh Long,Vinh Long,29.63,29.63,29.63,69.0,33.94,10000.0,0.0,57.0,6.24,10.36,253.0,1006.0,1,803,Clouds,broken clouds,04d
2025-07-30 18:02:47,Vinh Long,Vinh Long,29.67,29.67,29.67,72.0,34.7,10000.0,0.0,57.0,6.24,10.36,253.0,1006.0,1,803,Clouds,broken clouds,04d
2025-07-30 18:06:35,Vinh Long,Vinh Long,29.67,29.67,29.67,72.0,34.7,10000.0,0.0,57.0,6.24,10.36,253.0,1006.0,1,803,Clouds,broken clouds,04d
2025-07-30 18:10:29,Vinh Long,Vinh Long,29.67,29.67,29.67,72.0,34.7,10000.0,0.0,57.0,6.24,10.36,253.0,1006.0,1,803,Clouds,broken clouds,04d
2025-07-30 18:14:15,Vinh Long,Vinh Long,29.67,29.67,29.67,72.0,34.7,10000.0,0.0,57.0,6.24,10.36,253.0,1006.0,1,803,Clouds,broken clouds,04d
2025-07-30 18:18:01,Vinh Long,Vinh Long,29.66,29.66,29.66,72.0,34.68,10000.0,0.0,57.0,6.24,10.36,253.0,1006.0,1,803,Clouds,broken clouds,04d
2025-07-30 18:21:47,Vinh Long,Vinh Long,29.66,29.66,29.66,72.0,34.68,10000.0,0.0,57.0,6.24,10.36,253.0,1006.0,0,803,Clouds,broken clouds,04n
2025-07-30 18:25:33,Vinh Long,Vinh Long,29.66,29.66,29.66,72.0,34.68,10000.0,0.0,57.0,6.24,10.36,253.0,1006.0,0,803,Clouds,broken clouds,04n
2025-07-30 18:29:19,Vinh Long,Vinh Long,29.66,29.66,29.66,72.0,34.68,10000.0,0.0,57.0,6.24,10.36,253.0,1006.0,0,803,Clouds,broken clouds,04n
2025-07-30 18:33:05,Vinh Long,Vinh Long,29.66,29.66,29.66,72.0,34.68,10000.0,0.0,57.0,6.24,10.36,253.0,1006.0,0,803,Clouds,broken clouds,04n
2025-07-30 18:36:51,Vinh Long,Vinh Long,28.85,28.85,28.85,72.0,32.76,10000.0,0.0,56.0,5.4,10.99,255.0,1007.0,0,803,Clouds,broken clouds,04n
2025-07-30 18:40:36,Vinh Long,Vinh Long,28.85,28.85,28.85,72.0,32.76,10000.0,0.0,56.0,5.4,10.99,255.0,1007.0,0,803,Clouds,broken clouds,04n
2025-07-30 18:44:22,Vinh Long,Vinh Long,28.85,28.85,28.85,72.0,32.76,10000.0,0.0,56.0,5.4,10.99,255.0,1007.0,0,803,Clouds,broken clouds,04n
2025-07-30 18:48:08,Vinh Long,Vinh Long,28.85,28.85,28.85,72.0,32.76,10000.0,0.0,56.0,5.4,10.99,255.0,1007.0,0,803,Clouds,broken clouds,04n
2025-07-30 18:51:54,Vinh Long,Vinh Long,28.74,28.74,28.74,73.0,32.69,10000.0,0.0,56.0,5.4,10.99,255.0,1007.0,0,803,Clouds,broken clouds,04n
2025-07-30 18:55:40,Vinh Long,Vinh Long,28.74,28.74,28.74,73.0,32.69,10000.0,0.0,56.0,5.4,10.99,255.0,1007.0,0,803,Clouds,broken clouds,04n
2025-07-30 18:59:25,Vinh Long,Vinh Long,28.74,28.74,28.74,73.0,32.69,10000.0,0.0,56.0,5.4,10.99,255.0,1007.0,0,803,Clouds,broken clouds,04n
2025-07-30 19:03:11,Vinh Long,Vinh Long,28.74,28.74,28.74,73.0,32.69,10000.0,0.0,56.0,5.4,10.99,255.0,1007.0,0,803,Clouds,broken clouds,04n
2025-07-30 19:06:57,Vinh Long,Vinh Long,28.74,28.74,28.74,73.0,32.69,10000.0,0.0,83.0,4.96,10.62,253.0,1007.0,0,803,Clouds,broken clouds,04n
2025-07-30 19:10:43,Vinh Long,Vinh Long,28.74,28.74,28.74,73.0,32.69,10000.0,0.0,83.0,4.96,10.62,253.0,1007.0,0,803,Clouds,broken clouds,04n
2025-07-30 19:14:28,Vinh Long,Vinh Long,28.74,28.74,28.74,73.0,32.69,10000.0,0.0,83.0,4.96,10.62,253.0,1007.0,0,803,Clouds,broken clouds,04n
2025-07-30 19:18:14,Vinh Long,Vinh Long,28.74,28.74,28.74,73.0,32.69,10000.0,0.0,83.0,4.96,10.62,253.0,1007.0,0,803,Clouds,broken clouds,04n
2025-07-30 19:22:00,Vinh Long,Vinh Long,28.74,28.74,28.74,73.0,32.69,10000.0,0.0,83.0,4.96,10.62,253.0,1007.0,0,803,Clouds,broken clouds,04n
2025-07-30 19:25:46,Vinh Long,Vinh Long,28.74,28.74,28.74,73.0,32.69,10000.0,0.0,83.0,4.96,10.62,253.0,1007.0,0,803,Clouds,broken clouds,04n
2025-07-30 19:29:32,Vinh Long,Vinh Long,28.74,28.74,28.74,77.0,33.44,10000.0,0.0,83.0,4.96,10.62,253.0,1007.0,0,803,Clouds,broken clouds,04n
2025-07-30 19:33:17,Vinh Long,Vinh Long,28.74,28.74,28.74,77.0,33.44,10000.0,0.0,83.0,4.96,10.62,253.0,1007.0,0,803,Clouds,broken clouds,04n
2025-07-30 19:37:03,Vinh Long,Vinh Long,28.22,28.22,28.22,79.0,32.49,10000.0,0.0,100.0,3.95,9.48,247.0,1008.0,0,804,Clouds,overcast clouds,04n
2025-07-30 19:40:49,Vinh Long,Vinh Long,28.22,28.22,28.22,79.0,32.49,10000.0,0.0,100.0,3.95,9.48,247.0,1008.0,0,804,Clouds,overcast clouds,04n
2025-07-30 19:44:35,Vinh Long,Vinh Long,28.22,28.22,28.22,79.0,32.49,10000.0,0.0,100.0,3.95,9.48,247.0,1008.0,0,804,Clouds,overcast clouds,04n
2025-07-30 19:48:21,Vinh Long,Vinh Long,28.09,28.09,28.09,81.0,32.49,10000.0,0.0,100.0,3.95,9.48,247.0,1008.0,0,804,Clouds,overcast clouds,04n
2025-07-30 19:52:07,Vinh Long,Vinh Long,28.09,28.09,28.09,81.0,32.49,10000.0,0.0,100.0,3.95,9.48,247.0,1008.0,0,804,Clouds,overcast clouds,04n
2025-07-30 19:55:52,Vinh Long,Vinh Long,28.09,28.09,28.09,81.0,32.49,10000.0,0.0,100.0,3.95,9.48,247.0,1008.0,0,804,Clouds,overcast clouds,04n
2025-07-30 19:59:38,Vinh Long,Vinh Long,28.09,28.09,28.09,81.0,32.49,10000.0,0.0,100.0,3.95,9.48,247.0,1008.0,0,804,Clouds,overcast clouds,04n
2025-07-30 20:03:24,Vinh Long,Vinh Long,28.17,28.17,28.17,84.0,33.21,10000.0,0.0,100.0,3.95,9.48,247.0,1007.0,0,804,Clouds,overcast clouds,04n
2025-07-30 20:07:10,Vinh Long,Vinh Long,28.09,28.09,28.09,81.0,32.49,10000.0,0.0,100.0,3.95,9.48,247.0,1008.0,0,804,Clouds,overcast clouds,04n
2025-07-30 20:10:55,Vinh Long,Vinh Long,28.17,28.17,28.17,84.0,33.21,10000.0,0.0,100.0,3.95,9.48,247.0,1007.0,0,804,Clouds,overcast clouds,04n
2025-07-30 20:14:41,Vinh Long,Vinh Long,28.17,28.17,28.17,84.0,33.21,10000.0,0.0,100.0,3.95,9.48,247.0,1007.0,0,804,Clouds,overcast clouds,04n
2025-07-30 20:18:27,Vinh Long,Vinh Long,28.17,28.17,28.17,84.0,33.21,10000.0,0.0,100.0,3.95,9.48,247.0,1007.0,0,804,Clouds,overcast clouds,04n
2025-07-30 20:22:12,Vinh Long,Vinh Long,28.17,28.17,28.17,84.0,33.21,10000.0,0.0,100.0,3.95,9.48,247.0,1007.0,0,804,Clouds,overcast clouds,04n
2025-07-30 20:25:58,Vinh Long,Vinh Long,28.17,28.17,28.17,84.0,33.21,10000.0,0.0,100.0,3.95,9.48,247.0,1007.0,0,804,Clouds,overcast clouds,04n
2025-07-30 20:29:44,Vinh Long,Vinh Long,28.17,28.17,28.17,84.0,33.21,10000.0,0.0,100.0,3.95,9.48,247.0,1007.0,0,804,Clouds,overcast clouds,04n
2025-07-30 20:33:30,Vinh Long,Vinh Long,28.17,28.17,28.17,84.0,33.21,10000.0,0.0,100.0,3.95,9.48,247.0,1007.0,0,804,Clouds,overcast clouds,04n
2025-07-30 20:37:16,Vinh Long,Vinh Long,27.69,27.69,27.69,86.0,32.18,10000.0,0.0,100.0,3.96,10.01,246.0,1008.0,0,804,Clouds,overcast clouds,04n
2025-07-30 20:41:02,Vinh Long,Vinh Long,27.69,27.69,27.69,86.0,32.18,10000.0,0.0,100.0,3.96,10.01,246.0,1008.0,0,804,Clouds,overcast clouds,04n
2025-07-30 20:44:47,Vinh Long,Vinh Long,27.69,27.69,27.69,86.0,32.18,10000.0,0.0,100.0,3.96,10.01,246.0,1008.0,0,804,Clouds,overcast clouds,04n
2025-07-30 20:48:33,Vinh Long,Vinh Long,27.59,27.59,27.59,85.0,31.76,10000.0,0.0,100.0,3.96,10.01,246.0,1008.0,0,804,Clouds,overcast clouds,04n
2025-07-30 20:52:19,Vinh Long,Vinh Long,27.59,27.59,27.59,85.0,31.76,10000.0,0.0,100.0,3.96,10.01,246.0,1008.0,0,804,Clouds,overcast clouds,04n
2025-07-30 20:56:05,Vinh Long,Vinh Long,27.59,27.59,27.59,85.0,31.76,10000.0,0.0,100.0,3.96,10.01,246.0,1008.0,0,804,Clouds,overcast clouds,04n
2025-07-30 20:59:51,Vinh Long,Vinh Long,27.59,27.59,27.59,85.0,31.76,10000.0,0.0,100.0,3.96,10.01,246.0,1008.0,0,804,Clouds,overcast clouds,04n
2025-07-30 21:03:36,Vinh Long,Vinh Long,27.59,27.59,27.59,85.0,31.76,10000.0,0.0,100.0,3.96,10.01,246.0,1008.0,0,804,Clouds,overcast clouds,04n
2025-07-30 21:07:25,Vinh Long,Vinh Long,27.66,27.66,27.66,89.0,32.54,10000.0,0.0,100.0,3.96,10.01,246.0,1008.0,0,804,Clouds,overcast clouds,04n
2025-07-30 21:11:10,Vinh Long,Vinh Long,27.66,27.66,27.66,89.0,32.54,10000.0,0.0,100.0,3.96,10.01,246.0,1008.0,0,804,Clouds,overcast clouds,04n
2025-07-30 21:14:56,Vinh Long,Vinh Long,27.66,27.66,27.66,89.0,32.54,10000.0,0.0,100.0,3.96,10.01,246.0,1008.0,0,804,Clouds,overcast clouds,04n
2025-07-30 21:18:42,Vinh Long,Vinh Long,27.66,27.66,27.66,89.0,32.54,10000.0,0.0,100.0,3.96,10.01,246.0,1008.0,0,804,Clouds,overcast clouds,04n
2025-07-30 21:22:28,Vinh Long,Vinh Long,27.65,27.65,27.65,89.0,32.51,10000.0,0.0,100.0,3.96,10.01,246.0,1008.0,0,804,Clouds,overcast clouds,04n
2025-07-30 21:26:14,Vinh Long,Vinh Long,27.65,27.65,27.65,89.0,32.51,10000.0,0.0,100.0,3.96,10.01,246.0,1008.0,0,804,Clouds,overcast clouds,04n
2025-07-30 21:29:59,Vinh Long,Vinh Long,27.65,27.65,27.65,89.0,32.51,10000.0,0.0,100.0,3.96,10.01,246.0,1008.0,0,804,Clouds,overcast clouds,04n
2025-07-30 21:33:45,Vinh Long,Vinh Long,27.65,27.65,27.65,89.0,32.51,10000.0,0.0,100.0,3.96,10.01,246.0,1008.0,0,804,Clouds,overcast clouds,04n
2025-07-30 21:37:32,Vinh Long,Vinh Long,27.43,27.43,27.43,87.0,31.59,10000.0,0.0,100.0,3.85,10.59,244.0,1009.0,0,804,Clouds,overcast clouds,04n
2025-07-30 21:41:18,Vinh Long,Vinh Long,27.43,27.43,27.43,87.0,31.59,10000.0,0.0,100.0,3.85,10.59,244.0,1009.0,0,804,Clouds,overcast clouds,04n
2025-07-30 21:45:03,Vinh Long,Vinh Long,27.43,27.43,27.43,87.0,31.59,10000.0,0.0,100.0,3.85,10.59,244.0,1009.0,0,804,Clouds,overcast clouds,04n
2025-07-30 21:48:49,Vinh Long,Vinh Long,27.32,27.32,27.32,86.0,31.17,10000.0,0.0,100.0,3.85,10.59,244.0,1009.0,0,804,Clouds,overcast clouds,04n
2025-07-30 21:52:35,Vinh Long,Vinh Long,27.32,27.32,27.32,86.0,31.17,10000.0,0.0,100.0,3.85,10.59,244.0,1009.0,0,804,Clouds,overcast clouds,04n
2025-07-30 21:56:21,Vinh Long,Vinh Long,27.32,27.32,27.32,86.0,31.17,10000.0,0.0,100.0,3.85,10.59,244.0,1009.0,0,804,Clouds,overcast clouds,04n
2025-07-30 22:00:07,Vinh Long,Vinh Long,27.32,27.32,27.32,86.0,31.17,10000.0,0.0,100.0,3.85,10.59,244.0,1009.0,0,804,Clouds,overcast clouds,04n
2025-07-30 22:03:53,Vinh Long,Vinh Long,27.37,27.37,27.37,90.0,31.81,10000.0,0.0,100.0,3.85,10.59,244.0,1008.0,0,804,Clouds,overcast clouds,04n
2025-07-30 22:07:39,Vinh Long,Vinh Long,27.37,27.37,27.37,90.0,31.81,10000.0,0.0,100.0,3.85,10.59,244.0,1008.0,0,804,Clouds,overcast clouds,04n
2025-07-30 22:11:26,Vinh Long,Vinh Long,27.37,27.37,27.37,90.0,31.81,10000.0,0.0,100.0,3.85,10.59,244.0,1008.0,0,804,Clouds,overcast clouds,04n
2025-07-30 22:15:12,Vinh Long,Vinh Long,27.37,27.37,27.37,90.0,31.81,10000.0,0.0,100.0,3.85,10.59,244.0,1008.0,0,804,Clouds,overcast clouds,04n
2025-07-30 22:18:58,Vinh Long,Vinh Long,27.37,27.37,27.37,90.0,31.81,10000.0,0.0,100.0,3.85,10.59,244.0,1008.0,0,804,Clouds,overcast clouds,04n
2025-07-30 22:22:44,Vinh Long,Vinh Long,27.37,27.37,27.37,90.0,31.81,10000.0,0.0,100.0,3.85,10.59,244.0,1008.0,0,804,Clouds,overcast clouds,04n
2025-07-30 22:26:30,Vinh Long,Vinh Long,27.37,27.37,27.37,90.0,31.81,10000.0,0.0,100.0,3.85,10.59,244.0,1008.0,0,804,Clouds,overcast clouds,04n
2025-07-30 22:30:15,Vinh Long,Vinh Long,27.18,27.18,27.18,87.0,30.91,10000.0,0.0,100.0,3.87,10.38,245.0,1008.0,0,804,Clouds,overcast clouds,04n
2025-07-30 22:34:02,Vinh Long,Vinh Long,27.17,27.17,27.17,88.0,30.99,10000.0,0.0,100.0,3.87,10.38,245.0,1009.0,0,804,Clouds,overcast clouds,04n
2025-07-30 22:37:48,Vinh Long,Vinh Long,27.17,27.17,27.17,88.0,30.99,10000.0,0.0,100.0,3.87,10.38,245.0,1009.0,0,804,Clouds,overcast clouds,04n
2025-07-30 22:41:33,Vinh Long,Vinh Long,27.17,27.17,27.17,88.0,30.99,10000.0,0.0,100.0,3.87,10.38,245.0,1009.0,0,804,Clouds,overcast clouds,04n
2025-07-30 22:45:19,Vinh Long,Vinh Long,27.17,27.17,27.17,88.0,30.99,10000.0,0.0,100.0,3.87,10.38,245.0,1009.0,0,804,Clouds,overcast clouds,04n
2025-07-30 22:49:05,Vinh Long,Vinh Long,27.13,27.13,27.13,87.0,30.77,10000.0,0.0,100.0,3.87,10.38,245.0,1009.0,0,804,Clouds,overcast clouds,04n
2025-07-30 22:52:51,Vinh Long,Vinh Long,27.13,27.13,27.13,87.0,30.77,10000.0,0.0,100.0,3.87,10.38,245.0,1009.0,0,804,Clouds,overcast clouds,04n
2025-07-30 22:56:36,Vinh Long,Vinh Long,27.13,27.13,27.13,87.0,30.77,10000.0,0.0,100.0,3.87,10.38,245.0,1009.0,0,804,Clouds,overcast clouds,04n
2025-07-30 23:00:23,Vinh Long,Vinh Long,27.13,27.13,27.13,87.0,30.77,10000.0,0.0,100.0,3.87,10.38,245.0,1009.0,0,804,Clouds,overcast clouds,04n
2025-07-30 23:04:09,Vinh Long,Vinh Long,27.17,27.17,27.17,91.0,31.34,10000.0,0.0,100.0,3.87,10.38,245.0,1009.0,0,804,Clouds,overcast clouds,04n
2025-07-30 23:07:54,Vinh Long,Vinh Long,27.17,27.17,27.17,91.0,31.34,10000.0,0.0,100.0,3.87,10.38,245.0,1009.0,0,804,Clouds,overcast clouds,04n
2025-07-30 23:11:41,Vinh Long,Vinh Long,27.17,27.17,27.17,91.0,31.34,10000.0,0.0,100.0,3.87,10.38,245.0,1009.0,0,804,Clouds,overcast clouds,04n
2025-07-30 23:15:27,Vinh Long,Vinh Long,27.17,27.17,27.17,91.0,31.34,10000.0,0.0,100.0,3.87,10.38,245.0,1009.0,0,804,Clouds,overcast clouds,04n
2025-07-30 23:19:13,Vinh Long,Vinh Long,27.16,27.16,27.16,91.0,31.31,10000.0,0.0,100.0,3.87,10.38,245.0,1009.0,0,804,Clouds,overcast clouds,04n
2025-07-30 23:22:59,Vinh Long,Vinh Long,27.16,27.16,27.16,91.0,31.31,10000.0,0.0,100.0,3.87,10.38,245.0,1009.0,0,804,Clouds,overcast clouds,04n
2025-07-30 23:26:44,Vinh Long,Vinh Long,27.16,27.16,27.16,91.0,31.31,10000.0,0.0,100.0,3.87,10.38,245.0,1009.0,0,804,Clouds,overcast clouds,04n
2025-07-30 23:30:43,Vinh Long,Vinh Long,26.56,26.56,26.56,90.0,26.56,10000.0,0.0,100.0,3.29,9.31,232.0,1008.0,0,804,Clouds,overcast clouds,04n
2025-07-30 23:34:48,Vinh Long,Vinh Long,26.52,26.52,26.52,90.0,26.52,10000.0,0.0,100.0,3.29,9.31,232.0,1008.0,0,804,Clouds,overcast clouds,04n
2025-07-30 23:38:50,Vinh Long,Vinh Long,26.56,26.56,26.56,90.0,26.56,10000.0,0.0,100.0,3.29,9.31,232.0,1008.0,0,804,Clouds,overcast clouds,04n
2025-07-30 23:42:59,Vinh Long,Vinh Long,26.52,26.52,26.52,90.0,26.52,10000.0,0.0,100.0,3.29,9.31,232.0,1008.0,0,804,Clouds,overcast clouds,04n
2025-07-30 23:46:44,Vinh Long,Vinh Long,26.52,26.52,26.52,90.0,26.52,10000.0,0.0,100.0,3.29,9.31,232.0,1008.0,0,804,Clouds,overcast clouds,04n
2025-07-30 23:50:30,Vinh Long,Vinh Long,26.52,26.52,26.52,90.0,26.52,10000.0,0.0,100.0,3.29,9.31,232.0,1008.0,0,804,Clouds,overcast clouds,04n
2025-07-30 23:54:16,Vinh Long,Vinh Long,26.52,26.52,26.52,90.0,26.52,10000.0,0.0,100.0,3.29,9.31,232.0,1008.0,0,804,Clouds,overcast clouds,04n
2025-07-30 23:58:02,Vinh Long,Vinh Long,26.52,26.52,26.52,90.0,26.52,10000.0,0.0,100.0,3.29,9.31,232.0,1008.0,0,804,Clouds,overcast clouds,04n
2025-07-31 00:01:49,Vinh Long,Vinh Long,26.55,26.55,26.55,93.0,26.55,10000.0,0.0,100.0,3.29,9.31,232.0,1008.0,0,804,Clouds,overcast clouds,04n
2025-07-31 00:05:34,Vinh Long,Vinh Long,26.52,26.52,26.52,90.0,26.52,10000.0,0.0,100.0,3.29,9.31,232.0,1008.0,0,804,Clouds,overcast clouds,04n
2025-07-31 00:09:20,Vinh Long,Vinh Long,26.55,26.55,26.55,93.0,26.55,10000.0,0.0,100.0,3.29,9.31,232.0,1008.0,0,804,Clouds,overcast clouds,04n
2025-07-31 00:13:07,Vinh Long,Vinh Long,26.55,26.55,26.55,93.0,26.55,10000.0,0.0,100.0,3.29,9.31,232.0,1008.0,0,804,Clouds,overcast clouds,04n
2025-07-31 00:16:53,Vinh Long,Vinh Long,26.55,26.55,26.55,93.0,26.55,10000.0,0.0,100.0,3.29,9.31,232.0,1008.0,0,804,Clouds,overcast clouds,04n
2025-07-31 00:20:40,Vinh Long,Vinh Long,26.55,26.55,26.55,93.0,26.55,10000.0,0.0,100.0,3.29,9.31,232.0,1008.0,0,804,Clouds,overcast clouds,04n
2025-07-31 00:24:26,Vinh Long,Vinh Long,26.55,26.55,26.55,93.0,26.55,10000.0,0.0,100.0,3.29,9.31,232.0,1008.0,0,804,Clouds,overcast clouds,04n
2025-07-31 00:28:12,Vinh Long,Vinh Long,26.55,26.55,26.55,93.0,26.55,10000.0,0.0,100.0,3.29,9.31,232.0,1008.0,0,804,Clouds,overcast clouds,04n
2025-07-31 00:31:58,Vinh Long,Vinh Long,26.1,26.1,26.1,93.0,26.1,10000.0,0.0,99.0,2.81,8.75,224.0,1008.0,0,804,Clouds,overcast clouds,04n
2025-07-31 00:35:43,Vinh Long,Vinh Long,26.1,26.1,26.1,93.0,26.1,10000.0,0.0,99.0,2.81,8.75,224.0,1008.0,0,804,Clouds,overcast clouds,04n
2025-07-31 00:39:30,Vinh Long,Vinh Long,26.1,26.1,26.1,93.0,26.1,10000.0,0.0,99.0,2.81,8.75,224.0,1008.0,0,804,Clouds,overcast clouds,04n
2025-07-31 00:43:16,Vinh Long,Vinh Long,26.1,26.1,26.1,93.0,26.1,10000.0,0.0,99.0,2.81,8.75,224.0,1008.0,0,804,Clouds,overcast clouds,04n
2025-07-31 00:47:01,Vinh Long,Vinh Long,26.1,26.1,26.1,93.0,26.1,10000.0,0.0,99.0,2.81,8.75,224.0,1008.0,0,804,Clouds,overcast clouds,04n
2025-07-31 00:50:47,Vinh Long,Vinh Long,27.11,27.11,27.11,93.0,31.39,10000.0,0.0,95.0,2.78,8.69,225.0,1008.0,0,804,Clouds,overcast clouds,04n
2025-07-31 00:54:33,Vinh Long,Vinh Long,27.11,27.11,27.11,93.0,31.39,10000.0,0.0,95.0,2.78,8.69,225.0,1008.0,0,804,Clouds,overcast clouds,04n
2025-07-31 00:58:19,Vinh Long,Vinh Long,27.11,27.11,27.11,93.0,31.39,10000.0,0.0,95.0,2.78,8.69,225.0,1008.0,0,804,Clouds,overcast clouds,04n
2025-07-31 01:02:04,Vinh Long,Vinh Long,27.11,27.11,27.11,93.0,31.39,10000.0,0.0,95.0,2.78,8.69,225.0,1008.0,0,804,Clouds,overcast clouds,04n
2025-07-31 01:05:50,Vinh Long,Vinh Long,27.11,27.11,27.11,93.0,31.39,10000.0,0.0,95.0,2.78,8.69,225.0,1008.0,0,804,Clouds,overcast clouds,04n
2025-07-31 01:09:35,Vinh Long,Vinh Long,27.11,27.11,27.11,93.0,31.39,10000.0,0.0,95.0,2.78,8.69,225.0,1008.0,0,804,Clouds,overcast clouds,04n
2025-07-31 01:13:21,Vinh Long,Vinh Long,27.11,27.11,27.11,93.0,31.39,10000.0,0.0,95.0,2.78,8.69,225.0,1008.0,0,804,Clouds,overcast clouds,04n
2025-07-31 01:17:08,Vinh Long,Vinh Long,27.14,27.14,27.14,94.0,31.61,10000.0,0.0,95.0,2.78,8.69,225.0,1008.0,0,804,Clouds,overcast clouds,04n
2025-07-31 01:20:55,Vinh Long,Vinh Long,27.14,27.14,27.14,94.0,31.61,10000.0,0.0,95.0,2.78,8.69,225.0,1008.0,0,804,Clouds,overcast clouds,04n
2025-07-31 01:24:40,Vinh Long,Vinh Long,27.14,27.14,27.14,94.0,31.61,10000.0,0.0,95.0,2.78,8.69,225.0,1008.0,0,804,Clouds,overcast clouds,04n
2025-07-31 01:28:26,Vinh Long,Vinh Long,27.14,27.14,27.14,94.0,31.61,10000.0,0.0,95.0,2.78,8.69,225.0,1008.0,0,804,Clouds,overcast clouds,04n
2025-07-31 01:32:12,Vinh Long,Vinh Long,26.87,26.87,26.87,94.0,30.76,10000.0,0.0,65.0,2.95,8.81,221.0,1007.0,0,803,Clouds,broken clouds,04n
2025-07-31 01:35:58,Vinh Long,Vinh Long,26.87,26.87,26.87,94.0,30.76,10000.0,0.0,65.0,2.95,8.81,221.0,1007.0,0,803,Clouds,broken clouds,04n
2025-07-31 01:39:44,Vinh Long,Vinh Long,26.87,26.87,26.87,94.0,30.76,10000.0,0.0,65.0,2.95,8.81,221.0,1007.0,0,803,Clouds,broken clouds,04n
2025-07-31 01:43:30,Vinh Long,Vinh Long,26.87,26.87,26.87,94.0,30.76,10000.0,0.0,65.0,2.95,8.81,221.0,1007.0,0,803,Clouds,broken clouds,04n
2025-07-31 01:47:16,Vinh Long,Vinh Long,26.87,26.87,26.87,94.0,30.76,10000.0,0.0,65.0,2.95,8.81,221.0,1007.0,0,803,Clouds,broken clouds,04n
2025-07-31 01:51:02,Vinh Long,Vinh Long,26.87,26.87,26.87,94.0,30.76,10000.0,0.0,65.0,2.95,8.81,221.0,1007.0,0,803,Clouds,broken clouds,04n
2025-07-31 01:54:48,Vinh Long,Vinh Long,26.87,26.87,26.87,94.0,30.76,10000.0,0.0,65.0,2.95,8.81,221.0,1007.0,0,803,Clouds,broken clouds,04n
2025-07-31 01:58:34,Vinh Long,Vinh Long,26.87,26.87,26.87,94.0,30.76,10000.0,0.0,65.0,2.95,8.81,221.0,1007.0,0,803,Clouds,broken clouds,04n
2025-07-31 02:02:20,Vinh Long,Vinh Long,26.87,26.87,26.87,94.0,30.76,10000.0,0.0,65.0,2.95,8.81,221.0,1007.0,0,803,Clouds,broken clouds,04n
2025-07-31 02:06:05,Vinh Long,Vinh Long,26.87,26.87,26.87,94.0,30.76,10000.0,0.0,65.0,2.95,8.81,221.0,1007.0,0,803,Clouds,broken clouds,04n
2025-07-31 02:09:51,Vinh Long,Vinh Long,26.88,26.88,26.88,95.0,30.89,10000.0,0.0,65.0,2.95,8.81,221.0,1008.0,0,803,Clouds,broken clouds,04n
2025-07-31 02:13:37,Vinh Long,Vinh Long,26.88,26.88,26.88,95.0,30.89,10000.0,0.0,65.0,2.95,8.81,221.0,1008.0,0,803,Clouds,broken clouds,04n
2025-07-31 02:17:24,Vinh Long,Vinh Long,26.88,26.88,26.88,95.0,30.89,10000.0,0.0,65.0,2.95,8.81,221.0,1008.0,0,803,Clouds,broken clouds,04n
2025-07-31 02:21:09,Vinh Long,Vinh Long,26.88,26.88,26.88,95.0,30.89,10000.0,0.0,65.0,2.95,8.81,221.0,1008.0,0,803,Clouds,broken clouds,04n
2025-07-31 02:24:55,Vinh Long,Vinh Long,26.88,26.88,26.88,95.0,30.89,10000.0,0.0,65.0,2.95,8.81,221.0,1008.0,0,803,Clouds,broken clouds,04n
2025-07-31 02:28:41,Vinh Long,Vinh Long,26.88,26.88,26.88,95.0,30.89,10000.0,0.0,65.0,2.95,8.81,221.0,1008.0,0,803,Clouds,broken clouds,04n
2025-07-31 02:32:27,Vinh Long,Vinh Long,26.88,26.88,26.88,95.0,30.89,10000.0,0.0,65.0,2.95,8.81,221.0,1008.0,0,803,Clouds,broken clouds,04n
2025-07-31 02:36:13,Vinh Long,Vinh Long,26.88,26.88,26.88,95.0,30.89,10000.0,0.0,65.0,2.95,8.81,221.0,1008.0,0,803,Clouds,broken clouds,04n
2025-07-31 02:39:59,Vinh Long,Vinh Long,26.8,26.8,26.8,94.0,30.54,10000.0,0.0,60.0,2.98,8.89,215.0,1007.0,0,803,Clouds,broken clouds,04n
2025-07-31 02:43:44,Vinh Long,Vinh Long,26.8,26.8,26.8,94.0,30.54,10000.0,0.0,60.0,2.98,8.89,215.0,1007.0,0,803,Clouds,broken clouds,04n
2025-07-31 02:47:30,Vinh Long,Vinh Long,26.8,26.8,26.8,94.0,30.54,10000.0,0.0,60.0,2.98,8.89,215.0,1007.0,0,803,Clouds,broken clouds,04n
2025-07-31 02:51:16,Vinh Long,Vinh Long,26.8,26.8,26.8,94.0,30.54,10000.0,0.0,60.0,2.98,8.89,215.0,1007.0,0,803,Clouds,broken clouds,04n
2025-07-31 02:55:02,Vinh Long,Vinh Long,26.8,26.8,26.8,94.0,30.54,10000.0,0.0,60.0,2.98,8.89,215.0,1007.0,0,803,Clouds,broken clouds,04n
2025-07-31 02:58:47,Vinh Long,Vinh Long,26.8,26.8,26.8,94.0,30.54,10000.0,0.0,60.0,2.98,8.89,215.0,1007.0,0,803,Clouds,broken clouds,04n
2025-07-31 03:02:34,Vinh Long,Vinh Long,26.81,26.81,26.81,95.0,30.67,10000.0,0.0,60.0,2.98,8.89,215.0,1007.0,0,803,Clouds,broken clouds,04n
2025-07-31 03:06:20,Vinh Long,Vinh Long,26.81,26.81,26.81,95.0,30.67,10000.0,0.0,60.0,2.98,8.89,215.0,1007.0,0,803,Clouds,broken clouds,04n
2025-07-31 03:10:05,Vinh Long,Vinh Long,26.81,26.81,26.81,95.0,30.67,10000.0,0.0,60.0,2.98,8.89,215.0,1007.0,0,803,Clouds,broken clouds,04n
2025-07-31 03:13:51,Vinh Long,Vinh Long,26.81,26.81,26.81,95.0,30.67,10000.0,0.0,60.0,2.98,8.89,215.0,1007.0,0,803,Clouds,broken clouds,04n
2025-07-31 03:17:37,Vinh Long,Vinh Long,26.81,26.81,26.81,95.0,30.67,10000.0,0.0,60.0,2.98,8.89,215.0,1007.0,0,803,Clouds,broken clouds,04n
2025-07-31 03:21:22,Vinh Long,Vinh Long,26.81,26.81,26.81,95.0,30.67,10000.0,0.0,60.0,2.98,8.89,215.0,1007.0,0,803,Clouds,broken clouds,04n
2025-07-31 03:25:08,Vinh Long,Vinh Long,26.81,26.81,26.81,95.0,30.67,10000.0,0.0,60.0,2.98,8.89,215.0,1007.0,0,803,Clouds,broken clouds,04n
2025-07-31 03:28:54,Vinh Long,Vinh Long,26.81,26.81,26.81,95.0,30.67,10000.0,0.0,60.0,2.98,8.89,215.0,1007.0,0,803,Clouds,broken clouds,04n
2025-07-31 03:32:40,Vinh Long,Vinh Long,26.81,26.81,26.81,95.0,30.67,10000.0,0.0,60.0,2.98,8.89,215.0,1007.0,0,803,Clouds,broken clouds,04n
2025-07-31 03:36:26,Vinh Long,Vinh Long,26.81,26.81,26.81,93.0,30.48,10000.0,0.0,73.0,3.01,9.13,222.0,1007.0,0,803,Clouds,broken clouds,04n
2025-07-31 03:40:12,Vinh Long,Vinh Long,26.81,26.81,26.81,93.0,30.48,10000.0,0.0,73.0,3.01,9.13,222.0,1007.0,0,803,Clouds,broken clouds,04n
2025-07-31 03:43:58,Vinh Long,Vinh Long,26.81,26.81,26.81,93.0,30.48,10000.0,0.0,73.0,3.01,9.13,222.0,1007.0,0,803,Clouds,broken clouds,04n
2025-07-31 03:47:43,Vinh Long,Vinh Long,26.81,26.81,26.81,93.0,30.48,10000.0,0.0,73.0,3.01,9.13,222.0,1007.0,0,803,Clouds,broken clouds,04n
2025-07-31 03:51:29,Vinh Long,Vinh Long,26.81,26.81,26.81,93.0,30.48,10000.0,0.0,73.0,3.01,9.13,222.0,1007.0,0,803,Clouds,broken clouds,04n
2025-07-31 03:55:15,Vinh Long,Vinh Long,26.8,26.8,26.8,93.0,30.45,10000.0,0.0,73.0,3.01,9.13,222.0,1007.0,0,803,Clouds,broken clouds,04n
2025-07-31 03:59:00,Vinh Long,Vinh Long,26.8,26.8,26.8,93.0,30.45,10000.0,0.0,73.0,3.01,9.13,222.0,1007.0,0,803,Clouds,broken clouds,04n
2025-07-31 04:02:47,Vinh Long,Vinh Long,26.81,26.81,26.81,95.0,30.67,10000.0,0.0,73.0,3.01,9.13,222.0,1008.0,0,803,Clouds,broken clouds,04n
2025-07-31 04:06:33,Vinh Long,Vinh Long,26.81,26.81,26.81,95.0,30.67,10000.0,0.0,73.0,3.01,9.13,222.0,1008.0,0,803,Clouds,broken clouds,04n
2025-07-31 04:10:20,Vinh Long,Vinh Long,26.81,26.81,26.81,95.0,30.67,10000.0,0.0,73.0,3.01,9.13,222.0,1008.0,0,803,Clouds,broken clouds,04n
2025-07-31 04:14:06,Vinh Long,Vinh Long,26.81,26.81,26.81,95.0,30.67,10000.0,0.0,73.0,3.01,9.13,222.0,1008.0,0,803,Clouds,broken clouds,04n
2025-07-31 04:17:52,Vinh Long,Vinh Long,26.81,26.81,26.81,95.0,30.67,10000.0,0.0,73.0,3.01,9.13,222.0,1008.0,0,803,Clouds,broken clouds,04n
2025-07-31 04:21:38,Vinh Long,Vinh Long,26.81,26.81,26.81,95.0,30.67,10000.0,0.0,73.0,3.01,9.13,222.0,1008.0,0,803,Clouds,broken clouds,04n
2025-07-31 04:25:24,Vinh Long,Vinh Long,26.81,26.81,26.81,95.0,30.67,10000.0,0.0,73.0,3.01,9.13,222.0,1008.0,0,803,Clouds,broken clouds,04n
2025-07-31 04:29:10,Vinh Long,Vinh Long,26.81,26.81,26.81,95.0,30.67,10000.0,0.0,73.0,3.01,9.13,222.0,1008.0,0,803,Clouds,broken clouds,04n
2025-07-31 04:32:56,Vinh Long,Vinh Long,26.73,26.73,26.73,93.0,30.24,10000.0,0.0,80.0,2.95,9.26,225.0,1008.0,0,803,Clouds,broken clouds,04n
2025-07-31 04:36:42,Vinh Long,Vinh Long,26.73,26.73,26.73,93.0,30.24,10000.0,0.0,80.0,2.95,9.26,225.0,1008.0,0,803,Clouds,broken clouds,04n
2025-07-31 04:40:28,Vinh Long,Vinh Long,26.73,26.73,26.73,93.0,30.24,10000.0,0.0,80.0,2.95,9.26,225.0,1008.0,0,803,Clouds,broken clouds,04n
2025-07-31 04:44:15,Vinh Long,Vinh Long,26.73,26.73,26.73,93.0,30.24,10000.0,0.0,80.0,2.95,9.26,225.0,1008.0,0,803,Clouds,broken clouds,04n
2025-07-31 04:48:00,Vinh Long,Vinh Long,26.73,26.73,26.73,93.0,30.24,10000.0,0.0,80.0,2.95,9.26,225.0,1008.0,0,803,Clouds,broken clouds,04n
2025-07-31 04:51:46,Vinh Long,Vinh Long,26.74,26.74,26.74,92.0,30.18,10000.0,0.0,80.0,2.95,9.26,225.0,1008.0,0,803,Clouds,broken clouds,04n
2025-07-31 04:55:32,Vinh Long,Vinh Long,26.74,26.74,26.74,92.0,30.18,10000.0,0.0,80.0,2.95,9.26,225.0,1008.0,0,803,Clouds,broken clouds,04n
2025-07-31 04:59:17,Vinh Long,Vinh Long,26.74,26.74,26.74,92.0,30.18,10000.0,0.0,80.0,2.95,9.26,225.0,1008.0,0,803,Clouds,broken clouds,04n
2025-07-31 05:03:04,Vinh Long,Vinh Long,26.76,26.76,26.76,94.0,30.42,10000.0,0.0,80.0,2.95,9.26,225.0,1008.0,0,803,Clouds,broken clouds,04n
2025-07-31 05:06:49,Vinh Long,Vinh Long,26.76,26.76,26.76,94.0,30.42,10000.0,0.0,80.0,2.95,9.26,225.0,1008.0,0,803,Clouds,broken clouds,04n
2025-07-31 05:10:35,Vinh Long,Vinh Long,26.76,26.76,26.76,94.0,30.42,10000.0,0.0,80.0,2.95,9.26,225.0,1008.0,0,803,Clouds,broken clouds,04n
2025-07-31 05:14:21,Vinh Long,Vinh Long,26.76,26.76,26.76,94.0,30.42,10000.0,0.0,80.0,2.95,9.26,225.0,1008.0,0,803,Clouds,broken clouds,04n
2025-07-31 05:18:08,Vinh Long,Vinh Long,26.76,26.76,26.76,94.0,30.42,10000.0,0.0,80.0,2.95,9.26,225.0,1008.0,0,803,Clouds,broken clouds,04n
2025-07-31 05:21:54,Vinh Long,Vinh Long,26.76,26.76,26.76,94.0,30.42,10000.0,0.0,80.0,2.95,9.26,225.0,1008.0,0,803,Clouds,broken clouds,04n
2025-07-31 05:25:39,Vinh Long,Vinh Long,26.76,26.76,26.76,94.0,30.42,10000.0,0.0,80.0,2.95,9.26,225.0,1008.0,0,803,Clouds,broken clouds,04n
2025-07-31 05:29:25,Vinh Long,Vinh Long,26.76,26.76,26.76,94.0,30.42,10000.0,0.0,80.0,2.95,9.26,225.0,1008.0,0,803,Clouds,broken clouds,04n
2025-07-31 05:33:10,Vinh Long,Vinh Long,26.76,26.76,26.76,94.0,30.42,10000.0,0.0,80.0,2.95,9.26,225.0,1008.0,0,803,Clouds,broken clouds,04n
2025-07-31 05:36:56,Vinh Long,Vinh Long,26.65,26.65,26.65,92.0,26.65,10000.0,0.0,84.0,3.06,9.62,230.0,1008.0,0,803,Clouds,broken clouds,04n
2025-07-31 05:40:42,Vinh Long,Vinh Long,26.65,26.65,26.65,92.0,26.65,10000.0,0.0,84.0,3.06,9.62,230.0,1008.0,0,803,Clouds,broken clouds,04n
2025-07-31 05:44:28,Vinh Long,Vinh Long,26.65,26.65,26.65,92.0,26.65,10000.0,0.0,84.0,3.06,9.62,230.0,1008.0,0,803,Clouds,broken clouds,04n
2025-07-31 05:48:14,Vinh Long,Vinh Long,26.65,26.65,26.65,92.0,26.65,10000.0,0.0,84.0,3.06,9.62,230.0,1008.0,1,803,Clouds,broken clouds,04d
2025-07-31 05:51:59,Vinh Long,Vinh Long,26.65,26.65,26.65,92.0,26.65,10000.0,0.0,84.0,3.06,9.62,230.0,1008.0,1,803,Clouds,broken clouds,04d
2025-07-31 05:55:45,Vinh Long,Vinh Long,26.65,26.65,26.65,92.0,26.65,10000.0,0.0,84.0,3.06,9.62,230.0,1008.0,1,803,Clouds,broken clouds,04d
2025-07-31 05:59:32,Vinh Long,Vinh Long,26.65,26.65,26.65,92.0,26.65,10000.0,0.0,84.0,3.06,9.62,230.0,1008.0,1,803,Clouds,broken clouds,04d
2025-07-31 06:03:18,Vinh Long,Vinh Long,26.65,26.65,26.65,92.0,26.65,10000.0,0.0,84.0,3.06,9.62,230.0,1008.0,1,803,Clouds,broken clouds,04d
2025-07-31 06:07:03,Vinh Long,Vinh Long,26.65,26.65,26.65,92.0,26.65,10000.0,0.0,84.0,3.06,9.62,230.0,1008.0,1,803,Clouds,broken clouds,04d
2025-07-31 06:10:50,Vinh Long,Vinh Long,26.68,26.68,26.68,94.0,30.18,10000.0,0.0,84.0,3.06,9.62,230.0,1008.0,1,803,Clouds,broken clouds,04d
2025-07-31 06:14:36,Vinh Long,Vinh Long,26.68,26.68,26.68,94.0,30.18,10000.0,0.0,84.0,3.06,9.62,230.0,1008.0,1,803,Clouds,broken clouds,04d
2025-07-31 06:18:22,Vinh Long,Vinh Long,26.68,26.68,26.68,94.0,30.18,10000.0,0.0,84.0,3.06,9.62,230.0,1008.0,1,803,Clouds,broken clouds,04d
2025-07-31 06:22:08,Vinh Long,Vinh Long,26.69,26.69,26.69,94.0,30.21,10000.0,0.0,84.0,3.06,9.62,230.0,1008.0,1,803,Clouds,broken clouds,04d
2025-07-31 06:25:53,Vinh Long,Vinh Long,26.69,26.69,26.69,94.0,30.21,10000.0,0.0,84.0,3.06,9.62,230.0,1008.0,1,803,Clouds,broken clouds,04d
2025-07-31 06:29:38,Vinh Long,Vinh Long,26.69,26.69,26.69,94.0,30.21,10000.0,0.0,84.0,3.06,9.62,230.0,1008.0,1,803,Clouds,broken clouds,04d
2025-07-31 06:33:25,Vinh Long,Vinh Long,27.34,27.34,27.34,89.0,31.6,10000.0,0.0,86.0,3.74,9.49,231.0,1008.0,1,804,Clouds,overcast clouds,04d
2025-07-31 06:37:11,Vinh Long,Vinh Long,27.39,27.39,27.39,88.0,31.61,10000.0,0.0,86.0,3.74,9.49,231.0,1008.0,1,804,Clouds,overcast clouds,04d
2025-07-31 06:40:57,Vinh Long,Vinh Long,27.34,27.34,27.34,89.0,31.6,10000.0,0.0,86.0,3.74,9.49,231.0,1008.0,1,804,Clouds,overcast clouds,04d
2025-07-31 06:44:42,Vinh Long,Vinh Long,27.34,27.34,27.34,89.0,31.6,10000.0,0.0,86.0,3.74,9.49,231.0,1008.0,1,804,Clouds,overcast clouds,04d
2025-07-31 06:48:29,Vinh Long,Vinh Long,27.41,27.41,27.41,88.0,31.67,10000.0,0.0,86.0,3.74,9.49,231.0,1008.0,1,804,Clouds,overcast clouds,04d
2025-07-31 06:52:15,Vinh Long,Vinh Long,27.41,27.41,27.41,88.0,31.67,10000.0,0.0,86.0,3.74,9.49,231.0,1008.0,1,804,Clouds,overcast clouds,04d
2025-07-31 06:56:01,Vinh Long,Vinh Long,27.41,27.41,27.41,88.0,31.67,10000.0,0.0,86.0,3.74,9.49,231.0,1008.0,1,804,Clouds,overcast clouds,04d
2025-07-31 06:59:46,Vinh Long,Vinh Long,27.41,27.41,27.41,88.0,31.67,10000.0,0.0,86.0,3.74,9.49,231.0,1008.0,1,804,Clouds,overcast clouds,04d
2025-07-31 07:03:33,Vinh Long,Vinh Long,27.43,27.43,27.43,91.0,32.13,10000.0,0.0,86.0,3.74,9.49,231.0,1008.0,1,804,Clouds,overcast clouds,04d
2025-07-31 07:07:19,Vinh Long,Vinh Long,27.43,27.43,27.43,91.0,32.13,10000.0,0.0,86.0,3.74,9.49,231.0,1008.0,1,804,Clouds,overcast clouds,04d
2025-07-31 07:11:05,Vinh Long,Vinh Long,27.43,27.43,27.43,91.0,32.13,10000.0,0.0,86.0,3.74,9.49,231.0,1008.0,1,804,Clouds,overcast clouds,04d
2025-07-31 07:14:51,Vinh Long,Vinh Long,27.43,27.43,27.43,91.0,32.13,10000.0,0.0,86.0,3.74,9.49,231.0,1008.0,1,804,Clouds,overcast clouds,04d
2025-07-31 07:18:37,Vinh Long,Vinh Long,27.43,27.43,27.43,91.0,32.13,10000.0,0.0,86.0,3.74,9.49,231.0,1008.0,1,804,Clouds,overcast clouds,04d
2025-07-31 07:22:24,Vinh Long,Vinh Long,27.43,27.43,27.43,91.0,32.13,10000.0,0.0,86.0,3.74,9.49,231.0,1008.0,1,804,Clouds,overcast clouds,04d
2025-07-31 07:26:11,Vinh Long,Vinh Long,27.43,27.43,27.43,91.0,32.13,10000.0,0.0,86.0,3.74,9.49,231.0,1008.0,1,804,Clouds,overcast clouds,04d
2025-07-31 07:29:57,Vinh Long,Vinh Long,27.43,27.43,27.43,91.0,32.13,10000.0,0.0,86.0,3.74,9.49,231.0,1008.0,1,804,Clouds,overcast clouds,04d
2025-07-31 07:33:43,Vinh Long,Vinh Long,29.0,29.0,29.0,81.0,34.96,10000.0,0.0,100.0,4.95,8.89,245.0,1009.0,1,804,Clouds,overcast clouds,04d
2025-07-31 07:37:29,Vinh Long,Vinh Long,29.0,29.0,29.0,81.0,34.96,10000.0,0.0,100.0,4.95,8.89,245.0,1009.0,1,804,Clouds,overcast clouds,04d
2025-07-31 07:41:15,Vinh Long,Vinh Long,29.0,29.0,29.0,81.0,34.96,10000.0,0.0,100.0,4.95,8.89,245.0,1009.0,1,804,Clouds,overcast clouds,04d
2025-07-31 07:45:02,Vinh Long,Vinh Long,29.0,29.0,29.0,81.0,34.96,10000.0,0.0,100.0,4.95,8.89,245.0,1009.0,1,804,Clouds,overcast clouds,04d
2025-07-31 07:48:47,Vinh Long,Vinh Long,29.0,29.0,29.0,81.0,34.96,10000.0,0.0,100.0,4.95,8.89,245.0,1009.0,1,804,Clouds,overcast clouds,04d
2025-07-31 07:52:33,Vinh Long,Vinh Long,29.0,29.0,29.0,81.0,34.96,10000.0,0.0,100.0,4.95,8.89,245.0,1009.0,1,804,Clouds,overcast clouds,04d
2025-07-31 07:56:19,Vinh Long,Vinh Long,29.02,29.02,29.02,78.0,34.37,10000.0,0.0,100.0,4.95,8.89,245.0,1009.0,1,804,Clouds,overcast clouds,04d
2025-07-31 08:00:05,Vinh Long,Vinh Long,29.02,29.02,29.02,78.0,34.37,10000.0,0.0,100.0,4.95,8.89,245.0,1009.0,1,804,Clouds,overcast clouds,04d
2025-07-31 08:03:51,Vinh Long,Vinh Long,28.99,28.99,28.99,83.0,35.38,10000.0,0.0,100.0,4.95,8.89,245.0,1009.0,1,804,Clouds,overcast clouds,04d
2025-07-31 08:07:37,Vinh Long,Vinh Long,28.99,28.99,28.99,83.0,35.38,10000.0,0.0,100.0,4.95,8.89,245.0,1009.0,1,804,Clouds,overcast clouds,04d
2025-07-31 08:11:23,Vinh Long,Vinh Long,28.99,28.99,28.99,83.0,35.38,10000.0,0.0,100.0,4.95,8.89,245.0,1009.0,1,804,Clouds,overcast clouds,04d
2025-07-31 08:15:09,Vinh Long,Vinh Long,28.99,28.99,28.99,83.0,35.38,10000.0,0.0,100.0,4.95,8.89,245.0,1009.0,1,804,Clouds,overcast clouds,04d
2025-07-31 08:18:55,Vinh Long,Vinh Long,29.04,29.04,29.04,83.0,35.53,10000.0,0.0,100.0,4.95,8.89,245.0,1009.0,1,804,Clouds,overcast clouds,04d
2025-07-31 08:22:41,Vinh Long,Vinh Long,29.04,29.04,29.04,83.0,35.53,10000.0,0.0,100.0,4.95,8.89,245.0,1009.0,1,804,Clouds,overcast clouds,04d
2025-07-31 08:26:27,Vinh Long,Vinh Long,29.04,29.04,29.04,83.0,35.53,10000.0,0.0,100.0,4.95,8.89,245.0,1009.0,1,804,Clouds,overcast clouds,04d
2025-07-31 08:30:13,Vinh Long,Vinh Long,30.48,30.48,30.48,73.0,37.07,10000.0,0.0,62.0,5.36,7.96,250.0,1009.0,1,803,Clouds,broken clouds,04d
2025-07-31 08:33:58,Vinh Long,Vinh Long,29.04,29.04,29.04,83.0,35.53,10000.0,0.0,100.0,4.95,8.89,245.0,1009.0,1,804,Clouds,overcast clouds,04d
2025-07-31 08:37:44,Vinh Long,Vinh Long,30.6,30.6,30.6,72.0,37.11,10000.0,0.0,62.0,5.36,7.96,250.0,1009.0,1,803,Clouds,broken clouds,04d
2025-07-31 08:41:30,Vinh Long,Vinh Long,30.6,30.6,30.6,72.0,37.11,10000.0,0.0,62.0,5.36,7.96,250.0,1009.0,1,803,Clouds,broken clouds,04d
2025-07-31 08:45:16,Vinh Long,Vinh Long,30.6,30.6,30.6,72.0,37.11,10000.0,0.0,62.0,5.36,7.96,250.0,1009.0,1,803,Clouds,broken clouds,04d
2025-07-31 08:49:02,Vinh Long,Vinh Long,30.63,30.63,30.63,72.0,37.19,10000.0,0.0,62.0,5.36,7.96,250.0,1009.0,1,803,Clouds,broken clouds,04d
2025-07-31 08:52:48,Vinh Long,Vinh Long,30.63,30.63,30.63,72.0,37.19,10000.0,0.0,62.0,5.36,7.96,250.0,1009.0,1,803,Clouds,broken clouds,04d
2025-07-31 08:56:34,Vinh Long,Vinh Long,30.63,30.63,30.63,72.0,37.19,10000.0,0.0,62.0,5.36,7.96,250.0,1009.0,1,803,Clouds,broken clouds,04d
2025-07-31 09:00:19,Vinh Long,Vinh Long,30.63,30.63,30.63,72.0,37.19,10000.0,0.0,62.0,5.36,7.96,250.0,1009.0,1,803,Clouds,broken clouds,04d
2025-07-31 09:04:06,Vinh Long,Vinh Long,30.77,30.77,30.77,77.0,37.77,10000.0,0.0,62.0,5.36,7.96,250.0,1009.0,1,803,Clouds,broken clouds,04d
2025-07-31 09:07:51,Vinh Long,Vinh Long,30.77,30.77,30.77,77.0,37.77,10000.0,0.0,62.0,5.36,7.96,250.0,1009.0,1,803,Clouds,broken clouds,04d
2025-07-31 09:11:37,Vinh Long,Vinh Long,30.77,30.77,30.77,77.0,37.77,10000.0,0.0,62.0,5.36,7.96,250.0,1009.0,1,803,Clouds,broken clouds,04d
2025-07-31 09:15:23,Vinh Long,Vinh Long,30.77,30.77,30.77,77.0,37.77,10000.0,0.0,62.0,5.36,7.96,250.0,1009.0,1,803,Clouds,broken clouds,04d
2025-07-31 09:19:08,Vinh Long,Vinh Long,30.77,30.77,30.77,77.0,37.77,10000.0,0.0,62.0,5.36,7.96,250.0,1009.0,1,803,Clouds,broken clouds,04d
2025-07-31 09:22:55,Vinh Long,Vinh Long,30.74,30.74,30.74,77.0,37.74,10000.0,0.0,62.0,5.36,7.96,250.0,1009.0,1,803,Clouds,broken clouds,04d
2025-07-31 09:26:41,Vinh Long,Vinh Long,30.74,30.74,30.74,77.0,37.74,10000.0,0.0,62.0,5.36,7.96,250.0,1009.0,1,803,Clouds,broken clouds,04d
2025-07-31 09:30:27,Vinh Long,Vinh Long,31.77,31.77,31.77,67.0,38.72,10000.0,0.13,62.0,5.9,9.1,250.0,1008.0,1,500,Rain,light rain,10d
2025-07-31 09:34:12,Vinh Long,Vinh Long,30.74,30.74,30.74,77.0,37.74,10000.0,0.0,62.0,5.36,7.96,250.0,1009.0,1,803,Clouds,broken clouds,04d
2025-07-31 09:37:58,Vinh Long,Vinh Long,31.93,31.93,31.93,66.0,38.81,10000.0,3.35,62.0,5.9,9.1,250.0,1008.0,1,501,Rain,moderate rain,10d
2025-07-31 09:41:44,Vinh Long,Vinh Long,31.93,31.93,31.93,66.0,38.81,10000.0,2.35,62.0,5.9,9.1,250.0,1008.0,1,501,Rain,moderate rain,10d
2025-07-31 09:45:30,Vinh Long,Vinh Long,31.93,31.93,31.93,66.0,38.81,10000.0,3.45,62.0,5.9,9.1,250.0,1008.0,1,501,Rain,moderate rain,10d
2025-07-31 09:49:16,Vinh Long,Vinh Long,31.58,31.58,31.58,71.0,38.58,10000.0,1.28,62.0,5.9,9.1,250.0,1009.0,1,501,Rain,moderate rain,10d
2025-07-31 09:53:02,Vinh Long,Vinh Long,31.58,31.58,31.58,71.0,38.58,10000.0,1.28,62.0,5.9,9.1,250.0,1009.0,1,501,Rain,moderate rain,10d
2025-07-31 09:56:48,Vinh Long,Vinh Long,31.58,31.58,31.58,71.0,38.58,10000.0,0.23,62.0,5.9,9.1,250.0,1009.0,1,500,Rain,light rain,10d
2025-07-31 10:00:34,Vinh Long,Vinh Long,31.58,31.58,31.58,71.0,38.58,10000.0,0.51,62.0,5.9,9.1,250.0,1009.0,1,500,Rain,light rain,10d
2025-07-31 10:04:20,Vinh Long,Vinh Long,31.58,31.58,31.58,71.0,38.58,10000.0,0.23,62.0,5.9,9.1,250.0,1009.0,1,500,Rain,light rain,10d
2025-07-31 10:08:06,Vinh Long,Vinh Long,31.48,31.48,31.48,79.0,38.48,10000.0,0.0,62.0,5.9,9.1,250.0,1009.0,1,803,Clouds,broken clouds,04d
2025-07-31 10:11:52,Vinh Long,Vinh Long,31.48,31.48,31.48,79.0,38.48,10000.0,0.0,62.0,5.9,9.1,250.0,1009.0,1,803,Clouds,broken clouds,04d
2025-07-31 10:15:38,Vinh Long,Vinh Long,31.48,31.48,31.48,79.0,38.48,10000.0,0.0,62.0,5.9,9.1,250.0,1009.0,1,803,Clouds,broken clouds,04d
2025-07-31 10:19:23,Vinh Long,Vinh Long,31.48,31.48,31.48,79.0,38.48,10000.0,0.0,62.0,5.9,9.1,250.0,1009.0,1,803,Clouds,broken clouds,04d
2025-07-31 10:23:09,Vinh Long,Vinh Long,31.45,31.45,31.45,79.0,38.45,10000.0,0.0,62.0,5.9,9.1,250.0,1009.0,1,803,Clouds,broken clouds,04d
2025-07-31 10:26:55,Vinh Long,Vinh Long,31.45,31.45,31.45,79.0,38.45,10000.0,0.0,62.0,5.9,9.1,250.0,1009.0,1,803,Clouds,broken clouds,04d
2025-07-31 10:30:40,Vinh Long,Vinh Long,31.45,31.45,31.45,79.0,38.45,10000.0,0.0,62.0,5.9,9.1,250.0,1009.0,1,803,Clouds,broken clouds,04d
2025-07-31 10:34:26,Vinh Long,Vinh Long,32.54,32.54,32.54,68.0,39.54,10000.0,0.0,72.0,6.23,8.87,252.0,1008.0,1,803,Clouds,broken clouds,04d
2025-07-31 10:38:12,Vinh Long,Vinh Long,32.54,32.54,32.54,68.0,39.54,10000.0,0.0,72.0,6.23,8.87,252.0,1008.0,1,803,Clouds,broken clouds,04d
2025-07-31 10:41:58,Vinh Long,Vinh Long,32.54,32.54,32.54,68.0,39.54,10000.0,0.0,72.0,6.23,8.87,252.0,1008.0,1,803,Clouds,broken clouds,04d
2025-07-31 10:45:44,Vinh Long,Vinh Long,32.54,32.54,32.54,68.0,39.54,10000.0,0.0,72.0,6.23,8.87,252.0,1008.0,1,803,Clouds,broken clouds,04d
2025-07-31 10:49:35,Vinh Long,Vinh Long,32.54,32.54,32.54,68.0,39.54,10000.0,0.0,72.0,6.23,8.87,252.0,1008.0,1,803,Clouds,broken clouds,04d
2025-07-31 10:53:26,Vinh Long,Vinh Long,32.54,32.54,32.54,68.0,39.54,10000.0,0.0,72.0,6.23,8.87,252.0,1008.0,1,803,Clouds,broken clouds,04d
2025-07-31 10:57:16,Vinh Long,Vinh Long,32.18,32.18,32.18,67.0,39.18,10000.0,0.0,72.0,6.23,8.87,252.0,1008.0,1,803,Clouds,broken clouds,04d
2025-07-31 11:01:07,Vinh Long,Vinh Long,32.18,32.18,32.18,67.0,39.18,10000.0,0.0,72.0,6.23,8.87,252.0,1008.0,1,803,Clouds,broken clouds,04d
2025-07-31 11:04:57,Vinh Long,Vinh Long,32.06,32.06,32.06,77.0,39.06,10000.0,0.0,72.0,6.23,8.87,252.0,1009.0,1,803,Clouds,broken clouds,04d
2025-07-31 11:08:48,Vinh Long,Vinh Long,32.06,32.06,32.06,77.0,39.06,10000.0,0.0,72.0,6.23,8.87,252.0,1009.0,1,803,Clouds,broken clouds,04d
2025-07-31 11:12:38,Vinh Long,Vinh Long,32.06,32.06,32.06,77.0,39.06,10000.0,0.0,72.0,6.23,8.87,252.0,1009.0,1,803,Clouds,broken clouds,04d
2025-07-31 11:16:28,Vinh Long,Vinh Long,32.06,32.06,32.06,77.0,39.06,10000.0,0.0,72.0,6.23,8.87,252.0,1009.0,1,803,Clouds,broken clouds,04d
2025-07-31 11:20:19,Vinh Long,Vinh Long,32.06,32.06,32.06,77.0,39.06,10000.0,0.0,72.0,6.23,8.87,252.0,1009.0,1,803,Clouds,broken clouds,04d
2025-07-31 11:24:09,Vinh Long,Vinh Long,32.13,32.13,32.13,77.0,39.13,10000.0,0.1,72.0,6.23,8.87,252.0,1009.0,1,500,Rain,light rain,10d
2025-07-31 11:28:00,Vinh Long,Vinh Long,32.13,32.13,32.13,77.0,39.13,10000.0,0.0,72.0,6.23,8.87,252.0,1009.0,1,803,Clouds,broken clouds,04d
2025-07-31 11:31:50,Vinh Long,Vinh Long,32.13,32.13,32.13,77.0,39.13,10000.0,0.0,72.0,6.23,8.87,252.0,1009.0,1,803,Clouds,broken clouds,04d
2025-07-31 11:35:40,Vinh Long,Vinh Long,32.1,32.1,32.1,52.0,35.05,10000.0,0.0,77.0,7.06,9.38,258.0,1008.0,1,803,Clouds,broken clouds,04d
2025-07-31 11:39:31,Vinh Long,Vinh Long,32.1,32.1,32.1,52.0,35.05,10000.0,0.0,77.0,7.06,9.38,258.0,1008.0,1,803,Clouds,broken clouds,04d
2025-07-31 11:43:21,Vinh Long,Vinh Long,32.1,32.1,32.1,52.0,35.05,10000.0,0.0,77.0,7.06,9.38,258.0,1008.0,1,803,Clouds,broken clouds,04d
2025-07-31 11:47:12,Vinh Long,Vinh Long,32.17,32.17,32.17,65.0,39.11,10000.0,0.0,77.0,7.06,9.38,258.0,1008.0,1,803,Clouds,broken clouds,04d
2025-07-31 11:51:03,Vinh Long,Vinh Long,32.17,32.17,32.17,65.0,39.11,10000.0,0.0,77.0,7.06,9.38,258.0,1008.0,1,803,Clouds,broken clouds,04d
2025-07-31 11:54:53,Vinh Long,Vinh Long,32.17,32.17,32.17,65.0,39.11,10000.0,0.0,77.0,7.06,9.38,258.0,1008.0,1,803,Clouds,broken clouds,04d
2025-07-31 11:58:43,Vinh Long,Vinh Long,32.17,32.17,32.17,65.0,39.11,10000.0,0.0,77.0,7.06,9.38,258.0,1008.0,1,803,Clouds,broken clouds,04d
2025-07-31 12:02:34,Vinh Long,Vinh Long,32.17,32.17,32.17,65.0,39.11,10000.0,0.0,77.0,7.06,9.38,258.0,1008.0,1,803,Clouds,broken clouds,04d
2025-07-31 12:06:27,Vinh Long,Vinh Long,32.05,32.05,32.05,74.0,39.05,10000.0,0.0,77.0,7.06,9.38,258.0,1008.0,1,803,Clouds,broken clouds,04d
2025-07-31 12:10:18,Vinh Long,Vinh Long,32.05,32.05,32.05,74.0,39.05,10000.0,0.0,77.0,7.06,9.38,258.0,1008.0,1,803,Clouds,broken clouds,04d
2025-07-31 12:14:09,Vinh Long,Vinh Long,32.05,32.05,32.05,74.0,39.05,10000.0,0.0,77.0,7.06,9.38,258.0,1008.0,1,803,Clouds,broken clouds,04d
2025-07-31 12:17:59,Vinh Long,Vinh Long,32.06,32.06,32.06,74.0,39.06,10000.0,0.0,77.0,7.06,9.38,258.0,1008.0,1,803,Clouds,broken clouds,04d
2025-07-31 12:21:49,Vinh Long,Vinh Long,32.06,32.06,32.06,74.0,39.06,10000.0,0.0,77.0,7.06,9.38,258.0,1008.0,1,803,Clouds,broken clouds,04d
2025-07-31 12:25:40,Vinh Long,Vinh Long,32.06,32.06,32.06,74.0,39.06,10000.0,0.0,77.0,7.06,9.38,258.0,1008.0,1,803,Clouds,broken clouds,04d
2025-07-31 12:29:30,Vinh Long,Vinh Long,32.06,32.06,32.06,74.0,39.06,10000.0,0.0,77.0,7.06,9.38,258.0,1008.0,1,803,Clouds,broken clouds,04d
2025-07-31 12:33:23,Vinh Long,Vinh Long,32.21,32.21,32.21,64.0,38.88,10000.0,0.0,81.0,7.14,9.3,259.0,1007.0,1,803,Clouds,broken clouds,04d
2025-07-31 12:37:13,Vinh Long,Vinh Long,32.21,32.21,32.21,64.0,38.88,10000.0,0.0,81.0,7.14,9.3,259.0,1007.0,1,803,Clouds,broken clouds,04d
2025-07-31 12:41:04,Vinh Long,Vinh Long,32.21,32.21,32.21,64.0,38.88,10000.0,0.0,81.0,7.14,9.3,259.0,1007.0,1,803,Clouds,broken clouds,04d
2025-07-31 12:44:54,Vinh Long,Vinh Long,32.21,32.21,32.21,64.0,38.88,10000.0,0.0,81.0,7.14,9.3,259.0,1007.0,1,803,Clouds,broken clouds,04d
2025-07-31 12:48:46,Vinh Long,Vinh Long,32.2,32.2,32.2,64.0,38.85,10000.0,0.0,81.0,7.14,9.3,259.0,1007.0,1,803,Clouds,broken clouds,04d
2025-07-31 12:52:37,Vinh Long,Vinh Long,32.2,32.2,32.2,64.0,38.85,10000.0,0.0,81.0,7.14,9.3,259.0,1007.0,1,803,Clouds,broken clouds,04d
2025-07-31 12:56:27,Vinh Long,Vinh Long,32.2,32.2,32.2,64.0,38.85,10000.0,0.0,81.0,7.14,9.3,259.0,1007.0,1,803,Clouds,broken clouds,04d
2025-07-31 13:00:19,Vinh Long,Vinh Long,32.2,32.2,32.2,64.0,38.85,10000.0,0.0,61.0,7.11,9.27,260.0,1007.0,1,803,Clouds,broken clouds,04d
2025-07-31 13:04:12,Vinh Long,Vinh Long,32.2,32.2,32.2,64.0,38.85,10000.0,0.0,61.0,7.11,9.27,260.0,1007.0,1,803,Clouds,broken clouds,04d
2025-07-31 13:08:04,Vinh Long,Vinh Long,32.2,32.2,32.2,64.0,38.85,10000.0,0.0,61.0,7.11,9.27,260.0,1007.0,1,803,Clouds,broken clouds,04d
2025-07-31 13:11:56,Vinh Long,Vinh Long,32.2,32.2,32.2,64.0,38.85,10000.0,0.0,61.0,7.11,9.27,260.0,1007.0,1,803,Clouds,broken clouds,04d
2025-07-31 13:15:46,Vinh Long,Vinh Long,32.2,32.2,32.2,64.0,38.85,10000.0,0.0,61.0,7.11,9.27,260.0,1007.0,1,803,Clouds,broken clouds,04d
2025-07-31 13:19:36,Vinh Long,Vinh Long,32.2,32.2,32.2,64.0,38.85,10000.0,0.0,61.0,7.11,9.27,260.0,1007.0,1,803,Clouds,broken clouds,04d
2025-07-31 13:23:26,Vinh Long,Vinh Long,32.2,32.2,32.2,64.0,38.85,10000.0,0.0,61.0,7.11,9.27,260.0,1007.0,1,803,Clouds,broken clouds,04d
2025-07-31 13:27:16,Vinh Long,Vinh Long,32.2,32.2,32.2,64.0,38.85,10000.0,0.0,61.0,7.11,9.27,260.0,1007.0,1,803,Clouds,broken clouds,04d
2025-07-31 13:31:07,Vinh Long,Vinh Long,32.98,32.98,32.98,59.0,39.11,10000.0,0.0,100.0,7.74,9.9,261.0,1006.0,1,804,Clouds,overcast clouds,04d
2025-07-31 13:34:58,Vinh Long,Vinh Long,32.98,32.98,32.98,59.0,39.11,10000.0,0.0,100.0,7.74,9.9,261.0,1006.0,1,804,Clouds,overcast clouds,04d
2025-07-31 13:38:48,Vinh Long,Vinh Long,32.98,32.98,32.98,59.0,39.11,10000.0,0.0,100.0,7.74,9.9,261.0,1006.0,1,804,Clouds,overcast clouds,04d
2025-07-31 13:42:38,Vinh Long,Vinh Long,33.14,33.14,33.14,60.0,39.88,10000.0,0.0,100.0,7.74,9.9,261.0,1006.0,1,804,Clouds,overcast clouds,04d
2025-07-31 13:46:30,Vinh Long,Vinh Long,33.35,33.35,33.35,58.0,39.68,10000.0,0.0,100.0,7.74,9.9,261.0,1006.0,1,804,Clouds,overcast clouds,04d
2025-07-31 13:50:20,Vinh Long,Vinh Long,33.35,33.35,33.35,58.0,39.68,10000.0,0.0,100.0,7.74,9.9,261.0,1006.0,1,804,Clouds,overcast clouds,04d
2025-07-31 13:54:11,Vinh Long,Vinh Long,33.35,33.35,33.35,58.0,39.68,10000.0,0.0,100.0,7.74,9.9,261.0,1006.0,1,804,Clouds,overcast clouds,04d
2025-07-31 13:58:01,Vinh Long,Vinh Long,33.35,33.35,33.35,58.0,39.68,10000.0,0.0,100.0,7.74,9.9,261.0,1006.0,1,804,Clouds,overcast clouds,04d
2025-07-31 14:01:51,Vinh Long,Vinh Long,33.35,33.35,33.35,58.0,39.68,10000.0,0.0,100.0,7.74,9.9,261.0,1006.0,1,804,Clouds,overcast clouds,04d
2025-07-31 14:05:43,Vinh Long,Vinh Long,33.35,33.35,33.35,58.0,39.68,10000.0,0.0,100.0,7.74,9.9,261.0,1006.0,1,804,Clouds,overcast clouds,04d
2025-07-31 14:09:33,Vinh Long,Vinh Long,33.27,33.27,33.27,65.0,40.27,10000.0,0.0,100.0,7.74,9.9,261.0,1006.0,1,804,Clouds,overcast clouds,04d
2025-07-31 14:13:23,Vinh Long,Vinh Long,33.27,33.27,33.27,65.0,40.27,10000.0,0.0,100.0,7.74,9.9,261.0,1006.0,1,804,Clouds,overcast clouds,04d
2025-07-31 14:17:14,Vinh Long,Vinh Long,33.28,33.28,33.28,65.0,40.28,10000.0,0.0,100.0,7.74,9.9,261.0,1006.0,1,804,Clouds,overcast clouds,04d
2025-07-31 14:21:04,Vinh Long,Vinh Long,33.27,33.27,33.27,65.0,40.27,10000.0,0.0,100.0,7.74,9.9,261.0,1006.0,1,804,Clouds,overcast clouds,04d
2025-07-31 14:24:53,Vinh Long,Vinh Long,33.28,33.28,33.28,65.0,40.28,10000.0,0.0,100.0,7.74,9.9,261.0,1006.0,1,804,Clouds,overcast clouds,04d
2025-07-31 14:28:43,Vinh Long,Vinh Long,33.28,33.28,33.28,65.0,40.28,10000.0,0.0,100.0,7.74,9.9,261.0,1006.0,1,804,Clouds,overcast clouds,04d
2025-07-31 14:32:33,Vinh Long,Vinh Long,33.28,33.28,33.28,65.0,40.28,10000.0,0.0,100.0,7.74,9.9,261.0,1006.0,1,804,Clouds,overcast clouds,04d
2025-07-31 14:36:23,Vinh Long,Vinh Long,32.75,32.75,32.75,57.0,37.88,10000.0,0.0,100.0,7.46,9.45,257.0,1006.0,1,804,Clouds,overcast clouds,04d
2025-07-31 14:40:14,Vinh Long,Vinh Long,32.75,32.75,32.75,57.0,37.88,10000.0,0.0,100.0,7.46,9.45,257.0,1006.0,1,804,Clouds,overcast clouds,04d
2025-07-31 14:44:04,Vinh Long,Vinh Long,32.75,32.75,32.75,57.0,37.88,10000.0,0.0,100.0,7.46,9.45,257.0,1006.0,1,804,Clouds,overcast clouds,04d
2025-07-31 14:47:54,Vinh Long,Vinh Long,32.76,32.76,32.76,57.0,37.91,10000.0,0.0,100.0,7.46,9.45,257.0,1005.0,1,804,Clouds,overcast clouds,04d
2025-07-31 14:51:45,Vinh Long,Vinh Long,32.76,32.76,32.76,57.0,37.91,10000.0,0.0,100.0,7.46,9.45,257.0,1005.0,1,804,Clouds,overcast clouds,04d
2025-07-31 14:55:35,Vinh Long,Vinh Long,32.76,32.76,32.76,57.0,37.91,10000.0,0.0,100.0,7.46,9.45,257.0,1005.0,1,804,Clouds,overcast clouds,04d
2025-07-31 14:59:25,Vinh Long,Vinh Long,32.76,32.76,32.76,57.0,37.91,10000.0,0.0,100.0,7.46,9.45,257.0,1005.0,1,804,Clouds,overcast clouds,04d
2025-07-31 15:03:16,Vinh Long,Vinh Long,32.78,32.78,32.78,62.0,39.67,10000.0,0.0,100.0,7.46,9.45,257.0,1006.0,1,804,Clouds,overcast clouds,04d
2025-07-31 15:07:06,Vinh Long,Vinh Long,32.78,32.78,32.78,62.0,39.67,10000.0,0.0,100.0,7.46,9.45,257.0,1006.0,1,804,Clouds,overcast clouds,04d
2025-07-31 15:10:59,Vinh Long,Vinh Long,32.78,32.78,32.78,62.0,39.67,10000.0,0.0,100.0,7.46,9.45,257.0,1006.0,1,804,Clouds,overcast clouds,04d
2025-07-31 15:14:52,Vinh Long,Vinh Long,32.78,32.78,32.78,62.0,39.67,10000.0,0.0,100.0,7.46,9.45,257.0,1006.0,1,804,Clouds,overcast clouds,04d
2025-07-31 15:18:42,Vinh Long,Vinh Long,32.78,32.78,32.78,62.0,39.67,10000.0,0.0,100.0,7.46,9.45,257.0,1006.0,1,804,Clouds,overcast clouds,04d
2025-07-31 15:22:34,Vinh Long,Vinh Long,32.79,32.79,32.79,62.0,39.69,10000.0,0.0,100.0,7.46,9.45,257.0,1006.0,1,804,Clouds,overcast clouds,04d
2025-07-31 15:26:24,Vinh Long,Vinh Long,32.79,32.79,32.79,62.0,39.69,10000.0,0.0,100.0,7.46,9.45,257.0,1006.0,1,804,Clouds,overcast clouds,04d
2025-07-31 15:30:17,Vinh Long,Vinh Long,32.55,32.55,32.55,58.0,37.74,10000.0,0.0,99.0,7.1,8.97,254.0,1005.0,1,804,Clouds,overcast clouds,04d
2025-07-31 15:34:09,Vinh Long,Vinh Long,32.79,32.79,32.79,62.0,39.69,10000.0,0.0,100.0,7.46,9.45,257.0,1006.0,1,804,Clouds,overcast clouds,04d
2025-07-31 15:38:00,Vinh Long,Vinh Long,32.57,32.57,32.57,59.0,38.11,10000.0,0.0,99.0,7.1,8.97,254.0,1005.0,1,804,Clouds,overcast clouds,04d
2025-07-31 15:41:50,Vinh Long,Vinh Long,32.57,32.57,32.57,59.0,38.11,10000.0,0.0,99.0,7.1,8.97,254.0,1005.0,1,804,Clouds,overcast clouds,04d
2025-07-31 15:45:41,Vinh Long,Vinh Long,32.57,32.57,32.57,59.0,38.11,10000.0,0.0,99.0,7.1,8.97,254.0,1005.0,1,804,Clouds,overcast clouds,04d
2025-07-31 15:49:32,Vinh Long,Vinh Long,32.57,32.57,32.57,59.0,38.11,10000.0,0.0,99.0,7.1,8.97,254.0,1005.0,1,804,Clouds,overcast clouds,04d
2025-07-31 15:53:24,Vinh Long,Vinh Long,32.57,32.57,32.57,58.0,37.79,10000.0,0.0,99.0,7.1,8.97,254.0,1005.0,1,804,Clouds,overcast clouds,04d
2025-07-31 15:57:14,Vinh Long,Vinh Long,32.57,32.57,32.57,58.0,37.79,10000.0,0.0,99.0,7.1,8.97,254.0,1005.0,1,804,Clouds,overcast clouds,04d
2025-07-31 16:01:06,Vinh Long,Vinh Long,32.57,32.57,32.57,58.0,37.79,10000.0,0.0,99.0,7.1,8.97,254.0,1005.0,1,804,Clouds,overcast clouds,04d
2025-07-31 16:04:57,Vinh Long,Vinh Long,32.54,32.54,32.54,63.0,39.4,10000.0,0.0,99.0,7.1,8.97,254.0,1006.0,1,804,Clouds,overcast clouds,04d
2025-07-31 16:08:47,Vinh Long,Vinh Long,32.54,32.54,32.54,63.0,39.4,10000.0,0.0,99.0,7.1,8.97,254.0,1006.0,1,804,Clouds,overcast clouds,04d
2025-07-31 16:12:38,Vinh Long,Vinh Long,32.54,32.54,32.54,63.0,39.4,10000.0,0.0,99.0,7.1,8.97,254.0,1006.0,1,804,Clouds,overcast clouds,04d
2025-07-31 16:16:28,Vinh Long,Vinh Long,32.56,32.56,32.56,63.0,39.45,10000.0,0.0,99.0,7.1,8.97,254.0,1006.0,1,804,Clouds,overcast clouds,04d
2025-07-31 16:20:19,Vinh Long,Vinh Long,32.56,32.56,32.56,63.0,39.45,10000.0,0.0,99.0,7.1,8.97,254.0,1006.0,1,804,Clouds,overcast clouds,04d
2025-07-31 16:24:11,Vinh Long,Vinh Long,32.56,32.56,32.56,63.0,39.45,10000.0,0.0,99.0,7.1,8.97,254.0,1006.0,1,804,Clouds,overcast clouds,04d
2025-07-31 16:28:01,Vinh Long,Vinh Long,32.56,32.56,32.56,63.0,39.45,10000.0,0.0,99.0,7.1,8.97,254.0,1006.0,1,804,Clouds,overcast clouds,04d
2025-07-31 16:31:51,Vinh Long,Vinh Long,32.56,32.56,32.56,63.0,39.45,10000.0,0.0,99.0,7.1,8.97,254.0,1006.0,1,804,Clouds,overcast clouds,04d
2025-07-31 16:35:42,Vinh Long,Vinh Long,31.0,31.0,31.0,62.0,35.35,10000.0,0.0,96.0,5.88,8.67,251.0,1005.0,1,804,Clouds,overcast clouds,04d
2025-07-31 16:39:32,Vinh Long,Vinh Long,31.0,31.0,31.0,62.0,35.35,10000.0,0.0,96.0,5.88,8.67,251.0,1005.0,1,804,Clouds,overcast clouds,04d
2025-07-31 16:43:22,Vinh Long,Vinh Long,31.0,31.0,31.0,62.0,35.35,10000.0,0.0,96.0,5.88,8.67,251.0,1005.0,1,804,Clouds,overcast clouds,04d
2025-07-31 16:47:14,Vinh Long,Vinh Long,30.95,30.95,30.95,61.0,34.99,10000.0,0.0,96.0,5.88,8.67,251.0,1005.0,1,804,Clouds,overcast clouds,04d
2025-07-31 16:51:06,Vinh Long,Vinh Long,30.95,30.95,30.95,61.0,34.99,10000.0,0.0,96.0,5.88,8.67,251.0,1005.0,1,804,Clouds,overcast clouds,04d
2025-07-31 16:54:56,Vinh Long,Vinh Long,30.95,30.95,30.95,61.0,34.99,10000.0,0.0,96.0,5.88,8.67,251.0,1005.0,1,804,Clouds,overcast clouds,04d
2025-07-31 16:58:47,Vinh Long,Vinh Long,30.95,30.95,30.95,61.0,34.99,10000.0,0.0,96.0,5.88,8.67,251.0,1005.0,1,804,Clouds,overcast clouds,04d
2025-07-31 17:02:37,Vinh Long,Vinh Long,30.95,30.95,30.95,61.0,34.99,10000.0,0.0,96.0,5.88,8.67,251.0,1005.0,1,804,Clouds,overcast clouds,04d
2025-07-31 17:06:28,Vinh Long,Vinh Long,30.95,30.95,30.95,61.0,34.99,10000.0,0.0,96.0,5.88,8.67,251.0,1005.0,1,804,Clouds,overcast clouds,04d
2025-07-31 17:10:20,Vinh Long,Vinh Long,30.95,30.95,30.95,61.0,34.99,10000.0,0.0,96.0,5.88,8.67,251.0,1005.0,1,804,Clouds,overcast clouds,04d
2025-07-31 17:14:11,Vinh Long,Vinh Long,31.01,31.01,31.01,64.0,35.91,10000.0,0.0,96.0,5.88,8.67,251.0,1006.0,1,804,Clouds,overcast clouds,04d
2025-07-31 17:18:02,Vinh Long,Vinh Long,31.01,31.01,31.01,64.0,35.91,10000.0,0.0,96.0,5.88,8.67,251.0,1006.0,1,804,Clouds,overcast clouds,04d
2025-07-31 17:21:52,Vinh Long,Vinh Long,31.01,31.01,31.01,64.0,35.91,10000.0,0.0,96.0,5.88,8.67,251.0,1006.0,1,804,Clouds,overcast clouds,04d
2025-07-31 17:25:42,Vinh Long,Vinh Long,31.01,31.01,31.01,64.0,35.91,10000.0,0.0,96.0,5.88,8.67,251.0,1006.0,1,804,Clouds,overcast clouds,04d
2025-07-31 17:29:33,Vinh Long,Vinh Long,31.01,31.01,31.01,64.0,35.91,10000.0,0.0,96.0,5.88,8.67,251.0,1006.0,1,804,Clouds,overcast clouds,04d
2025-07-31 17:33:24,Vinh Long,Vinh Long,29.8,29.8,29.8,67.0,33.88,10000.0,0.0,88.0,5.42,9.29,242.0,1006.0,1,804,Clouds,overcast clouds,04d
2025-07-31 17:37:14,Vinh Long,Vinh Long,29.8,29.8,29.8,67.0,33.88,10000.0,0.0,88.0,5.42,9.29,242.0,1006.0,1,804,Clouds,overcast clouds,04d
2025-07-31 17:41:06,Vinh Long,Vinh Long,29.8,29.8,29.8,67.0,33.88,10000.0,0.0,88.0,5.42,9.29,242.0,1006.0,1,804,Clouds,overcast clouds,04d
2025-07-31 17:44:56,Vinh Long,Vinh Long,29.8,29.8,29.8,67.0,33.88,10000.0,0.0,88.0,5.42,9.29,242.0,1006.0,1,804,Clouds,overcast clouds,04d
2025-07-31 17:48:46,Vinh Long,Vinh Long,29.61,29.61,29.61,70.0,34.11,10000.0,0.0,88.0,5.42,9.29,242.0,1006.0,1,804,Clouds,overcast clouds,04d
2025-07-31 17:52:36,Vinh Long,Vinh Long,29.61,29.61,29.61,70.0,34.11,10000.0,0.0,88.0,5.42,9.29,242.0,1006.0,1,804,Clouds,overcast clouds,04d
2025-07-31 17:56:26,Vinh Long,Vinh Long,29.61,29.61,29.61,70.0,34.11,10000.0,0.0,88.0,5.42,9.29,242.0,1006.0,1,804,Clouds,overcast clouds,04d
2025-07-31 18:00:17,Vinh Long,Vinh Long,29.61,29.61,29.61,70.0,34.11,10000.0,0.0,88.0,5.42,9.29,242.0,1006.0,1,804,Clouds,overcast clouds,04d
2025-07-31 18:04:08,Vinh Long,Vinh Long,29.69,29.69,29.69,74.0,35.22,10000.0,0.0,88.0,5.42,9.29,242.0,1006.0,1,804,Clouds,overcast clouds,04d
2025-07-31 18:07:58,Vinh Long,Vinh Long,29.61,29.61,29.61,70.0,34.11,10000.0,0.0,88.0,5.42,9.29,242.0,1006.0,1,804,Clouds,overcast clouds,04d
2025-07-31 18:11:48,Vinh Long,Vinh Long,29.69,29.69,29.69,74.0,35.22,10000.0,0.0,88.0,5.42,9.29,242.0,1006.0,1,804,Clouds,overcast clouds,04d
2025-07-31 18:15:38,Vinh Long,Vinh Long,29.69,29.69,29.69,74.0,35.22,10000.0,0.0,88.0,5.42,9.29,242.0,1006.0,1,804,Clouds,overcast clouds,04d
2025-07-31 18:19:29,Vinh Long,Vinh Long,29.69,29.69,29.69,74.0,35.22,10000.0,0.0,88.0,5.42,9.29,242.0,1006.0,1,804,Clouds,overcast clouds,04d
2025-07-31 18:23:19,Vinh Long,Vinh Long,29.69,29.69,29.69,74.0,35.22,10000.0,0.0,88.0,5.42,9.29,242.0,1006.0,0,804,Clouds,overcast clouds,04n
2025-07-31 18:27:10,Vinh Long,Vinh Long,29.69,29.69,29.69,74.0,35.22,10000.0,0.0,88.0,5.42,9.29,242.0,1006.0,0,804,Clouds,overcast clouds,04n
2025-07-31 18:31:00,Vinh Long,Vinh Long,29.69,29.69,29.69,74.0,35.22,10000.0,0.0,88.0,5.42,9.29,242.0,1006.0,0,804,Clouds,overcast clouds,04n
2025-07-31 18:34:50,Vinh Long,Vinh Long,29.69,29.69,29.69,74.0,35.22,10000.0,0.0,88.0,5.42,9.29,242.0,1006.0,0,804,Clouds,overcast clouds,04n
2025-07-31 18:38:39,Vinh Long,Vinh Long,28.51,28.51,28.51,74.0,32.34,10000.0,0.0,90.0,4.78,9.51,246.0,1006.0,0,804,Clouds,overcast clouds,04n
2025-07-31 18:42:30,Vinh Long,Vinh Long,28.51,28.51,28.51,74.0,32.34,10000.0,0.0,90.0,4.78,9.51,246.0,1006.0,0,804,Clouds,overcast clouds,04n
2025-07-31 18:46:20,Vinh Long,Vinh Long,28.51,28.51,28.51,74.0,32.34,10000.0,0.0,90.0,4.78,9.51,246.0,1006.0,0,804,Clouds,overcast clouds,04n
2025-07-31 18:50:12,Vinh Long,Vinh Long,28.51,28.51,28.51,74.0,32.34,10000.0,0.0,60.0,4.42,9.04,242.0,1006.0,0,803,Clouds,broken clouds,04n
2025-07-31 18:54:04,Vinh Long,Vinh Long,28.51,28.51,28.51,74.0,32.34,10000.0,0.0,60.0,4.42,9.04,242.0,1006.0,0,803,Clouds,broken clouds,04n
2025-07-31 18:57:54,Vinh Long,Vinh Long,28.51,28.51,28.51,74.0,32.34,10000.0,0.0,60.0,4.42,9.04,242.0,1006.0,0,803,Clouds,broken clouds,04n
2025-07-31 19:01:44,Vinh Long,Vinh Long,28.51,28.51,28.51,74.0,32.34,10000.0,0.0,60.0,4.42,9.04,242.0,1006.0,0,803,Clouds,broken clouds,04n
2025-07-31 19:05:36,Vinh Long,Vinh Long,28.51,28.51,28.51,74.0,32.34,10000.0,0.0,60.0,4.42,9.04,242.0,1006.0,0,803,Clouds,broken clouds,04n
2025-07-31 19:09:26,Vinh Long,Vinh Long,28.51,28.51,28.51,74.0,32.34,10000.0,0.0,60.0,4.42,9.04,242.0,1006.0,0,803,Clouds,broken clouds,04n
2025-07-31 19:13:16,Vinh Long,Vinh Long,28.68,28.68,28.68,81.0,34.06,10000.0,0.0,60.0,4.42,9.04,242.0,1006.0,0,803,Clouds,broken clouds,04n
2025-07-31 19:17:16,Vinh Long,Vinh Long,28.68,28.68,28.68,81.0,34.06,10000.0,0.0,60.0,4.42,9.04,242.0,1006.0,0,803,Clouds,broken clouds,04n
2025-07-31 19:21:01,Vinh Long,Vinh Long,28.68,28.68,28.68,81.0,34.06,10000.0,0.0,60.0,4.42,9.04,242.0,1006.0,0,803,Clouds,broken clouds,04n
2025-07-31 19:24:47,Vinh Long,Vinh Long,28.67,28.67,28.67,81.0,34.04,10000.0,0.0,60.0,4.42,9.04,242.0,1006.0,0,803,Clouds,broken clouds,04n
2025-07-31 19:28:34,Vinh Long,Vinh Long,28.67,28.67,28.67,81.0,34.04,10000.0,0.0,60.0,4.42,9.04,242.0,1006.0,0,803,Clouds,broken clouds,04n
2025-07-31 19:32:20,Vinh Long,Vinh Long,28.67,28.67,28.67,81.0,34.04,10000.0,0.0,60.0,4.42,9.04,242.0,1006.0,0,803,Clouds,broken clouds,04n
2025-07-31 19:36:05,Vinh Long,Vinh Long,28.67,28.67,28.67,81.0,34.04,10000.0,0.0,60.0,4.42,9.04,242.0,1006.0,0,803,Clouds,broken clouds,04n
2025-07-31 19:39:51,Vinh Long,Vinh Long,27.95,27.95,27.95,80.0,31.97,10000.0,0.0,12.0,3.94,9.33,243.0,1007.0,0,801,Clouds,few clouds,02n
2025-07-31 19:43:37,Vinh Long,Vinh Long,27.95,27.95,27.95,80.0,31.97,10000.0,0.0,12.0,3.94,9.33,243.0,1007.0,0,801,Clouds,few clouds,02n
2025-07-31 19:47:23,Vinh Long,Vinh Long,27.95,27.95,27.95,79.0,31.82,10000.0,0.0,12.0,3.94,9.33,243.0,1007.0,0,801,Clouds,few clouds,02n
2025-07-31 19:51:09,Vinh Long,Vinh Long,27.95,27.95,27.95,79.0,31.82,10000.0,0.0,12.0,3.94,9.33,243.0,1007.0,0,801,Clouds,few clouds,02n
2025-07-31 19:54:55,Vinh Long,Vinh Long,27.95,27.95,27.95,79.0,31.82,10000.0,0.0,12.0,3.94,9.33,243.0,1007.0,0,801,Clouds,few clouds,02n
2025-07-31 19:58:40,Vinh Long,Vinh Long,27.95,27.95,27.95,79.0,31.82,10000.0,0.0,12.0,3.94,9.33,243.0,1007.0,0,801,Clouds,few clouds,02n
2025-07-31 20:02:27,Vinh Long,Vinh Long,28.0,28.0,28.0,83.0,32.57,10000.0,0.0,12.0,3.94,9.33,243.0,1007.0,0,801,Clouds,few clouds,02n
2025-07-31 20:06:13,Vinh Long,Vinh Long,28.0,28.0,28.0,83.0,32.57,10000.0,0.0,12.0,3.94,9.33,243.0,1007.0,0,801,Clouds,few clouds,02n
2025-07-31 20:09:58,Vinh Long,Vinh Long,28.0,28.0,28.0,83.0,32.57,10000.0,0.0,12.0,3.94,9.33,243.0,1007.0,0,801,Clouds,few clouds,02n
2025-07-31 20:13:44,Vinh Long,Vinh Long,28.0,28.0,28.0,83.0,32.57,10000.0,0.0,12.0,3.94,9.33,243.0,1007.0,0,801,Clouds,few clouds,02n
2025-07-31 20:17:30,Vinh Long,Vinh Long,27.99,27.99,27.99,83.0,32.54,10000.0,0.0,12.0,3.94,9.33,243.0,1007.0,0,801,Clouds,few clouds,02n
2025-07-31 20:21:15,Vinh Long,Vinh Long,27.99,27.99,27.99,83.0,32.54,10000.0,0.0,12.0,3.94,9.33,243.0,1007.0,0,801,Clouds,few clouds,02n
2025-07-31 20:25:02,Vinh Long,Vinh Long,27.99,27.99,27.99,83.0,32.54,10000.0,0.0,12.0,3.94,9.33,243.0,1007.0,0,801,Clouds,few clouds,02n
2025-07-31 20:28:48,Vinh Long,Vinh Long,27.99,27.99,27.99,83.0,32.54,10000.0,0.0,12.0,3.94,9.33,243.0,1007.0,0,801,Clouds,few clouds,02n
2025-07-31 20:32:34,Vinh Long,Vinh Long,27.99,27.99,27.99,83.0,32.54,10000.0,0.0,12.0,3.94,9.33,243.0,1007.0,0,801,Clouds,few clouds,02n
2025-07-31 20:36:20,Vinh Long,Vinh Long,27.81,27.81,27.81,83.0,32.07,10000.0,0.0,55.0,3.68,9.56,235.0,1008.0,0,803,Clouds,broken clouds,04n
2025-07-31 20:40:06,Vinh Long,Vinh Long,27.81,27.81,27.81,83.0,32.07,10000.0,0.0,55.0,3.68,9.56,235.0,1008.0,0,803,Clouds,broken clouds,04n
2025-07-31 20:43:52,Vinh Long,Vinh Long,27.81,27.81,27.81,83.0,32.07,10000.0,0.0,55.0,3.68,9.56,235.0,1008.0,0,803,Clouds,broken clouds,04n
2025-07-31 20:47:38,Vinh Long,Vinh Long,27.79,27.79,27.79,83.0,32.01,10000.0,0.0,55.0,3.68,9.56,235.0,1008.0,0,803,Clouds,broken clouds,04n
2025-07-31 20:51:24,Vinh Long,Vinh Long,27.79,27.79,27.79,83.0,32.01,10000.0,0.0,55.0,3.68,9.56,235.0,1008.0,0,803,Clouds,broken clouds,04n
2025-07-31 20:55:10,Vinh Long,Vinh Long,27.79,27.79,27.79,83.0,32.01,10000.0,0.0,55.0,3.68,9.56,235.0,1008.0,0,803,Clouds,broken clouds,04n
2025-07-31 20:58:55,Vinh Long,Vinh Long,27.79,27.79,27.79,83.0,32.01,10000.0,0.0,55.0,3.68,9.56,235.0,1008.0,0,803,Clouds,broken clouds,04n
2025-07-31 21:02:42,Vinh Long,Vinh Long,27.83,27.83,27.83,84.0,32.27,10000.0,0.0,55.0,3.68,9.56,235.0,1007.0,0,803,Clouds,broken clouds,04n
2025-07-31 21:06:30,Vinh Long,Vinh Long,27.83,27.83,27.83,84.0,32.27,10000.0,0.0,55.0,3.68,9.56,235.0,1007.0,0,803,Clouds,broken clouds,04n
2025-07-31 21:10:16,Vinh Long,Vinh Long,27.83,27.83,27.83,84.0,32.27,10000.0,0.0,55.0,3.68,9.56,235.0,1007.0,0,803,Clouds,broken clouds,04n
2025-07-31 21:14:02,Vinh Long,Vinh Long,27.83,27.83,27.83,84.0,32.27,10000.0,0.0,55.0,3.68,9.56,235.0,1007.0,0,803,Clouds,broken clouds,04n
2025-07-31 21:17:48,Vinh Long,Vinh Long,27.84,27.84,27.84,85.0,32.45,10000.0,0.0,55.0,3.68,9.56,235.0,1007.0,0,803,Clouds,broken clouds,04n
2025-07-31 21:21:33,Vinh Long,Vinh Long,27.84,27.84,27.84,85.0,32.45,10000.0,0.0,55.0,3.68,9.56,235.0,1007.0,0,803,Clouds,broken clouds,04n
2025-07-31 21:25:19,Vinh Long,Vinh Long,27.84,27.84,27.84,85.0,32.45,10000.0,0.0,55.0,3.68,9.56,235.0,1007.0,0,803,Clouds,broken clouds,04n
2025-07-31 21:29:06,Vinh Long,Vinh Long,27.84,27.84,27.84,85.0,32.45,10000.0,0.0,55.0,3.68,9.56,235.0,1007.0,0,803,Clouds,broken clouds,04n
2025-07-31 21:32:51,Vinh Long,Vinh Long,27.84,27.84,27.84,85.0,32.45,10000.0,0.0,55.0,3.68,9.56,235.0,1007.0,0,803,Clouds,broken clouds,04n
2025-07-31 21:36:36,Vinh Long,Vinh Long,27.84,27.84,27.84,85.0,32.45,10000.0,0.0,55.0,3.68,9.56,235.0,1007.0,0,803,Clouds,broken clouds,04n
2025-07-31 21:40:22,Vinh Long,Vinh Long,27.12,27.12,27.12,85.0,30.53,10000.0,0.0,66.0,3.85,9.82,232.0,1008.0,0,803,Clouds,broken clouds,04n
2025-07-31 22:49:17,Vinh Long,Vinh Long,26.88,26.88,26.88,88.0,30.2,10000.0,0.0,75.0,4.17,10.53,231.0,1008.0,0,803,Clouds,broken clouds,04n
2025-07-31 22:53:03,Vinh Long,Vinh Long,26.88,26.88,26.88,89.0,30.3,10000.0,0.0,75.0,4.17,10.53,231.0,1008.0,0,803,Clouds,broken clouds,04n
2025-07-31 22:56:48,Vinh Long,Vinh Long,26.88,26.88,26.88,88.0,30.2,10000.0,0.0,75.0,4.17,10.53,231.0,1008.0,0,803,Clouds,broken clouds,04n
2025-07-31 23:00:34,Vinh Long,Vinh Long,26.88,26.88,26.88,88.0,30.2,10000.0,0.0,75.0,4.17,10.53,231.0,1008.0,0,803,Clouds,broken clouds,04n
2025-07-31 23:04:20,Vinh Long,Vinh Long,26.95,26.95,26.95,91.0,30.69,10000.0,0.0,75.0,4.17,10.53,231.0,1008.0,0,803,Clouds,broken clouds,04n
2025-07-31 23:08:06,Vinh Long,Vinh Long,26.95,26.95,26.95,91.0,30.69,10000.0,0.0,75.0,4.17,10.53,231.0,1008.0,0,803,Clouds,broken clouds,04n
2025-07-31 23:11:51,Vinh Long,Vinh Long,26.95,26.95,26.95,91.0,30.69,10000.0,0.0,75.0,4.17,10.53,231.0,1008.0,0,803,Clouds,broken clouds,04n
2025-07-31 23:15:37,Vinh Long,Vinh Long,26.95,26.95,26.95,91.0,30.69,10000.0,0.0,75.0,4.17,10.53,231.0,1008.0,0,803,Clouds,broken clouds,04n
2025-07-31 23:19:23,Vinh Long,Vinh Long,26.94,26.94,26.94,91.0,30.67,10000.0,0.0,75.0,4.17,10.53,231.0,1008.0,0,803,Clouds,broken clouds,04n
2025-07-31 23:23:09,Vinh Long,Vinh Long,26.94,26.94,26.94,91.0,30.67,10000.0,0.0,75.0,4.17,10.53,231.0,1008.0,0,803,Clouds,broken clouds,04n
2025-07-31 23:26:54,Vinh Long,Vinh Long,26.94,26.94,26.94,91.0,30.67,10000.0,0.0,75.0,4.17,10.53,231.0,1008.0,0,803,Clouds,broken clouds,04n
2025-07-31 23:30:40,Vinh Long,Vinh Long,26.85,26.85,26.85,89.0,30.22,10000.0,0.0,80.0,3.98,10.44,223.0,1008.0,0,803,Clouds,broken clouds,04n
2025-07-31 23:34:26,Vinh Long,Vinh Long,26.86,26.86,26.86,90.0,30.34,10000.0,0.0,80.0,3.98,10.44,223.0,1008.0,0,803,Clouds,broken clouds,04n
2025-07-31 23:38:12,Vinh Long,Vinh Long,26.86,26.86,26.86,90.0,30.34,10000.0,0.0,80.0,3.98,10.44,223.0,1008.0,0,803,Clouds,broken clouds,04n
2025-07-31 23:41:57,Vinh Long,Vinh Long,26.86,26.86,26.86,90.0,30.34,10000.0,0.0,80.0,3.98,10.44,223.0,1008.0,0,803,Clouds,broken clouds,04n
2025-07-31 23:45:43,Vinh Long,Vinh Long,26.86,26.86,26.86,90.0,30.34,10000.0,0.0,80.0,3.98,10.44,223.0,1008.0,0,803,Clouds,broken clouds,04n
2025-07-31 23:49:29,Vinh Long,Vinh Long,26.82,26.82,26.82,90.0,30.23,10000.0,0.0,80.0,3.98,10.44,223.0,1008.0,0,803,Clouds,broken clouds,04n
2025-07-31 23:53:14,Vinh Long,Vinh Long,26.82,26.82,26.82,90.0,30.23,10000.0,0.0,80.0,3.98,10.44,223.0,1008.0,0,803,Clouds,broken clouds,04n
2025-07-31 23:57:00,Vinh Long,Vinh Long,26.82,26.82,26.82,90.0,30.23,10000.0,0.0,80.0,3.98,10.44,223.0,1008.0,0,803,Clouds,broken clouds,04n
2025-08-01 00:00:46,Vinh Long,Vinh Long,26.82,26.82,26.82,90.0,30.23,10000.0,0.0,80.0,3.98,10.44,223.0,1008.0,0,803,Clouds,broken clouds,04n
2025-08-01 00:04:31,Vinh Long,Vinh Long,26.82,26.82,26.82,90.0,30.23,10000.0,0.0,80.0,3.98,10.44,223.0,1008.0,0,803,Clouds,broken clouds,04n
2025-08-01 00:08:17,Vinh Long,Vinh Long,26.87,26.87,26.87,92.0,30.56,10000.0,0.0,80.0,3.98,10.44,223.0,1008.0,0,803,Clouds,broken clouds,04n
2025-08-01 00:12:03,Vinh Long,Vinh Long,26.87,26.87,26.87,92.0,30.56,10000.0,0.0,80.0,3.98,10.44,223.0,1008.0,0,803,Clouds,broken clouds,04n
2025-08-01 00:15:49,Vinh Long,Vinh Long,26.87,26.87,26.87,92.0,30.56,10000.0,0.0,80.0,3.98,10.44,223.0,1008.0,0,803,Clouds,broken clouds,04n
2025-08-01 00:19:34,Vinh Long,Vinh Long,26.87,26.87,26.87,92.0,30.56,10000.0,0.0,80.0,3.98,10.44,223.0,1008.0,0,803,Clouds,broken clouds,04n
2025-08-01 00:23:20,Vinh Long,Vinh Long,26.87,26.87,26.87,92.0,30.56,10000.0,0.0,80.0,3.98,10.44,223.0,1008.0,0,803,Clouds,broken clouds,04n
2025-08-01 00:27:06,Vinh Long,Vinh Long,26.86,26.86,26.86,92.0,30.53,10000.0,0.0,80.0,3.98,10.44,223.0,1008.0,0,803,Clouds,broken clouds,04n
2025-08-01 00:30:51,Vinh Long,Vinh Long,26.86,26.86,26.86,92.0,30.53,10000.0,0.0,80.0,3.98,10.44,223.0,1008.0,0,803,Clouds,broken clouds,04n
2025-08-01 00:34:36,Vinh Long,Vinh Long,26.86,26.86,26.86,92.0,30.53,10000.0,0.0,80.0,3.98,10.44,223.0,1008.0,0,803,Clouds,broken clouds,04n
2025-08-01 00:38:22,Vinh Long,Vinh Long,26.64,26.64,26.64,91.0,26.64,10000.0,0.0,83.0,3.69,10.39,224.0,1007.0,0,803,Clouds,broken clouds,04n
2025-08-01 00:42:08,Vinh Long,Vinh Long,26.64,26.64,26.64,91.0,26.64,10000.0,0.0,91.0,3.4,9.93,221.0,1007.0,0,804,Clouds,overcast clouds,04n
2025-08-01 00:45:54,Vinh Long,Vinh Long,26.64,26.64,26.64,91.0,26.64,10000.0,0.0,91.0,3.4,9.93,221.0,1007.0,0,804,Clouds,overcast clouds,04n
2025-08-01 00:49:40,Vinh Long,Vinh Long,26.64,26.64,26.64,91.0,26.64,10000.0,0.0,91.0,3.4,9.93,221.0,1007.0,0,804,Clouds,overcast clouds,04n
2025-08-01 00:53:25,Vinh Long,Vinh Long,26.64,26.64,26.64,91.0,26.64,10000.0,0.0,91.0,3.4,9.93,221.0,1007.0,0,804,Clouds,overcast clouds,04n
2025-08-01 00:57:11,Vinh Long,Vinh Long,26.64,26.64,26.64,91.0,26.64,10000.0,0.0,91.0,3.4,9.93,221.0,1007.0,0,804,Clouds,overcast clouds,04n
2025-08-01 01:00:57,Vinh Long,Vinh Long,26.64,26.64,26.64,91.0,26.64,10000.0,0.0,91.0,3.4,9.93,221.0,1007.0,0,804,Clouds,overcast clouds,04n
2025-08-01 01:04:42,Vinh Long,Vinh Long,26.64,26.64,26.64,91.0,26.64,10000.0,0.0,91.0,3.4,9.93,221.0,1007.0,0,804,Clouds,overcast clouds,04n
2025-08-01 01:08:28,Vinh Long,Vinh Long,26.64,26.64,26.64,91.0,26.64,10000.0,0.0,91.0,3.4,9.93,221.0,1007.0,0,804,Clouds,overcast clouds,04n
2025-08-01 01:12:14,Vinh Long,Vinh Long,26.79,26.79,26.79,93.0,30.42,10000.0,0.0,91.0,3.4,9.93,221.0,1007.0,0,804,Clouds,overcast clouds,04n
2025-08-01 01:16:00,Vinh Long,Vinh Long,26.79,26.79,26.79,93.0,30.42,10000.0,0.0,91.0,3.4,9.93,221.0,1007.0,0,804,Clouds,overcast clouds,04n
2025-08-01 01:19:45,Vinh Long,Vinh Long,26.79,26.79,26.79,93.0,30.42,10000.0,0.0,91.0,3.4,9.93,221.0,1007.0,0,804,Clouds,overcast clouds,04n
2025-08-01 01:23:31,Vinh Long,Vinh Long,26.79,26.79,26.79,93.0,30.42,10000.0,0.0,91.0,3.4,9.93,221.0,1007.0,0,804,Clouds,overcast clouds,04n
2025-08-01 01:27:17,Vinh Long,Vinh Long,26.79,26.79,26.79,93.0,30.42,10000.0,0.0,91.0,3.4,9.93,221.0,1007.0,0,804,Clouds,overcast clouds,04n
2025-08-01 01:31:03,Vinh Long,Vinh Long,26.62,26.62,26.62,92.0,26.62,10000.0,0.0,99.0,3.34,9.97,224.0,1007.0,0,804,Clouds,overcast clouds,04n
2025-08-01 01:34:48,Vinh Long,Vinh Long,26.62,26.62,26.62,92.0,26.62,10000.0,0.0,99.0,3.34,9.97,224.0,1007.0,0,804,Clouds,overcast clouds,04n
2025-08-01 01:38:34,Vinh Long,Vinh Long,26.61,26.61,26.61,92.0,26.61,10000.0,0.0,99.0,3.34,9.97,224.0,1006.0,0,804,Clouds,overcast clouds,04n
2025-08-01 01:42:20,Vinh Long,Vinh Long,26.61,26.61,26.61,92.0,26.61,10000.0,0.0,99.0,3.34,9.97,224.0,1006.0,0,804,Clouds,overcast clouds,04n
2025-08-01 01:46:06,Vinh Long,Vinh Long,26.61,26.61,26.61,92.0,26.61,10000.0,0.0,99.0,3.34,9.97,224.0,1006.0,0,804,Clouds,overcast clouds,04n
2025-08-01 01:49:51,Vinh Long,Vinh Long,26.61,26.61,26.61,92.0,26.61,10000.0,0.0,99.0,3.34,9.97,224.0,1006.0,0,804,Clouds,overcast clouds,04n
2025-08-01 01:53:37,Vinh Long,Vinh Long,26.61,26.61,26.61,92.0,26.61,10000.0,0.0,99.0,3.34,9.97,224.0,1006.0,0,804,Clouds,overcast clouds,04n
2025-08-01 01:57:22,Vinh Long,Vinh Long,26.61,26.61,26.61,92.0,26.61,10000.0,0.0,99.0,3.34,9.97,224.0,1006.0,0,804,Clouds,overcast clouds,04n
2025-08-01 02:01:07,Vinh Long,Vinh Long,26.61,26.61,26.61,92.0,26.61,10000.0,0.0,99.0,3.34,9.97,224.0,1006.0,0,804,Clouds,overcast clouds,04n
2025-08-01 02:04:53,Vinh Long,Vinh Long,26.63,26.63,26.63,94.0,26.63,10000.0,0.0,99.0,3.34,9.97,224.0,1007.0,0,804,Clouds,overcast clouds,04n
2025-08-01 02:08:39,Vinh Long,Vinh Long,26.63,26.63,26.63,94.0,26.63,10000.0,0.0,99.0,3.34,9.97,224.0,1007.0,0,804,Clouds,overcast clouds,04n
2025-08-01 02:12:25,Vinh Long,Vinh Long,26.63,26.63,26.63,94.0,26.63,10000.0,0.0,99.0,3.34,9.97,224.0,1007.0,0,804,Clouds,overcast clouds,04n
2025-08-01 02:16:11,Vinh Long,Vinh Long,26.63,26.63,26.63,94.0,26.63,10000.0,0.0,99.0,3.34,9.97,224.0,1007.0,0,804,Clouds,overcast clouds,04n
2025-08-01 02:19:56,Vinh Long,Vinh Long,26.63,26.63,26.63,94.0,26.63,10000.0,0.0,99.0,3.34,9.97,224.0,1007.0,0,804,Clouds,overcast clouds,04n
2025-08-01 02:23:42,Vinh Long,Vinh Long,26.63,26.63,26.63,94.0,26.63,10000.0,0.0,99.0,3.34,9.97,224.0,1007.0,0,804,Clouds,overcast clouds,04n
2025-08-01 02:27:28,Vinh Long,Vinh Long,26.63,26.63,26.63,94.0,26.63,10000.0,0.0,99.0,3.34,9.97,224.0,1007.0,0,804,Clouds,overcast clouds,04n
2025-08-01 02:31:14,Vinh Long,Vinh Long,26.44,26.44,26.44,93.0,26.44,10000.0,0.0,99.0,3.45,9.87,217.0,1006.0,0,804,Clouds,overcast clouds,04n
2025-08-01 02:35:00,Vinh Long,Vinh Long,26.44,26.44,26.44,93.0,26.44,10000.0,0.0,99.0,3.45,9.87,217.0,1006.0,0,804,Clouds,overcast clouds,04n
2025-08-01 02:38:46,Vinh Long,Vinh Long,26.44,26.44,26.44,93.0,26.44,10000.0,0.0,99.0,3.45,9.87,217.0,1006.0,0,804,Clouds,overcast clouds,04n
2025-08-01 02:42:32,Vinh Long,Vinh Long,26.44,26.44,26.44,93.0,26.44,10000.0,0.0,99.0,3.45,9.87,217.0,1006.0,0,804,Clouds,overcast clouds,04n
2025-08-01 02:46:17,Vinh Long,Vinh Long,26.44,26.44,26.44,93.0,26.44,10000.0,0.0,99.0,3.45,9.87,217.0,1006.0,0,804,Clouds,overcast clouds,04n
2025-08-01 02:50:04,Vinh Long,Vinh Long,26.49,26.49,26.49,93.0,26.49,10000.0,0.0,99.0,3.45,9.87,217.0,1006.0,0,804,Clouds,overcast clouds,04n
2025-08-01 02:53:50,Vinh Long,Vinh Long,26.49,26.49,26.49,93.0,26.49,10000.0,0.0,99.0,3.45,9.87,217.0,1006.0,0,804,Clouds,overcast clouds,04n
2025-08-01 02:57:35,Vinh Long,Vinh Long,26.49,26.49,26.49,93.0,26.49,10000.0,0.0,99.0,3.45,9.87,217.0,1006.0,0,804,Clouds,overcast clouds,04n
2025-08-01 03:01:21,Vinh Long,Vinh Long,26.54,26.54,26.54,95.0,26.54,10000.0,0.0,99.0,3.45,9.87,217.0,1006.0,0,804,Clouds,overcast clouds,04n
2025-08-01 03:05:07,Vinh Long,Vinh Long,26.54,26.54,26.54,95.0,26.54,10000.0,0.0,99.0,3.45,9.87,217.0,1006.0,0,804,Clouds,overcast clouds,04n
2025-08-01 03:08:53,Vinh Long,Vinh Long,26.54,26.54,26.54,95.0,26.54,10000.0,0.0,99.0,3.45,9.87,217.0,1006.0,0,804,Clouds,overcast clouds,04n
2025-08-01 03:12:38,Vinh Long,Vinh Long,26.54,26.54,26.54,95.0,26.54,10000.0,0.0,99.0,3.45,9.87,217.0,1006.0,0,804,Clouds,overcast clouds,04n
2025-08-01 03:16:25,Vinh Long,Vinh Long,26.54,26.54,26.54,95.0,26.54,10000.0,0.0,99.0,3.45,9.87,217.0,1006.0,0,804,Clouds,overcast clouds,04n
2025-08-01 03:20:11,Vinh Long,Vinh Long,26.54,26.54,26.54,95.0,26.54,10000.0,0.0,99.0,3.45,9.87,217.0,1006.0,0,804,Clouds,overcast clouds,04n
2025-08-01 03:23:56,Vinh Long,Vinh Long,26.54,26.54,26.54,95.0,26.54,10000.0,0.0,99.0,3.45,9.87,217.0,1006.0,0,804,Clouds,overcast clouds,04n
2025-08-01 03:27:42,Vinh Long,Vinh Long,26.54,26.54,26.54,95.0,26.54,10000.0,0.0,99.0,3.45,9.87,217.0,1006.0,0,804,Clouds,overcast clouds,04n
2025-08-01 03:31:29,Vinh Long,Vinh Long,26.48,26.48,26.48,93.0,26.48,10000.0,0.0,100.0,3.55,9.94,231.0,1006.0,0,804,Clouds,overcast clouds,04n
2025-08-01 03:35:14,Vinh Long,Vinh Long,26.48,26.48,26.48,93.0,26.48,10000.0,0.0,100.0,3.55,9.94,231.0,1006.0,0,804,Clouds,overcast clouds,04n
2025-08-01 03:39:00,Vinh Long,Vinh Long,26.48,26.48,26.48,93.0,26.48,10000.0,0.0,100.0,3.55,9.94,231.0,1006.0,0,804,Clouds,overcast clouds,04n
2025-08-01 03:42:47,Vinh Long,Vinh Long,26.48,26.48,26.48,93.0,26.48,10000.0,0.0,100.0,3.55,9.94,231.0,1006.0,0,804,Clouds,overcast clouds,04n
2025-08-01 03:46:33,Vinh Long,Vinh Long,26.48,26.48,26.48,93.0,26.48,10000.0,0.0,100.0,3.55,9.94,231.0,1006.0,0,804,Clouds,overcast clouds,04n
2025-08-01 03:50:18,Vinh Long,Vinh Long,26.48,26.48,26.48,93.0,26.48,10000.0,0.0,100.0,3.55,9.94,231.0,1006.0,0,804,Clouds,overcast clouds,04n
2025-08-01 03:54:04,Vinh Long,Vinh Long,26.53,26.53,26.53,93.0,26.53,10000.0,0.0,100.0,3.55,9.94,231.0,1006.0,0,804,Clouds,overcast clouds,04n
2025-08-01 03:57:50,Vinh Long,Vinh Long,26.53,26.53,26.53,93.0,26.53,10000.0,0.0,100.0,3.55,9.94,231.0,1006.0,0,804,Clouds,overcast clouds,04n
2025-08-01 04:01:35,Vinh Long,Vinh Long,26.53,26.53,26.53,93.0,26.53,10000.0,0.0,100.0,3.55,9.94,231.0,1006.0,0,804,Clouds,overcast clouds,04n
2025-08-01 04:05:21,Vinh Long,Vinh Long,26.57,26.57,26.57,94.0,26.57,10000.0,0.0,100.0,3.55,9.94,231.0,1006.0,0,804,Clouds,overcast clouds,04n
2025-08-01 04:09:07,Vinh Long,Vinh Long,26.57,26.57,26.57,94.0,26.57,10000.0,0.0,100.0,3.55,9.94,231.0,1006.0,0,804,Clouds,overcast clouds,04n
2025-08-01 04:12:53,Vinh Long,Vinh Long,26.57,26.57,26.57,94.0,26.57,10000.0,0.0,100.0,3.55,9.94,231.0,1006.0,0,804,Clouds,overcast clouds,04n
2025-08-01 04:16:39,Vinh Long,Vinh Long,26.56,26.56,26.56,94.0,26.56,10000.0,0.0,100.0,3.55,9.94,231.0,1006.0,0,804,Clouds,overcast clouds,04n
2025-08-01 04:20:24,Vinh Long,Vinh Long,26.56,26.56,26.56,94.0,26.56,10000.0,0.0,100.0,3.55,9.94,231.0,1006.0,0,804,Clouds,overcast clouds,04n
2025-08-01 04:24:10,Vinh Long,Vinh Long,26.56,26.56,26.56,94.0,26.56,10000.0,0.0,100.0,3.55,9.94,231.0,1006.0,0,804,Clouds,overcast clouds,04n
2025-08-01 04:27:56,Vinh Long,Vinh Long,26.56,26.56,26.56,94.0,26.56,10000.0,0.0,100.0,3.55,9.94,231.0,1006.0,0,804,Clouds,overcast clouds,04n
2025-08-01 04:31:42,Vinh Long,Vinh Long,26.56,26.56,26.56,94.0,26.56,10000.0,0.0,100.0,3.55,9.94,231.0,1006.0,0,804,Clouds,overcast clouds,04n
2025-08-01 04:35:28,Vinh Long,Vinh Long,26.56,26.56,26.56,93.0,26.56,10000.0,0.0,100.0,3.08,9.49,229.0,1006.0,0,804,Clouds,overcast clouds,04n
2025-08-01 04:39:14,Vinh Long,Vinh Long,26.56,26.56,26.56,93.0,26.56,10000.0,0.0,100.0,3.08,9.49,229.0,1006.0,0,804,Clouds,overcast clouds,04n
2025-08-01 04:43:00,Vinh Long,Vinh Long,26.56,26.56,26.56,93.0,26.56,10000.0,0.0,100.0,3.08,9.49,229.0,1006.0,0,804,Clouds,overcast clouds,04n
2025-08-01 04:46:45,Vinh Long,Vinh Long,26.51,26.51,26.51,93.0,26.51,10000.0,0.0,100.0,3.08,9.49,229.0,1006.0,0,804,Clouds,overcast clouds,04n
2025-08-01 04:50:31,Vinh Long,Vinh Long,26.51,26.51,26.51,93.0,26.51,10000.0,0.0,100.0,3.08,9.49,229.0,1006.0,0,804,Clouds,overcast clouds,04n
2025-08-01 04:54:17,Vinh Long,Vinh Long,26.51,26.51,26.51,93.0,26.51,10000.0,0.0,100.0,3.08,9.49,229.0,1006.0,0,804,Clouds,overcast clouds,04n
2025-08-01 04:58:03,Vinh Long,Vinh Long,26.51,26.51,26.51,93.0,26.51,10000.0,0.0,100.0,3.08,9.49,229.0,1006.0,0,804,Clouds,overcast clouds,04n
2025-08-01 05:01:50,Vinh Long,Vinh Long,26.53,26.53,26.53,95.0,26.53,10000.0,0.0,100.0,3.08,9.49,229.0,1006.0,0,804,Clouds,overcast clouds,04n
2025-08-01 05:05:35,Vinh Long,Vinh Long,26.53,26.53,26.53,95.0,26.53,10000.0,0.0,100.0,3.08,9.49,229.0,1006.0,0,804,Clouds,overcast clouds,04n
2025-08-01 05:09:20,Vinh Long,Vinh Long,26.53,26.53,26.53,95.0,26.53,10000.0,0.0,100.0,3.08,9.49,229.0,1006.0,0,804,Clouds,overcast clouds,04n
2025-08-01 05:13:06,Vinh Long,Vinh Long,26.53,26.53,26.53,95.0,26.53,10000.0,0.0,100.0,3.08,9.49,229.0,1006.0,0,804,Clouds,overcast clouds,04n
2025-08-01 05:16:52,Vinh Long,Vinh Long,26.53,26.53,26.53,95.0,26.53,10000.0,0.0,100.0,3.08,9.49,229.0,1006.0,0,804,Clouds,overcast clouds,04n
2025-08-01 05:20:38,Vinh Long,Vinh Long,26.53,26.53,26.53,95.0,26.53,10000.0,0.0,100.0,3.08,9.49,229.0,1006.0,0,804,Clouds,overcast clouds,04n
2025-08-01 05:24:24,Vinh Long,Vinh Long,26.53,26.53,26.53,95.0,26.53,10000.0,0.0,100.0,3.08,9.49,229.0,1006.0,0,804,Clouds,overcast clouds,04n
2025-08-01 05:28:09,Vinh Long,Vinh Long,26.53,26.53,26.53,95.0,26.53,10000.0,0.0,100.0,3.08,9.49,229.0,1006.0,0,804,Clouds,overcast clouds,04n
2025-08-01 05:31:55,Vinh Long,Vinh Long,26.42,26.42,26.42,94.0,26.42,10000.0,0.0,88.0,2.69,9.31,223.0,1007.0,0,804,Clouds,overcast clouds,04n
2025-08-01 05:35:41,Vinh Long,Vinh Long,26.42,26.42,26.42,94.0,26.42,10000.0,0.0,88.0,2.69,9.31,223.0,1007.0,0,804,Clouds,overcast clouds,04n
2025-08-01 05:39:26,Vinh Long,Vinh Long,26.42,26.42,26.42,94.0,26.42,10000.0,0.0,88.0,2.69,9.31,223.0,1007.0,0,804,Clouds,overcast clouds,04n
2025-08-01 05:43:12,Vinh Long,Vinh Long,26.42,26.42,26.42,94.0,26.42,10000.0,0.0,88.0,2.69,9.31,223.0,1007.0,0,804,Clouds,overcast clouds,04n
2025-08-01 05:46:58,Vinh Long,Vinh Long,26.39,26.39,26.39,93.0,26.39,10000.0,0.0,88.0,2.69,9.31,223.0,1007.0,1,804,Clouds,overcast clouds,04d
2025-08-01 05:50:44,Vinh Long,Vinh Long,26.39,26.39,26.39,93.0,26.39,10000.0,0.0,88.0,2.69,9.31,223.0,1007.0,1,804,Clouds,overcast clouds,04d
2025-08-01 05:54:29,Vinh Long,Vinh Long,26.39,26.39,26.39,93.0,26.39,10000.0,0.0,88.0,2.69,9.31,223.0,1007.0,1,804,Clouds,overcast clouds,04d
2025-08-01 05:58:15,Vinh Long,Vinh Long,26.39,26.39,26.39,93.0,26.39,10000.0,0.0,88.0,2.69,9.31,223.0,1007.0,1,804,Clouds,overcast clouds,04d
2025-08-01 06:02:01,Vinh Long,Vinh Long,26.41,26.41,26.41,95.0,26.41,10000.0,0.0,88.0,2.69,9.31,223.0,1007.0,1,804,Clouds,overcast clouds,04d
2025-08-01 06:05:46,Vinh Long,Vinh Long,26.39,26.39,26.39,93.0,26.39,10000.0,0.0,88.0,2.69,9.31,223.0,1007.0,1,804,Clouds,overcast clouds,04d
2025-08-01 06:09:32,Vinh Long,Vinh Long,26.41,26.41,26.41,95.0,26.41,10000.0,0.0,88.0,2.69,9.31,223.0,1007.0,1,804,Clouds,overcast clouds,04d
2025-08-01 06:13:18,Vinh Long,Vinh Long,26.41,26.41,26.41,95.0,26.41,10000.0,0.0,88.0,2.69,9.31,223.0,1007.0,1,804,Clouds,overcast clouds,04d
2025-08-01 06:17:04,Vinh Long,Vinh Long,26.41,26.41,26.41,95.0,26.41,10000.0,0.0,88.0,2.69,9.31,223.0,1007.0,1,804,Clouds,overcast clouds,04d
2025-08-01 06:20:49,Vinh Long,Vinh Long,26.41,26.41,26.41,95.0,26.41,10000.0,0.0,88.0,2.69,9.31,223.0,1007.0,1,804,Clouds,overcast clouds,04d
2025-08-01 06:24:34,Vinh Long,Vinh Long,26.41,26.41,26.41,95.0,26.41,10000.0,0.0,88.0,2.69,9.31,223.0,1007.0,1,804,Clouds,overcast clouds,04d
2025-08-01 06:28:20,Vinh Long,Vinh Long,26.41,26.41,26.41,95.0,26.41,10000.0,0.0,88.0,2.69,9.31,223.0,1007.0,1,804,Clouds,overcast clouds,04d
2025-08-01 06:32:06,Vinh Long,Vinh Long,26.41,26.41,26.41,95.0,26.41,10000.0,0.0,88.0,2.69,9.31,223.0,1007.0,1,804,Clouds,overcast clouds,04d
2025-08-01 06:35:52,Vinh Long,Vinh Long,27.42,27.42,27.42,89.0,31.83,10000.0,0.0,75.0,3.68,9.33,227.0,1007.0,1,803,Clouds,broken clouds,04d
2025-08-01 06:39:37,Vinh Long,Vinh Long,27.42,27.42,27.42,89.0,31.83,10000.0,0.0,75.0,3.68,9.33,227.0,1007.0,1,803,Clouds,broken clouds,04d
2025-08-01 06:43:23,Vinh Long,Vinh Long,27.42,27.42,27.42,89.0,31.83,10000.0,0.0,75.0,3.68,9.33,227.0,1007.0,1,803,Clouds,broken clouds,04d
2025-08-01 06:47:09,Vinh Long,Vinh Long,27.42,27.42,27.42,89.0,31.83,10000.0,0.0,75.0,3.68,9.33,227.0,1007.0,1,803,Clouds,broken clouds,04d
2025-08-01 06:50:55,Vinh Long,Vinh Long,27.51,27.51,27.51,89.0,32.09,10000.0,0.0,71.0,3.77,9.28,230.0,1007.0,1,803,Clouds,broken clouds,04d
2025-08-01 06:54:41,Vinh Long,Vinh Long,27.51,27.51,27.51,89.0,32.09,10000.0,0.0,71.0,3.77,9.28,230.0,1007.0,1,803,Clouds,broken clouds,04d
2025-08-01 06:58:26,Vinh Long,Vinh Long,27.51,27.51,27.51,89.0,32.09,10000.0,0.0,71.0,3.77,9.28,230.0,1007.0,1,803,Clouds,broken clouds,04d
2025-08-01 07:02:12,Vinh Long,Vinh Long,27.51,27.51,27.51,89.0,32.09,10000.0,0.0,71.0,3.77,9.28,230.0,1007.0,1,803,Clouds,broken clouds,04d
2025-08-01 07:05:58,Vinh Long,Vinh Long,27.51,27.51,27.51,89.0,32.09,10000.0,0.0,71.0,3.77,9.28,230.0,1007.0,1,803,Clouds,broken clouds,04d
2025-08-01 07:09:44,Vinh Long,Vinh Long,27.51,27.51,27.51,89.0,32.09,10000.0,0.0,71.0,3.77,9.28,230.0,1007.0,1,803,Clouds,broken clouds,04d
2025-08-01 07:13:29,Vinh Long,Vinh Long,27.51,27.51,27.51,89.0,32.09,10000.0,0.0,71.0,3.77,9.28,230.0,1007.0,1,803,Clouds,broken clouds,04d
2025-08-01 07:17:16,Vinh Long,Vinh Long,27.51,27.51,27.51,89.0,32.09,10000.0,0.0,71.0,3.77,9.28,230.0,1007.0,1,803,Clouds,broken clouds,04d
2025-08-01 07:21:01,Vinh Long,Vinh Long,27.51,27.51,27.51,89.0,32.09,10000.0,0.0,71.0,3.77,9.28,230.0,1007.0,1,803,Clouds,broken clouds,04d
2025-08-01 07:24:47,Vinh Long,Vinh Long,27.5,27.5,27.5,91.0,32.34,10000.0,0.0,71.0,3.77,9.28,230.0,1008.0,1,803,Clouds,broken clouds,04d
2025-08-01 07:28:33,Vinh Long,Vinh Long,27.5,27.5,27.5,91.0,32.34,10000.0,0.0,71.0,3.77,9.28,230.0,1008.0,1,803,Clouds,broken clouds,04d
2025-08-01 07:32:19,Vinh Long,Vinh Long,29.04,29.04,29.04,81.0,35.07,10000.0,0.0,6.0,5.36,8.42,238.0,1008.0,1,800,Clear,clear sky,01d
2025-08-01 07:36:04,Vinh Long,Vinh Long,29.04,29.04,29.04,81.0,35.07,10000.0,0.0,6.0,5.36,8.42,238.0,1008.0,1,800,Clear,clear sky,01d
2025-08-01 07:39:50,Vinh Long,Vinh Long,29.04,29.04,29.04,81.0,35.07,10000.0,0.0,6.0,5.36,8.42,238.0,1008.0,1,800,Clear,clear sky,01d
2025-08-01 07:43:36,Vinh Long,Vinh Long,29.04,29.04,29.04,81.0,35.07,10000.0,0.0,6.0,5.36,8.42,238.0,1008.0,1,800,Clear,clear sky,01d
2025-08-01 07:47:22,Vinh Long,Vinh Long,29.23,29.23,29.23,78.0,34.93,10000.0,0.0,6.0,5.36,8.42,238.0,1008.0,1,800,Clear,clear sky,01d
2025-08-01 07:51:07,Vinh Long,Vinh Long,29.23,29.23,29.23,78.0,34.93,10000.0,0.0,6.0,5.36,8.42,238.0,1008.0,1,800,Clear,clear sky,01d
2025-08-01 07:54:53,Vinh Long,Vinh Long,29.23,29.23,29.23,78.0,34.93,10000.0,0.0,6.0,5.36,8.42,238.0,1008.0,1,800,Clear,clear sky,01d
2025-08-01 07:58:39,Vinh Long,Vinh Long,29.23,29.23,29.23,78.0,34.93,10000.0,0.0,6.0,5.36,8.42,238.0,1008.0,1,800,Clear,clear sky,01d
2025-08-01 08:02:25,Vinh Long,Vinh Long,29.19,29.19,29.19,83.0,35.98,10000.0,0.0,6.0,5.36,8.42,238.0,1008.0,1,800,Clear,clear sky,01d
2025-08-01 08:06:11,Vinh Long,Vinh Long,29.19,29.19,29.19,83.0,35.98,10000.0,0.0,6.0,5.36,8.42,238.0,1008.0,1,800,Clear,clear sky,01d
2025-08-01 08:09:57,Vinh Long,Vinh Long,29.19,29.19,29.19,83.0,35.98,10000.0,0.0,6.0,5.36,8.42,238.0,1008.0,1,800,Clear,clear sky,01d
2025-08-01 08:13:43,Vinh Long,Vinh Long,29.19,29.19,29.19,83.0,35.98,10000.0,0.0,6.0,5.36,8.42,238.0,1008.0,1,800,Clear,clear sky,01d
2025-08-01 08:17:28,Vinh Long,Vinh Long,29.19,29.19,29.19,83.0,35.98,10000.0,0.0,6.0,5.36,8.42,238.0,1008.0,1,800,Clear,clear sky,01d
2025-08-01 08:21:14,Vinh Long,Vinh Long,29.23,29.23,29.23,83.0,36.1,10000.0,0.0,6.0,5.36,8.42,238.0,1008.0,1,800,Clear,clear sky,01d
2025-08-01 08:25:00,Vinh Long,Vinh Long,29.23,29.23,29.23,83.0,36.1,10000.0,0.0,6.0,5.36,8.42,238.0,1008.0,1,800,Clear,clear sky,01d
2025-08-01 08:28:46,Vinh Long,Vinh Long,29.23,29.23,29.23,83.0,36.1,10000.0,0.0,6.0,5.36,8.42,238.0,1008.0,1,800,Clear,clear sky,01d
2025-08-01 08:32:31,Vinh Long,Vinh Long,29.23,29.23,29.23,83.0,36.1,10000.0,0.0,6.0,5.36,8.42,238.0,1008.0,1,800,Clear,clear sky,01d
2025-08-01 08:36:17,Vinh Long,Vinh Long,30.89,30.89,30.89,74.0,37.89,10000.0,0.0,32.0,5.08,6.98,239.0,1008.0,1,802,Clouds,scattered clouds,03d
2025-08-01 08:40:04,Vinh Long,Vinh Long,30.89,30.89,30.89,74.0,37.89,10000.0,0.0,32.0,5.08,6.98,239.0,1008.0,1,802,Clouds,scattered clouds,03d
2025-08-01 08:43:49,Vinh Long,Vinh Long,30.89,30.89,30.89,74.0,37.89,10000.0,0.0,32.0,5.08,6.98,239.0,1008.0,1,802,Clouds,scattered clouds,03d
2025-08-01 08:47:35,Vinh Long,Vinh Long,30.89,30.89,30.89,74.0,37.89,10000.0,0.0,32.0,5.08,6.98,239.0,1008.0,1,802,Clouds,scattered clouds,03d
2025-08-01 08:51:21,Vinh Long,Vinh Long,31.06,31.06,31.06,71.0,38.06,10000.0,0.0,32.0,5.08,6.98,239.0,1008.0,1,802,Clouds,scattered clouds,03d
2025-08-01 08:55:07,Vinh Long,Vinh Long,31.06,31.06,31.06,71.0,38.06,10000.0,0.0,32.0,5.08,6.98,239.0,1008.0,1,802,Clouds,scattered clouds,03d
2025-08-01 08:58:52,Vinh Long,Vinh Long,31.06,31.06,31.06,71.0,38.06,10000.0,0.0,32.0,5.08,6.98,239.0,1008.0,1,802,Clouds,scattered clouds,03d
2025-08-01 09:02:37,Vinh Long,Vinh Long,31.06,31.06,31.06,71.0,38.06,10000.0,0.0,32.0,5.08,6.98,239.0,1008.0,1,802,Clouds,scattered clouds,03d
2025-08-01 09:06:23,Vinh Long,Vinh Long,31.07,31.07,31.07,77.0,38.07,10000.0,0.0,32.0,5.08,6.98,239.0,1008.0,1,802,Clouds,scattered clouds,03d
2025-08-01 09:10:10,Vinh Long,Vinh Long,31.07,31.07,31.07,77.0,38.07,10000.0,0.0,32.0,5.08,6.98,239.0,1008.0,1,802,Clouds,scattered clouds,03d
2025-08-01 09:13:55,Vinh Long,Vinh Long,31.07,31.07,31.07,77.0,38.07,10000.0,0.0,32.0,5.08,6.98,239.0,1008.0,1,802,Clouds,scattered clouds,03d
2025-08-01 09:20:11,Vinh Long,Vinh Long,30.99,30.99,30.99,77.0,37.99,10000.0,0.0,32.0,5.08,6.98,239.0,1008.0,1,802,Clouds,scattered clouds,03d
2025-08-01 09:23:57,Vinh Long,Vinh Long,30.99,30.99,30.99,77.0,37.99,10000.0,0.0,32.0,5.08,6.98,239.0,1008.0,1,802,Clouds,scattered clouds,03d
2025-08-01 09:27:43,Vinh Long,Vinh Long,30.99,30.99,30.99,77.0,37.99,10000.0,0.0,32.0,5.08,6.98,239.0,1008.0,1,802,Clouds,scattered clouds,03d
2025-08-01 09:31:28,Vinh Long,Vinh Long,30.99,30.99,30.99,77.0,37.99,10000.0,0.0,32.0,5.08,6.98,239.0,1008.0,1,802,Clouds,scattered clouds,03d
2025-08-01 09:35:14,Vinh Long,Vinh Long,28.78,28.78,28.78,68.0,31.91,10000.0,0.0,45.0,5.55,7.19,245.0,1008.0,1,802,Clouds,scattered clouds,03d
2025-08-01 09:39:00,Vinh Long,Vinh Long,28.78,28.78,28.78,68.0,31.91,10000.0,0.0,45.0,5.55,7.19,245.0,1008.0,1,802,Clouds,scattered clouds,03d
2025-08-01 09:42:45,Vinh Long,Vinh Long,28.78,28.78,28.78,68.0,31.91,10000.0,0.0,45.0,5.55,7.19,245.0,1008.0,1,802,Clouds,scattered clouds,03d
2025-08-01 09:46:31,Vinh Long,Vinh Long,28.84,28.84,28.84,67.0,31.86,10000.0,0.0,45.0,5.55,7.19,245.0,1008.0,1,802,Clouds,scattered clouds,03d
2025-08-01 09:50:17,Vinh Long,Vinh Long,28.84,28.84,28.84,67.0,31.86,10000.0,0.0,45.0,5.55,7.19,245.0,1008.0,1,802,Clouds,scattered clouds,03d
2025-08-01 09:54:02,Vinh Long,Vinh Long,28.84,28.84,28.84,67.0,31.86,10000.0,0.0,45.0,5.55,7.19,245.0,1008.0,1,802,Clouds,scattered clouds,03d
2025-08-01 09:57:48,Vinh Long,Vinh Long,28.84,28.84,28.84,67.0,31.86,10000.0,0.0,45.0,5.55,7.19,245.0,1008.0,1,802,Clouds,scattered clouds,03d
2025-08-01 10:01:34,Vinh Long,Vinh Long,28.98,28.98,28.98,74.0,33.45,10000.0,0.0,45.0,5.55,7.19,245.0,1008.0,1,802,Clouds,scattered clouds,03d
2025-08-01 10:05:20,Vinh Long,Vinh Long,28.98,28.98,28.98,74.0,33.45,10000.0,0.0,45.0,5.55,7.19,245.0,1008.0,1,802,Clouds,scattered clouds,03d
2025-08-01 10:09:06,Vinh Long,Vinh Long,28.98,28.98,28.98,74.0,33.45,10000.0,0.0,45.0,5.55,7.19,245.0,1008.0,1,802,Clouds,scattered clouds,03d
2025-08-01 10:12:51,Vinh Long,Vinh Long,28.98,28.98,28.98,74.0,33.45,10000.0,0.0,45.0,5.55,7.19,245.0,1008.0,1,802,Clouds,scattered clouds,03d
2025-08-01 10:16:36,Vinh Long,Vinh Long,28.98,28.98,28.98,74.0,33.45,10000.0,0.0,45.0,5.55,7.19,245.0,1008.0,1,802,Clouds,scattered clouds,03d
2025-08-01 10:20:22,Vinh Long,Vinh Long,28.95,28.95,28.95,74.0,33.37,10000.0,0.0,45.0,5.55,7.19,245.0,1008.0,1,802,Clouds,scattered clouds,03d
2025-08-01 10:24:08,Vinh Long,Vinh Long,28.95,28.95,28.95,74.0,33.37,10000.0,0.0,45.0,5.55,7.19,245.0,1008.0,1,802,Clouds,scattered clouds,03d
2025-08-01 10:27:53,Vinh Long,Vinh Long,28.95,28.95,28.95,74.0,33.37,10000.0,0.0,45.0,5.55,7.19,245.0,1008.0,1,802,Clouds,scattered clouds,03d
2025-08-01 10:31:40,Vinh Long,Vinh Long,29.21,29.21,29.21,63.0,31.9,10000.0,0.0,59.0,5.98,7.45,251.0,1007.0,1,803,Clouds,broken clouds,04d
2025-08-01 10:35:26,Vinh Long,Vinh Long,29.21,29.21,29.21,63.0,31.9,10000.0,0.0,59.0,5.98,7.45,251.0,1007.0,1,803,Clouds,broken clouds,04d
2025-08-01 10:39:11,Vinh Long,Vinh Long,29.21,29.21,29.21,63.0,31.9,10000.0,0.0,59.0,5.98,7.45,251.0,1007.0,1,803,Clouds,broken clouds,04d
2025-08-01 10:42:57,Vinh Long,Vinh Long,29.21,29.21,29.21,63.0,31.9,10000.0,0.0,59.0,5.98,7.45,251.0,1007.0,1,803,Clouds,broken clouds,04d
2025-08-01 10:46:43,Vinh Long,Vinh Long,29.32,29.32,29.32,59.0,31.42,10000.0,0.0,59.0,5.98,7.45,251.0,1007.0,1,803,Clouds,broken clouds,04d
2025-08-01 10:50:29,Vinh Long,Vinh Long,29.32,29.32,29.32,59.0,31.42,10000.0,0.0,59.0,5.98,7.45,251.0,1007.0,1,803,Clouds,broken clouds,04d
2025-08-01 10:54:14,Vinh Long,Vinh Long,29.32,29.32,29.32,59.0,31.42,10000.0,0.0,59.0,5.98,7.45,251.0,1007.0,1,803,Clouds,broken clouds,04d
2025-08-01 10:58:00,Vinh Long,Vinh Long,29.32,29.32,29.32,59.0,31.42,10000.0,0.0,59.0,5.98,7.45,251.0,1007.0,1,803,Clouds,broken clouds,04d
2025-08-01 11:01:46,Vinh Long,Vinh Long,29.32,29.32,29.32,59.0,31.42,10000.0,0.0,59.0,5.98,7.45,251.0,1007.0,1,803,Clouds,broken clouds,04d
2025-08-01 11:05:34,Vinh Long,Vinh Long,29.51,29.51,29.51,64.0,32.66,10000.0,0.0,59.0,5.98,7.45,251.0,1007.0,1,803,Clouds,broken clouds,04d
2025-08-01 11:09:20,Vinh Long,Vinh Long,29.51,29.51,29.51,64.0,32.66,10000.0,0.0,59.0,5.98,7.45,251.0,1007.0,1,803,Clouds,broken clouds,04d
2025-08-01 11:13:06,Vinh Long,Vinh Long,29.51,29.51,29.51,64.0,32.66,10000.0,0.0,59.0,5.98,7.45,251.0,1007.0,1,803,Clouds,broken clouds,04d
2025-08-01 11:16:52,Vinh Long,Vinh Long,29.54,29.54,29.54,64.0,32.72,10000.0,0.0,59.0,5.98,7.45,251.0,1007.0,1,803,Clouds,broken clouds,04d
2025-08-01 11:20:37,Vinh Long,Vinh Long,29.54,29.54,29.54,64.0,32.72,10000.0,0.0,59.0,5.98,7.45,251.0,1007.0,1,803,Clouds,broken clouds,04d
2025-08-01 11:24:23,Vinh Long,Vinh Long,29.54,29.54,29.54,64.0,32.72,10000.0,0.0,59.0,5.98,7.45,251.0,1007.0,1,803,Clouds,broken clouds,04d
2025-08-01 11:28:09,Vinh Long,Vinh Long,29.54,29.54,29.54,64.0,32.72,10000.0,0.0,59.0,5.98,7.45,251.0,1007.0,1,803,Clouds,broken clouds,04d
2025-08-01 11:31:55,Vinh Long,Vinh Long,30.51,30.51,30.51,56.0,32.97,10000.0,0.0,65.0,6.26,6.98,252.0,1007.0,1,803,Clouds,broken clouds,04d
2025-08-01 11:35:41,Vinh Long,Vinh Long,30.51,30.51,30.51,56.0,32.97,10000.0,0.0,65.0,6.26,6.98,252.0,1007.0,1,803,Clouds,broken clouds,04d
2025-08-01 11:39:27,Vinh Long,Vinh Long,30.51,30.51,30.51,56.0,32.97,10000.0,0.0,65.0,6.26,6.98,252.0,1007.0,1,803,Clouds,broken clouds,04d
2025-08-01 11:43:12,Vinh Long,Vinh Long,30.51,30.51,30.51,56.0,32.97,10000.0,0.0,65.0,6.26,6.98,252.0,1007.0,1,803,Clouds,broken clouds,04d
2025-08-01 11:46:58,Vinh Long,Vinh Long,30.55,30.55,30.55,54.0,32.64,10000.0,0.0,65.0,6.26,6.98,252.0,1006.0,1,803,Clouds,broken clouds,04d
2025-08-01 11:50:44,Vinh Long,Vinh Long,30.55,30.55,30.55,54.0,32.64,10000.0,0.0,65.0,6.26,6.98,252.0,1006.0,1,803,Clouds,broken clouds,04d
2025-08-01 11:54:29,Vinh Long,Vinh Long,30.55,30.55,30.55,54.0,32.64,10000.0,0.0,65.0,6.26,6.98,252.0,1006.0,1,803,Clouds,broken clouds,04d
2025-08-01 11:58:15,Vinh Long,Vinh Long,30.55,30.55,30.55,54.0,32.64,10000.0,0.0,65.0,6.26,6.98,252.0,1006.0,1,803,Clouds,broken clouds,04d
2025-08-01 12:02:01,Vinh Long,Vinh Long,30.55,30.55,30.55,54.0,32.64,10000.0,0.0,65.0,6.26,6.98,252.0,1006.0,1,803,Clouds,broken clouds,04d
2025-08-01 12:05:46,Vinh Long,Vinh Long,30.55,30.55,30.55,54.0,32.64,10000.0,0.0,65.0,6.26,6.98,252.0,1006.0,1,803,Clouds,broken clouds,04d
2025-08-01 12:09:32,Vinh Long,Vinh Long,30.78,30.78,30.78,60.0,34.38,10000.0,0.0,65.0,6.26,6.98,252.0,1007.0,1,803,Clouds,broken clouds,04d
2025-08-01 12:13:17,Vinh Long,Vinh Long,30.78,30.78,30.78,60.0,34.38,10000.0,0.0,65.0,6.26,6.98,252.0,1007.0,1,803,Clouds,broken clouds,04d
2025-08-01 12:17:03,Vinh Long,Vinh Long,30.76,30.76,30.76,60.0,34.34,10000.0,0.0,65.0,6.26,6.98,252.0,1007.0,1,803,Clouds,broken clouds,04d
2025-08-01 12:20:49,Vinh Long,Vinh Long,30.76,30.76,30.76,60.0,34.34,10000.0,0.0,65.0,6.26,6.98,252.0,1007.0,1,803,Clouds,broken clouds,04d
2025-08-01 12:24:34,Vinh Long,Vinh Long,30.76,30.76,30.76,60.0,34.34,10000.0,0.0,65.0,6.26,6.98,252.0,1007.0,1,803,Clouds,broken clouds,04d
2025-08-01 12:28:20,Vinh Long,Vinh Long,30.76,30.76,30.76,60.0,34.34,10000.0,0.0,65.0,6.26,6.98,252.0,1007.0,1,803,Clouds,broken clouds,04d
2025-08-01 12:32:06,Vinh Long,Vinh Long,30.76,30.76,30.76,60.0,34.34,10000.0,0.0,65.0,6.26,6.98,252.0,1007.0,1,803,Clouds,broken clouds,04d
2025-08-01 12:35:52,Vinh Long,Vinh Long,32.18,32.18,32.18,54.0,35.74,10000.0,0.0,71.0,6.72,7.08,252.0,1006.0,1,803,Clouds,broken clouds,04d
2025-08-01 12:39:38,Vinh Long,Vinh Long,32.18,32.18,32.18,54.0,35.74,10000.0,0.0,71.0,6.72,7.08,252.0,1006.0,1,803,Clouds,broken clouds,04d
2025-08-01 12:43:23,Vinh Long,Vinh Long,32.18,32.18,32.18,54.0,35.74,10000.0,0.0,71.0,6.72,7.08,252.0,1006.0,1,803,Clouds,broken clouds,04d
2025-08-01 12:47:08,Vinh Long,Vinh Long,32.18,32.18,32.18,54.0,35.74,10000.0,0.0,71.0,6.72,7.08,252.0,1006.0,1,803,Clouds,broken clouds,04d
2025-08-01 12:50:54,Vinh Long,Vinh Long,32.18,32.18,32.18,54.0,35.74,10000.0,0.0,60.0,6.88,7.29,252.0,1006.0,1,803,Clouds,broken clouds,04d
2025-08-01 12:54:40,Vinh Long,Vinh Long,32.18,32.18,32.18,54.0,35.74,10000.0,0.0,60.0,6.88,7.29,252.0,1006.0,1,803,Clouds,broken clouds,04d
2025-08-01 12:58:26,Vinh Long,Vinh Long,32.18,32.18,32.18,54.0,35.74,10000.0,0.0,60.0,6.88,7.29,252.0,1006.0,1,803,Clouds,broken clouds,04d
2025-08-01 13:02:12,Vinh Long,Vinh Long,32.18,32.18,32.18,54.0,35.74,10000.0,0.0,60.0,6.88,7.29,252.0,1006.0,1,803,Clouds,broken clouds,04d
2025-08-01 13:05:57,Vinh Long,Vinh Long,32.18,32.18,32.18,54.0,35.74,10000.0,0.0,60.0,6.88,7.29,252.0,1006.0,1,803,Clouds,broken clouds,04d
2025-08-01 13:09:43,Vinh Long,Vinh Long,32.46,32.46,32.46,55.0,36.62,10000.0,0.0,60.0,6.88,7.29,252.0,1006.0,1,803,Clouds,broken clouds,04d
2025-08-01 13:13:29,Vinh Long,Vinh Long,32.46,32.46,32.46,55.0,36.62,10000.0,0.0,60.0,6.88,7.29,252.0,1006.0,1,803,Clouds,broken clouds,04d
2025-08-01 13:17:18,Vinh Long,Vinh Long,32.43,32.43,32.43,55.0,36.55,10000.0,0.0,60.0,6.88,7.29,252.0,1006.0,1,803,Clouds,broken clouds,04d
2025-08-01 13:21:09,Vinh Long,Vinh Long,32.46,32.46,32.46,55.0,36.62,10000.0,0.0,60.0,6.88,7.29,252.0,1006.0,1,803,Clouds,broken clouds,04d
2025-08-01 13:25:00,Vinh Long,Vinh Long,32.43,32.43,32.43,55.0,36.55,10000.0,0.0,60.0,6.88,7.29,252.0,1006.0,1,803,Clouds,broken clouds,04d
2025-08-01 13:28:49,Vinh Long,Vinh Long,32.43,32.43,32.43,55.0,36.55,10000.0,0.0,60.0,6.88,7.29,252.0,1006.0,1,803,Clouds,broken clouds,04d
2025-08-01 13:32:38,Vinh Long,Vinh Long,33.56,33.56,33.56,51.0,37.76,10000.0,0.0,100.0,6.94,7.2,248.0,1005.0,1,804,Clouds,overcast clouds,04d
2025-08-01 13:36:28,Vinh Long,Vinh Long,33.56,33.56,33.56,51.0,37.76,10000.0,0.0,100.0,6.94,7.2,248.0,1005.0,1,804,Clouds,overcast clouds,04d
2025-08-01 13:40:17,Vinh Long,Vinh Long,33.56,33.56,33.56,51.0,37.76,10000.0,0.0,100.0,6.94,7.2,248.0,1005.0,1,804,Clouds,overcast clouds,04d
2025-08-01 13:44:07,Vinh Long,Vinh Long,33.56,33.56,33.56,51.0,37.76,10000.0,0.0,100.0,6.94,7.2,248.0,1005.0,1,804,Clouds,overcast clouds,04d
2025-08-01 13:47:56,Vinh Long,Vinh Long,33.49,33.49,33.49,51.0,37.61,10000.0,0.0,100.0,6.94,7.2,248.0,1005.0,1,804,Clouds,overcast clouds,04d
2025-08-01 13:51:45,Vinh Long,Vinh Long,33.49,33.49,33.49,51.0,37.61,10000.0,0.0,100.0,6.94,7.2,248.0,1005.0,1,804,Clouds,overcast clouds,04d
2025-08-01 13:55:34,Vinh Long,Vinh Long,33.49,33.49,33.49,51.0,37.61,10000.0,0.0,100.0,6.94,7.2,248.0,1005.0,1,804,Clouds,overcast clouds,04d
2025-08-01 13:59:23,Vinh Long,Vinh Long,33.49,33.49,33.49,51.0,37.61,10000.0,0.0,100.0,6.94,7.2,248.0,1005.0,1,804,Clouds,overcast clouds,04d
2025-08-01 14:03:14,Vinh Long,Vinh Long,33.55,33.55,33.55,55.0,39.09,10000.0,0.0,100.0,6.94,7.2,248.0,1005.0,1,804,Clouds,overcast clouds,04d
2025-08-01 14:07:04,Vinh Long,Vinh Long,33.55,33.55,33.55,55.0,39.09,10000.0,0.0,100.0,6.94,7.2,248.0,1005.0,1,804,Clouds,overcast clouds,04d
2025-08-01 14:10:53,Vinh Long,Vinh Long,33.55,33.55,33.55,55.0,39.09,10000.0,0.0,100.0,6.94,7.2,248.0,1005.0,1,804,Clouds,overcast clouds,04d
2025-08-01 14:14:43,Vinh Long,Vinh Long,33.55,33.55,33.55,55.0,39.09,10000.0,0.0,100.0,6.94,7.2,248.0,1005.0,1,804,Clouds,overcast clouds,04d
2025-08-01 14:18:32,Vinh Long,Vinh Long,33.55,33.55,33.55,55.0,39.09,10000.0,0.0,100.0,6.94,7.2,248.0,1005.0,1,804,Clouds,overcast clouds,04d
2025-08-01 14:22:22,Vinh Long,Vinh Long,33.6,33.6,33.6,55.0,39.21,10000.0,0.0,100.0,6.94,7.2,248.0,1005.0,1,804,Clouds,overcast clouds,04d
2025-08-01 14:26:11,Vinh Long,Vinh Long,33.6,33.6,33.6,55.0,39.21,10000.0,0.0,100.0,6.94,7.2,248.0,1005.0,1,804,Clouds,overcast clouds,04d
2025-08-01 14:30:00,Vinh Long,Vinh Long,33.6,33.6,33.6,55.0,39.21,10000.0,0.0,100.0,6.94,7.2,248.0,1005.0,1,804,Clouds,overcast clouds,04d
2025-08-01 14:33:49,Vinh Long,Vinh Long,33.44,33.44,33.44,52.0,37.83,10000.0,0.0,100.0,6.85,7.21,249.0,1004.0,1,804,Clouds,overcast clouds,04d
2025-08-01 14:37:38,Vinh Long,Vinh Long,33.44,33.44,33.44,52.0,37.83,10000.0,0.0,100.0,6.85,7.21,249.0,1004.0,1,804,Clouds,overcast clouds,04d
2025-08-01 14:41:27,Vinh Long,Vinh Long,33.44,33.44,33.44,52.0,37.83,10000.0,0.0,100.0,6.85,7.21,249.0,1004.0,1,804,Clouds,overcast clouds,04d
2025-08-01 14:45:17,Vinh Long,Vinh Long,33.44,33.44,33.44,52.0,37.83,10000.0,0.0,100.0,6.85,7.21,249.0,1004.0,1,804,Clouds,overcast clouds,04d
2025-08-01 14:49:08,Vinh Long,Vinh Long,33.38,33.38,33.38,53.0,38.02,10000.0,0.0,100.0,6.85,7.21,249.0,1004.0,1,804,Clouds,overcast clouds,04d
2025-08-01 14:52:57,Vinh Long,Vinh Long,33.38,33.38,33.38,53.0,38.02,10000.0,0.0,100.0,6.85,7.21,249.0,1004.0,1,804,Clouds,overcast clouds,04d
2025-08-01 14:56:45,Vinh Long,Vinh Long,33.38,33.38,33.38,53.0,38.02,10000.0,0.0,100.0,6.85,7.21,249.0,1004.0,1,804,Clouds,overcast clouds,04d
2025-08-01 15:00:35,Vinh Long,Vinh Long,33.38,33.38,33.38,53.0,38.02,10000.0,0.0,100.0,6.85,7.21,249.0,1004.0,1,804,Clouds,overcast clouds,04d
2025-08-01 15:04:24,Vinh Long,Vinh Long,33.38,33.38,33.38,53.0,38.02,10000.0,0.0,100.0,6.85,7.21,249.0,1004.0,1,804,Clouds,overcast clouds,04d
2025-08-01 15:08:14,Vinh Long,Vinh Long,33.38,33.38,33.38,53.0,38.02,10000.0,0.0,100.0,6.85,7.21,249.0,1004.0,1,804,Clouds,overcast clouds,04d
2025-08-01 15:12:04,Vinh Long,Vinh Long,33.4,33.4,33.4,58.0,39.81,10000.0,0.0,100.0,6.85,7.21,249.0,1005.0,1,804,Clouds,overcast clouds,04d
2025-08-01 15:15:53,Vinh Long,Vinh Long,33.4,33.4,33.4,58.0,39.81,10000.0,0.0,100.0,6.85,7.21,249.0,1005.0,1,804,Clouds,overcast clouds,04d
2025-08-01 15:19:44,Vinh Long,Vinh Long,33.37,33.37,33.37,58.0,39.73,10000.0,0.0,100.0,6.85,7.21,249.0,1004.0,1,804,Clouds,overcast clouds,04d
2025-08-01 15:23:34,Vinh Long,Vinh Long,33.37,33.37,33.37,58.0,39.73,10000.0,0.0,100.0,6.85,7.21,249.0,1004.0,1,804,Clouds,overcast clouds,04d
2025-08-01 15:27:23,Vinh Long,Vinh Long,33.37,33.37,33.37,58.0,39.73,10000.0,0.0,100.0,6.85,7.21,249.0,1004.0,1,804,Clouds,overcast clouds,04d
2025-08-01 15:31:15,Vinh Long,Vinh Long,32.94,32.94,32.94,56.0,38.0,10000.0,0.0,100.0,6.55,7.36,251.0,1004.0,1,804,Clouds,overcast clouds,04d
2025-08-01 15:35:05,Vinh Long,Vinh Long,32.94,32.94,32.94,56.0,38.0,10000.0,0.0,100.0,6.55,7.36,251.0,1004.0,1,804,Clouds,overcast clouds,04d
2025-08-01 15:38:55,Vinh Long,Vinh Long,32.94,32.94,32.94,56.0,38.0,10000.0,0.0,100.0,6.55,7.36,251.0,1004.0,1,804,Clouds,overcast clouds,04d
2025-08-01 15:42:44,Vinh Long,Vinh Long,32.94,32.94,32.94,56.0,38.0,10000.0,0.0,100.0,6.55,7.36,251.0,1004.0,1,804,Clouds,overcast clouds,04d
2025-08-01 15:46:33,Vinh Long,Vinh Long,32.94,32.94,32.94,56.0,38.0,10000.0,0.0,100.0,6.55,7.36,251.0,1004.0,1,804,Clouds,overcast clouds,04d
2025-08-01 15:50:23,Vinh Long,Vinh Long,32.91,32.91,32.91,56.0,37.93,10000.0,0.0,100.0,6.55,7.36,251.0,1004.0,1,804,Clouds,overcast clouds,04d
2025-08-01 15:54:13,Vinh Long,Vinh Long,32.91,32.91,32.91,56.0,37.93,10000.0,0.0,100.0,6.55,7.36,251.0,1004.0,1,804,Clouds,overcast clouds,04d
2025-08-01 15:58:03,Vinh Long,Vinh Long,32.91,32.91,32.91,56.0,37.93,10000.0,0.0,100.0,6.55,7.36,251.0,1004.0,1,804,Clouds,overcast clouds,04d
2025-08-01 16:01:52,Vinh Long,Vinh Long,32.9,32.9,32.9,61.0,39.62,10000.0,0.0,100.0,6.55,7.36,251.0,1004.0,1,804,Clouds,overcast clouds,04d
2025-08-01 16:05:42,Vinh Long,Vinh Long,32.9,32.9,32.9,61.0,39.62,10000.0,0.0,100.0,6.55,7.36,251.0,1004.0,1,804,Clouds,overcast clouds,04d
2025-08-01 16:09:31,Vinh Long,Vinh Long,32.9,32.9,32.9,61.0,39.62,10000.0,0.0,100.0,6.55,7.36,251.0,1004.0,1,804,Clouds,overcast clouds,04d
2025-08-01 16:13:21,Vinh Long,Vinh Long,32.9,32.9,32.9,61.0,39.62,10000.0,0.0,100.0,6.55,7.36,251.0,1004.0,1,804,Clouds,overcast clouds,04d
2025-08-01 16:17:10,Vinh Long,Vinh Long,32.9,32.9,32.9,61.0,39.62,10000.0,0.0,100.0,6.55,7.36,251.0,1004.0,1,804,Clouds,overcast clouds,04d
2025-08-01 16:20:59,Vinh Long,Vinh Long,32.9,32.9,32.9,61.0,39.62,10000.0,0.0,100.0,6.55,7.36,251.0,1004.0,1,804,Clouds,overcast clouds,04d
2025-08-01 16:24:49,Vinh Long,Vinh Long,32.9,32.9,32.9,61.0,39.62,10000.0,0.0,100.0,6.55,7.36,251.0,1004.0,1,804,Clouds,overcast clouds,04d
2025-08-01 16:28:38,Vinh Long,Vinh Long,32.9,32.9,32.9,61.0,39.62,10000.0,0.0,100.0,6.55,7.36,251.0,1004.0,1,804,Clouds,overcast clouds,04d
2025-08-01 16:32:27,Vinh Long,Vinh Long,32.9,32.9,32.9,61.0,39.62,10000.0,0.0,100.0,6.55,7.36,251.0,1004.0,1,804,Clouds,overcast clouds,04d
2025-08-01 16:36:15,Vinh Long,Vinh Long,32.25,32.25,32.25,60.0,37.67,10000.0,0.0,100.0,6.02,7.62,246.0,1004.0,1,804,Clouds,overcast clouds,04d
2025-08-01 16:40:05,Vinh Long,Vinh Long,32.25,32.25,32.25,60.0,37.67,10000.0,0.0,100.0,6.02,7.62,246.0,1004.0,1,804,Clouds,overcast clouds,04d
2025-08-01 16:43:56,Vinh Long,Vinh Long,32.25,32.25,32.25,60.0,37.67,10000.0,0.0,100.0,6.02,7.62,246.0,1004.0,1,804,Clouds,overcast clouds,04d
2025-08-01 16:47:46,Vinh Long,Vinh Long,32.25,32.25,32.25,60.0,37.67,10000.0,0.0,100.0,6.02,7.62,246.0,1004.0,1,804,Clouds,overcast clouds,04d
2025-08-01 16:51:36,Vinh Long,Vinh Long,32.2,32.2,32.2,60.0,37.55,10000.0,0.0,100.0,6.02,7.62,246.0,1004.0,1,804,Clouds,overcast clouds,04d
2025-08-01 16:55:26,Vinh Long,Vinh Long,32.2,32.2,32.2,60.0,37.55,10000.0,0.0,100.0,6.02,7.62,246.0,1004.0,1,804,Clouds,overcast clouds,04d
2025-08-01 16:59:15,Vinh Long,Vinh Long,32.2,32.2,32.2,60.0,37.55,10000.0,0.0,100.0,6.02,7.62,246.0,1004.0,1,804,Clouds,overcast clouds,04d
2025-08-01 17:03:06,Vinh Long,Vinh Long,32.2,32.2,32.2,60.0,37.55,10000.0,0.0,100.0,6.02,7.62,246.0,1004.0,1,804,Clouds,overcast clouds,04d
2025-08-01 17:06:55,Vinh Long,Vinh Long,32.22,32.22,32.22,63.0,38.57,10000.0,0.0,100.0,6.02,7.62,246.0,1004.0,1,804,Clouds,overcast clouds,04d
2025-08-01 17:10:45,Vinh Long,Vinh Long,32.22,32.22,32.22,63.0,38.57,10000.0,0.0,100.0,6.02,7.62,246.0,1004.0,1,804,Clouds,overcast clouds,04d
2025-08-01 17:14:34,Vinh Long,Vinh Long,32.22,32.22,32.22,63.0,38.57,10000.0,0.0,100.0,6.02,7.62,246.0,1004.0,1,804,Clouds,overcast clouds,04d
2025-08-01 17:18:25,Vinh Long,Vinh Long,32.22,32.22,32.22,63.0,38.57,10000.0,0.0,100.0,6.02,7.62,246.0,1004.0,1,804,Clouds,overcast clouds,04d
2025-08-01 17:22:15,Vinh Long,Vinh Long,32.22,32.22,32.22,63.0,38.57,10000.0,0.0,100.0,6.02,7.62,246.0,1004.0,1,804,Clouds,overcast clouds,04d
2025-08-01 17:26:05,Vinh Long,Vinh Long,32.22,32.22,32.22,63.0,38.57,10000.0,0.0,100.0,6.02,7.62,246.0,1004.0,1,804,Clouds,overcast clouds,04d
2025-08-01 17:29:54,Vinh Long,Vinh Long,32.22,32.22,32.22,63.0,38.57,10000.0,0.0,100.0,6.02,7.62,246.0,1004.0,1,804,Clouds,overcast clouds,04d
2025-08-01 17:33:43,Vinh Long,Vinh Long,32.22,32.22,32.22,63.0,38.57,10000.0,0.0,100.0,6.02,7.62,246.0,1004.0,1,804,Clouds,overcast clouds,04d
2025-08-01 17:37:33,Vinh Long,Vinh Long,29.97,29.97,29.97,66.0,34.04,10000.0,0.0,95.0,5.59,9.53,246.0,1005.0,1,804,Clouds,overcast clouds,04d
2025-08-01 17:41:22,Vinh Long,Vinh Long,29.97,29.97,29.97,66.0,34.04,10000.0,0.0,95.0,5.59,9.53,246.0,1005.0,1,804,Clouds,overcast clouds,04d
2025-08-01 17:45:12,Vinh Long,Vinh Long,29.97,29.97,29.97,66.0,34.04,10000.0,0.0,95.0,5.59,9.53,246.0,1005.0,1,804,Clouds,overcast clouds,04d
2025-08-01 17:49:02,Vinh Long,Vinh Long,29.97,29.97,29.97,66.0,34.04,10000.0,0.0,95.0,5.59,9.53,246.0,1005.0,1,804,Clouds,overcast clouds,04d
2025-08-01 17:52:52,Vinh Long,Vinh Long,29.97,29.97,29.97,66.0,34.04,10000.0,0.0,95.0,5.59,9.53,246.0,1005.0,1,804,Clouds,overcast clouds,04d
2025-08-01 17:56:41,Vinh Long,Vinh Long,29.88,29.88,29.88,66.0,33.84,10000.0,0.0,95.0,5.59,9.53,246.0,1005.0,1,804,Clouds,overcast clouds,04d
2025-08-01 18:00:30,Vinh Long,Vinh Long,29.88,29.88,29.88,66.0,33.84,10000.0,0.0,95.0,5.59,9.53,246.0,1005.0,1,804,Clouds,overcast clouds,04d
2025-08-01 18:04:19,Vinh Long,Vinh Long,29.88,29.88,29.88,66.0,33.84,10000.0,0.0,95.0,5.59,9.53,246.0,1005.0,1,804,Clouds,overcast clouds,04d
2025-08-01 18:08:09,Vinh Long,Vinh Long,29.98,29.98,29.98,69.0,34.75,10000.0,0.0,95.0,5.59,9.53,246.0,1005.0,1,804,Clouds,overcast clouds,04d
2025-08-01 18:11:58,Vinh Long,Vinh Long,29.88,29.88,29.88,66.0,33.84,10000.0,0.0,95.0,5.59,9.53,246.0,1005.0,1,804,Clouds,overcast clouds,04d
2025-08-01 18:15:47,Vinh Long,Vinh Long,29.98,29.98,29.98,69.0,34.75,10000.0,0.0,95.0,5.59,9.53,246.0,1005.0,1,804,Clouds,overcast clouds,04d
2025-08-01 18:19:36,Vinh Long,Vinh Long,29.95,29.95,29.95,69.0,34.68,10000.0,0.0,95.0,5.59,9.53,246.0,1005.0,0,804,Clouds,overcast clouds,04n
2025-08-01 18:23:25,Vinh Long,Vinh Long,29.95,29.95,29.95,69.0,34.68,10000.0,0.0,95.0,5.59,9.53,246.0,1005.0,0,804,Clouds,overcast clouds,04n
2025-08-01 18:27:14,Vinh Long,Vinh Long,29.95,29.95,29.95,69.0,34.68,10000.0,0.0,95.0,5.59,9.53,246.0,1005.0,0,804,Clouds,overcast clouds,04n
2025-08-01 18:31:06,Vinh Long,Vinh Long,28.58,28.58,28.58,68.0,31.51,10000.0,0.0,96.0,5.18,10.24,248.0,1005.0,0,804,Clouds,overcast clouds,04n
2025-08-01 18:34:57,Vinh Long,Vinh Long,28.57,28.57,28.57,69.0,31.65,10000.0,0.0,96.0,5.18,10.24,248.0,1005.0,0,804,Clouds,overcast clouds,04n
2025-08-01 18:38:49,Vinh Long,Vinh Long,28.57,28.57,28.57,69.0,31.65,10000.0,0.0,96.0,5.18,10.24,248.0,1005.0,0,804,Clouds,overcast clouds,04n
2025-08-01 18:42:41,Vinh Long,Vinh Long,28.57,28.57,28.57,69.0,31.65,10000.0,0.0,70.0,5.08,9.88,252.0,1005.0,0,803,Clouds,broken clouds,04n
2025-08-01 18:46:32,Vinh Long,Vinh Long,28.57,28.57,28.57,69.0,31.65,10000.0,0.0,70.0,5.08,9.88,252.0,1005.0,0,803,Clouds,broken clouds,04n
2025-08-01 18:50:22,Vinh Long,Vinh Long,28.57,28.57,28.57,69.0,31.65,10000.0,0.0,70.0,5.08,9.88,252.0,1005.0,0,803,Clouds,broken clouds,04n
2025-08-01 18:54:13,Vinh Long,Vinh Long,28.57,28.57,28.57,69.0,31.65,10000.0,0.0,70.0,5.08,9.88,252.0,1005.0,0,803,Clouds,broken clouds,04n
2025-08-01 18:58:03,Vinh Long,Vinh Long,28.57,28.57,28.57,69.0,31.65,10000.0,0.0,70.0,5.08,9.88,252.0,1005.0,0,803,Clouds,broken clouds,04n
2025-08-01 19:01:52,Vinh Long,Vinh Long,28.57,28.57,28.57,69.0,31.65,10000.0,0.0,70.0,5.08,9.88,252.0,1005.0,0,803,Clouds,broken clouds,04n
2025-08-01 19:05:41,Vinh Long,Vinh Long,28.57,28.57,28.57,69.0,31.65,10000.0,0.0,70.0,5.08,9.88,252.0,1005.0,0,803,Clouds,broken clouds,04n
2025-08-01 19:09:31,Vinh Long,Vinh Long,28.57,28.57,28.57,69.0,31.65,10000.0,0.0,70.0,5.08,9.88,252.0,1005.0,0,803,Clouds,broken clouds,04n
2025-08-01 19:13:21,Vinh Long,Vinh Long,28.57,28.57,28.57,69.0,31.65,10000.0,0.0,70.0,5.08,9.88,252.0,1005.0,0,803,Clouds,broken clouds,04n
2025-08-01 19:17:11,Vinh Long,Vinh Long,29.84,29.84,29.84,72.0,35.12,10000.0,0.0,70.0,5.08,9.88,252.0,1006.0,0,803,Clouds,broken clouds,04n
2025-08-01 19:20:58,Vinh Long,Vinh Long,29.84,29.84,29.84,72.0,35.12,10000.0,0.0,70.0,5.08,9.88,252.0,1006.0,0,803,Clouds,broken clouds,04n
2025-08-01 19:24:43,Vinh Long,Vinh Long,29.84,29.84,29.84,72.0,35.12,10000.0,0.0,70.0,5.08,9.88,252.0,1006.0,0,803,Clouds,broken clouds,04n
2025-08-01 19:30:35,Vinh Long,Vinh Long,29.84,29.84,29.84,72.0,35.12,10000.0,0.0,70.0,5.08,9.88,252.0,1006.0,0,803,Clouds,broken clouds,04n
2025-08-01 19:34:21,Vinh Long,Vinh Long,29.22,29.22,29.22,76.0,34.46,10000.0,0.0,17.0,4.51,10.33,238.0,1007.0,0,801,Clouds,few clouds,02n
2025-08-01 19:38:06,Vinh Long,Vinh Long,29.22,29.22,29.22,76.0,34.46,10000.0,0.0,17.0,4.51,10.33,238.0,1007.0,0,801,Clouds,few clouds,02n
2025-08-01 19:41:52,Vinh Long,Vinh Long,29.22,29.22,29.22,76.0,34.46,10000.0,0.0,17.0,4.51,10.33,238.0,1007.0,0,801,Clouds,few clouds,02n
2025-08-01 19:45:38,Vinh Long,Vinh Long,29.22,29.22,29.22,76.0,34.46,10000.0,0.0,17.0,4.51,10.33,238.0,1007.0,0,801,Clouds,few clouds,02n
2025-08-01 19:49:23,Vinh Long,Vinh Long,29.22,29.22,29.22,76.0,34.46,10000.0,0.0,17.0,4.51,10.33,238.0,1007.0,0,801,Clouds,few clouds,02n
2025-08-01 19:53:09,Vinh Long,Vinh Long,29.11,29.11,29.11,77.0,34.39,10000.0,0.0,17.0,4.51,10.33,238.0,1007.0,0,801,Clouds,few clouds,02n
2025-08-01 19:56:55,Vinh Long,Vinh Long,29.11,29.11,29.11,77.0,34.39,10000.0,0.0,17.0,4.51,10.33,238.0,1007.0,0,801,Clouds,few clouds,02n
2025-08-01 20:00:41,Vinh Long,Vinh Long,29.11,29.11,29.11,77.0,34.39,10000.0,0.0,17.0,4.51,10.33,238.0,1007.0,0,801,Clouds,few clouds,02n
2025-08-01 20:04:27,Vinh Long,Vinh Long,29.1,29.1,29.1,82.0,35.48,10000.0,0.0,17.0,4.51,10.33,238.0,1007.0,0,801,Clouds,few clouds,02n
2025-08-01 20:08:13,Vinh Long,Vinh Long,29.1,29.1,29.1,82.0,35.48,10000.0,0.0,17.0,4.51,10.33,238.0,1007.0,0,801,Clouds,few clouds,02n
2025-08-01 20:11:59,Vinh Long,Vinh Long,29.1,29.1,29.1,82.0,35.48,10000.0,0.0,17.0,4.51,10.33,238.0,1007.0,0,801,Clouds,few clouds,02n
2025-08-01 20:15:44,Vinh Long,Vinh Long,29.1,29.1,29.1,82.0,35.48,10000.0,0.0,17.0,4.51,10.33,238.0,1007.0,0,801,Clouds,few clouds,02n
2025-08-01 20:19:30,Vinh Long,Vinh Long,29.11,29.11,29.11,82.0,35.51,10000.0,0.0,17.0,4.51,10.33,238.0,1007.0,0,801,Clouds,few clouds,02n
2025-08-01 20:23:16,Vinh Long,Vinh Long,29.11,29.11,29.11,82.0,35.51,10000.0,0.0,17.0,4.51,10.33,238.0,1007.0,0,801,Clouds,few clouds,02n
2025-08-01 20:27:02,Vinh Long,Vinh Long,29.11,29.11,29.11,82.0,35.51,10000.0,0.0,17.0,4.51,10.33,238.0,1007.0,0,801,Clouds,few clouds,02n
2025-08-01 20:30:48,Vinh Long,Vinh Long,28.56,28.56,28.56,80.0,33.54,10000.0,0.0,64.0,4.3,10.27,237.0,1007.0,0,803,Clouds,broken clouds,04n
2025-08-01 20:34:33,Vinh Long,Vinh Long,28.56,28.56,28.56,80.0,33.54,10000.0,0.0,64.0,4.3,10.27,237.0,1007.0,0,803,Clouds,broken clouds,04n
2025-08-01 20:38:18,Vinh Long,Vinh Long,28.56,28.56,28.56,80.0,33.54,10000.0,0.0,64.0,4.3,10.27,237.0,1007.0,0,803,Clouds,broken clouds,04n
2025-08-01 20:42:05,Vinh Long,Vinh Long,28.5,28.5,28.5,81.0,33.57,10000.0,0.0,64.0,4.3,10.27,237.0,1007.0,0,803,Clouds,broken clouds,04n
2025-08-01 20:45:51,Vinh Long,Vinh Long,28.5,28.5,28.5,81.0,33.57,10000.0,0.0,64.0,4.3,10.27,237.0,1007.0,0,803,Clouds,broken clouds,04n
2025-08-01 20:49:36,Vinh Long,Vinh Long,28.5,28.5,28.5,81.0,33.57,10000.0,0.0,64.0,4.3,10.27,237.0,1007.0,0,803,Clouds,broken clouds,04n
2025-08-01 20:53:22,Vinh Long,Vinh Long,28.49,28.49,28.49,80.0,33.36,10000.0,0.0,64.0,4.3,10.27,237.0,1007.0,0,803,Clouds,broken clouds,04n
2025-08-01 20:57:08,Vinh Long,Vinh Long,28.49,28.49,28.49,80.0,33.36,10000.0,0.0,64.0,4.3,10.27,237.0,1007.0,0,803,Clouds,broken clouds,04n
2025-08-01 21:00:53,Vinh Long,Vinh Long,28.49,28.49,28.49,80.0,33.36,10000.0,0.0,64.0,4.3,10.27,237.0,1007.0,0,803,Clouds,broken clouds,04n
2025-08-01 21:04:39,Vinh Long,Vinh Long,28.49,28.49,28.49,84.0,34.12,10000.0,0.0,64.0,4.3,10.27,237.0,1007.0,0,803,Clouds,broken clouds,04n
2025-08-01 21:08:24,Vinh Long,Vinh Long,28.49,28.49,28.49,84.0,34.12,10000.0,0.0,64.0,4.3,10.27,237.0,1007.0,0,803,Clouds,broken clouds,04n
2025-08-01 21:12:10,Vinh Long,Vinh Long,28.49,28.49,28.49,84.0,34.12,10000.0,0.0,64.0,4.3,10.27,237.0,1007.0,0,803,Clouds,broken clouds,04n
2025-08-01 21:15:56,Vinh Long,Vinh Long,28.49,28.49,28.49,84.0,34.12,10000.0,0.0,64.0,4.3,10.27,237.0,1007.0,0,803,Clouds,broken clouds,04n
2025-08-01 21:19:42,Vinh Long,Vinh Long,28.5,28.5,28.5,84.0,34.15,10000.0,0.0,64.0,4.3,10.27,237.0,1007.0,0,803,Clouds,broken clouds,04n
2025-08-01 21:23:28,Vinh Long,Vinh Long,28.5,28.5,28.5,84.0,34.15,10000.0,0.0,64.0,4.3,10.27,237.0,1007.0,0,803,Clouds,broken clouds,04n
2025-08-01 21:27:13,Vinh Long,Vinh Long,28.5,28.5,28.5,84.0,34.15,10000.0,0.0,64.0,4.3,10.27,237.0,1007.0,0,803,Clouds,broken clouds,04n
2025-08-01 21:31:00,Vinh Long,Vinh Long,28.12,28.12,28.12,82.0,32.73,10000.0,0.0,77.0,3.69,9.62,220.0,1008.0,0,803,Clouds,broken clouds,04n
2025-08-01 21:34:46,Vinh Long,Vinh Long,28.12,28.12,28.12,85.0,33.24,10000.0,0.0,77.0,3.69,9.62,220.0,1008.0,0,803,Clouds,broken clouds,04n
2025-08-01 21:38:31,Vinh Long,Vinh Long,28.12,28.12,28.12,85.0,33.24,10000.0,0.0,77.0,3.69,9.62,220.0,1008.0,0,803,Clouds,broken clouds,04n
2025-08-01 21:42:16,Vinh Long,Vinh Long,28.12,28.12,28.12,85.0,33.24,10000.0,0.0,77.0,3.69,9.62,220.0,1008.0,0,803,Clouds,broken clouds,04n
2025-08-01 21:46:03,Vinh Long,Vinh Long,28.12,28.12,28.12,85.0,33.24,10000.0,0.0,77.0,3.69,9.62,220.0,1008.0,0,803,Clouds,broken clouds,04n
2025-08-01 21:49:49,Vinh Long,Vinh Long,28.12,28.12,28.12,85.0,33.24,10000.0,0.0,77.0,3.69,9.62,220.0,1008.0,0,803,Clouds,broken clouds,04n
2025-08-01 21:53:34,Vinh Long,Vinh Long,28.12,28.12,28.12,85.0,33.24,10000.0,0.0,77.0,3.69,9.62,220.0,1008.0,0,803,Clouds,broken clouds,04n
2025-08-01 21:57:19,Vinh Long,Vinh Long,28.12,28.12,28.12,85.0,33.24,10000.0,0.0,77.0,3.69,9.62,220.0,1008.0,0,803,Clouds,broken clouds,04n
2025-08-01 22:01:06,Vinh Long,Vinh Long,28.09,28.09,28.09,84.0,32.98,10000.0,0.0,77.0,3.69,9.62,220.0,1008.0,0,803,Clouds,broken clouds,04n
2025-08-01 22:04:52,Vinh Long,Vinh Long,28.14,28.14,28.14,88.0,33.83,10000.0,0.0,77.0,3.69,9.62,220.0,1008.0,0,803,Clouds,broken clouds,04n
2025-08-01 22:08:37,Vinh Long,Vinh Long,28.09,28.09,28.09,84.0,32.98,10000.0,0.0,77.0,3.69,9.62,220.0,1008.0,0,803,Clouds,broken clouds,04n
2025-08-01 22:12:22,Vinh Long,Vinh Long,28.14,28.14,28.14,88.0,33.83,10000.0,0.0,77.0,3.69,9.62,220.0,1008.0,0,803,Clouds,broken clouds,04n
2025-08-01 22:16:09,Vinh Long,Vinh Long,28.14,28.14,28.14,88.0,33.83,10000.0,0.0,77.0,3.69,9.62,220.0,1008.0,0,803,Clouds,broken clouds,04n
2025-08-01 22:19:55,Vinh Long,Vinh Long,28.14,28.14,28.14,88.0,33.83,10000.0,0.0,77.0,3.69,9.62,220.0,1008.0,0,803,Clouds,broken clouds,04n
2025-08-01 22:23:40,Vinh Long,Vinh Long,28.14,28.14,28.14,88.0,33.83,10000.0,0.0,77.0,3.69,9.62,220.0,1008.0,0,803,Clouds,broken clouds,04n
2025-08-01 22:27:27,Vinh Long,Vinh Long,28.14,28.14,28.14,88.0,33.83,10000.0,0.0,77.0,3.69,9.62,220.0,1008.0,0,803,Clouds,broken clouds,04n
2025-08-01 22:31:15,Vinh Long,Vinh Long,28.14,28.14,28.14,88.0,33.83,10000.0,0.0,77.0,3.69,9.62,220.0,1008.0,0,803,Clouds,broken clouds,04n
2025-08-01 22:35:02,Vinh Long,Vinh Long,28.14,28.14,28.14,88.0,33.83,10000.0,0.0,77.0,3.69,9.62,220.0,1008.0,0,803,Clouds,broken clouds,04n
2025-08-01 22:38:49,Vinh Long,Vinh Long,27.8,27.8,27.8,86.0,32.49,10000.0,0.0,83.0,3.47,9.65,223.0,1008.0,0,803,Clouds,broken clouds,04n
2025-08-01 22:42:36,Vinh Long,Vinh Long,27.8,27.8,27.8,86.0,32.49,10000.0,0.0,83.0,3.47,9.65,223.0,1008.0,0,803,Clouds,broken clouds,04n
2025-08-01 22:46:24,Vinh Long,Vinh Long,27.78,27.78,27.78,86.0,32.43,10000.0,0.0,83.0,3.47,9.65,223.0,1008.0,0,803,Clouds,broken clouds,04n
2025-08-01 22:50:11,Vinh Long,Vinh Long,27.78,27.78,27.78,86.0,32.43,10000.0,0.0,83.0,3.47,9.65,223.0,1008.0,0,803,Clouds,broken clouds,04n
2025-08-01 22:53:59,Vinh Long,Vinh Long,27.78,27.78,27.78,86.0,32.43,10000.0,0.0,83.0,3.47,9.65,223.0,1008.0,0,803,Clouds,broken clouds,04n
2025-08-01 22:57:45,Vinh Long,Vinh Long,27.78,27.78,27.78,86.0,32.43,10000.0,0.0,83.0,3.47,9.65,223.0,1008.0,0,803,Clouds,broken clouds,04n
2025-08-01 23:01:30,Vinh Long,Vinh Long,27.78,27.78,27.78,86.0,32.43,10000.0,0.0,83.0,3.47,9.65,223.0,1008.0,0,803,Clouds,broken clouds,04n
2025-08-01 23:05:17,Vinh Long,Vinh Long,27.82,27.82,27.82,90.0,33.18,10000.0,0.0,83.0,3.47,9.65,223.0,1008.0,0,803,Clouds,broken clouds,04n
2025-08-01 23:09:03,Vinh Long,Vinh Long,27.82,27.82,27.82,90.0,33.18,10000.0,0.0,83.0,3.47,9.65,223.0,1008.0,0,803,Clouds,broken clouds,04n
2025-08-01 23:12:49,Vinh Long,Vinh Long,27.82,27.82,27.82,90.0,33.18,10000.0,0.0,83.0,3.47,9.65,223.0,1008.0,0,803,Clouds,broken clouds,04n
2025-08-01 23:16:35,Vinh Long,Vinh Long,27.82,27.82,27.82,90.0,33.18,10000.0,0.0,83.0,3.47,9.65,223.0,1008.0,0,803,Clouds,broken clouds,04n
2025-08-01 23:20:21,Vinh Long,Vinh Long,27.82,27.82,27.82,90.0,33.18,10000.0,0.0,83.0,3.47,9.65,223.0,1008.0,0,803,Clouds,broken clouds,04n
2025-08-01 23:24:07,Vinh Long,Vinh Long,27.82,27.82,27.82,90.0,33.18,10000.0,0.0,83.0,3.47,9.65,223.0,1008.0,0,803,Clouds,broken clouds,04n
2025-08-01 23:27:53,Vinh Long,Vinh Long,27.82,27.82,27.82,90.0,33.18,10000.0,0.0,83.0,3.47,9.65,223.0,1008.0,0,803,Clouds,broken clouds,04n
2025-08-01 23:31:39,Vinh Long,Vinh Long,27.82,27.82,27.82,90.0,33.18,10000.0,0.0,83.0,3.47,9.65,223.0,1008.0,0,803,Clouds,broken clouds,04n
2025-08-01 23:35:25,Vinh Long,Vinh Long,27.44,27.44,27.44,87.0,31.62,10000.0,0.0,86.0,3.46,9.57,232.0,1008.0,0,804,Clouds,overcast clouds,04n
2025-08-01 23:39:11,Vinh Long,Vinh Long,27.44,27.44,27.44,87.0,31.62,10000.0,0.0,86.0,3.46,9.57,232.0,1008.0,0,804,Clouds,overcast clouds,04n
2025-08-01 23:42:57,Vinh Long,Vinh Long,27.44,27.44,27.44,87.0,31.62,10000.0,0.0,86.0,3.46,9.57,232.0,1008.0,0,804,Clouds,overcast clouds,04n
2025-08-01 23:46:44,Vinh Long,Vinh Long,27.43,27.43,27.43,86.0,31.46,10000.0,0.0,86.0,3.46,9.57,232.0,1008.0,0,804,Clouds,overcast clouds,04n
2025-08-01 23:50:29,Vinh Long,Vinh Long,27.43,27.43,27.43,86.0,31.46,10000.0,0.0,86.0,3.46,9.57,232.0,1008.0,0,804,Clouds,overcast clouds,04n
2025-08-01 23:54:15,Vinh Long,Vinh Long,27.43,27.43,27.43,86.0,31.46,10000.0,0.0,86.0,3.46,9.57,232.0,1008.0,0,804,Clouds,overcast clouds,04n
2025-08-01 23:58:01,Vinh Long,Vinh Long,27.43,27.43,27.43,86.0,31.46,10000.0,0.0,86.0,3.46,9.57,232.0,1008.0,0,804,Clouds,overcast clouds,04n
2025-08-02 00:01:47,Vinh Long,Vinh Long,27.48,27.48,27.48,90.0,32.14,10000.0,0.0,86.0,3.46,9.57,232.0,1008.0,0,804,Clouds,overcast clouds,04n
2025-08-02 00:05:36,Vinh Long,Vinh Long,27.48,27.48,27.48,90.0,32.14,10000.0,0.0,86.0,3.46,9.57,232.0,1008.0,0,804,Clouds,overcast clouds,04n
2025-08-02 00:09:21,Vinh Long,Vinh Long,27.48,27.48,27.48,90.0,32.14,10000.0,0.0,86.0,3.46,9.57,232.0,1008.0,0,804,Clouds,overcast clouds,04n
2025-08-02 00:13:08,Vinh Long,Vinh Long,27.48,27.48,27.48,90.0,32.14,10000.0,0.0,86.0,3.46,9.57,232.0,1008.0,0,804,Clouds,overcast clouds,04n
2025-08-02 00:16:54,Vinh Long,Vinh Long,27.47,27.47,27.47,90.0,32.11,10000.0,0.0,86.0,3.46,9.57,232.0,1008.0,0,804,Clouds,overcast clouds,04n
2025-08-02 00:20:39,Vinh Long,Vinh Long,27.47,27.47,27.47,90.0,32.11,10000.0,0.0,86.0,3.46,9.57,232.0,1008.0,0,804,Clouds,overcast clouds,04n
2025-08-02 00:24:25,Vinh Long,Vinh Long,27.47,27.47,27.47,90.0,32.11,10000.0,0.0,86.0,3.46,9.57,232.0,1008.0,0,804,Clouds,overcast clouds,04n
2025-08-02 00:28:11,Vinh Long,Vinh Long,27.47,27.47,27.47,90.0,32.11,10000.0,0.0,86.0,3.46,9.57,232.0,1008.0,0,804,Clouds,overcast clouds,04n
2025-08-02 00:31:57,Vinh Long,Vinh Long,27.47,27.47,27.47,90.0,32.11,10000.0,0.0,86.0,3.46,9.57,232.0,1008.0,0,804,Clouds,overcast clouds,04n
2025-08-02 00:35:43,Vinh Long,Vinh Long,27.23,27.23,27.23,87.0,31.04,10000.0,0.0,82.0,3.19,9.16,222.0,1007.0,0,803,Clouds,broken clouds,04n
2025-08-02 00:39:29,Vinh Long,Vinh Long,27.23,27.23,27.23,87.0,31.04,10000.0,0.0,82.0,3.19,9.16,222.0,1007.0,0,803,Clouds,broken clouds,04n
2025-08-02 00:43:15,Vinh Long,Vinh Long,27.23,27.23,27.23,87.0,31.04,10000.0,0.0,80.0,3.06,8.99,227.0,1007.0,0,803,Clouds,broken clouds,04n
2025-08-02 00:47:00,Vinh Long,Vinh Long,27.23,27.23,27.23,87.0,31.04,10000.0,0.0,80.0,3.06,8.99,227.0,1007.0,0,803,Clouds,broken clouds,04n
2025-08-02 00:50:46,Vinh Long,Vinh Long,27.23,27.23,27.23,87.0,31.04,10000.0,0.0,80.0,3.06,8.99,227.0,1007.0,0,803,Clouds,broken clouds,04n
2025-08-02 00:54:32,Vinh Long,Vinh Long,27.23,27.23,27.23,87.0,31.04,10000.0,0.0,80.0,3.06,8.99,227.0,1007.0,0,803,Clouds,broken clouds,04n
2025-08-02 00:58:18,Vinh Long,Vinh Long,27.23,27.23,27.23,87.0,31.04,10000.0,0.0,80.0,3.06,8.99,227.0,1007.0,0,803,Clouds,broken clouds,04n
2025-08-02 01:02:05,Vinh Long,Vinh Long,27.23,27.23,27.23,87.0,31.04,10000.0,0.0,80.0,3.06,8.99,227.0,1007.0,0,803,Clouds,broken clouds,04n
2025-08-02 01:05:51,Vinh Long,Vinh Long,27.23,27.23,27.23,87.0,31.04,10000.0,0.0,80.0,3.06,8.99,227.0,1007.0,0,803,Clouds,broken clouds,04n
2025-08-02 01:09:37,Vinh Long,Vinh Long,27.23,27.23,27.23,87.0,31.04,10000.0,0.0,80.0,3.06,8.99,227.0,1007.0,0,803,Clouds,broken clouds,04n
2025-08-02 01:13:23,Vinh Long,Vinh Long,26.91,26.91,26.91,90.0,30.48,10000.0,0.0,80.0,3.06,8.99,227.0,1008.0,0,803,Clouds,broken clouds,04n
2025-08-02 01:17:09,Vinh Long,Vinh Long,26.9,26.9,26.9,90.0,30.45,10000.0,0.0,80.0,3.06,8.99,227.0,1008.0,0,803,Clouds,broken clouds,04n
2025-08-02 01:20:54,Vinh Long,Vinh Long,26.91,26.91,26.91,90.0,30.48,10000.0,0.0,80.0,3.06,8.99,227.0,1008.0,0,803,Clouds,broken clouds,04n
2025-08-02 01:24:40,Vinh Long,Vinh Long,26.9,26.9,26.9,90.0,30.45,10000.0,0.0,80.0,3.06,8.99,227.0,1008.0,0,803,Clouds,broken clouds,04n
2025-08-02 01:28:26,Vinh Long,Vinh Long,26.9,26.9,26.9,90.0,30.45,10000.0,0.0,80.0,3.06,8.99,227.0,1008.0,0,803,Clouds,broken clouds,04n
2025-08-02 01:32:11,Vinh Long,Vinh Long,26.9,26.9,26.9,90.0,30.45,10000.0,0.0,80.0,3.06,8.99,227.0,1008.0,0,803,Clouds,broken clouds,04n
2025-08-02 01:35:57,Vinh Long,Vinh Long,26.53,26.53,26.53,88.0,26.53,10000.0,0.0,100.0,2.94,8.89,225.0,1007.0,0,804,Clouds,overcast clouds,04n
2025-08-02 01:39:43,Vinh Long,Vinh Long,26.53,26.53,26.53,88.0,26.53,10000.0,0.0,100.0,2.94,8.89,225.0,1007.0,0,804,Clouds,overcast clouds,04n
2025-08-02 01:43:28,Vinh Long,Vinh Long,26.53,26.53,26.53,88.0,26.53,10000.0,0.0,100.0,2.94,8.89,225.0,1007.0,0,804,Clouds,overcast clouds,04n
2025-08-02 01:47:14,Vinh Long,Vinh Long,26.49,26.49,26.49,88.0,26.49,10000.0,0.0,100.0,2.94,8.89,225.0,1007.0,0,804,Clouds,overcast clouds,04n
2025-08-02 01:51:00,Vinh Long,Vinh Long,26.49,26.49,26.49,88.0,26.49,10000.0,0.0,100.0,2.94,8.89,225.0,1007.0,0,804,Clouds,overcast clouds,04n
2025-08-02 01:54:46,Vinh Long,Vinh Long,26.49,26.49,26.49,88.0,26.49,10000.0,0.0,100.0,2.94,8.89,225.0,1007.0,0,804,Clouds,overcast clouds,04n
2025-08-02 01:58:32,Vinh Long,Vinh Long,26.49,26.49,26.49,88.0,26.49,10000.0,0.0,100.0,2.94,8.89,225.0,1007.0,0,804,Clouds,overcast clouds,04n
2025-08-02 02:02:17,Vinh Long,Vinh Long,26.49,26.49,26.49,88.0,26.49,10000.0,0.0,100.0,2.94,8.89,225.0,1007.0,0,804,Clouds,overcast clouds,04n
2025-08-02 02:06:04,Vinh Long,Vinh Long,26.61,26.61,26.61,91.0,26.61,10000.0,0.0,100.0,2.94,8.89,225.0,1008.0,0,804,Clouds,overcast clouds,04n
2025-08-02 02:09:50,Vinh Long,Vinh Long,26.61,26.61,26.61,91.0,26.61,10000.0,0.0,100.0,2.94,8.89,225.0,1008.0,0,804,Clouds,overcast clouds,04n
2025-08-02 02:13:36,Vinh Long,Vinh Long,26.61,26.61,26.61,91.0,26.61,10000.0,0.0,100.0,2.94,8.89,225.0,1008.0,0,804,Clouds,overcast clouds,04n
2025-08-02 02:17:22,Vinh Long,Vinh Long,26.56,26.56,26.56,91.0,26.56,10000.0,0.0,100.0,2.94,8.89,225.0,1008.0,0,804,Clouds,overcast clouds,04n
2025-08-02 02:21:08,Vinh Long,Vinh Long,26.56,26.56,26.56,91.0,26.56,10000.0,0.0,100.0,2.94,8.89,225.0,1008.0,0,804,Clouds,overcast clouds,04n
2025-08-02 02:24:54,Vinh Long,Vinh Long,26.56,26.56,26.56,91.0,26.56,10000.0,0.0,100.0,2.94,8.89,225.0,1008.0,0,804,Clouds,overcast clouds,04n
2025-08-02 02:28:40,Vinh Long,Vinh Long,26.56,26.56,26.56,91.0,26.56,10000.0,0.0,100.0,2.94,8.89,225.0,1008.0,0,804,Clouds,overcast clouds,04n
2025-08-02 02:32:27,Vinh Long,Vinh Long,26.56,26.56,26.56,91.0,26.56,10000.0,0.0,100.0,2.94,8.89,225.0,1008.0,0,804,Clouds,overcast clouds,04n
2025-08-02 02:36:15,Vinh Long,Vinh Long,26.21,26.21,26.21,89.0,26.21,10000.0,0.0,100.0,2.71,8.53,223.0,1007.0,0,804,Clouds,overcast clouds,04n
2025-08-02 02:40:01,Vinh Long,Vinh Long,26.21,26.21,26.21,89.0,26.21,10000.0,0.0,100.0,2.71,8.53,223.0,1007.0,0,804,Clouds,overcast clouds,04n
2025-08-02 02:43:49,Vinh Long,Vinh Long,26.21,26.21,26.21,89.0,26.21,10000.0,0.0,100.0,2.71,8.53,223.0,1007.0,0,804,Clouds,overcast clouds,04n
2025-08-02 02:47:36,Vinh Long,Vinh Long,26.18,26.18,26.18,89.0,26.18,10000.0,0.0,100.0,2.71,8.53,223.0,1007.0,0,804,Clouds,overcast clouds,04n
2025-08-02 02:51:24,Vinh Long,Vinh Long,26.18,26.18,26.18,89.0,26.18,10000.0,0.0,100.0,2.71,8.53,223.0,1007.0,0,804,Clouds,overcast clouds,04n
2025-08-02 02:55:11,Vinh Long,Vinh Long,26.18,26.18,26.18,89.0,26.18,10000.0,0.0,100.0,2.71,8.53,223.0,1007.0,0,804,Clouds,overcast clouds,04n
2025-08-02 02:58:58,Vinh Long,Vinh Long,26.18,26.18,26.18,89.0,26.18,10000.0,0.0,100.0,2.71,8.53,223.0,1007.0,0,804,Clouds,overcast clouds,04n
2025-08-02 03:02:45,Vinh Long,Vinh Long,26.25,26.25,26.25,92.0,26.25,10000.0,0.0,100.0,2.71,8.53,223.0,1007.0,0,804,Clouds,overcast clouds,04n
2025-08-02 03:06:34,Vinh Long,Vinh Long,26.25,26.25,26.25,92.0,26.25,10000.0,0.0,100.0,2.71,8.53,223.0,1007.0,0,804,Clouds,overcast clouds,04n
2025-08-02 03:10:21,Vinh Long,Vinh Long,26.25,26.25,26.25,92.0,26.25,10000.0,0.0,100.0,2.71,8.53,223.0,1007.0,0,804,Clouds,overcast clouds,04n
2025-08-02 03:14:09,Vinh Long,Vinh Long,26.25,26.25,26.25,92.0,26.25,10000.0,0.0,100.0,2.71,8.53,223.0,1007.0,0,804,Clouds,overcast clouds,04n
2025-08-02 03:17:56,Vinh Long,Vinh Long,26.25,26.25,26.25,92.0,26.25,10000.0,0.0,100.0,2.71,8.53,223.0,1007.0,0,804,Clouds,overcast clouds,04n
2025-08-02 03:21:43,Vinh Long,Vinh Long,26.25,26.25,26.25,92.0,26.25,10000.0,0.0,100.0,2.71,8.53,223.0,1007.0,0,804,Clouds,overcast clouds,04n
2025-08-02 03:25:30,Vinh Long,Vinh Long,26.25,26.25,26.25,92.0,26.25,10000.0,0.0,100.0,2.71,8.53,223.0,1007.0,0,804,Clouds,overcast clouds,04n
2025-08-02 03:29:18,Vinh Long,Vinh Long,26.25,26.25,26.25,92.0,26.25,10000.0,0.0,100.0,2.71,8.53,223.0,1007.0,0,804,Clouds,overcast clouds,04n
2025-08-02 03:33:06,Vinh Long,Vinh Long,26.25,26.25,26.25,92.0,26.25,10000.0,0.0,100.0,2.71,8.53,223.0,1007.0,0,804,Clouds,overcast clouds,04n
2025-08-02 03:36:54,Vinh Long,Vinh Long,25.94,25.94,25.94,91.0,26.97,10000.0,0.0,100.0,2.3,7.54,223.0,1007.0,0,804,Clouds,overcast clouds,04n
2025-08-02 03:40:41,Vinh Long,Vinh Long,25.94,25.94,25.94,91.0,26.97,10000.0,0.0,100.0,2.3,7.54,223.0,1007.0,0,804,Clouds,overcast clouds,04n
2025-08-02 03:44:28,Vinh Long,Vinh Long,25.94,25.94,25.94,91.0,26.97,10000.0,0.0,100.0,2.3,7.54,223.0,1007.0,0,804,Clouds,overcast clouds,04n
2025-08-02 03:48:16,Vinh Long,Vinh Long,25.93,25.93,25.93,90.0,26.93,10000.0,0.0,100.0,2.3,7.54,223.0,1007.0,0,804,Clouds,overcast clouds,04n
2025-08-02 03:52:02,Vinh Long,Vinh Long,25.93,25.93,25.93,90.0,26.93,10000.0,0.0,100.0,2.3,7.54,223.0,1007.0,0,804,Clouds,overcast clouds,04n
2025-08-02 03:55:47,Vinh Long,Vinh Long,25.93,25.93,25.93,90.0,26.93,10000.0,0.0,100.0,2.3,7.54,223.0,1007.0,0,804,Clouds,overcast clouds,04n
2025-08-02 03:59:33,Vinh Long,Vinh Long,25.93,25.93,25.93,90.0,26.93,10000.0,0.0,100.0,2.3,7.54,223.0,1007.0,0,804,Clouds,overcast clouds,04n
2025-08-02 04:03:20,Vinh Long,Vinh Long,26.02,26.02,26.02,93.0,26.02,10000.0,0.0,100.0,2.3,7.54,223.0,1007.0,0,804,Clouds,overcast clouds,04n
2025-08-02 04:07:06,Vinh Long,Vinh Long,26.02,26.02,26.02,93.0,26.02,10000.0,0.0,100.0,2.3,7.54,223.0,1007.0,0,804,Clouds,overcast clouds,04n
2025-08-02 04:10:52,Vinh Long,Vinh Long,26.02,26.02,26.02,93.0,26.02,10000.0,0.0,100.0,2.3,7.54,223.0,1007.0,0,804,Clouds,overcast clouds,04n
2025-08-02 04:14:38,Vinh Long,Vinh Long,26.02,26.02,26.02,93.0,26.02,10000.0,0.0,100.0,2.3,7.54,223.0,1007.0,0,804,Clouds,overcast clouds,04n
2025-08-02 04:18:23,Vinh Long,Vinh Long,26.02,26.02,26.02,93.0,26.02,10000.0,0.0,100.0,2.3,7.54,223.0,1007.0,0,804,Clouds,overcast clouds,04n
2025-08-02 04:22:09,Vinh Long,Vinh Long,26.02,26.02,26.02,93.0,26.02,10000.0,0.0,100.0,2.3,7.54,223.0,1007.0,0,804,Clouds,overcast clouds,04n
2025-08-02 04:25:55,Vinh Long,Vinh Long,26.02,26.02,26.02,93.0,26.02,10000.0,0.0,100.0,2.3,7.54,223.0,1007.0,0,804,Clouds,overcast clouds,04n
2025-08-02 04:29:41,Vinh Long,Vinh Long,26.02,26.02,26.02,93.0,26.02,10000.0,0.0,100.0,2.3,7.54,223.0,1007.0,0,804,Clouds,overcast clouds,04n
2025-08-02 04:33:28,Vinh Long,Vinh Long,25.82,25.82,25.82,91.0,26.83,10000.0,0.0,100.0,2.21,6.34,225.0,1007.0,0,804,Clouds,overcast clouds,04n
2025-08-02 04:37:14,Vinh Long,Vinh Long,25.82,25.82,25.82,91.0,26.83,10000.0,0.0,100.0,2.21,6.34,225.0,1007.0,0,804,Clouds,overcast clouds,04n
2025-08-02 04:40:59,Vinh Long,Vinh Long,25.82,25.82,25.82,91.0,26.83,10000.0,0.0,100.0,2.21,6.34,225.0,1007.0,0,804,Clouds,overcast clouds,04n
2025-08-02 04:44:45,Vinh Long,Vinh Long,25.82,25.82,25.82,91.0,26.83,10000.0,0.0,100.0,2.21,6.34,225.0,1007.0,0,804,Clouds,overcast clouds,04n
2025-08-02 04:48:31,Vinh Long,Vinh Long,25.82,25.82,25.82,91.0,26.83,10000.0,0.0,100.0,2.21,6.34,225.0,1007.0,0,804,Clouds,overcast clouds,04n
2025-08-02 04:52:16,Vinh Long,Vinh Long,25.82,25.82,25.82,91.0,26.83,10000.0,0.0,100.0,2.21,6.34,225.0,1007.0,0,804,Clouds,overcast clouds,04n
2025-08-02 04:56:02,Vinh Long,Vinh Long,25.81,25.81,25.81,91.0,26.82,10000.0,0.0,100.0,2.21,6.34,225.0,1007.0,0,804,Clouds,overcast clouds,04n
2025-08-02 04:59:48,Vinh Long,Vinh Long,25.81,25.81,25.81,91.0,26.82,10000.0,0.0,100.0,2.21,6.34,225.0,1007.0,0,804,Clouds,overcast clouds,04n
2025-08-02 05:03:34,Vinh Long,Vinh Long,25.89,25.89,25.89,93.0,26.96,10000.0,0.0,100.0,2.21,6.34,225.0,1007.0,0,804,Clouds,overcast clouds,04n
2025-08-02 05:07:19,Vinh Long,Vinh Long,25.89,25.89,25.89,93.0,26.96,10000.0,0.0,100.0,2.21,6.34,225.0,1007.0,0,804,Clouds,overcast clouds,04n
2025-08-02 05:11:05,Vinh Long,Vinh Long,25.89,25.89,25.89,93.0,26.96,10000.0,0.0,100.0,2.21,6.34,225.0,1007.0,0,804,Clouds,overcast clouds,04n
2025-08-02 05:14:51,Vinh Long,Vinh Long,25.89,25.89,25.89,93.0,26.96,10000.0,0.0,100.0,2.21,6.34,225.0,1007.0,0,804,Clouds,overcast clouds,04n
2025-08-02 05:18:37,Vinh Long,Vinh Long,25.89,25.89,25.89,93.0,26.96,10000.0,0.0,100.0,2.21,6.34,225.0,1007.0,0,804,Clouds,overcast clouds,04n
2025-08-02 05:22:22,Vinh Long,Vinh Long,25.89,25.89,25.89,93.0,26.96,10000.0,0.0,100.0,2.21,6.34,225.0,1007.0,0,804,Clouds,overcast clouds,04n
2025-08-02 05:26:08,Vinh Long,Vinh Long,25.87,25.87,25.87,93.0,26.94,10000.0,0.0,100.0,2.21,6.34,225.0,1007.0,0,804,Clouds,overcast clouds,04n
2025-08-02 05:29:54,Vinh Long,Vinh Long,25.87,25.87,25.87,93.0,26.94,10000.0,0.0,100.0,2.21,6.34,225.0,1007.0,0,804,Clouds,overcast clouds,04n
2025-08-02 05:33:40,Vinh Long,Vinh Long,25.87,25.87,25.87,93.0,26.94,10000.0,0.0,100.0,2.21,6.34,225.0,1007.0,0,804,Clouds,overcast clouds,04n
2025-08-02 05:37:26,Vinh Long,Vinh Long,25.71,25.71,25.71,92.0,26.74,10000.0,0.0,100.0,2.44,6.74,227.0,1007.0,0,804,Clouds,overcast clouds,04n
2025-08-02 05:41:12,Vinh Long,Vinh Long,25.71,25.71,25.71,92.0,26.74,10000.0,0.0,100.0,2.44,6.74,227.0,1007.0,0,804,Clouds,overcast clouds,04n
2025-08-02 05:44:58,Vinh Long,Vinh Long,25.71,25.71,25.71,92.0,26.74,10000.0,0.0,100.0,2.44,6.74,227.0,1007.0,0,804,Clouds,overcast clouds,04n
2025-08-02 05:48:43,Vinh Long,Vinh Long,25.71,25.71,25.71,92.0,26.74,10000.0,0.0,100.0,2.44,6.74,227.0,1007.0,1,804,Clouds,overcast clouds,04n
2025-08-02 05:52:28,Vinh Long,Vinh Long,25.71,25.71,25.71,92.0,26.74,10000.0,0.0,100.0,2.44,6.74,227.0,1007.0,1,804,Clouds,overcast clouds,04n
2025-08-02 05:56:14,Vinh Long,Vinh Long,25.7,25.7,25.7,92.0,26.73,10000.0,0.0,100.0,2.44,6.74,227.0,1007.0,1,804,Clouds,overcast clouds,04d
2025-08-02 06:00:00,Vinh Long,Vinh Long,25.7,25.7,25.7,92.0,26.73,10000.0,0.0,100.0,2.44,6.74,227.0,1007.0,1,804,Clouds,overcast clouds,04d
2025-08-02 06:03:46,Vinh Long,Vinh Long,25.77,25.77,25.77,94.0,26.86,10000.0,0.0,100.0,2.44,6.74,227.0,1007.0,1,804,Clouds,overcast clouds,04d
2025-08-02 06:07:36,Vinh Long,Vinh Long,25.77,25.77,25.77,94.0,26.86,10000.0,0.0,100.0,2.44,6.74,227.0,1007.0,1,804,Clouds,overcast clouds,04d
2025-08-02 06:11:26,Vinh Long,Vinh Long,25.77,25.77,25.77,94.0,26.86,10000.0,0.0,100.0,2.44,6.74,227.0,1007.0,1,804,Clouds,overcast clouds,04d
2025-08-02 06:15:12,Vinh Long,Vinh Long,25.77,25.77,25.77,94.0,26.86,10000.0,0.0,100.0,2.44,6.74,227.0,1007.0,1,804,Clouds,overcast clouds,04d
2025-08-02 06:18:58,Vinh Long,Vinh Long,25.8,25.8,25.8,94.0,26.89,10000.0,0.0,100.0,2.44,6.74,227.0,1007.0,1,804,Clouds,overcast clouds,04d
2025-08-02 06:22:43,Vinh Long,Vinh Long,25.77,25.77,25.77,94.0,26.86,10000.0,0.0,100.0,2.44,6.74,227.0,1007.0,1,804,Clouds,overcast clouds,04d
2025-08-02 06:26:29,Vinh Long,Vinh Long,25.8,25.8,25.8,94.0,26.89,10000.0,0.0,100.0,2.44,6.74,227.0,1007.0,1,804,Clouds,overcast clouds,04d
2025-08-02 06:30:15,Vinh Long,Vinh Long,27.4,27.4,27.4,86.0,31.38,10000.0,0.0,100.0,2.81,5.88,231.0,1008.0,1,804,Clouds,overcast clouds,04d
2025-08-02 06:34:01,Vinh Long,Vinh Long,27.4,27.4,27.4,87.0,31.51,10000.0,0.0,100.0,2.81,5.88,231.0,1008.0,1,804,Clouds,overcast clouds,04d
2025-08-02 06:37:47,Vinh Long,Vinh Long,27.4,27.4,27.4,87.0,31.51,10000.0,0.0,100.0,2.81,5.88,231.0,1008.0,1,804,Clouds,overcast clouds,04d
2025-08-02 06:41:33,Vinh Long,Vinh Long,27.4,27.4,27.4,87.0,31.51,10000.0,0.0,100.0,2.74,5.94,228.0,1008.0,1,804,Clouds,overcast clouds,04d
2025-08-02 06:45:18,Vinh Long,Vinh Long,27.4,27.4,27.4,87.0,31.51,10000.0,0.0,100.0,2.81,5.88,231.0,1008.0,1,804,Clouds,overcast clouds,04d
2025-08-02 06:49:05,Vinh Long,Vinh Long,27.4,27.4,27.4,87.0,31.51,10000.0,0.0,100.0,2.74,5.94,228.0,1008.0,1,804,Clouds,overcast clouds,04d
2025-08-02 06:52:50,Vinh Long,Vinh Long,27.4,27.4,27.4,87.0,31.51,10000.0,0.0,100.0,2.74,5.94,228.0,1008.0,1,804,Clouds,overcast clouds,04d
2025-08-02 06:56:36,Vinh Long,Vinh Long,27.4,27.4,27.4,87.0,31.51,10000.0,0.0,100.0,2.74,5.94,228.0,1008.0,1,804,Clouds,overcast clouds,04d
2025-08-02 07:00:23,Vinh Long,Vinh Long,27.4,27.4,27.4,87.0,31.51,10000.0,0.0,100.0,2.74,5.94,228.0,1008.0,1,804,Clouds,overcast clouds,04d
2025-08-02 07:04:08,Vinh Long,Vinh Long,27.4,27.4,27.4,87.0,31.51,10000.0,0.0,100.0,2.74,5.94,228.0,1008.0,1,804,Clouds,overcast clouds,04d
2025-08-02 07:07:54,Vinh Long,Vinh Long,27.46,27.46,27.46,91.0,32.22,10000.0,0.0,100.0,2.74,5.94,228.0,1008.0,1,804,Clouds,overcast clouds,04d
2025-08-02 07:11:40,Vinh Long,Vinh Long,27.46,27.46,27.46,91.0,32.22,10000.0,0.0,100.0,2.74,5.94,228.0,1008.0,1,804,Clouds,overcast clouds,04d
2025-08-02 07:15:29,Vinh Long,Vinh Long,27.46,27.46,27.46,91.0,32.22,10000.0,0.0,100.0,2.74,5.94,228.0,1008.0,1,804,Clouds,overcast clouds,04d
2025-08-02 07:19:15,Vinh Long,Vinh Long,27.46,27.46,27.46,91.0,32.22,10000.0,0.0,100.0,2.74,5.94,228.0,1008.0,1,804,Clouds,overcast clouds,04d
2025-08-02 07:23:00,Vinh Long,Vinh Long,27.46,27.46,27.46,91.0,32.22,10000.0,0.0,100.0,2.74,5.94,228.0,1008.0,1,804,Clouds,overcast clouds,04d
2025-08-02 07:26:46,Vinh Long,Vinh Long,27.46,27.46,27.46,91.0,32.22,10000.0,0.0,100.0,2.74,5.94,228.0,1008.0,1,804,Clouds,overcast clouds,04d
2025-08-02 07:30:32,Vinh Long,Vinh Long,27.46,27.46,27.46,91.0,32.22,10000.0,0.0,100.0,2.74,5.94,228.0,1008.0,1,804,Clouds,overcast clouds,04d
2025-08-02 07:34:18,Vinh Long,Vinh Long,29.43,29.43,29.43,80.0,35.96,10000.0,0.0,100.0,3.57,5.63,223.0,1009.0,1,804,Clouds,overcast clouds,04d
2025-08-02 07:38:03,Vinh Long,Vinh Long,29.43,29.43,29.43,80.0,35.96,10000.0,0.0,100.0,3.57,5.63,223.0,1009.0,1,804,Clouds,overcast clouds,04d
2025-08-02 07:41:49,Vinh Long,Vinh Long,29.43,29.43,29.43,80.0,35.96,10000.0,0.0,100.0,3.57,5.63,223.0,1009.0,1,804,Clouds,overcast clouds,04d
2025-08-02 07:45:35,Vinh Long,Vinh Long,29.43,29.43,29.43,80.0,35.96,10000.0,0.0,100.0,3.57,5.63,223.0,1009.0,1,804,Clouds,overcast clouds,04d
2025-08-02 07:49:22,Vinh Long,Vinh Long,29.63,29.63,29.63,79.0,36.29,10000.0,0.0,100.0,3.57,5.63,223.0,1009.0,1,804,Clouds,overcast clouds,04d
2025-08-02 07:53:07,Vinh Long,Vinh Long,29.43,29.43,29.43,80.0,35.96,10000.0,0.0,100.0,3.57,5.63,223.0,1009.0,1,804,Clouds,overcast clouds,04d
2025-08-02 07:56:53,Vinh Long,Vinh Long,29.63,29.63,29.63,79.0,36.29,10000.0,0.0,100.0,3.57,5.63,223.0,1009.0,1,804,Clouds,overcast clouds,04d
2025-08-02 08:00:38,Vinh Long,Vinh Long,29.63,29.63,29.63,79.0,36.29,10000.0,0.0,100.0,3.57,5.63,223.0,1009.0,1,804,Clouds,overcast clouds,04d
2025-08-02 08:04:25,Vinh Long,Vinh Long,29.57,29.57,29.57,86.0,36.57,10000.0,0.0,100.0,3.57,5.63,223.0,1009.0,1,804,Clouds,overcast clouds,04d
2025-08-02 08:08:10,Vinh Long,Vinh Long,29.57,29.57,29.57,86.0,36.57,10000.0,0.0,100.0,3.57,5.63,223.0,1009.0,1,804,Clouds,overcast clouds,04d
2025-08-02 08:11:55,Vinh Long,Vinh Long,29.57,29.57,29.57,86.0,36.57,10000.0,0.0,100.0,3.57,5.63,223.0,1009.0,1,804,Clouds,overcast clouds,04d
2025-08-02 08:15:41,Vinh Long,Vinh Long,29.57,29.57,29.57,86.0,36.57,10000.0,0.0,100.0,3.57,5.63,223.0,1009.0,1,804,Clouds,overcast clouds,04d
2025-08-02 08:19:27,Vinh Long,Vinh Long,29.57,29.57,29.57,86.0,36.57,10000.0,0.0,100.0,3.57,5.63,223.0,1009.0,1,804,Clouds,overcast clouds,04d
2025-08-02 08:23:13,Vinh Long,Vinh Long,29.61,29.61,29.61,86.0,36.61,10000.0,0.0,100.0,3.57,5.63,223.0,1009.0,1,804,Clouds,overcast clouds,04d
2025-08-02 08:26:58,Vinh Long,Vinh Long,29.61,29.61,29.61,86.0,36.61,10000.0,0.0,100.0,3.57,5.63,223.0,1009.0,1,804,Clouds,overcast clouds,04d
2025-08-02 08:30:44,Vinh Long,Vinh Long,31.16,31.16,31.16,73.0,38.16,10000.0,0.0,100.0,4.27,5.65,228.0,1009.0,1,804,Clouds,overcast clouds,04d
2025-08-02 08:34:30,Vinh Long,Vinh Long,31.16,31.16,31.16,73.0,38.16,10000.0,0.0,100.0,4.27,5.65,228.0,1009.0,1,804,Clouds,overcast clouds,04d
2025-08-02 08:38:16,Vinh Long,Vinh Long,31.16,31.16,31.16,73.0,38.16,10000.0,0.0,100.0,4.27,5.65,228.0,1009.0,1,804,Clouds,overcast clouds,04d
2025-08-02 08:42:01,Vinh Long,Vinh Long,31.16,31.16,31.16,73.0,38.16,10000.0,0.0,100.0,4.27,5.65,228.0,1009.0,1,804,Clouds,overcast clouds,04d
2025-08-02 08:45:47,Vinh Long,Vinh Long,31.39,31.39,31.39,74.0,38.39,10000.0,0.0,100.0,4.27,5.65,228.0,1009.0,1,804,Clouds,overcast clouds,04d
2025-08-02 08:49:33,Vinh Long,Vinh Long,31.5,31.5,31.5,69.0,38.5,10000.0,0.0,100.0,4.27,5.65,228.0,1009.0,1,804,Clouds,overcast clouds,04d
2025-08-02 08:53:19,Vinh Long,Vinh Long,31.5,31.5,31.5,69.0,38.5,10000.0,0.0,100.0,4.27,5.65,228.0,1009.0,1,804,Clouds,overcast clouds,04d
2025-08-02 08:57:04,Vinh Long,Vinh Long,31.5,31.5,31.5,69.0,38.5,10000.0,0.0,100.0,4.27,5.65,228.0,1009.0,1,804,Clouds,overcast clouds,04d
2025-08-02 09:00:51,Vinh Long,Vinh Long,31.5,31.5,31.5,69.0,38.5,10000.0,0.0,100.0,4.27,5.65,228.0,1009.0,1,804,Clouds,overcast clouds,04d
2025-08-02 09:04:37,Vinh Long,Vinh Long,31.46,31.46,31.46,76.0,38.46,10000.0,0.0,100.0,4.27,5.65,228.0,1009.0,1,804,Clouds,overcast clouds,04d
2025-08-02 09:08:23,Vinh Long,Vinh Long,31.46,31.46,31.46,76.0,38.46,10000.0,0.0,100.0,4.27,5.65,228.0,1009.0,1,804,Clouds,overcast clouds,04d
2025-08-02 09:12:09,Vinh Long,Vinh Long,31.46,31.46,31.46,76.0,38.46,10000.0,0.0,100.0,4.27,5.65,228.0,1009.0,1,804,Clouds,overcast clouds,04d
2025-08-02 09:15:55,Vinh Long,Vinh Long,31.46,31.46,31.46,76.0,38.46,10000.0,0.0,100.0,4.27,5.65,228.0,1009.0,1,804,Clouds,overcast clouds,04d
2025-08-02 09:19:41,Vinh Long,Vinh Long,31.46,31.46,31.46,76.0,38.46,10000.0,0.0,100.0,4.27,5.65,228.0,1009.0,1,804,Clouds,overcast clouds,04d
2025-08-02 09:23:27,Vinh Long,Vinh Long,31.46,31.46,31.46,76.0,38.46,10000.0,0.0,100.0,4.27,5.65,228.0,1009.0,1,804,Clouds,overcast clouds,04d
2025-08-02 09:27:13,Vinh Long,Vinh Long,31.45,31.45,31.45,76.0,38.45,10000.0,0.0,100.0,4.27,5.65,228.0,1009.0,1,804,Clouds,overcast clouds,04d
2025-08-02 09:30:58,Vinh Long,Vinh Long,32.87,32.87,32.87,65.0,39.87,10000.0,0.0,100.0,4.17,5.39,229.0,1009.0,1,804,Clouds,overcast clouds,04d
2025-08-02 09:34:44,Vinh Long,Vinh Long,32.87,32.87,32.87,65.0,39.87,10000.0,0.0,100.0,4.17,5.39,229.0,1009.0,1,804,Clouds,overcast clouds,04d
2025-08-02 09:38:31,Vinh Long,Vinh Long,32.87,32.87,32.87,65.0,39.87,10000.0,0.0,100.0,4.17,5.39,229.0,1009.0,1,804,Clouds,overcast clouds,04d
2025-08-02 09:42:17,Vinh Long,Vinh Long,33.06,33.06,33.06,64.0,40.06,10000.0,0.0,100.0,4.17,5.39,229.0,1009.0,1,804,Clouds,overcast clouds,04d
2025-08-02 09:46:02,Vinh Long,Vinh Long,33.06,33.06,33.06,64.0,40.06,10000.0,0.0,100.0,4.17,5.39,229.0,1009.0,1,804,Clouds,overcast clouds,04d
2025-08-02 09:49:48,Vinh Long,Vinh Long,33.21,33.21,33.21,61.0,40.21,10000.0,0.0,100.0,4.17,5.39,229.0,1009.0,1,804,Clouds,overcast clouds,04d
2025-08-02 09:53:34,Vinh Long,Vinh Long,33.21,33.21,33.21,61.0,40.21,10000.0,0.0,100.0,4.17,5.39,229.0,1009.0,1,804,Clouds,overcast clouds,04d
2025-08-02 09:57:20,Vinh Long,Vinh Long,33.21,33.21,33.21,61.0,40.21,10000.0,0.0,100.0,4.17,5.39,229.0,1009.0,1,804,Clouds,overcast clouds,04d
2025-08-02 10:01:05,Vinh Long,Vinh Long,33.21,33.21,33.21,61.0,40.21,10000.0,0.0,100.0,4.17,5.39,229.0,1009.0,1,804,Clouds,overcast clouds,04d
2025-08-02 10:04:51,Vinh Long,Vinh Long,33.12,33.12,33.12,67.0,40.12,10000.0,0.0,100.0,4.17,5.39,229.0,1009.0,1,804,Clouds,overcast clouds,04d
2025-08-02 10:08:37,Vinh Long,Vinh Long,33.12,33.12,33.12,67.0,40.12,10000.0,0.0,100.0,4.17,5.39,229.0,1009.0,1,804,Clouds,overcast clouds,04d
2025-08-02 10:12:22,Vinh Long,Vinh Long,33.12,33.12,33.12,67.0,40.12,10000.0,0.0,100.0,4.17,5.39,229.0,1009.0,1,804,Clouds,overcast clouds,04d
2025-08-02 10:16:08,Vinh Long,Vinh Long,33.16,33.16,33.16,67.0,40.16,10000.0,0.0,100.0,4.17,5.39,229.0,1009.0,1,804,Clouds,overcast clouds,04d
2025-08-02 10:19:55,Vinh Long,Vinh Long,33.16,33.16,33.16,67.0,40.16,10000.0,0.0,100.0,4.17,5.39,229.0,1009.0,1,804,Clouds,overcast clouds,04d
2025-08-02 10:23:40,Vinh Long,Vinh Long,33.16,33.16,33.16,67.0,40.16,10000.0,0.0,100.0,4.17,5.39,229.0,1009.0,1,804,Clouds,overcast clouds,04d
2025-08-02 10:27:25,Vinh Long,Vinh Long,33.16,33.16,33.16,67.0,40.16,10000.0,0.0,100.0,4.17,5.39,229.0,1009.0,1,804,Clouds,overcast clouds,04d
2025-08-02 10:31:11,Vinh Long,Vinh Long,34.54,34.54,34.54,58.0,41.54,10000.0,0.0,94.0,4.1,5.03,233.0,1008.0,1,804,Clouds,overcast clouds,04d
2025-08-02 10:34:56,Vinh Long,Vinh Long,34.54,34.54,34.54,58.0,41.54,10000.0,0.0,94.0,4.1,5.03,233.0,1008.0,1,804,Clouds,overcast clouds,04d
2025-08-02 10:38:42,Vinh Long,Vinh Long,34.54,34.54,34.54,58.0,41.54,10000.0,0.0,94.0,4.1,5.03,233.0,1008.0,1,804,Clouds,overcast clouds,04d
2025-08-02 10:42:28,Vinh Long,Vinh Long,34.54,34.54,34.54,58.0,41.54,10000.0,0.0,94.0,4.1,5.03,233.0,1008.0,1,804,Clouds,overcast clouds,04d
2025-08-02 10:46:14,Vinh Long,Vinh Long,34.54,34.54,34.54,58.0,41.54,10000.0,0.0,94.0,4.1,5.03,233.0,1008.0,1,804,Clouds,overcast clouds,04d
2025-08-02 10:50:00,Vinh Long,Vinh Long,34.7,34.7,34.7,55.0,41.7,10000.0,0.0,94.0,4.1,5.03,233.0,1008.0,1,804,Clouds,overcast clouds,04d
2025-08-02 10:53:49,Vinh Long,Vinh Long,34.7,34.7,34.7,55.0,41.7,10000.0,0.0,94.0,4.1,5.03,233.0,1008.0,1,804,Clouds,overcast clouds,04d
2025-08-02 10:57:40,Vinh Long,Vinh Long,34.7,34.7,34.7,55.0,41.7,10000.0,0.0,94.0,4.1,5.03,233.0,1008.0,1,804,Clouds,overcast clouds,04d
2025-08-02 11:01:31,Vinh Long,Vinh Long,34.63,34.63,34.63,60.0,41.63,10000.0,0.0,94.0,4.1,5.03,233.0,1008.0,1,804,Clouds,overcast clouds,04d
2025-08-02 11:05:21,Vinh Long,Vinh Long,34.63,34.63,34.63,60.0,41.63,10000.0,0.0,94.0,4.1,5.03,233.0,1008.0,1,804,Clouds,overcast clouds,04d
2025-08-02 11:09:11,Vinh Long,Vinh Long,34.63,34.63,34.63,60.0,41.63,10000.0,0.0,94.0,4.1,5.03,233.0,1008.0,1,804,Clouds,overcast clouds,04d
2025-08-02 11:13:01,Vinh Long,Vinh Long,34.63,34.63,34.63,60.0,41.63,10000.0,0.0,94.0,4.1,5.03,233.0,1008.0,1,804,Clouds,overcast clouds,04d
2025-08-02 11:16:51,Vinh Long,Vinh Long,34.63,34.63,34.63,60.0,41.63,10000.0,0.0,94.0,4.1,5.03,233.0,1008.0,1,804,Clouds,overcast clouds,04d
2025-08-02 11:20:41,Vinh Long,Vinh Long,34.58,34.58,34.58,60.0,41.58,10000.0,0.0,94.0,4.1,5.03,233.0,1008.0,1,804,Clouds,overcast clouds,04d
2025-08-02 11:24:32,Vinh Long,Vinh Long,34.58,34.58,34.58,60.0,41.58,10000.0,0.0,94.0,4.1,5.03,233.0,1008.0,1,804,Clouds,overcast clouds,04d
2025-08-02 11:28:23,Vinh Long,Vinh Long,34.58,34.58,34.58,60.0,41.58,10000.0,0.0,94.0,4.1,5.03,233.0,1008.0,1,804,Clouds,overcast clouds,04d
2025-08-02 11:32:14,Vinh Long,Vinh Long,35.71,35.71,35.71,53.0,42.71,10000.0,0.0,95.0,3.98,4.6,232.0,1008.0,1,804,Clouds,overcast clouds,04d
2025-08-02 11:36:05,Vinh Long,Vinh Long,35.71,35.71,35.71,53.0,42.71,10000.0,0.0,95.0,3.98,4.6,232.0,1008.0,1,804,Clouds,overcast clouds,04d
2025-08-02 11:39:56,Vinh Long,Vinh Long,35.71,35.71,35.71,53.0,42.71,10000.0,0.0,95.0,3.98,4.6,232.0,1008.0,1,804,Clouds,overcast clouds,04d
2025-08-02 11:43:45,Vinh Long,Vinh Long,35.71,35.71,35.71,53.0,42.71,10000.0,0.0,95.0,3.98,4.6,232.0,1008.0,1,804,Clouds,overcast clouds,04d
2025-08-02 11:47:35,Vinh Long,Vinh Long,35.82,35.82,35.82,52.0,42.82,10000.0,0.0,95.0,3.98,4.6,232.0,1007.0,1,804,Clouds,overcast clouds,04d
2025-08-02 11:51:25,Vinh Long,Vinh Long,35.71,35.71,35.71,53.0,42.71,10000.0,0.0,95.0,3.98,4.6,232.0,1008.0,1,804,Clouds,overcast clouds,04d
2025-08-02 11:55:15,Vinh Long,Vinh Long,35.82,35.82,35.82,52.0,42.82,10000.0,0.0,95.0,3.98,4.6,232.0,1007.0,1,804,Clouds,overcast clouds,04d
2025-08-02 11:59:06,Vinh Long,Vinh Long,35.82,35.82,35.82,52.0,42.82,10000.0,0.0,95.0,3.98,4.6,232.0,1007.0,1,804,Clouds,overcast clouds,04d
2025-08-02 12:02:56,Vinh Long,Vinh Long,35.71,35.71,35.71,58.0,42.71,10000.0,0.0,95.0,3.98,4.6,232.0,1008.0,1,804,Clouds,overcast clouds,04d
2025-08-02 12:06:47,Vinh Long,Vinh Long,35.71,35.71,35.71,58.0,42.71,10000.0,0.0,95.0,3.98,4.6,232.0,1008.0,1,804,Clouds,overcast clouds,04d
2025-08-02 12:10:37,Vinh Long,Vinh Long,35.71,35.71,35.71,58.0,42.71,10000.0,0.0,95.0,3.98,4.6,232.0,1008.0,1,804,Clouds,overcast clouds,04d
2025-08-02 12:14:27,Vinh Long,Vinh Long,35.71,35.71,35.71,58.0,42.71,10000.0,0.0,95.0,3.98,4.6,232.0,1008.0,1,804,Clouds,overcast clouds,04d
2025-08-02 12:18:17,Vinh Long,Vinh Long,35.71,35.71,35.71,58.0,42.71,10000.0,0.0,95.0,3.98,4.6,232.0,1008.0,1,804,Clouds,overcast clouds,04d
2025-08-02 12:22:09,Vinh Long,Vinh Long,35.71,35.71,35.71,58.0,42.71,10000.0,0.0,95.0,3.98,4.6,232.0,1008.0,1,804,Clouds,overcast clouds,04d
2025-08-02 12:25:59,Vinh Long,Vinh Long,35.71,35.71,35.71,58.0,42.71,10000.0,0.0,95.0,3.98,4.6,232.0,1008.0,1,804,Clouds,overcast clouds,04d
2025-08-02 12:30:10,Vinh Long,Vinh Long,35.78,35.78,35.78,51.0,42.78,10000.0,0.0,96.0,4.16,4.78,233.0,1007.0,1,804,Clouds,overcast clouds,04d
2025-08-02 12:33:59,Vinh Long,Vinh Long,35.82,35.82,35.82,52.0,42.82,10000.0,0.0,96.0,4.16,4.78,233.0,1007.0,1,804,Clouds,overcast clouds,04d
2025-08-02 12:37:50,Vinh Long,Vinh Long,35.82,35.82,35.82,52.0,42.82,10000.0,0.0,96.0,4.16,4.78,233.0,1007.0,1,804,Clouds,overcast clouds,04d
2025-08-02 12:41:39,Vinh Long,Vinh Long,35.82,35.82,35.82,52.0,42.82,10000.0,0.0,96.0,4.16,4.78,233.0,1007.0,1,804,Clouds,overcast clouds,04d
2025-08-02 12:45:29,Vinh Long,Vinh Long,35.82,35.82,35.82,52.0,42.82,10000.0,0.0,99.0,4.56,5.38,235.0,1007.0,1,804,Clouds,overcast clouds,04d
2025-08-02 12:49:20,Vinh Long,Vinh Long,35.82,35.82,35.82,52.0,42.82,10000.0,0.0,99.0,4.56,5.38,235.0,1007.0,1,804,Clouds,overcast clouds,04d
2025-08-02 12:53:11,Vinh Long,Vinh Long,35.82,35.82,35.82,52.0,42.82,10000.0,0.0,99.0,4.56,5.38,235.0,1007.0,1,804,Clouds,overcast clouds,04d
2025-08-02 12:57:12,Vinh Long,Vinh Long,35.82,35.82,35.82,52.0,42.82,10000.0,0.0,99.0,4.56,5.38,235.0,1007.0,1,804,Clouds,overcast clouds,04d
2025-08-02 13:01:03,Vinh Long,Vinh Long,35.82,35.82,35.82,52.0,42.82,10000.0,0.0,99.0,4.56,5.38,235.0,1007.0,1,804,Clouds,overcast clouds,04d
2025-08-02 13:04:53,Vinh Long,Vinh Long,35.82,35.82,35.82,52.0,42.82,10000.0,0.0,99.0,4.56,5.38,235.0,1007.0,1,804,Clouds,overcast clouds,04d
2025-08-02 13:08:44,Vinh Long,Vinh Long,35.82,35.82,35.82,52.0,42.82,10000.0,0.0,99.0,4.56,5.38,235.0,1007.0,1,804,Clouds,overcast clouds,04d
2025-08-02 13:12:34,Vinh Long,Vinh Long,35.82,35.82,35.82,52.0,42.82,10000.0,0.0,99.0,4.56,5.38,235.0,1007.0,1,804,Clouds,overcast clouds,04d
2025-08-02 13:16:29,Vinh Long,Vinh Long,35.54,35.54,35.54,57.0,42.54,10000.0,0.0,99.0,4.56,5.38,235.0,1007.0,1,804,Clouds,overcast clouds,04d
2025-08-02 13:20:21,Vinh Long,Vinh Long,35.54,35.54,35.54,57.0,42.54,10000.0,0.0,99.0,4.56,5.38,235.0,1007.0,1,804,Clouds,overcast clouds,04d
2025-08-02 13:24:11,Vinh Long,Vinh Long,35.54,35.54,35.54,57.0,42.54,10000.0,0.0,99.0,4.56,5.38,235.0,1007.0,1,804,Clouds,overcast clouds,04d
2025-08-02 13:28:01,Vinh Long,Vinh Long,35.54,35.54,35.54,57.0,42.54,10000.0,0.0,99.0,4.56,5.38,235.0,1007.0,1,804,Clouds,overcast clouds,04d
2025-08-02 13:31:53,Vinh Long,Vinh Long,34.14,34.14,34.14,57.0,41.14,10000.0,0.0,100.0,3.6,5.65,216.0,1006.0,1,804,Clouds,overcast clouds,04d
2025-08-02 13:35:42,Vinh Long,Vinh Long,34.14,34.14,34.14,57.0,41.14,10000.0,0.0,100.0,3.6,5.65,216.0,1006.0,1,804,Clouds,overcast clouds,04d
2025-08-02 13:39:32,Vinh Long,Vinh Long,34.14,34.14,34.14,57.0,41.14,10000.0,0.0,100.0,3.6,5.65,216.0,1006.0,1,804,Clouds,overcast clouds,04d
2025-08-02 13:43:24,Vinh Long,Vinh Long,34.14,34.14,34.14,57.0,41.14,10000.0,0.0,100.0,3.6,5.65,216.0,1006.0,1,804,Clouds,overcast clouds,04d
2025-08-02 13:47:14,Vinh Long,Vinh Long,34.18,34.18,34.18,56.0,41.02,10000.0,0.0,100.0,3.6,5.65,216.0,1006.0,1,804,Clouds,overcast clouds,04d
2025-08-02 13:51:05,Vinh Long,Vinh Long,34.18,34.18,34.18,56.0,41.02,10000.0,0.0,100.0,3.6,5.65,216.0,1006.0,1,804,Clouds,overcast clouds,04d
2025-08-02 13:54:55,Vinh Long,Vinh Long,34.18,34.18,34.18,56.0,41.02,10000.0,0.0,100.0,3.6,5.65,216.0,1006.0,1,804,Clouds,overcast clouds,04d
2025-08-02 13:58:45,Vinh Long,Vinh Long,34.18,34.18,34.18,56.0,41.02,10000.0,0.0,100.0,3.6,5.65,216.0,1006.0,1,804,Clouds,overcast clouds,04d
2025-08-02 14:02:34,Vinh Long,Vinh Long,34.18,34.18,34.18,56.0,41.02,10000.0,0.0,100.0,3.6,5.65,216.0,1006.0,1,804,Clouds,overcast clouds,04d
2025-08-02 14:06:26,Vinh Long,Vinh Long,34.22,34.22,34.22,60.0,41.22,10000.0,0.0,100.0,3.6,5.65,216.0,1006.0,1,804,Clouds,overcast clouds,04d
2025-08-02 14:10:18,Vinh Long,Vinh Long,34.22,34.22,34.22,60.0,41.22,10000.0,0.0,100.0,3.6,5.65,216.0,1006.0,1,804,Clouds,overcast clouds,04d
2025-08-02 14:14:09,Vinh Long,Vinh Long,34.22,34.22,34.22,60.0,41.22,10000.0,0.0,100.0,3.6,5.65,216.0,1006.0,1,804,Clouds,overcast clouds,04d
2025-08-02 14:17:59,Vinh Long,Vinh Long,34.22,34.22,34.22,60.0,41.22,10000.0,0.0,100.0,3.6,5.65,216.0,1006.0,1,804,Clouds,overcast clouds,04d
2025-08-02 14:21:50,Vinh Long,Vinh Long,34.22,34.22,34.22,60.0,41.22,10000.0,0.0,100.0,3.6,5.65,216.0,1006.0,1,804,Clouds,overcast clouds,04d
2025-08-02 14:25:39,Vinh Long,Vinh Long,34.22,34.22,34.22,60.0,41.22,10000.0,0.0,100.0,3.6,5.65,216.0,1006.0,1,804,Clouds,overcast clouds,04d
2025-08-02 14:29:30,Vinh Long,Vinh Long,34.22,34.22,34.22,60.0,41.22,10000.0,0.0,100.0,3.6,5.65,216.0,1006.0,1,804,Clouds,overcast clouds,04d
2025-08-02 14:33:21,Vinh Long,Vinh Long,32.97,32.97,32.97,60.0,39.44,10000.0,0.0,100.0,4.15,6.85,185.0,1006.0,1,804,Clouds,overcast clouds,04d
2025-08-02 14:37:11,Vinh Long,Vinh Long,32.97,32.97,32.97,60.0,39.44,10000.0,0.0,100.0,4.15,6.85,185.0,1006.0,1,804,Clouds,overcast clouds,04d
2025-08-02 14:41:00,Vinh Long,Vinh Long,32.97,32.97,32.97,60.0,39.44,10000.0,0.0,100.0,4.15,6.85,185.0,1006.0,1,804,Clouds,overcast clouds,04d
2025-08-02 14:44:51,Vinh Long,Vinh Long,32.97,32.97,32.97,60.0,39.44,10000.0,0.0,100.0,4.15,6.85,185.0,1006.0,1,804,Clouds,overcast clouds,04d
2025-08-02 14:48:40,Vinh Long,Vinh Long,32.97,32.97,32.97,60.0,39.44,10000.0,0.0,100.0,4.15,6.85,185.0,1005.0,1,804,Clouds,overcast clouds,04d
2025-08-02 14:52:32,Vinh Long,Vinh Long,32.97,32.97,32.97,60.0,39.44,10000.0,0.0,100.0,4.15,6.85,185.0,1005.0,1,804,Clouds,overcast clouds,04d
2025-08-02 14:56:22,Vinh Long,Vinh Long,32.97,32.97,32.97,60.0,39.44,10000.0,0.0,100.0,4.15,6.85,185.0,1005.0,1,804,Clouds,overcast clouds,04d
2025-08-02 15:00:14,Vinh Long,Vinh Long,32.97,32.97,32.97,60.0,39.44,10000.0,0.0,100.0,4.15,6.85,185.0,1005.0,1,804,Clouds,overcast clouds,04d
2025-08-02 15:04:05,Vinh Long,Vinh Long,32.97,32.97,32.97,60.0,39.44,10000.0,0.0,100.0,4.15,6.85,185.0,1005.0,1,804,Clouds,overcast clouds,04d
2025-08-02 15:07:54,Vinh Long,Vinh Long,33.07,33.07,33.07,62.0,40.07,10000.0,0.0,100.0,4.15,6.85,185.0,1006.0,1,804,Clouds,overcast clouds,04d
2025-08-02 15:11:45,Vinh Long,Vinh Long,33.07,33.07,33.07,62.0,40.07,10000.0,0.0,100.0,4.15,6.85,185.0,1006.0,1,804,Clouds,overcast clouds,04d
2025-08-02 15:15:35,Vinh Long,Vinh Long,33.07,33.07,33.07,62.0,40.07,10000.0,0.0,100.0,4.15,6.85,185.0,1006.0,1,804,Clouds,overcast clouds,04d
2025-08-02 15:19:26,Vinh Long,Vinh Long,33.07,33.07,33.07,62.0,40.07,10000.0,0.0,100.0,4.15,6.85,185.0,1006.0,1,804,Clouds,overcast clouds,04d
2025-08-02 15:23:16,Vinh Long,Vinh Long,33.07,33.07,33.07,63.0,40.07,10000.0,0.0,100.0,4.15,6.85,185.0,1006.0,1,804,Clouds,overcast clouds,04d
2025-08-02 15:27:07,Vinh Long,Vinh Long,33.07,33.07,33.07,63.0,40.07,10000.0,0.0,100.0,4.15,6.85,185.0,1006.0,1,804,Clouds,overcast clouds,04d
2025-08-02 15:30:56,Vinh Long,Vinh Long,32.01,32.01,32.01,63.0,38.03,10000.0,0.0,100.0,3.99,7.08,197.0,1005.0,1,804,Clouds,overcast clouds,04d
2025-08-02 15:34:46,Vinh Long,Vinh Long,31.94,31.94,31.94,63.0,37.86,10000.0,0.0,100.0,3.99,7.08,197.0,1005.0,1,804,Clouds,overcast clouds,04d
2025-08-02 15:38:35,Vinh Long,Vinh Long,31.94,31.94,31.94,63.0,37.86,10000.0,0.0,100.0,3.99,7.08,197.0,1005.0,1,804,Clouds,overcast clouds,04d
2025-08-02 15:42:26,Vinh Long,Vinh Long,31.94,31.94,31.94,63.0,37.86,10000.0,0.0,100.0,3.99,7.08,197.0,1005.0,1,804,Clouds,overcast clouds,04d
2025-08-02 15:46:17,Vinh Long,Vinh Long,31.96,31.96,31.96,62.0,37.59,10000.0,0.0,100.0,3.99,7.08,197.0,1005.0,1,804,Clouds,overcast clouds,04d
2025-08-02 15:50:08,Vinh Long,Vinh Long,31.96,31.96,31.96,62.0,37.59,10000.0,0.0,100.0,3.99,7.08,197.0,1005.0,1,804,Clouds,overcast clouds,04d
2025-08-02 15:53:58,Vinh Long,Vinh Long,31.96,31.96,31.96,62.0,37.59,10000.0,0.0,100.0,3.99,7.08,197.0,1005.0,1,804,Clouds,overcast clouds,04d
2025-08-02 15:57:48,Vinh Long,Vinh Long,31.96,31.96,31.96,62.0,37.59,10000.0,0.0,100.0,3.99,7.08,197.0,1005.0,1,804,Clouds,overcast clouds,04d
2025-08-02 16:01:38,Vinh Long,Vinh Long,32.07,32.07,32.07,64.0,38.51,10000.0,0.0,100.0,3.99,7.08,197.0,1005.0,1,804,Clouds,overcast clouds,04d
2025-08-02 16:05:32,Vinh Long,Vinh Long,32.07,32.07,32.07,64.0,38.51,10000.0,0.0,100.0,3.99,7.08,197.0,1005.0,1,804,Clouds,overcast clouds,04d
2025-08-02 16:09:23,Vinh Long,Vinh Long,32.07,32.07,32.07,64.0,38.51,10000.0,0.0,100.0,3.99,7.08,197.0,1005.0,1,804,Clouds,overcast clouds,04d
2025-08-02 16:13:15,Vinh Long,Vinh Long,32.07,32.07,32.07,64.0,38.51,10000.0,0.0,100.0,3.99,7.08,197.0,1005.0,1,804,Clouds,overcast clouds,04d
2025-08-02 16:17:06,Vinh Long,Vinh Long,32.07,32.07,32.07,64.0,38.51,10000.0,0.0,100.0,3.99,7.08,197.0,1005.0,1,804,Clouds,overcast clouds,04d
2025-08-02 16:20:56,Vinh Long,Vinh Long,32.07,32.07,32.07,64.0,38.51,10000.0,0.0,100.0,3.99,7.08,197.0,1005.0,1,804,Clouds,overcast clouds,04d
2025-08-02 16:24:46,Vinh Long,Vinh Long,32.07,32.07,32.07,64.0,38.51,10000.0,0.0,100.0,3.99,7.08,197.0,1005.0,1,804,Clouds,overcast clouds,04d
2025-08-02 16:28:36,Vinh Long,Vinh Long,32.07,32.07,32.07,64.0,38.51,10000.0,0.0,100.0,3.99,7.08,197.0,1005.0,1,804,Clouds,overcast clouds,04d
2025-08-02 16:32:26,Vinh Long,Vinh Long,31.63,31.63,31.63,62.0,36.8,10000.0,0.0,100.0,3.53,7.08,220.0,1005.0,1,804,Clouds,overcast clouds,04d
2025-08-02 16:36:17,Vinh Long,Vinh Long,32.07,32.07,32.07,64.0,38.51,10000.0,0.0,100.0,3.99,7.08,197.0,1005.0,1,804,Clouds,overcast clouds,04d
2025-08-02 16:40:09,Vinh Long,Vinh Long,31.63,31.63,31.63,62.0,36.8,10000.0,0.0,100.0,3.53,7.08,220.0,1005.0,1,804,Clouds,overcast clouds,04d
2025-08-02 16:43:59,Vinh Long,Vinh Long,31.63,31.63,31.63,62.0,36.8,10000.0,0.0,100.0,3.53,7.08,220.0,1005.0,1,804,Clouds,overcast clouds,04d
2025-08-02 16:47:49,Vinh Long,Vinh Long,31.63,31.63,31.63,62.0,36.8,10000.0,0.0,100.0,3.53,7.08,220.0,1005.0,1,804,Clouds,overcast clouds,04d
2025-08-02 16:51:40,Vinh Long,Vinh Long,31.55,31.55,31.55,64.0,37.2,10000.0,0.0,100.0,3.53,7.08,220.0,1005.0,1,804,Clouds,overcast clouds,04d
2025-08-02 16:55:32,Vinh Long,Vinh Long,31.63,31.63,31.63,62.0,36.8,10000.0,0.0,100.0,3.53,7.08,220.0,1005.0,1,804,Clouds,overcast clouds,04d
2025-08-02 16:59:23,Vinh Long,Vinh Long,31.55,31.55,31.55,64.0,37.2,10000.0,0.0,100.0,3.53,7.08,220.0,1005.0,1,804,Clouds,overcast clouds,04d
2025-08-02 17:03:14,Vinh Long,Vinh Long,31.55,31.55,31.55,64.0,37.2,10000.0,0.0,100.0,3.53,7.08,220.0,1005.0,1,804,Clouds,overcast clouds,04d
2025-08-02 17:07:06,Vinh Long,Vinh Long,31.65,31.65,31.65,65.0,37.76,10000.0,0.0,100.0,3.53,7.08,220.0,1005.0,1,804,Clouds,overcast clouds,04d
2025-08-02 17:10:57,Vinh Long,Vinh Long,31.65,31.65,31.65,65.0,37.76,10000.0,0.0,100.0,3.53,7.08,220.0,1005.0,1,804,Clouds,overcast clouds,04d
2025-08-02 17:14:47,Vinh Long,Vinh Long,31.65,31.65,31.65,65.0,37.76,10000.0,0.0,100.0,3.53,7.08,220.0,1005.0,1,804,Clouds,overcast clouds,04d
2025-08-02 17:18:37,Vinh Long,Vinh Long,31.64,31.64,31.64,65.0,37.73,10000.0,0.0,100.0,3.53,7.08,220.0,1005.0,1,804,Clouds,overcast clouds,04d
2025-08-02 17:22:28,Vinh Long,Vinh Long,31.64,31.64,31.64,65.0,37.73,10000.0,0.0,100.0,3.53,7.08,220.0,1005.0,1,804,Clouds,overcast clouds,04d
2025-08-02 17:26:18,Vinh Long,Vinh Long,31.64,31.64,31.64,65.0,37.73,10000.0,0.0,100.0,3.53,7.08,220.0,1005.0,1,804,Clouds,overcast clouds,04d
2025-08-02 17:30:10,Vinh Long,Vinh Long,31.64,31.64,31.64,65.0,37.73,10000.0,0.0,100.0,3.53,7.08,220.0,1005.0,1,804,Clouds,overcast clouds,04d
2025-08-02 17:34:01,Vinh Long,Vinh Long,31.03,31.03,31.03,66.0,36.51,10000.0,0.0,100.0,3.05,6.5,213.0,1005.0,1,804,Clouds,overcast clouds,04d
2025-08-02 17:37:50,Vinh Long,Vinh Long,31.03,31.03,31.03,66.0,36.51,10000.0,0.0,100.0,3.05,6.5,213.0,1005.0,1,804,Clouds,overcast clouds,04d
2025-08-02 17:41:41,Vinh Long,Vinh Long,31.03,31.03,31.03,66.0,36.51,10000.0,0.0,100.0,3.05,6.5,213.0,1005.0,1,804,Clouds,overcast clouds,04d
2025-08-02 17:45:32,Vinh Long,Vinh Long,31.03,31.03,31.03,66.0,36.51,10000.0,0.0,100.0,3.05,6.5,213.0,1005.0,1,804,Clouds,overcast clouds,04d
2025-08-02 17:49:22,Vinh Long,Vinh Long,30.85,30.85,30.85,69.0,36.91,10000.0,0.0,100.0,3.05,6.5,213.0,1005.0,1,804,Clouds,overcast clouds,04d
2025-08-02 17:53:14,Vinh Long,Vinh Long,30.85,30.85,30.85,69.0,36.91,10000.0,0.0,100.0,3.05,6.5,213.0,1005.0,1,804,Clouds,overcast clouds,04d
2025-08-02 17:57:07,Vinh Long,Vinh Long,30.85,30.85,30.85,69.0,36.91,10000.0,0.0,100.0,3.05,6.5,213.0,1005.0,1,804,Clouds,overcast clouds,04d
2025-08-02 18:00:56,Vinh Long,Vinh Long,30.85,30.85,30.85,69.0,36.91,10000.0,0.0,100.0,3.05,6.5,213.0,1005.0,1,804,Clouds,overcast clouds,04d
2025-08-02 18:04:46,Vinh Long,Vinh Long,30.9,30.9,30.9,73.0,37.9,10000.0,0.0,100.0,3.05,6.5,213.0,1006.0,1,804,Clouds,overcast clouds,04d
2025-08-02 18:08:36,Vinh Long,Vinh Long,30.85,30.85,30.85,69.0,36.91,10000.0,0.0,100.0,3.05,6.5,213.0,1005.0,1,804,Clouds,overcast clouds,04d
2025-08-02 18:12:28,Vinh Long,Vinh Long,30.9,30.9,30.9,73.0,37.9,10000.0,0.0,100.0,3.05,6.5,213.0,1006.0,1,804,Clouds,overcast clouds,04d
2025-08-02 18:16:18,Vinh Long,Vinh Long,30.87,30.87,30.87,73.0,37.87,10000.0,0.0,100.0,3.05,6.5,213.0,1006.0,1,804,Clouds,overcast clouds,04d
2025-08-02 18:20:09,Vinh Long,Vinh Long,30.87,30.87,30.87,73.0,37.87,10000.0,0.0,100.0,3.05,6.5,213.0,1006.0,0,804,Clouds,overcast clouds,04d
2025-08-02 18:23:59,Vinh Long,Vinh Long,30.87,30.87,30.87,73.0,37.87,10000.0,0.0,100.0,3.05,6.5,213.0,1006.0,0,804,Clouds,overcast clouds,04d
2025-08-02 18:27:50,Vinh Long,Vinh Long,30.87,30.87,30.87,73.0,37.87,10000.0,0.0,100.0,3.05,6.5,213.0,1006.0,0,804,Clouds,overcast clouds,04n
2025-08-02 18:31:40,Vinh Long,Vinh Long,30.29,30.29,30.29,69.0,35.5,10000.0,0.0,100.0,3.45,7.21,204.0,1006.0,0,804,Clouds,overcast clouds,04n
2025-08-02 18:35:31,Vinh Long,Vinh Long,30.29,30.29,30.29,69.0,35.5,10000.0,0.0,100.0,3.45,7.21,204.0,1006.0,0,804,Clouds,overcast clouds,04n
2025-08-02 18:39:21,Vinh Long,Vinh Long,30.29,30.29,30.29,69.0,35.5,10000.0,0.0,100.0,3.45,7.21,204.0,1006.0,0,804,Clouds,overcast clouds,04n
2025-08-02 18:43:12,Vinh Long,Vinh Long,30.29,30.29,30.29,69.0,35.5,10000.0,0.0,100.0,3.1,7.0,216.0,1006.0,0,804,Clouds,overcast clouds,04n
2025-08-02 18:47:03,Vinh Long,Vinh Long,30.29,30.29,30.29,69.0,35.5,10000.0,0.0,100.0,3.1,7.0,216.0,1006.0,0,804,Clouds,overcast clouds,04n
2025-08-02 18:50:53,Vinh Long,Vinh Long,30.29,30.29,30.29,69.0,35.5,10000.0,0.0,100.0,3.1,7.0,216.0,1006.0,0,804,Clouds,overcast clouds,04n
2025-08-02 18:54:45,Vinh Long,Vinh Long,30.29,30.29,30.29,69.0,35.5,10000.0,0.0,100.0,3.1,7.0,216.0,1006.0,0,804,Clouds,overcast clouds,04n
2025-08-02 18:58:36,Vinh Long,Vinh Long,30.29,30.29,30.29,69.0,35.5,10000.0,0.0,100.0,3.1,7.0,216.0,1006.0,0,804,Clouds,overcast clouds,04n
2025-08-02 19:02:26,Vinh Long,Vinh Long,30.29,30.29,30.29,69.0,35.5,10000.0,0.0,100.0,3.1,7.0,216.0,1006.0,0,804,Clouds,overcast clouds,04n
2025-08-02 19:06:17,Vinh Long,Vinh Long,30.29,30.29,30.29,69.0,35.5,10000.0,0.0,100.0,3.1,7.0,216.0,1006.0,0,804,Clouds,overcast clouds,04n
2025-08-02 19:10:09,Vinh Long,Vinh Long,30.29,30.29,30.29,69.0,35.5,10000.0,0.0,100.0,3.1,7.0,216.0,1006.0,0,804,Clouds,overcast clouds,04n
2025-08-02 19:14:00,Vinh Long,Vinh Long,30.29,30.29,30.29,69.0,35.5,10000.0,0.0,100.0,3.1,7.0,216.0,1006.0,0,804,Clouds,overcast clouds,04n
2025-08-02 19:17:50,Vinh Long,Vinh Long,29.33,29.33,29.33,80.0,35.68,10000.0,0.0,100.0,3.1,7.0,216.0,1007.0,0,804,Clouds,overcast clouds,04n
2025-08-02 19:21:37,Vinh Long,Vinh Long,29.33,29.33,29.33,80.0,35.68,10000.0,0.0,100.0,3.1,7.0,216.0,1007.0,0,804,Clouds,overcast clouds,04n
2025-08-02 19:25:22,Vinh Long,Vinh Long,29.33,29.33,29.33,80.0,35.68,10000.0,0.0,100.0,3.1,7.0,216.0,1007.0,0,804,Clouds,overcast clouds,04n
2025-08-02 19:29:07,Vinh Long,Vinh Long,29.33,29.33,29.33,80.0,35.68,10000.0,0.0,100.0,3.1,7.0,216.0,1007.0,0,804,Clouds,overcast clouds,04n
2025-08-02 19:32:54,Vinh Long,Vinh Long,28.18,28.18,28.18,78.0,32.23,10000.0,0.0,100.0,3.11,7.08,208.0,1008.0,0,804,Clouds,overcast clouds,04n
2025-08-02 19:36:39,Vinh Long,Vinh Long,28.18,28.18,28.18,78.0,32.23,10000.0,0.0,100.0,3.11,7.08,208.0,1008.0,0,804,Clouds,overcast clouds,04n
2025-08-02 19:40:25,Vinh Long,Vinh Long,28.18,28.18,28.18,78.0,32.23,10000.0,0.0,100.0,3.11,7.08,208.0,1008.0,0,804,Clouds,overcast clouds,04n
2025-08-02 19:44:11,Vinh Long,Vinh Long,28.18,28.18,28.18,78.0,32.23,10000.0,0.0,100.0,3.11,7.08,208.0,1008.0,0,804,Clouds,overcast clouds,04n
2025-08-02 19:47:56,Vinh Long,Vinh Long,28.18,28.18,28.18,78.0,32.23,10000.0,0.0,100.0,3.11,7.08,208.0,1008.0,0,804,Clouds,overcast clouds,04n
2025-08-02 19:51:43,Vinh Long,Vinh Long,28.2,28.2,28.2,77.0,32.12,10000.0,0.0,100.0,3.11,7.08,208.0,1008.0,0,804,Clouds,overcast clouds,04n
2025-08-02 19:55:29,Vinh Long,Vinh Long,28.2,28.2,28.2,77.0,32.12,10000.0,0.0,100.0,3.11,7.08,208.0,1008.0,0,804,Clouds,overcast clouds,04n
2025-08-02 19:59:16,Vinh Long,Vinh Long,28.2,28.2,28.2,77.0,32.12,10000.0,0.0,100.0,3.11,7.08,208.0,1008.0,0,804,Clouds,overcast clouds,04n
2025-08-02 20:03:02,Vinh Long,Vinh Long,28.32,28.32,28.32,82.0,33.27,10000.0,0.0,100.0,3.11,7.08,208.0,1008.0,0,804,Clouds,overcast clouds,04n
2025-08-02 20:06:48,Vinh Long,Vinh Long,28.32,28.32,28.32,82.0,33.27,10000.0,0.0,100.0,3.11,7.08,208.0,1008.0,0,804,Clouds,overcast clouds,04n
2025-08-02 20:10:34,Vinh Long,Vinh Long,28.32,28.32,28.32,82.0,33.27,10000.0,0.0,100.0,3.11,7.08,208.0,1008.0,0,804,Clouds,overcast clouds,04n
2025-08-02 20:14:21,Vinh Long,Vinh Long,28.32,28.32,28.32,82.0,33.27,10000.0,0.0,100.0,3.11,7.08,208.0,1008.0,0,804,Clouds,overcast clouds,04n
2025-08-02 20:18:07,Vinh Long,Vinh Long,28.32,28.32,28.32,82.0,33.27,10000.0,0.0,100.0,3.11,7.08,208.0,1008.0,0,804,Clouds,overcast clouds,04n
2025-08-02 20:21:53,Vinh Long,Vinh Long,28.32,28.32,28.32,82.0,33.27,10000.0,0.0,100.0,3.11,7.08,208.0,1008.0,0,804,Clouds,overcast clouds,04n
2025-08-02 20:25:40,Vinh Long,Vinh Long,28.32,28.32,28.32,82.0,33.27,10000.0,0.0,100.0,3.11,7.08,208.0,1008.0,0,804,Clouds,overcast clouds,04n
2025-08-02 20:29:26,Vinh Long,Vinh Long,28.32,28.32,28.32,82.0,33.27,10000.0,0.0,100.0,3.11,7.08,208.0,1008.0,0,804,Clouds,overcast clouds,04n
2025-08-02 20:33:15,Vinh Long,Vinh Long,27.97,27.97,27.97,81.0,32.18,10000.0,0.0,100.0,2.69,6.69,208.0,1008.0,0,804,Clouds,overcast clouds,04n
2025-08-02 20:37:01,Vinh Long,Vinh Long,27.97,27.97,27.97,81.0,32.18,10000.0,0.0,100.0,2.69,6.69,208.0,1008.0,0,804,Clouds,overcast clouds,04n
2025-08-02 20:40:47,Vinh Long,Vinh Long,27.97,27.97,27.97,81.0,32.18,10000.0,0.0,100.0,2.69,6.69,208.0,1008.0,0,804,Clouds,overcast clouds,04n
2025-08-02 20:44:32,Vinh Long,Vinh Long,27.97,27.97,27.97,81.0,32.18,10000.0,0.0,100.0,2.69,6.69,208.0,1008.0,0,804,Clouds,overcast clouds,04n
2025-08-02 20:48:18,Vinh Long,Vinh Long,27.97,27.97,27.97,81.0,32.18,10000.0,0.0,100.0,2.69,6.69,208.0,1008.0,0,804,Clouds,overcast clouds,04n
2025-08-02 20:52:05,Vinh Long,Vinh Long,27.91,27.91,27.91,80.0,31.88,10000.0,0.0,100.0,2.69,6.69,208.0,1008.0,0,804,Clouds,overcast clouds,04n
2025-08-02 20:55:51,Vinh Long,Vinh Long,27.91,27.91,27.91,80.0,31.88,10000.0,0.0,100.0,2.69,6.69,208.0,1008.0,0,804,Clouds,overcast clouds,04n
2025-08-02 20:59:36,Vinh Long,Vinh Long,27.91,27.91,27.91,80.0,31.88,10000.0,0.0,100.0,2.69,6.69,208.0,1008.0,0,804,Clouds,overcast clouds,04n
2025-08-02 21:03:23,Vinh Long,Vinh Long,27.94,27.94,27.94,84.0,32.57,10000.0,0.0,100.0,2.69,6.69,208.0,1008.0,0,804,Clouds,overcast clouds,04n
2025-08-02 21:07:09,Vinh Long,Vinh Long,27.94,27.94,27.94,84.0,32.57,10000.0,0.0,100.0,2.69,6.69,208.0,1008.0,0,804,Clouds,overcast clouds,04n
2025-08-02 21:10:54,Vinh Long,Vinh Long,27.94,27.94,27.94,84.0,32.57,10000.0,0.0,100.0,2.69,6.69,208.0,1008.0,0,804,Clouds,overcast clouds,04n
2025-08-02 21:14:40,Vinh Long,Vinh Long,27.94,27.94,27.94,84.0,32.57,10000.0,0.0,100.0,2.69,6.69,208.0,1008.0,0,804,Clouds,overcast clouds,04n
2025-08-02 21:18:26,Vinh Long,Vinh Long,27.94,27.94,27.94,84.0,32.57,10000.0,0.0,100.0,2.69,6.69,208.0,1008.0,0,804,Clouds,overcast clouds,04n
2025-08-02 21:22:12,Vinh Long,Vinh Long,27.94,27.94,27.94,84.0,32.57,10000.0,0.0,100.0,2.69,6.69,208.0,1008.0,0,804,Clouds,overcast clouds,04n
2025-08-02 21:25:58,Vinh Long,Vinh Long,27.94,27.94,27.94,84.0,32.57,10000.0,0.0,100.0,2.69,6.69,208.0,1008.0,0,804,Clouds,overcast clouds,04n
2025-08-02 21:29:44,Vinh Long,Vinh Long,27.94,27.94,27.94,84.0,32.57,10000.0,0.0,100.0,2.69,6.69,208.0,1008.0,0,804,Clouds,overcast clouds,04n
2025-08-02 21:33:30,Vinh Long,Vinh Long,27.94,27.94,27.94,84.0,32.57,10000.0,0.0,100.0,2.69,6.69,208.0,1008.0,0,804,Clouds,overcast clouds,04n
2025-08-02 21:37:16,Vinh Long,Vinh Long,27.51,27.51,27.51,84.0,31.42,10000.0,0.0,100.0,2.83,6.95,195.0,1009.0,0,804,Clouds,overcast clouds,04n
2025-08-02 21:41:03,Vinh Long,Vinh Long,27.51,27.51,27.51,84.0,31.42,10000.0,0.0,100.0,2.83,6.95,195.0,1009.0,0,804,Clouds,overcast clouds,04n
2025-08-02 21:44:49,Vinh Long,Vinh Long,27.51,27.51,27.51,84.0,31.42,10000.0,0.0,100.0,2.83,6.95,195.0,1009.0,0,804,Clouds,overcast clouds,04n
2025-08-02 21:48:34,Vinh Long,Vinh Long,27.51,27.51,27.51,84.0,31.42,10000.0,0.0,100.0,2.83,6.95,195.0,1009.0,0,804,Clouds,overcast clouds,04n
2025-08-02 21:52:20,Vinh Long,Vinh Long,27.45,27.45,27.45,84.0,31.26,10000.0,0.0,100.0,2.83,6.95,195.0,1009.0,0,804,Clouds,overcast clouds,04n
2025-08-02 21:56:06,Vinh Long,Vinh Long,27.45,27.45,27.45,84.0,31.26,10000.0,0.0,100.0,2.83,6.95,195.0,1009.0,0,804,Clouds,overcast clouds,04n
2025-08-02 21:59:52,Vinh Long,Vinh Long,27.45,27.45,27.45,84.0,31.26,10000.0,0.0,100.0,2.83,6.95,195.0,1009.0,0,804,Clouds,overcast clouds,04n
2025-08-02 22:03:37,Vinh Long,Vinh Long,27.45,27.45,27.45,84.0,31.26,10000.0,0.0,100.0,2.83,6.95,195.0,1009.0,0,804,Clouds,overcast clouds,04n
2025-08-02 22:07:23,Vinh Long,Vinh Long,27.45,27.45,27.45,84.0,31.26,10000.0,0.0,100.0,2.83,6.95,195.0,1009.0,0,804,Clouds,overcast clouds,04n
2025-08-02 22:11:09,Vinh Long,Vinh Long,27.53,27.53,27.53,88.0,32.01,10000.0,0.0,100.0,2.83,6.95,195.0,1009.0,0,804,Clouds,overcast clouds,04n
2025-08-02 22:14:54,Vinh Long,Vinh Long,27.53,27.53,27.53,88.0,32.01,10000.0,0.0,100.0,2.83,6.95,195.0,1009.0,0,804,Clouds,overcast clouds,04n
2025-08-02 22:18:40,Vinh Long,Vinh Long,27.5,27.5,27.5,88.0,31.93,10000.0,0.0,100.0,2.83,6.95,195.0,1009.0,0,804,Clouds,overcast clouds,04n
2025-08-02 22:22:26,Vinh Long,Vinh Long,27.5,27.5,27.5,88.0,31.93,10000.0,0.0,100.0,2.83,6.95,195.0,1009.0,0,804,Clouds,overcast clouds,04n
2025-08-02 22:26:12,Vinh Long,Vinh Long,27.5,27.5,27.5,88.0,31.93,10000.0,0.0,100.0,2.83,6.95,195.0,1009.0,0,804,Clouds,overcast clouds,04n
2025-08-02 22:29:58,Vinh Long,Vinh Long,27.5,27.5,27.5,88.0,31.93,10000.0,0.0,100.0,2.83,6.95,195.0,1009.0,0,804,Clouds,overcast clouds,04n
2025-08-02 22:33:44,Vinh Long,Vinh Long,27.5,27.5,27.5,88.0,31.93,10000.0,0.0,100.0,2.83,6.95,195.0,1009.0,0,804,Clouds,overcast clouds,04n
2025-08-02 22:37:30,Vinh Long,Vinh Long,27.37,27.37,27.37,86.0,31.3,10000.0,0.0,100.0,2.76,7.6,194.0,1009.0,0,804,Clouds,overcast clouds,04n
2025-08-02 22:41:16,Vinh Long,Vinh Long,27.37,27.37,27.37,86.0,31.3,10000.0,0.0,100.0,2.76,7.6,194.0,1009.0,0,804,Clouds,overcast clouds,04n
2025-08-02 22:45:01,Vinh Long,Vinh Long,27.37,27.37,27.37,86.0,31.3,10000.0,0.0,100.0,2.76,7.6,194.0,1009.0,0,804,Clouds,overcast clouds,04n
2025-08-02 22:48:47,Vinh Long,Vinh Long,27.37,27.37,27.37,86.0,31.3,10000.0,0.0,100.0,2.76,7.6,194.0,1009.0,0,804,Clouds,overcast clouds,04n
2025-08-02 22:52:33,Vinh Long,Vinh Long,27.36,27.36,27.36,86.0,31.27,10000.0,0.0,100.0,2.76,7.6,194.0,1009.0,0,804,Clouds,overcast clouds,04n
2025-08-02 22:56:20,Vinh Long,Vinh Long,27.36,27.36,27.36,86.0,31.27,10000.0,0.0,100.0,2.76,7.6,194.0,1009.0,0,804,Clouds,overcast clouds,04n
2025-08-02 23:00:06,Vinh Long,Vinh Long,27.36,27.36,27.36,86.0,31.27,10000.0,0.0,100.0,2.76,7.6,194.0,1009.0,0,804,Clouds,overcast clouds,04n
2025-08-02 23:03:51,Vinh Long,Vinh Long,27.36,27.36,27.36,86.0,31.27,10000.0,0.0,100.0,2.76,7.6,194.0,1009.0,0,804,Clouds,overcast clouds,04n
2025-08-02 23:07:37,Vinh Long,Vinh Long,27.4,27.4,27.4,89.0,31.77,10000.0,0.0,100.0,2.76,7.6,194.0,1009.0,0,804,Clouds,overcast clouds,04n
2025-08-02 23:11:27,Vinh Long,Vinh Long,27.4,27.4,27.4,89.0,31.77,10000.0,0.0,100.0,2.76,7.6,194.0,1009.0,0,804,Clouds,overcast clouds,04n
2025-08-02 23:15:13,Vinh Long,Vinh Long,27.4,27.4,27.4,89.0,31.77,10000.0,0.0,100.0,2.76,7.6,194.0,1009.0,0,804,Clouds,overcast clouds,04n
2025-08-02 23:18:58,Vinh Long,Vinh Long,27.4,27.4,27.4,89.0,31.77,10000.0,0.0,100.0,2.76,7.6,194.0,1009.0,0,804,Clouds,overcast clouds,04n
2025-08-02 23:22:44,Vinh Long,Vinh Long,27.4,27.4,27.4,89.0,31.77,10000.0,0.0,100.0,2.76,7.6,194.0,1009.0,0,804,Clouds,overcast clouds,04n
2025-08-02 23:26:30,Vinh Long,Vinh Long,27.4,27.4,27.4,89.0,31.77,10000.0,0.0,100.0,2.76,7.6,194.0,1009.0,0,804,Clouds,overcast clouds,04n
2025-08-02 23:30:16,Vinh Long,Vinh Long,27.4,27.4,27.4,89.0,31.77,10000.0,0.0,100.0,2.76,7.6,194.0,1009.0,0,804,Clouds,overcast clouds,04n
2025-08-02 23:34:02,Vinh Long,Vinh Long,27.39,27.39,27.39,88.0,31.61,10000.0,0.0,100.0,2.64,7.27,198.0,1008.0,0,804,Clouds,overcast clouds,04n
2025-08-02 23:37:48,Vinh Long,Vinh Long,27.39,27.39,27.39,88.0,31.61,10000.0,0.0,100.0,2.64,7.27,198.0,1008.0,0,804,Clouds,overcast clouds,04n
2025-08-02 23:41:34,Vinh Long,Vinh Long,27.39,27.39,27.39,88.0,31.61,10000.0,0.0,100.0,2.64,7.27,198.0,1008.0,0,804,Clouds,overcast clouds,04n
2025-08-02 23:45:20,Vinh Long,Vinh Long,27.39,27.39,27.39,88.0,31.61,10000.0,0.0,100.0,2.64,7.27,198.0,1008.0,0,804,Clouds,overcast clouds,04n
2025-08-02 23:49:06,Vinh Long,Vinh Long,27.39,27.39,27.39,87.0,31.48,10000.0,0.0,100.0,2.64,7.27,198.0,1009.0,0,804,Clouds,overcast clouds,04n
2025-08-02 23:52:52,Vinh Long,Vinh Long,27.39,27.39,27.39,88.0,31.61,10000.0,0.0,100.0,2.64,7.27,198.0,1008.0,0,804,Clouds,overcast clouds,04n
2025-08-02 23:56:38,Vinh Long,Vinh Long,27.39,27.39,27.39,87.0,31.48,10000.0,0.0,100.0,2.64,7.27,198.0,1009.0,0,804,Clouds,overcast clouds,04n
2025-08-03 00:00:24,Vinh Long,Vinh Long,27.39,27.39,27.39,87.0,31.48,10000.0,0.0,100.0,2.64,7.27,198.0,1009.0,0,804,Clouds,overcast clouds,04n
2025-08-03 00:04:09,Vinh Long,Vinh Long,27.39,27.39,27.39,87.0,31.48,10000.0,0.0,100.0,2.64,7.27,198.0,1009.0,0,804,Clouds,overcast clouds,04n
2025-08-03 00:07:55,Vinh Long,Vinh Long,27.43,27.43,27.43,90.0,31.99,10000.0,0.0,100.0,2.64,7.27,198.0,1009.0,0,804,Clouds,overcast clouds,04n
2025-08-03 00:11:41,Vinh Long,Vinh Long,27.43,27.43,27.43,90.0,31.99,10000.0,0.0,100.0,2.64,7.27,198.0,1009.0,0,804,Clouds,overcast clouds,04n
2025-08-03 00:15:27,Vinh Long,Vinh Long,27.43,27.43,27.43,90.0,31.99,10000.0,0.0,100.0,2.64,7.27,198.0,1009.0,0,804,Clouds,overcast clouds,04n
2025-08-03 00:19:13,Vinh Long,Vinh Long,27.43,27.43,27.43,90.0,31.99,10000.0,0.0,100.0,2.64,7.27,198.0,1009.0,0,804,Clouds,overcast clouds,04n
2025-08-03 00:22:58,Vinh Long,Vinh Long,27.43,27.43,27.43,90.0,31.99,10000.0,0.0,100.0,2.64,7.27,198.0,1009.0,0,804,Clouds,overcast clouds,04n
2025-08-03 00:26:44,Vinh Long,Vinh Long,27.43,27.43,27.43,90.0,31.99,10000.0,0.0,100.0,2.64,7.27,198.0,1009.0,0,804,Clouds,overcast clouds,04n
2025-08-03 00:30:30,Vinh Long,Vinh Long,26.69,26.69,26.69,88.0,29.7,10000.0,0.0,100.0,2.21,6.43,200.0,1008.0,0,804,Clouds,overcast clouds,04n
2025-08-03 00:34:16,Vinh Long,Vinh Long,26.71,26.71,26.71,89.0,29.84,10000.0,0.0,100.0,2.21,6.43,200.0,1008.0,0,804,Clouds,overcast clouds,04n
2025-08-03 00:38:02,Vinh Long,Vinh Long,26.71,26.71,26.71,89.0,29.84,10000.0,0.0,100.0,2.21,6.43,200.0,1008.0,0,804,Clouds,overcast clouds,04n
2025-08-03 00:41:48,Vinh Long,Vinh Long,26.71,26.71,26.71,89.0,29.84,10000.0,0.0,100.0,2.21,6.43,200.0,1008.0,0,804,Clouds,overcast clouds,04n
2025-08-03 00:45:34,Vinh Long,Vinh Long,26.71,26.71,26.71,89.0,29.84,10000.0,0.0,100.0,2.21,6.43,200.0,1008.0,0,804,Clouds,overcast clouds,04n
2025-08-03 00:49:20,Vinh Long,Vinh Long,26.7,26.7,26.7,88.0,29.73,10000.0,0.0,100.0,2.21,6.43,200.0,1008.0,0,804,Clouds,overcast clouds,04n
2025-08-03 00:53:06,Vinh Long,Vinh Long,26.7,26.7,26.7,88.0,29.73,10000.0,0.0,100.0,2.21,6.43,200.0,1008.0,0,804,Clouds,overcast clouds,04n
2025-08-03 00:56:52,Vinh Long,Vinh Long,26.7,26.7,26.7,88.0,29.73,10000.0,0.0,100.0,2.3,6.24,200.0,1008.0,0,804,Clouds,overcast clouds,04n
2025-08-03 01:00:38,Vinh Long,Vinh Long,26.7,26.7,26.7,88.0,29.73,10000.0,0.0,100.0,2.3,6.24,200.0,1008.0,0,804,Clouds,overcast clouds,04n
2025-08-03 01:04:24,Vinh Long,Vinh Long,26.7,26.7,26.7,88.0,29.73,10000.0,0.0,100.0,2.3,6.24,200.0,1008.0,0,804,Clouds,overcast clouds,04n
2025-08-03 01:08:09,Vinh Long,Vinh Long,26.7,26.7,26.7,88.0,29.73,10000.0,0.0,100.0,2.3,6.24,200.0,1008.0,0,804,Clouds,overcast clouds,04n
2025-08-03 01:11:55,Vinh Long,Vinh Long,26.7,26.7,26.7,88.0,29.73,10000.0,0.0,100.0,2.3,6.24,200.0,1008.0,0,804,Clouds,overcast clouds,04n
2025-08-03 01:15:42,Vinh Long,Vinh Long,26.7,26.7,26.7,88.0,29.73,10000.0,0.0,100.0,2.3,6.24,200.0,1008.0,0,804,Clouds,overcast clouds,04n
2025-08-03 01:19:28,Vinh Long,Vinh Long,26.7,26.7,26.7,88.0,29.73,10000.0,0.0,100.0,2.3,6.24,200.0,1008.0,0,804,Clouds,overcast clouds,04n
2025-08-03 01:23:13,Vinh Long,Vinh Long,26.7,26.7,26.7,88.0,29.73,10000.0,0.0,100.0,2.3,6.24,200.0,1008.0,0,804,Clouds,overcast clouds,04n
2025-08-03 01:27:00,Vinh Long,Vinh Long,26.96,26.96,26.96,91.0,30.72,10000.0,0.0,100.0,2.3,6.24,200.0,1008.0,0,804,Clouds,overcast clouds,04n
2025-08-03 01:30:45,Vinh Long,Vinh Long,26.96,26.96,26.96,91.0,30.72,10000.0,0.0,100.0,2.3,6.24,200.0,1008.0,0,804,Clouds,overcast clouds,04n
2025-08-03 01:34:30,Vinh Long,Vinh Long,26.96,26.96,26.96,91.0,30.72,10000.0,0.0,100.0,2.3,6.24,200.0,1008.0,0,804,Clouds,overcast clouds,04n
2025-08-03 01:38:17,Vinh Long,Vinh Long,26.78,26.78,26.78,90.0,30.11,10000.0,0.0,100.0,2.45,6.58,209.0,1008.0,0,804,Clouds,overcast clouds,04n
2025-08-03 01:42:02,Vinh Long,Vinh Long,26.78,26.78,26.78,90.0,30.11,10000.0,0.0,100.0,2.45,6.58,209.0,1008.0,0,804,Clouds,overcast clouds,04n
2025-08-03 01:45:48,Vinh Long,Vinh Long,26.78,26.78,26.78,90.0,30.11,10000.0,0.0,100.0,2.45,6.58,209.0,1008.0,0,804,Clouds,overcast clouds,04n
2025-08-03 01:49:34,Vinh Long,Vinh Long,26.71,26.71,26.71,90.0,29.92,10000.0,0.0,100.0,2.45,6.58,209.0,1008.0,0,804,Clouds,overcast clouds,04n
2025-08-03 01:53:19,Vinh Long,Vinh Long,26.71,26.71,26.71,90.0,29.92,10000.0,0.0,100.0,2.45,6.58,209.0,1008.0,0,804,Clouds,overcast clouds,04n
2025-08-03 01:57:06,Vinh Long,Vinh Long,26.71,26.71,26.71,90.0,29.92,10000.0,0.0,100.0,2.45,6.58,209.0,1008.0,0,804,Clouds,overcast clouds,04n
2025-08-03 02:00:52,Vinh Long,Vinh Long,26.71,26.71,26.71,90.0,29.92,10000.0,0.0,100.0,2.45,6.58,209.0,1008.0,0,804,Clouds,overcast clouds,04n
2025-08-03 02:04:38,Vinh Long,Vinh Long,26.71,26.71,26.71,90.0,29.92,10000.0,0.0,100.0,2.45,6.58,209.0,1008.0,0,804,Clouds,overcast clouds,04n
2025-08-03 02:08:24,Vinh Long,Vinh Long,26.73,26.73,26.73,93.0,30.24,10000.0,0.0,100.0,2.45,6.58,209.0,1008.0,0,804,Clouds,overcast clouds,04n
2025-08-03 02:12:10,Vinh Long,Vinh Long,26.73,26.73,26.73,93.0,30.24,10000.0,0.0,100.0,2.45,6.58,209.0,1008.0,0,804,Clouds,overcast clouds,04n
2025-08-03 02:15:56,Vinh Long,Vinh Long,26.73,26.73,26.73,93.0,30.24,10000.0,0.0,100.0,2.45,6.58,209.0,1008.0,0,804,Clouds,overcast clouds,04n
2025-08-03 02:19:41,Vinh Long,Vinh Long,26.73,26.73,26.73,93.0,30.24,10000.0,0.0,100.0,2.45,6.58,209.0,1008.0,0,804,Clouds,overcast clouds,04n
2025-08-03 02:23:27,Vinh Long,Vinh Long,26.73,26.73,26.73,93.0,30.24,10000.0,0.0,100.0,2.45,6.58,209.0,1008.0,0,804,Clouds,overcast clouds,04n
2025-08-03 02:27:13,Vinh Long,Vinh Long,26.73,26.73,26.73,93.0,30.24,10000.0,0.0,100.0,2.45,6.58,209.0,1008.0,0,804,Clouds,overcast clouds,04n
2025-08-03 02:30:59,Vinh Long,Vinh Long,26.61,26.61,26.61,91.0,26.61,10000.0,0.0,100.0,2.3,6.65,209.0,1008.0,0,804,Clouds,overcast clouds,04n
2025-08-03 02:34:44,Vinh Long,Vinh Long,26.61,26.61,26.61,91.0,26.61,10000.0,0.0,100.0,2.3,6.65,209.0,1008.0,0,804,Clouds,overcast clouds,04n
2025-08-03 02:38:30,Vinh Long,Vinh Long,26.69,26.69,26.69,91.0,29.95,10000.0,0.0,100.0,2.3,6.65,209.0,1008.0,0,804,Clouds,overcast clouds,04n
2025-08-03 02:42:16,Vinh Long,Vinh Long,26.69,26.69,26.69,91.0,29.95,10000.0,0.0,100.0,2.3,6.65,209.0,1008.0,0,804,Clouds,overcast clouds,04n
2025-08-03 02:46:02,Vinh Long,Vinh Long,26.69,26.69,26.69,91.0,29.95,10000.0,0.0,100.0,2.3,6.65,209.0,1008.0,0,804,Clouds,overcast clouds,04n
2025-08-03 02:49:48,Vinh Long,Vinh Long,26.68,26.68,26.68,91.0,29.92,10000.0,0.0,100.0,2.3,6.65,209.0,1008.0,0,804,Clouds,overcast clouds,04n
2025-08-03 02:53:34,Vinh Long,Vinh Long,26.68,26.68,26.68,91.0,29.92,10000.0,0.0,100.0,2.3,6.65,209.0,1008.0,0,804,Clouds,overcast clouds,04n
2025-08-03 02:57:20,Vinh Long,Vinh Long,26.68,26.68,26.68,91.0,29.92,10000.0,0.0,100.0,2.3,6.65,209.0,1008.0,0,804,Clouds,overcast clouds,04n
2025-08-03 03:01:07,Vinh Long,Vinh Long,26.76,26.76,26.76,93.0,30.33,10000.0,0.0,100.0,2.3,6.65,209.0,1008.0,0,804,Clouds,overcast clouds,04n
2025-08-03 03:04:53,Vinh Long,Vinh Long,26.68,26.68,26.68,91.0,29.92,10000.0,0.0,100.0,2.3,6.65,209.0,1008.0,0,804,Clouds,overcast clouds,04n
2025-08-03 03:08:39,Vinh Long,Vinh Long,26.76,26.76,26.76,93.0,30.33,10000.0,0.0,100.0,2.3,6.65,209.0,1008.0,0,804,Clouds,overcast clouds,04n
2025-08-03 03:12:25,Vinh Long,Vinh Long,26.76,26.76,26.76,93.0,30.33,10000.0,0.0,100.0,2.3,6.65,209.0,1008.0,0,804,Clouds,overcast clouds,04n
2025-08-03 03:16:11,Vinh Long,Vinh Long,26.73,26.73,26.73,93.0,30.24,10000.0,0.0,100.0,2.3,6.65,209.0,1008.0,0,804,Clouds,overcast clouds,04n
2025-08-03 03:19:56,Vinh Long,Vinh Long,26.73,26.73,26.73,93.0,30.24,10000.0,0.0,100.0,2.3,6.65,209.0,1008.0,0,804,Clouds,overcast clouds,04n
2025-08-03 03:23:42,Vinh Long,Vinh Long,26.73,26.73,26.73,93.0,30.24,10000.0,0.0,100.0,2.3,6.65,209.0,1008.0,0,804,Clouds,overcast clouds,04n
2025-08-03 03:27:28,Vinh Long,Vinh Long,26.73,26.73,26.73,93.0,30.24,10000.0,0.0,100.0,2.3,6.65,209.0,1008.0,0,804,Clouds,overcast clouds,04n
2025-08-03 03:31:14,Vinh Long,Vinh Long,26.47,26.47,26.47,93.0,26.47,10000.0,0.0,100.0,2.12,5.61,200.0,1007.0,0,804,Clouds,overcast clouds,04n
2025-08-03 03:35:00,Vinh Long,Vinh Long,26.47,26.47,26.47,93.0,26.47,10000.0,0.0,100.0,2.12,5.61,200.0,1007.0,0,804,Clouds,overcast clouds,04n
2025-08-03 03:38:46,Vinh Long,Vinh Long,26.47,26.47,26.47,93.0,26.47,10000.0,0.0,100.0,2.12,5.61,200.0,1007.0,0,804,Clouds,overcast clouds,04n
2025-08-03 03:42:32,Vinh Long,Vinh Long,26.47,26.47,26.47,93.0,26.47,10000.0,0.0,100.0,2.12,5.61,200.0,1007.0,0,804,Clouds,overcast clouds,04n
2025-08-03 03:46:17,Vinh Long,Vinh Long,26.47,26.47,26.47,93.0,26.47,10000.0,0.0,100.0,2.12,5.61,200.0,1007.0,0,804,Clouds,overcast clouds,04n
2025-08-03 03:50:04,Vinh Long,Vinh Long,26.47,26.47,26.47,93.0,26.47,10000.0,0.0,100.0,2.12,5.61,200.0,1007.0,0,804,Clouds,overcast clouds,04n
2025-08-03 03:53:50,Vinh Long,Vinh Long,26.47,26.47,26.47,93.0,26.47,10000.0,0.0,100.0,2.12,5.61,200.0,1007.0,0,804,Clouds,overcast clouds,04n
2025-08-03 03:57:35,Vinh Long,Vinh Long,26.47,26.47,26.47,93.0,26.47,10000.0,0.0,100.0,2.12,5.61,200.0,1007.0,0,804,Clouds,overcast clouds,04n
2025-08-03 04:01:22,Vinh Long,Vinh Long,26.46,26.46,26.46,94.0,26.46,10000.0,0.0,100.0,2.12,5.61,200.0,1008.0,0,804,Clouds,overcast clouds,04n
2025-08-03 04:05:08,Vinh Long,Vinh Long,26.46,26.46,26.46,94.0,26.46,10000.0,0.0,100.0,2.12,5.61,200.0,1008.0,0,804,Clouds,overcast clouds,04n
2025-08-03 04:08:53,Vinh Long,Vinh Long,26.46,26.46,26.46,94.0,26.46,10000.0,0.0,100.0,2.12,5.61,200.0,1008.0,0,804,Clouds,overcast clouds,04n
2025-08-03 04:12:40,Vinh Long,Vinh Long,26.46,26.46,26.46,94.0,26.46,10000.0,0.0,100.0,2.12,5.61,200.0,1008.0,0,804,Clouds,overcast clouds,04n
2025-08-03 04:16:26,Vinh Long,Vinh Long,26.42,26.42,26.42,94.0,26.42,10000.0,0.0,100.0,2.12,5.61,200.0,1008.0,0,804,Clouds,overcast clouds,04n
2025-08-03 04:20:12,Vinh Long,Vinh Long,26.42,26.42,26.42,94.0,26.42,10000.0,0.0,100.0,2.12,5.61,200.0,1008.0,0,804,Clouds,overcast clouds,04n
2025-08-03 04:23:57,Vinh Long,Vinh Long,26.42,26.42,26.42,94.0,26.42,10000.0,0.0,100.0,2.12,5.61,200.0,1008.0,0,804,Clouds,overcast clouds,04n
2025-08-03 04:27:43,Vinh Long,Vinh Long,26.42,26.42,26.42,94.0,26.42,10000.0,0.0,100.0,2.12,5.61,200.0,1008.0,0,804,Clouds,overcast clouds,04n
2025-08-03 04:31:32,Vinh Long,Vinh Long,26.32,26.32,26.32,94.0,26.32,10000.0,0.0,100.0,1.96,4.09,215.0,1008.0,0,804,Clouds,overcast clouds,04n
2025-08-03 04:35:18,Vinh Long,Vinh Long,26.32,26.32,26.32,94.0,26.32,10000.0,0.0,100.0,1.96,4.09,215.0,1008.0,0,804,Clouds,overcast clouds,04n
2025-08-03 04:39:04,Vinh Long,Vinh Long,26.32,26.32,26.32,94.0,26.32,10000.0,0.0,100.0,1.96,4.09,215.0,1008.0,0,804,Clouds,overcast clouds,04n
2025-08-03 04:42:50,Vinh Long,Vinh Long,26.32,26.32,26.32,94.0,26.32,10000.0,0.0,100.0,1.96,4.09,215.0,1008.0,0,804,Clouds,overcast clouds,04n
2025-08-03 04:46:36,Vinh Long,Vinh Long,26.32,26.32,26.32,94.0,26.32,10000.0,0.0,100.0,1.96,4.09,215.0,1008.0,0,804,Clouds,overcast clouds,04n
2025-08-03 04:50:22,Vinh Long,Vinh Long,26.31,26.31,26.31,94.0,26.31,10000.0,0.0,100.0,1.96,4.09,215.0,1008.0,0,804,Clouds,overcast clouds,04n
2025-08-03 04:54:08,Vinh Long,Vinh Long,26.31,26.31,26.31,94.0,26.31,10000.0,0.0,100.0,1.96,4.09,215.0,1008.0,0,804,Clouds,overcast clouds,04n
2025-08-03 04:57:53,Vinh Long,Vinh Long,26.31,26.31,26.31,94.0,26.31,10000.0,0.0,100.0,1.96,4.09,215.0,1008.0,0,804,Clouds,overcast clouds,04n
2025-08-03 05:01:41,Vinh Long,Vinh Long,26.37,26.37,26.37,94.0,26.37,10000.0,0.0,100.0,1.96,4.09,215.0,1008.0,0,804,Clouds,overcast clouds,04n
2025-08-03 05:05:30,Vinh Long,Vinh Long,26.37,26.37,26.37,94.0,26.37,10000.0,0.0,100.0,1.96,4.09,215.0,1008.0,0,804,Clouds,overcast clouds,04n
2025-08-03 05:09:17,Vinh Long,Vinh Long,26.37,26.37,26.37,94.0,26.37,10000.0,0.0,100.0,1.96,4.09,215.0,1008.0,0,804,Clouds,overcast clouds,04n
2025-08-03 05:13:03,Vinh Long,Vinh Long,26.37,26.37,26.37,94.0,26.37,10000.0,0.0,100.0,1.96,4.09,215.0,1008.0,0,804,Clouds,overcast clouds,04n
2025-08-03 05:16:48,Vinh Long,Vinh Long,26.37,26.37,26.37,94.0,26.37,10000.0,0.0,100.0,1.96,4.09,215.0,1008.0,0,804,Clouds,overcast clouds,04n
2025-08-03 05:20:34,Vinh Long,Vinh Long,26.37,26.37,26.37,94.0,26.37,10000.0,0.0,100.0,1.96,4.09,215.0,1008.0,0,804,Clouds,overcast clouds,04n
2025-08-03 05:24:20,Vinh Long,Vinh Long,26.37,26.37,26.37,95.0,26.37,10000.0,0.0,100.0,1.96,4.09,215.0,1008.0,0,804,Clouds,overcast clouds,04n
2025-08-03 05:28:07,Vinh Long,Vinh Long,26.37,26.37,26.37,95.0,26.37,10000.0,0.0,100.0,1.96,4.09,215.0,1008.0,0,804,Clouds,overcast clouds,04n
2025-08-03 05:31:52,Vinh Long,Vinh Long,26.37,26.37,26.37,95.0,26.37,10000.0,0.0,100.0,1.96,4.09,215.0,1008.0,0,804,Clouds,overcast clouds,04n
2025-08-03 05:35:38,Vinh Long,Vinh Long,26.36,26.36,26.36,94.0,26.36,10000.0,0.0,95.0,1.96,3.51,218.0,1008.0,0,804,Clouds,overcast clouds,04n
2025-08-03 05:39:23,Vinh Long,Vinh Long,26.36,26.36,26.36,94.0,26.36,10000.0,0.0,95.0,1.96,3.51,218.0,1008.0,0,804,Clouds,overcast clouds,04n
2025-08-03 05:43:10,Vinh Long,Vinh Long,26.36,26.36,26.36,94.0,26.36,10000.0,0.0,95.0,1.96,3.51,218.0,1008.0,0,804,Clouds,overcast clouds,04n
2025-08-03 05:46:56,Vinh Long,Vinh Long,26.34,26.34,26.34,94.0,26.34,10000.0,0.0,95.0,1.96,3.51,218.0,1008.0,1,804,Clouds,overcast clouds,04d
2025-08-03 05:50:42,Vinh Long,Vinh Long,26.34,26.34,26.34,94.0,26.34,10000.0,0.0,95.0,1.96,3.51,218.0,1008.0,1,804,Clouds,overcast clouds,04d
2025-08-03 05:54:28,Vinh Long,Vinh Long,26.34,26.34,26.34,94.0,26.34,10000.0,0.0,95.0,1.96,3.51,218.0,1008.0,1,804,Clouds,overcast clouds,04d
2025-08-03 05:58:14,Vinh Long,Vinh Long,26.34,26.34,26.34,94.0,26.34,10000.0,0.0,95.0,1.96,3.51,218.0,1008.0,1,804,Clouds,overcast clouds,04d
2025-08-03 06:01:59,Vinh Long,Vinh Long,26.34,26.34,26.34,94.0,26.34,10000.0,0.0,95.0,1.96,3.51,218.0,1008.0,1,804,Clouds,overcast clouds,04d
2025-08-03 06:05:46,Vinh Long,Vinh Long,26.38,26.38,26.38,95.0,26.38,10000.0,0.0,95.0,1.96,3.51,218.0,1008.0,1,804,Clouds,overcast clouds,04d
2025-08-03 06:09:31,Vinh Long,Vinh Long,26.38,26.38,26.38,95.0,26.38,10000.0,0.0,95.0,1.96,3.51,218.0,1008.0,1,804,Clouds,overcast clouds,04d
2025-08-03 06:13:17,Vinh Long,Vinh Long,26.38,26.38,26.38,95.0,26.38,10000.0,0.0,95.0,1.96,3.51,218.0,1008.0,1,804,Clouds,overcast clouds,04d
2025-08-03 06:17:03,Vinh Long,Vinh Long,26.38,26.38,26.38,95.0,26.38,10000.0,0.0,95.0,1.96,3.51,218.0,1008.0,1,804,Clouds,overcast clouds,04d
2025-08-03 06:20:49,Vinh Long,Vinh Long,26.38,26.38,26.38,95.0,26.38,10000.0,0.0,95.0,1.96,3.51,218.0,1008.0,1,804,Clouds,overcast clouds,04d
2025-08-03 06:24:35,Vinh Long,Vinh Long,26.38,26.38,26.38,95.0,26.38,10000.0,0.0,95.0,1.96,3.51,218.0,1008.0,1,804,Clouds,overcast clouds,04d
2025-08-03 06:28:21,Vinh Long,Vinh Long,26.38,26.38,26.38,95.0,26.38,10000.0,0.0,95.0,1.96,3.51,218.0,1008.0,1,804,Clouds,overcast clouds,04d
2025-08-03 06:32:07,Vinh Long,Vinh Long,27.26,27.26,27.26,89.0,31.37,10000.0,0.0,96.0,2.56,4.68,218.0,1009.0,1,804,Clouds,overcast clouds,04d
2025-08-03 06:35:52,Vinh Long,Vinh Long,26.38,26.38,26.38,95.0,26.38,10000.0,0.0,95.0,1.96,3.51,218.0,1008.0,1,804,Clouds,overcast clouds,04d
2025-08-03 06:39:38,Vinh Long,Vinh Long,27.24,27.24,27.24,89.0,31.31,10000.0,0.0,96.0,2.56,4.68,218.0,1008.0,1,804,Clouds,overcast clouds,04d
2025-08-03 06:43:25,Vinh Long,Vinh Long,27.26,27.26,27.26,89.0,31.37,10000.0,0.0,96.0,2.56,4.68,218.0,1009.0,1,804,Clouds,overcast clouds,04d
2025-08-03 06:47:10,Vinh Long,Vinh Long,27.26,27.26,27.26,89.0,31.37,10000.0,0.0,96.0,2.56,4.68,218.0,1009.0,1,804,Clouds,overcast clouds,04d
2025-08-03 06:50:56,Vinh Long,Vinh Long,27.28,27.28,27.28,89.0,31.42,10000.0,0.0,96.0,2.56,4.68,218.0,1009.0,1,804,Clouds,overcast clouds,04d
2025-08-03 06:54:41,Vinh Long,Vinh Long,27.28,27.28,27.28,89.0,31.42,10000.0,0.0,96.0,2.56,4.68,218.0,1009.0,1,804,Clouds,overcast clouds,04d
2025-08-03 06:58:27,Vinh Long,Vinh Long,27.28,27.28,27.28,89.0,31.42,10000.0,0.0,97.0,2.68,5.15,226.0,1009.0,1,804,Clouds,overcast clouds,04d
2025-08-03 07:02:14,Vinh Long,Vinh Long,27.28,27.28,27.28,89.0,31.42,10000.0,0.0,97.0,2.68,5.15,226.0,1009.0,1,804,Clouds,overcast clouds,04d
2025-08-03 07:05:59,Vinh Long,Vinh Long,27.28,27.28,27.28,89.0,31.42,10000.0,0.0,97.0,2.68,5.15,226.0,1009.0,1,804,Clouds,overcast clouds,04d
2025-08-03 07:09:45,Vinh Long,Vinh Long,27.28,27.28,27.28,89.0,31.42,10000.0,0.0,97.0,2.68,5.15,226.0,1009.0,1,804,Clouds,overcast clouds,04d
2025-08-03 07:13:31,Vinh Long,Vinh Long,27.28,27.28,27.28,89.0,31.42,10000.0,0.0,97.0,2.68,5.15,226.0,1009.0,1,804,Clouds,overcast clouds,04d
2025-08-03 07:17:18,Vinh Long,Vinh Long,27.28,27.28,27.28,89.0,31.42,10000.0,0.0,97.0,2.68,5.15,226.0,1009.0,1,804,Clouds,overcast clouds,04d
2025-08-03 07:21:04,Vinh Long,Vinh Long,27.28,27.28,27.28,89.0,31.42,10000.0,0.0,97.0,2.68,5.15,226.0,1009.0,1,804,Clouds,overcast clouds,04d
2025-08-03 07:24:49,Vinh Long,Vinh Long,27.28,27.28,27.28,89.0,31.42,10000.0,0.0,97.0,2.68,5.15,226.0,1009.0,1,804,Clouds,overcast clouds,04d
2025-08-03 07:28:35,Vinh Long,Vinh Long,27.28,27.28,27.28,89.0,31.42,10000.0,0.0,97.0,2.68,5.15,226.0,1009.0,1,804,Clouds,overcast clouds,04d
2025-08-03 07:32:22,Vinh Long,Vinh Long,28.94,28.94,28.94,81.0,34.79,10000.0,0.0,100.0,3.06,4.8,225.0,1010.0,1,804,Clouds,overcast clouds,04d
2025-08-03 07:36:08,Vinh Long,Vinh Long,28.94,28.94,28.94,81.0,34.79,10000.0,0.0,100.0,3.06,4.8,225.0,1010.0,1,804,Clouds,overcast clouds,04d
2025-08-03 07:39:53,Vinh Long,Vinh Long,28.94,28.94,28.94,81.0,34.79,10000.0,0.0,100.0,3.06,4.8,225.0,1010.0,1,804,Clouds,overcast clouds,04d
2025-08-03 07:43:39,Vinh Long,Vinh Long,28.94,28.94,28.94,81.0,34.79,10000.0,0.0,100.0,3.06,4.8,225.0,1010.0,1,804,Clouds,overcast clouds,04d
2025-08-03 07:47:25,Vinh Long,Vinh Long,29.14,29.14,29.14,76.0,34.25,10000.0,0.0,100.0,3.06,4.8,225.0,1010.0,1,804,Clouds,overcast clouds,04d
2025-08-03 07:51:11,Vinh Long,Vinh Long,28.94,28.94,28.94,81.0,34.79,10000.0,0.0,100.0,3.06,4.8,225.0,1010.0,1,804,Clouds,overcast clouds,04d
2025-08-03 07:54:57,Vinh Long,Vinh Long,29.14,29.14,29.14,76.0,34.25,10000.0,0.0,100.0,3.06,4.8,225.0,1010.0,1,804,Clouds,overcast clouds,04d
2025-08-03 07:58:43,Vinh Long,Vinh Long,29.14,29.14,29.14,76.0,34.25,10000.0,0.0,100.0,3.06,4.8,225.0,1010.0,1,804,Clouds,overcast clouds,04d
2025-08-03 08:02:30,Vinh Long,Vinh Long,29.19,29.19,29.19,80.0,35.28,10000.0,0.0,100.0,3.06,4.8,225.0,1010.0,1,804,Clouds,overcast clouds,04d
2025-08-03 08:06:16,Vinh Long,Vinh Long,29.19,29.19,29.19,80.0,35.28,10000.0,0.0,100.0,3.06,4.8,225.0,1010.0,1,804,Clouds,overcast clouds,04d
2025-08-03 08:10:02,Vinh Long,Vinh Long,29.19,29.19,29.19,80.0,35.28,10000.0,0.0,100.0,3.06,4.8,225.0,1010.0,1,804,Clouds,overcast clouds,04d
2025-08-03 08:13:48,Vinh Long,Vinh Long,29.19,29.19,29.19,80.0,35.28,10000.0,0.0,100.0,3.06,4.8,225.0,1010.0,1,804,Clouds,overcast clouds,04d
2025-08-03 08:17:34,Vinh Long,Vinh Long,29.23,29.23,29.23,80.0,35.39,10000.0,0.0,100.0,3.06,4.8,225.0,1010.0,1,804,Clouds,overcast clouds,04d
2025-08-03 08:21:20,Vinh Long,Vinh Long,29.23,29.23,29.23,80.0,35.39,10000.0,0.0,100.0,3.06,4.8,225.0,1010.0,1,804,Clouds,overcast clouds,04d
2025-08-03 08:25:05,Vinh Long,Vinh Long,29.23,29.23,29.23,80.0,35.39,10000.0,0.0,100.0,3.06,4.8,225.0,1010.0,1,804,Clouds,overcast clouds,04d
2025-08-03 08:28:52,Vinh Long,Vinh Long,29.23,29.23,29.23,80.0,35.39,10000.0,0.0,100.0,3.06,4.8,225.0,1010.0,1,804,Clouds,overcast clouds,04d
2025-08-03 08:32:38,Vinh Long,Vinh Long,30.73,30.73,30.73,71.0,37.17,10000.0,0.0,100.0,3.09,4.15,229.0,1010.0,1,804,Clouds,overcast clouds,04d
2025-08-03 08:36:23,Vinh Long,Vinh Long,29.23,29.23,29.23,80.0,35.39,10000.0,0.0,100.0,3.06,4.8,225.0,1010.0,1,804,Clouds,overcast clouds,04d
2025-08-03 08:40:13,Vinh Long,Vinh Long,30.73,30.73,30.73,71.0,37.17,10000.0,0.0,100.0,3.09,4.15,229.0,1010.0,1,804,Clouds,overcast clouds,04d
2025-08-03 08:44:00,Vinh Long,Vinh Long,30.73,30.73,30.73,71.0,37.17,10000.0,0.0,100.0,3.09,4.15,229.0,1010.0,1,804,Clouds,overcast clouds,04d
2025-08-03 08:47:45,Vinh Long,Vinh Long,30.73,30.73,30.73,71.0,37.17,10000.0,0.0,100.0,3.09,4.15,229.0,1010.0,1,804,Clouds,overcast clouds,04d
2025-08-03 08:51:31,Vinh Long,Vinh Long,30.86,30.86,30.86,68.0,36.65,10000.0,0.0,100.0,3.09,4.15,229.0,1010.0,1,804,Clouds,overcast clouds,04d
2025-08-03 08:55:17,Vinh Long,Vinh Long,30.86,30.86,30.86,68.0,36.65,10000.0,0.0,100.0,3.09,4.15,229.0,1010.0,1,804,Clouds,overcast clouds,04d
2025-08-03 08:59:04,Vinh Long,Vinh Long,30.86,30.86,30.86,68.0,36.65,10000.0,0.0,100.0,3.09,4.15,229.0,1010.0,1,804,Clouds,overcast clouds,04d
2025-08-03 09:02:49,Vinh Long,Vinh Long,30.86,30.86,30.86,68.0,36.65,10000.0,0.0,100.0,3.09,4.15,229.0,1010.0,1,804,Clouds,overcast clouds,04d
2025-08-03 09:06:35,Vinh Long,Vinh Long,30.86,30.86,30.86,68.0,36.65,10000.0,0.0,100.0,3.09,4.15,229.0,1010.0,1,804,Clouds,overcast clouds,04d
2025-08-03 09:10:20,Vinh Long,Vinh Long,30.86,30.86,30.86,68.0,36.65,10000.0,0.0,100.0,3.09,4.15,229.0,1010.0,1,804,Clouds,overcast clouds,04d
2025-08-03 09:14:07,Vinh Long,Vinh Long,30.82,30.82,30.82,73.0,37.82,10000.0,0.0,100.0,3.09,4.15,229.0,1010.0,1,804,Clouds,overcast clouds,04d
2025-08-03 09:17:53,Vinh Long,Vinh Long,30.82,30.82,30.82,73.0,37.82,10000.0,0.0,100.0,3.09,4.15,229.0,1010.0,1,804,Clouds,overcast clouds,04d
2025-08-03 09:21:39,Vinh Long,Vinh Long,30.82,30.82,30.82,73.0,37.82,10000.0,0.0,100.0,3.09,4.15,229.0,1010.0,1,804,Clouds,overcast clouds,04d
2025-08-03 09:25:25,Vinh Long,Vinh Long,30.82,30.82,30.82,73.0,37.82,10000.0,0.0,100.0,3.09,4.15,229.0,1010.0,1,804,Clouds,overcast clouds,04d
2025-08-03 09:29:11,Vinh Long,Vinh Long,30.82,30.82,30.82,73.0,37.82,10000.0,0.0,100.0,3.09,4.15,229.0,1010.0,1,804,Clouds,overcast clouds,04d
2025-08-03 09:32:57,Vinh Long,Vinh Long,32.16,32.16,32.16,62.0,38.09,10000.0,0.0,100.0,3.5,4.62,231.0,1010.0,1,804,Clouds,overcast clouds,04d
2025-08-03 09:36:42,Vinh Long,Vinh Long,32.16,32.16,32.16,62.0,38.09,10000.0,0.0,100.0,3.5,4.62,231.0,1010.0,1,804,Clouds,overcast clouds,04d
2025-08-03 09:40:28,Vinh Long,Vinh Long,32.16,32.16,32.16,62.0,38.09,10000.0,0.0,100.0,3.5,4.62,231.0,1010.0,1,804,Clouds,overcast clouds,04d
2025-08-03 09:44:14,Vinh Long,Vinh Long,32.16,32.16,32.16,62.0,38.09,10000.0,0.0,100.0,3.5,4.62,231.0,1010.0,1,804,Clouds,overcast clouds,04d
2025-08-03 09:48:00,Vinh Long,Vinh Long,32.25,32.25,32.25,63.0,38.64,10000.0,0.0,100.0,3.5,4.62,231.0,1010.0,1,804,Clouds,overcast clouds,04d
2025-08-03 09:51:45,Vinh Long,Vinh Long,32.25,32.25,32.25,63.0,38.64,10000.0,0.0,100.0,3.5,4.62,231.0,1010.0,1,804,Clouds,overcast clouds,04d
2025-08-03 09:55:31,Vinh Long,Vinh Long,32.25,32.25,32.25,63.0,38.64,10000.0,0.0,100.0,3.5,4.62,231.0,1010.0,1,804,Clouds,overcast clouds,04d
2025-08-03 09:59:17,Vinh Long,Vinh Long,32.25,32.25,32.25,63.0,38.64,10000.0,0.0,100.0,3.5,4.62,231.0,1010.0,1,804,Clouds,overcast clouds,04d
2025-08-03 10:03:09,Vinh Long,Vinh Long,32.26,32.26,32.26,70.0,39.26,10000.0,0.0,100.0,3.5,4.62,231.0,1010.0,1,804,Clouds,overcast clouds,04d
2025-08-03 10:06:59,Vinh Long,Vinh Long,32.26,32.26,32.26,70.0,39.26,10000.0,0.0,100.0,3.5,4.62,231.0,1010.0,1,804,Clouds,overcast clouds,04d
2025-08-03 10:10:49,Vinh Long,Vinh Long,32.26,32.26,32.26,70.0,39.26,10000.0,0.0,100.0,3.5,4.62,231.0,1010.0,1,804,Clouds,overcast clouds,04d
2025-08-03 10:14:40,Vinh Long,Vinh Long,32.26,32.26,32.26,70.0,39.26,10000.0,0.0,100.0,3.5,4.62,231.0,1010.0,1,804,Clouds,overcast clouds,04d
2025-08-03 10:18:31,Vinh Long,Vinh Long,32.26,32.26,32.26,70.0,39.26,10000.0,0.0,100.0,3.5,4.62,231.0,1010.0,1,804,Clouds,overcast clouds,04d
2025-08-03 10:22:22,Vinh Long,Vinh Long,32.26,32.26,32.26,69.0,39.26,10000.0,0.0,100.0,3.5,4.62,231.0,1010.0,1,804,Clouds,overcast clouds,04d
2025-08-03 10:26:13,Vinh Long,Vinh Long,32.26,32.26,32.26,69.0,39.26,10000.0,0.0,100.0,3.5,4.62,231.0,1010.0,1,804,Clouds,overcast clouds,04d
2025-08-03 10:30:04,Vinh Long,Vinh Long,32.26,32.26,32.26,69.0,39.26,10000.0,0.0,100.0,3.5,4.62,231.0,1010.0,1,804,Clouds,overcast clouds,04d
2025-08-03 10:33:55,Vinh Long,Vinh Long,32.26,32.26,32.26,69.0,39.26,10000.0,0.0,100.0,3.5,4.62,231.0,1010.0,1,804,Clouds,overcast clouds,04d
2025-08-03 10:37:45,Vinh Long,Vinh Long,33.17,33.17,33.17,57.0,38.88,10000.0,0.0,100.0,3.72,4.66,236.0,1010.0,1,804,Clouds,overcast clouds,04d
2025-08-03 10:41:36,Vinh Long,Vinh Long,33.17,33.17,33.17,57.0,38.88,10000.0,0.0,100.0,3.72,4.66,236.0,1010.0,1,804,Clouds,overcast clouds,04d
2025-08-03 10:45:26,Vinh Long,Vinh Long,33.17,33.17,33.17,57.0,38.88,10000.0,0.0,100.0,3.72,4.66,236.0,1010.0,1,804,Clouds,overcast clouds,04d
2025-08-03 10:49:17,Vinh Long,Vinh Long,33.17,33.17,33.17,57.0,38.88,10000.0,0.0,100.0,3.72,4.66,236.0,1010.0,1,804,Clouds,overcast clouds,04d
2025-08-03 10:53:09,Vinh Long,Vinh Long,33.19,33.19,33.19,55.0,38.25,10000.0,0.0,100.0,3.72,4.66,236.0,1010.0,1,804,Clouds,overcast clouds,04d
2025-08-03 10:56:59,Vinh Long,Vinh Long,33.19,33.19,33.19,55.0,38.25,10000.0,0.0,100.0,3.72,4.66,236.0,1010.0,1,804,Clouds,overcast clouds,04d
2025-08-03 11:00:51,Vinh Long,Vinh Long,33.19,33.19,33.19,55.0,38.25,10000.0,0.0,100.0,3.72,4.66,236.0,1010.0,1,804,Clouds,overcast clouds,04d
2025-08-03 11:04:41,Vinh Long,Vinh Long,33.19,33.19,33.19,55.0,38.25,10000.0,0.0,100.0,3.72,4.66,236.0,1010.0,1,804,Clouds,overcast clouds,04d
2025-08-03 11:08:32,Vinh Long,Vinh Long,33.16,33.16,33.16,60.0,39.93,10000.0,0.0,100.0,3.72,4.66,236.0,1010.0,1,804,Clouds,overcast clouds,04d
2025-08-03 11:12:23,Vinh Long,Vinh Long,33.16,33.16,33.16,60.0,39.93,10000.0,0.0,100.0,3.72,4.66,236.0,1010.0,1,804,Clouds,overcast clouds,04d
2025-08-03 11:16:15,Vinh Long,Vinh Long,33.16,33.16,33.16,60.0,39.93,10000.0,0.0,100.0,3.72,4.66,236.0,1010.0,1,804,Clouds,overcast clouds,04d
2025-08-03 11:20:07,Vinh Long,Vinh Long,33.16,33.16,33.16,60.0,39.93,10000.0,0.0,100.0,3.72,4.66,236.0,1010.0,1,804,Clouds,overcast clouds,04d
2025-08-03 11:23:57,Vinh Long,Vinh Long,33.16,33.16,33.16,60.0,39.93,10000.0,0.0,100.0,3.72,4.66,236.0,1010.0,1,804,Clouds,overcast clouds,04d
2025-08-03 11:27:48,Vinh Long,Vinh Long,33.16,33.16,33.16,60.0,39.93,10000.0,0.0,100.0,3.72,4.66,236.0,1010.0,1,804,Clouds,overcast clouds,04d
2025-08-03 11:31:39,Vinh Long,Vinh Long,33.83,33.83,33.83,53.0,39.04,10000.0,0.0,100.0,3.73,4.38,240.0,1009.0,1,804,Clouds,overcast clouds,04d
2025-08-03 11:35:31,Vinh Long,Vinh Long,33.83,33.83,33.83,53.0,39.04,10000.0,0.0,100.0,3.73,4.38,240.0,1009.0,1,804,Clouds,overcast clouds,04d
2025-08-03 11:39:22,Vinh Long,Vinh Long,33.83,33.83,33.83,53.0,39.04,10000.0,0.0,100.0,3.73,4.38,240.0,1009.0,1,804,Clouds,overcast clouds,04d
2025-08-03 11:43:13,Vinh Long,Vinh Long,33.83,33.83,33.83,53.0,39.04,10000.0,0.0,100.0,3.73,4.38,240.0,1009.0,1,804,Clouds,overcast clouds,04d
2025-08-03 11:47:04,Vinh Long,Vinh Long,33.83,33.83,33.83,51.0,38.36,10000.0,0.0,100.0,3.73,4.38,240.0,1009.0,1,804,Clouds,overcast clouds,04d
2025-08-03 11:50:56,Vinh Long,Vinh Long,33.83,33.83,33.83,51.0,38.36,10000.0,0.0,100.0,3.73,4.38,240.0,1009.0,1,804,Clouds,overcast clouds,04d
2025-08-03 11:54:47,Vinh Long,Vinh Long,33.83,33.83,33.83,51.0,38.36,10000.0,0.0,100.0,3.73,4.38,240.0,1009.0,1,804,Clouds,overcast clouds,04d
2025-08-03 11:58:39,Vinh Long,Vinh Long,33.83,33.83,33.83,51.0,38.36,10000.0,0.0,100.0,3.73,4.38,240.0,1009.0,1,804,Clouds,overcast clouds,04d
2025-08-03 12:02:31,Vinh Long,Vinh Long,33.8,33.8,33.8,56.0,40.06,10000.0,0.0,100.0,3.73,4.38,240.0,1009.0,1,804,Clouds,overcast clouds,04d
2025-08-03 12:06:26,Vinh Long,Vinh Long,33.8,33.8,33.8,56.0,40.06,10000.0,0.0,100.0,3.73,4.38,240.0,1009.0,1,804,Clouds,overcast clouds,04d
2025-08-03 12:10:17,Vinh Long,Vinh Long,33.8,33.8,33.8,56.0,40.06,10000.0,0.0,100.0,3.73,4.38,240.0,1009.0,1,804,Clouds,overcast clouds,04d
2025-08-03 12:14:08,Vinh Long,Vinh Long,33.8,33.8,33.8,56.0,40.06,10000.0,0.0,100.0,3.73,4.38,240.0,1009.0,1,804,Clouds,overcast clouds,04d
2025-08-03 12:17:59,Vinh Long,Vinh Long,33.83,33.83,33.83,56.0,40.14,10000.0,0.0,100.0,3.73,4.38,240.0,1009.0,1,804,Clouds,overcast clouds,04d
2025-08-03 12:21:51,Vinh Long,Vinh Long,33.83,33.83,33.83,56.0,40.14,10000.0,0.0,100.0,3.73,4.38,240.0,1009.0,1,804,Clouds,overcast clouds,04d
2025-08-03 12:25:43,Vinh Long,Vinh Long,33.83,33.83,33.83,56.0,40.14,10000.0,0.0,100.0,3.73,4.38,240.0,1009.0,1,804,Clouds,overcast clouds,04d
2025-08-03 12:29:34,Vinh Long,Vinh Long,33.83,33.83,33.83,56.0,40.14,10000.0,0.0,100.0,3.73,4.38,240.0,1009.0,1,804,Clouds,overcast clouds,04d
2025-08-03 12:33:25,Vinh Long,Vinh Long,33.83,33.83,33.83,56.0,40.14,10000.0,0.0,100.0,3.73,4.38,240.0,1009.0,1,804,Clouds,overcast clouds,04d
2025-08-03 12:37:17,Vinh Long,Vinh Long,34.45,34.45,34.45,51.0,39.76,10000.0,0.0,89.0,3.91,4.54,239.0,1008.0,1,804,Clouds,overcast clouds,04d
2025-08-03 12:41:08,Vinh Long,Vinh Long,34.45,34.45,34.45,51.0,39.76,10000.0,0.0,89.0,3.91,4.54,239.0,1008.0,1,804,Clouds,overcast clouds,04d
2025-08-03 12:45:00,Vinh Long,Vinh Long,34.45,34.45,34.45,51.0,39.76,10000.0,0.0,84.0,3.97,4.64,240.0,1008.0,1,803,Clouds,broken clouds,04d
2025-08-03 12:48:51,Vinh Long,Vinh Long,34.45,34.45,34.45,51.0,39.76,10000.0,0.0,84.0,3.97,4.64,240.0,1008.0,1,803,Clouds,broken clouds,04d
2025-08-03 12:52:42,Vinh Long,Vinh Long,34.45,34.45,34.45,51.0,39.76,10000.0,0.0,84.0,3.97,4.64,240.0,1008.0,1,803,Clouds,broken clouds,04d
2025-08-03 12:56:35,Vinh Long,Vinh Long,34.45,34.45,34.45,51.0,39.76,10000.0,0.0,84.0,3.97,4.64,240.0,1008.0,1,803,Clouds,broken clouds,04d
2025-08-03 13:00:26,Vinh Long,Vinh Long,34.45,34.45,34.45,51.0,39.76,10000.0,0.0,84.0,3.97,4.64,240.0,1008.0,1,803,Clouds,broken clouds,04d
2025-08-03 13:04:17,Vinh Long,Vinh Long,34.45,34.45,34.45,51.0,39.76,10000.0,0.0,84.0,3.97,4.64,240.0,1008.0,1,803,Clouds,broken clouds,04d
2025-08-03 13:08:08,Vinh Long,Vinh Long,34.45,34.45,34.45,51.0,39.76,10000.0,0.0,84.0,3.97,4.64,240.0,1008.0,1,803,Clouds,broken clouds,04d
2025-08-03 13:11:59,Vinh Long,Vinh Long,34.54,34.54,34.54,54.0,41.14,10000.0,0.0,84.0,3.97,4.64,240.0,1008.0,1,803,Clouds,broken clouds,04d
2025-08-03 13:15:50,Vinh Long,Vinh Long,34.54,34.54,34.54,54.0,41.14,10000.0,0.0,84.0,3.97,4.64,240.0,1008.0,1,803,Clouds,broken clouds,04d
2025-08-03 13:19:41,Vinh Long,Vinh Long,34.53,34.53,34.53,54.0,41.11,10000.0,0.0,84.0,3.97,4.64,240.0,1008.0,1,803,Clouds,broken clouds,04d
2025-08-03 13:23:32,Vinh Long,Vinh Long,34.53,34.53,34.53,54.0,41.11,10000.0,0.0,84.0,3.97,4.64,240.0,1008.0,1,803,Clouds,broken clouds,04d
2025-08-03 13:27:26,Vinh Long,Vinh Long,34.53,34.53,34.53,54.0,41.11,10000.0,0.0,84.0,3.97,4.64,240.0,1008.0,1,803,Clouds,broken clouds,04d
2025-08-03 13:31:18,Vinh Long,Vinh Long,34.33,34.33,34.33,48.0,38.43,10000.0,0.0,78.0,4.08,4.67,219.0,1007.0,1,803,Clouds,broken clouds,04d
2025-08-03 13:35:09,Vinh Long,Vinh Long,34.33,34.33,34.33,48.0,38.43,10000.0,0.0,78.0,4.08,4.67,219.0,1007.0,1,803,Clouds,broken clouds,04d
2025-08-03 13:39:00,Vinh Long,Vinh Long,34.33,34.33,34.33,48.0,38.43,10000.0,0.0,78.0,4.08,4.67,219.0,1007.0,1,803,Clouds,broken clouds,04d
2025-08-03 13:42:51,Vinh Long,Vinh Long,34.33,34.33,34.33,48.0,38.43,10000.0,0.0,78.0,4.08,4.67,219.0,1007.0,1,803,Clouds,broken clouds,04d
2025-08-03 13:46:42,Vinh Long,Vinh Long,34.33,34.33,34.33,48.0,38.43,10000.0,0.0,78.0,4.08,4.67,219.0,1007.0,1,803,Clouds,broken clouds,04d
2025-08-03 13:50:35,Vinh Long,Vinh Long,34.36,34.36,34.36,49.0,38.84,10000.0,0.0,78.0,4.08,4.67,219.0,1007.0,1,803,Clouds,broken clouds,04d
2025-08-03 13:54:28,Vinh Long,Vinh Long,34.36,34.36,34.36,49.0,38.84,10000.0,0.0,78.0,4.08,4.67,219.0,1007.0,1,803,Clouds,broken clouds,04d
2025-08-03 13:58:20,Vinh Long,Vinh Long,34.36,34.36,34.36,49.0,38.84,10000.0,0.0,78.0,4.08,4.67,219.0,1007.0,1,803,Clouds,broken clouds,04d
2025-08-03 14:02:11,Vinh Long,Vinh Long,34.36,34.36,34.36,49.0,38.84,10000.0,0.0,78.0,4.08,4.67,219.0,1007.0,1,803,Clouds,broken clouds,04d
2025-08-03 14:06:03,Vinh Long,Vinh Long,34.41,34.41,34.41,54.0,40.81,10000.0,0.0,78.0,4.08,4.67,219.0,1008.0,1,803,Clouds,broken clouds,04d
2025-08-03 14:09:54,Vinh Long,Vinh Long,34.41,34.41,34.41,54.0,40.81,10000.0,0.0,78.0,4.08,4.67,219.0,1008.0,1,803,Clouds,broken clouds,04d
2025-08-03 14:13:45,Vinh Long,Vinh Long,34.41,34.41,34.41,54.0,40.81,10000.0,0.0,78.0,4.08,4.67,219.0,1008.0,1,803,Clouds,broken clouds,04d
2025-08-03 14:17:38,Vinh Long,Vinh Long,34.41,34.41,34.41,54.0,40.81,10000.0,0.0,78.0,4.08,4.67,219.0,1008.0,1,803,Clouds,broken clouds,04d
2025-08-03 14:21:30,Vinh Long,Vinh Long,34.41,34.41,34.41,54.0,40.81,10000.0,0.0,78.0,4.08,4.67,219.0,1008.0,1,803,Clouds,broken clouds,04d
2025-08-03 14:25:22,Vinh Long,Vinh Long,34.41,34.41,34.41,55.0,41.21,10000.0,0.0,78.0,4.08,4.67,219.0,1008.0,1,803,Clouds,broken clouds,04d
2025-08-03 14:29:13,Vinh Long,Vinh Long,34.41,34.41,34.41,55.0,41.21,10000.0,0.0,78.0,4.08,4.67,219.0,1008.0,1,803,Clouds,broken clouds,04d
2025-08-03 14:33:05,Vinh Long,Vinh Long,34.41,34.41,34.41,55.0,41.21,10000.0,0.0,78.0,4.08,4.67,219.0,1008.0,1,803,Clouds,broken clouds,04d
2025-08-03 14:36:57,Vinh Long,Vinh Long,33.57,33.57,33.57,58.0,40.24,10000.0,0.0,90.0,4.3,7.34,220.0,1007.0,1,804,Clouds,overcast clouds,04d
2025-08-03 14:40:47,Vinh Long,Vinh Long,33.57,33.57,33.57,58.0,40.24,10000.0,0.0,90.0,4.3,7.34,220.0,1007.0,1,804,Clouds,overcast clouds,04d
2025-08-03 14:44:38,Vinh Long,Vinh Long,33.57,33.57,33.57,58.0,40.24,10000.0,0.0,90.0,4.3,7.34,220.0,1007.0,1,804,Clouds,overcast clouds,04d
2025-08-03 14:48:29,Vinh Long,Vinh Long,33.53,33.53,33.53,57.0,39.76,10000.0,0.0,90.0,4.3,7.34,220.0,1007.0,1,804,Clouds,overcast clouds,04d
2025-08-03 14:52:21,Vinh Long,Vinh Long,33.53,33.53,33.53,57.0,39.76,10000.0,0.0,90.0,4.3,7.34,220.0,1007.0,1,804,Clouds,overcast clouds,04d
2025-08-03 14:56:15,Vinh Long,Vinh Long,33.53,33.53,33.53,57.0,39.76,10000.0,0.0,90.0,4.3,7.34,220.0,1007.0,1,804,Clouds,overcast clouds,04d
2025-08-03 15:00:06,Vinh Long,Vinh Long,33.53,33.53,33.53,57.0,39.76,10000.0,0.0,90.0,4.3,7.34,220.0,1007.0,1,804,Clouds,overcast clouds,04d
2025-08-03 15:03:57,Vinh Long,Vinh Long,33.53,33.53,33.53,57.0,39.76,10000.0,0.0,90.0,4.3,7.34,220.0,1007.0,1,804,Clouds,overcast clouds,04d
2025-08-03 15:07:50,Vinh Long,Vinh Long,33.53,33.53,33.53,57.0,39.76,10000.0,0.0,90.0,4.3,7.34,220.0,1007.0,1,804,Clouds,overcast clouds,04d
2025-08-03 15:11:42,Vinh Long,Vinh Long,33.63,33.63,33.63,61.0,40.63,10000.0,0.0,90.0,4.3,7.34,220.0,1007.0,1,804,Clouds,overcast clouds,04d
2025-08-03 15:15:33,Vinh Long,Vinh Long,33.63,33.63,33.63,61.0,40.63,10000.0,0.0,90.0,4.3,7.34,220.0,1007.0,1,804,Clouds,overcast clouds,04d
2025-08-03 15:19:26,Vinh Long,Vinh Long,33.62,33.62,33.62,61.0,40.62,10000.0,0.0,90.0,4.3,7.34,220.0,1007.0,1,804,Clouds,overcast clouds,04d
2025-08-03 15:23:18,Vinh Long,Vinh Long,33.62,33.62,33.62,61.0,40.62,10000.0,0.0,90.0,4.3,7.34,220.0,1007.0,1,804,Clouds,overcast clouds,04d
2025-08-03 15:27:09,Vinh Long,Vinh Long,33.62,33.62,33.62,61.0,40.62,10000.0,0.0,90.0,4.3,7.34,220.0,1007.0,1,804,Clouds,overcast clouds,04d
2025-08-03 15:31:02,Vinh Long,Vinh Long,33.62,33.62,33.62,61.0,40.62,10000.0,0.0,90.0,4.3,7.34,220.0,1007.0,1,804,Clouds,overcast clouds,04d
2025-08-03 15:34:53,Vinh Long,Vinh Long,33.44,33.44,33.44,61.0,40.44,10000.0,0.0,91.0,5.88,8.25,227.0,1007.0,1,804,Clouds,overcast clouds,04d
2025-08-03 15:38:43,Vinh Long,Vinh Long,33.44,33.44,33.44,61.0,40.44,10000.0,0.0,91.0,5.88,8.25,227.0,1007.0,1,804,Clouds,overcast clouds,04d
2025-08-03 15:42:37,Vinh Long,Vinh Long,33.44,33.44,33.44,61.0,40.44,10000.0,0.0,91.0,5.88,8.25,227.0,1007.0,1,804,Clouds,overcast clouds,04d
2025-08-03 15:46:30,Vinh Long,Vinh Long,33.46,33.46,33.46,59.0,40.33,10000.0,0.0,91.0,5.88,8.25,227.0,1006.0,1,804,Clouds,overcast clouds,04d
2025-08-03 15:50:21,Vinh Long,Vinh Long,33.44,33.44,33.44,61.0,40.44,10000.0,0.0,91.0,5.88,8.25,227.0,1007.0,1,804,Clouds,overcast clouds,04d
2025-08-03 15:54:14,Vinh Long,Vinh Long,33.46,33.46,33.46,59.0,40.33,10000.0,0.0,91.0,5.88,8.25,227.0,1006.0,1,804,Clouds,overcast clouds,04d
2025-08-03 15:58:06,Vinh Long,Vinh Long,33.46,33.46,33.46,59.0,40.33,10000.0,0.0,91.0,5.88,8.25,227.0,1006.0,1,804,Clouds,overcast clouds,04d
2025-08-03 16:01:58,Vinh Long,Vinh Long,33.52,33.52,33.52,61.0,40.52,10000.0,0.0,91.0,5.88,8.25,227.0,1007.0,1,804,Clouds,overcast clouds,04d
2025-08-03 16:05:50,Vinh Long,Vinh Long,33.52,33.52,33.52,61.0,40.52,10000.0,0.0,91.0,5.88,8.25,227.0,1007.0,1,804,Clouds,overcast clouds,04d
2025-08-03 16:09:40,Vinh Long,Vinh Long,33.52,33.52,33.52,61.0,40.52,10000.0,0.0,91.0,5.88,8.25,227.0,1007.0,1,804,Clouds,overcast clouds,04d
2025-08-03 16:13:34,Vinh Long,Vinh Long,33.52,33.52,33.52,61.0,40.52,10000.0,0.0,91.0,5.88,8.25,227.0,1007.0,1,804,Clouds,overcast clouds,04d
2025-08-03 16:17:26,Vinh Long,Vinh Long,33.49,33.49,33.49,61.0,40.49,10000.0,0.0,91.0,5.88,8.25,227.0,1007.0,1,804,Clouds,overcast clouds,04d
2025-08-03 16:21:17,Vinh Long,Vinh Long,33.49,33.49,33.49,61.0,40.49,10000.0,0.0,91.0,5.88,8.25,227.0,1007.0,1,804,Clouds,overcast clouds,04d
2025-08-03 16:25:11,Vinh Long,Vinh Long,33.49,33.49,33.49,61.0,40.49,10000.0,0.0,91.0,5.88,8.25,227.0,1007.0,1,804,Clouds,overcast clouds,04d
2025-08-03 16:29:02,Vinh Long,Vinh Long,33.49,33.49,33.49,61.0,40.49,10000.0,0.0,91.0,5.88,8.25,227.0,1007.0,1,804,Clouds,overcast clouds,04d
2025-08-03 16:32:56,Vinh Long,Vinh Long,32.85,32.85,32.85,61.0,39.49,10000.0,0.0,71.0,5.72,7.01,225.0,1007.0,1,803,Clouds,broken clouds,04d
2025-08-03 16:36:52,Vinh Long,Vinh Long,32.85,32.85,32.85,61.0,39.49,10000.0,0.0,71.0,5.72,7.01,225.0,1007.0,1,803,Clouds,broken clouds,04d
2025-08-03 16:40:42,Vinh Long,Vinh Long,32.85,32.85,32.85,61.0,39.49,10000.0,0.0,71.0,5.72,7.01,225.0,1007.0,1,803,Clouds,broken clouds,04d
2025-08-03 16:44:35,Vinh Long,Vinh Long,32.85,32.85,32.85,61.0,39.49,10000.0,0.0,71.0,5.72,7.01,225.0,1007.0,1,803,Clouds,broken clouds,04d
2025-08-03 16:48:28,Vinh Long,Vinh Long,32.85,32.85,32.85,61.0,39.49,10000.0,0.0,71.0,5.72,7.01,225.0,1007.0,1,803,Clouds,broken clouds,04d
2025-08-03 16:52:21,Vinh Long,Vinh Long,32.85,32.85,32.85,61.0,39.49,10000.0,0.0,71.0,5.72,7.01,225.0,1007.0,1,803,Clouds,broken clouds,04d
2025-08-03 16:56:14,Vinh Long,Vinh Long,32.63,32.63,32.63,63.0,39.63,10000.0,0.0,71.0,5.72,7.01,225.0,1007.0,1,803,Clouds,broken clouds,04d
2025-08-03 17:00:11,Vinh Long,Vinh Long,32.63,32.63,32.63,63.0,39.63,10000.0,0.0,71.0,5.72,7.01,225.0,1007.0,1,803,Clouds,broken clouds,04d
2025-08-03 17:04:02,Vinh Long,Vinh Long,32.63,32.63,32.63,63.0,39.63,10000.0,0.0,71.0,5.72,7.01,225.0,1007.0,1,803,Clouds,broken clouds,04d
2025-08-03 17:07:53,Vinh Long,Vinh Long,32.63,32.63,32.63,63.0,39.63,10000.0,0.0,71.0,5.72,7.01,225.0,1007.0,1,803,Clouds,broken clouds,04d
2025-08-03 17:11:45,Vinh Long,Vinh Long,32.67,32.67,32.67,69.0,39.67,10000.0,0.0,71.0,5.72,7.01,225.0,1007.0,1,803,Clouds,broken clouds,04d
2025-08-03 17:15:40,Vinh Long,Vinh Long,32.67,32.67,32.67,69.0,39.67,10000.0,0.0,71.0,5.72,7.01,225.0,1007.0,1,803,Clouds,broken clouds,04d
2025-08-03 17:19:31,Vinh Long,Vinh Long,32.67,32.67,32.67,69.0,39.67,10000.0,0.0,71.0,5.72,7.01,225.0,1007.0,1,803,Clouds,broken clouds,04d
2025-08-03 17:23:25,Vinh Long,Vinh Long,32.63,32.63,32.63,69.0,39.63,10000.0,0.0,71.0,5.72,7.01,225.0,1007.0,1,803,Clouds,broken clouds,04d
2025-08-03 17:27:16,Vinh Long,Vinh Long,32.63,32.63,32.63,69.0,39.63,10000.0,0.0,71.0,5.72,7.01,225.0,1007.0,1,803,Clouds,broken clouds,04d
2025-08-03 17:31:09,Vinh Long,Vinh Long,30.05,30.05,30.05,71.0,35.41,10000.0,0.0,59.0,4.47,8.5,226.0,1007.0,1,803,Clouds,broken clouds,04d
2025-08-03 17:35:07,Vinh Long,Vinh Long,30.05,30.05,30.05,71.0,35.41,10000.0,0.0,59.0,4.47,8.5,226.0,1007.0,1,803,Clouds,broken clouds,04d
2025-08-03 17:38:58,Vinh Long,Vinh Long,30.05,30.05,30.05,71.0,35.41,10000.0,0.0,59.0,4.47,8.5,226.0,1007.0,1,803,Clouds,broken clouds,04d
2025-08-03 17:42:50,Vinh Long,Vinh Long,30.05,30.05,30.05,71.0,35.41,10000.0,0.0,59.0,4.47,8.5,226.0,1007.0,1,803,Clouds,broken clouds,04d
2025-08-03 17:46:45,Vinh Long,Vinh Long,30.05,30.05,30.05,71.0,35.41,10000.0,0.0,59.0,4.47,8.5,226.0,1007.0,1,803,Clouds,broken clouds,04d
2025-08-03 17:50:36,Vinh Long,Vinh Long,29.93,29.93,29.93,72.0,35.35,10000.0,0.0,59.0,4.47,8.5,226.0,1007.0,1,803,Clouds,broken clouds,04d
2025-08-03 17:54:27,Vinh Long,Vinh Long,29.93,29.93,29.93,72.0,35.35,10000.0,0.0,59.0,4.47,8.5,226.0,1007.0,1,803,Clouds,broken clouds,04d
2025-08-03 17:58:19,Vinh Long,Vinh Long,29.93,29.93,29.93,72.0,35.35,10000.0,0.0,59.0,4.47,8.5,226.0,1007.0,1,803,Clouds,broken clouds,04d
2025-08-03 18:02:11,Vinh Long,Vinh Long,30.01,30.01,30.01,78.0,37.01,10000.0,0.0,59.0,4.47,8.5,226.0,1007.0,1,803,Clouds,broken clouds,04d
2025-08-03 18:06:02,Vinh Long,Vinh Long,30.01,30.01,30.01,78.0,37.01,10000.0,0.0,59.0,4.47,8.5,226.0,1007.0,1,803,Clouds,broken clouds,04d
2025-08-03 18:09:56,Vinh Long,Vinh Long,30.01,30.01,30.01,78.0,37.01,10000.0,0.0,59.0,4.47,8.5,226.0,1007.0,1,803,Clouds,broken clouds,04d
2025-08-03 18:13:47,Vinh Long,Vinh Long,30.01,30.01,30.01,78.0,37.01,10000.0,0.0,59.0,4.47,8.5,226.0,1007.0,1,803,Clouds,broken clouds,04d
2025-08-03 18:17:38,Vinh Long,Vinh Long,30.01,30.01,30.01,78.0,37.01,10000.0,0.0,59.0,4.47,8.5,226.0,1007.0,1,803,Clouds,broken clouds,04d
2025-08-03 18:21:29,Vinh Long,Vinh Long,29.98,29.98,29.98,78.0,36.98,10000.0,0.0,59.0,4.47,8.5,226.0,1007.0,0,803,Clouds,broken clouds,04n
2025-08-03 18:26:25,Vinh Long,Vinh Long,29.98,29.98,29.98,78.0,36.98,10000.0,0.0,59.0,4.47,8.5,226.0,1007.0,0,803,Clouds,broken clouds,04n
2025-08-03 18:30:18,Vinh Long,Vinh Long,28.71,28.71,28.71,74.0,32.81,10000.0,0.0,65.0,3.43,7.55,231.0,1008.0,0,803,Clouds,broken clouds,04n
2025-08-03 18:34:10,Vinh Long,Vinh Long,28.52,28.52,28.52,75.0,32.54,10000.0,0.0,65.0,3.43,7.55,231.0,1008.0,0,803,Clouds,broken clouds,04n
2025-08-03 18:38:03,Vinh Long,Vinh Long,28.52,28.52,28.52,75.0,32.54,10000.0,0.0,65.0,3.43,7.55,231.0,1008.0,0,803,Clouds,broken clouds,04n
2025-08-03 18:41:54,Vinh Long,Vinh Long,28.52,28.52,28.52,75.0,32.54,10000.0,0.0,65.0,3.43,7.55,231.0,1008.0,0,803,Clouds,broken clouds,04n
2025-08-03 18:45:45,Vinh Long,Vinh Long,28.52,28.52,28.52,75.0,32.54,10000.0,0.0,72.0,3.45,7.33,243.0,1008.0,0,803,Clouds,broken clouds,04n
2025-08-03 18:49:37,Vinh Long,Vinh Long,28.52,28.52,28.52,75.0,32.54,10000.0,0.0,72.0,3.45,7.33,243.0,1008.0,0,803,Clouds,broken clouds,04n
2025-08-03 18:53:30,Vinh Long,Vinh Long,28.52,28.52,28.52,75.0,32.54,10000.0,0.0,72.0,3.45,7.33,243.0,1008.0,0,803,Clouds,broken clouds,04n
2025-08-03 18:57:22,Vinh Long,Vinh Long,28.52,28.52,28.52,75.0,32.54,10000.0,0.0,72.0,3.45,7.33,243.0,1008.0,0,803,Clouds,broken clouds,04n
2025-08-03 19:01:15,Vinh Long,Vinh Long,28.52,28.52,28.52,75.0,32.54,10000.0,0.0,72.0,3.45,7.33,243.0,1008.0,0,803,Clouds,broken clouds,04n
2025-08-03 19:05:06,Vinh Long,Vinh Long,28.52,28.52,28.52,75.0,32.54,10000.0,0.0,72.0,3.45,7.33,243.0,1008.0,0,803,Clouds,broken clouds,04n
2025-08-03 19:09:00,Vinh Long,Vinh Long,28.52,28.52,28.52,75.0,32.54,10000.0,0.0,72.0,3.45,7.33,243.0,1008.0,0,803,Clouds,broken clouds,04n
2025-08-03 19:12:52,Vinh Long,Vinh Long,28.38,28.38,28.38,81.0,33.25,10000.0,0.0,72.0,3.45,7.33,243.0,1008.0,0,803,Clouds,broken clouds,04n
2025-08-03 19:16:43,Vinh Long,Vinh Long,28.38,28.38,28.38,81.0,33.25,10000.0,0.0,72.0,3.45,7.33,243.0,1008.0,0,803,Clouds,broken clouds,04n
2025-08-03 19:20:34,Vinh Long,Vinh Long,28.38,28.38,28.38,81.0,33.25,10000.0,0.0,72.0,3.45,7.33,243.0,1008.0,0,803,Clouds,broken clouds,04n
2025-08-03 19:24:20,Vinh Long,Vinh Long,28.34,28.34,28.34,82.0,33.32,10000.0,0.0,72.0,3.45,7.33,243.0,1008.0,0,803,Clouds,broken clouds,04n
2025-08-03 19:28:07,Vinh Long,Vinh Long,28.34,28.34,28.34,82.0,33.32,10000.0,0.0,72.0,3.45,7.33,243.0,1008.0,0,803,Clouds,broken clouds,04n
2025-08-03 19:31:53,Vinh Long,Vinh Long,27.91,27.91,27.91,80.0,31.88,10000.0,0.0,67.0,3.43,7.23,242.0,1009.0,0,803,Clouds,broken clouds,04n
2025-08-03 19:35:39,Vinh Long,Vinh Long,27.91,27.91,27.91,80.0,31.88,10000.0,0.0,67.0,3.43,7.23,242.0,1009.0,0,803,Clouds,broken clouds,04n
2025-08-03 19:39:25,Vinh Long,Vinh Long,27.91,27.91,27.91,80.0,31.88,10000.0,0.0,67.0,3.43,7.23,242.0,1009.0,0,803,Clouds,broken clouds,04n
2025-08-03 19:43:11,Vinh Long,Vinh Long,27.91,27.91,27.91,80.0,31.88,10000.0,0.0,67.0,3.43,7.23,242.0,1009.0,0,803,Clouds,broken clouds,04n
2025-08-03 19:46:59,Vinh Long,Vinh Long,27.8,27.8,27.8,79.0,31.46,10000.0,0.0,67.0,3.43,7.23,242.0,1009.0,0,803,Clouds,broken clouds,04n
2025-08-03 19:50:45,Vinh Long,Vinh Long,27.8,27.8,27.8,79.0,31.46,10000.0,0.0,67.0,3.43,7.23,242.0,1009.0,0,803,Clouds,broken clouds,04n
2025-08-03 19:54:32,Vinh Long,Vinh Long,27.8,27.8,27.8,79.0,31.46,10000.0,0.0,67.0,3.43,7.23,242.0,1009.0,0,803,Clouds,broken clouds,04n
2025-08-03 19:58:17,Vinh Long,Vinh Long,27.8,27.8,27.8,79.0,31.46,10000.0,0.0,67.0,3.43,7.23,242.0,1009.0,0,803,Clouds,broken clouds,04n
2025-08-03 20:02:04,Vinh Long,Vinh Long,27.84,27.84,27.84,84.0,32.3,10000.0,0.0,67.0,3.43,7.23,242.0,1009.0,0,803,Clouds,broken clouds,04n
2025-08-03 20:05:50,Vinh Long,Vinh Long,27.84,27.84,27.84,84.0,32.3,10000.0,0.0,67.0,3.43,7.23,242.0,1009.0,0,803,Clouds,broken clouds,04n
2025-08-03 20:09:36,Vinh Long,Vinh Long,27.84,27.84,27.84,84.0,32.3,10000.0,0.0,67.0,3.43,7.23,242.0,1009.0,0,803,Clouds,broken clouds,04n
2025-08-03 20:13:22,Vinh Long,Vinh Long,27.84,27.84,27.84,84.0,32.3,10000.0,0.0,67.0,3.43,7.23,242.0,1009.0,0,803,Clouds,broken clouds,04n
2025-08-03 20:17:09,Vinh Long,Vinh Long,27.83,27.83,27.83,84.0,32.27,10000.0,0.0,67.0,3.43,7.23,242.0,1009.0,0,803,Clouds,broken clouds,04n
2025-08-03 20:20:54,Vinh Long,Vinh Long,27.84,27.84,27.84,84.0,32.3,10000.0,0.0,67.0,3.43,7.23,242.0,1009.0,0,803,Clouds,broken clouds,04n
2025-08-03 20:24:40,Vinh Long,Vinh Long,27.83,27.83,27.83,84.0,32.27,10000.0,0.0,67.0,3.43,7.23,242.0,1009.0,0,803,Clouds,broken clouds,04n
2025-08-03 20:28:27,Vinh Long,Vinh Long,27.83,27.83,27.83,84.0,32.27,10000.0,0.0,67.0,3.43,7.23,242.0,1009.0,0,803,Clouds,broken clouds,04n
2025-08-03 20:32:13,Vinh Long,Vinh Long,27.13,27.13,27.13,82.0,30.24,10000.0,0.0,54.0,2.99,6.62,232.0,1010.0,0,803,Clouds,broken clouds,04n
2025-08-03 20:35:58,Vinh Long,Vinh Long,27.13,27.13,27.13,82.0,30.24,10000.0,0.0,54.0,2.99,6.62,232.0,1010.0,0,803,Clouds,broken clouds,04n
2025-08-03 20:39:44,Vinh Long,Vinh Long,27.13,27.13,27.13,82.0,30.24,10000.0,0.0,54.0,2.99,6.62,232.0,1010.0,0,803,Clouds,broken clouds,04n
2025-08-03 20:43:30,Vinh Long,Vinh Long,27.13,27.13,27.13,82.0,30.24,10000.0,0.0,54.0,2.99,6.62,232.0,1010.0,0,803,Clouds,broken clouds,04n
2025-08-03 20:47:17,Vinh Long,Vinh Long,27.09,27.09,27.09,82.0,30.14,10000.0,0.0,54.0,2.99,6.62,232.0,1010.0,0,803,Clouds,broken clouds,04n
2025-08-03 20:51:07,Vinh Long,Vinh Long,27.09,27.09,27.09,82.0,30.14,10000.0,0.0,54.0,2.99,6.62,232.0,1010.0,0,803,Clouds,broken clouds,04n
2025-08-03 20:54:54,Vinh Long,Vinh Long,27.09,27.09,27.09,82.0,30.14,10000.0,0.0,54.0,2.99,6.62,232.0,1010.0,0,803,Clouds,broken clouds,04n
2025-08-03 20:58:39,Vinh Long,Vinh Long,27.09,27.09,27.09,82.0,30.14,10000.0,0.0,54.0,2.99,6.62,232.0,1010.0,0,803,Clouds,broken clouds,04n
2025-08-03 21:02:28,Vinh Long,Vinh Long,27.19,27.19,27.19,85.0,30.71,10000.0,0.0,54.0,2.99,6.62,232.0,1010.0,0,803,Clouds,broken clouds,04n
2025-08-03 21:06:15,Vinh Long,Vinh Long,27.19,27.19,27.19,85.0,30.71,10000.0,0.0,54.0,2.99,6.62,232.0,1010.0,0,803,Clouds,broken clouds,04n
2025-08-03 21:10:02,Vinh Long,Vinh Long,27.19,27.19,27.19,85.0,30.71,10000.0,0.0,54.0,2.99,6.62,232.0,1010.0,0,803,Clouds,broken clouds,04n
2025-08-03 21:13:48,Vinh Long,Vinh Long,27.19,27.19,27.19,85.0,30.71,10000.0,0.0,54.0,2.99,6.62,232.0,1010.0,0,803,Clouds,broken clouds,04n
2025-08-03 21:17:35,Vinh Long,Vinh Long,27.19,27.19,27.19,85.0,30.71,10000.0,0.0,54.0,2.99,6.62,232.0,1010.0,0,803,Clouds,broken clouds,04n
2025-08-03 21:21:23,Vinh Long,Vinh Long,27.19,27.19,27.19,85.0,30.71,10000.0,0.0,54.0,2.99,6.62,232.0,1010.0,0,803,Clouds,broken clouds,04n
2025-08-03 21:25:10,Vinh Long,Vinh Long,27.19,27.19,27.19,85.0,30.71,10000.0,0.0,54.0,2.99,6.62,232.0,1010.0,0,803,Clouds,broken clouds,04n
2025-08-03 21:28:56,Vinh Long,Vinh Long,27.19,27.19,27.19,85.0,30.71,10000.0,0.0,54.0,2.99,6.62,232.0,1010.0,0,803,Clouds,broken clouds,04n
2025-08-03 21:32:43,Vinh Long,Vinh Long,26.87,26.87,26.87,83.0,29.72,10000.0,0.0,69.0,2.93,6.84,224.0,1010.0,0,803,Clouds,broken clouds,04n
2025-08-03 21:36:30,Vinh Long,Vinh Long,26.87,26.87,26.87,83.0,29.72,10000.0,0.0,69.0,2.93,6.84,224.0,1010.0,0,803,Clouds,broken clouds,04n
2025-08-03 21:40:17,Vinh Long,Vinh Long,26.87,26.87,26.87,83.0,29.72,10000.0,0.0,69.0,2.93,6.84,224.0,1010.0,0,803,Clouds,broken clouds,04n
2025-08-03 21:44:04,Vinh Long,Vinh Long,26.87,26.87,26.87,83.0,29.72,10000.0,0.0,69.0,2.93,6.84,224.0,1010.0,0,803,Clouds,broken clouds,04n
2025-08-03 21:47:53,Vinh Long,Vinh Long,26.85,26.85,26.85,83.0,29.67,10000.0,0.0,69.0,2.93,6.84,224.0,1010.0,0,803,Clouds,broken clouds,04n
2025-08-03 21:51:42,Vinh Long,Vinh Long,26.85,26.85,26.85,83.0,29.67,10000.0,0.0,69.0,2.93,6.84,224.0,1010.0,0,803,Clouds,broken clouds,04n
2025-08-03 21:55:30,Vinh Long,Vinh Long,26.85,26.85,26.85,83.0,29.67,10000.0,0.0,69.0,2.93,6.84,224.0,1010.0,0,803,Clouds,broken clouds,04n
2025-08-03 21:59:17,Vinh Long,Vinh Long,26.85,26.85,26.85,83.0,29.67,10000.0,0.0,69.0,2.93,6.84,224.0,1010.0,0,803,Clouds,broken clouds,04n
2025-08-03 22:03:05,Vinh Long,Vinh Long,26.94,26.94,26.94,86.0,30.17,10000.0,0.0,69.0,2.93,6.84,224.0,1010.0,0,803,Clouds,broken clouds,04n
2025-08-03 22:06:51,Vinh Long,Vinh Long,26.85,26.85,26.85,83.0,29.67,10000.0,0.0,69.0,2.93,6.84,224.0,1010.0,0,803,Clouds,broken clouds,04n
2025-08-03 22:10:37,Vinh Long,Vinh Long,26.94,26.94,26.94,86.0,30.17,10000.0,0.0,69.0,2.93,6.84,224.0,1010.0,0,803,Clouds,broken clouds,04n
2025-08-03 22:14:23,Vinh Long,Vinh Long,26.94,26.94,26.94,86.0,30.17,10000.0,0.0,69.0,2.93,6.84,224.0,1010.0,0,803,Clouds,broken clouds,04n
2025-08-03 22:18:10,Vinh Long,Vinh Long,26.94,26.94,26.94,86.0,30.17,10000.0,0.0,69.0,2.93,6.84,224.0,1010.0,0,803,Clouds,broken clouds,04n
2025-08-03 22:21:56,Vinh Long,Vinh Long,26.94,26.94,26.94,86.0,30.17,10000.0,0.0,69.0,2.93,6.84,224.0,1010.0,0,803,Clouds,broken clouds,04n
2025-08-03 22:25:42,Vinh Long,Vinh Long,26.94,26.94,26.94,86.0,30.17,10000.0,0.0,69.0,2.93,6.84,224.0,1010.0,0,803,Clouds,broken clouds,04n
2025-08-03 22:29:28,Vinh Long,Vinh Long,26.94,26.94,26.94,86.0,30.17,10000.0,0.0,69.0,2.93,6.84,224.0,1010.0,0,803,Clouds,broken clouds,04n
2025-08-03 22:33:14,Vinh Long,Vinh Long,26.8,26.8,26.8,85.0,29.73,10000.0,0.0,77.0,3.1,7.35,214.0,1010.0,0,803,Clouds,broken clouds,04n
2025-08-03 22:37:00,Vinh Long,Vinh Long,26.8,26.8,26.8,85.0,29.73,10000.0,0.0,77.0,3.1,7.35,214.0,1010.0,0,803,Clouds,broken clouds,04n
2025-08-03 22:40:46,Vinh Long,Vinh Long,26.8,26.8,26.8,85.0,29.73,10000.0,0.0,77.0,3.1,7.35,214.0,1010.0,0,803,Clouds,broken clouds,04n
2025-08-03 22:44:33,Vinh Long,Vinh Long,26.8,26.8,26.8,85.0,29.73,10000.0,0.0,77.0,3.1,7.35,214.0,1010.0,0,803,Clouds,broken clouds,04n
2025-08-03 22:48:20,Vinh Long,Vinh Long,26.8,26.8,26.8,85.0,29.73,10000.0,0.0,77.0,3.1,7.35,214.0,1010.0,0,803,Clouds,broken clouds,04n
2025-08-03 22:52:06,Vinh Long,Vinh Long,26.8,26.8,26.8,85.0,29.73,10000.0,0.0,77.0,3.1,7.35,214.0,1010.0,0,803,Clouds,broken clouds,04n
2025-08-03 22:55:52,Vinh Long,Vinh Long,26.8,26.8,26.8,85.0,29.73,10000.0,0.0,77.0,3.1,7.35,214.0,1010.0,0,803,Clouds,broken clouds,04n
2025-08-03 22:59:38,Vinh Long,Vinh Long,26.8,26.8,26.8,85.0,29.73,10000.0,0.0,77.0,3.1,7.35,214.0,1010.0,0,803,Clouds,broken clouds,04n
2025-08-03 23:03:24,Vinh Long,Vinh Long,26.8,26.8,26.8,85.0,29.73,10000.0,0.0,77.0,3.1,7.35,214.0,1010.0,0,803,Clouds,broken clouds,04n
2025-08-03 23:07:10,Vinh Long,Vinh Long,26.86,26.86,26.86,87.0,30.06,10000.0,0.0,77.0,3.1,7.35,214.0,1010.0,0,803,Clouds,broken clouds,04n
2025-08-03 23:10:56,Vinh Long,Vinh Long,26.86,26.86,26.86,87.0,30.06,10000.0,0.0,77.0,3.1,7.35,214.0,1010.0,0,803,Clouds,broken clouds,04n
2025-08-03 23:14:42,Vinh Long,Vinh Long,26.86,26.86,26.86,87.0,30.06,10000.0,0.0,77.0,3.1,7.35,214.0,1010.0,0,803,Clouds,broken clouds,04n
2025-08-03 23:18:30,Vinh Long,Vinh Long,26.86,26.86,26.86,87.0,30.06,10000.0,0.0,77.0,3.1,7.35,214.0,1010.0,0,803,Clouds,broken clouds,04n
2025-08-03 23:22:16,Vinh Long,Vinh Long,26.86,26.86,26.86,87.0,30.06,10000.0,0.0,77.0,3.1,7.35,214.0,1010.0,0,803,Clouds,broken clouds,04n
2025-08-03 23:26:01,Vinh Long,Vinh Long,26.86,26.86,26.86,87.0,30.06,10000.0,0.0,77.0,3.1,7.35,214.0,1010.0,0,803,Clouds,broken clouds,04n
2025-08-03 23:29:47,Vinh Long,Vinh Long,26.86,26.86,26.86,87.0,30.06,10000.0,0.0,77.0,3.1,7.35,214.0,1010.0,0,803,Clouds,broken clouds,04n
2025-08-03 23:33:33,Vinh Long,Vinh Long,26.69,26.69,26.69,86.0,29.54,10000.0,0.0,79.0,3.34,8.82,219.0,1009.0,0,803,Clouds,broken clouds,04n
2025-08-03 23:37:18,Vinh Long,Vinh Long,26.69,26.69,26.69,86.0,29.54,10000.0,0.0,79.0,3.34,8.82,219.0,1009.0,0,803,Clouds,broken clouds,04n
2025-08-03 23:41:05,Vinh Long,Vinh Long,26.69,26.69,26.69,86.0,29.54,10000.0,0.0,79.0,3.34,8.82,219.0,1009.0,0,803,Clouds,broken clouds,04n
2025-08-03 23:44:51,Vinh Long,Vinh Long,26.69,26.69,26.69,86.0,29.54,10000.0,0.0,79.0,3.34,8.82,219.0,1009.0,0,803,Clouds,broken clouds,04n
2025-08-03 23:48:37,Vinh Long,Vinh Long,26.69,26.69,26.69,86.0,29.54,10000.0,0.0,79.0,3.34,8.82,219.0,1009.0,0,803,Clouds,broken clouds,04n
2025-08-03 23:52:23,Vinh Long,Vinh Long,26.65,26.65,26.65,86.0,26.65,10000.0,0.0,79.0,3.34,8.82,219.0,1009.0,0,803,Clouds,broken clouds,04n
2025-08-03 23:56:10,Vinh Long,Vinh Long,26.65,26.65,26.65,86.0,26.65,10000.0,0.0,79.0,3.34,8.82,219.0,1009.0,0,803,Clouds,broken clouds,04n
2025-08-03 23:59:55,Vinh Long,Vinh Long,26.65,26.65,26.65,86.0,26.65,10000.0,0.0,79.0,3.34,8.82,219.0,1009.0,0,803,Clouds,broken clouds,04n
2025-08-04 00:03:41,Vinh Long,Vinh Long,26.7,26.7,26.7,88.0,29.73,10000.0,0.0,79.0,3.34,8.82,219.0,1010.0,0,803,Clouds,broken clouds,04n
2025-08-04 00:07:27,Vinh Long,Vinh Long,26.7,26.7,26.7,88.0,29.73,10000.0,0.0,79.0,3.34,8.82,219.0,1010.0,0,803,Clouds,broken clouds,04n
2025-08-04 00:11:13,Vinh Long,Vinh Long,26.7,26.7,26.7,88.0,29.73,10000.0,0.0,79.0,3.34,8.82,219.0,1010.0,0,803,Clouds,broken clouds,04n
2025-08-04 00:14:59,Vinh Long,Vinh Long,26.7,26.7,26.7,88.0,29.73,10000.0,0.0,79.0,3.34,8.82,219.0,1010.0,0,803,Clouds,broken clouds,04n
2025-08-04 00:18:44,Vinh Long,Vinh Long,26.7,26.7,26.7,88.0,29.73,10000.0,0.0,79.0,3.34,8.82,219.0,1010.0,0,803,Clouds,broken clouds,04n
